ISO-10303-21;
HEADER;
FILE_DESCRIPTION (( 'STEP AP214' ),
    '1' );
FILE_NAME ('PTS 647 SK38 SMTR2 LFS.STEP',
    '2024-09-17T20:20:03',
    ( '' ),
    ( '' ),
    'SwSTEP 2.0',
    'SolidWorks 2021',
    '' );
FILE_SCHEMA (( 'AUTOMOTIVE_DESIGN' ));
ENDSEC;

DATA;
#1 = DIRECTION ( 'NONE',  ( -1.000000000000000000, -1.807003620809174632E-16, -0.000000000000000000 ) ) ;
#2 = ADVANCED_FACE ( 'NONE', ( #2397 ), #1770, .T. ) ;
#3 = LINE ( 'NONE', #865, #1687 ) ;
#4 = VECTOR ( 'NONE', #1624, 1000.000000000000000 ) ;
#5 = CARTESIAN_POINT ( 'NONE',  ( 2.250000000000000000, 0.7500000000000004441, 1.149999999999999911 ) ) ;
#6 = ORIENTED_EDGE ( 'NONE', *, *, #2550, .F. ) ;
#7 = CYLINDRICAL_SURFACE ( 'NONE', #643, 0.3500000000000002554 ) ;
#8 = VERTEX_POINT ( 'NONE', #665 ) ;
#9 = ORIENTED_EDGE ( 'NONE', *, *, #273, .F. ) ;
#10 = LINE ( 'NONE', #383, #2675 ) ;
#11 = CARTESIAN_POINT ( 'NONE',  ( 1.650000000000001021, 2.999999999999999556, 1.500000000000001776 ) ) ;
#12 = EDGE_CURVE ( 'NONE', #2230, #2883, #1550, .T. ) ;
#13 = CARTESIAN_POINT ( 'NONE',  ( 1.649999999999999911, 2.600000000000000089, -1.650000000000000133 ) ) ;
#14 = ORIENTED_EDGE ( 'NONE', *, *, #3659, .T. ) ;
#15 = DIRECTION ( 'NONE',  ( 1.000000000000000000, 0.000000000000000000, 0.000000000000000000 ) ) ;
#16 = CARTESIAN_POINT ( 'NONE',  ( 0.9000000000000002442, 2.600000000000000089, -2.249999999999999556 ) ) ;
#17 = DIRECTION ( 'NONE',  ( 0.000000000000000000, 1.000000000000000000, 0.000000000000000000 ) ) ;
#18 = DIRECTION ( 'NONE',  ( 0.000000000000000000, 1.000000000000000000, 0.000000000000000000 ) ) ;
#19 = DIRECTION ( 'NONE',  ( 0.000000000000000000, 1.000000000000000000, 0.000000000000000000 ) ) ;
#20 = VERTEX_POINT ( 'NONE', #1273 ) ;
#21 = LINE ( 'NONE', #3220, #1189 ) ;
#22 = EDGE_LOOP ( 'NONE', ( #2114, #2511, #1577, #2120 ) ) ;
#23 = VECTOR ( 'NONE', #400, 1000.000000000000000 ) ;
#24 = ADVANCED_FACE ( 'NONE', ( #2741 ), #2704, .F. ) ;
#25 = ORIENTED_EDGE ( 'NONE', *, *, #2662, .T. ) ;
#26 =( NAMED_UNIT ( * ) SI_UNIT ( $, .STERADIAN. ) SOLID_ANGLE_UNIT ( ) );
#27 = CARTESIAN_POINT ( 'NONE',  ( -1.650000000000000799, 2.600000000000000089, -1.649999999999999911 ) ) ;
#28 = CYLINDRICAL_SURFACE ( 'NONE', #3647, 0.3500000000000000333 ) ;
#29 = EDGE_CURVE ( 'NONE', #787, #3031, #970, .T. ) ;
#30 = VERTEX_POINT ( 'NONE', #2156 ) ;
#31 = FACE_OUTER_BOUND ( 'NONE', #413, .T. ) ;
#32 = DIRECTION ( 'NONE',  ( 0.000000000000000000, 1.000000000000000000, 0.000000000000000000 ) ) ;
#33 = PLANE ( 'NONE',  #2165 ) ;
#34 = EDGE_CURVE ( 'NONE', #1629, #1465, #3304, .T. ) ;
#35 = CARTESIAN_POINT ( 'NONE',  ( -1.650000000000000799, 3.199999999999999734, -1.649999999999999911 ) ) ;
#36 = CARTESIAN_POINT ( 'NONE',  ( 3.250000000000000000, 0.2999999999999998779, -1.149999999999999911 ) ) ;
#37 = ORIENTED_EDGE ( 'NONE', *, *, #3573, .T. ) ;
#38 = VERTEX_POINT ( 'NONE', #1007 ) ;
#39 = ORIENTED_EDGE ( 'NONE', *, *, #3168, .T. ) ;
#40 = DIRECTION ( 'NONE',  ( -1.000000000000000000, 1.807003620809174632E-16, -0.000000000000000000 ) ) ;
#41 = CARTESIAN_POINT ( 'NONE',  ( 2.250000000000000000, 0.7500000000000004441, -1.850000000000000089 ) ) ;
#42 = DIRECTION ( 'NONE',  ( -0.000000000000000000, -1.000000000000000000, -0.000000000000000000 ) ) ;
#43 = COLOUR_RGB ( '',0.7921568627450980005, 0.8196078431372548767, 0.9333333333333333481 ) ;
#44 = VERTEX_POINT ( 'NONE', #763 ) ;
#45 = CIRCLE ( 'NONE', #2784, 0.2999999999999999334 ) ;
#46 = CARTESIAN_POINT ( 'NONE',  ( 0.9000000000000013545, 2.600000000000000089, 2.050000000000000711 ) ) ;
#47 = DIRECTION ( 'NONE',  ( 0.000000000000000000, 1.000000000000000000, 0.000000000000000000 ) ) ;
#48 = CLOSED_SHELL ( 'NONE', ( #3535, #3602, #1417, #2293, #2835, #257, #2412, #1576, #1590, #3416, #3191, #2820 ) ) ;
#49 = EDGE_CURVE ( 'NONE', #64, #38, #3043, .T. ) ;
#50 = AXIS2_PLACEMENT_3D ( 'NONE', #1670, #2818, #208 ) ;
#51 = ADVANCED_FACE ( 'NONE', ( #3656 ), #1110, .T. ) ;
#52 = LINE ( 'NONE', #3021, #3248 ) ;
#53 = STYLED_ITEM ( 'NONE', ( #3120 ), #119 ) ;
#54 = LINE ( 'NONE', #3749, #3636 ) ;
#55 = VECTOR ( 'NONE', #3581, 1000.000000000000000 ) ;
#56 = DIRECTION ( 'NONE',  ( -0.000000000000000000, -0.000000000000000000, -1.000000000000000000 ) ) ;
#57 = CIRCLE ( 'NONE', #1157, 0.3500000000000000333 ) ;
#58 = EDGE_CURVE ( 'NONE', #1683, #3608, #2838, .T. ) ;
#59 = FACE_OUTER_BOUND ( 'NONE', #2245, .T. ) ;
#60 = VECTOR ( 'NONE', #1130, 1000.000000000000000 ) ;
#61 = DIRECTION ( 'NONE',  ( 0.000000000000000000, 1.000000000000000000, 0.000000000000000000 ) ) ;
#62 = VERTEX_POINT ( 'NONE', #3367 ) ;
#63 = ORIENTED_EDGE ( 'NONE', *, *, #3329, .F. ) ;
#64 = VERTEX_POINT ( 'NONE', #497 ) ;
#65 = DIRECTION ( 'NONE',  ( -1.807003620809174632E-16, -1.000000000000000000, 0.000000000000000000 ) ) ;
#66 = DIRECTION ( 'NONE',  ( 1.000000000000000000, 0.000000000000000000, -0.000000000000000000 ) ) ;
#67 = ORIENTED_EDGE ( 'NONE', *, *, #1854, .T. ) ;
#68 = DIRECTION ( 'NONE',  ( -1.000000000000000000, 0.000000000000000000, 0.000000000000000000 ) ) ;
#69 = ORIENTED_EDGE ( 'NONE', *, *, #3432, .T. ) ;
#70 = ADVANCED_FACE ( 'NONE', ( #2271 ), #3099, .T. ) ;
#71 = VERTEX_POINT ( 'NONE', #3074 ) ;
#72 = EDGE_CURVE ( 'NONE', #3397, #2235, #472, .T. ) ;
#73 = DIRECTION ( 'NONE',  ( 0.000000000000000000, 0.000000000000000000, -1.000000000000000000 ) ) ;
#74 = DIRECTION ( 'NONE',  ( -0.000000000000000000, -1.000000000000000000, -0.000000000000000000 ) ) ;
#75 = CARTESIAN_POINT ( 'NONE',  ( 1.299999999999999822, 0.000000000000000000, 2.249999999999999112 ) ) ;
#76 = CARTESIAN_POINT ( 'NONE',  ( -2.250000000000000000, 0.7500000000000004441, -1.149999999999999911 ) ) ;
#77 = FACE_OUTER_BOUND ( 'NONE', #1238, .T. ) ;
#78 = EDGE_LOOP ( 'NONE', ( #3506, #2128, #3243, #2761, #759, #1368, #635, #1105, #3378, #2609 ) ) ;
#79 = ORIENTED_EDGE ( 'NONE', *, *, #881, .F. ) ;
#80 = DIRECTION ( 'NONE',  ( 0.000000000000000000, 0.000000000000000000, 1.000000000000000000 ) ) ;
#81 = PLANE ( 'NONE',  #2904 ) ;
#82 = ORIENTED_EDGE ( 'NONE', *, *, #2954, .T. ) ;
#83 = FACE_OUTER_BOUND ( 'NONE', #1542, .T. ) ;
#84 = EDGE_LOOP ( 'NONE', ( #350, #1449, #1507, #1305 ) ) ;
#85 = ORIENTED_EDGE ( 'NONE', *, *, #1477, .F. ) ;
#86 =( GEOMETRIC_REPRESENTATION_CONTEXT ( 3 ) GLOBAL_UNCERTAINTY_ASSIGNED_CONTEXT ( ( #3309 ) ) GLOBAL_UNIT_ASSIGNED_CONTEXT ( ( #2776, #2758, #207 ) ) REPRESENTATION_CONTEXT ( 'NONE', 'WORKASPACE' ) );
#87 = DIRECTION ( 'NONE',  ( 0.000000000000000000, -0.000000000000000000, 1.000000000000000000 ) ) ;
#88 = CARTESIAN_POINT ( 'NONE',  ( 3.250000000000000000, 0.000000000000000000, -1.149999999999999911 ) ) ;
#89 = CARTESIAN_POINT ( 'NONE',  ( -2.649999999999999911, 0.2999999999999999889, -1.149999999999999911 ) ) ;
#90 = CARTESIAN_POINT ( 'NONE',  ( -2.299999999999999822, 0.3500000000000001443, -1.850000000000000089 ) ) ;
#91 = LINE ( 'NONE', #2125, #1404 ) ;
#92 = CARTESIAN_POINT ( 'NONE',  ( 2.250000000000000000, 1.100000000000000089, -1.850000000000000089 ) ) ;
#93 = ORIENTED_EDGE ( 'NONE', *, *, #72, .F. ) ;
#94 = EDGE_CURVE ( 'NONE', #1913, #290, #173, .T. ) ;
#95 = ORIENTED_EDGE ( 'NONE', *, *, #448, .T. ) ;
#96 = LINE ( 'NONE', #1562, #1327 ) ;
#97 = VERTEX_POINT ( 'NONE', #1357 ) ;
#98 = CARTESIAN_POINT ( 'NONE',  ( 2.299999999999999378, 0.7500000000000004441, 1.149999999999999911 ) ) ;
#99 = ORIENTED_EDGE ( 'NONE', *, *, #2106, .F. ) ;
#100 = EDGE_CURVE ( 'NONE', #1266, #64, #3095, .T. ) ;
#101 = ORIENTED_EDGE ( 'NONE', *, *, #1245, .F. ) ;
#102 = AXIS2_PLACEMENT_3D ( 'NONE', #963, #714, #427 ) ;
#103 = CARTESIAN_POINT ( 'NONE',  ( -2.250000000000000000, 0.000000000000000000, -1.949999999999999067 ) ) ;
#104 = MANIFOLD_SOLID_BREP ( 'Mirror1[1]', #48 ) ;
#105 = VERTEX_POINT ( 'NONE', #187 ) ;
#106 = AXIS2_PLACEMENT_3D ( 'NONE', #2692, #3235, #2109 ) ;
#107 = CARTESIAN_POINT ( 'NONE',  ( -2.649999999999999911, 5.421010862427522170E-17, 1.149999999999999911 ) ) ;
#108 = CARTESIAN_POINT ( 'NONE',  ( -1.650000000000000799, 2.999999999999999556, -2.000000000000000000 ) ) ;
#109 = VECTOR ( 'NONE', #3193, 1000.000000000000000 ) ;
#110 =( GEOMETRIC_REPRESENTATION_CONTEXT ( 3 ) GLOBAL_UNCERTAINTY_ASSIGNED_CONTEXT ( ( #1993 ) ) GLOBAL_UNIT_ASSIGNED_CONTEXT ( ( #962, #677, #26 ) ) REPRESENTATION_CONTEXT ( 'NONE', 'WORKASPACE' ) );
#111 = LINE ( 'NONE', #2178, #353 ) ;
#112 = ADVANCED_FACE ( 'NONE', ( #1376 ), #2532, .F. ) ;
#113 = DIRECTION ( 'NONE',  ( 0.000000000000000000, 0.000000000000000000, 1.000000000000000000 ) ) ;
#114 = FACE_OUTER_BOUND ( 'NONE', #2767, .T. ) ;
#115 = VECTOR ( 'NONE', #209, 1000.000000000000000 ) ;
#116 = EDGE_CURVE ( 'NONE', #382, #337, #1889, .T. ) ;
#117 = ORIENTED_EDGE ( 'NONE', *, *, #3589, .F. ) ;
#118 = CIRCLE ( 'NONE', #671, 0.1500000000000001887 ) ;
#119 = MANIFOLD_SOLID_BREP ( 'Cut-Extrude2', #1154 ) ;
#120 =( LENGTH_UNIT ( ) NAMED_UNIT ( * ) SI_UNIT ( .MILLI., .METRE. ) );
#121 = EDGE_LOOP ( 'NONE', ( #346, #1171, #3526, #3390 ) ) ;
#122 = LINE ( 'NONE', #1503, #423 ) ;
#123 = ORIENTED_EDGE ( 'NONE', *, *, #2990, .F. ) ;
#124 = EDGE_LOOP ( 'NONE', ( #3758, #3525, #3012, #3181 ) ) ;
#125 = EDGE_CURVE ( 'NONE', #1269, #3268, #3693, .T. ) ;
#126 = LINE ( 'NONE', #3500, #3654 ) ;
#127 = ORIENTED_EDGE ( 'NONE', *, *, #3729, .T. ) ;
#128 = CARTESIAN_POINT ( 'NONE',  ( -1.949999999999999956, 2.600000000000000089, -2.249999999999999112 ) ) ;
#129 = CARTESIAN_POINT ( 'NONE',  ( 2.649999999999999911, 0.2999999999999999889, 1.149999999999999911 ) ) ;
#130 = LINE ( 'NONE', #672, #3086 ) ;
#131 = ADVANCED_FACE ( 'NONE', ( #298 ), #2871, .F. ) ;
#132 = DIRECTION ( 'NONE',  ( 0.000000000000000000, 0.000000000000000000, -1.000000000000000000 ) ) ;
#133 = CARTESIAN_POINT ( 'NONE',  ( 2.250000000000000000, 12.16396103067892653, 1.950000000000000844 ) ) ;
#134 = ORIENTED_EDGE ( 'NONE', *, *, #932, .T. ) ;
#135 = DIRECTION ( 'NONE',  ( 0.000000000000000000, 0.000000000000000000, -1.000000000000000000 ) ) ;
#136 = SURFACE_STYLE_USAGE ( .BOTH. , #1844 ) ;
#137 = ORIENTED_EDGE ( 'NONE', *, *, #403, .T. ) ;
#138 = EDGE_CURVE ( 'NONE', #1235, #1101, #554, .T. ) ;
#139 = CARTESIAN_POINT ( 'NONE',  ( 1.649999999999999911, 12.16396103067892653, -1.650000000000000133 ) ) ;
#140 = VERTEX_POINT ( 'NONE', #2588 ) ;
#141 = CARTESIAN_POINT ( 'NONE',  ( 2.600000000000000089, 0.7500000000000004441, 1.149999999999999911 ) ) ;
#142 = DIRECTION ( 'NONE',  ( -0.000000000000000000, -0.000000000000000000, -1.000000000000000000 ) ) ;
#143 = DIRECTION ( 'NONE',  ( 0.000000000000000000, 0.000000000000000000, 1.000000000000000000 ) ) ;
#144 = EDGE_CURVE ( 'NONE', #1651, #1683, #550, .T. ) ;
#145 = DIRECTION ( 'NONE',  ( 0.000000000000000000, 1.000000000000000000, 0.000000000000000000 ) ) ;
#146 = AXIS2_PLACEMENT_3D ( 'NONE', #1800, #3538, #1149 ) ;
#147 = CARTESIAN_POINT ( 'NONE',  ( 2.050000000000000711, 2.600000000000000089, 0.9000000000000000222 ) ) ;
#148 = VERTEX_POINT ( 'NONE', #3139 ) ;
#149 = FACE_OUTER_BOUND ( 'NONE', #3469, .T. ) ;
#150 = PLANE ( 'NONE',  #3703 ) ;
#151 = DIRECTION ( 'NONE',  ( 0.000000000000000000, 0.000000000000000000, -1.000000000000000000 ) ) ;
#152 = ORIENTED_EDGE ( 'NONE', *, *, #943, .T. ) ;
#153 = CARTESIAN_POINT ( 'NONE',  ( -2.649999999999999911, 0.3500000000000000888, 1.149999999999999911 ) ) ;
#154 = EDGE_LOOP ( 'NONE', ( #2043, #2229, #2433, #1736 ) ) ;
#155 = DIRECTION ( 'NONE',  ( -5.421010862427520198E-16, 0.000000000000000000, 1.000000000000000000 ) ) ;
#156 = ORIENTED_EDGE ( 'NONE', *, *, #2657, .T. ) ;
#157 = ORIENTED_EDGE ( 'NONE', *, *, #231, .T. ) ;
#158 = EDGE_CURVE ( 'NONE', #2080, #1895, #2299, .T. ) ;
#159 = DIRECTION ( 'NONE',  ( -1.000000000000000000, 0.000000000000000000, 0.000000000000000000 ) ) ;
#160 = DIRECTION ( 'NONE',  ( -1.000000000000000000, 0.000000000000000000, 2.409338161078899180E-16 ) ) ;
#161 = APPLICATION_PROTOCOL_DEFINITION ( 'draft international standard', 'automotive_design', 1998, #1374 ) ;
#162 = VECTOR ( 'NONE', #1265, 1000.000000000000000 ) ;
#163 = CARTESIAN_POINT ( 'NONE',  ( -2.649999999999999911, 0.2999999999999999889, 1.149999999999999911 ) ) ;
#164 = CYLINDRICAL_SURFACE ( 'NONE', #1834, 0.3500000000000002554 ) ;
#165 = ORIENTED_EDGE ( 'NONE', *, *, #184, .F. ) ;
#166 = ADVANCED_FACE ( 'NONE', ( #1159 ), #3744, .F. ) ;
#167 = VECTOR ( 'NONE', #2236, 1000.000000000000000 ) ;
#168 = DIRECTION ( 'NONE',  ( 0.000000000000000000, 0.000000000000000000, 1.000000000000000000 ) ) ;
#169 = TOROIDAL_SURFACE ( 'NONE', #3574, 1.149999999999999911, 0.2500000000000000000 ) ;
#170 = DIRECTION ( 'NONE',  ( -0.000000000000000000, -1.000000000000000000, -0.000000000000000000 ) ) ;
#171 = DIRECTION ( 'NONE',  ( 0.000000000000000000, 1.000000000000000000, 0.000000000000000000 ) ) ;
#172 = ADVANCED_FACE ( 'NONE', ( #534 ), #2322, .F. ) ;
#173 = CIRCLE ( 'NONE', #3640, 0.3500000000000002554 ) ;
#174 = AXIS2_PLACEMENT_3D ( 'NONE', #3546, #1808, #80 ) ;
#175 = ORIENTED_EDGE ( 'NONE', *, *, #3521, .F. ) ;
#176 = ORIENTED_EDGE ( 'NONE', *, *, #1194, .F. ) ;
#177 = AXIS2_PLACEMENT_3D ( 'NONE', #1830, #3226, #1547 ) ;
#178 = CARTESIAN_POINT ( 'NONE',  ( -2.250000000000000000, 0.7500000000000004441, 1.850000000000000089 ) ) ;
#179 = ORIENTED_EDGE ( 'NONE', *, *, #3284, .F. ) ;
#180 = CARTESIAN_POINT ( 'NONE',  ( -1.949999999999999956, 12.16396103067892653, -1.949999999999999067 ) ) ;
#181 = ORIENTED_EDGE ( 'NONE', *, *, #1207, .F. ) ;
#182 = AXIS2_PLACEMENT_3D ( 'NONE', #2819, #3141, #500 ) ;
#183 = ORIENTED_EDGE ( 'NONE', *, *, #631, .T. ) ;
#184 = EDGE_CURVE ( 'NONE', #1117, #3534, #2257, .T. ) ;
#185 = VECTOR ( 'NONE', #186, 1000.000000000000000 ) ;
#186 = DIRECTION ( 'NONE',  ( 1.029992063861226530E-14, 0.000000000000000000, -1.000000000000000000 ) ) ;
#187 = CARTESIAN_POINT ( 'NONE',  ( 2.299999999999999822, 0.3500000000000001443, 1.850000000000000089 ) ) ;
#188 = CARTESIAN_POINT ( 'NONE',  ( -2.299999999999999822, 0.7500000000000004441, 1.850000000000000089 ) ) ;
#189 = DIRECTION ( 'NONE',  ( 0.000000000000000000, 0.000000000000000000, -1.000000000000000000 ) ) ;
#190 = ORIENTED_EDGE ( 'NONE', *, *, #1534, .F. ) ;
#191 = EDGE_CURVE ( 'NONE', #365, #951, #1725, .T. ) ;
#192 = DIRECTION ( 'NONE',  ( -1.000000000000000000, -0.000000000000000000, -0.000000000000000000 ) ) ;
#193 = FACE_OUTER_BOUND ( 'NONE', #596, .T. ) ;
#194 = CARTESIAN_POINT ( 'NONE',  ( 0.000000000000000000, 3.549999999999999378, 1.149999999999999911 ) ) ;
#195 = EDGE_LOOP ( 'NONE', ( #1328, #3382 ) ) ;
#196 = ORIENTED_EDGE ( 'NONE', *, *, #3589, .T. ) ;
#197 = DIRECTION ( 'NONE',  ( 0.000000000000000000, 0.000000000000000000, -1.000000000000000000 ) ) ;
#198 = FACE_OUTER_BOUND ( 'NONE', #3496, .T. ) ;
#199 = ORIENTED_EDGE ( 'NONE', *, *, #1290, .F. ) ;
#200 = LINE ( 'NONE', #1640, #2312 ) ;
#201 = VERTEX_POINT ( 'NONE', #1776 ) ;
#202 = VERTEX_POINT ( 'NONE', #3762 ) ;
#203 = DIRECTION ( 'NONE',  ( -0.000000000000000000, -0.000000000000000000, 1.000000000000000000 ) ) ;
#204 = PRESENTATION_STYLE_ASSIGNMENT (( #1066 ) ) ;
#205 = ORIENTED_EDGE ( 'NONE', *, *, #2803, .T. ) ;
#206 = EDGE_CURVE ( 'NONE', #3268, #2021, #249, .T. ) ;
#207 =( NAMED_UNIT ( * ) SI_UNIT ( $, .STERADIAN. ) SOLID_ANGLE_UNIT ( ) );
#208 = DIRECTION ( 'NONE',  ( 0.000000000000000000, 0.000000000000000000, 1.000000000000000000 ) ) ;
#209 = DIRECTION ( 'NONE',  ( -0.000000000000000000, -0.000000000000000000, -1.000000000000000000 ) ) ;
#210 = AXIS2_PLACEMENT_3D ( 'NONE', #3465, #898, #1538 ) ;
#211 = ORIENTED_EDGE ( 'NONE', *, *, #2550, .T. ) ;
#212 = AXIS2_PLACEMENT_3D ( 'NONE', #3676, #1068, #3411 ) ;
#213 = DIRECTION ( 'NONE',  ( 0.000000000000000000, 0.000000000000000000, -1.000000000000000000 ) ) ;
#214 = AXIS2_PLACEMENT_3D ( 'NONE', #895, #3516, #573 ) ;
#215 = CARTESIAN_POINT ( 'NONE',  ( -0.9000000000000002442, 2.600000000000000089, -2.249999999999999112 ) ) ;
#216 = AXIS2_PLACEMENT_3D ( 'NONE', #783, #143, #1689 ) ;
#217 = DIRECTION ( 'NONE',  ( 0.000000000000000000, -1.000000000000000000, 0.000000000000000000 ) ) ;
#218 = ORIENTED_EDGE ( 'NONE', *, *, #3460, .T. ) ;
#219 = FACE_OUTER_BOUND ( 'NONE', #2032, .T. ) ;
#220 = LINE ( 'NONE', #1392, #1022 ) ;
#221 = CARTESIAN_POINT ( 'NONE',  ( 2.299999999999999378, 0.7500000000000004441, -1.149999999999999911 ) ) ;
#222 = VERTEX_POINT ( 'NONE', #891 ) ;
#223 = EDGE_CURVE ( 'NONE', #2188, #202, #668, .T. ) ;
#224 = ORIENTED_EDGE ( 'NONE', *, *, #2252, .F. ) ;
#225 = DIRECTION ( 'NONE',  ( 0.000000000000000000, 0.000000000000000000, 1.000000000000000000 ) ) ;
#226 = CARTESIAN_POINT ( 'NONE',  ( 0.000000000000000000, 11.55979797464466508, 0.000000000000000000 ) ) ;
#227 = EDGE_CURVE ( 'NONE', #3397, #1970, #2061, .T. ) ;
#228 = PLANE ( 'NONE',  #212 ) ;
#229 = PLANE ( 'NONE',  #725 ) ;
#230 = FACE_BOUND ( 'NONE', #1042, .T. ) ;
#231 = EDGE_CURVE ( 'NONE', #3149, #787, #248, .T. ) ;
#232 = ORIENTED_EDGE ( 'NONE', *, *, #3131, .F. ) ;
#233 = CIRCLE ( 'NONE', #409, 0.05000000000000012768 ) ;
#234 = CARTESIAN_POINT ( 'NONE',  ( 1.949999999999999956, 12.16396103067892653, -2.249999999999999112 ) ) ;
#235 = DIRECTION ( 'NONE',  ( 1.000000000000000000, 0.000000000000000000, 0.000000000000000000 ) ) ;
#236 = DIRECTION ( 'NONE',  ( 1.000000000000000000, -0.000000000000000000, -0.000000000000000000 ) ) ;
#237 = AXIS2_PLACEMENT_3D ( 'NONE', #3399, #1967, #509 ) ;
#238 = EDGE_CURVE ( 'NONE', #1443, #2499, #1416, .T. ) ;
#239 = VECTOR ( 'NONE', #2561, 1000.000000000000000 ) ;
#240 = ORIENTED_EDGE ( 'NONE', *, *, #3018, .T. ) ;
#241 = PLANE ( 'NONE',  #1508 ) ;
#242 = DIRECTION ( 'NONE',  ( 0.000000000000000000, 1.000000000000000000, 0.000000000000000000 ) ) ;
#243 = VECTOR ( 'NONE', #3308, 1000.000000000000000 ) ;
#244 = ADVANCED_FACE ( 'NONE', ( #352 ), #2356, .F. ) ;
#245 = VERTEX_POINT ( 'NONE', #3584 ) ;
#246 = AXIS2_PLACEMENT_3D ( 'NONE', #1043, #3359, #1637 ) ;
#247 = PLANE ( 'NONE',  #3107 ) ;
#248 = LINE ( 'NONE', #1469, #3160 ) ;
#249 = CIRCLE ( 'NONE', #607, 0.3500000000000000333 ) ;
#250 = DIRECTION ( 'NONE',  ( -0.000000000000000000, -0.000000000000000000, -1.000000000000000000 ) ) ;
#251 = EDGE_LOOP ( 'NONE', ( #1791, #1885, #2685, #2676 ) ) ;
#252 = FACE_OUTER_BOUND ( 'NONE', #625, .T. ) ;
#253 = CARTESIAN_POINT ( 'NONE',  ( 2.250000000000000000, 1.100000000000000089, -1.149999999999999911 ) ) ;
#254 = CARTESIAN_POINT ( 'NONE',  ( 2.250000000000000000, 0.7999999999999997113, 1.149999999999999911 ) ) ;
#255 = CARTESIAN_POINT ( 'NONE',  ( -1.949999999999999956, 0.000000000000000000, 2.250000000000000888 ) ) ;
#256 = ADVANCED_FACE ( 'NONE', ( #83 ), #2736, .T. ) ;
#257 = ADVANCED_FACE ( 'NONE', ( #2410 ), #371, .F. ) ;
#258 = VERTEX_POINT ( 'NONE', #3244 ) ;
#259 = LINE ( 'NONE', #798, #2003 ) ;
#260 = VERTEX_POINT ( 'NONE', #2997 ) ;
#261 = EDGE_CURVE ( 'NONE', #3221, #931, #3652, .T. ) ;
#262 = CARTESIAN_POINT ( 'NONE',  ( 1.949999999999999956, 2.899999999999999911, -2.249999999999999112 ) ) ;
#263 = CARTESIAN_POINT ( 'NONE',  ( 2.250000000000000000, 2.600000000000000089, -0.8999999999999989120 ) ) ;
#264 = LINE ( 'NONE', #2608, #1531 ) ;
#265 = UNCERTAINTY_MEASURE_WITH_UNIT (LENGTH_MEASURE( 1.000000000000000082E-05 ), #3075, 'distance_accuracy_value', 'NONE');
#266 = ORIENTED_EDGE ( 'NONE', *, *, #2436, .T. ) ;
#267 = EDGE_CURVE ( 'NONE', #1262, #2695, #3565, .T. ) ;
#268 = CARTESIAN_POINT ( 'NONE',  ( -0.9000000000000002442, 2.600000000000000089, -2.249999999999999112 ) ) ;
#269 = CARTESIAN_POINT ( 'NONE',  ( 2.299999999999999822, 0.7500000000000004441, 1.149999999999999911 ) ) ;
#270 = CARTESIAN_POINT ( 'NONE',  ( 2.250000000000000000, 2.600000000000000089, 1.950000000000000844 ) ) ;
#271 = CIRCLE ( 'NONE', #634, 0.2999999999999999334 ) ;
#272 = CARTESIAN_POINT ( 'NONE',  ( -1.949999999999999956, 0.000000000000000000, -2.249999999999999112 ) ) ;
#273 = EDGE_CURVE ( 'NONE', #1352, #506, #1220, .T. ) ;
#274 = VECTOR ( 'NONE', #2033, 1000.000000000000000 ) ;
#275 = ORIENTED_EDGE ( 'NONE', *, *, #825, .F. ) ;
#276 = PLANE ( 'NONE',  #2888 ) ;
#277 = VECTOR ( 'NONE', #3686, 1000.000000000000000 ) ;
#278 = ORIENTED_EDGE ( 'NONE', *, *, #917, .F. ) ;
#279 = ORIENTED_EDGE ( 'NONE', *, *, #2647, .T. ) ;
#280 = CARTESIAN_POINT ( 'NONE',  ( -2.649999999999999911, 0.3500000000000000888, -1.149999999999999911 ) ) ;
#281 = DIRECTION ( 'NONE',  ( -0.000000000000000000, 1.000000000000000000, -0.000000000000000000 ) ) ;
#282 = EDGE_CURVE ( 'NONE', #3688, #1346, #3644, .T. ) ;
#283 = CARTESIAN_POINT ( 'NONE',  ( -1.650000000000000355, 12.16396103067892653, 2.000000000000002665 ) ) ;
#284 = VERTEX_POINT ( 'NONE', #949 ) ;
#285 = LINE ( 'NONE', #1164, #524 ) ;
#286 = CARTESIAN_POINT ( 'NONE',  ( 2.250000000000000000, 0.7999999999999997113, -1.149999999999999911 ) ) ;
#287 = CARTESIAN_POINT ( 'NONE',  ( -2.250000000000000444, 2.600000000000000089, 0.8999999999999994671 ) ) ;
#288 = DIRECTION ( 'NONE',  ( 0.000000000000000000, -1.000000000000000000, 0.000000000000000000 ) ) ;
#289 = CARTESIAN_POINT ( 'NONE',  ( -1.650000000000000799, 4.489949493661167246, -1.649999999999999911 ) ) ;
#290 = VERTEX_POINT ( 'NONE', #1564 ) ;
#291 = AXIS2_PLACEMENT_3D ( 'NONE', #1059, #443, #1322 ) ;
#292 = ADVANCED_FACE ( 'NONE', ( #986 ), #1528, .F. ) ;
#293 = CARTESIAN_POINT ( 'NONE',  ( 3.250000000000000000, 0.000000000000000000, 1.149999999999999911 ) ) ;
#294 = ORIENTED_EDGE ( 'NONE', *, *, #1858, .T. ) ;
#295 = ORIENTED_EDGE ( 'NONE', *, *, #1092, .F. ) ;
#296 = CIRCLE ( 'NONE', #2790, 1.399999999999999911 ) ;
#297 = DIRECTION ( 'NONE',  ( -1.000000000000000000, 0.000000000000000000, 0.000000000000000000 ) ) ;
#298 = FACE_OUTER_BOUND ( 'NONE', #2664, .T. ) ;
#299 = VECTOR ( 'NONE', #571, 1000.000000000000000 ) ;
#300 = FACE_OUTER_BOUND ( 'NONE', #773, .T. ) ;
#301 = VECTOR ( 'NONE', #2751, 1000.000000000000000 ) ;
#302 = EDGE_LOOP ( 'NONE', ( #3505, #3011, #2922, #1603 ) ) ;
#303 = VECTOR ( 'NONE', #1, 1000.000000000000000 ) ;
#304 = CARTESIAN_POINT ( 'NONE',  ( -1.650000000000000799, 2.899999999999999911, -1.649999999999999911 ) ) ;
#305 = DIRECTION ( 'NONE',  ( 0.000000000000000000, 1.000000000000000000, 0.000000000000000000 ) ) ;
#306 = DIRECTION ( 'NONE',  ( 1.000000000000000000, 0.000000000000000000, 0.000000000000000000 ) ) ;
#307 = EDGE_CURVE ( 'NONE', #1434, #966, #3715, .T. ) ;
#308 = FACE_OUTER_BOUND ( 'NONE', #3295, .T. ) ;
#309 = AXIS2_PLACEMENT_3D ( 'NONE', #741, #2837, #1909 ) ;
#310 = PLANE ( 'NONE',  #3512 ) ;
#311 = ORIENTED_EDGE ( 'NONE', *, *, #3069, .F. ) ;
#312 = DIRECTION ( 'NONE',  ( -1.000000000000000000, 0.000000000000000000, 0.000000000000000000 ) ) ;
#313 = VERTEX_POINT ( 'NONE', #641 ) ;
#314 = VERTEX_POINT ( 'NONE', #2718 ) ;
#315 = DIRECTION ( 'NONE',  ( 0.000000000000000000, -1.000000000000000000, 0.000000000000000000 ) ) ;
#316 = PLANE ( 'NONE',  #673 ) ;
#317 = DIRECTION ( 'NONE',  ( -0.000000000000000000, -0.000000000000000000, 1.000000000000000000 ) ) ;
#318 = ORIENTED_EDGE ( 'NONE', *, *, #3643, .T. ) ;
#319 = DIRECTION ( 'NONE',  ( 0.000000000000000000, 0.000000000000000000, 1.000000000000000000 ) ) ;
#320 = FACE_OUTER_BOUND ( 'NONE', #608, .T. ) ;
#321 = DIRECTION ( 'NONE',  ( 0.000000000000000000, -1.000000000000000000, 0.000000000000000000 ) ) ;
#322 = CARTESIAN_POINT ( 'NONE',  ( 0.9000000000000013545, 2.899999999999999911, 2.050000000000000711 ) ) ;
#323 = CARTESIAN_POINT ( 'NONE',  ( -1.949999999999999956, 2.899999999999999911, 2.250000000000000888 ) ) ;
#324 = ORIENTED_EDGE ( 'NONE', *, *, #3486, .T. ) ;
#325 = VECTOR ( 'NONE', #288, 1000.000000000000000 ) ;
#326 = ORIENTED_EDGE ( 'NONE', *, *, #441, .T. ) ;
#327 = ORIENTED_EDGE ( 'NONE', *, *, #2872, .T. ) ;
#328 = AXIS2_PLACEMENT_3D ( 'NONE', #2928, #1709, #319 ) ;
#329 = FACE_OUTER_BOUND ( 'NONE', #2637, .T. ) ;
#330 = DIRECTION ( 'NONE',  ( 0.000000000000000000, 1.000000000000000000, 0.000000000000000000 ) ) ;
#331 = EDGE_CURVE ( 'NONE', #1939, #1737, #1794, .T. ) ;
#332 = CARTESIAN_POINT ( 'NONE',  ( 1.949999999999999956, 2.600000000000000089, -2.249999999999999112 ) ) ;
#333 = ORIENTED_EDGE ( 'NONE', *, *, #2930, .F. ) ;
#334 = VECTOR ( 'NONE', #1282, 1000.000000000000000 ) ;
#335 = CARTESIAN_POINT ( 'NONE',  ( 3.250000000000000000, 0.2999999999999998779, 1.149999999999999911 ) ) ;
#336 = EDGE_CURVE ( 'NONE', #1559, #314, #1719, .T. ) ;
#337 = VERTEX_POINT ( 'NONE', #1267 ) ;
#338 = CARTESIAN_POINT ( 'NONE',  ( -2.049999999999999378, 2.899999999999999911, 0.9000000000000020206 ) ) ;
#339 = FACE_OUTER_BOUND ( 'NONE', #893, .T. ) ;
#340 = LINE ( 'NONE', #1513, #1435 ) ;
#341 = DIRECTION ( 'NONE',  ( 0.000000000000000000, 0.000000000000000000, -1.000000000000000000 ) ) ;
#342 = CARTESIAN_POINT ( 'NONE',  ( 2.250000000000000000, 2.600000000000000089, -1.949999999999999067 ) ) ;
#343 = ORIENTED_EDGE ( 'NONE', *, *, #710, .T. ) ;
#344 = EDGE_CURVE ( 'NONE', #2499, #313, #2118, .T. ) ;
#345 = EDGE_LOOP ( 'NONE', ( #278, #3746, #2334, #428 ) ) ;
#346 = ORIENTED_EDGE ( 'NONE', *, *, #2137, .F. ) ;
#347 =( GEOMETRIC_REPRESENTATION_CONTEXT ( 3 ) GLOBAL_UNCERTAINTY_ASSIGNED_CONTEXT ( ( #832 ) ) GLOBAL_UNIT_ASSIGNED_CONTEXT ( ( #2958, #1525, #464 ) ) REPRESENTATION_CONTEXT ( 'NONE', 'WORKASPACE' ) );
#348 = CARTESIAN_POINT ( 'NONE',  ( 2.649999999999999911, 0.2999999999999999889, -1.850000000000000089 ) ) ;
#349 = CARTESIAN_POINT ( 'NONE',  ( 1.949999999999999956, 2.600000000000000089, -2.249999999999999112 ) ) ;
#350 = ORIENTED_EDGE ( 'NONE', *, *, #1480, .T. ) ;
#351 = EDGE_CURVE ( 'NONE', #290, #1913, #1593, .T. ) ;
#352 = FACE_OUTER_BOUND ( 'NONE', #3453, .T. ) ;
#353 = VECTOR ( 'NONE', #3353, 1000.000000000000000 ) ;
#354 = ORIENTED_EDGE ( 'NONE', *, *, #2480, .F. ) ;
#355 = AXIS2_PLACEMENT_3D ( 'NONE', #253, #3213, #2613 ) ;
#356 = EDGE_LOOP ( 'NONE', ( #333, #1198, #3633, #1383 ) ) ;
#357 = VECTOR ( 'NONE', #3513, 1000.000000000000000 ) ;
#358 = CARTESIAN_POINT ( 'NONE',  ( -0.9000000000000007994, 2.899999999999999911, 2.250000000000000444 ) ) ;
#359 = AXIS2_PLACEMENT_3D ( 'NONE', #2683, #3285, #681 ) ;
#360 = CARTESIAN_POINT ( 'NONE',  ( -2.649999999999999911, 0.3500000000000000888, -1.149999999999999911 ) ) ;
#361 = LINE ( 'NONE', #938, #2339 ) ;
#362 = AXIS2_PLACEMENT_3D ( 'NONE', #1692, #3389, #1093 ) ;
#363 = CARTESIAN_POINT ( 'NONE',  ( -1.650000000000000355, 12.16396103067892653, 1.650000000000002354 ) ) ;
#364 = DIRECTION ( 'NONE',  ( -0.000000000000000000, 1.000000000000000000, -0.000000000000000000 ) ) ;
#365 = VERTEX_POINT ( 'NONE', #698 ) ;
#366 = EDGE_CURVE ( 'NONE', #408, #1235, #407, .T. ) ;
#367 = ORIENTED_EDGE ( 'NONE', *, *, #2198, .T. ) ;
#368 = PRESENTATION_STYLE_ASSIGNMENT (( #1774 ) ) ;
#369 = LINE ( 'NONE', #1252, #162 ) ;
#370 = ORIENTED_EDGE ( 'NONE', *, *, #2379, .T. ) ;
#371 = PLANE ( 'NONE',  #797 ) ;
#372 = ORIENTED_EDGE ( 'NONE', *, *, #3759, .F. ) ;
#373 = CARTESIAN_POINT ( 'NONE',  ( 1.650000000000001021, 2.600000000000000089, 1.650000000000001688 ) ) ;
#374 = DIRECTION ( 'NONE',  ( 0.000000000000000000, 0.000000000000000000, 1.000000000000000000 ) ) ;
#375 = CARTESIAN_POINT ( 'NONE',  ( -2.649999999999999911, 0.3500000000000000888, -1.149999999999999911 ) ) ;
#376 = FACE_OUTER_BOUND ( 'NONE', #1583, .T. ) ;
#377 = EDGE_CURVE ( 'NONE', #8, #62, #122, .T. ) ;
#378 = DIRECTION ( 'NONE',  ( 0.000000000000000000, 0.000000000000000000, -1.000000000000000000 ) ) ;
#379 = CARTESIAN_POINT ( 'NONE',  ( -2.250000000000000000, 0.7999999999999997113, -1.149999999999999911 ) ) ;
#380 = EDGE_CURVE ( 'NONE', #2230, #3239, #2494, .T. ) ;
#381 = ORIENTED_EDGE ( 'NONE', *, *, #2616, .T. ) ;
#382 = VERTEX_POINT ( 'NONE', #1681 ) ;
#383 = CARTESIAN_POINT ( 'NONE',  ( 0.9000000000000013545, 2.899999999999999911, 2.050000000000000711 ) ) ;
#384 = CARTESIAN_POINT ( 'NONE',  ( 0.000000000000000000, 3.549999999999999378, 0.000000000000000000 ) ) ;
#385 = ORIENTED_EDGE ( 'NONE', *, *, #1854, .F. ) ;
#386 = CIRCLE ( 'NONE', #3130, 0.2000000000000000944 ) ;
#387 = CARTESIAN_POINT ( 'NONE',  ( -1.949999999999999956, 2.899999999999999911, -1.949999999999999067 ) ) ;
#388 = ORIENTED_EDGE ( 'NONE', *, *, #1325, .T. ) ;
#389 = ORIENTED_EDGE ( 'NONE', *, *, #158, .T. ) ;
#390 = AXIS2_PLACEMENT_3D ( 'NONE', #2688, #2142, #2966 ) ;
#391 = VECTOR ( 'NONE', #2742, 1000.000000000000000 ) ;
#392 = LINE ( 'NONE', #702, #1535 ) ;
#393 = CARTESIAN_POINT ( 'NONE',  ( 2.250000000000000000, 0.7999999999999997113, 1.149999999999999911 ) ) ;
#394 = CIRCLE ( 'NONE', #1691, 0.2999999999999999334 ) ;
#395 = EDGE_CURVE ( 'NONE', #2994, #2076, #801, .T. ) ;
#396 = CARTESIAN_POINT ( 'NONE',  ( 2.600000000000000089, 0.3500000000000000888, 1.850000000000000089 ) ) ;
#397 = DIRECTION ( 'NONE',  ( 1.807003620809174632E-16, -1.000000000000000000, 0.000000000000000000 ) ) ;
#398 = LINE ( 'NONE', #728, #2072 ) ;
#399 = EDGE_CURVE ( 'NONE', #3591, #2150, #3116, .T. ) ;
#400 = DIRECTION ( 'NONE',  ( -0.000000000000000000, -1.000000000000000000, -0.000000000000000000 ) ) ;
#401 = ORIENTED_EDGE ( 'NONE', *, *, #537, .F. ) ;
#402 = EDGE_LOOP ( 'NONE', ( #2658, #929, #3684, #1588 ) ) ;
#403 = EDGE_CURVE ( 'NONE', #2010, #62, #555, .T. ) ;
#404 = CIRCLE ( 'NONE', #3626, 0.3499999999999998113 ) ;
#405 = SURFACE_STYLE_FILL_AREA ( #2507 ) ;
#406 = VERTEX_POINT ( 'NONE', #2449 ) ;
#407 = LINE ( 'NONE', #1582, #3409 ) ;
#408 = VERTEX_POINT ( 'NONE', #2811 ) ;
#409 = AXIS2_PLACEMENT_3D ( 'NONE', #280, #2337, #890 ) ;
#410 = ORIENTED_EDGE ( 'NONE', *, *, #3310, .T. ) ;
#411 = AXIS2_PLACEMENT_3D ( 'NONE', #2375, #3319, #3563 ) ;
#412 = DIRECTION ( 'NONE',  ( 0.000000000000000000, 0.000000000000000000, 1.000000000000000000 ) ) ;
#413 = EDGE_LOOP ( 'NONE', ( #179, #907, #157, #2847 ) ) ;
#414 = AXIS2_PLACEMENT_3D ( 'NONE', #289, #3522, #341 ) ;
#415 = LINE ( 'NONE', #1294, #2108 ) ;
#416 = CARTESIAN_POINT ( 'NONE',  ( 2.250000000000000000, 0.7500000000000004441, 1.850000000000000089 ) ) ;
#417 = AXIS2_PLACEMENT_3D ( 'NONE', #1277, #397, #1572 ) ;
#418 = CIRCLE ( 'NONE', #3159, 0.04999999999999969746 ) ;
#419 = CARTESIAN_POINT ( 'NONE',  ( 1.649999999999999911, 3.199999999999999734, -1.800000000000000488 ) ) ;
#420 = EDGE_CURVE ( 'NONE', #1557, #30, #2771, .T. ) ;
#421 = CARTESIAN_POINT ( 'NONE',  ( -2.649999999999999911, 0.2999999999999999889, -1.149999999999999911 ) ) ;
#422 = CARTESIAN_POINT ( 'NONE',  ( 1.949999999999999956, 2.600000000000000089, -2.249999999999999112 ) ) ;
#423 = VECTOR ( 'NONE', #42, 1000.000000000000000 ) ;
#424 = ORIENTED_EDGE ( 'NONE', *, *, #2968, .F. ) ;
#425 = VECTOR ( 'NONE', #306, 1000.000000000000000 ) ;
#426 = CYLINDRICAL_SURFACE ( 'NONE', #2019, 0.2999999999999999334 ) ;
#427 = DIRECTION ( 'NONE',  ( 0.000000000000000000, 0.000000000000000000, -1.000000000000000000 ) ) ;
#428 = ORIENTED_EDGE ( 'NONE', *, *, #1325, .F. ) ;
#429 = DIRECTION ( 'NONE',  ( -0.000000000000000000, -1.000000000000000000, -0.000000000000000000 ) ) ;
#430 = ORIENTED_EDGE ( 'NONE', *, *, #1113, .F. ) ;
#431 = EDGE_CURVE ( 'NONE', #3534, #1117, #57, .T. ) ;
#432 = EDGE_LOOP ( 'NONE', ( #1414, #2533, #1484, #1072 ) ) ;
#433 = DIRECTION ( 'NONE',  ( 0.000000000000000000, 1.000000000000000000, 0.000000000000000000 ) ) ;
#434 = DIRECTION ( 'NONE',  ( -0.000000000000000000, -0.000000000000000000, 1.000000000000000000 ) ) ;
#435 = FILL_AREA_STYLE_COLOUR ( '', #3551 ) ;
#436 = LINE ( 'NONE', #2440, #243 ) ;
#437 = ORIENTED_EDGE ( 'NONE', *, *, #2543, .F. ) ;
#438 = CARTESIAN_POINT ( 'NONE',  ( -2.049999999999999822, 2.899999999999999911, -0.8999999999999979128 ) ) ;
#439 = CARTESIAN_POINT ( 'NONE',  ( -2.299999999999999822, 0.7500000000000004441, 1.149999999999999911 ) ) ;
#440 = LINE ( 'NONE', #1615, #1312 ) ;
#441 = EDGE_CURVE ( 'NONE', #703, #1266, #200, .T. ) ;
#442 = ORIENTED_EDGE ( 'NONE', *, *, #1291, .F. ) ;
#443 = DIRECTION ( 'NONE',  ( -0.000000000000000000, -1.000000000000000000, -0.000000000000000000 ) ) ;
#444 = ORIENTED_EDGE ( 'NONE', *, *, #1371, .F. ) ;
#445 = LINE ( 'NONE', #1621, #1410 ) ;
#446 = ORIENTED_EDGE ( 'NONE', *, *, #3206, .T. ) ;
#447 = EDGE_LOOP ( 'NONE', ( #1064, #3586, #3363, #1661 ) ) ;
#448 = EDGE_CURVE ( 'NONE', #1346, #3053, #3383, .T. ) ;
#449 = CARTESIAN_POINT ( 'NONE',  ( 0.9000000000000013545, 2.600000000000000089, 2.050000000000000711 ) ) ;
#450 = CARTESIAN_POINT ( 'NONE',  ( 2.649999999999999911, 0.3500000000000000888, -1.149999999999999911 ) ) ;
#451 = AXIS2_PLACEMENT_3D ( 'NONE', #2089, #1201, #15 ) ;
#452 = DIRECTION ( 'NONE',  ( -0.000000000000000000, 1.000000000000000000, -0.000000000000000000 ) ) ;
#453 = EDGE_CURVE ( 'NONE', #1125, #1677, #3036, .T. ) ;
#454 = AXIS2_PLACEMENT_3D ( 'NONE', #3751, #612, #2931 ) ;
#455 = CARTESIAN_POINT ( 'NONE',  ( 1.949999999999999956, 2.600000000000000089, -2.249999999999999112 ) ) ;
#456 = ORIENTED_EDGE ( 'NONE', *, *, #3112, .T. ) ;
#457 = CIRCLE ( 'NONE', #1126, 0.2999999999999999334 ) ;
#458 = CYLINDRICAL_SURFACE ( 'NONE', #2667, 0.3500000000000002554 ) ;
#459 = FACE_OUTER_BOUND ( 'NONE', #2544, .T. ) ;
#460 = DIRECTION ( 'NONE',  ( 0.000000000000000000, 0.000000000000000000, 1.000000000000000000 ) ) ;
#461 = ORIENTED_EDGE ( 'NONE', *, *, #3432, .F. ) ;
#462 = ORIENTED_EDGE ( 'NONE', *, *, #1626, .F. ) ;
#463 = DIRECTION ( 'NONE',  ( 0.000000000000000000, 0.000000000000000000, -1.000000000000000000 ) ) ;
#464 =( NAMED_UNIT ( * ) SI_UNIT ( $, .STERADIAN. ) SOLID_ANGLE_UNIT ( ) );
#465 = ORIENTED_EDGE ( 'NONE', *, *, #261, .T. ) ;
#466 = CARTESIAN_POINT ( 'NONE',  ( -0.9000000000000003553, 2.600000000000000089, -2.049999999999998934 ) ) ;
#467 = ORIENTED_EDGE ( 'NONE', *, *, #2144, .F. ) ;
#468 = VERTEX_POINT ( 'NONE', #1969 ) ;
#469 = AXIS2_PLACEMENT_3D ( 'NONE', #868, #2829, #197 ) ;
#470 = ADVANCED_FACE ( 'NONE', ( #2509 ), #3650, .T. ) ;
#471 = CARTESIAN_POINT ( 'NONE',  ( 2.250000000000000000, 2.899999999999999911, 0.9000000000000013545 ) ) ;
#472 = LINE ( 'NONE', #2757, #2612 ) ;
#473 = MECHANICAL_DESIGN_GEOMETRIC_PRESENTATION_REPRESENTATION (  '', ( #2849 ), #347 ) ;
#474 = DIRECTION ( 'NONE',  ( 0.000000000000000000, 1.000000000000000000, 0.000000000000000000 ) ) ;
#475 = CARTESIAN_POINT ( 'NONE',  ( -1.650000000000000799, 2.899999999999999911, -2.000000000000000000 ) ) ;
#476 = ORIENTED_EDGE ( 'NONE', *, *, #3447, .F. ) ;
#477 = CIRCLE ( 'NONE', #3760, 0.3500000000000002554 ) ;
#478 = FACE_OUTER_BOUND ( 'NONE', #78, .T. ) ;
#479 = AXIS2_PLACEMENT_3D ( 'NONE', #129, #1295, #1837 ) ;
#480 = DIRECTION ( 'NONE',  ( -0.000000000000000000, -0.000000000000000000, 1.000000000000000000 ) ) ;
#481 = FACE_OUTER_BOUND ( 'NONE', #2583, .T. ) ;
#482 = MECHANICAL_DESIGN_GEOMETRIC_PRESENTATION_REPRESENTATION (  '', ( #53 ), #1215 ) ;
#483 = VECTOR ( 'NONE', #1796, 1000.000000000000000 ) ;
#484 = ORIENTED_EDGE ( 'NONE', *, *, #399, .F. ) ;
#485 = ORIENTED_EDGE ( 'NONE', *, *, #3097, .T. ) ;
#486 = AXIS2_PLACEMENT_3D ( 'NONE', #873, #1195, #1447 ) ;
#487 = DIRECTION ( 'NONE',  ( -0.000000000000000000, -0.000000000000000000, 1.000000000000000000 ) ) ;
#488 = DIRECTION ( 'NONE',  ( 1.000000000000000000, 0.000000000000000000, 0.000000000000000000 ) ) ;
#489 = VERTEX_POINT ( 'NONE', #1061 ) ;
#490 = DIRECTION ( 'NONE',  ( -0.000000000000000000, -0.000000000000000000, 1.000000000000000000 ) ) ;
#491 = EDGE_CURVE ( 'NONE', #1117, #2799, #1019, .T. ) ;
#492 = ORIENTED_EDGE ( 'NONE', *, *, #1568, .T. ) ;
#493 = CIRCLE ( 'NONE', #1041, 0.04999999999999969746 ) ;
#494 = ORIENTED_EDGE ( 'NONE', *, *, #58, .F. ) ;
#495 = CIRCLE ( 'NONE', #1347, 0.3500000000000000333 ) ;
#496 = CARTESIAN_POINT ( 'NONE',  ( 1.650000000000001021, 4.489949493661167246, 1.300000000000001599 ) ) ;
#497 = CARTESIAN_POINT ( 'NONE',  ( 2.649999999999999911, 5.421010862427522170E-17, -1.149999999999999911 ) ) ;
#498 = ORIENTED_EDGE ( 'NONE', *, *, #206, .F. ) ;
#499 = DIRECTION ( 'NONE',  ( 2.710505431213760296E-15, -0.000000000000000000, -1.000000000000000000 ) ) ;
#500 = DIRECTION ( 'NONE',  ( 0.000000000000000000, 0.000000000000000000, 1.000000000000000000 ) ) ;
#501 = ORIENTED_EDGE ( 'NONE', *, *, #3253, .F. ) ;
#502 = LINE ( 'NONE', #540, #167 ) ;
#503 = DIRECTION ( 'NONE',  ( 1.000000000000000000, 0.000000000000000000, 0.000000000000000000 ) ) ;
#504 = ADVANCED_FACE ( 'NONE', ( #1002 ), #2465, .F. ) ;
#505 = CARTESIAN_POINT ( 'NONE',  ( 2.250000000000000000, 1.100000000000000089, 1.850000000000000089 ) ) ;
#506 = VERTEX_POINT ( 'NONE', #511 ) ;
#507 = EDGE_CURVE ( 'NONE', #3503, #2885, #2915, .T. ) ;
#508 = DIRECTION ( 'NONE',  ( -0.000000000000000000, 1.000000000000000000, -0.000000000000000000 ) ) ;
#509 = DIRECTION ( 'NONE',  ( 0.000000000000000000, 0.000000000000000000, 1.000000000000000000 ) ) ;
#510 = ORIENTED_EDGE ( 'NONE', *, *, #894, .F. ) ;
#511 = CARTESIAN_POINT ( 'NONE',  ( -2.250000000000000000, 2.899999999999999911, -1.949999999999999067 ) ) ;
#512 = ORIENTED_EDGE ( 'NONE', *, *, #448, .F. ) ;
#513 = ORIENTED_EDGE ( 'NONE', *, *, #950, .T. ) ;
#514 = LINE ( 'NONE', #1951, #1161 ) ;
#515 = DIRECTION ( 'NONE',  ( -0.000000000000000000, -1.000000000000000000, -0.000000000000000000 ) ) ;
#516 = VERTEX_POINT ( 'NONE', #777 ) ;
#517 =( NAMED_UNIT ( * ) SI_UNIT ( $, .STERADIAN. ) SOLID_ANGLE_UNIT ( ) );
#518 = LINE ( 'NONE', #163, #1954 ) ;
#519 = DIRECTION ( 'NONE',  ( 0.000000000000000000, 1.000000000000000000, 0.000000000000000000 ) ) ;
#520 = AXIS2_PLACEMENT_3D ( 'NONE', #1732, #3433, #2292 ) ;
#521 = ADVANCED_FACE ( 'NONE', ( #1883 ), #2486, .F. ) ;
#522 = VERTEX_POINT ( 'NONE', #1945 ) ;
#523 = PLANE ( 'NONE',  #3452 ) ;
#524 = VECTOR ( 'NONE', #1474, 1000.000000000000000 ) ;
#525 = DIRECTION ( 'NONE',  ( 0.000000000000000000, 0.000000000000000000, -1.000000000000000000 ) ) ;
#526 = ADVANCED_FACE ( 'NONE', ( #3091 ), #1664, .F. ) ;
#527 = DIRECTION ( 'NONE',  ( -1.138412281109784389E-14, -0.000000000000000000, 1.000000000000000000 ) ) ;
#528 = AXIS2_PLACEMENT_3D ( 'NONE', #1574, #3663, #460 ) ;
#529 = EDGE_LOOP ( 'NONE', ( #512, #2314, #1155, #2508 ) ) ;
#530 = CARTESIAN_POINT ( 'NONE',  ( -3.250000000000000000, 0.000000000000000000, 1.850000000000000089 ) ) ;
#531 = FACE_OUTER_BOUND ( 'NONE', #3328, .T. ) ;
#532 = ORIENTED_EDGE ( 'NONE', *, *, #2455, .F. ) ;
#533 = DIRECTION ( 'NONE',  ( -2.409338161078899180E-16, 0.000000000000000000, -1.000000000000000000 ) ) ;
#534 = FACE_OUTER_BOUND ( 'NONE', #3385, .T. ) ;
#535 = FACE_OUTER_BOUND ( 'NONE', #3542, .T. ) ;
#536 = DIRECTION ( 'NONE',  ( -1.000000000000000000, 0.000000000000000000, 0.000000000000000000 ) ) ;
#537 = EDGE_CURVE ( 'NONE', #2100, #1134, #445, .T. ) ;
#538 = AXIS2_PLACEMENT_3D ( 'NONE', #3648, #2830, #735 ) ;
#539 = CARTESIAN_POINT ( 'NONE',  ( 2.250000000000000000, 2.899999999999999911, -0.8999999999999989120 ) ) ;
#540 = CARTESIAN_POINT ( 'NONE',  ( -1.650000000000000355, 4.489949493661167246, 1.300000000000002043 ) ) ;
#541 = DIRECTION ( 'NONE',  ( -0.000000000000000000, 1.000000000000000000, -0.000000000000000000 ) ) ;
#542 = CARTESIAN_POINT ( 'NONE',  ( 2.250000000000000000, 1.100000000000000311, 1.149999999999999911 ) ) ;
#543 = CIRCLE ( 'NONE', #3396, 0.3500000000000000333 ) ;
#544 = EDGE_CURVE ( 'NONE', #3149, #925, #1046, .T. ) ;
#545 = VECTOR ( 'NONE', #1012, 1000.000000000000000 ) ;
#546 = ORIENTED_EDGE ( 'NONE', *, *, #3108, .F. ) ;
#547 = DIRECTION ( 'NONE',  ( 0.000000000000000000, 0.000000000000000000, -1.000000000000000000 ) ) ;
#548 = VECTOR ( 'NONE', #1761, 1000.000000000000000 ) ;
#549 = ORIENTED_EDGE ( 'NONE', *, *, #1907, .T. ) ;
#550 = CIRCLE ( 'NONE', #2674, 0.05000000000000012768 ) ;
#551 = CIRCLE ( 'NONE', #1035, 0.2000000000000000944 ) ;
#552 = DIRECTION ( 'NONE',  ( 1.000000000000000000, 0.000000000000000000, 0.000000000000000000 ) ) ;
#553 = EDGE_CURVE ( 'NONE', #2625, #71, #2266, .T. ) ;
#554 = LINE ( 'NONE', #1431, #1714 ) ;
#555 = CIRCLE ( 'NONE', #853, 1.399999999999999911 ) ;
#556 = CARTESIAN_POINT ( 'NONE',  ( -2.250000000000000000, 1.100000000000000089, 1.149999999999999911 ) ) ;
#557 = EDGE_CURVE ( 'NONE', #703, #2866, #1104, .T. ) ;
#558 = ORIENTED_EDGE ( 'NONE', *, *, #3262, .T. ) ;
#559 = CARTESIAN_POINT ( 'NONE',  ( -0.9000000000000003553, 2.600000000000000089, -2.049999999999998934 ) ) ;
#560 = DIRECTION ( 'NONE',  ( 0.000000000000000000, 0.000000000000000000, 1.000000000000000000 ) ) ;
#561 = LINE ( 'NONE', #270, #857 ) ;
#562 = DIRECTION ( 'NONE',  ( 0.000000000000000000, 0.000000000000000000, 1.000000000000000000 ) ) ;
#563 = EDGE_LOOP ( 'NONE', ( #2250, #1373, #847, #127 ) ) ;
#564 = CARTESIAN_POINT ( 'NONE',  ( -0.9000000000000003553, 2.600000000000000089, -2.049999999999998934 ) ) ;
#565 = EDGE_CURVE ( 'NONE', #258, #3564, #2374, .T. ) ;
#566 = ORIENTED_EDGE ( 'NONE', *, *, #917, .T. ) ;
#567 = DIRECTION ( 'NONE',  ( 0.000000000000000000, 1.000000000000000000, 0.000000000000000000 ) ) ;
#568 = DIRECTION ( 'NONE',  ( 0.000000000000000000, 0.000000000000000000, 1.000000000000000000 ) ) ;
#569 = EDGE_CURVE ( 'NONE', #20, #2713, #1995, .T. ) ;
#570 = ADVANCED_FACE ( 'NONE', ( #1671 ), #1071, .T. ) ;
#571 = DIRECTION ( 'NONE',  ( 0.000000000000000000, -1.000000000000000000, 0.000000000000000000 ) ) ;
#572 = EDGE_LOOP ( 'NONE', ( #1307, #2287, #3379, #3256 ) ) ;
#573 = DIRECTION ( 'NONE',  ( 1.029992063861226530E-14, 0.000000000000000000, -1.000000000000000000 ) ) ;
#574 = EDGE_CURVE ( 'NONE', #365, #1434, #3717, .T. ) ;
#575 = CYLINDRICAL_SURFACE ( 'NONE', #1097, 0.04999999999999969746 ) ;
#576 = PLANE ( 'NONE',  #1777 ) ;
#577 = LINE ( 'NONE', #1747, #3488 ) ;
#578 = AXIS2_PLACEMENT_3D ( 'NONE', #304, #3477, #609 ) ;
#579 = FACE_BOUND ( 'NONE', #1772, .T. ) ;
#580 = ORIENTED_EDGE ( 'NONE', *, *, #2335, .T. ) ;
#581 = CARTESIAN_POINT ( 'NONE',  ( 3.250000000000000000, 0.2999999999999998779, 1.149999999999999911 ) ) ;
#582 = ORIENTED_EDGE ( 'NONE', *, *, #3475, .F. ) ;
#583 = ADVANCED_FACE ( 'NONE', ( #1315 ), #1051, .F. ) ;
#584 = ORIENTED_EDGE ( 'NONE', *, *, #894, .T. ) ;
#585 = DIRECTION ( 'NONE',  ( 0.000000000000000000, 1.000000000000000000, 0.000000000000000000 ) ) ;
#586 = CARTESIAN_POINT ( 'NONE',  ( -1.650000000000000799, 4.489949493661167246, -1.300000000000000044 ) ) ;
#587 = EDGE_CURVE ( 'NONE', #1346, #3688, #3580, .T. ) ;
#588 = DIRECTION ( 'NONE',  ( -0.000000000000000000, -1.000000000000000000, -0.000000000000000000 ) ) ;
#589 = ORIENTED_EDGE ( 'NONE', *, *, #2873, .T. ) ;
#590 = DIRECTION ( 'NONE',  ( -0.000000000000000000, -0.000000000000000000, 1.000000000000000000 ) ) ;
#591 = CARTESIAN_POINT ( 'NONE',  ( -2.600000000000000089, 0.3500000000000000888, -1.850000000000000089 ) ) ;
#592 = DIRECTION ( 'NONE',  ( -5.421010862427520198E-16, 0.000000000000000000, 1.000000000000000000 ) ) ;
#593 = LINE ( 'NONE', #921, #1740 ) ;
#594 = CIRCLE ( 'NONE', #3202, 0.3500000000000000333 ) ;
#595 = PLANE ( 'NONE',  #106 ) ;
#596 = EDGE_LOOP ( 'NONE', ( #3625, #1169, #2976, #753 ) ) ;
#597 = CIRCLE ( 'NONE', #3205, 0.3500000000000000333 ) ;
#598 = CARTESIAN_POINT ( 'NONE',  ( 1.649999999999999911, 2.600000000000000089, -1.650000000000000133 ) ) ;
#599 = ORIENTED_EDGE ( 'NONE', *, *, #557, .F. ) ;
#600 = ORIENTED_EDGE ( 'NONE', *, *, #2534, .T. ) ;
#601 = SURFACE_SIDE_STYLE ('',( #2978 ) ) ;
#602 = AXIS2_PLACEMENT_3D ( 'NONE', #863, #3478, #2034 ) ;
#603 = LINE ( 'NONE', #1158, #3286 ) ;
#604 = DIRECTION ( 'NONE',  ( 0.000000000000000000, 1.000000000000000000, 0.000000000000000000 ) ) ;
#605 = PRESENTATION_LAYER_ASSIGNMENT (  '', '', ( #727 ) ) ;
#606 = DIRECTION ( 'NONE',  ( -0.000000000000000000, -1.000000000000000000, -0.000000000000000000 ) ) ;
#607 = AXIS2_PLACEMENT_3D ( 'NONE', #3171, #2045, #568 ) ;
#608 = EDGE_LOOP ( 'NONE', ( #1922, #934, #2058, #2964 ) ) ;
#609 = DIRECTION ( 'NONE',  ( 0.000000000000000000, 0.000000000000000000, 1.000000000000000000 ) ) ;
#610 = CARTESIAN_POINT ( 'NONE',  ( -1.949999999999999956, 12.16396103067892653, 2.250000000000000888 ) ) ;
#611 = CARTESIAN_POINT ( 'NONE',  ( 1.949999999999999956, 0.000000000000000000, 1.950000000000000844 ) ) ;
#612 = DIRECTION ( 'NONE',  ( -0.000000000000000000, -1.000000000000000000, -0.000000000000000000 ) ) ;
#613 = CYLINDRICAL_SURFACE ( 'NONE', #3571, 0.3500000000000000333 ) ;
#614 = EDGE_CURVE ( 'NONE', #2393, #615, #2472, .T. ) ;
#615 = VERTEX_POINT ( 'NONE', #2536 ) ;
#616 = CARTESIAN_POINT ( 'NONE',  ( 1.649999999999999911, 4.489949493661167246, -1.650000000000000133 ) ) ;
#617 = ORIENTED_EDGE ( 'NONE', *, *, #144, .F. ) ;
#618 = ORIENTED_EDGE ( 'NONE', *, *, #1644, .T. ) ;
#619 = EDGE_LOOP ( 'NONE', ( #1606, #2066, #3552, #980 ) ) ;
#620 = EDGE_CURVE ( 'NONE', #105, #2629, #976, .T. ) ;
#621 = CYLINDRICAL_SURFACE ( 'NONE', #901, 0.2999999999999999334 ) ;
#622 = CARTESIAN_POINT ( 'NONE',  ( 1.650000000000001021, 3.199999999999999734, 1.650000000000001688 ) ) ;
#623 = ORIENTED_EDGE ( 'NONE', *, *, #3486, .F. ) ;
#624 = LINE ( 'NONE', #556, #357 ) ;
#625 = EDGE_LOOP ( 'NONE', ( #617, #2791, #354, #385, #1925, #3037, #2891, #820, #926, #3113 ) ) ;
#626 = CARTESIAN_POINT ( 'NONE',  ( 1.649999999999999911, 2.999999999999999556, -1.650000000000000133 ) ) ;
#627 = CARTESIAN_POINT ( 'NONE',  ( 1.949999999999999956, 0.000000000000000000, 1.950000000000000844 ) ) ;
#628 = EDGE_CURVE ( 'NONE', #1521, #1125, #812, .T. ) ;
#629 = PLANE ( 'NONE',  #2525 ) ;
#630 = LINE ( 'NONE', #2367, #1329 ) ;
#631 = EDGE_CURVE ( 'NONE', #3053, #2342, #3768, .T. ) ;
#632 = FACE_OUTER_BOUND ( 'NONE', #3598, .T. ) ;
#633 = VERTEX_POINT ( 'NONE', #2274 ) ;
#634 = AXIS2_PLACEMENT_3D ( 'NONE', #3724, #1132, #2221 ) ;
#635 = ORIENTED_EDGE ( 'NONE', *, *, #653, .F. ) ;
#636 = ORIENTED_EDGE ( 'NONE', *, *, #3310, .F. ) ;
#637 = CIRCLE ( 'NONE', #2649, 0.04999999999999969746 ) ;
#638 = DIRECTION ( 'NONE',  ( 1.000000000000000000, 0.000000000000000000, 0.000000000000000000 ) ) ;
#639 = CARTESIAN_POINT ( 'NONE',  ( 0.8999999999999993561, 2.600000000000000089, 2.250000000000001332 ) ) ;
#640 = ORIENTED_EDGE ( 'NONE', *, *, #3296, .F. ) ;
#641 = CARTESIAN_POINT ( 'NONE',  ( 3.250000000000000000, 0.2999999999999998779, -1.850000000000000089 ) ) ;
#642 = ORIENTED_EDGE ( 'NONE', *, *, #3233, .F. ) ;
#643 = AXIS2_PLACEMENT_3D ( 'NONE', #616, #2404, #3541 ) ;
#644 =( LENGTH_UNIT ( ) NAMED_UNIT ( * ) SI_UNIT ( .MILLI., .METRE. ) );
#645 = VERTEX_POINT ( 'NONE', #1402 ) ;
#646 = CARTESIAN_POINT ( 'NONE',  ( 0.000000000000000000, 3.799999999999999822, 0.000000000000000000 ) ) ;
#647 = DIRECTION ( 'NONE',  ( -0.000000000000000000, -0.000000000000000000, -1.000000000000000000 ) ) ;
#648 = DIRECTION ( 'NONE',  ( -0.000000000000000000, -1.000000000000000000, -0.000000000000000000 ) ) ;
#649 = EDGE_CURVE ( 'NONE', #1970, #3403, #2739, .T. ) ;
#650 = FACE_OUTER_BOUND ( 'NONE', #736, .T. ) ;
#651 = DIRECTION ( 'NONE',  ( 0.000000000000000000, 1.000000000000000000, 0.000000000000000000 ) ) ;
#652 = ORIENTED_EDGE ( 'NONE', *, *, #1073, .T. ) ;
#653 = EDGE_CURVE ( 'NONE', #645, #2866, #2022, .T. ) ;
#654 = ORIENTED_EDGE ( 'NONE', *, *, #2677, .T. ) ;
#655 = ORIENTED_EDGE ( 'NONE', *, *, #1568, .F. ) ;
#656 = MECHANICAL_DESIGN_GEOMETRIC_PRESENTATION_REPRESENTATION (  '', ( #2963 ), #2606 ) ;
#657 = FILL_AREA_STYLE_COLOUR ( '', #2491 ) ;
#658 = DIRECTION ( 'NONE',  ( -1.000000000000000000, -0.000000000000000000, -0.000000000000000000 ) ) ;
#659 = VERTEX_POINT ( 'NONE', #1337 ) ;
#660 = CARTESIAN_POINT ( 'NONE',  ( 2.250000000000000000, 12.16396103067892653, 1.950000000000000844 ) ) ;
#661 = VECTOR ( 'NONE', #1297, 1000.000000000000000 ) ;
#662 = VERTEX_POINT ( 'NONE', #3351 ) ;
#663 = AXIS2_PLACEMENT_3D ( 'NONE', #3677, #3369, #1124 ) ;
#664 = EDGE_CURVE ( 'NONE', #3288, #1904, #1628, .T. ) ;
#665 = CARTESIAN_POINT ( 'NONE',  ( 1.714505518806294145E-16, 3.549999999999999378, 1.399999999999999911 ) ) ;
#666 = VECTOR ( 'NONE', #2645, 1000.000000000000000 ) ;
#667 = DIRECTION ( 'NONE',  ( 0.000000000000000000, 1.000000000000000000, 0.000000000000000000 ) ) ;
#668 = CIRCLE ( 'NONE', #3100, 0.3499999999999998113 ) ;
#669 = DIRECTION ( 'NONE',  ( -1.000000000000000000, 0.000000000000000000, 0.000000000000000000 ) ) ;
#670 = ADVANCED_FACE ( 'NONE', ( #3678 ), #1956, .T. ) ;
#671 = AXIS2_PLACEMENT_3D ( 'NONE', #1147, #1731, #2894 ) ;
#672 = CARTESIAN_POINT ( 'NONE',  ( -3.250000000000000000, 0.2999999999999998779, -1.850000000000000089 ) ) ;
#673 = AXIS2_PLACEMENT_3D ( 'NONE', #3743, #330, #3761 ) ;
#674 = CARTESIAN_POINT ( 'NONE',  ( 2.250000000000000000, 0.7999999999999997113, -1.149999999999999911 ) ) ;
#675 = ORIENTED_EDGE ( 'NONE', *, *, #2400, .F. ) ;
#676 = ORIENTED_EDGE ( 'NONE', *, *, #1278, .T. ) ;
#677 =( NAMED_UNIT ( * ) PLANE_ANGLE_UNIT ( ) SI_UNIT ( $, .RADIAN. ) );
#678 = DIRECTION ( 'NONE',  ( 1.000000000000000000, 0.000000000000000000, 0.000000000000000000 ) ) ;
#679 = VERTEX_POINT ( 'NONE', #455 ) ;
#680 = ADVANCED_FACE ( 'NONE', ( #3105 ), #164, .T. ) ;
#681 = DIRECTION ( 'NONE',  ( 0.000000000000000000, 0.000000000000000000, 1.000000000000000000 ) ) ;
#682 = EDGE_LOOP ( 'NONE', ( #1120, #2169, #2186, #2447 ) ) ;
#683 = EDGE_LOOP ( 'NONE', ( #1354, #3604, #1377, #85 ) ) ;
#684 = FACE_OUTER_BOUND ( 'NONE', #3115, .T. ) ;
#685 = VERTEX_POINT ( 'NONE', #475 ) ;
#686 = ADVANCED_FACE ( 'NONE', ( #2840, #230, #2556, #815, #1423 ), #2596, .T. ) ;
#687 = DIRECTION ( 'NONE',  ( 0.000000000000000000, -1.000000000000000000, 0.000000000000000000 ) ) ;
#688 = PLANE ( 'NONE',  #417 ) ;
#689 = ADVANCED_FACE ( 'NONE', ( #2309 ), #2276, .F. ) ;
#690 = LINE ( 'NONE', #1855, #1208 ) ;
#691 = DIRECTION ( 'NONE',  ( 0.000000000000000000, 0.000000000000000000, -1.000000000000000000 ) ) ;
#692 = ORIENTED_EDGE ( 'NONE', *, *, #336, .T. ) ;
#693 = ORIENTED_EDGE ( 'NONE', *, *, #1361, .T. ) ;
#694 = LINE ( 'NONE', #1902, #1653 ) ;
#695 = FACE_OUTER_BOUND ( 'NONE', #1473, .T. ) ;
#696 = ORIENTED_EDGE ( 'NONE', *, *, #1765, .T. ) ;
#697 = AXIS2_PLACEMENT_3D ( 'NONE', #711, #171, #1344 ) ;
#698 = CARTESIAN_POINT ( 'NONE',  ( 1.650000000000001021, 2.999999999999999556, 2.000000000000001776 ) ) ;
#699 = ORIENTED_EDGE ( 'NONE', *, *, #3765, .F. ) ;
#700 = ORIENTED_EDGE ( 'NONE', *, *, #1467, .F. ) ;
#701 = AXIS2_PLACEMENT_3D ( 'NONE', #3211, #1729, #2361 ) ;
#702 = CARTESIAN_POINT ( 'NONE',  ( -2.649999999999999911, 0.2999999999999999889, 1.850000000000000089 ) ) ;
#703 = VERTEX_POINT ( 'NONE', #2823 ) ;
#704 = CIRCLE ( 'NONE', #3312, 0.3500000000000000333 ) ;
#705 = EDGE_CURVE ( 'NONE', #1622, #1677, #3163, .T. ) ;
#706 = DIRECTION ( 'NONE',  ( -2.409338161078898687E-16, 0.000000000000000000, -1.000000000000000000 ) ) ;
#707 = CARTESIAN_POINT ( 'NONE',  ( -0.9000000000000003553, 2.899999999999999911, -2.049999999999999378 ) ) ;
#708 = LINE ( 'NONE', #1897, #661 ) ;
#709 = DIRECTION ( 'NONE',  ( 0.000000000000000000, 0.000000000000000000, 1.000000000000000000 ) ) ;
#710 = EDGE_CURVE ( 'NONE', #1521, #1622, #561, .T. ) ;
#711 = CARTESIAN_POINT ( 'NONE',  ( 0.000000000000000000, 3.799999999999999822, 0.000000000000000000 ) ) ;
#712 = EDGE_LOOP ( 'NONE', ( #279, #675, #476, #2805 ) ) ;
#713 = DIRECTION ( 'NONE',  ( -0.000000000000000000, 1.000000000000000000, -0.000000000000000000 ) ) ;
#714 = DIRECTION ( 'NONE',  ( 0.000000000000000000, 1.000000000000000000, -0.000000000000000000 ) ) ;
#715 = ORIENTED_EDGE ( 'NONE', *, *, #100, .F. ) ;
#716 = DIRECTION ( 'NONE',  ( -1.000000000000000000, 0.000000000000000000, 0.000000000000000000 ) ) ;
#717 = ORIENTED_EDGE ( 'NONE', *, *, #3521, .T. ) ;
#718 = EDGE_LOOP ( 'NONE', ( #1548, #805, #1192, #485 ) ) ;
#719 = DIRECTION ( 'NONE',  ( 1.000000000000000000, -0.000000000000000000, 1.224646799147353207E-16 ) ) ;
#720 = DIRECTION ( 'NONE',  ( 2.409338161078899180E-16, 0.000000000000000000, 1.000000000000000000 ) ) ;
#721 = VECTOR ( 'NONE', #192, 1000.000000000000000 ) ;
#722 = CARTESIAN_POINT ( 'NONE',  ( -2.250000000000000000, 0.7500000000000004441, 1.149999999999999911 ) ) ;
#723 = FACE_OUTER_BOUND ( 'NONE', #746, .T. ) ;
#724 = CLOSED_SHELL ( 'NONE', ( #2237, #51, #900, #1148, #2092, #2644 ) ) ;
#725 = AXIS2_PLACEMENT_3D ( 'NONE', #1335, #2286, #3442 ) ;
#726 = ORIENTED_EDGE ( 'NONE', *, *, #2846, .F. ) ;
#727 = STYLED_ITEM ( 'NONE', ( #933 ), #2560 ) ;
#728 = CARTESIAN_POINT ( 'NONE',  ( -2.250000000000000444, 2.899999999999999911, 0.8999999999999994671 ) ) ;
#729 = CARTESIAN_POINT ( 'NONE',  ( -0.9000000000000003553, 2.600000000000000089, -2.049999999999998934 ) ) ;
#730 = DIRECTION ( 'NONE',  ( 0.000000000000000000, 1.000000000000000000, -0.000000000000000000 ) ) ;
#731 = AXIS2_PLACEMENT_3D ( 'NONE', #2778, #3429, #3059 ) ;
#732 = ADVANCED_FACE ( 'NONE', ( #1712 ), #576, .F. ) ;
#733 = ORIENTED_EDGE ( 'NONE', *, *, #49, .F. ) ;
#734 = AXIS2_PLACEMENT_3D ( 'NONE', #3590, #989, #1587 ) ;
#735 = DIRECTION ( 'NONE',  ( -1.000000000000000000, 0.000000000000000000, -0.000000000000000000 ) ) ;
#736 = EDGE_LOOP ( 'NONE', ( #3734, #3372, #600, #1832 ) ) ;
#737 = DIRECTION ( 'NONE',  ( 0.000000000000000000, 0.000000000000000000, -1.000000000000000000 ) ) ;
#738 = EDGE_LOOP ( 'NONE', ( #618, #1616 ) ) ;
#739 = EDGE_CURVE ( 'NONE', #997, #1847, #118, .T. ) ;
#740 = VERTEX_POINT ( 'NONE', #3143 ) ;
#741 = CARTESIAN_POINT ( 'NONE',  ( -2.649999999999999911, 0.3500000000000000888, 1.149999999999999911 ) ) ;
#742 = CARTESIAN_POINT ( 'NONE',  ( -2.600000000000000089, 0.3500000000000000888, 1.149999999999999911 ) ) ;
#743 =( NAMED_UNIT ( * ) PLANE_ANGLE_UNIT ( ) SI_UNIT ( $, .RADIAN. ) );
#744 = LINE ( 'NONE', #2471, #967 ) ;
#745 = CARTESIAN_POINT ( 'NONE',  ( 1.949999999999999956, 12.16396103067892653, 1.950000000000000844 ) ) ;
#746 = EDGE_LOOP ( 'NONE', ( #558, #1639, #3487, #3227 ) ) ;
#747 = EDGE_CURVE ( 'NONE', #1052, #1235, #1695, .T. ) ;
#748 = DIRECTION ( 'NONE',  ( 1.000000000000000000, 0.000000000000000000, -2.409338161078899180E-16 ) ) ;
#749 = EDGE_CURVE ( 'NONE', #2407, #3288, #493, .T. ) ;
#750 = DIRECTION ( 'NONE',  ( -0.000000000000000000, -1.000000000000000000, -0.000000000000000000 ) ) ;
#751 = CARTESIAN_POINT ( 'NONE',  ( 2.649999999999999911, 5.421010862427522170E-17, 1.149999999999999911 ) ) ;
#752 = ADVANCED_FACE ( 'NONE', ( #2843 ), #864, .T. ) ;
#753 = ORIENTED_EDGE ( 'NONE', *, *, #574, .F. ) ;
#754 = ORIENTED_EDGE ( 'NONE', *, *, #3672, .T. ) ;
#755 = SURFACE_STYLE_USAGE ( .BOTH. , #3599 ) ;
#756 = SURFACE_STYLE_FILL_AREA ( #1017 ) ;
#757 = ORIENTED_EDGE ( 'NONE', *, *, #1829, .T. ) ;
#758 = CARTESIAN_POINT ( 'NONE',  ( 1.650000000000001021, 2.899999999999999911, 1.650000000000001688 ) ) ;
#759 = ORIENTED_EDGE ( 'NONE', *, *, #1487, .F. ) ;
#760 = ORIENTED_EDGE ( 'NONE', *, *, #3643, .F. ) ;
#761 = CIRCLE ( 'NONE', #2521, 0.2999999999999999334 ) ;
#762 = FACE_OUTER_BOUND ( 'NONE', #2524, .T. ) ;
#763 = CARTESIAN_POINT ( 'NONE',  ( -2.250000000000000000, 2.600000000000000089, -1.949999999999999067 ) ) ;
#764 = DIRECTION ( 'NONE',  ( 0.000000000000000000, 0.000000000000000000, 1.000000000000000000 ) ) ;
#765 = AXIS2_PLACEMENT_3D ( 'NONE', #2023, #1966, #3167 ) ;
#766 = CARTESIAN_POINT ( 'NONE',  ( 0.9000000000000013545, 2.600000000000000089, 2.050000000000000711 ) ) ;
#767 = ORIENTED_EDGE ( 'NONE', *, *, #1445, .F. ) ;
#768 = VECTOR ( 'NONE', #2693, 1000.000000000000000 ) ;
#769 = DIRECTION ( 'NONE',  ( -1.000000000000000000, 0.000000000000000000, 0.000000000000000000 ) ) ;
#770 = CARTESIAN_POINT ( 'NONE',  ( -1.650000000000000799, 2.600000000000000089, -1.300000000000000044 ) ) ;
#771 = CARTESIAN_POINT ( 'NONE',  ( -3.250000000000000000, 0.2999999999999998779, 1.850000000000000089 ) ) ;
#772 = EDGE_LOOP ( 'NONE', ( #1300, #1867, #2738, #2620 ) ) ;
#773 = EDGE_LOOP ( 'NONE', ( #2959, #733, #715, #2004 ) ) ;
#774 = DIRECTION ( 'NONE',  ( 0.000000000000000000, 1.000000000000000000, 0.000000000000000000 ) ) ;
#775 = CARTESIAN_POINT ( 'NONE',  ( 1.650000000000001021, 3.199999999999999734, 1.800000000000001599 ) ) ;
#776 = VERTEX_POINT ( 'NONE', #1386 ) ;
#777 = CARTESIAN_POINT ( 'NONE',  ( -1.299999999999999600, 0.000000000000000000, -2.249999999999999112 ) ) ;
#778 = ORIENTED_EDGE ( 'NONE', *, *, #2406, .F. ) ;
#779 = ORIENTED_EDGE ( 'NONE', *, *, #2318, .F. ) ;
#780 = DIRECTION ( 'NONE',  ( -1.000000000000000000, 0.000000000000000000, 2.409338161078899180E-16 ) ) ;
#781 = SURFACE_STYLE_FILL_AREA ( #1647 ) ;
#782 = ORIENTED_EDGE ( 'NONE', *, *, #2543, .T. ) ;
#783 = CARTESIAN_POINT ( 'NONE',  ( 0.000000000000000000, 0.000000000000000000, 0.000000000000000000 ) ) ;
#784 = ADVANCED_FACE ( 'NONE', ( #2540 ), #3176, .F. ) ;
#785 = LINE ( 'NONE', #1955, #2423 ) ;
#786 = DIRECTION ( 'NONE',  ( -0.000000000000000000, 1.000000000000000000, -0.000000000000000000 ) ) ;
#787 = VERTEX_POINT ( 'NONE', #254 ) ;
#788 = CIRCLE ( 'NONE', #1024, 0.3499999999999998113 ) ;
#789 = EDGE_CURVE ( 'NONE', #1062, #1094, #2260, .T. ) ;
#790 = DIRECTION ( 'NONE',  ( -1.138412281109784231E-14, 0.000000000000000000, 1.000000000000000000 ) ) ;
#791 = AXIS2_PLACEMENT_3D ( 'NONE', #1401, #2797, #3733 ) ;
#792 = DIRECTION ( 'NONE',  ( 0.000000000000000000, 0.000000000000000000, 1.000000000000000000 ) ) ;
#793 = CYLINDRICAL_SURFACE ( 'NONE', #520, 0.3500000000000000333 ) ;
#794 = VECTOR ( 'NONE', #434, 1000.000000000000000 ) ;
#795 = VECTOR ( 'NONE', #315, 1000.000000000000000 ) ;
#796 = VERTEX_POINT ( 'NONE', #1980 ) ;
#797 = AXIS2_PLACEMENT_3D ( 'NONE', #2960, #3510, #1236 ) ;
#798 = CARTESIAN_POINT ( 'NONE',  ( -1.949999999999999956, 2.600000000000000089, 2.250000000000000888 ) ) ;
#799 = DIRECTION ( 'NONE',  ( -0.000000000000000000, -1.000000000000000000, -0.000000000000000000 ) ) ;
#800 = ORIENTED_EDGE ( 'NONE', *, *, #810, .F. ) ;
#801 = LINE ( 'NONE', #2788, #2135 ) ;
#802 = EDGE_LOOP ( 'NONE', ( #3420, #2153, #1697, #2371 ) ) ;
#803 = PRODUCT_DEFINITION_CONTEXT ( 'detailed design', #1516, 'design' ) ;
#804 = VECTOR ( 'NONE', #1407, 1000.000000000000000 ) ;
#805 = ORIENTED_EDGE ( 'NONE', *, *, #1191, .F. ) ;
#806 = EDGE_CURVE ( 'NONE', #2679, #3357, #1746, .T. ) ;
#807 = PLANE ( 'NONE',  #3466 ) ;
#808 = EDGE_LOOP ( 'NONE', ( #1543, #2812 ) ) ;
#809 = FILL_AREA_STYLE ('',( #435 ) ) ;
#810 = EDGE_CURVE ( 'NONE', #1522, #903, #1453, .T. ) ;
#811 = LINE ( 'NONE', #3123, #1212 ) ;
#812 = LINE ( 'NONE', #1976, #3103 ) ;
#813 = ORIENTED_EDGE ( 'NONE', *, *, #395, .T. ) ;
#814 = CARTESIAN_POINT ( 'NONE',  ( -3.250000000000000000, 0.000000000000000000, -1.149999999999999911 ) ) ;
#815 = FACE_BOUND ( 'NONE', #1283, .T. ) ;
#816 = CARTESIAN_POINT ( 'NONE',  ( -0.9000000000000007994, 2.899999999999999911, 2.250000000000000444 ) ) ;
#817 = ORIENTED_EDGE ( 'NONE', *, *, #380, .T. ) ;
#818 = DIRECTION ( 'NONE',  ( -0.000000000000000000, -0.000000000000000000, 1.000000000000000000 ) ) ;
#819 = CYLINDRICAL_SURFACE ( 'NONE', #291, 0.3500000000000002554 ) ;
#820 = ORIENTED_EDGE ( 'NONE', *, *, #231, .F. ) ;
#821 = EDGE_CURVE ( 'NONE', #1163, #633, #2684, .T. ) ;
#822 = CARTESIAN_POINT ( 'NONE',  ( -2.250000000000000000, 0.7500000000000004441, -1.149999999999999911 ) ) ;
#823 = FACE_OUTER_BOUND ( 'NONE', #2353, .T. ) ;
#824 = DIRECTION ( 'NONE',  ( 0.000000000000000000, 0.000000000000000000, -1.000000000000000000 ) ) ;
#825 = EDGE_CURVE ( 'NONE', #3564, #3317, #3446, .T. ) ;
#826 = VECTOR ( 'NONE', #1798, 1000.000000000000000 ) ;
#827 = FACE_OUTER_BOUND ( 'NONE', #2750, .T. ) ;
#828 = CIRCLE ( 'NONE', #328, 0.3500000000000000333 ) ;
#829 = DIRECTION ( 'NONE',  ( 1.000000000000000000, 0.000000000000000000, 0.000000000000000000 ) ) ;
#830 = DIRECTION ( 'NONE',  ( 1.000000000000000000, 0.000000000000000000, 0.000000000000000000 ) ) ;
#831 = CIRCLE ( 'NONE', #528, 0.1499999999999999667 ) ;
#832 = UNCERTAINTY_MEASURE_WITH_UNIT (LENGTH_MEASURE( 1.000000000000000082E-05 ), #2958, 'distance_accuracy_value', 'NONE');
#833 = EDGE_CURVE ( 'NONE', #2883, #679, #1595, .T. ) ;
#834 = ORIENTED_EDGE ( 'NONE', *, *, #2807, .F. ) ;
#835 = CARTESIAN_POINT ( 'NONE',  ( -3.250000000000000000, 0.000000000000000000, 1.850000000000000089 ) ) ;
#836 = ORIENTED_EDGE ( 'NONE', *, *, #3039, .T. ) ;
#837 = DIRECTION ( 'NONE',  ( 0.000000000000000000, 0.000000000000000000, 1.000000000000000000 ) ) ;
#838 = ORIENTED_EDGE ( 'NONE', *, *, #3659, .F. ) ;
#839 = AXIS2_PLACEMENT_3D ( 'NONE', #3110, #1632, #2781 ) ;
#840 = DIRECTION ( 'NONE',  ( -0.000000000000000000, 1.000000000000000000, -0.000000000000000000 ) ) ;
#841 = CARTESIAN_POINT ( 'NONE',  ( 1.649999999999999911, 2.600000000000000089, -1.650000000000000133 ) ) ;
#842 = CARTESIAN_POINT ( 'NONE',  ( 1.949999999999999956, 2.600000000000000089, -1.949999999999999067 ) ) ;
#843 = EDGE_CURVE ( 'NONE', #3031, #1737, #3461, .T. ) ;
#844 = CARTESIAN_POINT ( 'NONE',  ( -2.649999999999999911, 0.2999999999999999889, -1.149999999999999911 ) ) ;
#845 = AXIS2_PLACEMENT_3D ( 'NONE', #3722, #2801, #3109 ) ;
#846 = VECTOR ( 'NONE', #896, 1000.000000000000000 ) ;
#847 = ORIENTED_EDGE ( 'NONE', *, *, #3316, .F. ) ;
#848 = CYLINDRICAL_SURFACE ( 'NONE', #1250, 0.05000000000000012768 ) ;
#849 = COLOUR_RGB ( '',0.7921568627450980005, 0.8196078431372548767, 0.9333333333333333481 ) ;
#850 = TOROIDAL_SURFACE ( 'NONE', #2912, 0.1500000000000002442, 0.2000000000000000111 ) ;
#851 = EDGE_CURVE ( 'NONE', #2103, #1187, #3165, .T. ) ;
#852 = ORIENTED_EDGE ( 'NONE', *, *, #2923, .F. ) ;
#853 = AXIS2_PLACEMENT_3D ( 'NONE', #1324, #2170, #1304 ) ;
#854 = AXIS2_PLACEMENT_3D ( 'NONE', #2715, #3067, #982 ) ;
#855 = DIRECTION ( 'NONE',  ( -1.138412281109784389E-14, -0.000000000000000000, 1.000000000000000000 ) ) ;
#856 = DIRECTION ( 'NONE',  ( 0.000000000000000000, -0.000000000000000000, 1.000000000000000000 ) ) ;
#857 = VECTOR ( 'NONE', #525, 1000.000000000000000 ) ;
#858 = ADVANCED_FACE ( 'NONE', ( #3215 ), #3001, .T. ) ;
#859 = AXIS2_PLACEMENT_3D ( 'NONE', #449, #533, #780 ) ;
#860 = DIRECTION ( 'NONE',  ( -1.000000000000000000, 0.000000000000000000, 0.000000000000000000 ) ) ;
#861 = VERTEX_POINT ( 'NONE', #968 ) ;
#862 = DIRECTION ( 'NONE',  ( -1.000000000000000000, 0.000000000000000000, 0.000000000000000000 ) ) ;
#863 = CARTESIAN_POINT ( 'NONE',  ( 0.000000000000000000, 3.799999999999999822, 0.000000000000000000 ) ) ;
#864 = PLANE ( 'NONE',  #1963 ) ;
#865 = CARTESIAN_POINT ( 'NONE',  ( 2.299999999999999822, 0.7500000000000004441, -1.850000000000000089 ) ) ;
#866 = FACE_BOUND ( 'NONE', #2956, .T. ) ;
#867 = ORIENTED_EDGE ( 'NONE', *, *, #2774, .F. ) ;
#868 = CARTESIAN_POINT ( 'NONE',  ( -1.949999999999999956, 0.000000000000000000, 1.950000000000000844 ) ) ;
#869 = ORIENTED_EDGE ( 'NONE', *, *, #2981, .T. ) ;
#870 = EDGE_CURVE ( 'NONE', #2900, #3527, #2452, .T. ) ;
#871 = ORIENTED_EDGE ( 'NONE', *, *, #227, .T. ) ;
#872 = CARTESIAN_POINT ( 'NONE',  ( -3.250000000000000000, 0.000000000000000000, 1.149999999999999911 ) ) ;
#873 = CARTESIAN_POINT ( 'NONE',  ( 0.9000000000000002442, 2.600000000000000089, -2.249999999999999556 ) ) ;
#874 = LINE ( 'NONE', #3172, #299 ) ;
#875 = ORIENTED_EDGE ( 'NONE', *, *, #833, .F. ) ;
#876 = DIRECTION ( 'NONE',  ( -0.000000000000000000, -0.000000000000000000, 1.000000000000000000 ) ) ;
#877 = CARTESIAN_POINT ( 'NONE',  ( -2.250000000000000000, 1.100000000000000089, -1.149999999999999911 ) ) ;
#878 = DIRECTION ( 'NONE',  ( 0.000000000000000000, 1.000000000000000000, 0.000000000000000000 ) ) ;
#879 = DIRECTION ( 'NONE',  ( 0.000000000000000000, -0.000000000000000000, 1.000000000000000000 ) ) ;
#880 = VECTOR ( 'NONE', #2876, 1000.000000000000000 ) ;
#881 = EDGE_CURVE ( 'NONE', #2205, #1206, #1160, .T. ) ;
#882 = CARTESIAN_POINT ( 'NONE',  ( -3.250000000000000000, 0.2999999999999998779, 1.149999999999999911 ) ) ;
#883 = VECTOR ( 'NONE', #706, 1000.000000000000000 ) ;
#884 = ORIENTED_EDGE ( 'NONE', *, *, #2575, .T. ) ;
#885 = DIRECTION ( 'NONE',  ( -1.000000000000000000, 0.000000000000000000, 0.000000000000000000 ) ) ;
#886 = ORIENTED_EDGE ( 'NONE', *, *, #3354, .F. ) ;
#887 = ORIENTED_EDGE ( 'NONE', *, *, #2097, .F. ) ;
#888 = VECTOR ( 'NONE', #2804, 1000.000000000000000 ) ;
#889 = DIRECTION ( 'NONE',  ( -0.000000000000000000, 1.000000000000000000, -0.000000000000000000 ) ) ;
#890 = DIRECTION ( 'NONE',  ( -1.000000000000000000, 0.000000000000000000, 0.000000000000000000 ) ) ;
#891 = CARTESIAN_POINT ( 'NONE',  ( -1.949999999999999956, 2.600000000000000089, -2.249999999999999112 ) ) ;
#892 = SURFACE_SIDE_STYLE ('',( #3494 ) ) ;
#893 = EDGE_LOOP ( 'NONE', ( #3068, #952 ) ) ;
#894 = EDGE_CURVE ( 'NONE', #2488, #1003, #392, .T. ) ;
#895 = CARTESIAN_POINT ( 'NONE',  ( 0.8999999999999993561, 2.600000000000000089, 2.250000000000001332 ) ) ;
#896 = DIRECTION ( 'NONE',  ( -1.000000000000000000, 1.807003620809174632E-16, -0.000000000000000000 ) ) ;
#897 = DIRECTION ( 'NONE',  ( 0.000000000000000000, 0.000000000000000000, 1.000000000000000000 ) ) ;
#898 = DIRECTION ( 'NONE',  ( -0.000000000000000000, -1.000000000000000000, -0.000000000000000000 ) ) ;
#899 = CIRCLE ( 'NONE', #3022, 1.399999999999999911 ) ;
#900 = ADVANCED_FACE ( 'NONE', ( #3289 ), #1272, .T. ) ;
#901 = AXIS2_PLACEMENT_3D ( 'NONE', #2886, #1754, #1793 ) ;
#902 = CYLINDRICAL_SURFACE ( 'NONE', #3026, 0.3500000000000000333 ) ;
#903 = VERTEX_POINT ( 'NONE', #1256 ) ;
#904 = DIRECTION ( 'NONE',  ( 0.000000000000000000, 0.000000000000000000, 1.000000000000000000 ) ) ;
#905 = EDGE_LOOP ( 'NONE', ( #2303, #2975 ) ) ;
#906 = CIRCLE ( 'NONE', #3757, 0.3500000000000000333 ) ;
#907 = ORIENTED_EDGE ( 'NONE', *, *, #544, .F. ) ;
#908 = VECTOR ( 'NONE', #1894, 1000.000000000000000 ) ;
#909 = CARTESIAN_POINT ( 'NONE',  ( -1.650000000000000799, 2.999999999999999556, -1.300000000000000044 ) ) ;
#910 = CARTESIAN_POINT ( 'NONE',  ( 1.649999999999999911, 2.999999999999999556, -1.650000000000000133 ) ) ;
#911 = AXIS2_PLACEMENT_3D ( 'NONE', #226, #1952, #3675 ) ;
#912 = MECHANICAL_DESIGN_GEOMETRIC_PRESENTATION_REPRESENTATION (  '', ( #3405 ), #110 ) ;
#913 = ADVANCED_FACE ( 'NONE', ( #684 ), #1888, .F. ) ;
#914 = CYLINDRICAL_SURFACE ( 'NONE', #2614, 0.3500000000000000333 ) ;
#915 = AXIS2_PLACEMENT_3D ( 'NONE', #3321, #716, #2526 ) ;
#916 = VERTEX_POINT ( 'NONE', #1182 ) ;
#917 = EDGE_CURVE ( 'NONE', #3484, #468, #2756, .T. ) ;
#918 = CIRCLE ( 'NONE', #1413, 0.3500000000000000333 ) ;
#919 = DIRECTION ( 'NONE',  ( -0.000000000000000000, -1.000000000000000000, -0.000000000000000000 ) ) ;
#920 = CARTESIAN_POINT ( 'NONE',  ( -3.250000000000000000, 0.2999999999999998779, -1.149999999999999911 ) ) ;
#921 = CARTESIAN_POINT ( 'NONE',  ( -2.600000000000000089, 0.3500000000000000888, -1.149999999999999911 ) ) ;
#922 = DIRECTION ( 'NONE',  ( 0.000000000000000000, 0.000000000000000000, 1.000000000000000000 ) ) ;
#923 = FACE_OUTER_BOUND ( 'NONE', #3400, .T. ) ;
#924 = EDGE_LOOP ( 'NONE', ( #2569, #1901, #2955, #2405 ) ) ;
#925 = VERTEX_POINT ( 'NONE', #3627 ) ;
#926 = ORIENTED_EDGE ( 'NONE', *, *, #1584, .F. ) ;
#927 = CARTESIAN_POINT ( 'NONE',  ( -2.600000000000000089, 0.7500000000000004441, 1.149999999999999911 ) ) ;
#928 = CARTESIAN_POINT ( 'NONE',  ( 1.949999999999999956, 0.000000000000000000, -2.249999999999999112 ) ) ;
#929 = ORIENTED_EDGE ( 'NONE', *, *, #1196, .T. ) ;
#930 = DIRECTION ( 'NONE',  ( 0.000000000000000000, 1.000000000000000000, 0.000000000000000000 ) ) ;
#931 = VERTEX_POINT ( 'NONE', #103 ) ;
#932 = EDGE_CURVE ( 'NONE', #2799, #1255, #918, .T. ) ;
#933 = PRESENTATION_STYLE_ASSIGNMENT (( #3246 ) ) ;
#934 = ORIENTED_EDGE ( 'NONE', *, *, #1789, .T. ) ;
#935 = CARTESIAN_POINT ( 'NONE',  ( -1.650000000000000799, 2.999999999999999556, -1.800000000000000044 ) ) ;
#936 = FACE_OUTER_BOUND ( 'NONE', #1033, .T. ) ;
#937 = EDGE_CURVE ( 'NONE', #951, #3017, #3523, .T. ) ;
#938 = CARTESIAN_POINT ( 'NONE',  ( -1.299999999999999600, 0.2999999999999999889, 2.249999999999999112 ) ) ;
#939 = CARTESIAN_POINT ( 'NONE',  ( -2.250000000000000000, 0.7500000000000004441, 1.149999999999999911 ) ) ;
#940 = DIRECTION ( 'NONE',  ( -0.000000000000000000, -0.000000000000000000, 1.000000000000000000 ) ) ;
#941 = ORIENTED_EDGE ( 'NONE', *, *, #664, .F. ) ;
#942 = PRESENTATION_LAYER_ASSIGNMENT (  '', '', ( #1860 ) ) ;
#943 = EDGE_CURVE ( 'NONE', #796, #3397, #1896, .T. ) ;
#944 = EDGE_LOOP ( 'NONE', ( #2130, #93, #2699, #456 ) ) ;
#945 = ORIENTED_EDGE ( 'NONE', *, *, #806, .T. ) ;
#946 = CIRCLE ( 'NONE', #2592, 0.1500000000000001887 ) ;
#947 = LINE ( 'NONE', #927, #795 ) ;
#948 = ORIENTED_EDGE ( 'NONE', *, *, #3316, .T. ) ;
#949 = CARTESIAN_POINT ( 'NONE',  ( 2.250000000000000000, 1.100000000000000311, -1.850000000000000089 ) ) ;
#950 = EDGE_CURVE ( 'NONE', #1683, #2100, #1607, .T. ) ;
#951 = VERTEX_POINT ( 'NONE', #2740 ) ;
#952 = ORIENTED_EDGE ( 'NONE', *, *, #3044, .T. ) ;
#953 = CARTESIAN_POINT ( 'NONE',  ( 2.600000000000000089, 0.3500000000000000888, -1.850000000000000089 ) ) ;
#954 = CARTESIAN_POINT ( 'NONE',  ( 1.649999999999999911, 2.899999999999999911, -1.300000000000000044 ) ) ;
#955 = LINE ( 'NONE', #75, #2586 ) ;
#956 = CARTESIAN_POINT ( 'NONE',  ( 2.649999999999999911, 0.2999999999999999889, 1.850000000000000089 ) ) ;
#957 = EDGE_CURVE ( 'NONE', #2679, #659, #126, .T. ) ;
#958 = DIRECTION ( 'NONE',  ( -0.000000000000000000, -1.000000000000000000, -0.000000000000000000 ) ) ;
#959 = ORIENTED_EDGE ( 'NONE', *, *, #2987, .F. ) ;
#960 = EDGE_LOOP ( 'NONE', ( #834, #2813, #1788, #754 ) ) ;
#961 = PRESENTATION_LAYER_ASSIGNMENT (  '', '', ( #2849 ) ) ;
#962 =( LENGTH_UNIT ( ) NAMED_UNIT ( * ) SI_UNIT ( .MILLI., .METRE. ) );
#963 = CARTESIAN_POINT ( 'NONE',  ( -1.949999999999999956, 2.600000000000000089, 1.950000000000000844 ) ) ;
#964 = ORIENTED_EDGE ( 'NONE', *, *, #1853, .T. ) ;
#965 = DIRECTION ( 'NONE',  ( -1.000000000000000000, 0.000000000000000000, 0.000000000000000000 ) ) ;
#966 = VERTEX_POINT ( 'NONE', #1292 ) ;
#967 = VECTOR ( 'NONE', #2759, 1000.000000000000000 ) ;
#968 = CARTESIAN_POINT ( 'NONE',  ( 1.649999999999999911, 2.600000000000000089, -2.000000000000000444 ) ) ;
#969 = EDGE_CURVE ( 'NONE', #3688, #776, #978, .T. ) ;
#970 = LINE ( 'NONE', #393, #2192 ) ;
#971 = VECTOR ( 'NONE', #1973, 1000.000000000000000 ) ;
#972 = CIRCLE ( 'NONE', #3096, 0.3500000000000002554 ) ;
#973 = LINE ( 'NONE', #1871, #1989 ) ;
#974 = AXIS2_PLACEMENT_3D ( 'NONE', #1214, #930, #2187 ) ;
#975 = DIRECTION ( 'NONE',  ( 0.000000000000000000, 0.000000000000000000, -1.000000000000000000 ) ) ;
#976 = CIRCLE ( 'NONE', #2315, 0.3500000000000000333 ) ;
#977 = LINE ( 'NONE', #956, #1950 ) ;
#978 = CIRCLE ( 'NONE', #2800, 0.2000000000000000944 ) ;
#979 = LINE ( 'NONE', #1857, #2167 ) ;
#980 = ORIENTED_EDGE ( 'NONE', *, *, #569, .T. ) ;
#981 = VERTEX_POINT ( 'NONE', #1025 ) ;
#982 = DIRECTION ( 'NONE',  ( 0.000000000000000000, -0.000000000000000000, 1.000000000000000000 ) ) ;
#983 = CARTESIAN_POINT ( 'NONE',  ( -2.299999999999999378, 0.7500000000000004441, 1.149999999999999911 ) ) ;
#984 = ORIENTED_EDGE ( 'NONE', *, *, #3700, .F. ) ;
#985 = ADVANCED_FACE ( 'NONE', ( #2414 ), #2070, .F. ) ;
#986 = FACE_OUTER_BOUND ( 'NONE', #802, .T. ) ;
#987 = EDGE_LOOP ( 'NONE', ( #1825, #95, #183, #2566 ) ) ;
#988 = ORIENTED_EDGE ( 'NONE', *, *, #2323, .F. ) ;
#989 = DIRECTION ( 'NONE',  ( 0.000000000000000000, 0.000000000000000000, 1.000000000000000000 ) ) ;
#990 = DIRECTION ( 'NONE',  ( -0.000000000000000000, -0.000000000000000000, 1.000000000000000000 ) ) ;
#991 = DIRECTION ( 'NONE',  ( 1.000000000000000000, -0.000000000000000000, 1.224646799147353207E-16 ) ) ;
#992 = LINE ( 'NONE', #1009, #908 ) ;
#993 = CARTESIAN_POINT ( 'NONE',  ( -0.9000000000000007994, 2.600000000000000089, 2.250000000000000444 ) ) ;
#994 = DIRECTION ( 'NONE',  ( 0.000000000000000000, 0.000000000000000000, 1.000000000000000000 ) ) ;
#995 = CYLINDRICAL_SURFACE ( 'NONE', #2283, 0.2999999999999999334 ) ;
#996 = ADVANCED_FACE ( 'NONE', ( #1415 ), #1972, .F. ) ;
#997 = VERTEX_POINT ( 'NONE', #3366 ) ;
#998 = CARTESIAN_POINT ( 'NONE',  ( 1.649999999999999911, 2.600000000000000089, -1.650000000000000133 ) ) ;
#999 = DIRECTION ( 'NONE',  ( -0.000000000000000000, 1.000000000000000000, -0.000000000000000000 ) ) ;
#1000 = ORIENTED_EDGE ( 'NONE', *, *, #3131, .T. ) ;
#1001 = VECTOR ( 'NONE', #1556, 1000.000000000000000 ) ;
#1002 = FACE_OUTER_BOUND ( 'NONE', #154, .T. ) ;
#1003 = VERTEX_POINT ( 'NONE', #2512 ) ;
#1004 = EDGE_LOOP ( 'NONE', ( #218, #1081, #1619, #1786, #99, #1526 ) ) ;
#1005 = VECTOR ( 'NONE', #840, 1000.000000000000000 ) ;
#1006 = DIRECTION ( 'NONE',  ( 0.000000000000000000, 0.000000000000000000, -1.000000000000000000 ) ) ;
#1007 = CARTESIAN_POINT ( 'NONE',  ( 2.649999999999999911, 5.421010862427522170E-17, -1.850000000000000089 ) ) ;
#1008 = FACE_OUTER_BOUND ( 'NONE', #2599, .T. ) ;
#1009 = CARTESIAN_POINT ( 'NONE',  ( 0.9000000000000002442, 2.600000000000000089, -2.249999999999999556 ) ) ;
#1010 = EDGE_CURVE ( 'NONE', #2332, #1605, #2248, .T. ) ;
#1011 = DIRECTION ( 'NONE',  ( 1.000000000000000000, 0.000000000000000000, 7.047314121155806431E-15 ) ) ;
#1012 = DIRECTION ( 'NONE',  ( -0.000000000000000000, -0.000000000000000000, -1.000000000000000000 ) ) ;
#1013 = DIRECTION ( 'NONE',  ( -0.000000000000000000, -1.000000000000000000, -0.000000000000000000 ) ) ;
#1014 = ADVANCED_FACE ( 'NONE', ( #762 ), #2554, .F. ) ;
#1015 = EDGE_LOOP ( 'NONE', ( #1221, #2174, #1546, #37 ) ) ;
#1016 = FACE_OUTER_BOUND ( 'NONE', #1459, .T. ) ;
#1017 = FILL_AREA_STYLE ('',( #1351 ) ) ;
#1018 = ORIENTED_EDGE ( 'NONE', *, *, #3672, .F. ) ;
#1019 = LINE ( 'NONE', #3670, #1466 ) ;
#1020 = VECTOR ( 'NONE', #2643, 1000.000000000000000 ) ;
#1021 = ORIENTED_EDGE ( 'NONE', *, *, #2030, .T. ) ;
#1022 = VECTOR ( 'NONE', #1103, 1000.000000000000000 ) ;
#1023 = EDGE_LOOP ( 'NONE', ( #838, #3561, #1056, #1977 ) ) ;
#1024 = AXIS2_PLACEMENT_3D ( 'NONE', #3374, #480, #1655 ) ;
#1025 = CARTESIAN_POINT ( 'NONE',  ( 2.299999999999999822, 0.3500000000000001443, -1.850000000000000089 ) ) ;
#1026 = SURFACE_SIDE_STYLE ('',( #3628 ) ) ;
#1027 = EDGE_CURVE ( 'NONE', #2679, #3484, #514, .T. ) ;
#1028 = CIRCLE ( 'NONE', #2859, 0.3499999999999998113 ) ;
#1029 = DIRECTION ( 'NONE',  ( 0.000000000000000000, 0.000000000000000000, -1.000000000000000000 ) ) ;
#1030 = CARTESIAN_POINT ( 'NONE',  ( -1.650000000000000355, 2.899999999999999911, 1.650000000000002354 ) ) ;
#1031 = DIRECTION ( 'NONE',  ( -0.000000000000000000, -0.000000000000000000, -1.000000000000000000 ) ) ;
#1032 = VECTOR ( 'NONE', #74, 1000.000000000000000 ) ;
#1033 = EDGE_LOOP ( 'NONE', ( #2415, #1659, #3020, #2841 ) ) ;
#1034 = ADVANCED_FACE ( 'NONE', ( #1356 ), #247, .T. ) ;
#1035 = AXIS2_PLACEMENT_3D ( 'NONE', #3088, #2445, #2426 ) ;
#1036 = DIRECTION ( 'NONE',  ( -0.000000000000000000, 1.000000000000000000, -0.000000000000000000 ) ) ;
#1037 = DIRECTION ( 'NONE',  ( -1.000000000000000000, 0.000000000000000000, 0.000000000000000000 ) ) ;
#1038 = LINE ( 'NONE', #92, #1133 ) ;
#1039 = AXIS2_PLACEMENT_3D ( 'NONE', #387, #3531, #3263 ) ;
#1040 = EDGE_LOOP ( 'NONE', ( #465, #3605, #2659, #1850 ) ) ;
#1041 = AXIS2_PLACEMENT_3D ( 'NONE', #1439, #1115, #829 ) ;
#1042 = EDGE_LOOP ( 'NONE', ( #176, #498 ) ) ;
#1043 = CARTESIAN_POINT ( 'NONE',  ( 0.000000000000000000, 3.549999999999999378, 0.000000000000000000 ) ) ;
#1044 = CARTESIAN_POINT ( 'NONE',  ( 2.050000000000000266, 2.600000000000000089, -0.9000000000000000222 ) ) ;
#1045 = ORIENTED_EDGE ( 'NONE', *, *, #138, .T. ) ;
#1046 = LINE ( 'NONE', #3070, #1276 ) ;
#1047 = ORIENTED_EDGE ( 'NONE', *, *, #377, .F. ) ;
#1048 = VERTEX_POINT ( 'NONE', #1065 ) ;
#1049 = CARTESIAN_POINT ( 'NONE',  ( 0.000000000000000000, 3.199999999999999734, 0.000000000000000000 ) ) ;
#1050 = CARTESIAN_POINT ( 'NONE',  ( 0.000000000000000000, 2.899999999999999911, 0.000000000000000000 ) ) ;
#1051 = CYLINDRICAL_SURFACE ( 'NONE', #3412, 0.3500000000000000333 ) ;
#1052 = VERTEX_POINT ( 'NONE', #3692 ) ;
#1053 = CARTESIAN_POINT ( 'NONE',  ( 2.050000000000000266, 2.600000000000000089, -0.9000000000000000222 ) ) ;
#1054 = LINE ( 'NONE', #2745, #545 ) ;
#1055 = CARTESIAN_POINT ( 'NONE',  ( -1.650000000000000799, 3.199999999999999734, -1.500000000000000000 ) ) ;
#1056 = ORIENTED_EDGE ( 'NONE', *, *, #2396, .T. ) ;
#1057 = ORIENTED_EDGE ( 'NONE', *, *, #1810, .F. ) ;
#1058 = DIRECTION ( 'NONE',  ( 0.000000000000000000, 0.000000000000000000, 1.000000000000000000 ) ) ;
#1059 = CARTESIAN_POINT ( 'NONE',  ( 1.649999999999999911, 12.16396103067892653, -1.650000000000000133 ) ) ;
#1060 = ORIENTED_EDGE ( 'NONE', *, *, #1748, .T. ) ;
#1061 = CARTESIAN_POINT ( 'NONE',  ( -3.250000000000000000, 0.000000000000000000, -1.149999999999999911 ) ) ;
#1062 = VERTEX_POINT ( 'NONE', #2231 ) ;
#1063 = ADVANCED_FACE ( 'NONE', ( #2571 ), #3098, .F. ) ;
#1064 = ORIENTED_EDGE ( 'NONE', *, *, #1229, .T. ) ;
#1065 = CARTESIAN_POINT ( 'NONE',  ( -2.600000000000000089, 0.3500000000000000888, -1.149999999999999911 ) ) ;
#1066 = SURFACE_STYLE_USAGE ( .BOTH. , #2215 ) ;
#1067 = EDGE_CURVE ( 'NONE', #3725, #3017, #1121, .T. ) ;
#1068 = DIRECTION ( 'NONE',  ( 3.794707603699263941E-15, 0.000000000000000000, -1.000000000000000000 ) ) ;
#1069 = AXIS2_PLACEMENT_3D ( 'NONE', #1815, #3536, #1552 ) ;
#1070 = FACE_OUTER_BOUND ( 'NONE', #3435, .T. ) ;
#1071 = PLANE ( 'NONE',  #1470 ) ;
#1072 = ORIENTED_EDGE ( 'NONE', *, *, #1464, .T. ) ;
#1073 = EDGE_CURVE ( 'NONE', #201, #313, #3730, .T. ) ;
#1074 = FACE_OUTER_BOUND ( 'NONE', #1015, .T. ) ;
#1075 = DIRECTION ( 'NONE',  ( -1.000000000000000000, 0.000000000000000000, -0.000000000000000000 ) ) ;
#1076 = DIRECTION ( 'NONE',  ( -1.000000000000000000, -1.807003620809174632E-16, 0.000000000000000000 ) ) ;
#1077 = EDGE_CURVE ( 'NONE', #966, #1434, #2319, .T. ) ;
#1078 = ORIENTED_EDGE ( 'NONE', *, *, #3716, .F. ) ;
#1079 = PLANE ( 'NONE',  #1927 ) ;
#1080 = FACE_OUTER_BOUND ( 'NONE', #1906, .T. ) ;
#1081 = ORIENTED_EDGE ( 'NONE', *, *, #1278, .F. ) ;
#1082 = DIRECTION ( 'NONE',  ( 0.000000000000000000, 0.000000000000000000, -1.000000000000000000 ) ) ;
#1083 = ORIENTED_EDGE ( 'NONE', *, *, #1477, .T. ) ;
#1084 = ORIENTED_EDGE ( 'NONE', *, *, #2252, .T. ) ;
#1085 = CARTESIAN_POINT ( 'NONE',  ( -2.250000000000000000, 2.899999999999999911, -0.8999999999999986899 ) ) ;
#1086 = FILL_AREA_STYLE ('',( #1331 ) ) ;
#1087 = VECTOR ( 'NONE', #1430, 1000.000000000000000 ) ;
#1088 = ORIENTED_EDGE ( 'NONE', *, *, #3558, .T. ) ;
#1089 = SURFACE_SIDE_STYLE ('',( #3102 ) ) ;
#1090 = AXIS2_PLACEMENT_3D ( 'NONE', #178, #3089, #488 ) ;
#1091 = DIRECTION ( 'NONE',  ( 0.000000000000000000, 0.000000000000000000, 1.000000000000000000 ) ) ;
#1092 = EDGE_CURVE ( 'NONE', #2378, #71, #495, .T. ) ;
#1093 = DIRECTION ( 'NONE',  ( 1.000000000000000000, 0.000000000000000000, 0.000000000000000000 ) ) ;
#1094 = VERTEX_POINT ( 'NONE', #471 ) ;
#1095 = VECTOR ( 'NONE', #3616, 1000.000000000000000 ) ;
#1096 = DIRECTION ( 'NONE',  ( 0.000000000000000000, 0.000000000000000000, 1.000000000000000000 ) ) ;
#1097 = AXIS2_PLACEMENT_3D ( 'NONE', #2105, #1491, #2651 ) ;
#1098 = CARTESIAN_POINT ( 'NONE',  ( -2.299999999999999822, 0.7500000000000004441, -1.149999999999999911 ) ) ;
#1099 = CARTESIAN_POINT ( 'NONE',  ( 1.949999999999999956, 2.899999999999999911, -2.249999999999999112 ) ) ;
#1100 = COLOUR_RGB ( '',0.7921568627450980005, 0.8196078431372548767, 0.9333333333333333481 ) ;
#1101 = VERTEX_POINT ( 'NONE', #1085 ) ;
#1102 = CARTESIAN_POINT ( 'NONE',  ( 0.000000000000000000, 3.799999999999999822, 1.149999999999999911 ) ) ;
#1103 = DIRECTION ( 'NONE',  ( -0.000000000000000000, 1.000000000000000000, -0.000000000000000000 ) ) ;
#1104 = LINE ( 'NONE', #221, #115 ) ;
#1105 = ORIENTED_EDGE ( 'NONE', *, *, #3030, .F. ) ;
#1106 = AXIS2_PLACEMENT_3D ( 'NONE', #3128, #1166, #235 ) ;
#1107 = ORIENTED_EDGE ( 'NONE', *, *, #3284, .T. ) ;
#1108 = EDGE_CURVE ( 'NONE', #2094, #1752, #1471, .T. ) ;
#1109 = CARTESIAN_POINT ( 'NONE',  ( 2.600000000000000089, 0.7500000000000004441, 1.850000000000000089 ) ) ;
#1110 = CYLINDRICAL_SURFACE ( 'NONE', #911, 1.399999999999999911 ) ;
#1111 = FACE_BOUND ( 'NONE', #905, .T. ) ;
#1112 = DIRECTION ( 'NONE',  ( -0.000000000000000000, -0.000000000000000000, 1.000000000000000000 ) ) ;
#1113 = EDGE_CURVE ( 'NONE', #382, #1522, #1964, .T. ) ;
#1114 = CARTESIAN_POINT ( 'NONE',  ( 3.250000000000000000, 0.2999999999999998779, -1.149999999999999911 ) ) ;
#1115 = DIRECTION ( 'NONE',  ( -0.000000000000000000, -0.000000000000000000, -1.000000000000000000 ) ) ;
#1116 = DIRECTION ( 'NONE',  ( 1.000000000000000000, 0.000000000000000000, -0.000000000000000000 ) ) ;
#1117 = VERTEX_POINT ( 'NONE', #1375 ) ;
#1118 = DIRECTION ( 'NONE',  ( 0.000000000000000000, 0.000000000000000000, 1.000000000000000000 ) ) ;
#1119 = CARTESIAN_POINT ( 'NONE',  ( -1.650000000000000355, 3.199999999999999734, 1.650000000000002354 ) ) ;
#1120 = ORIENTED_EDGE ( 'NONE', *, *, #1010, .T. ) ;
#1121 = LINE ( 'NONE', #496, #4 ) ;
#1122 = DIRECTION ( 'NONE',  ( -0.000000000000000000, -0.000000000000000000, -1.000000000000000000 ) ) ;
#1123 = ADVANCED_FACE ( 'NONE', ( #3056 ), #807, .F. ) ;
#1124 = DIRECTION ( 'NONE',  ( 0.000000000000000000, 0.000000000000000000, 1.000000000000000000 ) ) ;
#1125 = VERTEX_POINT ( 'NONE', #1646 ) ;
#1126 = AXIS2_PLACEMENT_3D ( 'NONE', #2729, #2765, #151 ) ;
#1127 = DIRECTION ( 'NONE',  ( 0.000000000000000000, 1.000000000000000000, 0.000000000000000000 ) ) ;
#1128 = DIRECTION ( 'NONE',  ( -1.000000000000000000, 0.000000000000000000, 0.000000000000000000 ) ) ;
#1129 = AXIS2_PLACEMENT_3D ( 'NONE', #646, #2668, #2988 ) ;
#1130 = DIRECTION ( 'NONE',  ( -1.000000000000000000, -0.000000000000000000, -3.794707603699263941E-15 ) ) ;
#1131 = ADVANCED_FACE ( 'NONE', ( #1330 ), #2492, .F. ) ;
#1132 = DIRECTION ( 'NONE',  ( 0.000000000000000000, 1.000000000000000000, 0.000000000000000000 ) ) ;
#1133 = VECTOR ( 'NONE', #2782, 1000.000000000000000 ) ;
#1134 = VERTEX_POINT ( 'NONE', #1109 ) ;
#1135 = EDGE_CURVE ( 'NONE', #2558, #3673, #1486, .T. ) ;
#1136 = FACE_OUTER_BOUND ( 'NONE', #924, .T. ) ;
#1137 = VERTEX_POINT ( 'NONE', #3203 ) ;
#1138 = LINE ( 'NONE', #1193, #3698 ) ;
#1139 =( LENGTH_UNIT ( ) NAMED_UNIT ( * ) SI_UNIT ( .MILLI., .METRE. ) );
#1140 = AXIS2_PLACEMENT_3D ( 'NONE', #3646, #463, #3726 ) ;
#1141 = CARTESIAN_POINT ( 'NONE',  ( 2.250000000000000000, 0.7500000000000004441, 1.149999999999999911 ) ) ;
#1142 = ORIENTED_EDGE ( 'NONE', *, *, #1332, .T. ) ;
#1143 = VECTOR ( 'NONE', #999, 1000.000000000000000 ) ;
#1144 = PLANE ( 'NONE',  #390 ) ;
#1145 = PLANE ( 'NONE',  #3515 ) ;
#1146 = CIRCLE ( 'NONE', #1511, 0.3500000000000000333 ) ;
#1147 = CARTESIAN_POINT ( 'NONE',  ( 1.649999999999999911, 3.199999999999999734, -1.650000000000000133 ) ) ;
#1148 = ADVANCED_FACE ( 'NONE', ( #2604 ), #316, .F. ) ;
#1149 = DIRECTION ( 'NONE',  ( 0.000000000000000000, 0.000000000000000000, 1.000000000000000000 ) ) ;
#1150 = AXIS2_PLACEMENT_3D ( 'NONE', #3392, #1096, #2259 ) ;
#1151 = AXIS2_PLACEMENT_3D ( 'NONE', #627, #305, #1799 ) ;
#1152 = ORIENTED_EDGE ( 'NONE', *, *, #1858, .F. ) ;
#1153 = CARTESIAN_POINT ( 'NONE',  ( -2.250000000000000000, 0.7500000000000004441, 1.850000000000000089 ) ) ;
#1154 = CLOSED_SHELL ( 'NONE', ( #1688, #583, #1429, #3158, #1397, #2824, #1063, #292, #2031, #521, #784, #2037, #2691, #2833, #470, #1599, #70, #1527, #670, #1597, #526, #2359, #2330, #3747, #1839, #3472, #1928, #996, #2223, #1768, #112, #732, #172, #2727 ) ) ;
#1155 = ORIENTED_EDGE ( 'NONE', *, *, #1949, .T. ) ;
#1156 = ORIENTED_EDGE ( 'NONE', *, *, #614, .T. ) ;
#1157 = AXIS2_PLACEMENT_3D ( 'NONE', #758, #3054, #1604 ) ;
#1158 = CARTESIAN_POINT ( 'NONE',  ( -2.600000000000000089, 0.7500000000000004441, 1.149999999999999911 ) ) ;
#1159 = FACE_OUTER_BOUND ( 'NONE', #2481, .T. ) ;
#1160 = CIRCLE ( 'NONE', #2919, 0.2500000000000000000 ) ;
#1161 = VECTOR ( 'NONE', #3674, 1000.000000000000000 ) ;
#1162 = LINE ( 'NONE', #3745, #1715 ) ;
#1163 = VERTEX_POINT ( 'NONE', #2870 ) ;
#1164 = CARTESIAN_POINT ( 'NONE',  ( -0.8999999999999985789, 2.600000000000000089, 2.050000000000001155 ) ) ;
#1165 = FACE_OUTER_BOUND ( 'NONE', #718, .T. ) ;
#1166 = DIRECTION ( 'NONE',  ( -0.000000000000000000, -0.000000000000000000, 1.000000000000000000 ) ) ;
#1167 = CARTESIAN_POINT ( 'NONE',  ( 0.000000000000000000, 3.199999999999999734, 0.000000000000000000 ) ) ;
#1168 = CARTESIAN_POINT ( 'NONE',  ( 1.649999999999999911, 2.899999999999999911, -1.650000000000000133 ) ) ;
#1169 = ORIENTED_EDGE ( 'NONE', *, *, #1218, .T. ) ;
#1170 = DIRECTION ( 'NONE',  ( 0.000000000000000000, 0.000000000000000000, -1.000000000000000000 ) ) ;
#1171 = ORIENTED_EDGE ( 'NONE', *, *, #331, .F. ) ;
#1172 = VERTEX_POINT ( 'NONE', #2044 ) ;
#1173 = DIRECTION ( 'NONE',  ( -1.000000000000000000, 0.000000000000000000, 2.409338161078898687E-16 ) ) ;
#1174 = CARTESIAN_POINT ( 'NONE',  ( -2.250000000000000000, 2.600000000000000089, -0.8999999999999986899 ) ) ;
#1175 = EDGE_CURVE ( 'NONE', #633, #3415, #603, .T. ) ;
#1176 =( NAMED_UNIT ( * ) PLANE_ANGLE_UNIT ( ) SI_UNIT ( $, .RADIAN. ) );
#1177 = DIRECTION ( 'NONE',  ( 1.000000000000000000, 0.000000000000000000, 0.000000000000000000 ) ) ;
#1178 = ADVANCED_FACE ( 'NONE', ( #1446 ), #621, .T. ) ;
#1179 = VERTEX_POINT ( 'NONE', #3170 ) ;
#1180 = LINE ( 'NONE', #1780, #2589 ) ;
#1181 = DIRECTION ( 'NONE',  ( 2.710505431213760296E-15, -0.000000000000000000, -1.000000000000000000 ) ) ;
#1182 = CARTESIAN_POINT ( 'NONE',  ( -2.049999999999999378, 2.899999999999999911, 0.9000000000000020206 ) ) ;
#1183 = TOROIDAL_SURFACE ( 'NONE', #2763, 0.1500000000000000500, 0.2000000000000000111 ) ;
#1184 = CARTESIAN_POINT ( 'NONE',  ( -2.299999999999999822, 0.3500000000000001443, -1.149999999999999911 ) ) ;
#1185 = VECTOR ( 'NONE', #919, 1000.000000000000000 ) ;
#1186 = DIRECTION ( 'NONE',  ( 0.000000000000000000, 0.000000000000000000, -1.000000000000000000 ) ) ;
#1187 = VERTEX_POINT ( 'NONE', #2321 ) ;
#1188 = CARTESIAN_POINT ( 'NONE',  ( -1.650000000000000799, 2.999999999999999556, -1.649999999999999911 ) ) ;
#1189 = VECTOR ( 'NONE', #364, 1000.000000000000000 ) ;
#1190 = ORIENTED_EDGE ( 'NONE', *, *, #1226, .T. ) ;
#1191 = EDGE_CURVE ( 'NONE', #2094, #1904, #2355, .T. ) ;
#1192 = ORIENTED_EDGE ( 'NONE', *, *, #2933, .F. ) ;
#1193 = CARTESIAN_POINT ( 'NONE',  ( -0.9000000000000007994, 2.600000000000000089, 2.250000000000000444 ) ) ;
#1194 = EDGE_CURVE ( 'NONE', #2021, #3268, #1146, .T. ) ;
#1195 = DIRECTION ( 'NONE',  ( 1.000000000000000000, 0.000000000000000000, 2.710505431213760296E-15 ) ) ;
#1196 = EDGE_CURVE ( 'NONE', #1269, #2209, #3507, .T. ) ;
#1197 = CARTESIAN_POINT ( 'NONE',  ( -3.250000000000000000, 0.000000000000000000, 1.149999999999999911 ) ) ;
#1198 = ORIENTED_EDGE ( 'NONE', *, *, #3716, .T. ) ;
#1199 = VECTOR ( 'NONE', #1985, 1000.000000000000000 ) ;
#1200 = EDGE_CURVE ( 'NONE', #2393, #1605, #1502, .T. ) ;
#1201 = DIRECTION ( 'NONE',  ( 0.000000000000000000, 0.000000000000000000, -1.000000000000000000 ) ) ;
#1202 = DIRECTION ( 'NONE',  ( 0.000000000000000000, 0.000000000000000000, 1.000000000000000000 ) ) ;
#1203 = CARTESIAN_POINT ( 'NONE',  ( -2.250000000000000000, 1.100000000000000089, 1.149999999999999911 ) ) ;
#1204 = DIRECTION ( 'NONE',  ( 0.000000000000000000, 0.000000000000000000, 1.000000000000000000 ) ) ;
#1205 = DIRECTION ( 'NONE',  ( 0.000000000000000000, 1.000000000000000000, 0.000000000000000000 ) ) ;
#1206 = VERTEX_POINT ( 'NONE', #3225 ) ;
#1207 = EDGE_CURVE ( 'NONE', #2342, #3053, #3566, .T. ) ;
#1208 = VECTOR ( 'NONE', #1838, 1000.000000000000000 ) ;
#1209 = ORIENTED_EDGE ( 'NONE', *, *, #2565, .F. ) ;
#1210 = ORIENTED_EDGE ( 'NONE', *, *, #537, .T. ) ;
#1211 = CLOSED_SHELL ( 'NONE', ( #2272, #1123, #3364, #2011, #244, #1014, #2528, #24, #1898, #2580, #858, #1981 ) ) ;
#1212 = VECTOR ( 'NONE', #3718, 1000.000000000000000 ) ;
#1213 = CARTESIAN_POINT ( 'NONE',  ( -1.650000000000000799, 3.199999999999999734, -1.800000000000000044 ) ) ;
#1214 = CARTESIAN_POINT ( 'NONE',  ( 1.949999999999999956, 2.899999999999999911, -1.949999999999999067 ) ) ;
#1215 =( GEOMETRIC_REPRESENTATION_CONTEXT ( 3 ) GLOBAL_UNCERTAINTY_ASSIGNED_CONTEXT ( ( #1716 ) ) GLOBAL_UNIT_ASSIGNED_CONTEXT ( ( #1139, #1176, #2903 ) ) REPRESENTATION_CONTEXT ( 'NONE', 'WORKASPACE' ) );
#1216 = ORIENTED_EDGE ( 'NONE', *, *, #747, .F. ) ;
#1217 = CIRCLE ( 'NONE', #2557, 0.05000000000000012768 ) ;
#1218 = EDGE_CURVE ( 'NONE', #3725, #966, #3449, .T. ) ;
#1219 = DIRECTION ( 'NONE',  ( 0.000000000000000000, -1.000000000000000000, 0.000000000000000000 ) ) ;
#1220 = CIRCLE ( 'NONE', #1039, 0.2999999999999999334 ) ;
#1221 = ORIENTED_EDGE ( 'NONE', *, *, #3296, .T. ) ;
#1222 = AXIS2_PLACEMENT_3D ( 'NONE', #3370, #1031, #536 ) ;
#1223 = CYLINDRICAL_SURFACE ( 'NONE', #2459, 0.2999999999999999334 ) ;
#1224 = CARTESIAN_POINT ( 'NONE',  ( -2.250000000000000000, 1.100000000000000089, -1.149999999999999911 ) ) ;
#1225 = CARTESIAN_POINT ( 'NONE',  ( 2.250000000000000000, 2.600000000000000089, 1.950000000000000844 ) ) ;
#1226 = EDGE_CURVE ( 'NONE', #3085, #3691, #2626, .T. ) ;
#1227 = DIRECTION ( 'NONE',  ( -0.000000000000000000, -0.000000000000000000, -1.000000000000000000 ) ) ;
#1228 = DIRECTION ( 'NONE',  ( 0.000000000000000000, 0.000000000000000000, 1.000000000000000000 ) ) ;
#1229 = EDGE_CURVE ( 'NONE', #2858, #284, #1636, .T. ) ;
#1230 = EDGE_LOOP ( 'NONE', ( #1078, #1682, #3587, #3190 ) ) ;
#1231 = EDGE_LOOP ( 'NONE', ( #181, #2921 ) ) ;
#1232 = ORIENTED_EDGE ( 'NONE', *, *, #3196, .F. ) ;
#1233 = DIRECTION ( 'NONE',  ( 1.000000000000000000, 0.000000000000000000, 0.000000000000000000 ) ) ;
#1234 = CARTESIAN_POINT ( 'NONE',  ( -2.299999999999999822, 0.7500000000000004441, -1.850000000000000089 ) ) ;
#1235 = VERTEX_POINT ( 'NONE', #1174 ) ;
#1236 = DIRECTION ( 'NONE',  ( 0.000000000000000000, 0.000000000000000000, -1.000000000000000000 ) ) ;
#1237 = VERTEX_POINT ( 'NONE', #1213 ) ;
#1238 = EDGE_LOOP ( 'NONE', ( #2907, #2225, #1643, #327 ) ) ;
#1239 = EDGE_CURVE ( 'NONE', #314, #1559, #594, .T. ) ;
#1240 = CARTESIAN_POINT ( 'NONE',  ( -2.649999999999999911, 5.421010862427522170E-17, 1.149999999999999911 ) ) ;
#1241 = CARTESIAN_POINT ( 'NONE',  ( 1.299999999999999822, 0.2999999999999999889, -2.249999999999999112 ) ) ;
#1242 = DIRECTION ( 'NONE',  ( 0.000000000000000000, 0.000000000000000000, -1.000000000000000000 ) ) ;
#1243 = CYLINDRICAL_SURFACE ( 'NONE', #2851, 0.04999999999999969746 ) ;
#1244 = VECTOR ( 'NONE', #217, 1000.000000000000000 ) ;
#1245 = EDGE_CURVE ( 'NONE', #3591, #1352, #3490, .T. ) ;
#1246 = PLANE ( 'NONE',  #2530 ) ;
#1247 = ORIENTED_EDGE ( 'NONE', *, *, #2318, .T. ) ;
#1248 = ORIENTED_EDGE ( 'NONE', *, *, #3044, .F. ) ;
#1249 = EDGE_CURVE ( 'NONE', #615, #2722, #1138, .T. ) ;
#1250 = AXIS2_PLACEMENT_3D ( 'NONE', #1411, #818, #2280 ) ;
#1251 = CARTESIAN_POINT ( 'NONE',  ( -2.299999999999999822, 0.3500000000000001443, 1.149999999999999911 ) ) ;
#1252 = CARTESIAN_POINT ( 'NONE',  ( 0.8999999999999993561, 2.600000000000000089, 2.250000000000001332 ) ) ;
#1253 = ORIENTED_EDGE ( 'NONE', *, *, #2455, .T. ) ;
#1254 = CARTESIAN_POINT ( 'NONE',  ( 1.949999999999999956, 2.600000000000000089, 1.950000000000000844 ) ) ;
#1255 = VERTEX_POINT ( 'NONE', #3455 ) ;
#1256 = CARTESIAN_POINT ( 'NONE',  ( -3.250000000000000000, 0.2999999999999998779, 1.149999999999999911 ) ) ;
#1257 = DIRECTION ( 'NONE',  ( 0.000000000000000000, 1.000000000000000000, -0.000000000000000000 ) ) ;
#1258 = DIRECTION ( 'NONE',  ( 0.000000000000000000, 0.000000000000000000, 1.000000000000000000 ) ) ;
#1259 = FACE_OUTER_BOUND ( 'NONE', #1023, .T. ) ;
#1260 = EDGE_CURVE ( 'NONE', #1048, #1565, #233, .T. ) ;
#1261 = LINE ( 'NONE', #133, #334 ) ;
#1262 = VERTEX_POINT ( 'NONE', #2060 ) ;
#1263 = EDGE_LOOP ( 'NONE', ( #2279, #343, #3230, #549, #1403, #3237, #2206, #1190 ) ) ;
#1264 = LINE ( 'NONE', #1350, #2370 ) ;
#1265 = DIRECTION ( 'NONE',  ( 1.029992063861226530E-14, 0.000000000000000000, -1.000000000000000000 ) ) ;
#1266 = VERTEX_POINT ( 'NONE', #3509 ) ;
#1267 = CARTESIAN_POINT ( 'NONE',  ( -2.600000000000000089, 0.3500000000000000888, 1.850000000000000089 ) ) ;
#1268 = VECTOR ( 'NONE', #3218, 1000.000000000000000 ) ;
#1269 = VERTEX_POINT ( 'NONE', #909 ) ;
#1270 = VERTEX_POINT ( 'NONE', #2716 ) ;
#1271 = CIRCLE ( 'NONE', #50, 1.399999999999999911 ) ;
#1272 = CYLINDRICAL_SURFACE ( 'NONE', #3280, 1.399999999999999911 ) ;
#1273 = CARTESIAN_POINT ( 'NONE',  ( 2.050000000000000711, 2.600000000000000089, 0.9000000000000000222 ) ) ;
#1274 = VECTOR ( 'NONE', #1869, 1000.000000000000000 ) ;
#1275 = LINE ( 'NONE', #107, #826 ) ;
#1276 = VECTOR ( 'NONE', #2548, 1000.000000000000000 ) ;
#1277 = CARTESIAN_POINT ( 'NONE',  ( -2.649999999999999911, 0.2999999999999999889, -1.149999999999999911 ) ) ;
#1278 = EDGE_CURVE ( 'NONE', #1326, #1137, #3260, .T. ) ;
#1279 = AXIS2_PLACEMENT_3D ( 'NONE', #1310, #3042, #3607 ) ;
#1280 = DIRECTION ( 'NONE',  ( 1.000000000000000000, 0.000000000000000000, 1.301042606982599168E-14 ) ) ;
#1281 = CARTESIAN_POINT ( 'NONE',  ( -1.949999999999999956, 2.600000000000000089, 2.250000000000000888 ) ) ;
#1282 = DIRECTION ( 'NONE',  ( -0.000000000000000000, -1.000000000000000000, -0.000000000000000000 ) ) ;
#1283 = EDGE_LOOP ( 'NONE', ( #2057, #3287 ) ) ;
#1284 = LINE ( 'NONE', #1617, #2193 ) ;
#1285 = DIRECTION ( 'NONE',  ( 0.000000000000000000, 0.000000000000000000, 1.000000000000000000 ) ) ;
#1286 = ORIENTED_EDGE ( 'NONE', *, *, #238, .T. ) ;
#1287 = CARTESIAN_POINT ( 'NONE',  ( -0.9000000000000002442, 2.899999999999999911, -2.249999999999999112 ) ) ;
#1288 = ORIENTED_EDGE ( 'NONE', *, *, #843, .T. ) ;
#1289 = ORIENTED_EDGE ( 'NONE', *, *, #366, .T. ) ;
#1290 = EDGE_CURVE ( 'NONE', #2205, #8, #899, .T. ) ;
#1291 = EDGE_CURVE ( 'NONE', #2209, #2021, #2149, .T. ) ;
#1292 = CARTESIAN_POINT ( 'NONE',  ( 1.650000000000001021, 3.199999999999999734, 1.500000000000001776 ) ) ;
#1293 = CARTESIAN_POINT ( 'NONE',  ( 1.649999999999999911, 12.16396103067892653, -2.000000000000000444 ) ) ;
#1294 = CARTESIAN_POINT ( 'NONE',  ( -2.250000000000000000, 1.100000000000000089, 1.149999999999999911 ) ) ;
#1295 = DIRECTION ( 'NONE',  ( -1.807003620809174632E-16, -1.000000000000000000, 0.000000000000000000 ) ) ;
#1296 = ADVANCED_FACE ( 'NONE', ( #695 ), #81, .F. ) ;
#1297 = DIRECTION ( 'NONE',  ( 0.000000000000000000, -1.000000000000000000, 0.000000000000000000 ) ) ;
#1298 = CARTESIAN_POINT ( 'NONE',  ( -2.649999999999999911, 0.2999999999999999889, 1.149999999999999911 ) ) ;
#1299 = LINE ( 'NONE', #3315, #3137 ) ;
#1300 = ORIENTED_EDGE ( 'NONE', *, *, #620, .F. ) ;
#1301 = FACE_OUTER_BOUND ( 'NONE', #738, .T. ) ;
#1302 = VERTEX_POINT ( 'NONE', #2099 ) ;
#1303 = PRODUCT_RELATED_PRODUCT_CATEGORY ( 'part', '', ( #2538 ) ) ;
#1304 = DIRECTION ( 'NONE',  ( 0.000000000000000000, 0.000000000000000000, 1.000000000000000000 ) ) ;
#1305 = ORIENTED_EDGE ( 'NONE', *, *, #1067, .F. ) ;
#1306 = CIRCLE ( 'NONE', #3307, 0.04999999999999969746 ) ;
#1307 = ORIENTED_EDGE ( 'NONE', *, *, #191, .F. ) ;
#1308 = AXIS2_PLACEMENT_3D ( 'NONE', #626, #2706, #3291 ) ;
#1309 = EDGE_CURVE ( 'NONE', #2235, #2407, #3529, .T. ) ;
#1310 = CARTESIAN_POINT ( 'NONE',  ( -1.949999999999999956, 2.600000000000000089, -2.249999999999999112 ) ) ;
#1311 = CARTESIAN_POINT ( 'NONE',  ( 1.649999999999999911, 2.999999999999999556, -1.650000000000000133 ) ) ;
#1312 = VECTOR ( 'NONE', #2504, 1000.000000000000000 ) ;
#1313 = PRODUCT_CONTEXT ( 'NONE', #1374, 'mechanical' ) ;
#1314 = LINE ( 'NONE', #2989, #1406 ) ;
#1315 = FACE_OUTER_BOUND ( 'NONE', #2773, .T. ) ;
#1316 = ORIENTED_EDGE ( 'NONE', *, *, #2175, .T. ) ;
#1317 = DIRECTION ( 'NONE',  ( -0.000000000000000000, -0.000000000000000000, 1.000000000000000000 ) ) ;
#1318 = DIRECTION ( 'NONE',  ( 0.000000000000000000, 0.000000000000000000, 1.000000000000000000 ) ) ;
#1319 = CARTESIAN_POINT ( 'NONE',  ( 0.000000000000000000, 11.55979797464466508, -1.399999999999999911 ) ) ;
#1320 = ORIENTED_EDGE ( 'NONE', *, *, #420, .T. ) ;
#1321 = CARTESIAN_POINT ( 'NONE',  ( 2.250000000000000000, 2.899999999999999911, 1.950000000000000844 ) ) ;
#1322 = DIRECTION ( 'NONE',  ( 0.000000000000000000, 0.000000000000000000, -1.000000000000000000 ) ) ;
#1323 = ORIENTED_EDGE ( 'NONE', *, *, #1361, .F. ) ;
#1324 = CARTESIAN_POINT ( 'NONE',  ( 0.000000000000000000, 2.899999999999999911, 0.000000000000000000 ) ) ;
#1325 = EDGE_CURVE ( 'NONE', #468, #659, #96, .T. ) ;
#1326 = VERTEX_POINT ( 'NONE', #928 ) ;
#1327 = VECTOR ( 'NONE', #1827, 1000.000000000000000 ) ;
#1328 = ORIENTED_EDGE ( 'NONE', *, *, #1984, .F. ) ;
#1329 = VECTOR ( 'NONE', #1802, 1000.000000000000000 ) ;
#1330 = FACE_OUTER_BOUND ( 'NONE', #3087, .T. ) ;
#1331 = FILL_AREA_STYLE_COLOUR ( '', #3273 ) ;
#1332 = EDGE_CURVE ( 'NONE', #1339, #2393, #369, .T. ) ;
#1333 = TOROIDAL_SURFACE ( 'NONE', #3209, 0.1500000000000002442, 0.2000000000000000111 ) ;
#1334 = SHAPE_DEFINITION_REPRESENTATION ( #1390, #2845 ) ;
#1335 = CARTESIAN_POINT ( 'NONE',  ( -2.649999999999999911, 0.2999999999999999889, 1.149999999999999911 ) ) ;
#1336 = VECTOR ( 'NONE', #2191, 1000.000000000000000 ) ;
#1337 = CARTESIAN_POINT ( 'NONE',  ( -2.250000000000000000, 2.600000000000000089, 1.950000000000000844 ) ) ;
#1338 = PRESENTATION_LAYER_ASSIGNMENT (  '', '', ( #3214 ) ) ;
#1339 = VERTEX_POINT ( 'NONE', #639 ) ;
#1340 = VECTOR ( 'NONE', #2376, 1000.000000000000000 ) ;
#1341 = CARTESIAN_POINT ( 'NONE',  ( 2.250000000000000000, 2.600000000000000089, 0.9000000000000013545 ) ) ;
#1342 = CARTESIAN_POINT ( 'NONE',  ( 2.250000000000000000, 2.600000000000000089, 1.950000000000000844 ) ) ;
#1343 = ADVANCED_FACE ( 'NONE', ( #2446 ), #2734, .F. ) ;
#1344 = DIRECTION ( 'NONE',  ( 0.000000000000000000, 0.000000000000000000, 1.000000000000000000 ) ) ;
#1345 = AXIS2_PLACEMENT_3D ( 'NONE', #3701, #2615, #2863 ) ;
#1346 = VERTEX_POINT ( 'NONE', #3600 ) ;
#1347 = AXIS2_PLACEMENT_3D ( 'NONE', #2270, #203, #3407 ) ;
#1348 = VERTEX_POINT ( 'NONE', #349 ) ;
#1349 = EDGE_CURVE ( 'NONE', #406, #245, #3034, .T. ) ;
#1350 = CARTESIAN_POINT ( 'NONE',  ( 2.600000000000000089, 0.7500000000000004441, -1.850000000000000089 ) ) ;
#1351 = FILL_AREA_STYLE_COLOUR ( '', #43 ) ;
#1352 = VERTEX_POINT ( 'NONE', #3547 ) ;
#1353 = DIRECTION ( 'NONE',  ( -0.000000000000000000, -1.000000000000000000, -0.000000000000000000 ) ) ;
#1354 = ORIENTED_EDGE ( 'NONE', *, *, #969, .F. ) ;
#1355 = EDGE_LOOP ( 'NONE', ( #295, #1018, #324, #1878 ) ) ;
#1356 = FACE_OUTER_BOUND ( 'NONE', #1986, .T. ) ;
#1357 = CARTESIAN_POINT ( 'NONE',  ( -1.650000000000000355, 2.600000000000000089, 2.000000000000002665 ) ) ;
#1358 = ADVANCED_FACE ( 'NONE', ( #2698 ), #3282, .F. ) ;
#1359 = DIRECTION ( 'NONE',  ( -1.000000000000000000, 0.000000000000000000, 0.000000000000000000 ) ) ;
#1360 = DIRECTION ( 'NONE',  ( 1.000000000000000000, 0.000000000000000000, 0.000000000000000000 ) ) ;
#1361 = EDGE_CURVE ( 'NONE', #2076, #3711, #1580, .T. ) ;
#1362 = ORIENTED_EDGE ( 'NONE', *, *, #3348, .F. ) ;
#1363 = FACE_OUTER_BOUND ( 'NONE', #1734, .T. ) ;
#1364 = DIRECTION ( 'NONE',  ( -1.000000000000000000, 0.000000000000000000, 0.000000000000000000 ) ) ;
#1365 = CARTESIAN_POINT ( 'NONE',  ( -2.250000000000000000, 0.7500000000000004441, 1.149999999999999911 ) ) ;
#1366 = ORIENTED_EDGE ( 'NONE', *, *, #2981, .F. ) ;
#1367 = CARTESIAN_POINT ( 'NONE',  ( 1.650000000000001021, 2.600000000000000089, 1.300000000000001599 ) ) ;
#1368 = ORIENTED_EDGE ( 'NONE', *, *, #3368, .F. ) ;
#1369 = CARTESIAN_POINT ( 'NONE',  ( 2.250000000000000000, 0.000000000000000000, 1.950000000000000844 ) ) ;
#1370 = ORIENTED_EDGE ( 'NONE', *, *, #705, .T. ) ;
#1371 = EDGE_CURVE ( 'NONE', #3560, #3085, #1642, .T. ) ;
#1372 = MANIFOLD_SOLID_BREP ( 'Boss-Extrude5[2]', #1211 ) ;
#1373 = ORIENTED_EDGE ( 'NONE', *, *, #2754, .F. ) ;
#1374 = APPLICATION_CONTEXT ( 'automotive_design' ) ;
#1375 = CARTESIAN_POINT ( 'NONE',  ( 1.650000000000001021, 2.899999999999999911, 1.300000000000001599 ) ) ;
#1376 = FACE_OUTER_BOUND ( 'NONE', #432, .T. ) ;
#1377 = ORIENTED_EDGE ( 'NONE', *, *, #1510, .T. ) ;
#1378 = AXIS2_PLACEMENT_3D ( 'NONE', #3234, #3520, #3501 ) ;
#1379 = LINE ( 'NONE', #3349, #1686 ) ;
#1380 = PLANE ( 'NONE',  #1520 ) ;
#1381 = MANIFOLD_SOLID_BREP ( 'Mirror1[2]', #2013 ) ;
#1382 = CARTESIAN_POINT ( 'NONE',  ( 1.650000000000001021, 2.999999999999999556, 1.800000000000001599 ) ) ;
#1383 = ORIENTED_EDGE ( 'NONE', *, *, #1384, .F. ) ;
#1384 = EDGE_CURVE ( 'NONE', #1269, #3173, #3084, .T. ) ;
#1385 = LINE ( 'NONE', #2862, #721 ) ;
#1386 = CARTESIAN_POINT ( 'NONE',  ( -1.650000000000000355, 3.199999999999999734, 1.500000000000002220 ) ) ;
#1387 = LINE ( 'NONE', #816, #3485 ) ;
#1388 = EDGE_CURVE ( 'NONE', #3017, #951, #597, .T. ) ;
#1389 = ORIENTED_EDGE ( 'NONE', *, *, #870, .F. ) ;
#1390 = PRODUCT_DEFINITION_SHAPE ( 'NONE', 'NONE',  #1996 ) ;
#1391 = LINE ( 'NONE', #1678, #1199 ) ;
#1392 = CARTESIAN_POINT ( 'NONE',  ( 2.050000000000000266, 2.600000000000000089, -0.9000000000000000222 ) ) ;
#1393 = DIRECTION ( 'NONE',  ( -0.000000000000000000, -0.000000000000000000, 1.000000000000000000 ) ) ;
#1394 = VERTEX_POINT ( 'NONE', #3360 ) ;
#1395 = ORIENTED_EDGE ( 'NONE', *, *, #3004, .F. ) ;
#1396 = DIRECTION ( 'NONE',  ( -0.000000000000000000, 0.000000000000000000, -1.000000000000000000 ) ) ;
#1397 = ADVANCED_FACE ( 'NONE', ( #198 ), #3707, .F. ) ;
#1398 = DIRECTION ( 'NONE',  ( 0.000000000000000000, 0.000000000000000000, 1.000000000000000000 ) ) ;
#1399 = VECTOR ( 'NONE', #2749, 1000.000000000000000 ) ;
#1400 = CIRCLE ( 'NONE', #1090, 0.04999999999999969746 ) ;
#1401 = CARTESIAN_POINT ( 'NONE',  ( 2.600000000000000089, 0.7500000000000004441, 1.149999999999999911 ) ) ;
#1402 = CARTESIAN_POINT ( 'NONE',  ( 2.250000000000000000, 0.7999999999999997113, -1.850000000000000089 ) ) ;
#1403 = ORIENTED_EDGE ( 'NONE', *, *, #1910, .T. ) ;
#1404 = VECTOR ( 'NONE', #2991, 1000.000000000000000 ) ;
#1405 = CARTESIAN_POINT ( 'NONE',  ( -1.650000000000000799, 12.16396103067892653, -2.000000000000000000 ) ) ;
#1406 = VECTOR ( 'NONE', #2143, 1000.000000000000000 ) ;
#1407 = DIRECTION ( 'NONE',  ( -0.000000000000000000, -1.000000000000000000, -0.000000000000000000 ) ) ;
#1408 = CARTESIAN_POINT ( 'NONE',  ( 2.299999999999999822, 0.7500000000000004441, 1.149999999999999911 ) ) ;
#1409 = ORIENTED_EDGE ( 'NONE', *, *, #2027, .F. ) ;
#1410 = VECTOR ( 'NONE', #1924, 1000.000000000000000 ) ;
#1411 = CARTESIAN_POINT ( 'NONE',  ( 2.649999999999999911, 0.3500000000000000888, 1.149999999999999911 ) ) ;
#1412 = CARTESIAN_POINT ( 'NONE',  ( 2.299999999999999822, 0.3500000000000001443, -1.149999999999999911 ) ) ;
#1413 = AXIS2_PLACEMENT_3D ( 'NONE', #2634, #17, #2435 ) ;
#1414 = ORIENTED_EDGE ( 'NONE', *, *, #3004, .T. ) ;
#1415 = FACE_OUTER_BOUND ( 'NONE', #2224, .T. ) ;
#1416 = LINE ( 'NONE', #3731, #1529 ) ;
#1417 = ADVANCED_FACE ( 'NONE', ( #531 ), #3052, .F. ) ;
#1418 = DIRECTION ( 'NONE',  ( -0.000000000000000000, -0.000000000000000000, 1.000000000000000000 ) ) ;
#1419 = ORIENTED_EDGE ( 'NONE', *, *, #3545, .F. ) ;
#1420 = CARTESIAN_POINT ( 'NONE',  ( 1.949999999999999512, 2.899999999999999911, 2.250000000000000888 ) ) ;
#1421 = EDGE_CURVE ( 'NONE', #2485, #1530, #3687, .T. ) ;
#1422 = CARTESIAN_POINT ( 'NONE',  ( 2.299999999999999378, 0.7500000000000004441, 1.149999999999999911 ) ) ;
#1423 = FACE_OUTER_BOUND ( 'NONE', #1263, .T. ) ;
#1424 = LINE ( 'NONE', #2844, #3371 ) ;
#1425 = ORIENTED_EDGE ( 'NONE', *, *, #932, .F. ) ;
#1426 = LINE ( 'NONE', #835, #277 ) ;
#1427 = EDGE_CURVE ( 'NONE', #1895, #20, #1903, .T. ) ;
#1428 = EDGE_LOOP ( 'NONE', ( #779, #2881, #654, #2942 ) ) ;
#1429 = ADVANCED_FACE ( 'NONE', ( #1080 ), #819, .F. ) ;
#1430 = DIRECTION ( 'NONE',  ( -0.000000000000000000, 1.000000000000000000, -0.000000000000000000 ) ) ;
#1431 = CARTESIAN_POINT ( 'NONE',  ( -2.250000000000000000, 2.600000000000000089, -0.8999999999999986899 ) ) ;
#1432 = EDGE_CURVE ( 'NONE', #1352, #2695, #2208, .T. ) ;
#1433 = DIRECTION ( 'NONE',  ( 0.000000000000000000, 0.000000000000000000, -1.000000000000000000 ) ) ;
#1434 = VERTEX_POINT ( 'NONE', #775 ) ;
#1435 = VECTOR ( 'NONE', #2670, 1000.000000000000000 ) ;
#1436 = FACE_OUTER_BOUND ( 'NONE', #1641, .T. ) ;
#1437 = FACE_OUTER_BOUND ( 'NONE', #3000, .T. ) ;
#1438 = AXIS2_PLACEMENT_3D ( 'NONE', #1541, #1170, #2333 ) ;
#1439 = CARTESIAN_POINT ( 'NONE',  ( -2.250000000000000000, 0.7500000000000004441, -1.850000000000000089 ) ) ;
#1440 = LINE ( 'NONE', #771, #2161 ) ;
#1441 = EDGE_LOOP ( 'NONE', ( #2451, #1021, #3046, #3247, #294, #2850, #1362, #693 ) ) ;
#1442 = CARTESIAN_POINT ( 'NONE',  ( -3.250000000000000000, 0.2999999999999998779, 1.149999999999999911 ) ) ;
#1443 = VERTEX_POINT ( 'NONE', #1943 ) ;
#1444 = EDGE_LOOP ( 'NONE', ( #6, #2373, #1848, #1057 ) ) ;
#1445 = EDGE_CURVE ( 'NONE', #245, #1270, #1400, .T. ) ;
#1446 = FACE_OUTER_BOUND ( 'NONE', #1040, .T. ) ;
#1447 = DIRECTION ( 'NONE',  ( 2.710505431213760296E-15, 0.000000000000000000, -1.000000000000000000 ) ) ;
#1448 = CARTESIAN_POINT ( 'NONE',  ( 1.649999999999999911, 4.489949493661167246, -2.000000000000000444 ) ) ;
#1449 = ORIENTED_EDGE ( 'NONE', *, *, #191, .T. ) ;
#1450 = CIRCLE ( 'NONE', #1879, 0.1500000000000001887 ) ;
#1451 = PLANE ( 'NONE',  #451 ) ;
#1452 = CARTESIAN_POINT ( 'NONE',  ( -1.299999999999999600, 0.2999999999999999889, 2.249999999999999112 ) ) ;
#1453 = LINE ( 'NONE', #3479, #303 ) ;
#1454 = CYLINDRICAL_SURFACE ( 'NONE', #1378, 0.3499999999999998113 ) ;
#1455 = AXIS2_PLACEMENT_3D ( 'NONE', #1612, #3293, #168 ) ;
#1456 = AXIS2_PLACEMENT_3D ( 'NONE', #1030, #2743, #2196 ) ;
#1457 = DIRECTION ( 'NONE',  ( -1.000000000000000000, 0.000000000000000000, 0.000000000000000000 ) ) ;
#1458 = EDGE_CURVE ( 'NONE', #140, #2041, #3630, .T. ) ;
#1459 = EDGE_LOOP ( 'NONE', ( #1974, #82, #367, #1107, #1288, #3578, #3476, #2424, #2389, #757 ) ) ;
#1460 = CARTESIAN_POINT ( 'NONE',  ( 2.649999999999999911, 0.3500000000000000888, 1.149999999999999911 ) ) ;
#1461 = AXIS2_PLACEMENT_3D ( 'NONE', #88, #1257, #3570 ) ;
#1462 = VECTOR ( 'NONE', #2646, 1000.000000000000000 ) ;
#1463 = ORIENTED_EDGE ( 'NONE', *, *, #1810, .T. ) ;
#1464 = EDGE_CURVE ( 'NONE', #1895, #260, #220, .T. ) ;
#1465 = VERTEX_POINT ( 'NONE', #2281 ) ;
#1466 = VECTOR ( 'NONE', #2228, 1000.000000000000000 ) ;
#1467 = EDGE_CURVE ( 'NONE', #1266, #981, #2568, .T. ) ;
#1468 = DIRECTION ( 'NONE',  ( 0.000000000000000000, 0.000000000000000000, 1.000000000000000000 ) ) ;
#1469 = CARTESIAN_POINT ( 'NONE',  ( 2.250000000000000000, 1.100000000000000089, 1.149999999999999911 ) ) ;
#1470 = AXIS2_PLACEMENT_3D ( 'NONE', #1650, #3658, #824 ) ;
#1471 = CIRCLE ( 'NONE', #3585, 0.3499999999999998113 ) ;
#1472 = CARTESIAN_POINT ( 'NONE',  ( 2.649999999999999911, 0.3500000000000000888, 1.850000000000000089 ) ) ;
#1473 = EDGE_LOOP ( 'NONE', ( #3072, #3443, #2897, #1718 ) ) ;
#1474 = DIRECTION ( 'NONE',  ( -0.000000000000000000, 1.000000000000000000, -0.000000000000000000 ) ) ;
#1475 = CARTESIAN_POINT ( 'NONE',  ( 1.299999999999999822, 0.2999999999999999889, 2.249999999999999112 ) ) ;
#1476 = DIRECTION ( 'NONE',  ( 0.000000000000000000, 0.000000000000000000, -1.000000000000000000 ) ) ;
#1477 = EDGE_CURVE ( 'NONE', #776, #3544, #1450, .T. ) ;
#1478 = CARTESIAN_POINT ( 'NONE',  ( 3.250000000000000000, 0.000000000000000000, 1.850000000000000089 ) ) ;
#1479 = DIRECTION ( 'NONE',  ( -0.000000000000000000, -1.000000000000000000, -0.000000000000000000 ) ) ;
#1480 = EDGE_CURVE ( 'NONE', #3725, #365, #3330, .T. ) ;
#1481 = ORIENTED_EDGE ( 'NONE', *, *, #3238, .T. ) ;
#1482 = LINE ( 'NONE', #581, #3189 ) ;
#1483 = ORIENTED_EDGE ( 'NONE', *, *, #1842, .F. ) ;
#1484 = ORIENTED_EDGE ( 'NONE', *, *, #1427, .F. ) ;
#1485 = ADVANCED_FACE ( 'NONE', ( #193 ), #3568, .T. ) ;
#1486 = LINE ( 'NONE', #872, #1835 ) ;
#1487 = EDGE_CURVE ( 'NONE', #981, #38, #3754, .T. ) ;
#1488 = LINE ( 'NONE', #2943, #1462 ) ;
#1489 = ORIENTED_EDGE ( 'NONE', *, *, #2600, .F. ) ;
#1490 = CARTESIAN_POINT ( 'NONE',  ( 1.650000000000001021, 2.899999999999999911, 2.000000000000001776 ) ) ;
#1491 = DIRECTION ( 'NONE',  ( -0.000000000000000000, -0.000000000000000000, -1.000000000000000000 ) ) ;
#1492 = AXIS2_PLACEMENT_3D ( 'NONE', #1365, #2598, #830 ) ;
#1493 = CARTESIAN_POINT ( 'NONE',  ( -1.650000000000000355, 2.600000000000000089, 1.300000000000002265 ) ) ;
#1494 = ADVANCED_FACE ( 'NONE', ( #2477 ), #1899, .T. ) ;
#1495 = CYLINDRICAL_SURFACE ( 'NONE', #3332, 0.04999999999999969746 ) ;
#1496 = DIRECTION ( 'NONE',  ( 1.000000000000000000, -0.000000000000000000, 0.000000000000000000 ) ) ;
#1497 = AXIS2_PLACEMENT_3D ( 'NONE', #598, #3483, #1228 ) ;
#1498 = ORIENTED_EDGE ( 'NONE', *, *, #3050, .F. ) ;
#1499 = ADVANCED_FACE ( 'NONE', ( #2503 ), #150, .F. ) ;
#1500 = VERTEX_POINT ( 'NONE', #1937 ) ;
#1501 = ORIENTED_EDGE ( 'NONE', *, *, #336, .F. ) ;
#1502 = LINE ( 'NONE', #2924, #1087 ) ;
#1503 = CARTESIAN_POINT ( 'NONE',  ( 1.714505518806294145E-16, 11.55979797464466508, 1.399999999999999911 ) ) ;
#1504 = ORIENTED_EDGE ( 'NONE', *, *, #1349, .F. ) ;
#1505 = LINE ( 'NONE', #2591, #2078 ) ;
#1506 = ADVANCED_FACE ( 'NONE', ( #2519 ), #3637, .T. ) ;
#1507 = ORIENTED_EDGE ( 'NONE', *, *, #937, .T. ) ;
#1508 = AXIS2_PLACEMENT_3D ( 'NONE', #564, #2264, #2316 ) ;
#1509 = FACE_OUTER_BOUND ( 'NONE', #302, .T. ) ;
#1510 = EDGE_CURVE ( 'NONE', #1346, #3544, #2067, .T. ) ;
#1511 = AXIS2_PLACEMENT_3D ( 'NONE', #27, #567, #1468 ) ;
#1512 = CYLINDRICAL_SURFACE ( 'NONE', #1648, 0.3500000000000000333 ) ;
#1513 = CARTESIAN_POINT ( 'NONE',  ( -1.299999999999999600, 0.000000000000000000, 2.249999999999999112 ) ) ;
#1514 = VECTOR ( 'NONE', #2168, 1000.000000000000000 ) ;
#1515 = CARTESIAN_POINT ( 'NONE',  ( 2.600000000000000089, 0.3500000000000000888, 1.149999999999999911 ) ) ;
#1516 = APPLICATION_CONTEXT ( 'automotive_design' ) ;
#1517 = VECTOR ( 'NONE', #1036, 1000.000000000000000 ) ;
#1518 = CARTESIAN_POINT ( 'NONE',  ( 0.9000000000000002442, 2.600000000000000089, -2.249999999999999556 ) ) ;
#1519 = ORIENTED_EDGE ( 'NONE', *, *, #1743, .F. ) ;
#1520 = AXIS2_PLACEMENT_3D ( 'NONE', #1706, #2216, #2573 ) ;
#1521 = VERTEX_POINT ( 'NONE', #1342 ) ;
#1522 = VERTEX_POINT ( 'NONE', #1298 ) ;
#1523 = LINE ( 'NONE', #2697, #1524 ) ;
#1524 = VECTOR ( 'NONE', #889, 1000.000000000000000 ) ;
#1525 =( NAMED_UNIT ( * ) PLANE_ANGLE_UNIT ( ) SI_UNIT ( $, .RADIAN. ) );
#1526 = ORIENTED_EDGE ( 'NONE', *, *, #2030, .F. ) ;
#1527 = ADVANCED_FACE ( 'NONE', ( #459 ), #2802, .F. ) ;
#1528 = PLANE ( 'NONE',  #3217 ) ;
#1529 = VECTOR ( 'NONE', #1122, 1000.000000000000000 ) ;
#1530 = VERTEX_POINT ( 'NONE', #1281 ) ;
#1531 = VECTOR ( 'NONE', #2906, 1000.000000000000000 ) ;
#1532 = VECTOR ( 'NONE', #281, 1000.000000000000000 ) ;
#1533 = ORIENTED_EDGE ( 'NONE', *, *, #2923, .T. ) ;
#1534 = EDGE_CURVE ( 'NONE', #2772, #1559, #2442, .T. ) ;
#1535 = VECTOR ( 'NONE', #1569, 1000.000000000000000 ) ;
#1536 = CARTESIAN_POINT ( 'NONE',  ( -2.049999999999999378, 2.600000000000000089, 0.9000000000000020206 ) ) ;
#1537 = DIRECTION ( 'NONE',  ( -0.000000000000000000, -0.000000000000000000, -1.000000000000000000 ) ) ;
#1538 = DIRECTION ( 'NONE',  ( 0.000000000000000000, 0.000000000000000000, -1.000000000000000000 ) ) ;
#1539 = EDGE_CURVE ( 'NONE', #506, #1101, #3355, .T. ) ;
#1540 = FACE_BOUND ( 'NONE', #2218, .T. ) ;
#1541 = CARTESIAN_POINT ( 'NONE',  ( -2.649999999999999911, 0.3500000000000000888, 1.850000000000000089 ) ) ;
#1542 = EDGE_LOOP ( 'NONE', ( #3739, #1926, #1419, #2785 ) ) ;
#1543 = ORIENTED_EDGE ( 'NONE', *, *, #1700, .F. ) ;
#1544 = CARTESIAN_POINT ( 'NONE',  ( 2.649999999999999911, 0.3500000000000000888, -1.149999999999999911 ) ) ;
#1545 = DIRECTION ( 'NONE',  ( -0.000000000000000000, 0.000000000000000000, -1.000000000000000000 ) ) ;
#1546 = ORIENTED_EDGE ( 'NONE', *, *, #1249, .F. ) ;
#1547 = DIRECTION ( 'NONE',  ( 0.000000000000000000, 0.000000000000000000, -1.000000000000000000 ) ) ;
#1548 = ORIENTED_EDGE ( 'NONE', *, *, #664, .T. ) ;
#1549 = CARTESIAN_POINT ( 'NONE',  ( -1.650000000000000355, 2.999999999999999556, 1.500000000000002220 ) ) ;
#1550 = LINE ( 'NONE', #2687, #1274 ) ;
#1551 = ADVANCED_FACE ( 'NONE', ( #3662 ), #3681, .T. ) ;
#1552 = DIRECTION ( 'NONE',  ( 0.000000000000000000, 0.000000000000000000, 1.000000000000000000 ) ) ;
#1553 = DIRECTION ( 'NONE',  ( 5.421010862427531636E-15, 0.000000000000000000, -1.000000000000000000 ) ) ;
#1554 = LINE ( 'NONE', #3680, #239 ) ;
#1555 = CIRCLE ( 'NONE', #697, 1.149999999999999911 ) ;
#1556 = DIRECTION ( 'NONE',  ( -0.000000000000000000, -0.000000000000000000, -1.000000000000000000 ) ) ;
#1557 = VERTEX_POINT ( 'NONE', #729 ) ;
#1558 = MECHANICAL_DESIGN_GEOMETRIC_PRESENTATION_REPRESENTATION (  '', ( #1860 ), #86 ) ;
#1559 = VERTEX_POINT ( 'NONE', #770 ) ;
#1560 = VECTOR ( 'NONE', #2351, 1000.000000000000000 ) ;
#1561 = LINE ( 'NONE', #3032, #55 ) ;
#1562 = CARTESIAN_POINT ( 'NONE',  ( -2.250000000000000000, 12.16396103067892653, 1.950000000000000844 ) ) ;
#1563 = EDGE_LOOP ( 'NONE', ( #2666, #494, #513, #1210 ) ) ;
#1564 = CARTESIAN_POINT ( 'NONE',  ( 1.649999999999999911, 2.999999999999999556, -2.000000000000000444 ) ) ;
#1565 = VERTEX_POINT ( 'NONE', #421 ) ;
#1566 = ORIENTED_EDGE ( 'NONE', *, *, #2027, .T. ) ;
#1567 = VECTOR ( 'NONE', #2077, 1000.000000000000000 ) ;
#1568 = EDGE_CURVE ( 'NONE', #2136, #3358, #1054, .T. ) ;
#1569 = DIRECTION ( 'NONE',  ( -1.000000000000000000, -1.807003620809174632E-16, -0.000000000000000000 ) ) ;
#1570 = ORIENTED_EDGE ( 'NONE', *, *, #3348, .T. ) ;
#1571 = DIRECTION ( 'NONE',  ( -0.000000000000000000, -1.000000000000000000, -0.000000000000000000 ) ) ;
#1572 = DIRECTION ( 'NONE',  ( 1.000000000000000000, 1.807003620809174632E-16, 0.000000000000000000 ) ) ;
#1573 = PLANE ( 'NONE',  #2728 ) ;
#1574 = CARTESIAN_POINT ( 'NONE',  ( -1.650000000000000799, 3.199999999999999734, -1.649999999999999911 ) ) ;
#1575 = ORIENTED_EDGE ( 'NONE', *, *, #2968, .T. ) ;
#1576 = ADVANCED_FACE ( 'NONE', ( #2179 ), #3082, .F. ) ;
#1577 = ORIENTED_EDGE ( 'NONE', *, *, #3645, .T. ) ;
#1578 = VECTOR ( 'NONE', #2547, 1000.000000000000000 ) ;
#1579 = DIRECTION ( 'NONE',  ( 0.000000000000000000, 0.000000000000000000, -1.000000000000000000 ) ) ;
#1580 = LINE ( 'NONE', #1863, #1759 ) ;
#1581 = ORIENTED_EDGE ( 'NONE', *, *, #1534, .T. ) ;
#1582 = CARTESIAN_POINT ( 'NONE',  ( -2.250000000000000000, 2.600000000000000089, -1.949999999999999067 ) ) ;
#1583 = EDGE_LOOP ( 'NONE', ( #717, #2927, #2395, #3261 ) ) ;
#1584 = EDGE_CURVE ( 'NONE', #2100, #3149, #788, .T. ) ;
#1585 = ORIENTED_EDGE ( 'NONE', *, *, #206, .T. ) ;
#1586 = CIRCLE ( 'NONE', #1151, 0.2999999999999999334 ) ;
#1587 = DIRECTION ( 'NONE',  ( -1.000000000000000000, 0.000000000000000000, 0.000000000000000000 ) ) ;
#1588 = ORIENTED_EDGE ( 'NONE', *, *, #1194, .T. ) ;
#1589 = MECHANICAL_DESIGN_GEOMETRIC_PRESENTATION_REPRESENTATION (  '', ( #2910 ), #3517 ) ;
#1590 = ADVANCED_FACE ( 'NONE', ( #2131 ), #1495, .F. ) ;
#1591 = COLOUR_RGB ( '',0.2509803921568627416, 0.2509803921568627416, 0.2509803921568627416 ) ;
#1592 = LINE ( 'NONE', #1536, #391 ) ;
#1593 = CIRCLE ( 'NONE', #2082, 0.3500000000000002554 ) ;
#1594 = PLANE ( 'NONE',  #3150 ) ;
#1595 = CIRCLE ( 'NONE', #2086, 0.2999999999999999334 ) ;
#1596 = LINE ( 'NONE', #2780, #1095 ) ;
#1597 = ADVANCED_FACE ( 'NONE', ( #3252, #579, #866, #1540, #1785 ), #310, .F. ) ;
#1598 = CARTESIAN_POINT ( 'NONE',  ( 1.649999999999999911, 2.999999999999999556, -1.800000000000000488 ) ) ;
#1599 = ADVANCED_FACE ( 'NONE', ( #2331 ), #595, .F. ) ;
#1600 = ORIENTED_EDGE ( 'NONE', *, *, #3493, .F. ) ;
#1601 = CARTESIAN_POINT ( 'NONE',  ( -1.949999999999999956, 12.16396103067892653, 1.950000000000000844 ) ) ;
#1602 = FILL_AREA_STYLE ('',( #3013 ) ) ;
#1603 = ORIENTED_EDGE ( 'NONE', *, *, #2662, .F. ) ;
#1604 = DIRECTION ( 'NONE',  ( 0.000000000000000000, 0.000000000000000000, 1.000000000000000000 ) ) ;
#1605 = VERTEX_POINT ( 'NONE', #322 ) ;
#1606 = ORIENTED_EDGE ( 'NONE', *, *, #1842, .T. ) ;
#1607 = LINE ( 'NONE', #141, #2865 ) ;
#1608 = CARTESIAN_POINT ( 'NONE',  ( 1.949999999999999956, 12.16396103067892653, -1.949999999999999067 ) ) ;
#1609 = SURFACE_STYLE_USAGE ( .BOTH. , #1089 ) ;
#1610 = CARTESIAN_POINT ( 'NONE',  ( 1.650000000000001021, 12.16396103067892653, 2.000000000000001776 ) ) ;
#1611 = ORIENTED_EDGE ( 'NONE', *, *, #1875, .T. ) ;
#1612 = CARTESIAN_POINT ( 'NONE',  ( -1.650000000000000355, 2.600000000000000089, 1.650000000000002354 ) ) ;
#1613 = EDGE_CURVE ( 'NONE', #20, #1062, #3481, .T. ) ;
#1614 = DIRECTION ( 'NONE',  ( 0.000000000000000000, 0.000000000000000000, -1.000000000000000000 ) ) ;
#1615 = CARTESIAN_POINT ( 'NONE',  ( -2.250000000000000000, 1.100000000000000089, 1.850000000000000089 ) ) ;
#1616 = ORIENTED_EDGE ( 'NONE', *, *, #2998, .T. ) ;
#1617 = CARTESIAN_POINT ( 'NONE',  ( -1.949999999999999956, 2.899999999999999911, 2.250000000000000888 ) ) ;
#1618 = DIRECTION ( 'NONE',  ( 0.000000000000000000, 0.000000000000000000, 1.000000000000000000 ) ) ;
#1619 = ORIENTED_EDGE ( 'NONE', *, *, #3039, .F. ) ;
#1620 = EDGE_CURVE ( 'NONE', #903, #2558, #2075, .T. ) ;
#1621 = CARTESIAN_POINT ( 'NONE',  ( 2.600000000000000089, 0.7500000000000004441, 1.149999999999999911 ) ) ;
#1622 = VERTEX_POINT ( 'NONE', #2672 ) ;
#1623 = ORIENTED_EDGE ( 'NONE', *, *, #3153, .T. ) ;
#1624 = DIRECTION ( 'NONE',  ( -0.000000000000000000, -1.000000000000000000, -0.000000000000000000 ) ) ;
#1625 = VECTOR ( 'NONE', #958, 1000.000000000000000 ) ;
#1626 = EDGE_CURVE ( 'NONE', #30, #3265, #1749, .T. ) ;
#1627 = CARTESIAN_POINT ( 'NONE',  ( 1.650000000000001021, 2.999999999999999556, 1.650000000000001688 ) ) ;
#1628 = LINE ( 'NONE', #2254, #1722 ) ;
#1629 = VERTEX_POINT ( 'NONE', #2896 ) ;
#1630 = ADVANCED_FACE ( 'NONE', ( #2654 ), #2054, .T. ) ;
#1631 = LINE ( 'NONE', #3557, #2247 ) ;
#1632 = DIRECTION ( 'NONE',  ( -0.000000000000000000, -0.000000000000000000, 1.000000000000000000 ) ) ;
#1633 = CARTESIAN_POINT ( 'NONE',  ( 2.250000000000000000, 0.7999999999999997113, 1.850000000000000089 ) ) ;
#1634 = EDGE_LOOP ( 'NONE', ( #3459, #3279, #2953, #2429, #623, #2779, #2806, #800, #430, #2770 ) ) ;
#1635 = ORIENTED_EDGE ( 'NONE', *, *, #49, .T. ) ;
#1636 = CIRCLE ( 'NONE', #1941, 0.3499999999999998113 ) ;
#1637 = DIRECTION ( 'NONE',  ( 0.000000000000000000, 0.000000000000000000, 1.000000000000000000 ) ) ;
#1638 = SURFACE_SIDE_STYLE ('',( #756 ) ) ;
#1639 = ORIENTED_EDGE ( 'NONE', *, *, #2063, .F. ) ;
#1640 = CARTESIAN_POINT ( 'NONE',  ( 2.299999999999999822, 0.7500000000000004441, -1.149999999999999911 ) ) ;
#1641 = EDGE_LOOP ( 'NONE', ( #532, #2753, #381, #3322 ) ) ;
#1642 = CIRCLE ( 'NONE', #102, 0.2999999999999999334 ) ;
#1643 = ORIENTED_EDGE ( 'NONE', *, *, #2480, .T. ) ;
#1644 = EDGE_CURVE ( 'NONE', #3173, #1237, #3148, .T. ) ;
#1645 = VECTOR ( 'NONE', #709, 1000.000000000000000 ) ;
#1646 = CARTESIAN_POINT ( 'NONE',  ( 2.250000000000000000, 0.000000000000000000, 1.950000000000000844 ) ) ;
#1647 = FILL_AREA_STYLE ('',( #2469 ) ) ;
#1648 = AXIS2_PLACEMENT_3D ( 'NONE', #2595, #2384, #3537 ) ;
#1649 = DIRECTION ( 'NONE',  ( 0.000000000000000000, -0.000000000000000000, 1.000000000000000000 ) ) ;
#1650 = CARTESIAN_POINT ( 'NONE',  ( -1.299999999999999600, 0.2999999999999999889, 2.249999999999999112 ) ) ;
#1651 = VERTEX_POINT ( 'NONE', #2091 ) ;
#1652 = AXIS2_PLACEMENT_3D ( 'NONE', #1254, #1811, #1846 ) ;
#1653 = VECTOR ( 'NONE', #774, 1000.000000000000000 ) ;
#1654 = FACE_OUTER_BOUND ( 'NONE', #2996, .T. ) ;
#1655 = DIRECTION ( 'NONE',  ( -1.000000000000000000, 0.000000000000000000, 0.000000000000000000 ) ) ;
#1656 = LINE ( 'NONE', #3448, #888 ) ;
#1657 = AXIS2_PLACEMENT_3D ( 'NONE', #373, #433, #412 ) ;
#1658 = ADVANCED_FACE ( 'NONE', ( #1766 ), #613, .T. ) ;
#1659 = ORIENTED_EDGE ( 'NONE', *, *, #3097, .F. ) ;
#1660 = AXIS2_PLACEMENT_3D ( 'NONE', #3425, #3138, #1396 ) ;
#1661 = ORIENTED_EDGE ( 'NONE', *, *, #2400, .T. ) ;
#1662 = CARTESIAN_POINT ( 'NONE',  ( -0.9000000000000007994, 2.600000000000000089, 2.250000000000000444 ) ) ;
#1663 = EDGE_LOOP ( 'NONE', ( #101, #1886, #2821, #3079 ) ) ;
#1664 = CYLINDRICAL_SURFACE ( 'NONE', #1773, 0.3500000000000000333 ) ;
#1665 = ORIENTED_EDGE ( 'NONE', *, *, #3460, .F. ) ;
#1666 = ORIENTED_EDGE ( 'NONE', *, *, #1249, .T. ) ;
#1667 = DIRECTION ( 'NONE',  ( -0.000000000000000000, -0.000000000000000000, -1.000000000000000000 ) ) ;
#1668 = DIRECTION ( 'NONE',  ( 1.000000000000000000, 0.000000000000000000, 0.000000000000000000 ) ) ;
#1669 = EDGE_LOOP ( 'NONE', ( #3245, #1083 ) ) ;
#1670 = CARTESIAN_POINT ( 'NONE',  ( 0.000000000000000000, 2.899999999999999911, 0.000000000000000000 ) ) ;
#1671 = FACE_OUTER_BOUND ( 'NONE', #1823, .T. ) ;
#1672 = ORIENTED_EDGE ( 'NONE', *, *, #1092, .T. ) ;
#1673 = ADVANCED_FACE ( 'NONE', ( #650 ), #1243, .F. ) ;
#1674 = CARTESIAN_POINT ( 'NONE',  ( -2.299999999999999378, 0.7500000000000004441, -1.149999999999999911 ) ) ;
#1675 = CARTESIAN_POINT ( 'NONE',  ( -1.650000000000000799, 12.16396103067892653, -1.300000000000000044 ) ) ;
#1676 = DIRECTION ( 'NONE',  ( -1.000000000000000000, -1.807003620809174632E-16, 0.000000000000000000 ) ) ;
#1677 = VERTEX_POINT ( 'NONE', #2403 ) ;
#1678 = CARTESIAN_POINT ( 'NONE',  ( 3.250000000000000000, 0.000000000000000000, -1.149999999999999911 ) ) ;
#1679 = DIRECTION ( 'NONE',  ( -1.000000000000000000, 0.000000000000000000, 0.000000000000000000 ) ) ;
#1680 = ORIENTED_EDGE ( 'NONE', *, *, #1260, .T. ) ;
#1681 = CARTESIAN_POINT ( 'NONE',  ( -2.600000000000000089, 0.3500000000000000888, 1.149999999999999911 ) ) ;
#1682 = ORIENTED_EDGE ( 'NONE', *, *, #1196, .F. ) ;
#1683 = VERTEX_POINT ( 'NONE', #1515 ) ;
#1684 = VECTOR ( 'NONE', #2563, 1000.000000000000000 ) ;
#1685 = DIRECTION ( 'NONE',  ( 0.000000000000000000, 0.000000000000000000, 1.000000000000000000 ) ) ;
#1686 = VECTOR ( 'NONE', #1893, 1000.000000000000000 ) ;
#1687 = VECTOR ( 'NONE', #321, 1000.000000000000000 ) ;
#1688 = ADVANCED_FACE ( 'NONE', ( #59 ), #902, .F. ) ;
#1689 = DIRECTION ( 'NONE',  ( 1.000000000000000000, 0.000000000000000000, 0.000000000000000000 ) ) ;
#1690 = FACE_OUTER_BOUND ( 'NONE', #3720, .T. ) ;
#1691 = AXIS2_PLACEMENT_3D ( 'NONE', #2655, #1205, #3049 ) ;
#1692 = CARTESIAN_POINT ( 'NONE',  ( -2.250000000000000000, 0.7500000000000004441, -1.149999999999999911 ) ) ;
#1693 = ORIENTED_EDGE ( 'NONE', *, *, #1979, .T. ) ;
#1694 = DIRECTION ( 'NONE',  ( 1.000000000000000000, 0.000000000000000000, 0.000000000000000000 ) ) ;
#1695 = LINE ( 'NONE', #3464, #60 ) ;
#1696 = CARTESIAN_POINT ( 'NONE',  ( -2.250000000000000000, 0.000000000000000000, 1.950000000000000844 ) ) ;
#1697 = ORIENTED_EDGE ( 'NONE', *, *, #3329, .T. ) ;
#1698 = CARTESIAN_POINT ( 'NONE',  ( -2.250000000000000000, 0.7500000000000004441, 1.850000000000000089 ) ) ;
#1699 = CARTESIAN_POINT ( 'NONE',  ( -1.949999999999999956, 12.16396103067892653, 2.250000000000000888 ) ) ;
#1700 = EDGE_CURVE ( 'NONE', #1629, #2213, #2965, .T. ) ;
#1701 = ORIENTED_EDGE ( 'NONE', *, *, #1108, .F. ) ;
#1702 = DIRECTION ( 'NONE',  ( 0.000000000000000000, 1.000000000000000000, 0.000000000000000000 ) ) ;
#1703 = CARTESIAN_POINT ( 'NONE',  ( -2.250000000000000000, 2.600000000000000089, 1.950000000000000844 ) ) ;
#1704 = EDGE_CURVE ( 'NONE', #1394, #489, #630, .T. ) ;
#1705 = AXIS2_PLACEMENT_3D ( 'NONE', #3062, #1364, #792 ) ;
#1706 = CARTESIAN_POINT ( 'NONE',  ( -2.250000000000000444, 2.600000000000000089, 0.8999999999999994671 ) ) ;
#1707 = CARTESIAN_POINT ( 'NONE',  ( -1.650000000000000799, 12.16396103067892653, -1.649999999999999911 ) ) ;
#1708 = VECTOR ( 'NONE', #2577, 1000.000000000000000 ) ;
#1709 = DIRECTION ( 'NONE',  ( 0.000000000000000000, 1.000000000000000000, 0.000000000000000000 ) ) ;
#1710 = PLANE ( 'NONE',  #355 ) ;
#1711 = AXIS2_PLACEMENT_3D ( 'NONE', #3140, #250, #1359 ) ;
#1712 = FACE_OUTER_BOUND ( 'NONE', #2148, .T. ) ;
#1713 = LINE ( 'NONE', #844, #3010 ) ;
#1714 = VECTOR ( 'NONE', #3204, 1000.000000000000000 ) ;
#1715 = VECTOR ( 'NONE', #1219, 1000.000000000000000 ) ;
#1716 = UNCERTAINTY_MEASURE_WITH_UNIT (LENGTH_MEASURE( 1.000000000000000082E-05 ), #1139, 'distance_accuracy_value', 'NONE');
#1717 = EDGE_CURVE ( 'NONE', #3527, #2235, #543, .T. ) ;
#1718 = ORIENTED_EDGE ( 'NONE', *, *, #2063, .T. ) ;
#1719 = CIRCLE ( 'NONE', #359, 0.3500000000000000333 ) ;
#1720 = PLANE ( 'NONE',  #765 ) ;
#1721 = EDGE_CURVE ( 'NONE', #903, #1003, #1631, .T. ) ;
#1722 = VECTOR ( 'NONE', #786, 1000.000000000000000 ) ;
#1723 = EDGE_LOOP ( 'NONE', ( #3255, #546, #1209, #492 ) ) ;
#1724 = DIRECTION ( 'NONE',  ( 0.000000000000000000, 1.000000000000000000, 0.000000000000000000 ) ) ;
#1725 = LINE ( 'NONE', #3152, #2680 ) ;
#1726 = DIRECTION ( 'NONE',  ( 0.000000000000000000, 0.000000000000000000, 1.000000000000000000 ) ) ;
#1727 = UNCERTAINTY_MEASURE_WITH_UNIT (LENGTH_MEASURE( 1.000000000000000082E-05 ), #120, 'distance_accuracy_value', 'NONE');
#1728 = ORIENTED_EDGE ( 'NONE', *, *, #2705, .F. ) ;
#1729 = DIRECTION ( 'NONE',  ( 1.000000000000000000, 0.000000000000000000, -0.000000000000000000 ) ) ;
#1730 = LINE ( 'NONE', #3736, #2126 ) ;
#1731 = DIRECTION ( 'NONE',  ( 0.000000000000000000, 1.000000000000000000, 0.000000000000000000 ) ) ;
#1732 = CARTESIAN_POINT ( 'NONE',  ( 1.650000000000001021, 12.16396103067892653, 1.650000000000001688 ) ) ;
#1733 = ADVANCED_FACE ( 'NONE', ( #1259 ), #458, .T. ) ;
#1734 = EDGE_LOOP ( 'NONE', ( #3423, #2585, #2720, #1286 ) ) ;
#1735 = CARTESIAN_POINT ( 'NONE',  ( 1.949999999999999956, 0.000000000000000000, 2.250000000000000888 ) ) ;
#1736 = ORIENTED_EDGE ( 'NONE', *, *, #628, .T. ) ;
#1737 = VERTEX_POINT ( 'NONE', #2476 ) ;
#1738 = DIRECTION ( 'NONE',  ( 0.000000000000000000, 0.000000000000000000, 1.000000000000000000 ) ) ;
#1739 = CARTESIAN_POINT ( 'NONE',  ( 2.649999999999999911, 0.3500000000000000888, 1.149999999999999911 ) ) ;
#1740 = VECTOR ( 'NONE', #56, 1000.000000000000000 ) ;
#1741 = CARTESIAN_POINT ( 'NONE',  ( 1.649999999999999911, 2.600000000000000089, -1.300000000000000044 ) ) ;
#1742 = ORIENTED_EDGE ( 'NONE', *, *, #3267, .F. ) ;
#1743 = EDGE_CURVE ( 'NONE', #3484, #916, #398, .T. ) ;
#1744 = CARTESIAN_POINT ( 'NONE',  ( 1.649999999999999911, 12.16396103067892653, -1.300000000000000044 ) ) ;
#1745 = PLANE ( 'NONE',  #2487 ) ;
#1746 = LINE ( 'NONE', #287, #2796 ) ;
#1747 = CARTESIAN_POINT ( 'NONE',  ( -1.299999999999999600, 0.2999999999999999889, -2.249999999999999112 ) ) ;
#1748 = EDGE_CURVE ( 'NONE', #1805, #2103, #708, .T. ) ;
#1749 = LINE ( 'NONE', #2038, #2905 ) ;
#1750 = ORIENTED_EDGE ( 'NONE', *, *, #1077, .T. ) ;
#1751 = LINE ( 'NONE', #2387, #1625 ) ;
#1752 = VERTEX_POINT ( 'NONE', #3275 ) ;
#1753 = VERTEX_POINT ( 'NONE', #438 ) ;
#1754 = DIRECTION ( 'NONE',  ( -0.000000000000000000, -1.000000000000000000, -0.000000000000000000 ) ) ;
#1755 = CARTESIAN_POINT ( 'NONE',  ( -2.299999999999999822, 0.7500000000000004441, -1.149999999999999911 ) ) ;
#1756 = ADVANCED_FACE ( 'NONE', ( #149 ), #1573, .T. ) ;
#1757 = FILL_AREA_STYLE_COLOUR ( '', #1591 ) ;
#1758 = ORIENTED_EDGE ( 'NONE', *, *, #653, .T. ) ;
#1759 = VECTOR ( 'NONE', #678, 1000.000000000000000 ) ;
#1760 = LINE ( 'NONE', #268, #3741 ) ;
#1761 = DIRECTION ( 'NONE',  ( 1.000000000000000000, 0.000000000000000000, 0.000000000000000000 ) ) ;
#1762 = DIRECTION ( 'NONE',  ( -1.000000000000000000, 0.000000000000000000, 0.000000000000000000 ) ) ;
#1763 = CARTESIAN_POINT ( 'NONE',  ( 1.949999999999999956, 2.600000000000000089, 2.250000000000000888 ) ) ;
#1764 = AXIS2_PLACEMENT_3D ( 'NONE', #3025, #748, #3061 ) ;
#1765 = EDGE_CURVE ( 'NONE', #1172, #1651, #111, .T. ) ;
#1766 = FACE_OUTER_BOUND ( 'NONE', #3649, .T. ) ;
#1767 = EDGE_LOOP ( 'NONE', ( #2702, #984, #3384, #410 ) ) ;
#1768 = ADVANCED_FACE ( 'NONE', ( #3635 ), #3008, .F. ) ;
#1769 = DIRECTION ( 'NONE',  ( -0.000000000000000000, -0.000000000000000000, 1.000000000000000000 ) ) ;
#1770 = TOROIDAL_SURFACE ( 'NONE', #2425, 0.1500000000000002442, 0.2000000000000000111 ) ;
#1771 = EDGE_LOOP ( 'NONE', ( #446, #3410, #2183, #1635 ) ) ;
#1772 = EDGE_LOOP ( 'NONE', ( #3301, #692 ) ) ;
#1773 = AXIS2_PLACEMENT_3D ( 'NONE', #3362, #429, #737 ) ;
#1774 = SURFACE_STYLE_USAGE ( .BOTH. , #601 ) ;
#1775 = CARTESIAN_POINT ( 'NONE',  ( -2.250000000000000000, 1.100000000000000089, -1.149999999999999911 ) ) ;
#1776 = CARTESIAN_POINT ( 'NONE',  ( 3.250000000000000000, 0.2999999999999998779, -1.149999999999999911 ) ) ;
#1777 = AXIS2_PLACEMENT_3D ( 'NONE', #215, #3431, #592 ) ;
#1778 = LINE ( 'NONE', #2874, #3154 ) ;
#1779 = ORIENTED_EDGE ( 'NONE', *, *, #2565, .T. ) ;
#1780 = CARTESIAN_POINT ( 'NONE',  ( -2.250000000000000000, 2.899999999999999911, -0.8999999999999986899 ) ) ;
#1781 = CARTESIAN_POINT ( 'NONE',  ( 2.250000000000000000, 2.600000000000000089, -0.8999999999999989120 ) ) ;
#1782 = CARTESIAN_POINT ( 'NONE',  ( 2.250000000000000000, 0.7500000000000004441, 1.850000000000000089 ) ) ;
#1783 = EDGE_CURVE ( 'NONE', #2574, #2900, #130, .T. ) ;
#1784 = LINE ( 'NONE', #2914, #1856 ) ;
#1785 = FACE_BOUND ( 'NONE', #2409, .T. ) ;
#1786 = ORIENTED_EDGE ( 'NONE', *, *, #453, .F. ) ;
#1787 = LINE ( 'NONE', #2898, #1560 ) ;
#1788 = ORIENTED_EDGE ( 'NONE', *, *, #1135, .T. ) ;
#1789 = EDGE_CURVE ( 'NONE', #2722, #3622, #2744, .T. ) ;
#1790 = ORIENTED_EDGE ( 'NONE', *, *, #544, .T. ) ;
#1791 = ORIENTED_EDGE ( 'NONE', *, *, #380, .F. ) ;
#1792 = FACE_OUTER_BOUND ( 'NONE', #1230, .T. ) ;
#1793 = DIRECTION ( 'NONE',  ( 0.000000000000000000, 0.000000000000000000, -1.000000000000000000 ) ) ;
#1794 = LINE ( 'NONE', #98, #2618 ) ;
#1795 = EDGE_LOOP ( 'NONE', ( #778, #941, #3697, #2256, #2656, #1389, #2506, #2747, #3040, #2473 ) ) ;
#1796 = DIRECTION ( 'NONE',  ( 0.000000000000000000, 1.000000000000000000, 0.000000000000000000 ) ) ;
#1797 = ORIENTED_EDGE ( 'NONE', *, *, #2846, .T. ) ;
#1798 = DIRECTION ( 'NONE',  ( -0.000000000000000000, -0.000000000000000000, 1.000000000000000000 ) ) ;
#1799 = DIRECTION ( 'NONE',  ( 0.000000000000000000, 0.000000000000000000, 1.000000000000000000 ) ) ;
#1800 = CARTESIAN_POINT ( 'NONE',  ( 1.649999999999999911, 2.899999999999999911, -1.650000000000000133 ) ) ;
#1801 = CIRCLE ( 'NONE', #2343, 0.3500000000000000333 ) ;
#1802 = DIRECTION ( 'NONE',  ( 0.000000000000000000, -1.000000000000000000, 0.000000000000000000 ) ) ;
#1803 = CARTESIAN_POINT ( 'NONE',  ( 2.299999999999999378, 0.7500000000000004441, -1.850000000000000089 ) ) ;
#1804 = AXIS2_PLACEMENT_3D ( 'NONE', #1460, #940, #312 ) ;
#1805 = VERTEX_POINT ( 'NONE', #2441 ) ;
#1806 = ORIENTED_EDGE ( 'NONE', *, *, #507, .T. ) ;
#1807 = ORIENTED_EDGE ( 'NONE', *, *, #2933, .T. ) ;
#1808 = DIRECTION ( 'NONE',  ( 0.000000000000000000, 1.000000000000000000, 0.000000000000000000 ) ) ;
#1809 = EDGE_LOOP ( 'NONE', ( #1047, #1953, #2079, #137 ) ) ;
#1810 = EDGE_CURVE ( 'NONE', #97, #3317, #3634, .T. ) ;
#1811 = DIRECTION ( 'NONE',  ( -0.000000000000000000, -1.000000000000000000, -0.000000000000000000 ) ) ;
#1812 = VERTEX_POINT ( 'NONE', #2201 ) ;
#1813 = EDGE_CURVE ( 'NONE', #522, #3090, #906, .T. ) ;
#1814 = ORIENTED_EDGE ( 'NONE', *, *, #351, .T. ) ;
#1815 = CARTESIAN_POINT ( 'NONE',  ( 1.650000000000001021, 2.999999999999999556, 1.650000000000001688 ) ) ;
#1816 = AXIS2_PLACEMENT_3D ( 'NONE', #11, #3151, #2661 ) ;
#1817 = LINE ( 'NONE', #920, #3709 ) ;
#1818 = CARTESIAN_POINT ( 'NONE',  ( 2.600000000000000089, 0.7500000000000004441, -1.149999999999999911 ) ) ;
#1819 = AXIS2_PLACEMENT_3D ( 'NONE', #3048, #1915, #3333 ) ;
#1820 = DIRECTION ( 'NONE',  ( -0.000000000000000000, -0.000000000000000000, 1.000000000000000000 ) ) ;
#1821 = VECTOR ( 'NONE', #769, 1000.000000000000000 ) ;
#1822 = CARTESIAN_POINT ( 'NONE',  ( -2.250000000000000000, 2.600000000000000089, 1.950000000000000844 ) ) ;
#1823 = EDGE_LOOP ( 'NONE', ( #461, #437, #813, #1570 ) ) ;
#1824 = VECTOR ( 'NONE', #2555, 1000.000000000000000 ) ;
#1825 = ORIENTED_EDGE ( 'NONE', *, *, #282, .T. ) ;
#1826 = CIRCLE ( 'NONE', #2255, 0.05000000000000012768 ) ;
#1827 = DIRECTION ( 'NONE',  ( -0.000000000000000000, -1.000000000000000000, -0.000000000000000000 ) ) ;
#1828 = ORIENTED_EDGE ( 'NONE', *, *, #1539, .T. ) ;
#1829 = EDGE_CURVE ( 'NONE', #3666, #740, #977, .T. ) ;
#1830 = CARTESIAN_POINT ( 'NONE',  ( -1.949999999999999956, 0.000000000000000000, -1.949999999999999067 ) ) ;
#1831 = VECTOR ( 'NONE', #965, 1000.000000000000000 ) ;
#1832 = ORIENTED_EDGE ( 'NONE', *, *, #331, .T. ) ;
#1833 = VECTOR ( 'NONE', #2733, 1000.000000000000000 ) ;
#1834 = AXIS2_PLACEMENT_3D ( 'NONE', #2498, #1934, #3078 ) ;
#1835 = VECTOR ( 'NONE', #2084, 1000.000000000000000 ) ;
#1836 = CARTESIAN_POINT ( 'NONE',  ( 1.949999999999999956, 2.600000000000000089, 2.250000000000000888 ) ) ;
#1837 = DIRECTION ( 'NONE',  ( 1.000000000000000000, -1.807003620809174632E-16, 0.000000000000000000 ) ) ;
#1838 = DIRECTION ( 'NONE',  ( 1.000000000000000000, -0.000000000000000000, 7.047314121155807220E-15 ) ) ;
#1839 = ADVANCED_FACE ( 'NONE', ( #2710 ), #1874, .F. ) ;
#1840 = CYLINDRICAL_SURFACE ( 'NONE', #3182, 0.3500000000000002554 ) ;
#1841 = ORIENTED_EDGE ( 'NONE', *, *, #1620, .T. ) ;
#1842 = EDGE_CURVE ( 'NONE', #2713, #1094, #690, .T. ) ;
#1843 = ORIENTED_EDGE ( 'NONE', *, *, #2348, .F. ) ;
#1844 = SURFACE_SIDE_STYLE ('',( #3582 ) ) ;
#1845 = ORIENTED_EDGE ( 'NONE', *, *, #491, .F. ) ;
#1846 = DIRECTION ( 'NONE',  ( 0.000000000000000000, 0.000000000000000000, -1.000000000000000000 ) ) ;
#1847 = VERTEX_POINT ( 'NONE', #419 ) ;
#1848 = ORIENTED_EDGE ( 'NONE', *, *, #825, .T. ) ;
#1849 = CARTESIAN_POINT ( 'NONE',  ( -2.649999999999999911, 0.3500000000000000888, -1.850000000000000089 ) ) ;
#1850 = ORIENTED_EDGE ( 'NONE', *, *, #3610, .T. ) ;
#1851 = DIRECTION ( 'NONE',  ( -0.000000000000000000, -0.000000000000000000, -1.000000000000000000 ) ) ;
#1852 = DIRECTION ( 'NONE',  ( 0.000000000000000000, 1.000000000000000000, 0.000000000000000000 ) ) ;
#1853 = EDGE_CURVE ( 'NONE', #2558, #2712, #1596, .T. ) ;
#1854 = EDGE_CURVE ( 'NONE', #3090, #3208, #91, .T. ) ;
#1855 = CARTESIAN_POINT ( 'NONE',  ( 2.250000000000000000, 2.899999999999999911, 0.9000000000000013545 ) ) ;
#1856 = VECTOR ( 'NONE', #2895, 1000.000000000000000 ) ;
#1857 = CARTESIAN_POINT ( 'NONE',  ( 1.949999999999999956, 12.16396103067892653, 2.250000000000000888 ) ) ;
#1858 = EDGE_CURVE ( 'NONE', #3085, #3470, #1554, .T. ) ;
#1859 = EDGE_LOOP ( 'NONE', ( #582, #3450 ) ) ;
#1860 = STYLED_ITEM ( 'NONE', ( #1931 ), #2845 ) ;
#1861 = ORIENTED_EDGE ( 'NONE', *, *, #1892, .T. ) ;
#1862 = DIRECTION ( 'NONE',  ( -0.000000000000000000, -1.000000000000000000, -0.000000000000000000 ) ) ;
#1863 = CARTESIAN_POINT ( 'NONE',  ( -1.299999999999999600, 0.2999999999999999889, 2.249999999999999112 ) ) ;
#1864 = ORIENTED_EDGE ( 'NONE', *, *, #3168, .F. ) ;
#1865 = CARTESIAN_POINT ( 'NONE',  ( -1.650000000000000355, 2.999999999999999556, 1.650000000000002354 ) ) ;
#1866 = EDGE_LOOP ( 'NONE', ( #9, #2732, #3299, #852 ) ) ;
#1867 = ORIENTED_EDGE ( 'NONE', *, *, #3588, .F. ) ;
#1868 = CARTESIAN_POINT ( 'NONE',  ( 0.000000000000000000, 11.55979797464466508, 0.000000000000000000 ) ) ;
#1869 = DIRECTION ( 'NONE',  ( -0.000000000000000000, -1.000000000000000000, -0.000000000000000000 ) ) ;
#1870 = EDGE_CURVE ( 'NONE', #1939, #522, #2275, .T. ) ;
#1871 = CARTESIAN_POINT ( 'NONE',  ( 1.649999999999999911, 4.489949493661167246, -1.300000000000000044 ) ) ;
#1872 = CARTESIAN_POINT ( 'NONE',  ( 1.650000000000001021, 2.600000000000000089, 1.650000000000001688 ) ) ;
#1873 = EDGE_CURVE ( 'NONE', #1970, #2407, #1730, .T. ) ;
#1874 = PLANE ( 'NONE',  #1764 ) ;
#1875 = EDGE_CURVE ( 'NONE', #44, #931, #2219, .T. ) ;
#1876 = CARTESIAN_POINT ( 'NONE',  ( 1.650000000000001021, 4.489949493661167246, 1.650000000000001688 ) ) ;
#1877 = DIRECTION ( 'NONE',  ( 0.000000000000000000, 0.000000000000000000, -1.000000000000000000 ) ) ;
#1878 = ORIENTED_EDGE ( 'NONE', *, *, #553, .T. ) ;
#1879 = AXIS2_PLACEMENT_3D ( 'NONE', #1119, #242, #113 ) ;
#1880 = CARTESIAN_POINT ( 'NONE',  ( -2.250000000000000444, 2.600000000000000089, 0.8999999999999994671 ) ) ;
#1881 = CARTESIAN_POINT ( 'NONE',  ( -1.949999999999999956, 0.000000000000000000, -2.249999999999999112 ) ) ;
#1882 = ORIENTED_EDGE ( 'NONE', *, *, #1245, .T. ) ;
#1883 = FACE_OUTER_BOUND ( 'NONE', #1971, .T. ) ;
#1884 = AXIS2_PLACEMENT_3D ( 'NONE', #35, #3197, #922 ) ;
#1885 = ORIENTED_EDGE ( 'NONE', *, *, #12, .T. ) ;
#1886 = ORIENTED_EDGE ( 'NONE', *, *, #2575, .F. ) ;
#1887 = VECTOR ( 'NONE', #2158, 1000.000000000000000 ) ;
#1888 = PLANE ( 'NONE',  #1279 ) ;
#1889 = LINE ( 'NONE', #742, #971 ) ;
#1890 = AXIS2_PLACEMENT_3D ( 'NONE', #3714, #160, #720 ) ;
#1891 = TOROIDAL_SURFACE ( 'NONE', #246, 1.149999999999999911, 0.2500000000000000000 ) ;
#1892 = EDGE_CURVE ( 'NONE', #3239, #679, #2502, .T. ) ;
#1893 = DIRECTION ( 'NONE',  ( -0.000000000000000000, 1.000000000000000000, -0.000000000000000000 ) ) ;
#1894 = DIRECTION ( 'NONE',  ( -0.000000000000000000, 1.000000000000000000, -0.000000000000000000 ) ) ;
#1895 = VERTEX_POINT ( 'NONE', #1053 ) ;
#1896 = CIRCLE ( 'NONE', #734, 0.3500000000000000333 ) ;
#1897 = CARTESIAN_POINT ( 'NONE',  ( -2.600000000000000089, 0.7500000000000004441, -1.850000000000000089 ) ) ;
#1898 = ADVANCED_FACE ( 'NONE', ( #1363 ), #3162, .F. ) ;
#1899 = CYLINDRICAL_SURFACE ( 'NONE', #839, 0.3499999999999998113 ) ;
#1900 = DIRECTION ( 'NONE',  ( -0.000000000000000000, -1.000000000000000000, -0.000000000000000000 ) ) ;
#1901 = ORIENTED_EDGE ( 'NONE', *, *, #2288, .F. ) ;
#1902 = CARTESIAN_POINT ( 'NONE',  ( -2.299999999999999822, 0.7500000000000004441, 1.149999999999999911 ) ) ;
#1903 = LINE ( 'NONE', #1044, #3024 ) ;
#1904 = VERTEX_POINT ( 'NONE', #1978 ) ;
#1905 = DIRECTION ( 'NONE',  ( -0.000000000000000000, -1.000000000000000000, -0.000000000000000000 ) ) ;
#1906 = EDGE_LOOP ( 'NONE', ( #3514, #2623, #3352, #2055 ) ) ;
#1907 = EDGE_CURVE ( 'NONE', #1348, #222, #1385, .T. ) ;
#1908 = ORIENTED_EDGE ( 'NONE', *, *, #2714, .T. ) ;
#1909 = DIRECTION ( 'NONE',  ( -1.000000000000000000, 0.000000000000000000, 0.000000000000000000 ) ) ;
#1910 = EDGE_CURVE ( 'NONE', #222, #44, #45, .T. ) ;
#1911 = CARTESIAN_POINT ( 'NONE',  ( 2.250000000000000000, 2.899999999999999911, -1.949999999999999067 ) ) ;
#1912 = DIRECTION ( 'NONE',  ( -0.000000000000000000, -1.000000000000000000, -0.000000000000000000 ) ) ;
#1913 = VERTEX_POINT ( 'NONE', #2539 ) ;
#1914 = DIRECTION ( 'NONE',  ( -7.047314121155806431E-15, 0.000000000000000000, 1.000000000000000000 ) ) ;
#1915 = DIRECTION ( 'NONE',  ( -1.000000000000000000, 0.000000000000000000, -0.000000000000000000 ) ) ;
#1916 = CARTESIAN_POINT ( 'NONE',  ( -1.299999999999999600, 0.2999999999999999889, -2.249999999999999112 ) ) ;
#1917 = VECTOR ( 'NONE', #1013, 1000.000000000000000 ) ;
#1918 = ADVANCED_FACE ( 'NONE', ( #1654 ), #2822, .T. ) ;
#1919 = EDGE_LOOP ( 'NONE', ( #2113, #1088, #1320, #3710, #2267, #875, #63, #389, #3728, #3671, #467, #3065, #1409, #1142, #1156, #1666, #2413, #2001, #2096, #945, #948, #1958, #3302, #1232 ) ) ;
#1920 = ORIENTED_EDGE ( 'NONE', *, *, #3540, .T. ) ;
#1921 = FACE_OUTER_BOUND ( 'NONE', #2505, .T. ) ;
#1922 = ORIENTED_EDGE ( 'NONE', *, *, #2760, .T. ) ;
#1923 = VECTOR ( 'NONE', #2690, 1000.000000000000000 ) ;
#1924 = DIRECTION ( 'NONE',  ( -0.000000000000000000, -0.000000000000000000, 1.000000000000000000 ) ) ;
#1925 = ORIENTED_EDGE ( 'NONE', *, *, #1813, .F. ) ;
#1926 = ORIENTED_EDGE ( 'NONE', *, *, #628, .F. ) ;
#1927 = AXIS2_PLACEMENT_3D ( 'NONE', #1153, #3740, #2295 ) ;
#1928 = ADVANCED_FACE ( 'NONE', ( #1074 ), #523, .F. ) ;
#1929 = CARTESIAN_POINT ( 'NONE',  ( 1.949999999999999956, 12.16396103067892653, -2.249999999999999112 ) ) ;
#1930 = DIRECTION ( 'NONE',  ( 0.000000000000000000, 0.000000000000000000, -1.000000000000000000 ) ) ;
#1931 = PRESENTATION_STYLE_ASSIGNMENT (( #1609 ) ) ;
#1932 = LINE ( 'NONE', #188, #1824 ) ;
#1933 = EDGE_CURVE ( 'NONE', #679, #2899, #3661, .T. ) ;
#1934 = DIRECTION ( 'NONE',  ( -0.000000000000000000, -1.000000000000000000, -0.000000000000000000 ) ) ;
#1935 = ORIENTED_EDGE ( 'NONE', *, *, #420, .F. ) ;
#1936 = LINE ( 'NONE', #1405, #2301 ) ;
#1937 = CARTESIAN_POINT ( 'NONE',  ( 1.299999999999999822, 0.000000000000000000, 2.249999999999999112 ) ) ;
#1938 = LINE ( 'NONE', #2880, #1684 ) ;
#1939 = VERTEX_POINT ( 'NONE', #1422 ) ;
#1940 = ORIENTED_EDGE ( 'NONE', *, *, #3498, .F. ) ;
#1941 = AXIS2_PLACEMENT_3D ( 'NONE', #41, #1738, #2902 ) ;
#1942 =( NAMED_UNIT ( * ) PLANE_ANGLE_UNIT ( ) SI_UNIT ( $, .RADIAN. ) );
#1943 = CARTESIAN_POINT ( 'NONE',  ( 3.250000000000000000, 0.000000000000000000, -1.149999999999999911 ) ) ;
#1944 = ORIENTED_EDGE ( 'NONE', *, *, #3112, .F. ) ;
#1945 = CARTESIAN_POINT ( 'NONE',  ( 2.299999999999999822, 0.3500000000000001443, 1.149999999999999911 ) ) ;
#1946 = ORIENTED_EDGE ( 'NONE', *, *, #1309, .T. ) ;
#1947 = AXIS2_PLACEMENT_3D ( 'NONE', #153, #3381, #2242 ) ;
#1948 = ORIENTED_EDGE ( 'NONE', *, *, #2694, .T. ) ;
#1949 = EDGE_CURVE ( 'NONE', #3688, #2342, #502, .T. ) ;
#1950 = VECTOR ( 'NONE', #2160, 1000.000000000000000 ) ;
#1951 = CARTESIAN_POINT ( 'NONE',  ( -2.250000000000000444, 2.600000000000000089, 0.8999999999999994671 ) ) ;
#1952 = DIRECTION ( 'NONE',  ( -0.000000000000000000, -1.000000000000000000, -0.000000000000000000 ) ) ;
#1953 = ORIENTED_EDGE ( 'NONE', *, *, #2365, .T. ) ;
#1954 = VECTOR ( 'NONE', #2273, 1000.000000000000000 ) ;
#1955 = CARTESIAN_POINT ( 'NONE',  ( 0.9000000000000002442, 2.899999999999999911, -2.249999999999999556 ) ) ;
#1956 = CYLINDRICAL_SURFACE ( 'NONE', #2496, 0.2999999999999999334 ) ;
#1957 = CIRCLE ( 'NONE', #3274, 0.05000000000000012768 ) ;
#1958 = ORIENTED_EDGE ( 'NONE', *, *, #747, .T. ) ;
#1959 = VECTOR ( 'NONE', #1579, 1000.000000000000000 ) ;
#1960 = CARTESIAN_POINT ( 'NONE',  ( -2.250000000000000000, 2.600000000000000089, -1.949999999999999067 ) ) ;
#1961 = DIRECTION ( 'NONE',  ( 0.000000000000000000, 1.000000000000000000, 0.000000000000000000 ) ) ;
#1962 = CARTESIAN_POINT ( 'NONE',  ( -2.649999999999999911, 0.2999999999999999889, -1.850000000000000089 ) ) ;
#1963 = AXIS2_PLACEMENT_3D ( 'NONE', #2578, #2035, #3737 ) ;
#1964 = CIRCLE ( 'NONE', #309, 0.05000000000000012768 ) ;
#1965 = ORIENTED_EDGE ( 'NONE', *, *, #399, .T. ) ;
#1966 = DIRECTION ( 'NONE',  ( 1.000000000000000000, 0.000000000000000000, 0.000000000000000000 ) ) ;
#1967 = DIRECTION ( 'NONE',  ( 0.000000000000000000, 1.000000000000000000, 0.000000000000000000 ) ) ;
#1968 = ORIENTED_EDGE ( 'NONE', *, *, #3436, .F. ) ;
#1969 = CARTESIAN_POINT ( 'NONE',  ( -2.250000000000000000, 2.899999999999999911, 1.950000000000000844 ) ) ;
#1970 = VERTEX_POINT ( 'NONE', #1674 ) ;
#1971 = EDGE_LOOP ( 'NONE', ( #1600, #3669, #2682, #2993 ) ) ;
#1972 = PLANE ( 'NONE',  #859 ) ;
#1973 = DIRECTION ( 'NONE',  ( -0.000000000000000000, -0.000000000000000000, 1.000000000000000000 ) ) ;
#1974 = ORIENTED_EDGE ( 'NONE', *, *, #2500, .T. ) ;
#1975 = CARTESIAN_POINT ( 'NONE',  ( 2.250000000000000000, 2.600000000000000089, -0.8999999999999989120 ) ) ;
#1976 = CARTESIAN_POINT ( 'NONE',  ( 2.250000000000000000, 2.600000000000000089, 1.950000000000000844 ) ) ;
#1977 = ORIENTED_EDGE ( 'NONE', *, *, #1984, .T. ) ;
#1978 = CARTESIAN_POINT ( 'NONE',  ( -2.250000000000000000, 1.100000000000000089, -1.850000000000000089 ) ) ;
#1979 = EDGE_CURVE ( 'NONE', #685, #314, #1936, .T. ) ;
#1980 = CARTESIAN_POINT ( 'NONE',  ( -2.649999999999999911, 5.421010862427522170E-17, -1.149999999999999911 ) ) ;
#1981 = ADVANCED_FACE ( 'NONE', ( #478 ), #3699, .F. ) ;
#1982 = DIRECTION ( 'NONE',  ( 0.000000000000000000, 0.000000000000000000, 1.000000000000000000 ) ) ;
#1983 = ORIENTED_EDGE ( 'NONE', *, *, #3498, .T. ) ;
#1984 = EDGE_CURVE ( 'NONE', #861, #2730, #477, .T. ) ;
#1985 = DIRECTION ( 'NONE',  ( 1.000000000000000000, -0.000000000000000000, -0.000000000000000000 ) ) ;
#1986 = EDGE_LOOP ( 'NONE', ( #2938, #2810 ) ) ;
#1987 = VECTOR ( 'NONE', #648, 1000.000000000000000 ) ;
#1988 = DIRECTION ( 'NONE',  ( 1.000000000000000000, 0.000000000000000000, -0.000000000000000000 ) ) ;
#1989 = VECTOR ( 'NONE', #2947, 1000.000000000000000 ) ;
#1990 = DIRECTION ( 'NONE',  ( 0.000000000000000000, 0.000000000000000000, 1.000000000000000000 ) ) ;
#1991 = CIRCLE ( 'NONE', #146, 0.3500000000000002554 ) ;
#1992 = FACE_OUTER_BOUND ( 'NONE', #1723, .T. ) ;
#1993 = UNCERTAINTY_MEASURE_WITH_UNIT (LENGTH_MEASURE( 1.000000000000000082E-05 ), #962, 'distance_accuracy_value', 'NONE');
#1994 = CIRCLE ( 'NONE', #1497, 0.3500000000000002554 ) ;
#1995 = LINE ( 'NONE', #147, #2195 ) ;
#1996 = PRODUCT_DEFINITION ( 'UNKNOWN', '', #2163, #803 ) ;
#1997 = CARTESIAN_POINT ( 'NONE',  ( 1.949999999999999956, 2.600000000000000089, -2.249999999999999112 ) ) ;
#1998 = CARTESIAN_POINT ( 'NONE',  ( 2.250000000000000000, 2.600000000000000089, -1.949999999999999067 ) ) ;
#1999 = EDGE_CURVE ( 'NONE', #489, #796, #3417, .T. ) ;
#2000 = FACE_OUTER_BOUND ( 'NONE', #1634, .T. ) ;
#2001 = ORIENTED_EDGE ( 'NONE', *, *, #2803, .F. ) ;
#2002 = FACE_OUTER_BOUND ( 'NONE', #345, .T. ) ;
#2003 = VECTOR ( 'NONE', #3146, 1000.000000000000000 ) ;
#2004 = ORIENTED_EDGE ( 'NONE', *, *, #1467, .T. ) ;
#2005 = DIRECTION ( 'NONE',  ( -0.000000000000000000, -0.000000000000000000, 1.000000000000000000 ) ) ;
#2006 = CARTESIAN_POINT ( 'NONE',  ( 1.650000000000001021, 2.899999999999999911, 1.650000000000001688 ) ) ;
#2007 = VECTOR ( 'NONE', #3727, 1000.000000000000000 ) ;
#2008 = AXIS2_PLACEMENT_3D ( 'NONE', #439, #2220, #1614 ) ;
#2009 = DIRECTION ( 'NONE',  ( 0.000000000000000000, 0.000000000000000000, 1.000000000000000000 ) ) ;
#2010 = VERTEX_POINT ( 'NONE', #2842 ) ;
#2011 = ADVANCED_FACE ( 'NONE', ( #827 ), #1710, .F. ) ;
#2012 = DIRECTION ( 'NONE',  ( -1.000000000000000000, 0.000000000000000000, 0.000000000000000000 ) ) ;
#2013 = CLOSED_SHELL ( 'NONE', ( #2789, #2297, #1494, #3594, #1673, #3210, #2901, #2877, #2962, #2151, #3492, #2709 ) ) ;
#2014 = CARTESIAN_POINT ( 'NONE',  ( -1.949999999999999956, 2.600000000000000089, -1.949999999999999067 ) ) ;
#2015 = AXIS2_PLACEMENT_3D ( 'NONE', #2681, #65, #2059 ) ;
#2016 = DIRECTION ( 'NONE',  ( 0.000000000000000000, 0.000000000000000000, 1.000000000000000000 ) ) ;
#2017 = DIRECTION ( 'NONE',  ( -1.000000000000000000, 0.000000000000000000, 0.000000000000000000 ) ) ;
#2018 = AXIS2_PLACEMENT_3D ( 'NONE', #622, #2152, #2394 ) ;
#2019 = AXIS2_PLACEMENT_3D ( 'NONE', #1601, #1862, #135 ) ;
#2020 = ADVANCED_FACE ( 'NONE', ( #1165 ), #1745, .F. ) ;
#2021 = VERTEX_POINT ( 'NONE', #2893 ) ;
#2022 = CIRCLE ( 'NONE', #1222, 0.04999999999999969746 ) ;
#2023 = CARTESIAN_POINT ( 'NONE',  ( -2.250000000000000000, 12.16396103067892653, -1.949999999999999067 ) ) ;
#2024 = VECTOR ( 'NONE', #3414, 1000.000000000000000 ) ;
#2025 = ORIENTED_EDGE ( 'NONE', *, *, #3721, .F. ) ;
#2026 = CARTESIAN_POINT ( 'NONE',  ( -1.650000000000000799, 2.999999999999999556, -1.649999999999999911 ) ) ;
#2027 = EDGE_CURVE ( 'NONE', #1339, #140, #3175, .T. ) ;
#2028 = DIRECTION ( 'NONE',  ( -0.000000000000000000, -1.000000000000000000, -0.000000000000000000 ) ) ;
#2029 = LINE ( 'NONE', #1448, #2671 ) ;
#2030 = EDGE_CURVE ( 'NONE', #1500, #2787, #54, .T. ) ;
#2031 = ADVANCED_FACE ( 'NONE', ( #1437 ), #1512, .F. ) ;
#2032 = EDGE_LOOP ( 'NONE', ( #1289, #1045, #2282, #1533 ) ) ;
#2033 = DIRECTION ( 'NONE',  ( -0.000000000000000000, -0.000000000000000000, 1.000000000000000000 ) ) ;
#2034 = DIRECTION ( 'NONE',  ( 0.000000000000000000, -0.000000000000000000, 1.000000000000000000 ) ) ;
#2035 = DIRECTION ( 'NONE',  ( 0.000000000000000000, 1.000000000000000000, 0.000000000000000000 ) ) ;
#2036 = DIRECTION ( 'NONE',  ( 0.000000000000000000, 0.000000000000000000, -1.000000000000000000 ) ) ;
#2037 = ADVANCED_FACE ( 'NONE', ( #320 ), #1145, .F. ) ;
#2038 = CARTESIAN_POINT ( 'NONE',  ( 0.8999999999999996891, 2.600000000000000089, -2.049999999999999378 ) ) ;
#2039 = ORIENTED_EDGE ( 'NONE', *, *, #810, .T. ) ;
#2040 = DIRECTION ( 'NONE',  ( 0.000000000000000000, 1.000000000000000000, 0.000000000000000000 ) ) ;
#2041 = VERTEX_POINT ( 'NONE', #2669 ) ;
#2042 = ADVANCED_FACE ( 'NONE', ( #936 ), #575, .F. ) ;
#2043 = ORIENTED_EDGE ( 'NONE', *, *, #453, .T. ) ;
#2044 = CARTESIAN_POINT ( 'NONE',  ( 3.250000000000000000, 0.2999999999999998779, 1.149999999999999911 ) ) ;
#2045 = DIRECTION ( 'NONE',  ( 0.000000000000000000, 1.000000000000000000, 0.000000000000000000 ) ) ;
#2046 = LINE ( 'NONE', #283, #2971 ) ;
#2047 = ORIENTED_EDGE ( 'NONE', *, *, #1218, .F. ) ;
#2048 = CIRCLE ( 'NONE', #578, 0.3500000000000000333 ) ;
#2049 = CYLINDRICAL_SURFACE ( 'NONE', #3184, 0.3500000000000000333 ) ;
#2050 = EDGE_CURVE ( 'NONE', #3093, #645, #3518, .T. ) ;
#2051 = LINE ( 'NONE', #1475, #109 ) ;
#2052 = DIRECTION ( 'NONE',  ( 0.000000000000000000, 0.000000000000000000, 1.000000000000000000 ) ) ;
#2053 = FACE_OUTER_BOUND ( 'NONE', #22, .T. ) ;
#2054 = CYLINDRICAL_SURFACE ( 'NONE', #414, 0.3500000000000000333 ) ;
#2055 = ORIENTED_EDGE ( 'NONE', *, *, #34, .F. ) ;
#2056 = CARTESIAN_POINT ( 'NONE',  ( 1.649999999999999911, 3.199999999999999734, -1.650000000000000133 ) ) ;
#2057 = ORIENTED_EDGE ( 'NONE', *, *, #1388, .F. ) ;
#2058 = ORIENTED_EDGE ( 'NONE', *, *, #2657, .F. ) ;
#2059 = DIRECTION ( 'NONE',  ( 1.000000000000000000, -1.807003620809174632E-16, 0.000000000000000000 ) ) ;
#2060 = CARTESIAN_POINT ( 'NONE',  ( -0.9000000000000002442, 2.600000000000000089, -2.249999999999999112 ) ) ;
#2061 = LINE ( 'NONE', #1755, #1532 ) ;
#2062 = VECTOR ( 'NONE', #3114, 1000.000000000000000 ) ;
#2063 = EDGE_CURVE ( 'NONE', #1394, #2574, #1817, .T. ) ;
#2064 = DIRECTION ( 'NONE',  ( 1.000000000000000000, 0.000000000000000000, 0.000000000000000000 ) ) ;
#2065 = VECTOR ( 'NONE', #297, 1000.000000000000000 ) ;
#2066 = ORIENTED_EDGE ( 'NONE', *, *, #789, .F. ) ;
#2067 = CIRCLE ( 'NONE', #1705, 0.2000000000000000944 ) ;
#2068 = PLANE ( 'NONE',  #701 ) ;
#2069 = CARTESIAN_POINT ( 'NONE',  ( 2.600000000000000089, 0.3500000000000000888, -1.149999999999999911 ) ) ;
#2070 = PLANE ( 'NONE',  #2501 ) ;
#2071 = CARTESIAN_POINT ( 'NONE',  ( -2.250000000000000000, 0.7999999999999997113, -1.149999999999999911 ) ) ;
#2072 = VECTOR ( 'NONE', #1280, 1000.000000000000000 ) ;
#2073 = ADVANCED_FACE ( 'NONE', ( #2967 ), #1333, .T. ) ;
#2074 = CIRCLE ( 'NONE', #2189, 0.3500000000000000333 ) ;
#2075 = LINE ( 'NONE', #882, #2607 ) ;
#2076 = VERTEX_POINT ( 'NONE', #1452 ) ;
#2077 = DIRECTION ( 'NONE',  ( -0.000000000000000000, -0.000000000000000000, 1.000000000000000000 ) ) ;
#2078 = VECTOR ( 'NONE', #2302, 1000.000000000000000 ) ;
#2079 = ORIENTED_EDGE ( 'NONE', *, *, #3050, .T. ) ;
#2080 = VERTEX_POINT ( 'NONE', #1781 ) ;
#2081 = ORIENTED_EDGE ( 'NONE', *, *, #2110, .F. ) ;
#2082 = AXIS2_PLACEMENT_3D ( 'NONE', #910, #3300, #2941 ) ;
#2083 =( NAMED_UNIT ( * ) SI_UNIT ( $, .STERADIAN. ) SOLID_ANGLE_UNIT ( ) );
#2084 = DIRECTION ( 'NONE',  ( 1.000000000000000000, 0.000000000000000000, 0.000000000000000000 ) ) ;
#2085 = DIRECTION ( 'NONE',  ( -1.000000000000000000, 0.000000000000000000, 0.000000000000000000 ) ) ;
#2086 = AXIS2_PLACEMENT_3D ( 'NONE', #842, #878, #2052 ) ;
#2087 = CARTESIAN_POINT ( 'NONE',  ( -2.649999999999999911, 0.2999999999999999889, 1.850000000000000089 ) ) ;
#2088 = ORIENTED_EDGE ( 'NONE', *, *, #227, .F. ) ;
#2089 = CARTESIAN_POINT ( 'NONE',  ( 2.649999999999999911, 0.3500000000000000888, 1.149999999999999911 ) ) ;
#2090 = LINE ( 'NONE', #2617, #325 ) ;
#2091 = CARTESIAN_POINT ( 'NONE',  ( 2.649999999999999911, 0.2999999999999999889, 1.149999999999999911 ) ) ;
#2092 = ADVANCED_FACE ( 'NONE', ( #339 ), #2362, .T. ) ;
#2093 = DIRECTION ( 'NONE',  ( -0.000000000000000000, -0.000000000000000000, 1.000000000000000000 ) ) ;
#2094 = VERTEX_POINT ( 'NONE', #877 ) ;
#2095 = EDGE_LOOP ( 'NONE', ( #1779, #2961, #2372, #3283, #1920, #326, #2268, #1908, #3579, #2134 ) ) ;
#2096 = ORIENTED_EDGE ( 'NONE', *, *, #957, .F. ) ;
#2097 = EDGE_CURVE ( 'NONE', #3711, #1500, #2051, .T. ) ;
#2098 = FACE_OUTER_BOUND ( 'NONE', #2869, .T. ) ;
#2099 = CARTESIAN_POINT ( 'NONE',  ( 0.9000000000000002442, 2.899999999999999911, -2.249999999999999556 ) ) ;
#2100 = VERTEX_POINT ( 'NONE', #3232 ) ;
#2101 = DIRECTION ( 'NONE',  ( 0.000000000000000000, 0.000000000000000000, 1.000000000000000000 ) ) ;
#2102 = ORIENTED_EDGE ( 'NONE', *, *, #138, .F. ) ;
#2103 = VERTEX_POINT ( 'NONE', #591 ) ;
#2104 = CARTESIAN_POINT ( 'NONE',  ( 1.650000000000001021, 2.999999999999999556, 1.300000000000001599 ) ) ;
#2105 = CARTESIAN_POINT ( 'NONE',  ( -2.250000000000000000, 0.7500000000000004441, -1.149999999999999911 ) ) ;
#2106 = EDGE_CURVE ( 'NONE', #2787, #1125, #1586, .T. ) ;
#2107 = DIRECTION ( 'NONE',  ( -1.000000000000000000, -0.000000000000000000, -0.000000000000000000 ) ) ;
#2108 = VECTOR ( 'NONE', #3270, 1000.000000000000000 ) ;
#2109 = DIRECTION ( 'NONE',  ( 1.000000000000000000, 0.000000000000000000, -0.000000000000000000 ) ) ;
#2110 = EDGE_CURVE ( 'NONE', #30, #2899, #2633, .T. ) ;
#2111 = DIRECTION ( 'NONE',  ( 0.000000000000000000, 0.000000000000000000, -1.000000000000000000 ) ) ;
#2112 = ORIENTED_EDGE ( 'NONE', *, *, #2990, .T. ) ;
#2113 = ORIENTED_EDGE ( 'NONE', *, *, #267, .F. ) ;
#2114 = ORIENTED_EDGE ( 'NONE', *, *, #3018, .F. ) ;
#2115 = CARTESIAN_POINT ( 'NONE',  ( -1.650000000000000355, 2.999999999999999556, 1.650000000000002354 ) ) ;
#2116 = PRESENTATION_STYLE_ASSIGNMENT (( #136 ) ) ;
#2117 = EDGE_LOOP ( 'NONE', ( #1060, #636, #760, #2450 ) ) ;
#2118 = LINE ( 'NONE', #2430, #1340 ) ;
#2119 = ORIENTED_EDGE ( 'NONE', *, *, #2144, .T. ) ;
#2120 = ORIENTED_EDGE ( 'NONE', *, *, #2474, .T. ) ;
#2121 = FACE_OUTER_BOUND ( 'NONE', #2325, .T. ) ;
#2122 = FACE_OUTER_BOUND ( 'NONE', #1767, .T. ) ;
#2123 = EDGE_CURVE ( 'NONE', #201, #2136, #2345, .T. ) ;
#2124 = AXIS2_PLACEMENT_3D ( 'NONE', #3422, #1679, #1618 ) ;
#2125 = CARTESIAN_POINT ( 'NONE',  ( 3.250000000000000000, 0.000000000000000000, 1.149999999999999911 ) ) ;
#2126 = VECTOR ( 'NONE', #3373, 1000.000000000000000 ) ;
#2127 = LINE ( 'NONE', #3276, #3685 ) ;
#2128 = ORIENTED_EDGE ( 'NONE', *, *, #2597, .F. ) ;
#2129 = VECTOR ( 'NONE', #1694, 1000.000000000000000 ) ;
#2130 = ORIENTED_EDGE ( 'NONE', *, *, #1717, .T. ) ;
#2131 = FACE_OUTER_BOUND ( 'NONE', #2522, .T. ) ;
#2132 = VERTEX_POINT ( 'NONE', #2069 ) ;
#2133 = DIRECTION ( 'NONE',  ( -0.000000000000000000, -1.000000000000000000, -0.000000000000000000 ) ) ;
#2134 = ORIENTED_EDGE ( 'NONE', *, *, #2123, .T. ) ;
#2135 = VECTOR ( 'NONE', #490, 1000.000000000000000 ) ;
#2136 = VERTEX_POINT ( 'NONE', #3271 ) ;
#2137 = EDGE_CURVE ( 'NONE', #1737, #105, #436, .T. ) ;
#2138 = VECTOR ( 'NONE', #2328, 1000.000000000000000 ) ;
#2139 = DIRECTION ( 'NONE',  ( 1.224646799147353454E-16, 0.000000000000000000, -1.000000000000000000 ) ) ;
#2140 = ORIENTED_EDGE ( 'NONE', *, *, #3752, .T. ) ;
#2141 = AXIS2_PLACEMENT_3D ( 'NONE', #2214, #2814, #1685 ) ;
#2142 = DIRECTION ( 'NONE',  ( 1.000000000000000000, 0.000000000000000000, -0.000000000000000000 ) ) ;
#2143 = DIRECTION ( 'NONE',  ( 0.000000000000000000, 0.000000000000000000, -1.000000000000000000 ) ) ;
#2144 = EDGE_CURVE ( 'NONE', #2041, #1062, #1314, .T. ) ;
#2145 = DIRECTION ( 'NONE',  ( 0.000000000000000000, -1.000000000000000000, 0.000000000000000000 ) ) ;
#2146 = LINE ( 'NONE', #1319, #1917 ) ;
#2147 = ORIENTED_EDGE ( 'NONE', *, *, #2868, .F. ) ;
#2148 = EDGE_LOOP ( 'NONE', ( #1965, #117, #3766, #884 ) ) ;
#2149 = LINE ( 'NONE', #3242, #1399 ) ;
#2150 = VERTEX_POINT ( 'NONE', #707 ) ;
#2151 = ADVANCED_FACE ( 'NONE', ( #2724 ), #3045, .F. ) ;
#2152 = DIRECTION ( 'NONE',  ( 0.000000000000000000, 1.000000000000000000, 0.000000000000000000 ) ) ;
#2153 = ORIENTED_EDGE ( 'NONE', *, *, #2310, .F. ) ;
#2154 = EDGE_CURVE ( 'NONE', #516, #3221, #744, .T. ) ;
#2155 = DIRECTION ( 'NONE',  ( 0.000000000000000000, 0.000000000000000000, 1.000000000000000000 ) ) ;
#2156 = CARTESIAN_POINT ( 'NONE',  ( 0.8999999999999996891, 2.600000000000000089, -2.049999999999999378 ) ) ;
#2157 = LINE ( 'NONE', #338, #883 ) ;
#2158 = DIRECTION ( 'NONE',  ( -0.000000000000000000, -0.000000000000000000, 1.000000000000000000 ) ) ;
#2159 = EDGE_CURVE ( 'NONE', #3534, #1255, #3023, .T. ) ;
#2160 = DIRECTION ( 'NONE',  ( -1.000000000000000000, 1.807003620809174632E-16, 0.000000000000000000 ) ) ;
#2161 = VECTOR ( 'NONE', #2864, 1000.000000000000000 ) ;
#2162 = CARTESIAN_POINT ( 'NONE',  ( -1.949999999999999956, 2.600000000000000089, 2.250000000000000888 ) ) ;
#2163 = PRODUCT_DEFINITION_FORMATION_WITH_SPECIFIED_SOURCE ( 'ANY', '', #2538, .NOT_KNOWN. ) ;
#2164 = LINE ( 'NONE', #422, #23 ) ;
#2165 = AXIS2_PLACEMENT_3D ( 'NONE', #1203, #3177, #2949 ) ;
#2166 = ORIENTED_EDGE ( 'NONE', *, *, #2288, .T. ) ;
#2167 = VECTOR ( 'NONE', #1900, 1000.000000000000000 ) ;
#2168 = DIRECTION ( 'NONE',  ( -0.000000000000000000, -0.000000000000000000, 1.000000000000000000 ) ) ;
#2169 = ORIENTED_EDGE ( 'NONE', *, *, #1200, .F. ) ;
#2170 = DIRECTION ( 'NONE',  ( 0.000000000000000000, 1.000000000000000000, 0.000000000000000000 ) ) ;
#2171 = ORIENTED_EDGE ( 'NONE', *, *, #2180, .T. ) ;
#2172 = ORIENTED_EDGE ( 'NONE', *, *, #2159, .T. ) ;
#2173 = DIRECTION ( 'NONE',  ( 1.000000000000000000, -0.000000000000000000, 1.224646799147353207E-16 ) ) ;
#2174 = ORIENTED_EDGE ( 'NONE', *, *, #1789, .F. ) ;
#2175 = EDGE_CURVE ( 'NONE', #1255, #2799, #2074, .T. ) ;
#2176 = CARTESIAN_POINT ( 'NONE',  ( 0.000000000000000000, 3.549999999999999378, 0.000000000000000000 ) ) ;
#2177 = ORIENTED_EDGE ( 'NONE', *, *, #3732, .T. ) ;
#2178 = CARTESIAN_POINT ( 'NONE',  ( 2.649999999999999911, 0.2999999999999999889, 1.149999999999999911 ) ) ;
#2179 = FACE_OUTER_BOUND ( 'NONE', #1428, .T. ) ;
#2180 = EDGE_CURVE ( 'NONE', #662, #1270, #3593, .T. ) ;
#2181 = DIRECTION ( 'NONE',  ( -0.000000000000000000, -0.000000000000000000, -1.000000000000000000 ) ) ;
#2182 = VECTOR ( 'NONE', #170, 1000.000000000000000 ) ;
#2183 = ORIENTED_EDGE ( 'NONE', *, *, #2714, .F. ) ;
#2184 = AXIS2_PLACEMENT_3D ( 'NONE', #3314, #1037, #2202 ) ;
#2185 = PLANE ( 'NONE',  #1140 ) ;
#2186 = ORIENTED_EDGE ( 'NONE', *, *, #1332, .F. ) ;
#2187 = DIRECTION ( 'NONE',  ( 0.000000000000000000, 0.000000000000000000, 1.000000000000000000 ) ) ;
#2188 = VERTEX_POINT ( 'NONE', #3555 ) ;
#2189 = AXIS2_PLACEMENT_3D ( 'NONE', #1872, #145, #3631 ) ;
#2190 = CARTESIAN_POINT ( 'NONE',  ( 1.408343819019456028E-16, 3.549999999999999378, -1.149999999999999911 ) ) ;
#2191 = DIRECTION ( 'NONE',  ( -0.000000000000000000, -0.000000000000000000, -1.000000000000000000 ) ) ;
#2192 = VECTOR ( 'NONE', #990, 1000.000000000000000 ) ;
#2193 = VECTOR ( 'NONE', #3338, 1000.000000000000000 ) ;
#2194 = CARTESIAN_POINT ( 'NONE',  ( 1.299999999999999822, 0.2999999999999999889, -2.249999999999999112 ) ) ;
#2195 = VECTOR ( 'NONE', #2798, 1000.000000000000000 ) ;
#2196 = DIRECTION ( 'NONE',  ( 0.000000000000000000, 0.000000000000000000, 1.000000000000000000 ) ) ;
#2197 = CARTESIAN_POINT ( 'NONE',  ( -1.650000000000000355, 2.600000000000000089, 1.650000000000002354 ) ) ;
#2198 = EDGE_CURVE ( 'NONE', #1134, #925, #3092, .T. ) ;
#2199 = ORIENTED_EDGE ( 'NONE', *, *, #2154, .F. ) ;
#2200 = AXIS2_PLACEMENT_3D ( 'NONE', #1098, #2879, #2016 ) ;
#2201 = CARTESIAN_POINT ( 'NONE',  ( -0.8999999999999985789, 2.899999999999999911, 2.050000000000001155 ) ) ;
#2202 = DIRECTION ( 'NONE',  ( 0.000000000000000000, 0.000000000000000000, 1.000000000000000000 ) ) ;
#2203 = DIRECTION ( 'NONE',  ( 2.409338161078898687E-16, 0.000000000000000000, 1.000000000000000000 ) ) ;
#2204 = ADVANCED_FACE ( 'NONE', ( #2122 ), #3292, .F. ) ;
#2205 = VERTEX_POINT ( 'NONE', #3613 ) ;
#2206 = ORIENTED_EDGE ( 'NONE', *, *, #1371, .T. ) ;
#2207 = DIRECTION ( 'NONE',  ( 0.000000000000000000, 1.000000000000000000, 0.000000000000000000 ) ) ;
#2208 = LINE ( 'NONE', #2786, #1578 ) ;
#2209 = VERTEX_POINT ( 'NONE', #108 ) ;
#2210 = DIRECTION ( 'NONE',  ( -0.000000000000000000, -1.000000000000000000, -0.000000000000000000 ) ) ;
#2211 = VERTEX_POINT ( 'NONE', #1241 ) ;
#2212 = EDGE_CURVE ( 'NONE', #3564, #258, #2304, .T. ) ;
#2213 = VERTEX_POINT ( 'NONE', #954 ) ;
#2214 = CARTESIAN_POINT ( 'NONE',  ( 1.650000000000001021, 3.199999999999999734, 1.650000000000001688 ) ) ;
#2215 = SURFACE_SIDE_STYLE ('',( #781 ) ) ;
#2216 = DIRECTION ( 'NONE',  ( -1.301042606982599325E-14, 0.000000000000000000, 1.000000000000000000 ) ) ;
#2217 = DIRECTION ( 'NONE',  ( 0.000000000000000000, 0.000000000000000000, 1.000000000000000000 ) ) ;
#2218 = EDGE_LOOP ( 'NONE', ( #134, #1316 ) ) ;
#2219 = LINE ( 'NONE', #1960, #2482 ) ;
#2220 = DIRECTION ( 'NONE',  ( -1.000000000000000000, 0.000000000000000000, 0.000000000000000000 ) ) ;
#2221 = DIRECTION ( 'NONE',  ( 0.000000000000000000, 0.000000000000000000, 1.000000000000000000 ) ) ;
#2222 = VECTOR ( 'NONE', #2036, 1000.000000000000000 ) ;
#2223 = ADVANCED_FACE ( 'NONE', ( #376 ), #1594, .F. ) ;
#2224 = EDGE_LOOP ( 'NONE', ( #3439, #3060, #2464, #2390 ) ) ;
#2225 = ORIENTED_EDGE ( 'NONE', *, *, #2873, .F. ) ;
#2226 = DIRECTION ( 'NONE',  ( 2.409338161078898687E-16, 0.000000000000000000, 1.000000000000000000 ) ) ;
#2227 = ORIENTED_EDGE ( 'NONE', *, *, #1999, .F. ) ;
#2228 = DIRECTION ( 'NONE',  ( -0.000000000000000000, -1.000000000000000000, -0.000000000000000000 ) ) ;
#2229 = ORIENTED_EDGE ( 'NONE', *, *, #705, .F. ) ;
#2230 = VERTEX_POINT ( 'NONE', #1911 ) ;
#2231 = CARTESIAN_POINT ( 'NONE',  ( 2.250000000000000000, 2.600000000000000089, 0.9000000000000013545 ) ) ;
#2232 = DIRECTION ( 'NONE',  ( 0.000000000000000000, 0.000000000000000000, 1.000000000000000000 ) ) ;
#2233 = DIRECTION ( 'NONE',  ( -0.000000000000000000, -1.000000000000000000, -0.000000000000000000 ) ) ;
#2234 = CARTESIAN_POINT ( 'NONE',  ( 2.649999999999999911, 0.3500000000000000888, 1.850000000000000089 ) ) ;
#2235 = VERTEX_POINT ( 'NONE', #90 ) ;
#2236 = DIRECTION ( 'NONE',  ( -0.000000000000000000, -1.000000000000000000, -0.000000000000000000 ) ) ;
#2237 = ADVANCED_FACE ( 'NONE', ( #2456 ), #169, .T. ) ;
#2238 = CARTESIAN_POINT ( 'NONE',  ( 1.650000000000001021, 2.999999999999999556, 1.650000000000001688 ) ) ;
#2239 = PLANE ( 'NONE',  #3609 ) ;
#2240 = ORIENTED_EDGE ( 'NONE', *, *, #2652, .T. ) ;
#2241 = PLANE ( 'NONE',  #2402 ) ;
#2242 = DIRECTION ( 'NONE',  ( -1.000000000000000000, 0.000000000000000000, 0.000000000000000000 ) ) ;
#2243 = ORIENTED_EDGE ( 'NONE', *, *, #806, .F. ) ;
#2244 = CARTESIAN_POINT ( 'NONE',  ( -1.650000000000000355, 4.489949493661167246, 2.000000000000002665 ) ) ;
#2245 = EDGE_LOOP ( 'NONE', ( #2934, #211, #3583, #275 ) ) ;
#2246 = ORIENTED_EDGE ( 'NONE', *, *, #2597, .T. ) ;
#2247 = VECTOR ( 'NONE', #2457, 1000.000000000000000 ) ;
#2248 = LINE ( 'NONE', #2531, #185 ) ;
#2249 = SURFACE_STYLE_USAGE ( .BOTH. , #1026 ) ;
#2250 = ORIENTED_EDGE ( 'NONE', *, *, #3721, .T. ) ;
#2251 = VECTOR ( 'NONE', #3463, 1000.000000000000000 ) ;
#2252 = EDGE_CURVE ( 'NONE', #2885, #1094, #2417, .T. ) ;
#2253 = DIRECTION ( 'NONE',  ( 0.000000000000000000, 1.000000000000000000, 0.000000000000000000 ) ) ;
#2254 = CARTESIAN_POINT ( 'NONE',  ( -2.250000000000000000, 1.100000000000000089, -1.850000000000000089 ) ) ;
#2255 = AXIS2_PLACEMENT_3D ( 'NONE', #3224, #2939, #1233 ) ;
#2256 = ORIENTED_EDGE ( 'NONE', *, *, #1309, .F. ) ;
#2257 = CIRCLE ( 'NONE', #3764, 0.3500000000000000333 ) ;
#2258 = ADVANCED_FACE ( 'NONE', ( #723 ), #688, .F. ) ;
#2259 = DIRECTION ( 'NONE',  ( 1.000000000000000000, 0.000000000000000000, -0.000000000000000000 ) ) ;
#2260 = LINE ( 'NONE', #3418, #2621 ) ;
#2261 = LINE ( 'NONE', #505, #1244 ) ;
#2262 = AXIS2_PLACEMENT_3D ( 'NONE', #2197, #519, #2217 ) ;
#2263 = ORIENTED_EDGE ( 'NONE', *, *, #3253, .T. ) ;
#2264 = DIRECTION ( 'NONE',  ( 2.409338161078899180E-16, 0.000000000000000000, 1.000000000000000000 ) ) ;
#2265 = CARTESIAN_POINT ( 'NONE',  ( 1.650000000000001021, 2.600000000000000089, 1.650000000000001688 ) ) ;
#2266 = LINE ( 'NONE', #3708, #2860 ) ;
#2267 = ORIENTED_EDGE ( 'NONE', *, *, #1933, .F. ) ;
#2268 = ORIENTED_EDGE ( 'NONE', *, *, #100, .T. ) ;
#2269 = EDGE_CURVE ( 'NONE', #2899, #1302, #992, .T. ) ;
#2270 = CARTESIAN_POINT ( 'NONE',  ( -2.649999999999999911, 0.3500000000000000888, 1.850000000000000089 ) ) ;
#2271 = FACE_OUTER_BOUND ( 'NONE', #251, .T. ) ;
#2272 = ADVANCED_FACE ( 'NONE', ( #1992 ), #3695, .F. ) ;
#2273 = DIRECTION ( 'NONE',  ( -0.000000000000000000, -0.000000000000000000, 1.000000000000000000 ) ) ;
#2274 = CARTESIAN_POINT ( 'NONE',  ( -2.600000000000000089, 0.7500000000000004441, 1.149999999999999911 ) ) ;
#2275 = LINE ( 'NONE', #269, #1708 ) ;
#2276 = PLANE ( 'NONE',  #2200 ) ;
#2277 = DIRECTION ( 'NONE',  ( 0.000000000000000000, 0.000000000000000000, -1.000000000000000000 ) ) ;
#2278 = UNCERTAINTY_MEASURE_WITH_UNIT (LENGTH_MEASURE( 1.000000000000000082E-05 ), #3057, 'distance_accuracy_value', 'NONE');
#2279 = ORIENTED_EDGE ( 'NONE', *, *, #3545, .T. ) ;
#2280 = DIRECTION ( 'NONE',  ( -1.000000000000000000, 0.000000000000000000, 0.000000000000000000 ) ) ;
#2281 = CARTESIAN_POINT ( 'NONE',  ( 1.649999999999999911, 2.600000000000000089, -2.000000000000000444 ) ) ;
#2282 = ORIENTED_EDGE ( 'NONE', *, *, #1539, .F. ) ;
#2283 = AXIS2_PLACEMENT_3D ( 'NONE', #3009, #3028, #691 ) ;
#2284 = ADVANCED_FACE ( 'NONE', ( #823 ), #2366, .T. ) ;
#2285 = DIRECTION ( 'NONE',  ( 0.000000000000000000, 0.000000000000000000, 1.000000000000000000 ) ) ;
#2286 = DIRECTION ( 'NONE',  ( 1.807003620809174632E-16, -1.000000000000000000, 0.000000000000000000 ) ) ;
#2287 = ORIENTED_EDGE ( 'NONE', *, *, #3683, .T. ) ;
#2288 = EDGE_CURVE ( 'NONE', #1651, #740, #2515, .T. ) ;
#2289 = DIRECTION ( 'NONE',  ( 0.000000000000000000, 0.000000000000000000, 1.000000000000000000 ) ) ;
#2290 = CARTESIAN_POINT ( 'NONE',  ( -0.9000000000000007994, 2.600000000000000089, 2.250000000000000444 ) ) ;
#2291 = DIRECTION ( 'NONE',  ( 1.000000000000000000, 0.000000000000000000, 1.301042606982599168E-14 ) ) ;
#2292 = DIRECTION ( 'NONE',  ( 0.000000000000000000, 0.000000000000000000, -1.000000000000000000 ) ) ;
#2293 = ADVANCED_FACE ( 'NONE', ( #535 ), #229, .F. ) ;
#2294 = ORIENTED_EDGE ( 'NONE', *, *, #1027, .T. ) ;
#2295 = DIRECTION ( 'NONE',  ( 1.000000000000000000, 0.000000000000000000, 0.000000000000000000 ) ) ;
#2296 = ORIENTED_EDGE ( 'NONE', *, *, #1721, .F. ) ;
#2297 = ADVANCED_FACE ( 'NONE', ( #3104 ), #3058, .F. ) ;
#2298 = CARTESIAN_POINT ( 'NONE',  ( -1.650000000000000799, 2.600000000000000089, -1.649999999999999911 ) ) ;
#2299 = LINE ( 'NONE', #263, #666 ) ;
#2300 = PRESENTATION_LAYER_ASSIGNMENT (  '', '', ( #2963 ) ) ;
#2301 = VECTOR ( 'NONE', #3081, 1000.000000000000000 ) ;
#2302 = DIRECTION ( 'NONE',  ( 1.000000000000000000, 0.000000000000000000, 0.000000000000000000 ) ) ;
#2303 = ORIENTED_EDGE ( 'NONE', *, *, #2212, .F. ) ;
#2304 = CIRCLE ( 'NONE', #1456, 0.3500000000000002554 ) ;
#2305 = FACE_OUTER_BOUND ( 'NONE', #124, .T. ) ;
#2306 = PRESENTATION_LAYER_ASSIGNMENT (  '', '', ( #2910 ) ) ;
#2307 = DIRECTION ( 'NONE',  ( -1.000000000000000000, 0.000000000000000000, -0.000000000000000000 ) ) ;
#2308 = MECHANICAL_DESIGN_GEOMETRIC_PRESENTATION_REPRESENTATION (  '', ( #3214 ), #3519 ) ;
#2309 = FACE_OUTER_BOUND ( 'NONE', #2461, .T. ) ;
#2310 = EDGE_CURVE ( 'NONE', #2080, #1179, #2777, .T. ) ;
#2311 = CYLINDRICAL_SURFACE ( 'NONE', #210, 0.3500000000000000333 ) ;
#2312 = VECTOR ( 'NONE', #3401, 1000.000000000000000 ) ;
#2313 = AXIS2_PLACEMENT_3D ( 'NONE', #998, #2207, #1058 ) ;
#2314 = ORIENTED_EDGE ( 'NONE', *, *, #587, .T. ) ;
#2315 = AXIS2_PLACEMENT_3D ( 'NONE', #2234, #1112, #1360 ) ;
#2316 = DIRECTION ( 'NONE',  ( 1.000000000000000000, 0.000000000000000000, -2.409338161078899180E-16 ) ) ;
#2317 = ORIENTED_EDGE ( 'NONE', *, *, #3759, .T. ) ;
#2318 = EDGE_CURVE ( 'NONE', #71, #245, #1932, .T. ) ;
#2319 = CIRCLE ( 'NONE', #2141, 0.1499999999999999667 ) ;
#2320 = ORIENTED_EDGE ( 'NONE', *, *, #1979, .F. ) ;
#2321 = CARTESIAN_POINT ( 'NONE',  ( -2.649999999999999911, 0.2999999999999999889, -1.850000000000000089 ) ) ;
#2322 = PLANE ( 'NONE',  #486 ) ;
#2323 = EDGE_CURVE ( 'NONE', #3544, #776, #2856, .T. ) ;
#2324 = CARTESIAN_POINT ( 'NONE',  ( 3.250000000000000000, 0.000000000000000000, -1.850000000000000089 ) ) ;
#2325 = EDGE_LOOP ( 'NONE', ( #1983, #2102, #1216, #3550 ) ) ;
#2326 = CARTESIAN_POINT ( 'NONE',  ( -2.250000000000000444, 2.899999999999999911, 0.8999999999999994671 ) ) ;
#2327 = DIRECTION ( 'NONE',  ( 0.000000000000000000, 0.000000000000000000, -1.000000000000000000 ) ) ;
#2328 = DIRECTION ( 'NONE',  ( -0.000000000000000000, -1.000000000000000000, -0.000000000000000000 ) ) ;
#2329 = CARTESIAN_POINT ( 'NONE',  ( 2.649999999999999911, 0.2999999999999999889, -1.850000000000000089 ) ) ;
#2330 = ADVANCED_FACE ( 'NONE', ( #1070 ), #1380, .F. ) ;
#2331 = FACE_OUTER_BOUND ( 'NONE', #3548, .T. ) ;
#2332 = VERTEX_POINT ( 'NONE', #2857 ) ;
#2333 = DIRECTION ( 'NONE',  ( -1.000000000000000000, 0.000000000000000000, 0.000000000000000000 ) ) ;
#2334 = ORIENTED_EDGE ( 'NONE', *, *, #957, .T. ) ;
#2335 = EDGE_CURVE ( 'NONE', #1522, #2488, #518, .T. ) ;
#2336 = ORIENTED_EDGE ( 'NONE', *, *, #395, .F. ) ;
#2337 = DIRECTION ( 'NONE',  ( -0.000000000000000000, -0.000000000000000000, -1.000000000000000000 ) ) ;
#2338 = DIRECTION ( 'NONE',  ( 0.000000000000000000, 0.000000000000000000, -1.000000000000000000 ) ) ;
#2339 = VECTOR ( 'NONE', #2385, 1000.000000000000000 ) ;
#2340 = PLANE ( 'NONE',  #214 ) ;
#2341 = AXIS2_PLACEMENT_3D ( 'NONE', #935, #991, #3306 ) ;
#2342 = VERTEX_POINT ( 'NONE', #3657 ) ;
#2343 = AXIS2_PLACEMENT_3D ( 'NONE', #2861, #876, #2012 ) ;
#2344 = CARTESIAN_POINT ( 'NONE',  ( -1.650000000000000355, 2.899999999999999911, 1.300000000000002265 ) ) ;
#2345 = LINE ( 'NONE', #3499, #846 ) ;
#2346 = DIRECTION ( 'NONE',  ( 0.000000000000000000, 1.000000000000000000, 0.000000000000000000 ) ) ;
#2347 = FACE_OUTER_BOUND ( 'NONE', #84, .T. ) ;
#2348 = EDGE_CURVE ( 'NONE', #3711, #2211, #811, .T. ) ;
#2349 = DIRECTION ( 'NONE',  ( 0.000000000000000000, 1.000000000000000000, 0.000000000000000000 ) ) ;
#2350 = ORIENTED_EDGE ( 'NONE', *, *, #2419, .F. ) ;
#2351 = DIRECTION ( 'NONE',  ( 0.000000000000000000, 1.000000000000000000, 0.000000000000000000 ) ) ;
#2352 = ORIENTED_EDGE ( 'NONE', *, *, #431, .T. ) ;
#2353 = EDGE_LOOP ( 'NONE', ( #2047, #3136, #3653, #3121 ) ) ;
#2354 = CARTESIAN_POINT ( 'NONE',  ( 2.649999999999999911, 5.421010862427522170E-17, 1.850000000000000089 ) ) ;
#2355 = LINE ( 'NONE', #1775, #1020 ) ;
#2356 = CYLINDRICAL_SURFACE ( 'NONE', #2974, 0.04999999999999969746 ) ;
#2357 = FILL_AREA_STYLE ('',( #1757 ) ) ;
#2358 = ORIENTED_EDGE ( 'NONE', *, *, #2365, .F. ) ;
#2359 = ADVANCED_FACE ( 'NONE', ( #1690, #1111, #2497, #3427, #3077 ), #3413, .T. ) ;
#2360 = AXIS2_PLACEMENT_3D ( 'NONE', #3617, #1318, #503 ) ;
#2361 = DIRECTION ( 'NONE',  ( 0.000000000000000000, 0.000000000000000000, 1.000000000000000000 ) ) ;
#2362 = PLANE ( 'NONE',  #602 ) ;
#2363 = CARTESIAN_POINT ( 'NONE',  ( -2.049999999999999378, 2.600000000000000089, 0.9000000000000020206 ) ) ;
#2364 = VECTOR ( 'NONE', #2878, 1000.000000000000000 ) ;
#2365 = EDGE_CURVE ( 'NONE', #8, #2205, #296, .T. ) ;
#2366 = TOROIDAL_SURFACE ( 'NONE', #2908, 0.1500000000000000500, 0.2000000000000000111 ) ;
#2367 = CARTESIAN_POINT ( 'NONE',  ( -3.250000000000000000, 0.2999999999999998779, -1.149999999999999911 ) ) ;
#2368 = DIRECTION ( 'NONE',  ( 0.000000000000000000, 0.000000000000000000, 1.000000000000000000 ) ) ;
#2369 = PRESENTATION_LAYER_ASSIGNMENT (  '', '', ( #53 ) ) ;
#2370 = VECTOR ( 'NONE', #713, 1000.000000000000000 ) ;
#2371 = ORIENTED_EDGE ( 'NONE', *, *, #12, .F. ) ;
#2372 = ORIENTED_EDGE ( 'NONE', *, *, #223, .T. ) ;
#2373 = ORIENTED_EDGE ( 'NONE', *, *, #565, .T. ) ;
#2374 = CIRCLE ( 'NONE', #731, 0.3500000000000002554 ) ;
#2375 = CARTESIAN_POINT ( 'NONE',  ( -2.250000000000000000, 0.7500000000000004441, -1.850000000000000089 ) ) ;
#2376 = DIRECTION ( 'NONE',  ( -0.000000000000000000, 1.000000000000000000, -0.000000000000000000 ) ) ;
#2377 = AXIS2_PLACEMENT_3D ( 'NONE', #1849, #3324, #1762 ) ;
#2378 = VERTEX_POINT ( 'NONE', #3387 ) ;
#2379 = EDGE_CURVE ( 'NONE', #3265, #1302, #785, .T. ) ;
#2380 = DIRECTION ( 'NONE',  ( -0.000000000000000000, -0.000000000000000000, -1.000000000000000000 ) ) ;
#2381 = ORIENTED_EDGE ( 'NONE', *, *, #2348, .T. ) ;
#2382 = EDGE_CURVE ( 'NONE', #62, #2010, #1271, .T. ) ;
#2383 = CARTESIAN_POINT ( 'NONE',  ( -1.949999999999999956, 2.600000000000000089, 1.950000000000000844 ) ) ;
#2384 = DIRECTION ( 'NONE',  ( -0.000000000000000000, -1.000000000000000000, -0.000000000000000000 ) ) ;
#2385 = DIRECTION ( 'NONE',  ( 0.000000000000000000, -1.000000000000000000, 0.000000000000000000 ) ) ;
#2386 = DIRECTION ( 'NONE',  ( 0.000000000000000000, 0.000000000000000000, 1.000000000000000000 ) ) ;
#2387 = CARTESIAN_POINT ( 'NONE',  ( -2.250000000000000000, 12.16396103067892653, -1.949999999999999067 ) ) ;
#2388 = ORIENTED_EDGE ( 'NONE', *, *, #273, .T. ) ;
#2389 = ORIENTED_EDGE ( 'NONE', *, *, #2570, .T. ) ;
#2390 = ORIENTED_EDGE ( 'NONE', *, *, #1200, .T. ) ;
#2391 = LINE ( 'NONE', #3489, #2793 ) ;
#2392 = DIRECTION ( 'NONE',  ( -0.000000000000000000, -1.000000000000000000, -0.000000000000000000 ) ) ;
#2393 = VERTEX_POINT ( 'NONE', #46 ) ;
#2394 = DIRECTION ( 'NONE',  ( 0.000000000000000000, 0.000000000000000000, 1.000000000000000000 ) ) ;
#2395 = ORIENTED_EDGE ( 'NONE', *, *, #158, .F. ) ;
#2396 = EDGE_CURVE ( 'NONE', #290, #861, #2029, .T. ) ;
#2397 = FACE_OUTER_BOUND ( 'NONE', #3665, .T. ) ;
#2398 = LINE ( 'NONE', #128, #2831 ) ;
#2399 = CARTESIAN_POINT ( 'NONE',  ( -2.250000000000000000, 0.7999999999999997113, 1.149999999999999911 ) ) ;
#2400 = EDGE_CURVE ( 'NONE', #2188, #2858, #1778, .T. ) ;
#2401 = FACE_OUTER_BOUND ( 'NONE', #682, .T. ) ;
#2402 = AXIS2_PLACEMENT_3D ( 'NONE', #3398, #3451, #547 ) ;
#2403 = CARTESIAN_POINT ( 'NONE',  ( 2.250000000000000000, 0.000000000000000000, -1.949999999999999067 ) ) ;
#2404 = DIRECTION ( 'NONE',  ( -0.000000000000000000, -1.000000000000000000, -0.000000000000000000 ) ) ;
#2405 = ORIENTED_EDGE ( 'NONE', *, *, #58, .T. ) ;
#2406 = EDGE_CURVE ( 'NONE', #1904, #1805, #1028, .T. ) ;
#2407 = VERTEX_POINT ( 'NONE', #2890 ) ;
#2408 = DIRECTION ( 'NONE',  ( -0.000000000000000000, 0.000000000000000000, -1.000000000000000000 ) ) ;
#2409 = EDGE_LOOP ( 'NONE', ( #2177, #1463 ) ) ;
#2410 = FACE_OUTER_BOUND ( 'NONE', #960, .T. ) ;
#2411 = ORIENTED_EDGE ( 'NONE', *, *, #1933, .T. ) ;
#2412 = ADVANCED_FACE ( 'NONE', ( #3474 ), #914, .T. ) ;
#2413 = ORIENTED_EDGE ( 'NONE', *, *, #2760, .F. ) ;
#2414 = FACE_OUTER_BOUND ( 'NONE', #1004, .T. ) ;
#2415 = ORIENTED_EDGE ( 'NONE', *, *, #749, .T. ) ;
#2416 = DIRECTION ( 'NONE',  ( -1.000000000000000000, 0.000000000000000000, 0.000000000000000000 ) ) ;
#2417 = LINE ( 'NONE', #3572, #2731 ) ;
#2418 = DIRECTION ( 'NONE',  ( -1.000000000000000000, 0.000000000000000000, 0.000000000000000000 ) ) ;
#2419 = EDGE_CURVE ( 'NONE', #3090, #2629, #264, .T. ) ;
#2420 = AXIS2_PLACEMENT_3D ( 'NONE', #1876, #750, #3027 ) ;
#2421 = DIRECTION ( 'NONE',  ( -0.000000000000000000, -0.000000000000000000, -1.000000000000000000 ) ) ;
#2422 = ORIENTED_EDGE ( 'NONE', *, *, #3368, .T. ) ;
#2423 = VECTOR ( 'NONE', #499, 1000.000000000000000 ) ;
#2424 = ORIENTED_EDGE ( 'NONE', *, *, #2514, .T. ) ;
#2425 = AXIS2_PLACEMENT_3D ( 'NONE', #2986, #47, #374 ) ;
#2426 = DIRECTION ( 'NONE',  ( 0.000000000000000000, 0.000000000000000000, 1.000000000000000000 ) ) ;
#2427 = TOROIDAL_SURFACE ( 'NONE', #174, 0.1500000000000000500, 0.2000000000000000111 ) ;
#2428 = DIRECTION ( 'NONE',  ( 1.000000000000000000, 0.000000000000000000, -0.000000000000000000 ) ) ;
#2429 = ORIENTED_EDGE ( 'NONE', *, *, #2677, .F. ) ;
#2430 = CARTESIAN_POINT ( 'NONE',  ( 3.250000000000000000, 0.2999999999999998779, -1.850000000000000089 ) ) ;
#2431 = ORIENTED_EDGE ( 'NONE', *, *, #507, .F. ) ;
#2432 = AXIS2_PLACEMENT_3D ( 'NONE', #139, #1905, #1082 ) ;
#2433 = ORIENTED_EDGE ( 'NONE', *, *, #710, .F. ) ;
#2434 = AXIS2_PLACEMENT_3D ( 'NONE', #1782, #1006, #3569 ) ;
#2435 = DIRECTION ( 'NONE',  ( 0.000000000000000000, 0.000000000000000000, 1.000000000000000000 ) ) ;
#2436 = EDGE_CURVE ( 'NONE', #2444, #1465, #972, .T. ) ;
#2437 = ORIENTED_EDGE ( 'NONE', *, *, #1108, .T. ) ;
#2438 = AXIS2_PLACEMENT_3D ( 'NONE', #3713, #3655, #2794 ) ;
#2439 = CARTESIAN_POINT ( 'NONE',  ( 1.299999999999999822, 0.2999999999999999889, 2.249999999999999112 ) ) ;
#2440 = CARTESIAN_POINT ( 'NONE',  ( 2.299999999999999822, 0.7500000000000004441, 1.850000000000000089 ) ) ;
#2441 = CARTESIAN_POINT ( 'NONE',  ( -2.600000000000000089, 0.7500000000000004441, -1.850000000000000089 ) ) ;
#2442 = LINE ( 'NONE', #1675, #2182 ) ;
#2443 = FACE_OUTER_BOUND ( 'NONE', #529, .T. ) ;
#2444 = VERTEX_POINT ( 'NONE', #1741 ) ;
#2445 = DIRECTION ( 'NONE',  ( -1.000000000000000000, 0.000000000000000000, 0.000000000000000000 ) ) ;
#2446 = FACE_OUTER_BOUND ( 'NONE', #2117, .T. ) ;
#2447 = ORIENTED_EDGE ( 'NONE', *, *, #3765, .T. ) ;
#2448 = EDGE_CURVE ( 'NONE', #3239, #1302, #1488, .T. ) ;
#2449 = CARTESIAN_POINT ( 'NONE',  ( -2.299999999999999378, 0.7500000000000004441, 1.149999999999999911 ) ) ;
#2450 = ORIENTED_EDGE ( 'NONE', *, *, #2737, .T. ) ;
#2451 = ORIENTED_EDGE ( 'NONE', *, *, #2097, .T. ) ;
#2452 = LINE ( 'NONE', #3303, #425 ) ;
#2453 = DIRECTION ( 'NONE',  ( -0.000000000000000000, -1.000000000000000000, -0.000000000000000000 ) ) ;
#2454 = DIRECTION ( 'NONE',  ( -0.000000000000000000, -0.000000000000000000, -1.000000000000000000 ) ) ;
#2455 = EDGE_CURVE ( 'NONE', #3415, #337, #1162, .T. ) ;
#2456 = FACE_OUTER_BOUND ( 'NONE', #3183, .T. ) ;
#2457 = DIRECTION ( 'NONE',  ( -0.000000000000000000, -0.000000000000000000, 1.000000000000000000 ) ) ;
#2458 = DIRECTION ( 'NONE',  ( 0.000000000000000000, 0.000000000000000000, 1.000000000000000000 ) ) ;
#2459 = AXIS2_PLACEMENT_3D ( 'NONE', #2383, #2723, #73 ) ;
#2460 = CARTESIAN_POINT ( 'NONE',  ( -1.650000000000000355, 2.600000000000000089, 2.000000000000002665 ) ) ;
#2461 = EDGE_LOOP ( 'NONE', ( #1946, #3055, #2088, #3223 ) ) ;
#2462 = PLANE ( 'NONE',  #854 ) ;
#2463 =( LENGTH_UNIT ( ) NAMED_UNIT ( * ) SI_UNIT ( .MILLI., .METRE. ) );
#2464 = ORIENTED_EDGE ( 'NONE', *, *, #614, .F. ) ;
#2465 = PLANE ( 'NONE',  #915 ) ;
#2466 = ORIENTED_EDGE ( 'NONE', *, *, #403, .F. ) ;
#2467 = EDGE_LOOP ( 'NONE', ( #2603, #2517, #2641, #1498 ) ) ;
#2468 = DIRECTION ( 'NONE',  ( 1.000000000000000000, 0.000000000000000000, -0.000000000000000000 ) ) ;
#2469 = FILL_AREA_STYLE_COLOUR ( '', #849 ) ;
#2470 = APPLICATION_PROTOCOL_DEFINITION ( 'draft international standard', 'automotive_design', 1998, #1516 ) ;
#2471 = CARTESIAN_POINT ( 'NONE',  ( -1.949999999999999956, 0.000000000000000000, -2.249999999999999112 ) ) ;
#2472 = LINE ( 'NONE', #766, #2024 ) ;
#2473 = ORIENTED_EDGE ( 'NONE', *, *, #1748, .F. ) ;
#2474 = EDGE_CURVE ( 'NONE', #1163, #2717, #624, .T. ) ;
#2475 = AXIS2_PLACEMENT_3D ( 'NONE', #2940, #585, #837 ) ;
#2476 = CARTESIAN_POINT ( 'NONE',  ( 2.299999999999999378, 0.7500000000000004441, 1.850000000000000089 ) ) ;
#2477 = FACE_OUTER_BOUND ( 'NONE', #2980, .T. ) ;
#2478 = CARTESIAN_POINT ( 'NONE',  ( 1.949999999999999956, 2.600000000000000089, -1.949999999999999067 ) ) ;
#2479 = AXIS2_PLACEMENT_3D ( 'NONE', #3393, #2764, #994 ) ;
#2480 = EDGE_CURVE ( 'NONE', #3208, #1172, #3533, .T. ) ;
#2481 = EDGE_LOOP ( 'NONE', ( #69, #1742, #867, #642, #3365, #2199 ) ) ;
#2482 = VECTOR ( 'NONE', #3127, 1000.000000000000000 ) ;
#2483 = LINE ( 'NONE', #3620, #1833 ) ;
#2484 = DIRECTION ( 'NONE',  ( 0.000000000000000000, 1.000000000000000000, 0.000000000000000000 ) ) ;
#2485 = VERTEX_POINT ( 'NONE', #3155 ) ;
#2486 = CYLINDRICAL_SURFACE ( 'NONE', #2432, 0.3500000000000002554 ) ;
#2487 = AXIS2_PLACEMENT_3D ( 'NONE', #1224, #3770, #2911 ) ;
#2488 = VERTEX_POINT ( 'NONE', #2087 ) ;
#2489 = ORIENTED_EDGE ( 'NONE', *, *, #1584, .T. ) ;
#2490 = AXIS2_PLACEMENT_3D ( 'NONE', #450, #1398, #1668 ) ;
#2491 = COLOUR_RGB ( '',0.2509803921568627416, 0.2509803921568627416, 0.2509803921568627416 ) ;
#2492 = PLANE ( 'NONE',  #2438 ) ;
#2493 =( NAMED_UNIT ( * ) SI_UNIT ( $, .STERADIAN. ) SOLID_ANGLE_UNIT ( ) );
#2494 = CIRCLE ( 'NONE', #974, 0.2999999999999999334 ) ;
#2495 = LINE ( 'NONE', #2194, #2827 ) ;
#2496 = AXIS2_PLACEMENT_3D ( 'NONE', #745, #1912, #3124 ) ;
#2497 = FACE_BOUND ( 'NONE', #2999, .T. ) ;
#2498 = CARTESIAN_POINT ( 'NONE',  ( -1.650000000000000355, 4.489949493661167246, 1.650000000000002354 ) ) ;
#2499 = VERTEX_POINT ( 'NONE', #2324 ) ;
#2500 = EDGE_CURVE ( 'NONE', #740, #3608, #1957, .T. ) ;
#2501 = AXIS2_PLACEMENT_3D ( 'NONE', #611, #2703, #87 ) ;
#2502 = LINE ( 'NONE', #234, #2364 ) ;
#2503 = FACE_OUTER_BOUND ( 'NONE', #1441, .T. ) ;
#2504 = DIRECTION ( 'NONE',  ( 0.000000000000000000, 1.000000000000000000, 0.000000000000000000 ) ) ;
#2505 = EDGE_LOOP ( 'NONE', ( #1366, #388, #205, #3179 ) ) ;
#2506 = ORIENTED_EDGE ( 'NONE', *, *, #1783, .F. ) ;
#2507 = FILL_AREA_STYLE ('',( #2769 ) ) ;
#2508 = ORIENTED_EDGE ( 'NONE', *, *, #1207, .T. ) ;
#2509 = FACE_OUTER_BOUND ( 'NONE', #1866, .T. ) ;
#2510 = EDGE_LOOP ( 'NONE', ( #190, #3198, #1693, #1501 ) ) ;
#2511 = ORIENTED_EDGE ( 'NONE', *, *, #2180, .F. ) ;
#2512 = CARTESIAN_POINT ( 'NONE',  ( -3.250000000000000000, 0.2999999999999998779, 1.850000000000000089 ) ) ;
#2513 =( NAMED_UNIT ( * ) PLANE_ANGLE_UNIT ( ) SI_UNIT ( $, .RADIAN. ) );
#2514 = EDGE_CURVE ( 'NONE', #2629, #3344, #1505, .T. ) ;
#2515 = LINE ( 'NONE', #2839, #3402 ) ;
#2516 = DIRECTION ( 'NONE',  ( -0.000000000000000000, -1.000000000000000000, -0.000000000000000000 ) ) ;
#2517 = ORIENTED_EDGE ( 'NONE', *, *, #377, .T. ) ;
#2518 = DIRECTION ( 'NONE',  ( 0.000000000000000000, 1.000000000000000000, -0.000000000000000000 ) ) ;
#2519 = FACE_OUTER_BOUND ( 'NONE', #3567, .T. ) ;
#2520 = DIRECTION ( 'NONE',  ( 0.000000000000000000, 0.000000000000000000, 1.000000000000000000 ) ) ;
#2521 = AXIS2_PLACEMENT_3D ( 'NONE', #2478, #730, #1877 ) ;
#2522 = EDGE_LOOP ( 'NONE', ( #767, #1504, #2140, #2171 ) ) ;
#2523 = CARTESIAN_POINT ( 'NONE',  ( -2.600000000000000089, 0.7500000000000004441, -1.149999999999999911 ) ) ;
#2524 = EDGE_LOOP ( 'NONE', ( #2422, #700, #3532, #2648 ) ) ;
#2525 = AXIS2_PLACEMENT_3D ( 'NONE', #1167, #18, #879 ) ;
#2526 = DIRECTION ( 'NONE',  ( 0.000000000000000000, 0.000000000000000000, 1.000000000000000000 ) ) ;
#2527 = ORIENTED_EDGE ( 'NONE', *, *, #2872, .F. ) ;
#2528 = ADVANCED_FACE ( 'NONE', ( #300 ), #28, .T. ) ;
#2529 = EDGE_LOOP ( 'NONE', ( #2431, #3290, #3424, #123 ) ) ;
#2530 = AXIS2_PLACEMENT_3D ( 'NONE', #2639, #885, #3504 ) ;
#2531 = CARTESIAN_POINT ( 'NONE',  ( 0.8999999999999993561, 2.899999999999999911, 2.250000000000001332 ) ) ;
#2532 = PLANE ( 'NONE',  #1890 ) ;
#2533 = ORIENTED_EDGE ( 'NONE', *, *, #569, .F. ) ;
#2534 = EDGE_CURVE ( 'NONE', #787, #1939, #418, .T. ) ;
#2535 = CARTESIAN_POINT ( 'NONE',  ( 0.000000000000000000, 3.549999999999999378, 0.000000000000000000 ) ) ;
#2536 = CARTESIAN_POINT ( 'NONE',  ( -0.8999999999999985789, 2.600000000000000089, 2.050000000000001155 ) ) ;
#2537 = EDGE_LOOP ( 'NONE', ( #1623, #462, #1935, #196 ) ) ;
#2538 = PRODUCT ( 'PTS 647 SK38 SMTR2 LFS', 'PTS 647 SK38 SMTR2 LFS', '', ( #1313 ) ) ;
#2539 = CARTESIAN_POINT ( 'NONE',  ( 1.649999999999999911, 2.999999999999999556, -1.300000000000000044 ) ) ;
#2540 = FACE_OUTER_BOUND ( 'NONE', #2510, .T. ) ;
#2541 = CARTESIAN_POINT ( 'NONE',  ( 3.250000000000000000, 0.000000000000000000, 1.149999999999999911 ) ) ;
#2542 = CIRCLE ( 'NONE', #469, 0.2999999999999999334 ) ;
#2543 = EDGE_CURVE ( 'NONE', #2994, #516, #874, .T. ) ;
#2544 = EDGE_LOOP ( 'NONE', ( #2119, #3361, #224, #2112 ) ) ;
#2545 = VECTOR ( 'NONE', #658, 1000.000000000000000 ) ;
#2546 = LINE ( 'NONE', #2523, #2062 ) ;
#2547 = DIRECTION ( 'NONE',  ( -0.000000000000000000, -1.000000000000000000, -0.000000000000000000 ) ) ;
#2548 = DIRECTION ( 'NONE',  ( -0.000000000000000000, -0.000000000000000000, 1.000000000000000000 ) ) ;
#2549 = ORIENTED_EDGE ( 'NONE', *, *, #1510, .F. ) ;
#2550 = EDGE_CURVE ( 'NONE', #258, #97, #2046, .T. ) ;
#2551 = COLOUR_RGB ( '',0.7921568627450980005, 0.8196078431372548767, 0.9333333333333333481 ) ;
#2552 = ORIENTED_EDGE ( 'NONE', *, *, #431, .F. ) ;
#2553 = AXIS2_PLACEMENT_3D ( 'NONE', #1341, #1914, #1011 ) ;
#2554 = PLANE ( 'NONE',  #1660 ) ;
#2555 = DIRECTION ( 'NONE',  ( 0.000000000000000000, 1.000000000000000000, 0.000000000000000000 ) ) ;
#2556 = FACE_BOUND ( 'NONE', #1231, .T. ) ;
#2557 = AXIS2_PLACEMENT_3D ( 'NONE', #1544, #2660, #638 ) ;
#2558 = VERTEX_POINT ( 'NONE', #1197 ) ;
#2559 = VECTOR ( 'NONE', #155, 1000.000000000000000 ) ;
#2560 = MANIFOLD_SOLID_BREP ( 'Fillet1', #724 ) ;
#2561 = DIRECTION ( 'NONE',  ( -0.000000000000000000, -1.000000000000000000, -0.000000000000000000 ) ) ;
#2562 = CARTESIAN_POINT ( 'NONE',  ( 1.949999999999999956, 2.600000000000000089, 1.950000000000000844 ) ) ;
#2563 = DIRECTION ( 'NONE',  ( 1.000000000000000000, 0.000000000000000000, -2.409338161078898687E-16 ) ) ;
#2564 = VECTOR ( 'NONE', #2155, 1000.000000000000000 ) ;
#2565 = EDGE_CURVE ( 'NONE', #2136, #2132, #1217, .T. ) ;
#2566 = ORIENTED_EDGE ( 'NONE', *, *, #1949, .F. ) ;
#2567 = CARTESIAN_POINT ( 'NONE',  ( -1.949999999999999956, 2.600000000000000089, 1.950000000000000844 ) ) ;
#2568 = LINE ( 'NONE', #1412, #2007 ) ;
#2569 = ORIENTED_EDGE ( 'NONE', *, *, #2500, .F. ) ;
#2570 = EDGE_CURVE ( 'NONE', #3344, #3666, #2391, .T. ) ;
#2571 = FACE_OUTER_BOUND ( 'NONE', #1663, .T. ) ;
#2572 = DIRECTION ( 'NONE',  ( 1.000000000000000000, 0.000000000000000000, 0.000000000000000000 ) ) ;
#2573 = DIRECTION ( 'NONE',  ( 1.000000000000000000, 0.000000000000000000, 1.301042606982599325E-14 ) ) ;
#2574 = VERTEX_POINT ( 'NONE', #3562 ) ;
#2575 = EDGE_CURVE ( 'NONE', #1262, #3591, #1523, .T. ) ;
#2576 = LINE ( 'NONE', #1744, #1185 ) ;
#2577 = DIRECTION ( 'NONE',  ( 0.000000000000000000, -1.000000000000000000, 0.000000000000000000 ) ) ;
#2578 = CARTESIAN_POINT ( 'NONE',  ( 0.000000000000000000, 3.199999999999999734, 0.000000000000000000 ) ) ;
#2579 = DIRECTION ( 'NONE',  ( 1.000000000000000000, 0.000000000000000000, 0.000000000000000000 ) ) ;
#2580 = ADVANCED_FACE ( 'NONE', ( #2098 ), #3241, .F. ) ;
#2581 = ADVANCED_FACE ( 'NONE', ( #1792 ), #2427, .T. ) ;
#2582 = UNCERTAINTY_MEASURE_WITH_UNIT (LENGTH_MEASURE( 1.000000000000000082E-05 ), #2463, 'distance_accuracy_value', 'NONE');
#2583 = EDGE_LOOP ( 'NONE', ( #3742, #2172, #1425, #1845 ) ) ;
#2584 = FACE_OUTER_BOUND ( 'NONE', #2678, .T. ) ;
#2585 = ORIENTED_EDGE ( 'NONE', *, *, #1073, .F. ) ;
#2586 = VECTOR ( 'NONE', #1242, 1000.000000000000000 ) ;
#2587 = DIRECTION ( 'NONE',  ( 0.000000000000000000, 0.000000000000000000, 1.000000000000000000 ) ) ;
#2588 = CARTESIAN_POINT ( 'NONE',  ( 1.949999999999999956, 2.600000000000000089, 2.250000000000000888 ) ) ;
#2589 = VECTOR ( 'NONE', #3174, 1000.000000000000000 ) ;
#2590 = EDGE_CURVE ( 'NONE', #3358, #3642, #1826, .T. ) ;
#2591 = CARTESIAN_POINT ( 'NONE',  ( 3.250000000000000000, 0.000000000000000000, 1.850000000000000089 ) ) ;
#2592 = AXIS2_PLACEMENT_3D ( 'NONE', #2056, #61, #904 ) ;
#2593 = ORIENTED_EDGE ( 'NONE', *, *, #3030, .T. ) ;
#2594 = DIRECTION ( 'NONE',  ( -0.000000000000000000, -0.000000000000000000, -1.000000000000000000 ) ) ;
#2595 = CARTESIAN_POINT ( 'NONE',  ( 1.650000000000001021, 12.16396103067892653, 1.650000000000001688 ) ) ;
#2596 = PLANE ( 'NONE',  #2977 ) ;
#2597 = EDGE_CURVE ( 'NONE', #313, #3358, #3528, .T. ) ;
#2598 = DIRECTION ( 'NONE',  ( 0.000000000000000000, 0.000000000000000000, -1.000000000000000000 ) ) ;
#2599 = EDGE_LOOP ( 'NONE', ( #3132, #1152, #444, #3278 ) ) ;
#2600 = EDGE_CURVE ( 'NONE', #1605, #1812, #10, .T. ) ;
#2601 = CARTESIAN_POINT ( 'NONE',  ( -1.650000000000000799, 2.899999999999999911, -1.300000000000000044 ) ) ;
#2602 = ORIENTED_EDGE ( 'NONE', *, *, #870, .T. ) ;
#2603 = ORIENTED_EDGE ( 'NONE', *, *, #1290, .T. ) ;
#2604 = FACE_OUTER_BOUND ( 'NONE', #3035, .T. ) ;
#2605 = DIRECTION ( 'NONE',  ( 0.000000000000000000, 0.000000000000000000, -1.000000000000000000 ) ) ;
#2606 =( GEOMETRIC_REPRESENTATION_CONTEXT ( 3 ) GLOBAL_UNCERTAINTY_ASSIGNED_CONTEXT ( ( #2582 ) ) GLOBAL_UNIT_ASSIGNED_CONTEXT ( ( #2463, #3668, #3134 ) ) REPRESENTATION_CONTEXT ( 'NONE', 'WORKASPACE' ) );
#2607 = VECTOR ( 'NONE', #3502, 1000.000000000000000 ) ;
#2608 = CARTESIAN_POINT ( 'NONE',  ( 2.649999999999999911, 5.421010862427522170E-17, 1.149999999999999911 ) ) ;
#2609 = ORIENTED_EDGE ( 'NONE', *, *, #2647, .F. ) ;
#2610 = VECTOR ( 'NONE', #1181, 1000.000000000000000 ) ;
#2611 = LINE ( 'NONE', #3497, #274 ) ;
#2612 = VECTOR ( 'NONE', #142, 1000.000000000000000 ) ;
#2613 = DIRECTION ( 'NONE',  ( -0.000000000000000000, 0.000000000000000000, -1.000000000000000000 ) ) ;
#2614 = AXIS2_PLACEMENT_3D ( 'NONE', #2926, #317, #3457 ) ;
#2615 = DIRECTION ( 'NONE',  ( -0.000000000000000000, -1.000000000000000000, -0.000000000000000000 ) ) ;
#2616 = EDGE_CURVE ( 'NONE', #633, #382, #947, .T. ) ;
#2617 = CARTESIAN_POINT ( 'NONE',  ( 2.250000000000000000, 1.100000000000000089, -1.149999999999999911 ) ) ;
#2618 = VECTOR ( 'NONE', #3549, 1000.000000000000000 ) ;
#2619 = CARTESIAN_POINT ( 'NONE',  ( 1.949999999999999956, 2.600000000000000089, 1.950000000000000844 ) ) ;
#2620 = ORIENTED_EDGE ( 'NONE', *, *, #2419, .T. ) ;
#2621 = VECTOR ( 'NONE', #541, 1000.000000000000000 ) ;
#2622 = CARTESIAN_POINT ( 'NONE',  ( 2.250000000000000000, 2.899999999999999911, 1.950000000000000844 ) ) ;
#2623 = ORIENTED_EDGE ( 'NONE', *, *, #3493, .T. ) ;
#2624 = VECTOR ( 'NONE', #1667, 1000.000000000000000 ) ;
#2625 = VERTEX_POINT ( 'NONE', #1251 ) ;
#2626 = LINE ( 'NONE', #3440, #3264 ) ;
#2627 = DIRECTION ( 'NONE',  ( 0.000000000000000000, -1.000000000000000000, 0.000000000000000000 ) ) ;
#2628 = CARTESIAN_POINT ( 'NONE',  ( 2.649999999999999911, 0.3500000000000000888, -1.149999999999999911 ) ) ;
#2629 = VERTEX_POINT ( 'NONE', #2354 ) ;
#2630 = ADVANCED_FACE ( 'NONE', ( #3281 ), #850, .T. ) ;
#2631 = CARTESIAN_POINT ( 'NONE',  ( -0.9000000000000002442, 2.899999999999999911, -2.249999999999999112 ) ) ;
#2632 = MANIFOLD_SOLID_BREP ( 'Fillet2', #2855 ) ;
#2633 = LINE ( 'NONE', #16, #2610 ) ;
#2634 = CARTESIAN_POINT ( 'NONE',  ( 1.650000000000001021, 2.600000000000000089, 1.650000000000001688 ) ) ;
#2635 = FACE_OUTER_BOUND ( 'NONE', #447, .T. ) ;
#2636 = CARTESIAN_POINT ( 'NONE',  ( 2.250000000000000000, 2.600000000000000089, 0.9000000000000013545 ) ) ;
#2637 = EDGE_LOOP ( 'NONE', ( #79, #2358, #2263, #1248 ) ) ;
#2638 = MANIFOLD_SOLID_BREP ( 'Boss-Extrude5[1]', #3335 ) ;
#2639 = CARTESIAN_POINT ( 'NONE',  ( 3.250000000000000000, 0.2999999999999998779, 1.149999999999999911 ) ) ;
#2640 = ORIENTED_EDGE ( 'NONE', *, *, #2123, .F. ) ;
#2641 = ORIENTED_EDGE ( 'NONE', *, *, #2382, .T. ) ;
#2642 = FILL_AREA_STYLE ('',( #657 ) ) ;
#2643 = DIRECTION ( 'NONE',  ( -0.000000000000000000, -0.000000000000000000, -1.000000000000000000 ) ) ;
#2644 = ADVANCED_FACE ( 'NONE', ( #329 ), #1891, .T. ) ;
#2645 = DIRECTION ( 'NONE',  ( -1.000000000000000000, 0.000000000000000000, -5.421010862427532425E-15 ) ) ;
#2646 = DIRECTION ( 'NONE',  ( -1.000000000000000000, 0.000000000000000000, 0.000000000000000000 ) ) ;
#2647 = EDGE_CURVE ( 'NONE', #3642, #2858, #1264, .T. ) ;
#2648 = ORIENTED_EDGE ( 'NONE', *, *, #557, .T. ) ;
#2649 = AXIS2_PLACEMENT_3D ( 'NONE', #2650, #2594, #862 ) ;
#2650 = CARTESIAN_POINT ( 'NONE',  ( 2.250000000000000000, 0.7500000000000004441, -1.149999999999999911 ) ) ;
#2651 = DIRECTION ( 'NONE',  ( -1.000000000000000000, 0.000000000000000000, 0.000000000000000000 ) ) ;
#2652 = EDGE_CURVE ( 'NONE', #202, #284, #1561, .T. ) ;
#2653 = CARTESIAN_POINT ( 'NONE',  ( -2.600000000000000089, 0.7500000000000004441, 1.850000000000000089 ) ) ;
#2654 = FACE_OUTER_BOUND ( 'NONE', #3624, .T. ) ;
#2655 = CARTESIAN_POINT ( 'NONE',  ( -1.949999999999999956, 2.899999999999999911, 1.950000000000000844 ) ) ;
#2656 = ORIENTED_EDGE ( 'NONE', *, *, #1717, .F. ) ;
#2657 = EDGE_CURVE ( 'NONE', #2485, #3622, #1284, .T. ) ;
#2658 = ORIENTED_EDGE ( 'NONE', *, *, #125, .F. ) ;
#2659 = ORIENTED_EDGE ( 'NONE', *, *, #1910, .F. ) ;
#2660 = DIRECTION ( 'NONE',  ( -0.000000000000000000, -0.000000000000000000, -1.000000000000000000 ) ) ;
#2661 = DIRECTION ( 'NONE',  ( 0.000000000000000000, 0.000000000000000000, -1.000000000000000000 ) ) ;
#2662 = EDGE_CURVE ( 'NONE', #1913, #997, #551, .T. ) ;
#2663 = DIRECTION ( 'NONE',  ( 0.000000000000000000, 0.000000000000000000, 1.000000000000000000 ) ) ;
#2664 = EDGE_LOOP ( 'NONE', ( #3694, #1728, #3118, #1611 ) ) ;
#2665 = DIRECTION ( 'NONE',  ( -1.000000000000000000, 0.000000000000000000, 0.000000000000000000 ) ) ;
#2666 = ORIENTED_EDGE ( 'NONE', *, *, #2954, .F. ) ;
#2667 = AXIS2_PLACEMENT_3D ( 'NONE', #3047, #3331, #378 ) ;
#2668 = DIRECTION ( 'NONE',  ( 0.000000000000000000, 1.000000000000000000, 0.000000000000000000 ) ) ;
#2669 = CARTESIAN_POINT ( 'NONE',  ( 2.250000000000000000, 2.600000000000000089, 1.950000000000000844 ) ) ;
#2670 = DIRECTION ( 'NONE',  ( -0.000000000000000000, -0.000000000000000000, 1.000000000000000000 ) ) ;
#2671 = VECTOR ( 'NONE', #606, 1000.000000000000000 ) ;
#2672 = CARTESIAN_POINT ( 'NONE',  ( 2.250000000000000000, 2.600000000000000089, -1.949999999999999067 ) ) ;
#2673 = LINE ( 'NONE', #1822, #1567 ) ;
#2674 = AXIS2_PLACEMENT_3D ( 'NONE', #1739, #2338, #2572 ) ;
#2675 = VECTOR ( 'NONE', #1173, 1000.000000000000000 ) ;
#2676 = ORIENTED_EDGE ( 'NONE', *, *, #1892, .F. ) ;
#2677 = EDGE_CURVE ( 'NONE', #2625, #406, #694, .T. ) ;
#2678 = EDGE_LOOP ( 'NONE', ( #3690, #1253, #1797, #584, #39, #2783, #1672, #1247, #3125, #240 ) ) ;
#2679 = VERTEX_POINT ( 'NONE', #1880 ) ;
#2680 = VECTOR ( 'NONE', #2028, 1000.000000000000000 ) ;
#2681 = CARTESIAN_POINT ( 'NONE',  ( 2.649999999999999911, 0.2999999999999999889, -1.149999999999999911 ) ) ;
#2682 = ORIENTED_EDGE ( 'NONE', *, *, #34, .T. ) ;
#2683 = CARTESIAN_POINT ( 'NONE',  ( -1.650000000000000799, 2.600000000000000089, -1.649999999999999911 ) ) ;
#2684 = CIRCLE ( 'NONE', #1106, 0.3499999999999998113 ) ;
#2685 = ORIENTED_EDGE ( 'NONE', *, *, #833, .T. ) ;
#2686 = EDGE_CURVE ( 'NONE', #2730, #861, #3767, .T. ) ;
#2687 = CARTESIAN_POINT ( 'NONE',  ( 2.250000000000000000, 12.16396103067892653, -1.949999999999999067 ) ) ;
#2688 = CARTESIAN_POINT ( 'NONE',  ( -2.600000000000000089, 0.7500000000000004441, 1.149999999999999911 ) ) ;
#2689 = DIRECTION ( 'NONE',  ( -1.000000000000000000, 0.000000000000000000, 0.000000000000000000 ) ) ;
#2690 = DIRECTION ( 'NONE',  ( -0.000000000000000000, 1.000000000000000000, -0.000000000000000000 ) ) ;
#2691 = ADVANCED_FACE ( 'NONE', ( #1921 ), #426, .T. ) ;
#2692 = CARTESIAN_POINT ( 'NONE',  ( 1.949999999999999956, 12.16396103067892653, -2.249999999999999112 ) ) ;
#2693 = DIRECTION ( 'NONE',  ( -0.000000000000000000, 1.000000000000000000, -0.000000000000000000 ) ) ;
#2694 = EDGE_CURVE ( 'NONE', #1179, #2230, #3667, .T. ) ;
#2695 = VERTEX_POINT ( 'NONE', #3380 ) ;
#2696 = ORIENTED_EDGE ( 'NONE', *, *, #3540, .F. ) ;
#2697 = CARTESIAN_POINT ( 'NONE',  ( -0.9000000000000002442, 2.600000000000000089, -2.249999999999999112 ) ) ;
#2698 = FACE_OUTER_BOUND ( 'NONE', #1795, .T. ) ;
#2699 = ORIENTED_EDGE ( 'NONE', *, *, #943, .F. ) ;
#2700 = DIRECTION ( 'NONE',  ( 0.000000000000000000, 0.000000000000000000, 1.000000000000000000 ) ) ;
#2701 = ADVANCED_FACE ( 'NONE', ( #1301 ), #2462, .T. ) ;
#2702 = ORIENTED_EDGE ( 'NONE', *, *, #851, .T. ) ;
#2703 = DIRECTION ( 'NONE',  ( 0.000000000000000000, 1.000000000000000000, 0.000000000000000000 ) ) ;
#2704 = PLANE ( 'NONE',  #1461 ) ;
#2705 = EDGE_CURVE ( 'NONE', #3560, #3297, #2483, .T. ) ;
#2706 = DIRECTION ( 'NONE',  ( 0.000000000000000000, 1.000000000000000000, 0.000000000000000000 ) ) ;
#2707 = DIRECTION ( 'NONE',  ( -1.000000000000000000, 0.000000000000000000, -5.421010862427531636E-15 ) ) ;
#2708 = CIRCLE ( 'NONE', #1069, 0.3500000000000000333 ) ;
#2709 = ADVANCED_FACE ( 'NONE', ( #1016 ), #2185, .F. ) ;
#2710 = FACE_OUTER_BOUND ( 'NONE', #563, .T. ) ;
#2711 = LINE ( 'NONE', #3576, #3434 ) ;
#2712 = VERTEX_POINT ( 'NONE', #530 ) ;
#2713 = VERTEX_POINT ( 'NONE', #2848 ) ;
#2714 = EDGE_CURVE ( 'NONE', #64, #1443, #1391, .T. ) ;
#2715 = CARTESIAN_POINT ( 'NONE',  ( 0.000000000000000000, 3.199999999999999734, 0.000000000000000000 ) ) ;
#2716 = CARTESIAN_POINT ( 'NONE',  ( -2.250000000000000000, 0.7999999999999997113, 1.850000000000000089 ) ) ;
#2717 = VERTEX_POINT ( 'NONE', #3133 ) ;
#2718 = CARTESIAN_POINT ( 'NONE',  ( -1.650000000000000799, 2.600000000000000089, -2.000000000000000000 ) ) ;
#2719 = ORIENTED_EDGE ( 'NONE', *, *, #1113, .T. ) ;
#2720 = ORIENTED_EDGE ( 'NONE', *, *, #2950, .F. ) ;
#2721 = CARTESIAN_POINT ( 'NONE',  ( -2.250000000000000000, 2.899999999999999911, -1.949999999999999067 ) ) ;
#2722 = VERTEX_POINT ( 'NONE', #1662 ) ;
#2723 = DIRECTION ( 'NONE',  ( -0.000000000000000000, -1.000000000000000000, -0.000000000000000000 ) ) ;
#2724 = FACE_OUTER_BOUND ( 'NONE', #3117, .T. ) ;
#2725 = VECTOR ( 'NONE', #799, 1000.000000000000000 ) ;
#2726 = DIRECTION ( 'NONE',  ( 1.000000000000000000, 0.000000000000000000, -0.000000000000000000 ) ) ;
#2727 = ADVANCED_FACE ( 'NONE', ( #2867 ), #241, .F. ) ;
#2728 = AXIS2_PLACEMENT_3D ( 'NONE', #3313, #3575, #2726 ) ;
#2729 = CARTESIAN_POINT ( 'NONE',  ( 1.949999999999999956, 0.000000000000000000, -1.949999999999999067 ) ) ;
#2730 = VERTEX_POINT ( 'NONE', #3706 ) ;
#2731 = VECTOR ( 'NONE', #975, 1000.000000000000000 ) ;
#2732 = ORIENTED_EDGE ( 'NONE', *, *, #1432, .T. ) ;
#2733 = DIRECTION ( 'NONE',  ( -0.000000000000000000, -1.000000000000000000, -0.000000000000000000 ) ) ;
#2734 = PLANE ( 'NONE',  #3395 ) ;
#2735 = ORIENTED_EDGE ( 'NONE', *, *, #491, .T. ) ;
#2736 = CYLINDRICAL_SURFACE ( 'NONE', #1652, 0.2999999999999999334 ) ;
#2737 = EDGE_CURVE ( 'NONE', #1752, #1805, #2546, .T. ) ;
#2738 = ORIENTED_EDGE ( 'NONE', *, *, #1813, .T. ) ;
#2739 = CIRCLE ( 'NONE', #362, 0.04999999999999969746 ) ;
#2740 = CARTESIAN_POINT ( 'NONE',  ( 1.650000000000001021, 2.600000000000000089, 2.000000000000001776 ) ) ;
#2741 = FACE_OUTER_BOUND ( 'NONE', #1771, .T. ) ;
#2742 = DIRECTION ( 'NONE',  ( -0.000000000000000000, 1.000000000000000000, -0.000000000000000000 ) ) ;
#2743 = DIRECTION ( 'NONE',  ( 0.000000000000000000, 1.000000000000000000, 0.000000000000000000 ) ) ;
#2744 = LINE ( 'NONE', #993, #1517 ) ;
#2745 = CARTESIAN_POINT ( 'NONE',  ( 2.649999999999999911, 0.2999999999999999889, -1.149999999999999911 ) ) ;
#2746 = DIRECTION ( 'NONE',  ( -0.000000000000000000, -1.000000000000000000, -0.000000000000000000 ) ) ;
#2747 = ORIENTED_EDGE ( 'NONE', *, *, #3262, .F. ) ;
#2748 =( NAMED_UNIT ( * ) SI_UNIT ( $, .STERADIAN. ) SOLID_ANGLE_UNIT ( ) );
#2749 = DIRECTION ( 'NONE',  ( -0.000000000000000000, -1.000000000000000000, -0.000000000000000000 ) ) ;
#2750 = EDGE_LOOP ( 'NONE', ( #2593, #3257, #886, #2240 ) ) ;
#2751 = DIRECTION ( 'NONE',  ( 1.000000000000000000, 0.000000000000000000, -2.409338161078898687E-16 ) ) ;
#2752 = VERTEX_POINT ( 'NONE', #1102 ) ;
#2753 = ORIENTED_EDGE ( 'NONE', *, *, #1175, .F. ) ;
#2754 = EDGE_CURVE ( 'NONE', #1052, #1753, #3437, .T. ) ;
#2755 = EDGE_CURVE ( 'NONE', #2717, #3415, #404, .T. ) ;
#2756 = LINE ( 'NONE', #2721, #2564 ) ;
#2757 = CARTESIAN_POINT ( 'NONE',  ( -2.299999999999999822, 0.3500000000000001443, -1.149999999999999911 ) ) ;
#2758 =( NAMED_UNIT ( * ) PLANE_ANGLE_UNIT ( ) SI_UNIT ( $, .RADIAN. ) );
#2759 = DIRECTION ( 'NONE',  ( -1.000000000000000000, -0.000000000000000000, -0.000000000000000000 ) ) ;
#2760 = EDGE_CURVE ( 'NONE', #1530, #2722, #259, .T. ) ;
#2761 = ORIENTED_EDGE ( 'NONE', *, *, #3206, .F. ) ;
#2762 = CARTESIAN_POINT ( 'NONE',  ( 2.649999999999999911, 0.3500000000000000888, 1.149999999999999911 ) ) ;
#2763 = AXIS2_PLACEMENT_3D ( 'NONE', #3375, #3083, #1982 ) ;
#2764 = DIRECTION ( 'NONE',  ( -0.000000000000000000, -1.000000000000000000, -0.000000000000000000 ) ) ;
#2765 = DIRECTION ( 'NONE',  ( 0.000000000000000000, 1.000000000000000000, -0.000000000000000000 ) ) ;
#2766 = CIRCLE ( 'NONE', #1129, 1.149999999999999911 ) ;
#2767 = EDGE_LOOP ( 'NONE', ( #836, #232, #311, #1370 ) ) ;
#2768 = AXIS2_PLACEMENT_3D ( 'NONE', #2952, #651, #2111 ) ;
#2769 = FILL_AREA_STYLE_COLOUR ( '', #1100 ) ;
#2770 = ORIENTED_EDGE ( 'NONE', *, *, #2616, .F. ) ;
#2771 = LINE ( 'NONE', #466, #301 ) ;
#2772 = VERTEX_POINT ( 'NONE', #2601 ) ;
#2773 = EDGE_LOOP ( 'NONE', ( #3404, #1581, #3145, #2320 ) ) ;
#2774 = EDGE_CURVE ( 'NONE', #3297, #3470, #2542, .T. ) ;
#2775 = CARTESIAN_POINT ( 'NONE',  ( 2.600000000000000089, 0.7500000000000004441, -1.149999999999999911 ) ) ;
#2776 =( LENGTH_UNIT ( ) NAMED_UNIT ( * ) SI_UNIT ( .MILLI., .METRE. ) );
#2777 = LINE ( 'NONE', #1975, #3029 ) ;
#2778 = CARTESIAN_POINT ( 'NONE',  ( -1.650000000000000355, 2.899999999999999911, 1.650000000000002354 ) ) ;
#2779 = ORIENTED_EDGE ( 'NONE', *, *, #1135, .F. ) ;
#2780 = CARTESIAN_POINT ( 'NONE',  ( -3.250000000000000000, 0.000000000000000000, 1.149999999999999911 ) ) ;
#2781 = DIRECTION ( 'NONE',  ( -1.000000000000000000, 0.000000000000000000, 0.000000000000000000 ) ) ;
#2782 = DIRECTION ( 'NONE',  ( 0.000000000000000000, -1.000000000000000000, 0.000000000000000000 ) ) ;
#2783 = ORIENTED_EDGE ( 'NONE', *, *, #2807, .T. ) ;
#2784 = AXIS2_PLACEMENT_3D ( 'NONE', #2014, #2518, #213 ) ;
#2785 = ORIENTED_EDGE ( 'NONE', *, *, #3311, .T. ) ;
#2786 = CARTESIAN_POINT ( 'NONE',  ( -1.949999999999999956, 12.16396103067892653, -2.249999999999999112 ) ) ;
#2787 = VERTEX_POINT ( 'NONE', #1735 ) ;
#2788 = CARTESIAN_POINT ( 'NONE',  ( -1.299999999999999600, 0.2999999999999999889, 2.249999999999999112 ) ) ;
#2789 = ADVANCED_FACE ( 'NONE', ( #1136 ), #848, .F. ) ;
#2790 = AXIS2_PLACEMENT_3D ( 'NONE', #2535, #2233, #1091 ) ;
#2791 = ORIENTED_EDGE ( 'NONE', *, *, #1765, .F. ) ;
#2792 = ORIENTED_EDGE ( 'NONE', *, *, #282, .F. ) ;
#2793 = VECTOR ( 'NONE', #2995, 1000.000000000000000 ) ;
#2794 = DIRECTION ( 'NONE',  ( 0.000000000000000000, -0.000000000000000000, 1.000000000000000000 ) ) ;
#2795 = VECTOR ( 'NONE', #2832, 1000.000000000000000 ) ;
#2796 = VECTOR ( 'NONE', #2291, 1000.000000000000000 ) ;
#2797 = DIRECTION ( 'NONE',  ( -1.000000000000000000, 0.000000000000000000, 0.000000000000000000 ) ) ;
#2798 = DIRECTION ( 'NONE',  ( -0.000000000000000000, 1.000000000000000000, -0.000000000000000000 ) ) ;
#2799 = VERTEX_POINT ( 'NONE', #1367 ) ;
#2800 = AXIS2_PLACEMENT_3D ( 'NONE', #1549, #2173, #3346 ) ;
#2801 = DIRECTION ( 'NONE',  ( 0.000000000000000000, -1.000000000000000000, 0.000000000000000000 ) ) ;
#2802 = PLANE ( 'NONE',  #2184 ) ;
#2803 = EDGE_CURVE ( 'NONE', #659, #1530, #3553, .T. ) ;
#2804 = DIRECTION ( 'NONE',  ( -0.000000000000000000, -0.000000000000000000, 1.000000000000000000 ) ) ;
#2805 = ORIENTED_EDGE ( 'NONE', *, *, #3108, .T. ) ;
#2806 = ORIENTED_EDGE ( 'NONE', *, *, #1620, .F. ) ;
#2807 = EDGE_CURVE ( 'NONE', #2712, #2378, #1426, .T. ) ;
#2808 = CARTESIAN_POINT ( 'NONE',  ( -2.049999999999999822, 2.600000000000000089, -0.8999999999999979128 ) ) ;
#2809 = DIRECTION ( 'NONE',  ( 0.000000000000000000, 0.000000000000000000, 1.000000000000000000 ) ) ;
#2810 = ORIENTED_EDGE ( 'NONE', *, *, #2868, .T. ) ;
#2811 = CARTESIAN_POINT ( 'NONE',  ( -2.250000000000000000, 2.600000000000000089, -1.949999999999999067 ) ) ;
#2812 = ORIENTED_EDGE ( 'NONE', *, *, #3388, .F. ) ;
#2813 = ORIENTED_EDGE ( 'NONE', *, *, #1853, .F. ) ;
#2814 = DIRECTION ( 'NONE',  ( 0.000000000000000000, 1.000000000000000000, 0.000000000000000000 ) ) ;
#2815 = CARTESIAN_POINT ( 'NONE',  ( 2.600000000000000089, 0.3500000000000000888, 1.149999999999999911 ) ) ;
#2816 = ORIENTED_EDGE ( 'NONE', *, *, #1907, .F. ) ;
#2817 = DIRECTION ( 'NONE',  ( 1.000000000000000000, 0.000000000000000000, 0.000000000000000000 ) ) ;
#2818 = DIRECTION ( 'NONE',  ( 0.000000000000000000, 1.000000000000000000, 0.000000000000000000 ) ) ;
#2819 = CARTESIAN_POINT ( 'NONE',  ( -1.650000000000000355, 2.999999999999999556, 1.650000000000002354 ) ) ;
#2820 = ADVANCED_FACE ( 'NONE', ( #2584 ), #1079, .F. ) ;
#2821 = ORIENTED_EDGE ( 'NONE', *, *, #267, .T. ) ;
#2822 = PLANE ( 'NONE',  #845 ) ;
#2823 = CARTESIAN_POINT ( 'NONE',  ( 2.299999999999999378, 0.7500000000000004441, -1.149999999999999911 ) ) ;
#2824 = ADVANCED_FACE ( 'NONE', ( #2002 ), #2241, .F. ) ;
#2825 = PLANE ( 'NONE',  #1492 ) ;
#2826 = VECTOR ( 'NONE', #1076, 1000.000000000000000 ) ;
#2827 = VECTOR ( 'NONE', #3122, 1000.000000000000000 ) ;
#2828 = ORIENTED_EDGE ( 'NONE', *, *, #2269, .F. ) ;
#2829 = DIRECTION ( 'NONE',  ( 0.000000000000000000, 1.000000000000000000, -0.000000000000000000 ) ) ;
#2830 = DIRECTION ( 'NONE',  ( 0.000000000000000000, 0.000000000000000000, -1.000000000000000000 ) ) ;
#2831 = VECTOR ( 'NONE', #1571, 1000.000000000000000 ) ;
#2832 = DIRECTION ( 'NONE',  ( 0.000000000000000000, 0.000000000000000000, -1.000000000000000000 ) ) ;
#2833 = ADVANCED_FACE ( 'NONE', ( #219 ), #1720, .F. ) ;
#2834 = ORIENTED_EDGE ( 'NONE', *, *, #1743, .T. ) ;
#2835 = ADVANCED_FACE ( 'NONE', ( #2882 ), #276, .F. ) ;
#2836 = ORIENTED_EDGE ( 'NONE', *, *, #649, .T. ) ;
#2837 = DIRECTION ( 'NONE',  ( 0.000000000000000000, 0.000000000000000000, -1.000000000000000000 ) ) ;
#2838 = LINE ( 'NONE', #2815, #794 ) ;
#2839 = CARTESIAN_POINT ( 'NONE',  ( 2.649999999999999911, 0.2999999999999999889, 1.149999999999999911 ) ) ;
#2840 = FACE_BOUND ( 'NONE', #195, .T. ) ;
#2841 = ORIENTED_EDGE ( 'NONE', *, *, #1873, .T. ) ;
#2842 = CARTESIAN_POINT ( 'NONE',  ( 0.000000000000000000, 2.899999999999999911, -1.399999999999999911 ) ) ;
#2843 = FACE_OUTER_BOUND ( 'NONE', #1669, .T. ) ;
#2844 = CARTESIAN_POINT ( 'NONE',  ( 3.250000000000000000, 0.000000000000000000, -1.850000000000000089 ) ) ;
#2845 = ADVANCED_BREP_SHAPE_REPRESENTATION ( 'PTS 647 SK38 SMTR2 LFS', ( #2560, #2632, #119, #2638, #1372, #104, #1381, #216 ), #3186 ) ;
#2846 = EDGE_CURVE ( 'NONE', #337, #2488, #3064, .T. ) ;
#2847 = ORIENTED_EDGE ( 'NONE', *, *, #29, .T. ) ;
#2848 = CARTESIAN_POINT ( 'NONE',  ( 2.050000000000000711, 2.899999999999999911, 0.9000000000000000222 ) ) ;
#2849 = STYLED_ITEM ( 'NONE', ( #2116 ), #1372 ) ;
#2850 = ORIENTED_EDGE ( 'NONE', *, *, #3267, .T. ) ;
#2851 = AXIS2_PLACEMENT_3D ( 'NONE', #5, #2972, #2932 ) ;
#2852 = DIRECTION ( 'NONE',  ( 1.000000000000000000, 0.000000000000000000, 0.000000000000000000 ) ) ;
#2853 = ADVANCED_FACE ( 'NONE', ( #632 ), #7, .T. ) ;
#2854 = CARTESIAN_POINT ( 'NONE',  ( 2.250000000000000000, 0.7500000000000004441, -1.149999999999999911 ) ) ;
#2855 = CLOSED_SHELL ( 'NONE', ( #3228, #3629, #1485, #2630, #2853, #1630, #680, #3326, #913, #1499, #985, #166, #256, #504, #3126, #1178, #131, #3664, #686, #1506, #570, #1918, #1551, #3377, #3080, #752, #3406, #2701, #1733, #1034, #2073, #2284, #2, #2581 ) ) ;
#2856 = CIRCLE ( 'NONE', #663, 0.1500000000000001887 ) ;
#2857 = CARTESIAN_POINT ( 'NONE',  ( 0.8999999999999993561, 2.899999999999999911, 2.250000000000001332 ) ) ;
#2858 = VERTEX_POINT ( 'NONE', #3559 ) ;
#2859 = AXIS2_PLACEMENT_3D ( 'NONE', #3207, #1726, #2064 ) ;
#2860 = VECTOR ( 'NONE', #1393, 1000.000000000000000 ) ;
#2861 = CARTESIAN_POINT ( 'NONE',  ( -2.649999999999999911, 0.3500000000000000888, 1.149999999999999911 ) ) ;
#2862 = CARTESIAN_POINT ( 'NONE',  ( -1.949999999999999956, 2.600000000000000089, -2.249999999999999112 ) ) ;
#2863 = DIRECTION ( 'NONE',  ( 0.000000000000000000, 0.000000000000000000, -1.000000000000000000 ) ) ;
#2864 = DIRECTION ( 'NONE',  ( 0.000000000000000000, -1.000000000000000000, 0.000000000000000000 ) ) ;
#2865 = VECTOR ( 'NONE', #2346, 1000.000000000000000 ) ;
#2866 = VERTEX_POINT ( 'NONE', #1803 ) ;
#2867 = FACE_OUTER_BOUND ( 'NONE', #2537, .T. ) ;
#2868 = EDGE_CURVE ( 'NONE', #1847, #997, #946, .T. ) ;
#2869 = EDGE_LOOP ( 'NONE', ( #2246, #655, #2640, #652 ) ) ;
#2870 = CARTESIAN_POINT ( 'NONE',  ( -2.250000000000000000, 1.100000000000000089, 1.149999999999999911 ) ) ;
#2871 = PLANE ( 'NONE',  #3337 ) ;
#2872 = EDGE_CURVE ( 'NONE', #1172, #3666, #1482, .T. ) ;
#2873 = EDGE_CURVE ( 'NONE', #3208, #3344, #3524, .T. ) ;
#2874 = CARTESIAN_POINT ( 'NONE',  ( 2.600000000000000089, 0.7500000000000004441, -1.149999999999999911 ) ) ;
#2875 = ORIENTED_EDGE ( 'NONE', *, *, #3147, .F. ) ;
#2876 = DIRECTION ( 'NONE',  ( -1.000000000000000000, 0.000000000000000000, -5.421010862427532425E-15 ) ) ;
#2877 = ADVANCED_FACE ( 'NONE', ( #923 ), #3236, .F. ) ;
#2878 = DIRECTION ( 'NONE',  ( -0.000000000000000000, -1.000000000000000000, -0.000000000000000000 ) ) ;
#2879 = DIRECTION ( 'NONE',  ( -1.000000000000000000, 0.000000000000000000, 0.000000000000000000 ) ) ;
#2880 = CARTESIAN_POINT ( 'NONE',  ( -0.9000000000000003553, 2.899999999999999911, -2.049999999999998934 ) ) ;
#2881 = ORIENTED_EDGE ( 'NONE', *, *, #553, .F. ) ;
#2882 = FACE_OUTER_BOUND ( 'NONE', #3336, .T. ) ;
#2883 = VERTEX_POINT ( 'NONE', #342 ) ;
#2884 = VECTOR ( 'NONE', #2579, 1000.000000000000000 ) ;
#2885 = VERTEX_POINT ( 'NONE', #2622 ) ;
#2886 = CARTESIAN_POINT ( 'NONE',  ( -1.949999999999999956, 2.600000000000000089, -1.949999999999999067 ) ) ;
#2887 = CARTESIAN_POINT ( 'NONE',  ( 1.949999999999999956, 0.000000000000000000, 1.950000000000000844 ) ) ;
#2888 = AXIS2_PLACEMENT_3D ( 'NONE', #1442, #3755, #3468 ) ;
#2889 = EDGE_CURVE ( 'NONE', #44, #3560, #2673, .T. ) ;
#2890 = CARTESIAN_POINT ( 'NONE',  ( -2.299999999999999378, 0.7500000000000004441, -1.850000000000000089 ) ) ;
#2891 = ORIENTED_EDGE ( 'NONE', *, *, #2534, .F. ) ;
#2892 = CARTESIAN_POINT ( 'NONE',  ( -2.649999999999999911, 5.421010862427522170E-17, -1.850000000000000089 ) ) ;
#2893 = CARTESIAN_POINT ( 'NONE',  ( -1.650000000000000799, 2.600000000000000089, -2.000000000000000000 ) ) ;
#2894 = DIRECTION ( 'NONE',  ( 0.000000000000000000, 0.000000000000000000, 1.000000000000000000 ) ) ;
#2895 = DIRECTION ( 'NONE',  ( -2.409338161078898687E-16, 0.000000000000000000, -1.000000000000000000 ) ) ;
#2896 = CARTESIAN_POINT ( 'NONE',  ( 1.649999999999999911, 2.899999999999999911, -2.000000000000000444 ) ) ;
#2897 = ORIENTED_EDGE ( 'NONE', *, *, #1704, .F. ) ;
#2898 = CARTESIAN_POINT ( 'NONE',  ( 2.600000000000000089, 0.7500000000000004441, 1.850000000000000089 ) ) ;
#2899 = VERTEX_POINT ( 'NONE', #1518 ) ;
#2900 = VERTEX_POINT ( 'NONE', #2973 ) ;
#2901 = ADVANCED_FACE ( 'NONE', ( #3199 ), #2920, .T. ) ;
#2902 = DIRECTION ( 'NONE',  ( -1.000000000000000000, 0.000000000000000000, 0.000000000000000000 ) ) ;
#2903 =( NAMED_UNIT ( * ) SI_UNIT ( $, .STERADIAN. ) SOLID_ANGLE_UNIT ( ) );
#2904 = AXIS2_PLACEMENT_3D ( 'NONE', #3298, #66, #1545 ) ;
#2905 = VECTOR ( 'NONE', #3178, 1000.000000000000000 ) ;
#2906 = DIRECTION ( 'NONE',  ( -0.000000000000000000, -0.000000000000000000, 1.000000000000000000 ) ) ;
#2907 = ORIENTED_EDGE ( 'NONE', *, *, #2570, .F. ) ;
#2908 = AXIS2_PLACEMENT_3D ( 'NONE', #1627, #2253, #764 ) ;
#2909 = CARTESIAN_POINT ( 'NONE',  ( -2.250000000000000000, 2.600000000000000089, 1.950000000000000844 ) ) ;
#2910 = STYLED_ITEM ( 'NONE', ( #204 ), #104 ) ;
#2911 = DIRECTION ( 'NONE',  ( 0.000000000000000000, 0.000000000000000000, 1.000000000000000000 ) ) ;
#2912 = AXIS2_PLACEMENT_3D ( 'NONE', #2115, #3259, #3508 ) ;
#2913 = CARTESIAN_POINT ( 'NONE',  ( 2.649999999999999911, 0.3500000000000000888, -1.149999999999999911 ) ) ;
#2914 = CARTESIAN_POINT ( 'NONE',  ( -2.049999999999999378, 2.600000000000000089, 0.9000000000000020206 ) ) ;
#2915 = CIRCLE ( 'NONE', #3577, 0.2999999999999999334 ) ;
#2916 = DIRECTION ( 'NONE',  ( -1.000000000000000000, 0.000000000000000000, 0.000000000000000000 ) ) ;
#2917 = EDGE_CURVE ( 'NONE', #1465, #2444, #1994, .T. ) ;
#2918 = ORIENTED_EDGE ( 'NONE', *, *, #2448, .F. ) ;
#2919 = AXIS2_PLACEMENT_3D ( 'NONE', #2190, #719, #2139 ) ;
#2920 = CYLINDRICAL_SURFACE ( 'NONE', #1804, 0.3500000000000000333 ) ;
#2921 = ORIENTED_EDGE ( 'NONE', *, *, #631, .F. ) ;
#2922 = ORIENTED_EDGE ( 'NONE', *, *, #739, .F. ) ;
#2923 = EDGE_CURVE ( 'NONE', #506, #408, #1751, .T. ) ;
#2924 = CARTESIAN_POINT ( 'NONE',  ( 0.9000000000000013545, 2.600000000000000089, 2.050000000000000711 ) ) ;
#2925 = DIRECTION ( 'NONE',  ( -1.000000000000000000, 0.000000000000000000, 0.000000000000000000 ) ) ;
#2926 = CARTESIAN_POINT ( 'NONE',  ( -2.649999999999999911, 0.3500000000000000888, 1.149999999999999911 ) ) ;
#2927 = ORIENTED_EDGE ( 'NONE', *, *, #1464, .F. ) ;
#2928 = CARTESIAN_POINT ( 'NONE',  ( -1.650000000000000799, 2.899999999999999911, -1.649999999999999911 ) ) ;
#2929 = CARTESIAN_POINT ( 'NONE',  ( -1.949999999999999956, 2.600000000000000089, 2.250000000000000888 ) ) ;
#2930 = EDGE_CURVE ( 'NONE', #2209, #1269, #704, .T. ) ;
#2931 = DIRECTION ( 'NONE',  ( 0.000000000000000000, 0.000000000000000000, -1.000000000000000000 ) ) ;
#2932 = DIRECTION ( 'NONE',  ( -1.000000000000000000, 0.000000000000000000, 0.000000000000000000 ) ) ;
#2933 = EDGE_CURVE ( 'NONE', #3403, #2094, #21, .T. ) ;
#2934 = ORIENTED_EDGE ( 'NONE', *, *, #2212, .T. ) ;
#2935 = LINE ( 'NONE', #323, #3682 ) ;
#2936 = ORIENTED_EDGE ( 'NONE', *, *, #3729, .F. ) ;
#2937 = ORIENTED_EDGE ( 'NONE', *, *, #1999, .T. ) ;
#2938 = ORIENTED_EDGE ( 'NONE', *, *, #739, .T. ) ;
#2939 = DIRECTION ( 'NONE',  ( -0.000000000000000000, -0.000000000000000000, -1.000000000000000000 ) ) ;
#2940 = CARTESIAN_POINT ( 'NONE',  ( -1.650000000000000355, 2.600000000000000089, 1.650000000000002354 ) ) ;
#2941 = DIRECTION ( 'NONE',  ( 0.000000000000000000, 0.000000000000000000, 1.000000000000000000 ) ) ;
#2942 = ORIENTED_EDGE ( 'NONE', *, *, #1349, .T. ) ;
#2943 = CARTESIAN_POINT ( 'NONE',  ( 1.949999999999999956, 2.899999999999999911, -2.249999999999999112 ) ) ;
#2944 = CIRCLE ( 'NONE', #2341, 0.2000000000000000944 ) ;
#2945 = ORIENTED_EDGE ( 'NONE', *, *, #3436, .T. ) ;
#2946 = AXIS2_PLACEMENT_3D ( 'NONE', #375, #2454, #2416 ) ;
#2947 = DIRECTION ( 'NONE',  ( -0.000000000000000000, -1.000000000000000000, -0.000000000000000000 ) ) ;
#2948 = DIRECTION ( 'NONE',  ( 1.000000000000000000, 0.000000000000000000, 0.000000000000000000 ) ) ;
#2949 = DIRECTION ( 'NONE',  ( 0.000000000000000000, 0.000000000000000000, -1.000000000000000000 ) ) ;
#2950 = EDGE_CURVE ( 'NONE', #1443, #201, #3180, .T. ) ;
#2951 = CARTESIAN_POINT ( 'NONE',  ( -2.649999999999999911, 0.3500000000000000888, -1.850000000000000089 ) ) ;
#2952 = CARTESIAN_POINT ( 'NONE',  ( 3.250000000000000000, 0.000000000000000000, 1.149999999999999911 ) ) ;
#2953 = ORIENTED_EDGE ( 'NONE', *, *, #3752, .F. ) ;
#2954 = EDGE_CURVE ( 'NONE', #3608, #1134, #1787, .T. ) ;
#2955 = ORIENTED_EDGE ( 'NONE', *, *, #144, .T. ) ;
#2956 = EDGE_LOOP ( 'NONE', ( #3222, #266 ) ) ;
#2957 =( NAMED_UNIT ( * ) PLANE_ANGLE_UNIT ( ) SI_UNIT ( $, .RADIAN. ) );
#2958 =( LENGTH_UNIT ( ) NAMED_UNIT ( * ) SI_UNIT ( .MILLI., .METRE. ) );
#2959 = ORIENTED_EDGE ( 'NONE', *, *, #1487, .T. ) ;
#2960 = CARTESIAN_POINT ( 'NONE',  ( -3.250000000000000000, 0.000000000000000000, 1.149999999999999911 ) ) ;
#2961 = ORIENTED_EDGE ( 'NONE', *, *, #3447, .T. ) ;
#2962 = ADVANCED_FACE ( 'NONE', ( #77 ), #1246, .F. ) ;
#2963 = STYLED_ITEM ( 'NONE', ( #3340 ), #1381 ) ;
#2964 = ORIENTED_EDGE ( 'NONE', *, *, #1421, .T. ) ;
#2965 = CIRCLE ( 'NONE', #3704, 0.3500000000000002554 ) ;
#2966 = DIRECTION ( 'NONE',  ( 0.000000000000000000, 0.000000000000000000, 1.000000000000000000 ) ) ;
#2967 = FACE_OUTER_BOUND ( 'NONE', #683, .T. ) ;
#2968 = EDGE_CURVE ( 'NONE', #2332, #3503, #2935, .T. ) ;
#2969 = LINE ( 'NONE', #1225, #2222 ) ;
#2970 = AXIS2_PLACEMENT_3D ( 'NONE', #1050, #474, #1649 ) ;
#2971 = VECTOR ( 'NONE', #588, 1000.000000000000000 ) ;
#2972 = DIRECTION ( 'NONE',  ( -0.000000000000000000, -0.000000000000000000, 1.000000000000000000 ) ) ;
#2973 = CARTESIAN_POINT ( 'NONE',  ( -3.250000000000000000, 0.000000000000000000, -1.850000000000000089 ) ) ;
#2974 = AXIS2_PLACEMENT_3D ( 'NONE', #2982, #3015, #2085 ) ;
#2975 = ORIENTED_EDGE ( 'NONE', *, *, #565, .F. ) ;
#2976 = ORIENTED_EDGE ( 'NONE', *, *, #307, .F. ) ;
#2977 = AXIS2_PLACEMENT_3D ( 'NONE', #2562, #3194, #3750 ) ;
#2978 = SURFACE_STYLE_FILL_AREA ( #2642 ) ;
#2979 = CARTESIAN_POINT ( 'NONE',  ( -2.600000000000000089, 0.7500000000000004441, -1.149999999999999911 ) ) ;
#2980 = EDGE_LOOP ( 'NONE', ( #2984, #401, #2489, #1790 ) ) ;
#2981 = EDGE_CURVE ( 'NONE', #468, #2485, #394, .T. ) ;
#2982 = CARTESIAN_POINT ( 'NONE',  ( 2.250000000000000000, 0.7500000000000004441, -1.149999999999999911 ) ) ;
#2983 = AXIS2_PLACEMENT_3D ( 'NONE', #1929, #3386, #1988 ) ;
#2984 = ORIENTED_EDGE ( 'NONE', *, *, #2198, .F. ) ;
#2985 = DIRECTION ( 'NONE',  ( 0.000000000000000000, 0.000000000000000000, 1.000000000000000000 ) ) ;
#2986 = CARTESIAN_POINT ( 'NONE',  ( 1.649999999999999911, 2.999999999999999556, -1.650000000000000133 ) ) ;
#2987 = EDGE_CURVE ( 'NONE', #3503, #140, #979, .T. ) ;
#2988 = DIRECTION ( 'NONE',  ( 0.000000000000000000, 0.000000000000000000, 1.000000000000000000 ) ) ;
#2989 = CARTESIAN_POINT ( 'NONE',  ( 2.250000000000000000, 2.600000000000000089, 1.950000000000000844 ) ) ;
#2990 = EDGE_CURVE ( 'NONE', #2885, #2041, #1261, .T. ) ;
#2991 = DIRECTION ( 'NONE',  ( 1.000000000000000000, 0.000000000000000000, 0.000000000000000000 ) ) ;
#2992 = LINE ( 'NONE', #379, #3305 ) ;
#2993 = ORIENTED_EDGE ( 'NONE', *, *, #2436, .F. ) ;
#2994 = VERTEX_POINT ( 'NONE', #1916 ) ;
#2995 = DIRECTION ( 'NONE',  ( 0.000000000000000000, 1.000000000000000000, 0.000000000000000000 ) ) ;
#2996 = EDGE_LOOP ( 'NONE', ( #1843, #1323, #2336, #1968 ) ) ;
#2997 = CARTESIAN_POINT ( 'NONE',  ( 2.050000000000000711, 2.899999999999999911, -0.9000000000000000222 ) ) ;
#2998 = EDGE_CURVE ( 'NONE', #1237, #3173, #831, .T. ) ;
#2999 = EDGE_LOOP ( 'NONE', ( #165, #2552 ) ) ;
#3000 = EDGE_LOOP ( 'NONE', ( #3323, #2352, #2735, #3166 ) ) ;
#3001 = PLANE ( 'NONE',  #3041 ) ;
#3002 = ORIENTED_EDGE ( 'NONE', *, *, #1704, .T. ) ;
#3003 = AXIS2_PLACEMENT_3D ( 'NONE', #194, #2017, #562 ) ;
#3004 = EDGE_CURVE ( 'NONE', #260, #2713, #1299, .T. ) ;
#3005 = FACE_OUTER_BOUND ( 'NONE', #944, .T. ) ;
#3006 = DIRECTION ( 'NONE',  ( -0.000000000000000000, -0.000000000000000000, 1.000000000000000000 ) ) ;
#3007 = CIRCLE ( 'NONE', #3491, 0.3500000000000002554 ) ;
#3008 = PLANE ( 'NONE',  #2553 ) ;
#3009 = CARTESIAN_POINT ( 'NONE',  ( 1.949999999999999956, 2.600000000000000089, -1.949999999999999067 ) ) ;
#3010 = VECTOR ( 'NONE', #1676, 1000.000000000000000 ) ;
#3011 = ORIENTED_EDGE ( 'NONE', *, *, #3147, .T. ) ;
#3012 = ORIENTED_EDGE ( 'NONE', *, *, #821, .T. ) ;
#3013 = FILL_AREA_STYLE_COLOUR ( '', #2551 ) ;
#3014 = ORIENTED_EDGE ( 'NONE', *, *, #2686, .T. ) ;
#3015 = DIRECTION ( 'NONE',  ( -0.000000000000000000, -0.000000000000000000, -1.000000000000000000 ) ) ;
#3016 = ORIENTED_EDGE ( 'NONE', *, *, #2379, .F. ) ;
#3017 = VERTEX_POINT ( 'NONE', #3334 ) ;
#3018 = EDGE_CURVE ( 'NONE', #1270, #2717, #440, .T. ) ;
#3019 = DIRECTION ( 'NONE',  ( -0.000000000000000000, -1.000000000000000000, -0.000000000000000000 ) ) ;
#3020 = ORIENTED_EDGE ( 'NONE', *, *, #649, .F. ) ;
#3021 = CARTESIAN_POINT ( 'NONE',  ( -2.600000000000000089, 0.7500000000000004441, -1.149999999999999911 ) ) ;
#3022 = AXIS2_PLACEMENT_3D ( 'NONE', #384, #2392, #1285 ) ;
#3023 = LINE ( 'NONE', #1610, #1032 ) ;
#3024 = VECTOR ( 'NONE', #2226, 1000.000000000000000 ) ;
#3025 = CARTESIAN_POINT ( 'NONE',  ( -2.049999999999999378, 2.600000000000000089, 0.9000000000000020206 ) ) ;
#3026 = AXIS2_PLACEMENT_3D ( 'NONE', #363, #1479, #1186 ) ;
#3027 = DIRECTION ( 'NONE',  ( 0.000000000000000000, 0.000000000000000000, -1.000000000000000000 ) ) ;
#3028 = DIRECTION ( 'NONE',  ( -0.000000000000000000, -1.000000000000000000, -0.000000000000000000 ) ) ;
#3029 = VECTOR ( 'NONE', #452, 1000.000000000000000 ) ;
#3030 = EDGE_CURVE ( 'NONE', #284, #645, #1038, .T. ) ;
#3031 = VERTEX_POINT ( 'NONE', #1633 ) ;
#3032 = CARTESIAN_POINT ( 'NONE',  ( 2.250000000000000000, 1.100000000000000311, -1.149999999999999911 ) ) ;
#3033 = PRESENTATION_LAYER_ASSIGNMENT (  '', '', ( #3405 ) ) ;
#3034 = LINE ( 'NONE', #983, #1514 ) ;
#3035 = EDGE_LOOP ( 'NONE', ( #2466, #3219 ) ) ;
#3036 = LINE ( 'NONE', #1369, #2795 ) ;
#3037 = ORIENTED_EDGE ( 'NONE', *, *, #1870, .F. ) ;
#3038 = AXIS2_PLACEMENT_3D ( 'NONE', #1865, #2133, #2700 ) ;
#3039 = EDGE_CURVE ( 'NONE', #1677, #1326, #457, .T. ) ;
#3040 = ORIENTED_EDGE ( 'NONE', *, *, #851, .F. ) ;
#3041 = AXIS2_PLACEMENT_3D ( 'NONE', #2913, #2985, #2468 ) ;
#3042 = DIRECTION ( 'NONE',  ( 0.000000000000000000, 0.000000000000000000, 1.000000000000000000 ) ) ;
#3043 = LINE ( 'NONE', #3408, #1336 ) ;
#3044 = EDGE_CURVE ( 'NONE', #1206, #2752, #1555, .T. ) ;
#3045 = PLANE ( 'NONE',  #479 ) ;
#3046 = ORIENTED_EDGE ( 'NONE', *, *, #3311, .F. ) ;
#3047 = CARTESIAN_POINT ( 'NONE',  ( 1.649999999999999911, 4.489949493661167246, -1.650000000000000133 ) ) ;
#3048 = CARTESIAN_POINT ( 'NONE',  ( 1.299999999999999822, 0.2999999999999999889, 2.249999999999999112 ) ) ;
#3049 = DIRECTION ( 'NONE',  ( 0.000000000000000000, 0.000000000000000000, 1.000000000000000000 ) ) ;
#3050 = EDGE_CURVE ( 'NONE', #2205, #2010, #2146, .T. ) ;
#3051 = ORIENTED_EDGE ( 'NONE', *, *, #2930, .T. ) ;
#3052 = CYLINDRICAL_SURFACE ( 'NONE', #1947, 0.05000000000000012768 ) ;
#3053 = VERTEX_POINT ( 'NONE', #2460 ) ;
#3054 = DIRECTION ( 'NONE',  ( 0.000000000000000000, 1.000000000000000000, 0.000000000000000000 ) ) ;
#3055 = ORIENTED_EDGE ( 'NONE', *, *, #1873, .F. ) ;
#3056 = FACE_OUTER_BOUND ( 'NONE', #712, .T. ) ;
#3057 =( LENGTH_UNIT ( ) NAMED_UNIT ( * ) SI_UNIT ( .MILLI., .METRE. ) );
#3058 = PLANE ( 'NONE',  #791 ) ;
#3059 = DIRECTION ( 'NONE',  ( 0.000000000000000000, 0.000000000000000000, 1.000000000000000000 ) ) ;
#3060 = ORIENTED_EDGE ( 'NONE', *, *, #3573, .F. ) ;
#3061 = DIRECTION ( 'NONE',  ( -2.409338161078899180E-16, 0.000000000000000000, -1.000000000000000000 ) ) ;
#3062 = CARTESIAN_POINT ( 'NONE',  ( -1.650000000000000355, 2.999999999999999556, 1.800000000000002487 ) ) ;
#3063 = LINE ( 'NONE', #3597, #1001 ) ;
#3064 = CIRCLE ( 'NONE', #1438, 0.05000000000000012768 ) ;
#3065 = ORIENTED_EDGE ( 'NONE', *, *, #1458, .F. ) ;
#3066 = EDGE_LOOP ( 'NONE', ( #2792, #3169, #988, #2549 ) ) ;
#3067 = DIRECTION ( 'NONE',  ( 0.000000000000000000, 1.000000000000000000, 0.000000000000000000 ) ) ;
#3068 = ORIENTED_EDGE ( 'NONE', *, *, #3638, .T. ) ;
#3069 = EDGE_CURVE ( 'NONE', #1622, #1348, #761, .T. ) ;
#3070 = CARTESIAN_POINT ( 'NONE',  ( 2.250000000000000000, 1.100000000000000311, 1.149999999999999911 ) ) ;
#3071 = ORIENTED_EDGE ( 'NONE', *, *, #94, .F. ) ;
#3072 = ORIENTED_EDGE ( 'NONE', *, *, #1783, .T. ) ;
#3073 = DIRECTION ( 'NONE',  ( 0.000000000000000000, -0.000000000000000000, 1.000000000000000000 ) ) ;
#3074 = CARTESIAN_POINT ( 'NONE',  ( -2.299999999999999822, 0.3500000000000001443, 1.850000000000000089 ) ) ;
#3075 =( LENGTH_UNIT ( ) NAMED_UNIT ( * ) SI_UNIT ( .MILLI., .METRE. ) );
#3076 = EDGE_CURVE ( 'NONE', #489, #2900, #2127, .T. ) ;
#3077 = FACE_BOUND ( 'NONE', #1859, .T. ) ;
#3078 = DIRECTION ( 'NONE',  ( 0.000000000000000000, 0.000000000000000000, -1.000000000000000000 ) ) ;
#3079 = ORIENTED_EDGE ( 'NONE', *, *, #1432, .F. ) ;
#3080 = ADVANCED_FACE ( 'NONE', ( #2443 ), #1840, .T. ) ;
#3081 = DIRECTION ( 'NONE',  ( -0.000000000000000000, -1.000000000000000000, -0.000000000000000000 ) ) ;
#3082 = PLANE ( 'NONE',  #2008 ) ;
#3083 = DIRECTION ( 'NONE',  ( 0.000000000000000000, 1.000000000000000000, 0.000000000000000000 ) ) ;
#3084 = CIRCLE ( 'NONE', #2124, 0.2000000000000000944 ) ;
#3085 = VERTEX_POINT ( 'NONE', #3618 ) ;
#3086 = VECTOR ( 'NONE', #2145, 1000.000000000000000 ) ;
#3087 = EDGE_LOOP ( 'NONE', ( #2602, #1944, #2227, #3530 ) ) ;
#3088 = CARTESIAN_POINT ( 'NONE',  ( 1.649999999999999911, 2.999999999999999556, -1.500000000000000000 ) ) ;
#3089 = DIRECTION ( 'NONE',  ( 0.000000000000000000, 0.000000000000000000, -1.000000000000000000 ) ) ;
#3090 = VERTEX_POINT ( 'NONE', #751 ) ;
#3091 = FACE_OUTER_BOUND ( 'NONE', #1444, .T. ) ;
#3092 = CIRCLE ( 'NONE', #3454, 0.3499999999999998113 ) ;
#3093 = VERTEX_POINT ( 'NONE', #674 ) ;
#3094 = ORIENTED_EDGE ( 'NONE', *, *, #3638, .F. ) ;
#3095 = CIRCLE ( 'NONE', #2490, 0.3500000000000000333 ) ;
#3096 = AXIS2_PLACEMENT_3D ( 'NONE', #13, #3763, #2009 ) ;
#3097 = EDGE_CURVE ( 'NONE', #3403, #3288, #2992, .T. ) ;
#3098 = PLANE ( 'NONE',  #2983 ) ;
#3099 = CYLINDRICAL_SURFACE ( 'NONE', #3156, 0.2999999999999999334 ) ;
#3100 = AXIS2_PLACEMENT_3D ( 'NONE', #2854, #3187, #2925 ) ;
#3101 = ORIENTED_EDGE ( 'NONE', *, *, #2269, .T. ) ;
#3102 = SURFACE_STYLE_FILL_AREA ( #809 ) ;
#3103 = VECTOR ( 'NONE', #3696, 1000.000000000000000 ) ;
#3104 = FACE_OUTER_BOUND ( 'NONE', #1563, .T. ) ;
#3105 = FACE_OUTER_BOUND ( 'NONE', #987, .T. ) ;
#3106 = ORIENTED_EDGE ( 'NONE', *, *, #2154, .T. ) ;
#3107 = AXIS2_PLACEMENT_3D ( 'NONE', #1049, #1702, #3073 ) ;
#3108 = EDGE_CURVE ( 'NONE', #2132, #3642, #3063, .T. ) ;
#3109 = DIRECTION ( 'NONE',  ( 0.000000000000000000, -0.000000000000000000, -1.000000000000000000 ) ) ;
#3110 = CARTESIAN_POINT ( 'NONE',  ( 2.250000000000000000, 0.7500000000000004441, 1.149999999999999911 ) ) ;
#3111 = LINE ( 'NONE', #255, #2884 ) ;
#3112 = EDGE_CURVE ( 'NONE', #796, #3527, #2711, .T. ) ;
#3113 = ORIENTED_EDGE ( 'NONE', *, *, #950, .F. ) ;
#3114 = DIRECTION ( 'NONE',  ( -0.000000000000000000, -0.000000000000000000, -1.000000000000000000 ) ) ;
#3115 = EDGE_LOOP ( 'NONE', ( #372, #2945, #782, #3106, #3201, #2816, #1000, #676 ) ) ;
#3116 = LINE ( 'NONE', #1287, #2559 ) ;
#3117 = EDGE_LOOP ( 'NONE', ( #3756, #2527, #696, #2166 ) ) ;
#3118 = ORIENTED_EDGE ( 'NONE', *, *, #2889, .F. ) ;
#3119 = CARTESIAN_POINT ( 'NONE',  ( 3.250000000000000000, 0.2999999999999998779, -1.149999999999999911 ) ) ;
#3120 = PRESENTATION_STYLE_ASSIGNMENT (( #2249 ) ) ;
#3121 = ORIENTED_EDGE ( 'NONE', *, *, #1077, .F. ) ;
#3122 = DIRECTION ( 'NONE',  ( 0.000000000000000000, -1.000000000000000000, 0.000000000000000000 ) ) ;
#3123 = CARTESIAN_POINT ( 'NONE',  ( 1.299999999999999822, 0.2999999999999999889, 2.249999999999999112 ) ) ;
#3124 = DIRECTION ( 'NONE',  ( 0.000000000000000000, 0.000000000000000000, -1.000000000000000000 ) ) ;
#3125 = ORIENTED_EDGE ( 'NONE', *, *, #1445, .T. ) ;
#3126 = ADVANCED_FACE ( 'NONE', ( #114 ), #995, .T. ) ;
#3127 = DIRECTION ( 'NONE',  ( -0.000000000000000000, -1.000000000000000000, -0.000000000000000000 ) ) ;
#3128 = CARTESIAN_POINT ( 'NONE',  ( -2.250000000000000000, 0.7500000000000004441, 1.149999999999999911 ) ) ;
#3129 = CARTESIAN_POINT ( 'NONE',  ( -2.250000000000000000, 0.7999999999999997113, -1.850000000000000089 ) ) ;
#3130 = AXIS2_PLACEMENT_3D ( 'NONE', #1598, #3164, #2277 ) ;
#3131 = EDGE_CURVE ( 'NONE', #1348, #1326, #2164, .T. ) ;
#3132 = ORIENTED_EDGE ( 'NONE', *, *, #2774, .T. ) ;
#3133 = CARTESIAN_POINT ( 'NONE',  ( -2.250000000000000000, 1.100000000000000089, 1.850000000000000089 ) ) ;
#3134 =( NAMED_UNIT ( * ) SI_UNIT ( $, .STERADIAN. ) SOLID_ANGLE_UNIT ( ) );
#3135 = TOROIDAL_SURFACE ( 'NONE', #1308, 0.1500000000000002442, 0.2000000000000000111 ) ;
#3136 = ORIENTED_EDGE ( 'NONE', *, *, #3683, .F. ) ;
#3137 = VECTOR ( 'NONE', #2203, 1000.000000000000000 ) ;
#3138 = DIRECTION ( 'NONE',  ( 1.000000000000000000, 0.000000000000000000, -0.000000000000000000 ) ) ;
#3139 = CARTESIAN_POINT ( 'NONE',  ( -1.299999999999999156, 0.000000000000000000, 2.250000000000000888 ) ) ;
#3140 = CARTESIAN_POINT ( 'NONE',  ( 2.649999999999999911, 0.3500000000000000888, -1.149999999999999911 ) ) ;
#3141 = DIRECTION ( 'NONE',  ( -0.000000000000000000, -1.000000000000000000, -0.000000000000000000 ) ) ;
#3142 = DIRECTION ( 'NONE',  ( 0.000000000000000000, 0.000000000000000000, 1.000000000000000000 ) ) ;
#3143 = CARTESIAN_POINT ( 'NONE',  ( 2.649999999999999911, 0.2999999999999999889, 1.850000000000000089 ) ) ;
#3144 = LINE ( 'NONE', #1962, #2826 ) ;
#3145 = ORIENTED_EDGE ( 'NONE', *, *, #1239, .F. ) ;
#3146 = DIRECTION ( 'NONE',  ( 1.000000000000000000, 0.000000000000000000, 0.000000000000000000 ) ) ;
#3147 = EDGE_CURVE ( 'NONE', #290, #1847, #386, .T. ) ;
#3148 = CIRCLE ( 'NONE', #1884, 0.1499999999999999667 ) ;
#3149 = VERTEX_POINT ( 'NONE', #542 ) ;
#3150 = AXIS2_PLACEMENT_3D ( 'NONE', #3350, #1553, #2707 ) ;
#3151 = DIRECTION ( 'NONE',  ( 1.000000000000000000, -0.000000000000000000, 1.224646799147353207E-16 ) ) ;
#3152 = CARTESIAN_POINT ( 'NONE',  ( 1.650000000000001021, 4.489949493661167246, 2.000000000000001776 ) ) ;
#3153 = EDGE_CURVE ( 'NONE', #2150, #3265, #1938, .T. ) ;
#3154 = VECTOR ( 'NONE', #2380, 1000.000000000000000 ) ;
#3155 = CARTESIAN_POINT ( 'NONE',  ( -1.949999999999999956, 2.899999999999999911, 2.250000000000000888 ) ) ;
#3156 = AXIS2_PLACEMENT_3D ( 'NONE', #1608, #515, #1930 ) ;
#3157 = ORIENTED_EDGE ( 'NONE', *, *, #2514, .F. ) ;
#3158 = ADVANCED_FACE ( 'NONE', ( #481 ), #793, .F. ) ;
#3159 = AXIS2_PLACEMENT_3D ( 'NONE', #1141, #3188, #860 ) ;
#3160 = VECTOR ( 'NONE', #2627, 1000.000000000000000 ) ;
#3161 = CARTESIAN_POINT ( 'NONE',  ( -2.250000000000000000, 0.7500000000000004441, 1.149999999999999911 ) ) ;
#3162 = PLANE ( 'NONE',  #3269 ) ;
#3163 = LINE ( 'NONE', #1998, #2138 ) ;
#3164 = DIRECTION ( 'NONE',  ( 1.000000000000000000, -0.000000000000000000, 1.224646799147353207E-16 ) ) ;
#3165 = CIRCLE ( 'NONE', #2377, 0.05000000000000012768 ) ;
#3166 = ORIENTED_EDGE ( 'NONE', *, *, #2175, .F. ) ;
#3167 = DIRECTION ( 'NONE',  ( 0.000000000000000000, 0.000000000000000000, -1.000000000000000000 ) ) ;
#3168 = EDGE_CURVE ( 'NONE', #1003, #2712, #1440, .T. ) ;
#3169 = ORIENTED_EDGE ( 'NONE', *, *, #969, .T. ) ;
#3170 = CARTESIAN_POINT ( 'NONE',  ( 2.250000000000000000, 2.899999999999999911, -0.8999999999999989120 ) ) ;
#3171 = CARTESIAN_POINT ( 'NONE',  ( -1.650000000000000799, 2.600000000000000089, -1.649999999999999911 ) ) ;
#3172 = CARTESIAN_POINT ( 'NONE',  ( -1.299999999999999600, 0.2999999999999999889, -2.249999999999999112 ) ) ;
#3173 = VERTEX_POINT ( 'NONE', #1055 ) ;
#3174 = DIRECTION ( 'NONE',  ( -1.000000000000000000, -0.000000000000000000, -3.794707603699263941E-15 ) ) ;
#3175 = LINE ( 'NONE', #2929, #548 ) ;
#3176 = CYLINDRICAL_SURFACE ( 'NONE', #1345, 0.3500000000000000333 ) ;
#3177 = DIRECTION ( 'NONE',  ( -1.000000000000000000, 0.000000000000000000, 0.000000000000000000 ) ) ;
#3178 = DIRECTION ( 'NONE',  ( -0.000000000000000000, 1.000000000000000000, -0.000000000000000000 ) ) ;
#3179 = ORIENTED_EDGE ( 'NONE', *, *, #1421, .F. ) ;
#3180 = LINE ( 'NONE', #36, #768 ) ;
#3181 = ORIENTED_EDGE ( 'NONE', *, *, #1175, .T. ) ;
#3182 = AXIS2_PLACEMENT_3D ( 'NONE', #3639, #2746, #3356 ) ;
#3183 = EDGE_LOOP ( 'NONE', ( #199, #3705, #3094, #501 ) ) ;
#3184 = AXIS2_PLACEMENT_3D ( 'NONE', #3161, #590, #3462 ) ;
#3185 = DIRECTION ( 'NONE',  ( 0.000000000000000000, 0.000000000000000000, 1.000000000000000000 ) ) ;
#3186 =( GEOMETRIC_REPRESENTATION_CONTEXT ( 3 ) GLOBAL_UNCERTAINTY_ASSIGNED_CONTEXT ( ( #265 ) ) GLOBAL_UNIT_ASSIGNED_CONTEXT ( ( #3075, #743, #517 ) ) REPRESENTATION_CONTEXT ( 'NONE', 'WORKASPACE' ) );
#3187 = DIRECTION ( 'NONE',  ( 0.000000000000000000, 0.000000000000000000, 1.000000000000000000 ) ) ;
#3188 = DIRECTION ( 'NONE',  ( 0.000000000000000000, 0.000000000000000000, -1.000000000000000000 ) ) ;
#3189 = VECTOR ( 'NONE', #2093, 1000.000000000000000 ) ;
#3190 = ORIENTED_EDGE ( 'NONE', *, *, #2998, .F. ) ;
#3191 = ADVANCED_FACE ( 'NONE', ( #2000 ), #2825, .T. ) ;
#3192 = CARTESIAN_POINT ( 'NONE',  ( -1.650000000000000355, 3.199999999999999734, 1.800000000000002487 ) ) ;
#3193 = DIRECTION ( 'NONE',  ( 0.000000000000000000, -1.000000000000000000, 0.000000000000000000 ) ) ;
#3194 = DIRECTION ( 'NONE',  ( 0.000000000000000000, 1.000000000000000000, 0.000000000000000000 ) ) ;
#3195 = FACE_OUTER_BOUND ( 'NONE', #402, .T. ) ;
#3196 = EDGE_CURVE ( 'NONE', #2695, #408, #271, .T. ) ;
#3197 = DIRECTION ( 'NONE',  ( 0.000000000000000000, 1.000000000000000000, 0.000000000000000000 ) ) ;
#3198 = ORIENTED_EDGE ( 'NONE', *, *, #3511, .T. ) ;
#3199 = FACE_OUTER_BOUND ( 'NONE', #772, .T. ) ;
#3200 = ORIENTED_EDGE ( 'NONE', *, *, #2396, .F. ) ;
#3201 = ORIENTED_EDGE ( 'NONE', *, *, #3610, .F. ) ;
#3202 = AXIS2_PLACEMENT_3D ( 'NONE', #2298, #1724, #2587 ) ;
#3203 = CARTESIAN_POINT ( 'NONE',  ( 1.299999999999999822, 0.000000000000000000, -2.249999999999999112 ) ) ;
#3204 = DIRECTION ( 'NONE',  ( -0.000000000000000000, 1.000000000000000000, -0.000000000000000000 ) ) ;
#3205 = AXIS2_PLACEMENT_3D ( 'NONE', #2265, #2484, #2809 ) ;
#3206 = EDGE_CURVE ( 'NONE', #38, #2499, #1424, .T. ) ;
#3207 = CARTESIAN_POINT ( 'NONE',  ( -2.250000000000000000, 0.7500000000000004441, -1.850000000000000089 ) ) ;
#3208 = VERTEX_POINT ( 'NONE', #2541 ) ;
#3209 = AXIS2_PLACEMENT_3D ( 'NONE', #3250, #32, #1202 ) ;
#3210 = ADVANCED_FACE ( 'NONE', ( #3702 ), #2239, .F. ) ;
#3211 = CARTESIAN_POINT ( 'NONE',  ( 2.250000000000000000, 1.100000000000000089, 1.149999999999999911 ) ) ;
#3212 = VECTOR ( 'NONE', #2453, 1000.000000000000000 ) ;
#3213 = DIRECTION ( 'NONE',  ( 1.000000000000000000, 0.000000000000000000, -0.000000000000000000 ) ) ;
#3214 = STYLED_ITEM ( 'NONE', ( #3318 ), #2638 ) ;
#3215 = FACE_OUTER_BOUND ( 'NONE', #2095, .T. ) ;
#3216 = CYLINDRICAL_SURFACE ( 'NONE', #454, 0.3500000000000000333 ) ;
#3217 = AXIS2_PLACEMENT_3D ( 'NONE', #660, #68, #2101 ) ;
#3218 = DIRECTION ( 'NONE',  ( 1.000000000000000000, -0.000000000000000000, 7.047314121155807220E-15 ) ) ;
#3219 = ORIENTED_EDGE ( 'NONE', *, *, #2382, .F. ) ;
#3220 = CARTESIAN_POINT ( 'NONE',  ( -2.250000000000000000, 1.100000000000000089, -1.149999999999999911 ) ) ;
#3221 = VERTEX_POINT ( 'NONE', #272 ) ;
#3222 = ORIENTED_EDGE ( 'NONE', *, *, #2917, .T. ) ;
#3223 = ORIENTED_EDGE ( 'NONE', *, *, #72, .T. ) ;
#3224 = CARTESIAN_POINT ( 'NONE',  ( 2.649999999999999911, 0.3500000000000000888, -1.850000000000000089 ) ) ;
#3225 = CARTESIAN_POINT ( 'NONE',  ( 1.561424668912875210E-16, 3.799999999999999822, -1.149999999999999911 ) ) ;
#3226 = DIRECTION ( 'NONE',  ( 0.000000000000000000, 1.000000000000000000, -0.000000000000000000 ) ) ;
#3227 = ORIENTED_EDGE ( 'NONE', *, *, #3700, .T. ) ;
#3228 = ADVANCED_FACE ( 'NONE', ( #3419 ), #1183, .T. ) ;
#3229 = DIRECTION ( 'NONE',  ( -0.000000000000000000, -0.000000000000000000, -1.000000000000000000 ) ) ;
#3230 = ORIENTED_EDGE ( 'NONE', *, *, #3069, .T. ) ;
#3231 = CARTESIAN_POINT ( 'NONE',  ( 3.250000000000000000, 0.2999999999999998779, 1.850000000000000089 ) ) ;
#3232 = CARTESIAN_POINT ( 'NONE',  ( 2.600000000000000089, 0.7500000000000004441, 1.149999999999999911 ) ) ;
#3233 = EDGE_CURVE ( 'NONE', #931, #3297, #1656, .T. ) ;
#3234 = CARTESIAN_POINT ( 'NONE',  ( 2.250000000000000000, 0.7500000000000004441, -1.149999999999999911 ) ) ;
#3235 = DIRECTION ( 'NONE',  ( 0.000000000000000000, -0.000000000000000000, 1.000000000000000000 ) ) ;
#3236 = PLANE ( 'NONE',  #2768 ) ;
#3237 = ORIENTED_EDGE ( 'NONE', *, *, #2889, .T. ) ;
#3238 = EDGE_CURVE ( 'NONE', #1565, #1394, #1713, .T. ) ;
#3239 = VERTEX_POINT ( 'NONE', #1099 ) ;
#3240 = ORIENTED_EDGE ( 'NONE', *, *, #1010, .F. ) ;
#3241 = PLANE ( 'NONE',  #2015 ) ;
#3242 = CARTESIAN_POINT ( 'NONE',  ( -1.650000000000000799, 4.489949493661167246, -2.000000000000000000 ) ) ;
#3243 = ORIENTED_EDGE ( 'NONE', *, *, #344, .F. ) ;
#3244 = CARTESIAN_POINT ( 'NONE',  ( -1.650000000000000355, 2.899999999999999911, 2.000000000000002665 ) ) ;
#3245 = ORIENTED_EDGE ( 'NONE', *, *, #2323, .T. ) ;
#3246 = SURFACE_STYLE_USAGE ( .BOTH. , #892 ) ;
#3247 = ORIENTED_EDGE ( 'NONE', *, *, #1226, .F. ) ;
#3248 = VECTOR ( 'NONE', #687, 1000.000000000000000 ) ;
#3249 = CARTESIAN_POINT ( 'NONE',  ( -1.650000000000000355, 2.999999999999999556, 1.300000000000002043 ) ) ;
#3250 = CARTESIAN_POINT ( 'NONE',  ( -1.650000000000000355, 2.999999999999999556, 1.650000000000002354 ) ) ;
#3251 = LINE ( 'NONE', #1818, #1923 ) ;
#3252 = FACE_OUTER_BOUND ( 'NONE', #1919, .T. ) ;
#3253 = EDGE_CURVE ( 'NONE', #8, #2752, #3495, .T. ) ;
#3254 = DIRECTION ( 'NONE',  ( -0.000000000000000000, -1.000000000000000000, -0.000000000000000000 ) ) ;
#3255 = ORIENTED_EDGE ( 'NONE', *, *, #2590, .T. ) ;
#3256 = ORIENTED_EDGE ( 'NONE', *, *, #1388, .T. ) ;
#3257 = ORIENTED_EDGE ( 'NONE', *, *, #2050, .F. ) ;
#3258 = VECTOR ( 'NONE', #508, 1000.000000000000000 ) ;
#3259 = DIRECTION ( 'NONE',  ( 0.000000000000000000, 1.000000000000000000, 0.000000000000000000 ) ) ;
#3260 = LINE ( 'NONE', #1881, #2545 ) ;
#3261 = ORIENTED_EDGE ( 'NONE', *, *, #2310, .T. ) ;
#3262 = EDGE_CURVE ( 'NONE', #1187, #2574, #3144, .T. ) ;
#3263 = DIRECTION ( 'NONE',  ( 0.000000000000000000, 0.000000000000000000, 1.000000000000000000 ) ) ;
#3264 = VECTOR ( 'NONE', #552, 1000.000000000000000 ) ;
#3265 = VERTEX_POINT ( 'NONE', #3394 ) ;
#3266 = AXIS2_PLACEMENT_3D ( 'NONE', #2238, #1961, #2458 ) ;
#3267 = EDGE_CURVE ( 'NONE', #3470, #148, #3111, .T. ) ;
#3268 = VERTEX_POINT ( 'NONE', #3738 ) ;
#3269 = AXIS2_PLACEMENT_3D ( 'NONE', #1114, #1128, #3142 ) ;
#3270 = DIRECTION ( 'NONE',  ( 0.000000000000000000, 1.000000000000000000, 0.000000000000000000 ) ) ;
#3271 = CARTESIAN_POINT ( 'NONE',  ( 2.649999999999999911, 0.2999999999999999889, -1.149999999999999911 ) ) ;
#3272 = AXIS2_PLACEMENT_3D ( 'NONE', #360, #1537, #2689 ) ;
#3273 = COLOUR_RGB ( '',0.7921568627450980005, 0.8196078431372548767, 0.9333333333333333481 ) ;
#3274 = AXIS2_PLACEMENT_3D ( 'NONE', #1472, #1433, #1177 ) ;
#3275 = CARTESIAN_POINT ( 'NONE',  ( -2.600000000000000089, 0.7500000000000004441, -1.149999999999999911 ) ) ;
#3276 = CARTESIAN_POINT ( 'NONE',  ( -3.250000000000000000, 0.000000000000000000, -1.149999999999999911 ) ) ;
#3277 = VECTOR ( 'NONE', #1353, 1000.000000000000000 ) ;
#3278 = ORIENTED_EDGE ( 'NONE', *, *, #2705, .T. ) ;
#3279 = ORIENTED_EDGE ( 'NONE', *, *, #3645, .F. ) ;
#3280 = AXIS2_PLACEMENT_3D ( 'NONE', #1868, #3019, #1476 ) ;
#3281 = FACE_OUTER_BOUND ( 'NONE', #3066, .T. ) ;
#3282 = PLANE ( 'NONE',  #411 ) ;
#3283 = ORIENTED_EDGE ( 'NONE', *, *, #3354, .T. ) ;
#3284 = EDGE_CURVE ( 'NONE', #925, #3031, #2261, .T. ) ;
#3285 = DIRECTION ( 'NONE',  ( 0.000000000000000000, 1.000000000000000000, 0.000000000000000000 ) ) ;
#3286 = VECTOR ( 'NONE', #2005, 1000.000000000000000 ) ;
#3287 = ORIENTED_EDGE ( 'NONE', *, *, #937, .F. ) ;
#3288 = VERTEX_POINT ( 'NONE', #3129 ) ;
#3289 = FACE_OUTER_BOUND ( 'NONE', #1809, .T. ) ;
#3290 = ORIENTED_EDGE ( 'NONE', *, *, #2987, .T. ) ;
#3291 = DIRECTION ( 'NONE',  ( 0.000000000000000000, 0.000000000000000000, 1.000000000000000000 ) ) ;
#3292 = CYLINDRICAL_SURFACE ( 'NONE', #3272, 0.05000000000000012768 ) ;
#3293 = DIRECTION ( 'NONE',  ( 0.000000000000000000, 1.000000000000000000, 0.000000000000000000 ) ) ;
#3294 = DIRECTION ( 'NONE',  ( -0.000000000000000000, -0.000000000000000000, -1.000000000000000000 ) ) ;
#3295 = EDGE_LOOP ( 'NONE', ( #3753, #1750 ) ) ;
#3296 = EDGE_CURVE ( 'NONE', #1812, #3622, #1387, .T. ) ;
#3297 = VERTEX_POINT ( 'NONE', #1696 ) ;
#3298 = CARTESIAN_POINT ( 'NONE',  ( -3.250000000000000000, 0.2999999999999998779, -1.149999999999999911 ) ) ;
#3299 = ORIENTED_EDGE ( 'NONE', *, *, #3196, .T. ) ;
#3300 = DIRECTION ( 'NONE',  ( -0.000000000000000000, -1.000000000000000000, -0.000000000000000000 ) ) ;
#3301 = ORIENTED_EDGE ( 'NONE', *, *, #1239, .T. ) ;
#3302 = ORIENTED_EDGE ( 'NONE', *, *, #366, .F. ) ;
#3303 = CARTESIAN_POINT ( 'NONE',  ( -3.250000000000000000, 0.000000000000000000, -1.850000000000000089 ) ) ;
#3304 = LINE ( 'NONE', #1293, #3212 ) ;
#3305 = VECTOR ( 'NONE', #2181, 1000.000000000000000 ) ;
#3306 = DIRECTION ( 'NONE',  ( 0.000000000000000000, 0.000000000000000000, -1.000000000000000000 ) ) ;
#3307 = AXIS2_PLACEMENT_3D ( 'NONE', #722, #1029, #2817 ) ;
#3308 = DIRECTION ( 'NONE',  ( 0.000000000000000000, -1.000000000000000000, 0.000000000000000000 ) ) ;
#3309 = UNCERTAINTY_MEASURE_WITH_UNIT (LENGTH_MEASURE( 1.000000000000000082E-05 ), #2776, 'distance_accuracy_value', 'NONE');
#3310 = EDGE_CURVE ( 'NONE', #1048, #2103, #593, .T. ) ;
#3311 = EDGE_CURVE ( 'NONE', #3691, #2787, #3480, .T. ) ;
#3312 = AXIS2_PLACEMENT_3D ( 'NONE', #1188, #3254, #2368 ) ;
#3313 = CARTESIAN_POINT ( 'NONE',  ( -2.250000000000000000, 0.7500000000000004441, -1.149999999999999911 ) ) ;
#3314 = CARTESIAN_POINT ( 'NONE',  ( 2.250000000000000000, 12.16396103067892653, 1.950000000000000844 ) ) ;
#3315 = CARTESIAN_POINT ( 'NONE',  ( 2.050000000000000266, 2.899999999999999911, -0.9000000000000000222 ) ) ;
#3316 = EDGE_CURVE ( 'NONE', #3357, #1052, #1784, .T. ) ;
#3317 = VERTEX_POINT ( 'NONE', #1493 ) ;
#3318 = PRESENTATION_STYLE_ASSIGNMENT (( #755 ) ) ;
#3319 = DIRECTION ( 'NONE',  ( 0.000000000000000000, 0.000000000000000000, 1.000000000000000000 ) ) ;
#3320 = ORIENTED_EDGE ( 'NONE', *, *, #2448, .T. ) ;
#3321 = CARTESIAN_POINT ( 'NONE',  ( 2.250000000000000000, 2.600000000000000089, 1.950000000000000844 ) ) ;
#3322 = ORIENTED_EDGE ( 'NONE', *, *, #116, .T. ) ;
#3323 = ORIENTED_EDGE ( 'NONE', *, *, #2159, .F. ) ;
#3324 = DIRECTION ( 'NONE',  ( -0.000000000000000000, -0.000000000000000000, -1.000000000000000000 ) ) ;
#3325 = ORIENTED_EDGE ( 'NONE', *, *, #1721, .T. ) ;
#3326 = ADVANCED_FACE ( 'NONE', ( #2347 ), #2311, .T. ) ;
#3327 = DIRECTION ( 'NONE',  ( 0.000000000000000000, 0.000000000000000000, 1.000000000000000000 ) ) ;
#3328 = EDGE_LOOP ( 'NONE', ( #726, #3619, #2719, #580 ) ) ;
#3329 = EDGE_CURVE ( 'NONE', #2080, #2883, #2969, .T. ) ;
#3330 = CIRCLE ( 'NONE', #2479, 0.3500000000000000333 ) ;
#3331 = DIRECTION ( 'NONE',  ( -0.000000000000000000, -1.000000000000000000, -0.000000000000000000 ) ) ;
#3332 = AXIS2_PLACEMENT_3D ( 'NONE', #939, #1820, #2916 ) ;
#3333 = DIRECTION ( 'NONE',  ( -0.000000000000000000, 0.000000000000000000, 1.000000000000000000 ) ) ;
#3334 = CARTESIAN_POINT ( 'NONE',  ( 1.650000000000001021, 2.600000000000000089, 1.300000000000001599 ) ) ;
#3335 = CLOSED_SHELL ( 'NONE', ( #1658, #1343, #2204, #2258, #1296, #1131, #3606, #689, #2042, #2020, #1756, #1358 ) ) ;
#3336 = EDGE_LOOP ( 'NONE', ( #1864, #2296, #1841, #964 ) ) ;
#3337 = AXIS2_PLACEMENT_3D ( 'NONE', #1703, #3473, #2605 ) ;
#3338 = DIRECTION ( 'NONE',  ( 1.000000000000000000, -0.000000000000000000, 0.000000000000000000 ) ) ;
#3339 =( GEOMETRIC_REPRESENTATION_CONTEXT ( 3 ) GLOBAL_UNCERTAINTY_ASSIGNED_CONTEXT ( ( #3428 ) ) GLOBAL_UNIT_ASSIGNED_CONTEXT ( ( #644, #2957, #2083 ) ) REPRESENTATION_CONTEXT ( 'NONE', 'WORKASPACE' ) );
#3340 = PRESENTATION_STYLE_ASSIGNMENT (( #3621 ) ) ;
#3341 = ORIENTED_EDGE ( 'NONE', *, *, #2737, .F. ) ;
#3342 = CARTESIAN_POINT ( 'NONE',  ( 1.949999999999999956, 2.899999999999999911, 1.950000000000000844 ) ) ;
#3343 = AXIS2_PLACEMENT_3D ( 'NONE', #180, #2210, #3603 ) ;
#3344 = VERTEX_POINT ( 'NONE', #1478 ) ;
#3345 = AXIS2_PLACEMENT_3D ( 'NONE', #1382, #3632, #3719 ) ;
#3346 = DIRECTION ( 'NONE',  ( 0.000000000000000000, 0.000000000000000000, -1.000000000000000000 ) ) ;
#3347 = DIRECTION ( 'NONE',  ( -0.000000000000000000, -1.000000000000000000, -0.000000000000000000 ) ) ;
#3348 = EDGE_CURVE ( 'NONE', #2076, #148, #361, .T. ) ;
#3349 = CARTESIAN_POINT ( 'NONE',  ( 0.8999999999999993561, 2.600000000000000089, 2.250000000000001332 ) ) ;
#3350 = CARTESIAN_POINT ( 'NONE',  ( 2.250000000000000000, 2.600000000000000089, -0.8999999999999989120 ) ) ;
#3351 = CARTESIAN_POINT ( 'NONE',  ( -2.250000000000000000, 0.7999999999999997113, 1.149999999999999911 ) ) ;
#3352 = ORIENTED_EDGE ( 'NONE', *, *, #2917, .F. ) ;
#3353 = DIRECTION ( 'NONE',  ( -1.000000000000000000, 1.807003620809174632E-16, 0.000000000000000000 ) ) ;
#3354 = EDGE_CURVE ( 'NONE', #202, #3093, #2090, .T. ) ;
#3355 = LINE ( 'NONE', #3596, #1645 ) ;
#3356 = DIRECTION ( 'NONE',  ( 0.000000000000000000, 0.000000000000000000, -1.000000000000000000 ) ) ;
#3357 = VERTEX_POINT ( 'NONE', #2363 ) ;
#3358 = VERTEX_POINT ( 'NONE', #2329 ) ;
#3359 = DIRECTION ( 'NONE',  ( 0.000000000000000000, 1.000000000000000000, 0.000000000000000000 ) ) ;
#3360 = CARTESIAN_POINT ( 'NONE',  ( -3.250000000000000000, 0.2999999999999998779, -1.149999999999999911 ) ) ;
#3361 = ORIENTED_EDGE ( 'NONE', *, *, #789, .T. ) ;
#3362 = CARTESIAN_POINT ( 'NONE',  ( -1.650000000000000355, 12.16396103067892653, 1.650000000000002354 ) ) ;
#3363 = ORIENTED_EDGE ( 'NONE', *, *, #223, .F. ) ;
#3364 = ADVANCED_FACE ( 'NONE', ( #2635 ), #1454, .T. ) ;
#3365 = ORIENTED_EDGE ( 'NONE', *, *, #261, .F. ) ;
#3366 = CARTESIAN_POINT ( 'NONE',  ( 1.649999999999999911, 3.199999999999999734, -1.500000000000000000 ) ) ;
#3367 = CARTESIAN_POINT ( 'NONE',  ( 1.714505518806294145E-16, 2.899999999999999911, 1.399999999999999911 ) ) ;
#3368 = EDGE_CURVE ( 'NONE', #2866, #981, #3, .T. ) ;
#3369 = DIRECTION ( 'NONE',  ( 0.000000000000000000, 1.000000000000000000, 0.000000000000000000 ) ) ;
#3370 = CARTESIAN_POINT ( 'NONE',  ( 2.250000000000000000, 0.7500000000000004441, -1.850000000000000089 ) ) ;
#3371 = VECTOR ( 'NONE', #236, 1000.000000000000000 ) ;
#3372 = ORIENTED_EDGE ( 'NONE', *, *, #29, .F. ) ;
#3373 = DIRECTION ( 'NONE',  ( -0.000000000000000000, -0.000000000000000000, -1.000000000000000000 ) ) ;
#3374 = CARTESIAN_POINT ( 'NONE',  ( 2.250000000000000000, 0.7500000000000004441, 1.149999999999999911 ) ) ;
#3375 = CARTESIAN_POINT ( 'NONE',  ( -1.650000000000000799, 2.999999999999999556, -1.649999999999999911 ) ) ;
#3376 = AXIS2_PLACEMENT_3D ( 'NONE', #2567, #2040, #1118 ) ;
#3377 = ADVANCED_FACE ( 'NONE', ( #308 ), #629, .T. ) ;
#3378 = ORIENTED_EDGE ( 'NONE', *, *, #1229, .F. ) ;
#3379 = ORIENTED_EDGE ( 'NONE', *, *, #1067, .T. ) ;
#3380 = CARTESIAN_POINT ( 'NONE',  ( -1.949999999999999956, 2.600000000000000089, -2.249999999999999112 ) ) ;
#3381 = DIRECTION ( 'NONE',  ( -0.000000000000000000, -0.000000000000000000, 1.000000000000000000 ) ) ;
#3382 = ORIENTED_EDGE ( 'NONE', *, *, #2686, .F. ) ;
#3383 = LINE ( 'NONE', #2244, #3277 ) ;
#3384 = ORIENTED_EDGE ( 'NONE', *, *, #1260, .F. ) ;
#3385 = EDGE_LOOP ( 'NONE', ( #370, #2828, #2081, #3660 ) ) ;
#3386 = DIRECTION ( 'NONE',  ( 0.000000000000000000, -0.000000000000000000, 1.000000000000000000 ) ) ;
#3387 = CARTESIAN_POINT ( 'NONE',  ( -2.649999999999999911, 5.421010862427522170E-17, 1.850000000000000089 ) ) ;
#3388 = EDGE_CURVE ( 'NONE', #2213, #1629, #1991, .T. ) ;
#3389 = DIRECTION ( 'NONE',  ( -0.000000000000000000, -0.000000000000000000, -1.000000000000000000 ) ) ;
#3390 = ORIENTED_EDGE ( 'NONE', *, *, #3588, .T. ) ;
#3391 = AXIS2_PLACEMENT_3D ( 'NONE', #2026, #3471, #3185 ) ;
#3392 = CARTESIAN_POINT ( 'NONE',  ( 2.649999999999999911, 0.3500000000000000888, -1.850000000000000089 ) ) ;
#3393 = CARTESIAN_POINT ( 'NONE',  ( 1.650000000000001021, 2.999999999999999556, 1.650000000000001688 ) ) ;
#3394 = CARTESIAN_POINT ( 'NONE',  ( 0.8999999999999996891, 2.899999999999999911, -2.049999999999999378 ) ) ;
#3395 = AXIS2_PLACEMENT_3D ( 'NONE', #2979, #2428, #2408 ) ;
#3396 = AXIS2_PLACEMENT_3D ( 'NONE', #2951, #2386, #2418 ) ;
#3397 = VERTEX_POINT ( 'NONE', #1184 ) ;
#3398 = CARTESIAN_POINT ( 'NONE',  ( -2.250000000000000000, 12.16396103067892653, -1.949999999999999067 ) ) ;
#3399 = CARTESIAN_POINT ( 'NONE',  ( 1.949999999999999956, 2.600000000000000089, 1.950000000000000844 ) ) ;
#3400 = EDGE_LOOP ( 'NONE', ( #3157, #2350, #67, #589 ) ) ;
#3401 = DIRECTION ( 'NONE',  ( 0.000000000000000000, -1.000000000000000000, 0.000000000000000000 ) ) ;
#3402 = VECTOR ( 'NONE', #1418, 1000.000000000000000 ) ;
#3403 = VERTEX_POINT ( 'NONE', #2071 ) ;
#3404 = ORIENTED_EDGE ( 'NONE', *, *, #3475, .T. ) ;
#3405 = STYLED_ITEM ( 'NONE', ( #368 ), #2632 ) ;
#3406 = ADVANCED_FACE ( 'NONE', ( #3195 ), #3216, .T. ) ;
#3407 = DIRECTION ( 'NONE',  ( -1.000000000000000000, 0.000000000000000000, 0.000000000000000000 ) ) ;
#3408 = CARTESIAN_POINT ( 'NONE',  ( 2.649999999999999911, 5.421010862427522170E-17, -1.149999999999999911 ) ) ;
#3409 = VECTOR ( 'NONE', #2663, 1000.000000000000000 ) ;
#3410 = ORIENTED_EDGE ( 'NONE', *, *, #238, .F. ) ;
#3411 = DIRECTION ( 'NONE',  ( -1.000000000000000000, 0.000000000000000000, -3.794707603699263941E-15 ) ) ;
#3412 = AXIS2_PLACEMENT_3D ( 'NONE', #1707, #2516, #189 ) ;
#3413 = PLANE ( 'NONE',  #2970 ) ;
#3414 = DIRECTION ( 'NONE',  ( -1.000000000000000000, 0.000000000000000000, 2.409338161078898687E-16 ) ) ;
#3415 = VERTEX_POINT ( 'NONE', #2653 ) ;
#3416 = ADVANCED_FACE ( 'NONE', ( #2053 ), #33, .F. ) ;
#3417 = LINE ( 'NONE', #814, #2129 ) ;
#3418 = CARTESIAN_POINT ( 'NONE',  ( 2.250000000000000000, 2.600000000000000089, 0.9000000000000013545 ) ) ;
#3419 = FACE_OUTER_BOUND ( 'NONE', #356, .T. ) ;
#3420 = ORIENTED_EDGE ( 'NONE', *, *, #2694, .F. ) ;
#3421 = DIRECTION ( 'NONE',  ( 1.000000000000000000, 0.000000000000000000, 0.000000000000000000 ) ) ;
#3422 = CARTESIAN_POINT ( 'NONE',  ( -1.650000000000000799, 2.999999999999999556, -1.500000000000000000 ) ) ;
#3423 = ORIENTED_EDGE ( 'NONE', *, *, #344, .T. ) ;
#3424 = ORIENTED_EDGE ( 'NONE', *, *, #1458, .T. ) ;
#3425 = CARTESIAN_POINT ( 'NONE',  ( 2.299999999999999822, 0.7500000000000004441, -1.149999999999999911 ) ) ;
#3426 = DIRECTION ( 'NONE',  ( 0.000000000000000000, 1.000000000000000000, 0.000000000000000000 ) ) ;
#3427 = FACE_BOUND ( 'NONE', #808, .T. ) ;
#3428 = UNCERTAINTY_MEASURE_WITH_UNIT (LENGTH_MEASURE( 1.000000000000000082E-05 ), #644, 'distance_accuracy_value', 'NONE');
#3429 = DIRECTION ( 'NONE',  ( 0.000000000000000000, 1.000000000000000000, 0.000000000000000000 ) ) ;
#3430 = DIRECTION ( 'NONE',  ( 0.000000000000000000, 1.000000000000000000, 0.000000000000000000 ) ) ;
#3431 = DIRECTION ( 'NONE',  ( -1.000000000000000000, 0.000000000000000000, -5.421010862427520198E-16 ) ) ;
#3432 = EDGE_CURVE ( 'NONE', #516, #148, #340, .T. ) ;
#3433 = DIRECTION ( 'NONE',  ( -0.000000000000000000, -1.000000000000000000, -0.000000000000000000 ) ) ;
#3434 = VECTOR ( 'NONE', #3294, 1000.000000000000000 ) ;
#3435 = EDGE_LOOP ( 'NONE', ( #2834, #2936, #2243, #2294 ) ) ;
#3436 = EDGE_CURVE ( 'NONE', #2211, #2994, #577, .T. ) ;
#3437 = LINE ( 'NONE', #2808, #3258 ) ;
#3438 = AXIS2_PLACEMENT_3D ( 'NONE', #3735, #1127, #2289 ) ;
#3439 = ORIENTED_EDGE ( 'NONE', *, *, #2600, .T. ) ;
#3440 = CARTESIAN_POINT ( 'NONE',  ( -1.949999999999999956, 2.600000000000000089, 2.250000000000000888 ) ) ;
#3441 = DIRECTION ( 'NONE',  ( -0.000000000000000000, -1.000000000000000000, -0.000000000000000000 ) ) ;
#3442 = DIRECTION ( 'NONE',  ( 1.000000000000000000, 1.807003620809174632E-16, 0.000000000000000000 ) ) ;
#3443 = ORIENTED_EDGE ( 'NONE', *, *, #3076, .F. ) ;
#3444 = LINE ( 'NONE', #559, #1005 ) ;
#3445 = DIRECTION ( 'NONE',  ( -1.000000000000000000, 0.000000000000000000, -1.138412281109784231E-14 ) ) ;
#3446 = LINE ( 'NONE', #3723, #804 ) ;
#3447 = EDGE_CURVE ( 'NONE', #2132, #2188, #3251, .T. ) ;
#3448 = CARTESIAN_POINT ( 'NONE',  ( -2.250000000000000000, 0.000000000000000000, 1.950000000000000844 ) ) ;
#3449 = CIRCLE ( 'NONE', #1816, 0.2000000000000000944 ) ;
#3450 = ORIENTED_EDGE ( 'NONE', *, *, #3511, .F. ) ;
#3451 = DIRECTION ( 'NONE',  ( 1.000000000000000000, 0.000000000000000000, 0.000000000000000000 ) ) ;
#3452 = AXIS2_PLACEMENT_3D ( 'NONE', #2290, #3445, #790 ) ;
#3453 = EDGE_LOOP ( 'NONE', ( #1758, #599, #2696, #3679 ) ) ;
#3454 = AXIS2_PLACEMENT_3D ( 'NONE', #416, #3006, #669 ) ;
#3455 = CARTESIAN_POINT ( 'NONE',  ( 1.650000000000001021, 2.600000000000000089, 2.000000000000001776 ) ) ;
#3456 = VECTOR ( 'NONE', #3441, 1000.000000000000000 ) ;
#3457 = DIRECTION ( 'NONE',  ( -1.000000000000000000, 0.000000000000000000, 0.000000000000000000 ) ) ;
#3458 = AXIS2_PLACEMENT_3D ( 'NONE', #2887, #604, #856 ) ;
#3459 = ORIENTED_EDGE ( 'NONE', *, *, #821, .F. ) ;
#3460 = EDGE_CURVE ( 'NONE', #1500, #1137, #955, .T. ) ;
#3461 = CIRCLE ( 'NONE', #2434, 0.04999999999999969746 ) ;
#3462 = DIRECTION ( 'NONE',  ( -1.000000000000000000, 0.000000000000000000, 0.000000000000000000 ) ) ;
#3463 = DIRECTION ( 'NONE',  ( -0.000000000000000000, -0.000000000000000000, -1.000000000000000000 ) ) ;
#3464 = CARTESIAN_POINT ( 'NONE',  ( -2.250000000000000000, 2.600000000000000089, -0.8999999999999986899 ) ) ;
#3465 = CARTESIAN_POINT ( 'NONE',  ( 1.650000000000001021, 4.489949493661167246, 1.650000000000001688 ) ) ;
#3466 = AXIS2_PLACEMENT_3D ( 'NONE', #2775, #159, #225 ) ;
#3467 = ORIENTED_EDGE ( 'NONE', *, *, #2335, .F. ) ;
#3468 = DIRECTION ( 'NONE',  ( 0.000000000000000000, 0.000000000000000000, 1.000000000000000000 ) ) ;
#3469 = EDGE_LOOP ( 'NONE', ( #2437, #318, #1680, #1481, #3002, #2937, #152, #871, #2836, #1807 ) ) ;
#3470 = VERTEX_POINT ( 'NONE', #3556 ) ;
#3471 = DIRECTION ( 'NONE',  ( -0.000000000000000000, -1.000000000000000000, -0.000000000000000000 ) ) ;
#3472 = ADVANCED_FACE ( 'NONE', ( #2401 ), #2340, .F. ) ;
#3473 = DIRECTION ( 'NONE',  ( 1.000000000000000000, -0.000000000000000000, 0.000000000000000000 ) ) ;
#3474 = FACE_OUTER_BOUND ( 'NONE', #1355, .T. ) ;
#3475 = EDGE_CURVE ( 'NONE', #685, #2772, #2048, .T. ) ;
#3476 = ORIENTED_EDGE ( 'NONE', *, *, #620, .T. ) ;
#3477 = DIRECTION ( 'NONE',  ( 0.000000000000000000, 1.000000000000000000, 0.000000000000000000 ) ) ;
#3478 = DIRECTION ( 'NONE',  ( 0.000000000000000000, 1.000000000000000000, 0.000000000000000000 ) ) ;
#3479 = CARTESIAN_POINT ( 'NONE',  ( -2.649999999999999911, 0.2999999999999999889, 1.149999999999999911 ) ) ;
#3480 = LINE ( 'NONE', #1763, #1987 ) ;
#3481 = LINE ( 'NONE', #2636, #1268 ) ;
#3482 = ORIENTED_EDGE ( 'NONE', *, *, #2406, .T. ) ;
#3483 = DIRECTION ( 'NONE',  ( 0.000000000000000000, 1.000000000000000000, 0.000000000000000000 ) ) ;
#3484 = VERTEX_POINT ( 'NONE', #2326 ) ;
#3485 = VECTOR ( 'NONE', #527, 1000.000000000000000 ) ;
#3486 = EDGE_CURVE ( 'NONE', #3673, #2625, #1801, .T. ) ;
#3487 = ORIENTED_EDGE ( 'NONE', *, *, #3238, .F. ) ;
#3488 = VECTOR ( 'NONE', #2107, 1000.000000000000000 ) ;
#3489 = CARTESIAN_POINT ( 'NONE',  ( 3.250000000000000000, 0.2999999999999998779, 1.850000000000000089 ) ) ;
#3490 = LINE ( 'NONE', #262, #2065 ) ;
#3491 = AXIS2_PLACEMENT_3D ( 'NONE', #3554, #667, #1258 ) ;
#3492 = ADVANCED_FACE ( 'NONE', ( #252 ), #1451, .T. ) ;
#3493 = EDGE_CURVE ( 'NONE', #2213, #2444, #2576, .T. ) ;
#3494 = SURFACE_STYLE_FILL_AREA ( #2357 ) ;
#3495 = CIRCLE ( 'NONE', #3003, 0.2500000000000000000 ) ;
#3496 = EDGE_LOOP ( 'NONE', ( #424, #699, #1566, #959 ) ) ;
#3497 = CARTESIAN_POINT ( 'NONE',  ( 2.299999999999999822, 0.3500000000000001443, 1.149999999999999911 ) ) ;
#3498 = EDGE_CURVE ( 'NONE', #1753, #1101, #1180, .T. ) ;
#3499 = CARTESIAN_POINT ( 'NONE',  ( 2.649999999999999911, 0.2999999999999999889, -1.149999999999999911 ) ) ;
#3500 = CARTESIAN_POINT ( 'NONE',  ( -2.250000000000000000, 2.600000000000000089, -1.949999999999999067 ) ) ;
#3501 = DIRECTION ( 'NONE',  ( -1.000000000000000000, 0.000000000000000000, 0.000000000000000000 ) ) ;
#3502 = DIRECTION ( 'NONE',  ( 0.000000000000000000, -1.000000000000000000, 0.000000000000000000 ) ) ;
#3503 = VERTEX_POINT ( 'NONE', #1420 ) ;
#3504 = DIRECTION ( 'NONE',  ( 0.000000000000000000, 0.000000000000000000, -1.000000000000000000 ) ) ;
#3505 = ORIENTED_EDGE ( 'NONE', *, *, #351, .F. ) ;
#3506 = ORIENTED_EDGE ( 'NONE', *, *, #2590, .F. ) ;
#3507 = CIRCLE ( 'NONE', #3391, 0.3500000000000000333 ) ;
#3508 = DIRECTION ( 'NONE',  ( 0.000000000000000000, 0.000000000000000000, 1.000000000000000000 ) ) ;
#3509 = CARTESIAN_POINT ( 'NONE',  ( 2.299999999999999822, 0.3500000000000001443, -1.149999999999999911 ) ) ;
#3510 = DIRECTION ( 'NONE',  ( 0.000000000000000000, 1.000000000000000000, 0.000000000000000000 ) ) ;
#3511 = EDGE_CURVE ( 'NONE', #2772, #685, #828, .T. ) ;
#3512 = AXIS2_PLACEMENT_3D ( 'NONE', #2619, #19, #3539 ) ;
#3513 = DIRECTION ( 'NONE',  ( -0.000000000000000000, -0.000000000000000000, 1.000000000000000000 ) ) ;
#3514 = ORIENTED_EDGE ( 'NONE', *, *, #1700, .T. ) ;
#3515 = AXIS2_PLACEMENT_3D ( 'NONE', #610, #2327, #2307 ) ;
#3516 = DIRECTION ( 'NONE',  ( 1.000000000000000000, 0.000000000000000000, 1.029992063861226530E-14 ) ) ;
#3517 =( GEOMETRIC_REPRESENTATION_CONTEXT ( 3 ) GLOBAL_UNCERTAINTY_ASSIGNED_CONTEXT ( ( #2278 ) ) GLOBAL_UNIT_ASSIGNED_CONTEXT ( ( #3057, #2513, #2493 ) ) REPRESENTATION_CONTEXT ( 'NONE', 'WORKASPACE' ) );
#3518 = LINE ( 'NONE', #286, #2251 ) ;
#3519 =( GEOMETRIC_REPRESENTATION_CONTEXT ( 3 ) GLOBAL_UNCERTAINTY_ASSIGNED_CONTEXT ( ( #1727 ) ) GLOBAL_UNIT_ASSIGNED_CONTEXT ( ( #120, #1942, #2748 ) ) REPRESENTATION_CONTEXT ( 'NONE', 'WORKASPACE' ) );
#3520 = DIRECTION ( 'NONE',  ( -0.000000000000000000, -0.000000000000000000, -1.000000000000000000 ) ) ;
#3521 = EDGE_CURVE ( 'NONE', #1179, #260, #3769, .T. ) ;
#3522 = DIRECTION ( 'NONE',  ( -0.000000000000000000, -1.000000000000000000, -0.000000000000000000 ) ) ;
#3523 = CIRCLE ( 'NONE', #1657, 0.3500000000000000333 ) ;
#3524 = LINE ( 'NONE', #293, #3615 ) ;
#3525 = ORIENTED_EDGE ( 'NONE', *, *, #2474, .F. ) ;
#3526 = ORIENTED_EDGE ( 'NONE', *, *, #1870, .T. ) ;
#3527 = VERTEX_POINT ( 'NONE', #2892 ) ;
#3528 = LINE ( 'NONE', #348, #3641 ) ;
#3529 = LINE ( 'NONE', #1234, #1143 ) ;
#3530 = ORIENTED_EDGE ( 'NONE', *, *, #3076, .T. ) ;
#3531 = DIRECTION ( 'NONE',  ( 0.000000000000000000, 1.000000000000000000, 0.000000000000000000 ) ) ;
#3532 = ORIENTED_EDGE ( 'NONE', *, *, #441, .F. ) ;
#3533 = LINE ( 'NONE', #335, #483 ) ;
#3534 = VERTEX_POINT ( 'NONE', #1490 ) ;
#3535 = ADVANCED_FACE ( 'NONE', ( #2305 ), #2049, .T. ) ;
#3536 = DIRECTION ( 'NONE',  ( -0.000000000000000000, -1.000000000000000000, -0.000000000000000000 ) ) ;
#3537 = DIRECTION ( 'NONE',  ( 0.000000000000000000, 0.000000000000000000, -1.000000000000000000 ) ) ;
#3538 = DIRECTION ( 'NONE',  ( 0.000000000000000000, 1.000000000000000000, 0.000000000000000000 ) ) ;
#3539 = DIRECTION ( 'NONE',  ( 0.000000000000000000, -0.000000000000000000, 1.000000000000000000 ) ) ;
#3540 = EDGE_CURVE ( 'NONE', #3093, #703, #637, .T. ) ;
#3541 = DIRECTION ( 'NONE',  ( 0.000000000000000000, 0.000000000000000000, -1.000000000000000000 ) ) ;
#3542 = EDGE_LOOP ( 'NONE', ( #510, #3467, #2039, #3325 ) ) ;
#3543 = ORIENTED_EDGE ( 'NONE', *, *, #3153, .F. ) ;
#3544 = VERTEX_POINT ( 'NONE', #3192 ) ;
#3545 = EDGE_CURVE ( 'NONE', #3691, #1521, #3614, .T. ) ;
#3546 = CARTESIAN_POINT ( 'NONE',  ( -1.650000000000000799, 2.999999999999999556, -1.649999999999999911 ) ) ;
#3547 = CARTESIAN_POINT ( 'NONE',  ( -1.949999999999999956, 2.899999999999999911, -2.249999999999999112 ) ) ;
#3548 = EDGE_LOOP ( 'NONE', ( #2411, #3101, #2918, #1861 ) ) ;
#3549 = DIRECTION ( 'NONE',  ( -0.000000000000000000, -0.000000000000000000, 1.000000000000000000 ) ) ;
#3550 = ORIENTED_EDGE ( 'NONE', *, *, #2754, .T. ) ;
#3551 = COLOUR_RGB ( '',0.7921568627450980005, 0.8196078431372548767, 0.9333333333333333481 ) ;
#3552 = ORIENTED_EDGE ( 'NONE', *, *, #1613, .F. ) ;
#3553 = CIRCLE ( 'NONE', #3376, 0.2999999999999999334 ) ;
#3554 = CARTESIAN_POINT ( 'NONE',  ( -1.650000000000000355, 2.600000000000000089, 1.650000000000002354 ) ) ;
#3555 = CARTESIAN_POINT ( 'NONE',  ( 2.600000000000000089, 0.7500000000000004441, -1.149999999999999911 ) ) ;
#3556 = CARTESIAN_POINT ( 'NONE',  ( -1.949999999999999956, 0.000000000000000000, 2.250000000000000888 ) ) ;
#3557 = CARTESIAN_POINT ( 'NONE',  ( -3.250000000000000000, 0.2999999999999998779, 1.149999999999999911 ) ) ;
#3558 = EDGE_CURVE ( 'NONE', #1262, #1557, #1760, .T. ) ;
#3559 = CARTESIAN_POINT ( 'NONE',  ( 2.600000000000000089, 0.7500000000000004441, -1.850000000000000089 ) ) ;
#3560 = VERTEX_POINT ( 'NONE', #2909 ) ;
#3561 = ORIENTED_EDGE ( 'NONE', *, *, #94, .T. ) ;
#3562 = CARTESIAN_POINT ( 'NONE',  ( -3.250000000000000000, 0.2999999999999998779, -1.850000000000000089 ) ) ;
#3563 = DIRECTION ( 'NONE',  ( 1.000000000000000000, 0.000000000000000000, -0.000000000000000000 ) ) ;
#3564 = VERTEX_POINT ( 'NONE', #2344 ) ;
#3565 = LINE ( 'NONE', #332, #1831 ) ;
#3566 = CIRCLE ( 'NONE', #2475, 0.3500000000000002554 ) ;
#3567 = EDGE_LOOP ( 'NONE', ( #1665, #887, #2381, #2317 ) ) ;
#3568 = TOROIDAL_SURFACE ( 'NONE', #3266, 0.1500000000000000500, 0.2000000000000000111 ) ;
#3569 = DIRECTION ( 'NONE',  ( -1.000000000000000000, 0.000000000000000000, 0.000000000000000000 ) ) ;
#3570 = DIRECTION ( 'NONE',  ( 0.000000000000000000, 0.000000000000000000, 1.000000000000000000 ) ) ;
#3571 = AXIS2_PLACEMENT_3D ( 'NONE', #76, #1227, #1457 ) ;
#3572 = CARTESIAN_POINT ( 'NONE',  ( 2.250000000000000000, 2.899999999999999911, 1.950000000000000844 ) ) ;
#3573 = EDGE_CURVE ( 'NONE', #615, #1812, #285, .T. ) ;
#3574 = AXIS2_PLACEMENT_3D ( 'NONE', #2176, #1852, #3327 ) ;
#3575 = DIRECTION ( 'NONE',  ( 0.000000000000000000, 0.000000000000000000, 1.000000000000000000 ) ) ;
#3576 = CARTESIAN_POINT ( 'NONE',  ( -2.649999999999999911, 5.421010862427522170E-17, -1.149999999999999911 ) ) ;
#3577 = AXIS2_PLACEMENT_3D ( 'NONE', #3342, #3623, #3689 ) ;
#3578 = ORIENTED_EDGE ( 'NONE', *, *, #2137, .T. ) ;
#3579 = ORIENTED_EDGE ( 'NONE', *, *, #2950, .T. ) ;
#3580 = CIRCLE ( 'NONE', #182, 0.3500000000000002554 ) ;
#3581 = DIRECTION ( 'NONE',  ( -0.000000000000000000, -0.000000000000000000, -1.000000000000000000 ) ) ;
#3582 = SURFACE_STYLE_FILL_AREA ( #1602 ) ;
#3583 = ORIENTED_EDGE ( 'NONE', *, *, #3732, .F. ) ;
#3584 = CARTESIAN_POINT ( 'NONE',  ( -2.299999999999999378, 0.7500000000000004441, 1.850000000000000089 ) ) ;
#3585 = AXIS2_PLACEMENT_3D ( 'NONE', #822, #2285, #2852 ) ;
#3586 = ORIENTED_EDGE ( 'NONE', *, *, #2652, .F. ) ;
#3587 = ORIENTED_EDGE ( 'NONE', *, *, #1384, .T. ) ;
#3588 = EDGE_CURVE ( 'NONE', #522, #105, #2611, .T. ) ;
#3589 = EDGE_CURVE ( 'NONE', #1557, #2150, #3444, .T. ) ;
#3590 = CARTESIAN_POINT ( 'NONE',  ( -2.649999999999999911, 0.3500000000000000888, -1.149999999999999911 ) ) ;
#3591 = VERTEX_POINT ( 'NONE', #2631 ) ;
#3592 = LINE ( 'NONE', #89, #3612 ) ;
#3593 = LINE ( 'NONE', #2399, #1887 ) ;
#3594 = ADVANCED_FACE ( 'NONE', ( #31 ), #2068, .F. ) ;
#3595 = DIRECTION ( 'NONE',  ( 1.000000000000000000, 0.000000000000000000, 0.000000000000000000 ) ) ;
#3596 = CARTESIAN_POINT ( 'NONE',  ( -2.250000000000000000, 2.899999999999999911, -1.949999999999999067 ) ) ;
#3597 = CARTESIAN_POINT ( 'NONE',  ( 2.600000000000000089, 0.3500000000000000888, -1.149999999999999911 ) ) ;
#3598 = EDGE_LOOP ( 'NONE', ( #1814, #14, #3014, #3200 ) ) ;
#3599 = SURFACE_SIDE_STYLE ('',( #405 ) ) ;
#3600 = CARTESIAN_POINT ( 'NONE',  ( -1.650000000000000355, 2.999999999999999556, 2.000000000000002665 ) ) ;
#3601 = ORIENTED_EDGE ( 'NONE', *, *, #125, .T. ) ;
#3602 = ADVANCED_FACE ( 'NONE', ( #1436 ), #1144, .F. ) ;
#3603 = DIRECTION ( 'NONE',  ( 0.000000000000000000, 0.000000000000000000, -1.000000000000000000 ) ) ;
#3604 = ORIENTED_EDGE ( 'NONE', *, *, #587, .F. ) ;
#3605 = ORIENTED_EDGE ( 'NONE', *, *, #1875, .F. ) ;
#3606 = ADVANCED_FACE ( 'NONE', ( #3005 ), #3611, .T. ) ;
#3607 = DIRECTION ( 'NONE',  ( 1.000000000000000000, 0.000000000000000000, -0.000000000000000000 ) ) ;
#3608 = VERTEX_POINT ( 'NONE', #396 ) ;
#3609 = AXIS2_PLACEMENT_3D ( 'NONE', #1408, #1116, #2520 ) ;
#3610 = EDGE_CURVE ( 'NONE', #222, #3221, #2398, .T. ) ;
#3611 = CYLINDRICAL_SURFACE ( 'NONE', #2946, 0.3500000000000000333 ) ;
#3612 = VECTOR ( 'NONE', #1851, 1000.000000000000000 ) ;
#3613 = CARTESIAN_POINT ( 'NONE',  ( 0.000000000000000000, 3.549999999999999378, -1.399999999999999911 ) ) ;
#3614 = CIRCLE ( 'NONE', #3438, 0.2999999999999999334 ) ;
#3615 = VECTOR ( 'NONE', #1769, 1000.000000000000000 ) ;
#3616 = DIRECTION ( 'NONE',  ( -0.000000000000000000, -0.000000000000000000, 1.000000000000000000 ) ) ;
#3617 = CARTESIAN_POINT ( 'NONE',  ( 2.649999999999999911, 0.3500000000000000888, -1.850000000000000089 ) ) ;
#3618 = CARTESIAN_POINT ( 'NONE',  ( -1.949999999999999956, 2.600000000000000089, 2.250000000000000888 ) ) ;
#3619 = ORIENTED_EDGE ( 'NONE', *, *, #116, .F. ) ;
#3620 = CARTESIAN_POINT ( 'NONE',  ( -2.250000000000000000, 2.600000000000000089, 1.950000000000000844 ) ) ;
#3621 = SURFACE_STYLE_USAGE ( .BOTH. , #1638 ) ;
#3622 = VERTEX_POINT ( 'NONE', #358 ) ;
#3623 = DIRECTION ( 'NONE',  ( 0.000000000000000000, 1.000000000000000000, 0.000000000000000000 ) ) ;
#3624 = EDGE_LOOP ( 'NONE', ( #3051, #3601, #1585, #442 ) ) ;
#3625 = ORIENTED_EDGE ( 'NONE', *, *, #1480, .F. ) ;
#3626 = AXIS2_PLACEMENT_3D ( 'NONE', #1698, #487, #3421 ) ;
#3627 = CARTESIAN_POINT ( 'NONE',  ( 2.250000000000000000, 1.100000000000000311, 1.850000000000000089 ) ) ;
#3628 = SURFACE_STYLE_FILL_AREA ( #1086 ) ;
#3629 = ADVANCED_FACE ( 'NONE', ( #1509 ), #3135, .T. ) ;
#3630 = CIRCLE ( 'NONE', #237, 0.2999999999999999334 ) ;
#3631 = DIRECTION ( 'NONE',  ( 0.000000000000000000, 0.000000000000000000, 1.000000000000000000 ) ) ;
#3632 = DIRECTION ( 'NONE',  ( -1.000000000000000000, 0.000000000000000000, 0.000000000000000000 ) ) ;
#3633 = ORIENTED_EDGE ( 'NONE', *, *, #1644, .F. ) ;
#3634 = CIRCLE ( 'NONE', #1455, 0.3500000000000002554 ) ;
#3635 = FACE_OUTER_BOUND ( 'NONE', #619, .T. ) ;
#3636 = VECTOR ( 'NONE', #2948, 1000.000000000000000 ) ;
#3637 = PLANE ( 'NONE',  #1819 ) ;
#3638 = EDGE_CURVE ( 'NONE', #2752, #1206, #2766, .T. ) ;
#3639 = CARTESIAN_POINT ( 'NONE',  ( -1.650000000000000355, 4.489949493661167246, 1.650000000000002354 ) ) ;
#3640 = AXIS2_PLACEMENT_3D ( 'NONE', #1311, #3347, #2232 ) ;
#3641 = VECTOR ( 'NONE', #40, 1000.000000000000000 ) ;
#3642 = VERTEX_POINT ( 'NONE', #953 ) ;
#3643 = EDGE_CURVE ( 'NONE', #1752, #1048, #52, .T. ) ;
#3644 = CIRCLE ( 'NONE', #3038, 0.3500000000000002554 ) ;
#3645 = EDGE_CURVE ( 'NONE', #662, #1163, #415, .T. ) ;
#3646 = CARTESIAN_POINT ( 'NONE',  ( 2.649999999999999911, 0.3500000000000000888, 1.850000000000000089 ) ) ;
#3647 = AXIS2_PLACEMENT_3D ( 'NONE', #2628, #3229, #2665 ) ;
#3648 = CARTESIAN_POINT ( 'NONE',  ( -1.949999999999999956, 12.16396103067892653, 2.250000000000000888 ) ) ;
#3649 = EDGE_LOOP ( 'NONE', ( #3482, #3341, #1701, #3651 ) ) ;
#3650 = CYLINDRICAL_SURFACE ( 'NONE', #3343, 0.2999999999999999334 ) ;
#3651 = ORIENTED_EDGE ( 'NONE', *, *, #1191, .T. ) ;
#3652 = CIRCLE ( 'NONE', #177, 0.2999999999999999334 ) ;
#3653 = ORIENTED_EDGE ( 'NONE', *, *, #574, .T. ) ;
#3654 = VECTOR ( 'NONE', #897, 1000.000000000000000 ) ;
#3655 = DIRECTION ( 'NONE',  ( 0.000000000000000000, 1.000000000000000000, 0.000000000000000000 ) ) ;
#3656 = FACE_OUTER_BOUND ( 'NONE', #2467, .T. ) ;
#3657 = CARTESIAN_POINT ( 'NONE',  ( -1.650000000000000355, 2.600000000000000089, 1.300000000000002043 ) ) ;
#3658 = DIRECTION ( 'NONE',  ( 1.000000000000000000, 0.000000000000000000, 0.000000000000000000 ) ) ;
#3659 = EDGE_CURVE ( 'NONE', #1913, #2730, #973, .T. ) ;
#3660 = ORIENTED_EDGE ( 'NONE', *, *, #1626, .T. ) ;
#3661 = LINE ( 'NONE', #1997, #1821 ) ;
#3662 = FACE_OUTER_BOUND ( 'NONE', #572, .T. ) ;
#3663 = DIRECTION ( 'NONE',  ( 0.000000000000000000, 1.000000000000000000, 0.000000000000000000 ) ) ;
#3664 = ADVANCED_FACE ( 'NONE', ( #1008 ), #1223, .T. ) ;
#3665 = EDGE_LOOP ( 'NONE', ( #2875, #3071, #25, #2147 ) ) ;
#3666 = VERTEX_POINT ( 'NONE', #3231 ) ;
#3667 = LINE ( 'NONE', #1321, #1959 ) ;
#3668 =( NAMED_UNIT ( * ) PLANE_ANGLE_UNIT ( ) SI_UNIT ( $, .RADIAN. ) );
#3669 = ORIENTED_EDGE ( 'NONE', *, *, #3388, .T. ) ;
#3670 = CARTESIAN_POINT ( 'NONE',  ( 1.650000000000001021, 12.16396103067892653, 1.300000000000001599 ) ) ;
#3671 = ORIENTED_EDGE ( 'NONE', *, *, #1613, .T. ) ;
#3672 = EDGE_CURVE ( 'NONE', #3673, #2378, #1275, .T. ) ;
#3673 = VERTEX_POINT ( 'NONE', #1240 ) ;
#3674 = DIRECTION ( 'NONE',  ( -0.000000000000000000, 1.000000000000000000, -0.000000000000000000 ) ) ;
#3675 = DIRECTION ( 'NONE',  ( 0.000000000000000000, 0.000000000000000000, -1.000000000000000000 ) ) ;
#3676 = CARTESIAN_POINT ( 'NONE',  ( -2.250000000000000000, 2.600000000000000089, -0.8999999999999986899 ) ) ;
#3677 = CARTESIAN_POINT ( 'NONE',  ( -1.650000000000000355, 3.199999999999999734, 1.650000000000002354 ) ) ;
#3678 = FACE_OUTER_BOUND ( 'NONE', #2529, .T. ) ;
#3679 = ORIENTED_EDGE ( 'NONE', *, *, #2050, .T. ) ;
#3680 = CARTESIAN_POINT ( 'NONE',  ( -1.949999999999999956, 2.600000000000000089, 2.250000000000000888 ) ) ;
#3681 = CYLINDRICAL_SURFACE ( 'NONE', #2420, 0.3500000000000000333 ) ;
#3682 = VECTOR ( 'NONE', #1496, 1000.000000000000000 ) ;
#3683 = EDGE_CURVE ( 'NONE', #365, #3725, #2708, .T. ) ;
#3684 = ORIENTED_EDGE ( 'NONE', *, *, #1291, .T. ) ;
#3685 = VECTOR ( 'NONE', #2421, 1000.000000000000000 ) ;
#3686 = DIRECTION ( 'NONE',  ( 1.000000000000000000, 0.000000000000000000, 0.000000000000000000 ) ) ;
#3687 = LINE ( 'NONE', #1699, #2725 ) ;
#3688 = VERTEX_POINT ( 'NONE', #3249 ) ;
#3689 = DIRECTION ( 'NONE',  ( 0.000000000000000000, 0.000000000000000000, 1.000000000000000000 ) ) ;
#3690 = ORIENTED_EDGE ( 'NONE', *, *, #2755, .T. ) ;
#3691 = VERTEX_POINT ( 'NONE', #1836 ) ;
#3692 = CARTESIAN_POINT ( 'NONE',  ( -2.049999999999999822, 2.600000000000000089, -0.8999999999999979128 ) ) ;
#3693 = LINE ( 'NONE', #586, #3456 ) ;
#3694 = ORIENTED_EDGE ( 'NONE', *, *, #3233, .T. ) ;
#3695 = CYLINDRICAL_SURFACE ( 'NONE', #1711, 0.05000000000000012768 ) ;
#3696 = DIRECTION ( 'NONE',  ( -0.000000000000000000, -1.000000000000000000, -0.000000000000000000 ) ) ;
#3697 = ORIENTED_EDGE ( 'NONE', *, *, #749, .F. ) ;
#3698 = VECTOR ( 'NONE', #855, 1000.000000000000000 ) ;
#3699 = PLANE ( 'NONE',  #1150 ) ;
#3700 = EDGE_CURVE ( 'NONE', #1565, #1187, #3592, .T. ) ;
#3701 = CARTESIAN_POINT ( 'NONE',  ( -1.650000000000000799, 12.16396103067892653, -1.649999999999999911 ) ) ;
#3702 = FACE_OUTER_BOUND ( 'NONE', #121, .T. ) ;
#3703 = AXIS2_PLACEMENT_3D ( 'NONE', #2162, #132, #1075 ) ;
#3704 = AXIS2_PLACEMENT_3D ( 'NONE', #1168, #2349, #1204 ) ;
#3705 = ORIENTED_EDGE ( 'NONE', *, *, #881, .T. ) ;
#3706 = CARTESIAN_POINT ( 'NONE',  ( 1.649999999999999911, 2.600000000000000089, -1.300000000000000044 ) ) ;
#3707 = PLANE ( 'NONE',  #538 ) ;
#3708 = CARTESIAN_POINT ( 'NONE',  ( -2.299999999999999822, 0.3500000000000001443, 1.149999999999999911 ) ) ;
#3709 = VECTOR ( 'NONE', #647, 1000.000000000000000 ) ;
#3710 = ORIENTED_EDGE ( 'NONE', *, *, #2110, .T. ) ;
#3711 = VERTEX_POINT ( 'NONE', #2439 ) ;
#3712 = MECHANICAL_DESIGN_GEOMETRIC_PRESENTATION_REPRESENTATION (  '', ( #727 ), #3339 ) ;
#3713 = CARTESIAN_POINT ( 'NONE',  ( -3.250000000000000000, 0.000000000000000000, -1.149999999999999911 ) ) ;
#3714 = CARTESIAN_POINT ( 'NONE',  ( 2.050000000000000266, 2.600000000000000089, -0.9000000000000000222 ) ) ;
#3715 = CIRCLE ( 'NONE', #2018, 0.1499999999999999667 ) ;
#3716 = EDGE_CURVE ( 'NONE', #2209, #1237, #2944, .T. ) ;
#3717 = CIRCLE ( 'NONE', #3345, 0.2000000000000000944 ) ;
#3718 = DIRECTION ( 'NONE',  ( 0.000000000000000000, 0.000000000000000000, -1.000000000000000000 ) ) ;
#3719 = DIRECTION ( 'NONE',  ( 0.000000000000000000, 0.000000000000000000, 1.000000000000000000 ) ) ;
#3720 = EDGE_LOOP ( 'NONE', ( #484, #1882, #2388, #1828, #1940, #2025, #1519, #566, #869, #156, #640, #1489, #3240, #1575, #1806, #1084, #1483, #1395, #175, #1948, #817, #3320, #3016, #3543 ) ) ;
#3721 = EDGE_CURVE ( 'NONE', #916, #1753, #2157, .T. ) ;
#3722 = CARTESIAN_POINT ( 'NONE',  ( 0.000000000000000000, 0.2999999999999999889, 0.000000000000000000 ) ) ;
#3723 = CARTESIAN_POINT ( 'NONE',  ( -1.650000000000000355, 12.16396103067892653, 1.300000000000002265 ) ) ;
#3724 = CARTESIAN_POINT ( 'NONE',  ( -1.949999999999999956, 2.600000000000000089, -1.949999999999999067 ) ) ;
#3725 = VERTEX_POINT ( 'NONE', #2104 ) ;
#3726 = DIRECTION ( 'NONE',  ( 1.000000000000000000, 0.000000000000000000, 0.000000000000000000 ) ) ;
#3727 = DIRECTION ( 'NONE',  ( -0.000000000000000000, -0.000000000000000000, -1.000000000000000000 ) ) ;
#3728 = ORIENTED_EDGE ( 'NONE', *, *, #1427, .T. ) ;
#3729 = EDGE_CURVE ( 'NONE', #3357, #916, #1592, .T. ) ;
#3730 = LINE ( 'NONE', #3119, #2624 ) ;
#3731 = CARTESIAN_POINT ( 'NONE',  ( 3.250000000000000000, 0.000000000000000000, -1.149999999999999911 ) ) ;
#3732 = EDGE_CURVE ( 'NONE', #3317, #97, #3007, .T. ) ;
#3733 = DIRECTION ( 'NONE',  ( 0.000000000000000000, 0.000000000000000000, -1.000000000000000000 ) ) ;
#3734 = ORIENTED_EDGE ( 'NONE', *, *, #843, .F. ) ;
#3735 = CARTESIAN_POINT ( 'NONE',  ( 1.949999999999999956, 2.600000000000000089, 1.950000000000000844 ) ) ;
#3736 = CARTESIAN_POINT ( 'NONE',  ( -2.299999999999999378, 0.7500000000000004441, -1.149999999999999911 ) ) ;
#3737 = DIRECTION ( 'NONE',  ( 0.000000000000000000, -0.000000000000000000, 1.000000000000000000 ) ) ;
#3738 = CARTESIAN_POINT ( 'NONE',  ( -1.650000000000000799, 2.600000000000000089, -1.300000000000000044 ) ) ;
#3739 = ORIENTED_EDGE ( 'NONE', *, *, #2106, .T. ) ;
#3740 = DIRECTION ( 'NONE',  ( 0.000000000000000000, 0.000000000000000000, -1.000000000000000000 ) ) ;
#3741 = VECTOR ( 'NONE', #3748, 1000.000000000000000 ) ;
#3742 = ORIENTED_EDGE ( 'NONE', *, *, #184, .T. ) ;
#3743 = CARTESIAN_POINT ( 'NONE',  ( 0.000000000000000000, 2.899999999999999911, 0.000000000000000000 ) ) ;
#3744 = PLANE ( 'NONE',  #3458 ) ;
#3745 = CARTESIAN_POINT ( 'NONE',  ( -2.600000000000000089, 0.7500000000000004441, 1.850000000000000089 ) ) ;
#3746 = ORIENTED_EDGE ( 'NONE', *, *, #1027, .F. ) ;
#3747 = ADVANCED_FACE ( 'NONE', ( #2121 ), #228, .F. ) ;
#3748 = DIRECTION ( 'NONE',  ( -5.421010862427520198E-16, 0.000000000000000000, 1.000000000000000000 ) ) ;
#3749 = CARTESIAN_POINT ( 'NONE',  ( -1.949999999999999956, 0.000000000000000000, 2.250000000000000888 ) ) ;
#3750 = DIRECTION ( 'NONE',  ( 0.000000000000000000, -0.000000000000000000, 1.000000000000000000 ) ) ;
#3751 = CARTESIAN_POINT ( 'NONE',  ( -1.650000000000000799, 4.489949493661167246, -1.649999999999999911 ) ) ;
#3752 = EDGE_CURVE ( 'NONE', #406, #662, #1306, .T. ) ;
#3753 = ORIENTED_EDGE ( 'NONE', *, *, #307, .T. ) ;
#3754 = CIRCLE ( 'NONE', #2360, 0.3500000000000000333 ) ;
#3755 = DIRECTION ( 'NONE',  ( 1.000000000000000000, 0.000000000000000000, -0.000000000000000000 ) ) ;
#3756 = ORIENTED_EDGE ( 'NONE', *, *, #1829, .F. ) ;
#3757 = AXIS2_PLACEMENT_3D ( 'NONE', #2762, #1317, #3595 ) ;
#3758 = ORIENTED_EDGE ( 'NONE', *, *, #2755, .F. ) ;
#3759 = EDGE_CURVE ( 'NONE', #2211, #1137, #2495, .T. ) ;
#3760 = AXIS2_PLACEMENT_3D ( 'NONE', #841, #3430, #560 ) ;
#3761 = DIRECTION ( 'NONE',  ( 0.000000000000000000, -0.000000000000000000, 1.000000000000000000 ) ) ;
#3762 = CARTESIAN_POINT ( 'NONE',  ( 2.250000000000000000, 1.100000000000000311, -1.149999999999999911 ) ) ;
#3763 = DIRECTION ( 'NONE',  ( 0.000000000000000000, 1.000000000000000000, 0.000000000000000000 ) ) ;
#3764 = AXIS2_PLACEMENT_3D ( 'NONE', #2006, #3426, #1990 ) ;
#3765 = EDGE_CURVE ( 'NONE', #1339, #2332, #1379, .T. ) ;
#3766 = ORIENTED_EDGE ( 'NONE', *, *, #3558, .F. ) ;
#3767 = CIRCLE ( 'NONE', #2313, 0.3500000000000002554 ) ;
#3768 = CIRCLE ( 'NONE', #2262, 0.3500000000000002554 ) ;
#3769 = LINE ( 'NONE', #539, #880 ) ;
#3770 = DIRECTION ( 'NONE',  ( -1.000000000000000000, 0.000000000000000000, 0.000000000000000000 ) ) ;
ENDSEC;
END-ISO-10303-21;
