ISO-10303-21;
HEADER;
FILE_DESCRIPTION(('KiCad electronic assembly'),'2;1');
FILE_NAME('celebiofficial.step','2025-02-13T19:41:20',('Pcbnew'),(
    'Kicad'),'Open CASCADE STEP processor 7.8','KiCad to STEP converter'
  ,'Unknown');
FILE_SCHEMA(('AUTOMOTIVE_DESIGN { 1 0 10303 214 1 1 1 1 }'));
ENDSEC;
DATA;
#1 = APPLICATION_PROTOCOL_DEFINITION('international standard',
  'automotive_design',2000,#2);
#2 = APPLICATION_CONTEXT(
  'core data for automotive mechanical design processes');
#3 = SHAPE_DEFINITION_REPRESENTATION(#4,#10);
#4 = PRODUCT_DEFINITION_SHAPE('','',#5);
#5 = PRODUCT_DEFINITION('design','',#6,#9);
#6 = PRODUCT_DEFINITION_FORMATION('','',#7);
#7 = PRODUCT('celebiofficial 1','celebiofficial 1','',(#8));
#8 = PRODUCT_CONTEXT('',#2,'mechanical');
#9 = PRODUCT_DEFINITION_CONTEXT('part definition',#2,'design');
#10 = SHAPE_REPRESENTATION('',(#11,#15,#19,#23,#27,#31,#35,#39,#43,#47,
    #51,#55,#59,#63,#67,#71,#75,#79,#83,#87,#91,#95,#99,#103,#107,#111,
    #115,#119),#123);
#11 = AXIS2_PLACEMENT_3D('',#12,#13,#14);
#12 = CARTESIAN_POINT('',(0.,0.,0.));
#13 = DIRECTION('',(0.,0.,1.));
#14 = DIRECTION('',(1.,0.,-0.));
#15 = AXIS2_PLACEMENT_3D('',#16,#17,#18);
#16 = CARTESIAN_POINT('',(202.,-54.5,1.65));
#17 = DIRECTION('',(0.,0.,1.));
#18 = DIRECTION('',(-1.,1.224646799147E-16,0.));
#19 = AXIS2_PLACEMENT_3D('',#20,#21,#22);
#20 = CARTESIAN_POINT('',(162.0375,-61.5,1.65));
#21 = DIRECTION('',(0.,0.,1.));
#22 = DIRECTION('',(1.,0.,0.));
#23 = AXIS2_PLACEMENT_3D('',#24,#25,#26);
#24 = CARTESIAN_POINT('',(225.4625,-75.5,1.65));
#25 = DIRECTION('',(0.,0.,1.));
#26 = DIRECTION('',(1.,0.,0.));
#27 = AXIS2_PLACEMENT_3D('',#28,#29,#30);
#28 = CARTESIAN_POINT('',(185.945,-54.4325,1.65));
#29 = DIRECTION('',(0.,0.,1.));
#30 = DIRECTION('',(-1.,1.224646799147E-16,0.));
#31 = AXIS2_PLACEMENT_3D('',#32,#33,#34);
#32 = CARTESIAN_POINT('',(241.5675,-80.695,1.65));
#33 = DIRECTION('',(0.,-0.,1.));
#34 = DIRECTION('',(1.110223024625E-16,1.,0.));
#35 = AXIS2_PLACEMENT_3D('',#36,#37,#38);
#36 = CARTESIAN_POINT('',(236.4625,-60.9625,1.65));
#37 = DIRECTION('',(0.,-0.,1.));
#38 = DIRECTION('',(1.110223024625E-16,1.,0.));
#39 = AXIS2_PLACEMENT_3D('',#40,#41,#42);
#40 = CARTESIAN_POINT('',(169.5,-61.5,1.65));
#41 = DIRECTION('',(0.,0.,1.));
#42 = DIRECTION('',(1.,0.,0.));
#43 = AXIS2_PLACEMENT_3D('',#44,#45,#46);
#44 = CARTESIAN_POINT('',(223.,-67.5,1.65));
#45 = DIRECTION('',(0.,0.,1.));
#46 = DIRECTION('',(-1.,1.224646799147E-16,0.));
#47 = AXIS2_PLACEMENT_3D('',#48,#49,#50);
#48 = CARTESIAN_POINT('',(236.0125,-88.,1.65));
#49 = DIRECTION('',(0.,0.,1.));
#50 = DIRECTION('',(1.,0.,0.));
#51 = AXIS2_PLACEMENT_3D('',#52,#53,#54);
#52 = CARTESIAN_POINT('',(216.4625,-67.,1.65));
#53 = DIRECTION('',(0.,0.,1.));
#54 = DIRECTION('',(1.,0.,0.));
#55 = AXIS2_PLACEMENT_3D('',#56,#57,#58);
#56 = CARTESIAN_POINT('',(204.055,-90.0675,1.65));
#57 = DIRECTION('',(0.,0.,1.));
#58 = DIRECTION('',(1.,0.,0.));
#59 = AXIS2_PLACEMENT_3D('',#60,#61,#62);
#60 = CARTESIAN_POINT('',(215.9625,-61.,1.65));
#61 = DIRECTION('',(0.,0.,1.));
#62 = DIRECTION('',(1.,0.,0.));
#63 = AXIS2_PLACEMENT_3D('',#64,#65,#66);
#64 = CARTESIAN_POINT('',(240.5,-60.025,1.65));
#65 = DIRECTION('',(0.,0.,1.));
#66 = DIRECTION('',(-1.,1.224646799147E-16,0.));
#67 = AXIS2_PLACEMENT_3D('',#68,#69,#70);
#68 = CARTESIAN_POINT('',(161.055,-90.0675,1.65));
#69 = DIRECTION('',(0.,0.,1.));
#70 = DIRECTION('',(1.,0.,0.));
#71 = AXIS2_PLACEMENT_3D('',#72,#73,#74);
#72 = CARTESIAN_POINT('',(218.5,-90.5,1.65));
#73 = DIRECTION('',(0.,0.,1.));
#74 = DIRECTION('',(1.,0.,0.));
#75 = AXIS2_PLACEMENT_3D('',#76,#77,#78);
#76 = CARTESIAN_POINT('',(217.4625,-75.5,1.65));
#77 = DIRECTION('',(0.,0.,1.));
#78 = DIRECTION('',(1.,0.,0.));
#79 = AXIS2_PLACEMENT_3D('',#80,#81,#82);
#80 = CARTESIAN_POINT('',(217.945,-54.4325,1.65));
#81 = DIRECTION('',(0.,0.,1.));
#82 = DIRECTION('',(-1.,1.224646799147E-16,0.));
#83 = AXIS2_PLACEMENT_3D('',#84,#85,#86);
#84 = CARTESIAN_POINT('',(241.5675,-70.195,1.65));
#85 = DIRECTION('',(0.,-0.,1.));
#86 = DIRECTION('',(1.110223024625E-16,1.,0.));
#87 = AXIS2_PLACEMENT_3D('',#88,#89,#90);
#88 = CARTESIAN_POINT('',(225.9625,-82.5,1.65));
#89 = DIRECTION('',(0.,0.,1.));
#90 = DIRECTION('',(1.,0.,0.));
#91 = AXIS2_PLACEMENT_3D('',#92,#93,#94);
#92 = CARTESIAN_POINT('',(223.,-61.,1.65));
#93 = DIRECTION('',(0.,0.,1.));
#94 = DIRECTION('',(-1.,1.224646799147E-16,0.));
#95 = AXIS2_PLACEMENT_3D('',#96,#97,#98);
#96 = CARTESIAN_POINT('',(176.055,-90.0675,1.65));
#97 = DIRECTION('',(0.,0.,1.));
#98 = DIRECTION('',(1.,0.,0.));
#99 = AXIS2_PLACEMENT_3D('',#100,#101,#102);
#100 = CARTESIAN_POINT('',(217.4625,-82.5,1.65));
#101 = DIRECTION('',(0.,0.,1.));
#102 = DIRECTION('',(1.,0.,0.));
#103 = AXIS2_PLACEMENT_3D('',#104,#105,#106);
#104 = CARTESIAN_POINT('',(233.945,-54.4325,1.65));
#105 = DIRECTION('',(0.,0.,1.));
#106 = DIRECTION('',(-1.,1.224646799147E-16,0.));
#107 = AXIS2_PLACEMENT_3D('',#108,#109,#110);
#108 = CARTESIAN_POINT('',(169.445,-54.4325,1.65));
#109 = DIRECTION('',(0.,0.,1.));
#110 = DIRECTION('',(-1.,1.224646799147E-16,0.));
#111 = AXIS2_PLACEMENT_3D('',#112,#113,#114);
#112 = CARTESIAN_POINT('',(155.,-88.5375,1.65));
#113 = DIRECTION('',(0.,-0.,1.));
#114 = DIRECTION('',(1.110223024625E-16,1.,0.));
#115 = AXIS2_PLACEMENT_3D('',#116,#117,#118);
#116 = CARTESIAN_POINT('',(190.055,-90.0675,1.65));
#117 = DIRECTION('',(0.,0.,1.));
#118 = DIRECTION('',(1.,0.,0.));
#119 = AXIS2_PLACEMENT_3D('',#120,#121,#122);
#120 = CARTESIAN_POINT('',(0.,0.,0.));
#121 = DIRECTION('',(0.,0.,1.));
#122 = DIRECTION('',(1.,0.,-0.));
#123 = ( GEOMETRIC_REPRESENTATION_CONTEXT(3) 
GLOBAL_UNCERTAINTY_ASSIGNED_CONTEXT((#127)) GLOBAL_UNIT_ASSIGNED_CONTEXT
((#124,#125,#126)) REPRESENTATION_CONTEXT('Context #1',
  '3D Context with UNIT and UNCERTAINTY') );
#124 = ( LENGTH_UNIT() NAMED_UNIT(*) SI_UNIT(.MILLI.,.METRE.) );
#125 = ( NAMED_UNIT(*) PLANE_ANGLE_UNIT() SI_UNIT($,.RADIAN.) );
#126 = ( NAMED_UNIT(*) SI_UNIT($,.STERADIAN.) SOLID_ANGLE_UNIT() );
#127 = UNCERTAINTY_MEASURE_WITH_UNIT(LENGTH_MEASURE(1.E-07),#124,
  'distance_accuracy_value','confusion accuracy');
#128 = PRODUCT_RELATED_PRODUCT_CATEGORY('part',$,(#7));
#129 = SHAPE_DEFINITION_REPRESENTATION(#130,#136);
#130 = PRODUCT_DEFINITION_SHAPE('','',#131);
#131 = PRODUCT_DEFINITION('design','',#132,#135);
#132 = PRODUCT_DEFINITION_FORMATION('','',#133);
#133 = PRODUCT('PhoenixContact_MC_1,5_3-G-3.5_1x03_P3.50mm_Horizontal',
  'PhoenixContact_MC_1,5_3-G-3.5_1x03_P3.50mm_Horizontal','',(#134));
#134 = PRODUCT_CONTEXT('',#2,'mechanical');
#135 = PRODUCT_DEFINITION_CONTEXT('part definition',#2,'design');
#136 = SHAPE_REPRESENTATION('',(#11,#137),#141);
#137 = AXIS2_PLACEMENT_3D('',#138,#139,#140);
#138 = CARTESIAN_POINT('',(0.,0.,0.));
#139 = DIRECTION('',(0.,0.,1.));
#140 = DIRECTION('',(1.,0.,-0.));
#141 = ( GEOMETRIC_REPRESENTATION_CONTEXT(3) 
GLOBAL_UNCERTAINTY_ASSIGNED_CONTEXT((#145)) GLOBAL_UNIT_ASSIGNED_CONTEXT
((#142,#143,#144)) REPRESENTATION_CONTEXT('Context #1',
  '3D Context with UNIT and UNCERTAINTY') );
#142 = ( LENGTH_UNIT() NAMED_UNIT(*) SI_UNIT(.MILLI.,.METRE.) );
#143 = ( NAMED_UNIT(*) PLANE_ANGLE_UNIT() SI_UNIT($,.RADIAN.) );
#144 = ( NAMED_UNIT(*) SI_UNIT($,.STERADIAN.) SOLID_ANGLE_UNIT() );
#145 = UNCERTAINTY_MEASURE_WITH_UNIT(LENGTH_MEASURE(1.E-07),#142,
  'distance_accuracy_value','confusion accuracy');
#146 = CONTEXT_DEPENDENT_SHAPE_REPRESENTATION(#147,#149);
#147 = ( REPRESENTATION_RELATIONSHIP('','',#136,#10) 
REPRESENTATION_RELATIONSHIP_WITH_TRANSFORMATION(#148) 
SHAPE_REPRESENTATION_RELATIONSHIP() );
#148 = ITEM_DEFINED_TRANSFORMATION('','',#11,#15);
#149 = PRODUCT_DEFINITION_SHAPE('Placement','Placement of an item',#150
  );
#150 = NEXT_ASSEMBLY_USAGE_OCCURRENCE('2','J6','',#5,#131,$);
#151 = PRODUCT_RELATED_PRODUCT_CATEGORY('part',$,(#133));
#152 = SHAPE_DEFINITION_REPRESENTATION(#153,#159);
#153 = PRODUCT_DEFINITION_SHAPE('','',#154);
#154 = PRODUCT_DEFINITION('design','',#155,#158);
#155 = PRODUCT_DEFINITION_FORMATION('','',#156);
#156 = PRODUCT('MC_01x03_G_3_5mm','MC_01x03_G_3_5mm','',(#157));
#157 = PRODUCT_CONTEXT('',#2,'mechanical');
#158 = PRODUCT_DEFINITION_CONTEXT('part definition',#2,'design');
#159 = ADVANCED_BREP_SHAPE_REPRESENTATION('',(#11,#160),#3292);
#160 = MANIFOLD_SOLID_BREP('',#161);
#161 = CLOSED_SHELL('',(#162,#234,#265,#289,#415,#784,#808,#832,#856,
    #873,#889,#920,#944,#968,#985,#1016,#1040,#1064,#1081,#1112,#1136,
    #1160,#1177,#1208,#1232,#1256,#1280,#1304,#1329,#1353,#1377,#1401,
    #1425,#1449,#1473,#1497,#1514,#1545,#1569,#1593,#1617,#1641,#1666,
    #1690,#1714,#1738,#1762,#1786,#1810,#1834,#1851,#1882,#1906,#1930,
    #1954,#1978,#2002,#2027,#2051,#2075,#2099,#2123,#2147,#2171,#2188,
    #2219,#2243,#2267,#2284,#2315,#2339,#2363,#2380,#2411,#2435,#2459,
    #2476,#2532,#2588,#2644,#2656,#2668,#2680,#2711,#2735,#2759,#2776,
    #2807,#2831,#2855,#2872,#2903,#2927,#2951,#2968,#2999,#3023,#3047,
    #3064,#3095,#3119,#3143,#3160,#3191,#3215,#3239,#3256,#3268,#3280));
#162 = ADVANCED_FACE('',(#163),#229,.T.);
#163 = FACE_BOUND('',#164,.T.);
#164 = EDGE_LOOP('',(#165,#175,#183,#191,#199,#207,#215,#223));
#165 = ORIENTED_EDGE('',*,*,#166,.F.);
#166 = EDGE_CURVE('',#167,#169,#171,.T.);
#167 = VERTEX_POINT('',#168);
#168 = CARTESIAN_POINT('',(-2.45,1.2,7.25));
#169 = VERTEX_POINT('',#170);
#170 = CARTESIAN_POINT('',(-2.45,-4.5,7.25));
#171 = LINE('',#172,#173);
#172 = CARTESIAN_POINT('',(-2.45,1.2,7.25));
#173 = VECTOR('',#174,1.);
#174 = DIRECTION('',(0.,-1.,2.22044604925E-16));
#175 = ORIENTED_EDGE('',*,*,#176,.T.);
#176 = EDGE_CURVE('',#167,#177,#179,.T.);
#177 = VERTEX_POINT('',#178);
#178 = CARTESIAN_POINT('',(-2.45,1.2,3.330669073875E-16));
#179 = LINE('',#180,#181);
#180 = CARTESIAN_POINT('',(-2.45,1.2,7.25));
#181 = VECTOR('',#182,1.);
#182 = DIRECTION('',(1.225073682345E-16,-2.22044604925E-16,-1.));
#183 = ORIENTED_EDGE('',*,*,#184,.T.);
#184 = EDGE_CURVE('',#177,#185,#187,.T.);
#185 = VERTEX_POINT('',#186);
#186 = CARTESIAN_POINT('',(-2.45,-8.,2.242650509743E-15));
#187 = LINE('',#188,#189);
#188 = CARTESIAN_POINT('',(-2.45,1.2,0.));
#189 = VECTOR('',#190,1.);
#190 = DIRECTION('',(0.,-1.,2.22044604925E-16));
#191 = ORIENTED_EDGE('',*,*,#192,.F.);
#192 = EDGE_CURVE('',#193,#185,#195,.T.);
#193 = VERTEX_POINT('',#194);
#194 = CARTESIAN_POINT('',(-2.45,-8.,7.25));
#195 = LINE('',#196,#197);
#196 = CARTESIAN_POINT('',(-2.45,-8.,7.25));
#197 = VECTOR('',#198,1.);
#198 = DIRECTION('',(1.225073682345E-16,-2.22044604925E-16,-1.));
#199 = ORIENTED_EDGE('',*,*,#200,.F.);
#200 = EDGE_CURVE('',#201,#193,#203,.T.);
#201 = VERTEX_POINT('',#202);
#202 = CARTESIAN_POINT('',(-2.45,-5.1,7.25));
#203 = LINE('',#204,#205);
#204 = CARTESIAN_POINT('',(-2.45,1.2,7.25));
#205 = VECTOR('',#206,1.);
#206 = DIRECTION('',(0.,-1.,2.22044604925E-16));
#207 = ORIENTED_EDGE('',*,*,#208,.F.);
#208 = EDGE_CURVE('',#209,#201,#211,.T.);
#209 = VERTEX_POINT('',#210);
#210 = CARTESIAN_POINT('',(-2.45,-5.1,7.55));
#211 = LINE('',#212,#213);
#212 = CARTESIAN_POINT('',(-2.45,-5.1,7.55));
#213 = VECTOR('',#214,1.);
#214 = DIRECTION('',(0.,-2.22044604925E-16,-1.));
#215 = ORIENTED_EDGE('',*,*,#216,.F.);
#216 = EDGE_CURVE('',#217,#209,#219,.T.);
#217 = VERTEX_POINT('',#218);
#218 = CARTESIAN_POINT('',(-2.45,-4.5,7.55));
#219 = LINE('',#220,#221);
#220 = CARTESIAN_POINT('',(-2.45,-4.5,7.55));
#221 = VECTOR('',#222,1.);
#222 = DIRECTION('',(0.,-1.,2.22044604925E-16));
#223 = ORIENTED_EDGE('',*,*,#224,.F.);
#224 = EDGE_CURVE('',#169,#217,#225,.T.);
#225 = LINE('',#226,#227);
#226 = CARTESIAN_POINT('',(-2.45,-4.5,7.25));
#227 = VECTOR('',#228,1.);
#228 = DIRECTION('',(0.,2.22044604925E-16,1.));
#229 = PLANE('',#230);
#230 = AXIS2_PLACEMENT_3D('',#231,#232,#233);
#231 = CARTESIAN_POINT('',(-2.45,-3.425074626866,3.697985074627));
#232 = DIRECTION('',(-1.,-2.455157758005E-18,-1.131315995192E-16));
#233 = DIRECTION('',(1.131315995192E-16,-2.22044604925E-16,-1.));
#234 = ADVANCED_FACE('',(#235),#260,.F.);
#235 = FACE_BOUND('',#236,.F.);
#236 = EDGE_LOOP('',(#237,#245,#253,#259));
#237 = ORIENTED_EDGE('',*,*,#238,.F.);
#238 = EDGE_CURVE('',#239,#167,#241,.T.);
#239 = VERTEX_POINT('',#240);
#240 = CARTESIAN_POINT('',(9.45,1.2,7.25));
#241 = LINE('',#242,#243);
#242 = CARTESIAN_POINT('',(9.45,1.2,7.25));
#243 = VECTOR('',#244,1.);
#244 = DIRECTION('',(-1.,0.,0.));
#245 = ORIENTED_EDGE('',*,*,#246,.T.);
#246 = EDGE_CURVE('',#239,#247,#249,.T.);
#247 = VERTEX_POINT('',#248);
#248 = CARTESIAN_POINT('',(9.45,-4.5,7.25));
#249 = LINE('',#250,#251);
#250 = CARTESIAN_POINT('',(9.45,1.2,7.25));
#251 = VECTOR('',#252,1.);
#252 = DIRECTION('',(0.,-1.,2.22044604925E-16));
#253 = ORIENTED_EDGE('',*,*,#254,.F.);
#254 = EDGE_CURVE('',#169,#247,#255,.T.);
#255 = LINE('',#256,#257);
#256 = CARTESIAN_POINT('',(-2.45,-4.5,7.25));
#257 = VECTOR('',#258,1.);
#258 = DIRECTION('',(1.,0.,0.));
#259 = ORIENTED_EDGE('',*,*,#166,.F.);
#260 = PLANE('',#261);
#261 = AXIS2_PLACEMENT_3D('',#262,#263,#264);
#262 = CARTESIAN_POINT('',(9.45,1.2,7.25));
#263 = DIRECTION('',(0.,-2.22044604925E-16,-1.));
#264 = DIRECTION('',(-1.,-0.,0.));
#265 = ADVANCED_FACE('',(#266),#284,.F.);
#266 = FACE_BOUND('',#267,.F.);
#267 = EDGE_LOOP('',(#268,#276,#282,#283));
#268 = ORIENTED_EDGE('',*,*,#269,.T.);
#269 = EDGE_CURVE('',#177,#270,#272,.T.);
#270 = VERTEX_POINT('',#271);
#271 = CARTESIAN_POINT('',(9.45,1.2,3.330669073875E-16));
#272 = LINE('',#273,#274);
#273 = CARTESIAN_POINT('',(-2.45,1.2,0.));
#274 = VECTOR('',#275,1.);
#275 = DIRECTION('',(1.,0.,0.));
#276 = ORIENTED_EDGE('',*,*,#277,.T.);
#277 = EDGE_CURVE('',#270,#239,#278,.T.);
#278 = LINE('',#279,#280);
#279 = CARTESIAN_POINT('',(9.45,1.2,0.));
#280 = VECTOR('',#281,1.);
#281 = DIRECTION('',(0.,2.22044604925E-16,1.));
#282 = ORIENTED_EDGE('',*,*,#238,.T.);
#283 = ORIENTED_EDGE('',*,*,#176,.T.);
#284 = PLANE('',#285);
#285 = AXIS2_PLACEMENT_3D('',#286,#287,#288);
#286 = CARTESIAN_POINT('',(3.5,1.2,3.625));
#287 = DIRECTION('',(0.,-1.,2.22044604925E-16));
#288 = DIRECTION('',(1.,0.,0.));
#289 = ADVANCED_FACE('',(#290,#308,#342,#376),#410,.F.);
#290 = FACE_BOUND('',#291,.F.);
#291 = EDGE_LOOP('',(#292,#293,#301,#307));
#292 = ORIENTED_EDGE('',*,*,#184,.T.);
#293 = ORIENTED_EDGE('',*,*,#294,.T.);
#294 = EDGE_CURVE('',#185,#295,#297,.T.);
#295 = VERTEX_POINT('',#296);
#296 = CARTESIAN_POINT('',(9.45,-8.,2.242650509743E-15));
#297 = LINE('',#298,#299);
#298 = CARTESIAN_POINT('',(-2.45,-8.,2.22044604925E-15));
#299 = VECTOR('',#300,1.);
#300 = DIRECTION('',(1.,0.,0.));
#301 = ORIENTED_EDGE('',*,*,#302,.F.);
#302 = EDGE_CURVE('',#270,#295,#303,.T.);
#303 = LINE('',#304,#305);
#304 = CARTESIAN_POINT('',(9.45,1.2,0.));
#305 = VECTOR('',#306,1.);
#306 = DIRECTION('',(0.,-1.,2.22044604925E-16));
#307 = ORIENTED_EDGE('',*,*,#269,.F.);
#308 = FACE_BOUND('',#309,.F.);
#309 = EDGE_LOOP('',(#310,#320,#328,#336));
#310 = ORIENTED_EDGE('',*,*,#311,.F.);
#311 = EDGE_CURVE('',#312,#314,#316,.T.);
#312 = VERTEX_POINT('',#313);
#313 = CARTESIAN_POINT('',(-0.425,0.425,0.));
#314 = VERTEX_POINT('',#315);
#315 = CARTESIAN_POINT('',(-0.425,-0.425,4.440892098501E-16));
#316 = LINE('',#317,#318);
#317 = CARTESIAN_POINT('',(-0.425,-0.297319256446,3.330669073875E-16));
#318 = VECTOR('',#319,1.);
#319 = DIRECTION('',(0.,-1.,2.22044604925E-16));
#320 = ORIENTED_EDGE('',*,*,#321,.F.);
#321 = EDGE_CURVE('',#322,#312,#324,.T.);
#322 = VERTEX_POINT('',#323);
#323 = CARTESIAN_POINT('',(0.425,0.425,0.));
#324 = LINE('',#325,#326);
#325 = CARTESIAN_POINT('',(-1.4375,0.425,3.080868893335E-16));
#326 = VECTOR('',#327,1.);
#327 = DIRECTION('',(-1.,0.,0.));
#328 = ORIENTED_EDGE('',*,*,#329,.T.);
#329 = EDGE_CURVE('',#322,#330,#332,.T.);
#330 = VERTEX_POINT('',#331);
#331 = CARTESIAN_POINT('',(0.425,-0.425,4.440892098501E-16));
#332 = LINE('',#333,#334);
#333 = CARTESIAN_POINT('',(0.425,-0.297319256446,3.330669073875E-16));
#334 = VECTOR('',#335,1.);
#335 = DIRECTION('',(0.,-1.,2.22044604925E-16));
#336 = ORIENTED_EDGE('',*,*,#337,.F.);
#337 = EDGE_CURVE('',#314,#330,#338,.T.);
#338 = LINE('',#339,#340);
#339 = CARTESIAN_POINT('',(-1.4375,-0.425,4.024558464266E-16));
#340 = VECTOR('',#341,1.);
#341 = DIRECTION('',(1.,0.,0.));
#342 = FACE_BOUND('',#343,.F.);
#343 = EDGE_LOOP('',(#344,#354,#362,#370));
#344 = ORIENTED_EDGE('',*,*,#345,.F.);
#345 = EDGE_CURVE('',#346,#348,#350,.T.);
#346 = VERTEX_POINT('',#347);
#347 = CARTESIAN_POINT('',(3.925,0.425,0.));
#348 = VERTEX_POINT('',#349);
#349 = CARTESIAN_POINT('',(3.075,0.425,0.));
#350 = LINE('',#351,#352);
#351 = CARTESIAN_POINT('',(0.3125,0.425,3.080868893335E-16));
#352 = VECTOR('',#353,1.);
#353 = DIRECTION('',(-1.,0.,0.));
#354 = ORIENTED_EDGE('',*,*,#355,.T.);
#355 = EDGE_CURVE('',#346,#356,#358,.T.);
#356 = VERTEX_POINT('',#357);
#357 = CARTESIAN_POINT('',(3.925,-0.425,4.440892098501E-16));
#358 = LINE('',#359,#360);
#359 = CARTESIAN_POINT('',(3.925,-0.297319256446,3.330669073875E-16));
#360 = VECTOR('',#361,1.);
#361 = DIRECTION('',(0.,-1.,2.22044604925E-16));
#362 = ORIENTED_EDGE('',*,*,#363,.F.);
#363 = EDGE_CURVE('',#364,#356,#366,.T.);
#364 = VERTEX_POINT('',#365);
#365 = CARTESIAN_POINT('',(3.075,-0.425,4.440892098501E-16));
#366 = LINE('',#367,#368);
#367 = CARTESIAN_POINT('',(0.3125,-0.425,4.024558464266E-16));
#368 = VECTOR('',#369,1.);
#369 = DIRECTION('',(1.,0.,0.));
#370 = ORIENTED_EDGE('',*,*,#371,.F.);
#371 = EDGE_CURVE('',#348,#364,#372,.T.);
#372 = LINE('',#373,#374);
#373 = CARTESIAN_POINT('',(3.075,-0.297319256446,3.330669073875E-16));
#374 = VECTOR('',#375,1.);
#375 = DIRECTION('',(0.,-1.,2.22044604925E-16));
#376 = FACE_BOUND('',#377,.F.);
#377 = EDGE_LOOP('',(#378,#388,#396,#404));
#378 = ORIENTED_EDGE('',*,*,#379,.F.);
#379 = EDGE_CURVE('',#380,#382,#384,.T.);
#380 = VERTEX_POINT('',#381);
#381 = CARTESIAN_POINT('',(6.575,0.425,0.));
#382 = VERTEX_POINT('',#383);
#383 = CARTESIAN_POINT('',(6.575,-0.425,4.440892098501E-16));
#384 = LINE('',#385,#386);
#385 = CARTESIAN_POINT('',(6.575,-0.297319256446,3.330669073875E-16));
#386 = VECTOR('',#387,1.);
#387 = DIRECTION('',(0.,-1.,2.22044604925E-16));
#388 = ORIENTED_EDGE('',*,*,#389,.F.);
#389 = EDGE_CURVE('',#390,#380,#392,.T.);
#390 = VERTEX_POINT('',#391);
#391 = CARTESIAN_POINT('',(7.425,0.425,0.));
#392 = LINE('',#393,#394);
#393 = CARTESIAN_POINT('',(2.0625,0.425,3.080868893335E-16));
#394 = VECTOR('',#395,1.);
#395 = DIRECTION('',(-1.,0.,0.));
#396 = ORIENTED_EDGE('',*,*,#397,.T.);
#397 = EDGE_CURVE('',#390,#398,#400,.T.);
#398 = VERTEX_POINT('',#399);
#399 = CARTESIAN_POINT('',(7.425,-0.425,4.440892098501E-16));
#400 = LINE('',#401,#402);
#401 = CARTESIAN_POINT('',(7.425,-0.297319256446,3.330669073875E-16));
#402 = VECTOR('',#403,1.);
#403 = DIRECTION('',(0.,-1.,2.22044604925E-16));
#404 = ORIENTED_EDGE('',*,*,#405,.F.);
#405 = EDGE_CURVE('',#382,#398,#406,.T.);
#406 = LINE('',#407,#408);
#407 = CARTESIAN_POINT('',(2.0625,-0.425,4.024558464266E-16));
#408 = VECTOR('',#409,1.);
#409 = DIRECTION('',(1.,0.,0.));
#410 = PLANE('',#411);
#411 = AXIS2_PLACEMENT_3D('',#412,#413,#414);
#412 = CARTESIAN_POINT('',(-2.45,1.2,0.));
#413 = DIRECTION('',(0.,2.22044604925E-16,1.));
#414 = DIRECTION('',(1.,0.,-0.));
#415 = ADVANCED_FACE('',(#416,#434,#549,#664),#779,.T.);
#416 = FACE_BOUND('',#417,.T.);
#417 = EDGE_LOOP('',(#418,#419,#427,#433));
#418 = ORIENTED_EDGE('',*,*,#294,.T.);
#419 = ORIENTED_EDGE('',*,*,#420,.T.);
#420 = EDGE_CURVE('',#295,#421,#423,.T.);
#421 = VERTEX_POINT('',#422);
#422 = CARTESIAN_POINT('',(9.45,-8.,7.25));
#423 = LINE('',#424,#425);
#424 = CARTESIAN_POINT('',(9.45,-8.,2.22044604925E-15));
#425 = VECTOR('',#426,1.);
#426 = DIRECTION('',(0.,2.22044604925E-16,1.));
#427 = ORIENTED_EDGE('',*,*,#428,.T.);
#428 = EDGE_CURVE('',#421,#193,#429,.T.);
#429 = LINE('',#430,#431);
#430 = CARTESIAN_POINT('',(9.45,-8.,7.25));
#431 = VECTOR('',#432,1.);
#432 = DIRECTION('',(-1.,0.,0.));
#433 = ORIENTED_EDGE('',*,*,#192,.T.);
#434 = FACE_BOUND('',#435,.T.);
#435 = EDGE_LOOP('',(#436,#446,#454,#462,#470,#478,#486,#494,#502,#510,
    #519,#527,#535,#543));
#436 = ORIENTED_EDGE('',*,*,#437,.T.);
#437 = EDGE_CURVE('',#438,#440,#442,.T.);
#438 = VERTEX_POINT('',#439);
#439 = CARTESIAN_POINT('',(2.75,-8.,5.7));
#440 = VERTEX_POINT('',#441);
#441 = CARTESIAN_POINT('',(2.25,-8.,5.7));
#442 = LINE('',#443,#444);
#443 = CARTESIAN_POINT('',(2.75,-8.,5.7));
#444 = VECTOR('',#445,1.);
#445 = DIRECTION('',(-1.,0.,0.));
#446 = ORIENTED_EDGE('',*,*,#447,.T.);
#447 = EDGE_CURVE('',#440,#448,#450,.T.);
#448 = VERTEX_POINT('',#449);
#449 = CARTESIAN_POINT('',(2.,-8.,6.5));
#450 = LINE('',#451,#452);
#451 = CARTESIAN_POINT('',(2.25,-8.,5.7));
#452 = VECTOR('',#453,1.);
#453 = DIRECTION('',(-0.298274993136,2.119371296316E-16,0.954479978035)
  );
#454 = ORIENTED_EDGE('',*,*,#455,.T.);
#455 = EDGE_CURVE('',#448,#456,#458,.T.);
#456 = VERTEX_POINT('',#457);
#457 = CARTESIAN_POINT('',(5.,-8.,6.5));
#458 = LINE('',#459,#460);
#459 = CARTESIAN_POINT('',(2.,-8.,6.5));
#460 = VECTOR('',#461,1.);
#461 = DIRECTION('',(1.,0.,0.));
#462 = ORIENTED_EDGE('',*,*,#463,.T.);
#463 = EDGE_CURVE('',#456,#464,#466,.T.);
#464 = VERTEX_POINT('',#465);
#465 = CARTESIAN_POINT('',(4.75,-8.,5.7));
#466 = LINE('',#467,#468);
#467 = CARTESIAN_POINT('',(5.,-8.,6.5));
#468 = VECTOR('',#469,1.);
#469 = DIRECTION('',(-0.298274993136,-2.119371296316E-16,-0.954479978035
    ));
#470 = ORIENTED_EDGE('',*,*,#471,.T.);
#471 = EDGE_CURVE('',#464,#472,#474,.T.);
#472 = VERTEX_POINT('',#473);
#473 = CARTESIAN_POINT('',(4.25,-8.,5.7));
#474 = LINE('',#475,#476);
#475 = CARTESIAN_POINT('',(4.75,-8.,5.7));
#476 = VECTOR('',#477,1.);
#477 = DIRECTION('',(-1.,0.,0.));
#478 = ORIENTED_EDGE('',*,*,#479,.T.);
#479 = EDGE_CURVE('',#472,#480,#482,.T.);
#480 = VERTEX_POINT('',#481);
#481 = CARTESIAN_POINT('',(4.25,-8.,4.8));
#482 = LINE('',#483,#484);
#483 = CARTESIAN_POINT('',(4.25,-8.,5.7));
#484 = VECTOR('',#485,1.);
#485 = DIRECTION('',(0.,-2.22044604925E-16,-1.));
#486 = ORIENTED_EDGE('',*,*,#487,.T.);
#487 = EDGE_CURVE('',#480,#488,#490,.T.);
#488 = VERTEX_POINT('',#489);
#489 = CARTESIAN_POINT('',(5.,-8.,4.8));
#490 = LINE('',#491,#492);
#491 = CARTESIAN_POINT('',(4.25,-8.,4.8));
#492 = VECTOR('',#493,1.);
#493 = DIRECTION('',(1.,0.,0.));
#494 = ORIENTED_EDGE('',*,*,#495,.T.);
#495 = EDGE_CURVE('',#488,#496,#498,.T.);
#496 = VERTEX_POINT('',#497);
#497 = CARTESIAN_POINT('',(5.,-8.,0.5));
#498 = LINE('',#499,#500);
#499 = CARTESIAN_POINT('',(5.,-8.,4.8));
#500 = VECTOR('',#501,1.);
#501 = DIRECTION('',(0.,-2.22044604925E-16,-1.));
#502 = ORIENTED_EDGE('',*,*,#503,.T.);
#503 = EDGE_CURVE('',#496,#504,#506,.T.);
#504 = VERTEX_POINT('',#505);
#505 = CARTESIAN_POINT('',(4.5,-8.,0.5));
#506 = LINE('',#507,#508);
#507 = CARTESIAN_POINT('',(5.,-8.,0.5));
#508 = VECTOR('',#509,1.);
#509 = DIRECTION('',(-1.,0.,0.));
#510 = ORIENTED_EDGE('',*,*,#511,.T.);
#511 = EDGE_CURVE('',#504,#512,#514,.T.);
#512 = VERTEX_POINT('',#513);
#513 = CARTESIAN_POINT('',(2.5,-8.,0.5));
#514 = CIRCLE('',#515,1.133333333333);
#515 = AXIS2_PLACEMENT_3D('',#516,#517,#518);
#516 = CARTESIAN_POINT('',(3.5,-8.,-3.333333333333E-02));
#517 = DIRECTION('',(1.232595164408E-32,-1.,2.22044604925E-16));
#518 = DIRECTION('',(0.882352941176,1.044915787883E-16,0.470588235294));
#519 = ORIENTED_EDGE('',*,*,#520,.T.);
#520 = EDGE_CURVE('',#512,#521,#523,.T.);
#521 = VERTEX_POINT('',#522);
#522 = CARTESIAN_POINT('',(2.,-8.,0.5));
#523 = LINE('',#524,#525);
#524 = CARTESIAN_POINT('',(2.5,-8.,0.5));
#525 = VECTOR('',#526,1.);
#526 = DIRECTION('',(-1.,0.,0.));
#527 = ORIENTED_EDGE('',*,*,#528,.T.);
#528 = EDGE_CURVE('',#521,#529,#531,.T.);
#529 = VERTEX_POINT('',#530);
#530 = CARTESIAN_POINT('',(2.,-8.,4.8));
#531 = LINE('',#532,#533);
#532 = CARTESIAN_POINT('',(2.,-8.,0.5));
#533 = VECTOR('',#534,1.);
#534 = DIRECTION('',(0.,2.22044604925E-16,1.));
#535 = ORIENTED_EDGE('',*,*,#536,.T.);
#536 = EDGE_CURVE('',#529,#537,#539,.T.);
#537 = VERTEX_POINT('',#538);
#538 = CARTESIAN_POINT('',(2.75,-8.,4.8));
#539 = LINE('',#540,#541);
#540 = CARTESIAN_POINT('',(2.,-8.,4.8));
#541 = VECTOR('',#542,1.);
#542 = DIRECTION('',(1.,0.,0.));
#543 = ORIENTED_EDGE('',*,*,#544,.T.);
#544 = EDGE_CURVE('',#537,#438,#545,.T.);
#545 = LINE('',#546,#547);
#546 = CARTESIAN_POINT('',(2.75,-8.,4.8));
#547 = VECTOR('',#548,1.);
#548 = DIRECTION('',(0.,2.22044604925E-16,1.));
#549 = FACE_BOUND('',#550,.T.);
#550 = EDGE_LOOP('',(#551,#561,#569,#577,#585,#593,#601,#609,#617,#625,
    #634,#642,#650,#658));
#551 = ORIENTED_EDGE('',*,*,#552,.T.);
#552 = EDGE_CURVE('',#553,#555,#557,.T.);
#553 = VERTEX_POINT('',#554);
#554 = CARTESIAN_POINT('',(6.25,-8.,5.7));
#555 = VERTEX_POINT('',#556);
#556 = CARTESIAN_POINT('',(5.75,-8.,5.7));
#557 = LINE('',#558,#559);
#558 = CARTESIAN_POINT('',(6.25,-8.,5.7));
#559 = VECTOR('',#560,1.);
#560 = DIRECTION('',(-1.,0.,0.));
#561 = ORIENTED_EDGE('',*,*,#562,.T.);
#562 = EDGE_CURVE('',#555,#563,#565,.T.);
#563 = VERTEX_POINT('',#564);
#564 = CARTESIAN_POINT('',(5.5,-8.,6.5));
#565 = LINE('',#566,#567);
#566 = CARTESIAN_POINT('',(5.75,-8.,5.7));
#567 = VECTOR('',#568,1.);
#568 = DIRECTION('',(-0.298274993136,2.119371296316E-16,0.954479978035)
  );
#569 = ORIENTED_EDGE('',*,*,#570,.T.);
#570 = EDGE_CURVE('',#563,#571,#573,.T.);
#571 = VERTEX_POINT('',#572);
#572 = CARTESIAN_POINT('',(8.5,-8.,6.5));
#573 = LINE('',#574,#575);
#574 = CARTESIAN_POINT('',(5.5,-8.,6.5));
#575 = VECTOR('',#576,1.);
#576 = DIRECTION('',(1.,0.,0.));
#577 = ORIENTED_EDGE('',*,*,#578,.T.);
#578 = EDGE_CURVE('',#571,#579,#581,.T.);
#579 = VERTEX_POINT('',#580);
#580 = CARTESIAN_POINT('',(8.25,-8.,5.7));
#581 = LINE('',#582,#583);
#582 = CARTESIAN_POINT('',(8.5,-8.,6.5));
#583 = VECTOR('',#584,1.);
#584 = DIRECTION('',(-0.298274993136,-2.119371296316E-16,-0.954479978035
    ));
#585 = ORIENTED_EDGE('',*,*,#586,.T.);
#586 = EDGE_CURVE('',#579,#587,#589,.T.);
#587 = VERTEX_POINT('',#588);
#588 = CARTESIAN_POINT('',(7.75,-8.,5.7));
#589 = LINE('',#590,#591);
#590 = CARTESIAN_POINT('',(8.25,-8.,5.7));
#591 = VECTOR('',#592,1.);
#592 = DIRECTION('',(-1.,0.,0.));
#593 = ORIENTED_EDGE('',*,*,#594,.T.);
#594 = EDGE_CURVE('',#587,#595,#597,.T.);
#595 = VERTEX_POINT('',#596);
#596 = CARTESIAN_POINT('',(7.75,-8.,4.8));
#597 = LINE('',#598,#599);
#598 = CARTESIAN_POINT('',(7.75,-8.,5.7));
#599 = VECTOR('',#600,1.);
#600 = DIRECTION('',(0.,-2.22044604925E-16,-1.));
#601 = ORIENTED_EDGE('',*,*,#602,.T.);
#602 = EDGE_CURVE('',#595,#603,#605,.T.);
#603 = VERTEX_POINT('',#604);
#604 = CARTESIAN_POINT('',(8.5,-8.,4.8));
#605 = LINE('',#606,#607);
#606 = CARTESIAN_POINT('',(7.75,-8.,4.8));
#607 = VECTOR('',#608,1.);
#608 = DIRECTION('',(1.,0.,0.));
#609 = ORIENTED_EDGE('',*,*,#610,.T.);
#610 = EDGE_CURVE('',#603,#611,#613,.T.);
#611 = VERTEX_POINT('',#612);
#612 = CARTESIAN_POINT('',(8.5,-8.,0.5));
#613 = LINE('',#614,#615);
#614 = CARTESIAN_POINT('',(8.5,-8.,4.8));
#615 = VECTOR('',#616,1.);
#616 = DIRECTION('',(0.,-2.22044604925E-16,-1.));
#617 = ORIENTED_EDGE('',*,*,#618,.T.);
#618 = EDGE_CURVE('',#611,#619,#621,.T.);
#619 = VERTEX_POINT('',#620);
#620 = CARTESIAN_POINT('',(8.,-8.,0.5));
#621 = LINE('',#622,#623);
#622 = CARTESIAN_POINT('',(8.5,-8.,0.5));
#623 = VECTOR('',#624,1.);
#624 = DIRECTION('',(-1.,0.,0.));
#625 = ORIENTED_EDGE('',*,*,#626,.T.);
#626 = EDGE_CURVE('',#619,#627,#629,.T.);
#627 = VERTEX_POINT('',#628);
#628 = CARTESIAN_POINT('',(6.,-8.,0.5));
#629 = CIRCLE('',#630,1.133333333333);
#630 = AXIS2_PLACEMENT_3D('',#631,#632,#633);
#631 = CARTESIAN_POINT('',(7.,-8.,-3.333333333333E-02));
#632 = DIRECTION('',(1.232595164408E-32,-1.,2.22044604925E-16));
#633 = DIRECTION('',(0.882352941176,1.044915787883E-16,0.470588235294));
#634 = ORIENTED_EDGE('',*,*,#635,.T.);
#635 = EDGE_CURVE('',#627,#636,#638,.T.);
#636 = VERTEX_POINT('',#637);
#637 = CARTESIAN_POINT('',(5.5,-8.,0.5));
#638 = LINE('',#639,#640);
#639 = CARTESIAN_POINT('',(6.,-8.,0.5));
#640 = VECTOR('',#641,1.);
#641 = DIRECTION('',(-1.,0.,0.));
#642 = ORIENTED_EDGE('',*,*,#643,.T.);
#643 = EDGE_CURVE('',#636,#644,#646,.T.);
#644 = VERTEX_POINT('',#645);
#645 = CARTESIAN_POINT('',(5.5,-8.,4.8));
#646 = LINE('',#647,#648);
#647 = CARTESIAN_POINT('',(5.5,-8.,0.5));
#648 = VECTOR('',#649,1.);
#649 = DIRECTION('',(0.,2.22044604925E-16,1.));
#650 = ORIENTED_EDGE('',*,*,#651,.T.);
#651 = EDGE_CURVE('',#644,#652,#654,.T.);
#652 = VERTEX_POINT('',#653);
#653 = CARTESIAN_POINT('',(6.25,-8.,4.8));
#654 = LINE('',#655,#656);
#655 = CARTESIAN_POINT('',(5.5,-8.,4.8));
#656 = VECTOR('',#657,1.);
#657 = DIRECTION('',(1.,0.,0.));
#658 = ORIENTED_EDGE('',*,*,#659,.T.);
#659 = EDGE_CURVE('',#652,#553,#660,.T.);
#660 = LINE('',#661,#662);
#661 = CARTESIAN_POINT('',(6.25,-8.,4.8));
#662 = VECTOR('',#663,1.);
#663 = DIRECTION('',(0.,2.22044604925E-16,1.));
#664 = FACE_BOUND('',#665,.T.);
#665 = EDGE_LOOP('',(#666,#676,#684,#692,#700,#708,#716,#724,#732,#741,
    #749,#757,#765,#773));
#666 = ORIENTED_EDGE('',*,*,#667,.T.);
#667 = EDGE_CURVE('',#668,#670,#672,.T.);
#668 = VERTEX_POINT('',#669);
#669 = CARTESIAN_POINT('',(-1.25,-8.,5.7));
#670 = VERTEX_POINT('',#671);
#671 = CARTESIAN_POINT('',(-1.5,-8.,6.5));
#672 = LINE('',#673,#674);
#673 = CARTESIAN_POINT('',(-1.25,-8.,5.7));
#674 = VECTOR('',#675,1.);
#675 = DIRECTION('',(-0.298274993136,2.119371296316E-16,0.954479978035)
  );
#676 = ORIENTED_EDGE('',*,*,#677,.T.);
#677 = EDGE_CURVE('',#670,#678,#680,.T.);
#678 = VERTEX_POINT('',#679);
#679 = CARTESIAN_POINT('',(1.5,-8.,6.5));
#680 = LINE('',#681,#682);
#681 = CARTESIAN_POINT('',(-1.5,-8.,6.5));
#682 = VECTOR('',#683,1.);
#683 = DIRECTION('',(1.,0.,0.));
#684 = ORIENTED_EDGE('',*,*,#685,.T.);
#685 = EDGE_CURVE('',#678,#686,#688,.T.);
#686 = VERTEX_POINT('',#687);
#687 = CARTESIAN_POINT('',(1.25,-8.,5.7));
#688 = LINE('',#689,#690);
#689 = CARTESIAN_POINT('',(1.5,-8.,6.5));
#690 = VECTOR('',#691,1.);
#691 = DIRECTION('',(-0.298274993136,-2.119371296316E-16,-0.954479978035
    ));
#692 = ORIENTED_EDGE('',*,*,#693,.T.);
#693 = EDGE_CURVE('',#686,#694,#696,.T.);
#694 = VERTEX_POINT('',#695);
#695 = CARTESIAN_POINT('',(0.75,-8.,5.7));
#696 = LINE('',#697,#698);
#697 = CARTESIAN_POINT('',(1.25,-8.,5.7));
#698 = VECTOR('',#699,1.);
#699 = DIRECTION('',(-1.,0.,0.));
#700 = ORIENTED_EDGE('',*,*,#701,.T.);
#701 = EDGE_CURVE('',#694,#702,#704,.T.);
#702 = VERTEX_POINT('',#703);
#703 = CARTESIAN_POINT('',(0.75,-8.,4.8));
#704 = LINE('',#705,#706);
#705 = CARTESIAN_POINT('',(0.75,-8.,5.7));
#706 = VECTOR('',#707,1.);
#707 = DIRECTION('',(0.,-2.22044604925E-16,-1.));
#708 = ORIENTED_EDGE('',*,*,#709,.T.);
#709 = EDGE_CURVE('',#702,#710,#712,.T.);
#710 = VERTEX_POINT('',#711);
#711 = CARTESIAN_POINT('',(1.5,-8.,4.8));
#712 = LINE('',#713,#714);
#713 = CARTESIAN_POINT('',(0.75,-8.,4.8));
#714 = VECTOR('',#715,1.);
#715 = DIRECTION('',(1.,0.,0.));
#716 = ORIENTED_EDGE('',*,*,#717,.T.);
#717 = EDGE_CURVE('',#710,#718,#720,.T.);
#718 = VERTEX_POINT('',#719);
#719 = CARTESIAN_POINT('',(1.5,-8.,0.5));
#720 = LINE('',#721,#722);
#721 = CARTESIAN_POINT('',(1.5,-8.,4.8));
#722 = VECTOR('',#723,1.);
#723 = DIRECTION('',(0.,-2.22044604925E-16,-1.));
#724 = ORIENTED_EDGE('',*,*,#725,.T.);
#725 = EDGE_CURVE('',#718,#726,#728,.T.);
#726 = VERTEX_POINT('',#727);
#727 = CARTESIAN_POINT('',(1.,-8.,0.5));
#728 = LINE('',#729,#730);
#729 = CARTESIAN_POINT('',(1.5,-8.,0.5));
#730 = VECTOR('',#731,1.);
#731 = DIRECTION('',(-1.,0.,0.));
#732 = ORIENTED_EDGE('',*,*,#733,.T.);
#733 = EDGE_CURVE('',#726,#734,#736,.T.);
#734 = VERTEX_POINT('',#735);
#735 = CARTESIAN_POINT('',(-1.,-8.,0.5));
#736 = CIRCLE('',#737,1.133333333333);
#737 = AXIS2_PLACEMENT_3D('',#738,#739,#740);
#738 = CARTESIAN_POINT('',(-5.551115123126E-17,-8.,-3.333333333333E-02)
  );
#739 = DIRECTION('',(1.232595164408E-32,-1.,2.22044604925E-16));
#740 = DIRECTION('',(0.882352941176,1.044915787883E-16,0.470588235294));
#741 = ORIENTED_EDGE('',*,*,#742,.T.);
#742 = EDGE_CURVE('',#734,#743,#745,.T.);
#743 = VERTEX_POINT('',#744);
#744 = CARTESIAN_POINT('',(-1.5,-8.,0.5));
#745 = LINE('',#746,#747);
#746 = CARTESIAN_POINT('',(-1.,-8.,0.5));
#747 = VECTOR('',#748,1.);
#748 = DIRECTION('',(-1.,0.,0.));
#749 = ORIENTED_EDGE('',*,*,#750,.T.);
#750 = EDGE_CURVE('',#743,#751,#753,.T.);
#751 = VERTEX_POINT('',#752);
#752 = CARTESIAN_POINT('',(-1.5,-8.,4.8));
#753 = LINE('',#754,#755);
#754 = CARTESIAN_POINT('',(-1.5,-8.,0.5));
#755 = VECTOR('',#756,1.);
#756 = DIRECTION('',(0.,2.22044604925E-16,1.));
#757 = ORIENTED_EDGE('',*,*,#758,.T.);
#758 = EDGE_CURVE('',#751,#759,#761,.T.);
#759 = VERTEX_POINT('',#760);
#760 = CARTESIAN_POINT('',(-0.75,-8.,4.8));
#761 = LINE('',#762,#763);
#762 = CARTESIAN_POINT('',(-1.5,-8.,4.8));
#763 = VECTOR('',#764,1.);
#764 = DIRECTION('',(1.,0.,0.));
#765 = ORIENTED_EDGE('',*,*,#766,.T.);
#766 = EDGE_CURVE('',#759,#767,#769,.T.);
#767 = VERTEX_POINT('',#768);
#768 = CARTESIAN_POINT('',(-0.75,-8.,5.7));
#769 = LINE('',#770,#771);
#770 = CARTESIAN_POINT('',(-0.75,-8.,4.8));
#771 = VECTOR('',#772,1.);
#772 = DIRECTION('',(0.,2.22044604925E-16,1.));
#773 = ORIENTED_EDGE('',*,*,#774,.T.);
#774 = EDGE_CURVE('',#767,#668,#775,.T.);
#775 = LINE('',#776,#777);
#776 = CARTESIAN_POINT('',(-0.75,-8.,5.7));
#777 = VECTOR('',#778,1.);
#778 = DIRECTION('',(-1.,0.,0.));
#779 = PLANE('',#780);
#780 = AXIS2_PLACEMENT_3D('',#781,#782,#783);
#781 = CARTESIAN_POINT('',(3.5,-8.,3.625));
#782 = DIRECTION('',(0.,-1.,2.22044604925E-16));
#783 = DIRECTION('',(1.,0.,0.));
#784 = ADVANCED_FACE('',(#785),#803,.F.);
#785 = FACE_BOUND('',#786,.F.);
#786 = EDGE_LOOP('',(#787,#795,#801,#802));
#787 = ORIENTED_EDGE('',*,*,#788,.T.);
#788 = EDGE_CURVE('',#201,#789,#791,.T.);
#789 = VERTEX_POINT('',#790);
#790 = CARTESIAN_POINT('',(9.45,-5.1,7.25));
#791 = LINE('',#792,#793);
#792 = CARTESIAN_POINT('',(-2.45,-5.1,7.25));
#793 = VECTOR('',#794,1.);
#794 = DIRECTION('',(1.,0.,0.));
#795 = ORIENTED_EDGE('',*,*,#796,.T.);
#796 = EDGE_CURVE('',#789,#421,#797,.T.);
#797 = LINE('',#798,#799);
#798 = CARTESIAN_POINT('',(9.45,1.2,7.25));
#799 = VECTOR('',#800,1.);
#800 = DIRECTION('',(0.,-1.,2.22044604925E-16));
#801 = ORIENTED_EDGE('',*,*,#428,.T.);
#802 = ORIENTED_EDGE('',*,*,#200,.F.);
#803 = PLANE('',#804);
#804 = AXIS2_PLACEMENT_3D('',#805,#806,#807);
#805 = CARTESIAN_POINT('',(9.45,1.2,7.25));
#806 = DIRECTION('',(0.,-2.22044604925E-16,-1.));
#807 = DIRECTION('',(-1.,-0.,0.));
#808 = ADVANCED_FACE('',(#809),#827,.F.);
#809 = FACE_BOUND('',#810,.F.);
#810 = EDGE_LOOP('',(#811,#819,#825,#826));
#811 = ORIENTED_EDGE('',*,*,#812,.T.);
#812 = EDGE_CURVE('',#209,#813,#815,.T.);
#813 = VERTEX_POINT('',#814);
#814 = CARTESIAN_POINT('',(9.45,-5.1,7.55));
#815 = LINE('',#816,#817);
#816 = CARTESIAN_POINT('',(-2.45,-5.1,7.55));
#817 = VECTOR('',#818,1.);
#818 = DIRECTION('',(1.,0.,0.));
#819 = ORIENTED_EDGE('',*,*,#820,.T.);
#820 = EDGE_CURVE('',#813,#789,#821,.T.);
#821 = LINE('',#822,#823);
#822 = CARTESIAN_POINT('',(9.45,-5.1,7.55));
#823 = VECTOR('',#824,1.);
#824 = DIRECTION('',(0.,-2.22044604925E-16,-1.));
#825 = ORIENTED_EDGE('',*,*,#788,.F.);
#826 = ORIENTED_EDGE('',*,*,#208,.F.);
#827 = PLANE('',#828);
#828 = AXIS2_PLACEMENT_3D('',#829,#830,#831);
#829 = CARTESIAN_POINT('',(-2.45,-5.1,7.55));
#830 = DIRECTION('',(0.,1.,-2.22044604925E-16));
#831 = DIRECTION('',(0.,-2.22044604925E-16,-1.));
#832 = ADVANCED_FACE('',(#833),#851,.F.);
#833 = FACE_BOUND('',#834,.F.);
#834 = EDGE_LOOP('',(#835,#843,#849,#850));
#835 = ORIENTED_EDGE('',*,*,#836,.T.);
#836 = EDGE_CURVE('',#217,#837,#839,.T.);
#837 = VERTEX_POINT('',#838);
#838 = CARTESIAN_POINT('',(9.45,-4.5,7.55));
#839 = LINE('',#840,#841);
#840 = CARTESIAN_POINT('',(-2.45,-4.5,7.55));
#841 = VECTOR('',#842,1.);
#842 = DIRECTION('',(1.,0.,0.));
#843 = ORIENTED_EDGE('',*,*,#844,.T.);
#844 = EDGE_CURVE('',#837,#813,#845,.T.);
#845 = LINE('',#846,#847);
#846 = CARTESIAN_POINT('',(9.45,-4.5,7.55));
#847 = VECTOR('',#848,1.);
#848 = DIRECTION('',(0.,-1.,2.22044604925E-16));
#849 = ORIENTED_EDGE('',*,*,#812,.F.);
#850 = ORIENTED_EDGE('',*,*,#216,.F.);
#851 = PLANE('',#852);
#852 = AXIS2_PLACEMENT_3D('',#853,#854,#855);
#853 = CARTESIAN_POINT('',(-2.45,-4.5,7.55));
#854 = DIRECTION('',(0.,-2.22044604925E-16,-1.));
#855 = DIRECTION('',(0.,-1.,2.22044604925E-16));
#856 = ADVANCED_FACE('',(#857),#868,.F.);
#857 = FACE_BOUND('',#858,.F.);
#858 = EDGE_LOOP('',(#859,#860,#866,#867));
#859 = ORIENTED_EDGE('',*,*,#254,.T.);
#860 = ORIENTED_EDGE('',*,*,#861,.T.);
#861 = EDGE_CURVE('',#247,#837,#862,.T.);
#862 = LINE('',#863,#864);
#863 = CARTESIAN_POINT('',(9.45,-4.5,7.25));
#864 = VECTOR('',#865,1.);
#865 = DIRECTION('',(0.,2.22044604925E-16,1.));
#866 = ORIENTED_EDGE('',*,*,#836,.F.);
#867 = ORIENTED_EDGE('',*,*,#224,.F.);
#868 = PLANE('',#869);
#869 = AXIS2_PLACEMENT_3D('',#870,#871,#872);
#870 = CARTESIAN_POINT('',(-2.45,-4.5,7.25));
#871 = DIRECTION('',(0.,-1.,2.22044604925E-16));
#872 = DIRECTION('',(0.,2.22044604925E-16,1.));
#873 = ADVANCED_FACE('',(#874),#884,.T.);
#874 = FACE_BOUND('',#875,.T.);
#875 = EDGE_LOOP('',(#876,#877,#878,#879,#880,#881,#882,#883));
#876 = ORIENTED_EDGE('',*,*,#302,.F.);
#877 = ORIENTED_EDGE('',*,*,#277,.T.);
#878 = ORIENTED_EDGE('',*,*,#246,.T.);
#879 = ORIENTED_EDGE('',*,*,#861,.T.);
#880 = ORIENTED_EDGE('',*,*,#844,.T.);
#881 = ORIENTED_EDGE('',*,*,#820,.T.);
#882 = ORIENTED_EDGE('',*,*,#796,.T.);
#883 = ORIENTED_EDGE('',*,*,#420,.F.);
#884 = PLANE('',#885);
#885 = AXIS2_PLACEMENT_3D('',#886,#887,#888);
#886 = CARTESIAN_POINT('',(9.45,-3.425074626866,3.697985074627));
#887 = DIRECTION('',(1.,4.579771962244E-35,8.208894526508E-33));
#888 = DIRECTION('',(-8.208894526508E-33,2.22044604925E-16,1.));
#889 = ADVANCED_FACE('',(#890),#915,.T.);
#890 = FACE_BOUND('',#891,.T.);
#891 = EDGE_LOOP('',(#892,#902,#908,#909));
#892 = ORIENTED_EDGE('',*,*,#893,.T.);
#893 = EDGE_CURVE('',#894,#896,#898,.T.);
#894 = VERTEX_POINT('',#895);
#895 = CARTESIAN_POINT('',(-0.425,0.425,-2.8));
#896 = VERTEX_POINT('',#897);
#897 = CARTESIAN_POINT('',(-0.425,-0.425,-2.8));
#898 = LINE('',#899,#900);
#899 = CARTESIAN_POINT('',(-0.425,0.425,-2.8));
#900 = VECTOR('',#901,1.);
#901 = DIRECTION('',(0.,-1.,0.));
#902 = ORIENTED_EDGE('',*,*,#903,.T.);
#903 = EDGE_CURVE('',#896,#314,#904,.T.);
#904 = LINE('',#905,#906);
#905 = CARTESIAN_POINT('',(-0.425,-0.425,-3.4));
#906 = VECTOR('',#907,1.);
#907 = DIRECTION('',(0.,0.,1.));
#908 = ORIENTED_EDGE('',*,*,#311,.F.);
#909 = ORIENTED_EDGE('',*,*,#910,.T.);
#910 = EDGE_CURVE('',#312,#894,#911,.T.);
#911 = LINE('',#912,#913);
#912 = CARTESIAN_POINT('',(-0.425,0.425,2.475));
#913 = VECTOR('',#914,1.);
#914 = DIRECTION('',(0.,9.448706592555E-18,-1.));
#915 = PLANE('',#916);
#916 = AXIS2_PLACEMENT_3D('',#917,#918,#919);
#917 = CARTESIAN_POINT('',(-0.425,-1.794638512893,1.307085432616));
#918 = DIRECTION('',(-1.,-0.,-0.));
#919 = DIRECTION('',(0.,0.,-1.));
#920 = ADVANCED_FACE('',(#921),#939,.T.);
#921 = FACE_BOUND('',#922,.T.);
#922 = EDGE_LOOP('',(#923,#924,#932,#938));
#923 = ORIENTED_EDGE('',*,*,#903,.F.);
#924 = ORIENTED_EDGE('',*,*,#925,.T.);
#925 = EDGE_CURVE('',#896,#926,#928,.T.);
#926 = VERTEX_POINT('',#927);
#927 = CARTESIAN_POINT('',(0.425,-0.425,-2.8));
#928 = LINE('',#929,#930);
#929 = CARTESIAN_POINT('',(-0.225,-0.425,-2.8));
#930 = VECTOR('',#931,1.);
#931 = DIRECTION('',(1.,0.,0.));
#932 = ORIENTED_EDGE('',*,*,#933,.T.);
#933 = EDGE_CURVE('',#926,#330,#934,.T.);
#934 = LINE('',#935,#936);
#935 = CARTESIAN_POINT('',(0.425,-0.425,-3.4));
#936 = VECTOR('',#937,1.);
#937 = DIRECTION('',(0.,0.,1.));
#938 = ORIENTED_EDGE('',*,*,#337,.F.);
#939 = PLANE('',#940);
#940 = AXIS2_PLACEMENT_3D('',#941,#942,#943);
#941 = CARTESIAN_POINT('',(-0.425,-0.425,-3.4));
#942 = DIRECTION('',(0.,-1.,0.));
#943 = DIRECTION('',(0.,0.,1.));
#944 = ADVANCED_FACE('',(#945),#963,.F.);
#945 = FACE_BOUND('',#946,.F.);
#946 = EDGE_LOOP('',(#947,#955,#956,#957));
#947 = ORIENTED_EDGE('',*,*,#948,.T.);
#948 = EDGE_CURVE('',#949,#926,#951,.T.);
#949 = VERTEX_POINT('',#950);
#950 = CARTESIAN_POINT('',(0.425,0.425,-2.8));
#951 = LINE('',#952,#953);
#952 = CARTESIAN_POINT('',(0.425,0.425,-2.8));
#953 = VECTOR('',#954,1.);
#954 = DIRECTION('',(0.,-1.,0.));
#955 = ORIENTED_EDGE('',*,*,#933,.T.);
#956 = ORIENTED_EDGE('',*,*,#329,.F.);
#957 = ORIENTED_EDGE('',*,*,#958,.T.);
#958 = EDGE_CURVE('',#322,#949,#959,.T.);
#959 = LINE('',#960,#961);
#960 = CARTESIAN_POINT('',(0.425,0.425,2.475));
#961 = VECTOR('',#962,1.);
#962 = DIRECTION('',(0.,9.448706592555E-18,-1.));
#963 = PLANE('',#964);
#964 = AXIS2_PLACEMENT_3D('',#965,#966,#967);
#965 = CARTESIAN_POINT('',(0.425,-1.794638512893,1.307085432616));
#966 = DIRECTION('',(-1.,-0.,-0.));
#967 = DIRECTION('',(0.,0.,-1.));
#968 = ADVANCED_FACE('',(#969),#980,.T.);
#969 = FACE_BOUND('',#970,.T.);
#970 = EDGE_LOOP('',(#971,#977,#978,#979));
#971 = ORIENTED_EDGE('',*,*,#972,.F.);
#972 = EDGE_CURVE('',#894,#949,#973,.T.);
#973 = LINE('',#974,#975);
#974 = CARTESIAN_POINT('',(-0.225,0.425,-2.8));
#975 = VECTOR('',#976,1.);
#976 = DIRECTION('',(1.,0.,0.));
#977 = ORIENTED_EDGE('',*,*,#910,.F.);
#978 = ORIENTED_EDGE('',*,*,#321,.F.);
#979 = ORIENTED_EDGE('',*,*,#958,.T.);
#980 = PLANE('',#981);
#981 = AXIS2_PLACEMENT_3D('',#982,#983,#984);
#982 = CARTESIAN_POINT('',(-0.425,0.425,2.475));
#983 = DIRECTION('',(0.,1.,9.448706592555E-18));
#984 = DIRECTION('',(0.,9.448706592555E-18,-1.));
#985 = ADVANCED_FACE('',(#986),#1011,.T.);
#986 = FACE_BOUND('',#987,.T.);
#987 = EDGE_LOOP('',(#988,#998,#1004,#1005));
#988 = ORIENTED_EDGE('',*,*,#989,.F.);
#989 = EDGE_CURVE('',#990,#992,#994,.T.);
#990 = VERTEX_POINT('',#991);
#991 = CARTESIAN_POINT('',(3.075,0.425,-2.8));
#992 = VERTEX_POINT('',#993);
#993 = CARTESIAN_POINT('',(3.925,0.425,-2.8));
#994 = LINE('',#995,#996);
#995 = CARTESIAN_POINT('',(3.275,0.425,-2.8));
#996 = VECTOR('',#997,1.);
#997 = DIRECTION('',(1.,0.,0.));
#998 = ORIENTED_EDGE('',*,*,#999,.F.);
#999 = EDGE_CURVE('',#348,#990,#1000,.T.);
#1000 = LINE('',#1001,#1002);
#1001 = CARTESIAN_POINT('',(3.075,0.425,2.475));
#1002 = VECTOR('',#1003,1.);
#1003 = DIRECTION('',(0.,9.448706592555E-18,-1.));
#1004 = ORIENTED_EDGE('',*,*,#345,.F.);
#1005 = ORIENTED_EDGE('',*,*,#1006,.T.);
#1006 = EDGE_CURVE('',#346,#992,#1007,.T.);
#1007 = LINE('',#1008,#1009);
#1008 = CARTESIAN_POINT('',(3.925,0.425,2.475));
#1009 = VECTOR('',#1010,1.);
#1010 = DIRECTION('',(0.,9.448706592555E-18,-1.));
#1011 = PLANE('',#1012);
#1012 = AXIS2_PLACEMENT_3D('',#1013,#1014,#1015);
#1013 = CARTESIAN_POINT('',(3.075,0.425,2.475));
#1014 = DIRECTION('',(0.,1.,9.448706592555E-18));
#1015 = DIRECTION('',(0.,9.448706592555E-18,-1.));
#1016 = ADVANCED_FACE('',(#1017),#1035,.T.);
#1017 = FACE_BOUND('',#1018,.T.);
#1018 = EDGE_LOOP('',(#1019,#1027,#1033,#1034));
#1019 = ORIENTED_EDGE('',*,*,#1020,.T.);
#1020 = EDGE_CURVE('',#990,#1021,#1023,.T.);
#1021 = VERTEX_POINT('',#1022);
#1022 = CARTESIAN_POINT('',(3.075,-0.425,-2.8));
#1023 = LINE('',#1024,#1025);
#1024 = CARTESIAN_POINT('',(3.075,0.425,-2.8));
#1025 = VECTOR('',#1026,1.);
#1026 = DIRECTION('',(0.,-1.,0.));
#1027 = ORIENTED_EDGE('',*,*,#1028,.T.);
#1028 = EDGE_CURVE('',#1021,#364,#1029,.T.);
#1029 = LINE('',#1030,#1031);
#1030 = CARTESIAN_POINT('',(3.075,-0.425,-3.4));
#1031 = VECTOR('',#1032,1.);
#1032 = DIRECTION('',(0.,0.,1.));
#1033 = ORIENTED_EDGE('',*,*,#371,.F.);
#1034 = ORIENTED_EDGE('',*,*,#999,.T.);
#1035 = PLANE('',#1036);
#1036 = AXIS2_PLACEMENT_3D('',#1037,#1038,#1039);
#1037 = CARTESIAN_POINT('',(3.075,-1.794638512893,1.307085432616));
#1038 = DIRECTION('',(-1.,-0.,-0.));
#1039 = DIRECTION('',(0.,0.,-1.));
#1040 = ADVANCED_FACE('',(#1041),#1059,.T.);
#1041 = FACE_BOUND('',#1042,.T.);
#1042 = EDGE_LOOP('',(#1043,#1044,#1052,#1058));
#1043 = ORIENTED_EDGE('',*,*,#1028,.F.);
#1044 = ORIENTED_EDGE('',*,*,#1045,.T.);
#1045 = EDGE_CURVE('',#1021,#1046,#1048,.T.);
#1046 = VERTEX_POINT('',#1047);
#1047 = CARTESIAN_POINT('',(3.925,-0.425,-2.8));
#1048 = LINE('',#1049,#1050);
#1049 = CARTESIAN_POINT('',(3.275,-0.425,-2.8));
#1050 = VECTOR('',#1051,1.);
#1051 = DIRECTION('',(1.,0.,0.));
#1052 = ORIENTED_EDGE('',*,*,#1053,.T.);
#1053 = EDGE_CURVE('',#1046,#356,#1054,.T.);
#1054 = LINE('',#1055,#1056);
#1055 = CARTESIAN_POINT('',(3.925,-0.425,-3.4));
#1056 = VECTOR('',#1057,1.);
#1057 = DIRECTION('',(0.,0.,1.));
#1058 = ORIENTED_EDGE('',*,*,#363,.F.);
#1059 = PLANE('',#1060);
#1060 = AXIS2_PLACEMENT_3D('',#1061,#1062,#1063);
#1061 = CARTESIAN_POINT('',(3.075,-0.425,-3.4));
#1062 = DIRECTION('',(0.,-1.,0.));
#1063 = DIRECTION('',(0.,0.,1.));
#1064 = ADVANCED_FACE('',(#1065),#1076,.F.);
#1065 = FACE_BOUND('',#1066,.F.);
#1066 = EDGE_LOOP('',(#1067,#1073,#1074,#1075));
#1067 = ORIENTED_EDGE('',*,*,#1068,.T.);
#1068 = EDGE_CURVE('',#992,#1046,#1069,.T.);
#1069 = LINE('',#1070,#1071);
#1070 = CARTESIAN_POINT('',(3.925,0.425,-2.8));
#1071 = VECTOR('',#1072,1.);
#1072 = DIRECTION('',(0.,-1.,0.));
#1073 = ORIENTED_EDGE('',*,*,#1053,.T.);
#1074 = ORIENTED_EDGE('',*,*,#355,.F.);
#1075 = ORIENTED_EDGE('',*,*,#1006,.T.);
#1076 = PLANE('',#1077);
#1077 = AXIS2_PLACEMENT_3D('',#1078,#1079,#1080);
#1078 = CARTESIAN_POINT('',(3.925,-1.794638512893,1.307085432616));
#1079 = DIRECTION('',(-1.,-0.,-0.));
#1080 = DIRECTION('',(0.,0.,-1.));
#1081 = ADVANCED_FACE('',(#1082),#1107,.T.);
#1082 = FACE_BOUND('',#1083,.T.);
#1083 = EDGE_LOOP('',(#1084,#1094,#1100,#1101));
#1084 = ORIENTED_EDGE('',*,*,#1085,.T.);
#1085 = EDGE_CURVE('',#1086,#1088,#1090,.T.);
#1086 = VERTEX_POINT('',#1087);
#1087 = CARTESIAN_POINT('',(6.575,0.425,-2.8));
#1088 = VERTEX_POINT('',#1089);
#1089 = CARTESIAN_POINT('',(6.575,-0.425,-2.8));
#1090 = LINE('',#1091,#1092);
#1091 = CARTESIAN_POINT('',(6.575,0.425,-2.8));
#1092 = VECTOR('',#1093,1.);
#1093 = DIRECTION('',(0.,-1.,0.));
#1094 = ORIENTED_EDGE('',*,*,#1095,.T.);
#1095 = EDGE_CURVE('',#1088,#382,#1096,.T.);
#1096 = LINE('',#1097,#1098);
#1097 = CARTESIAN_POINT('',(6.575,-0.425,-3.4));
#1098 = VECTOR('',#1099,1.);
#1099 = DIRECTION('',(0.,0.,1.));
#1100 = ORIENTED_EDGE('',*,*,#379,.F.);
#1101 = ORIENTED_EDGE('',*,*,#1102,.T.);
#1102 = EDGE_CURVE('',#380,#1086,#1103,.T.);
#1103 = LINE('',#1104,#1105);
#1104 = CARTESIAN_POINT('',(6.575,0.425,2.475));
#1105 = VECTOR('',#1106,1.);
#1106 = DIRECTION('',(0.,9.448706592555E-18,-1.));
#1107 = PLANE('',#1108);
#1108 = AXIS2_PLACEMENT_3D('',#1109,#1110,#1111);
#1109 = CARTESIAN_POINT('',(6.575,-1.794638512893,1.307085432616));
#1110 = DIRECTION('',(-1.,-0.,-0.));
#1111 = DIRECTION('',(0.,0.,-1.));
#1112 = ADVANCED_FACE('',(#1113),#1131,.T.);
#1113 = FACE_BOUND('',#1114,.T.);
#1114 = EDGE_LOOP('',(#1115,#1116,#1124,#1130));
#1115 = ORIENTED_EDGE('',*,*,#1095,.F.);
#1116 = ORIENTED_EDGE('',*,*,#1117,.T.);
#1117 = EDGE_CURVE('',#1088,#1118,#1120,.T.);
#1118 = VERTEX_POINT('',#1119);
#1119 = CARTESIAN_POINT('',(7.425,-0.425,-2.8));
#1120 = LINE('',#1121,#1122);
#1121 = CARTESIAN_POINT('',(6.775,-0.425,-2.8));
#1122 = VECTOR('',#1123,1.);
#1123 = DIRECTION('',(1.,0.,0.));
#1124 = ORIENTED_EDGE('',*,*,#1125,.T.);
#1125 = EDGE_CURVE('',#1118,#398,#1126,.T.);
#1126 = LINE('',#1127,#1128);
#1127 = CARTESIAN_POINT('',(7.425,-0.425,-3.4));
#1128 = VECTOR('',#1129,1.);
#1129 = DIRECTION('',(0.,0.,1.));
#1130 = ORIENTED_EDGE('',*,*,#405,.F.);
#1131 = PLANE('',#1132);
#1132 = AXIS2_PLACEMENT_3D('',#1133,#1134,#1135);
#1133 = CARTESIAN_POINT('',(6.575,-0.425,-3.4));
#1134 = DIRECTION('',(0.,-1.,0.));
#1135 = DIRECTION('',(0.,0.,1.));
#1136 = ADVANCED_FACE('',(#1137),#1155,.F.);
#1137 = FACE_BOUND('',#1138,.F.);
#1138 = EDGE_LOOP('',(#1139,#1147,#1148,#1149));
#1139 = ORIENTED_EDGE('',*,*,#1140,.T.);
#1140 = EDGE_CURVE('',#1141,#1118,#1143,.T.);
#1141 = VERTEX_POINT('',#1142);
#1142 = CARTESIAN_POINT('',(7.425,0.425,-2.8));
#1143 = LINE('',#1144,#1145);
#1144 = CARTESIAN_POINT('',(7.425,0.425,-2.8));
#1145 = VECTOR('',#1146,1.);
#1146 = DIRECTION('',(0.,-1.,0.));
#1147 = ORIENTED_EDGE('',*,*,#1125,.T.);
#1148 = ORIENTED_EDGE('',*,*,#397,.F.);
#1149 = ORIENTED_EDGE('',*,*,#1150,.T.);
#1150 = EDGE_CURVE('',#390,#1141,#1151,.T.);
#1151 = LINE('',#1152,#1153);
#1152 = CARTESIAN_POINT('',(7.425,0.425,2.475));
#1153 = VECTOR('',#1154,1.);
#1154 = DIRECTION('',(0.,9.448706592555E-18,-1.));
#1155 = PLANE('',#1156);
#1156 = AXIS2_PLACEMENT_3D('',#1157,#1158,#1159);
#1157 = CARTESIAN_POINT('',(7.425,-1.794638512893,1.307085432616));
#1158 = DIRECTION('',(-1.,-0.,-0.));
#1159 = DIRECTION('',(0.,0.,-1.));
#1160 = ADVANCED_FACE('',(#1161),#1172,.T.);
#1161 = FACE_BOUND('',#1162,.T.);
#1162 = EDGE_LOOP('',(#1163,#1169,#1170,#1171));
#1163 = ORIENTED_EDGE('',*,*,#1164,.F.);
#1164 = EDGE_CURVE('',#1086,#1141,#1165,.T.);
#1165 = LINE('',#1166,#1167);
#1166 = CARTESIAN_POINT('',(6.775,0.425,-2.8));
#1167 = VECTOR('',#1168,1.);
#1168 = DIRECTION('',(1.,0.,0.));
#1169 = ORIENTED_EDGE('',*,*,#1102,.F.);
#1170 = ORIENTED_EDGE('',*,*,#389,.F.);
#1171 = ORIENTED_EDGE('',*,*,#1150,.T.);
#1172 = PLANE('',#1173);
#1173 = AXIS2_PLACEMENT_3D('',#1174,#1175,#1176);
#1174 = CARTESIAN_POINT('',(6.575,0.425,2.475));
#1175 = DIRECTION('',(0.,1.,9.448706592555E-18));
#1176 = DIRECTION('',(0.,9.448706592555E-18,-1.));
#1177 = ADVANCED_FACE('',(#1178),#1203,.F.);
#1178 = FACE_BOUND('',#1179,.F.);
#1179 = EDGE_LOOP('',(#1180,#1188,#1189,#1197));
#1180 = ORIENTED_EDGE('',*,*,#1181,.T.);
#1181 = EDGE_CURVE('',#1182,#438,#1184,.T.);
#1182 = VERTEX_POINT('',#1183);
#1183 = CARTESIAN_POINT('',(2.75,-1.4,5.7));
#1184 = LINE('',#1185,#1186);
#1185 = CARTESIAN_POINT('',(2.75,-1.4,5.7));
#1186 = VECTOR('',#1187,1.);
#1187 = DIRECTION('',(0.,-1.,2.22044604925E-16));
#1188 = ORIENTED_EDGE('',*,*,#437,.T.);
#1189 = ORIENTED_EDGE('',*,*,#1190,.F.);
#1190 = EDGE_CURVE('',#1191,#440,#1193,.T.);
#1191 = VERTEX_POINT('',#1192);
#1192 = CARTESIAN_POINT('',(2.25,-1.4,5.7));
#1193 = LINE('',#1194,#1195);
#1194 = CARTESIAN_POINT('',(2.25,-1.4,5.7));
#1195 = VECTOR('',#1196,1.);
#1196 = DIRECTION('',(0.,-1.,2.22044604925E-16));
#1197 = ORIENTED_EDGE('',*,*,#1198,.F.);
#1198 = EDGE_CURVE('',#1182,#1191,#1199,.T.);
#1199 = LINE('',#1200,#1201);
#1200 = CARTESIAN_POINT('',(2.75,-1.4,5.7));
#1201 = VECTOR('',#1202,1.);
#1202 = DIRECTION('',(-1.,0.,0.));
#1203 = PLANE('',#1204);
#1204 = AXIS2_PLACEMENT_3D('',#1205,#1206,#1207);
#1205 = CARTESIAN_POINT('',(2.75,-1.4,5.7));
#1206 = DIRECTION('',(0.,-2.22044604925E-16,-1.));
#1207 = DIRECTION('',(-1.,-0.,0.));
#1208 = ADVANCED_FACE('',(#1209),#1227,.F.);
#1209 = FACE_BOUND('',#1210,.F.);
#1210 = EDGE_LOOP('',(#1211,#1219,#1220,#1221));
#1211 = ORIENTED_EDGE('',*,*,#1212,.T.);
#1212 = EDGE_CURVE('',#1213,#537,#1215,.T.);
#1213 = VERTEX_POINT('',#1214);
#1214 = CARTESIAN_POINT('',(2.75,-1.4,4.8));
#1215 = LINE('',#1216,#1217);
#1216 = CARTESIAN_POINT('',(2.75,-1.4,4.8));
#1217 = VECTOR('',#1218,1.);
#1218 = DIRECTION('',(0.,-1.,2.22044604925E-16));
#1219 = ORIENTED_EDGE('',*,*,#544,.T.);
#1220 = ORIENTED_EDGE('',*,*,#1181,.F.);
#1221 = ORIENTED_EDGE('',*,*,#1222,.F.);
#1222 = EDGE_CURVE('',#1213,#1182,#1223,.T.);
#1223 = LINE('',#1224,#1225);
#1224 = CARTESIAN_POINT('',(2.75,-1.4,4.8));
#1225 = VECTOR('',#1226,1.);
#1226 = DIRECTION('',(0.,2.22044604925E-16,1.));
#1227 = PLANE('',#1228);
#1228 = AXIS2_PLACEMENT_3D('',#1229,#1230,#1231);
#1229 = CARTESIAN_POINT('',(2.75,-1.4,4.8));
#1230 = DIRECTION('',(-1.,0.,0.));
#1231 = DIRECTION('',(0.,2.22044604925E-16,1.));
#1232 = ADVANCED_FACE('',(#1233),#1251,.F.);
#1233 = FACE_BOUND('',#1234,.F.);
#1234 = EDGE_LOOP('',(#1235,#1243,#1244,#1245));
#1235 = ORIENTED_EDGE('',*,*,#1236,.T.);
#1236 = EDGE_CURVE('',#1237,#529,#1239,.T.);
#1237 = VERTEX_POINT('',#1238);
#1238 = CARTESIAN_POINT('',(2.,-1.4,4.8));
#1239 = LINE('',#1240,#1241);
#1240 = CARTESIAN_POINT('',(2.,-1.4,4.8));
#1241 = VECTOR('',#1242,1.);
#1242 = DIRECTION('',(0.,-1.,2.22044604925E-16));
#1243 = ORIENTED_EDGE('',*,*,#536,.T.);
#1244 = ORIENTED_EDGE('',*,*,#1212,.F.);
#1245 = ORIENTED_EDGE('',*,*,#1246,.F.);
#1246 = EDGE_CURVE('',#1237,#1213,#1247,.T.);
#1247 = LINE('',#1248,#1249);
#1248 = CARTESIAN_POINT('',(2.,-1.4,4.8));
#1249 = VECTOR('',#1250,1.);
#1250 = DIRECTION('',(1.,0.,0.));
#1251 = PLANE('',#1252);
#1252 = AXIS2_PLACEMENT_3D('',#1253,#1254,#1255);
#1253 = CARTESIAN_POINT('',(2.,-1.4,4.8));
#1254 = DIRECTION('',(0.,2.22044604925E-16,1.));
#1255 = DIRECTION('',(1.,0.,-0.));
#1256 = ADVANCED_FACE('',(#1257),#1275,.F.);
#1257 = FACE_BOUND('',#1258,.F.);
#1258 = EDGE_LOOP('',(#1259,#1267,#1268,#1269));
#1259 = ORIENTED_EDGE('',*,*,#1260,.T.);
#1260 = EDGE_CURVE('',#1261,#521,#1263,.T.);
#1261 = VERTEX_POINT('',#1262);
#1262 = CARTESIAN_POINT('',(2.,-1.4,0.5));
#1263 = LINE('',#1264,#1265);
#1264 = CARTESIAN_POINT('',(2.,-1.4,0.5));
#1265 = VECTOR('',#1266,1.);
#1266 = DIRECTION('',(0.,-1.,2.22044604925E-16));
#1267 = ORIENTED_EDGE('',*,*,#528,.T.);
#1268 = ORIENTED_EDGE('',*,*,#1236,.F.);
#1269 = ORIENTED_EDGE('',*,*,#1270,.F.);
#1270 = EDGE_CURVE('',#1261,#1237,#1271,.T.);
#1271 = LINE('',#1272,#1273);
#1272 = CARTESIAN_POINT('',(2.,-1.4,0.5));
#1273 = VECTOR('',#1274,1.);
#1274 = DIRECTION('',(0.,2.22044604925E-16,1.));
#1275 = PLANE('',#1276);
#1276 = AXIS2_PLACEMENT_3D('',#1277,#1278,#1279);
#1277 = CARTESIAN_POINT('',(2.,-1.4,0.5));
#1278 = DIRECTION('',(-1.,0.,0.));
#1279 = DIRECTION('',(0.,2.22044604925E-16,1.));
#1280 = ADVANCED_FACE('',(#1281),#1299,.F.);
#1281 = FACE_BOUND('',#1282,.F.);
#1282 = EDGE_LOOP('',(#1283,#1291,#1292,#1293));
#1283 = ORIENTED_EDGE('',*,*,#1284,.T.);
#1284 = EDGE_CURVE('',#1285,#512,#1287,.T.);
#1285 = VERTEX_POINT('',#1286);
#1286 = CARTESIAN_POINT('',(2.5,-1.4,0.5));
#1287 = LINE('',#1288,#1289);
#1288 = CARTESIAN_POINT('',(2.5,-1.4,0.5));
#1289 = VECTOR('',#1290,1.);
#1290 = DIRECTION('',(0.,-1.,2.22044604925E-16));
#1291 = ORIENTED_EDGE('',*,*,#520,.T.);
#1292 = ORIENTED_EDGE('',*,*,#1260,.F.);
#1293 = ORIENTED_EDGE('',*,*,#1294,.F.);
#1294 = EDGE_CURVE('',#1285,#1261,#1295,.T.);
#1295 = LINE('',#1296,#1297);
#1296 = CARTESIAN_POINT('',(2.5,-1.4,0.5));
#1297 = VECTOR('',#1298,1.);
#1298 = DIRECTION('',(-1.,0.,0.));
#1299 = PLANE('',#1300);
#1300 = AXIS2_PLACEMENT_3D('',#1301,#1302,#1303);
#1301 = CARTESIAN_POINT('',(2.5,-1.4,0.5));
#1302 = DIRECTION('',(0.,-2.22044604925E-16,-1.));
#1303 = DIRECTION('',(-1.,-0.,0.));
#1304 = ADVANCED_FACE('',(#1305),#1324,.T.);
#1305 = FACE_BOUND('',#1306,.T.);
#1306 = EDGE_LOOP('',(#1307,#1316,#1317,#1318));
#1307 = ORIENTED_EDGE('',*,*,#1308,.T.);
#1308 = EDGE_CURVE('',#1309,#1285,#1311,.T.);
#1309 = VERTEX_POINT('',#1310);
#1310 = CARTESIAN_POINT('',(4.5,-1.4,0.5));
#1311 = CIRCLE('',#1312,1.133333333333);
#1312 = AXIS2_PLACEMENT_3D('',#1313,#1314,#1315);
#1313 = CARTESIAN_POINT('',(3.5,-1.4,-3.333333333333E-02));
#1314 = DIRECTION('',(1.232595164408E-32,-1.,2.22044604925E-16));
#1315 = DIRECTION('',(0.882352941176,1.044915787883E-16,0.470588235294)
  );
#1316 = ORIENTED_EDGE('',*,*,#1284,.T.);
#1317 = ORIENTED_EDGE('',*,*,#511,.F.);
#1318 = ORIENTED_EDGE('',*,*,#1319,.F.);
#1319 = EDGE_CURVE('',#1309,#504,#1320,.T.);
#1320 = LINE('',#1321,#1322);
#1321 = CARTESIAN_POINT('',(4.5,-1.4,0.5));
#1322 = VECTOR('',#1323,1.);
#1323 = DIRECTION('',(0.,-1.,2.22044604925E-16));
#1324 = CYLINDRICAL_SURFACE('',#1325,1.133333333333);
#1325 = AXIS2_PLACEMENT_3D('',#1326,#1327,#1328);
#1326 = CARTESIAN_POINT('',(3.5,-1.4,-3.333333333333E-02));
#1327 = DIRECTION('',(-0.,1.,-2.22044604925E-16));
#1328 = DIRECTION('',(0.882352941176,1.044915787883E-16,0.470588235294)
  );
#1329 = ADVANCED_FACE('',(#1330),#1348,.F.);
#1330 = FACE_BOUND('',#1331,.F.);
#1331 = EDGE_LOOP('',(#1332,#1340,#1341,#1342));
#1332 = ORIENTED_EDGE('',*,*,#1333,.T.);
#1333 = EDGE_CURVE('',#1334,#496,#1336,.T.);
#1334 = VERTEX_POINT('',#1335);
#1335 = CARTESIAN_POINT('',(5.,-1.4,0.5));
#1336 = LINE('',#1337,#1338);
#1337 = CARTESIAN_POINT('',(5.,-1.4,0.5));
#1338 = VECTOR('',#1339,1.);
#1339 = DIRECTION('',(0.,-1.,2.22044604925E-16));
#1340 = ORIENTED_EDGE('',*,*,#503,.T.);
#1341 = ORIENTED_EDGE('',*,*,#1319,.F.);
#1342 = ORIENTED_EDGE('',*,*,#1343,.F.);
#1343 = EDGE_CURVE('',#1334,#1309,#1344,.T.);
#1344 = LINE('',#1345,#1346);
#1345 = CARTESIAN_POINT('',(5.,-1.4,0.5));
#1346 = VECTOR('',#1347,1.);
#1347 = DIRECTION('',(-1.,0.,0.));
#1348 = PLANE('',#1349);
#1349 = AXIS2_PLACEMENT_3D('',#1350,#1351,#1352);
#1350 = CARTESIAN_POINT('',(5.,-1.4,0.5));
#1351 = DIRECTION('',(0.,-2.22044604925E-16,-1.));
#1352 = DIRECTION('',(-1.,-0.,0.));
#1353 = ADVANCED_FACE('',(#1354),#1372,.F.);
#1354 = FACE_BOUND('',#1355,.F.);
#1355 = EDGE_LOOP('',(#1356,#1364,#1365,#1366));
#1356 = ORIENTED_EDGE('',*,*,#1357,.T.);
#1357 = EDGE_CURVE('',#1358,#488,#1360,.T.);
#1358 = VERTEX_POINT('',#1359);
#1359 = CARTESIAN_POINT('',(5.,-1.4,4.8));
#1360 = LINE('',#1361,#1362);
#1361 = CARTESIAN_POINT('',(5.,-1.4,4.8));
#1362 = VECTOR('',#1363,1.);
#1363 = DIRECTION('',(0.,-1.,2.22044604925E-16));
#1364 = ORIENTED_EDGE('',*,*,#495,.T.);
#1365 = ORIENTED_EDGE('',*,*,#1333,.F.);
#1366 = ORIENTED_EDGE('',*,*,#1367,.F.);
#1367 = EDGE_CURVE('',#1358,#1334,#1368,.T.);
#1368 = LINE('',#1369,#1370);
#1369 = CARTESIAN_POINT('',(5.,-1.4,4.8));
#1370 = VECTOR('',#1371,1.);
#1371 = DIRECTION('',(0.,-2.22044604925E-16,-1.));
#1372 = PLANE('',#1373);
#1373 = AXIS2_PLACEMENT_3D('',#1374,#1375,#1376);
#1374 = CARTESIAN_POINT('',(5.,-1.4,4.8));
#1375 = DIRECTION('',(1.,0.,0.));
#1376 = DIRECTION('',(0.,-2.22044604925E-16,-1.));
#1377 = ADVANCED_FACE('',(#1378),#1396,.F.);
#1378 = FACE_BOUND('',#1379,.F.);
#1379 = EDGE_LOOP('',(#1380,#1388,#1389,#1390));
#1380 = ORIENTED_EDGE('',*,*,#1381,.T.);
#1381 = EDGE_CURVE('',#1382,#480,#1384,.T.);
#1382 = VERTEX_POINT('',#1383);
#1383 = CARTESIAN_POINT('',(4.25,-1.4,4.8));
#1384 = LINE('',#1385,#1386);
#1385 = CARTESIAN_POINT('',(4.25,-1.4,4.8));
#1386 = VECTOR('',#1387,1.);
#1387 = DIRECTION('',(0.,-1.,2.22044604925E-16));
#1388 = ORIENTED_EDGE('',*,*,#487,.T.);
#1389 = ORIENTED_EDGE('',*,*,#1357,.F.);
#1390 = ORIENTED_EDGE('',*,*,#1391,.F.);
#1391 = EDGE_CURVE('',#1382,#1358,#1392,.T.);
#1392 = LINE('',#1393,#1394);
#1393 = CARTESIAN_POINT('',(4.25,-1.4,4.8));
#1394 = VECTOR('',#1395,1.);
#1395 = DIRECTION('',(1.,0.,0.));
#1396 = PLANE('',#1397);
#1397 = AXIS2_PLACEMENT_3D('',#1398,#1399,#1400);
#1398 = CARTESIAN_POINT('',(4.25,-1.4,4.8));
#1399 = DIRECTION('',(0.,2.22044604925E-16,1.));
#1400 = DIRECTION('',(1.,0.,-0.));
#1401 = ADVANCED_FACE('',(#1402),#1420,.F.);
#1402 = FACE_BOUND('',#1403,.F.);
#1403 = EDGE_LOOP('',(#1404,#1412,#1413,#1414));
#1404 = ORIENTED_EDGE('',*,*,#1405,.T.);
#1405 = EDGE_CURVE('',#1406,#472,#1408,.T.);
#1406 = VERTEX_POINT('',#1407);
#1407 = CARTESIAN_POINT('',(4.25,-1.4,5.7));
#1408 = LINE('',#1409,#1410);
#1409 = CARTESIAN_POINT('',(4.25,-1.4,5.7));
#1410 = VECTOR('',#1411,1.);
#1411 = DIRECTION('',(0.,-1.,2.22044604925E-16));
#1412 = ORIENTED_EDGE('',*,*,#479,.T.);
#1413 = ORIENTED_EDGE('',*,*,#1381,.F.);
#1414 = ORIENTED_EDGE('',*,*,#1415,.F.);
#1415 = EDGE_CURVE('',#1406,#1382,#1416,.T.);
#1416 = LINE('',#1417,#1418);
#1417 = CARTESIAN_POINT('',(4.25,-1.4,5.7));
#1418 = VECTOR('',#1419,1.);
#1419 = DIRECTION('',(0.,-2.22044604925E-16,-1.));
#1420 = PLANE('',#1421);
#1421 = AXIS2_PLACEMENT_3D('',#1422,#1423,#1424);
#1422 = CARTESIAN_POINT('',(4.25,-1.4,5.7));
#1423 = DIRECTION('',(1.,0.,0.));
#1424 = DIRECTION('',(0.,-2.22044604925E-16,-1.));
#1425 = ADVANCED_FACE('',(#1426),#1444,.F.);
#1426 = FACE_BOUND('',#1427,.F.);
#1427 = EDGE_LOOP('',(#1428,#1436,#1437,#1438));
#1428 = ORIENTED_EDGE('',*,*,#1429,.T.);
#1429 = EDGE_CURVE('',#1430,#464,#1432,.T.);
#1430 = VERTEX_POINT('',#1431);
#1431 = CARTESIAN_POINT('',(4.75,-1.4,5.7));
#1432 = LINE('',#1433,#1434);
#1433 = CARTESIAN_POINT('',(4.75,-1.4,5.7));
#1434 = VECTOR('',#1435,1.);
#1435 = DIRECTION('',(0.,-1.,2.22044604925E-16));
#1436 = ORIENTED_EDGE('',*,*,#471,.T.);
#1437 = ORIENTED_EDGE('',*,*,#1405,.F.);
#1438 = ORIENTED_EDGE('',*,*,#1439,.F.);
#1439 = EDGE_CURVE('',#1430,#1406,#1440,.T.);
#1440 = LINE('',#1441,#1442);
#1441 = CARTESIAN_POINT('',(4.75,-1.4,5.7));
#1442 = VECTOR('',#1443,1.);
#1443 = DIRECTION('',(-1.,0.,0.));
#1444 = PLANE('',#1445);
#1445 = AXIS2_PLACEMENT_3D('',#1446,#1447,#1448);
#1446 = CARTESIAN_POINT('',(4.75,-1.4,5.7));
#1447 = DIRECTION('',(0.,-2.22044604925E-16,-1.));
#1448 = DIRECTION('',(-1.,-0.,0.));
#1449 = ADVANCED_FACE('',(#1450),#1468,.F.);
#1450 = FACE_BOUND('',#1451,.F.);
#1451 = EDGE_LOOP('',(#1452,#1460,#1461,#1462));
#1452 = ORIENTED_EDGE('',*,*,#1453,.T.);
#1453 = EDGE_CURVE('',#1454,#456,#1456,.T.);
#1454 = VERTEX_POINT('',#1455);
#1455 = CARTESIAN_POINT('',(5.,-1.4,6.5));
#1456 = LINE('',#1457,#1458);
#1457 = CARTESIAN_POINT('',(5.,-1.4,6.5));
#1458 = VECTOR('',#1459,1.);
#1459 = DIRECTION('',(0.,-1.,2.22044604925E-16));
#1460 = ORIENTED_EDGE('',*,*,#463,.T.);
#1461 = ORIENTED_EDGE('',*,*,#1429,.F.);
#1462 = ORIENTED_EDGE('',*,*,#1463,.F.);
#1463 = EDGE_CURVE('',#1454,#1430,#1464,.T.);
#1464 = LINE('',#1465,#1466);
#1465 = CARTESIAN_POINT('',(5.,-1.4,6.5));
#1466 = VECTOR('',#1467,1.);
#1467 = DIRECTION('',(-0.298274993136,-2.119371296316E-16,
    -0.954479978035));
#1468 = PLANE('',#1469);
#1469 = AXIS2_PLACEMENT_3D('',#1470,#1471,#1472);
#1470 = CARTESIAN_POINT('',(5.,-1.4,6.5));
#1471 = DIRECTION('',(0.954479978035,-6.623035300989E-17,-0.298274993136
    ));
#1472 = DIRECTION('',(-0.298274993136,-2.119371296316E-16,
    -0.954479978035));
#1473 = ADVANCED_FACE('',(#1474),#1492,.F.);
#1474 = FACE_BOUND('',#1475,.F.);
#1475 = EDGE_LOOP('',(#1476,#1484,#1485,#1486));
#1476 = ORIENTED_EDGE('',*,*,#1477,.T.);
#1477 = EDGE_CURVE('',#1478,#448,#1480,.T.);
#1478 = VERTEX_POINT('',#1479);
#1479 = CARTESIAN_POINT('',(2.,-1.4,6.5));
#1480 = LINE('',#1481,#1482);
#1481 = CARTESIAN_POINT('',(2.,-1.4,6.5));
#1482 = VECTOR('',#1483,1.);
#1483 = DIRECTION('',(0.,-1.,2.22044604925E-16));
#1484 = ORIENTED_EDGE('',*,*,#455,.T.);
#1485 = ORIENTED_EDGE('',*,*,#1453,.F.);
#1486 = ORIENTED_EDGE('',*,*,#1487,.F.);
#1487 = EDGE_CURVE('',#1478,#1454,#1488,.T.);
#1488 = LINE('',#1489,#1490);
#1489 = CARTESIAN_POINT('',(2.,-1.4,6.5));
#1490 = VECTOR('',#1491,1.);
#1491 = DIRECTION('',(1.,0.,0.));
#1492 = PLANE('',#1493);
#1493 = AXIS2_PLACEMENT_3D('',#1494,#1495,#1496);
#1494 = CARTESIAN_POINT('',(2.,-1.4,6.5));
#1495 = DIRECTION('',(0.,2.22044604925E-16,1.));
#1496 = DIRECTION('',(1.,0.,-0.));
#1497 = ADVANCED_FACE('',(#1498),#1509,.F.);
#1498 = FACE_BOUND('',#1499,.F.);
#1499 = EDGE_LOOP('',(#1500,#1501,#1502,#1503));
#1500 = ORIENTED_EDGE('',*,*,#1190,.T.);
#1501 = ORIENTED_EDGE('',*,*,#447,.T.);
#1502 = ORIENTED_EDGE('',*,*,#1477,.F.);
#1503 = ORIENTED_EDGE('',*,*,#1504,.F.);
#1504 = EDGE_CURVE('',#1191,#1478,#1505,.T.);
#1505 = LINE('',#1506,#1507);
#1506 = CARTESIAN_POINT('',(2.25,-1.4,5.7));
#1507 = VECTOR('',#1508,1.);
#1508 = DIRECTION('',(-0.298274993136,2.119371296316E-16,0.954479978035)
  );
#1509 = PLANE('',#1510);
#1510 = AXIS2_PLACEMENT_3D('',#1511,#1512,#1513);
#1511 = CARTESIAN_POINT('',(2.25,-1.4,5.7));
#1512 = DIRECTION('',(-0.954479978035,-6.623035300989E-17,
    -0.298274993136));
#1513 = DIRECTION('',(-0.298274993136,2.119371296316E-16,0.954479978035)
  );
#1514 = ADVANCED_FACE('',(#1515),#1540,.F.);
#1515 = FACE_BOUND('',#1516,.F.);
#1516 = EDGE_LOOP('',(#1517,#1525,#1526,#1534));
#1517 = ORIENTED_EDGE('',*,*,#1518,.T.);
#1518 = EDGE_CURVE('',#1519,#553,#1521,.T.);
#1519 = VERTEX_POINT('',#1520);
#1520 = CARTESIAN_POINT('',(6.25,-1.4,5.7));
#1521 = LINE('',#1522,#1523);
#1522 = CARTESIAN_POINT('',(6.25,-1.4,5.7));
#1523 = VECTOR('',#1524,1.);
#1524 = DIRECTION('',(0.,-1.,2.22044604925E-16));
#1525 = ORIENTED_EDGE('',*,*,#552,.T.);
#1526 = ORIENTED_EDGE('',*,*,#1527,.F.);
#1527 = EDGE_CURVE('',#1528,#555,#1530,.T.);
#1528 = VERTEX_POINT('',#1529);
#1529 = CARTESIAN_POINT('',(5.75,-1.4,5.7));
#1530 = LINE('',#1531,#1532);
#1531 = CARTESIAN_POINT('',(5.75,-1.4,5.7));
#1532 = VECTOR('',#1533,1.);
#1533 = DIRECTION('',(0.,-1.,2.22044604925E-16));
#1534 = ORIENTED_EDGE('',*,*,#1535,.F.);
#1535 = EDGE_CURVE('',#1519,#1528,#1536,.T.);
#1536 = LINE('',#1537,#1538);
#1537 = CARTESIAN_POINT('',(6.25,-1.4,5.7));
#1538 = VECTOR('',#1539,1.);
#1539 = DIRECTION('',(-1.,0.,0.));
#1540 = PLANE('',#1541);
#1541 = AXIS2_PLACEMENT_3D('',#1542,#1543,#1544);
#1542 = CARTESIAN_POINT('',(6.25,-1.4,5.7));
#1543 = DIRECTION('',(0.,-2.22044604925E-16,-1.));
#1544 = DIRECTION('',(-1.,-0.,0.));
#1545 = ADVANCED_FACE('',(#1546),#1564,.F.);
#1546 = FACE_BOUND('',#1547,.F.);
#1547 = EDGE_LOOP('',(#1548,#1556,#1557,#1558));
#1548 = ORIENTED_EDGE('',*,*,#1549,.T.);
#1549 = EDGE_CURVE('',#1550,#652,#1552,.T.);
#1550 = VERTEX_POINT('',#1551);
#1551 = CARTESIAN_POINT('',(6.25,-1.4,4.8));
#1552 = LINE('',#1553,#1554);
#1553 = CARTESIAN_POINT('',(6.25,-1.4,4.8));
#1554 = VECTOR('',#1555,1.);
#1555 = DIRECTION('',(0.,-1.,2.22044604925E-16));
#1556 = ORIENTED_EDGE('',*,*,#659,.T.);
#1557 = ORIENTED_EDGE('',*,*,#1518,.F.);
#1558 = ORIENTED_EDGE('',*,*,#1559,.F.);
#1559 = EDGE_CURVE('',#1550,#1519,#1560,.T.);
#1560 = LINE('',#1561,#1562);
#1561 = CARTESIAN_POINT('',(6.25,-1.4,4.8));
#1562 = VECTOR('',#1563,1.);
#1563 = DIRECTION('',(0.,2.22044604925E-16,1.));
#1564 = PLANE('',#1565);
#1565 = AXIS2_PLACEMENT_3D('',#1566,#1567,#1568);
#1566 = CARTESIAN_POINT('',(6.25,-1.4,4.8));
#1567 = DIRECTION('',(-1.,0.,0.));
#1568 = DIRECTION('',(0.,2.22044604925E-16,1.));
#1569 = ADVANCED_FACE('',(#1570),#1588,.F.);
#1570 = FACE_BOUND('',#1571,.F.);
#1571 = EDGE_LOOP('',(#1572,#1580,#1581,#1582));
#1572 = ORIENTED_EDGE('',*,*,#1573,.T.);
#1573 = EDGE_CURVE('',#1574,#644,#1576,.T.);
#1574 = VERTEX_POINT('',#1575);
#1575 = CARTESIAN_POINT('',(5.5,-1.4,4.8));
#1576 = LINE('',#1577,#1578);
#1577 = CARTESIAN_POINT('',(5.5,-1.4,4.8));
#1578 = VECTOR('',#1579,1.);
#1579 = DIRECTION('',(0.,-1.,2.22044604925E-16));
#1580 = ORIENTED_EDGE('',*,*,#651,.T.);
#1581 = ORIENTED_EDGE('',*,*,#1549,.F.);
#1582 = ORIENTED_EDGE('',*,*,#1583,.F.);
#1583 = EDGE_CURVE('',#1574,#1550,#1584,.T.);
#1584 = LINE('',#1585,#1586);
#1585 = CARTESIAN_POINT('',(5.5,-1.4,4.8));
#1586 = VECTOR('',#1587,1.);
#1587 = DIRECTION('',(1.,0.,0.));
#1588 = PLANE('',#1589);
#1589 = AXIS2_PLACEMENT_3D('',#1590,#1591,#1592);
#1590 = CARTESIAN_POINT('',(5.5,-1.4,4.8));
#1591 = DIRECTION('',(0.,2.22044604925E-16,1.));
#1592 = DIRECTION('',(1.,0.,-0.));
#1593 = ADVANCED_FACE('',(#1594),#1612,.F.);
#1594 = FACE_BOUND('',#1595,.F.);
#1595 = EDGE_LOOP('',(#1596,#1604,#1605,#1606));
#1596 = ORIENTED_EDGE('',*,*,#1597,.T.);
#1597 = EDGE_CURVE('',#1598,#636,#1600,.T.);
#1598 = VERTEX_POINT('',#1599);
#1599 = CARTESIAN_POINT('',(5.5,-1.4,0.5));
#1600 = LINE('',#1601,#1602);
#1601 = CARTESIAN_POINT('',(5.5,-1.4,0.5));
#1602 = VECTOR('',#1603,1.);
#1603 = DIRECTION('',(0.,-1.,2.22044604925E-16));
#1604 = ORIENTED_EDGE('',*,*,#643,.T.);
#1605 = ORIENTED_EDGE('',*,*,#1573,.F.);
#1606 = ORIENTED_EDGE('',*,*,#1607,.F.);
#1607 = EDGE_CURVE('',#1598,#1574,#1608,.T.);
#1608 = LINE('',#1609,#1610);
#1609 = CARTESIAN_POINT('',(5.5,-1.4,0.5));
#1610 = VECTOR('',#1611,1.);
#1611 = DIRECTION('',(0.,2.22044604925E-16,1.));
#1612 = PLANE('',#1613);
#1613 = AXIS2_PLACEMENT_3D('',#1614,#1615,#1616);
#1614 = CARTESIAN_POINT('',(5.5,-1.4,0.5));
#1615 = DIRECTION('',(-1.,0.,0.));
#1616 = DIRECTION('',(0.,2.22044604925E-16,1.));
#1617 = ADVANCED_FACE('',(#1618),#1636,.F.);
#1618 = FACE_BOUND('',#1619,.F.);
#1619 = EDGE_LOOP('',(#1620,#1628,#1629,#1630));
#1620 = ORIENTED_EDGE('',*,*,#1621,.T.);
#1621 = EDGE_CURVE('',#1622,#627,#1624,.T.);
#1622 = VERTEX_POINT('',#1623);
#1623 = CARTESIAN_POINT('',(6.,-1.4,0.5));
#1624 = LINE('',#1625,#1626);
#1625 = CARTESIAN_POINT('',(6.,-1.4,0.5));
#1626 = VECTOR('',#1627,1.);
#1627 = DIRECTION('',(0.,-1.,2.22044604925E-16));
#1628 = ORIENTED_EDGE('',*,*,#635,.T.);
#1629 = ORIENTED_EDGE('',*,*,#1597,.F.);
#1630 = ORIENTED_EDGE('',*,*,#1631,.F.);
#1631 = EDGE_CURVE('',#1622,#1598,#1632,.T.);
#1632 = LINE('',#1633,#1634);
#1633 = CARTESIAN_POINT('',(6.,-1.4,0.5));
#1634 = VECTOR('',#1635,1.);
#1635 = DIRECTION('',(-1.,0.,0.));
#1636 = PLANE('',#1637);
#1637 = AXIS2_PLACEMENT_3D('',#1638,#1639,#1640);
#1638 = CARTESIAN_POINT('',(6.,-1.4,0.5));
#1639 = DIRECTION('',(0.,-2.22044604925E-16,-1.));
#1640 = DIRECTION('',(-1.,-0.,0.));
#1641 = ADVANCED_FACE('',(#1642),#1661,.T.);
#1642 = FACE_BOUND('',#1643,.T.);
#1643 = EDGE_LOOP('',(#1644,#1653,#1654,#1655));
#1644 = ORIENTED_EDGE('',*,*,#1645,.T.);
#1645 = EDGE_CURVE('',#1646,#1622,#1648,.T.);
#1646 = VERTEX_POINT('',#1647);
#1647 = CARTESIAN_POINT('',(8.,-1.4,0.5));
#1648 = CIRCLE('',#1649,1.133333333333);
#1649 = AXIS2_PLACEMENT_3D('',#1650,#1651,#1652);
#1650 = CARTESIAN_POINT('',(7.,-1.4,-3.333333333333E-02));
#1651 = DIRECTION('',(1.232595164408E-32,-1.,2.22044604925E-16));
#1652 = DIRECTION('',(0.882352941176,1.044915787883E-16,0.470588235294)
  );
#1653 = ORIENTED_EDGE('',*,*,#1621,.T.);
#1654 = ORIENTED_EDGE('',*,*,#626,.F.);
#1655 = ORIENTED_EDGE('',*,*,#1656,.F.);
#1656 = EDGE_CURVE('',#1646,#619,#1657,.T.);
#1657 = LINE('',#1658,#1659);
#1658 = CARTESIAN_POINT('',(8.,-1.4,0.5));
#1659 = VECTOR('',#1660,1.);
#1660 = DIRECTION('',(0.,-1.,2.22044604925E-16));
#1661 = CYLINDRICAL_SURFACE('',#1662,1.133333333333);
#1662 = AXIS2_PLACEMENT_3D('',#1663,#1664,#1665);
#1663 = CARTESIAN_POINT('',(7.,-1.4,-3.333333333333E-02));
#1664 = DIRECTION('',(-0.,1.,-2.22044604925E-16));
#1665 = DIRECTION('',(0.882352941176,1.044915787883E-16,0.470588235294)
  );
#1666 = ADVANCED_FACE('',(#1667),#1685,.F.);
#1667 = FACE_BOUND('',#1668,.F.);
#1668 = EDGE_LOOP('',(#1669,#1677,#1678,#1679));
#1669 = ORIENTED_EDGE('',*,*,#1670,.T.);
#1670 = EDGE_CURVE('',#1671,#611,#1673,.T.);
#1671 = VERTEX_POINT('',#1672);
#1672 = CARTESIAN_POINT('',(8.5,-1.4,0.5));
#1673 = LINE('',#1674,#1675);
#1674 = CARTESIAN_POINT('',(8.5,-1.4,0.5));
#1675 = VECTOR('',#1676,1.);
#1676 = DIRECTION('',(0.,-1.,2.22044604925E-16));
#1677 = ORIENTED_EDGE('',*,*,#618,.T.);
#1678 = ORIENTED_EDGE('',*,*,#1656,.F.);
#1679 = ORIENTED_EDGE('',*,*,#1680,.F.);
#1680 = EDGE_CURVE('',#1671,#1646,#1681,.T.);
#1681 = LINE('',#1682,#1683);
#1682 = CARTESIAN_POINT('',(8.5,-1.4,0.5));
#1683 = VECTOR('',#1684,1.);
#1684 = DIRECTION('',(-1.,0.,0.));
#1685 = PLANE('',#1686);
#1686 = AXIS2_PLACEMENT_3D('',#1687,#1688,#1689);
#1687 = CARTESIAN_POINT('',(8.5,-1.4,0.5));
#1688 = DIRECTION('',(0.,-2.22044604925E-16,-1.));
#1689 = DIRECTION('',(-1.,-0.,0.));
#1690 = ADVANCED_FACE('',(#1691),#1709,.F.);
#1691 = FACE_BOUND('',#1692,.F.);
#1692 = EDGE_LOOP('',(#1693,#1701,#1702,#1703));
#1693 = ORIENTED_EDGE('',*,*,#1694,.T.);
#1694 = EDGE_CURVE('',#1695,#603,#1697,.T.);
#1695 = VERTEX_POINT('',#1696);
#1696 = CARTESIAN_POINT('',(8.5,-1.4,4.8));
#1697 = LINE('',#1698,#1699);
#1698 = CARTESIAN_POINT('',(8.5,-1.4,4.8));
#1699 = VECTOR('',#1700,1.);
#1700 = DIRECTION('',(0.,-1.,2.22044604925E-16));
#1701 = ORIENTED_EDGE('',*,*,#610,.T.);
#1702 = ORIENTED_EDGE('',*,*,#1670,.F.);
#1703 = ORIENTED_EDGE('',*,*,#1704,.F.);
#1704 = EDGE_CURVE('',#1695,#1671,#1705,.T.);
#1705 = LINE('',#1706,#1707);
#1706 = CARTESIAN_POINT('',(8.5,-1.4,4.8));
#1707 = VECTOR('',#1708,1.);
#1708 = DIRECTION('',(0.,-2.22044604925E-16,-1.));
#1709 = PLANE('',#1710);
#1710 = AXIS2_PLACEMENT_3D('',#1711,#1712,#1713);
#1711 = CARTESIAN_POINT('',(8.5,-1.4,4.8));
#1712 = DIRECTION('',(1.,0.,0.));
#1713 = DIRECTION('',(0.,-2.22044604925E-16,-1.));
#1714 = ADVANCED_FACE('',(#1715),#1733,.F.);
#1715 = FACE_BOUND('',#1716,.F.);
#1716 = EDGE_LOOP('',(#1717,#1725,#1726,#1727));
#1717 = ORIENTED_EDGE('',*,*,#1718,.T.);
#1718 = EDGE_CURVE('',#1719,#595,#1721,.T.);
#1719 = VERTEX_POINT('',#1720);
#1720 = CARTESIAN_POINT('',(7.75,-1.4,4.8));
#1721 = LINE('',#1722,#1723);
#1722 = CARTESIAN_POINT('',(7.75,-1.4,4.8));
#1723 = VECTOR('',#1724,1.);
#1724 = DIRECTION('',(0.,-1.,2.22044604925E-16));
#1725 = ORIENTED_EDGE('',*,*,#602,.T.);
#1726 = ORIENTED_EDGE('',*,*,#1694,.F.);
#1727 = ORIENTED_EDGE('',*,*,#1728,.F.);
#1728 = EDGE_CURVE('',#1719,#1695,#1729,.T.);
#1729 = LINE('',#1730,#1731);
#1730 = CARTESIAN_POINT('',(7.75,-1.4,4.8));
#1731 = VECTOR('',#1732,1.);
#1732 = DIRECTION('',(1.,0.,0.));
#1733 = PLANE('',#1734);
#1734 = AXIS2_PLACEMENT_3D('',#1735,#1736,#1737);
#1735 = CARTESIAN_POINT('',(7.75,-1.4,4.8));
#1736 = DIRECTION('',(0.,2.22044604925E-16,1.));
#1737 = DIRECTION('',(1.,0.,-0.));
#1738 = ADVANCED_FACE('',(#1739),#1757,.F.);
#1739 = FACE_BOUND('',#1740,.F.);
#1740 = EDGE_LOOP('',(#1741,#1749,#1750,#1751));
#1741 = ORIENTED_EDGE('',*,*,#1742,.T.);
#1742 = EDGE_CURVE('',#1743,#587,#1745,.T.);
#1743 = VERTEX_POINT('',#1744);
#1744 = CARTESIAN_POINT('',(7.75,-1.4,5.7));
#1745 = LINE('',#1746,#1747);
#1746 = CARTESIAN_POINT('',(7.75,-1.4,5.7));
#1747 = VECTOR('',#1748,1.);
#1748 = DIRECTION('',(0.,-1.,2.22044604925E-16));
#1749 = ORIENTED_EDGE('',*,*,#594,.T.);
#1750 = ORIENTED_EDGE('',*,*,#1718,.F.);
#1751 = ORIENTED_EDGE('',*,*,#1752,.F.);
#1752 = EDGE_CURVE('',#1743,#1719,#1753,.T.);
#1753 = LINE('',#1754,#1755);
#1754 = CARTESIAN_POINT('',(7.75,-1.4,5.7));
#1755 = VECTOR('',#1756,1.);
#1756 = DIRECTION('',(0.,-2.22044604925E-16,-1.));
#1757 = PLANE('',#1758);
#1758 = AXIS2_PLACEMENT_3D('',#1759,#1760,#1761);
#1759 = CARTESIAN_POINT('',(7.75,-1.4,5.7));
#1760 = DIRECTION('',(1.,0.,0.));
#1761 = DIRECTION('',(0.,-2.22044604925E-16,-1.));
#1762 = ADVANCED_FACE('',(#1763),#1781,.F.);
#1763 = FACE_BOUND('',#1764,.F.);
#1764 = EDGE_LOOP('',(#1765,#1773,#1774,#1775));
#1765 = ORIENTED_EDGE('',*,*,#1766,.T.);
#1766 = EDGE_CURVE('',#1767,#579,#1769,.T.);
#1767 = VERTEX_POINT('',#1768);
#1768 = CARTESIAN_POINT('',(8.25,-1.4,5.7));
#1769 = LINE('',#1770,#1771);
#1770 = CARTESIAN_POINT('',(8.25,-1.4,5.7));
#1771 = VECTOR('',#1772,1.);
#1772 = DIRECTION('',(0.,-1.,2.22044604925E-16));
#1773 = ORIENTED_EDGE('',*,*,#586,.T.);
#1774 = ORIENTED_EDGE('',*,*,#1742,.F.);
#1775 = ORIENTED_EDGE('',*,*,#1776,.F.);
#1776 = EDGE_CURVE('',#1767,#1743,#1777,.T.);
#1777 = LINE('',#1778,#1779);
#1778 = CARTESIAN_POINT('',(8.25,-1.4,5.7));
#1779 = VECTOR('',#1780,1.);
#1780 = DIRECTION('',(-1.,0.,0.));
#1781 = PLANE('',#1782);
#1782 = AXIS2_PLACEMENT_3D('',#1783,#1784,#1785);
#1783 = CARTESIAN_POINT('',(8.25,-1.4,5.7));
#1784 = DIRECTION('',(0.,-2.22044604925E-16,-1.));
#1785 = DIRECTION('',(-1.,-0.,0.));
#1786 = ADVANCED_FACE('',(#1787),#1805,.F.);
#1787 = FACE_BOUND('',#1788,.F.);
#1788 = EDGE_LOOP('',(#1789,#1797,#1798,#1799));
#1789 = ORIENTED_EDGE('',*,*,#1790,.T.);
#1790 = EDGE_CURVE('',#1791,#571,#1793,.T.);
#1791 = VERTEX_POINT('',#1792);
#1792 = CARTESIAN_POINT('',(8.5,-1.4,6.5));
#1793 = LINE('',#1794,#1795);
#1794 = CARTESIAN_POINT('',(8.5,-1.4,6.5));
#1795 = VECTOR('',#1796,1.);
#1796 = DIRECTION('',(0.,-1.,2.22044604925E-16));
#1797 = ORIENTED_EDGE('',*,*,#578,.T.);
#1798 = ORIENTED_EDGE('',*,*,#1766,.F.);
#1799 = ORIENTED_EDGE('',*,*,#1800,.F.);
#1800 = EDGE_CURVE('',#1791,#1767,#1801,.T.);
#1801 = LINE('',#1802,#1803);
#1802 = CARTESIAN_POINT('',(8.5,-1.4,6.5));
#1803 = VECTOR('',#1804,1.);
#1804 = DIRECTION('',(-0.298274993136,-2.119371296316E-16,
    -0.954479978035));
#1805 = PLANE('',#1806);
#1806 = AXIS2_PLACEMENT_3D('',#1807,#1808,#1809);
#1807 = CARTESIAN_POINT('',(8.5,-1.4,6.5));
#1808 = DIRECTION('',(0.954479978035,-6.623035300989E-17,-0.298274993136
    ));
#1809 = DIRECTION('',(-0.298274993136,-2.119371296316E-16,
    -0.954479978035));
#1810 = ADVANCED_FACE('',(#1811),#1829,.F.);
#1811 = FACE_BOUND('',#1812,.F.);
#1812 = EDGE_LOOP('',(#1813,#1821,#1822,#1823));
#1813 = ORIENTED_EDGE('',*,*,#1814,.T.);
#1814 = EDGE_CURVE('',#1815,#563,#1817,.T.);
#1815 = VERTEX_POINT('',#1816);
#1816 = CARTESIAN_POINT('',(5.5,-1.4,6.5));
#1817 = LINE('',#1818,#1819);
#1818 = CARTESIAN_POINT('',(5.5,-1.4,6.5));
#1819 = VECTOR('',#1820,1.);
#1820 = DIRECTION('',(0.,-1.,2.22044604925E-16));
#1821 = ORIENTED_EDGE('',*,*,#570,.T.);
#1822 = ORIENTED_EDGE('',*,*,#1790,.F.);
#1823 = ORIENTED_EDGE('',*,*,#1824,.F.);
#1824 = EDGE_CURVE('',#1815,#1791,#1825,.T.);
#1825 = LINE('',#1826,#1827);
#1826 = CARTESIAN_POINT('',(5.5,-1.4,6.5));
#1827 = VECTOR('',#1828,1.);
#1828 = DIRECTION('',(1.,0.,0.));
#1829 = PLANE('',#1830);
#1830 = AXIS2_PLACEMENT_3D('',#1831,#1832,#1833);
#1831 = CARTESIAN_POINT('',(5.5,-1.4,6.5));
#1832 = DIRECTION('',(0.,2.22044604925E-16,1.));
#1833 = DIRECTION('',(1.,0.,-0.));
#1834 = ADVANCED_FACE('',(#1835),#1846,.F.);
#1835 = FACE_BOUND('',#1836,.F.);
#1836 = EDGE_LOOP('',(#1837,#1838,#1839,#1840));
#1837 = ORIENTED_EDGE('',*,*,#1527,.T.);
#1838 = ORIENTED_EDGE('',*,*,#562,.T.);
#1839 = ORIENTED_EDGE('',*,*,#1814,.F.);
#1840 = ORIENTED_EDGE('',*,*,#1841,.F.);
#1841 = EDGE_CURVE('',#1528,#1815,#1842,.T.);
#1842 = LINE('',#1843,#1844);
#1843 = CARTESIAN_POINT('',(5.75,-1.4,5.7));
#1844 = VECTOR('',#1845,1.);
#1845 = DIRECTION('',(-0.298274993136,2.119371296316E-16,0.954479978035)
  );
#1846 = PLANE('',#1847);
#1847 = AXIS2_PLACEMENT_3D('',#1848,#1849,#1850);
#1848 = CARTESIAN_POINT('',(5.75,-1.4,5.7));
#1849 = DIRECTION('',(-0.954479978035,-6.623035300989E-17,
    -0.298274993136));
#1850 = DIRECTION('',(-0.298274993136,2.119371296316E-16,0.954479978035)
  );
#1851 = ADVANCED_FACE('',(#1852),#1877,.F.);
#1852 = FACE_BOUND('',#1853,.F.);
#1853 = EDGE_LOOP('',(#1854,#1862,#1863,#1871));
#1854 = ORIENTED_EDGE('',*,*,#1855,.T.);
#1855 = EDGE_CURVE('',#1856,#668,#1858,.T.);
#1856 = VERTEX_POINT('',#1857);
#1857 = CARTESIAN_POINT('',(-1.25,-1.4,5.7));
#1858 = LINE('',#1859,#1860);
#1859 = CARTESIAN_POINT('',(-1.25,-1.4,5.7));
#1860 = VECTOR('',#1861,1.);
#1861 = DIRECTION('',(0.,-1.,2.22044604925E-16));
#1862 = ORIENTED_EDGE('',*,*,#667,.T.);
#1863 = ORIENTED_EDGE('',*,*,#1864,.F.);
#1864 = EDGE_CURVE('',#1865,#670,#1867,.T.);
#1865 = VERTEX_POINT('',#1866);
#1866 = CARTESIAN_POINT('',(-1.5,-1.4,6.5));
#1867 = LINE('',#1868,#1869);
#1868 = CARTESIAN_POINT('',(-1.5,-1.4,6.5));
#1869 = VECTOR('',#1870,1.);
#1870 = DIRECTION('',(0.,-1.,2.22044604925E-16));
#1871 = ORIENTED_EDGE('',*,*,#1872,.F.);
#1872 = EDGE_CURVE('',#1856,#1865,#1873,.T.);
#1873 = LINE('',#1874,#1875);
#1874 = CARTESIAN_POINT('',(-1.25,-1.4,5.7));
#1875 = VECTOR('',#1876,1.);
#1876 = DIRECTION('',(-0.298274993136,2.119371296316E-16,0.954479978035)
  );
#1877 = PLANE('',#1878);
#1878 = AXIS2_PLACEMENT_3D('',#1879,#1880,#1881);
#1879 = CARTESIAN_POINT('',(-1.25,-1.4,5.7));
#1880 = DIRECTION('',(-0.954479978035,-6.623035300989E-17,
    -0.298274993136));
#1881 = DIRECTION('',(-0.298274993136,2.119371296316E-16,0.954479978035)
  );
#1882 = ADVANCED_FACE('',(#1883),#1901,.F.);
#1883 = FACE_BOUND('',#1884,.F.);
#1884 = EDGE_LOOP('',(#1885,#1893,#1894,#1895));
#1885 = ORIENTED_EDGE('',*,*,#1886,.T.);
#1886 = EDGE_CURVE('',#1887,#767,#1889,.T.);
#1887 = VERTEX_POINT('',#1888);
#1888 = CARTESIAN_POINT('',(-0.75,-1.4,5.7));
#1889 = LINE('',#1890,#1891);
#1890 = CARTESIAN_POINT('',(-0.75,-1.4,5.7));
#1891 = VECTOR('',#1892,1.);
#1892 = DIRECTION('',(0.,-1.,2.22044604925E-16));
#1893 = ORIENTED_EDGE('',*,*,#774,.T.);
#1894 = ORIENTED_EDGE('',*,*,#1855,.F.);
#1895 = ORIENTED_EDGE('',*,*,#1896,.F.);
#1896 = EDGE_CURVE('',#1887,#1856,#1897,.T.);
#1897 = LINE('',#1898,#1899);
#1898 = CARTESIAN_POINT('',(-0.75,-1.4,5.7));
#1899 = VECTOR('',#1900,1.);
#1900 = DIRECTION('',(-1.,0.,0.));
#1901 = PLANE('',#1902);
#1902 = AXIS2_PLACEMENT_3D('',#1903,#1904,#1905);
#1903 = CARTESIAN_POINT('',(-0.75,-1.4,5.7));
#1904 = DIRECTION('',(0.,-2.22044604925E-16,-1.));
#1905 = DIRECTION('',(-1.,-0.,0.));
#1906 = ADVANCED_FACE('',(#1907),#1925,.F.);
#1907 = FACE_BOUND('',#1908,.F.);
#1908 = EDGE_LOOP('',(#1909,#1917,#1918,#1919));
#1909 = ORIENTED_EDGE('',*,*,#1910,.T.);
#1910 = EDGE_CURVE('',#1911,#759,#1913,.T.);
#1911 = VERTEX_POINT('',#1912);
#1912 = CARTESIAN_POINT('',(-0.75,-1.4,4.8));
#1913 = LINE('',#1914,#1915);
#1914 = CARTESIAN_POINT('',(-0.75,-1.4,4.8));
#1915 = VECTOR('',#1916,1.);
#1916 = DIRECTION('',(0.,-1.,2.22044604925E-16));
#1917 = ORIENTED_EDGE('',*,*,#766,.T.);
#1918 = ORIENTED_EDGE('',*,*,#1886,.F.);
#1919 = ORIENTED_EDGE('',*,*,#1920,.F.);
#1920 = EDGE_CURVE('',#1911,#1887,#1921,.T.);
#1921 = LINE('',#1922,#1923);
#1922 = CARTESIAN_POINT('',(-0.75,-1.4,4.8));
#1923 = VECTOR('',#1924,1.);
#1924 = DIRECTION('',(0.,2.22044604925E-16,1.));
#1925 = PLANE('',#1926);
#1926 = AXIS2_PLACEMENT_3D('',#1927,#1928,#1929);
#1927 = CARTESIAN_POINT('',(-0.75,-1.4,4.8));
#1928 = DIRECTION('',(-1.,0.,0.));
#1929 = DIRECTION('',(0.,2.22044604925E-16,1.));
#1930 = ADVANCED_FACE('',(#1931),#1949,.F.);
#1931 = FACE_BOUND('',#1932,.F.);
#1932 = EDGE_LOOP('',(#1933,#1941,#1942,#1943));
#1933 = ORIENTED_EDGE('',*,*,#1934,.T.);
#1934 = EDGE_CURVE('',#1935,#751,#1937,.T.);
#1935 = VERTEX_POINT('',#1936);
#1936 = CARTESIAN_POINT('',(-1.5,-1.4,4.8));
#1937 = LINE('',#1938,#1939);
#1938 = CARTESIAN_POINT('',(-1.5,-1.4,4.8));
#1939 = VECTOR('',#1940,1.);
#1940 = DIRECTION('',(0.,-1.,2.22044604925E-16));
#1941 = ORIENTED_EDGE('',*,*,#758,.T.);
#1942 = ORIENTED_EDGE('',*,*,#1910,.F.);
#1943 = ORIENTED_EDGE('',*,*,#1944,.F.);
#1944 = EDGE_CURVE('',#1935,#1911,#1945,.T.);
#1945 = LINE('',#1946,#1947);
#1946 = CARTESIAN_POINT('',(-1.5,-1.4,4.8));
#1947 = VECTOR('',#1948,1.);
#1948 = DIRECTION('',(1.,0.,0.));
#1949 = PLANE('',#1950);
#1950 = AXIS2_PLACEMENT_3D('',#1951,#1952,#1953);
#1951 = CARTESIAN_POINT('',(-1.5,-1.4,4.8));
#1952 = DIRECTION('',(0.,2.22044604925E-16,1.));
#1953 = DIRECTION('',(1.,0.,-0.));
#1954 = ADVANCED_FACE('',(#1955),#1973,.F.);
#1955 = FACE_BOUND('',#1956,.F.);
#1956 = EDGE_LOOP('',(#1957,#1965,#1966,#1967));
#1957 = ORIENTED_EDGE('',*,*,#1958,.T.);
#1958 = EDGE_CURVE('',#1959,#743,#1961,.T.);
#1959 = VERTEX_POINT('',#1960);
#1960 = CARTESIAN_POINT('',(-1.5,-1.4,0.5));
#1961 = LINE('',#1962,#1963);
#1962 = CARTESIAN_POINT('',(-1.5,-1.4,0.5));
#1963 = VECTOR('',#1964,1.);
#1964 = DIRECTION('',(0.,-1.,2.22044604925E-16));
#1965 = ORIENTED_EDGE('',*,*,#750,.T.);
#1966 = ORIENTED_EDGE('',*,*,#1934,.F.);
#1967 = ORIENTED_EDGE('',*,*,#1968,.F.);
#1968 = EDGE_CURVE('',#1959,#1935,#1969,.T.);
#1969 = LINE('',#1970,#1971);
#1970 = CARTESIAN_POINT('',(-1.5,-1.4,0.5));
#1971 = VECTOR('',#1972,1.);
#1972 = DIRECTION('',(0.,2.22044604925E-16,1.));
#1973 = PLANE('',#1974);
#1974 = AXIS2_PLACEMENT_3D('',#1975,#1976,#1977);
#1975 = CARTESIAN_POINT('',(-1.5,-1.4,0.5));
#1976 = DIRECTION('',(-1.,0.,0.));
#1977 = DIRECTION('',(0.,2.22044604925E-16,1.));
#1978 = ADVANCED_FACE('',(#1979),#1997,.F.);
#1979 = FACE_BOUND('',#1980,.F.);
#1980 = EDGE_LOOP('',(#1981,#1989,#1990,#1991));
#1981 = ORIENTED_EDGE('',*,*,#1982,.T.);
#1982 = EDGE_CURVE('',#1983,#734,#1985,.T.);
#1983 = VERTEX_POINT('',#1984);
#1984 = CARTESIAN_POINT('',(-1.,-1.4,0.5));
#1985 = LINE('',#1986,#1987);
#1986 = CARTESIAN_POINT('',(-1.,-1.4,0.5));
#1987 = VECTOR('',#1988,1.);
#1988 = DIRECTION('',(0.,-1.,2.22044604925E-16));
#1989 = ORIENTED_EDGE('',*,*,#742,.T.);
#1990 = ORIENTED_EDGE('',*,*,#1958,.F.);
#1991 = ORIENTED_EDGE('',*,*,#1992,.F.);
#1992 = EDGE_CURVE('',#1983,#1959,#1993,.T.);
#1993 = LINE('',#1994,#1995);
#1994 = CARTESIAN_POINT('',(-1.,-1.4,0.5));
#1995 = VECTOR('',#1996,1.);
#1996 = DIRECTION('',(-1.,0.,0.));
#1997 = PLANE('',#1998);
#1998 = AXIS2_PLACEMENT_3D('',#1999,#2000,#2001);
#1999 = CARTESIAN_POINT('',(-1.,-1.4,0.5));
#2000 = DIRECTION('',(0.,-2.22044604925E-16,-1.));
#2001 = DIRECTION('',(-1.,-0.,0.));
#2002 = ADVANCED_FACE('',(#2003),#2022,.T.);
#2003 = FACE_BOUND('',#2004,.T.);
#2004 = EDGE_LOOP('',(#2005,#2014,#2015,#2016));
#2005 = ORIENTED_EDGE('',*,*,#2006,.T.);
#2006 = EDGE_CURVE('',#2007,#1983,#2009,.T.);
#2007 = VERTEX_POINT('',#2008);
#2008 = CARTESIAN_POINT('',(1.,-1.4,0.5));
#2009 = CIRCLE('',#2010,1.133333333333);
#2010 = AXIS2_PLACEMENT_3D('',#2011,#2012,#2013);
#2011 = CARTESIAN_POINT('',(-5.551115123126E-17,-1.4,-3.333333333333E-02
    ));
#2012 = DIRECTION('',(1.232595164408E-32,-1.,2.22044604925E-16));
#2013 = DIRECTION('',(0.882352941176,1.044915787883E-16,0.470588235294)
  );
#2014 = ORIENTED_EDGE('',*,*,#1982,.T.);
#2015 = ORIENTED_EDGE('',*,*,#733,.F.);
#2016 = ORIENTED_EDGE('',*,*,#2017,.F.);
#2017 = EDGE_CURVE('',#2007,#726,#2018,.T.);
#2018 = LINE('',#2019,#2020);
#2019 = CARTESIAN_POINT('',(1.,-1.4,0.5));
#2020 = VECTOR('',#2021,1.);
#2021 = DIRECTION('',(0.,-1.,2.22044604925E-16));
#2022 = CYLINDRICAL_SURFACE('',#2023,1.133333333333);
#2023 = AXIS2_PLACEMENT_3D('',#2024,#2025,#2026);
#2024 = CARTESIAN_POINT('',(-5.551115123126E-17,-1.4,-3.333333333333E-02
    ));
#2025 = DIRECTION('',(-0.,1.,-2.22044604925E-16));
#2026 = DIRECTION('',(0.882352941176,1.044915787883E-16,0.470588235294)
  );
#2027 = ADVANCED_FACE('',(#2028),#2046,.F.);
#2028 = FACE_BOUND('',#2029,.F.);
#2029 = EDGE_LOOP('',(#2030,#2038,#2039,#2040));
#2030 = ORIENTED_EDGE('',*,*,#2031,.T.);
#2031 = EDGE_CURVE('',#2032,#718,#2034,.T.);
#2032 = VERTEX_POINT('',#2033);
#2033 = CARTESIAN_POINT('',(1.5,-1.4,0.5));
#2034 = LINE('',#2035,#2036);
#2035 = CARTESIAN_POINT('',(1.5,-1.4,0.5));
#2036 = VECTOR('',#2037,1.);
#2037 = DIRECTION('',(0.,-1.,2.22044604925E-16));
#2038 = ORIENTED_EDGE('',*,*,#725,.T.);
#2039 = ORIENTED_EDGE('',*,*,#2017,.F.);
#2040 = ORIENTED_EDGE('',*,*,#2041,.F.);
#2041 = EDGE_CURVE('',#2032,#2007,#2042,.T.);
#2042 = LINE('',#2043,#2044);
#2043 = CARTESIAN_POINT('',(1.5,-1.4,0.5));
#2044 = VECTOR('',#2045,1.);
#2045 = DIRECTION('',(-1.,0.,0.));
#2046 = PLANE('',#2047);
#2047 = AXIS2_PLACEMENT_3D('',#2048,#2049,#2050);
#2048 = CARTESIAN_POINT('',(1.5,-1.4,0.5));
#2049 = DIRECTION('',(0.,-2.22044604925E-16,-1.));
#2050 = DIRECTION('',(-1.,-0.,0.));
#2051 = ADVANCED_FACE('',(#2052),#2070,.F.);
#2052 = FACE_BOUND('',#2053,.F.);
#2053 = EDGE_LOOP('',(#2054,#2062,#2063,#2064));
#2054 = ORIENTED_EDGE('',*,*,#2055,.T.);
#2055 = EDGE_CURVE('',#2056,#710,#2058,.T.);
#2056 = VERTEX_POINT('',#2057);
#2057 = CARTESIAN_POINT('',(1.5,-1.4,4.8));
#2058 = LINE('',#2059,#2060);
#2059 = CARTESIAN_POINT('',(1.5,-1.4,4.8));
#2060 = VECTOR('',#2061,1.);
#2061 = DIRECTION('',(0.,-1.,2.22044604925E-16));
#2062 = ORIENTED_EDGE('',*,*,#717,.T.);
#2063 = ORIENTED_EDGE('',*,*,#2031,.F.);
#2064 = ORIENTED_EDGE('',*,*,#2065,.F.);
#2065 = EDGE_CURVE('',#2056,#2032,#2066,.T.);
#2066 = LINE('',#2067,#2068);
#2067 = CARTESIAN_POINT('',(1.5,-1.4,4.8));
#2068 = VECTOR('',#2069,1.);
#2069 = DIRECTION('',(0.,-2.22044604925E-16,-1.));
#2070 = PLANE('',#2071);
#2071 = AXIS2_PLACEMENT_3D('',#2072,#2073,#2074);
#2072 = CARTESIAN_POINT('',(1.5,-1.4,4.8));
#2073 = DIRECTION('',(1.,0.,0.));
#2074 = DIRECTION('',(0.,-2.22044604925E-16,-1.));
#2075 = ADVANCED_FACE('',(#2076),#2094,.F.);
#2076 = FACE_BOUND('',#2077,.F.);
#2077 = EDGE_LOOP('',(#2078,#2086,#2087,#2088));
#2078 = ORIENTED_EDGE('',*,*,#2079,.T.);
#2079 = EDGE_CURVE('',#2080,#702,#2082,.T.);
#2080 = VERTEX_POINT('',#2081);
#2081 = CARTESIAN_POINT('',(0.75,-1.4,4.8));
#2082 = LINE('',#2083,#2084);
#2083 = CARTESIAN_POINT('',(0.75,-1.4,4.8));
#2084 = VECTOR('',#2085,1.);
#2085 = DIRECTION('',(0.,-1.,2.22044604925E-16));
#2086 = ORIENTED_EDGE('',*,*,#709,.T.);
#2087 = ORIENTED_EDGE('',*,*,#2055,.F.);
#2088 = ORIENTED_EDGE('',*,*,#2089,.F.);
#2089 = EDGE_CURVE('',#2080,#2056,#2090,.T.);
#2090 = LINE('',#2091,#2092);
#2091 = CARTESIAN_POINT('',(0.75,-1.4,4.8));
#2092 = VECTOR('',#2093,1.);
#2093 = DIRECTION('',(1.,0.,0.));
#2094 = PLANE('',#2095);
#2095 = AXIS2_PLACEMENT_3D('',#2096,#2097,#2098);
#2096 = CARTESIAN_POINT('',(0.75,-1.4,4.8));
#2097 = DIRECTION('',(0.,2.22044604925E-16,1.));
#2098 = DIRECTION('',(1.,0.,-0.));
#2099 = ADVANCED_FACE('',(#2100),#2118,.F.);
#2100 = FACE_BOUND('',#2101,.F.);
#2101 = EDGE_LOOP('',(#2102,#2110,#2111,#2112));
#2102 = ORIENTED_EDGE('',*,*,#2103,.T.);
#2103 = EDGE_CURVE('',#2104,#694,#2106,.T.);
#2104 = VERTEX_POINT('',#2105);
#2105 = CARTESIAN_POINT('',(0.75,-1.4,5.7));
#2106 = LINE('',#2107,#2108);
#2107 = CARTESIAN_POINT('',(0.75,-1.4,5.7));
#2108 = VECTOR('',#2109,1.);
#2109 = DIRECTION('',(0.,-1.,2.22044604925E-16));
#2110 = ORIENTED_EDGE('',*,*,#701,.T.);
#2111 = ORIENTED_EDGE('',*,*,#2079,.F.);
#2112 = ORIENTED_EDGE('',*,*,#2113,.F.);
#2113 = EDGE_CURVE('',#2104,#2080,#2114,.T.);
#2114 = LINE('',#2115,#2116);
#2115 = CARTESIAN_POINT('',(0.75,-1.4,5.7));
#2116 = VECTOR('',#2117,1.);
#2117 = DIRECTION('',(0.,-2.22044604925E-16,-1.));
#2118 = PLANE('',#2119);
#2119 = AXIS2_PLACEMENT_3D('',#2120,#2121,#2122);
#2120 = CARTESIAN_POINT('',(0.75,-1.4,5.7));
#2121 = DIRECTION('',(1.,0.,0.));
#2122 = DIRECTION('',(0.,-2.22044604925E-16,-1.));
#2123 = ADVANCED_FACE('',(#2124),#2142,.F.);
#2124 = FACE_BOUND('',#2125,.F.);
#2125 = EDGE_LOOP('',(#2126,#2134,#2135,#2136));
#2126 = ORIENTED_EDGE('',*,*,#2127,.T.);
#2127 = EDGE_CURVE('',#2128,#686,#2130,.T.);
#2128 = VERTEX_POINT('',#2129);
#2129 = CARTESIAN_POINT('',(1.25,-1.4,5.7));
#2130 = LINE('',#2131,#2132);
#2131 = CARTESIAN_POINT('',(1.25,-1.4,5.7));
#2132 = VECTOR('',#2133,1.);
#2133 = DIRECTION('',(0.,-1.,2.22044604925E-16));
#2134 = ORIENTED_EDGE('',*,*,#693,.T.);
#2135 = ORIENTED_EDGE('',*,*,#2103,.F.);
#2136 = ORIENTED_EDGE('',*,*,#2137,.F.);
#2137 = EDGE_CURVE('',#2128,#2104,#2138,.T.);
#2138 = LINE('',#2139,#2140);
#2139 = CARTESIAN_POINT('',(1.25,-1.4,5.7));
#2140 = VECTOR('',#2141,1.);
#2141 = DIRECTION('',(-1.,0.,0.));
#2142 = PLANE('',#2143);
#2143 = AXIS2_PLACEMENT_3D('',#2144,#2145,#2146);
#2144 = CARTESIAN_POINT('',(1.25,-1.4,5.7));
#2145 = DIRECTION('',(0.,-2.22044604925E-16,-1.));
#2146 = DIRECTION('',(-1.,-0.,0.));
#2147 = ADVANCED_FACE('',(#2148),#2166,.F.);
#2148 = FACE_BOUND('',#2149,.F.);
#2149 = EDGE_LOOP('',(#2150,#2158,#2159,#2160));
#2150 = ORIENTED_EDGE('',*,*,#2151,.T.);
#2151 = EDGE_CURVE('',#2152,#678,#2154,.T.);
#2152 = VERTEX_POINT('',#2153);
#2153 = CARTESIAN_POINT('',(1.5,-1.4,6.5));
#2154 = LINE('',#2155,#2156);
#2155 = CARTESIAN_POINT('',(1.5,-1.4,6.5));
#2156 = VECTOR('',#2157,1.);
#2157 = DIRECTION('',(0.,-1.,2.22044604925E-16));
#2158 = ORIENTED_EDGE('',*,*,#685,.T.);
#2159 = ORIENTED_EDGE('',*,*,#2127,.F.);
#2160 = ORIENTED_EDGE('',*,*,#2161,.F.);
#2161 = EDGE_CURVE('',#2152,#2128,#2162,.T.);
#2162 = LINE('',#2163,#2164);
#2163 = CARTESIAN_POINT('',(1.5,-1.4,6.5));
#2164 = VECTOR('',#2165,1.);
#2165 = DIRECTION('',(-0.298274993136,-2.119371296316E-16,
    -0.954479978035));
#2166 = PLANE('',#2167);
#2167 = AXIS2_PLACEMENT_3D('',#2168,#2169,#2170);
#2168 = CARTESIAN_POINT('',(1.5,-1.4,6.5));
#2169 = DIRECTION('',(0.954479978035,-6.623035300989E-17,-0.298274993136
    ));
#2170 = DIRECTION('',(-0.298274993136,-2.119371296316E-16,
    -0.954479978035));
#2171 = ADVANCED_FACE('',(#2172),#2183,.F.);
#2172 = FACE_BOUND('',#2173,.F.);
#2173 = EDGE_LOOP('',(#2174,#2175,#2176,#2177));
#2174 = ORIENTED_EDGE('',*,*,#1864,.T.);
#2175 = ORIENTED_EDGE('',*,*,#677,.T.);
#2176 = ORIENTED_EDGE('',*,*,#2151,.F.);
#2177 = ORIENTED_EDGE('',*,*,#2178,.F.);
#2178 = EDGE_CURVE('',#1865,#2152,#2179,.T.);
#2179 = LINE('',#2180,#2181);
#2180 = CARTESIAN_POINT('',(-1.5,-1.4,6.5));
#2181 = VECTOR('',#2182,1.);
#2182 = DIRECTION('',(1.,0.,0.));
#2183 = PLANE('',#2184);
#2184 = AXIS2_PLACEMENT_3D('',#2185,#2186,#2187);
#2185 = CARTESIAN_POINT('',(-1.5,-1.4,6.5));
#2186 = DIRECTION('',(0.,2.22044604925E-16,1.));
#2187 = DIRECTION('',(1.,0.,-0.));
#2188 = ADVANCED_FACE('',(#2189),#2214,.T.);
#2189 = FACE_BOUND('',#2190,.T.);
#2190 = EDGE_LOOP('',(#2191,#2201,#2207,#2208));
#2191 = ORIENTED_EDGE('',*,*,#2192,.T.);
#2192 = EDGE_CURVE('',#2193,#2195,#2197,.T.);
#2193 = VERTEX_POINT('',#2194);
#2194 = CARTESIAN_POINT('',(-0.225,0.225,-3.4));
#2195 = VERTEX_POINT('',#2196);
#2196 = CARTESIAN_POINT('',(-0.225,-0.225,-3.4));
#2197 = LINE('',#2198,#2199);
#2198 = CARTESIAN_POINT('',(-0.225,0.425,-3.4));
#2199 = VECTOR('',#2200,1.);
#2200 = DIRECTION('',(0.,-1.,0.));
#2201 = ORIENTED_EDGE('',*,*,#2202,.T.);
#2202 = EDGE_CURVE('',#2195,#896,#2203,.T.);
#2203 = LINE('',#2204,#2205);
#2204 = CARTESIAN_POINT('',(-0.286363636364,-0.286363636364,
    -3.215909090909));
#2205 = VECTOR('',#2206,1.);
#2206 = DIRECTION('',(-0.301511344578,-0.301511344578,0.904534033733));
#2207 = ORIENTED_EDGE('',*,*,#893,.F.);
#2208 = ORIENTED_EDGE('',*,*,#2209,.F.);
#2209 = EDGE_CURVE('',#2193,#894,#2210,.T.);
#2210 = LINE('',#2211,#2212);
#2211 = CARTESIAN_POINT('',(-0.325,0.325,-3.1));
#2212 = VECTOR('',#2213,1.);
#2213 = DIRECTION('',(-0.301511344578,0.301511344578,0.904534033733));
#2214 = PLANE('',#2215);
#2215 = AXIS2_PLACEMENT_3D('',#2216,#2217,#2218);
#2216 = CARTESIAN_POINT('',(-0.325,0.425,-3.1));
#2217 = DIRECTION('',(-0.948683298051,-3.476378920805E-18,
    -0.316227766017));
#2218 = DIRECTION('',(3.297982619863E-18,-1.,1.099327539955E-18));
#2219 = ADVANCED_FACE('',(#2220),#2238,.T.);
#2220 = FACE_BOUND('',#2221,.T.);
#2221 = EDGE_LOOP('',(#2222,#2223,#2231,#2237));
#2222 = ORIENTED_EDGE('',*,*,#2202,.F.);
#2223 = ORIENTED_EDGE('',*,*,#2224,.T.);
#2224 = EDGE_CURVE('',#2195,#2225,#2227,.T.);
#2225 = VERTEX_POINT('',#2226);
#2226 = CARTESIAN_POINT('',(0.225,-0.225,-3.4));
#2227 = LINE('',#2228,#2229);
#2228 = CARTESIAN_POINT('',(-0.225,-0.225,-3.4));
#2229 = VECTOR('',#2230,1.);
#2230 = DIRECTION('',(1.,0.,0.));
#2231 = ORIENTED_EDGE('',*,*,#2232,.T.);
#2232 = EDGE_CURVE('',#2225,#926,#2233,.T.);
#2233 = LINE('',#2234,#2235);
#2234 = CARTESIAN_POINT('',(0.265909090909,-0.265909090909,
    -3.277272727273));
#2235 = VECTOR('',#2236,1.);
#2236 = DIRECTION('',(0.301511344578,-0.301511344578,0.904534033733));
#2237 = ORIENTED_EDGE('',*,*,#925,.F.);
#2238 = PLANE('',#2239);
#2239 = AXIS2_PLACEMENT_3D('',#2240,#2241,#2242);
#2240 = CARTESIAN_POINT('',(-0.225,-0.325,-3.1));
#2241 = DIRECTION('',(3.476378920805E-18,-0.948683298051,-0.316227766017
    ));
#2242 = DIRECTION('',(1.,3.297982619863E-18,1.099327539955E-18));
#2243 = ADVANCED_FACE('',(#2244),#2262,.F.);
#2244 = FACE_BOUND('',#2245,.T.);
#2245 = EDGE_LOOP('',(#2246,#2254,#2260,#2261));
#2246 = ORIENTED_EDGE('',*,*,#2247,.F.);
#2247 = EDGE_CURVE('',#2248,#2225,#2250,.T.);
#2248 = VERTEX_POINT('',#2249);
#2249 = CARTESIAN_POINT('',(0.225,0.225,-3.4));
#2250 = LINE('',#2251,#2252);
#2251 = CARTESIAN_POINT('',(0.225,0.425,-3.4));
#2252 = VECTOR('',#2253,1.);
#2253 = DIRECTION('',(0.,-1.,0.));
#2254 = ORIENTED_EDGE('',*,*,#2255,.T.);
#2255 = EDGE_CURVE('',#2248,#949,#2256,.T.);
#2256 = LINE('',#2257,#2258);
#2257 = CARTESIAN_POINT('',(0.304545454545,0.304545454545,
    -3.161363636364));
#2258 = VECTOR('',#2259,1.);
#2259 = DIRECTION('',(0.301511344578,0.301511344578,0.904534033733));
#2260 = ORIENTED_EDGE('',*,*,#948,.T.);
#2261 = ORIENTED_EDGE('',*,*,#2232,.F.);
#2262 = PLANE('',#2263);
#2263 = AXIS2_PLACEMENT_3D('',#2264,#2265,#2266);
#2264 = CARTESIAN_POINT('',(0.325,0.425,-3.1));
#2265 = DIRECTION('',(-0.948683298051,3.476378920805E-18,0.316227766017)
  );
#2266 = DIRECTION('',(3.297982619863E-18,1.,-1.099327539955E-18));
#2267 = ADVANCED_FACE('',(#2268),#2279,.T.);
#2268 = FACE_BOUND('',#2269,.F.);
#2269 = EDGE_LOOP('',(#2270,#2271,#2277,#2278));
#2270 = ORIENTED_EDGE('',*,*,#2209,.F.);
#2271 = ORIENTED_EDGE('',*,*,#2272,.T.);
#2272 = EDGE_CURVE('',#2193,#2248,#2273,.T.);
#2273 = LINE('',#2274,#2275);
#2274 = CARTESIAN_POINT('',(-0.225,0.225,-3.4));
#2275 = VECTOR('',#2276,1.);
#2276 = DIRECTION('',(1.,0.,0.));
#2277 = ORIENTED_EDGE('',*,*,#2255,.T.);
#2278 = ORIENTED_EDGE('',*,*,#972,.F.);
#2279 = PLANE('',#2280);
#2280 = AXIS2_PLACEMENT_3D('',#2281,#2282,#2283);
#2281 = CARTESIAN_POINT('',(-0.225,0.325,-3.1));
#2282 = DIRECTION('',(-3.476378920805E-18,0.948683298051,-0.316227766017
    ));
#2283 = DIRECTION('',(-1.,-3.297982619863E-18,1.099327539955E-18));
#2284 = ADVANCED_FACE('',(#2285),#2310,.T.);
#2285 = FACE_BOUND('',#2286,.F.);
#2286 = EDGE_LOOP('',(#2287,#2295,#2303,#2309));
#2287 = ORIENTED_EDGE('',*,*,#2288,.F.);
#2288 = EDGE_CURVE('',#2289,#990,#2291,.T.);
#2289 = VERTEX_POINT('',#2290);
#2290 = CARTESIAN_POINT('',(3.275,0.225,-3.4));
#2291 = LINE('',#2292,#2293);
#2292 = CARTESIAN_POINT('',(3.175,0.325,-3.1));
#2293 = VECTOR('',#2294,1.);
#2294 = DIRECTION('',(-0.301511344578,0.301511344578,0.904534033733));
#2295 = ORIENTED_EDGE('',*,*,#2296,.T.);
#2296 = EDGE_CURVE('',#2289,#2297,#2299,.T.);
#2297 = VERTEX_POINT('',#2298);
#2298 = CARTESIAN_POINT('',(3.725,0.225,-3.4));
#2299 = LINE('',#2300,#2301);
#2300 = CARTESIAN_POINT('',(3.275,0.225,-3.4));
#2301 = VECTOR('',#2302,1.);
#2302 = DIRECTION('',(1.,0.,0.));
#2303 = ORIENTED_EDGE('',*,*,#2304,.T.);
#2304 = EDGE_CURVE('',#2297,#992,#2305,.T.);
#2305 = LINE('',#2306,#2307);
#2306 = CARTESIAN_POINT('',(3.804545454545,0.304545454545,
    -3.161363636364));
#2307 = VECTOR('',#2308,1.);
#2308 = DIRECTION('',(0.301511344578,0.301511344578,0.904534033733));
#2309 = ORIENTED_EDGE('',*,*,#989,.F.);
#2310 = PLANE('',#2311);
#2311 = AXIS2_PLACEMENT_3D('',#2312,#2313,#2314);
#2312 = CARTESIAN_POINT('',(3.275,0.325,-3.1));
#2313 = DIRECTION('',(-3.476378920805E-18,0.948683298051,-0.316227766017
    ));
#2314 = DIRECTION('',(-1.,-3.297982619863E-18,1.099327539955E-18));
#2315 = ADVANCED_FACE('',(#2316),#2334,.T.);
#2316 = FACE_BOUND('',#2317,.T.);
#2317 = EDGE_LOOP('',(#2318,#2326,#2332,#2333));
#2318 = ORIENTED_EDGE('',*,*,#2319,.T.);
#2319 = EDGE_CURVE('',#2289,#2320,#2322,.T.);
#2320 = VERTEX_POINT('',#2321);
#2321 = CARTESIAN_POINT('',(3.275,-0.225,-3.4));
#2322 = LINE('',#2323,#2324);
#2323 = CARTESIAN_POINT('',(3.275,0.425,-3.4));
#2324 = VECTOR('',#2325,1.);
#2325 = DIRECTION('',(0.,-1.,0.));
#2326 = ORIENTED_EDGE('',*,*,#2327,.T.);
#2327 = EDGE_CURVE('',#2320,#1021,#2328,.T.);
#2328 = LINE('',#2329,#2330);
#2329 = CARTESIAN_POINT('',(3.213636363636,-0.286363636364,
    -3.215909090909));
#2330 = VECTOR('',#2331,1.);
#2331 = DIRECTION('',(-0.301511344578,-0.301511344578,0.904534033733));
#2332 = ORIENTED_EDGE('',*,*,#1020,.F.);
#2333 = ORIENTED_EDGE('',*,*,#2288,.F.);
#2334 = PLANE('',#2335);
#2335 = AXIS2_PLACEMENT_3D('',#2336,#2337,#2338);
#2336 = CARTESIAN_POINT('',(3.175,0.425,-3.1));
#2337 = DIRECTION('',(-0.948683298051,-3.476378920805E-18,
    -0.316227766017));
#2338 = DIRECTION('',(3.297982619863E-18,-1.,1.099327539955E-18));
#2339 = ADVANCED_FACE('',(#2340),#2358,.T.);
#2340 = FACE_BOUND('',#2341,.T.);
#2341 = EDGE_LOOP('',(#2342,#2343,#2351,#2357));
#2342 = ORIENTED_EDGE('',*,*,#2327,.F.);
#2343 = ORIENTED_EDGE('',*,*,#2344,.T.);
#2344 = EDGE_CURVE('',#2320,#2345,#2347,.T.);
#2345 = VERTEX_POINT('',#2346);
#2346 = CARTESIAN_POINT('',(3.725,-0.225,-3.4));
#2347 = LINE('',#2348,#2349);
#2348 = CARTESIAN_POINT('',(3.275,-0.225,-3.4));
#2349 = VECTOR('',#2350,1.);
#2350 = DIRECTION('',(1.,0.,0.));
#2351 = ORIENTED_EDGE('',*,*,#2352,.T.);
#2352 = EDGE_CURVE('',#2345,#1046,#2353,.T.);
#2353 = LINE('',#2354,#2355);
#2354 = CARTESIAN_POINT('',(3.765909090909,-0.265909090909,
    -3.277272727273));
#2355 = VECTOR('',#2356,1.);
#2356 = DIRECTION('',(0.301511344578,-0.301511344578,0.904534033733));
#2357 = ORIENTED_EDGE('',*,*,#1045,.F.);
#2358 = PLANE('',#2359);
#2359 = AXIS2_PLACEMENT_3D('',#2360,#2361,#2362);
#2360 = CARTESIAN_POINT('',(3.275,-0.325,-3.1));
#2361 = DIRECTION('',(3.476378920805E-18,-0.948683298051,-0.316227766017
    ));
#2362 = DIRECTION('',(1.,3.297982619863E-18,1.099327539955E-18));
#2363 = ADVANCED_FACE('',(#2364),#2375,.F.);
#2364 = FACE_BOUND('',#2365,.T.);
#2365 = EDGE_LOOP('',(#2366,#2372,#2373,#2374));
#2366 = ORIENTED_EDGE('',*,*,#2367,.F.);
#2367 = EDGE_CURVE('',#2297,#2345,#2368,.T.);
#2368 = LINE('',#2369,#2370);
#2369 = CARTESIAN_POINT('',(3.725,0.425,-3.4));
#2370 = VECTOR('',#2371,1.);
#2371 = DIRECTION('',(0.,-1.,0.));
#2372 = ORIENTED_EDGE('',*,*,#2304,.T.);
#2373 = ORIENTED_EDGE('',*,*,#1068,.T.);
#2374 = ORIENTED_EDGE('',*,*,#2352,.F.);
#2375 = PLANE('',#2376);
#2376 = AXIS2_PLACEMENT_3D('',#2377,#2378,#2379);
#2377 = CARTESIAN_POINT('',(3.825,0.425,-3.1));
#2378 = DIRECTION('',(-0.948683298051,3.476378920805E-18,0.316227766017)
  );
#2379 = DIRECTION('',(3.297982619863E-18,1.,-1.099327539955E-18));
#2380 = ADVANCED_FACE('',(#2381),#2406,.T.);
#2381 = FACE_BOUND('',#2382,.T.);
#2382 = EDGE_LOOP('',(#2383,#2393,#2399,#2400));
#2383 = ORIENTED_EDGE('',*,*,#2384,.T.);
#2384 = EDGE_CURVE('',#2385,#2387,#2389,.T.);
#2385 = VERTEX_POINT('',#2386);
#2386 = CARTESIAN_POINT('',(6.775,0.225,-3.4));
#2387 = VERTEX_POINT('',#2388);
#2388 = CARTESIAN_POINT('',(6.775,-0.225,-3.4));
#2389 = LINE('',#2390,#2391);
#2390 = CARTESIAN_POINT('',(6.775,0.425,-3.4));
#2391 = VECTOR('',#2392,1.);
#2392 = DIRECTION('',(0.,-1.,0.));
#2393 = ORIENTED_EDGE('',*,*,#2394,.T.);
#2394 = EDGE_CURVE('',#2387,#1088,#2395,.T.);
#2395 = LINE('',#2396,#2397);
#2396 = CARTESIAN_POINT('',(6.713636363636,-0.286363636364,
    -3.215909090909));
#2397 = VECTOR('',#2398,1.);
#2398 = DIRECTION('',(-0.301511344578,-0.301511344578,0.904534033733));
#2399 = ORIENTED_EDGE('',*,*,#1085,.F.);
#2400 = ORIENTED_EDGE('',*,*,#2401,.F.);
#2401 = EDGE_CURVE('',#2385,#1086,#2402,.T.);
#2402 = LINE('',#2403,#2404);
#2403 = CARTESIAN_POINT('',(6.675,0.325,-3.1));
#2404 = VECTOR('',#2405,1.);
#2405 = DIRECTION('',(-0.301511344578,0.301511344578,0.904534033733));
#2406 = PLANE('',#2407);
#2407 = AXIS2_PLACEMENT_3D('',#2408,#2409,#2410);
#2408 = CARTESIAN_POINT('',(6.675,0.425,-3.1));
#2409 = DIRECTION('',(-0.948683298051,-3.476378920805E-18,
    -0.316227766017));
#2410 = DIRECTION('',(3.297982619863E-18,-1.,1.099327539955E-18));
#2411 = ADVANCED_FACE('',(#2412),#2430,.T.);
#2412 = FACE_BOUND('',#2413,.T.);
#2413 = EDGE_LOOP('',(#2414,#2415,#2423,#2429));
#2414 = ORIENTED_EDGE('',*,*,#2394,.F.);
#2415 = ORIENTED_EDGE('',*,*,#2416,.T.);
#2416 = EDGE_CURVE('',#2387,#2417,#2419,.T.);
#2417 = VERTEX_POINT('',#2418);
#2418 = CARTESIAN_POINT('',(7.225,-0.225,-3.4));
#2419 = LINE('',#2420,#2421);
#2420 = CARTESIAN_POINT('',(6.775,-0.225,-3.4));
#2421 = VECTOR('',#2422,1.);
#2422 = DIRECTION('',(1.,0.,0.));
#2423 = ORIENTED_EDGE('',*,*,#2424,.T.);
#2424 = EDGE_CURVE('',#2417,#1118,#2425,.T.);
#2425 = LINE('',#2426,#2427);
#2426 = CARTESIAN_POINT('',(7.265909090909,-0.265909090909,
    -3.277272727273));
#2427 = VECTOR('',#2428,1.);
#2428 = DIRECTION('',(0.301511344578,-0.301511344578,0.904534033733));
#2429 = ORIENTED_EDGE('',*,*,#1117,.F.);
#2430 = PLANE('',#2431);
#2431 = AXIS2_PLACEMENT_3D('',#2432,#2433,#2434);
#2432 = CARTESIAN_POINT('',(6.775,-0.325,-3.1));
#2433 = DIRECTION('',(3.476378920805E-18,-0.948683298051,-0.316227766017
    ));
#2434 = DIRECTION('',(1.,3.297982619863E-18,1.099327539955E-18));
#2435 = ADVANCED_FACE('',(#2436),#2454,.F.);
#2436 = FACE_BOUND('',#2437,.T.);
#2437 = EDGE_LOOP('',(#2438,#2446,#2452,#2453));
#2438 = ORIENTED_EDGE('',*,*,#2439,.F.);
#2439 = EDGE_CURVE('',#2440,#2417,#2442,.T.);
#2440 = VERTEX_POINT('',#2441);
#2441 = CARTESIAN_POINT('',(7.225,0.225,-3.4));
#2442 = LINE('',#2443,#2444);
#2443 = CARTESIAN_POINT('',(7.225,0.425,-3.4));
#2444 = VECTOR('',#2445,1.);
#2445 = DIRECTION('',(0.,-1.,0.));
#2446 = ORIENTED_EDGE('',*,*,#2447,.T.);
#2447 = EDGE_CURVE('',#2440,#1141,#2448,.T.);
#2448 = LINE('',#2449,#2450);
#2449 = CARTESIAN_POINT('',(7.304545454545,0.304545454545,
    -3.161363636364));
#2450 = VECTOR('',#2451,1.);
#2451 = DIRECTION('',(0.301511344578,0.301511344578,0.904534033733));
#2452 = ORIENTED_EDGE('',*,*,#1140,.T.);
#2453 = ORIENTED_EDGE('',*,*,#2424,.F.);
#2454 = PLANE('',#2455);
#2455 = AXIS2_PLACEMENT_3D('',#2456,#2457,#2458);
#2456 = CARTESIAN_POINT('',(7.325,0.425,-3.1));
#2457 = DIRECTION('',(-0.948683298051,3.476378920805E-18,0.316227766017)
  );
#2458 = DIRECTION('',(3.297982619863E-18,1.,-1.099327539955E-18));
#2459 = ADVANCED_FACE('',(#2460),#2471,.T.);
#2460 = FACE_BOUND('',#2461,.F.);
#2461 = EDGE_LOOP('',(#2462,#2463,#2469,#2470));
#2462 = ORIENTED_EDGE('',*,*,#2401,.F.);
#2463 = ORIENTED_EDGE('',*,*,#2464,.T.);
#2464 = EDGE_CURVE('',#2385,#2440,#2465,.T.);
#2465 = LINE('',#2466,#2467);
#2466 = CARTESIAN_POINT('',(6.775,0.225,-3.4));
#2467 = VECTOR('',#2468,1.);
#2468 = DIRECTION('',(1.,0.,0.));
#2469 = ORIENTED_EDGE('',*,*,#2447,.T.);
#2470 = ORIENTED_EDGE('',*,*,#1164,.F.);
#2471 = PLANE('',#2472);
#2472 = AXIS2_PLACEMENT_3D('',#2473,#2474,#2475);
#2473 = CARTESIAN_POINT('',(6.775,0.325,-3.1));
#2474 = DIRECTION('',(-3.476378920805E-18,0.948683298051,-0.316227766017
    ));
#2475 = DIRECTION('',(-1.,-3.297982619863E-18,1.099327539955E-18));
#2476 = ADVANCED_FACE('',(#2477,#2493),#2527,.F.);
#2477 = FACE_BOUND('',#2478,.F.);
#2478 = EDGE_LOOP('',(#2479,#2480,#2481,#2482,#2483,#2484,#2485,#2486,
    #2487,#2488,#2489,#2490,#2491,#2492));
#2479 = ORIENTED_EDGE('',*,*,#1270,.T.);
#2480 = ORIENTED_EDGE('',*,*,#1246,.T.);
#2481 = ORIENTED_EDGE('',*,*,#1222,.T.);
#2482 = ORIENTED_EDGE('',*,*,#1198,.T.);
#2483 = ORIENTED_EDGE('',*,*,#1504,.T.);
#2484 = ORIENTED_EDGE('',*,*,#1487,.T.);
#2485 = ORIENTED_EDGE('',*,*,#1463,.T.);
#2486 = ORIENTED_EDGE('',*,*,#1439,.T.);
#2487 = ORIENTED_EDGE('',*,*,#1415,.T.);
#2488 = ORIENTED_EDGE('',*,*,#1391,.T.);
#2489 = ORIENTED_EDGE('',*,*,#1367,.T.);
#2490 = ORIENTED_EDGE('',*,*,#1343,.T.);
#2491 = ORIENTED_EDGE('',*,*,#1308,.T.);
#2492 = ORIENTED_EDGE('',*,*,#1294,.T.);
#2493 = FACE_BOUND('',#2494,.F.);
#2494 = EDGE_LOOP('',(#2495,#2505,#2513,#2521));
#2495 = ORIENTED_EDGE('',*,*,#2496,.F.);
#2496 = EDGE_CURVE('',#2497,#2499,#2501,.T.);
#2497 = VERTEX_POINT('',#2498);
#2498 = CARTESIAN_POINT('',(3.925,-1.4,2.575));
#2499 = VERTEX_POINT('',#2500);
#2500 = CARTESIAN_POINT('',(3.075,-1.4,2.575));
#2501 = LINE('',#2502,#2503);
#2502 = CARTESIAN_POINT('',(3.2875,-1.4,2.575));
#2503 = VECTOR('',#2504,1.);
#2504 = DIRECTION('',(-1.,-0.,-0.));
#2505 = ORIENTED_EDGE('',*,*,#2506,.T.);
#2506 = EDGE_CURVE('',#2497,#2507,#2509,.T.);
#2507 = VERTEX_POINT('',#2508);
#2508 = CARTESIAN_POINT('',(3.925,-1.4,3.425));
#2509 = LINE('',#2510,#2511);
#2510 = CARTESIAN_POINT('',(3.925,-1.4,2.498883585473));
#2511 = VECTOR('',#2512,1.);
#2512 = DIRECTION('',(0.,2.22044604925E-16,1.));
#2513 = ORIENTED_EDGE('',*,*,#2514,.F.);
#2514 = EDGE_CURVE('',#2515,#2507,#2517,.T.);
#2515 = VERTEX_POINT('',#2516);
#2516 = CARTESIAN_POINT('',(3.075,-1.4,3.425));
#2517 = LINE('',#2518,#2519);
#2518 = CARTESIAN_POINT('',(3.2875,-1.4,3.425));
#2519 = VECTOR('',#2520,1.);
#2520 = DIRECTION('',(1.,0.,0.));
#2521 = ORIENTED_EDGE('',*,*,#2522,.F.);
#2522 = EDGE_CURVE('',#2499,#2515,#2523,.T.);
#2523 = LINE('',#2524,#2525);
#2524 = CARTESIAN_POINT('',(3.075,-1.4,2.498883585473));
#2525 = VECTOR('',#2526,1.);
#2526 = DIRECTION('',(0.,2.22044604925E-16,1.));
#2527 = PLANE('',#2528);
#2528 = AXIS2_PLACEMENT_3D('',#2529,#2530,#2531);
#2529 = CARTESIAN_POINT('',(3.5,-1.4,3.69068173833));
#2530 = DIRECTION('',(-0.,1.,-2.22044604925E-16));
#2531 = DIRECTION('',(-1.,0.,0.));
#2532 = ADVANCED_FACE('',(#2533,#2549),#2583,.F.);
#2533 = FACE_BOUND('',#2534,.F.);
#2534 = EDGE_LOOP('',(#2535,#2536,#2537,#2538,#2539,#2540,#2541,#2542,
    #2543,#2544,#2545,#2546,#2547,#2548));
#2535 = ORIENTED_EDGE('',*,*,#1607,.T.);
#2536 = ORIENTED_EDGE('',*,*,#1583,.T.);
#2537 = ORIENTED_EDGE('',*,*,#1559,.T.);
#2538 = ORIENTED_EDGE('',*,*,#1535,.T.);
#2539 = ORIENTED_EDGE('',*,*,#1841,.T.);
#2540 = ORIENTED_EDGE('',*,*,#1824,.T.);
#2541 = ORIENTED_EDGE('',*,*,#1800,.T.);
#2542 = ORIENTED_EDGE('',*,*,#1776,.T.);
#2543 = ORIENTED_EDGE('',*,*,#1752,.T.);
#2544 = ORIENTED_EDGE('',*,*,#1728,.T.);
#2545 = ORIENTED_EDGE('',*,*,#1704,.T.);
#2546 = ORIENTED_EDGE('',*,*,#1680,.T.);
#2547 = ORIENTED_EDGE('',*,*,#1645,.T.);
#2548 = ORIENTED_EDGE('',*,*,#1631,.T.);
#2549 = FACE_BOUND('',#2550,.F.);
#2550 = EDGE_LOOP('',(#2551,#2561,#2569,#2577));
#2551 = ORIENTED_EDGE('',*,*,#2552,.F.);
#2552 = EDGE_CURVE('',#2553,#2555,#2557,.T.);
#2553 = VERTEX_POINT('',#2554);
#2554 = CARTESIAN_POINT('',(6.575,-1.4,2.575));
#2555 = VERTEX_POINT('',#2556);
#2556 = CARTESIAN_POINT('',(6.575,-1.4,3.425));
#2557 = LINE('',#2558,#2559);
#2558 = CARTESIAN_POINT('',(6.575,-1.4,2.498883585473));
#2559 = VECTOR('',#2560,1.);
#2560 = DIRECTION('',(0.,2.22044604925E-16,1.));
#2561 = ORIENTED_EDGE('',*,*,#2562,.F.);
#2562 = EDGE_CURVE('',#2563,#2553,#2565,.T.);
#2563 = VERTEX_POINT('',#2564);
#2564 = CARTESIAN_POINT('',(7.425,-1.4,2.575));
#2565 = LINE('',#2566,#2567);
#2566 = CARTESIAN_POINT('',(6.7875,-1.4,2.575));
#2567 = VECTOR('',#2568,1.);
#2568 = DIRECTION('',(-1.,-0.,-0.));
#2569 = ORIENTED_EDGE('',*,*,#2570,.T.);
#2570 = EDGE_CURVE('',#2563,#2571,#2573,.T.);
#2571 = VERTEX_POINT('',#2572);
#2572 = CARTESIAN_POINT('',(7.425,-1.4,3.425));
#2573 = LINE('',#2574,#2575);
#2574 = CARTESIAN_POINT('',(7.425,-1.4,2.498883585473));
#2575 = VECTOR('',#2576,1.);
#2576 = DIRECTION('',(0.,2.22044604925E-16,1.));
#2577 = ORIENTED_EDGE('',*,*,#2578,.F.);
#2578 = EDGE_CURVE('',#2555,#2571,#2579,.T.);
#2579 = LINE('',#2580,#2581);
#2580 = CARTESIAN_POINT('',(6.7875,-1.4,3.425));
#2581 = VECTOR('',#2582,1.);
#2582 = DIRECTION('',(1.,0.,0.));
#2583 = PLANE('',#2584);
#2584 = AXIS2_PLACEMENT_3D('',#2585,#2586,#2587);
#2585 = CARTESIAN_POINT('',(7.,-1.4,3.69068173833));
#2586 = DIRECTION('',(-0.,1.,-2.22044604925E-16));
#2587 = DIRECTION('',(-1.,0.,0.));
#2588 = ADVANCED_FACE('',(#2589,#2605),#2639,.F.);
#2589 = FACE_BOUND('',#2590,.F.);
#2590 = EDGE_LOOP('',(#2591,#2592,#2593,#2594,#2595,#2596,#2597,#2598,
    #2599,#2600,#2601,#2602,#2603,#2604));
#2591 = ORIENTED_EDGE('',*,*,#1968,.T.);
#2592 = ORIENTED_EDGE('',*,*,#1944,.T.);
#2593 = ORIENTED_EDGE('',*,*,#1920,.T.);
#2594 = ORIENTED_EDGE('',*,*,#1896,.T.);
#2595 = ORIENTED_EDGE('',*,*,#1872,.T.);
#2596 = ORIENTED_EDGE('',*,*,#2178,.T.);
#2597 = ORIENTED_EDGE('',*,*,#2161,.T.);
#2598 = ORIENTED_EDGE('',*,*,#2137,.T.);
#2599 = ORIENTED_EDGE('',*,*,#2113,.T.);
#2600 = ORIENTED_EDGE('',*,*,#2089,.T.);
#2601 = ORIENTED_EDGE('',*,*,#2065,.T.);
#2602 = ORIENTED_EDGE('',*,*,#2041,.T.);
#2603 = ORIENTED_EDGE('',*,*,#2006,.T.);
#2604 = ORIENTED_EDGE('',*,*,#1992,.T.);
#2605 = FACE_BOUND('',#2606,.F.);
#2606 = EDGE_LOOP('',(#2607,#2617,#2625,#2633));
#2607 = ORIENTED_EDGE('',*,*,#2608,.F.);
#2608 = EDGE_CURVE('',#2609,#2611,#2613,.T.);
#2609 = VERTEX_POINT('',#2610);
#2610 = CARTESIAN_POINT('',(-0.425,-1.4,2.575));
#2611 = VERTEX_POINT('',#2612);
#2612 = CARTESIAN_POINT('',(-0.425,-1.4,3.425));
#2613 = LINE('',#2614,#2615);
#2614 = CARTESIAN_POINT('',(-0.425,-1.4,2.498883585473));
#2615 = VECTOR('',#2616,1.);
#2616 = DIRECTION('',(0.,2.22044604925E-16,1.));
#2617 = ORIENTED_EDGE('',*,*,#2618,.F.);
#2618 = EDGE_CURVE('',#2619,#2609,#2621,.T.);
#2619 = VERTEX_POINT('',#2620);
#2620 = CARTESIAN_POINT('',(0.425,-1.4,2.575));
#2621 = LINE('',#2622,#2623);
#2622 = CARTESIAN_POINT('',(-0.2125,-1.4,2.575));
#2623 = VECTOR('',#2624,1.);
#2624 = DIRECTION('',(-1.,-0.,-0.));
#2625 = ORIENTED_EDGE('',*,*,#2626,.T.);
#2626 = EDGE_CURVE('',#2619,#2627,#2629,.T.);
#2627 = VERTEX_POINT('',#2628);
#2628 = CARTESIAN_POINT('',(0.425,-1.4,3.425));
#2629 = LINE('',#2630,#2631);
#2630 = CARTESIAN_POINT('',(0.425,-1.4,2.498883585473));
#2631 = VECTOR('',#2632,1.);
#2632 = DIRECTION('',(0.,2.22044604925E-16,1.));
#2633 = ORIENTED_EDGE('',*,*,#2634,.F.);
#2634 = EDGE_CURVE('',#2611,#2627,#2635,.T.);
#2635 = LINE('',#2636,#2637);
#2636 = CARTESIAN_POINT('',(-0.2125,-1.4,3.425));
#2637 = VECTOR('',#2638,1.);
#2638 = DIRECTION('',(1.,0.,0.));
#2639 = PLANE('',#2640);
#2640 = AXIS2_PLACEMENT_3D('',#2641,#2642,#2643);
#2641 = CARTESIAN_POINT('',(1.588033059182E-17,-1.4,3.69068173833));
#2642 = DIRECTION('',(-0.,1.,-2.22044604925E-16));
#2643 = DIRECTION('',(-1.,0.,0.));
#2644 = ADVANCED_FACE('',(#2645),#2651,.T.);
#2645 = FACE_BOUND('',#2646,.T.);
#2646 = EDGE_LOOP('',(#2647,#2648,#2649,#2650));
#2647 = ORIENTED_EDGE('',*,*,#2192,.F.);
#2648 = ORIENTED_EDGE('',*,*,#2272,.T.);
#2649 = ORIENTED_EDGE('',*,*,#2247,.T.);
#2650 = ORIENTED_EDGE('',*,*,#2224,.F.);
#2651 = PLANE('',#2652);
#2652 = AXIS2_PLACEMENT_3D('',#2653,#2654,#2655);
#2653 = CARTESIAN_POINT('',(-0.425,0.425,-3.4));
#2654 = DIRECTION('',(0.,0.,-1.));
#2655 = DIRECTION('',(0.,-1.,0.));
#2656 = ADVANCED_FACE('',(#2657),#2663,.T.);
#2657 = FACE_BOUND('',#2658,.T.);
#2658 = EDGE_LOOP('',(#2659,#2660,#2661,#2662));
#2659 = ORIENTED_EDGE('',*,*,#2319,.F.);
#2660 = ORIENTED_EDGE('',*,*,#2296,.T.);
#2661 = ORIENTED_EDGE('',*,*,#2367,.T.);
#2662 = ORIENTED_EDGE('',*,*,#2344,.F.);
#2663 = PLANE('',#2664);
#2664 = AXIS2_PLACEMENT_3D('',#2665,#2666,#2667);
#2665 = CARTESIAN_POINT('',(3.075,0.425,-3.4));
#2666 = DIRECTION('',(0.,0.,-1.));
#2667 = DIRECTION('',(0.,-1.,0.));
#2668 = ADVANCED_FACE('',(#2669),#2675,.T.);
#2669 = FACE_BOUND('',#2670,.T.);
#2670 = EDGE_LOOP('',(#2671,#2672,#2673,#2674));
#2671 = ORIENTED_EDGE('',*,*,#2384,.F.);
#2672 = ORIENTED_EDGE('',*,*,#2464,.T.);
#2673 = ORIENTED_EDGE('',*,*,#2439,.T.);
#2674 = ORIENTED_EDGE('',*,*,#2416,.F.);
#2675 = PLANE('',#2676);
#2676 = AXIS2_PLACEMENT_3D('',#2677,#2678,#2679);
#2677 = CARTESIAN_POINT('',(6.575,0.425,-3.4));
#2678 = DIRECTION('',(0.,0.,-1.));
#2679 = DIRECTION('',(0.,-1.,0.));
#2680 = ADVANCED_FACE('',(#2681),#2706,.T.);
#2681 = FACE_BOUND('',#2682,.T.);
#2682 = EDGE_LOOP('',(#2683,#2693,#2699,#2700));
#2683 = ORIENTED_EDGE('',*,*,#2684,.F.);
#2684 = EDGE_CURVE('',#2685,#2687,#2689,.T.);
#2685 = VERTEX_POINT('',#2686);
#2686 = CARTESIAN_POINT('',(3.075,-6.,2.575));
#2687 = VERTEX_POINT('',#2688);
#2688 = CARTESIAN_POINT('',(3.925,-6.,2.575));
#2689 = LINE('',#2690,#2691);
#2690 = CARTESIAN_POINT('',(3.275,-6.,2.575));
#2691 = VECTOR('',#2692,1.);
#2692 = DIRECTION('',(1.,0.,0.));
#2693 = ORIENTED_EDGE('',*,*,#2694,.F.);
#2694 = EDGE_CURVE('',#2499,#2685,#2695,.T.);
#2695 = LINE('',#2696,#2697);
#2696 = CARTESIAN_POINT('',(3.075,-0.525,2.575));
#2697 = VECTOR('',#2698,1.);
#2698 = DIRECTION('',(0.,-1.,0.));
#2699 = ORIENTED_EDGE('',*,*,#2496,.F.);
#2700 = ORIENTED_EDGE('',*,*,#2701,.T.);
#2701 = EDGE_CURVE('',#2497,#2687,#2702,.T.);
#2702 = LINE('',#2703,#2704);
#2703 = CARTESIAN_POINT('',(3.925,-0.525,2.575));
#2704 = VECTOR('',#2705,1.);
#2705 = DIRECTION('',(0.,-1.,0.));
#2706 = PLANE('',#2707);
#2707 = AXIS2_PLACEMENT_3D('',#2708,#2709,#2710);
#2708 = CARTESIAN_POINT('',(3.075,-0.525,2.575));
#2709 = DIRECTION('',(0.,0.,-1.));
#2710 = DIRECTION('',(0.,-1.,0.));
#2711 = ADVANCED_FACE('',(#2712),#2730,.T.);
#2712 = FACE_BOUND('',#2713,.T.);
#2713 = EDGE_LOOP('',(#2714,#2715,#2716,#2724));
#2714 = ORIENTED_EDGE('',*,*,#2522,.F.);
#2715 = ORIENTED_EDGE('',*,*,#2694,.T.);
#2716 = ORIENTED_EDGE('',*,*,#2717,.T.);
#2717 = EDGE_CURVE('',#2685,#2718,#2720,.T.);
#2718 = VERTEX_POINT('',#2719);
#2719 = CARTESIAN_POINT('',(3.075,-6.,3.425));
#2720 = LINE('',#2721,#2722);
#2721 = CARTESIAN_POINT('',(3.075,-6.,2.575));
#2722 = VECTOR('',#2723,1.);
#2723 = DIRECTION('',(0.,0.,1.));
#2724 = ORIENTED_EDGE('',*,*,#2725,.T.);
#2725 = EDGE_CURVE('',#2718,#2515,#2726,.T.);
#2726 = LINE('',#2727,#2728);
#2727 = CARTESIAN_POINT('',(3.075,-6.6,3.425));
#2728 = VECTOR('',#2729,1.);
#2729 = DIRECTION('',(0.,1.,0.));
#2730 = PLANE('',#2731);
#2731 = AXIS2_PLACEMENT_3D('',#2732,#2733,#2734);
#2732 = CARTESIAN_POINT('',(3.075,-1.794638512893,1.307085432616));
#2733 = DIRECTION('',(-1.,-0.,-0.));
#2734 = DIRECTION('',(0.,0.,-1.));
#2735 = ADVANCED_FACE('',(#2736),#2754,.T.);
#2736 = FACE_BOUND('',#2737,.T.);
#2737 = EDGE_LOOP('',(#2738,#2739,#2747,#2753));
#2738 = ORIENTED_EDGE('',*,*,#2725,.F.);
#2739 = ORIENTED_EDGE('',*,*,#2740,.T.);
#2740 = EDGE_CURVE('',#2718,#2741,#2743,.T.);
#2741 = VERTEX_POINT('',#2742);
#2742 = CARTESIAN_POINT('',(3.925,-6.,3.425));
#2743 = LINE('',#2744,#2745);
#2744 = CARTESIAN_POINT('',(3.275,-6.,3.425));
#2745 = VECTOR('',#2746,1.);
#2746 = DIRECTION('',(1.,0.,0.));
#2747 = ORIENTED_EDGE('',*,*,#2748,.T.);
#2748 = EDGE_CURVE('',#2741,#2507,#2749,.T.);
#2749 = LINE('',#2750,#2751);
#2750 = CARTESIAN_POINT('',(3.925,-6.6,3.425));
#2751 = VECTOR('',#2752,1.);
#2752 = DIRECTION('',(0.,1.,0.));
#2753 = ORIENTED_EDGE('',*,*,#2514,.F.);
#2754 = PLANE('',#2755);
#2755 = AXIS2_PLACEMENT_3D('',#2756,#2757,#2758);
#2756 = CARTESIAN_POINT('',(3.075,-6.6,3.425));
#2757 = DIRECTION('',(0.,0.,1.));
#2758 = DIRECTION('',(0.,1.,0.));
#2759 = ADVANCED_FACE('',(#2760),#2771,.F.);
#2760 = FACE_BOUND('',#2761,.F.);
#2761 = EDGE_LOOP('',(#2762,#2763,#2764,#2770));
#2762 = ORIENTED_EDGE('',*,*,#2506,.F.);
#2763 = ORIENTED_EDGE('',*,*,#2701,.T.);
#2764 = ORIENTED_EDGE('',*,*,#2765,.T.);
#2765 = EDGE_CURVE('',#2687,#2741,#2766,.T.);
#2766 = LINE('',#2767,#2768);
#2767 = CARTESIAN_POINT('',(3.925,-6.,2.575));
#2768 = VECTOR('',#2769,1.);
#2769 = DIRECTION('',(0.,0.,1.));
#2770 = ORIENTED_EDGE('',*,*,#2748,.T.);
#2771 = PLANE('',#2772);
#2772 = AXIS2_PLACEMENT_3D('',#2773,#2774,#2775);
#2773 = CARTESIAN_POINT('',(3.925,-1.794638512893,1.307085432616));
#2774 = DIRECTION('',(-1.,-0.,-0.));
#2775 = DIRECTION('',(0.,0.,-1.));
#2776 = ADVANCED_FACE('',(#2777),#2802,.T.);
#2777 = FACE_BOUND('',#2778,.T.);
#2778 = EDGE_LOOP('',(#2779,#2780,#2788,#2796));
#2779 = ORIENTED_EDGE('',*,*,#2552,.F.);
#2780 = ORIENTED_EDGE('',*,*,#2781,.T.);
#2781 = EDGE_CURVE('',#2553,#2782,#2784,.T.);
#2782 = VERTEX_POINT('',#2783);
#2783 = CARTESIAN_POINT('',(6.575,-6.,2.575));
#2784 = LINE('',#2785,#2786);
#2785 = CARTESIAN_POINT('',(6.575,-0.525,2.575));
#2786 = VECTOR('',#2787,1.);
#2787 = DIRECTION('',(0.,-1.,0.));
#2788 = ORIENTED_EDGE('',*,*,#2789,.T.);
#2789 = EDGE_CURVE('',#2782,#2790,#2792,.T.);
#2790 = VERTEX_POINT('',#2791);
#2791 = CARTESIAN_POINT('',(6.575,-6.,3.425));
#2792 = LINE('',#2793,#2794);
#2793 = CARTESIAN_POINT('',(6.575,-6.,2.575));
#2794 = VECTOR('',#2795,1.);
#2795 = DIRECTION('',(0.,0.,1.));
#2796 = ORIENTED_EDGE('',*,*,#2797,.T.);
#2797 = EDGE_CURVE('',#2790,#2555,#2798,.T.);
#2798 = LINE('',#2799,#2800);
#2799 = CARTESIAN_POINT('',(6.575,-6.6,3.425));
#2800 = VECTOR('',#2801,1.);
#2801 = DIRECTION('',(0.,1.,0.));
#2802 = PLANE('',#2803);
#2803 = AXIS2_PLACEMENT_3D('',#2804,#2805,#2806);
#2804 = CARTESIAN_POINT('',(6.575,-1.794638512893,1.307085432616));
#2805 = DIRECTION('',(-1.,-0.,-0.));
#2806 = DIRECTION('',(0.,0.,-1.));
#2807 = ADVANCED_FACE('',(#2808),#2826,.T.);
#2808 = FACE_BOUND('',#2809,.T.);
#2809 = EDGE_LOOP('',(#2810,#2811,#2819,#2825));
#2810 = ORIENTED_EDGE('',*,*,#2797,.F.);
#2811 = ORIENTED_EDGE('',*,*,#2812,.T.);
#2812 = EDGE_CURVE('',#2790,#2813,#2815,.T.);
#2813 = VERTEX_POINT('',#2814);
#2814 = CARTESIAN_POINT('',(7.425,-6.,3.425));
#2815 = LINE('',#2816,#2817);
#2816 = CARTESIAN_POINT('',(6.775,-6.,3.425));
#2817 = VECTOR('',#2818,1.);
#2818 = DIRECTION('',(1.,0.,0.));
#2819 = ORIENTED_EDGE('',*,*,#2820,.T.);
#2820 = EDGE_CURVE('',#2813,#2571,#2821,.T.);
#2821 = LINE('',#2822,#2823);
#2822 = CARTESIAN_POINT('',(7.425,-6.6,3.425));
#2823 = VECTOR('',#2824,1.);
#2824 = DIRECTION('',(0.,1.,0.));
#2825 = ORIENTED_EDGE('',*,*,#2578,.F.);
#2826 = PLANE('',#2827);
#2827 = AXIS2_PLACEMENT_3D('',#2828,#2829,#2830);
#2828 = CARTESIAN_POINT('',(6.575,-6.6,3.425));
#2829 = DIRECTION('',(0.,0.,1.));
#2830 = DIRECTION('',(0.,1.,0.));
#2831 = ADVANCED_FACE('',(#2832),#2850,.F.);
#2832 = FACE_BOUND('',#2833,.F.);
#2833 = EDGE_LOOP('',(#2834,#2835,#2843,#2849));
#2834 = ORIENTED_EDGE('',*,*,#2570,.F.);
#2835 = ORIENTED_EDGE('',*,*,#2836,.T.);
#2836 = EDGE_CURVE('',#2563,#2837,#2839,.T.);
#2837 = VERTEX_POINT('',#2838);
#2838 = CARTESIAN_POINT('',(7.425,-6.,2.575));
#2839 = LINE('',#2840,#2841);
#2840 = CARTESIAN_POINT('',(7.425,-0.525,2.575));
#2841 = VECTOR('',#2842,1.);
#2842 = DIRECTION('',(0.,-1.,0.));
#2843 = ORIENTED_EDGE('',*,*,#2844,.T.);
#2844 = EDGE_CURVE('',#2837,#2813,#2845,.T.);
#2845 = LINE('',#2846,#2847);
#2846 = CARTESIAN_POINT('',(7.425,-6.,2.575));
#2847 = VECTOR('',#2848,1.);
#2848 = DIRECTION('',(0.,0.,1.));
#2849 = ORIENTED_EDGE('',*,*,#2820,.T.);
#2850 = PLANE('',#2851);
#2851 = AXIS2_PLACEMENT_3D('',#2852,#2853,#2854);
#2852 = CARTESIAN_POINT('',(7.425,-1.794638512893,1.307085432616));
#2853 = DIRECTION('',(-1.,-0.,-0.));
#2854 = DIRECTION('',(0.,0.,-1.));
#2855 = ADVANCED_FACE('',(#2856),#2867,.T.);
#2856 = FACE_BOUND('',#2857,.T.);
#2857 = EDGE_LOOP('',(#2858,#2864,#2865,#2866));
#2858 = ORIENTED_EDGE('',*,*,#2859,.F.);
#2859 = EDGE_CURVE('',#2782,#2837,#2860,.T.);
#2860 = LINE('',#2861,#2862);
#2861 = CARTESIAN_POINT('',(6.775,-6.,2.575));
#2862 = VECTOR('',#2863,1.);
#2863 = DIRECTION('',(1.,0.,0.));
#2864 = ORIENTED_EDGE('',*,*,#2781,.F.);
#2865 = ORIENTED_EDGE('',*,*,#2562,.F.);
#2866 = ORIENTED_EDGE('',*,*,#2836,.T.);
#2867 = PLANE('',#2868);
#2868 = AXIS2_PLACEMENT_3D('',#2869,#2870,#2871);
#2869 = CARTESIAN_POINT('',(6.575,-0.525,2.575));
#2870 = DIRECTION('',(0.,0.,-1.));
#2871 = DIRECTION('',(0.,-1.,0.));
#2872 = ADVANCED_FACE('',(#2873),#2898,.T.);
#2873 = FACE_BOUND('',#2874,.T.);
#2874 = EDGE_LOOP('',(#2875,#2876,#2884,#2892));
#2875 = ORIENTED_EDGE('',*,*,#2608,.F.);
#2876 = ORIENTED_EDGE('',*,*,#2877,.T.);
#2877 = EDGE_CURVE('',#2609,#2878,#2880,.T.);
#2878 = VERTEX_POINT('',#2879);
#2879 = CARTESIAN_POINT('',(-0.425,-6.,2.575));
#2880 = LINE('',#2881,#2882);
#2881 = CARTESIAN_POINT('',(-0.425,-0.525,2.575));
#2882 = VECTOR('',#2883,1.);
#2883 = DIRECTION('',(0.,-1.,0.));
#2884 = ORIENTED_EDGE('',*,*,#2885,.T.);
#2885 = EDGE_CURVE('',#2878,#2886,#2888,.T.);
#2886 = VERTEX_POINT('',#2887);
#2887 = CARTESIAN_POINT('',(-0.425,-6.,3.425));
#2888 = LINE('',#2889,#2890);
#2889 = CARTESIAN_POINT('',(-0.425,-6.,2.575));
#2890 = VECTOR('',#2891,1.);
#2891 = DIRECTION('',(0.,0.,1.));
#2892 = ORIENTED_EDGE('',*,*,#2893,.T.);
#2893 = EDGE_CURVE('',#2886,#2611,#2894,.T.);
#2894 = LINE('',#2895,#2896);
#2895 = CARTESIAN_POINT('',(-0.425,-6.6,3.425));
#2896 = VECTOR('',#2897,1.);
#2897 = DIRECTION('',(0.,1.,0.));
#2898 = PLANE('',#2899);
#2899 = AXIS2_PLACEMENT_3D('',#2900,#2901,#2902);
#2900 = CARTESIAN_POINT('',(-0.425,-1.794638512893,1.307085432616));
#2901 = DIRECTION('',(-1.,-0.,-0.));
#2902 = DIRECTION('',(0.,0.,-1.));
#2903 = ADVANCED_FACE('',(#2904),#2922,.T.);
#2904 = FACE_BOUND('',#2905,.T.);
#2905 = EDGE_LOOP('',(#2906,#2907,#2915,#2921));
#2906 = ORIENTED_EDGE('',*,*,#2893,.F.);
#2907 = ORIENTED_EDGE('',*,*,#2908,.T.);
#2908 = EDGE_CURVE('',#2886,#2909,#2911,.T.);
#2909 = VERTEX_POINT('',#2910);
#2910 = CARTESIAN_POINT('',(0.425,-6.,3.425));
#2911 = LINE('',#2912,#2913);
#2912 = CARTESIAN_POINT('',(-0.225,-6.,3.425));
#2913 = VECTOR('',#2914,1.);
#2914 = DIRECTION('',(1.,0.,0.));
#2915 = ORIENTED_EDGE('',*,*,#2916,.T.);
#2916 = EDGE_CURVE('',#2909,#2627,#2917,.T.);
#2917 = LINE('',#2918,#2919);
#2918 = CARTESIAN_POINT('',(0.425,-6.6,3.425));
#2919 = VECTOR('',#2920,1.);
#2920 = DIRECTION('',(0.,1.,0.));
#2921 = ORIENTED_EDGE('',*,*,#2634,.F.);
#2922 = PLANE('',#2923);
#2923 = AXIS2_PLACEMENT_3D('',#2924,#2925,#2926);
#2924 = CARTESIAN_POINT('',(-0.425,-6.6,3.425));
#2925 = DIRECTION('',(0.,0.,1.));
#2926 = DIRECTION('',(0.,1.,0.));
#2927 = ADVANCED_FACE('',(#2928),#2946,.F.);
#2928 = FACE_BOUND('',#2929,.F.);
#2929 = EDGE_LOOP('',(#2930,#2931,#2939,#2945));
#2930 = ORIENTED_EDGE('',*,*,#2626,.F.);
#2931 = ORIENTED_EDGE('',*,*,#2932,.T.);
#2932 = EDGE_CURVE('',#2619,#2933,#2935,.T.);
#2933 = VERTEX_POINT('',#2934);
#2934 = CARTESIAN_POINT('',(0.425,-6.,2.575));
#2935 = LINE('',#2936,#2937);
#2936 = CARTESIAN_POINT('',(0.425,-0.525,2.575));
#2937 = VECTOR('',#2938,1.);
#2938 = DIRECTION('',(0.,-1.,0.));
#2939 = ORIENTED_EDGE('',*,*,#2940,.T.);
#2940 = EDGE_CURVE('',#2933,#2909,#2941,.T.);
#2941 = LINE('',#2942,#2943);
#2942 = CARTESIAN_POINT('',(0.425,-6.,2.575));
#2943 = VECTOR('',#2944,1.);
#2944 = DIRECTION('',(0.,0.,1.));
#2945 = ORIENTED_EDGE('',*,*,#2916,.T.);
#2946 = PLANE('',#2947);
#2947 = AXIS2_PLACEMENT_3D('',#2948,#2949,#2950);
#2948 = CARTESIAN_POINT('',(0.425,-1.794638512893,1.307085432616));
#2949 = DIRECTION('',(-1.,-0.,-0.));
#2950 = DIRECTION('',(0.,0.,-1.));
#2951 = ADVANCED_FACE('',(#2952),#2963,.T.);
#2952 = FACE_BOUND('',#2953,.T.);
#2953 = EDGE_LOOP('',(#2954,#2960,#2961,#2962));
#2954 = ORIENTED_EDGE('',*,*,#2955,.F.);
#2955 = EDGE_CURVE('',#2878,#2933,#2956,.T.);
#2956 = LINE('',#2957,#2958);
#2957 = CARTESIAN_POINT('',(-0.225,-6.,2.575));
#2958 = VECTOR('',#2959,1.);
#2959 = DIRECTION('',(1.,0.,0.));
#2960 = ORIENTED_EDGE('',*,*,#2877,.F.);
#2961 = ORIENTED_EDGE('',*,*,#2618,.F.);
#2962 = ORIENTED_EDGE('',*,*,#2932,.T.);
#2963 = PLANE('',#2964);
#2964 = AXIS2_PLACEMENT_3D('',#2965,#2966,#2967);
#2965 = CARTESIAN_POINT('',(-0.425,-0.525,2.575));
#2966 = DIRECTION('',(0.,0.,-1.));
#2967 = DIRECTION('',(0.,-1.,0.));
#2968 = ADVANCED_FACE('',(#2969),#2994,.T.);
#2969 = FACE_BOUND('',#2970,.F.);
#2970 = EDGE_LOOP('',(#2971,#2979,#2987,#2993));
#2971 = ORIENTED_EDGE('',*,*,#2972,.F.);
#2972 = EDGE_CURVE('',#2973,#2685,#2975,.T.);
#2973 = VERTEX_POINT('',#2974);
#2974 = CARTESIAN_POINT('',(3.275,-6.6,2.775));
#2975 = LINE('',#2976,#2977);
#2976 = CARTESIAN_POINT('',(3.175,-6.3,2.675));
#2977 = VECTOR('',#2978,1.);
#2978 = DIRECTION('',(-0.301511344578,0.904534033733,-0.301511344578));
#2979 = ORIENTED_EDGE('',*,*,#2980,.T.);
#2980 = EDGE_CURVE('',#2973,#2981,#2983,.T.);
#2981 = VERTEX_POINT('',#2982);
#2982 = CARTESIAN_POINT('',(3.725,-6.6,2.775));
#2983 = LINE('',#2984,#2985);
#2984 = CARTESIAN_POINT('',(3.275,-6.6,2.775));
#2985 = VECTOR('',#2986,1.);
#2986 = DIRECTION('',(1.,0.,0.));
#2987 = ORIENTED_EDGE('',*,*,#2988,.T.);
#2988 = EDGE_CURVE('',#2981,#2687,#2989,.T.);
#2989 = LINE('',#2990,#2991);
#2990 = CARTESIAN_POINT('',(3.804545454545,-6.361363636364,
    2.695454545455));
#2991 = VECTOR('',#2992,1.);
#2992 = DIRECTION('',(0.301511344578,0.904534033733,-0.301511344578));
#2993 = ORIENTED_EDGE('',*,*,#2684,.F.);
#2994 = PLANE('',#2995);
#2995 = AXIS2_PLACEMENT_3D('',#2996,#2997,#2998);
#2996 = CARTESIAN_POINT('',(3.275,-6.3,2.675));
#2997 = DIRECTION('',(0.,-0.316227766017,-0.948683298051));
#2998 = DIRECTION('',(-1.,-0.,0.));
#2999 = ADVANCED_FACE('',(#3000),#3018,.T.);
#3000 = FACE_BOUND('',#3001,.T.);
#3001 = EDGE_LOOP('',(#3002,#3010,#3016,#3017));
#3002 = ORIENTED_EDGE('',*,*,#3003,.T.);
#3003 = EDGE_CURVE('',#2973,#3004,#3006,.T.);
#3004 = VERTEX_POINT('',#3005);
#3005 = CARTESIAN_POINT('',(3.275,-6.6,3.225));
#3006 = LINE('',#3007,#3008);
#3007 = CARTESIAN_POINT('',(3.275,-6.6,2.575));
#3008 = VECTOR('',#3009,1.);
#3009 = DIRECTION('',(0.,0.,1.));
#3010 = ORIENTED_EDGE('',*,*,#3011,.T.);
#3011 = EDGE_CURVE('',#3004,#2718,#3012,.T.);
#3012 = LINE('',#3013,#3014);
#3013 = CARTESIAN_POINT('',(3.213636363636,-6.415909090909,
    3.286363636364));
#3014 = VECTOR('',#3015,1.);
#3015 = DIRECTION('',(-0.301511344578,0.904534033733,0.301511344578));
#3016 = ORIENTED_EDGE('',*,*,#2717,.F.);
#3017 = ORIENTED_EDGE('',*,*,#2972,.F.);
#3018 = PLANE('',#3019);
#3019 = AXIS2_PLACEMENT_3D('',#3020,#3021,#3022);
#3020 = CARTESIAN_POINT('',(3.175,-6.3,2.575));
#3021 = DIRECTION('',(-0.948683298051,-0.316227766017,3.476378920805E-18
    ));
#3022 = DIRECTION('',(3.297982619863E-18,1.099327539955E-18,1.));
#3023 = ADVANCED_FACE('',(#3024),#3042,.T.);
#3024 = FACE_BOUND('',#3025,.T.);
#3025 = EDGE_LOOP('',(#3026,#3027,#3035,#3041));
#3026 = ORIENTED_EDGE('',*,*,#3011,.F.);
#3027 = ORIENTED_EDGE('',*,*,#3028,.T.);
#3028 = EDGE_CURVE('',#3004,#3029,#3031,.T.);
#3029 = VERTEX_POINT('',#3030);
#3030 = CARTESIAN_POINT('',(3.725,-6.6,3.225));
#3031 = LINE('',#3032,#3033);
#3032 = CARTESIAN_POINT('',(3.275,-6.6,3.225));
#3033 = VECTOR('',#3034,1.);
#3034 = DIRECTION('',(1.,0.,0.));
#3035 = ORIENTED_EDGE('',*,*,#3036,.T.);
#3036 = EDGE_CURVE('',#3029,#2741,#3037,.T.);
#3037 = LINE('',#3038,#3039);
#3038 = CARTESIAN_POINT('',(3.765909090909,-6.477272727273,
    3.265909090909));
#3039 = VECTOR('',#3040,1.);
#3040 = DIRECTION('',(0.301511344578,0.904534033733,0.301511344578));
#3041 = ORIENTED_EDGE('',*,*,#2740,.F.);
#3042 = PLANE('',#3043);
#3043 = AXIS2_PLACEMENT_3D('',#3044,#3045,#3046);
#3044 = CARTESIAN_POINT('',(3.275,-6.3,3.325));
#3045 = DIRECTION('',(0.,-0.316227766017,0.948683298051));
#3046 = DIRECTION('',(1.,0.,0.));
#3047 = ADVANCED_FACE('',(#3048),#3059,.F.);
#3048 = FACE_BOUND('',#3049,.F.);
#3049 = EDGE_LOOP('',(#3050,#3056,#3057,#3058));
#3050 = ORIENTED_EDGE('',*,*,#3051,.T.);
#3051 = EDGE_CURVE('',#2981,#3029,#3052,.T.);
#3052 = LINE('',#3053,#3054);
#3053 = CARTESIAN_POINT('',(3.725,-6.6,2.575));
#3054 = VECTOR('',#3055,1.);
#3055 = DIRECTION('',(0.,0.,1.));
#3056 = ORIENTED_EDGE('',*,*,#3036,.T.);
#3057 = ORIENTED_EDGE('',*,*,#2765,.F.);
#3058 = ORIENTED_EDGE('',*,*,#2988,.F.);
#3059 = PLANE('',#3060);
#3060 = AXIS2_PLACEMENT_3D('',#3061,#3062,#3063);
#3061 = CARTESIAN_POINT('',(3.825,-6.3,2.575));
#3062 = DIRECTION('',(-0.948683298051,0.316227766017,-3.476378920805E-18
    ));
#3063 = DIRECTION('',(-3.297982619863E-18,1.099327539955E-18,1.));
#3064 = ADVANCED_FACE('',(#3065),#3090,.T.);
#3065 = FACE_BOUND('',#3066,.T.);
#3066 = EDGE_LOOP('',(#3067,#3077,#3083,#3084));
#3067 = ORIENTED_EDGE('',*,*,#3068,.T.);
#3068 = EDGE_CURVE('',#3069,#3071,#3073,.T.);
#3069 = VERTEX_POINT('',#3070);
#3070 = CARTESIAN_POINT('',(6.775,-6.6,2.775));
#3071 = VERTEX_POINT('',#3072);
#3072 = CARTESIAN_POINT('',(6.775,-6.6,3.225));
#3073 = LINE('',#3074,#3075);
#3074 = CARTESIAN_POINT('',(6.775,-6.6,2.575));
#3075 = VECTOR('',#3076,1.);
#3076 = DIRECTION('',(0.,0.,1.));
#3077 = ORIENTED_EDGE('',*,*,#3078,.T.);
#3078 = EDGE_CURVE('',#3071,#2790,#3079,.T.);
#3079 = LINE('',#3080,#3081);
#3080 = CARTESIAN_POINT('',(6.713636363636,-6.415909090909,
    3.286363636364));
#3081 = VECTOR('',#3082,1.);
#3082 = DIRECTION('',(-0.301511344578,0.904534033733,0.301511344578));
#3083 = ORIENTED_EDGE('',*,*,#2789,.F.);
#3084 = ORIENTED_EDGE('',*,*,#3085,.F.);
#3085 = EDGE_CURVE('',#3069,#2782,#3086,.T.);
#3086 = LINE('',#3087,#3088);
#3087 = CARTESIAN_POINT('',(6.675,-6.3,2.675));
#3088 = VECTOR('',#3089,1.);
#3089 = DIRECTION('',(-0.301511344578,0.904534033733,-0.301511344578));
#3090 = PLANE('',#3091);
#3091 = AXIS2_PLACEMENT_3D('',#3092,#3093,#3094);
#3092 = CARTESIAN_POINT('',(6.675,-6.3,2.575));
#3093 = DIRECTION('',(-0.948683298051,-0.316227766017,3.476378920805E-18
    ));
#3094 = DIRECTION('',(3.297982619863E-18,1.099327539955E-18,1.));
#3095 = ADVANCED_FACE('',(#3096),#3114,.T.);
#3096 = FACE_BOUND('',#3097,.T.);
#3097 = EDGE_LOOP('',(#3098,#3099,#3107,#3113));
#3098 = ORIENTED_EDGE('',*,*,#3078,.F.);
#3099 = ORIENTED_EDGE('',*,*,#3100,.T.);
#3100 = EDGE_CURVE('',#3071,#3101,#3103,.T.);
#3101 = VERTEX_POINT('',#3102);
#3102 = CARTESIAN_POINT('',(7.225,-6.6,3.225));
#3103 = LINE('',#3104,#3105);
#3104 = CARTESIAN_POINT('',(6.775,-6.6,3.225));
#3105 = VECTOR('',#3106,1.);
#3106 = DIRECTION('',(1.,0.,0.));
#3107 = ORIENTED_EDGE('',*,*,#3108,.T.);
#3108 = EDGE_CURVE('',#3101,#2813,#3109,.T.);
#3109 = LINE('',#3110,#3111);
#3110 = CARTESIAN_POINT('',(7.265909090909,-6.477272727273,
    3.265909090909));
#3111 = VECTOR('',#3112,1.);
#3112 = DIRECTION('',(0.301511344578,0.904534033733,0.301511344578));
#3113 = ORIENTED_EDGE('',*,*,#2812,.F.);
#3114 = PLANE('',#3115);
#3115 = AXIS2_PLACEMENT_3D('',#3116,#3117,#3118);
#3116 = CARTESIAN_POINT('',(6.775,-6.3,3.325));
#3117 = DIRECTION('',(0.,-0.316227766017,0.948683298051));
#3118 = DIRECTION('',(1.,0.,0.));
#3119 = ADVANCED_FACE('',(#3120),#3138,.F.);
#3120 = FACE_BOUND('',#3121,.F.);
#3121 = EDGE_LOOP('',(#3122,#3130,#3131,#3132));
#3122 = ORIENTED_EDGE('',*,*,#3123,.T.);
#3123 = EDGE_CURVE('',#3124,#3101,#3126,.T.);
#3124 = VERTEX_POINT('',#3125);
#3125 = CARTESIAN_POINT('',(7.225,-6.6,2.775));
#3126 = LINE('',#3127,#3128);
#3127 = CARTESIAN_POINT('',(7.225,-6.6,2.575));
#3128 = VECTOR('',#3129,1.);
#3129 = DIRECTION('',(0.,0.,1.));
#3130 = ORIENTED_EDGE('',*,*,#3108,.T.);
#3131 = ORIENTED_EDGE('',*,*,#2844,.F.);
#3132 = ORIENTED_EDGE('',*,*,#3133,.F.);
#3133 = EDGE_CURVE('',#3124,#2837,#3134,.T.);
#3134 = LINE('',#3135,#3136);
#3135 = CARTESIAN_POINT('',(7.304545454545,-6.361363636364,
    2.695454545455));
#3136 = VECTOR('',#3137,1.);
#3137 = DIRECTION('',(0.301511344578,0.904534033733,-0.301511344578));
#3138 = PLANE('',#3139);
#3139 = AXIS2_PLACEMENT_3D('',#3140,#3141,#3142);
#3140 = CARTESIAN_POINT('',(7.325,-6.3,2.575));
#3141 = DIRECTION('',(-0.948683298051,0.316227766017,-3.476378920805E-18
    ));
#3142 = DIRECTION('',(-3.297982619863E-18,1.099327539955E-18,1.));
#3143 = ADVANCED_FACE('',(#3144),#3155,.T.);
#3144 = FACE_BOUND('',#3145,.F.);
#3145 = EDGE_LOOP('',(#3146,#3147,#3153,#3154));
#3146 = ORIENTED_EDGE('',*,*,#3085,.F.);
#3147 = ORIENTED_EDGE('',*,*,#3148,.T.);
#3148 = EDGE_CURVE('',#3069,#3124,#3149,.T.);
#3149 = LINE('',#3150,#3151);
#3150 = CARTESIAN_POINT('',(6.775,-6.6,2.775));
#3151 = VECTOR('',#3152,1.);
#3152 = DIRECTION('',(1.,0.,0.));
#3153 = ORIENTED_EDGE('',*,*,#3133,.T.);
#3154 = ORIENTED_EDGE('',*,*,#2859,.F.);
#3155 = PLANE('',#3156);
#3156 = AXIS2_PLACEMENT_3D('',#3157,#3158,#3159);
#3157 = CARTESIAN_POINT('',(6.775,-6.3,2.675));
#3158 = DIRECTION('',(0.,-0.316227766017,-0.948683298051));
#3159 = DIRECTION('',(-1.,-0.,0.));
#3160 = ADVANCED_FACE('',(#3161),#3186,.T.);
#3161 = FACE_BOUND('',#3162,.T.);
#3162 = EDGE_LOOP('',(#3163,#3173,#3179,#3180));
#3163 = ORIENTED_EDGE('',*,*,#3164,.T.);
#3164 = EDGE_CURVE('',#3165,#3167,#3169,.T.);
#3165 = VERTEX_POINT('',#3166);
#3166 = CARTESIAN_POINT('',(-0.225,-6.6,2.775));
#3167 = VERTEX_POINT('',#3168);
#3168 = CARTESIAN_POINT('',(-0.225,-6.6,3.225));
#3169 = LINE('',#3170,#3171);
#3170 = CARTESIAN_POINT('',(-0.225,-6.6,2.575));
#3171 = VECTOR('',#3172,1.);
#3172 = DIRECTION('',(0.,0.,1.));
#3173 = ORIENTED_EDGE('',*,*,#3174,.T.);
#3174 = EDGE_CURVE('',#3167,#2886,#3175,.T.);
#3175 = LINE('',#3176,#3177);
#3176 = CARTESIAN_POINT('',(-0.286363636364,-6.415909090909,
    3.286363636364));
#3177 = VECTOR('',#3178,1.);
#3178 = DIRECTION('',(-0.301511344578,0.904534033733,0.301511344578));
#3179 = ORIENTED_EDGE('',*,*,#2885,.F.);
#3180 = ORIENTED_EDGE('',*,*,#3181,.F.);
#3181 = EDGE_CURVE('',#3165,#2878,#3182,.T.);
#3182 = LINE('',#3183,#3184);
#3183 = CARTESIAN_POINT('',(-0.325,-6.3,2.675));
#3184 = VECTOR('',#3185,1.);
#3185 = DIRECTION('',(-0.301511344578,0.904534033733,-0.301511344578));
#3186 = PLANE('',#3187);
#3187 = AXIS2_PLACEMENT_3D('',#3188,#3189,#3190);
#3188 = CARTESIAN_POINT('',(-0.325,-6.3,2.575));
#3189 = DIRECTION('',(-0.948683298051,-0.316227766017,3.476378920805E-18
    ));
#3190 = DIRECTION('',(3.297982619863E-18,1.099327539955E-18,1.));
#3191 = ADVANCED_FACE('',(#3192),#3210,.T.);
#3192 = FACE_BOUND('',#3193,.T.);
#3193 = EDGE_LOOP('',(#3194,#3195,#3203,#3209));
#3194 = ORIENTED_EDGE('',*,*,#3174,.F.);
#3195 = ORIENTED_EDGE('',*,*,#3196,.T.);
#3196 = EDGE_CURVE('',#3167,#3197,#3199,.T.);
#3197 = VERTEX_POINT('',#3198);
#3198 = CARTESIAN_POINT('',(0.225,-6.6,3.225));
#3199 = LINE('',#3200,#3201);
#3200 = CARTESIAN_POINT('',(-0.225,-6.6,3.225));
#3201 = VECTOR('',#3202,1.);
#3202 = DIRECTION('',(1.,0.,0.));
#3203 = ORIENTED_EDGE('',*,*,#3204,.T.);
#3204 = EDGE_CURVE('',#3197,#2909,#3205,.T.);
#3205 = LINE('',#3206,#3207);
#3206 = CARTESIAN_POINT('',(0.265909090909,-6.477272727273,
    3.265909090909));
#3207 = VECTOR('',#3208,1.);
#3208 = DIRECTION('',(0.301511344578,0.904534033733,0.301511344578));
#3209 = ORIENTED_EDGE('',*,*,#2908,.F.);
#3210 = PLANE('',#3211);
#3211 = AXIS2_PLACEMENT_3D('',#3212,#3213,#3214);
#3212 = CARTESIAN_POINT('',(-0.225,-6.3,3.325));
#3213 = DIRECTION('',(0.,-0.316227766017,0.948683298051));
#3214 = DIRECTION('',(1.,0.,0.));
#3215 = ADVANCED_FACE('',(#3216),#3234,.F.);
#3216 = FACE_BOUND('',#3217,.F.);
#3217 = EDGE_LOOP('',(#3218,#3226,#3227,#3228));
#3218 = ORIENTED_EDGE('',*,*,#3219,.T.);
#3219 = EDGE_CURVE('',#3220,#3197,#3222,.T.);
#3220 = VERTEX_POINT('',#3221);
#3221 = CARTESIAN_POINT('',(0.225,-6.6,2.775));
#3222 = LINE('',#3223,#3224);
#3223 = CARTESIAN_POINT('',(0.225,-6.6,2.575));
#3224 = VECTOR('',#3225,1.);
#3225 = DIRECTION('',(0.,0.,1.));
#3226 = ORIENTED_EDGE('',*,*,#3204,.T.);
#3227 = ORIENTED_EDGE('',*,*,#2940,.F.);
#3228 = ORIENTED_EDGE('',*,*,#3229,.F.);
#3229 = EDGE_CURVE('',#3220,#2933,#3230,.T.);
#3230 = LINE('',#3231,#3232);
#3231 = CARTESIAN_POINT('',(0.304545454545,-6.361363636364,
    2.695454545455));
#3232 = VECTOR('',#3233,1.);
#3233 = DIRECTION('',(0.301511344578,0.904534033733,-0.301511344578));
#3234 = PLANE('',#3235);
#3235 = AXIS2_PLACEMENT_3D('',#3236,#3237,#3238);
#3236 = CARTESIAN_POINT('',(0.325,-6.3,2.575));
#3237 = DIRECTION('',(-0.948683298051,0.316227766017,-3.476378920805E-18
    ));
#3238 = DIRECTION('',(-3.297982619863E-18,1.099327539955E-18,1.));
#3239 = ADVANCED_FACE('',(#3240),#3251,.T.);
#3240 = FACE_BOUND('',#3241,.F.);
#3241 = EDGE_LOOP('',(#3242,#3243,#3249,#3250));
#3242 = ORIENTED_EDGE('',*,*,#3181,.F.);
#3243 = ORIENTED_EDGE('',*,*,#3244,.T.);
#3244 = EDGE_CURVE('',#3165,#3220,#3245,.T.);
#3245 = LINE('',#3246,#3247);
#3246 = CARTESIAN_POINT('',(-0.225,-6.6,2.775));
#3247 = VECTOR('',#3248,1.);
#3248 = DIRECTION('',(1.,0.,0.));
#3249 = ORIENTED_EDGE('',*,*,#3229,.T.);
#3250 = ORIENTED_EDGE('',*,*,#2955,.F.);
#3251 = PLANE('',#3252);
#3252 = AXIS2_PLACEMENT_3D('',#3253,#3254,#3255);
#3253 = CARTESIAN_POINT('',(-0.225,-6.3,2.675));
#3254 = DIRECTION('',(0.,-0.316227766017,-0.948683298051));
#3255 = DIRECTION('',(-1.,-0.,0.));
#3256 = ADVANCED_FACE('',(#3257),#3263,.T.);
#3257 = FACE_BOUND('',#3258,.T.);
#3258 = EDGE_LOOP('',(#3259,#3260,#3261,#3262));
#3259 = ORIENTED_EDGE('',*,*,#3003,.F.);
#3260 = ORIENTED_EDGE('',*,*,#2980,.T.);
#3261 = ORIENTED_EDGE('',*,*,#3051,.T.);
#3262 = ORIENTED_EDGE('',*,*,#3028,.F.);
#3263 = PLANE('',#3264);
#3264 = AXIS2_PLACEMENT_3D('',#3265,#3266,#3267);
#3265 = CARTESIAN_POINT('',(3.075,-6.6,2.575));
#3266 = DIRECTION('',(0.,-1.,0.));
#3267 = DIRECTION('',(0.,0.,1.));
#3268 = ADVANCED_FACE('',(#3269),#3275,.T.);
#3269 = FACE_BOUND('',#3270,.T.);
#3270 = EDGE_LOOP('',(#3271,#3272,#3273,#3274));
#3271 = ORIENTED_EDGE('',*,*,#3068,.F.);
#3272 = ORIENTED_EDGE('',*,*,#3148,.T.);
#3273 = ORIENTED_EDGE('',*,*,#3123,.T.);
#3274 = ORIENTED_EDGE('',*,*,#3100,.F.);
#3275 = PLANE('',#3276);
#3276 = AXIS2_PLACEMENT_3D('',#3277,#3278,#3279);
#3277 = CARTESIAN_POINT('',(6.575,-6.6,2.575));
#3278 = DIRECTION('',(0.,-1.,0.));
#3279 = DIRECTION('',(0.,0.,1.));
#3280 = ADVANCED_FACE('',(#3281),#3287,.T.);
#3281 = FACE_BOUND('',#3282,.T.);
#3282 = EDGE_LOOP('',(#3283,#3284,#3285,#3286));
#3283 = ORIENTED_EDGE('',*,*,#3164,.F.);
#3284 = ORIENTED_EDGE('',*,*,#3244,.T.);
#3285 = ORIENTED_EDGE('',*,*,#3219,.T.);
#3286 = ORIENTED_EDGE('',*,*,#3196,.F.);
#3287 = PLANE('',#3288);
#3288 = AXIS2_PLACEMENT_3D('',#3289,#3290,#3291);
#3289 = CARTESIAN_POINT('',(-0.425,-6.6,2.575));
#3290 = DIRECTION('',(0.,-1.,0.));
#3291 = DIRECTION('',(0.,0.,1.));
#3292 = ( GEOMETRIC_REPRESENTATION_CONTEXT(3) 
GLOBAL_UNCERTAINTY_ASSIGNED_CONTEXT((#3296)) 
GLOBAL_UNIT_ASSIGNED_CONTEXT((#3293,#3294,#3295)) REPRESENTATION_CONTEXT
('Context #1','3D Context with UNIT and UNCERTAINTY') );
#3293 = ( LENGTH_UNIT() NAMED_UNIT(*) SI_UNIT(.MILLI.,.METRE.) );
#3294 = ( NAMED_UNIT(*) PLANE_ANGLE_UNIT() SI_UNIT($,.RADIAN.) );
#3295 = ( NAMED_UNIT(*) SI_UNIT($,.STERADIAN.) SOLID_ANGLE_UNIT() );
#3296 = UNCERTAINTY_MEASURE_WITH_UNIT(LENGTH_MEASURE(1.E-07),#3293,
  'distance_accuracy_value','confusion accuracy');
#3297 = CONTEXT_DEPENDENT_SHAPE_REPRESENTATION(#3298,#3300);
#3298 = ( REPRESENTATION_RELATIONSHIP('','',#159,#136) 
REPRESENTATION_RELATIONSHIP_WITH_TRANSFORMATION(#3299) 
SHAPE_REPRESENTATION_RELATIONSHIP() );
#3299 = ITEM_DEFINED_TRANSFORMATION('','',#11,#137);
#3300 = PRODUCT_DEFINITION_SHAPE('Placement','Placement of an item',
  #3301);
#3301 = NEXT_ASSEMBLY_USAGE_OCCURRENCE('1','=>[0:1:1:3]','',#131,#154,$
  );
#3302 = PRODUCT_RELATED_PRODUCT_CATEGORY('part',$,(#156));
#3303 = SHAPE_DEFINITION_REPRESENTATION(#3304,#3310);
#3304 = PRODUCT_DEFINITION_SHAPE('','',#3305);
#3305 = PRODUCT_DEFINITION('design','',#3306,#3309);
#3306 = PRODUCT_DEFINITION_FORMATION('','',#3307);
#3307 = PRODUCT('C_0805_2012Metric','C_0805_2012Metric','',(#3308));
#3308 = PRODUCT_CONTEXT('',#2,'mechanical');
#3309 = PRODUCT_DEFINITION_CONTEXT('part definition',#2,'design');
#3310 = SHAPE_REPRESENTATION('',(#11,#3311),#3315);
#3311 = AXIS2_PLACEMENT_3D('',#3312,#3313,#3314);
#3312 = CARTESIAN_POINT('',(0.,0.,0.));
#3313 = DIRECTION('',(0.,0.,1.));
#3314 = DIRECTION('',(1.,0.,-0.));
#3315 = ( GEOMETRIC_REPRESENTATION_CONTEXT(3) 
GLOBAL_UNCERTAINTY_ASSIGNED_CONTEXT((#3319)) 
GLOBAL_UNIT_ASSIGNED_CONTEXT((#3316,#3317,#3318)) REPRESENTATION_CONTEXT
('Context #1','3D Context with UNIT and UNCERTAINTY') );
#3316 = ( LENGTH_UNIT() NAMED_UNIT(*) SI_UNIT(.MILLI.,.METRE.) );
#3317 = ( NAMED_UNIT(*) PLANE_ANGLE_UNIT() SI_UNIT($,.RADIAN.) );
#3318 = ( NAMED_UNIT(*) SI_UNIT($,.STERADIAN.) SOLID_ANGLE_UNIT() );
#3319 = UNCERTAINTY_MEASURE_WITH_UNIT(LENGTH_MEASURE(1.E-07),#3316,
  'distance_accuracy_value','confusion accuracy');
#3320 = CONTEXT_DEPENDENT_SHAPE_REPRESENTATION(#3321,#3323);
#3321 = ( REPRESENTATION_RELATIONSHIP('','',#3310,#10) 
REPRESENTATION_RELATIONSHIP_WITH_TRANSFORMATION(#3322) 
SHAPE_REPRESENTATION_RELATIONSHIP() );
#3322 = ITEM_DEFINED_TRANSFORMATION('','',#11,#19);
#3323 = PRODUCT_DEFINITION_SHAPE('Placement','Placement of an item',
  #3324);
#3324 = NEXT_ASSEMBLY_USAGE_OCCURRENCE('4','C1','',#5,#3305,$);
#3325 = PRODUCT_RELATED_PRODUCT_CATEGORY('part',$,(#3307));
#3326 = SHAPE_DEFINITION_REPRESENTATION(#3327,#3333);
#3327 = PRODUCT_DEFINITION_SHAPE('','',#3328);
#3328 = PRODUCT_DEFINITION('design','',#3329,#3332);
#3329 = PRODUCT_DEFINITION_FORMATION('','',#3330);
#3330 = PRODUCT('C_0805_2012Metric','C_0805_2012Metric','',(#3331));
#3331 = PRODUCT_CONTEXT('',#2,'mechanical');
#3332 = PRODUCT_DEFINITION_CONTEXT('part definition',#2,'design');
#3333 = ADVANCED_BREP_SHAPE_REPRESENTATION('',(#11,#3334),#4188);
#3334 = MANIFOLD_SOLID_BREP('',#3335);
#3335 = CLOSED_SHELL('',(#3336,#3412,#3443,#3468,#3493,#3517,#3541,#3566
    ,#3591,#3608,#3694,#3726,#3750,#3775,#3799,#3824,#3848,#3873,#3890,
    #3976,#4007,#4032,#4057,#4081,#4105,#4130,#4155,#4172));
#3336 = ADVANCED_FACE('',(#3337),#3407,.F.);
#3337 = FACE_BOUND('',#3338,.F.);
#3338 = EDGE_LOOP('',(#3339,#3349,#3358,#3366,#3375,#3383,#3392,#3400));
#3339 = ORIENTED_EDGE('',*,*,#3340,.F.);
#3340 = EDGE_CURVE('',#3341,#3343,#3345,.T.);
#3341 = VERTEX_POINT('',#3342);
#3342 = CARTESIAN_POINT('',(-1.,-0.625,4.E-02));
#3343 = VERTEX_POINT('',#3344);
#3344 = CARTESIAN_POINT('',(-1.,-0.625,1.21));
#3345 = LINE('',#3346,#3347);
#3346 = CARTESIAN_POINT('',(-1.,-0.625,0.));
#3347 = VECTOR('',#3348,1.);
#3348 = DIRECTION('',(0.,0.,1.));
#3349 = ORIENTED_EDGE('',*,*,#3350,.T.);
#3350 = EDGE_CURVE('',#3341,#3351,#3353,.T.);
#3351 = VERTEX_POINT('',#3352);
#3352 = CARTESIAN_POINT('',(-1.,-0.585,0.));
#3353 = CIRCLE('',#3354,4.E-02);
#3354 = AXIS2_PLACEMENT_3D('',#3355,#3356,#3357);
#3355 = CARTESIAN_POINT('',(-1.,-0.585,4.E-02));
#3356 = DIRECTION('',(1.,0.,-0.));
#3357 = DIRECTION('',(0.,0.,1.));
#3358 = ORIENTED_EDGE('',*,*,#3359,.T.);
#3359 = EDGE_CURVE('',#3351,#3360,#3362,.T.);
#3360 = VERTEX_POINT('',#3361);
#3361 = CARTESIAN_POINT('',(-1.,0.585,0.));
#3362 = LINE('',#3363,#3364);
#3363 = CARTESIAN_POINT('',(-1.,-0.625,0.));
#3364 = VECTOR('',#3365,1.);
#3365 = DIRECTION('',(0.,1.,0.));
#3366 = ORIENTED_EDGE('',*,*,#3367,.F.);
#3367 = EDGE_CURVE('',#3368,#3360,#3370,.T.);
#3368 = VERTEX_POINT('',#3369);
#3369 = CARTESIAN_POINT('',(-1.,0.625,4.E-02));
#3370 = CIRCLE('',#3371,4.E-02);
#3371 = AXIS2_PLACEMENT_3D('',#3372,#3373,#3374);
#3372 = CARTESIAN_POINT('',(-1.,0.585,4.E-02));
#3373 = DIRECTION('',(-1.,0.,0.));
#3374 = DIRECTION('',(0.,0.,1.));
#3375 = ORIENTED_EDGE('',*,*,#3376,.T.);
#3376 = EDGE_CURVE('',#3368,#3377,#3379,.T.);
#3377 = VERTEX_POINT('',#3378);
#3378 = CARTESIAN_POINT('',(-1.,0.625,1.21));
#3379 = LINE('',#3380,#3381);
#3380 = CARTESIAN_POINT('',(-1.,0.625,0.));
#3381 = VECTOR('',#3382,1.);
#3382 = DIRECTION('',(0.,0.,1.));
#3383 = ORIENTED_EDGE('',*,*,#3384,.T.);
#3384 = EDGE_CURVE('',#3377,#3385,#3387,.T.);
#3385 = VERTEX_POINT('',#3386);
#3386 = CARTESIAN_POINT('',(-1.,0.585,1.25));
#3387 = CIRCLE('',#3388,4.E-02);
#3388 = AXIS2_PLACEMENT_3D('',#3389,#3390,#3391);
#3389 = CARTESIAN_POINT('',(-1.,0.585,1.21));
#3390 = DIRECTION('',(1.,0.,-0.));
#3391 = DIRECTION('',(0.,0.,1.));
#3392 = ORIENTED_EDGE('',*,*,#3393,.F.);
#3393 = EDGE_CURVE('',#3394,#3385,#3396,.T.);
#3394 = VERTEX_POINT('',#3395);
#3395 = CARTESIAN_POINT('',(-1.,-0.585,1.25));
#3396 = LINE('',#3397,#3398);
#3397 = CARTESIAN_POINT('',(-1.,-0.625,1.25));
#3398 = VECTOR('',#3399,1.);
#3399 = DIRECTION('',(0.,1.,0.));
#3400 = ORIENTED_EDGE('',*,*,#3401,.F.);
#3401 = EDGE_CURVE('',#3343,#3394,#3402,.T.);
#3402 = CIRCLE('',#3403,4.E-02);
#3403 = AXIS2_PLACEMENT_3D('',#3404,#3405,#3406);
#3404 = CARTESIAN_POINT('',(-1.,-0.585,1.21));
#3405 = DIRECTION('',(-1.,0.,0.));
#3406 = DIRECTION('',(0.,0.,1.));
#3407 = PLANE('',#3408);
#3408 = AXIS2_PLACEMENT_3D('',#3409,#3410,#3411);
#3409 = CARTESIAN_POINT('',(-1.,-0.625,0.));
#3410 = DIRECTION('',(1.,0.,0.));
#3411 = DIRECTION('',(0.,0.,1.));
#3412 = ADVANCED_FACE('',(#3413),#3438,.F.);
#3413 = FACE_BOUND('',#3414,.F.);
#3414 = EDGE_LOOP('',(#3415,#3425,#3431,#3432));
#3415 = ORIENTED_EDGE('',*,*,#3416,.F.);
#3416 = EDGE_CURVE('',#3417,#3419,#3421,.T.);
#3417 = VERTEX_POINT('',#3418);
#3418 = CARTESIAN_POINT('',(-0.6,-0.625,4.E-02));
#3419 = VERTEX_POINT('',#3420);
#3420 = CARTESIAN_POINT('',(-0.6,-0.625,1.21));
#3421 = LINE('',#3422,#3423);
#3422 = CARTESIAN_POINT('',(-0.6,-0.625,0.));
#3423 = VECTOR('',#3424,1.);
#3424 = DIRECTION('',(0.,0.,1.));
#3425 = ORIENTED_EDGE('',*,*,#3426,.F.);
#3426 = EDGE_CURVE('',#3341,#3417,#3427,.T.);
#3427 = LINE('',#3428,#3429);
#3428 = CARTESIAN_POINT('',(-1.,-0.625,4.E-02));
#3429 = VECTOR('',#3430,1.);
#3430 = DIRECTION('',(1.,0.,0.));
#3431 = ORIENTED_EDGE('',*,*,#3340,.T.);
#3432 = ORIENTED_EDGE('',*,*,#3433,.T.);
#3433 = EDGE_CURVE('',#3343,#3419,#3434,.T.);
#3434 = LINE('',#3435,#3436);
#3435 = CARTESIAN_POINT('',(-1.,-0.625,1.21));
#3436 = VECTOR('',#3437,1.);
#3437 = DIRECTION('',(1.,0.,0.));
#3438 = PLANE('',#3439);
#3439 = AXIS2_PLACEMENT_3D('',#3440,#3441,#3442);
#3440 = CARTESIAN_POINT('',(-1.,-0.625,0.));
#3441 = DIRECTION('',(0.,1.,0.));
#3442 = DIRECTION('',(0.,-0.,1.));
#3443 = ADVANCED_FACE('',(#3444),#3463,.T.);
#3444 = FACE_BOUND('',#3445,.T.);
#3445 = EDGE_LOOP('',(#3446,#3447,#3455,#3462));
#3446 = ORIENTED_EDGE('',*,*,#3350,.T.);
#3447 = ORIENTED_EDGE('',*,*,#3448,.T.);
#3448 = EDGE_CURVE('',#3351,#3449,#3451,.T.);
#3449 = VERTEX_POINT('',#3450);
#3450 = CARTESIAN_POINT('',(-0.6,-0.585,0.));
#3451 = LINE('',#3452,#3453);
#3452 = CARTESIAN_POINT('',(-1.,-0.585,0.));
#3453 = VECTOR('',#3454,1.);
#3454 = DIRECTION('',(1.,0.,0.));
#3455 = ORIENTED_EDGE('',*,*,#3456,.F.);
#3456 = EDGE_CURVE('',#3417,#3449,#3457,.T.);
#3457 = CIRCLE('',#3458,4.E-02);
#3458 = AXIS2_PLACEMENT_3D('',#3459,#3460,#3461);
#3459 = CARTESIAN_POINT('',(-0.6,-0.585,4.E-02));
#3460 = DIRECTION('',(1.,0.,-0.));
#3461 = DIRECTION('',(0.,0.,1.));
#3462 = ORIENTED_EDGE('',*,*,#3426,.F.);
#3463 = CYLINDRICAL_SURFACE('',#3464,4.E-02);
#3464 = AXIS2_PLACEMENT_3D('',#3465,#3466,#3467);
#3465 = CARTESIAN_POINT('',(-1.,-0.585,4.E-02));
#3466 = DIRECTION('',(1.,0.,0.));
#3467 = DIRECTION('',(0.,-1.,0.));
#3468 = ADVANCED_FACE('',(#3469),#3488,.T.);
#3469 = FACE_BOUND('',#3470,.T.);
#3470 = EDGE_LOOP('',(#3471,#3472,#3481,#3487));
#3471 = ORIENTED_EDGE('',*,*,#3433,.T.);
#3472 = ORIENTED_EDGE('',*,*,#3473,.T.);
#3473 = EDGE_CURVE('',#3419,#3474,#3476,.T.);
#3474 = VERTEX_POINT('',#3475);
#3475 = CARTESIAN_POINT('',(-0.6,-0.585,1.25));
#3476 = CIRCLE('',#3477,4.E-02);
#3477 = AXIS2_PLACEMENT_3D('',#3478,#3479,#3480);
#3478 = CARTESIAN_POINT('',(-0.6,-0.585,1.21));
#3479 = DIRECTION('',(-1.,0.,0.));
#3480 = DIRECTION('',(0.,0.,1.));
#3481 = ORIENTED_EDGE('',*,*,#3482,.F.);
#3482 = EDGE_CURVE('',#3394,#3474,#3483,.T.);
#3483 = LINE('',#3484,#3485);
#3484 = CARTESIAN_POINT('',(-1.,-0.585,1.25));
#3485 = VECTOR('',#3486,1.);
#3486 = DIRECTION('',(1.,0.,0.));
#3487 = ORIENTED_EDGE('',*,*,#3401,.F.);
#3488 = CYLINDRICAL_SURFACE('',#3489,4.E-02);
#3489 = AXIS2_PLACEMENT_3D('',#3490,#3491,#3492);
#3490 = CARTESIAN_POINT('',(-1.,-0.585,1.21));
#3491 = DIRECTION('',(1.,0.,0.));
#3492 = DIRECTION('',(0.,-1.,0.));
#3493 = ADVANCED_FACE('',(#3494),#3512,.F.);
#3494 = FACE_BOUND('',#3495,.F.);
#3495 = EDGE_LOOP('',(#3496,#3497,#3498,#3506));
#3496 = ORIENTED_EDGE('',*,*,#3359,.F.);
#3497 = ORIENTED_EDGE('',*,*,#3448,.T.);
#3498 = ORIENTED_EDGE('',*,*,#3499,.T.);
#3499 = EDGE_CURVE('',#3449,#3500,#3502,.T.);
#3500 = VERTEX_POINT('',#3501);
#3501 = CARTESIAN_POINT('',(-0.6,0.585,0.));
#3502 = LINE('',#3503,#3504);
#3503 = CARTESIAN_POINT('',(-0.6,-0.625,0.));
#3504 = VECTOR('',#3505,1.);
#3505 = DIRECTION('',(0.,1.,0.));
#3506 = ORIENTED_EDGE('',*,*,#3507,.F.);
#3507 = EDGE_CURVE('',#3360,#3500,#3508,.T.);
#3508 = LINE('',#3509,#3510);
#3509 = CARTESIAN_POINT('',(-1.,0.585,0.));
#3510 = VECTOR('',#3511,1.);
#3511 = DIRECTION('',(1.,0.,0.));
#3512 = PLANE('',#3513);
#3513 = AXIS2_PLACEMENT_3D('',#3514,#3515,#3516);
#3514 = CARTESIAN_POINT('',(-1.,-0.625,0.));
#3515 = DIRECTION('',(0.,0.,1.));
#3516 = DIRECTION('',(1.,0.,-0.));
#3517 = ADVANCED_FACE('',(#3518),#3536,.T.);
#3518 = FACE_BOUND('',#3519,.T.);
#3519 = EDGE_LOOP('',(#3520,#3521,#3522,#3530));
#3520 = ORIENTED_EDGE('',*,*,#3393,.F.);
#3521 = ORIENTED_EDGE('',*,*,#3482,.T.);
#3522 = ORIENTED_EDGE('',*,*,#3523,.T.);
#3523 = EDGE_CURVE('',#3474,#3524,#3526,.T.);
#3524 = VERTEX_POINT('',#3525);
#3525 = CARTESIAN_POINT('',(-0.6,0.585,1.25));
#3526 = LINE('',#3527,#3528);
#3527 = CARTESIAN_POINT('',(-0.6,-0.625,1.25));
#3528 = VECTOR('',#3529,1.);
#3529 = DIRECTION('',(0.,1.,0.));
#3530 = ORIENTED_EDGE('',*,*,#3531,.F.);
#3531 = EDGE_CURVE('',#3385,#3524,#3532,.T.);
#3532 = LINE('',#3533,#3534);
#3533 = CARTESIAN_POINT('',(-1.,0.585,1.25));
#3534 = VECTOR('',#3535,1.);
#3535 = DIRECTION('',(1.,0.,0.));
#3536 = PLANE('',#3537);
#3537 = AXIS2_PLACEMENT_3D('',#3538,#3539,#3540);
#3538 = CARTESIAN_POINT('',(-1.,-0.625,1.25));
#3539 = DIRECTION('',(0.,0.,1.));
#3540 = DIRECTION('',(1.,0.,-0.));
#3541 = ADVANCED_FACE('',(#3542),#3561,.T.);
#3542 = FACE_BOUND('',#3543,.T.);
#3543 = EDGE_LOOP('',(#3544,#3552,#3559,#3560));
#3544 = ORIENTED_EDGE('',*,*,#3545,.T.);
#3545 = EDGE_CURVE('',#3368,#3546,#3548,.T.);
#3546 = VERTEX_POINT('',#3547);
#3547 = CARTESIAN_POINT('',(-0.6,0.625,4.E-02));
#3548 = LINE('',#3549,#3550);
#3549 = CARTESIAN_POINT('',(-1.,0.625,4.E-02));
#3550 = VECTOR('',#3551,1.);
#3551 = DIRECTION('',(1.,0.,0.));
#3552 = ORIENTED_EDGE('',*,*,#3553,.T.);
#3553 = EDGE_CURVE('',#3546,#3500,#3554,.T.);
#3554 = CIRCLE('',#3555,4.E-02);
#3555 = AXIS2_PLACEMENT_3D('',#3556,#3557,#3558);
#3556 = CARTESIAN_POINT('',(-0.6,0.585,4.E-02));
#3557 = DIRECTION('',(-1.,0.,0.));
#3558 = DIRECTION('',(0.,0.,1.));
#3559 = ORIENTED_EDGE('',*,*,#3507,.F.);
#3560 = ORIENTED_EDGE('',*,*,#3367,.F.);
#3561 = CYLINDRICAL_SURFACE('',#3562,4.E-02);
#3562 = AXIS2_PLACEMENT_3D('',#3563,#3564,#3565);
#3563 = CARTESIAN_POINT('',(-1.,0.585,4.E-02));
#3564 = DIRECTION('',(1.,0.,0.));
#3565 = DIRECTION('',(-0.,1.,0.));
#3566 = ADVANCED_FACE('',(#3567),#3586,.T.);
#3567 = FACE_BOUND('',#3568,.T.);
#3568 = EDGE_LOOP('',(#3569,#3570,#3571,#3580));
#3569 = ORIENTED_EDGE('',*,*,#3384,.T.);
#3570 = ORIENTED_EDGE('',*,*,#3531,.T.);
#3571 = ORIENTED_EDGE('',*,*,#3572,.F.);
#3572 = EDGE_CURVE('',#3573,#3524,#3575,.T.);
#3573 = VERTEX_POINT('',#3574);
#3574 = CARTESIAN_POINT('',(-0.6,0.625,1.21));
#3575 = CIRCLE('',#3576,4.E-02);
#3576 = AXIS2_PLACEMENT_3D('',#3577,#3578,#3579);
#3577 = CARTESIAN_POINT('',(-0.6,0.585,1.21));
#3578 = DIRECTION('',(1.,0.,-0.));
#3579 = DIRECTION('',(0.,0.,1.));
#3580 = ORIENTED_EDGE('',*,*,#3581,.F.);
#3581 = EDGE_CURVE('',#3377,#3573,#3582,.T.);
#3582 = LINE('',#3583,#3584);
#3583 = CARTESIAN_POINT('',(-1.,0.625,1.21));
#3584 = VECTOR('',#3585,1.);
#3585 = DIRECTION('',(1.,0.,0.));
#3586 = CYLINDRICAL_SURFACE('',#3587,4.E-02);
#3587 = AXIS2_PLACEMENT_3D('',#3588,#3589,#3590);
#3588 = CARTESIAN_POINT('',(-1.,0.585,1.21));
#3589 = DIRECTION('',(1.,0.,0.));
#3590 = DIRECTION('',(-0.,1.,0.));
#3591 = ADVANCED_FACE('',(#3592),#3603,.T.);
#3592 = FACE_BOUND('',#3593,.T.);
#3593 = EDGE_LOOP('',(#3594,#3600,#3601,#3602));
#3594 = ORIENTED_EDGE('',*,*,#3595,.F.);
#3595 = EDGE_CURVE('',#3546,#3573,#3596,.T.);
#3596 = LINE('',#3597,#3598);
#3597 = CARTESIAN_POINT('',(-0.6,0.625,0.));
#3598 = VECTOR('',#3599,1.);
#3599 = DIRECTION('',(0.,0.,1.));
#3600 = ORIENTED_EDGE('',*,*,#3545,.F.);
#3601 = ORIENTED_EDGE('',*,*,#3376,.T.);
#3602 = ORIENTED_EDGE('',*,*,#3581,.T.);
#3603 = PLANE('',#3604);
#3604 = AXIS2_PLACEMENT_3D('',#3605,#3606,#3607);
#3605 = CARTESIAN_POINT('',(-1.,0.625,0.));
#3606 = DIRECTION('',(0.,1.,0.));
#3607 = DIRECTION('',(0.,-0.,1.));
#3608 = ADVANCED_FACE('',(#3609,#3619),#3689,.T.);
#3609 = FACE_BOUND('',#3610,.T.);
#3610 = EDGE_LOOP('',(#3611,#3612,#3613,#3614,#3615,#3616,#3617,#3618));
#3611 = ORIENTED_EDGE('',*,*,#3416,.F.);
#3612 = ORIENTED_EDGE('',*,*,#3456,.T.);
#3613 = ORIENTED_EDGE('',*,*,#3499,.T.);
#3614 = ORIENTED_EDGE('',*,*,#3553,.F.);
#3615 = ORIENTED_EDGE('',*,*,#3595,.T.);
#3616 = ORIENTED_EDGE('',*,*,#3572,.T.);
#3617 = ORIENTED_EDGE('',*,*,#3523,.F.);
#3618 = ORIENTED_EDGE('',*,*,#3473,.F.);
#3619 = FACE_BOUND('',#3620,.T.);
#3620 = EDGE_LOOP('',(#3621,#3632,#3640,#3649,#3657,#3666,#3674,#3683));
#3621 = ORIENTED_EDGE('',*,*,#3622,.F.);
#3622 = EDGE_CURVE('',#3623,#3625,#3627,.T.);
#3623 = VERTEX_POINT('',#3624);
#3624 = CARTESIAN_POINT('',(-0.6,-0.585,8.E-02));
#3625 = VERTEX_POINT('',#3626);
#3626 = CARTESIAN_POINT('',(-0.6,-0.545,4.E-02));
#3627 = CIRCLE('',#3628,4.E-02);
#3628 = AXIS2_PLACEMENT_3D('',#3629,#3630,#3631);
#3629 = CARTESIAN_POINT('',(-0.6,-0.545,8.E-02));
#3630 = DIRECTION('',(1.,0.,-0.));
#3631 = DIRECTION('',(0.,0.,1.));
#3632 = ORIENTED_EDGE('',*,*,#3633,.T.);
#3633 = EDGE_CURVE('',#3623,#3634,#3636,.T.);
#3634 = VERTEX_POINT('',#3635);
#3635 = CARTESIAN_POINT('',(-0.6,-0.585,1.17));
#3636 = LINE('',#3637,#3638);
#3637 = CARTESIAN_POINT('',(-0.6,-0.585,4.E-02));
#3638 = VECTOR('',#3639,1.);
#3639 = DIRECTION('',(0.,0.,1.));
#3640 = ORIENTED_EDGE('',*,*,#3641,.T.);
#3641 = EDGE_CURVE('',#3634,#3642,#3644,.T.);
#3642 = VERTEX_POINT('',#3643);
#3643 = CARTESIAN_POINT('',(-0.6,-0.545,1.21));
#3644 = CIRCLE('',#3645,4.E-02);
#3645 = AXIS2_PLACEMENT_3D('',#3646,#3647,#3648);
#3646 = CARTESIAN_POINT('',(-0.6,-0.545,1.17));
#3647 = DIRECTION('',(-1.,0.,0.));
#3648 = DIRECTION('',(0.,0.,1.));
#3649 = ORIENTED_EDGE('',*,*,#3650,.T.);
#3650 = EDGE_CURVE('',#3642,#3651,#3653,.T.);
#3651 = VERTEX_POINT('',#3652);
#3652 = CARTESIAN_POINT('',(-0.6,0.545,1.21));
#3653 = LINE('',#3654,#3655);
#3654 = CARTESIAN_POINT('',(-0.6,-0.585,1.21));
#3655 = VECTOR('',#3656,1.);
#3656 = DIRECTION('',(0.,1.,0.));
#3657 = ORIENTED_EDGE('',*,*,#3658,.F.);
#3658 = EDGE_CURVE('',#3659,#3651,#3661,.T.);
#3659 = VERTEX_POINT('',#3660);
#3660 = CARTESIAN_POINT('',(-0.6,0.585,1.17));
#3661 = CIRCLE('',#3662,4.E-02);
#3662 = AXIS2_PLACEMENT_3D('',#3663,#3664,#3665);
#3663 = CARTESIAN_POINT('',(-0.6,0.545,1.17));
#3664 = DIRECTION('',(1.,0.,-0.));
#3665 = DIRECTION('',(0.,0.,1.));
#3666 = ORIENTED_EDGE('',*,*,#3667,.F.);
#3667 = EDGE_CURVE('',#3668,#3659,#3670,.T.);
#3668 = VERTEX_POINT('',#3669);
#3669 = CARTESIAN_POINT('',(-0.6,0.585,8.E-02));
#3670 = LINE('',#3671,#3672);
#3671 = CARTESIAN_POINT('',(-0.6,0.585,4.E-02));
#3672 = VECTOR('',#3673,1.);
#3673 = DIRECTION('',(0.,0.,1.));
#3674 = ORIENTED_EDGE('',*,*,#3675,.T.);
#3675 = EDGE_CURVE('',#3668,#3676,#3678,.T.);
#3676 = VERTEX_POINT('',#3677);
#3677 = CARTESIAN_POINT('',(-0.6,0.545,4.E-02));
#3678 = CIRCLE('',#3679,4.E-02);
#3679 = AXIS2_PLACEMENT_3D('',#3680,#3681,#3682);
#3680 = CARTESIAN_POINT('',(-0.6,0.545,8.E-02));
#3681 = DIRECTION('',(-1.,0.,0.));
#3682 = DIRECTION('',(0.,0.,1.));
#3683 = ORIENTED_EDGE('',*,*,#3684,.F.);
#3684 = EDGE_CURVE('',#3625,#3676,#3685,.T.);
#3685 = LINE('',#3686,#3687);
#3686 = CARTESIAN_POINT('',(-0.6,-0.585,4.E-02));
#3687 = VECTOR('',#3688,1.);
#3688 = DIRECTION('',(0.,1.,0.));
#3689 = PLANE('',#3690);
#3690 = AXIS2_PLACEMENT_3D('',#3691,#3692,#3693);
#3691 = CARTESIAN_POINT('',(-0.6,-0.625,0.));
#3692 = DIRECTION('',(1.,0.,0.));
#3693 = DIRECTION('',(0.,0.,1.));
#3694 = ADVANCED_FACE('',(#3695),#3721,.T.);
#3695 = FACE_BOUND('',#3696,.T.);
#3696 = EDGE_LOOP('',(#3697,#3698,#3706,#3715));
#3697 = ORIENTED_EDGE('',*,*,#3622,.T.);
#3698 = ORIENTED_EDGE('',*,*,#3699,.T.);
#3699 = EDGE_CURVE('',#3625,#3700,#3702,.T.);
#3700 = VERTEX_POINT('',#3701);
#3701 = CARTESIAN_POINT('',(0.6,-0.545,4.E-02));
#3702 = LINE('',#3703,#3704);
#3703 = CARTESIAN_POINT('',(-0.6,-0.545,4.E-02));
#3704 = VECTOR('',#3705,1.);
#3705 = DIRECTION('',(1.,0.,0.));
#3706 = ORIENTED_EDGE('',*,*,#3707,.F.);
#3707 = EDGE_CURVE('',#3708,#3700,#3710,.T.);
#3708 = VERTEX_POINT('',#3709);
#3709 = CARTESIAN_POINT('',(0.6,-0.585,8.E-02));
#3710 = CIRCLE('',#3711,4.E-02);
#3711 = AXIS2_PLACEMENT_3D('',#3712,#3713,#3714);
#3712 = CARTESIAN_POINT('',(0.6,-0.545,8.E-02));
#3713 = DIRECTION('',(1.,0.,-0.));
#3714 = DIRECTION('',(0.,0.,1.));
#3715 = ORIENTED_EDGE('',*,*,#3716,.F.);
#3716 = EDGE_CURVE('',#3623,#3708,#3717,.T.);
#3717 = LINE('',#3718,#3719);
#3718 = CARTESIAN_POINT('',(-0.6,-0.585,8.E-02));
#3719 = VECTOR('',#3720,1.);
#3720 = DIRECTION('',(1.,0.,0.));
#3721 = CYLINDRICAL_SURFACE('',#3722,4.E-02);
#3722 = AXIS2_PLACEMENT_3D('',#3723,#3724,#3725);
#3723 = CARTESIAN_POINT('',(-0.6,-0.545,8.E-02));
#3724 = DIRECTION('',(1.,0.,0.));
#3725 = DIRECTION('',(0.,-1.,0.));
#3726 = ADVANCED_FACE('',(#3727),#3745,.F.);
#3727 = FACE_BOUND('',#3728,.F.);
#3728 = EDGE_LOOP('',(#3729,#3730,#3731,#3739));
#3729 = ORIENTED_EDGE('',*,*,#3684,.F.);
#3730 = ORIENTED_EDGE('',*,*,#3699,.T.);
#3731 = ORIENTED_EDGE('',*,*,#3732,.T.);
#3732 = EDGE_CURVE('',#3700,#3733,#3735,.T.);
#3733 = VERTEX_POINT('',#3734);
#3734 = CARTESIAN_POINT('',(0.6,0.545,4.E-02));
#3735 = LINE('',#3736,#3737);
#3736 = CARTESIAN_POINT('',(0.6,-0.585,4.E-02));
#3737 = VECTOR('',#3738,1.);
#3738 = DIRECTION('',(0.,1.,0.));
#3739 = ORIENTED_EDGE('',*,*,#3740,.F.);
#3740 = EDGE_CURVE('',#3676,#3733,#3741,.T.);
#3741 = LINE('',#3742,#3743);
#3742 = CARTESIAN_POINT('',(-0.6,0.545,4.E-02));
#3743 = VECTOR('',#3744,1.);
#3744 = DIRECTION('',(1.,0.,0.));
#3745 = PLANE('',#3746);
#3746 = AXIS2_PLACEMENT_3D('',#3747,#3748,#3749);
#3747 = CARTESIAN_POINT('',(-0.6,-0.585,4.E-02));
#3748 = DIRECTION('',(0.,0.,1.));
#3749 = DIRECTION('',(1.,0.,-0.));
#3750 = ADVANCED_FACE('',(#3751),#3770,.T.);
#3751 = FACE_BOUND('',#3752,.T.);
#3752 = EDGE_LOOP('',(#3753,#3761,#3768,#3769));
#3753 = ORIENTED_EDGE('',*,*,#3754,.T.);
#3754 = EDGE_CURVE('',#3668,#3755,#3757,.T.);
#3755 = VERTEX_POINT('',#3756);
#3756 = CARTESIAN_POINT('',(0.6,0.585,8.E-02));
#3757 = LINE('',#3758,#3759);
#3758 = CARTESIAN_POINT('',(-0.6,0.585,8.E-02));
#3759 = VECTOR('',#3760,1.);
#3760 = DIRECTION('',(1.,0.,0.));
#3761 = ORIENTED_EDGE('',*,*,#3762,.T.);
#3762 = EDGE_CURVE('',#3755,#3733,#3763,.T.);
#3763 = CIRCLE('',#3764,4.E-02);
#3764 = AXIS2_PLACEMENT_3D('',#3765,#3766,#3767);
#3765 = CARTESIAN_POINT('',(0.6,0.545,8.E-02));
#3766 = DIRECTION('',(-1.,0.,0.));
#3767 = DIRECTION('',(0.,0.,1.));
#3768 = ORIENTED_EDGE('',*,*,#3740,.F.);
#3769 = ORIENTED_EDGE('',*,*,#3675,.F.);
#3770 = CYLINDRICAL_SURFACE('',#3771,4.E-02);
#3771 = AXIS2_PLACEMENT_3D('',#3772,#3773,#3774);
#3772 = CARTESIAN_POINT('',(-0.6,0.545,8.E-02));
#3773 = DIRECTION('',(1.,0.,0.));
#3774 = DIRECTION('',(-0.,1.,0.));
#3775 = ADVANCED_FACE('',(#3776),#3794,.T.);
#3776 = FACE_BOUND('',#3777,.T.);
#3777 = EDGE_LOOP('',(#3778,#3786,#3787,#3788));
#3778 = ORIENTED_EDGE('',*,*,#3779,.F.);
#3779 = EDGE_CURVE('',#3755,#3780,#3782,.T.);
#3780 = VERTEX_POINT('',#3781);
#3781 = CARTESIAN_POINT('',(0.6,0.585,1.17));
#3782 = LINE('',#3783,#3784);
#3783 = CARTESIAN_POINT('',(0.6,0.585,4.E-02));
#3784 = VECTOR('',#3785,1.);
#3785 = DIRECTION('',(0.,0.,1.));
#3786 = ORIENTED_EDGE('',*,*,#3754,.F.);
#3787 = ORIENTED_EDGE('',*,*,#3667,.T.);
#3788 = ORIENTED_EDGE('',*,*,#3789,.T.);
#3789 = EDGE_CURVE('',#3659,#3780,#3790,.T.);
#3790 = LINE('',#3791,#3792);
#3791 = CARTESIAN_POINT('',(-0.6,0.585,1.17));
#3792 = VECTOR('',#3793,1.);
#3793 = DIRECTION('',(1.,0.,0.));
#3794 = PLANE('',#3795);
#3795 = AXIS2_PLACEMENT_3D('',#3796,#3797,#3798);
#3796 = CARTESIAN_POINT('',(-0.6,0.585,4.E-02));
#3797 = DIRECTION('',(0.,1.,0.));
#3798 = DIRECTION('',(0.,-0.,1.));
#3799 = ADVANCED_FACE('',(#3800),#3819,.T.);
#3800 = FACE_BOUND('',#3801,.T.);
#3801 = EDGE_LOOP('',(#3802,#3803,#3811,#3818));
#3802 = ORIENTED_EDGE('',*,*,#3658,.T.);
#3803 = ORIENTED_EDGE('',*,*,#3804,.T.);
#3804 = EDGE_CURVE('',#3651,#3805,#3807,.T.);
#3805 = VERTEX_POINT('',#3806);
#3806 = CARTESIAN_POINT('',(0.6,0.545,1.21));
#3807 = LINE('',#3808,#3809);
#3808 = CARTESIAN_POINT('',(-0.6,0.545,1.21));
#3809 = VECTOR('',#3810,1.);
#3810 = DIRECTION('',(1.,0.,0.));
#3811 = ORIENTED_EDGE('',*,*,#3812,.F.);
#3812 = EDGE_CURVE('',#3780,#3805,#3813,.T.);
#3813 = CIRCLE('',#3814,4.E-02);
#3814 = AXIS2_PLACEMENT_3D('',#3815,#3816,#3817);
#3815 = CARTESIAN_POINT('',(0.6,0.545,1.17));
#3816 = DIRECTION('',(1.,0.,-0.));
#3817 = DIRECTION('',(0.,0.,1.));
#3818 = ORIENTED_EDGE('',*,*,#3789,.F.);
#3819 = CYLINDRICAL_SURFACE('',#3820,4.E-02);
#3820 = AXIS2_PLACEMENT_3D('',#3821,#3822,#3823);
#3821 = CARTESIAN_POINT('',(-0.6,0.545,1.17));
#3822 = DIRECTION('',(1.,0.,0.));
#3823 = DIRECTION('',(-0.,1.,0.));
#3824 = ADVANCED_FACE('',(#3825),#3843,.T.);
#3825 = FACE_BOUND('',#3826,.T.);
#3826 = EDGE_LOOP('',(#3827,#3828,#3836,#3842));
#3827 = ORIENTED_EDGE('',*,*,#3650,.F.);
#3828 = ORIENTED_EDGE('',*,*,#3829,.T.);
#3829 = EDGE_CURVE('',#3642,#3830,#3832,.T.);
#3830 = VERTEX_POINT('',#3831);
#3831 = CARTESIAN_POINT('',(0.6,-0.545,1.21));
#3832 = LINE('',#3833,#3834);
#3833 = CARTESIAN_POINT('',(-0.6,-0.545,1.21));
#3834 = VECTOR('',#3835,1.);
#3835 = DIRECTION('',(1.,0.,0.));
#3836 = ORIENTED_EDGE('',*,*,#3837,.T.);
#3837 = EDGE_CURVE('',#3830,#3805,#3838,.T.);
#3838 = LINE('',#3839,#3840);
#3839 = CARTESIAN_POINT('',(0.6,-0.585,1.21));
#3840 = VECTOR('',#3841,1.);
#3841 = DIRECTION('',(0.,1.,0.));
#3842 = ORIENTED_EDGE('',*,*,#3804,.F.);
#3843 = PLANE('',#3844);
#3844 = AXIS2_PLACEMENT_3D('',#3845,#3846,#3847);
#3845 = CARTESIAN_POINT('',(-0.6,-0.585,1.21));
#3846 = DIRECTION('',(0.,0.,1.));
#3847 = DIRECTION('',(1.,0.,-0.));
#3848 = ADVANCED_FACE('',(#3849),#3868,.T.);
#3849 = FACE_BOUND('',#3850,.T.);
#3850 = EDGE_LOOP('',(#3851,#3859,#3866,#3867));
#3851 = ORIENTED_EDGE('',*,*,#3852,.T.);
#3852 = EDGE_CURVE('',#3634,#3853,#3855,.T.);
#3853 = VERTEX_POINT('',#3854);
#3854 = CARTESIAN_POINT('',(0.6,-0.585,1.17));
#3855 = LINE('',#3856,#3857);
#3856 = CARTESIAN_POINT('',(-0.6,-0.585,1.17));
#3857 = VECTOR('',#3858,1.);
#3858 = DIRECTION('',(1.,0.,0.));
#3859 = ORIENTED_EDGE('',*,*,#3860,.T.);
#3860 = EDGE_CURVE('',#3853,#3830,#3861,.T.);
#3861 = CIRCLE('',#3862,4.E-02);
#3862 = AXIS2_PLACEMENT_3D('',#3863,#3864,#3865);
#3863 = CARTESIAN_POINT('',(0.6,-0.545,1.17));
#3864 = DIRECTION('',(-1.,0.,0.));
#3865 = DIRECTION('',(0.,0.,1.));
#3866 = ORIENTED_EDGE('',*,*,#3829,.F.);
#3867 = ORIENTED_EDGE('',*,*,#3641,.F.);
#3868 = CYLINDRICAL_SURFACE('',#3869,4.E-02);
#3869 = AXIS2_PLACEMENT_3D('',#3870,#3871,#3872);
#3870 = CARTESIAN_POINT('',(-0.6,-0.545,1.17));
#3871 = DIRECTION('',(1.,0.,0.));
#3872 = DIRECTION('',(0.,-1.,0.));
#3873 = ADVANCED_FACE('',(#3874),#3885,.F.);
#3874 = FACE_BOUND('',#3875,.F.);
#3875 = EDGE_LOOP('',(#3876,#3882,#3883,#3884));
#3876 = ORIENTED_EDGE('',*,*,#3877,.F.);
#3877 = EDGE_CURVE('',#3708,#3853,#3878,.T.);
#3878 = LINE('',#3879,#3880);
#3879 = CARTESIAN_POINT('',(0.6,-0.585,4.E-02));
#3880 = VECTOR('',#3881,1.);
#3881 = DIRECTION('',(0.,0.,1.));
#3882 = ORIENTED_EDGE('',*,*,#3716,.F.);
#3883 = ORIENTED_EDGE('',*,*,#3633,.T.);
#3884 = ORIENTED_EDGE('',*,*,#3852,.T.);
#3885 = PLANE('',#3886);
#3886 = AXIS2_PLACEMENT_3D('',#3887,#3888,#3889);
#3887 = CARTESIAN_POINT('',(-0.6,-0.585,4.E-02));
#3888 = DIRECTION('',(0.,1.,0.));
#3889 = DIRECTION('',(0.,-0.,1.));
#3890 = ADVANCED_FACE('',(#3891,#3961),#3971,.F.);
#3891 = FACE_BOUND('',#3892,.F.);
#3892 = EDGE_LOOP('',(#3893,#3903,#3912,#3920,#3929,#3937,#3946,#3954));
#3893 = ORIENTED_EDGE('',*,*,#3894,.F.);
#3894 = EDGE_CURVE('',#3895,#3897,#3899,.T.);
#3895 = VERTEX_POINT('',#3896);
#3896 = CARTESIAN_POINT('',(0.6,-0.625,4.E-02));
#3897 = VERTEX_POINT('',#3898);
#3898 = CARTESIAN_POINT('',(0.6,-0.625,1.21));
#3899 = LINE('',#3900,#3901);
#3900 = CARTESIAN_POINT('',(0.6,-0.625,0.));
#3901 = VECTOR('',#3902,1.);
#3902 = DIRECTION('',(0.,0.,1.));
#3903 = ORIENTED_EDGE('',*,*,#3904,.T.);
#3904 = EDGE_CURVE('',#3895,#3905,#3907,.T.);
#3905 = VERTEX_POINT('',#3906);
#3906 = CARTESIAN_POINT('',(0.6,-0.585,0.));
#3907 = CIRCLE('',#3908,4.E-02);
#3908 = AXIS2_PLACEMENT_3D('',#3909,#3910,#3911);
#3909 = CARTESIAN_POINT('',(0.6,-0.585,4.E-02));
#3910 = DIRECTION('',(1.,0.,-0.));
#3911 = DIRECTION('',(0.,0.,1.));
#3912 = ORIENTED_EDGE('',*,*,#3913,.T.);
#3913 = EDGE_CURVE('',#3905,#3914,#3916,.T.);
#3914 = VERTEX_POINT('',#3915);
#3915 = CARTESIAN_POINT('',(0.6,0.585,0.));
#3916 = LINE('',#3917,#3918);
#3917 = CARTESIAN_POINT('',(0.6,-0.625,0.));
#3918 = VECTOR('',#3919,1.);
#3919 = DIRECTION('',(0.,1.,0.));
#3920 = ORIENTED_EDGE('',*,*,#3921,.F.);
#3921 = EDGE_CURVE('',#3922,#3914,#3924,.T.);
#3922 = VERTEX_POINT('',#3923);
#3923 = CARTESIAN_POINT('',(0.6,0.625,4.E-02));
#3924 = CIRCLE('',#3925,4.E-02);
#3925 = AXIS2_PLACEMENT_3D('',#3926,#3927,#3928);
#3926 = CARTESIAN_POINT('',(0.6,0.585,4.E-02));
#3927 = DIRECTION('',(-1.,0.,0.));
#3928 = DIRECTION('',(0.,0.,1.));
#3929 = ORIENTED_EDGE('',*,*,#3930,.T.);
#3930 = EDGE_CURVE('',#3922,#3931,#3933,.T.);
#3931 = VERTEX_POINT('',#3932);
#3932 = CARTESIAN_POINT('',(0.6,0.625,1.21));
#3933 = LINE('',#3934,#3935);
#3934 = CARTESIAN_POINT('',(0.6,0.625,0.));
#3935 = VECTOR('',#3936,1.);
#3936 = DIRECTION('',(0.,0.,1.));
#3937 = ORIENTED_EDGE('',*,*,#3938,.T.);
#3938 = EDGE_CURVE('',#3931,#3939,#3941,.T.);
#3939 = VERTEX_POINT('',#3940);
#3940 = CARTESIAN_POINT('',(0.6,0.585,1.25));
#3941 = CIRCLE('',#3942,4.E-02);
#3942 = AXIS2_PLACEMENT_3D('',#3943,#3944,#3945);
#3943 = CARTESIAN_POINT('',(0.6,0.585,1.21));
#3944 = DIRECTION('',(1.,0.,-0.));
#3945 = DIRECTION('',(0.,0.,1.));
#3946 = ORIENTED_EDGE('',*,*,#3947,.F.);
#3947 = EDGE_CURVE('',#3948,#3939,#3950,.T.);
#3948 = VERTEX_POINT('',#3949);
#3949 = CARTESIAN_POINT('',(0.6,-0.585,1.25));
#3950 = LINE('',#3951,#3952);
#3951 = CARTESIAN_POINT('',(0.6,-0.625,1.25));
#3952 = VECTOR('',#3953,1.);
#3953 = DIRECTION('',(0.,1.,0.));
#3954 = ORIENTED_EDGE('',*,*,#3955,.F.);
#3955 = EDGE_CURVE('',#3897,#3948,#3956,.T.);
#3956 = CIRCLE('',#3957,4.E-02);
#3957 = AXIS2_PLACEMENT_3D('',#3958,#3959,#3960);
#3958 = CARTESIAN_POINT('',(0.6,-0.585,1.21));
#3959 = DIRECTION('',(-1.,0.,0.));
#3960 = DIRECTION('',(0.,0.,1.));
#3961 = FACE_BOUND('',#3962,.F.);
#3962 = EDGE_LOOP('',(#3963,#3964,#3965,#3966,#3967,#3968,#3969,#3970));
#3963 = ORIENTED_EDGE('',*,*,#3707,.F.);
#3964 = ORIENTED_EDGE('',*,*,#3877,.T.);
#3965 = ORIENTED_EDGE('',*,*,#3860,.T.);
#3966 = ORIENTED_EDGE('',*,*,#3837,.T.);
#3967 = ORIENTED_EDGE('',*,*,#3812,.F.);
#3968 = ORIENTED_EDGE('',*,*,#3779,.F.);
#3969 = ORIENTED_EDGE('',*,*,#3762,.T.);
#3970 = ORIENTED_EDGE('',*,*,#3732,.F.);
#3971 = PLANE('',#3972);
#3972 = AXIS2_PLACEMENT_3D('',#3973,#3974,#3975);
#3973 = CARTESIAN_POINT('',(0.6,-0.625,0.));
#3974 = DIRECTION('',(1.,0.,0.));
#3975 = DIRECTION('',(0.,0.,1.));
#3976 = ADVANCED_FACE('',(#3977),#4002,.F.);
#3977 = FACE_BOUND('',#3978,.F.);
#3978 = EDGE_LOOP('',(#3979,#3989,#3995,#3996));
#3979 = ORIENTED_EDGE('',*,*,#3980,.F.);
#3980 = EDGE_CURVE('',#3981,#3983,#3985,.T.);
#3981 = VERTEX_POINT('',#3982);
#3982 = CARTESIAN_POINT('',(1.,-0.625,4.E-02));
#3983 = VERTEX_POINT('',#3984);
#3984 = CARTESIAN_POINT('',(1.,-0.625,1.21));
#3985 = LINE('',#3986,#3987);
#3986 = CARTESIAN_POINT('',(1.,-0.625,0.));
#3987 = VECTOR('',#3988,1.);
#3988 = DIRECTION('',(0.,0.,1.));
#3989 = ORIENTED_EDGE('',*,*,#3990,.F.);
#3990 = EDGE_CURVE('',#3895,#3981,#3991,.T.);
#3991 = LINE('',#3992,#3993);
#3992 = CARTESIAN_POINT('',(0.6,-0.625,4.E-02));
#3993 = VECTOR('',#3994,1.);
#3994 = DIRECTION('',(1.,0.,0.));
#3995 = ORIENTED_EDGE('',*,*,#3894,.T.);
#3996 = ORIENTED_EDGE('',*,*,#3997,.T.);
#3997 = EDGE_CURVE('',#3897,#3983,#3998,.T.);
#3998 = LINE('',#3999,#4000);
#3999 = CARTESIAN_POINT('',(0.6,-0.625,1.21));
#4000 = VECTOR('',#4001,1.);
#4001 = DIRECTION('',(1.,0.,0.));
#4002 = PLANE('',#4003);
#4003 = AXIS2_PLACEMENT_3D('',#4004,#4005,#4006);
#4004 = CARTESIAN_POINT('',(0.6,-0.625,0.));
#4005 = DIRECTION('',(0.,1.,0.));
#4006 = DIRECTION('',(0.,-0.,1.));
#4007 = ADVANCED_FACE('',(#4008),#4027,.T.);
#4008 = FACE_BOUND('',#4009,.T.);
#4009 = EDGE_LOOP('',(#4010,#4011,#4019,#4026));
#4010 = ORIENTED_EDGE('',*,*,#3904,.T.);
#4011 = ORIENTED_EDGE('',*,*,#4012,.T.);
#4012 = EDGE_CURVE('',#3905,#4013,#4015,.T.);
#4013 = VERTEX_POINT('',#4014);
#4014 = CARTESIAN_POINT('',(1.,-0.585,0.));
#4015 = LINE('',#4016,#4017);
#4016 = CARTESIAN_POINT('',(0.6,-0.585,0.));
#4017 = VECTOR('',#4018,1.);
#4018 = DIRECTION('',(1.,0.,0.));
#4019 = ORIENTED_EDGE('',*,*,#4020,.F.);
#4020 = EDGE_CURVE('',#3981,#4013,#4021,.T.);
#4021 = CIRCLE('',#4022,4.E-02);
#4022 = AXIS2_PLACEMENT_3D('',#4023,#4024,#4025);
#4023 = CARTESIAN_POINT('',(1.,-0.585,4.E-02));
#4024 = DIRECTION('',(1.,0.,-0.));
#4025 = DIRECTION('',(0.,0.,1.));
#4026 = ORIENTED_EDGE('',*,*,#3990,.F.);
#4027 = CYLINDRICAL_SURFACE('',#4028,4.E-02);
#4028 = AXIS2_PLACEMENT_3D('',#4029,#4030,#4031);
#4029 = CARTESIAN_POINT('',(0.6,-0.585,4.E-02));
#4030 = DIRECTION('',(1.,0.,0.));
#4031 = DIRECTION('',(0.,-1.,0.));
#4032 = ADVANCED_FACE('',(#4033),#4052,.T.);
#4033 = FACE_BOUND('',#4034,.T.);
#4034 = EDGE_LOOP('',(#4035,#4036,#4045,#4051));
#4035 = ORIENTED_EDGE('',*,*,#3997,.T.);
#4036 = ORIENTED_EDGE('',*,*,#4037,.T.);
#4037 = EDGE_CURVE('',#3983,#4038,#4040,.T.);
#4038 = VERTEX_POINT('',#4039);
#4039 = CARTESIAN_POINT('',(1.,-0.585,1.25));
#4040 = CIRCLE('',#4041,4.E-02);
#4041 = AXIS2_PLACEMENT_3D('',#4042,#4043,#4044);
#4042 = CARTESIAN_POINT('',(1.,-0.585,1.21));
#4043 = DIRECTION('',(-1.,0.,0.));
#4044 = DIRECTION('',(0.,0.,1.));
#4045 = ORIENTED_EDGE('',*,*,#4046,.F.);
#4046 = EDGE_CURVE('',#3948,#4038,#4047,.T.);
#4047 = LINE('',#4048,#4049);
#4048 = CARTESIAN_POINT('',(0.6,-0.585,1.25));
#4049 = VECTOR('',#4050,1.);
#4050 = DIRECTION('',(1.,0.,0.));
#4051 = ORIENTED_EDGE('',*,*,#3955,.F.);
#4052 = CYLINDRICAL_SURFACE('',#4053,4.E-02);
#4053 = AXIS2_PLACEMENT_3D('',#4054,#4055,#4056);
#4054 = CARTESIAN_POINT('',(0.6,-0.585,1.21));
#4055 = DIRECTION('',(1.,0.,0.));
#4056 = DIRECTION('',(0.,-1.,0.));
#4057 = ADVANCED_FACE('',(#4058),#4076,.F.);
#4058 = FACE_BOUND('',#4059,.F.);
#4059 = EDGE_LOOP('',(#4060,#4061,#4062,#4070));
#4060 = ORIENTED_EDGE('',*,*,#3913,.F.);
#4061 = ORIENTED_EDGE('',*,*,#4012,.T.);
#4062 = ORIENTED_EDGE('',*,*,#4063,.T.);
#4063 = EDGE_CURVE('',#4013,#4064,#4066,.T.);
#4064 = VERTEX_POINT('',#4065);
#4065 = CARTESIAN_POINT('',(1.,0.585,0.));
#4066 = LINE('',#4067,#4068);
#4067 = CARTESIAN_POINT('',(1.,-0.625,0.));
#4068 = VECTOR('',#4069,1.);
#4069 = DIRECTION('',(0.,1.,0.));
#4070 = ORIENTED_EDGE('',*,*,#4071,.F.);
#4071 = EDGE_CURVE('',#3914,#4064,#4072,.T.);
#4072 = LINE('',#4073,#4074);
#4073 = CARTESIAN_POINT('',(0.6,0.585,0.));
#4074 = VECTOR('',#4075,1.);
#4075 = DIRECTION('',(1.,0.,0.));
#4076 = PLANE('',#4077);
#4077 = AXIS2_PLACEMENT_3D('',#4078,#4079,#4080);
#4078 = CARTESIAN_POINT('',(0.6,-0.625,0.));
#4079 = DIRECTION('',(0.,0.,1.));
#4080 = DIRECTION('',(1.,0.,-0.));
#4081 = ADVANCED_FACE('',(#4082),#4100,.T.);
#4082 = FACE_BOUND('',#4083,.T.);
#4083 = EDGE_LOOP('',(#4084,#4085,#4086,#4094));
#4084 = ORIENTED_EDGE('',*,*,#3947,.F.);
#4085 = ORIENTED_EDGE('',*,*,#4046,.T.);
#4086 = ORIENTED_EDGE('',*,*,#4087,.T.);
#4087 = EDGE_CURVE('',#4038,#4088,#4090,.T.);
#4088 = VERTEX_POINT('',#4089);
#4089 = CARTESIAN_POINT('',(1.,0.585,1.25));
#4090 = LINE('',#4091,#4092);
#4091 = CARTESIAN_POINT('',(1.,-0.625,1.25));
#4092 = VECTOR('',#4093,1.);
#4093 = DIRECTION('',(0.,1.,0.));
#4094 = ORIENTED_EDGE('',*,*,#4095,.F.);
#4095 = EDGE_CURVE('',#3939,#4088,#4096,.T.);
#4096 = LINE('',#4097,#4098);
#4097 = CARTESIAN_POINT('',(0.6,0.585,1.25));
#4098 = VECTOR('',#4099,1.);
#4099 = DIRECTION('',(1.,0.,0.));
#4100 = PLANE('',#4101);
#4101 = AXIS2_PLACEMENT_3D('',#4102,#4103,#4104);
#4102 = CARTESIAN_POINT('',(0.6,-0.625,1.25));
#4103 = DIRECTION('',(0.,0.,1.));
#4104 = DIRECTION('',(1.,0.,-0.));
#4105 = ADVANCED_FACE('',(#4106),#4125,.T.);
#4106 = FACE_BOUND('',#4107,.T.);
#4107 = EDGE_LOOP('',(#4108,#4116,#4123,#4124));
#4108 = ORIENTED_EDGE('',*,*,#4109,.T.);
#4109 = EDGE_CURVE('',#3922,#4110,#4112,.T.);
#4110 = VERTEX_POINT('',#4111);
#4111 = CARTESIAN_POINT('',(1.,0.625,4.E-02));
#4112 = LINE('',#4113,#4114);
#4113 = CARTESIAN_POINT('',(0.6,0.625,4.E-02));
#4114 = VECTOR('',#4115,1.);
#4115 = DIRECTION('',(1.,0.,0.));
#4116 = ORIENTED_EDGE('',*,*,#4117,.T.);
#4117 = EDGE_CURVE('',#4110,#4064,#4118,.T.);
#4118 = CIRCLE('',#4119,4.E-02);
#4119 = AXIS2_PLACEMENT_3D('',#4120,#4121,#4122);
#4120 = CARTESIAN_POINT('',(1.,0.585,4.E-02));
#4121 = DIRECTION('',(-1.,0.,0.));
#4122 = DIRECTION('',(0.,0.,1.));
#4123 = ORIENTED_EDGE('',*,*,#4071,.F.);
#4124 = ORIENTED_EDGE('',*,*,#3921,.F.);
#4125 = CYLINDRICAL_SURFACE('',#4126,4.E-02);
#4126 = AXIS2_PLACEMENT_3D('',#4127,#4128,#4129);
#4127 = CARTESIAN_POINT('',(0.6,0.585,4.E-02));
#4128 = DIRECTION('',(1.,0.,0.));
#4129 = DIRECTION('',(-0.,1.,0.));
#4130 = ADVANCED_FACE('',(#4131),#4150,.T.);
#4131 = FACE_BOUND('',#4132,.T.);
#4132 = EDGE_LOOP('',(#4133,#4134,#4135,#4144));
#4133 = ORIENTED_EDGE('',*,*,#3938,.T.);
#4134 = ORIENTED_EDGE('',*,*,#4095,.T.);
#4135 = ORIENTED_EDGE('',*,*,#4136,.F.);
#4136 = EDGE_CURVE('',#4137,#4088,#4139,.T.);
#4137 = VERTEX_POINT('',#4138);
#4138 = CARTESIAN_POINT('',(1.,0.625,1.21));
#4139 = CIRCLE('',#4140,4.E-02);
#4140 = AXIS2_PLACEMENT_3D('',#4141,#4142,#4143);
#4141 = CARTESIAN_POINT('',(1.,0.585,1.21));
#4142 = DIRECTION('',(1.,0.,-0.));
#4143 = DIRECTION('',(0.,0.,1.));
#4144 = ORIENTED_EDGE('',*,*,#4145,.F.);
#4145 = EDGE_CURVE('',#3931,#4137,#4146,.T.);
#4146 = LINE('',#4147,#4148);
#4147 = CARTESIAN_POINT('',(0.6,0.625,1.21));
#4148 = VECTOR('',#4149,1.);
#4149 = DIRECTION('',(1.,0.,0.));
#4150 = CYLINDRICAL_SURFACE('',#4151,4.E-02);
#4151 = AXIS2_PLACEMENT_3D('',#4152,#4153,#4154);
#4152 = CARTESIAN_POINT('',(0.6,0.585,1.21));
#4153 = DIRECTION('',(1.,0.,0.));
#4154 = DIRECTION('',(-0.,1.,0.));
#4155 = ADVANCED_FACE('',(#4156),#4167,.T.);
#4156 = FACE_BOUND('',#4157,.T.);
#4157 = EDGE_LOOP('',(#4158,#4164,#4165,#4166));
#4158 = ORIENTED_EDGE('',*,*,#4159,.F.);
#4159 = EDGE_CURVE('',#4110,#4137,#4160,.T.);
#4160 = LINE('',#4161,#4162);
#4161 = CARTESIAN_POINT('',(1.,0.625,0.));
#4162 = VECTOR('',#4163,1.);
#4163 = DIRECTION('',(0.,0.,1.));
#4164 = ORIENTED_EDGE('',*,*,#4109,.F.);
#4165 = ORIENTED_EDGE('',*,*,#3930,.T.);
#4166 = ORIENTED_EDGE('',*,*,#4145,.T.);
#4167 = PLANE('',#4168);
#4168 = AXIS2_PLACEMENT_3D('',#4169,#4170,#4171);
#4169 = CARTESIAN_POINT('',(0.6,0.625,0.));
#4170 = DIRECTION('',(0.,1.,0.));
#4171 = DIRECTION('',(0.,-0.,1.));
#4172 = ADVANCED_FACE('',(#4173),#4183,.T.);
#4173 = FACE_BOUND('',#4174,.T.);
#4174 = EDGE_LOOP('',(#4175,#4176,#4177,#4178,#4179,#4180,#4181,#4182));
#4175 = ORIENTED_EDGE('',*,*,#3980,.F.);
#4176 = ORIENTED_EDGE('',*,*,#4020,.T.);
#4177 = ORIENTED_EDGE('',*,*,#4063,.T.);
#4178 = ORIENTED_EDGE('',*,*,#4117,.F.);
#4179 = ORIENTED_EDGE('',*,*,#4159,.T.);
#4180 = ORIENTED_EDGE('',*,*,#4136,.T.);
#4181 = ORIENTED_EDGE('',*,*,#4087,.F.);
#4182 = ORIENTED_EDGE('',*,*,#4037,.F.);
#4183 = PLANE('',#4184);
#4184 = AXIS2_PLACEMENT_3D('',#4185,#4186,#4187);
#4185 = CARTESIAN_POINT('',(1.,-0.625,0.));
#4186 = DIRECTION('',(1.,0.,0.));
#4187 = DIRECTION('',(0.,0.,1.));
#4188 = ( GEOMETRIC_REPRESENTATION_CONTEXT(3) 
GLOBAL_UNCERTAINTY_ASSIGNED_CONTEXT((#4192)) 
GLOBAL_UNIT_ASSIGNED_CONTEXT((#4189,#4190,#4191)) REPRESENTATION_CONTEXT
('Context #1','3D Context with UNIT and UNCERTAINTY') );
#4189 = ( LENGTH_UNIT() NAMED_UNIT(*) SI_UNIT(.MILLI.,.METRE.) );
#4190 = ( NAMED_UNIT(*) PLANE_ANGLE_UNIT() SI_UNIT($,.RADIAN.) );
#4191 = ( NAMED_UNIT(*) SI_UNIT($,.STERADIAN.) SOLID_ANGLE_UNIT() );
#4192 = UNCERTAINTY_MEASURE_WITH_UNIT(LENGTH_MEASURE(1.E-07),#4189,
  'distance_accuracy_value','confusion accuracy');
#4193 = CONTEXT_DEPENDENT_SHAPE_REPRESENTATION(#4194,#4196);
#4194 = ( REPRESENTATION_RELATIONSHIP('','',#3333,#3310) 
REPRESENTATION_RELATIONSHIP_WITH_TRANSFORMATION(#4195) 
SHAPE_REPRESENTATION_RELATIONSHIP() );
#4195 = ITEM_DEFINED_TRANSFORMATION('','',#11,#3311);
#4196 = PRODUCT_DEFINITION_SHAPE('Placement','Placement of an item',
  #4197);
#4197 = NEXT_ASSEMBLY_USAGE_OCCURRENCE('3','=>[0:1:1:5]','',#3305,#3328,
  $);
#4198 = PRODUCT_RELATED_PRODUCT_CATEGORY('part',$,(#3330));
#4199 = CONTEXT_DEPENDENT_SHAPE_REPRESENTATION(#4200,#4202);
#4200 = ( REPRESENTATION_RELATIONSHIP('','',#3310,#10) 
REPRESENTATION_RELATIONSHIP_WITH_TRANSFORMATION(#4201) 
SHAPE_REPRESENTATION_RELATIONSHIP() );
#4201 = ITEM_DEFINED_TRANSFORMATION('','',#11,#23);
#4202 = PRODUCT_DEFINITION_SHAPE('Placement','Placement of an item',
  #4203);
#4203 = NEXT_ASSEMBLY_USAGE_OCCURRENCE('5','C12','',#5,#3305,$);
#4204 = CONTEXT_DEPENDENT_SHAPE_REPRESENTATION(#4205,#4207);
#4205 = ( REPRESENTATION_RELATIONSHIP('','',#136,#10) 
REPRESENTATION_RELATIONSHIP_WITH_TRANSFORMATION(#4206) 
SHAPE_REPRESENTATION_RELATIONSHIP() );
#4206 = ITEM_DEFINED_TRANSFORMATION('','',#11,#27);
#4207 = PRODUCT_DEFINITION_SHAPE('Placement','Placement of an item',
  #4208);
#4208 = NEXT_ASSEMBLY_USAGE_OCCURRENCE('6','J5','',#5,#131,$);
#4209 = SHAPE_DEFINITION_REPRESENTATION(#4210,#4216);
#4210 = PRODUCT_DEFINITION_SHAPE('','',#4211);
#4211 = PRODUCT_DEFINITION('design','',#4212,#4215);
#4212 = PRODUCT_DEFINITION_FORMATION('','',#4213);
#4213 = PRODUCT('PhoenixContact_MC_1,5_2-G-3.5_1x02_P3.50mm_Horizontal',
  'PhoenixContact_MC_1,5_2-G-3.5_1x02_P3.50mm_Horizontal','',(#4214));
#4214 = PRODUCT_CONTEXT('',#2,'mechanical');
#4215 = PRODUCT_DEFINITION_CONTEXT('part definition',#2,'design');
#4216 = SHAPE_REPRESENTATION('',(#11,#4217),#4221);
#4217 = AXIS2_PLACEMENT_3D('',#4218,#4219,#4220);
#4218 = CARTESIAN_POINT('',(0.,0.,0.));
#4219 = DIRECTION('',(0.,0.,1.));
#4220 = DIRECTION('',(1.,0.,-0.));
#4221 = ( GEOMETRIC_REPRESENTATION_CONTEXT(3) 
GLOBAL_UNCERTAINTY_ASSIGNED_CONTEXT((#4225)) 
GLOBAL_UNIT_ASSIGNED_CONTEXT((#4222,#4223,#4224)) REPRESENTATION_CONTEXT
('Context #1','3D Context with UNIT and UNCERTAINTY') );
#4222 = ( LENGTH_UNIT() NAMED_UNIT(*) SI_UNIT(.MILLI.,.METRE.) );
#4223 = ( NAMED_UNIT(*) PLANE_ANGLE_UNIT() SI_UNIT($,.RADIAN.) );
#4224 = ( NAMED_UNIT(*) SI_UNIT($,.STERADIAN.) SOLID_ANGLE_UNIT() );
#4225 = UNCERTAINTY_MEASURE_WITH_UNIT(LENGTH_MEASURE(1.E-07),#4222,
  'distance_accuracy_value','confusion accuracy');
#4226 = CONTEXT_DEPENDENT_SHAPE_REPRESENTATION(#4227,#4229);
#4227 = ( REPRESENTATION_RELATIONSHIP('','',#4216,#10) 
REPRESENTATION_RELATIONSHIP_WITH_TRANSFORMATION(#4228) 
SHAPE_REPRESENTATION_RELATIONSHIP() );
#4228 = ITEM_DEFINED_TRANSFORMATION('','',#11,#31);
#4229 = PRODUCT_DEFINITION_SHAPE('Placement','Placement of an item',
  #4230);
#4230 = NEXT_ASSEMBLY_USAGE_OCCURRENCE('8','J11','',#5,#4211,$);
#4231 = PRODUCT_RELATED_PRODUCT_CATEGORY('part',$,(#4213));
#4232 = SHAPE_DEFINITION_REPRESENTATION(#4233,#4239);
#4233 = PRODUCT_DEFINITION_SHAPE('','',#4234);
#4234 = PRODUCT_DEFINITION('design','',#4235,#4238);
#4235 = PRODUCT_DEFINITION_FORMATION('','',#4236);
#4236 = PRODUCT('MC_01x02_G_3_5mm','MC_01x02_G_3_5mm','',(#4237));
#4237 = PRODUCT_CONTEXT('',#2,'mechanical');
#4238 = PRODUCT_DEFINITION_CONTEXT('part definition',#2,'design');
#4239 = ADVANCED_BREP_SHAPE_REPRESENTATION('',(#11,#4240),#6422);
#4240 = MANIFOLD_SOLID_BREP('',#4241);
#4241 = CLOSED_SHELL('',(#4242,#4314,#4345,#4369,#4461,#4715,#4739,#4763
    ,#4787,#4804,#4820,#4851,#4875,#4899,#4916,#4947,#4971,#4995,#5012,
    #5043,#5067,#5091,#5115,#5139,#5163,#5187,#5211,#5236,#5260,#5284,
    #5308,#5332,#5349,#5380,#5404,#5428,#5452,#5476,#5500,#5524,#5548,
    #5572,#5596,#5620,#5645,#5669,#5686,#5717,#5741,#5765,#5782,#5813,
    #5837,#5861,#5878,#5934,#5990,#6002,#6014,#6045,#6069,#6093,#6110,
    #6141,#6165,#6189,#6206,#6237,#6261,#6285,#6302,#6333,#6357,#6381,
    #6398,#6410));
#4242 = ADVANCED_FACE('',(#4243),#4309,.T.);
#4243 = FACE_BOUND('',#4244,.T.);
#4244 = EDGE_LOOP('',(#4245,#4255,#4263,#4271,#4279,#4287,#4295,#4303));
#4245 = ORIENTED_EDGE('',*,*,#4246,.F.);
#4246 = EDGE_CURVE('',#4247,#4249,#4251,.T.);
#4247 = VERTEX_POINT('',#4248);
#4248 = CARTESIAN_POINT('',(-2.45,1.2,7.25));
#4249 = VERTEX_POINT('',#4250);
#4250 = CARTESIAN_POINT('',(-2.45,-4.5,7.25));
#4251 = LINE('',#4252,#4253);
#4252 = CARTESIAN_POINT('',(-2.45,1.2,7.25));
#4253 = VECTOR('',#4254,1.);
#4254 = DIRECTION('',(0.,-1.,2.22044604925E-16));
#4255 = ORIENTED_EDGE('',*,*,#4256,.T.);
#4256 = EDGE_CURVE('',#4247,#4257,#4259,.T.);
#4257 = VERTEX_POINT('',#4258);
#4258 = CARTESIAN_POINT('',(-2.45,1.2,3.330669073875E-16));
#4259 = LINE('',#4260,#4261);
#4260 = CARTESIAN_POINT('',(-2.45,1.2,7.25));
#4261 = VECTOR('',#4262,1.);
#4262 = DIRECTION('',(0.,-2.22044604925E-16,-1.));
#4263 = ORIENTED_EDGE('',*,*,#4264,.T.);
#4264 = EDGE_CURVE('',#4257,#4265,#4267,.T.);
#4265 = VERTEX_POINT('',#4266);
#4266 = CARTESIAN_POINT('',(-2.45,-8.,2.242650509743E-15));
#4267 = LINE('',#4268,#4269);
#4268 = CARTESIAN_POINT('',(-2.45,1.2,0.));
#4269 = VECTOR('',#4270,1.);
#4270 = DIRECTION('',(0.,-1.,2.22044604925E-16));
#4271 = ORIENTED_EDGE('',*,*,#4272,.F.);
#4272 = EDGE_CURVE('',#4273,#4265,#4275,.T.);
#4273 = VERTEX_POINT('',#4274);
#4274 = CARTESIAN_POINT('',(-2.45,-8.,7.25));
#4275 = LINE('',#4276,#4277);
#4276 = CARTESIAN_POINT('',(-2.45,-8.,7.25));
#4277 = VECTOR('',#4278,1.);
#4278 = DIRECTION('',(0.,-2.22044604925E-16,-1.));
#4279 = ORIENTED_EDGE('',*,*,#4280,.F.);
#4280 = EDGE_CURVE('',#4281,#4273,#4283,.T.);
#4281 = VERTEX_POINT('',#4282);
#4282 = CARTESIAN_POINT('',(-2.45,-5.1,7.25));
#4283 = LINE('',#4284,#4285);
#4284 = CARTESIAN_POINT('',(-2.45,1.2,7.25));
#4285 = VECTOR('',#4286,1.);
#4286 = DIRECTION('',(0.,-1.,2.22044604925E-16));
#4287 = ORIENTED_EDGE('',*,*,#4288,.F.);
#4288 = EDGE_CURVE('',#4289,#4281,#4291,.T.);
#4289 = VERTEX_POINT('',#4290);
#4290 = CARTESIAN_POINT('',(-2.45,-5.1,7.55));
#4291 = LINE('',#4292,#4293);
#4292 = CARTESIAN_POINT('',(-2.45,-5.1,7.55));
#4293 = VECTOR('',#4294,1.);
#4294 = DIRECTION('',(0.,-2.22044604925E-16,-1.));
#4295 = ORIENTED_EDGE('',*,*,#4296,.F.);
#4296 = EDGE_CURVE('',#4297,#4289,#4299,.T.);
#4297 = VERTEX_POINT('',#4298);
#4298 = CARTESIAN_POINT('',(-2.45,-4.5,7.55));
#4299 = LINE('',#4300,#4301);
#4300 = CARTESIAN_POINT('',(-2.45,-4.5,7.55));
#4301 = VECTOR('',#4302,1.);
#4302 = DIRECTION('',(0.,-1.,2.22044604925E-16));
#4303 = ORIENTED_EDGE('',*,*,#4304,.F.);
#4304 = EDGE_CURVE('',#4249,#4297,#4305,.T.);
#4305 = LINE('',#4306,#4307);
#4306 = CARTESIAN_POINT('',(-2.45,-4.5,7.25));
#4307 = VECTOR('',#4308,1.);
#4308 = DIRECTION('',(0.,2.22044604925E-16,1.));
#4309 = PLANE('',#4310);
#4310 = AXIS2_PLACEMENT_3D('',#4311,#4312,#4313);
#4311 = CARTESIAN_POINT('',(-2.45,-3.425074626866,3.697985074627));
#4312 = DIRECTION('',(-1.,6.020189357838E-32,-2.057659943858E-32));
#4313 = DIRECTION('',(6.020189357838E-32,1.,-2.22044604925E-16));
#4314 = ADVANCED_FACE('',(#4315),#4340,.F.);
#4315 = FACE_BOUND('',#4316,.F.);
#4316 = EDGE_LOOP('',(#4317,#4325,#4333,#4339));
#4317 = ORIENTED_EDGE('',*,*,#4318,.F.);
#4318 = EDGE_CURVE('',#4319,#4247,#4321,.T.);
#4319 = VERTEX_POINT('',#4320);
#4320 = CARTESIAN_POINT('',(5.95,1.2,7.25));
#4321 = LINE('',#4322,#4323);
#4322 = CARTESIAN_POINT('',(5.95,1.2,7.25));
#4323 = VECTOR('',#4324,1.);
#4324 = DIRECTION('',(-1.,0.,0.));
#4325 = ORIENTED_EDGE('',*,*,#4326,.T.);
#4326 = EDGE_CURVE('',#4319,#4327,#4329,.T.);
#4327 = VERTEX_POINT('',#4328);
#4328 = CARTESIAN_POINT('',(5.95,-4.5,7.25));
#4329 = LINE('',#4330,#4331);
#4330 = CARTESIAN_POINT('',(5.95,1.2,7.25));
#4331 = VECTOR('',#4332,1.);
#4332 = DIRECTION('',(0.,-1.,2.22044604925E-16));
#4333 = ORIENTED_EDGE('',*,*,#4334,.F.);
#4334 = EDGE_CURVE('',#4249,#4327,#4335,.T.);
#4335 = LINE('',#4336,#4337);
#4336 = CARTESIAN_POINT('',(-2.45,-4.5,7.25));
#4337 = VECTOR('',#4338,1.);
#4338 = DIRECTION('',(1.,0.,0.));
#4339 = ORIENTED_EDGE('',*,*,#4246,.F.);
#4340 = PLANE('',#4341);
#4341 = AXIS2_PLACEMENT_3D('',#4342,#4343,#4344);
#4342 = CARTESIAN_POINT('',(5.95,1.2,7.25));
#4343 = DIRECTION('',(0.,-2.22044604925E-16,-1.));
#4344 = DIRECTION('',(-1.,-0.,0.));
#4345 = ADVANCED_FACE('',(#4346),#4364,.F.);
#4346 = FACE_BOUND('',#4347,.F.);
#4347 = EDGE_LOOP('',(#4348,#4356,#4362,#4363));
#4348 = ORIENTED_EDGE('',*,*,#4349,.T.);
#4349 = EDGE_CURVE('',#4257,#4350,#4352,.T.);
#4350 = VERTEX_POINT('',#4351);
#4351 = CARTESIAN_POINT('',(5.95,1.2,3.330669073875E-16));
#4352 = LINE('',#4353,#4354);
#4353 = CARTESIAN_POINT('',(-2.45,1.2,0.));
#4354 = VECTOR('',#4355,1.);
#4355 = DIRECTION('',(1.,0.,0.));
#4356 = ORIENTED_EDGE('',*,*,#4357,.T.);
#4357 = EDGE_CURVE('',#4350,#4319,#4358,.T.);
#4358 = LINE('',#4359,#4360);
#4359 = CARTESIAN_POINT('',(5.95,1.2,0.));
#4360 = VECTOR('',#4361,1.);
#4361 = DIRECTION('',(0.,2.22044604925E-16,1.));
#4362 = ORIENTED_EDGE('',*,*,#4318,.T.);
#4363 = ORIENTED_EDGE('',*,*,#4256,.T.);
#4364 = PLANE('',#4365);
#4365 = AXIS2_PLACEMENT_3D('',#4366,#4367,#4368);
#4366 = CARTESIAN_POINT('',(1.75,1.2,3.625));
#4367 = DIRECTION('',(0.,-1.,2.22044604925E-16));
#4368 = DIRECTION('',(1.,0.,0.));
#4369 = ADVANCED_FACE('',(#4370,#4388,#4422),#4456,.F.);
#4370 = FACE_BOUND('',#4371,.F.);
#4371 = EDGE_LOOP('',(#4372,#4373,#4381,#4387));
#4372 = ORIENTED_EDGE('',*,*,#4264,.T.);
#4373 = ORIENTED_EDGE('',*,*,#4374,.T.);
#4374 = EDGE_CURVE('',#4265,#4375,#4377,.T.);
#4375 = VERTEX_POINT('',#4376);
#4376 = CARTESIAN_POINT('',(5.95,-8.,2.242650509743E-15));
#4377 = LINE('',#4378,#4379);
#4378 = CARTESIAN_POINT('',(-2.45,-8.,2.22044604925E-15));
#4379 = VECTOR('',#4380,1.);
#4380 = DIRECTION('',(1.,0.,0.));
#4381 = ORIENTED_EDGE('',*,*,#4382,.F.);
#4382 = EDGE_CURVE('',#4350,#4375,#4383,.T.);
#4383 = LINE('',#4384,#4385);
#4384 = CARTESIAN_POINT('',(5.95,1.2,0.));
#4385 = VECTOR('',#4386,1.);
#4386 = DIRECTION('',(0.,-1.,2.22044604925E-16));
#4387 = ORIENTED_EDGE('',*,*,#4349,.F.);
#4388 = FACE_BOUND('',#4389,.F.);
#4389 = EDGE_LOOP('',(#4390,#4400,#4408,#4416));
#4390 = ORIENTED_EDGE('',*,*,#4391,.F.);
#4391 = EDGE_CURVE('',#4392,#4394,#4396,.T.);
#4392 = VERTEX_POINT('',#4393);
#4393 = CARTESIAN_POINT('',(0.425,0.425,0.));
#4394 = VERTEX_POINT('',#4395);
#4395 = CARTESIAN_POINT('',(-0.425,0.425,0.));
#4396 = LINE('',#4397,#4398);
#4397 = CARTESIAN_POINT('',(-1.4375,0.425,3.080868893335E-16));
#4398 = VECTOR('',#4399,1.);
#4399 = DIRECTION('',(-1.,0.,0.));
#4400 = ORIENTED_EDGE('',*,*,#4401,.T.);
#4401 = EDGE_CURVE('',#4392,#4402,#4404,.T.);
#4402 = VERTEX_POINT('',#4403);
#4403 = CARTESIAN_POINT('',(0.425,-0.425,4.440892098501E-16));
#4404 = LINE('',#4405,#4406);
#4405 = CARTESIAN_POINT('',(0.425,-0.297319256446,3.330669073875E-16));
#4406 = VECTOR('',#4407,1.);
#4407 = DIRECTION('',(0.,-1.,2.22044604925E-16));
#4408 = ORIENTED_EDGE('',*,*,#4409,.F.);
#4409 = EDGE_CURVE('',#4410,#4402,#4412,.T.);
#4410 = VERTEX_POINT('',#4411);
#4411 = CARTESIAN_POINT('',(-0.425,-0.425,4.440892098501E-16));
#4412 = LINE('',#4413,#4414);
#4413 = CARTESIAN_POINT('',(-1.4375,-0.425,4.024558464266E-16));
#4414 = VECTOR('',#4415,1.);
#4415 = DIRECTION('',(1.,0.,0.));
#4416 = ORIENTED_EDGE('',*,*,#4417,.F.);
#4417 = EDGE_CURVE('',#4394,#4410,#4418,.T.);
#4418 = LINE('',#4419,#4420);
#4419 = CARTESIAN_POINT('',(-0.425,-0.297319256446,3.330669073875E-16));
#4420 = VECTOR('',#4421,1.);
#4421 = DIRECTION('',(0.,-1.,2.22044604925E-16));
#4422 = FACE_BOUND('',#4423,.F.);
#4423 = EDGE_LOOP('',(#4424,#4434,#4442,#4450));
#4424 = ORIENTED_EDGE('',*,*,#4425,.F.);
#4425 = EDGE_CURVE('',#4426,#4428,#4430,.T.);
#4426 = VERTEX_POINT('',#4427);
#4427 = CARTESIAN_POINT('',(3.075,0.425,0.));
#4428 = VERTEX_POINT('',#4429);
#4429 = CARTESIAN_POINT('',(3.075,-0.425,4.440892098501E-16));
#4430 = LINE('',#4431,#4432);
#4431 = CARTESIAN_POINT('',(3.075,-0.297319256446,3.330669073875E-16));
#4432 = VECTOR('',#4433,1.);
#4433 = DIRECTION('',(0.,-1.,2.22044604925E-16));
#4434 = ORIENTED_EDGE('',*,*,#4435,.F.);
#4435 = EDGE_CURVE('',#4436,#4426,#4438,.T.);
#4436 = VERTEX_POINT('',#4437);
#4437 = CARTESIAN_POINT('',(3.925,0.425,0.));
#4438 = LINE('',#4439,#4440);
#4439 = CARTESIAN_POINT('',(0.3125,0.425,3.080868893335E-16));
#4440 = VECTOR('',#4441,1.);
#4441 = DIRECTION('',(-1.,0.,0.));
#4442 = ORIENTED_EDGE('',*,*,#4443,.T.);
#4443 = EDGE_CURVE('',#4436,#4444,#4446,.T.);
#4444 = VERTEX_POINT('',#4445);
#4445 = CARTESIAN_POINT('',(3.925,-0.425,4.440892098501E-16));
#4446 = LINE('',#4447,#4448);
#4447 = CARTESIAN_POINT('',(3.925,-0.297319256446,3.330669073875E-16));
#4448 = VECTOR('',#4449,1.);
#4449 = DIRECTION('',(0.,-1.,2.22044604925E-16));
#4450 = ORIENTED_EDGE('',*,*,#4451,.F.);
#4451 = EDGE_CURVE('',#4428,#4444,#4452,.T.);
#4452 = LINE('',#4453,#4454);
#4453 = CARTESIAN_POINT('',(0.3125,-0.425,4.024558464266E-16));
#4454 = VECTOR('',#4455,1.);
#4455 = DIRECTION('',(1.,0.,0.));
#4456 = PLANE('',#4457);
#4457 = AXIS2_PLACEMENT_3D('',#4458,#4459,#4460);
#4458 = CARTESIAN_POINT('',(-2.45,1.2,0.));
#4459 = DIRECTION('',(0.,2.22044604925E-16,1.));
#4460 = DIRECTION('',(1.,0.,-0.));
#4461 = ADVANCED_FACE('',(#4462,#4480,#4595),#4710,.T.);
#4462 = FACE_BOUND('',#4463,.T.);
#4463 = EDGE_LOOP('',(#4464,#4465,#4473,#4479));
#4464 = ORIENTED_EDGE('',*,*,#4374,.T.);
#4465 = ORIENTED_EDGE('',*,*,#4466,.T.);
#4466 = EDGE_CURVE('',#4375,#4467,#4469,.T.);
#4467 = VERTEX_POINT('',#4468);
#4468 = CARTESIAN_POINT('',(5.95,-8.,7.25));
#4469 = LINE('',#4470,#4471);
#4470 = CARTESIAN_POINT('',(5.95,-8.,2.22044604925E-15));
#4471 = VECTOR('',#4472,1.);
#4472 = DIRECTION('',(0.,2.22044604925E-16,1.));
#4473 = ORIENTED_EDGE('',*,*,#4474,.T.);
#4474 = EDGE_CURVE('',#4467,#4273,#4475,.T.);
#4475 = LINE('',#4476,#4477);
#4476 = CARTESIAN_POINT('',(5.95,-8.,7.25));
#4477 = VECTOR('',#4478,1.);
#4478 = DIRECTION('',(-1.,0.,0.));
#4479 = ORIENTED_EDGE('',*,*,#4272,.T.);
#4480 = FACE_BOUND('',#4481,.T.);
#4481 = EDGE_LOOP('',(#4482,#4492,#4500,#4508,#4516,#4524,#4532,#4541,
    #4549,#4557,#4565,#4573,#4581,#4589));
#4482 = ORIENTED_EDGE('',*,*,#4483,.T.);
#4483 = EDGE_CURVE('',#4484,#4486,#4488,.T.);
#4484 = VERTEX_POINT('',#4485);
#4485 = CARTESIAN_POINT('',(5.,-8.,6.5));
#4486 = VERTEX_POINT('',#4487);
#4487 = CARTESIAN_POINT('',(4.75,-8.,5.7));
#4488 = LINE('',#4489,#4490);
#4489 = CARTESIAN_POINT('',(5.,-8.,6.5));
#4490 = VECTOR('',#4491,1.);
#4491 = DIRECTION('',(-0.298274993136,-2.119371296316E-16,
    -0.954479978035));
#4492 = ORIENTED_EDGE('',*,*,#4493,.T.);
#4493 = EDGE_CURVE('',#4486,#4494,#4496,.T.);
#4494 = VERTEX_POINT('',#4495);
#4495 = CARTESIAN_POINT('',(4.25,-8.,5.7));
#4496 = LINE('',#4497,#4498);
#4497 = CARTESIAN_POINT('',(4.75,-8.,5.7));
#4498 = VECTOR('',#4499,1.);
#4499 = DIRECTION('',(-1.,0.,0.));
#4500 = ORIENTED_EDGE('',*,*,#4501,.T.);
#4501 = EDGE_CURVE('',#4494,#4502,#4504,.T.);
#4502 = VERTEX_POINT('',#4503);
#4503 = CARTESIAN_POINT('',(4.25,-8.,4.8));
#4504 = LINE('',#4505,#4506);
#4505 = CARTESIAN_POINT('',(4.25,-8.,5.7));
#4506 = VECTOR('',#4507,1.);
#4507 = DIRECTION('',(0.,-2.22044604925E-16,-1.));
#4508 = ORIENTED_EDGE('',*,*,#4509,.T.);
#4509 = EDGE_CURVE('',#4502,#4510,#4512,.T.);
#4510 = VERTEX_POINT('',#4511);
#4511 = CARTESIAN_POINT('',(5.,-8.,4.8));
#4512 = LINE('',#4513,#4514);
#4513 = CARTESIAN_POINT('',(4.25,-8.,4.8));
#4514 = VECTOR('',#4515,1.);
#4515 = DIRECTION('',(1.,0.,0.));
#4516 = ORIENTED_EDGE('',*,*,#4517,.T.);
#4517 = EDGE_CURVE('',#4510,#4518,#4520,.T.);
#4518 = VERTEX_POINT('',#4519);
#4519 = CARTESIAN_POINT('',(5.,-8.,0.5));
#4520 = LINE('',#4521,#4522);
#4521 = CARTESIAN_POINT('',(5.,-8.,4.8));
#4522 = VECTOR('',#4523,1.);
#4523 = DIRECTION('',(0.,-2.22044604925E-16,-1.));
#4524 = ORIENTED_EDGE('',*,*,#4525,.T.);
#4525 = EDGE_CURVE('',#4518,#4526,#4528,.T.);
#4526 = VERTEX_POINT('',#4527);
#4527 = CARTESIAN_POINT('',(4.5,-8.,0.5));
#4528 = LINE('',#4529,#4530);
#4529 = CARTESIAN_POINT('',(5.,-8.,0.5));
#4530 = VECTOR('',#4531,1.);
#4531 = DIRECTION('',(-1.,0.,0.));
#4532 = ORIENTED_EDGE('',*,*,#4533,.T.);
#4533 = EDGE_CURVE('',#4526,#4534,#4536,.T.);
#4534 = VERTEX_POINT('',#4535);
#4535 = CARTESIAN_POINT('',(2.5,-8.,0.5));
#4536 = CIRCLE('',#4537,1.133333333333);
#4537 = AXIS2_PLACEMENT_3D('',#4538,#4539,#4540);
#4538 = CARTESIAN_POINT('',(3.5,-8.,-3.333333333333E-02));
#4539 = DIRECTION('',(1.232595164408E-32,-1.,2.22044604925E-16));
#4540 = DIRECTION('',(0.882352941176,1.044915787883E-16,0.470588235294)
  );
#4541 = ORIENTED_EDGE('',*,*,#4542,.T.);
#4542 = EDGE_CURVE('',#4534,#4543,#4545,.T.);
#4543 = VERTEX_POINT('',#4544);
#4544 = CARTESIAN_POINT('',(2.,-8.,0.5));
#4545 = LINE('',#4546,#4547);
#4546 = CARTESIAN_POINT('',(2.5,-8.,0.5));
#4547 = VECTOR('',#4548,1.);
#4548 = DIRECTION('',(-1.,0.,0.));
#4549 = ORIENTED_EDGE('',*,*,#4550,.T.);
#4550 = EDGE_CURVE('',#4543,#4551,#4553,.T.);
#4551 = VERTEX_POINT('',#4552);
#4552 = CARTESIAN_POINT('',(2.,-8.,4.8));
#4553 = LINE('',#4554,#4555);
#4554 = CARTESIAN_POINT('',(2.,-8.,0.5));
#4555 = VECTOR('',#4556,1.);
#4556 = DIRECTION('',(0.,2.22044604925E-16,1.));
#4557 = ORIENTED_EDGE('',*,*,#4558,.T.);
#4558 = EDGE_CURVE('',#4551,#4559,#4561,.T.);
#4559 = VERTEX_POINT('',#4560);
#4560 = CARTESIAN_POINT('',(2.75,-8.,4.8));
#4561 = LINE('',#4562,#4563);
#4562 = CARTESIAN_POINT('',(2.,-8.,4.8));
#4563 = VECTOR('',#4564,1.);
#4564 = DIRECTION('',(1.,0.,0.));
#4565 = ORIENTED_EDGE('',*,*,#4566,.T.);
#4566 = EDGE_CURVE('',#4559,#4567,#4569,.T.);
#4567 = VERTEX_POINT('',#4568);
#4568 = CARTESIAN_POINT('',(2.75,-8.,5.7));
#4569 = LINE('',#4570,#4571);
#4570 = CARTESIAN_POINT('',(2.75,-8.,4.8));
#4571 = VECTOR('',#4572,1.);
#4572 = DIRECTION('',(0.,2.22044604925E-16,1.));
#4573 = ORIENTED_EDGE('',*,*,#4574,.T.);
#4574 = EDGE_CURVE('',#4567,#4575,#4577,.T.);
#4575 = VERTEX_POINT('',#4576);
#4576 = CARTESIAN_POINT('',(2.25,-8.,5.7));
#4577 = LINE('',#4578,#4579);
#4578 = CARTESIAN_POINT('',(2.75,-8.,5.7));
#4579 = VECTOR('',#4580,1.);
#4580 = DIRECTION('',(-1.,0.,0.));
#4581 = ORIENTED_EDGE('',*,*,#4582,.T.);
#4582 = EDGE_CURVE('',#4575,#4583,#4585,.T.);
#4583 = VERTEX_POINT('',#4584);
#4584 = CARTESIAN_POINT('',(2.,-8.,6.5));
#4585 = LINE('',#4586,#4587);
#4586 = CARTESIAN_POINT('',(2.25,-8.,5.7));
#4587 = VECTOR('',#4588,1.);
#4588 = DIRECTION('',(-0.298274993136,2.119371296316E-16,0.954479978035)
  );
#4589 = ORIENTED_EDGE('',*,*,#4590,.T.);
#4590 = EDGE_CURVE('',#4583,#4484,#4591,.T.);
#4591 = LINE('',#4592,#4593);
#4592 = CARTESIAN_POINT('',(2.,-8.,6.5));
#4593 = VECTOR('',#4594,1.);
#4594 = DIRECTION('',(1.,0.,0.));
#4595 = FACE_BOUND('',#4596,.T.);
#4596 = EDGE_LOOP('',(#4597,#4607,#4615,#4623,#4632,#4640,#4648,#4656,
    #4664,#4672,#4680,#4688,#4696,#4704));
#4597 = ORIENTED_EDGE('',*,*,#4598,.T.);
#4598 = EDGE_CURVE('',#4599,#4601,#4603,.T.);
#4599 = VERTEX_POINT('',#4600);
#4600 = CARTESIAN_POINT('',(0.75,-8.,4.8));
#4601 = VERTEX_POINT('',#4602);
#4602 = CARTESIAN_POINT('',(1.5,-8.,4.8));
#4603 = LINE('',#4604,#4605);
#4604 = CARTESIAN_POINT('',(0.75,-8.,4.8));
#4605 = VECTOR('',#4606,1.);
#4606 = DIRECTION('',(1.,0.,0.));
#4607 = ORIENTED_EDGE('',*,*,#4608,.T.);
#4608 = EDGE_CURVE('',#4601,#4609,#4611,.T.);
#4609 = VERTEX_POINT('',#4610);
#4610 = CARTESIAN_POINT('',(1.5,-8.,0.5));
#4611 = LINE('',#4612,#4613);
#4612 = CARTESIAN_POINT('',(1.5,-8.,4.8));
#4613 = VECTOR('',#4614,1.);
#4614 = DIRECTION('',(0.,-2.22044604925E-16,-1.));
#4615 = ORIENTED_EDGE('',*,*,#4616,.T.);
#4616 = EDGE_CURVE('',#4609,#4617,#4619,.T.);
#4617 = VERTEX_POINT('',#4618);
#4618 = CARTESIAN_POINT('',(1.,-8.,0.5));
#4619 = LINE('',#4620,#4621);
#4620 = CARTESIAN_POINT('',(1.5,-8.,0.5));
#4621 = VECTOR('',#4622,1.);
#4622 = DIRECTION('',(-1.,0.,0.));
#4623 = ORIENTED_EDGE('',*,*,#4624,.T.);
#4624 = EDGE_CURVE('',#4617,#4625,#4627,.T.);
#4625 = VERTEX_POINT('',#4626);
#4626 = CARTESIAN_POINT('',(-1.,-8.,0.5));
#4627 = CIRCLE('',#4628,1.133333333333);
#4628 = AXIS2_PLACEMENT_3D('',#4629,#4630,#4631);
#4629 = CARTESIAN_POINT('',(-5.551115123126E-17,-8.,-3.333333333333E-02)
  );
#4630 = DIRECTION('',(1.232595164408E-32,-1.,2.22044604925E-16));
#4631 = DIRECTION('',(0.882352941176,1.044915787883E-16,0.470588235294)
  );
#4632 = ORIENTED_EDGE('',*,*,#4633,.T.);
#4633 = EDGE_CURVE('',#4625,#4634,#4636,.T.);
#4634 = VERTEX_POINT('',#4635);
#4635 = CARTESIAN_POINT('',(-1.5,-8.,0.5));
#4636 = LINE('',#4637,#4638);
#4637 = CARTESIAN_POINT('',(-1.,-8.,0.5));
#4638 = VECTOR('',#4639,1.);
#4639 = DIRECTION('',(-1.,0.,0.));
#4640 = ORIENTED_EDGE('',*,*,#4641,.T.);
#4641 = EDGE_CURVE('',#4634,#4642,#4644,.T.);
#4642 = VERTEX_POINT('',#4643);
#4643 = CARTESIAN_POINT('',(-1.5,-8.,4.8));
#4644 = LINE('',#4645,#4646);
#4645 = CARTESIAN_POINT('',(-1.5,-8.,0.5));
#4646 = VECTOR('',#4647,1.);
#4647 = DIRECTION('',(0.,2.22044604925E-16,1.));
#4648 = ORIENTED_EDGE('',*,*,#4649,.T.);
#4649 = EDGE_CURVE('',#4642,#4650,#4652,.T.);
#4650 = VERTEX_POINT('',#4651);
#4651 = CARTESIAN_POINT('',(-0.75,-8.,4.8));
#4652 = LINE('',#4653,#4654);
#4653 = CARTESIAN_POINT('',(-1.5,-8.,4.8));
#4654 = VECTOR('',#4655,1.);
#4655 = DIRECTION('',(1.,0.,0.));
#4656 = ORIENTED_EDGE('',*,*,#4657,.T.);
#4657 = EDGE_CURVE('',#4650,#4658,#4660,.T.);
#4658 = VERTEX_POINT('',#4659);
#4659 = CARTESIAN_POINT('',(-0.75,-8.,5.7));
#4660 = LINE('',#4661,#4662);
#4661 = CARTESIAN_POINT('',(-0.75,-8.,4.8));
#4662 = VECTOR('',#4663,1.);
#4663 = DIRECTION('',(0.,2.22044604925E-16,1.));
#4664 = ORIENTED_EDGE('',*,*,#4665,.T.);
#4665 = EDGE_CURVE('',#4658,#4666,#4668,.T.);
#4666 = VERTEX_POINT('',#4667);
#4667 = CARTESIAN_POINT('',(-1.25,-8.,5.7));
#4668 = LINE('',#4669,#4670);
#4669 = CARTESIAN_POINT('',(-0.75,-8.,5.7));
#4670 = VECTOR('',#4671,1.);
#4671 = DIRECTION('',(-1.,0.,0.));
#4672 = ORIENTED_EDGE('',*,*,#4673,.T.);
#4673 = EDGE_CURVE('',#4666,#4674,#4676,.T.);
#4674 = VERTEX_POINT('',#4675);
#4675 = CARTESIAN_POINT('',(-1.5,-8.,6.5));
#4676 = LINE('',#4677,#4678);
#4677 = CARTESIAN_POINT('',(-1.25,-8.,5.7));
#4678 = VECTOR('',#4679,1.);
#4679 = DIRECTION('',(-0.298274993136,2.119371296316E-16,0.954479978035)
  );
#4680 = ORIENTED_EDGE('',*,*,#4681,.T.);
#4681 = EDGE_CURVE('',#4674,#4682,#4684,.T.);
#4682 = VERTEX_POINT('',#4683);
#4683 = CARTESIAN_POINT('',(1.5,-8.,6.5));
#4684 = LINE('',#4685,#4686);
#4685 = CARTESIAN_POINT('',(-1.5,-8.,6.5));
#4686 = VECTOR('',#4687,1.);
#4687 = DIRECTION('',(1.,0.,0.));
#4688 = ORIENTED_EDGE('',*,*,#4689,.T.);
#4689 = EDGE_CURVE('',#4682,#4690,#4692,.T.);
#4690 = VERTEX_POINT('',#4691);
#4691 = CARTESIAN_POINT('',(1.25,-8.,5.7));
#4692 = LINE('',#4693,#4694);
#4693 = CARTESIAN_POINT('',(1.5,-8.,6.5));
#4694 = VECTOR('',#4695,1.);
#4695 = DIRECTION('',(-0.298274993136,-2.119371296316E-16,
    -0.954479978035));
#4696 = ORIENTED_EDGE('',*,*,#4697,.T.);
#4697 = EDGE_CURVE('',#4690,#4698,#4700,.T.);
#4698 = VERTEX_POINT('',#4699);
#4699 = CARTESIAN_POINT('',(0.75,-8.,5.7));
#4700 = LINE('',#4701,#4702);
#4701 = CARTESIAN_POINT('',(1.25,-8.,5.7));
#4702 = VECTOR('',#4703,1.);
#4703 = DIRECTION('',(-1.,0.,0.));
#4704 = ORIENTED_EDGE('',*,*,#4705,.T.);
#4705 = EDGE_CURVE('',#4698,#4599,#4706,.T.);
#4706 = LINE('',#4707,#4708);
#4707 = CARTESIAN_POINT('',(0.75,-8.,5.7));
#4708 = VECTOR('',#4709,1.);
#4709 = DIRECTION('',(0.,-2.22044604925E-16,-1.));
#4710 = PLANE('',#4711);
#4711 = AXIS2_PLACEMENT_3D('',#4712,#4713,#4714);
#4712 = CARTESIAN_POINT('',(1.75,-8.,3.625));
#4713 = DIRECTION('',(0.,-1.,2.22044604925E-16));
#4714 = DIRECTION('',(1.,0.,0.));
#4715 = ADVANCED_FACE('',(#4716),#4734,.F.);
#4716 = FACE_BOUND('',#4717,.F.);
#4717 = EDGE_LOOP('',(#4718,#4726,#4732,#4733));
#4718 = ORIENTED_EDGE('',*,*,#4719,.T.);
#4719 = EDGE_CURVE('',#4281,#4720,#4722,.T.);
#4720 = VERTEX_POINT('',#4721);
#4721 = CARTESIAN_POINT('',(5.95,-5.1,7.25));
#4722 = LINE('',#4723,#4724);
#4723 = CARTESIAN_POINT('',(-2.45,-5.1,7.25));
#4724 = VECTOR('',#4725,1.);
#4725 = DIRECTION('',(1.,0.,0.));
#4726 = ORIENTED_EDGE('',*,*,#4727,.T.);
#4727 = EDGE_CURVE('',#4720,#4467,#4728,.T.);
#4728 = LINE('',#4729,#4730);
#4729 = CARTESIAN_POINT('',(5.95,1.2,7.25));
#4730 = VECTOR('',#4731,1.);
#4731 = DIRECTION('',(0.,-1.,2.22044604925E-16));
#4732 = ORIENTED_EDGE('',*,*,#4474,.T.);
#4733 = ORIENTED_EDGE('',*,*,#4280,.F.);
#4734 = PLANE('',#4735);
#4735 = AXIS2_PLACEMENT_3D('',#4736,#4737,#4738);
#4736 = CARTESIAN_POINT('',(5.95,1.2,7.25));
#4737 = DIRECTION('',(0.,-2.22044604925E-16,-1.));
#4738 = DIRECTION('',(-1.,-0.,0.));
#4739 = ADVANCED_FACE('',(#4740),#4758,.F.);
#4740 = FACE_BOUND('',#4741,.F.);
#4741 = EDGE_LOOP('',(#4742,#4750,#4756,#4757));
#4742 = ORIENTED_EDGE('',*,*,#4743,.T.);
#4743 = EDGE_CURVE('',#4289,#4744,#4746,.T.);
#4744 = VERTEX_POINT('',#4745);
#4745 = CARTESIAN_POINT('',(5.95,-5.1,7.55));
#4746 = LINE('',#4747,#4748);
#4747 = CARTESIAN_POINT('',(-2.45,-5.1,7.55));
#4748 = VECTOR('',#4749,1.);
#4749 = DIRECTION('',(1.,0.,0.));
#4750 = ORIENTED_EDGE('',*,*,#4751,.T.);
#4751 = EDGE_CURVE('',#4744,#4720,#4752,.T.);
#4752 = LINE('',#4753,#4754);
#4753 = CARTESIAN_POINT('',(5.95,-5.1,7.55));
#4754 = VECTOR('',#4755,1.);
#4755 = DIRECTION('',(0.,-2.22044604925E-16,-1.));
#4756 = ORIENTED_EDGE('',*,*,#4719,.F.);
#4757 = ORIENTED_EDGE('',*,*,#4288,.F.);
#4758 = PLANE('',#4759);
#4759 = AXIS2_PLACEMENT_3D('',#4760,#4761,#4762);
#4760 = CARTESIAN_POINT('',(-2.45,-5.1,7.55));
#4761 = DIRECTION('',(0.,1.,-2.22044604925E-16));
#4762 = DIRECTION('',(0.,-2.22044604925E-16,-1.));
#4763 = ADVANCED_FACE('',(#4764),#4782,.F.);
#4764 = FACE_BOUND('',#4765,.F.);
#4765 = EDGE_LOOP('',(#4766,#4774,#4780,#4781));
#4766 = ORIENTED_EDGE('',*,*,#4767,.T.);
#4767 = EDGE_CURVE('',#4297,#4768,#4770,.T.);
#4768 = VERTEX_POINT('',#4769);
#4769 = CARTESIAN_POINT('',(5.95,-4.5,7.55));
#4770 = LINE('',#4771,#4772);
#4771 = CARTESIAN_POINT('',(-2.45,-4.5,7.55));
#4772 = VECTOR('',#4773,1.);
#4773 = DIRECTION('',(1.,0.,0.));
#4774 = ORIENTED_EDGE('',*,*,#4775,.T.);
#4775 = EDGE_CURVE('',#4768,#4744,#4776,.T.);
#4776 = LINE('',#4777,#4778);
#4777 = CARTESIAN_POINT('',(5.95,-4.5,7.55));
#4778 = VECTOR('',#4779,1.);
#4779 = DIRECTION('',(0.,-1.,2.22044604925E-16));
#4780 = ORIENTED_EDGE('',*,*,#4743,.F.);
#4781 = ORIENTED_EDGE('',*,*,#4296,.F.);
#4782 = PLANE('',#4783);
#4783 = AXIS2_PLACEMENT_3D('',#4784,#4785,#4786);
#4784 = CARTESIAN_POINT('',(-2.45,-4.5,7.55));
#4785 = DIRECTION('',(0.,-2.22044604925E-16,-1.));
#4786 = DIRECTION('',(0.,-1.,2.22044604925E-16));
#4787 = ADVANCED_FACE('',(#4788),#4799,.F.);
#4788 = FACE_BOUND('',#4789,.F.);
#4789 = EDGE_LOOP('',(#4790,#4791,#4797,#4798));
#4790 = ORIENTED_EDGE('',*,*,#4334,.T.);
#4791 = ORIENTED_EDGE('',*,*,#4792,.T.);
#4792 = EDGE_CURVE('',#4327,#4768,#4793,.T.);
#4793 = LINE('',#4794,#4795);
#4794 = CARTESIAN_POINT('',(5.95,-4.5,7.25));
#4795 = VECTOR('',#4796,1.);
#4796 = DIRECTION('',(0.,2.22044604925E-16,1.));
#4797 = ORIENTED_EDGE('',*,*,#4767,.F.);
#4798 = ORIENTED_EDGE('',*,*,#4304,.F.);
#4799 = PLANE('',#4800);
#4800 = AXIS2_PLACEMENT_3D('',#4801,#4802,#4803);
#4801 = CARTESIAN_POINT('',(-2.45,-4.5,7.25));
#4802 = DIRECTION('',(0.,-1.,2.22044604925E-16));
#4803 = DIRECTION('',(0.,2.22044604925E-16,1.));
#4804 = ADVANCED_FACE('',(#4805),#4815,.T.);
#4805 = FACE_BOUND('',#4806,.T.);
#4806 = EDGE_LOOP('',(#4807,#4808,#4809,#4810,#4811,#4812,#4813,#4814));
#4807 = ORIENTED_EDGE('',*,*,#4382,.F.);
#4808 = ORIENTED_EDGE('',*,*,#4357,.T.);
#4809 = ORIENTED_EDGE('',*,*,#4326,.T.);
#4810 = ORIENTED_EDGE('',*,*,#4792,.T.);
#4811 = ORIENTED_EDGE('',*,*,#4775,.T.);
#4812 = ORIENTED_EDGE('',*,*,#4751,.T.);
#4813 = ORIENTED_EDGE('',*,*,#4727,.T.);
#4814 = ORIENTED_EDGE('',*,*,#4466,.F.);
#4815 = PLANE('',#4816);
#4816 = AXIS2_PLACEMENT_3D('',#4817,#4818,#4819);
#4817 = CARTESIAN_POINT('',(5.95,-3.425074626866,3.697985074627));
#4818 = DIRECTION('',(1.,0.,0.));
#4819 = DIRECTION('',(0.,-1.,2.22044604925E-16));
#4820 = ADVANCED_FACE('',(#4821),#4846,.T.);
#4821 = FACE_BOUND('',#4822,.T.);
#4822 = EDGE_LOOP('',(#4823,#4833,#4839,#4840));
#4823 = ORIENTED_EDGE('',*,*,#4824,.F.);
#4824 = EDGE_CURVE('',#4825,#4827,#4829,.T.);
#4825 = VERTEX_POINT('',#4826);
#4826 = CARTESIAN_POINT('',(-0.425,0.425,-2.8));
#4827 = VERTEX_POINT('',#4828);
#4828 = CARTESIAN_POINT('',(0.425,0.425,-2.8));
#4829 = LINE('',#4830,#4831);
#4830 = CARTESIAN_POINT('',(-0.225,0.425,-2.8));
#4831 = VECTOR('',#4832,1.);
#4832 = DIRECTION('',(1.,0.,0.));
#4833 = ORIENTED_EDGE('',*,*,#4834,.F.);
#4834 = EDGE_CURVE('',#4394,#4825,#4835,.T.);
#4835 = LINE('',#4836,#4837);
#4836 = CARTESIAN_POINT('',(-0.425,0.425,2.475));
#4837 = VECTOR('',#4838,1.);
#4838 = DIRECTION('',(0.,9.448706592555E-18,-1.));
#4839 = ORIENTED_EDGE('',*,*,#4391,.F.);
#4840 = ORIENTED_EDGE('',*,*,#4841,.T.);
#4841 = EDGE_CURVE('',#4392,#4827,#4842,.T.);
#4842 = LINE('',#4843,#4844);
#4843 = CARTESIAN_POINT('',(0.425,0.425,2.475));
#4844 = VECTOR('',#4845,1.);
#4845 = DIRECTION('',(0.,9.448706592555E-18,-1.));
#4846 = PLANE('',#4847);
#4847 = AXIS2_PLACEMENT_3D('',#4848,#4849,#4850);
#4848 = CARTESIAN_POINT('',(-0.425,0.425,2.475));
#4849 = DIRECTION('',(0.,1.,9.448706592555E-18));
#4850 = DIRECTION('',(0.,9.448706592555E-18,-1.));
#4851 = ADVANCED_FACE('',(#4852),#4870,.T.);
#4852 = FACE_BOUND('',#4853,.T.);
#4853 = EDGE_LOOP('',(#4854,#4862,#4868,#4869));
#4854 = ORIENTED_EDGE('',*,*,#4855,.T.);
#4855 = EDGE_CURVE('',#4825,#4856,#4858,.T.);
#4856 = VERTEX_POINT('',#4857);
#4857 = CARTESIAN_POINT('',(-0.425,-0.425,-2.8));
#4858 = LINE('',#4859,#4860);
#4859 = CARTESIAN_POINT('',(-0.425,0.425,-2.8));
#4860 = VECTOR('',#4861,1.);
#4861 = DIRECTION('',(0.,-1.,0.));
#4862 = ORIENTED_EDGE('',*,*,#4863,.T.);
#4863 = EDGE_CURVE('',#4856,#4410,#4864,.T.);
#4864 = LINE('',#4865,#4866);
#4865 = CARTESIAN_POINT('',(-0.425,-0.425,-3.4));
#4866 = VECTOR('',#4867,1.);
#4867 = DIRECTION('',(0.,0.,1.));
#4868 = ORIENTED_EDGE('',*,*,#4417,.F.);
#4869 = ORIENTED_EDGE('',*,*,#4834,.T.);
#4870 = PLANE('',#4871);
#4871 = AXIS2_PLACEMENT_3D('',#4872,#4873,#4874);
#4872 = CARTESIAN_POINT('',(-0.425,-1.794638512893,1.307085432616));
#4873 = DIRECTION('',(-1.,-0.,-0.));
#4874 = DIRECTION('',(0.,0.,-1.));
#4875 = ADVANCED_FACE('',(#4876),#4894,.T.);
#4876 = FACE_BOUND('',#4877,.T.);
#4877 = EDGE_LOOP('',(#4878,#4879,#4887,#4893));
#4878 = ORIENTED_EDGE('',*,*,#4863,.F.);
#4879 = ORIENTED_EDGE('',*,*,#4880,.T.);
#4880 = EDGE_CURVE('',#4856,#4881,#4883,.T.);
#4881 = VERTEX_POINT('',#4882);
#4882 = CARTESIAN_POINT('',(0.425,-0.425,-2.8));
#4883 = LINE('',#4884,#4885);
#4884 = CARTESIAN_POINT('',(-0.225,-0.425,-2.8));
#4885 = VECTOR('',#4886,1.);
#4886 = DIRECTION('',(1.,0.,0.));
#4887 = ORIENTED_EDGE('',*,*,#4888,.T.);
#4888 = EDGE_CURVE('',#4881,#4402,#4889,.T.);
#4889 = LINE('',#4890,#4891);
#4890 = CARTESIAN_POINT('',(0.425,-0.425,-3.4));
#4891 = VECTOR('',#4892,1.);
#4892 = DIRECTION('',(0.,0.,1.));
#4893 = ORIENTED_EDGE('',*,*,#4409,.F.);
#4894 = PLANE('',#4895);
#4895 = AXIS2_PLACEMENT_3D('',#4896,#4897,#4898);
#4896 = CARTESIAN_POINT('',(-0.425,-0.425,-3.4));
#4897 = DIRECTION('',(0.,-1.,0.));
#4898 = DIRECTION('',(0.,0.,1.));
#4899 = ADVANCED_FACE('',(#4900),#4911,.F.);
#4900 = FACE_BOUND('',#4901,.F.);
#4901 = EDGE_LOOP('',(#4902,#4908,#4909,#4910));
#4902 = ORIENTED_EDGE('',*,*,#4903,.T.);
#4903 = EDGE_CURVE('',#4827,#4881,#4904,.T.);
#4904 = LINE('',#4905,#4906);
#4905 = CARTESIAN_POINT('',(0.425,0.425,-2.8));
#4906 = VECTOR('',#4907,1.);
#4907 = DIRECTION('',(0.,-1.,0.));
#4908 = ORIENTED_EDGE('',*,*,#4888,.T.);
#4909 = ORIENTED_EDGE('',*,*,#4401,.F.);
#4910 = ORIENTED_EDGE('',*,*,#4841,.T.);
#4911 = PLANE('',#4912);
#4912 = AXIS2_PLACEMENT_3D('',#4913,#4914,#4915);
#4913 = CARTESIAN_POINT('',(0.425,-1.794638512893,1.307085432616));
#4914 = DIRECTION('',(-1.,-0.,-0.));
#4915 = DIRECTION('',(0.,0.,-1.));
#4916 = ADVANCED_FACE('',(#4917),#4942,.T.);
#4917 = FACE_BOUND('',#4918,.T.);
#4918 = EDGE_LOOP('',(#4919,#4929,#4935,#4936));
#4919 = ORIENTED_EDGE('',*,*,#4920,.T.);
#4920 = EDGE_CURVE('',#4921,#4923,#4925,.T.);
#4921 = VERTEX_POINT('',#4922);
#4922 = CARTESIAN_POINT('',(3.075,0.425,-2.8));
#4923 = VERTEX_POINT('',#4924);
#4924 = CARTESIAN_POINT('',(3.075,-0.425,-2.8));
#4925 = LINE('',#4926,#4927);
#4926 = CARTESIAN_POINT('',(3.075,0.425,-2.8));
#4927 = VECTOR('',#4928,1.);
#4928 = DIRECTION('',(0.,-1.,0.));
#4929 = ORIENTED_EDGE('',*,*,#4930,.T.);
#4930 = EDGE_CURVE('',#4923,#4428,#4931,.T.);
#4931 = LINE('',#4932,#4933);
#4932 = CARTESIAN_POINT('',(3.075,-0.425,-3.4));
#4933 = VECTOR('',#4934,1.);
#4934 = DIRECTION('',(0.,0.,1.));
#4935 = ORIENTED_EDGE('',*,*,#4425,.F.);
#4936 = ORIENTED_EDGE('',*,*,#4937,.T.);
#4937 = EDGE_CURVE('',#4426,#4921,#4938,.T.);
#4938 = LINE('',#4939,#4940);
#4939 = CARTESIAN_POINT('',(3.075,0.425,2.475));
#4940 = VECTOR('',#4941,1.);
#4941 = DIRECTION('',(0.,9.448706592555E-18,-1.));
#4942 = PLANE('',#4943);
#4943 = AXIS2_PLACEMENT_3D('',#4944,#4945,#4946);
#4944 = CARTESIAN_POINT('',(3.075,-1.794638512893,1.307085432616));
#4945 = DIRECTION('',(-1.,-0.,-0.));
#4946 = DIRECTION('',(0.,0.,-1.));
#4947 = ADVANCED_FACE('',(#4948),#4966,.T.);
#4948 = FACE_BOUND('',#4949,.T.);
#4949 = EDGE_LOOP('',(#4950,#4951,#4959,#4965));
#4950 = ORIENTED_EDGE('',*,*,#4930,.F.);
#4951 = ORIENTED_EDGE('',*,*,#4952,.T.);
#4952 = EDGE_CURVE('',#4923,#4953,#4955,.T.);
#4953 = VERTEX_POINT('',#4954);
#4954 = CARTESIAN_POINT('',(3.925,-0.425,-2.8));
#4955 = LINE('',#4956,#4957);
#4956 = CARTESIAN_POINT('',(3.275,-0.425,-2.8));
#4957 = VECTOR('',#4958,1.);
#4958 = DIRECTION('',(1.,0.,0.));
#4959 = ORIENTED_EDGE('',*,*,#4960,.T.);
#4960 = EDGE_CURVE('',#4953,#4444,#4961,.T.);
#4961 = LINE('',#4962,#4963);
#4962 = CARTESIAN_POINT('',(3.925,-0.425,-3.4));
#4963 = VECTOR('',#4964,1.);
#4964 = DIRECTION('',(0.,0.,1.));
#4965 = ORIENTED_EDGE('',*,*,#4451,.F.);
#4966 = PLANE('',#4967);
#4967 = AXIS2_PLACEMENT_3D('',#4968,#4969,#4970);
#4968 = CARTESIAN_POINT('',(3.075,-0.425,-3.4));
#4969 = DIRECTION('',(0.,-1.,0.));
#4970 = DIRECTION('',(0.,0.,1.));
#4971 = ADVANCED_FACE('',(#4972),#4990,.F.);
#4972 = FACE_BOUND('',#4973,.F.);
#4973 = EDGE_LOOP('',(#4974,#4982,#4983,#4984));
#4974 = ORIENTED_EDGE('',*,*,#4975,.T.);
#4975 = EDGE_CURVE('',#4976,#4953,#4978,.T.);
#4976 = VERTEX_POINT('',#4977);
#4977 = CARTESIAN_POINT('',(3.925,0.425,-2.8));
#4978 = LINE('',#4979,#4980);
#4979 = CARTESIAN_POINT('',(3.925,0.425,-2.8));
#4980 = VECTOR('',#4981,1.);
#4981 = DIRECTION('',(0.,-1.,0.));
#4982 = ORIENTED_EDGE('',*,*,#4960,.T.);
#4983 = ORIENTED_EDGE('',*,*,#4443,.F.);
#4984 = ORIENTED_EDGE('',*,*,#4985,.T.);
#4985 = EDGE_CURVE('',#4436,#4976,#4986,.T.);
#4986 = LINE('',#4987,#4988);
#4987 = CARTESIAN_POINT('',(3.925,0.425,2.475));
#4988 = VECTOR('',#4989,1.);
#4989 = DIRECTION('',(0.,9.448706592555E-18,-1.));
#4990 = PLANE('',#4991);
#4991 = AXIS2_PLACEMENT_3D('',#4992,#4993,#4994);
#4992 = CARTESIAN_POINT('',(3.925,-1.794638512893,1.307085432616));
#4993 = DIRECTION('',(-1.,-0.,-0.));
#4994 = DIRECTION('',(0.,0.,-1.));
#4995 = ADVANCED_FACE('',(#4996),#5007,.T.);
#4996 = FACE_BOUND('',#4997,.T.);
#4997 = EDGE_LOOP('',(#4998,#5004,#5005,#5006));
#4998 = ORIENTED_EDGE('',*,*,#4999,.F.);
#4999 = EDGE_CURVE('',#4921,#4976,#5000,.T.);
#5000 = LINE('',#5001,#5002);
#5001 = CARTESIAN_POINT('',(3.275,0.425,-2.8));
#5002 = VECTOR('',#5003,1.);
#5003 = DIRECTION('',(1.,0.,0.));
#5004 = ORIENTED_EDGE('',*,*,#4937,.F.);
#5005 = ORIENTED_EDGE('',*,*,#4435,.F.);
#5006 = ORIENTED_EDGE('',*,*,#4985,.T.);
#5007 = PLANE('',#5008);
#5008 = AXIS2_PLACEMENT_3D('',#5009,#5010,#5011);
#5009 = CARTESIAN_POINT('',(3.075,0.425,2.475));
#5010 = DIRECTION('',(0.,1.,9.448706592555E-18));
#5011 = DIRECTION('',(0.,9.448706592555E-18,-1.));
#5012 = ADVANCED_FACE('',(#5013),#5038,.F.);
#5013 = FACE_BOUND('',#5014,.F.);
#5014 = EDGE_LOOP('',(#5015,#5023,#5024,#5032));
#5015 = ORIENTED_EDGE('',*,*,#5016,.T.);
#5016 = EDGE_CURVE('',#5017,#4484,#5019,.T.);
#5017 = VERTEX_POINT('',#5018);
#5018 = CARTESIAN_POINT('',(5.,-1.4,6.5));
#5019 = LINE('',#5020,#5021);
#5020 = CARTESIAN_POINT('',(5.,-1.4,6.5));
#5021 = VECTOR('',#5022,1.);
#5022 = DIRECTION('',(0.,-1.,2.22044604925E-16));
#5023 = ORIENTED_EDGE('',*,*,#4483,.T.);
#5024 = ORIENTED_EDGE('',*,*,#5025,.F.);
#5025 = EDGE_CURVE('',#5026,#4486,#5028,.T.);
#5026 = VERTEX_POINT('',#5027);
#5027 = CARTESIAN_POINT('',(4.75,-1.4,5.7));
#5028 = LINE('',#5029,#5030);
#5029 = CARTESIAN_POINT('',(4.75,-1.4,5.7));
#5030 = VECTOR('',#5031,1.);
#5031 = DIRECTION('',(0.,-1.,2.22044604925E-16));
#5032 = ORIENTED_EDGE('',*,*,#5033,.F.);
#5033 = EDGE_CURVE('',#5017,#5026,#5034,.T.);
#5034 = LINE('',#5035,#5036);
#5035 = CARTESIAN_POINT('',(5.,-1.4,6.5));
#5036 = VECTOR('',#5037,1.);
#5037 = DIRECTION('',(-0.298274993136,-2.119371296316E-16,
    -0.954479978035));
#5038 = PLANE('',#5039);
#5039 = AXIS2_PLACEMENT_3D('',#5040,#5041,#5042);
#5040 = CARTESIAN_POINT('',(5.,-1.4,6.5));
#5041 = DIRECTION('',(0.954479978035,-6.623035300989E-17,-0.298274993136
    ));
#5042 = DIRECTION('',(-0.298274993136,-2.119371296316E-16,
    -0.954479978035));
#5043 = ADVANCED_FACE('',(#5044),#5062,.F.);
#5044 = FACE_BOUND('',#5045,.F.);
#5045 = EDGE_LOOP('',(#5046,#5054,#5055,#5056));
#5046 = ORIENTED_EDGE('',*,*,#5047,.T.);
#5047 = EDGE_CURVE('',#5048,#4583,#5050,.T.);
#5048 = VERTEX_POINT('',#5049);
#5049 = CARTESIAN_POINT('',(2.,-1.4,6.5));
#5050 = LINE('',#5051,#5052);
#5051 = CARTESIAN_POINT('',(2.,-1.4,6.5));
#5052 = VECTOR('',#5053,1.);
#5053 = DIRECTION('',(0.,-1.,2.22044604925E-16));
#5054 = ORIENTED_EDGE('',*,*,#4590,.T.);
#5055 = ORIENTED_EDGE('',*,*,#5016,.F.);
#5056 = ORIENTED_EDGE('',*,*,#5057,.F.);
#5057 = EDGE_CURVE('',#5048,#5017,#5058,.T.);
#5058 = LINE('',#5059,#5060);
#5059 = CARTESIAN_POINT('',(2.,-1.4,6.5));
#5060 = VECTOR('',#5061,1.);
#5061 = DIRECTION('',(1.,0.,0.));
#5062 = PLANE('',#5063);
#5063 = AXIS2_PLACEMENT_3D('',#5064,#5065,#5066);
#5064 = CARTESIAN_POINT('',(2.,-1.4,6.5));
#5065 = DIRECTION('',(0.,2.22044604925E-16,1.));
#5066 = DIRECTION('',(1.,0.,-0.));
#5067 = ADVANCED_FACE('',(#5068),#5086,.F.);
#5068 = FACE_BOUND('',#5069,.F.);
#5069 = EDGE_LOOP('',(#5070,#5078,#5079,#5080));
#5070 = ORIENTED_EDGE('',*,*,#5071,.T.);
#5071 = EDGE_CURVE('',#5072,#4575,#5074,.T.);
#5072 = VERTEX_POINT('',#5073);
#5073 = CARTESIAN_POINT('',(2.25,-1.4,5.7));
#5074 = LINE('',#5075,#5076);
#5075 = CARTESIAN_POINT('',(2.25,-1.4,5.7));
#5076 = VECTOR('',#5077,1.);
#5077 = DIRECTION('',(0.,-1.,2.22044604925E-16));
#5078 = ORIENTED_EDGE('',*,*,#4582,.T.);
#5079 = ORIENTED_EDGE('',*,*,#5047,.F.);
#5080 = ORIENTED_EDGE('',*,*,#5081,.F.);
#5081 = EDGE_CURVE('',#5072,#5048,#5082,.T.);
#5082 = LINE('',#5083,#5084);
#5083 = CARTESIAN_POINT('',(2.25,-1.4,5.7));
#5084 = VECTOR('',#5085,1.);
#5085 = DIRECTION('',(-0.298274993136,2.119371296316E-16,0.954479978035)
  );
#5086 = PLANE('',#5087);
#5087 = AXIS2_PLACEMENT_3D('',#5088,#5089,#5090);
#5088 = CARTESIAN_POINT('',(2.25,-1.4,5.7));
#5089 = DIRECTION('',(-0.954479978035,-6.623035300989E-17,
    -0.298274993136));
#5090 = DIRECTION('',(-0.298274993136,2.119371296316E-16,0.954479978035)
  );
#5091 = ADVANCED_FACE('',(#5092),#5110,.F.);
#5092 = FACE_BOUND('',#5093,.F.);
#5093 = EDGE_LOOP('',(#5094,#5102,#5103,#5104));
#5094 = ORIENTED_EDGE('',*,*,#5095,.T.);
#5095 = EDGE_CURVE('',#5096,#4567,#5098,.T.);
#5096 = VERTEX_POINT('',#5097);
#5097 = CARTESIAN_POINT('',(2.75,-1.4,5.7));
#5098 = LINE('',#5099,#5100);
#5099 = CARTESIAN_POINT('',(2.75,-1.4,5.7));
#5100 = VECTOR('',#5101,1.);
#5101 = DIRECTION('',(0.,-1.,2.22044604925E-16));
#5102 = ORIENTED_EDGE('',*,*,#4574,.T.);
#5103 = ORIENTED_EDGE('',*,*,#5071,.F.);
#5104 = ORIENTED_EDGE('',*,*,#5105,.F.);
#5105 = EDGE_CURVE('',#5096,#5072,#5106,.T.);
#5106 = LINE('',#5107,#5108);
#5107 = CARTESIAN_POINT('',(2.75,-1.4,5.7));
#5108 = VECTOR('',#5109,1.);
#5109 = DIRECTION('',(-1.,0.,0.));
#5110 = PLANE('',#5111);
#5111 = AXIS2_PLACEMENT_3D('',#5112,#5113,#5114);
#5112 = CARTESIAN_POINT('',(2.75,-1.4,5.7));
#5113 = DIRECTION('',(0.,-2.22044604925E-16,-1.));
#5114 = DIRECTION('',(-1.,-0.,0.));
#5115 = ADVANCED_FACE('',(#5116),#5134,.F.);
#5116 = FACE_BOUND('',#5117,.F.);
#5117 = EDGE_LOOP('',(#5118,#5126,#5127,#5128));
#5118 = ORIENTED_EDGE('',*,*,#5119,.T.);
#5119 = EDGE_CURVE('',#5120,#4559,#5122,.T.);
#5120 = VERTEX_POINT('',#5121);
#5121 = CARTESIAN_POINT('',(2.75,-1.4,4.8));
#5122 = LINE('',#5123,#5124);
#5123 = CARTESIAN_POINT('',(2.75,-1.4,4.8));
#5124 = VECTOR('',#5125,1.);
#5125 = DIRECTION('',(0.,-1.,2.22044604925E-16));
#5126 = ORIENTED_EDGE('',*,*,#4566,.T.);
#5127 = ORIENTED_EDGE('',*,*,#5095,.F.);
#5128 = ORIENTED_EDGE('',*,*,#5129,.F.);
#5129 = EDGE_CURVE('',#5120,#5096,#5130,.T.);
#5130 = LINE('',#5131,#5132);
#5131 = CARTESIAN_POINT('',(2.75,-1.4,4.8));
#5132 = VECTOR('',#5133,1.);
#5133 = DIRECTION('',(0.,2.22044604925E-16,1.));
#5134 = PLANE('',#5135);
#5135 = AXIS2_PLACEMENT_3D('',#5136,#5137,#5138);
#5136 = CARTESIAN_POINT('',(2.75,-1.4,4.8));
#5137 = DIRECTION('',(-1.,0.,0.));
#5138 = DIRECTION('',(0.,2.22044604925E-16,1.));
#5139 = ADVANCED_FACE('',(#5140),#5158,.F.);
#5140 = FACE_BOUND('',#5141,.F.);
#5141 = EDGE_LOOP('',(#5142,#5150,#5151,#5152));
#5142 = ORIENTED_EDGE('',*,*,#5143,.T.);
#5143 = EDGE_CURVE('',#5144,#4551,#5146,.T.);
#5144 = VERTEX_POINT('',#5145);
#5145 = CARTESIAN_POINT('',(2.,-1.4,4.8));
#5146 = LINE('',#5147,#5148);
#5147 = CARTESIAN_POINT('',(2.,-1.4,4.8));
#5148 = VECTOR('',#5149,1.);
#5149 = DIRECTION('',(0.,-1.,2.22044604925E-16));
#5150 = ORIENTED_EDGE('',*,*,#4558,.T.);
#5151 = ORIENTED_EDGE('',*,*,#5119,.F.);
#5152 = ORIENTED_EDGE('',*,*,#5153,.F.);
#5153 = EDGE_CURVE('',#5144,#5120,#5154,.T.);
#5154 = LINE('',#5155,#5156);
#5155 = CARTESIAN_POINT('',(2.,-1.4,4.8));
#5156 = VECTOR('',#5157,1.);
#5157 = DIRECTION('',(1.,0.,0.));
#5158 = PLANE('',#5159);
#5159 = AXIS2_PLACEMENT_3D('',#5160,#5161,#5162);
#5160 = CARTESIAN_POINT('',(2.,-1.4,4.8));
#5161 = DIRECTION('',(0.,2.22044604925E-16,1.));
#5162 = DIRECTION('',(1.,0.,-0.));
#5163 = ADVANCED_FACE('',(#5164),#5182,.F.);
#5164 = FACE_BOUND('',#5165,.F.);
#5165 = EDGE_LOOP('',(#5166,#5174,#5175,#5176));
#5166 = ORIENTED_EDGE('',*,*,#5167,.T.);
#5167 = EDGE_CURVE('',#5168,#4543,#5170,.T.);
#5168 = VERTEX_POINT('',#5169);
#5169 = CARTESIAN_POINT('',(2.,-1.4,0.5));
#5170 = LINE('',#5171,#5172);
#5171 = CARTESIAN_POINT('',(2.,-1.4,0.5));
#5172 = VECTOR('',#5173,1.);
#5173 = DIRECTION('',(0.,-1.,2.22044604925E-16));
#5174 = ORIENTED_EDGE('',*,*,#4550,.T.);
#5175 = ORIENTED_EDGE('',*,*,#5143,.F.);
#5176 = ORIENTED_EDGE('',*,*,#5177,.F.);
#5177 = EDGE_CURVE('',#5168,#5144,#5178,.T.);
#5178 = LINE('',#5179,#5180);
#5179 = CARTESIAN_POINT('',(2.,-1.4,0.5));
#5180 = VECTOR('',#5181,1.);
#5181 = DIRECTION('',(0.,2.22044604925E-16,1.));
#5182 = PLANE('',#5183);
#5183 = AXIS2_PLACEMENT_3D('',#5184,#5185,#5186);
#5184 = CARTESIAN_POINT('',(2.,-1.4,0.5));
#5185 = DIRECTION('',(-1.,0.,0.));
#5186 = DIRECTION('',(0.,2.22044604925E-16,1.));
#5187 = ADVANCED_FACE('',(#5188),#5206,.F.);
#5188 = FACE_BOUND('',#5189,.F.);
#5189 = EDGE_LOOP('',(#5190,#5198,#5199,#5200));
#5190 = ORIENTED_EDGE('',*,*,#5191,.T.);
#5191 = EDGE_CURVE('',#5192,#4534,#5194,.T.);
#5192 = VERTEX_POINT('',#5193);
#5193 = CARTESIAN_POINT('',(2.5,-1.4,0.5));
#5194 = LINE('',#5195,#5196);
#5195 = CARTESIAN_POINT('',(2.5,-1.4,0.5));
#5196 = VECTOR('',#5197,1.);
#5197 = DIRECTION('',(0.,-1.,2.22044604925E-16));
#5198 = ORIENTED_EDGE('',*,*,#4542,.T.);
#5199 = ORIENTED_EDGE('',*,*,#5167,.F.);
#5200 = ORIENTED_EDGE('',*,*,#5201,.F.);
#5201 = EDGE_CURVE('',#5192,#5168,#5202,.T.);
#5202 = LINE('',#5203,#5204);
#5203 = CARTESIAN_POINT('',(2.5,-1.4,0.5));
#5204 = VECTOR('',#5205,1.);
#5205 = DIRECTION('',(-1.,0.,0.));
#5206 = PLANE('',#5207);
#5207 = AXIS2_PLACEMENT_3D('',#5208,#5209,#5210);
#5208 = CARTESIAN_POINT('',(2.5,-1.4,0.5));
#5209 = DIRECTION('',(0.,-2.22044604925E-16,-1.));
#5210 = DIRECTION('',(-1.,-0.,0.));
#5211 = ADVANCED_FACE('',(#5212),#5231,.T.);
#5212 = FACE_BOUND('',#5213,.T.);
#5213 = EDGE_LOOP('',(#5214,#5223,#5224,#5225));
#5214 = ORIENTED_EDGE('',*,*,#5215,.T.);
#5215 = EDGE_CURVE('',#5216,#5192,#5218,.T.);
#5216 = VERTEX_POINT('',#5217);
#5217 = CARTESIAN_POINT('',(4.5,-1.4,0.5));
#5218 = CIRCLE('',#5219,1.133333333333);
#5219 = AXIS2_PLACEMENT_3D('',#5220,#5221,#5222);
#5220 = CARTESIAN_POINT('',(3.5,-1.4,-3.333333333333E-02));
#5221 = DIRECTION('',(1.232595164408E-32,-1.,2.22044604925E-16));
#5222 = DIRECTION('',(0.882352941176,1.044915787883E-16,0.470588235294)
  );
#5223 = ORIENTED_EDGE('',*,*,#5191,.T.);
#5224 = ORIENTED_EDGE('',*,*,#4533,.F.);
#5225 = ORIENTED_EDGE('',*,*,#5226,.F.);
#5226 = EDGE_CURVE('',#5216,#4526,#5227,.T.);
#5227 = LINE('',#5228,#5229);
#5228 = CARTESIAN_POINT('',(4.5,-1.4,0.5));
#5229 = VECTOR('',#5230,1.);
#5230 = DIRECTION('',(0.,-1.,2.22044604925E-16));
#5231 = CYLINDRICAL_SURFACE('',#5232,1.133333333333);
#5232 = AXIS2_PLACEMENT_3D('',#5233,#5234,#5235);
#5233 = CARTESIAN_POINT('',(3.5,-1.4,-3.333333333333E-02));
#5234 = DIRECTION('',(-0.,1.,-2.22044604925E-16));
#5235 = DIRECTION('',(0.882352941176,1.044915787883E-16,0.470588235294)
  );
#5236 = ADVANCED_FACE('',(#5237),#5255,.F.);
#5237 = FACE_BOUND('',#5238,.F.);
#5238 = EDGE_LOOP('',(#5239,#5247,#5248,#5249));
#5239 = ORIENTED_EDGE('',*,*,#5240,.T.);
#5240 = EDGE_CURVE('',#5241,#4518,#5243,.T.);
#5241 = VERTEX_POINT('',#5242);
#5242 = CARTESIAN_POINT('',(5.,-1.4,0.5));
#5243 = LINE('',#5244,#5245);
#5244 = CARTESIAN_POINT('',(5.,-1.4,0.5));
#5245 = VECTOR('',#5246,1.);
#5246 = DIRECTION('',(0.,-1.,2.22044604925E-16));
#5247 = ORIENTED_EDGE('',*,*,#4525,.T.);
#5248 = ORIENTED_EDGE('',*,*,#5226,.F.);
#5249 = ORIENTED_EDGE('',*,*,#5250,.F.);
#5250 = EDGE_CURVE('',#5241,#5216,#5251,.T.);
#5251 = LINE('',#5252,#5253);
#5252 = CARTESIAN_POINT('',(5.,-1.4,0.5));
#5253 = VECTOR('',#5254,1.);
#5254 = DIRECTION('',(-1.,0.,0.));
#5255 = PLANE('',#5256);
#5256 = AXIS2_PLACEMENT_3D('',#5257,#5258,#5259);
#5257 = CARTESIAN_POINT('',(5.,-1.4,0.5));
#5258 = DIRECTION('',(0.,-2.22044604925E-16,-1.));
#5259 = DIRECTION('',(-1.,-0.,0.));
#5260 = ADVANCED_FACE('',(#5261),#5279,.F.);
#5261 = FACE_BOUND('',#5262,.F.);
#5262 = EDGE_LOOP('',(#5263,#5271,#5272,#5273));
#5263 = ORIENTED_EDGE('',*,*,#5264,.T.);
#5264 = EDGE_CURVE('',#5265,#4510,#5267,.T.);
#5265 = VERTEX_POINT('',#5266);
#5266 = CARTESIAN_POINT('',(5.,-1.4,4.8));
#5267 = LINE('',#5268,#5269);
#5268 = CARTESIAN_POINT('',(5.,-1.4,4.8));
#5269 = VECTOR('',#5270,1.);
#5270 = DIRECTION('',(0.,-1.,2.22044604925E-16));
#5271 = ORIENTED_EDGE('',*,*,#4517,.T.);
#5272 = ORIENTED_EDGE('',*,*,#5240,.F.);
#5273 = ORIENTED_EDGE('',*,*,#5274,.F.);
#5274 = EDGE_CURVE('',#5265,#5241,#5275,.T.);
#5275 = LINE('',#5276,#5277);
#5276 = CARTESIAN_POINT('',(5.,-1.4,4.8));
#5277 = VECTOR('',#5278,1.);
#5278 = DIRECTION('',(0.,-2.22044604925E-16,-1.));
#5279 = PLANE('',#5280);
#5280 = AXIS2_PLACEMENT_3D('',#5281,#5282,#5283);
#5281 = CARTESIAN_POINT('',(5.,-1.4,4.8));
#5282 = DIRECTION('',(1.,0.,0.));
#5283 = DIRECTION('',(0.,-2.22044604925E-16,-1.));
#5284 = ADVANCED_FACE('',(#5285),#5303,.F.);
#5285 = FACE_BOUND('',#5286,.F.);
#5286 = EDGE_LOOP('',(#5287,#5295,#5296,#5297));
#5287 = ORIENTED_EDGE('',*,*,#5288,.T.);
#5288 = EDGE_CURVE('',#5289,#4502,#5291,.T.);
#5289 = VERTEX_POINT('',#5290);
#5290 = CARTESIAN_POINT('',(4.25,-1.4,4.8));
#5291 = LINE('',#5292,#5293);
#5292 = CARTESIAN_POINT('',(4.25,-1.4,4.8));
#5293 = VECTOR('',#5294,1.);
#5294 = DIRECTION('',(0.,-1.,2.22044604925E-16));
#5295 = ORIENTED_EDGE('',*,*,#4509,.T.);
#5296 = ORIENTED_EDGE('',*,*,#5264,.F.);
#5297 = ORIENTED_EDGE('',*,*,#5298,.F.);
#5298 = EDGE_CURVE('',#5289,#5265,#5299,.T.);
#5299 = LINE('',#5300,#5301);
#5300 = CARTESIAN_POINT('',(4.25,-1.4,4.8));
#5301 = VECTOR('',#5302,1.);
#5302 = DIRECTION('',(1.,0.,0.));
#5303 = PLANE('',#5304);
#5304 = AXIS2_PLACEMENT_3D('',#5305,#5306,#5307);
#5305 = CARTESIAN_POINT('',(4.25,-1.4,4.8));
#5306 = DIRECTION('',(0.,2.22044604925E-16,1.));
#5307 = DIRECTION('',(1.,0.,-0.));
#5308 = ADVANCED_FACE('',(#5309),#5327,.F.);
#5309 = FACE_BOUND('',#5310,.F.);
#5310 = EDGE_LOOP('',(#5311,#5319,#5320,#5321));
#5311 = ORIENTED_EDGE('',*,*,#5312,.T.);
#5312 = EDGE_CURVE('',#5313,#4494,#5315,.T.);
#5313 = VERTEX_POINT('',#5314);
#5314 = CARTESIAN_POINT('',(4.25,-1.4,5.7));
#5315 = LINE('',#5316,#5317);
#5316 = CARTESIAN_POINT('',(4.25,-1.4,5.7));
#5317 = VECTOR('',#5318,1.);
#5318 = DIRECTION('',(0.,-1.,2.22044604925E-16));
#5319 = ORIENTED_EDGE('',*,*,#4501,.T.);
#5320 = ORIENTED_EDGE('',*,*,#5288,.F.);
#5321 = ORIENTED_EDGE('',*,*,#5322,.F.);
#5322 = EDGE_CURVE('',#5313,#5289,#5323,.T.);
#5323 = LINE('',#5324,#5325);
#5324 = CARTESIAN_POINT('',(4.25,-1.4,5.7));
#5325 = VECTOR('',#5326,1.);
#5326 = DIRECTION('',(0.,-2.22044604925E-16,-1.));
#5327 = PLANE('',#5328);
#5328 = AXIS2_PLACEMENT_3D('',#5329,#5330,#5331);
#5329 = CARTESIAN_POINT('',(4.25,-1.4,5.7));
#5330 = DIRECTION('',(1.,0.,0.));
#5331 = DIRECTION('',(0.,-2.22044604925E-16,-1.));
#5332 = ADVANCED_FACE('',(#5333),#5344,.F.);
#5333 = FACE_BOUND('',#5334,.F.);
#5334 = EDGE_LOOP('',(#5335,#5336,#5337,#5338));
#5335 = ORIENTED_EDGE('',*,*,#5025,.T.);
#5336 = ORIENTED_EDGE('',*,*,#4493,.T.);
#5337 = ORIENTED_EDGE('',*,*,#5312,.F.);
#5338 = ORIENTED_EDGE('',*,*,#5339,.F.);
#5339 = EDGE_CURVE('',#5026,#5313,#5340,.T.);
#5340 = LINE('',#5341,#5342);
#5341 = CARTESIAN_POINT('',(4.75,-1.4,5.7));
#5342 = VECTOR('',#5343,1.);
#5343 = DIRECTION('',(-1.,0.,0.));
#5344 = PLANE('',#5345);
#5345 = AXIS2_PLACEMENT_3D('',#5346,#5347,#5348);
#5346 = CARTESIAN_POINT('',(4.75,-1.4,5.7));
#5347 = DIRECTION('',(0.,-2.22044604925E-16,-1.));
#5348 = DIRECTION('',(-1.,-0.,0.));
#5349 = ADVANCED_FACE('',(#5350),#5375,.F.);
#5350 = FACE_BOUND('',#5351,.F.);
#5351 = EDGE_LOOP('',(#5352,#5360,#5361,#5369));
#5352 = ORIENTED_EDGE('',*,*,#5353,.T.);
#5353 = EDGE_CURVE('',#5354,#4599,#5356,.T.);
#5354 = VERTEX_POINT('',#5355);
#5355 = CARTESIAN_POINT('',(0.75,-1.4,4.8));
#5356 = LINE('',#5357,#5358);
#5357 = CARTESIAN_POINT('',(0.75,-1.4,4.8));
#5358 = VECTOR('',#5359,1.);
#5359 = DIRECTION('',(0.,-1.,2.22044604925E-16));
#5360 = ORIENTED_EDGE('',*,*,#4598,.T.);
#5361 = ORIENTED_EDGE('',*,*,#5362,.F.);
#5362 = EDGE_CURVE('',#5363,#4601,#5365,.T.);
#5363 = VERTEX_POINT('',#5364);
#5364 = CARTESIAN_POINT('',(1.5,-1.4,4.8));
#5365 = LINE('',#5366,#5367);
#5366 = CARTESIAN_POINT('',(1.5,-1.4,4.8));
#5367 = VECTOR('',#5368,1.);
#5368 = DIRECTION('',(0.,-1.,2.22044604925E-16));
#5369 = ORIENTED_EDGE('',*,*,#5370,.F.);
#5370 = EDGE_CURVE('',#5354,#5363,#5371,.T.);
#5371 = LINE('',#5372,#5373);
#5372 = CARTESIAN_POINT('',(0.75,-1.4,4.8));
#5373 = VECTOR('',#5374,1.);
#5374 = DIRECTION('',(1.,0.,0.));
#5375 = PLANE('',#5376);
#5376 = AXIS2_PLACEMENT_3D('',#5377,#5378,#5379);
#5377 = CARTESIAN_POINT('',(0.75,-1.4,4.8));
#5378 = DIRECTION('',(0.,2.22044604925E-16,1.));
#5379 = DIRECTION('',(1.,0.,-0.));
#5380 = ADVANCED_FACE('',(#5381),#5399,.F.);
#5381 = FACE_BOUND('',#5382,.F.);
#5382 = EDGE_LOOP('',(#5383,#5391,#5392,#5393));
#5383 = ORIENTED_EDGE('',*,*,#5384,.T.);
#5384 = EDGE_CURVE('',#5385,#4698,#5387,.T.);
#5385 = VERTEX_POINT('',#5386);
#5386 = CARTESIAN_POINT('',(0.75,-1.4,5.7));
#5387 = LINE('',#5388,#5389);
#5388 = CARTESIAN_POINT('',(0.75,-1.4,5.7));
#5389 = VECTOR('',#5390,1.);
#5390 = DIRECTION('',(0.,-1.,2.22044604925E-16));
#5391 = ORIENTED_EDGE('',*,*,#4705,.T.);
#5392 = ORIENTED_EDGE('',*,*,#5353,.F.);
#5393 = ORIENTED_EDGE('',*,*,#5394,.F.);
#5394 = EDGE_CURVE('',#5385,#5354,#5395,.T.);
#5395 = LINE('',#5396,#5397);
#5396 = CARTESIAN_POINT('',(0.75,-1.4,5.7));
#5397 = VECTOR('',#5398,1.);
#5398 = DIRECTION('',(0.,-2.22044604925E-16,-1.));
#5399 = PLANE('',#5400);
#5400 = AXIS2_PLACEMENT_3D('',#5401,#5402,#5403);
#5401 = CARTESIAN_POINT('',(0.75,-1.4,5.7));
#5402 = DIRECTION('',(1.,0.,0.));
#5403 = DIRECTION('',(0.,-2.22044604925E-16,-1.));
#5404 = ADVANCED_FACE('',(#5405),#5423,.F.);
#5405 = FACE_BOUND('',#5406,.F.);
#5406 = EDGE_LOOP('',(#5407,#5415,#5416,#5417));
#5407 = ORIENTED_EDGE('',*,*,#5408,.T.);
#5408 = EDGE_CURVE('',#5409,#4690,#5411,.T.);
#5409 = VERTEX_POINT('',#5410);
#5410 = CARTESIAN_POINT('',(1.25,-1.4,5.7));
#5411 = LINE('',#5412,#5413);
#5412 = CARTESIAN_POINT('',(1.25,-1.4,5.7));
#5413 = VECTOR('',#5414,1.);
#5414 = DIRECTION('',(0.,-1.,2.22044604925E-16));
#5415 = ORIENTED_EDGE('',*,*,#4697,.T.);
#5416 = ORIENTED_EDGE('',*,*,#5384,.F.);
#5417 = ORIENTED_EDGE('',*,*,#5418,.F.);
#5418 = EDGE_CURVE('',#5409,#5385,#5419,.T.);
#5419 = LINE('',#5420,#5421);
#5420 = CARTESIAN_POINT('',(1.25,-1.4,5.7));
#5421 = VECTOR('',#5422,1.);
#5422 = DIRECTION('',(-1.,0.,0.));
#5423 = PLANE('',#5424);
#5424 = AXIS2_PLACEMENT_3D('',#5425,#5426,#5427);
#5425 = CARTESIAN_POINT('',(1.25,-1.4,5.7));
#5426 = DIRECTION('',(0.,-2.22044604925E-16,-1.));
#5427 = DIRECTION('',(-1.,-0.,0.));
#5428 = ADVANCED_FACE('',(#5429),#5447,.F.);
#5429 = FACE_BOUND('',#5430,.F.);
#5430 = EDGE_LOOP('',(#5431,#5439,#5440,#5441));
#5431 = ORIENTED_EDGE('',*,*,#5432,.T.);
#5432 = EDGE_CURVE('',#5433,#4682,#5435,.T.);
#5433 = VERTEX_POINT('',#5434);
#5434 = CARTESIAN_POINT('',(1.5,-1.4,6.5));
#5435 = LINE('',#5436,#5437);
#5436 = CARTESIAN_POINT('',(1.5,-1.4,6.5));
#5437 = VECTOR('',#5438,1.);
#5438 = DIRECTION('',(0.,-1.,2.22044604925E-16));
#5439 = ORIENTED_EDGE('',*,*,#4689,.T.);
#5440 = ORIENTED_EDGE('',*,*,#5408,.F.);
#5441 = ORIENTED_EDGE('',*,*,#5442,.F.);
#5442 = EDGE_CURVE('',#5433,#5409,#5443,.T.);
#5443 = LINE('',#5444,#5445);
#5444 = CARTESIAN_POINT('',(1.5,-1.4,6.5));
#5445 = VECTOR('',#5446,1.);
#5446 = DIRECTION('',(-0.298274993136,-2.119371296316E-16,
    -0.954479978035));
#5447 = PLANE('',#5448);
#5448 = AXIS2_PLACEMENT_3D('',#5449,#5450,#5451);
#5449 = CARTESIAN_POINT('',(1.5,-1.4,6.5));
#5450 = DIRECTION('',(0.954479978035,-6.623035300989E-17,-0.298274993136
    ));
#5451 = DIRECTION('',(-0.298274993136,-2.119371296316E-16,
    -0.954479978035));
#5452 = ADVANCED_FACE('',(#5453),#5471,.F.);
#5453 = FACE_BOUND('',#5454,.F.);
#5454 = EDGE_LOOP('',(#5455,#5463,#5464,#5465));
#5455 = ORIENTED_EDGE('',*,*,#5456,.T.);
#5456 = EDGE_CURVE('',#5457,#4674,#5459,.T.);
#5457 = VERTEX_POINT('',#5458);
#5458 = CARTESIAN_POINT('',(-1.5,-1.4,6.5));
#5459 = LINE('',#5460,#5461);
#5460 = CARTESIAN_POINT('',(-1.5,-1.4,6.5));
#5461 = VECTOR('',#5462,1.);
#5462 = DIRECTION('',(0.,-1.,2.22044604925E-16));
#5463 = ORIENTED_EDGE('',*,*,#4681,.T.);
#5464 = ORIENTED_EDGE('',*,*,#5432,.F.);
#5465 = ORIENTED_EDGE('',*,*,#5466,.F.);
#5466 = EDGE_CURVE('',#5457,#5433,#5467,.T.);
#5467 = LINE('',#5468,#5469);
#5468 = CARTESIAN_POINT('',(-1.5,-1.4,6.5));
#5469 = VECTOR('',#5470,1.);
#5470 = DIRECTION('',(1.,0.,0.));
#5471 = PLANE('',#5472);
#5472 = AXIS2_PLACEMENT_3D('',#5473,#5474,#5475);
#5473 = CARTESIAN_POINT('',(-1.5,-1.4,6.5));
#5474 = DIRECTION('',(0.,2.22044604925E-16,1.));
#5475 = DIRECTION('',(1.,0.,-0.));
#5476 = ADVANCED_FACE('',(#5477),#5495,.F.);
#5477 = FACE_BOUND('',#5478,.F.);
#5478 = EDGE_LOOP('',(#5479,#5487,#5488,#5489));
#5479 = ORIENTED_EDGE('',*,*,#5480,.T.);
#5480 = EDGE_CURVE('',#5481,#4666,#5483,.T.);
#5481 = VERTEX_POINT('',#5482);
#5482 = CARTESIAN_POINT('',(-1.25,-1.4,5.7));
#5483 = LINE('',#5484,#5485);
#5484 = CARTESIAN_POINT('',(-1.25,-1.4,5.7));
#5485 = VECTOR('',#5486,1.);
#5486 = DIRECTION('',(0.,-1.,2.22044604925E-16));
#5487 = ORIENTED_EDGE('',*,*,#4673,.T.);
#5488 = ORIENTED_EDGE('',*,*,#5456,.F.);
#5489 = ORIENTED_EDGE('',*,*,#5490,.F.);
#5490 = EDGE_CURVE('',#5481,#5457,#5491,.T.);
#5491 = LINE('',#5492,#5493);
#5492 = CARTESIAN_POINT('',(-1.25,-1.4,5.7));
#5493 = VECTOR('',#5494,1.);
#5494 = DIRECTION('',(-0.298274993136,2.119371296316E-16,0.954479978035)
  );
#5495 = PLANE('',#5496);
#5496 = AXIS2_PLACEMENT_3D('',#5497,#5498,#5499);
#5497 = CARTESIAN_POINT('',(-1.25,-1.4,5.7));
#5498 = DIRECTION('',(-0.954479978035,-6.623035300989E-17,
    -0.298274993136));
#5499 = DIRECTION('',(-0.298274993136,2.119371296316E-16,0.954479978035)
  );
#5500 = ADVANCED_FACE('',(#5501),#5519,.F.);
#5501 = FACE_BOUND('',#5502,.F.);
#5502 = EDGE_LOOP('',(#5503,#5511,#5512,#5513));
#5503 = ORIENTED_EDGE('',*,*,#5504,.T.);
#5504 = EDGE_CURVE('',#5505,#4658,#5507,.T.);
#5505 = VERTEX_POINT('',#5506);
#5506 = CARTESIAN_POINT('',(-0.75,-1.4,5.7));
#5507 = LINE('',#5508,#5509);
#5508 = CARTESIAN_POINT('',(-0.75,-1.4,5.7));
#5509 = VECTOR('',#5510,1.);
#5510 = DIRECTION('',(0.,-1.,2.22044604925E-16));
#5511 = ORIENTED_EDGE('',*,*,#4665,.T.);
#5512 = ORIENTED_EDGE('',*,*,#5480,.F.);
#5513 = ORIENTED_EDGE('',*,*,#5514,.F.);
#5514 = EDGE_CURVE('',#5505,#5481,#5515,.T.);
#5515 = LINE('',#5516,#5517);
#5516 = CARTESIAN_POINT('',(-0.75,-1.4,5.7));
#5517 = VECTOR('',#5518,1.);
#5518 = DIRECTION('',(-1.,0.,0.));
#5519 = PLANE('',#5520);
#5520 = AXIS2_PLACEMENT_3D('',#5521,#5522,#5523);
#5521 = CARTESIAN_POINT('',(-0.75,-1.4,5.7));
#5522 = DIRECTION('',(0.,-2.22044604925E-16,-1.));
#5523 = DIRECTION('',(-1.,-0.,0.));
#5524 = ADVANCED_FACE('',(#5525),#5543,.F.);
#5525 = FACE_BOUND('',#5526,.F.);
#5526 = EDGE_LOOP('',(#5527,#5535,#5536,#5537));
#5527 = ORIENTED_EDGE('',*,*,#5528,.T.);
#5528 = EDGE_CURVE('',#5529,#4650,#5531,.T.);
#5529 = VERTEX_POINT('',#5530);
#5530 = CARTESIAN_POINT('',(-0.75,-1.4,4.8));
#5531 = LINE('',#5532,#5533);
#5532 = CARTESIAN_POINT('',(-0.75,-1.4,4.8));
#5533 = VECTOR('',#5534,1.);
#5534 = DIRECTION('',(0.,-1.,2.22044604925E-16));
#5535 = ORIENTED_EDGE('',*,*,#4657,.T.);
#5536 = ORIENTED_EDGE('',*,*,#5504,.F.);
#5537 = ORIENTED_EDGE('',*,*,#5538,.F.);
#5538 = EDGE_CURVE('',#5529,#5505,#5539,.T.);
#5539 = LINE('',#5540,#5541);
#5540 = CARTESIAN_POINT('',(-0.75,-1.4,4.8));
#5541 = VECTOR('',#5542,1.);
#5542 = DIRECTION('',(0.,2.22044604925E-16,1.));
#5543 = PLANE('',#5544);
#5544 = AXIS2_PLACEMENT_3D('',#5545,#5546,#5547);
#5545 = CARTESIAN_POINT('',(-0.75,-1.4,4.8));
#5546 = DIRECTION('',(-1.,0.,0.));
#5547 = DIRECTION('',(0.,2.22044604925E-16,1.));
#5548 = ADVANCED_FACE('',(#5549),#5567,.F.);
#5549 = FACE_BOUND('',#5550,.F.);
#5550 = EDGE_LOOP('',(#5551,#5559,#5560,#5561));
#5551 = ORIENTED_EDGE('',*,*,#5552,.T.);
#5552 = EDGE_CURVE('',#5553,#4642,#5555,.T.);
#5553 = VERTEX_POINT('',#5554);
#5554 = CARTESIAN_POINT('',(-1.5,-1.4,4.8));
#5555 = LINE('',#5556,#5557);
#5556 = CARTESIAN_POINT('',(-1.5,-1.4,4.8));
#5557 = VECTOR('',#5558,1.);
#5558 = DIRECTION('',(0.,-1.,2.22044604925E-16));
#5559 = ORIENTED_EDGE('',*,*,#4649,.T.);
#5560 = ORIENTED_EDGE('',*,*,#5528,.F.);
#5561 = ORIENTED_EDGE('',*,*,#5562,.F.);
#5562 = EDGE_CURVE('',#5553,#5529,#5563,.T.);
#5563 = LINE('',#5564,#5565);
#5564 = CARTESIAN_POINT('',(-1.5,-1.4,4.8));
#5565 = VECTOR('',#5566,1.);
#5566 = DIRECTION('',(1.,0.,0.));
#5567 = PLANE('',#5568);
#5568 = AXIS2_PLACEMENT_3D('',#5569,#5570,#5571);
#5569 = CARTESIAN_POINT('',(-1.5,-1.4,4.8));
#5570 = DIRECTION('',(0.,2.22044604925E-16,1.));
#5571 = DIRECTION('',(1.,0.,-0.));
#5572 = ADVANCED_FACE('',(#5573),#5591,.F.);
#5573 = FACE_BOUND('',#5574,.F.);
#5574 = EDGE_LOOP('',(#5575,#5583,#5584,#5585));
#5575 = ORIENTED_EDGE('',*,*,#5576,.T.);
#5576 = EDGE_CURVE('',#5577,#4634,#5579,.T.);
#5577 = VERTEX_POINT('',#5578);
#5578 = CARTESIAN_POINT('',(-1.5,-1.4,0.5));
#5579 = LINE('',#5580,#5581);
#5580 = CARTESIAN_POINT('',(-1.5,-1.4,0.5));
#5581 = VECTOR('',#5582,1.);
#5582 = DIRECTION('',(0.,-1.,2.22044604925E-16));
#5583 = ORIENTED_EDGE('',*,*,#4641,.T.);
#5584 = ORIENTED_EDGE('',*,*,#5552,.F.);
#5585 = ORIENTED_EDGE('',*,*,#5586,.F.);
#5586 = EDGE_CURVE('',#5577,#5553,#5587,.T.);
#5587 = LINE('',#5588,#5589);
#5588 = CARTESIAN_POINT('',(-1.5,-1.4,0.5));
#5589 = VECTOR('',#5590,1.);
#5590 = DIRECTION('',(0.,2.22044604925E-16,1.));
#5591 = PLANE('',#5592);
#5592 = AXIS2_PLACEMENT_3D('',#5593,#5594,#5595);
#5593 = CARTESIAN_POINT('',(-1.5,-1.4,0.5));
#5594 = DIRECTION('',(-1.,0.,0.));
#5595 = DIRECTION('',(0.,2.22044604925E-16,1.));
#5596 = ADVANCED_FACE('',(#5597),#5615,.F.);
#5597 = FACE_BOUND('',#5598,.F.);
#5598 = EDGE_LOOP('',(#5599,#5607,#5608,#5609));
#5599 = ORIENTED_EDGE('',*,*,#5600,.T.);
#5600 = EDGE_CURVE('',#5601,#4625,#5603,.T.);
#5601 = VERTEX_POINT('',#5602);
#5602 = CARTESIAN_POINT('',(-1.,-1.4,0.5));
#5603 = LINE('',#5604,#5605);
#5604 = CARTESIAN_POINT('',(-1.,-1.4,0.5));
#5605 = VECTOR('',#5606,1.);
#5606 = DIRECTION('',(0.,-1.,2.22044604925E-16));
#5607 = ORIENTED_EDGE('',*,*,#4633,.T.);
#5608 = ORIENTED_EDGE('',*,*,#5576,.F.);
#5609 = ORIENTED_EDGE('',*,*,#5610,.F.);
#5610 = EDGE_CURVE('',#5601,#5577,#5611,.T.);
#5611 = LINE('',#5612,#5613);
#5612 = CARTESIAN_POINT('',(-1.,-1.4,0.5));
#5613 = VECTOR('',#5614,1.);
#5614 = DIRECTION('',(-1.,0.,0.));
#5615 = PLANE('',#5616);
#5616 = AXIS2_PLACEMENT_3D('',#5617,#5618,#5619);
#5617 = CARTESIAN_POINT('',(-1.,-1.4,0.5));
#5618 = DIRECTION('',(0.,-2.22044604925E-16,-1.));
#5619 = DIRECTION('',(-1.,-0.,0.));
#5620 = ADVANCED_FACE('',(#5621),#5640,.T.);
#5621 = FACE_BOUND('',#5622,.T.);
#5622 = EDGE_LOOP('',(#5623,#5632,#5633,#5634));
#5623 = ORIENTED_EDGE('',*,*,#5624,.T.);
#5624 = EDGE_CURVE('',#5625,#5601,#5627,.T.);
#5625 = VERTEX_POINT('',#5626);
#5626 = CARTESIAN_POINT('',(1.,-1.4,0.5));
#5627 = CIRCLE('',#5628,1.133333333333);
#5628 = AXIS2_PLACEMENT_3D('',#5629,#5630,#5631);
#5629 = CARTESIAN_POINT('',(-5.551115123126E-17,-1.4,-3.333333333333E-02
    ));
#5630 = DIRECTION('',(1.232595164408E-32,-1.,2.22044604925E-16));
#5631 = DIRECTION('',(0.882352941176,1.044915787883E-16,0.470588235294)
  );
#5632 = ORIENTED_EDGE('',*,*,#5600,.T.);
#5633 = ORIENTED_EDGE('',*,*,#4624,.F.);
#5634 = ORIENTED_EDGE('',*,*,#5635,.F.);
#5635 = EDGE_CURVE('',#5625,#4617,#5636,.T.);
#5636 = LINE('',#5637,#5638);
#5637 = CARTESIAN_POINT('',(1.,-1.4,0.5));
#5638 = VECTOR('',#5639,1.);
#5639 = DIRECTION('',(0.,-1.,2.22044604925E-16));
#5640 = CYLINDRICAL_SURFACE('',#5641,1.133333333333);
#5641 = AXIS2_PLACEMENT_3D('',#5642,#5643,#5644);
#5642 = CARTESIAN_POINT('',(-5.551115123126E-17,-1.4,-3.333333333333E-02
    ));
#5643 = DIRECTION('',(-0.,1.,-2.22044604925E-16));
#5644 = DIRECTION('',(0.882352941176,1.044915787883E-16,0.470588235294)
  );
#5645 = ADVANCED_FACE('',(#5646),#5664,.F.);
#5646 = FACE_BOUND('',#5647,.F.);
#5647 = EDGE_LOOP('',(#5648,#5656,#5657,#5658));
#5648 = ORIENTED_EDGE('',*,*,#5649,.T.);
#5649 = EDGE_CURVE('',#5650,#4609,#5652,.T.);
#5650 = VERTEX_POINT('',#5651);
#5651 = CARTESIAN_POINT('',(1.5,-1.4,0.5));
#5652 = LINE('',#5653,#5654);
#5653 = CARTESIAN_POINT('',(1.5,-1.4,0.5));
#5654 = VECTOR('',#5655,1.);
#5655 = DIRECTION('',(0.,-1.,2.22044604925E-16));
#5656 = ORIENTED_EDGE('',*,*,#4616,.T.);
#5657 = ORIENTED_EDGE('',*,*,#5635,.F.);
#5658 = ORIENTED_EDGE('',*,*,#5659,.F.);
#5659 = EDGE_CURVE('',#5650,#5625,#5660,.T.);
#5660 = LINE('',#5661,#5662);
#5661 = CARTESIAN_POINT('',(1.5,-1.4,0.5));
#5662 = VECTOR('',#5663,1.);
#5663 = DIRECTION('',(-1.,0.,0.));
#5664 = PLANE('',#5665);
#5665 = AXIS2_PLACEMENT_3D('',#5666,#5667,#5668);
#5666 = CARTESIAN_POINT('',(1.5,-1.4,0.5));
#5667 = DIRECTION('',(0.,-2.22044604925E-16,-1.));
#5668 = DIRECTION('',(-1.,-0.,0.));
#5669 = ADVANCED_FACE('',(#5670),#5681,.F.);
#5670 = FACE_BOUND('',#5671,.F.);
#5671 = EDGE_LOOP('',(#5672,#5673,#5674,#5675));
#5672 = ORIENTED_EDGE('',*,*,#5362,.T.);
#5673 = ORIENTED_EDGE('',*,*,#4608,.T.);
#5674 = ORIENTED_EDGE('',*,*,#5649,.F.);
#5675 = ORIENTED_EDGE('',*,*,#5676,.F.);
#5676 = EDGE_CURVE('',#5363,#5650,#5677,.T.);
#5677 = LINE('',#5678,#5679);
#5678 = CARTESIAN_POINT('',(1.5,-1.4,4.8));
#5679 = VECTOR('',#5680,1.);
#5680 = DIRECTION('',(0.,-2.22044604925E-16,-1.));
#5681 = PLANE('',#5682);
#5682 = AXIS2_PLACEMENT_3D('',#5683,#5684,#5685);
#5683 = CARTESIAN_POINT('',(1.5,-1.4,4.8));
#5684 = DIRECTION('',(1.,0.,0.));
#5685 = DIRECTION('',(0.,-2.22044604925E-16,-1.));
#5686 = ADVANCED_FACE('',(#5687),#5712,.T.);
#5687 = FACE_BOUND('',#5688,.F.);
#5688 = EDGE_LOOP('',(#5689,#5697,#5705,#5711));
#5689 = ORIENTED_EDGE('',*,*,#5690,.F.);
#5690 = EDGE_CURVE('',#5691,#4825,#5693,.T.);
#5691 = VERTEX_POINT('',#5692);
#5692 = CARTESIAN_POINT('',(-0.225,0.225,-3.4));
#5693 = LINE('',#5694,#5695);
#5694 = CARTESIAN_POINT('',(-0.325,0.325,-3.1));
#5695 = VECTOR('',#5696,1.);
#5696 = DIRECTION('',(-0.301511344578,0.301511344578,0.904534033733));
#5697 = ORIENTED_EDGE('',*,*,#5698,.T.);
#5698 = EDGE_CURVE('',#5691,#5699,#5701,.T.);
#5699 = VERTEX_POINT('',#5700);
#5700 = CARTESIAN_POINT('',(0.225,0.225,-3.4));
#5701 = LINE('',#5702,#5703);
#5702 = CARTESIAN_POINT('',(-0.225,0.225,-3.4));
#5703 = VECTOR('',#5704,1.);
#5704 = DIRECTION('',(1.,0.,0.));
#5705 = ORIENTED_EDGE('',*,*,#5706,.T.);
#5706 = EDGE_CURVE('',#5699,#4827,#5707,.T.);
#5707 = LINE('',#5708,#5709);
#5708 = CARTESIAN_POINT('',(0.304545454545,0.304545454545,
    -3.161363636364));
#5709 = VECTOR('',#5710,1.);
#5710 = DIRECTION('',(0.301511344578,0.301511344578,0.904534033733));
#5711 = ORIENTED_EDGE('',*,*,#4824,.F.);
#5712 = PLANE('',#5713);
#5713 = AXIS2_PLACEMENT_3D('',#5714,#5715,#5716);
#5714 = CARTESIAN_POINT('',(-0.225,0.325,-3.1));
#5715 = DIRECTION('',(-3.476378920805E-18,0.948683298051,-0.316227766017
    ));
#5716 = DIRECTION('',(-1.,-3.297982619863E-18,1.099327539955E-18));
#5717 = ADVANCED_FACE('',(#5718),#5736,.T.);
#5718 = FACE_BOUND('',#5719,.T.);
#5719 = EDGE_LOOP('',(#5720,#5728,#5734,#5735));
#5720 = ORIENTED_EDGE('',*,*,#5721,.T.);
#5721 = EDGE_CURVE('',#5691,#5722,#5724,.T.);
#5722 = VERTEX_POINT('',#5723);
#5723 = CARTESIAN_POINT('',(-0.225,-0.225,-3.4));
#5724 = LINE('',#5725,#5726);
#5725 = CARTESIAN_POINT('',(-0.225,0.425,-3.4));
#5726 = VECTOR('',#5727,1.);
#5727 = DIRECTION('',(0.,-1.,0.));
#5728 = ORIENTED_EDGE('',*,*,#5729,.T.);
#5729 = EDGE_CURVE('',#5722,#4856,#5730,.T.);
#5730 = LINE('',#5731,#5732);
#5731 = CARTESIAN_POINT('',(-0.286363636364,-0.286363636364,
    -3.215909090909));
#5732 = VECTOR('',#5733,1.);
#5733 = DIRECTION('',(-0.301511344578,-0.301511344578,0.904534033733));
#5734 = ORIENTED_EDGE('',*,*,#4855,.F.);
#5735 = ORIENTED_EDGE('',*,*,#5690,.F.);
#5736 = PLANE('',#5737);
#5737 = AXIS2_PLACEMENT_3D('',#5738,#5739,#5740);
#5738 = CARTESIAN_POINT('',(-0.325,0.425,-3.1));
#5739 = DIRECTION('',(-0.948683298051,-3.476378920805E-18,
    -0.316227766017));
#5740 = DIRECTION('',(3.297982619863E-18,-1.,1.099327539955E-18));
#5741 = ADVANCED_FACE('',(#5742),#5760,.T.);
#5742 = FACE_BOUND('',#5743,.T.);
#5743 = EDGE_LOOP('',(#5744,#5745,#5753,#5759));
#5744 = ORIENTED_EDGE('',*,*,#5729,.F.);
#5745 = ORIENTED_EDGE('',*,*,#5746,.T.);
#5746 = EDGE_CURVE('',#5722,#5747,#5749,.T.);
#5747 = VERTEX_POINT('',#5748);
#5748 = CARTESIAN_POINT('',(0.225,-0.225,-3.4));
#5749 = LINE('',#5750,#5751);
#5750 = CARTESIAN_POINT('',(-0.225,-0.225,-3.4));
#5751 = VECTOR('',#5752,1.);
#5752 = DIRECTION('',(1.,0.,0.));
#5753 = ORIENTED_EDGE('',*,*,#5754,.T.);
#5754 = EDGE_CURVE('',#5747,#4881,#5755,.T.);
#5755 = LINE('',#5756,#5757);
#5756 = CARTESIAN_POINT('',(0.265909090909,-0.265909090909,
    -3.277272727273));
#5757 = VECTOR('',#5758,1.);
#5758 = DIRECTION('',(0.301511344578,-0.301511344578,0.904534033733));
#5759 = ORIENTED_EDGE('',*,*,#4880,.F.);
#5760 = PLANE('',#5761);
#5761 = AXIS2_PLACEMENT_3D('',#5762,#5763,#5764);
#5762 = CARTESIAN_POINT('',(-0.225,-0.325,-3.1));
#5763 = DIRECTION('',(3.476378920805E-18,-0.948683298051,-0.316227766017
    ));
#5764 = DIRECTION('',(1.,3.297982619863E-18,1.099327539955E-18));
#5765 = ADVANCED_FACE('',(#5766),#5777,.F.);
#5766 = FACE_BOUND('',#5767,.T.);
#5767 = EDGE_LOOP('',(#5768,#5774,#5775,#5776));
#5768 = ORIENTED_EDGE('',*,*,#5769,.F.);
#5769 = EDGE_CURVE('',#5699,#5747,#5770,.T.);
#5770 = LINE('',#5771,#5772);
#5771 = CARTESIAN_POINT('',(0.225,0.425,-3.4));
#5772 = VECTOR('',#5773,1.);
#5773 = DIRECTION('',(0.,-1.,0.));
#5774 = ORIENTED_EDGE('',*,*,#5706,.T.);
#5775 = ORIENTED_EDGE('',*,*,#4903,.T.);
#5776 = ORIENTED_EDGE('',*,*,#5754,.F.);
#5777 = PLANE('',#5778);
#5778 = AXIS2_PLACEMENT_3D('',#5779,#5780,#5781);
#5779 = CARTESIAN_POINT('',(0.325,0.425,-3.1));
#5780 = DIRECTION('',(-0.948683298051,3.476378920805E-18,0.316227766017)
  );
#5781 = DIRECTION('',(3.297982619863E-18,1.,-1.099327539955E-18));
#5782 = ADVANCED_FACE('',(#5783),#5808,.T.);
#5783 = FACE_BOUND('',#5784,.T.);
#5784 = EDGE_LOOP('',(#5785,#5795,#5801,#5802));
#5785 = ORIENTED_EDGE('',*,*,#5786,.T.);
#5786 = EDGE_CURVE('',#5787,#5789,#5791,.T.);
#5787 = VERTEX_POINT('',#5788);
#5788 = CARTESIAN_POINT('',(3.275,0.225,-3.4));
#5789 = VERTEX_POINT('',#5790);
#5790 = CARTESIAN_POINT('',(3.275,-0.225,-3.4));
#5791 = LINE('',#5792,#5793);
#5792 = CARTESIAN_POINT('',(3.275,0.425,-3.4));
#5793 = VECTOR('',#5794,1.);
#5794 = DIRECTION('',(0.,-1.,0.));
#5795 = ORIENTED_EDGE('',*,*,#5796,.T.);
#5796 = EDGE_CURVE('',#5789,#4923,#5797,.T.);
#5797 = LINE('',#5798,#5799);
#5798 = CARTESIAN_POINT('',(3.213636363636,-0.286363636364,
    -3.215909090909));
#5799 = VECTOR('',#5800,1.);
#5800 = DIRECTION('',(-0.301511344578,-0.301511344578,0.904534033733));
#5801 = ORIENTED_EDGE('',*,*,#4920,.F.);
#5802 = ORIENTED_EDGE('',*,*,#5803,.F.);
#5803 = EDGE_CURVE('',#5787,#4921,#5804,.T.);
#5804 = LINE('',#5805,#5806);
#5805 = CARTESIAN_POINT('',(3.175,0.325,-3.1));
#5806 = VECTOR('',#5807,1.);
#5807 = DIRECTION('',(-0.301511344578,0.301511344578,0.904534033733));
#5808 = PLANE('',#5809);
#5809 = AXIS2_PLACEMENT_3D('',#5810,#5811,#5812);
#5810 = CARTESIAN_POINT('',(3.175,0.425,-3.1));
#5811 = DIRECTION('',(-0.948683298051,-3.476378920805E-18,
    -0.316227766017));
#5812 = DIRECTION('',(3.297982619863E-18,-1.,1.099327539955E-18));
#5813 = ADVANCED_FACE('',(#5814),#5832,.T.);
#5814 = FACE_BOUND('',#5815,.T.);
#5815 = EDGE_LOOP('',(#5816,#5817,#5825,#5831));
#5816 = ORIENTED_EDGE('',*,*,#5796,.F.);
#5817 = ORIENTED_EDGE('',*,*,#5818,.T.);
#5818 = EDGE_CURVE('',#5789,#5819,#5821,.T.);
#5819 = VERTEX_POINT('',#5820);
#5820 = CARTESIAN_POINT('',(3.725,-0.225,-3.4));
#5821 = LINE('',#5822,#5823);
#5822 = CARTESIAN_POINT('',(3.275,-0.225,-3.4));
#5823 = VECTOR('',#5824,1.);
#5824 = DIRECTION('',(1.,0.,0.));
#5825 = ORIENTED_EDGE('',*,*,#5826,.T.);
#5826 = EDGE_CURVE('',#5819,#4953,#5827,.T.);
#5827 = LINE('',#5828,#5829);
#5828 = CARTESIAN_POINT('',(3.765909090909,-0.265909090909,
    -3.277272727273));
#5829 = VECTOR('',#5830,1.);
#5830 = DIRECTION('',(0.301511344578,-0.301511344578,0.904534033733));
#5831 = ORIENTED_EDGE('',*,*,#4952,.F.);
#5832 = PLANE('',#5833);
#5833 = AXIS2_PLACEMENT_3D('',#5834,#5835,#5836);
#5834 = CARTESIAN_POINT('',(3.275,-0.325,-3.1));
#5835 = DIRECTION('',(3.476378920805E-18,-0.948683298051,-0.316227766017
    ));
#5836 = DIRECTION('',(1.,3.297982619863E-18,1.099327539955E-18));
#5837 = ADVANCED_FACE('',(#5838),#5856,.F.);
#5838 = FACE_BOUND('',#5839,.T.);
#5839 = EDGE_LOOP('',(#5840,#5848,#5854,#5855));
#5840 = ORIENTED_EDGE('',*,*,#5841,.F.);
#5841 = EDGE_CURVE('',#5842,#5819,#5844,.T.);
#5842 = VERTEX_POINT('',#5843);
#5843 = CARTESIAN_POINT('',(3.725,0.225,-3.4));
#5844 = LINE('',#5845,#5846);
#5845 = CARTESIAN_POINT('',(3.725,0.425,-3.4));
#5846 = VECTOR('',#5847,1.);
#5847 = DIRECTION('',(0.,-1.,0.));
#5848 = ORIENTED_EDGE('',*,*,#5849,.T.);
#5849 = EDGE_CURVE('',#5842,#4976,#5850,.T.);
#5850 = LINE('',#5851,#5852);
#5851 = CARTESIAN_POINT('',(3.804545454545,0.304545454545,
    -3.161363636364));
#5852 = VECTOR('',#5853,1.);
#5853 = DIRECTION('',(0.301511344578,0.301511344578,0.904534033733));
#5854 = ORIENTED_EDGE('',*,*,#4975,.T.);
#5855 = ORIENTED_EDGE('',*,*,#5826,.F.);
#5856 = PLANE('',#5857);
#5857 = AXIS2_PLACEMENT_3D('',#5858,#5859,#5860);
#5858 = CARTESIAN_POINT('',(3.825,0.425,-3.1));
#5859 = DIRECTION('',(-0.948683298051,3.476378920805E-18,0.316227766017)
  );
#5860 = DIRECTION('',(3.297982619863E-18,1.,-1.099327539955E-18));
#5861 = ADVANCED_FACE('',(#5862),#5873,.T.);
#5862 = FACE_BOUND('',#5863,.F.);
#5863 = EDGE_LOOP('',(#5864,#5865,#5871,#5872));
#5864 = ORIENTED_EDGE('',*,*,#5803,.F.);
#5865 = ORIENTED_EDGE('',*,*,#5866,.T.);
#5866 = EDGE_CURVE('',#5787,#5842,#5867,.T.);
#5867 = LINE('',#5868,#5869);
#5868 = CARTESIAN_POINT('',(3.275,0.225,-3.4));
#5869 = VECTOR('',#5870,1.);
#5870 = DIRECTION('',(1.,0.,0.));
#5871 = ORIENTED_EDGE('',*,*,#5849,.T.);
#5872 = ORIENTED_EDGE('',*,*,#4999,.F.);
#5873 = PLANE('',#5874);
#5874 = AXIS2_PLACEMENT_3D('',#5875,#5876,#5877);
#5875 = CARTESIAN_POINT('',(3.275,0.325,-3.1));
#5876 = DIRECTION('',(-3.476378920805E-18,0.948683298051,-0.316227766017
    ));
#5877 = DIRECTION('',(-1.,-3.297982619863E-18,1.099327539955E-18));
#5878 = ADVANCED_FACE('',(#5879,#5895),#5929,.F.);
#5879 = FACE_BOUND('',#5880,.F.);
#5880 = EDGE_LOOP('',(#5881,#5882,#5883,#5884,#5885,#5886,#5887,#5888,
    #5889,#5890,#5891,#5892,#5893,#5894));
#5881 = ORIENTED_EDGE('',*,*,#5177,.T.);
#5882 = ORIENTED_EDGE('',*,*,#5153,.T.);
#5883 = ORIENTED_EDGE('',*,*,#5129,.T.);
#5884 = ORIENTED_EDGE('',*,*,#5105,.T.);
#5885 = ORIENTED_EDGE('',*,*,#5081,.T.);
#5886 = ORIENTED_EDGE('',*,*,#5057,.T.);
#5887 = ORIENTED_EDGE('',*,*,#5033,.T.);
#5888 = ORIENTED_EDGE('',*,*,#5339,.T.);
#5889 = ORIENTED_EDGE('',*,*,#5322,.T.);
#5890 = ORIENTED_EDGE('',*,*,#5298,.T.);
#5891 = ORIENTED_EDGE('',*,*,#5274,.T.);
#5892 = ORIENTED_EDGE('',*,*,#5250,.T.);
#5893 = ORIENTED_EDGE('',*,*,#5215,.T.);
#5894 = ORIENTED_EDGE('',*,*,#5201,.T.);
#5895 = FACE_BOUND('',#5896,.F.);
#5896 = EDGE_LOOP('',(#5897,#5907,#5915,#5923));
#5897 = ORIENTED_EDGE('',*,*,#5898,.F.);
#5898 = EDGE_CURVE('',#5899,#5901,#5903,.T.);
#5899 = VERTEX_POINT('',#5900);
#5900 = CARTESIAN_POINT('',(3.925,-1.4,2.575));
#5901 = VERTEX_POINT('',#5902);
#5902 = CARTESIAN_POINT('',(3.075,-1.4,2.575));
#5903 = LINE('',#5904,#5905);
#5904 = CARTESIAN_POINT('',(3.2875,-1.4,2.575));
#5905 = VECTOR('',#5906,1.);
#5906 = DIRECTION('',(-1.,-0.,-0.));
#5907 = ORIENTED_EDGE('',*,*,#5908,.T.);
#5908 = EDGE_CURVE('',#5899,#5909,#5911,.T.);
#5909 = VERTEX_POINT('',#5910);
#5910 = CARTESIAN_POINT('',(3.925,-1.4,3.425));
#5911 = LINE('',#5912,#5913);
#5912 = CARTESIAN_POINT('',(3.925,-1.4,2.498883585473));
#5913 = VECTOR('',#5914,1.);
#5914 = DIRECTION('',(0.,2.22044604925E-16,1.));
#5915 = ORIENTED_EDGE('',*,*,#5916,.F.);
#5916 = EDGE_CURVE('',#5917,#5909,#5919,.T.);
#5917 = VERTEX_POINT('',#5918);
#5918 = CARTESIAN_POINT('',(3.075,-1.4,3.425));
#5919 = LINE('',#5920,#5921);
#5920 = CARTESIAN_POINT('',(3.2875,-1.4,3.425));
#5921 = VECTOR('',#5922,1.);
#5922 = DIRECTION('',(1.,0.,0.));
#5923 = ORIENTED_EDGE('',*,*,#5924,.F.);
#5924 = EDGE_CURVE('',#5901,#5917,#5925,.T.);
#5925 = LINE('',#5926,#5927);
#5926 = CARTESIAN_POINT('',(3.075,-1.4,2.498883585473));
#5927 = VECTOR('',#5928,1.);
#5928 = DIRECTION('',(0.,2.22044604925E-16,1.));
#5929 = PLANE('',#5930);
#5930 = AXIS2_PLACEMENT_3D('',#5931,#5932,#5933);
#5931 = CARTESIAN_POINT('',(3.5,-1.4,3.69068173833));
#5932 = DIRECTION('',(-0.,1.,-2.22044604925E-16));
#5933 = DIRECTION('',(-1.,0.,0.));
#5934 = ADVANCED_FACE('',(#5935,#5951),#5985,.F.);
#5935 = FACE_BOUND('',#5936,.F.);
#5936 = EDGE_LOOP('',(#5937,#5938,#5939,#5940,#5941,#5942,#5943,#5944,
    #5945,#5946,#5947,#5948,#5949,#5950));
#5937 = ORIENTED_EDGE('',*,*,#5586,.T.);
#5938 = ORIENTED_EDGE('',*,*,#5562,.T.);
#5939 = ORIENTED_EDGE('',*,*,#5538,.T.);
#5940 = ORIENTED_EDGE('',*,*,#5514,.T.);
#5941 = ORIENTED_EDGE('',*,*,#5490,.T.);
#5942 = ORIENTED_EDGE('',*,*,#5466,.T.);
#5943 = ORIENTED_EDGE('',*,*,#5442,.T.);
#5944 = ORIENTED_EDGE('',*,*,#5418,.T.);
#5945 = ORIENTED_EDGE('',*,*,#5394,.T.);
#5946 = ORIENTED_EDGE('',*,*,#5370,.T.);
#5947 = ORIENTED_EDGE('',*,*,#5676,.T.);
#5948 = ORIENTED_EDGE('',*,*,#5659,.T.);
#5949 = ORIENTED_EDGE('',*,*,#5624,.T.);
#5950 = ORIENTED_EDGE('',*,*,#5610,.T.);
#5951 = FACE_BOUND('',#5952,.F.);
#5952 = EDGE_LOOP('',(#5953,#5963,#5971,#5979));
#5953 = ORIENTED_EDGE('',*,*,#5954,.F.);
#5954 = EDGE_CURVE('',#5955,#5957,#5959,.T.);
#5955 = VERTEX_POINT('',#5956);
#5956 = CARTESIAN_POINT('',(-0.425,-1.4,2.575));
#5957 = VERTEX_POINT('',#5958);
#5958 = CARTESIAN_POINT('',(-0.425,-1.4,3.425));
#5959 = LINE('',#5960,#5961);
#5960 = CARTESIAN_POINT('',(-0.425,-1.4,2.498883585473));
#5961 = VECTOR('',#5962,1.);
#5962 = DIRECTION('',(0.,2.22044604925E-16,1.));
#5963 = ORIENTED_EDGE('',*,*,#5964,.F.);
#5964 = EDGE_CURVE('',#5965,#5955,#5967,.T.);
#5965 = VERTEX_POINT('',#5966);
#5966 = CARTESIAN_POINT('',(0.425,-1.4,2.575));
#5967 = LINE('',#5968,#5969);
#5968 = CARTESIAN_POINT('',(-0.2125,-1.4,2.575));
#5969 = VECTOR('',#5970,1.);
#5970 = DIRECTION('',(-1.,-0.,-0.));
#5971 = ORIENTED_EDGE('',*,*,#5972,.T.);
#5972 = EDGE_CURVE('',#5965,#5973,#5975,.T.);
#5973 = VERTEX_POINT('',#5974);
#5974 = CARTESIAN_POINT('',(0.425,-1.4,3.425));
#5975 = LINE('',#5976,#5977);
#5976 = CARTESIAN_POINT('',(0.425,-1.4,2.498883585473));
#5977 = VECTOR('',#5978,1.);
#5978 = DIRECTION('',(0.,2.22044604925E-16,1.));
#5979 = ORIENTED_EDGE('',*,*,#5980,.F.);
#5980 = EDGE_CURVE('',#5957,#5973,#5981,.T.);
#5981 = LINE('',#5982,#5983);
#5982 = CARTESIAN_POINT('',(-0.2125,-1.4,3.425));
#5983 = VECTOR('',#5984,1.);
#5984 = DIRECTION('',(1.,0.,0.));
#5985 = PLANE('',#5986);
#5986 = AXIS2_PLACEMENT_3D('',#5987,#5988,#5989);
#5987 = CARTESIAN_POINT('',(1.588033059182E-17,-1.4,3.69068173833));
#5988 = DIRECTION('',(-0.,1.,-2.22044604925E-16));
#5989 = DIRECTION('',(-1.,0.,0.));
#5990 = ADVANCED_FACE('',(#5991),#5997,.T.);
#5991 = FACE_BOUND('',#5992,.T.);
#5992 = EDGE_LOOP('',(#5993,#5994,#5995,#5996));
#5993 = ORIENTED_EDGE('',*,*,#5721,.F.);
#5994 = ORIENTED_EDGE('',*,*,#5698,.T.);
#5995 = ORIENTED_EDGE('',*,*,#5769,.T.);
#5996 = ORIENTED_EDGE('',*,*,#5746,.F.);
#5997 = PLANE('',#5998);
#5998 = AXIS2_PLACEMENT_3D('',#5999,#6000,#6001);
#5999 = CARTESIAN_POINT('',(-0.425,0.425,-3.4));
#6000 = DIRECTION('',(0.,0.,-1.));
#6001 = DIRECTION('',(0.,-1.,0.));
#6002 = ADVANCED_FACE('',(#6003),#6009,.T.);
#6003 = FACE_BOUND('',#6004,.T.);
#6004 = EDGE_LOOP('',(#6005,#6006,#6007,#6008));
#6005 = ORIENTED_EDGE('',*,*,#5786,.F.);
#6006 = ORIENTED_EDGE('',*,*,#5866,.T.);
#6007 = ORIENTED_EDGE('',*,*,#5841,.T.);
#6008 = ORIENTED_EDGE('',*,*,#5818,.F.);
#6009 = PLANE('',#6010);
#6010 = AXIS2_PLACEMENT_3D('',#6011,#6012,#6013);
#6011 = CARTESIAN_POINT('',(3.075,0.425,-3.4));
#6012 = DIRECTION('',(0.,0.,-1.));
#6013 = DIRECTION('',(0.,-1.,0.));
#6014 = ADVANCED_FACE('',(#6015),#6040,.T.);
#6015 = FACE_BOUND('',#6016,.T.);
#6016 = EDGE_LOOP('',(#6017,#6027,#6033,#6034));
#6017 = ORIENTED_EDGE('',*,*,#6018,.F.);
#6018 = EDGE_CURVE('',#6019,#6021,#6023,.T.);
#6019 = VERTEX_POINT('',#6020);
#6020 = CARTESIAN_POINT('',(3.075,-6.,2.575));
#6021 = VERTEX_POINT('',#6022);
#6022 = CARTESIAN_POINT('',(3.925,-6.,2.575));
#6023 = LINE('',#6024,#6025);
#6024 = CARTESIAN_POINT('',(3.275,-6.,2.575));
#6025 = VECTOR('',#6026,1.);
#6026 = DIRECTION('',(1.,0.,0.));
#6027 = ORIENTED_EDGE('',*,*,#6028,.F.);
#6028 = EDGE_CURVE('',#5901,#6019,#6029,.T.);
#6029 = LINE('',#6030,#6031);
#6030 = CARTESIAN_POINT('',(3.075,-0.525,2.575));
#6031 = VECTOR('',#6032,1.);
#6032 = DIRECTION('',(0.,-1.,0.));
#6033 = ORIENTED_EDGE('',*,*,#5898,.F.);
#6034 = ORIENTED_EDGE('',*,*,#6035,.T.);
#6035 = EDGE_CURVE('',#5899,#6021,#6036,.T.);
#6036 = LINE('',#6037,#6038);
#6037 = CARTESIAN_POINT('',(3.925,-0.525,2.575));
#6038 = VECTOR('',#6039,1.);
#6039 = DIRECTION('',(0.,-1.,0.));
#6040 = PLANE('',#6041);
#6041 = AXIS2_PLACEMENT_3D('',#6042,#6043,#6044);
#6042 = CARTESIAN_POINT('',(3.075,-0.525,2.575));
#6043 = DIRECTION('',(0.,0.,-1.));
#6044 = DIRECTION('',(0.,-1.,0.));
#6045 = ADVANCED_FACE('',(#6046),#6064,.T.);
#6046 = FACE_BOUND('',#6047,.T.);
#6047 = EDGE_LOOP('',(#6048,#6049,#6050,#6058));
#6048 = ORIENTED_EDGE('',*,*,#5924,.F.);
#6049 = ORIENTED_EDGE('',*,*,#6028,.T.);
#6050 = ORIENTED_EDGE('',*,*,#6051,.T.);
#6051 = EDGE_CURVE('',#6019,#6052,#6054,.T.);
#6052 = VERTEX_POINT('',#6053);
#6053 = CARTESIAN_POINT('',(3.075,-6.,3.425));
#6054 = LINE('',#6055,#6056);
#6055 = CARTESIAN_POINT('',(3.075,-6.,2.575));
#6056 = VECTOR('',#6057,1.);
#6057 = DIRECTION('',(0.,0.,1.));
#6058 = ORIENTED_EDGE('',*,*,#6059,.T.);
#6059 = EDGE_CURVE('',#6052,#5917,#6060,.T.);
#6060 = LINE('',#6061,#6062);
#6061 = CARTESIAN_POINT('',(3.075,-6.6,3.425));
#6062 = VECTOR('',#6063,1.);
#6063 = DIRECTION('',(0.,1.,0.));
#6064 = PLANE('',#6065);
#6065 = AXIS2_PLACEMENT_3D('',#6066,#6067,#6068);
#6066 = CARTESIAN_POINT('',(3.075,-1.794638512893,1.307085432616));
#6067 = DIRECTION('',(-1.,-0.,-0.));
#6068 = DIRECTION('',(0.,0.,-1.));
#6069 = ADVANCED_FACE('',(#6070),#6088,.T.);
#6070 = FACE_BOUND('',#6071,.T.);
#6071 = EDGE_LOOP('',(#6072,#6073,#6081,#6087));
#6072 = ORIENTED_EDGE('',*,*,#6059,.F.);
#6073 = ORIENTED_EDGE('',*,*,#6074,.T.);
#6074 = EDGE_CURVE('',#6052,#6075,#6077,.T.);
#6075 = VERTEX_POINT('',#6076);
#6076 = CARTESIAN_POINT('',(3.925,-6.,3.425));
#6077 = LINE('',#6078,#6079);
#6078 = CARTESIAN_POINT('',(3.275,-6.,3.425));
#6079 = VECTOR('',#6080,1.);
#6080 = DIRECTION('',(1.,0.,0.));
#6081 = ORIENTED_EDGE('',*,*,#6082,.T.);
#6082 = EDGE_CURVE('',#6075,#5909,#6083,.T.);
#6083 = LINE('',#6084,#6085);
#6084 = CARTESIAN_POINT('',(3.925,-6.6,3.425));
#6085 = VECTOR('',#6086,1.);
#6086 = DIRECTION('',(0.,1.,0.));
#6087 = ORIENTED_EDGE('',*,*,#5916,.F.);
#6088 = PLANE('',#6089);
#6089 = AXIS2_PLACEMENT_3D('',#6090,#6091,#6092);
#6090 = CARTESIAN_POINT('',(3.075,-6.6,3.425));
#6091 = DIRECTION('',(0.,0.,1.));
#6092 = DIRECTION('',(0.,1.,0.));
#6093 = ADVANCED_FACE('',(#6094),#6105,.F.);
#6094 = FACE_BOUND('',#6095,.F.);
#6095 = EDGE_LOOP('',(#6096,#6097,#6098,#6104));
#6096 = ORIENTED_EDGE('',*,*,#5908,.F.);
#6097 = ORIENTED_EDGE('',*,*,#6035,.T.);
#6098 = ORIENTED_EDGE('',*,*,#6099,.T.);
#6099 = EDGE_CURVE('',#6021,#6075,#6100,.T.);
#6100 = LINE('',#6101,#6102);
#6101 = CARTESIAN_POINT('',(3.925,-6.,2.575));
#6102 = VECTOR('',#6103,1.);
#6103 = DIRECTION('',(0.,0.,1.));
#6104 = ORIENTED_EDGE('',*,*,#6082,.T.);
#6105 = PLANE('',#6106);
#6106 = AXIS2_PLACEMENT_3D('',#6107,#6108,#6109);
#6107 = CARTESIAN_POINT('',(3.925,-1.794638512893,1.307085432616));
#6108 = DIRECTION('',(-1.,-0.,-0.));
#6109 = DIRECTION('',(0.,0.,-1.));
#6110 = ADVANCED_FACE('',(#6111),#6136,.T.);
#6111 = FACE_BOUND('',#6112,.T.);
#6112 = EDGE_LOOP('',(#6113,#6114,#6122,#6130));
#6113 = ORIENTED_EDGE('',*,*,#5954,.F.);
#6114 = ORIENTED_EDGE('',*,*,#6115,.T.);
#6115 = EDGE_CURVE('',#5955,#6116,#6118,.T.);
#6116 = VERTEX_POINT('',#6117);
#6117 = CARTESIAN_POINT('',(-0.425,-6.,2.575));
#6118 = LINE('',#6119,#6120);
#6119 = CARTESIAN_POINT('',(-0.425,-0.525,2.575));
#6120 = VECTOR('',#6121,1.);
#6121 = DIRECTION('',(0.,-1.,0.));
#6122 = ORIENTED_EDGE('',*,*,#6123,.T.);
#6123 = EDGE_CURVE('',#6116,#6124,#6126,.T.);
#6124 = VERTEX_POINT('',#6125);
#6125 = CARTESIAN_POINT('',(-0.425,-6.,3.425));
#6126 = LINE('',#6127,#6128);
#6127 = CARTESIAN_POINT('',(-0.425,-6.,2.575));
#6128 = VECTOR('',#6129,1.);
#6129 = DIRECTION('',(0.,0.,1.));
#6130 = ORIENTED_EDGE('',*,*,#6131,.T.);
#6131 = EDGE_CURVE('',#6124,#5957,#6132,.T.);
#6132 = LINE('',#6133,#6134);
#6133 = CARTESIAN_POINT('',(-0.425,-6.6,3.425));
#6134 = VECTOR('',#6135,1.);
#6135 = DIRECTION('',(0.,1.,0.));
#6136 = PLANE('',#6137);
#6137 = AXIS2_PLACEMENT_3D('',#6138,#6139,#6140);
#6138 = CARTESIAN_POINT('',(-0.425,-1.794638512893,1.307085432616));
#6139 = DIRECTION('',(-1.,-0.,-0.));
#6140 = DIRECTION('',(0.,0.,-1.));
#6141 = ADVANCED_FACE('',(#6142),#6160,.T.);
#6142 = FACE_BOUND('',#6143,.T.);
#6143 = EDGE_LOOP('',(#6144,#6145,#6153,#6159));
#6144 = ORIENTED_EDGE('',*,*,#6131,.F.);
#6145 = ORIENTED_EDGE('',*,*,#6146,.T.);
#6146 = EDGE_CURVE('',#6124,#6147,#6149,.T.);
#6147 = VERTEX_POINT('',#6148);
#6148 = CARTESIAN_POINT('',(0.425,-6.,3.425));
#6149 = LINE('',#6150,#6151);
#6150 = CARTESIAN_POINT('',(-0.225,-6.,3.425));
#6151 = VECTOR('',#6152,1.);
#6152 = DIRECTION('',(1.,0.,0.));
#6153 = ORIENTED_EDGE('',*,*,#6154,.T.);
#6154 = EDGE_CURVE('',#6147,#5973,#6155,.T.);
#6155 = LINE('',#6156,#6157);
#6156 = CARTESIAN_POINT('',(0.425,-6.6,3.425));
#6157 = VECTOR('',#6158,1.);
#6158 = DIRECTION('',(0.,1.,0.));
#6159 = ORIENTED_EDGE('',*,*,#5980,.F.);
#6160 = PLANE('',#6161);
#6161 = AXIS2_PLACEMENT_3D('',#6162,#6163,#6164);
#6162 = CARTESIAN_POINT('',(-0.425,-6.6,3.425));
#6163 = DIRECTION('',(0.,0.,1.));
#6164 = DIRECTION('',(0.,1.,0.));
#6165 = ADVANCED_FACE('',(#6166),#6184,.F.);
#6166 = FACE_BOUND('',#6167,.F.);
#6167 = EDGE_LOOP('',(#6168,#6169,#6177,#6183));
#6168 = ORIENTED_EDGE('',*,*,#5972,.F.);
#6169 = ORIENTED_EDGE('',*,*,#6170,.T.);
#6170 = EDGE_CURVE('',#5965,#6171,#6173,.T.);
#6171 = VERTEX_POINT('',#6172);
#6172 = CARTESIAN_POINT('',(0.425,-6.,2.575));
#6173 = LINE('',#6174,#6175);
#6174 = CARTESIAN_POINT('',(0.425,-0.525,2.575));
#6175 = VECTOR('',#6176,1.);
#6176 = DIRECTION('',(0.,-1.,0.));
#6177 = ORIENTED_EDGE('',*,*,#6178,.T.);
#6178 = EDGE_CURVE('',#6171,#6147,#6179,.T.);
#6179 = LINE('',#6180,#6181);
#6180 = CARTESIAN_POINT('',(0.425,-6.,2.575));
#6181 = VECTOR('',#6182,1.);
#6182 = DIRECTION('',(0.,0.,1.));
#6183 = ORIENTED_EDGE('',*,*,#6154,.T.);
#6184 = PLANE('',#6185);
#6185 = AXIS2_PLACEMENT_3D('',#6186,#6187,#6188);
#6186 = CARTESIAN_POINT('',(0.425,-1.794638512893,1.307085432616));
#6187 = DIRECTION('',(-1.,-0.,-0.));
#6188 = DIRECTION('',(0.,0.,-1.));
#6189 = ADVANCED_FACE('',(#6190),#6201,.T.);
#6190 = FACE_BOUND('',#6191,.T.);
#6191 = EDGE_LOOP('',(#6192,#6198,#6199,#6200));
#6192 = ORIENTED_EDGE('',*,*,#6193,.F.);
#6193 = EDGE_CURVE('',#6116,#6171,#6194,.T.);
#6194 = LINE('',#6195,#6196);
#6195 = CARTESIAN_POINT('',(-0.225,-6.,2.575));
#6196 = VECTOR('',#6197,1.);
#6197 = DIRECTION('',(1.,0.,0.));
#6198 = ORIENTED_EDGE('',*,*,#6115,.F.);
#6199 = ORIENTED_EDGE('',*,*,#5964,.F.);
#6200 = ORIENTED_EDGE('',*,*,#6170,.T.);
#6201 = PLANE('',#6202);
#6202 = AXIS2_PLACEMENT_3D('',#6203,#6204,#6205);
#6203 = CARTESIAN_POINT('',(-0.425,-0.525,2.575));
#6204 = DIRECTION('',(0.,0.,-1.));
#6205 = DIRECTION('',(0.,-1.,0.));
#6206 = ADVANCED_FACE('',(#6207),#6232,.T.);
#6207 = FACE_BOUND('',#6208,.F.);
#6208 = EDGE_LOOP('',(#6209,#6217,#6225,#6231));
#6209 = ORIENTED_EDGE('',*,*,#6210,.F.);
#6210 = EDGE_CURVE('',#6211,#6019,#6213,.T.);
#6211 = VERTEX_POINT('',#6212);
#6212 = CARTESIAN_POINT('',(3.275,-6.6,2.775));
#6213 = LINE('',#6214,#6215);
#6214 = CARTESIAN_POINT('',(3.175,-6.3,2.675));
#6215 = VECTOR('',#6216,1.);
#6216 = DIRECTION('',(-0.301511344578,0.904534033733,-0.301511344578));
#6217 = ORIENTED_EDGE('',*,*,#6218,.T.);
#6218 = EDGE_CURVE('',#6211,#6219,#6221,.T.);
#6219 = VERTEX_POINT('',#6220);
#6220 = CARTESIAN_POINT('',(3.725,-6.6,2.775));
#6221 = LINE('',#6222,#6223);
#6222 = CARTESIAN_POINT('',(3.275,-6.6,2.775));
#6223 = VECTOR('',#6224,1.);
#6224 = DIRECTION('',(1.,0.,0.));
#6225 = ORIENTED_EDGE('',*,*,#6226,.T.);
#6226 = EDGE_CURVE('',#6219,#6021,#6227,.T.);
#6227 = LINE('',#6228,#6229);
#6228 = CARTESIAN_POINT('',(3.804545454545,-6.361363636364,
    2.695454545455));
#6229 = VECTOR('',#6230,1.);
#6230 = DIRECTION('',(0.301511344578,0.904534033733,-0.301511344578));
#6231 = ORIENTED_EDGE('',*,*,#6018,.F.);
#6232 = PLANE('',#6233);
#6233 = AXIS2_PLACEMENT_3D('',#6234,#6235,#6236);
#6234 = CARTESIAN_POINT('',(3.275,-6.3,2.675));
#6235 = DIRECTION('',(0.,-0.316227766017,-0.948683298051));
#6236 = DIRECTION('',(-1.,-0.,0.));
#6237 = ADVANCED_FACE('',(#6238),#6256,.T.);
#6238 = FACE_BOUND('',#6239,.T.);
#6239 = EDGE_LOOP('',(#6240,#6248,#6254,#6255));
#6240 = ORIENTED_EDGE('',*,*,#6241,.T.);
#6241 = EDGE_CURVE('',#6211,#6242,#6244,.T.);
#6242 = VERTEX_POINT('',#6243);
#6243 = CARTESIAN_POINT('',(3.275,-6.6,3.225));
#6244 = LINE('',#6245,#6246);
#6245 = CARTESIAN_POINT('',(3.275,-6.6,2.575));
#6246 = VECTOR('',#6247,1.);
#6247 = DIRECTION('',(0.,0.,1.));
#6248 = ORIENTED_EDGE('',*,*,#6249,.T.);
#6249 = EDGE_CURVE('',#6242,#6052,#6250,.T.);
#6250 = LINE('',#6251,#6252);
#6251 = CARTESIAN_POINT('',(3.213636363636,-6.415909090909,
    3.286363636364));
#6252 = VECTOR('',#6253,1.);
#6253 = DIRECTION('',(-0.301511344578,0.904534033733,0.301511344578));
#6254 = ORIENTED_EDGE('',*,*,#6051,.F.);
#6255 = ORIENTED_EDGE('',*,*,#6210,.F.);
#6256 = PLANE('',#6257);
#6257 = AXIS2_PLACEMENT_3D('',#6258,#6259,#6260);
#6258 = CARTESIAN_POINT('',(3.175,-6.3,2.575));
#6259 = DIRECTION('',(-0.948683298051,-0.316227766017,3.476378920805E-18
    ));
#6260 = DIRECTION('',(3.297982619863E-18,1.099327539955E-18,1.));
#6261 = ADVANCED_FACE('',(#6262),#6280,.T.);
#6262 = FACE_BOUND('',#6263,.T.);
#6263 = EDGE_LOOP('',(#6264,#6265,#6273,#6279));
#6264 = ORIENTED_EDGE('',*,*,#6249,.F.);
#6265 = ORIENTED_EDGE('',*,*,#6266,.T.);
#6266 = EDGE_CURVE('',#6242,#6267,#6269,.T.);
#6267 = VERTEX_POINT('',#6268);
#6268 = CARTESIAN_POINT('',(3.725,-6.6,3.225));
#6269 = LINE('',#6270,#6271);
#6270 = CARTESIAN_POINT('',(3.275,-6.6,3.225));
#6271 = VECTOR('',#6272,1.);
#6272 = DIRECTION('',(1.,0.,0.));
#6273 = ORIENTED_EDGE('',*,*,#6274,.T.);
#6274 = EDGE_CURVE('',#6267,#6075,#6275,.T.);
#6275 = LINE('',#6276,#6277);
#6276 = CARTESIAN_POINT('',(3.765909090909,-6.477272727273,
    3.265909090909));
#6277 = VECTOR('',#6278,1.);
#6278 = DIRECTION('',(0.301511344578,0.904534033733,0.301511344578));
#6279 = ORIENTED_EDGE('',*,*,#6074,.F.);
#6280 = PLANE('',#6281);
#6281 = AXIS2_PLACEMENT_3D('',#6282,#6283,#6284);
#6282 = CARTESIAN_POINT('',(3.275,-6.3,3.325));
#6283 = DIRECTION('',(0.,-0.316227766017,0.948683298051));
#6284 = DIRECTION('',(1.,0.,0.));
#6285 = ADVANCED_FACE('',(#6286),#6297,.F.);
#6286 = FACE_BOUND('',#6287,.F.);
#6287 = EDGE_LOOP('',(#6288,#6294,#6295,#6296));
#6288 = ORIENTED_EDGE('',*,*,#6289,.T.);
#6289 = EDGE_CURVE('',#6219,#6267,#6290,.T.);
#6290 = LINE('',#6291,#6292);
#6291 = CARTESIAN_POINT('',(3.725,-6.6,2.575));
#6292 = VECTOR('',#6293,1.);
#6293 = DIRECTION('',(0.,0.,1.));
#6294 = ORIENTED_EDGE('',*,*,#6274,.T.);
#6295 = ORIENTED_EDGE('',*,*,#6099,.F.);
#6296 = ORIENTED_EDGE('',*,*,#6226,.F.);
#6297 = PLANE('',#6298);
#6298 = AXIS2_PLACEMENT_3D('',#6299,#6300,#6301);
#6299 = CARTESIAN_POINT('',(3.825,-6.3,2.575));
#6300 = DIRECTION('',(-0.948683298051,0.316227766017,-3.476378920805E-18
    ));
#6301 = DIRECTION('',(-3.297982619863E-18,1.099327539955E-18,1.));
#6302 = ADVANCED_FACE('',(#6303),#6328,.T.);
#6303 = FACE_BOUND('',#6304,.T.);
#6304 = EDGE_LOOP('',(#6305,#6315,#6321,#6322));
#6305 = ORIENTED_EDGE('',*,*,#6306,.T.);
#6306 = EDGE_CURVE('',#6307,#6309,#6311,.T.);
#6307 = VERTEX_POINT('',#6308);
#6308 = CARTESIAN_POINT('',(-0.225,-6.6,2.775));
#6309 = VERTEX_POINT('',#6310);
#6310 = CARTESIAN_POINT('',(-0.225,-6.6,3.225));
#6311 = LINE('',#6312,#6313);
#6312 = CARTESIAN_POINT('',(-0.225,-6.6,2.575));
#6313 = VECTOR('',#6314,1.);
#6314 = DIRECTION('',(0.,0.,1.));
#6315 = ORIENTED_EDGE('',*,*,#6316,.T.);
#6316 = EDGE_CURVE('',#6309,#6124,#6317,.T.);
#6317 = LINE('',#6318,#6319);
#6318 = CARTESIAN_POINT('',(-0.286363636364,-6.415909090909,
    3.286363636364));
#6319 = VECTOR('',#6320,1.);
#6320 = DIRECTION('',(-0.301511344578,0.904534033733,0.301511344578));
#6321 = ORIENTED_EDGE('',*,*,#6123,.F.);
#6322 = ORIENTED_EDGE('',*,*,#6323,.F.);
#6323 = EDGE_CURVE('',#6307,#6116,#6324,.T.);
#6324 = LINE('',#6325,#6326);
#6325 = CARTESIAN_POINT('',(-0.325,-6.3,2.675));
#6326 = VECTOR('',#6327,1.);
#6327 = DIRECTION('',(-0.301511344578,0.904534033733,-0.301511344578));
#6328 = PLANE('',#6329);
#6329 = AXIS2_PLACEMENT_3D('',#6330,#6331,#6332);
#6330 = CARTESIAN_POINT('',(-0.325,-6.3,2.575));
#6331 = DIRECTION('',(-0.948683298051,-0.316227766017,3.476378920805E-18
    ));
#6332 = DIRECTION('',(3.297982619863E-18,1.099327539955E-18,1.));
#6333 = ADVANCED_FACE('',(#6334),#6352,.T.);
#6334 = FACE_BOUND('',#6335,.T.);
#6335 = EDGE_LOOP('',(#6336,#6337,#6345,#6351));
#6336 = ORIENTED_EDGE('',*,*,#6316,.F.);
#6337 = ORIENTED_EDGE('',*,*,#6338,.T.);
#6338 = EDGE_CURVE('',#6309,#6339,#6341,.T.);
#6339 = VERTEX_POINT('',#6340);
#6340 = CARTESIAN_POINT('',(0.225,-6.6,3.225));
#6341 = LINE('',#6342,#6343);
#6342 = CARTESIAN_POINT('',(-0.225,-6.6,3.225));
#6343 = VECTOR('',#6344,1.);
#6344 = DIRECTION('',(1.,0.,0.));
#6345 = ORIENTED_EDGE('',*,*,#6346,.T.);
#6346 = EDGE_CURVE('',#6339,#6147,#6347,.T.);
#6347 = LINE('',#6348,#6349);
#6348 = CARTESIAN_POINT('',(0.265909090909,-6.477272727273,
    3.265909090909));
#6349 = VECTOR('',#6350,1.);
#6350 = DIRECTION('',(0.301511344578,0.904534033733,0.301511344578));
#6351 = ORIENTED_EDGE('',*,*,#6146,.F.);
#6352 = PLANE('',#6353);
#6353 = AXIS2_PLACEMENT_3D('',#6354,#6355,#6356);
#6354 = CARTESIAN_POINT('',(-0.225,-6.3,3.325));
#6355 = DIRECTION('',(0.,-0.316227766017,0.948683298051));
#6356 = DIRECTION('',(1.,0.,0.));
#6357 = ADVANCED_FACE('',(#6358),#6376,.F.);
#6358 = FACE_BOUND('',#6359,.F.);
#6359 = EDGE_LOOP('',(#6360,#6368,#6369,#6370));
#6360 = ORIENTED_EDGE('',*,*,#6361,.T.);
#6361 = EDGE_CURVE('',#6362,#6339,#6364,.T.);
#6362 = VERTEX_POINT('',#6363);
#6363 = CARTESIAN_POINT('',(0.225,-6.6,2.775));
#6364 = LINE('',#6365,#6366);
#6365 = CARTESIAN_POINT('',(0.225,-6.6,2.575));
#6366 = VECTOR('',#6367,1.);
#6367 = DIRECTION('',(0.,0.,1.));
#6368 = ORIENTED_EDGE('',*,*,#6346,.T.);
#6369 = ORIENTED_EDGE('',*,*,#6178,.F.);
#6370 = ORIENTED_EDGE('',*,*,#6371,.F.);
#6371 = EDGE_CURVE('',#6362,#6171,#6372,.T.);
#6372 = LINE('',#6373,#6374);
#6373 = CARTESIAN_POINT('',(0.304545454545,-6.361363636364,
    2.695454545455));
#6374 = VECTOR('',#6375,1.);
#6375 = DIRECTION('',(0.301511344578,0.904534033733,-0.301511344578));
#6376 = PLANE('',#6377);
#6377 = AXIS2_PLACEMENT_3D('',#6378,#6379,#6380);
#6378 = CARTESIAN_POINT('',(0.325,-6.3,2.575));
#6379 = DIRECTION('',(-0.948683298051,0.316227766017,-3.476378920805E-18
    ));
#6380 = DIRECTION('',(-3.297982619863E-18,1.099327539955E-18,1.));
#6381 = ADVANCED_FACE('',(#6382),#6393,.T.);
#6382 = FACE_BOUND('',#6383,.F.);
#6383 = EDGE_LOOP('',(#6384,#6385,#6391,#6392));
#6384 = ORIENTED_EDGE('',*,*,#6323,.F.);
#6385 = ORIENTED_EDGE('',*,*,#6386,.T.);
#6386 = EDGE_CURVE('',#6307,#6362,#6387,.T.);
#6387 = LINE('',#6388,#6389);
#6388 = CARTESIAN_POINT('',(-0.225,-6.6,2.775));
#6389 = VECTOR('',#6390,1.);
#6390 = DIRECTION('',(1.,0.,0.));
#6391 = ORIENTED_EDGE('',*,*,#6371,.T.);
#6392 = ORIENTED_EDGE('',*,*,#6193,.F.);
#6393 = PLANE('',#6394);
#6394 = AXIS2_PLACEMENT_3D('',#6395,#6396,#6397);
#6395 = CARTESIAN_POINT('',(-0.225,-6.3,2.675));
#6396 = DIRECTION('',(0.,-0.316227766017,-0.948683298051));
#6397 = DIRECTION('',(-1.,-0.,0.));
#6398 = ADVANCED_FACE('',(#6399),#6405,.T.);
#6399 = FACE_BOUND('',#6400,.T.);
#6400 = EDGE_LOOP('',(#6401,#6402,#6403,#6404));
#6401 = ORIENTED_EDGE('',*,*,#6241,.F.);
#6402 = ORIENTED_EDGE('',*,*,#6218,.T.);
#6403 = ORIENTED_EDGE('',*,*,#6289,.T.);
#6404 = ORIENTED_EDGE('',*,*,#6266,.F.);
#6405 = PLANE('',#6406);
#6406 = AXIS2_PLACEMENT_3D('',#6407,#6408,#6409);
#6407 = CARTESIAN_POINT('',(3.075,-6.6,2.575));
#6408 = DIRECTION('',(0.,-1.,0.));
#6409 = DIRECTION('',(0.,0.,1.));
#6410 = ADVANCED_FACE('',(#6411),#6417,.T.);
#6411 = FACE_BOUND('',#6412,.T.);
#6412 = EDGE_LOOP('',(#6413,#6414,#6415,#6416));
#6413 = ORIENTED_EDGE('',*,*,#6306,.F.);
#6414 = ORIENTED_EDGE('',*,*,#6386,.T.);
#6415 = ORIENTED_EDGE('',*,*,#6361,.T.);
#6416 = ORIENTED_EDGE('',*,*,#6338,.F.);
#6417 = PLANE('',#6418);
#6418 = AXIS2_PLACEMENT_3D('',#6419,#6420,#6421);
#6419 = CARTESIAN_POINT('',(-0.425,-6.6,2.575));
#6420 = DIRECTION('',(0.,-1.,0.));
#6421 = DIRECTION('',(0.,0.,1.));
#6422 = ( GEOMETRIC_REPRESENTATION_CONTEXT(3) 
GLOBAL_UNCERTAINTY_ASSIGNED_CONTEXT((#6426)) 
GLOBAL_UNIT_ASSIGNED_CONTEXT((#6423,#6424,#6425)) REPRESENTATION_CONTEXT
('Context #1','3D Context with UNIT and UNCERTAINTY') );
#6423 = ( LENGTH_UNIT() NAMED_UNIT(*) SI_UNIT(.MILLI.,.METRE.) );
#6424 = ( NAMED_UNIT(*) PLANE_ANGLE_UNIT() SI_UNIT($,.RADIAN.) );
#6425 = ( NAMED_UNIT(*) SI_UNIT($,.STERADIAN.) SOLID_ANGLE_UNIT() );
#6426 = UNCERTAINTY_MEASURE_WITH_UNIT(LENGTH_MEASURE(1.E-07),#6423,
  'distance_accuracy_value','confusion accuracy');
#6427 = CONTEXT_DEPENDENT_SHAPE_REPRESENTATION(#6428,#6430);
#6428 = ( REPRESENTATION_RELATIONSHIP('','',#4239,#4216) 
REPRESENTATION_RELATIONSHIP_WITH_TRANSFORMATION(#6429) 
SHAPE_REPRESENTATION_RELATIONSHIP() );
#6429 = ITEM_DEFINED_TRANSFORMATION('','',#11,#4217);
#6430 = PRODUCT_DEFINITION_SHAPE('Placement','Placement of an item',
  #6431);
#6431 = NEXT_ASSEMBLY_USAGE_OCCURRENCE('7','=>[0:1:1:7]','',#4211,#4234,
  $);
#6432 = PRODUCT_RELATED_PRODUCT_CATEGORY('part',$,(#4236));
#6433 = CONTEXT_DEPENDENT_SHAPE_REPRESENTATION(#6434,#6436);
#6434 = ( REPRESENTATION_RELATIONSHIP('','',#3310,#10) 
REPRESENTATION_RELATIONSHIP_WITH_TRANSFORMATION(#6435) 
SHAPE_REPRESENTATION_RELATIONSHIP() );
#6435 = ITEM_DEFINED_TRANSFORMATION('','',#11,#35);
#6436 = PRODUCT_DEFINITION_SHAPE('Placement','Placement of an item',
  #6437);
#6437 = NEXT_ASSEMBLY_USAGE_OCCURRENCE('9','C4','',#5,#3305,$);
#6438 = CONTEXT_DEPENDENT_SHAPE_REPRESENTATION(#6439,#6441);
#6439 = ( REPRESENTATION_RELATIONSHIP('','',#3310,#10) 
REPRESENTATION_RELATIONSHIP_WITH_TRANSFORMATION(#6440) 
SHAPE_REPRESENTATION_RELATIONSHIP() );
#6440 = ITEM_DEFINED_TRANSFORMATION('','',#11,#39);
#6441 = PRODUCT_DEFINITION_SHAPE('Placement','Placement of an item',
  #6442);
#6442 = NEXT_ASSEMBLY_USAGE_OCCURRENCE('10','C2','',#5,#3305,$);
#6443 = SHAPE_DEFINITION_REPRESENTATION(#6444,#6450);
#6444 = PRODUCT_DEFINITION_SHAPE('','',#6445);
#6445 = PRODUCT_DEFINITION('design','',#6446,#6449);
#6446 = PRODUCT_DEFINITION_FORMATION('','',#6447);
#6447 = PRODUCT('R_0805_2012Metric','R_0805_2012Metric','',(#6448));
#6448 = PRODUCT_CONTEXT('',#2,'mechanical');
#6449 = PRODUCT_DEFINITION_CONTEXT('part definition',#2,'design');
#6450 = SHAPE_REPRESENTATION('',(#11,#6451),#6455);
#6451 = AXIS2_PLACEMENT_3D('',#6452,#6453,#6454);
#6452 = CARTESIAN_POINT('',(0.,0.,0.));
#6453 = DIRECTION('',(0.,0.,1.));
#6454 = DIRECTION('',(1.,0.,-0.));
#6455 = ( GEOMETRIC_REPRESENTATION_CONTEXT(3) 
GLOBAL_UNCERTAINTY_ASSIGNED_CONTEXT((#6459)) 
GLOBAL_UNIT_ASSIGNED_CONTEXT((#6456,#6457,#6458)) REPRESENTATION_CONTEXT
('Context #1','3D Context with UNIT and UNCERTAINTY') );
#6456 = ( LENGTH_UNIT() NAMED_UNIT(*) SI_UNIT(.MILLI.,.METRE.) );
#6457 = ( NAMED_UNIT(*) PLANE_ANGLE_UNIT() SI_UNIT($,.RADIAN.) );
#6458 = ( NAMED_UNIT(*) SI_UNIT($,.STERADIAN.) SOLID_ANGLE_UNIT() );
#6459 = UNCERTAINTY_MEASURE_WITH_UNIT(LENGTH_MEASURE(1.E-07),#6456,
  'distance_accuracy_value','confusion accuracy');
#6460 = CONTEXT_DEPENDENT_SHAPE_REPRESENTATION(#6461,#6463);
#6461 = ( REPRESENTATION_RELATIONSHIP('','',#6450,#10) 
REPRESENTATION_RELATIONSHIP_WITH_TRANSFORMATION(#6462) 
SHAPE_REPRESENTATION_RELATIONSHIP() );
#6462 = ITEM_DEFINED_TRANSFORMATION('','',#11,#43);
#6463 = PRODUCT_DEFINITION_SHAPE('Placement','Placement of an item',
  #6464);
#6464 = NEXT_ASSEMBLY_USAGE_OCCURRENCE('12','R5','',#5,#6445,$);
#6465 = PRODUCT_RELATED_PRODUCT_CATEGORY('part',$,(#6447));
#6466 = SHAPE_DEFINITION_REPRESENTATION(#6467,#6473);
#6467 = PRODUCT_DEFINITION_SHAPE('','',#6468);
#6468 = PRODUCT_DEFINITION('design','',#6469,#6472);
#6469 = PRODUCT_DEFINITION_FORMATION('','',#6470);
#6470 = PRODUCT('R_0805_2012Metric','R_0805_2012Metric','',(#6471));
#6471 = PRODUCT_CONTEXT('',#2,'mechanical');
#6472 = PRODUCT_DEFINITION_CONTEXT('part definition',#2,'design');
#6473 = ADVANCED_BREP_SHAPE_REPRESENTATION('',(#11,#6474),#7264);
#6474 = MANIFOLD_SOLID_BREP('',#6475);
#6475 = CLOSED_SHELL('',(#6476,#6516,#6599,#6624,#6649,#6716,#6733,#6750
    ,#6799,#6816,#6833,#6882,#6899,#6968,#6999,#7023,#7092,#7116,#7133,
    #7150,#7167,#7184,#7201,#7218,#7235,#7252));
#6476 = ADVANCED_FACE('',(#6477),#6511,.F.);
#6477 = FACE_BOUND('',#6478,.F.);
#6478 = EDGE_LOOP('',(#6479,#6489,#6497,#6505));
#6479 = ORIENTED_EDGE('',*,*,#6480,.F.);
#6480 = EDGE_CURVE('',#6481,#6483,#6485,.T.);
#6481 = VERTEX_POINT('',#6482);
#6482 = CARTESIAN_POINT('',(-1.,-0.6,4.5E-02));
#6483 = VERTEX_POINT('',#6484);
#6484 = CARTESIAN_POINT('',(-1.,-0.6,0.405));
#6485 = LINE('',#6486,#6487);
#6486 = CARTESIAN_POINT('',(-1.,-0.6,0.));
#6487 = VECTOR('',#6488,1.);
#6488 = DIRECTION('',(0.,0.,1.));
#6489 = ORIENTED_EDGE('',*,*,#6490,.T.);
#6490 = EDGE_CURVE('',#6481,#6491,#6493,.T.);
#6491 = VERTEX_POINT('',#6492);
#6492 = CARTESIAN_POINT('',(-1.,0.6,4.5E-02));
#6493 = LINE('',#6494,#6495);
#6494 = CARTESIAN_POINT('',(-1.,-0.6,4.5E-02));
#6495 = VECTOR('',#6496,1.);
#6496 = DIRECTION('',(0.,1.,0.));
#6497 = ORIENTED_EDGE('',*,*,#6498,.T.);
#6498 = EDGE_CURVE('',#6491,#6499,#6501,.T.);
#6499 = VERTEX_POINT('',#6500);
#6500 = CARTESIAN_POINT('',(-1.,0.6,0.405));
#6501 = LINE('',#6502,#6503);
#6502 = CARTESIAN_POINT('',(-1.,0.6,0.));
#6503 = VECTOR('',#6504,1.);
#6504 = DIRECTION('',(0.,0.,1.));
#6505 = ORIENTED_EDGE('',*,*,#6506,.F.);
#6506 = EDGE_CURVE('',#6483,#6499,#6507,.T.);
#6507 = LINE('',#6508,#6509);
#6508 = CARTESIAN_POINT('',(-1.,-0.6,0.405));
#6509 = VECTOR('',#6510,1.);
#6510 = DIRECTION('',(0.,1.,0.));
#6511 = PLANE('',#6512);
#6512 = AXIS2_PLACEMENT_3D('',#6513,#6514,#6515);
#6513 = CARTESIAN_POINT('',(-1.,-0.6,0.));
#6514 = DIRECTION('',(1.,0.,0.));
#6515 = DIRECTION('',(0.,0.,1.));
#6516 = ADVANCED_FACE('',(#6517),#6594,.F.);
#6517 = FACE_BOUND('',#6518,.F.);
#6518 = EDGE_LOOP('',(#6519,#6529,#6536,#6537,#6546,#6554,#6563,#6571,
    #6579,#6587));
#6519 = ORIENTED_EDGE('',*,*,#6520,.F.);
#6520 = EDGE_CURVE('',#6521,#6523,#6525,.T.);
#6521 = VERTEX_POINT('',#6522);
#6522 = CARTESIAN_POINT('',(-0.955,-0.6,-2.775557561563E-17));
#6523 = VERTEX_POINT('',#6524);
#6524 = CARTESIAN_POINT('',(-0.745,-0.6,-2.775557561563E-17));
#6525 = LINE('',#6526,#6527);
#6526 = CARTESIAN_POINT('',(-1.,-0.6,0.));
#6527 = VECTOR('',#6528,1.);
#6528 = DIRECTION('',(1.,0.,0.));
#6529 = ORIENTED_EDGE('',*,*,#6530,.F.);
#6530 = EDGE_CURVE('',#6481,#6521,#6531,.T.);
#6531 = CIRCLE('',#6532,4.5E-02);
#6532 = AXIS2_PLACEMENT_3D('',#6533,#6534,#6535);
#6533 = CARTESIAN_POINT('',(-0.955,-0.6,4.5E-02));
#6534 = DIRECTION('',(0.,-1.,0.));
#6535 = DIRECTION('',(0.,0.,1.));
#6536 = ORIENTED_EDGE('',*,*,#6480,.T.);
#6537 = ORIENTED_EDGE('',*,*,#6538,.T.);
#6538 = EDGE_CURVE('',#6483,#6539,#6541,.T.);
#6539 = VERTEX_POINT('',#6540);
#6540 = CARTESIAN_POINT('',(-0.955,-0.6,0.45));
#6541 = CIRCLE('',#6542,4.5E-02);
#6542 = AXIS2_PLACEMENT_3D('',#6543,#6544,#6545);
#6543 = CARTESIAN_POINT('',(-0.955,-0.6,0.405));
#6544 = DIRECTION('',(0.,1.,0.));
#6545 = DIRECTION('',(0.,-0.,1.));
#6546 = ORIENTED_EDGE('',*,*,#6547,.T.);
#6547 = EDGE_CURVE('',#6539,#6548,#6550,.T.);
#6548 = VERTEX_POINT('',#6549);
#6549 = CARTESIAN_POINT('',(-0.745,-0.6,0.45));
#6550 = LINE('',#6551,#6552);
#6551 = CARTESIAN_POINT('',(-1.,-0.6,0.45));
#6552 = VECTOR('',#6553,1.);
#6553 = DIRECTION('',(1.,0.,0.));
#6554 = ORIENTED_EDGE('',*,*,#6555,.F.);
#6555 = EDGE_CURVE('',#6556,#6548,#6558,.T.);
#6556 = VERTEX_POINT('',#6557);
#6557 = CARTESIAN_POINT('',(-0.7,-0.6,0.405));
#6558 = CIRCLE('',#6559,4.5E-02);
#6559 = AXIS2_PLACEMENT_3D('',#6560,#6561,#6562);
#6560 = CARTESIAN_POINT('',(-0.745,-0.6,0.405));
#6561 = DIRECTION('',(0.,-1.,0.));
#6562 = DIRECTION('',(0.,0.,1.));
#6563 = ORIENTED_EDGE('',*,*,#6564,.F.);
#6564 = EDGE_CURVE('',#6565,#6556,#6567,.T.);
#6565 = VERTEX_POINT('',#6566);
#6566 = CARTESIAN_POINT('',(-0.955,-0.6,0.405));
#6567 = LINE('',#6568,#6569);
#6568 = CARTESIAN_POINT('',(-0.955,-0.6,0.405));
#6569 = VECTOR('',#6570,1.);
#6570 = DIRECTION('',(1.,0.,0.));
#6571 = ORIENTED_EDGE('',*,*,#6572,.F.);
#6572 = EDGE_CURVE('',#6573,#6565,#6575,.T.);
#6573 = VERTEX_POINT('',#6574);
#6574 = CARTESIAN_POINT('',(-0.955,-0.6,4.5E-02));
#6575 = LINE('',#6576,#6577);
#6576 = CARTESIAN_POINT('',(-0.955,-0.6,4.5E-02));
#6577 = VECTOR('',#6578,1.);
#6578 = DIRECTION('',(0.,0.,1.));
#6579 = ORIENTED_EDGE('',*,*,#6580,.T.);
#6580 = EDGE_CURVE('',#6573,#6581,#6583,.T.);
#6581 = VERTEX_POINT('',#6582);
#6582 = CARTESIAN_POINT('',(-0.7,-0.6,4.5E-02));
#6583 = LINE('',#6584,#6585);
#6584 = CARTESIAN_POINT('',(-0.955,-0.6,4.5E-02));
#6585 = VECTOR('',#6586,1.);
#6586 = DIRECTION('',(1.,0.,0.));
#6587 = ORIENTED_EDGE('',*,*,#6588,.T.);
#6588 = EDGE_CURVE('',#6581,#6523,#6589,.T.);
#6589 = CIRCLE('',#6590,4.5E-02);
#6590 = AXIS2_PLACEMENT_3D('',#6591,#6592,#6593);
#6591 = CARTESIAN_POINT('',(-0.745,-0.6,4.5E-02));
#6592 = DIRECTION('',(0.,1.,0.));
#6593 = DIRECTION('',(0.,-0.,1.));
#6594 = PLANE('',#6595);
#6595 = AXIS2_PLACEMENT_3D('',#6596,#6597,#6598);
#6596 = CARTESIAN_POINT('',(-1.,-0.6,0.));
#6597 = DIRECTION('',(0.,1.,0.));
#6598 = DIRECTION('',(0.,-0.,1.));
#6599 = ADVANCED_FACE('',(#6600),#6619,.T.);
#6600 = FACE_BOUND('',#6601,.T.);
#6601 = EDGE_LOOP('',(#6602,#6603,#6612,#6618));
#6602 = ORIENTED_EDGE('',*,*,#6490,.T.);
#6603 = ORIENTED_EDGE('',*,*,#6604,.T.);
#6604 = EDGE_CURVE('',#6491,#6605,#6607,.T.);
#6605 = VERTEX_POINT('',#6606);
#6606 = CARTESIAN_POINT('',(-0.955,0.6,-2.775557561563E-17));
#6607 = CIRCLE('',#6608,4.5E-02);
#6608 = AXIS2_PLACEMENT_3D('',#6609,#6610,#6611);
#6609 = CARTESIAN_POINT('',(-0.955,0.6,4.5E-02));
#6610 = DIRECTION('',(0.,-1.,0.));
#6611 = DIRECTION('',(0.,0.,1.));
#6612 = ORIENTED_EDGE('',*,*,#6613,.F.);
#6613 = EDGE_CURVE('',#6521,#6605,#6614,.T.);
#6614 = LINE('',#6615,#6616);
#6615 = CARTESIAN_POINT('',(-0.955,-0.6,-2.775557561563E-17));
#6616 = VECTOR('',#6617,1.);
#6617 = DIRECTION('',(0.,1.,0.));
#6618 = ORIENTED_EDGE('',*,*,#6530,.F.);
#6619 = CYLINDRICAL_SURFACE('',#6620,4.5E-02);
#6620 = AXIS2_PLACEMENT_3D('',#6621,#6622,#6623);
#6621 = CARTESIAN_POINT('',(-0.955,-0.6,4.5E-02));
#6622 = DIRECTION('',(0.,1.,0.));
#6623 = DIRECTION('',(-1.,0.,0.));
#6624 = ADVANCED_FACE('',(#6625),#6644,.T.);
#6625 = FACE_BOUND('',#6626,.T.);
#6626 = EDGE_LOOP('',(#6627,#6628,#6636,#6643));
#6627 = ORIENTED_EDGE('',*,*,#6538,.T.);
#6628 = ORIENTED_EDGE('',*,*,#6629,.T.);
#6629 = EDGE_CURVE('',#6539,#6630,#6632,.T.);
#6630 = VERTEX_POINT('',#6631);
#6631 = CARTESIAN_POINT('',(-0.955,0.6,0.45));
#6632 = LINE('',#6633,#6634);
#6633 = CARTESIAN_POINT('',(-0.955,-0.6,0.45));
#6634 = VECTOR('',#6635,1.);
#6635 = DIRECTION('',(0.,1.,0.));
#6636 = ORIENTED_EDGE('',*,*,#6637,.F.);
#6637 = EDGE_CURVE('',#6499,#6630,#6638,.T.);
#6638 = CIRCLE('',#6639,4.5E-02);
#6639 = AXIS2_PLACEMENT_3D('',#6640,#6641,#6642);
#6640 = CARTESIAN_POINT('',(-0.955,0.6,0.405));
#6641 = DIRECTION('',(0.,1.,0.));
#6642 = DIRECTION('',(0.,-0.,1.));
#6643 = ORIENTED_EDGE('',*,*,#6506,.F.);
#6644 = CYLINDRICAL_SURFACE('',#6645,4.5E-02);
#6645 = AXIS2_PLACEMENT_3D('',#6646,#6647,#6648);
#6646 = CARTESIAN_POINT('',(-0.955,-0.6,0.405));
#6647 = DIRECTION('',(0.,1.,0.));
#6648 = DIRECTION('',(-1.,0.,0.));
#6649 = ADVANCED_FACE('',(#6650),#6711,.T.);
#6650 = FACE_BOUND('',#6651,.T.);
#6651 = EDGE_LOOP('',(#6652,#6660,#6661,#6662,#6663,#6671,#6680,#6688,
    #6696,#6704));
#6652 = ORIENTED_EDGE('',*,*,#6653,.F.);
#6653 = EDGE_CURVE('',#6605,#6654,#6656,.T.);
#6654 = VERTEX_POINT('',#6655);
#6655 = CARTESIAN_POINT('',(-0.745,0.6,-2.775557561563E-17));
#6656 = LINE('',#6657,#6658);
#6657 = CARTESIAN_POINT('',(-1.,0.6,0.));
#6658 = VECTOR('',#6659,1.);
#6659 = DIRECTION('',(1.,0.,0.));
#6660 = ORIENTED_EDGE('',*,*,#6604,.F.);
#6661 = ORIENTED_EDGE('',*,*,#6498,.T.);
#6662 = ORIENTED_EDGE('',*,*,#6637,.T.);
#6663 = ORIENTED_EDGE('',*,*,#6664,.T.);
#6664 = EDGE_CURVE('',#6630,#6665,#6667,.T.);
#6665 = VERTEX_POINT('',#6666);
#6666 = CARTESIAN_POINT('',(-0.745,0.6,0.45));
#6667 = LINE('',#6668,#6669);
#6668 = CARTESIAN_POINT('',(-1.,0.6,0.45));
#6669 = VECTOR('',#6670,1.);
#6670 = DIRECTION('',(1.,0.,0.));
#6671 = ORIENTED_EDGE('',*,*,#6672,.F.);
#6672 = EDGE_CURVE('',#6673,#6665,#6675,.T.);
#6673 = VERTEX_POINT('',#6674);
#6674 = CARTESIAN_POINT('',(-0.7,0.6,0.405));
#6675 = CIRCLE('',#6676,4.5E-02);
#6676 = AXIS2_PLACEMENT_3D('',#6677,#6678,#6679);
#6677 = CARTESIAN_POINT('',(-0.745,0.6,0.405));
#6678 = DIRECTION('',(0.,-1.,0.));
#6679 = DIRECTION('',(0.,0.,1.));
#6680 = ORIENTED_EDGE('',*,*,#6681,.F.);
#6681 = EDGE_CURVE('',#6682,#6673,#6684,.T.);
#6682 = VERTEX_POINT('',#6683);
#6683 = CARTESIAN_POINT('',(-0.955,0.6,0.405));
#6684 = LINE('',#6685,#6686);
#6685 = CARTESIAN_POINT('',(-0.955,0.6,0.405));
#6686 = VECTOR('',#6687,1.);
#6687 = DIRECTION('',(1.,0.,0.));
#6688 = ORIENTED_EDGE('',*,*,#6689,.F.);
#6689 = EDGE_CURVE('',#6690,#6682,#6692,.T.);
#6690 = VERTEX_POINT('',#6691);
#6691 = CARTESIAN_POINT('',(-0.955,0.6,4.5E-02));
#6692 = LINE('',#6693,#6694);
#6693 = CARTESIAN_POINT('',(-0.955,0.6,4.5E-02));
#6694 = VECTOR('',#6695,1.);
#6695 = DIRECTION('',(0.,0.,1.));
#6696 = ORIENTED_EDGE('',*,*,#6697,.T.);
#6697 = EDGE_CURVE('',#6690,#6698,#6700,.T.);
#6698 = VERTEX_POINT('',#6699);
#6699 = CARTESIAN_POINT('',(-0.7,0.6,4.5E-02));
#6700 = LINE('',#6701,#6702);
#6701 = CARTESIAN_POINT('',(-0.955,0.6,4.5E-02));
#6702 = VECTOR('',#6703,1.);
#6703 = DIRECTION('',(1.,0.,0.));
#6704 = ORIENTED_EDGE('',*,*,#6705,.T.);
#6705 = EDGE_CURVE('',#6698,#6654,#6706,.T.);
#6706 = CIRCLE('',#6707,4.5E-02);
#6707 = AXIS2_PLACEMENT_3D('',#6708,#6709,#6710);
#6708 = CARTESIAN_POINT('',(-0.745,0.6,4.5E-02));
#6709 = DIRECTION('',(0.,1.,0.));
#6710 = DIRECTION('',(0.,-0.,1.));
#6711 = PLANE('',#6712);
#6712 = AXIS2_PLACEMENT_3D('',#6713,#6714,#6715);
#6713 = CARTESIAN_POINT('',(-1.,0.6,0.));
#6714 = DIRECTION('',(0.,1.,0.));
#6715 = DIRECTION('',(0.,-0.,1.));
#6716 = ADVANCED_FACE('',(#6717),#6728,.F.);
#6717 = FACE_BOUND('',#6718,.F.);
#6718 = EDGE_LOOP('',(#6719,#6720,#6721,#6722));
#6719 = ORIENTED_EDGE('',*,*,#6653,.F.);
#6720 = ORIENTED_EDGE('',*,*,#6613,.F.);
#6721 = ORIENTED_EDGE('',*,*,#6520,.T.);
#6722 = ORIENTED_EDGE('',*,*,#6723,.T.);
#6723 = EDGE_CURVE('',#6523,#6654,#6724,.T.);
#6724 = LINE('',#6725,#6726);
#6725 = CARTESIAN_POINT('',(-0.745,-0.6,-2.775557561563E-17));
#6726 = VECTOR('',#6727,1.);
#6727 = DIRECTION('',(0.,1.,0.));
#6728 = PLANE('',#6729);
#6729 = AXIS2_PLACEMENT_3D('',#6730,#6731,#6732);
#6730 = CARTESIAN_POINT('',(-1.,-0.6,0.));
#6731 = DIRECTION('',(0.,0.,1.));
#6732 = DIRECTION('',(1.,0.,-0.));
#6733 = ADVANCED_FACE('',(#6734),#6745,.T.);
#6734 = FACE_BOUND('',#6735,.T.);
#6735 = EDGE_LOOP('',(#6736,#6737,#6738,#6739));
#6736 = ORIENTED_EDGE('',*,*,#6588,.T.);
#6737 = ORIENTED_EDGE('',*,*,#6723,.T.);
#6738 = ORIENTED_EDGE('',*,*,#6705,.F.);
#6739 = ORIENTED_EDGE('',*,*,#6740,.F.);
#6740 = EDGE_CURVE('',#6581,#6698,#6741,.T.);
#6741 = LINE('',#6742,#6743);
#6742 = CARTESIAN_POINT('',(-0.7,-0.6,4.5E-02));
#6743 = VECTOR('',#6744,1.);
#6744 = DIRECTION('',(0.,1.,0.));
#6745 = CYLINDRICAL_SURFACE('',#6746,4.5E-02);
#6746 = AXIS2_PLACEMENT_3D('',#6747,#6748,#6749);
#6747 = CARTESIAN_POINT('',(-0.745,-0.6,4.5E-02));
#6748 = DIRECTION('',(0.,1.,0.));
#6749 = DIRECTION('',(1.,0.,0.));
#6750 = ADVANCED_FACE('',(#6751),#6794,.F.);
#6751 = FACE_BOUND('',#6752,.F.);
#6752 = EDGE_LOOP('',(#6753,#6754,#6755,#6756,#6764,#6772,#6780,#6788));
#6753 = ORIENTED_EDGE('',*,*,#6580,.F.);
#6754 = ORIENTED_EDGE('',*,*,#6572,.T.);
#6755 = ORIENTED_EDGE('',*,*,#6564,.T.);
#6756 = ORIENTED_EDGE('',*,*,#6757,.T.);
#6757 = EDGE_CURVE('',#6556,#6758,#6760,.T.);
#6758 = VERTEX_POINT('',#6759);
#6759 = CARTESIAN_POINT('',(0.7,-0.6,0.405));
#6760 = LINE('',#6761,#6762);
#6761 = CARTESIAN_POINT('',(-0.7,-0.6,0.405));
#6762 = VECTOR('',#6763,1.);
#6763 = DIRECTION('',(1.,0.,0.));
#6764 = ORIENTED_EDGE('',*,*,#6765,.T.);
#6765 = EDGE_CURVE('',#6758,#6766,#6768,.T.);
#6766 = VERTEX_POINT('',#6767);
#6767 = CARTESIAN_POINT('',(0.955,-0.6,0.405));
#6768 = LINE('',#6769,#6770);
#6769 = CARTESIAN_POINT('',(-0.955,-0.6,0.405));
#6770 = VECTOR('',#6771,1.);
#6771 = DIRECTION('',(1.,0.,0.));
#6772 = ORIENTED_EDGE('',*,*,#6773,.F.);
#6773 = EDGE_CURVE('',#6774,#6766,#6776,.T.);
#6774 = VERTEX_POINT('',#6775);
#6775 = CARTESIAN_POINT('',(0.955,-0.6,4.5E-02));
#6776 = LINE('',#6777,#6778);
#6777 = CARTESIAN_POINT('',(0.955,-0.6,4.5E-02));
#6778 = VECTOR('',#6779,1.);
#6779 = DIRECTION('',(0.,0.,1.));
#6780 = ORIENTED_EDGE('',*,*,#6781,.F.);
#6781 = EDGE_CURVE('',#6782,#6774,#6784,.T.);
#6782 = VERTEX_POINT('',#6783);
#6783 = CARTESIAN_POINT('',(0.7,-0.6,4.5E-02));
#6784 = LINE('',#6785,#6786);
#6785 = CARTESIAN_POINT('',(-0.955,-0.6,4.5E-02));
#6786 = VECTOR('',#6787,1.);
#6787 = DIRECTION('',(1.,0.,0.));
#6788 = ORIENTED_EDGE('',*,*,#6789,.F.);
#6789 = EDGE_CURVE('',#6581,#6782,#6790,.T.);
#6790 = LINE('',#6791,#6792);
#6791 = CARTESIAN_POINT('',(-0.955,-0.6,4.5E-02));
#6792 = VECTOR('',#6793,1.);
#6793 = DIRECTION('',(1.,0.,0.));
#6794 = PLANE('',#6795);
#6795 = AXIS2_PLACEMENT_3D('',#6796,#6797,#6798);
#6796 = CARTESIAN_POINT('',(-0.955,-0.6,4.5E-02));
#6797 = DIRECTION('',(0.,1.,0.));
#6798 = DIRECTION('',(0.,-0.,1.));
#6799 = ADVANCED_FACE('',(#6800),#6811,.T.);
#6800 = FACE_BOUND('',#6801,.T.);
#6801 = EDGE_LOOP('',(#6802,#6803,#6804,#6805));
#6802 = ORIENTED_EDGE('',*,*,#6664,.F.);
#6803 = ORIENTED_EDGE('',*,*,#6629,.F.);
#6804 = ORIENTED_EDGE('',*,*,#6547,.T.);
#6805 = ORIENTED_EDGE('',*,*,#6806,.T.);
#6806 = EDGE_CURVE('',#6548,#6665,#6807,.T.);
#6807 = LINE('',#6808,#6809);
#6808 = CARTESIAN_POINT('',(-0.745,-0.6,0.45));
#6809 = VECTOR('',#6810,1.);
#6810 = DIRECTION('',(0.,1.,0.));
#6811 = PLANE('',#6812);
#6812 = AXIS2_PLACEMENT_3D('',#6813,#6814,#6815);
#6813 = CARTESIAN_POINT('',(-1.,-0.6,0.45));
#6814 = DIRECTION('',(0.,0.,1.));
#6815 = DIRECTION('',(1.,0.,-0.));
#6816 = ADVANCED_FACE('',(#6817),#6828,.T.);
#6817 = FACE_BOUND('',#6818,.T.);
#6818 = EDGE_LOOP('',(#6819,#6825,#6826,#6827));
#6819 = ORIENTED_EDGE('',*,*,#6820,.T.);
#6820 = EDGE_CURVE('',#6556,#6673,#6821,.T.);
#6821 = LINE('',#6822,#6823);
#6822 = CARTESIAN_POINT('',(-0.7,-0.6,0.405));
#6823 = VECTOR('',#6824,1.);
#6824 = DIRECTION('',(0.,1.,0.));
#6825 = ORIENTED_EDGE('',*,*,#6672,.T.);
#6826 = ORIENTED_EDGE('',*,*,#6806,.F.);
#6827 = ORIENTED_EDGE('',*,*,#6555,.F.);
#6828 = CYLINDRICAL_SURFACE('',#6829,4.5E-02);
#6829 = AXIS2_PLACEMENT_3D('',#6830,#6831,#6832);
#6830 = CARTESIAN_POINT('',(-0.745,-0.6,0.405));
#6831 = DIRECTION('',(0.,1.,0.));
#6832 = DIRECTION('',(1.,0.,0.));
#6833 = ADVANCED_FACE('',(#6834),#6877,.T.);
#6834 = FACE_BOUND('',#6835,.T.);
#6835 = EDGE_LOOP('',(#6836,#6837,#6838,#6839,#6847,#6855,#6863,#6871));
#6836 = ORIENTED_EDGE('',*,*,#6697,.F.);
#6837 = ORIENTED_EDGE('',*,*,#6689,.T.);
#6838 = ORIENTED_EDGE('',*,*,#6681,.T.);
#6839 = ORIENTED_EDGE('',*,*,#6840,.T.);
#6840 = EDGE_CURVE('',#6673,#6841,#6843,.T.);
#6841 = VERTEX_POINT('',#6842);
#6842 = CARTESIAN_POINT('',(0.7,0.6,0.405));
#6843 = LINE('',#6844,#6845);
#6844 = CARTESIAN_POINT('',(-0.7,0.6,0.405));
#6845 = VECTOR('',#6846,1.);
#6846 = DIRECTION('',(1.,0.,0.));
#6847 = ORIENTED_EDGE('',*,*,#6848,.T.);
#6848 = EDGE_CURVE('',#6841,#6849,#6851,.T.);
#6849 = VERTEX_POINT('',#6850);
#6850 = CARTESIAN_POINT('',(0.955,0.6,0.405));
#6851 = LINE('',#6852,#6853);
#6852 = CARTESIAN_POINT('',(-0.955,0.6,0.405));
#6853 = VECTOR('',#6854,1.);
#6854 = DIRECTION('',(1.,0.,0.));
#6855 = ORIENTED_EDGE('',*,*,#6856,.F.);
#6856 = EDGE_CURVE('',#6857,#6849,#6859,.T.);
#6857 = VERTEX_POINT('',#6858);
#6858 = CARTESIAN_POINT('',(0.955,0.6,4.5E-02));
#6859 = LINE('',#6860,#6861);
#6860 = CARTESIAN_POINT('',(0.955,0.6,4.5E-02));
#6861 = VECTOR('',#6862,1.);
#6862 = DIRECTION('',(0.,0.,1.));
#6863 = ORIENTED_EDGE('',*,*,#6864,.F.);
#6864 = EDGE_CURVE('',#6865,#6857,#6867,.T.);
#6865 = VERTEX_POINT('',#6866);
#6866 = CARTESIAN_POINT('',(0.7,0.6,4.5E-02));
#6867 = LINE('',#6868,#6869);
#6868 = CARTESIAN_POINT('',(-0.955,0.6,4.5E-02));
#6869 = VECTOR('',#6870,1.);
#6870 = DIRECTION('',(1.,0.,0.));
#6871 = ORIENTED_EDGE('',*,*,#6872,.F.);
#6872 = EDGE_CURVE('',#6698,#6865,#6873,.T.);
#6873 = LINE('',#6874,#6875);
#6874 = CARTESIAN_POINT('',(-0.955,0.6,4.5E-02));
#6875 = VECTOR('',#6876,1.);
#6876 = DIRECTION('',(1.,0.,0.));
#6877 = PLANE('',#6878);
#6878 = AXIS2_PLACEMENT_3D('',#6879,#6880,#6881);
#6879 = CARTESIAN_POINT('',(-0.955,0.6,4.5E-02));
#6880 = DIRECTION('',(0.,1.,0.));
#6881 = DIRECTION('',(0.,-0.,1.));
#6882 = ADVANCED_FACE('',(#6883),#6894,.F.);
#6883 = FACE_BOUND('',#6884,.F.);
#6884 = EDGE_LOOP('',(#6885,#6886,#6887,#6893));
#6885 = ORIENTED_EDGE('',*,*,#6740,.F.);
#6886 = ORIENTED_EDGE('',*,*,#6789,.T.);
#6887 = ORIENTED_EDGE('',*,*,#6888,.T.);
#6888 = EDGE_CURVE('',#6782,#6865,#6889,.T.);
#6889 = LINE('',#6890,#6891);
#6890 = CARTESIAN_POINT('',(0.7,-0.6,4.5E-02));
#6891 = VECTOR('',#6892,1.);
#6892 = DIRECTION('',(0.,1.,0.));
#6893 = ORIENTED_EDGE('',*,*,#6872,.F.);
#6894 = PLANE('',#6895);
#6895 = AXIS2_PLACEMENT_3D('',#6896,#6897,#6898);
#6896 = CARTESIAN_POINT('',(-0.955,-0.6,4.5E-02));
#6897 = DIRECTION('',(0.,0.,1.));
#6898 = DIRECTION('',(1.,0.,-0.));
#6899 = ADVANCED_FACE('',(#6900),#6963,.F.);
#6900 = FACE_BOUND('',#6901,.F.);
#6901 = EDGE_LOOP('',(#6902,#6912,#6919,#6920,#6921,#6922,#6931,#6939,
    #6948,#6956));
#6902 = ORIENTED_EDGE('',*,*,#6903,.F.);
#6903 = EDGE_CURVE('',#6904,#6906,#6908,.T.);
#6904 = VERTEX_POINT('',#6905);
#6905 = CARTESIAN_POINT('',(0.745,-0.6,-2.775557561563E-17));
#6906 = VERTEX_POINT('',#6907);
#6907 = CARTESIAN_POINT('',(0.955,-0.6,-2.775557561563E-17));
#6908 = LINE('',#6909,#6910);
#6909 = CARTESIAN_POINT('',(0.7,-0.6,0.));
#6910 = VECTOR('',#6911,1.);
#6911 = DIRECTION('',(1.,0.,0.));
#6912 = ORIENTED_EDGE('',*,*,#6913,.F.);
#6913 = EDGE_CURVE('',#6782,#6904,#6914,.T.);
#6914 = CIRCLE('',#6915,4.5E-02);
#6915 = AXIS2_PLACEMENT_3D('',#6916,#6917,#6918);
#6916 = CARTESIAN_POINT('',(0.745,-0.6,4.5E-02));
#6917 = DIRECTION('',(0.,-1.,0.));
#6918 = DIRECTION('',(0.,0.,1.));
#6919 = ORIENTED_EDGE('',*,*,#6781,.T.);
#6920 = ORIENTED_EDGE('',*,*,#6773,.T.);
#6921 = ORIENTED_EDGE('',*,*,#6765,.F.);
#6922 = ORIENTED_EDGE('',*,*,#6923,.T.);
#6923 = EDGE_CURVE('',#6758,#6924,#6926,.T.);
#6924 = VERTEX_POINT('',#6925);
#6925 = CARTESIAN_POINT('',(0.745,-0.6,0.45));
#6926 = CIRCLE('',#6927,4.5E-02);
#6927 = AXIS2_PLACEMENT_3D('',#6928,#6929,#6930);
#6928 = CARTESIAN_POINT('',(0.745,-0.6,0.405));
#6929 = DIRECTION('',(0.,1.,0.));
#6930 = DIRECTION('',(0.,-0.,1.));
#6931 = ORIENTED_EDGE('',*,*,#6932,.T.);
#6932 = EDGE_CURVE('',#6924,#6933,#6935,.T.);
#6933 = VERTEX_POINT('',#6934);
#6934 = CARTESIAN_POINT('',(0.955,-0.6,0.45));
#6935 = LINE('',#6936,#6937);
#6936 = CARTESIAN_POINT('',(0.7,-0.6,0.45));
#6937 = VECTOR('',#6938,1.);
#6938 = DIRECTION('',(1.,0.,0.));
#6939 = ORIENTED_EDGE('',*,*,#6940,.F.);
#6940 = EDGE_CURVE('',#6941,#6933,#6943,.T.);
#6941 = VERTEX_POINT('',#6942);
#6942 = CARTESIAN_POINT('',(1.,-0.6,0.405));
#6943 = CIRCLE('',#6944,4.5E-02);
#6944 = AXIS2_PLACEMENT_3D('',#6945,#6946,#6947);
#6945 = CARTESIAN_POINT('',(0.955,-0.6,0.405));
#6946 = DIRECTION('',(0.,-1.,0.));
#6947 = DIRECTION('',(0.,0.,1.));
#6948 = ORIENTED_EDGE('',*,*,#6949,.F.);
#6949 = EDGE_CURVE('',#6950,#6941,#6952,.T.);
#6950 = VERTEX_POINT('',#6951);
#6951 = CARTESIAN_POINT('',(1.,-0.6,4.5E-02));
#6952 = LINE('',#6953,#6954);
#6953 = CARTESIAN_POINT('',(1.,-0.6,0.));
#6954 = VECTOR('',#6955,1.);
#6955 = DIRECTION('',(0.,0.,1.));
#6956 = ORIENTED_EDGE('',*,*,#6957,.T.);
#6957 = EDGE_CURVE('',#6950,#6906,#6958,.T.);
#6958 = CIRCLE('',#6959,4.5E-02);
#6959 = AXIS2_PLACEMENT_3D('',#6960,#6961,#6962);
#6960 = CARTESIAN_POINT('',(0.955,-0.6,4.5E-02));
#6961 = DIRECTION('',(0.,1.,0.));
#6962 = DIRECTION('',(0.,-0.,1.));
#6963 = PLANE('',#6964);
#6964 = AXIS2_PLACEMENT_3D('',#6965,#6966,#6967);
#6965 = CARTESIAN_POINT('',(0.7,-0.6,0.));
#6966 = DIRECTION('',(0.,1.,0.));
#6967 = DIRECTION('',(0.,-0.,1.));
#6968 = ADVANCED_FACE('',(#6969),#6994,.F.);
#6969 = FACE_BOUND('',#6970,.F.);
#6970 = EDGE_LOOP('',(#6971,#6972,#6980,#6988));
#6971 = ORIENTED_EDGE('',*,*,#6757,.F.);
#6972 = ORIENTED_EDGE('',*,*,#6973,.T.);
#6973 = EDGE_CURVE('',#6556,#6974,#6976,.T.);
#6974 = VERTEX_POINT('',#6975);
#6975 = CARTESIAN_POINT('',(-0.7,-0.6,0.45));
#6976 = LINE('',#6977,#6978);
#6977 = CARTESIAN_POINT('',(-0.7,-0.6,0.405));
#6978 = VECTOR('',#6979,1.);
#6979 = DIRECTION('',(0.,0.,1.));
#6980 = ORIENTED_EDGE('',*,*,#6981,.T.);
#6981 = EDGE_CURVE('',#6974,#6982,#6984,.T.);
#6982 = VERTEX_POINT('',#6983);
#6983 = CARTESIAN_POINT('',(0.7,-0.6,0.45));
#6984 = LINE('',#6985,#6986);
#6985 = CARTESIAN_POINT('',(-0.7,-0.6,0.45));
#6986 = VECTOR('',#6987,1.);
#6987 = DIRECTION('',(1.,0.,0.));
#6988 = ORIENTED_EDGE('',*,*,#6989,.F.);
#6989 = EDGE_CURVE('',#6758,#6982,#6990,.T.);
#6990 = LINE('',#6991,#6992);
#6991 = CARTESIAN_POINT('',(0.7,-0.6,0.405));
#6992 = VECTOR('',#6993,1.);
#6993 = DIRECTION('',(0.,0.,1.));
#6994 = PLANE('',#6995);
#6995 = AXIS2_PLACEMENT_3D('',#6996,#6997,#6998);
#6996 = CARTESIAN_POINT('',(-0.7,-0.6,0.405));
#6997 = DIRECTION('',(0.,1.,0.));
#6998 = DIRECTION('',(0.,-0.,1.));
#6999 = ADVANCED_FACE('',(#7000),#7018,.F.);
#7000 = FACE_BOUND('',#7001,.F.);
#7001 = EDGE_LOOP('',(#7002,#7003,#7004,#7012));
#7002 = ORIENTED_EDGE('',*,*,#6973,.F.);
#7003 = ORIENTED_EDGE('',*,*,#6820,.T.);
#7004 = ORIENTED_EDGE('',*,*,#7005,.T.);
#7005 = EDGE_CURVE('',#6673,#7006,#7008,.T.);
#7006 = VERTEX_POINT('',#7007);
#7007 = CARTESIAN_POINT('',(-0.7,0.6,0.45));
#7008 = LINE('',#7009,#7010);
#7009 = CARTESIAN_POINT('',(-0.7,0.6,0.405));
#7010 = VECTOR('',#7011,1.);
#7011 = DIRECTION('',(0.,0.,1.));
#7012 = ORIENTED_EDGE('',*,*,#7013,.F.);
#7013 = EDGE_CURVE('',#6974,#7006,#7014,.T.);
#7014 = LINE('',#7015,#7016);
#7015 = CARTESIAN_POINT('',(-0.7,-0.6,0.45));
#7016 = VECTOR('',#7017,1.);
#7017 = DIRECTION('',(0.,1.,0.));
#7018 = PLANE('',#7019);
#7019 = AXIS2_PLACEMENT_3D('',#7020,#7021,#7022);
#7020 = CARTESIAN_POINT('',(-0.7,-0.6,0.405));
#7021 = DIRECTION('',(1.,0.,0.));
#7022 = DIRECTION('',(0.,0.,1.));
#7023 = ADVANCED_FACE('',(#7024),#7087,.T.);
#7024 = FACE_BOUND('',#7025,.T.);
#7025 = EDGE_LOOP('',(#7026,#7036,#7043,#7044,#7045,#7046,#7055,#7063,
    #7072,#7080));
#7026 = ORIENTED_EDGE('',*,*,#7027,.F.);
#7027 = EDGE_CURVE('',#7028,#7030,#7032,.T.);
#7028 = VERTEX_POINT('',#7029);
#7029 = CARTESIAN_POINT('',(0.745,0.6,-2.775557561563E-17));
#7030 = VERTEX_POINT('',#7031);
#7031 = CARTESIAN_POINT('',(0.955,0.6,-2.775557561563E-17));
#7032 = LINE('',#7033,#7034);
#7033 = CARTESIAN_POINT('',(0.7,0.6,0.));
#7034 = VECTOR('',#7035,1.);
#7035 = DIRECTION('',(1.,0.,0.));
#7036 = ORIENTED_EDGE('',*,*,#7037,.F.);
#7037 = EDGE_CURVE('',#6865,#7028,#7038,.T.);
#7038 = CIRCLE('',#7039,4.5E-02);
#7039 = AXIS2_PLACEMENT_3D('',#7040,#7041,#7042);
#7040 = CARTESIAN_POINT('',(0.745,0.6,4.5E-02));
#7041 = DIRECTION('',(0.,-1.,0.));
#7042 = DIRECTION('',(0.,0.,1.));
#7043 = ORIENTED_EDGE('',*,*,#6864,.T.);
#7044 = ORIENTED_EDGE('',*,*,#6856,.T.);
#7045 = ORIENTED_EDGE('',*,*,#6848,.F.);
#7046 = ORIENTED_EDGE('',*,*,#7047,.T.);
#7047 = EDGE_CURVE('',#6841,#7048,#7050,.T.);
#7048 = VERTEX_POINT('',#7049);
#7049 = CARTESIAN_POINT('',(0.745,0.6,0.45));
#7050 = CIRCLE('',#7051,4.5E-02);
#7051 = AXIS2_PLACEMENT_3D('',#7052,#7053,#7054);
#7052 = CARTESIAN_POINT('',(0.745,0.6,0.405));
#7053 = DIRECTION('',(0.,1.,0.));
#7054 = DIRECTION('',(0.,-0.,1.));
#7055 = ORIENTED_EDGE('',*,*,#7056,.T.);
#7056 = EDGE_CURVE('',#7048,#7057,#7059,.T.);
#7057 = VERTEX_POINT('',#7058);
#7058 = CARTESIAN_POINT('',(0.955,0.6,0.45));
#7059 = LINE('',#7060,#7061);
#7060 = CARTESIAN_POINT('',(0.7,0.6,0.45));
#7061 = VECTOR('',#7062,1.);
#7062 = DIRECTION('',(1.,0.,0.));
#7063 = ORIENTED_EDGE('',*,*,#7064,.F.);
#7064 = EDGE_CURVE('',#7065,#7057,#7067,.T.);
#7065 = VERTEX_POINT('',#7066);
#7066 = CARTESIAN_POINT('',(1.,0.6,0.405));
#7067 = CIRCLE('',#7068,4.5E-02);
#7068 = AXIS2_PLACEMENT_3D('',#7069,#7070,#7071);
#7069 = CARTESIAN_POINT('',(0.955,0.6,0.405));
#7070 = DIRECTION('',(0.,-1.,0.));
#7071 = DIRECTION('',(0.,0.,1.));
#7072 = ORIENTED_EDGE('',*,*,#7073,.F.);
#7073 = EDGE_CURVE('',#7074,#7065,#7076,.T.);
#7074 = VERTEX_POINT('',#7075);
#7075 = CARTESIAN_POINT('',(1.,0.6,4.5E-02));
#7076 = LINE('',#7077,#7078);
#7077 = CARTESIAN_POINT('',(1.,0.6,0.));
#7078 = VECTOR('',#7079,1.);
#7079 = DIRECTION('',(0.,0.,1.));
#7080 = ORIENTED_EDGE('',*,*,#7081,.T.);
#7081 = EDGE_CURVE('',#7074,#7030,#7082,.T.);
#7082 = CIRCLE('',#7083,4.5E-02);
#7083 = AXIS2_PLACEMENT_3D('',#7084,#7085,#7086);
#7084 = CARTESIAN_POINT('',(0.955,0.6,4.5E-02));
#7085 = DIRECTION('',(0.,1.,0.));
#7086 = DIRECTION('',(0.,-0.,1.));
#7087 = PLANE('',#7088);
#7088 = AXIS2_PLACEMENT_3D('',#7089,#7090,#7091);
#7089 = CARTESIAN_POINT('',(0.7,0.6,0.));
#7090 = DIRECTION('',(0.,1.,0.));
#7091 = DIRECTION('',(0.,-0.,1.));
#7092 = ADVANCED_FACE('',(#7093),#7111,.T.);
#7093 = FACE_BOUND('',#7094,.T.);
#7094 = EDGE_LOOP('',(#7095,#7096,#7097,#7105));
#7095 = ORIENTED_EDGE('',*,*,#6840,.F.);
#7096 = ORIENTED_EDGE('',*,*,#7005,.T.);
#7097 = ORIENTED_EDGE('',*,*,#7098,.T.);
#7098 = EDGE_CURVE('',#7006,#7099,#7101,.T.);
#7099 = VERTEX_POINT('',#7100);
#7100 = CARTESIAN_POINT('',(0.7,0.6,0.45));
#7101 = LINE('',#7102,#7103);
#7102 = CARTESIAN_POINT('',(-0.7,0.6,0.45));
#7103 = VECTOR('',#7104,1.);
#7104 = DIRECTION('',(1.,0.,0.));
#7105 = ORIENTED_EDGE('',*,*,#7106,.F.);
#7106 = EDGE_CURVE('',#6841,#7099,#7107,.T.);
#7107 = LINE('',#7108,#7109);
#7108 = CARTESIAN_POINT('',(0.7,0.6,0.405));
#7109 = VECTOR('',#7110,1.);
#7110 = DIRECTION('',(0.,0.,1.));
#7111 = PLANE('',#7112);
#7112 = AXIS2_PLACEMENT_3D('',#7113,#7114,#7115);
#7113 = CARTESIAN_POINT('',(-0.7,0.6,0.405));
#7114 = DIRECTION('',(0.,1.,0.));
#7115 = DIRECTION('',(0.,-0.,1.));
#7116 = ADVANCED_FACE('',(#7117),#7128,.T.);
#7117 = FACE_BOUND('',#7118,.T.);
#7118 = EDGE_LOOP('',(#7119,#7120,#7121,#7127));
#7119 = ORIENTED_EDGE('',*,*,#6888,.T.);
#7120 = ORIENTED_EDGE('',*,*,#7037,.T.);
#7121 = ORIENTED_EDGE('',*,*,#7122,.F.);
#7122 = EDGE_CURVE('',#6904,#7028,#7123,.T.);
#7123 = LINE('',#7124,#7125);
#7124 = CARTESIAN_POINT('',(0.745,-0.6,-2.775557561563E-17));
#7125 = VECTOR('',#7126,1.);
#7126 = DIRECTION('',(0.,1.,0.));
#7127 = ORIENTED_EDGE('',*,*,#6913,.F.);
#7128 = CYLINDRICAL_SURFACE('',#7129,4.5E-02);
#7129 = AXIS2_PLACEMENT_3D('',#7130,#7131,#7132);
#7130 = CARTESIAN_POINT('',(0.745,-0.6,4.5E-02));
#7131 = DIRECTION('',(0.,1.,0.));
#7132 = DIRECTION('',(-1.,0.,0.));
#7133 = ADVANCED_FACE('',(#7134),#7145,.F.);
#7134 = FACE_BOUND('',#7135,.F.);
#7135 = EDGE_LOOP('',(#7136,#7137,#7138,#7139));
#7136 = ORIENTED_EDGE('',*,*,#7027,.F.);
#7137 = ORIENTED_EDGE('',*,*,#7122,.F.);
#7138 = ORIENTED_EDGE('',*,*,#6903,.T.);
#7139 = ORIENTED_EDGE('',*,*,#7140,.T.);
#7140 = EDGE_CURVE('',#6906,#7030,#7141,.T.);
#7141 = LINE('',#7142,#7143);
#7142 = CARTESIAN_POINT('',(0.955,-0.6,-2.775557561563E-17));
#7143 = VECTOR('',#7144,1.);
#7144 = DIRECTION('',(0.,1.,0.));
#7145 = PLANE('',#7146);
#7146 = AXIS2_PLACEMENT_3D('',#7147,#7148,#7149);
#7147 = CARTESIAN_POINT('',(0.7,-0.6,0.));
#7148 = DIRECTION('',(0.,0.,1.));
#7149 = DIRECTION('',(1.,0.,-0.));
#7150 = ADVANCED_FACE('',(#7151),#7162,.T.);
#7151 = FACE_BOUND('',#7152,.T.);
#7152 = EDGE_LOOP('',(#7153,#7154,#7155,#7156));
#7153 = ORIENTED_EDGE('',*,*,#6957,.T.);
#7154 = ORIENTED_EDGE('',*,*,#7140,.T.);
#7155 = ORIENTED_EDGE('',*,*,#7081,.F.);
#7156 = ORIENTED_EDGE('',*,*,#7157,.F.);
#7157 = EDGE_CURVE('',#6950,#7074,#7158,.T.);
#7158 = LINE('',#7159,#7160);
#7159 = CARTESIAN_POINT('',(1.,-0.6,4.5E-02));
#7160 = VECTOR('',#7161,1.);
#7161 = DIRECTION('',(0.,1.,0.));
#7162 = CYLINDRICAL_SURFACE('',#7163,4.5E-02);
#7163 = AXIS2_PLACEMENT_3D('',#7164,#7165,#7166);
#7164 = CARTESIAN_POINT('',(0.955,-0.6,4.5E-02));
#7165 = DIRECTION('',(0.,1.,0.));
#7166 = DIRECTION('',(1.,0.,0.));
#7167 = ADVANCED_FACE('',(#7168),#7179,.T.);
#7168 = FACE_BOUND('',#7169,.T.);
#7169 = EDGE_LOOP('',(#7170,#7171,#7172,#7173));
#7170 = ORIENTED_EDGE('',*,*,#6949,.F.);
#7171 = ORIENTED_EDGE('',*,*,#7157,.T.);
#7172 = ORIENTED_EDGE('',*,*,#7073,.T.);
#7173 = ORIENTED_EDGE('',*,*,#7174,.F.);
#7174 = EDGE_CURVE('',#6941,#7065,#7175,.T.);
#7175 = LINE('',#7176,#7177);
#7176 = CARTESIAN_POINT('',(1.,-0.6,0.405));
#7177 = VECTOR('',#7178,1.);
#7178 = DIRECTION('',(0.,1.,0.));
#7179 = PLANE('',#7180);
#7180 = AXIS2_PLACEMENT_3D('',#7181,#7182,#7183);
#7181 = CARTESIAN_POINT('',(1.,-0.6,0.));
#7182 = DIRECTION('',(1.,0.,0.));
#7183 = DIRECTION('',(0.,0.,1.));
#7184 = ADVANCED_FACE('',(#7185),#7196,.T.);
#7185 = FACE_BOUND('',#7186,.T.);
#7186 = EDGE_LOOP('',(#7187,#7188,#7189,#7195));
#7187 = ORIENTED_EDGE('',*,*,#7174,.T.);
#7188 = ORIENTED_EDGE('',*,*,#7064,.T.);
#7189 = ORIENTED_EDGE('',*,*,#7190,.F.);
#7190 = EDGE_CURVE('',#6933,#7057,#7191,.T.);
#7191 = LINE('',#7192,#7193);
#7192 = CARTESIAN_POINT('',(0.955,-0.6,0.45));
#7193 = VECTOR('',#7194,1.);
#7194 = DIRECTION('',(0.,1.,0.));
#7195 = ORIENTED_EDGE('',*,*,#6940,.F.);
#7196 = CYLINDRICAL_SURFACE('',#7197,4.5E-02);
#7197 = AXIS2_PLACEMENT_3D('',#7198,#7199,#7200);
#7198 = CARTESIAN_POINT('',(0.955,-0.6,0.405));
#7199 = DIRECTION('',(0.,1.,0.));
#7200 = DIRECTION('',(1.,0.,0.));
#7201 = ADVANCED_FACE('',(#7202),#7213,.T.);
#7202 = FACE_BOUND('',#7203,.T.);
#7203 = EDGE_LOOP('',(#7204,#7205,#7211,#7212));
#7204 = ORIENTED_EDGE('',*,*,#7056,.F.);
#7205 = ORIENTED_EDGE('',*,*,#7206,.F.);
#7206 = EDGE_CURVE('',#6924,#7048,#7207,.T.);
#7207 = LINE('',#7208,#7209);
#7208 = CARTESIAN_POINT('',(0.745,-0.6,0.45));
#7209 = VECTOR('',#7210,1.);
#7210 = DIRECTION('',(0.,1.,0.));
#7211 = ORIENTED_EDGE('',*,*,#6932,.T.);
#7212 = ORIENTED_EDGE('',*,*,#7190,.T.);
#7213 = PLANE('',#7214);
#7214 = AXIS2_PLACEMENT_3D('',#7215,#7216,#7217);
#7215 = CARTESIAN_POINT('',(0.7,-0.6,0.45));
#7216 = DIRECTION('',(0.,0.,1.));
#7217 = DIRECTION('',(1.,0.,-0.));
#7218 = ADVANCED_FACE('',(#7219),#7230,.T.);
#7219 = FACE_BOUND('',#7220,.T.);
#7220 = EDGE_LOOP('',(#7221,#7222,#7223,#7224));
#7221 = ORIENTED_EDGE('',*,*,#6923,.T.);
#7222 = ORIENTED_EDGE('',*,*,#7206,.T.);
#7223 = ORIENTED_EDGE('',*,*,#7047,.F.);
#7224 = ORIENTED_EDGE('',*,*,#7225,.F.);
#7225 = EDGE_CURVE('',#6758,#6841,#7226,.T.);
#7226 = LINE('',#7227,#7228);
#7227 = CARTESIAN_POINT('',(0.7,-0.6,0.405));
#7228 = VECTOR('',#7229,1.);
#7229 = DIRECTION('',(0.,1.,0.));
#7230 = CYLINDRICAL_SURFACE('',#7231,4.5E-02);
#7231 = AXIS2_PLACEMENT_3D('',#7232,#7233,#7234);
#7232 = CARTESIAN_POINT('',(0.745,-0.6,0.405));
#7233 = DIRECTION('',(0.,1.,0.));
#7234 = DIRECTION('',(-1.,0.,0.));
#7235 = ADVANCED_FACE('',(#7236),#7247,.T.);
#7236 = FACE_BOUND('',#7237,.T.);
#7237 = EDGE_LOOP('',(#7238,#7239,#7240,#7241));
#7238 = ORIENTED_EDGE('',*,*,#6989,.F.);
#7239 = ORIENTED_EDGE('',*,*,#7225,.T.);
#7240 = ORIENTED_EDGE('',*,*,#7106,.T.);
#7241 = ORIENTED_EDGE('',*,*,#7242,.F.);
#7242 = EDGE_CURVE('',#6982,#7099,#7243,.T.);
#7243 = LINE('',#7244,#7245);
#7244 = CARTESIAN_POINT('',(0.7,-0.6,0.45));
#7245 = VECTOR('',#7246,1.);
#7246 = DIRECTION('',(0.,1.,0.));
#7247 = PLANE('',#7248);
#7248 = AXIS2_PLACEMENT_3D('',#7249,#7250,#7251);
#7249 = CARTESIAN_POINT('',(0.7,-0.6,0.405));
#7250 = DIRECTION('',(1.,0.,0.));
#7251 = DIRECTION('',(0.,0.,1.));
#7252 = ADVANCED_FACE('',(#7253),#7259,.T.);
#7253 = FACE_BOUND('',#7254,.T.);
#7254 = EDGE_LOOP('',(#7255,#7256,#7257,#7258));
#7255 = ORIENTED_EDGE('',*,*,#7013,.F.);
#7256 = ORIENTED_EDGE('',*,*,#6981,.T.);
#7257 = ORIENTED_EDGE('',*,*,#7242,.T.);
#7258 = ORIENTED_EDGE('',*,*,#7098,.F.);
#7259 = PLANE('',#7260);
#7260 = AXIS2_PLACEMENT_3D('',#7261,#7262,#7263);
#7261 = CARTESIAN_POINT('',(-0.7,-0.6,0.45));
#7262 = DIRECTION('',(0.,0.,1.));
#7263 = DIRECTION('',(1.,0.,-0.));
#7264 = ( GEOMETRIC_REPRESENTATION_CONTEXT(3) 
GLOBAL_UNCERTAINTY_ASSIGNED_CONTEXT((#7268)) 
GLOBAL_UNIT_ASSIGNED_CONTEXT((#7265,#7266,#7267)) REPRESENTATION_CONTEXT
('Context #1','3D Context with UNIT and UNCERTAINTY') );
#7265 = ( LENGTH_UNIT() NAMED_UNIT(*) SI_UNIT(.MILLI.,.METRE.) );
#7266 = ( NAMED_UNIT(*) PLANE_ANGLE_UNIT() SI_UNIT($,.RADIAN.) );
#7267 = ( NAMED_UNIT(*) SI_UNIT($,.STERADIAN.) SOLID_ANGLE_UNIT() );
#7268 = UNCERTAINTY_MEASURE_WITH_UNIT(LENGTH_MEASURE(1.E-07),#7265,
  'distance_accuracy_value','confusion accuracy');
#7269 = CONTEXT_DEPENDENT_SHAPE_REPRESENTATION(#7270,#7272);
#7270 = ( REPRESENTATION_RELATIONSHIP('','',#6473,#6450) 
REPRESENTATION_RELATIONSHIP_WITH_TRANSFORMATION(#7271) 
SHAPE_REPRESENTATION_RELATIONSHIP() );
#7271 = ITEM_DEFINED_TRANSFORMATION('','',#11,#6451);
#7272 = PRODUCT_DEFINITION_SHAPE('Placement','Placement of an item',
  #7273);
#7273 = NEXT_ASSEMBLY_USAGE_OCCURRENCE('11','=>[0:1:1:9]','',#6445,#6468
  ,$);
#7274 = PRODUCT_RELATED_PRODUCT_CATEGORY('part',$,(#6470));
#7275 = SHAPE_DEFINITION_REPRESENTATION(#7276,#7282);
#7276 = PRODUCT_DEFINITION_SHAPE('','',#7277);
#7277 = PRODUCT_DEFINITION('design','',#7278,#7281);
#7278 = PRODUCT_DEFINITION_FORMATION('','',#7279);
#7279 = PRODUCT('Fuse_1206_3216Metric','Fuse_1206_3216Metric','',(#7280)
  );
#7280 = PRODUCT_CONTEXT('',#2,'mechanical');
#7281 = PRODUCT_DEFINITION_CONTEXT('part definition',#2,'design');
#7282 = SHAPE_REPRESENTATION('',(#11,#7283),#7287);
#7283 = AXIS2_PLACEMENT_3D('',#7284,#7285,#7286);
#7284 = CARTESIAN_POINT('',(0.,0.,0.));
#7285 = DIRECTION('',(0.,0.,1.));
#7286 = DIRECTION('',(1.,0.,-0.));
#7287 = ( GEOMETRIC_REPRESENTATION_CONTEXT(3) 
GLOBAL_UNCERTAINTY_ASSIGNED_CONTEXT((#7291)) 
GLOBAL_UNIT_ASSIGNED_CONTEXT((#7288,#7289,#7290)) REPRESENTATION_CONTEXT
('Context #1','3D Context with UNIT and UNCERTAINTY') );
#7288 = ( LENGTH_UNIT() NAMED_UNIT(*) SI_UNIT(.MILLI.,.METRE.) );
#7289 = ( NAMED_UNIT(*) PLANE_ANGLE_UNIT() SI_UNIT($,.RADIAN.) );
#7290 = ( NAMED_UNIT(*) SI_UNIT($,.STERADIAN.) SOLID_ANGLE_UNIT() );
#7291 = UNCERTAINTY_MEASURE_WITH_UNIT(LENGTH_MEASURE(1.E-07),#7288,
  'distance_accuracy_value','confusion accuracy');
#7292 = CONTEXT_DEPENDENT_SHAPE_REPRESENTATION(#7293,#7295);
#7293 = ( REPRESENTATION_RELATIONSHIP('','',#7282,#10) 
REPRESENTATION_RELATIONSHIP_WITH_TRANSFORMATION(#7294) 
SHAPE_REPRESENTATION_RELATIONSHIP() );
#7294 = ITEM_DEFINED_TRANSFORMATION('','',#11,#47);
#7295 = PRODUCT_DEFINITION_SHAPE('Placement','Placement of an item',
  #7296);
#7296 = NEXT_ASSEMBLY_USAGE_OCCURRENCE('14','F1','',#5,#7277,$);
#7297 = PRODUCT_RELATED_PRODUCT_CATEGORY('part',$,(#7279));
#7298 = SHAPE_DEFINITION_REPRESENTATION(#7299,#7305);
#7299 = PRODUCT_DEFINITION_SHAPE('','',#7300);
#7300 = PRODUCT_DEFINITION('design','',#7301,#7304);
#7301 = PRODUCT_DEFINITION_FORMATION('','',#7302);
#7302 = PRODUCT('Fuse_1206_3216Metric','Fuse_1206_3216Metric','',(#7303)
  );
#7303 = PRODUCT_CONTEXT('',#2,'mechanical');
#7304 = PRODUCT_DEFINITION_CONTEXT('part definition',#2,'design');
#7305 = ADVANCED_BREP_SHAPE_REPRESENTATION('',(#11,#7306),#8096);
#7306 = MANIFOLD_SOLID_BREP('',#7307);
#7307 = CLOSED_SHELL('',(#7308,#7348,#7431,#7456,#7481,#7548,#7565,#7582
    ,#7631,#7653,#7665,#7714,#7731,#7800,#7831,#7855,#7924,#7948,#7965,
    #7982,#7999,#8016,#8033,#8050,#8067,#8084));
#7308 = ADVANCED_FACE('',(#7309),#7343,.F.);
#7309 = FACE_BOUND('',#7310,.F.);
#7310 = EDGE_LOOP('',(#7311,#7321,#7329,#7337));
#7311 = ORIENTED_EDGE('',*,*,#7312,.F.);
#7312 = EDGE_CURVE('',#7313,#7315,#7317,.T.);
#7313 = VERTEX_POINT('',#7314);
#7314 = CARTESIAN_POINT('',(-1.6,-0.8,5.5E-02));
#7315 = VERTEX_POINT('',#7316);
#7316 = CARTESIAN_POINT('',(-1.6,-0.8,0.495));
#7317 = LINE('',#7318,#7319);
#7318 = CARTESIAN_POINT('',(-1.6,-0.8,0.));
#7319 = VECTOR('',#7320,1.);
#7320 = DIRECTION('',(0.,0.,1.));
#7321 = ORIENTED_EDGE('',*,*,#7322,.T.);
#7322 = EDGE_CURVE('',#7313,#7323,#7325,.T.);
#7323 = VERTEX_POINT('',#7324);
#7324 = CARTESIAN_POINT('',(-1.6,0.8,5.5E-02));
#7325 = LINE('',#7326,#7327);
#7326 = CARTESIAN_POINT('',(-1.6,-0.8,5.5E-02));
#7327 = VECTOR('',#7328,1.);
#7328 = DIRECTION('',(0.,1.,0.));
#7329 = ORIENTED_EDGE('',*,*,#7330,.T.);
#7330 = EDGE_CURVE('',#7323,#7331,#7333,.T.);
#7331 = VERTEX_POINT('',#7332);
#7332 = CARTESIAN_POINT('',(-1.6,0.8,0.495));
#7333 = LINE('',#7334,#7335);
#7334 = CARTESIAN_POINT('',(-1.6,0.8,0.));
#7335 = VECTOR('',#7336,1.);
#7336 = DIRECTION('',(0.,0.,1.));
#7337 = ORIENTED_EDGE('',*,*,#7338,.F.);
#7338 = EDGE_CURVE('',#7315,#7331,#7339,.T.);
#7339 = LINE('',#7340,#7341);
#7340 = CARTESIAN_POINT('',(-1.6,-0.8,0.495));
#7341 = VECTOR('',#7342,1.);
#7342 = DIRECTION('',(0.,1.,0.));
#7343 = PLANE('',#7344);
#7344 = AXIS2_PLACEMENT_3D('',#7345,#7346,#7347);
#7345 = CARTESIAN_POINT('',(-1.6,-0.8,0.));
#7346 = DIRECTION('',(1.,0.,0.));
#7347 = DIRECTION('',(0.,0.,1.));
#7348 = ADVANCED_FACE('',(#7349),#7426,.F.);
#7349 = FACE_BOUND('',#7350,.F.);
#7350 = EDGE_LOOP('',(#7351,#7361,#7368,#7369,#7378,#7386,#7395,#7403,
    #7411,#7419));
#7351 = ORIENTED_EDGE('',*,*,#7352,.F.);
#7352 = EDGE_CURVE('',#7353,#7355,#7357,.T.);
#7353 = VERTEX_POINT('',#7354);
#7354 = CARTESIAN_POINT('',(-1.545,-0.8,0.));
#7355 = VERTEX_POINT('',#7356);
#7356 = CARTESIAN_POINT('',(-1.155,-0.8,0.));
#7357 = LINE('',#7358,#7359);
#7358 = CARTESIAN_POINT('',(-1.6,-0.8,0.));
#7359 = VECTOR('',#7360,1.);
#7360 = DIRECTION('',(1.,0.,0.));
#7361 = ORIENTED_EDGE('',*,*,#7362,.F.);
#7362 = EDGE_CURVE('',#7313,#7353,#7363,.T.);
#7363 = CIRCLE('',#7364,5.5E-02);
#7364 = AXIS2_PLACEMENT_3D('',#7365,#7366,#7367);
#7365 = CARTESIAN_POINT('',(-1.545,-0.8,5.5E-02));
#7366 = DIRECTION('',(0.,-1.,0.));
#7367 = DIRECTION('',(0.,0.,1.));
#7368 = ORIENTED_EDGE('',*,*,#7312,.T.);
#7369 = ORIENTED_EDGE('',*,*,#7370,.T.);
#7370 = EDGE_CURVE('',#7315,#7371,#7373,.T.);
#7371 = VERTEX_POINT('',#7372);
#7372 = CARTESIAN_POINT('',(-1.545,-0.8,0.55));
#7373 = CIRCLE('',#7374,5.5E-02);
#7374 = AXIS2_PLACEMENT_3D('',#7375,#7376,#7377);
#7375 = CARTESIAN_POINT('',(-1.545,-0.8,0.495));
#7376 = DIRECTION('',(0.,1.,0.));
#7377 = DIRECTION('',(0.,-0.,1.));
#7378 = ORIENTED_EDGE('',*,*,#7379,.T.);
#7379 = EDGE_CURVE('',#7371,#7380,#7382,.T.);
#7380 = VERTEX_POINT('',#7381);
#7381 = CARTESIAN_POINT('',(-1.155,-0.8,0.55));
#7382 = LINE('',#7383,#7384);
#7383 = CARTESIAN_POINT('',(-1.6,-0.8,0.55));
#7384 = VECTOR('',#7385,1.);
#7385 = DIRECTION('',(1.,0.,0.));
#7386 = ORIENTED_EDGE('',*,*,#7387,.F.);
#7387 = EDGE_CURVE('',#7388,#7380,#7390,.T.);
#7388 = VERTEX_POINT('',#7389);
#7389 = CARTESIAN_POINT('',(-1.1,-0.8,0.495));
#7390 = CIRCLE('',#7391,5.5E-02);
#7391 = AXIS2_PLACEMENT_3D('',#7392,#7393,#7394);
#7392 = CARTESIAN_POINT('',(-1.155,-0.8,0.495));
#7393 = DIRECTION('',(0.,-1.,0.));
#7394 = DIRECTION('',(0.,0.,1.));
#7395 = ORIENTED_EDGE('',*,*,#7396,.F.);
#7396 = EDGE_CURVE('',#7397,#7388,#7399,.T.);
#7397 = VERTEX_POINT('',#7398);
#7398 = CARTESIAN_POINT('',(-1.545,-0.8,0.495));
#7399 = LINE('',#7400,#7401);
#7400 = CARTESIAN_POINT('',(-1.545,-0.8,0.495));
#7401 = VECTOR('',#7402,1.);
#7402 = DIRECTION('',(1.,0.,0.));
#7403 = ORIENTED_EDGE('',*,*,#7404,.F.);
#7404 = EDGE_CURVE('',#7405,#7397,#7407,.T.);
#7405 = VERTEX_POINT('',#7406);
#7406 = CARTESIAN_POINT('',(-1.545,-0.8,5.5E-02));
#7407 = LINE('',#7408,#7409);
#7408 = CARTESIAN_POINT('',(-1.545,-0.8,5.5E-02));
#7409 = VECTOR('',#7410,1.);
#7410 = DIRECTION('',(0.,0.,1.));
#7411 = ORIENTED_EDGE('',*,*,#7412,.T.);
#7412 = EDGE_CURVE('',#7405,#7413,#7415,.T.);
#7413 = VERTEX_POINT('',#7414);
#7414 = CARTESIAN_POINT('',(-1.1,-0.8,5.5E-02));
#7415 = LINE('',#7416,#7417);
#7416 = CARTESIAN_POINT('',(-1.545,-0.8,5.5E-02));
#7417 = VECTOR('',#7418,1.);
#7418 = DIRECTION('',(1.,0.,0.));
#7419 = ORIENTED_EDGE('',*,*,#7420,.T.);
#7420 = EDGE_CURVE('',#7413,#7355,#7421,.T.);
#7421 = CIRCLE('',#7422,5.5E-02);
#7422 = AXIS2_PLACEMENT_3D('',#7423,#7424,#7425);
#7423 = CARTESIAN_POINT('',(-1.155,-0.8,5.5E-02));
#7424 = DIRECTION('',(0.,1.,0.));
#7425 = DIRECTION('',(0.,-0.,1.));
#7426 = PLANE('',#7427);
#7427 = AXIS2_PLACEMENT_3D('',#7428,#7429,#7430);
#7428 = CARTESIAN_POINT('',(-1.6,-0.8,0.));
#7429 = DIRECTION('',(0.,1.,0.));
#7430 = DIRECTION('',(0.,-0.,1.));
#7431 = ADVANCED_FACE('',(#7432),#7451,.T.);
#7432 = FACE_BOUND('',#7433,.T.);
#7433 = EDGE_LOOP('',(#7434,#7435,#7444,#7450));
#7434 = ORIENTED_EDGE('',*,*,#7322,.T.);
#7435 = ORIENTED_EDGE('',*,*,#7436,.T.);
#7436 = EDGE_CURVE('',#7323,#7437,#7439,.T.);
#7437 = VERTEX_POINT('',#7438);
#7438 = CARTESIAN_POINT('',(-1.545,0.8,0.));
#7439 = CIRCLE('',#7440,5.5E-02);
#7440 = AXIS2_PLACEMENT_3D('',#7441,#7442,#7443);
#7441 = CARTESIAN_POINT('',(-1.545,0.8,5.5E-02));
#7442 = DIRECTION('',(0.,-1.,0.));
#7443 = DIRECTION('',(0.,0.,1.));
#7444 = ORIENTED_EDGE('',*,*,#7445,.F.);
#7445 = EDGE_CURVE('',#7353,#7437,#7446,.T.);
#7446 = LINE('',#7447,#7448);
#7447 = CARTESIAN_POINT('',(-1.545,-0.8,0.));
#7448 = VECTOR('',#7449,1.);
#7449 = DIRECTION('',(0.,1.,0.));
#7450 = ORIENTED_EDGE('',*,*,#7362,.F.);
#7451 = CYLINDRICAL_SURFACE('',#7452,5.5E-02);
#7452 = AXIS2_PLACEMENT_3D('',#7453,#7454,#7455);
#7453 = CARTESIAN_POINT('',(-1.545,-0.8,5.5E-02));
#7454 = DIRECTION('',(0.,1.,0.));
#7455 = DIRECTION('',(-1.,0.,0.));
#7456 = ADVANCED_FACE('',(#7457),#7476,.T.);
#7457 = FACE_BOUND('',#7458,.T.);
#7458 = EDGE_LOOP('',(#7459,#7460,#7468,#7475));
#7459 = ORIENTED_EDGE('',*,*,#7370,.T.);
#7460 = ORIENTED_EDGE('',*,*,#7461,.T.);
#7461 = EDGE_CURVE('',#7371,#7462,#7464,.T.);
#7462 = VERTEX_POINT('',#7463);
#7463 = CARTESIAN_POINT('',(-1.545,0.8,0.55));
#7464 = LINE('',#7465,#7466);
#7465 = CARTESIAN_POINT('',(-1.545,-0.8,0.55));
#7466 = VECTOR('',#7467,1.);
#7467 = DIRECTION('',(0.,1.,0.));
#7468 = ORIENTED_EDGE('',*,*,#7469,.F.);
#7469 = EDGE_CURVE('',#7331,#7462,#7470,.T.);
#7470 = CIRCLE('',#7471,5.5E-02);
#7471 = AXIS2_PLACEMENT_3D('',#7472,#7473,#7474);
#7472 = CARTESIAN_POINT('',(-1.545,0.8,0.495));
#7473 = DIRECTION('',(0.,1.,0.));
#7474 = DIRECTION('',(0.,-0.,1.));
#7475 = ORIENTED_EDGE('',*,*,#7338,.F.);
#7476 = CYLINDRICAL_SURFACE('',#7477,5.5E-02);
#7477 = AXIS2_PLACEMENT_3D('',#7478,#7479,#7480);
#7478 = CARTESIAN_POINT('',(-1.545,-0.8,0.495));
#7479 = DIRECTION('',(0.,1.,0.));
#7480 = DIRECTION('',(-1.,0.,0.));
#7481 = ADVANCED_FACE('',(#7482),#7543,.T.);
#7482 = FACE_BOUND('',#7483,.T.);
#7483 = EDGE_LOOP('',(#7484,#7492,#7493,#7494,#7495,#7503,#7512,#7520,
    #7528,#7536));
#7484 = ORIENTED_EDGE('',*,*,#7485,.F.);
#7485 = EDGE_CURVE('',#7437,#7486,#7488,.T.);
#7486 = VERTEX_POINT('',#7487);
#7487 = CARTESIAN_POINT('',(-1.155,0.8,0.));
#7488 = LINE('',#7489,#7490);
#7489 = CARTESIAN_POINT('',(-1.6,0.8,0.));
#7490 = VECTOR('',#7491,1.);
#7491 = DIRECTION('',(1.,0.,0.));
#7492 = ORIENTED_EDGE('',*,*,#7436,.F.);
#7493 = ORIENTED_EDGE('',*,*,#7330,.T.);
#7494 = ORIENTED_EDGE('',*,*,#7469,.T.);
#7495 = ORIENTED_EDGE('',*,*,#7496,.T.);
#7496 = EDGE_CURVE('',#7462,#7497,#7499,.T.);
#7497 = VERTEX_POINT('',#7498);
#7498 = CARTESIAN_POINT('',(-1.155,0.8,0.55));
#7499 = LINE('',#7500,#7501);
#7500 = CARTESIAN_POINT('',(-1.6,0.8,0.55));
#7501 = VECTOR('',#7502,1.);
#7502 = DIRECTION('',(1.,0.,0.));
#7503 = ORIENTED_EDGE('',*,*,#7504,.F.);
#7504 = EDGE_CURVE('',#7505,#7497,#7507,.T.);
#7505 = VERTEX_POINT('',#7506);
#7506 = CARTESIAN_POINT('',(-1.1,0.8,0.495));
#7507 = CIRCLE('',#7508,5.5E-02);
#7508 = AXIS2_PLACEMENT_3D('',#7509,#7510,#7511);
#7509 = CARTESIAN_POINT('',(-1.155,0.8,0.495));
#7510 = DIRECTION('',(0.,-1.,0.));
#7511 = DIRECTION('',(0.,0.,1.));
#7512 = ORIENTED_EDGE('',*,*,#7513,.F.);
#7513 = EDGE_CURVE('',#7514,#7505,#7516,.T.);
#7514 = VERTEX_POINT('',#7515);
#7515 = CARTESIAN_POINT('',(-1.545,0.8,0.495));
#7516 = LINE('',#7517,#7518);
#7517 = CARTESIAN_POINT('',(-1.545,0.8,0.495));
#7518 = VECTOR('',#7519,1.);
#7519 = DIRECTION('',(1.,0.,0.));
#7520 = ORIENTED_EDGE('',*,*,#7521,.F.);
#7521 = EDGE_CURVE('',#7522,#7514,#7524,.T.);
#7522 = VERTEX_POINT('',#7523);
#7523 = CARTESIAN_POINT('',(-1.545,0.8,5.5E-02));
#7524 = LINE('',#7525,#7526);
#7525 = CARTESIAN_POINT('',(-1.545,0.8,5.5E-02));
#7526 = VECTOR('',#7527,1.);
#7527 = DIRECTION('',(0.,0.,1.));
#7528 = ORIENTED_EDGE('',*,*,#7529,.T.);
#7529 = EDGE_CURVE('',#7522,#7530,#7532,.T.);
#7530 = VERTEX_POINT('',#7531);
#7531 = CARTESIAN_POINT('',(-1.1,0.8,5.5E-02));
#7532 = LINE('',#7533,#7534);
#7533 = CARTESIAN_POINT('',(-1.545,0.8,5.5E-02));
#7534 = VECTOR('',#7535,1.);
#7535 = DIRECTION('',(1.,0.,0.));
#7536 = ORIENTED_EDGE('',*,*,#7537,.T.);
#7537 = EDGE_CURVE('',#7530,#7486,#7538,.T.);
#7538 = CIRCLE('',#7539,5.5E-02);
#7539 = AXIS2_PLACEMENT_3D('',#7540,#7541,#7542);
#7540 = CARTESIAN_POINT('',(-1.155,0.8,5.5E-02));
#7541 = DIRECTION('',(0.,1.,0.));
#7542 = DIRECTION('',(0.,-0.,1.));
#7543 = PLANE('',#7544);
#7544 = AXIS2_PLACEMENT_3D('',#7545,#7546,#7547);
#7545 = CARTESIAN_POINT('',(-1.6,0.8,0.));
#7546 = DIRECTION('',(0.,1.,0.));
#7547 = DIRECTION('',(0.,-0.,1.));
#7548 = ADVANCED_FACE('',(#7549),#7560,.F.);
#7549 = FACE_BOUND('',#7550,.F.);
#7550 = EDGE_LOOP('',(#7551,#7552,#7553,#7554));
#7551 = ORIENTED_EDGE('',*,*,#7485,.F.);
#7552 = ORIENTED_EDGE('',*,*,#7445,.F.);
#7553 = ORIENTED_EDGE('',*,*,#7352,.T.);
#7554 = ORIENTED_EDGE('',*,*,#7555,.T.);
#7555 = EDGE_CURVE('',#7355,#7486,#7556,.T.);
#7556 = LINE('',#7557,#7558);
#7557 = CARTESIAN_POINT('',(-1.155,-0.8,0.));
#7558 = VECTOR('',#7559,1.);
#7559 = DIRECTION('',(0.,1.,0.));
#7560 = PLANE('',#7561);
#7561 = AXIS2_PLACEMENT_3D('',#7562,#7563,#7564);
#7562 = CARTESIAN_POINT('',(-1.6,-0.8,0.));
#7563 = DIRECTION('',(0.,0.,1.));
#7564 = DIRECTION('',(1.,0.,-0.));
#7565 = ADVANCED_FACE('',(#7566),#7577,.T.);
#7566 = FACE_BOUND('',#7567,.T.);
#7567 = EDGE_LOOP('',(#7568,#7569,#7570,#7571));
#7568 = ORIENTED_EDGE('',*,*,#7420,.T.);
#7569 = ORIENTED_EDGE('',*,*,#7555,.T.);
#7570 = ORIENTED_EDGE('',*,*,#7537,.F.);
#7571 = ORIENTED_EDGE('',*,*,#7572,.F.);
#7572 = EDGE_CURVE('',#7413,#7530,#7573,.T.);
#7573 = LINE('',#7574,#7575);
#7574 = CARTESIAN_POINT('',(-1.1,-0.8,5.5E-02));
#7575 = VECTOR('',#7576,1.);
#7576 = DIRECTION('',(0.,1.,0.));
#7577 = CYLINDRICAL_SURFACE('',#7578,5.5E-02);
#7578 = AXIS2_PLACEMENT_3D('',#7579,#7580,#7581);
#7579 = CARTESIAN_POINT('',(-1.155,-0.8,5.5E-02));
#7580 = DIRECTION('',(0.,1.,0.));
#7581 = DIRECTION('',(1.,0.,0.));
#7582 = ADVANCED_FACE('',(#7583),#7626,.F.);
#7583 = FACE_BOUND('',#7584,.F.);
#7584 = EDGE_LOOP('',(#7585,#7586,#7587,#7588,#7596,#7604,#7612,#7620));
#7585 = ORIENTED_EDGE('',*,*,#7412,.F.);
#7586 = ORIENTED_EDGE('',*,*,#7404,.T.);
#7587 = ORIENTED_EDGE('',*,*,#7396,.T.);
#7588 = ORIENTED_EDGE('',*,*,#7589,.T.);
#7589 = EDGE_CURVE('',#7388,#7590,#7592,.T.);
#7590 = VERTEX_POINT('',#7591);
#7591 = CARTESIAN_POINT('',(1.1,-0.8,0.495));
#7592 = LINE('',#7593,#7594);
#7593 = CARTESIAN_POINT('',(-1.1,-0.8,0.495));
#7594 = VECTOR('',#7595,1.);
#7595 = DIRECTION('',(1.,0.,0.));
#7596 = ORIENTED_EDGE('',*,*,#7597,.T.);
#7597 = EDGE_CURVE('',#7590,#7598,#7600,.T.);
#7598 = VERTEX_POINT('',#7599);
#7599 = CARTESIAN_POINT('',(1.545,-0.8,0.495));
#7600 = LINE('',#7601,#7602);
#7601 = CARTESIAN_POINT('',(-1.545,-0.8,0.495));
#7602 = VECTOR('',#7603,1.);
#7603 = DIRECTION('',(1.,0.,0.));
#7604 = ORIENTED_EDGE('',*,*,#7605,.F.);
#7605 = EDGE_CURVE('',#7606,#7598,#7608,.T.);
#7606 = VERTEX_POINT('',#7607);
#7607 = CARTESIAN_POINT('',(1.545,-0.8,5.5E-02));
#7608 = LINE('',#7609,#7610);
#7609 = CARTESIAN_POINT('',(1.545,-0.8,5.5E-02));
#7610 = VECTOR('',#7611,1.);
#7611 = DIRECTION('',(0.,0.,1.));
#7612 = ORIENTED_EDGE('',*,*,#7613,.F.);
#7613 = EDGE_CURVE('',#7614,#7606,#7616,.T.);
#7614 = VERTEX_POINT('',#7615);
#7615 = CARTESIAN_POINT('',(1.1,-0.8,5.5E-02));
#7616 = LINE('',#7617,#7618);
#7617 = CARTESIAN_POINT('',(-1.545,-0.8,5.5E-02));
#7618 = VECTOR('',#7619,1.);
#7619 = DIRECTION('',(1.,0.,0.));
#7620 = ORIENTED_EDGE('',*,*,#7621,.F.);
#7621 = EDGE_CURVE('',#7413,#7614,#7622,.T.);
#7622 = LINE('',#7623,#7624);
#7623 = CARTESIAN_POINT('',(-1.545,-0.8,5.5E-02));
#7624 = VECTOR('',#7625,1.);
#7625 = DIRECTION('',(1.,0.,0.));
#7626 = PLANE('',#7627);
#7627 = AXIS2_PLACEMENT_3D('',#7628,#7629,#7630);
#7628 = CARTESIAN_POINT('',(-1.545,-0.8,5.5E-02));
#7629 = DIRECTION('',(0.,1.,0.));
#7630 = DIRECTION('',(0.,-0.,1.));
#7631 = ADVANCED_FACE('',(#7632),#7648,.T.);
#7632 = FACE_BOUND('',#7633,.T.);
#7633 = EDGE_LOOP('',(#7634,#7640,#7641,#7647));
#7634 = ORIENTED_EDGE('',*,*,#7635,.T.);
#7635 = EDGE_CURVE('',#7388,#7505,#7636,.T.);
#7636 = LINE('',#7637,#7638);
#7637 = CARTESIAN_POINT('',(-1.1,-0.8,0.495));
#7638 = VECTOR('',#7639,1.);
#7639 = DIRECTION('',(0.,1.,0.));
#7640 = ORIENTED_EDGE('',*,*,#7504,.T.);
#7641 = ORIENTED_EDGE('',*,*,#7642,.F.);
#7642 = EDGE_CURVE('',#7380,#7497,#7643,.T.);
#7643 = LINE('',#7644,#7645);
#7644 = CARTESIAN_POINT('',(-1.155,-0.8,0.55));
#7645 = VECTOR('',#7646,1.);
#7646 = DIRECTION('',(0.,1.,0.));
#7647 = ORIENTED_EDGE('',*,*,#7387,.F.);
#7648 = CYLINDRICAL_SURFACE('',#7649,5.5E-02);
#7649 = AXIS2_PLACEMENT_3D('',#7650,#7651,#7652);
#7650 = CARTESIAN_POINT('',(-1.155,-0.8,0.495));
#7651 = DIRECTION('',(0.,1.,0.));
#7652 = DIRECTION('',(1.,0.,0.));
#7653 = ADVANCED_FACE('',(#7654),#7660,.T.);
#7654 = FACE_BOUND('',#7655,.T.);
#7655 = EDGE_LOOP('',(#7656,#7657,#7658,#7659));
#7656 = ORIENTED_EDGE('',*,*,#7496,.F.);
#7657 = ORIENTED_EDGE('',*,*,#7461,.F.);
#7658 = ORIENTED_EDGE('',*,*,#7379,.T.);
#7659 = ORIENTED_EDGE('',*,*,#7642,.T.);
#7660 = PLANE('',#7661);
#7661 = AXIS2_PLACEMENT_3D('',#7662,#7663,#7664);
#7662 = CARTESIAN_POINT('',(-1.6,-0.8,0.55));
#7663 = DIRECTION('',(0.,0.,1.));
#7664 = DIRECTION('',(1.,0.,-0.));
#7665 = ADVANCED_FACE('',(#7666),#7709,.T.);
#7666 = FACE_BOUND('',#7667,.T.);
#7667 = EDGE_LOOP('',(#7668,#7669,#7670,#7671,#7679,#7687,#7695,#7703));
#7668 = ORIENTED_EDGE('',*,*,#7529,.F.);
#7669 = ORIENTED_EDGE('',*,*,#7521,.T.);
#7670 = ORIENTED_EDGE('',*,*,#7513,.T.);
#7671 = ORIENTED_EDGE('',*,*,#7672,.T.);
#7672 = EDGE_CURVE('',#7505,#7673,#7675,.T.);
#7673 = VERTEX_POINT('',#7674);
#7674 = CARTESIAN_POINT('',(1.1,0.8,0.495));
#7675 = LINE('',#7676,#7677);
#7676 = CARTESIAN_POINT('',(-1.1,0.8,0.495));
#7677 = VECTOR('',#7678,1.);
#7678 = DIRECTION('',(1.,0.,0.));
#7679 = ORIENTED_EDGE('',*,*,#7680,.T.);
#7680 = EDGE_CURVE('',#7673,#7681,#7683,.T.);
#7681 = VERTEX_POINT('',#7682);
#7682 = CARTESIAN_POINT('',(1.545,0.8,0.495));
#7683 = LINE('',#7684,#7685);
#7684 = CARTESIAN_POINT('',(-1.545,0.8,0.495));
#7685 = VECTOR('',#7686,1.);
#7686 = DIRECTION('',(1.,0.,0.));
#7687 = ORIENTED_EDGE('',*,*,#7688,.F.);
#7688 = EDGE_CURVE('',#7689,#7681,#7691,.T.);
#7689 = VERTEX_POINT('',#7690);
#7690 = CARTESIAN_POINT('',(1.545,0.8,5.5E-02));
#7691 = LINE('',#7692,#7693);
#7692 = CARTESIAN_POINT('',(1.545,0.8,5.5E-02));
#7693 = VECTOR('',#7694,1.);
#7694 = DIRECTION('',(0.,0.,1.));
#7695 = ORIENTED_EDGE('',*,*,#7696,.F.);
#7696 = EDGE_CURVE('',#7697,#7689,#7699,.T.);
#7697 = VERTEX_POINT('',#7698);
#7698 = CARTESIAN_POINT('',(1.1,0.8,5.5E-02));
#7699 = LINE('',#7700,#7701);
#7700 = CARTESIAN_POINT('',(-1.545,0.8,5.5E-02));
#7701 = VECTOR('',#7702,1.);
#7702 = DIRECTION('',(1.,0.,0.));
#7703 = ORIENTED_EDGE('',*,*,#7704,.F.);
#7704 = EDGE_CURVE('',#7530,#7697,#7705,.T.);
#7705 = LINE('',#7706,#7707);
#7706 = CARTESIAN_POINT('',(-1.545,0.8,5.5E-02));
#7707 = VECTOR('',#7708,1.);
#7708 = DIRECTION('',(1.,0.,0.));
#7709 = PLANE('',#7710);
#7710 = AXIS2_PLACEMENT_3D('',#7711,#7712,#7713);
#7711 = CARTESIAN_POINT('',(-1.545,0.8,5.5E-02));
#7712 = DIRECTION('',(0.,1.,0.));
#7713 = DIRECTION('',(0.,-0.,1.));
#7714 = ADVANCED_FACE('',(#7715),#7726,.F.);
#7715 = FACE_BOUND('',#7716,.F.);
#7716 = EDGE_LOOP('',(#7717,#7718,#7719,#7725));
#7717 = ORIENTED_EDGE('',*,*,#7572,.F.);
#7718 = ORIENTED_EDGE('',*,*,#7621,.T.);
#7719 = ORIENTED_EDGE('',*,*,#7720,.T.);
#7720 = EDGE_CURVE('',#7614,#7697,#7721,.T.);
#7721 = LINE('',#7722,#7723);
#7722 = CARTESIAN_POINT('',(1.1,-0.8,5.5E-02));
#7723 = VECTOR('',#7724,1.);
#7724 = DIRECTION('',(0.,1.,0.));
#7725 = ORIENTED_EDGE('',*,*,#7704,.F.);
#7726 = PLANE('',#7727);
#7727 = AXIS2_PLACEMENT_3D('',#7728,#7729,#7730);
#7728 = CARTESIAN_POINT('',(-1.545,-0.8,5.5E-02));
#7729 = DIRECTION('',(0.,0.,1.));
#7730 = DIRECTION('',(1.,0.,-0.));
#7731 = ADVANCED_FACE('',(#7732),#7795,.F.);
#7732 = FACE_BOUND('',#7733,.F.);
#7733 = EDGE_LOOP('',(#7734,#7744,#7751,#7752,#7753,#7754,#7763,#7771,
    #7780,#7788));
#7734 = ORIENTED_EDGE('',*,*,#7735,.F.);
#7735 = EDGE_CURVE('',#7736,#7738,#7740,.T.);
#7736 = VERTEX_POINT('',#7737);
#7737 = CARTESIAN_POINT('',(1.155,-0.8,0.));
#7738 = VERTEX_POINT('',#7739);
#7739 = CARTESIAN_POINT('',(1.545,-0.8,0.));
#7740 = LINE('',#7741,#7742);
#7741 = CARTESIAN_POINT('',(1.1,-0.8,0.));
#7742 = VECTOR('',#7743,1.);
#7743 = DIRECTION('',(1.,0.,0.));
#7744 = ORIENTED_EDGE('',*,*,#7745,.F.);
#7745 = EDGE_CURVE('',#7614,#7736,#7746,.T.);
#7746 = CIRCLE('',#7747,5.5E-02);
#7747 = AXIS2_PLACEMENT_3D('',#7748,#7749,#7750);
#7748 = CARTESIAN_POINT('',(1.155,-0.8,5.5E-02));
#7749 = DIRECTION('',(0.,-1.,0.));
#7750 = DIRECTION('',(0.,0.,1.));
#7751 = ORIENTED_EDGE('',*,*,#7613,.T.);
#7752 = ORIENTED_EDGE('',*,*,#7605,.T.);
#7753 = ORIENTED_EDGE('',*,*,#7597,.F.);
#7754 = ORIENTED_EDGE('',*,*,#7755,.T.);
#7755 = EDGE_CURVE('',#7590,#7756,#7758,.T.);
#7756 = VERTEX_POINT('',#7757);
#7757 = CARTESIAN_POINT('',(1.155,-0.8,0.55));
#7758 = CIRCLE('',#7759,5.5E-02);
#7759 = AXIS2_PLACEMENT_3D('',#7760,#7761,#7762);
#7760 = CARTESIAN_POINT('',(1.155,-0.8,0.495));
#7761 = DIRECTION('',(0.,1.,0.));
#7762 = DIRECTION('',(0.,-0.,1.));
#7763 = ORIENTED_EDGE('',*,*,#7764,.T.);
#7764 = EDGE_CURVE('',#7756,#7765,#7767,.T.);
#7765 = VERTEX_POINT('',#7766);
#7766 = CARTESIAN_POINT('',(1.545,-0.8,0.55));
#7767 = LINE('',#7768,#7769);
#7768 = CARTESIAN_POINT('',(1.1,-0.8,0.55));
#7769 = VECTOR('',#7770,1.);
#7770 = DIRECTION('',(1.,0.,0.));
#7771 = ORIENTED_EDGE('',*,*,#7772,.F.);
#7772 = EDGE_CURVE('',#7773,#7765,#7775,.T.);
#7773 = VERTEX_POINT('',#7774);
#7774 = CARTESIAN_POINT('',(1.6,-0.8,0.495));
#7775 = CIRCLE('',#7776,5.5E-02);
#7776 = AXIS2_PLACEMENT_3D('',#7777,#7778,#7779);
#7777 = CARTESIAN_POINT('',(1.545,-0.8,0.495));
#7778 = DIRECTION('',(0.,-1.,0.));
#7779 = DIRECTION('',(0.,0.,1.));
#7780 = ORIENTED_EDGE('',*,*,#7781,.F.);
#7781 = EDGE_CURVE('',#7782,#7773,#7784,.T.);
#7782 = VERTEX_POINT('',#7783);
#7783 = CARTESIAN_POINT('',(1.6,-0.8,5.5E-02));
#7784 = LINE('',#7785,#7786);
#7785 = CARTESIAN_POINT('',(1.6,-0.8,0.));
#7786 = VECTOR('',#7787,1.);
#7787 = DIRECTION('',(0.,0.,1.));
#7788 = ORIENTED_EDGE('',*,*,#7789,.T.);
#7789 = EDGE_CURVE('',#7782,#7738,#7790,.T.);
#7790 = CIRCLE('',#7791,5.5E-02);
#7791 = AXIS2_PLACEMENT_3D('',#7792,#7793,#7794);
#7792 = CARTESIAN_POINT('',(1.545,-0.8,5.5E-02));
#7793 = DIRECTION('',(0.,1.,0.));
#7794 = DIRECTION('',(0.,-0.,1.));
#7795 = PLANE('',#7796);
#7796 = AXIS2_PLACEMENT_3D('',#7797,#7798,#7799);
#7797 = CARTESIAN_POINT('',(1.1,-0.8,0.));
#7798 = DIRECTION('',(0.,1.,0.));
#7799 = DIRECTION('',(0.,-0.,1.));
#7800 = ADVANCED_FACE('',(#7801),#7826,.F.);
#7801 = FACE_BOUND('',#7802,.F.);
#7802 = EDGE_LOOP('',(#7803,#7804,#7812,#7820));
#7803 = ORIENTED_EDGE('',*,*,#7589,.F.);
#7804 = ORIENTED_EDGE('',*,*,#7805,.T.);
#7805 = EDGE_CURVE('',#7388,#7806,#7808,.T.);
#7806 = VERTEX_POINT('',#7807);
#7807 = CARTESIAN_POINT('',(-1.1,-0.8,0.55));
#7808 = LINE('',#7809,#7810);
#7809 = CARTESIAN_POINT('',(-1.1,-0.8,0.495));
#7810 = VECTOR('',#7811,1.);
#7811 = DIRECTION('',(0.,0.,1.));
#7812 = ORIENTED_EDGE('',*,*,#7813,.T.);
#7813 = EDGE_CURVE('',#7806,#7814,#7816,.T.);
#7814 = VERTEX_POINT('',#7815);
#7815 = CARTESIAN_POINT('',(1.1,-0.8,0.55));
#7816 = LINE('',#7817,#7818);
#7817 = CARTESIAN_POINT('',(-1.1,-0.8,0.55));
#7818 = VECTOR('',#7819,1.);
#7819 = DIRECTION('',(1.,0.,0.));
#7820 = ORIENTED_EDGE('',*,*,#7821,.F.);
#7821 = EDGE_CURVE('',#7590,#7814,#7822,.T.);
#7822 = LINE('',#7823,#7824);
#7823 = CARTESIAN_POINT('',(1.1,-0.8,0.495));
#7824 = VECTOR('',#7825,1.);
#7825 = DIRECTION('',(0.,0.,1.));
#7826 = PLANE('',#7827);
#7827 = AXIS2_PLACEMENT_3D('',#7828,#7829,#7830);
#7828 = CARTESIAN_POINT('',(-1.1,-0.8,0.495));
#7829 = DIRECTION('',(0.,1.,0.));
#7830 = DIRECTION('',(0.,-0.,1.));
#7831 = ADVANCED_FACE('',(#7832),#7850,.F.);
#7832 = FACE_BOUND('',#7833,.F.);
#7833 = EDGE_LOOP('',(#7834,#7835,#7836,#7844));
#7834 = ORIENTED_EDGE('',*,*,#7805,.F.);
#7835 = ORIENTED_EDGE('',*,*,#7635,.T.);
#7836 = ORIENTED_EDGE('',*,*,#7837,.T.);
#7837 = EDGE_CURVE('',#7505,#7838,#7840,.T.);
#7838 = VERTEX_POINT('',#7839);
#7839 = CARTESIAN_POINT('',(-1.1,0.8,0.55));
#7840 = LINE('',#7841,#7842);
#7841 = CARTESIAN_POINT('',(-1.1,0.8,0.495));
#7842 = VECTOR('',#7843,1.);
#7843 = DIRECTION('',(0.,0.,1.));
#7844 = ORIENTED_EDGE('',*,*,#7845,.F.);
#7845 = EDGE_CURVE('',#7806,#7838,#7846,.T.);
#7846 = LINE('',#7847,#7848);
#7847 = CARTESIAN_POINT('',(-1.1,-0.8,0.55));
#7848 = VECTOR('',#7849,1.);
#7849 = DIRECTION('',(0.,1.,0.));
#7850 = PLANE('',#7851);
#7851 = AXIS2_PLACEMENT_3D('',#7852,#7853,#7854);
#7852 = CARTESIAN_POINT('',(-1.1,-0.8,0.495));
#7853 = DIRECTION('',(1.,0.,0.));
#7854 = DIRECTION('',(0.,0.,1.));
#7855 = ADVANCED_FACE('',(#7856),#7919,.T.);
#7856 = FACE_BOUND('',#7857,.T.);
#7857 = EDGE_LOOP('',(#7858,#7868,#7875,#7876,#7877,#7878,#7887,#7895,
    #7904,#7912));
#7858 = ORIENTED_EDGE('',*,*,#7859,.F.);
#7859 = EDGE_CURVE('',#7860,#7862,#7864,.T.);
#7860 = VERTEX_POINT('',#7861);
#7861 = CARTESIAN_POINT('',(1.155,0.8,0.));
#7862 = VERTEX_POINT('',#7863);
#7863 = CARTESIAN_POINT('',(1.545,0.8,0.));
#7864 = LINE('',#7865,#7866);
#7865 = CARTESIAN_POINT('',(1.1,0.8,0.));
#7866 = VECTOR('',#7867,1.);
#7867 = DIRECTION('',(1.,0.,0.));
#7868 = ORIENTED_EDGE('',*,*,#7869,.F.);
#7869 = EDGE_CURVE('',#7697,#7860,#7870,.T.);
#7870 = CIRCLE('',#7871,5.5E-02);
#7871 = AXIS2_PLACEMENT_3D('',#7872,#7873,#7874);
#7872 = CARTESIAN_POINT('',(1.155,0.8,5.5E-02));
#7873 = DIRECTION('',(0.,-1.,0.));
#7874 = DIRECTION('',(0.,0.,1.));
#7875 = ORIENTED_EDGE('',*,*,#7696,.T.);
#7876 = ORIENTED_EDGE('',*,*,#7688,.T.);
#7877 = ORIENTED_EDGE('',*,*,#7680,.F.);
#7878 = ORIENTED_EDGE('',*,*,#7879,.T.);
#7879 = EDGE_CURVE('',#7673,#7880,#7882,.T.);
#7880 = VERTEX_POINT('',#7881);
#7881 = CARTESIAN_POINT('',(1.155,0.8,0.55));
#7882 = CIRCLE('',#7883,5.5E-02);
#7883 = AXIS2_PLACEMENT_3D('',#7884,#7885,#7886);
#7884 = CARTESIAN_POINT('',(1.155,0.8,0.495));
#7885 = DIRECTION('',(0.,1.,0.));
#7886 = DIRECTION('',(0.,-0.,1.));
#7887 = ORIENTED_EDGE('',*,*,#7888,.T.);
#7888 = EDGE_CURVE('',#7880,#7889,#7891,.T.);
#7889 = VERTEX_POINT('',#7890);
#7890 = CARTESIAN_POINT('',(1.545,0.8,0.55));
#7891 = LINE('',#7892,#7893);
#7892 = CARTESIAN_POINT('',(1.1,0.8,0.55));
#7893 = VECTOR('',#7894,1.);
#7894 = DIRECTION('',(1.,0.,0.));
#7895 = ORIENTED_EDGE('',*,*,#7896,.F.);
#7896 = EDGE_CURVE('',#7897,#7889,#7899,.T.);
#7897 = VERTEX_POINT('',#7898);
#7898 = CARTESIAN_POINT('',(1.6,0.8,0.495));
#7899 = CIRCLE('',#7900,5.5E-02);
#7900 = AXIS2_PLACEMENT_3D('',#7901,#7902,#7903);
#7901 = CARTESIAN_POINT('',(1.545,0.8,0.495));
#7902 = DIRECTION('',(0.,-1.,0.));
#7903 = DIRECTION('',(0.,0.,1.));
#7904 = ORIENTED_EDGE('',*,*,#7905,.F.);
#7905 = EDGE_CURVE('',#7906,#7897,#7908,.T.);
#7906 = VERTEX_POINT('',#7907);
#7907 = CARTESIAN_POINT('',(1.6,0.8,5.5E-02));
#7908 = LINE('',#7909,#7910);
#7909 = CARTESIAN_POINT('',(1.6,0.8,0.));
#7910 = VECTOR('',#7911,1.);
#7911 = DIRECTION('',(0.,0.,1.));
#7912 = ORIENTED_EDGE('',*,*,#7913,.T.);
#7913 = EDGE_CURVE('',#7906,#7862,#7914,.T.);
#7914 = CIRCLE('',#7915,5.5E-02);
#7915 = AXIS2_PLACEMENT_3D('',#7916,#7917,#7918);
#7916 = CARTESIAN_POINT('',(1.545,0.8,5.5E-02));
#7917 = DIRECTION('',(0.,1.,0.));
#7918 = DIRECTION('',(0.,-0.,1.));
#7919 = PLANE('',#7920);
#7920 = AXIS2_PLACEMENT_3D('',#7921,#7922,#7923);
#7921 = CARTESIAN_POINT('',(1.1,0.8,0.));
#7922 = DIRECTION('',(0.,1.,0.));
#7923 = DIRECTION('',(0.,-0.,1.));
#7924 = ADVANCED_FACE('',(#7925),#7943,.T.);
#7925 = FACE_BOUND('',#7926,.T.);
#7926 = EDGE_LOOP('',(#7927,#7928,#7929,#7937));
#7927 = ORIENTED_EDGE('',*,*,#7672,.F.);
#7928 = ORIENTED_EDGE('',*,*,#7837,.T.);
#7929 = ORIENTED_EDGE('',*,*,#7930,.T.);
#7930 = EDGE_CURVE('',#7838,#7931,#7933,.T.);
#7931 = VERTEX_POINT('',#7932);
#7932 = CARTESIAN_POINT('',(1.1,0.8,0.55));
#7933 = LINE('',#7934,#7935);
#7934 = CARTESIAN_POINT('',(-1.1,0.8,0.55));
#7935 = VECTOR('',#7936,1.);
#7936 = DIRECTION('',(1.,0.,0.));
#7937 = ORIENTED_EDGE('',*,*,#7938,.F.);
#7938 = EDGE_CURVE('',#7673,#7931,#7939,.T.);
#7939 = LINE('',#7940,#7941);
#7940 = CARTESIAN_POINT('',(1.1,0.8,0.495));
#7941 = VECTOR('',#7942,1.);
#7942 = DIRECTION('',(0.,0.,1.));
#7943 = PLANE('',#7944);
#7944 = AXIS2_PLACEMENT_3D('',#7945,#7946,#7947);
#7945 = CARTESIAN_POINT('',(-1.1,0.8,0.495));
#7946 = DIRECTION('',(0.,1.,0.));
#7947 = DIRECTION('',(0.,-0.,1.));
#7948 = ADVANCED_FACE('',(#7949),#7960,.T.);
#7949 = FACE_BOUND('',#7950,.T.);
#7950 = EDGE_LOOP('',(#7951,#7952,#7953,#7959));
#7951 = ORIENTED_EDGE('',*,*,#7720,.T.);
#7952 = ORIENTED_EDGE('',*,*,#7869,.T.);
#7953 = ORIENTED_EDGE('',*,*,#7954,.F.);
#7954 = EDGE_CURVE('',#7736,#7860,#7955,.T.);
#7955 = LINE('',#7956,#7957);
#7956 = CARTESIAN_POINT('',(1.155,-0.8,0.));
#7957 = VECTOR('',#7958,1.);
#7958 = DIRECTION('',(0.,1.,0.));
#7959 = ORIENTED_EDGE('',*,*,#7745,.F.);
#7960 = CYLINDRICAL_SURFACE('',#7961,5.5E-02);
#7961 = AXIS2_PLACEMENT_3D('',#7962,#7963,#7964);
#7962 = CARTESIAN_POINT('',(1.155,-0.8,5.5E-02));
#7963 = DIRECTION('',(0.,1.,0.));
#7964 = DIRECTION('',(-1.,0.,0.));
#7965 = ADVANCED_FACE('',(#7966),#7977,.F.);
#7966 = FACE_BOUND('',#7967,.F.);
#7967 = EDGE_LOOP('',(#7968,#7969,#7970,#7971));
#7968 = ORIENTED_EDGE('',*,*,#7859,.F.);
#7969 = ORIENTED_EDGE('',*,*,#7954,.F.);
#7970 = ORIENTED_EDGE('',*,*,#7735,.T.);
#7971 = ORIENTED_EDGE('',*,*,#7972,.T.);
#7972 = EDGE_CURVE('',#7738,#7862,#7973,.T.);
#7973 = LINE('',#7974,#7975);
#7974 = CARTESIAN_POINT('',(1.545,-0.8,0.));
#7975 = VECTOR('',#7976,1.);
#7976 = DIRECTION('',(0.,1.,0.));
#7977 = PLANE('',#7978);
#7978 = AXIS2_PLACEMENT_3D('',#7979,#7980,#7981);
#7979 = CARTESIAN_POINT('',(1.1,-0.8,0.));
#7980 = DIRECTION('',(0.,0.,1.));
#7981 = DIRECTION('',(1.,0.,-0.));
#7982 = ADVANCED_FACE('',(#7983),#7994,.T.);
#7983 = FACE_BOUND('',#7984,.T.);
#7984 = EDGE_LOOP('',(#7985,#7986,#7987,#7988));
#7985 = ORIENTED_EDGE('',*,*,#7789,.T.);
#7986 = ORIENTED_EDGE('',*,*,#7972,.T.);
#7987 = ORIENTED_EDGE('',*,*,#7913,.F.);
#7988 = ORIENTED_EDGE('',*,*,#7989,.F.);
#7989 = EDGE_CURVE('',#7782,#7906,#7990,.T.);
#7990 = LINE('',#7991,#7992);
#7991 = CARTESIAN_POINT('',(1.6,-0.8,5.5E-02));
#7992 = VECTOR('',#7993,1.);
#7993 = DIRECTION('',(0.,1.,0.));
#7994 = CYLINDRICAL_SURFACE('',#7995,5.5E-02);
#7995 = AXIS2_PLACEMENT_3D('',#7996,#7997,#7998);
#7996 = CARTESIAN_POINT('',(1.545,-0.8,5.5E-02));
#7997 = DIRECTION('',(0.,1.,0.));
#7998 = DIRECTION('',(1.,0.,0.));
#7999 = ADVANCED_FACE('',(#8000),#8011,.T.);
#8000 = FACE_BOUND('',#8001,.T.);
#8001 = EDGE_LOOP('',(#8002,#8003,#8004,#8005));
#8002 = ORIENTED_EDGE('',*,*,#7781,.F.);
#8003 = ORIENTED_EDGE('',*,*,#7989,.T.);
#8004 = ORIENTED_EDGE('',*,*,#7905,.T.);
#8005 = ORIENTED_EDGE('',*,*,#8006,.F.);
#8006 = EDGE_CURVE('',#7773,#7897,#8007,.T.);
#8007 = LINE('',#8008,#8009);
#8008 = CARTESIAN_POINT('',(1.6,-0.8,0.495));
#8009 = VECTOR('',#8010,1.);
#8010 = DIRECTION('',(0.,1.,0.));
#8011 = PLANE('',#8012);
#8012 = AXIS2_PLACEMENT_3D('',#8013,#8014,#8015);
#8013 = CARTESIAN_POINT('',(1.6,-0.8,0.));
#8014 = DIRECTION('',(1.,0.,0.));
#8015 = DIRECTION('',(0.,0.,1.));
#8016 = ADVANCED_FACE('',(#8017),#8028,.T.);
#8017 = FACE_BOUND('',#8018,.T.);
#8018 = EDGE_LOOP('',(#8019,#8020,#8021,#8027));
#8019 = ORIENTED_EDGE('',*,*,#8006,.T.);
#8020 = ORIENTED_EDGE('',*,*,#7896,.T.);
#8021 = ORIENTED_EDGE('',*,*,#8022,.F.);
#8022 = EDGE_CURVE('',#7765,#7889,#8023,.T.);
#8023 = LINE('',#8024,#8025);
#8024 = CARTESIAN_POINT('',(1.545,-0.8,0.55));
#8025 = VECTOR('',#8026,1.);
#8026 = DIRECTION('',(0.,1.,0.));
#8027 = ORIENTED_EDGE('',*,*,#7772,.F.);
#8028 = CYLINDRICAL_SURFACE('',#8029,5.5E-02);
#8029 = AXIS2_PLACEMENT_3D('',#8030,#8031,#8032);
#8030 = CARTESIAN_POINT('',(1.545,-0.8,0.495));
#8031 = DIRECTION('',(0.,1.,0.));
#8032 = DIRECTION('',(1.,0.,0.));
#8033 = ADVANCED_FACE('',(#8034),#8045,.T.);
#8034 = FACE_BOUND('',#8035,.T.);
#8035 = EDGE_LOOP('',(#8036,#8037,#8043,#8044));
#8036 = ORIENTED_EDGE('',*,*,#7888,.F.);
#8037 = ORIENTED_EDGE('',*,*,#8038,.F.);
#8038 = EDGE_CURVE('',#7756,#7880,#8039,.T.);
#8039 = LINE('',#8040,#8041);
#8040 = CARTESIAN_POINT('',(1.155,-0.8,0.55));
#8041 = VECTOR('',#8042,1.);
#8042 = DIRECTION('',(0.,1.,0.));
#8043 = ORIENTED_EDGE('',*,*,#7764,.T.);
#8044 = ORIENTED_EDGE('',*,*,#8022,.T.);
#8045 = PLANE('',#8046);
#8046 = AXIS2_PLACEMENT_3D('',#8047,#8048,#8049);
#8047 = CARTESIAN_POINT('',(1.1,-0.8,0.55));
#8048 = DIRECTION('',(0.,0.,1.));
#8049 = DIRECTION('',(1.,0.,-0.));
#8050 = ADVANCED_FACE('',(#8051),#8062,.T.);
#8051 = FACE_BOUND('',#8052,.T.);
#8052 = EDGE_LOOP('',(#8053,#8054,#8055,#8056));
#8053 = ORIENTED_EDGE('',*,*,#7755,.T.);
#8054 = ORIENTED_EDGE('',*,*,#8038,.T.);
#8055 = ORIENTED_EDGE('',*,*,#7879,.F.);
#8056 = ORIENTED_EDGE('',*,*,#8057,.F.);
#8057 = EDGE_CURVE('',#7590,#7673,#8058,.T.);
#8058 = LINE('',#8059,#8060);
#8059 = CARTESIAN_POINT('',(1.1,-0.8,0.495));
#8060 = VECTOR('',#8061,1.);
#8061 = DIRECTION('',(0.,1.,0.));
#8062 = CYLINDRICAL_SURFACE('',#8063,5.5E-02);
#8063 = AXIS2_PLACEMENT_3D('',#8064,#8065,#8066);
#8064 = CARTESIAN_POINT('',(1.155,-0.8,0.495));
#8065 = DIRECTION('',(0.,1.,0.));
#8066 = DIRECTION('',(-1.,0.,0.));
#8067 = ADVANCED_FACE('',(#8068),#8079,.T.);
#8068 = FACE_BOUND('',#8069,.T.);
#8069 = EDGE_LOOP('',(#8070,#8071,#8072,#8073));
#8070 = ORIENTED_EDGE('',*,*,#7821,.F.);
#8071 = ORIENTED_EDGE('',*,*,#8057,.T.);
#8072 = ORIENTED_EDGE('',*,*,#7938,.T.);
#8073 = ORIENTED_EDGE('',*,*,#8074,.F.);
#8074 = EDGE_CURVE('',#7814,#7931,#8075,.T.);
#8075 = LINE('',#8076,#8077);
#8076 = CARTESIAN_POINT('',(1.1,-0.8,0.55));
#8077 = VECTOR('',#8078,1.);
#8078 = DIRECTION('',(0.,1.,0.));
#8079 = PLANE('',#8080);
#8080 = AXIS2_PLACEMENT_3D('',#8081,#8082,#8083);
#8081 = CARTESIAN_POINT('',(1.1,-0.8,0.495));
#8082 = DIRECTION('',(1.,0.,0.));
#8083 = DIRECTION('',(0.,0.,1.));
#8084 = ADVANCED_FACE('',(#8085),#8091,.T.);
#8085 = FACE_BOUND('',#8086,.T.);
#8086 = EDGE_LOOP('',(#8087,#8088,#8089,#8090));
#8087 = ORIENTED_EDGE('',*,*,#7845,.F.);
#8088 = ORIENTED_EDGE('',*,*,#7813,.T.);
#8089 = ORIENTED_EDGE('',*,*,#8074,.T.);
#8090 = ORIENTED_EDGE('',*,*,#7930,.F.);
#8091 = PLANE('',#8092);
#8092 = AXIS2_PLACEMENT_3D('',#8093,#8094,#8095);
#8093 = CARTESIAN_POINT('',(-1.1,-0.8,0.55));
#8094 = DIRECTION('',(0.,0.,1.));
#8095 = DIRECTION('',(1.,0.,-0.));
#8096 = ( GEOMETRIC_REPRESENTATION_CONTEXT(3) 
GLOBAL_UNCERTAINTY_ASSIGNED_CONTEXT((#8100)) 
GLOBAL_UNIT_ASSIGNED_CONTEXT((#8097,#8098,#8099)) REPRESENTATION_CONTEXT
('Context #1','3D Context with UNIT and UNCERTAINTY') );
#8097 = ( LENGTH_UNIT() NAMED_UNIT(*) SI_UNIT(.MILLI.,.METRE.) );
#8098 = ( NAMED_UNIT(*) PLANE_ANGLE_UNIT() SI_UNIT($,.RADIAN.) );
#8099 = ( NAMED_UNIT(*) SI_UNIT($,.STERADIAN.) SOLID_ANGLE_UNIT() );
#8100 = UNCERTAINTY_MEASURE_WITH_UNIT(LENGTH_MEASURE(1.E-07),#8097,
  'distance_accuracy_value','confusion accuracy');
#8101 = CONTEXT_DEPENDENT_SHAPE_REPRESENTATION(#8102,#8104);
#8102 = ( REPRESENTATION_RELATIONSHIP('','',#7305,#7282) 
REPRESENTATION_RELATIONSHIP_WITH_TRANSFORMATION(#8103) 
SHAPE_REPRESENTATION_RELATIONSHIP() );
#8103 = ITEM_DEFINED_TRANSFORMATION('','',#11,#7283);
#8104 = PRODUCT_DEFINITION_SHAPE('Placement','Placement of an item',
  #8105);
#8105 = NEXT_ASSEMBLY_USAGE_OCCURRENCE('13','=>[0:1:1:11]','',#7277,
  #7300,$);
#8106 = PRODUCT_RELATED_PRODUCT_CATEGORY('part',$,(#7302));
#8107 = CONTEXT_DEPENDENT_SHAPE_REPRESENTATION(#8108,#8110);
#8108 = ( REPRESENTATION_RELATIONSHIP('','',#3310,#10) 
REPRESENTATION_RELATIONSHIP_WITH_TRANSFORMATION(#8109) 
SHAPE_REPRESENTATION_RELATIONSHIP() );
#8109 = ITEM_DEFINED_TRANSFORMATION('','',#11,#51);
#8110 = PRODUCT_DEFINITION_SHAPE('Placement','Placement of an item',
  #8111);
#8111 = NEXT_ASSEMBLY_USAGE_OCCURRENCE('15','C16','',#5,#3305,$);
#8112 = CONTEXT_DEPENDENT_SHAPE_REPRESENTATION(#8113,#8115);
#8113 = ( REPRESENTATION_RELATIONSHIP('','',#136,#10) 
REPRESENTATION_RELATIONSHIP_WITH_TRANSFORMATION(#8114) 
SHAPE_REPRESENTATION_RELATIONSHIP() );
#8114 = ITEM_DEFINED_TRANSFORMATION('','',#11,#55);
#8115 = PRODUCT_DEFINITION_SHAPE('Placement','Placement of an item',
  #8116);
#8116 = NEXT_ASSEMBLY_USAGE_OCCURRENCE('16','J4','',#5,#131,$);
#8117 = CONTEXT_DEPENDENT_SHAPE_REPRESENTATION(#8118,#8120);
#8118 = ( REPRESENTATION_RELATIONSHIP('','',#3310,#10) 
REPRESENTATION_RELATIONSHIP_WITH_TRANSFORMATION(#8119) 
SHAPE_REPRESENTATION_RELATIONSHIP() );
#8119 = ITEM_DEFINED_TRANSFORMATION('','',#11,#59);
#8120 = PRODUCT_DEFINITION_SHAPE('Placement','Placement of an item',
  #8121);
#8121 = NEXT_ASSEMBLY_USAGE_OCCURRENCE('17','C15','',#5,#3305,$);
#8122 = SHAPE_DEFINITION_REPRESENTATION(#8123,#8129);
#8123 = PRODUCT_DEFINITION_SHAPE('','',#8124);
#8124 = PRODUCT_DEFINITION('design','',#8125,#8128);
#8125 = PRODUCT_DEFINITION_FORMATION('','',#8126);
#8126 = PRODUCT('PinHeader_1x03_P2.54mm_Vertical',
  'PinHeader_1x03_P2.54mm_Vertical','',(#8127));
#8127 = PRODUCT_CONTEXT('',#2,'mechanical');
#8128 = PRODUCT_DEFINITION_CONTEXT('part definition',#2,'design');
#8129 = SHAPE_REPRESENTATION('',(#11,#8130),#8134);
#8130 = AXIS2_PLACEMENT_3D('',#8131,#8132,#8133);
#8131 = CARTESIAN_POINT('',(0.,0.,0.));
#8132 = DIRECTION('',(0.,0.,1.));
#8133 = DIRECTION('',(1.,0.,-0.));
#8134 = ( GEOMETRIC_REPRESENTATION_CONTEXT(3) 
GLOBAL_UNCERTAINTY_ASSIGNED_CONTEXT((#8138)) 
GLOBAL_UNIT_ASSIGNED_CONTEXT((#8135,#8136,#8137)) REPRESENTATION_CONTEXT
('Context #1','3D Context with UNIT and UNCERTAINTY') );
#8135 = ( LENGTH_UNIT() NAMED_UNIT(*) SI_UNIT(.MILLI.,.METRE.) );
#8136 = ( NAMED_UNIT(*) PLANE_ANGLE_UNIT() SI_UNIT($,.RADIAN.) );
#8137 = ( NAMED_UNIT(*) SI_UNIT($,.STERADIAN.) SOLID_ANGLE_UNIT() );
#8138 = UNCERTAINTY_MEASURE_WITH_UNIT(LENGTH_MEASURE(1.E-07),#8135,
  'distance_accuracy_value','confusion accuracy');
#8139 = CONTEXT_DEPENDENT_SHAPE_REPRESENTATION(#8140,#8142);
#8140 = ( REPRESENTATION_RELATIONSHIP('','',#8129,#10) 
REPRESENTATION_RELATIONSHIP_WITH_TRANSFORMATION(#8141) 
SHAPE_REPRESENTATION_RELATIONSHIP() );
#8141 = ITEM_DEFINED_TRANSFORMATION('','',#11,#63);
#8142 = PRODUCT_DEFINITION_SHAPE('Placement','Placement of an item',
  #8143);
#8143 = NEXT_ASSEMBLY_USAGE_OCCURRENCE('19','J9','',#5,#8124,$);
#8144 = PRODUCT_RELATED_PRODUCT_CATEGORY('part',$,(#8126));
#8145 = SHAPE_DEFINITION_REPRESENTATION(#8146,#8152);
#8146 = PRODUCT_DEFINITION_SHAPE('','',#8147);
#8147 = PRODUCT_DEFINITION('design','',#8148,#8151);
#8148 = PRODUCT_DEFINITION_FORMATION('','',#8149);
#8149 = PRODUCT('PinHeader_1x03_P254mm_Vertical',
  'PinHeader_1x03_P254mm_Vertical','',(#8150));
#8150 = PRODUCT_CONTEXT('',#2,'mechanical');
#8151 = PRODUCT_DEFINITION_CONTEXT('part definition',#2,'design');
#8152 = ADVANCED_BREP_SHAPE_REPRESENTATION('',(#11,#8153),#10259);
#8153 = MANIFOLD_SOLID_BREP('',#8154);
#8154 = CLOSED_SHELL('',(#8155,#8195,#8226,#8257,#8504,#8751,#8768,#8785
    ,#8802,#8819,#8836,#8853,#8870,#8887,#8904,#8921,#8938,#8955,#8972,
    #8989,#9006,#9023,#9035,#9066,#9090,#9114,#9131,#9162,#9186,#9210,
    #9227,#9258,#9282,#9306,#9323,#9354,#9378,#9402,#9419,#9450,#9474,
    #9498,#9515,#9546,#9570,#9594,#9611,#9642,#9666,#9690,#9707,#9738,
    #9762,#9786,#9803,#9834,#9858,#9882,#9899,#9930,#9954,#9978,#9995,
    #10026,#10050,#10074,#10091,#10122,#10146,#10170,#10187,#10199,
    #10211,#10223,#10235,#10247));
#8155 = ADVANCED_FACE('',(#8156),#8190,.F.);
#8156 = FACE_BOUND('',#8157,.F.);
#8157 = EDGE_LOOP('',(#8158,#8168,#8176,#8184));
#8158 = ORIENTED_EDGE('',*,*,#8159,.T.);
#8159 = EDGE_CURVE('',#8160,#8162,#8164,.T.);
#8160 = VERTEX_POINT('',#8161);
#8161 = CARTESIAN_POINT('',(-1.016,1.27,0.));
#8162 = VERTEX_POINT('',#8163);
#8163 = CARTESIAN_POINT('',(-1.016,1.27,2.54));
#8164 = LINE('',#8165,#8166);
#8165 = CARTESIAN_POINT('',(-1.016,1.27,0.));
#8166 = VECTOR('',#8167,1.);
#8167 = DIRECTION('',(0.,0.,1.));
#8168 = ORIENTED_EDGE('',*,*,#8169,.T.);
#8169 = EDGE_CURVE('',#8162,#8170,#8172,.T.);
#8170 = VERTEX_POINT('',#8171);
#8171 = CARTESIAN_POINT('',(-1.27,1.016,2.54));
#8172 = LINE('',#8173,#8174);
#8173 = CARTESIAN_POINT('',(-1.016,1.27,2.54));
#8174 = VECTOR('',#8175,1.);
#8175 = DIRECTION('',(-0.707106781187,-0.707106781187,0.));
#8176 = ORIENTED_EDGE('',*,*,#8177,.F.);
#8177 = EDGE_CURVE('',#8178,#8170,#8180,.T.);
#8178 = VERTEX_POINT('',#8179);
#8179 = CARTESIAN_POINT('',(-1.27,1.016,0.));
#8180 = LINE('',#8181,#8182);
#8181 = CARTESIAN_POINT('',(-1.27,1.016,0.));
#8182 = VECTOR('',#8183,1.);
#8183 = DIRECTION('',(0.,0.,1.));
#8184 = ORIENTED_EDGE('',*,*,#8185,.F.);
#8185 = EDGE_CURVE('',#8160,#8178,#8186,.T.);
#8186 = LINE('',#8187,#8188);
#8187 = CARTESIAN_POINT('',(-1.016,1.27,0.));
#8188 = VECTOR('',#8189,1.);
#8189 = DIRECTION('',(-0.707106781187,-0.707106781187,0.));
#8190 = PLANE('',#8191);
#8191 = AXIS2_PLACEMENT_3D('',#8192,#8193,#8194);
#8192 = CARTESIAN_POINT('',(-1.016,1.27,0.));
#8193 = DIRECTION('',(0.707106781187,-0.707106781187,0.));
#8194 = DIRECTION('',(-0.707106781187,-0.707106781187,0.));
#8195 = ADVANCED_FACE('',(#8196),#8221,.F.);
#8196 = FACE_BOUND('',#8197,.F.);
#8197 = EDGE_LOOP('',(#8198,#8208,#8214,#8215));
#8198 = ORIENTED_EDGE('',*,*,#8199,.T.);
#8199 = EDGE_CURVE('',#8200,#8202,#8204,.T.);
#8200 = VERTEX_POINT('',#8201);
#8201 = CARTESIAN_POINT('',(1.016,1.27,0.));
#8202 = VERTEX_POINT('',#8203);
#8203 = CARTESIAN_POINT('',(1.016,1.27,2.54));
#8204 = LINE('',#8205,#8206);
#8205 = CARTESIAN_POINT('',(1.016,1.27,0.));
#8206 = VECTOR('',#8207,1.);
#8207 = DIRECTION('',(0.,0.,1.));
#8208 = ORIENTED_EDGE('',*,*,#8209,.T.);
#8209 = EDGE_CURVE('',#8202,#8162,#8210,.T.);
#8210 = LINE('',#8211,#8212);
#8211 = CARTESIAN_POINT('',(1.016,1.27,2.54));
#8212 = VECTOR('',#8213,1.);
#8213 = DIRECTION('',(-1.,0.,0.));
#8214 = ORIENTED_EDGE('',*,*,#8159,.F.);
#8215 = ORIENTED_EDGE('',*,*,#8216,.F.);
#8216 = EDGE_CURVE('',#8200,#8160,#8217,.T.);
#8217 = LINE('',#8218,#8219);
#8218 = CARTESIAN_POINT('',(1.016,1.27,0.));
#8219 = VECTOR('',#8220,1.);
#8220 = DIRECTION('',(-1.,0.,0.));
#8221 = PLANE('',#8222);
#8222 = AXIS2_PLACEMENT_3D('',#8223,#8224,#8225);
#8223 = CARTESIAN_POINT('',(1.016,1.27,0.));
#8224 = DIRECTION('',(0.,-1.,0.));
#8225 = DIRECTION('',(-1.,0.,0.));
#8226 = ADVANCED_FACE('',(#8227),#8252,.F.);
#8227 = FACE_BOUND('',#8228,.F.);
#8228 = EDGE_LOOP('',(#8229,#8230,#8238,#8246));
#8229 = ORIENTED_EDGE('',*,*,#8177,.T.);
#8230 = ORIENTED_EDGE('',*,*,#8231,.T.);
#8231 = EDGE_CURVE('',#8170,#8232,#8234,.T.);
#8232 = VERTEX_POINT('',#8233);
#8233 = CARTESIAN_POINT('',(-1.27,-1.016,2.54));
#8234 = LINE('',#8235,#8236);
#8235 = CARTESIAN_POINT('',(-1.27,1.016,2.54));
#8236 = VECTOR('',#8237,1.);
#8237 = DIRECTION('',(0.,-1.,0.));
#8238 = ORIENTED_EDGE('',*,*,#8239,.F.);
#8239 = EDGE_CURVE('',#8240,#8232,#8242,.T.);
#8240 = VERTEX_POINT('',#8241);
#8241 = CARTESIAN_POINT('',(-1.27,-1.016,0.));
#8242 = LINE('',#8243,#8244);
#8243 = CARTESIAN_POINT('',(-1.27,-1.016,0.));
#8244 = VECTOR('',#8245,1.);
#8245 = DIRECTION('',(0.,0.,1.));
#8246 = ORIENTED_EDGE('',*,*,#8247,.F.);
#8247 = EDGE_CURVE('',#8178,#8240,#8248,.T.);
#8248 = LINE('',#8249,#8250);
#8249 = CARTESIAN_POINT('',(-1.27,1.016,0.));
#8250 = VECTOR('',#8251,1.);
#8251 = DIRECTION('',(0.,-1.,0.));
#8252 = PLANE('',#8253);
#8253 = AXIS2_PLACEMENT_3D('',#8254,#8255,#8256);
#8254 = CARTESIAN_POINT('',(-1.27,1.016,0.));
#8255 = DIRECTION('',(1.,0.,0.));
#8256 = DIRECTION('',(0.,-1.,0.));
#8257 = ADVANCED_FACE('',(#8258,#8397,#8431,#8465),#8499,.F.);
#8258 = FACE_BOUND('',#8259,.F.);
#8259 = EDGE_LOOP('',(#8260,#8261,#8262,#8270,#8278,#8286,#8294,#8302,
    #8310,#8318,#8326,#8334,#8342,#8350,#8358,#8366,#8374,#8382,#8390,
    #8396));
#8260 = ORIENTED_EDGE('',*,*,#8185,.T.);
#8261 = ORIENTED_EDGE('',*,*,#8247,.T.);
#8262 = ORIENTED_EDGE('',*,*,#8263,.T.);
#8263 = EDGE_CURVE('',#8240,#8264,#8266,.T.);
#8264 = VERTEX_POINT('',#8265);
#8265 = CARTESIAN_POINT('',(-1.016,-1.27,0.));
#8266 = LINE('',#8267,#8268);
#8267 = CARTESIAN_POINT('',(-1.27,-1.016,0.));
#8268 = VECTOR('',#8269,1.);
#8269 = DIRECTION('',(0.707106781187,-0.707106781187,0.));
#8270 = ORIENTED_EDGE('',*,*,#8271,.T.);
#8271 = EDGE_CURVE('',#8264,#8272,#8274,.T.);
#8272 = VERTEX_POINT('',#8273);
#8273 = CARTESIAN_POINT('',(-1.27,-1.524,0.));
#8274 = LINE('',#8275,#8276);
#8275 = CARTESIAN_POINT('',(-1.016,-1.27,0.));
#8276 = VECTOR('',#8277,1.);
#8277 = DIRECTION('',(-0.707106781187,-0.707106781187,0.));
#8278 = ORIENTED_EDGE('',*,*,#8279,.T.);
#8279 = EDGE_CURVE('',#8272,#8280,#8282,.T.);
#8280 = VERTEX_POINT('',#8281);
#8281 = CARTESIAN_POINT('',(-1.27,-3.556,0.));
#8282 = LINE('',#8283,#8284);
#8283 = CARTESIAN_POINT('',(-1.27,-1.524,0.));
#8284 = VECTOR('',#8285,1.);
#8285 = DIRECTION('',(0.,-1.,0.));
#8286 = ORIENTED_EDGE('',*,*,#8287,.T.);
#8287 = EDGE_CURVE('',#8280,#8288,#8290,.T.);
#8288 = VERTEX_POINT('',#8289);
#8289 = CARTESIAN_POINT('',(-1.016,-3.81,0.));
#8290 = LINE('',#8291,#8292);
#8291 = CARTESIAN_POINT('',(-1.27,-3.556,0.));
#8292 = VECTOR('',#8293,1.);
#8293 = DIRECTION('',(0.707106781187,-0.707106781187,0.));
#8294 = ORIENTED_EDGE('',*,*,#8295,.T.);
#8295 = EDGE_CURVE('',#8288,#8296,#8298,.T.);
#8296 = VERTEX_POINT('',#8297);
#8297 = CARTESIAN_POINT('',(-1.27,-4.064,0.));
#8298 = LINE('',#8299,#8300);
#8299 = CARTESIAN_POINT('',(-1.016,-3.81,0.));
#8300 = VECTOR('',#8301,1.);
#8301 = DIRECTION('',(-0.707106781187,-0.707106781187,0.));
#8302 = ORIENTED_EDGE('',*,*,#8303,.T.);
#8303 = EDGE_CURVE('',#8296,#8304,#8306,.T.);
#8304 = VERTEX_POINT('',#8305);
#8305 = CARTESIAN_POINT('',(-1.27,-6.096,0.));
#8306 = LINE('',#8307,#8308);
#8307 = CARTESIAN_POINT('',(-1.27,-4.064,0.));
#8308 = VECTOR('',#8309,1.);
#8309 = DIRECTION('',(0.,-1.,0.));
#8310 = ORIENTED_EDGE('',*,*,#8311,.T.);
#8311 = EDGE_CURVE('',#8304,#8312,#8314,.T.);
#8312 = VERTEX_POINT('',#8313);
#8313 = CARTESIAN_POINT('',(-1.016,-6.35,0.));
#8314 = LINE('',#8315,#8316);
#8315 = CARTESIAN_POINT('',(-1.27,-6.096,0.));
#8316 = VECTOR('',#8317,1.);
#8317 = DIRECTION('',(0.707106781187,-0.707106781187,0.));
#8318 = ORIENTED_EDGE('',*,*,#8319,.T.);
#8319 = EDGE_CURVE('',#8312,#8320,#8322,.T.);
#8320 = VERTEX_POINT('',#8321);
#8321 = CARTESIAN_POINT('',(1.016,-6.35,0.));
#8322 = LINE('',#8323,#8324);
#8323 = CARTESIAN_POINT('',(-1.016,-6.35,0.));
#8324 = VECTOR('',#8325,1.);
#8325 = DIRECTION('',(1.,0.,0.));
#8326 = ORIENTED_EDGE('',*,*,#8327,.T.);
#8327 = EDGE_CURVE('',#8320,#8328,#8330,.T.);
#8328 = VERTEX_POINT('',#8329);
#8329 = CARTESIAN_POINT('',(1.27,-6.096,0.));
#8330 = LINE('',#8331,#8332);
#8331 = CARTESIAN_POINT('',(1.016,-6.35,0.));
#8332 = VECTOR('',#8333,1.);
#8333 = DIRECTION('',(0.707106781187,0.707106781187,0.));
#8334 = ORIENTED_EDGE('',*,*,#8335,.T.);
#8335 = EDGE_CURVE('',#8328,#8336,#8338,.T.);
#8336 = VERTEX_POINT('',#8337);
#8337 = CARTESIAN_POINT('',(1.27,-4.064,0.));
#8338 = LINE('',#8339,#8340);
#8339 = CARTESIAN_POINT('',(1.27,-6.096,0.));
#8340 = VECTOR('',#8341,1.);
#8341 = DIRECTION('',(0.,1.,0.));
#8342 = ORIENTED_EDGE('',*,*,#8343,.T.);
#8343 = EDGE_CURVE('',#8336,#8344,#8346,.T.);
#8344 = VERTEX_POINT('',#8345);
#8345 = CARTESIAN_POINT('',(1.016,-3.81,0.));
#8346 = LINE('',#8347,#8348);
#8347 = CARTESIAN_POINT('',(1.27,-4.064,0.));
#8348 = VECTOR('',#8349,1.);
#8349 = DIRECTION('',(-0.707106781187,0.707106781187,0.));
#8350 = ORIENTED_EDGE('',*,*,#8351,.T.);
#8351 = EDGE_CURVE('',#8344,#8352,#8354,.T.);
#8352 = VERTEX_POINT('',#8353);
#8353 = CARTESIAN_POINT('',(1.27,-3.556,0.));
#8354 = LINE('',#8355,#8356);
#8355 = CARTESIAN_POINT('',(1.016,-3.81,0.));
#8356 = VECTOR('',#8357,1.);
#8357 = DIRECTION('',(0.707106781187,0.707106781187,0.));
#8358 = ORIENTED_EDGE('',*,*,#8359,.T.);
#8359 = EDGE_CURVE('',#8352,#8360,#8362,.T.);
#8360 = VERTEX_POINT('',#8361);
#8361 = CARTESIAN_POINT('',(1.27,-1.524,0.));
#8362 = LINE('',#8363,#8364);
#8363 = CARTESIAN_POINT('',(1.27,-3.556,0.));
#8364 = VECTOR('',#8365,1.);
#8365 = DIRECTION('',(0.,1.,0.));
#8366 = ORIENTED_EDGE('',*,*,#8367,.T.);
#8367 = EDGE_CURVE('',#8360,#8368,#8370,.T.);
#8368 = VERTEX_POINT('',#8369);
#8369 = CARTESIAN_POINT('',(1.016,-1.27,0.));
#8370 = LINE('',#8371,#8372);
#8371 = CARTESIAN_POINT('',(1.27,-1.524,0.));
#8372 = VECTOR('',#8373,1.);
#8373 = DIRECTION('',(-0.707106781187,0.707106781187,0.));
#8374 = ORIENTED_EDGE('',*,*,#8375,.T.);
#8375 = EDGE_CURVE('',#8368,#8376,#8378,.T.);
#8376 = VERTEX_POINT('',#8377);
#8377 = CARTESIAN_POINT('',(1.27,-1.016,0.));
#8378 = LINE('',#8379,#8380);
#8379 = CARTESIAN_POINT('',(1.016,-1.27,0.));
#8380 = VECTOR('',#8381,1.);
#8381 = DIRECTION('',(0.707106781187,0.707106781187,0.));
#8382 = ORIENTED_EDGE('',*,*,#8383,.T.);
#8383 = EDGE_CURVE('',#8376,#8384,#8386,.T.);
#8384 = VERTEX_POINT('',#8385);
#8385 = CARTESIAN_POINT('',(1.27,1.016,0.));
#8386 = LINE('',#8387,#8388);
#8387 = CARTESIAN_POINT('',(1.27,-1.016,0.));
#8388 = VECTOR('',#8389,1.);
#8389 = DIRECTION('',(0.,1.,0.));
#8390 = ORIENTED_EDGE('',*,*,#8391,.T.);
#8391 = EDGE_CURVE('',#8384,#8200,#8392,.T.);
#8392 = LINE('',#8393,#8394);
#8393 = CARTESIAN_POINT('',(1.27,1.016,0.));
#8394 = VECTOR('',#8395,1.);
#8395 = DIRECTION('',(-0.707106781187,0.707106781187,0.));
#8396 = ORIENTED_EDGE('',*,*,#8216,.T.);
#8397 = FACE_BOUND('',#8398,.F.);
#8398 = EDGE_LOOP('',(#8399,#8409,#8417,#8425));
#8399 = ORIENTED_EDGE('',*,*,#8400,.F.);
#8400 = EDGE_CURVE('',#8401,#8403,#8405,.T.);
#8401 = VERTEX_POINT('',#8402);
#8402 = CARTESIAN_POINT('',(0.32,-0.32,0.));
#8403 = VERTEX_POINT('',#8404);
#8404 = CARTESIAN_POINT('',(0.32,0.32,0.));
#8405 = LINE('',#8406,#8407);
#8406 = CARTESIAN_POINT('',(0.32,-1.43,0.));
#8407 = VECTOR('',#8408,1.);
#8408 = DIRECTION('',(0.,1.,0.));
#8409 = ORIENTED_EDGE('',*,*,#8410,.T.);
#8410 = EDGE_CURVE('',#8401,#8411,#8413,.T.);
#8411 = VERTEX_POINT('',#8412);
#8412 = CARTESIAN_POINT('',(-0.32,-0.32,0.));
#8413 = LINE('',#8414,#8415);
#8414 = CARTESIAN_POINT('',(-0.16,-0.32,0.));
#8415 = VECTOR('',#8416,1.);
#8416 = DIRECTION('',(-1.,0.,0.));
#8417 = ORIENTED_EDGE('',*,*,#8418,.T.);
#8418 = EDGE_CURVE('',#8411,#8419,#8421,.T.);
#8419 = VERTEX_POINT('',#8420);
#8420 = CARTESIAN_POINT('',(-0.32,0.32,0.));
#8421 = LINE('',#8422,#8423);
#8422 = CARTESIAN_POINT('',(-0.32,-1.43,0.));
#8423 = VECTOR('',#8424,1.);
#8424 = DIRECTION('',(0.,1.,0.));
#8425 = ORIENTED_EDGE('',*,*,#8426,.F.);
#8426 = EDGE_CURVE('',#8403,#8419,#8427,.T.);
#8427 = LINE('',#8428,#8429);
#8428 = CARTESIAN_POINT('',(-0.16,0.32,0.));
#8429 = VECTOR('',#8430,1.);
#8430 = DIRECTION('',(-1.,0.,0.));
#8431 = FACE_BOUND('',#8432,.F.);
#8432 = EDGE_LOOP('',(#8433,#8443,#8451,#8459));
#8433 = ORIENTED_EDGE('',*,*,#8434,.T.);
#8434 = EDGE_CURVE('',#8435,#8437,#8439,.T.);
#8435 = VERTEX_POINT('',#8436);
#8436 = CARTESIAN_POINT('',(0.32,-2.86,0.));
#8437 = VERTEX_POINT('',#8438);
#8438 = CARTESIAN_POINT('',(-0.32,-2.86,0.));
#8439 = LINE('',#8440,#8441);
#8440 = CARTESIAN_POINT('',(-0.16,-2.86,0.));
#8441 = VECTOR('',#8442,1.);
#8442 = DIRECTION('',(-1.,0.,0.));
#8443 = ORIENTED_EDGE('',*,*,#8444,.T.);
#8444 = EDGE_CURVE('',#8437,#8445,#8447,.T.);
#8445 = VERTEX_POINT('',#8446);
#8446 = CARTESIAN_POINT('',(-0.32,-2.22,0.));
#8447 = LINE('',#8448,#8449);
#8448 = CARTESIAN_POINT('',(-0.32,-2.7,0.));
#8449 = VECTOR('',#8450,1.);
#8450 = DIRECTION('',(0.,1.,0.));
#8451 = ORIENTED_EDGE('',*,*,#8452,.F.);
#8452 = EDGE_CURVE('',#8453,#8445,#8455,.T.);
#8453 = VERTEX_POINT('',#8454);
#8454 = CARTESIAN_POINT('',(0.32,-2.22,0.));
#8455 = LINE('',#8456,#8457);
#8456 = CARTESIAN_POINT('',(-0.16,-2.22,0.));
#8457 = VECTOR('',#8458,1.);
#8458 = DIRECTION('',(-1.,0.,0.));
#8459 = ORIENTED_EDGE('',*,*,#8460,.F.);
#8460 = EDGE_CURVE('',#8435,#8453,#8461,.T.);
#8461 = LINE('',#8462,#8463);
#8462 = CARTESIAN_POINT('',(0.32,-2.7,0.));
#8463 = VECTOR('',#8464,1.);
#8464 = DIRECTION('',(0.,1.,0.));
#8465 = FACE_BOUND('',#8466,.F.);
#8466 = EDGE_LOOP('',(#8467,#8477,#8485,#8493));
#8467 = ORIENTED_EDGE('',*,*,#8468,.F.);
#8468 = EDGE_CURVE('',#8469,#8471,#8473,.T.);
#8469 = VERTEX_POINT('',#8470);
#8470 = CARTESIAN_POINT('',(0.32,-4.76,0.));
#8471 = VERTEX_POINT('',#8472);
#8472 = CARTESIAN_POINT('',(-0.32,-4.76,0.));
#8473 = LINE('',#8474,#8475);
#8474 = CARTESIAN_POINT('',(-0.16,-4.76,0.));
#8475 = VECTOR('',#8476,1.);
#8476 = DIRECTION('',(-1.,0.,0.));
#8477 = ORIENTED_EDGE('',*,*,#8478,.F.);
#8478 = EDGE_CURVE('',#8479,#8469,#8481,.T.);
#8479 = VERTEX_POINT('',#8480);
#8480 = CARTESIAN_POINT('',(0.32,-5.4,0.));
#8481 = LINE('',#8482,#8483);
#8482 = CARTESIAN_POINT('',(0.32,-3.97,0.));
#8483 = VECTOR('',#8484,1.);
#8484 = DIRECTION('',(0.,1.,0.));
#8485 = ORIENTED_EDGE('',*,*,#8486,.T.);
#8486 = EDGE_CURVE('',#8479,#8487,#8489,.T.);
#8487 = VERTEX_POINT('',#8488);
#8488 = CARTESIAN_POINT('',(-0.32,-5.4,0.));
#8489 = LINE('',#8490,#8491);
#8490 = CARTESIAN_POINT('',(-0.16,-5.4,0.));
#8491 = VECTOR('',#8492,1.);
#8492 = DIRECTION('',(-1.,0.,0.));
#8493 = ORIENTED_EDGE('',*,*,#8494,.T.);
#8494 = EDGE_CURVE('',#8487,#8471,#8495,.T.);
#8495 = LINE('',#8496,#8497);
#8496 = CARTESIAN_POINT('',(-0.32,-3.97,0.));
#8497 = VECTOR('',#8498,1.);
#8498 = DIRECTION('',(0.,1.,0.));
#8499 = PLANE('',#8500);
#8500 = AXIS2_PLACEMENT_3D('',#8501,#8502,#8503);
#8501 = CARTESIAN_POINT('',(5.398204781459E-17,-2.54,0.));
#8502 = DIRECTION('',(0.,0.,1.));
#8503 = DIRECTION('',(1.,0.,-0.));
#8504 = ADVANCED_FACE('',(#8505,#8644,#8678,#8712),#8746,.T.);
#8505 = FACE_BOUND('',#8506,.T.);
#8506 = EDGE_LOOP('',(#8507,#8508,#8509,#8517,#8525,#8533,#8541,#8549,
    #8557,#8565,#8573,#8581,#8589,#8597,#8605,#8613,#8621,#8629,#8637,
    #8643));
#8507 = ORIENTED_EDGE('',*,*,#8169,.T.);
#8508 = ORIENTED_EDGE('',*,*,#8231,.T.);
#8509 = ORIENTED_EDGE('',*,*,#8510,.T.);
#8510 = EDGE_CURVE('',#8232,#8511,#8513,.T.);
#8511 = VERTEX_POINT('',#8512);
#8512 = CARTESIAN_POINT('',(-1.016,-1.27,2.54));
#8513 = LINE('',#8514,#8515);
#8514 = CARTESIAN_POINT('',(-1.27,-1.016,2.54));
#8515 = VECTOR('',#8516,1.);
#8516 = DIRECTION('',(0.707106781187,-0.707106781187,0.));
#8517 = ORIENTED_EDGE('',*,*,#8518,.T.);
#8518 = EDGE_CURVE('',#8511,#8519,#8521,.T.);
#8519 = VERTEX_POINT('',#8520);
#8520 = CARTESIAN_POINT('',(-1.27,-1.524,2.54));
#8521 = LINE('',#8522,#8523);
#8522 = CARTESIAN_POINT('',(-1.016,-1.27,2.54));
#8523 = VECTOR('',#8524,1.);
#8524 = DIRECTION('',(-0.707106781187,-0.707106781187,0.));
#8525 = ORIENTED_EDGE('',*,*,#8526,.T.);
#8526 = EDGE_CURVE('',#8519,#8527,#8529,.T.);
#8527 = VERTEX_POINT('',#8528);
#8528 = CARTESIAN_POINT('',(-1.27,-3.556,2.54));
#8529 = LINE('',#8530,#8531);
#8530 = CARTESIAN_POINT('',(-1.27,-1.524,2.54));
#8531 = VECTOR('',#8532,1.);
#8532 = DIRECTION('',(0.,-1.,0.));
#8533 = ORIENTED_EDGE('',*,*,#8534,.T.);
#8534 = EDGE_CURVE('',#8527,#8535,#8537,.T.);
#8535 = VERTEX_POINT('',#8536);
#8536 = CARTESIAN_POINT('',(-1.016,-3.81,2.54));
#8537 = LINE('',#8538,#8539);
#8538 = CARTESIAN_POINT('',(-1.27,-3.556,2.54));
#8539 = VECTOR('',#8540,1.);
#8540 = DIRECTION('',(0.707106781187,-0.707106781187,0.));
#8541 = ORIENTED_EDGE('',*,*,#8542,.T.);
#8542 = EDGE_CURVE('',#8535,#8543,#8545,.T.);
#8543 = VERTEX_POINT('',#8544);
#8544 = CARTESIAN_POINT('',(-1.27,-4.064,2.54));
#8545 = LINE('',#8546,#8547);
#8546 = CARTESIAN_POINT('',(-1.016,-3.81,2.54));
#8547 = VECTOR('',#8548,1.);
#8548 = DIRECTION('',(-0.707106781187,-0.707106781187,0.));
#8549 = ORIENTED_EDGE('',*,*,#8550,.T.);
#8550 = EDGE_CURVE('',#8543,#8551,#8553,.T.);
#8551 = VERTEX_POINT('',#8552);
#8552 = CARTESIAN_POINT('',(-1.27,-6.096,2.54));
#8553 = LINE('',#8554,#8555);
#8554 = CARTESIAN_POINT('',(-1.27,-4.064,2.54));
#8555 = VECTOR('',#8556,1.);
#8556 = DIRECTION('',(0.,-1.,0.));
#8557 = ORIENTED_EDGE('',*,*,#8558,.T.);
#8558 = EDGE_CURVE('',#8551,#8559,#8561,.T.);
#8559 = VERTEX_POINT('',#8560);
#8560 = CARTESIAN_POINT('',(-1.016,-6.35,2.54));
#8561 = LINE('',#8562,#8563);
#8562 = CARTESIAN_POINT('',(-1.27,-6.096,2.54));
#8563 = VECTOR('',#8564,1.);
#8564 = DIRECTION('',(0.707106781187,-0.707106781187,0.));
#8565 = ORIENTED_EDGE('',*,*,#8566,.T.);
#8566 = EDGE_CURVE('',#8559,#8567,#8569,.T.);
#8567 = VERTEX_POINT('',#8568);
#8568 = CARTESIAN_POINT('',(1.016,-6.35,2.54));
#8569 = LINE('',#8570,#8571);
#8570 = CARTESIAN_POINT('',(-1.016,-6.35,2.54));
#8571 = VECTOR('',#8572,1.);
#8572 = DIRECTION('',(1.,0.,0.));
#8573 = ORIENTED_EDGE('',*,*,#8574,.T.);
#8574 = EDGE_CURVE('',#8567,#8575,#8577,.T.);
#8575 = VERTEX_POINT('',#8576);
#8576 = CARTESIAN_POINT('',(1.27,-6.096,2.54));
#8577 = LINE('',#8578,#8579);
#8578 = CARTESIAN_POINT('',(1.016,-6.35,2.54));
#8579 = VECTOR('',#8580,1.);
#8580 = DIRECTION('',(0.707106781187,0.707106781187,0.));
#8581 = ORIENTED_EDGE('',*,*,#8582,.T.);
#8582 = EDGE_CURVE('',#8575,#8583,#8585,.T.);
#8583 = VERTEX_POINT('',#8584);
#8584 = CARTESIAN_POINT('',(1.27,-4.064,2.54));
#8585 = LINE('',#8586,#8587);
#8586 = CARTESIAN_POINT('',(1.27,-6.096,2.54));
#8587 = VECTOR('',#8588,1.);
#8588 = DIRECTION('',(0.,1.,0.));
#8589 = ORIENTED_EDGE('',*,*,#8590,.T.);
#8590 = EDGE_CURVE('',#8583,#8591,#8593,.T.);
#8591 = VERTEX_POINT('',#8592);
#8592 = CARTESIAN_POINT('',(1.016,-3.81,2.54));
#8593 = LINE('',#8594,#8595);
#8594 = CARTESIAN_POINT('',(1.27,-4.064,2.54));
#8595 = VECTOR('',#8596,1.);
#8596 = DIRECTION('',(-0.707106781187,0.707106781187,0.));
#8597 = ORIENTED_EDGE('',*,*,#8598,.T.);
#8598 = EDGE_CURVE('',#8591,#8599,#8601,.T.);
#8599 = VERTEX_POINT('',#8600);
#8600 = CARTESIAN_POINT('',(1.27,-3.556,2.54));
#8601 = LINE('',#8602,#8603);
#8602 = CARTESIAN_POINT('',(1.016,-3.81,2.54));
#8603 = VECTOR('',#8604,1.);
#8604 = DIRECTION('',(0.707106781187,0.707106781187,0.));
#8605 = ORIENTED_EDGE('',*,*,#8606,.T.);
#8606 = EDGE_CURVE('',#8599,#8607,#8609,.T.);
#8607 = VERTEX_POINT('',#8608);
#8608 = CARTESIAN_POINT('',(1.27,-1.524,2.54));
#8609 = LINE('',#8610,#8611);
#8610 = CARTESIAN_POINT('',(1.27,-3.556,2.54));
#8611 = VECTOR('',#8612,1.);
#8612 = DIRECTION('',(0.,1.,0.));
#8613 = ORIENTED_EDGE('',*,*,#8614,.T.);
#8614 = EDGE_CURVE('',#8607,#8615,#8617,.T.);
#8615 = VERTEX_POINT('',#8616);
#8616 = CARTESIAN_POINT('',(1.016,-1.27,2.54));
#8617 = LINE('',#8618,#8619);
#8618 = CARTESIAN_POINT('',(1.27,-1.524,2.54));
#8619 = VECTOR('',#8620,1.);
#8620 = DIRECTION('',(-0.707106781187,0.707106781187,0.));
#8621 = ORIENTED_EDGE('',*,*,#8622,.T.);
#8622 = EDGE_CURVE('',#8615,#8623,#8625,.T.);
#8623 = VERTEX_POINT('',#8624);
#8624 = CARTESIAN_POINT('',(1.27,-1.016,2.54));
#8625 = LINE('',#8626,#8627);
#8626 = CARTESIAN_POINT('',(1.016,-1.27,2.54));
#8627 = VECTOR('',#8628,1.);
#8628 = DIRECTION('',(0.707106781187,0.707106781187,0.));
#8629 = ORIENTED_EDGE('',*,*,#8630,.T.);
#8630 = EDGE_CURVE('',#8623,#8631,#8633,.T.);
#8631 = VERTEX_POINT('',#8632);
#8632 = CARTESIAN_POINT('',(1.27,1.016,2.54));
#8633 = LINE('',#8634,#8635);
#8634 = CARTESIAN_POINT('',(1.27,-1.016,2.54));
#8635 = VECTOR('',#8636,1.);
#8636 = DIRECTION('',(0.,1.,0.));
#8637 = ORIENTED_EDGE('',*,*,#8638,.T.);
#8638 = EDGE_CURVE('',#8631,#8202,#8639,.T.);
#8639 = LINE('',#8640,#8641);
#8640 = CARTESIAN_POINT('',(1.27,1.016,2.54));
#8641 = VECTOR('',#8642,1.);
#8642 = DIRECTION('',(-0.707106781187,0.707106781187,0.));
#8643 = ORIENTED_EDGE('',*,*,#8209,.T.);
#8644 = FACE_BOUND('',#8645,.T.);
#8645 = EDGE_LOOP('',(#8646,#8656,#8664,#8672));
#8646 = ORIENTED_EDGE('',*,*,#8647,.F.);
#8647 = EDGE_CURVE('',#8648,#8650,#8652,.T.);
#8648 = VERTEX_POINT('',#8649);
#8649 = CARTESIAN_POINT('',(0.32,-0.32,2.54));
#8650 = VERTEX_POINT('',#8651);
#8651 = CARTESIAN_POINT('',(0.32,0.32,2.54));
#8652 = LINE('',#8653,#8654);
#8653 = CARTESIAN_POINT('',(0.32,-1.43,2.54));
#8654 = VECTOR('',#8655,1.);
#8655 = DIRECTION('',(0.,1.,0.));
#8656 = ORIENTED_EDGE('',*,*,#8657,.T.);
#8657 = EDGE_CURVE('',#8648,#8658,#8660,.T.);
#8658 = VERTEX_POINT('',#8659);
#8659 = CARTESIAN_POINT('',(-0.32,-0.32,2.54));
#8660 = LINE('',#8661,#8662);
#8661 = CARTESIAN_POINT('',(-0.16,-0.32,2.54));
#8662 = VECTOR('',#8663,1.);
#8663 = DIRECTION('',(-1.,0.,0.));
#8664 = ORIENTED_EDGE('',*,*,#8665,.T.);
#8665 = EDGE_CURVE('',#8658,#8666,#8668,.T.);
#8666 = VERTEX_POINT('',#8667);
#8667 = CARTESIAN_POINT('',(-0.32,0.32,2.54));
#8668 = LINE('',#8669,#8670);
#8669 = CARTESIAN_POINT('',(-0.32,-1.43,2.54));
#8670 = VECTOR('',#8671,1.);
#8671 = DIRECTION('',(0.,1.,0.));
#8672 = ORIENTED_EDGE('',*,*,#8673,.F.);
#8673 = EDGE_CURVE('',#8650,#8666,#8674,.T.);
#8674 = LINE('',#8675,#8676);
#8675 = CARTESIAN_POINT('',(-0.16,0.32,2.54));
#8676 = VECTOR('',#8677,1.);
#8677 = DIRECTION('',(-1.,0.,0.));
#8678 = FACE_BOUND('',#8679,.T.);
#8679 = EDGE_LOOP('',(#8680,#8690,#8698,#8706));
#8680 = ORIENTED_EDGE('',*,*,#8681,.T.);
#8681 = EDGE_CURVE('',#8682,#8684,#8686,.T.);
#8682 = VERTEX_POINT('',#8683);
#8683 = CARTESIAN_POINT('',(0.32,-2.86,2.54));
#8684 = VERTEX_POINT('',#8685);
#8685 = CARTESIAN_POINT('',(-0.32,-2.86,2.54));
#8686 = LINE('',#8687,#8688);
#8687 = CARTESIAN_POINT('',(-0.16,-2.86,2.54));
#8688 = VECTOR('',#8689,1.);
#8689 = DIRECTION('',(-1.,0.,0.));
#8690 = ORIENTED_EDGE('',*,*,#8691,.T.);
#8691 = EDGE_CURVE('',#8684,#8692,#8694,.T.);
#8692 = VERTEX_POINT('',#8693);
#8693 = CARTESIAN_POINT('',(-0.32,-2.22,2.54));
#8694 = LINE('',#8695,#8696);
#8695 = CARTESIAN_POINT('',(-0.32,-2.7,2.54));
#8696 = VECTOR('',#8697,1.);
#8697 = DIRECTION('',(0.,1.,0.));
#8698 = ORIENTED_EDGE('',*,*,#8699,.F.);
#8699 = EDGE_CURVE('',#8700,#8692,#8702,.T.);
#8700 = VERTEX_POINT('',#8701);
#8701 = CARTESIAN_POINT('',(0.32,-2.22,2.54));
#8702 = LINE('',#8703,#8704);
#8703 = CARTESIAN_POINT('',(-0.16,-2.22,2.54));
#8704 = VECTOR('',#8705,1.);
#8705 = DIRECTION('',(-1.,0.,0.));
#8706 = ORIENTED_EDGE('',*,*,#8707,.F.);
#8707 = EDGE_CURVE('',#8682,#8700,#8708,.T.);
#8708 = LINE('',#8709,#8710);
#8709 = CARTESIAN_POINT('',(0.32,-2.7,2.54));
#8710 = VECTOR('',#8711,1.);
#8711 = DIRECTION('',(0.,1.,0.));
#8712 = FACE_BOUND('',#8713,.T.);
#8713 = EDGE_LOOP('',(#8714,#8724,#8732,#8740));
#8714 = ORIENTED_EDGE('',*,*,#8715,.F.);
#8715 = EDGE_CURVE('',#8716,#8718,#8720,.T.);
#8716 = VERTEX_POINT('',#8717);
#8717 = CARTESIAN_POINT('',(0.32,-4.76,2.54));
#8718 = VERTEX_POINT('',#8719);
#8719 = CARTESIAN_POINT('',(-0.32,-4.76,2.54));
#8720 = LINE('',#8721,#8722);
#8721 = CARTESIAN_POINT('',(-0.16,-4.76,2.54));
#8722 = VECTOR('',#8723,1.);
#8723 = DIRECTION('',(-1.,0.,0.));
#8724 = ORIENTED_EDGE('',*,*,#8725,.F.);
#8725 = EDGE_CURVE('',#8726,#8716,#8728,.T.);
#8726 = VERTEX_POINT('',#8727);
#8727 = CARTESIAN_POINT('',(0.32,-5.4,2.54));
#8728 = LINE('',#8729,#8730);
#8729 = CARTESIAN_POINT('',(0.32,-3.97,2.54));
#8730 = VECTOR('',#8731,1.);
#8731 = DIRECTION('',(0.,1.,0.));
#8732 = ORIENTED_EDGE('',*,*,#8733,.T.);
#8733 = EDGE_CURVE('',#8726,#8734,#8736,.T.);
#8734 = VERTEX_POINT('',#8735);
#8735 = CARTESIAN_POINT('',(-0.32,-5.4,2.54));
#8736 = LINE('',#8737,#8738);
#8737 = CARTESIAN_POINT('',(-0.16,-5.4,2.54));
#8738 = VECTOR('',#8739,1.);
#8739 = DIRECTION('',(-1.,0.,0.));
#8740 = ORIENTED_EDGE('',*,*,#8741,.T.);
#8741 = EDGE_CURVE('',#8734,#8718,#8742,.T.);
#8742 = LINE('',#8743,#8744);
#8743 = CARTESIAN_POINT('',(-0.32,-3.97,2.54));
#8744 = VECTOR('',#8745,1.);
#8745 = DIRECTION('',(0.,1.,0.));
#8746 = PLANE('',#8747);
#8747 = AXIS2_PLACEMENT_3D('',#8748,#8749,#8750);
#8748 = CARTESIAN_POINT('',(5.398204781459E-17,-2.54,2.54));
#8749 = DIRECTION('',(0.,0.,1.));
#8750 = DIRECTION('',(1.,0.,-0.));
#8751 = ADVANCED_FACE('',(#8752),#8763,.F.);
#8752 = FACE_BOUND('',#8753,.F.);
#8753 = EDGE_LOOP('',(#8754,#8760,#8761,#8762));
#8754 = ORIENTED_EDGE('',*,*,#8755,.T.);
#8755 = EDGE_CURVE('',#8384,#8631,#8756,.T.);
#8756 = LINE('',#8757,#8758);
#8757 = CARTESIAN_POINT('',(1.27,1.016,0.));
#8758 = VECTOR('',#8759,1.);
#8759 = DIRECTION('',(0.,0.,1.));
#8760 = ORIENTED_EDGE('',*,*,#8638,.T.);
#8761 = ORIENTED_EDGE('',*,*,#8199,.F.);
#8762 = ORIENTED_EDGE('',*,*,#8391,.F.);
#8763 = PLANE('',#8764);
#8764 = AXIS2_PLACEMENT_3D('',#8765,#8766,#8767);
#8765 = CARTESIAN_POINT('',(1.27,1.016,0.));
#8766 = DIRECTION('',(-0.707106781187,-0.707106781187,0.));
#8767 = DIRECTION('',(-0.707106781187,0.707106781187,0.));
#8768 = ADVANCED_FACE('',(#8769),#8780,.F.);
#8769 = FACE_BOUND('',#8770,.F.);
#8770 = EDGE_LOOP('',(#8771,#8772,#8773,#8779));
#8771 = ORIENTED_EDGE('',*,*,#8239,.T.);
#8772 = ORIENTED_EDGE('',*,*,#8510,.T.);
#8773 = ORIENTED_EDGE('',*,*,#8774,.F.);
#8774 = EDGE_CURVE('',#8264,#8511,#8775,.T.);
#8775 = LINE('',#8776,#8777);
#8776 = CARTESIAN_POINT('',(-1.016,-1.27,0.));
#8777 = VECTOR('',#8778,1.);
#8778 = DIRECTION('',(0.,0.,1.));
#8779 = ORIENTED_EDGE('',*,*,#8263,.F.);
#8780 = PLANE('',#8781);
#8781 = AXIS2_PLACEMENT_3D('',#8782,#8783,#8784);
#8782 = CARTESIAN_POINT('',(-1.27,-1.016,0.));
#8783 = DIRECTION('',(0.707106781187,0.707106781187,0.));
#8784 = DIRECTION('',(0.707106781187,-0.707106781187,0.));
#8785 = ADVANCED_FACE('',(#8786),#8797,.F.);
#8786 = FACE_BOUND('',#8787,.F.);
#8787 = EDGE_LOOP('',(#8788,#8794,#8795,#8796));
#8788 = ORIENTED_EDGE('',*,*,#8789,.T.);
#8789 = EDGE_CURVE('',#8376,#8623,#8790,.T.);
#8790 = LINE('',#8791,#8792);
#8791 = CARTESIAN_POINT('',(1.27,-1.016,0.));
#8792 = VECTOR('',#8793,1.);
#8793 = DIRECTION('',(0.,0.,1.));
#8794 = ORIENTED_EDGE('',*,*,#8630,.T.);
#8795 = ORIENTED_EDGE('',*,*,#8755,.F.);
#8796 = ORIENTED_EDGE('',*,*,#8383,.F.);
#8797 = PLANE('',#8798);
#8798 = AXIS2_PLACEMENT_3D('',#8799,#8800,#8801);
#8799 = CARTESIAN_POINT('',(1.27,-1.016,0.));
#8800 = DIRECTION('',(-1.,0.,0.));
#8801 = DIRECTION('',(0.,1.,0.));
#8802 = ADVANCED_FACE('',(#8803),#8814,.F.);
#8803 = FACE_BOUND('',#8804,.F.);
#8804 = EDGE_LOOP('',(#8805,#8806,#8807,#8813));
#8805 = ORIENTED_EDGE('',*,*,#8774,.T.);
#8806 = ORIENTED_EDGE('',*,*,#8518,.T.);
#8807 = ORIENTED_EDGE('',*,*,#8808,.F.);
#8808 = EDGE_CURVE('',#8272,#8519,#8809,.T.);
#8809 = LINE('',#8810,#8811);
#8810 = CARTESIAN_POINT('',(-1.27,-1.524,0.));
#8811 = VECTOR('',#8812,1.);
#8812 = DIRECTION('',(0.,0.,1.));
#8813 = ORIENTED_EDGE('',*,*,#8271,.F.);
#8814 = PLANE('',#8815);
#8815 = AXIS2_PLACEMENT_3D('',#8816,#8817,#8818);
#8816 = CARTESIAN_POINT('',(-1.016,-1.27,0.));
#8817 = DIRECTION('',(0.707106781187,-0.707106781187,0.));
#8818 = DIRECTION('',(-0.707106781187,-0.707106781187,0.));
#8819 = ADVANCED_FACE('',(#8820),#8831,.F.);
#8820 = FACE_BOUND('',#8821,.F.);
#8821 = EDGE_LOOP('',(#8822,#8828,#8829,#8830));
#8822 = ORIENTED_EDGE('',*,*,#8823,.T.);
#8823 = EDGE_CURVE('',#8368,#8615,#8824,.T.);
#8824 = LINE('',#8825,#8826);
#8825 = CARTESIAN_POINT('',(1.016,-1.27,0.));
#8826 = VECTOR('',#8827,1.);
#8827 = DIRECTION('',(0.,0.,1.));
#8828 = ORIENTED_EDGE('',*,*,#8622,.T.);
#8829 = ORIENTED_EDGE('',*,*,#8789,.F.);
#8830 = ORIENTED_EDGE('',*,*,#8375,.F.);
#8831 = PLANE('',#8832);
#8832 = AXIS2_PLACEMENT_3D('',#8833,#8834,#8835);
#8833 = CARTESIAN_POINT('',(1.016,-1.27,0.));
#8834 = DIRECTION('',(-0.707106781187,0.707106781187,0.));
#8835 = DIRECTION('',(0.707106781187,0.707106781187,0.));
#8836 = ADVANCED_FACE('',(#8837),#8848,.F.);
#8837 = FACE_BOUND('',#8838,.F.);
#8838 = EDGE_LOOP('',(#8839,#8840,#8841,#8847));
#8839 = ORIENTED_EDGE('',*,*,#8808,.T.);
#8840 = ORIENTED_EDGE('',*,*,#8526,.T.);
#8841 = ORIENTED_EDGE('',*,*,#8842,.F.);
#8842 = EDGE_CURVE('',#8280,#8527,#8843,.T.);
#8843 = LINE('',#8844,#8845);
#8844 = CARTESIAN_POINT('',(-1.27,-3.556,0.));
#8845 = VECTOR('',#8846,1.);
#8846 = DIRECTION('',(0.,0.,1.));
#8847 = ORIENTED_EDGE('',*,*,#8279,.F.);
#8848 = PLANE('',#8849);
#8849 = AXIS2_PLACEMENT_3D('',#8850,#8851,#8852);
#8850 = CARTESIAN_POINT('',(-1.27,-1.524,0.));
#8851 = DIRECTION('',(1.,0.,0.));
#8852 = DIRECTION('',(0.,-1.,0.));
#8853 = ADVANCED_FACE('',(#8854),#8865,.F.);
#8854 = FACE_BOUND('',#8855,.F.);
#8855 = EDGE_LOOP('',(#8856,#8862,#8863,#8864));
#8856 = ORIENTED_EDGE('',*,*,#8857,.T.);
#8857 = EDGE_CURVE('',#8360,#8607,#8858,.T.);
#8858 = LINE('',#8859,#8860);
#8859 = CARTESIAN_POINT('',(1.27,-1.524,0.));
#8860 = VECTOR('',#8861,1.);
#8861 = DIRECTION('',(0.,0.,1.));
#8862 = ORIENTED_EDGE('',*,*,#8614,.T.);
#8863 = ORIENTED_EDGE('',*,*,#8823,.F.);
#8864 = ORIENTED_EDGE('',*,*,#8367,.F.);
#8865 = PLANE('',#8866);
#8866 = AXIS2_PLACEMENT_3D('',#8867,#8868,#8869);
#8867 = CARTESIAN_POINT('',(1.27,-1.524,0.));
#8868 = DIRECTION('',(-0.707106781187,-0.707106781187,0.));
#8869 = DIRECTION('',(-0.707106781187,0.707106781187,0.));
#8870 = ADVANCED_FACE('',(#8871),#8882,.F.);
#8871 = FACE_BOUND('',#8872,.F.);
#8872 = EDGE_LOOP('',(#8873,#8874,#8875,#8881));
#8873 = ORIENTED_EDGE('',*,*,#8842,.T.);
#8874 = ORIENTED_EDGE('',*,*,#8534,.T.);
#8875 = ORIENTED_EDGE('',*,*,#8876,.F.);
#8876 = EDGE_CURVE('',#8288,#8535,#8877,.T.);
#8877 = LINE('',#8878,#8879);
#8878 = CARTESIAN_POINT('',(-1.016,-3.81,0.));
#8879 = VECTOR('',#8880,1.);
#8880 = DIRECTION('',(0.,0.,1.));
#8881 = ORIENTED_EDGE('',*,*,#8287,.F.);
#8882 = PLANE('',#8883);
#8883 = AXIS2_PLACEMENT_3D('',#8884,#8885,#8886);
#8884 = CARTESIAN_POINT('',(-1.27,-3.556,0.));
#8885 = DIRECTION('',(0.707106781187,0.707106781187,0.));
#8886 = DIRECTION('',(0.707106781187,-0.707106781187,0.));
#8887 = ADVANCED_FACE('',(#8888),#8899,.F.);
#8888 = FACE_BOUND('',#8889,.F.);
#8889 = EDGE_LOOP('',(#8890,#8896,#8897,#8898));
#8890 = ORIENTED_EDGE('',*,*,#8891,.T.);
#8891 = EDGE_CURVE('',#8352,#8599,#8892,.T.);
#8892 = LINE('',#8893,#8894);
#8893 = CARTESIAN_POINT('',(1.27,-3.556,0.));
#8894 = VECTOR('',#8895,1.);
#8895 = DIRECTION('',(0.,0.,1.));
#8896 = ORIENTED_EDGE('',*,*,#8606,.T.);
#8897 = ORIENTED_EDGE('',*,*,#8857,.F.);
#8898 = ORIENTED_EDGE('',*,*,#8359,.F.);
#8899 = PLANE('',#8900);
#8900 = AXIS2_PLACEMENT_3D('',#8901,#8902,#8903);
#8901 = CARTESIAN_POINT('',(1.27,-3.556,0.));
#8902 = DIRECTION('',(-1.,0.,0.));
#8903 = DIRECTION('',(0.,1.,0.));
#8904 = ADVANCED_FACE('',(#8905),#8916,.F.);
#8905 = FACE_BOUND('',#8906,.F.);
#8906 = EDGE_LOOP('',(#8907,#8908,#8909,#8915));
#8907 = ORIENTED_EDGE('',*,*,#8876,.T.);
#8908 = ORIENTED_EDGE('',*,*,#8542,.T.);
#8909 = ORIENTED_EDGE('',*,*,#8910,.F.);
#8910 = EDGE_CURVE('',#8296,#8543,#8911,.T.);
#8911 = LINE('',#8912,#8913);
#8912 = CARTESIAN_POINT('',(-1.27,-4.064,0.));
#8913 = VECTOR('',#8914,1.);
#8914 = DIRECTION('',(0.,0.,1.));
#8915 = ORIENTED_EDGE('',*,*,#8295,.F.);
#8916 = PLANE('',#8917);
#8917 = AXIS2_PLACEMENT_3D('',#8918,#8919,#8920);
#8918 = CARTESIAN_POINT('',(-1.016,-3.81,0.));
#8919 = DIRECTION('',(0.707106781187,-0.707106781187,0.));
#8920 = DIRECTION('',(-0.707106781187,-0.707106781187,0.));
#8921 = ADVANCED_FACE('',(#8922),#8933,.F.);
#8922 = FACE_BOUND('',#8923,.F.);
#8923 = EDGE_LOOP('',(#8924,#8930,#8931,#8932));
#8924 = ORIENTED_EDGE('',*,*,#8925,.T.);
#8925 = EDGE_CURVE('',#8344,#8591,#8926,.T.);
#8926 = LINE('',#8927,#8928);
#8927 = CARTESIAN_POINT('',(1.016,-3.81,0.));
#8928 = VECTOR('',#8929,1.);
#8929 = DIRECTION('',(0.,0.,1.));
#8930 = ORIENTED_EDGE('',*,*,#8598,.T.);
#8931 = ORIENTED_EDGE('',*,*,#8891,.F.);
#8932 = ORIENTED_EDGE('',*,*,#8351,.F.);
#8933 = PLANE('',#8934);
#8934 = AXIS2_PLACEMENT_3D('',#8935,#8936,#8937);
#8935 = CARTESIAN_POINT('',(1.016,-3.81,0.));
#8936 = DIRECTION('',(-0.707106781187,0.707106781187,0.));
#8937 = DIRECTION('',(0.707106781187,0.707106781187,0.));
#8938 = ADVANCED_FACE('',(#8939),#8950,.F.);
#8939 = FACE_BOUND('',#8940,.F.);
#8940 = EDGE_LOOP('',(#8941,#8942,#8943,#8949));
#8941 = ORIENTED_EDGE('',*,*,#8910,.T.);
#8942 = ORIENTED_EDGE('',*,*,#8550,.T.);
#8943 = ORIENTED_EDGE('',*,*,#8944,.F.);
#8944 = EDGE_CURVE('',#8304,#8551,#8945,.T.);
#8945 = LINE('',#8946,#8947);
#8946 = CARTESIAN_POINT('',(-1.27,-6.096,0.));
#8947 = VECTOR('',#8948,1.);
#8948 = DIRECTION('',(0.,0.,1.));
#8949 = ORIENTED_EDGE('',*,*,#8303,.F.);
#8950 = PLANE('',#8951);
#8951 = AXIS2_PLACEMENT_3D('',#8952,#8953,#8954);
#8952 = CARTESIAN_POINT('',(-1.27,-4.064,0.));
#8953 = DIRECTION('',(1.,0.,0.));
#8954 = DIRECTION('',(0.,-1.,0.));
#8955 = ADVANCED_FACE('',(#8956),#8967,.F.);
#8956 = FACE_BOUND('',#8957,.F.);
#8957 = EDGE_LOOP('',(#8958,#8964,#8965,#8966));
#8958 = ORIENTED_EDGE('',*,*,#8959,.T.);
#8959 = EDGE_CURVE('',#8336,#8583,#8960,.T.);
#8960 = LINE('',#8961,#8962);
#8961 = CARTESIAN_POINT('',(1.27,-4.064,0.));
#8962 = VECTOR('',#8963,1.);
#8963 = DIRECTION('',(0.,0.,1.));
#8964 = ORIENTED_EDGE('',*,*,#8590,.T.);
#8965 = ORIENTED_EDGE('',*,*,#8925,.F.);
#8966 = ORIENTED_EDGE('',*,*,#8343,.F.);
#8967 = PLANE('',#8968);
#8968 = AXIS2_PLACEMENT_3D('',#8969,#8970,#8971);
#8969 = CARTESIAN_POINT('',(1.27,-4.064,0.));
#8970 = DIRECTION('',(-0.707106781187,-0.707106781187,0.));
#8971 = DIRECTION('',(-0.707106781187,0.707106781187,0.));
#8972 = ADVANCED_FACE('',(#8973),#8984,.F.);
#8973 = FACE_BOUND('',#8974,.F.);
#8974 = EDGE_LOOP('',(#8975,#8976,#8977,#8983));
#8975 = ORIENTED_EDGE('',*,*,#8944,.T.);
#8976 = ORIENTED_EDGE('',*,*,#8558,.T.);
#8977 = ORIENTED_EDGE('',*,*,#8978,.F.);
#8978 = EDGE_CURVE('',#8312,#8559,#8979,.T.);
#8979 = LINE('',#8980,#8981);
#8980 = CARTESIAN_POINT('',(-1.016,-6.35,0.));
#8981 = VECTOR('',#8982,1.);
#8982 = DIRECTION('',(0.,0.,1.));
#8983 = ORIENTED_EDGE('',*,*,#8311,.F.);
#8984 = PLANE('',#8985);
#8985 = AXIS2_PLACEMENT_3D('',#8986,#8987,#8988);
#8986 = CARTESIAN_POINT('',(-1.27,-6.096,0.));
#8987 = DIRECTION('',(0.707106781187,0.707106781187,0.));
#8988 = DIRECTION('',(0.707106781187,-0.707106781187,0.));
#8989 = ADVANCED_FACE('',(#8990),#9001,.F.);
#8990 = FACE_BOUND('',#8991,.F.);
#8991 = EDGE_LOOP('',(#8992,#8998,#8999,#9000));
#8992 = ORIENTED_EDGE('',*,*,#8993,.T.);
#8993 = EDGE_CURVE('',#8328,#8575,#8994,.T.);
#8994 = LINE('',#8995,#8996);
#8995 = CARTESIAN_POINT('',(1.27,-6.096,0.));
#8996 = VECTOR('',#8997,1.);
#8997 = DIRECTION('',(0.,0.,1.));
#8998 = ORIENTED_EDGE('',*,*,#8582,.T.);
#8999 = ORIENTED_EDGE('',*,*,#8959,.F.);
#9000 = ORIENTED_EDGE('',*,*,#8335,.F.);
#9001 = PLANE('',#9002);
#9002 = AXIS2_PLACEMENT_3D('',#9003,#9004,#9005);
#9003 = CARTESIAN_POINT('',(1.27,-6.096,0.));
#9004 = DIRECTION('',(-1.,0.,0.));
#9005 = DIRECTION('',(0.,1.,0.));
#9006 = ADVANCED_FACE('',(#9007),#9018,.F.);
#9007 = FACE_BOUND('',#9008,.F.);
#9008 = EDGE_LOOP('',(#9009,#9010,#9011,#9017));
#9009 = ORIENTED_EDGE('',*,*,#8978,.T.);
#9010 = ORIENTED_EDGE('',*,*,#8566,.T.);
#9011 = ORIENTED_EDGE('',*,*,#9012,.F.);
#9012 = EDGE_CURVE('',#8320,#8567,#9013,.T.);
#9013 = LINE('',#9014,#9015);
#9014 = CARTESIAN_POINT('',(1.016,-6.35,0.));
#9015 = VECTOR('',#9016,1.);
#9016 = DIRECTION('',(0.,0.,1.));
#9017 = ORIENTED_EDGE('',*,*,#8319,.F.);
#9018 = PLANE('',#9019);
#9019 = AXIS2_PLACEMENT_3D('',#9020,#9021,#9022);
#9020 = CARTESIAN_POINT('',(-1.016,-6.35,0.));
#9021 = DIRECTION('',(0.,1.,0.));
#9022 = DIRECTION('',(1.,0.,0.));
#9023 = ADVANCED_FACE('',(#9024),#9030,.F.);
#9024 = FACE_BOUND('',#9025,.F.);
#9025 = EDGE_LOOP('',(#9026,#9027,#9028,#9029));
#9026 = ORIENTED_EDGE('',*,*,#9012,.T.);
#9027 = ORIENTED_EDGE('',*,*,#8574,.T.);
#9028 = ORIENTED_EDGE('',*,*,#8993,.F.);
#9029 = ORIENTED_EDGE('',*,*,#8327,.F.);
#9030 = PLANE('',#9031);
#9031 = AXIS2_PLACEMENT_3D('',#9032,#9033,#9034);
#9032 = CARTESIAN_POINT('',(1.016,-6.35,0.));
#9033 = DIRECTION('',(-0.707106781187,0.707106781187,0.));
#9034 = DIRECTION('',(0.707106781187,0.707106781187,0.));
#9035 = ADVANCED_FACE('',(#9036),#9061,.T.);
#9036 = FACE_BOUND('',#9037,.T.);
#9037 = EDGE_LOOP('',(#9038,#9046,#9054,#9060));
#9038 = ORIENTED_EDGE('',*,*,#9039,.F.);
#9039 = EDGE_CURVE('',#9040,#8401,#9042,.T.);
#9040 = VERTEX_POINT('',#9041);
#9041 = CARTESIAN_POINT('',(0.32,-0.32,-2.84));
#9042 = LINE('',#9043,#9044);
#9043 = CARTESIAN_POINT('',(0.32,-0.32,-3.));
#9044 = VECTOR('',#9045,1.);
#9045 = DIRECTION('',(0.,0.,1.));
#9046 = ORIENTED_EDGE('',*,*,#9047,.T.);
#9047 = EDGE_CURVE('',#9040,#9048,#9050,.T.);
#9048 = VERTEX_POINT('',#9049);
#9049 = CARTESIAN_POINT('',(0.32,0.32,-2.84));
#9050 = LINE('',#9051,#9052);
#9051 = CARTESIAN_POINT('',(0.32,-0.32,-2.84));
#9052 = VECTOR('',#9053,1.);
#9053 = DIRECTION('',(0.,1.,0.));
#9054 = ORIENTED_EDGE('',*,*,#9055,.T.);
#9055 = EDGE_CURVE('',#9048,#8403,#9056,.T.);
#9056 = LINE('',#9057,#9058);
#9057 = CARTESIAN_POINT('',(0.32,0.32,-3.));
#9058 = VECTOR('',#9059,1.);
#9059 = DIRECTION('',(0.,0.,1.));
#9060 = ORIENTED_EDGE('',*,*,#8400,.F.);
#9061 = PLANE('',#9062);
#9062 = AXIS2_PLACEMENT_3D('',#9063,#9064,#9065);
#9063 = CARTESIAN_POINT('',(0.32,-0.32,-3.));
#9064 = DIRECTION('',(1.,0.,0.));
#9065 = DIRECTION('',(0.,0.,1.));
#9066 = ADVANCED_FACE('',(#9067),#9085,.T.);
#9067 = FACE_BOUND('',#9068,.T.);
#9068 = EDGE_LOOP('',(#9069,#9070,#9078,#9084));
#9069 = ORIENTED_EDGE('',*,*,#9055,.F.);
#9070 = ORIENTED_EDGE('',*,*,#9071,.F.);
#9071 = EDGE_CURVE('',#9072,#9048,#9074,.T.);
#9072 = VERTEX_POINT('',#9073);
#9073 = CARTESIAN_POINT('',(-0.32,0.32,-2.84));
#9074 = LINE('',#9075,#9076);
#9075 = CARTESIAN_POINT('',(-0.32,0.32,-2.84));
#9076 = VECTOR('',#9077,1.);
#9077 = DIRECTION('',(1.,0.,0.));
#9078 = ORIENTED_EDGE('',*,*,#9079,.T.);
#9079 = EDGE_CURVE('',#9072,#8419,#9080,.T.);
#9080 = LINE('',#9081,#9082);
#9081 = CARTESIAN_POINT('',(-0.32,0.32,-3.));
#9082 = VECTOR('',#9083,1.);
#9083 = DIRECTION('',(0.,0.,1.));
#9084 = ORIENTED_EDGE('',*,*,#8426,.F.);
#9085 = PLANE('',#9086);
#9086 = AXIS2_PLACEMENT_3D('',#9087,#9088,#9089);
#9087 = CARTESIAN_POINT('',(-0.32,0.32,-3.));
#9088 = DIRECTION('',(0.,1.,0.));
#9089 = DIRECTION('',(0.,-0.,1.));
#9090 = ADVANCED_FACE('',(#9091),#9109,.F.);
#9091 = FACE_BOUND('',#9092,.F.);
#9092 = EDGE_LOOP('',(#9093,#9101,#9107,#9108));
#9093 = ORIENTED_EDGE('',*,*,#9094,.F.);
#9094 = EDGE_CURVE('',#9095,#8411,#9097,.T.);
#9095 = VERTEX_POINT('',#9096);
#9096 = CARTESIAN_POINT('',(-0.32,-0.32,-2.84));
#9097 = LINE('',#9098,#9099);
#9098 = CARTESIAN_POINT('',(-0.32,-0.32,-3.));
#9099 = VECTOR('',#9100,1.);
#9100 = DIRECTION('',(0.,0.,1.));
#9101 = ORIENTED_EDGE('',*,*,#9102,.T.);
#9102 = EDGE_CURVE('',#9095,#9072,#9103,.T.);
#9103 = LINE('',#9104,#9105);
#9104 = CARTESIAN_POINT('',(-0.32,-0.32,-2.84));
#9105 = VECTOR('',#9106,1.);
#9106 = DIRECTION('',(0.,1.,0.));
#9107 = ORIENTED_EDGE('',*,*,#9079,.T.);
#9108 = ORIENTED_EDGE('',*,*,#8418,.F.);
#9109 = PLANE('',#9110);
#9110 = AXIS2_PLACEMENT_3D('',#9111,#9112,#9113);
#9111 = CARTESIAN_POINT('',(-0.32,-0.32,-3.));
#9112 = DIRECTION('',(1.,0.,0.));
#9113 = DIRECTION('',(0.,0.,1.));
#9114 = ADVANCED_FACE('',(#9115),#9126,.F.);
#9115 = FACE_BOUND('',#9116,.F.);
#9116 = EDGE_LOOP('',(#9117,#9118,#9124,#9125));
#9117 = ORIENTED_EDGE('',*,*,#9039,.F.);
#9118 = ORIENTED_EDGE('',*,*,#9119,.F.);
#9119 = EDGE_CURVE('',#9095,#9040,#9120,.T.);
#9120 = LINE('',#9121,#9122);
#9121 = CARTESIAN_POINT('',(-0.32,-0.32,-2.84));
#9122 = VECTOR('',#9123,1.);
#9123 = DIRECTION('',(1.,0.,0.));
#9124 = ORIENTED_EDGE('',*,*,#9094,.T.);
#9125 = ORIENTED_EDGE('',*,*,#8410,.F.);
#9126 = PLANE('',#9127);
#9127 = AXIS2_PLACEMENT_3D('',#9128,#9129,#9130);
#9128 = CARTESIAN_POINT('',(-0.32,-0.32,-3.));
#9129 = DIRECTION('',(0.,1.,0.));
#9130 = DIRECTION('',(0.,-0.,1.));
#9131 = ADVANCED_FACE('',(#9132),#9157,.F.);
#9132 = FACE_BOUND('',#9133,.F.);
#9133 = EDGE_LOOP('',(#9134,#9142,#9150,#9156));
#9134 = ORIENTED_EDGE('',*,*,#9135,.F.);
#9135 = EDGE_CURVE('',#9136,#8435,#9138,.T.);
#9136 = VERTEX_POINT('',#9137);
#9137 = CARTESIAN_POINT('',(0.32,-2.86,-2.84));
#9138 = LINE('',#9139,#9140);
#9139 = CARTESIAN_POINT('',(0.32,-2.86,-3.));
#9140 = VECTOR('',#9141,1.);
#9141 = DIRECTION('',(0.,0.,1.));
#9142 = ORIENTED_EDGE('',*,*,#9143,.F.);
#9143 = EDGE_CURVE('',#9144,#9136,#9146,.T.);
#9144 = VERTEX_POINT('',#9145);
#9145 = CARTESIAN_POINT('',(-0.32,-2.86,-2.84));
#9146 = LINE('',#9147,#9148);
#9147 = CARTESIAN_POINT('',(-0.32,-2.86,-2.84));
#9148 = VECTOR('',#9149,1.);
#9149 = DIRECTION('',(1.,0.,0.));
#9150 = ORIENTED_EDGE('',*,*,#9151,.T.);
#9151 = EDGE_CURVE('',#9144,#8437,#9152,.T.);
#9152 = LINE('',#9153,#9154);
#9153 = CARTESIAN_POINT('',(-0.32,-2.86,-3.));
#9154 = VECTOR('',#9155,1.);
#9155 = DIRECTION('',(0.,0.,1.));
#9156 = ORIENTED_EDGE('',*,*,#8434,.F.);
#9157 = PLANE('',#9158);
#9158 = AXIS2_PLACEMENT_3D('',#9159,#9160,#9161);
#9159 = CARTESIAN_POINT('',(-0.32,-2.86,-3.));
#9160 = DIRECTION('',(0.,1.,0.));
#9161 = DIRECTION('',(0.,-0.,1.));
#9162 = ADVANCED_FACE('',(#9163),#9181,.T.);
#9163 = FACE_BOUND('',#9164,.T.);
#9164 = EDGE_LOOP('',(#9165,#9166,#9174,#9180));
#9165 = ORIENTED_EDGE('',*,*,#9135,.F.);
#9166 = ORIENTED_EDGE('',*,*,#9167,.T.);
#9167 = EDGE_CURVE('',#9136,#9168,#9170,.T.);
#9168 = VERTEX_POINT('',#9169);
#9169 = CARTESIAN_POINT('',(0.32,-2.22,-2.84));
#9170 = LINE('',#9171,#9172);
#9171 = CARTESIAN_POINT('',(0.32,-2.86,-2.84));
#9172 = VECTOR('',#9173,1.);
#9173 = DIRECTION('',(0.,1.,0.));
#9174 = ORIENTED_EDGE('',*,*,#9175,.T.);
#9175 = EDGE_CURVE('',#9168,#8453,#9176,.T.);
#9176 = LINE('',#9177,#9178);
#9177 = CARTESIAN_POINT('',(0.32,-2.22,-3.));
#9178 = VECTOR('',#9179,1.);
#9179 = DIRECTION('',(0.,0.,1.));
#9180 = ORIENTED_EDGE('',*,*,#8460,.F.);
#9181 = PLANE('',#9182);
#9182 = AXIS2_PLACEMENT_3D('',#9183,#9184,#9185);
#9183 = CARTESIAN_POINT('',(0.32,-2.86,-3.));
#9184 = DIRECTION('',(1.,0.,0.));
#9185 = DIRECTION('',(0.,0.,1.));
#9186 = ADVANCED_FACE('',(#9187),#9205,.T.);
#9187 = FACE_BOUND('',#9188,.T.);
#9188 = EDGE_LOOP('',(#9189,#9190,#9198,#9204));
#9189 = ORIENTED_EDGE('',*,*,#9175,.F.);
#9190 = ORIENTED_EDGE('',*,*,#9191,.F.);
#9191 = EDGE_CURVE('',#9192,#9168,#9194,.T.);
#9192 = VERTEX_POINT('',#9193);
#9193 = CARTESIAN_POINT('',(-0.32,-2.22,-2.84));
#9194 = LINE('',#9195,#9196);
#9195 = CARTESIAN_POINT('',(-0.32,-2.22,-2.84));
#9196 = VECTOR('',#9197,1.);
#9197 = DIRECTION('',(1.,0.,0.));
#9198 = ORIENTED_EDGE('',*,*,#9199,.T.);
#9199 = EDGE_CURVE('',#9192,#8445,#9200,.T.);
#9200 = LINE('',#9201,#9202);
#9201 = CARTESIAN_POINT('',(-0.32,-2.22,-3.));
#9202 = VECTOR('',#9203,1.);
#9203 = DIRECTION('',(0.,0.,1.));
#9204 = ORIENTED_EDGE('',*,*,#8452,.F.);
#9205 = PLANE('',#9206);
#9206 = AXIS2_PLACEMENT_3D('',#9207,#9208,#9209);
#9207 = CARTESIAN_POINT('',(-0.32,-2.22,-3.));
#9208 = DIRECTION('',(0.,1.,0.));
#9209 = DIRECTION('',(0.,-0.,1.));
#9210 = ADVANCED_FACE('',(#9211),#9222,.F.);
#9211 = FACE_BOUND('',#9212,.F.);
#9212 = EDGE_LOOP('',(#9213,#9214,#9220,#9221));
#9213 = ORIENTED_EDGE('',*,*,#9151,.F.);
#9214 = ORIENTED_EDGE('',*,*,#9215,.T.);
#9215 = EDGE_CURVE('',#9144,#9192,#9216,.T.);
#9216 = LINE('',#9217,#9218);
#9217 = CARTESIAN_POINT('',(-0.32,-2.86,-2.84));
#9218 = VECTOR('',#9219,1.);
#9219 = DIRECTION('',(0.,1.,0.));
#9220 = ORIENTED_EDGE('',*,*,#9199,.T.);
#9221 = ORIENTED_EDGE('',*,*,#8444,.F.);
#9222 = PLANE('',#9223);
#9223 = AXIS2_PLACEMENT_3D('',#9224,#9225,#9226);
#9224 = CARTESIAN_POINT('',(-0.32,-2.86,-3.));
#9225 = DIRECTION('',(1.,0.,0.));
#9226 = DIRECTION('',(0.,0.,1.));
#9227 = ADVANCED_FACE('',(#9228),#9253,.T.);
#9228 = FACE_BOUND('',#9229,.T.);
#9229 = EDGE_LOOP('',(#9230,#9238,#9246,#9252));
#9230 = ORIENTED_EDGE('',*,*,#9231,.F.);
#9231 = EDGE_CURVE('',#9232,#8469,#9234,.T.);
#9232 = VERTEX_POINT('',#9233);
#9233 = CARTESIAN_POINT('',(0.32,-4.76,-2.84));
#9234 = LINE('',#9235,#9236);
#9235 = CARTESIAN_POINT('',(0.32,-4.76,-3.));
#9236 = VECTOR('',#9237,1.);
#9237 = DIRECTION('',(0.,0.,1.));
#9238 = ORIENTED_EDGE('',*,*,#9239,.F.);
#9239 = EDGE_CURVE('',#9240,#9232,#9242,.T.);
#9240 = VERTEX_POINT('',#9241);
#9241 = CARTESIAN_POINT('',(-0.32,-4.76,-2.84));
#9242 = LINE('',#9243,#9244);
#9243 = CARTESIAN_POINT('',(-0.32,-4.76,-2.84));
#9244 = VECTOR('',#9245,1.);
#9245 = DIRECTION('',(1.,0.,0.));
#9246 = ORIENTED_EDGE('',*,*,#9247,.T.);
#9247 = EDGE_CURVE('',#9240,#8471,#9248,.T.);
#9248 = LINE('',#9249,#9250);
#9249 = CARTESIAN_POINT('',(-0.32,-4.76,-3.));
#9250 = VECTOR('',#9251,1.);
#9251 = DIRECTION('',(0.,0.,1.));
#9252 = ORIENTED_EDGE('',*,*,#8468,.F.);
#9253 = PLANE('',#9254);
#9254 = AXIS2_PLACEMENT_3D('',#9255,#9256,#9257);
#9255 = CARTESIAN_POINT('',(-0.32,-4.76,-3.));
#9256 = DIRECTION('',(0.,1.,0.));
#9257 = DIRECTION('',(0.,-0.,1.));
#9258 = ADVANCED_FACE('',(#9259),#9277,.F.);
#9259 = FACE_BOUND('',#9260,.F.);
#9260 = EDGE_LOOP('',(#9261,#9269,#9275,#9276));
#9261 = ORIENTED_EDGE('',*,*,#9262,.F.);
#9262 = EDGE_CURVE('',#9263,#8487,#9265,.T.);
#9263 = VERTEX_POINT('',#9264);
#9264 = CARTESIAN_POINT('',(-0.32,-5.4,-2.84));
#9265 = LINE('',#9266,#9267);
#9266 = CARTESIAN_POINT('',(-0.32,-5.4,-3.));
#9267 = VECTOR('',#9268,1.);
#9268 = DIRECTION('',(0.,0.,1.));
#9269 = ORIENTED_EDGE('',*,*,#9270,.T.);
#9270 = EDGE_CURVE('',#9263,#9240,#9271,.T.);
#9271 = LINE('',#9272,#9273);
#9272 = CARTESIAN_POINT('',(-0.32,-5.4,-2.84));
#9273 = VECTOR('',#9274,1.);
#9274 = DIRECTION('',(0.,1.,0.));
#9275 = ORIENTED_EDGE('',*,*,#9247,.T.);
#9276 = ORIENTED_EDGE('',*,*,#8494,.F.);
#9277 = PLANE('',#9278);
#9278 = AXIS2_PLACEMENT_3D('',#9279,#9280,#9281);
#9279 = CARTESIAN_POINT('',(-0.32,-5.4,-3.));
#9280 = DIRECTION('',(1.,0.,0.));
#9281 = DIRECTION('',(0.,0.,1.));
#9282 = ADVANCED_FACE('',(#9283),#9301,.F.);
#9283 = FACE_BOUND('',#9284,.F.);
#9284 = EDGE_LOOP('',(#9285,#9293,#9299,#9300));
#9285 = ORIENTED_EDGE('',*,*,#9286,.F.);
#9286 = EDGE_CURVE('',#9287,#8479,#9289,.T.);
#9287 = VERTEX_POINT('',#9288);
#9288 = CARTESIAN_POINT('',(0.32,-5.4,-2.84));
#9289 = LINE('',#9290,#9291);
#9290 = CARTESIAN_POINT('',(0.32,-5.4,-3.));
#9291 = VECTOR('',#9292,1.);
#9292 = DIRECTION('',(0.,0.,1.));
#9293 = ORIENTED_EDGE('',*,*,#9294,.F.);
#9294 = EDGE_CURVE('',#9263,#9287,#9295,.T.);
#9295 = LINE('',#9296,#9297);
#9296 = CARTESIAN_POINT('',(-0.32,-5.4,-2.84));
#9297 = VECTOR('',#9298,1.);
#9298 = DIRECTION('',(1.,0.,0.));
#9299 = ORIENTED_EDGE('',*,*,#9262,.T.);
#9300 = ORIENTED_EDGE('',*,*,#8486,.F.);
#9301 = PLANE('',#9302);
#9302 = AXIS2_PLACEMENT_3D('',#9303,#9304,#9305);
#9303 = CARTESIAN_POINT('',(-0.32,-5.4,-3.));
#9304 = DIRECTION('',(0.,1.,0.));
#9305 = DIRECTION('',(0.,-0.,1.));
#9306 = ADVANCED_FACE('',(#9307),#9318,.T.);
#9307 = FACE_BOUND('',#9308,.T.);
#9308 = EDGE_LOOP('',(#9309,#9310,#9316,#9317));
#9309 = ORIENTED_EDGE('',*,*,#9286,.F.);
#9310 = ORIENTED_EDGE('',*,*,#9311,.T.);
#9311 = EDGE_CURVE('',#9287,#9232,#9312,.T.);
#9312 = LINE('',#9313,#9314);
#9313 = CARTESIAN_POINT('',(0.32,-5.4,-2.84));
#9314 = VECTOR('',#9315,1.);
#9315 = DIRECTION('',(0.,1.,0.));
#9316 = ORIENTED_EDGE('',*,*,#9231,.T.);
#9317 = ORIENTED_EDGE('',*,*,#8478,.F.);
#9318 = PLANE('',#9319);
#9319 = AXIS2_PLACEMENT_3D('',#9320,#9321,#9322);
#9320 = CARTESIAN_POINT('',(0.32,-5.4,-3.));
#9321 = DIRECTION('',(1.,0.,0.));
#9322 = DIRECTION('',(0.,0.,1.));
#9323 = ADVANCED_FACE('',(#9324),#9349,.T.);
#9324 = FACE_BOUND('',#9325,.T.);
#9325 = EDGE_LOOP('',(#9326,#9334,#9335,#9343));
#9326 = ORIENTED_EDGE('',*,*,#9327,.F.);
#9327 = EDGE_CURVE('',#8648,#9328,#9330,.T.);
#9328 = VERTEX_POINT('',#9329);
#9329 = CARTESIAN_POINT('',(0.32,-0.32,8.38));
#9330 = LINE('',#9331,#9332);
#9331 = CARTESIAN_POINT('',(0.32,-0.32,-3.));
#9332 = VECTOR('',#9333,1.);
#9333 = DIRECTION('',(0.,0.,1.));
#9334 = ORIENTED_EDGE('',*,*,#8647,.T.);
#9335 = ORIENTED_EDGE('',*,*,#9336,.T.);
#9336 = EDGE_CURVE('',#8650,#9337,#9339,.T.);
#9337 = VERTEX_POINT('',#9338);
#9338 = CARTESIAN_POINT('',(0.32,0.32,8.38));
#9339 = LINE('',#9340,#9341);
#9340 = CARTESIAN_POINT('',(0.32,0.32,-3.));
#9341 = VECTOR('',#9342,1.);
#9342 = DIRECTION('',(0.,0.,1.));
#9343 = ORIENTED_EDGE('',*,*,#9344,.F.);
#9344 = EDGE_CURVE('',#9328,#9337,#9345,.T.);
#9345 = LINE('',#9346,#9347);
#9346 = CARTESIAN_POINT('',(0.32,-0.32,8.38));
#9347 = VECTOR('',#9348,1.);
#9348 = DIRECTION('',(0.,1.,0.));
#9349 = PLANE('',#9350);
#9350 = AXIS2_PLACEMENT_3D('',#9351,#9352,#9353);
#9351 = CARTESIAN_POINT('',(0.32,-0.32,-3.));
#9352 = DIRECTION('',(1.,0.,0.));
#9353 = DIRECTION('',(0.,0.,1.));
#9354 = ADVANCED_FACE('',(#9355),#9373,.T.);
#9355 = FACE_BOUND('',#9356,.T.);
#9356 = EDGE_LOOP('',(#9357,#9358,#9359,#9367));
#9357 = ORIENTED_EDGE('',*,*,#9336,.F.);
#9358 = ORIENTED_EDGE('',*,*,#8673,.T.);
#9359 = ORIENTED_EDGE('',*,*,#9360,.T.);
#9360 = EDGE_CURVE('',#8666,#9361,#9363,.T.);
#9361 = VERTEX_POINT('',#9362);
#9362 = CARTESIAN_POINT('',(-0.32,0.32,8.38));
#9363 = LINE('',#9364,#9365);
#9364 = CARTESIAN_POINT('',(-0.32,0.32,-3.));
#9365 = VECTOR('',#9366,1.);
#9366 = DIRECTION('',(0.,0.,1.));
#9367 = ORIENTED_EDGE('',*,*,#9368,.T.);
#9368 = EDGE_CURVE('',#9361,#9337,#9369,.T.);
#9369 = LINE('',#9370,#9371);
#9370 = CARTESIAN_POINT('',(-0.32,0.32,8.38));
#9371 = VECTOR('',#9372,1.);
#9372 = DIRECTION('',(1.,0.,0.));
#9373 = PLANE('',#9374);
#9374 = AXIS2_PLACEMENT_3D('',#9375,#9376,#9377);
#9375 = CARTESIAN_POINT('',(-0.32,0.32,-3.));
#9376 = DIRECTION('',(0.,1.,0.));
#9377 = DIRECTION('',(0.,-0.,1.));
#9378 = ADVANCED_FACE('',(#9379),#9397,.F.);
#9379 = FACE_BOUND('',#9380,.F.);
#9380 = EDGE_LOOP('',(#9381,#9389,#9390,#9391));
#9381 = ORIENTED_EDGE('',*,*,#9382,.F.);
#9382 = EDGE_CURVE('',#8658,#9383,#9385,.T.);
#9383 = VERTEX_POINT('',#9384);
#9384 = CARTESIAN_POINT('',(-0.32,-0.32,8.38));
#9385 = LINE('',#9386,#9387);
#9386 = CARTESIAN_POINT('',(-0.32,-0.32,-3.));
#9387 = VECTOR('',#9388,1.);
#9388 = DIRECTION('',(0.,0.,1.));
#9389 = ORIENTED_EDGE('',*,*,#8665,.T.);
#9390 = ORIENTED_EDGE('',*,*,#9360,.T.);
#9391 = ORIENTED_EDGE('',*,*,#9392,.F.);
#9392 = EDGE_CURVE('',#9383,#9361,#9393,.T.);
#9393 = LINE('',#9394,#9395);
#9394 = CARTESIAN_POINT('',(-0.32,-0.32,8.38));
#9395 = VECTOR('',#9396,1.);
#9396 = DIRECTION('',(0.,1.,0.));
#9397 = PLANE('',#9398);
#9398 = AXIS2_PLACEMENT_3D('',#9399,#9400,#9401);
#9399 = CARTESIAN_POINT('',(-0.32,-0.32,-3.));
#9400 = DIRECTION('',(1.,0.,0.));
#9401 = DIRECTION('',(0.,0.,1.));
#9402 = ADVANCED_FACE('',(#9403),#9414,.F.);
#9403 = FACE_BOUND('',#9404,.F.);
#9404 = EDGE_LOOP('',(#9405,#9406,#9407,#9408));
#9405 = ORIENTED_EDGE('',*,*,#9327,.F.);
#9406 = ORIENTED_EDGE('',*,*,#8657,.T.);
#9407 = ORIENTED_EDGE('',*,*,#9382,.T.);
#9408 = ORIENTED_EDGE('',*,*,#9409,.T.);
#9409 = EDGE_CURVE('',#9383,#9328,#9410,.T.);
#9410 = LINE('',#9411,#9412);
#9411 = CARTESIAN_POINT('',(-0.32,-0.32,8.38));
#9412 = VECTOR('',#9413,1.);
#9413 = DIRECTION('',(1.,0.,0.));
#9414 = PLANE('',#9415);
#9415 = AXIS2_PLACEMENT_3D('',#9416,#9417,#9418);
#9416 = CARTESIAN_POINT('',(-0.32,-0.32,-3.));
#9417 = DIRECTION('',(0.,1.,0.));
#9418 = DIRECTION('',(0.,-0.,1.));
#9419 = ADVANCED_FACE('',(#9420),#9445,.F.);
#9420 = FACE_BOUND('',#9421,.F.);
#9421 = EDGE_LOOP('',(#9422,#9430,#9431,#9439));
#9422 = ORIENTED_EDGE('',*,*,#9423,.F.);
#9423 = EDGE_CURVE('',#8682,#9424,#9426,.T.);
#9424 = VERTEX_POINT('',#9425);
#9425 = CARTESIAN_POINT('',(0.32,-2.86,8.38));
#9426 = LINE('',#9427,#9428);
#9427 = CARTESIAN_POINT('',(0.32,-2.86,-3.));
#9428 = VECTOR('',#9429,1.);
#9429 = DIRECTION('',(0.,0.,1.));
#9430 = ORIENTED_EDGE('',*,*,#8681,.T.);
#9431 = ORIENTED_EDGE('',*,*,#9432,.T.);
#9432 = EDGE_CURVE('',#8684,#9433,#9435,.T.);
#9433 = VERTEX_POINT('',#9434);
#9434 = CARTESIAN_POINT('',(-0.32,-2.86,8.38));
#9435 = LINE('',#9436,#9437);
#9436 = CARTESIAN_POINT('',(-0.32,-2.86,-3.));
#9437 = VECTOR('',#9438,1.);
#9438 = DIRECTION('',(0.,0.,1.));
#9439 = ORIENTED_EDGE('',*,*,#9440,.T.);
#9440 = EDGE_CURVE('',#9433,#9424,#9441,.T.);
#9441 = LINE('',#9442,#9443);
#9442 = CARTESIAN_POINT('',(-0.32,-2.86,8.38));
#9443 = VECTOR('',#9444,1.);
#9444 = DIRECTION('',(1.,0.,0.));
#9445 = PLANE('',#9446);
#9446 = AXIS2_PLACEMENT_3D('',#9447,#9448,#9449);
#9447 = CARTESIAN_POINT('',(-0.32,-2.86,-3.));
#9448 = DIRECTION('',(0.,1.,0.));
#9449 = DIRECTION('',(0.,-0.,1.));
#9450 = ADVANCED_FACE('',(#9451),#9469,.T.);
#9451 = FACE_BOUND('',#9452,.T.);
#9452 = EDGE_LOOP('',(#9453,#9454,#9455,#9463));
#9453 = ORIENTED_EDGE('',*,*,#9423,.F.);
#9454 = ORIENTED_EDGE('',*,*,#8707,.T.);
#9455 = ORIENTED_EDGE('',*,*,#9456,.T.);
#9456 = EDGE_CURVE('',#8700,#9457,#9459,.T.);
#9457 = VERTEX_POINT('',#9458);
#9458 = CARTESIAN_POINT('',(0.32,-2.22,8.38));
#9459 = LINE('',#9460,#9461);
#9460 = CARTESIAN_POINT('',(0.32,-2.22,-3.));
#9461 = VECTOR('',#9462,1.);
#9462 = DIRECTION('',(0.,0.,1.));
#9463 = ORIENTED_EDGE('',*,*,#9464,.F.);
#9464 = EDGE_CURVE('',#9424,#9457,#9465,.T.);
#9465 = LINE('',#9466,#9467);
#9466 = CARTESIAN_POINT('',(0.32,-2.86,8.38));
#9467 = VECTOR('',#9468,1.);
#9468 = DIRECTION('',(0.,1.,0.));
#9469 = PLANE('',#9470);
#9470 = AXIS2_PLACEMENT_3D('',#9471,#9472,#9473);
#9471 = CARTESIAN_POINT('',(0.32,-2.86,-3.));
#9472 = DIRECTION('',(1.,0.,0.));
#9473 = DIRECTION('',(0.,0.,1.));
#9474 = ADVANCED_FACE('',(#9475),#9493,.T.);
#9475 = FACE_BOUND('',#9476,.T.);
#9476 = EDGE_LOOP('',(#9477,#9478,#9479,#9487));
#9477 = ORIENTED_EDGE('',*,*,#9456,.F.);
#9478 = ORIENTED_EDGE('',*,*,#8699,.T.);
#9479 = ORIENTED_EDGE('',*,*,#9480,.T.);
#9480 = EDGE_CURVE('',#8692,#9481,#9483,.T.);
#9481 = VERTEX_POINT('',#9482);
#9482 = CARTESIAN_POINT('',(-0.32,-2.22,8.38));
#9483 = LINE('',#9484,#9485);
#9484 = CARTESIAN_POINT('',(-0.32,-2.22,-3.));
#9485 = VECTOR('',#9486,1.);
#9486 = DIRECTION('',(0.,0.,1.));
#9487 = ORIENTED_EDGE('',*,*,#9488,.T.);
#9488 = EDGE_CURVE('',#9481,#9457,#9489,.T.);
#9489 = LINE('',#9490,#9491);
#9490 = CARTESIAN_POINT('',(-0.32,-2.22,8.38));
#9491 = VECTOR('',#9492,1.);
#9492 = DIRECTION('',(1.,0.,0.));
#9493 = PLANE('',#9494);
#9494 = AXIS2_PLACEMENT_3D('',#9495,#9496,#9497);
#9495 = CARTESIAN_POINT('',(-0.32,-2.22,-3.));
#9496 = DIRECTION('',(0.,1.,0.));
#9497 = DIRECTION('',(0.,-0.,1.));
#9498 = ADVANCED_FACE('',(#9499),#9510,.F.);
#9499 = FACE_BOUND('',#9500,.F.);
#9500 = EDGE_LOOP('',(#9501,#9502,#9503,#9504));
#9501 = ORIENTED_EDGE('',*,*,#9432,.F.);
#9502 = ORIENTED_EDGE('',*,*,#8691,.T.);
#9503 = ORIENTED_EDGE('',*,*,#9480,.T.);
#9504 = ORIENTED_EDGE('',*,*,#9505,.F.);
#9505 = EDGE_CURVE('',#9433,#9481,#9506,.T.);
#9506 = LINE('',#9507,#9508);
#9507 = CARTESIAN_POINT('',(-0.32,-2.86,8.38));
#9508 = VECTOR('',#9509,1.);
#9509 = DIRECTION('',(0.,1.,0.));
#9510 = PLANE('',#9511);
#9511 = AXIS2_PLACEMENT_3D('',#9512,#9513,#9514);
#9512 = CARTESIAN_POINT('',(-0.32,-2.86,-3.));
#9513 = DIRECTION('',(1.,0.,0.));
#9514 = DIRECTION('',(0.,0.,1.));
#9515 = ADVANCED_FACE('',(#9516),#9541,.T.);
#9516 = FACE_BOUND('',#9517,.T.);
#9517 = EDGE_LOOP('',(#9518,#9526,#9527,#9535));
#9518 = ORIENTED_EDGE('',*,*,#9519,.F.);
#9519 = EDGE_CURVE('',#8716,#9520,#9522,.T.);
#9520 = VERTEX_POINT('',#9521);
#9521 = CARTESIAN_POINT('',(0.32,-4.76,8.38));
#9522 = LINE('',#9523,#9524);
#9523 = CARTESIAN_POINT('',(0.32,-4.76,-3.));
#9524 = VECTOR('',#9525,1.);
#9525 = DIRECTION('',(0.,0.,1.));
#9526 = ORIENTED_EDGE('',*,*,#8715,.T.);
#9527 = ORIENTED_EDGE('',*,*,#9528,.T.);
#9528 = EDGE_CURVE('',#8718,#9529,#9531,.T.);
#9529 = VERTEX_POINT('',#9530);
#9530 = CARTESIAN_POINT('',(-0.32,-4.76,8.38));
#9531 = LINE('',#9532,#9533);
#9532 = CARTESIAN_POINT('',(-0.32,-4.76,-3.));
#9533 = VECTOR('',#9534,1.);
#9534 = DIRECTION('',(0.,0.,1.));
#9535 = ORIENTED_EDGE('',*,*,#9536,.T.);
#9536 = EDGE_CURVE('',#9529,#9520,#9537,.T.);
#9537 = LINE('',#9538,#9539);
#9538 = CARTESIAN_POINT('',(-0.32,-4.76,8.38));
#9539 = VECTOR('',#9540,1.);
#9540 = DIRECTION('',(1.,0.,0.));
#9541 = PLANE('',#9542);
#9542 = AXIS2_PLACEMENT_3D('',#9543,#9544,#9545);
#9543 = CARTESIAN_POINT('',(-0.32,-4.76,-3.));
#9544 = DIRECTION('',(0.,1.,0.));
#9545 = DIRECTION('',(0.,-0.,1.));
#9546 = ADVANCED_FACE('',(#9547),#9565,.F.);
#9547 = FACE_BOUND('',#9548,.F.);
#9548 = EDGE_LOOP('',(#9549,#9557,#9558,#9559));
#9549 = ORIENTED_EDGE('',*,*,#9550,.F.);
#9550 = EDGE_CURVE('',#8734,#9551,#9553,.T.);
#9551 = VERTEX_POINT('',#9552);
#9552 = CARTESIAN_POINT('',(-0.32,-5.4,8.38));
#9553 = LINE('',#9554,#9555);
#9554 = CARTESIAN_POINT('',(-0.32,-5.4,-3.));
#9555 = VECTOR('',#9556,1.);
#9556 = DIRECTION('',(0.,0.,1.));
#9557 = ORIENTED_EDGE('',*,*,#8741,.T.);
#9558 = ORIENTED_EDGE('',*,*,#9528,.T.);
#9559 = ORIENTED_EDGE('',*,*,#9560,.F.);
#9560 = EDGE_CURVE('',#9551,#9529,#9561,.T.);
#9561 = LINE('',#9562,#9563);
#9562 = CARTESIAN_POINT('',(-0.32,-5.4,8.38));
#9563 = VECTOR('',#9564,1.);
#9564 = DIRECTION('',(0.,1.,0.));
#9565 = PLANE('',#9566);
#9566 = AXIS2_PLACEMENT_3D('',#9567,#9568,#9569);
#9567 = CARTESIAN_POINT('',(-0.32,-5.4,-3.));
#9568 = DIRECTION('',(1.,0.,0.));
#9569 = DIRECTION('',(0.,0.,1.));
#9570 = ADVANCED_FACE('',(#9571),#9589,.F.);
#9571 = FACE_BOUND('',#9572,.F.);
#9572 = EDGE_LOOP('',(#9573,#9581,#9582,#9583));
#9573 = ORIENTED_EDGE('',*,*,#9574,.F.);
#9574 = EDGE_CURVE('',#8726,#9575,#9577,.T.);
#9575 = VERTEX_POINT('',#9576);
#9576 = CARTESIAN_POINT('',(0.32,-5.4,8.38));
#9577 = LINE('',#9578,#9579);
#9578 = CARTESIAN_POINT('',(0.32,-5.4,-3.));
#9579 = VECTOR('',#9580,1.);
#9580 = DIRECTION('',(0.,0.,1.));
#9581 = ORIENTED_EDGE('',*,*,#8733,.T.);
#9582 = ORIENTED_EDGE('',*,*,#9550,.T.);
#9583 = ORIENTED_EDGE('',*,*,#9584,.T.);
#9584 = EDGE_CURVE('',#9551,#9575,#9585,.T.);
#9585 = LINE('',#9586,#9587);
#9586 = CARTESIAN_POINT('',(-0.32,-5.4,8.38));
#9587 = VECTOR('',#9588,1.);
#9588 = DIRECTION('',(1.,0.,0.));
#9589 = PLANE('',#9590);
#9590 = AXIS2_PLACEMENT_3D('',#9591,#9592,#9593);
#9591 = CARTESIAN_POINT('',(-0.32,-5.4,-3.));
#9592 = DIRECTION('',(0.,1.,0.));
#9593 = DIRECTION('',(0.,-0.,1.));
#9594 = ADVANCED_FACE('',(#9595),#9606,.T.);
#9595 = FACE_BOUND('',#9596,.T.);
#9596 = EDGE_LOOP('',(#9597,#9598,#9599,#9600));
#9597 = ORIENTED_EDGE('',*,*,#9574,.F.);
#9598 = ORIENTED_EDGE('',*,*,#8725,.T.);
#9599 = ORIENTED_EDGE('',*,*,#9519,.T.);
#9600 = ORIENTED_EDGE('',*,*,#9601,.F.);
#9601 = EDGE_CURVE('',#9575,#9520,#9602,.T.);
#9602 = LINE('',#9603,#9604);
#9603 = CARTESIAN_POINT('',(0.32,-5.4,8.38));
#9604 = VECTOR('',#9605,1.);
#9605 = DIRECTION('',(0.,1.,0.));
#9606 = PLANE('',#9607);
#9607 = AXIS2_PLACEMENT_3D('',#9608,#9609,#9610);
#9608 = CARTESIAN_POINT('',(0.32,-5.4,-3.));
#9609 = DIRECTION('',(1.,0.,0.));
#9610 = DIRECTION('',(0.,0.,1.));
#9611 = ADVANCED_FACE('',(#9612),#9637,.F.);
#9612 = FACE_BOUND('',#9613,.F.);
#9613 = EDGE_LOOP('',(#9614,#9622,#9623,#9631));
#9614 = ORIENTED_EDGE('',*,*,#9615,.F.);
#9615 = EDGE_CURVE('',#9040,#9616,#9618,.T.);
#9616 = VERTEX_POINT('',#9617);
#9617 = CARTESIAN_POINT('',(0.16,-0.16,-3.));
#9618 = LINE('',#9619,#9620);
#9619 = CARTESIAN_POINT('',(0.16,-0.16,-3.));
#9620 = VECTOR('',#9621,1.);
#9621 = DIRECTION('',(-0.57735026919,0.57735026919,-0.57735026919));
#9622 = ORIENTED_EDGE('',*,*,#9047,.T.);
#9623 = ORIENTED_EDGE('',*,*,#9624,.T.);
#9624 = EDGE_CURVE('',#9048,#9625,#9627,.T.);
#9625 = VERTEX_POINT('',#9626);
#9626 = CARTESIAN_POINT('',(0.16,0.16,-3.));
#9627 = LINE('',#9628,#9629);
#9628 = CARTESIAN_POINT('',(5.333333333333E-02,5.333333333333E-02,
    -3.106666666667));
#9629 = VECTOR('',#9630,1.);
#9630 = DIRECTION('',(-0.57735026919,-0.57735026919,-0.57735026919));
#9631 = ORIENTED_EDGE('',*,*,#9632,.F.);
#9632 = EDGE_CURVE('',#9616,#9625,#9633,.T.);
#9633 = LINE('',#9634,#9635);
#9634 = CARTESIAN_POINT('',(0.16,-0.32,-3.));
#9635 = VECTOR('',#9636,1.);
#9636 = DIRECTION('',(0.,1.,0.));
#9637 = PLANE('',#9638);
#9638 = AXIS2_PLACEMENT_3D('',#9639,#9640,#9641);
#9639 = CARTESIAN_POINT('',(0.24,-0.32,-2.92));
#9640 = DIRECTION('',(-0.707106781187,1.735167508357E-18,0.707106781187)
  );
#9641 = DIRECTION('',(1.226948711654E-18,1.,-1.226948711654E-18));
#9642 = ADVANCED_FACE('',(#9643),#9661,.F.);
#9643 = FACE_BOUND('',#9644,.T.);
#9644 = EDGE_LOOP('',(#9645,#9653,#9654,#9655));
#9645 = ORIENTED_EDGE('',*,*,#9646,.F.);
#9646 = EDGE_CURVE('',#9072,#9647,#9649,.T.);
#9647 = VERTEX_POINT('',#9648);
#9648 = CARTESIAN_POINT('',(-0.16,0.16,-3.));
#9649 = LINE('',#9650,#9651);
#9650 = CARTESIAN_POINT('',(-0.16,0.16,-3.));
#9651 = VECTOR('',#9652,1.);
#9652 = DIRECTION('',(0.57735026919,-0.57735026919,-0.57735026919));
#9653 = ORIENTED_EDGE('',*,*,#9071,.T.);
#9654 = ORIENTED_EDGE('',*,*,#9624,.T.);
#9655 = ORIENTED_EDGE('',*,*,#9656,.F.);
#9656 = EDGE_CURVE('',#9647,#9625,#9657,.T.);
#9657 = LINE('',#9658,#9659);
#9658 = CARTESIAN_POINT('',(-0.32,0.16,-3.));
#9659 = VECTOR('',#9660,1.);
#9660 = DIRECTION('',(1.,0.,0.));
#9661 = PLANE('',#9662);
#9662 = AXIS2_PLACEMENT_3D('',#9663,#9664,#9665);
#9663 = CARTESIAN_POINT('',(-0.32,0.24,-2.92));
#9664 = DIRECTION('',(-1.735167508357E-18,-0.707106781187,0.707106781187
    ));
#9665 = DIRECTION('',(-1.,1.226948711654E-18,-1.226948711654E-18));
#9666 = ADVANCED_FACE('',(#9667),#9685,.T.);
#9667 = FACE_BOUND('',#9668,.T.);
#9668 = EDGE_LOOP('',(#9669,#9677,#9678,#9679));
#9669 = ORIENTED_EDGE('',*,*,#9670,.F.);
#9670 = EDGE_CURVE('',#9095,#9671,#9673,.T.);
#9671 = VERTEX_POINT('',#9672);
#9672 = CARTESIAN_POINT('',(-0.16,-0.16,-3.));
#9673 = LINE('',#9674,#9675);
#9674 = CARTESIAN_POINT('',(-0.266666666667,-0.266666666667,
    -2.893333333333));
#9675 = VECTOR('',#9676,1.);
#9676 = DIRECTION('',(0.57735026919,0.57735026919,-0.57735026919));
#9677 = ORIENTED_EDGE('',*,*,#9102,.T.);
#9678 = ORIENTED_EDGE('',*,*,#9646,.T.);
#9679 = ORIENTED_EDGE('',*,*,#9680,.F.);
#9680 = EDGE_CURVE('',#9671,#9647,#9681,.T.);
#9681 = LINE('',#9682,#9683);
#9682 = CARTESIAN_POINT('',(-0.16,-0.32,-3.));
#9683 = VECTOR('',#9684,1.);
#9684 = DIRECTION('',(0.,1.,0.));
#9685 = PLANE('',#9686);
#9686 = AXIS2_PLACEMENT_3D('',#9687,#9688,#9689);
#9687 = CARTESIAN_POINT('',(-0.24,-0.32,-2.92));
#9688 = DIRECTION('',(-0.707106781187,-1.735167508357E-18,
    -0.707106781187));
#9689 = DIRECTION('',(-1.226948711654E-18,1.,-1.226948711654E-18));
#9690 = ADVANCED_FACE('',(#9691),#9702,.T.);
#9691 = FACE_BOUND('',#9692,.F.);
#9692 = EDGE_LOOP('',(#9693,#9694,#9695,#9696));
#9693 = ORIENTED_EDGE('',*,*,#9670,.F.);
#9694 = ORIENTED_EDGE('',*,*,#9119,.T.);
#9695 = ORIENTED_EDGE('',*,*,#9615,.T.);
#9696 = ORIENTED_EDGE('',*,*,#9697,.F.);
#9697 = EDGE_CURVE('',#9671,#9616,#9698,.T.);
#9698 = LINE('',#9699,#9700);
#9699 = CARTESIAN_POINT('',(-0.32,-0.16,-3.));
#9700 = VECTOR('',#9701,1.);
#9701 = DIRECTION('',(1.,0.,0.));
#9702 = PLANE('',#9703);
#9703 = AXIS2_PLACEMENT_3D('',#9704,#9705,#9706);
#9704 = CARTESIAN_POINT('',(-0.32,-0.24,-2.92));
#9705 = DIRECTION('',(1.735167508357E-18,-0.707106781187,-0.707106781187
    ));
#9706 = DIRECTION('',(-1.,-1.226948711654E-18,-1.226948711654E-18));
#9707 = ADVANCED_FACE('',(#9708),#9733,.T.);
#9708 = FACE_BOUND('',#9709,.F.);
#9709 = EDGE_LOOP('',(#9710,#9718,#9719,#9727));
#9710 = ORIENTED_EDGE('',*,*,#9711,.F.);
#9711 = EDGE_CURVE('',#9144,#9712,#9714,.T.);
#9712 = VERTEX_POINT('',#9713);
#9713 = CARTESIAN_POINT('',(-0.16,-2.7,-3.));
#9714 = LINE('',#9715,#9716);
#9715 = CARTESIAN_POINT('',(-0.266666666667,-2.806666666667,
    -2.893333333333));
#9716 = VECTOR('',#9717,1.);
#9717 = DIRECTION('',(0.57735026919,0.57735026919,-0.57735026919));
#9718 = ORIENTED_EDGE('',*,*,#9143,.T.);
#9719 = ORIENTED_EDGE('',*,*,#9720,.T.);
#9720 = EDGE_CURVE('',#9136,#9721,#9723,.T.);
#9721 = VERTEX_POINT('',#9722);
#9722 = CARTESIAN_POINT('',(0.16,-2.7,-3.));
#9723 = LINE('',#9724,#9725);
#9724 = CARTESIAN_POINT('',(0.16,-2.7,-3.));
#9725 = VECTOR('',#9726,1.);
#9726 = DIRECTION('',(-0.57735026919,0.57735026919,-0.57735026919));
#9727 = ORIENTED_EDGE('',*,*,#9728,.F.);
#9728 = EDGE_CURVE('',#9712,#9721,#9729,.T.);
#9729 = LINE('',#9730,#9731);
#9730 = CARTESIAN_POINT('',(-0.32,-2.7,-3.));
#9731 = VECTOR('',#9732,1.);
#9732 = DIRECTION('',(1.,0.,0.));
#9733 = PLANE('',#9734);
#9734 = AXIS2_PLACEMENT_3D('',#9735,#9736,#9737);
#9735 = CARTESIAN_POINT('',(-0.32,-2.78,-2.92));
#9736 = DIRECTION('',(1.735167508357E-18,-0.707106781187,-0.707106781187
    ));
#9737 = DIRECTION('',(-1.,-1.226948711654E-18,-1.226948711654E-18));
#9738 = ADVANCED_FACE('',(#9739),#9757,.F.);
#9739 = FACE_BOUND('',#9740,.F.);
#9740 = EDGE_LOOP('',(#9741,#9742,#9743,#9751));
#9741 = ORIENTED_EDGE('',*,*,#9720,.F.);
#9742 = ORIENTED_EDGE('',*,*,#9167,.T.);
#9743 = ORIENTED_EDGE('',*,*,#9744,.T.);
#9744 = EDGE_CURVE('',#9168,#9745,#9747,.T.);
#9745 = VERTEX_POINT('',#9746);
#9746 = CARTESIAN_POINT('',(0.16,-2.38,-3.));
#9747 = LINE('',#9748,#9749);
#9748 = CARTESIAN_POINT('',(5.333333333333E-02,-2.486666666667,
    -3.106666666667));
#9749 = VECTOR('',#9750,1.);
#9750 = DIRECTION('',(-0.57735026919,-0.57735026919,-0.57735026919));
#9751 = ORIENTED_EDGE('',*,*,#9752,.F.);
#9752 = EDGE_CURVE('',#9721,#9745,#9753,.T.);
#9753 = LINE('',#9754,#9755);
#9754 = CARTESIAN_POINT('',(0.16,-2.86,-3.));
#9755 = VECTOR('',#9756,1.);
#9756 = DIRECTION('',(0.,1.,0.));
#9757 = PLANE('',#9758);
#9758 = AXIS2_PLACEMENT_3D('',#9759,#9760,#9761);
#9759 = CARTESIAN_POINT('',(0.24,-2.86,-2.92));
#9760 = DIRECTION('',(-0.707106781187,1.735167508357E-18,0.707106781187)
  );
#9761 = DIRECTION('',(1.226948711654E-18,1.,-1.226948711654E-18));
#9762 = ADVANCED_FACE('',(#9763),#9781,.F.);
#9763 = FACE_BOUND('',#9764,.T.);
#9764 = EDGE_LOOP('',(#9765,#9773,#9774,#9775));
#9765 = ORIENTED_EDGE('',*,*,#9766,.F.);
#9766 = EDGE_CURVE('',#9192,#9767,#9769,.T.);
#9767 = VERTEX_POINT('',#9768);
#9768 = CARTESIAN_POINT('',(-0.16,-2.38,-3.));
#9769 = LINE('',#9770,#9771);
#9770 = CARTESIAN_POINT('',(-0.16,-2.38,-3.));
#9771 = VECTOR('',#9772,1.);
#9772 = DIRECTION('',(0.57735026919,-0.57735026919,-0.57735026919));
#9773 = ORIENTED_EDGE('',*,*,#9191,.T.);
#9774 = ORIENTED_EDGE('',*,*,#9744,.T.);
#9775 = ORIENTED_EDGE('',*,*,#9776,.F.);
#9776 = EDGE_CURVE('',#9767,#9745,#9777,.T.);
#9777 = LINE('',#9778,#9779);
#9778 = CARTESIAN_POINT('',(-0.32,-2.38,-3.));
#9779 = VECTOR('',#9780,1.);
#9780 = DIRECTION('',(1.,0.,0.));
#9781 = PLANE('',#9782);
#9782 = AXIS2_PLACEMENT_3D('',#9783,#9784,#9785);
#9783 = CARTESIAN_POINT('',(-0.32,-2.3,-2.92));
#9784 = DIRECTION('',(-1.735167508357E-18,-0.707106781187,0.707106781187
    ));
#9785 = DIRECTION('',(-1.,1.226948711654E-18,-1.226948711654E-18));
#9786 = ADVANCED_FACE('',(#9787),#9798,.T.);
#9787 = FACE_BOUND('',#9788,.T.);
#9788 = EDGE_LOOP('',(#9789,#9790,#9791,#9792));
#9789 = ORIENTED_EDGE('',*,*,#9711,.F.);
#9790 = ORIENTED_EDGE('',*,*,#9215,.T.);
#9791 = ORIENTED_EDGE('',*,*,#9766,.T.);
#9792 = ORIENTED_EDGE('',*,*,#9793,.F.);
#9793 = EDGE_CURVE('',#9712,#9767,#9794,.T.);
#9794 = LINE('',#9795,#9796);
#9795 = CARTESIAN_POINT('',(-0.16,-2.86,-3.));
#9796 = VECTOR('',#9797,1.);
#9797 = DIRECTION('',(0.,1.,0.));
#9798 = PLANE('',#9799);
#9799 = AXIS2_PLACEMENT_3D('',#9800,#9801,#9802);
#9800 = CARTESIAN_POINT('',(-0.24,-2.86,-2.92));
#9801 = DIRECTION('',(-0.707106781187,-1.735167508357E-18,
    -0.707106781187));
#9802 = DIRECTION('',(-1.226948711654E-18,1.,-1.226948711654E-18));
#9803 = ADVANCED_FACE('',(#9804),#9829,.F.);
#9804 = FACE_BOUND('',#9805,.T.);
#9805 = EDGE_LOOP('',(#9806,#9814,#9815,#9823));
#9806 = ORIENTED_EDGE('',*,*,#9807,.F.);
#9807 = EDGE_CURVE('',#9240,#9808,#9810,.T.);
#9808 = VERTEX_POINT('',#9809);
#9809 = CARTESIAN_POINT('',(-0.16,-4.92,-3.));
#9810 = LINE('',#9811,#9812);
#9811 = CARTESIAN_POINT('',(-0.16,-4.92,-3.));
#9812 = VECTOR('',#9813,1.);
#9813 = DIRECTION('',(0.57735026919,-0.57735026919,-0.57735026919));
#9814 = ORIENTED_EDGE('',*,*,#9239,.T.);
#9815 = ORIENTED_EDGE('',*,*,#9816,.T.);
#9816 = EDGE_CURVE('',#9232,#9817,#9819,.T.);
#9817 = VERTEX_POINT('',#9818);
#9818 = CARTESIAN_POINT('',(0.16,-4.92,-3.));
#9819 = LINE('',#9820,#9821);
#9820 = CARTESIAN_POINT('',(5.333333333333E-02,-5.026666666667,
    -3.106666666667));
#9821 = VECTOR('',#9822,1.);
#9822 = DIRECTION('',(-0.57735026919,-0.57735026919,-0.57735026919));
#9823 = ORIENTED_EDGE('',*,*,#9824,.F.);
#9824 = EDGE_CURVE('',#9808,#9817,#9825,.T.);
#9825 = LINE('',#9826,#9827);
#9826 = CARTESIAN_POINT('',(-0.32,-4.92,-3.));
#9827 = VECTOR('',#9828,1.);
#9828 = DIRECTION('',(1.,0.,0.));
#9829 = PLANE('',#9830);
#9830 = AXIS2_PLACEMENT_3D('',#9831,#9832,#9833);
#9831 = CARTESIAN_POINT('',(-0.32,-4.84,-2.92));
#9832 = DIRECTION('',(-1.735167508357E-18,-0.707106781187,0.707106781187
    ));
#9833 = DIRECTION('',(-1.,1.226948711654E-18,-1.226948711654E-18));
#9834 = ADVANCED_FACE('',(#9835),#9853,.T.);
#9835 = FACE_BOUND('',#9836,.T.);
#9836 = EDGE_LOOP('',(#9837,#9845,#9846,#9847));
#9837 = ORIENTED_EDGE('',*,*,#9838,.F.);
#9838 = EDGE_CURVE('',#9263,#9839,#9841,.T.);
#9839 = VERTEX_POINT('',#9840);
#9840 = CARTESIAN_POINT('',(-0.16,-5.24,-3.));
#9841 = LINE('',#9842,#9843);
#9842 = CARTESIAN_POINT('',(-0.266666666667,-5.346666666667,
    -2.893333333333));
#9843 = VECTOR('',#9844,1.);
#9844 = DIRECTION('',(0.57735026919,0.57735026919,-0.57735026919));
#9845 = ORIENTED_EDGE('',*,*,#9270,.T.);
#9846 = ORIENTED_EDGE('',*,*,#9807,.T.);
#9847 = ORIENTED_EDGE('',*,*,#9848,.F.);
#9848 = EDGE_CURVE('',#9839,#9808,#9849,.T.);
#9849 = LINE('',#9850,#9851);
#9850 = CARTESIAN_POINT('',(-0.16,-5.4,-3.));
#9851 = VECTOR('',#9852,1.);
#9852 = DIRECTION('',(0.,1.,0.));
#9853 = PLANE('',#9854);
#9854 = AXIS2_PLACEMENT_3D('',#9855,#9856,#9857);
#9855 = CARTESIAN_POINT('',(-0.24,-5.4,-2.92));
#9856 = DIRECTION('',(-0.707106781187,-1.735167508357E-18,
    -0.707106781187));
#9857 = DIRECTION('',(-1.226948711654E-18,1.,-1.226948711654E-18));
#9858 = ADVANCED_FACE('',(#9859),#9877,.T.);
#9859 = FACE_BOUND('',#9860,.F.);
#9860 = EDGE_LOOP('',(#9861,#9862,#9863,#9871));
#9861 = ORIENTED_EDGE('',*,*,#9838,.F.);
#9862 = ORIENTED_EDGE('',*,*,#9294,.T.);
#9863 = ORIENTED_EDGE('',*,*,#9864,.T.);
#9864 = EDGE_CURVE('',#9287,#9865,#9867,.T.);
#9865 = VERTEX_POINT('',#9866);
#9866 = CARTESIAN_POINT('',(0.16,-5.24,-3.));
#9867 = LINE('',#9868,#9869);
#9868 = CARTESIAN_POINT('',(0.16,-5.24,-3.));
#9869 = VECTOR('',#9870,1.);
#9870 = DIRECTION('',(-0.57735026919,0.57735026919,-0.57735026919));
#9871 = ORIENTED_EDGE('',*,*,#9872,.F.);
#9872 = EDGE_CURVE('',#9839,#9865,#9873,.T.);
#9873 = LINE('',#9874,#9875);
#9874 = CARTESIAN_POINT('',(-0.32,-5.24,-3.));
#9875 = VECTOR('',#9876,1.);
#9876 = DIRECTION('',(1.,0.,0.));
#9877 = PLANE('',#9878);
#9878 = AXIS2_PLACEMENT_3D('',#9879,#9880,#9881);
#9879 = CARTESIAN_POINT('',(-0.32,-5.32,-2.92));
#9880 = DIRECTION('',(1.735167508357E-18,-0.707106781187,-0.707106781187
    ));
#9881 = DIRECTION('',(-1.,-1.226948711654E-18,-1.226948711654E-18));
#9882 = ADVANCED_FACE('',(#9883),#9894,.F.);
#9883 = FACE_BOUND('',#9884,.F.);
#9884 = EDGE_LOOP('',(#9885,#9886,#9887,#9888));
#9885 = ORIENTED_EDGE('',*,*,#9864,.F.);
#9886 = ORIENTED_EDGE('',*,*,#9311,.T.);
#9887 = ORIENTED_EDGE('',*,*,#9816,.T.);
#9888 = ORIENTED_EDGE('',*,*,#9889,.F.);
#9889 = EDGE_CURVE('',#9865,#9817,#9890,.T.);
#9890 = LINE('',#9891,#9892);
#9891 = CARTESIAN_POINT('',(0.16,-5.4,-3.));
#9892 = VECTOR('',#9893,1.);
#9893 = DIRECTION('',(0.,1.,0.));
#9894 = PLANE('',#9895);
#9895 = AXIS2_PLACEMENT_3D('',#9896,#9897,#9898);
#9896 = CARTESIAN_POINT('',(0.24,-5.4,-2.92));
#9897 = DIRECTION('',(-0.707106781187,1.735167508357E-18,0.707106781187)
  );
#9898 = DIRECTION('',(1.226948711654E-18,1.,-1.226948711654E-18));
#9899 = ADVANCED_FACE('',(#9900),#9925,.T.);
#9900 = FACE_BOUND('',#9901,.T.);
#9901 = EDGE_LOOP('',(#9902,#9910,#9911,#9919));
#9902 = ORIENTED_EDGE('',*,*,#9903,.F.);
#9903 = EDGE_CURVE('',#9328,#9904,#9906,.T.);
#9904 = VERTEX_POINT('',#9905);
#9905 = CARTESIAN_POINT('',(0.16,-0.16,8.54));
#9906 = LINE('',#9907,#9908);
#9907 = CARTESIAN_POINT('',(0.16,-0.16,8.54));
#9908 = VECTOR('',#9909,1.);
#9909 = DIRECTION('',(-0.57735026919,0.57735026919,0.57735026919));
#9910 = ORIENTED_EDGE('',*,*,#9344,.T.);
#9911 = ORIENTED_EDGE('',*,*,#9912,.T.);
#9912 = EDGE_CURVE('',#9337,#9913,#9915,.T.);
#9913 = VERTEX_POINT('',#9914);
#9914 = CARTESIAN_POINT('',(0.16,0.16,8.54));
#9915 = LINE('',#9916,#9917);
#9916 = CARTESIAN_POINT('',(5.333333333333E-02,5.333333333333E-02,
    8.646666666667));
#9917 = VECTOR('',#9918,1.);
#9918 = DIRECTION('',(-0.57735026919,-0.57735026919,0.57735026919));
#9919 = ORIENTED_EDGE('',*,*,#9920,.F.);
#9920 = EDGE_CURVE('',#9904,#9913,#9921,.T.);
#9921 = LINE('',#9922,#9923);
#9922 = CARTESIAN_POINT('',(0.16,-0.32,8.54));
#9923 = VECTOR('',#9924,1.);
#9924 = DIRECTION('',(0.,1.,0.));
#9925 = PLANE('',#9926);
#9926 = AXIS2_PLACEMENT_3D('',#9927,#9928,#9929);
#9927 = CARTESIAN_POINT('',(0.24,-0.32,8.46));
#9928 = DIRECTION('',(0.707106781187,-1.735167508357E-18,0.707106781187)
  );
#9929 = DIRECTION('',(1.226948711654E-18,1.,1.226948711654E-18));
#9930 = ADVANCED_FACE('',(#9931),#9949,.T.);
#9931 = FACE_BOUND('',#9932,.F.);
#9932 = EDGE_LOOP('',(#9933,#9941,#9942,#9943));
#9933 = ORIENTED_EDGE('',*,*,#9934,.F.);
#9934 = EDGE_CURVE('',#9361,#9935,#9937,.T.);
#9935 = VERTEX_POINT('',#9936);
#9936 = CARTESIAN_POINT('',(-0.16,0.16,8.54));
#9937 = LINE('',#9938,#9939);
#9938 = CARTESIAN_POINT('',(-0.16,0.16,8.54));
#9939 = VECTOR('',#9940,1.);
#9940 = DIRECTION('',(0.57735026919,-0.57735026919,0.57735026919));
#9941 = ORIENTED_EDGE('',*,*,#9368,.T.);
#9942 = ORIENTED_EDGE('',*,*,#9912,.T.);
#9943 = ORIENTED_EDGE('',*,*,#9944,.F.);
#9944 = EDGE_CURVE('',#9935,#9913,#9945,.T.);
#9945 = LINE('',#9946,#9947);
#9946 = CARTESIAN_POINT('',(-0.32,0.16,8.54));
#9947 = VECTOR('',#9948,1.);
#9948 = DIRECTION('',(1.,0.,0.));
#9949 = PLANE('',#9950);
#9950 = AXIS2_PLACEMENT_3D('',#9951,#9952,#9953);
#9951 = CARTESIAN_POINT('',(-0.32,0.24,8.46));
#9952 = DIRECTION('',(1.735167508357E-18,0.707106781187,0.707106781187)
  );
#9953 = DIRECTION('',(-1.,1.226948711654E-18,1.226948711654E-18));
#9954 = ADVANCED_FACE('',(#9955),#9973,.F.);
#9955 = FACE_BOUND('',#9956,.F.);
#9956 = EDGE_LOOP('',(#9957,#9965,#9966,#9967));
#9957 = ORIENTED_EDGE('',*,*,#9958,.F.);
#9958 = EDGE_CURVE('',#9383,#9959,#9961,.T.);
#9959 = VERTEX_POINT('',#9960);
#9960 = CARTESIAN_POINT('',(-0.16,-0.16,8.54));
#9961 = LINE('',#9962,#9963);
#9962 = CARTESIAN_POINT('',(-0.266666666667,-0.266666666667,
    8.433333333333));
#9963 = VECTOR('',#9964,1.);
#9964 = DIRECTION('',(0.57735026919,0.57735026919,0.57735026919));
#9965 = ORIENTED_EDGE('',*,*,#9392,.T.);
#9966 = ORIENTED_EDGE('',*,*,#9934,.T.);
#9967 = ORIENTED_EDGE('',*,*,#9968,.F.);
#9968 = EDGE_CURVE('',#9959,#9935,#9969,.T.);
#9969 = LINE('',#9970,#9971);
#9970 = CARTESIAN_POINT('',(-0.16,-0.32,8.54));
#9971 = VECTOR('',#9972,1.);
#9972 = DIRECTION('',(0.,1.,0.));
#9973 = PLANE('',#9974);
#9974 = AXIS2_PLACEMENT_3D('',#9975,#9976,#9977);
#9975 = CARTESIAN_POINT('',(-0.24,-0.32,8.46));
#9976 = DIRECTION('',(0.707106781187,1.735167508357E-18,-0.707106781187)
  );
#9977 = DIRECTION('',(-1.226948711654E-18,1.,1.226948711654E-18));
#9978 = ADVANCED_FACE('',(#9979),#9990,.F.);
#9979 = FACE_BOUND('',#9980,.T.);
#9980 = EDGE_LOOP('',(#9981,#9982,#9983,#9984));
#9981 = ORIENTED_EDGE('',*,*,#9958,.F.);
#9982 = ORIENTED_EDGE('',*,*,#9409,.T.);
#9983 = ORIENTED_EDGE('',*,*,#9903,.T.);
#9984 = ORIENTED_EDGE('',*,*,#9985,.F.);
#9985 = EDGE_CURVE('',#9959,#9904,#9986,.T.);
#9986 = LINE('',#9987,#9988);
#9987 = CARTESIAN_POINT('',(-0.32,-0.16,8.54));
#9988 = VECTOR('',#9989,1.);
#9989 = DIRECTION('',(1.,0.,0.));
#9990 = PLANE('',#9991);
#9991 = AXIS2_PLACEMENT_3D('',#9992,#9993,#9994);
#9992 = CARTESIAN_POINT('',(-0.32,-0.24,8.46));
#9993 = DIRECTION('',(-1.735167508357E-18,0.707106781187,-0.707106781187
    ));
#9994 = DIRECTION('',(-1.,-1.226948711654E-18,1.226948711654E-18));
#9995 = ADVANCED_FACE('',(#9996),#10021,.F.);
#9996 = FACE_BOUND('',#9997,.T.);
#9997 = EDGE_LOOP('',(#9998,#10006,#10007,#10015));
#9998 = ORIENTED_EDGE('',*,*,#9999,.F.);
#9999 = EDGE_CURVE('',#9433,#10000,#10002,.T.);
#10000 = VERTEX_POINT('',#10001);
#10001 = CARTESIAN_POINT('',(-0.16,-2.7,8.54));
#10002 = LINE('',#10003,#10004);
#10003 = CARTESIAN_POINT('',(-0.266666666667,-2.806666666667,
    8.433333333333));
#10004 = VECTOR('',#10005,1.);
#10005 = DIRECTION('',(0.57735026919,0.57735026919,0.57735026919));
#10006 = ORIENTED_EDGE('',*,*,#9440,.T.);
#10007 = ORIENTED_EDGE('',*,*,#10008,.T.);
#10008 = EDGE_CURVE('',#9424,#10009,#10011,.T.);
#10009 = VERTEX_POINT('',#10010);
#10010 = CARTESIAN_POINT('',(0.16,-2.7,8.54));
#10011 = LINE('',#10012,#10013);
#10012 = CARTESIAN_POINT('',(0.16,-2.7,8.54));
#10013 = VECTOR('',#10014,1.);
#10014 = DIRECTION('',(-0.57735026919,0.57735026919,0.57735026919));
#10015 = ORIENTED_EDGE('',*,*,#10016,.F.);
#10016 = EDGE_CURVE('',#10000,#10009,#10017,.T.);
#10017 = LINE('',#10018,#10019);
#10018 = CARTESIAN_POINT('',(-0.32,-2.7,8.54));
#10019 = VECTOR('',#10020,1.);
#10020 = DIRECTION('',(1.,0.,0.));
#10021 = PLANE('',#10022);
#10022 = AXIS2_PLACEMENT_3D('',#10023,#10024,#10025);
#10023 = CARTESIAN_POINT('',(-0.32,-2.78,8.46));
#10024 = DIRECTION('',(-1.735167508357E-18,0.707106781187,
    -0.707106781187));
#10025 = DIRECTION('',(-1.,-1.226948711654E-18,1.226948711654E-18));
#10026 = ADVANCED_FACE('',(#10027),#10045,.T.);
#10027 = FACE_BOUND('',#10028,.T.);
#10028 = EDGE_LOOP('',(#10029,#10030,#10031,#10039));
#10029 = ORIENTED_EDGE('',*,*,#10008,.F.);
#10030 = ORIENTED_EDGE('',*,*,#9464,.T.);
#10031 = ORIENTED_EDGE('',*,*,#10032,.T.);
#10032 = EDGE_CURVE('',#9457,#10033,#10035,.T.);
#10033 = VERTEX_POINT('',#10034);
#10034 = CARTESIAN_POINT('',(0.16,-2.38,8.54));
#10035 = LINE('',#10036,#10037);
#10036 = CARTESIAN_POINT('',(5.333333333333E-02,-2.486666666667,
    8.646666666667));
#10037 = VECTOR('',#10038,1.);
#10038 = DIRECTION('',(-0.57735026919,-0.57735026919,0.57735026919));
#10039 = ORIENTED_EDGE('',*,*,#10040,.F.);
#10040 = EDGE_CURVE('',#10009,#10033,#10041,.T.);
#10041 = LINE('',#10042,#10043);
#10042 = CARTESIAN_POINT('',(0.16,-2.86,8.54));
#10043 = VECTOR('',#10044,1.);
#10044 = DIRECTION('',(0.,1.,0.));
#10045 = PLANE('',#10046);
#10046 = AXIS2_PLACEMENT_3D('',#10047,#10048,#10049);
#10047 = CARTESIAN_POINT('',(0.24,-2.86,8.46));
#10048 = DIRECTION('',(0.707106781187,-1.735167508357E-18,0.707106781187
    ));
#10049 = DIRECTION('',(1.226948711654E-18,1.,1.226948711654E-18));
#10050 = ADVANCED_FACE('',(#10051),#10069,.T.);
#10051 = FACE_BOUND('',#10052,.F.);
#10052 = EDGE_LOOP('',(#10053,#10061,#10062,#10063));
#10053 = ORIENTED_EDGE('',*,*,#10054,.F.);
#10054 = EDGE_CURVE('',#9481,#10055,#10057,.T.);
#10055 = VERTEX_POINT('',#10056);
#10056 = CARTESIAN_POINT('',(-0.16,-2.38,8.54));
#10057 = LINE('',#10058,#10059);
#10058 = CARTESIAN_POINT('',(-0.16,-2.38,8.54));
#10059 = VECTOR('',#10060,1.);
#10060 = DIRECTION('',(0.57735026919,-0.57735026919,0.57735026919));
#10061 = ORIENTED_EDGE('',*,*,#9488,.T.);
#10062 = ORIENTED_EDGE('',*,*,#10032,.T.);
#10063 = ORIENTED_EDGE('',*,*,#10064,.F.);
#10064 = EDGE_CURVE('',#10055,#10033,#10065,.T.);
#10065 = LINE('',#10066,#10067);
#10066 = CARTESIAN_POINT('',(-0.32,-2.38,8.54));
#10067 = VECTOR('',#10068,1.);
#10068 = DIRECTION('',(1.,0.,0.));
#10069 = PLANE('',#10070);
#10070 = AXIS2_PLACEMENT_3D('',#10071,#10072,#10073);
#10071 = CARTESIAN_POINT('',(-0.32,-2.3,8.46));
#10072 = DIRECTION('',(1.735167508357E-18,0.707106781187,0.707106781187)
  );
#10073 = DIRECTION('',(-1.,1.226948711654E-18,1.226948711654E-18));
#10074 = ADVANCED_FACE('',(#10075),#10086,.F.);
#10075 = FACE_BOUND('',#10076,.F.);
#10076 = EDGE_LOOP('',(#10077,#10078,#10079,#10080));
#10077 = ORIENTED_EDGE('',*,*,#9999,.F.);
#10078 = ORIENTED_EDGE('',*,*,#9505,.T.);
#10079 = ORIENTED_EDGE('',*,*,#10054,.T.);
#10080 = ORIENTED_EDGE('',*,*,#10081,.F.);
#10081 = EDGE_CURVE('',#10000,#10055,#10082,.T.);
#10082 = LINE('',#10083,#10084);
#10083 = CARTESIAN_POINT('',(-0.16,-2.86,8.54));
#10084 = VECTOR('',#10085,1.);
#10085 = DIRECTION('',(0.,1.,0.));
#10086 = PLANE('',#10087);
#10087 = AXIS2_PLACEMENT_3D('',#10088,#10089,#10090);
#10088 = CARTESIAN_POINT('',(-0.24,-2.86,8.46));
#10089 = DIRECTION('',(0.707106781187,1.735167508357E-18,-0.707106781187
    ));
#10090 = DIRECTION('',(-1.226948711654E-18,1.,1.226948711654E-18));
#10091 = ADVANCED_FACE('',(#10092),#10117,.T.);
#10092 = FACE_BOUND('',#10093,.F.);
#10093 = EDGE_LOOP('',(#10094,#10102,#10103,#10111));
#10094 = ORIENTED_EDGE('',*,*,#10095,.F.);
#10095 = EDGE_CURVE('',#9529,#10096,#10098,.T.);
#10096 = VERTEX_POINT('',#10097);
#10097 = CARTESIAN_POINT('',(-0.16,-4.92,8.54));
#10098 = LINE('',#10099,#10100);
#10099 = CARTESIAN_POINT('',(-0.16,-4.92,8.54));
#10100 = VECTOR('',#10101,1.);
#10101 = DIRECTION('',(0.57735026919,-0.57735026919,0.57735026919));
#10102 = ORIENTED_EDGE('',*,*,#9536,.T.);
#10103 = ORIENTED_EDGE('',*,*,#10104,.T.);
#10104 = EDGE_CURVE('',#9520,#10105,#10107,.T.);
#10105 = VERTEX_POINT('',#10106);
#10106 = CARTESIAN_POINT('',(0.16,-4.92,8.54));
#10107 = LINE('',#10108,#10109);
#10108 = CARTESIAN_POINT('',(5.333333333333E-02,-5.026666666667,
    8.646666666667));
#10109 = VECTOR('',#10110,1.);
#10110 = DIRECTION('',(-0.57735026919,-0.57735026919,0.57735026919));
#10111 = ORIENTED_EDGE('',*,*,#10112,.F.);
#10112 = EDGE_CURVE('',#10096,#10105,#10113,.T.);
#10113 = LINE('',#10114,#10115);
#10114 = CARTESIAN_POINT('',(-0.32,-4.92,8.54));
#10115 = VECTOR('',#10116,1.);
#10116 = DIRECTION('',(1.,0.,0.));
#10117 = PLANE('',#10118);
#10118 = AXIS2_PLACEMENT_3D('',#10119,#10120,#10121);
#10119 = CARTESIAN_POINT('',(-0.32,-4.84,8.46));
#10120 = DIRECTION('',(1.735167508357E-18,0.707106781187,0.707106781187)
  );
#10121 = DIRECTION('',(-1.,1.226948711654E-18,1.226948711654E-18));
#10122 = ADVANCED_FACE('',(#10123),#10141,.F.);
#10123 = FACE_BOUND('',#10124,.F.);
#10124 = EDGE_LOOP('',(#10125,#10133,#10134,#10135));
#10125 = ORIENTED_EDGE('',*,*,#10126,.F.);
#10126 = EDGE_CURVE('',#9551,#10127,#10129,.T.);
#10127 = VERTEX_POINT('',#10128);
#10128 = CARTESIAN_POINT('',(-0.16,-5.24,8.54));
#10129 = LINE('',#10130,#10131);
#10130 = CARTESIAN_POINT('',(-0.266666666667,-5.346666666667,
    8.433333333333));
#10131 = VECTOR('',#10132,1.);
#10132 = DIRECTION('',(0.57735026919,0.57735026919,0.57735026919));
#10133 = ORIENTED_EDGE('',*,*,#9560,.T.);
#10134 = ORIENTED_EDGE('',*,*,#10095,.T.);
#10135 = ORIENTED_EDGE('',*,*,#10136,.F.);
#10136 = EDGE_CURVE('',#10127,#10096,#10137,.T.);
#10137 = LINE('',#10138,#10139);
#10138 = CARTESIAN_POINT('',(-0.16,-5.4,8.54));
#10139 = VECTOR('',#10140,1.);
#10140 = DIRECTION('',(0.,1.,0.));
#10141 = PLANE('',#10142);
#10142 = AXIS2_PLACEMENT_3D('',#10143,#10144,#10145);
#10143 = CARTESIAN_POINT('',(-0.24,-5.4,8.46));
#10144 = DIRECTION('',(0.707106781187,1.735167508357E-18,-0.707106781187
    ));
#10145 = DIRECTION('',(-1.226948711654E-18,1.,1.226948711654E-18));
#10146 = ADVANCED_FACE('',(#10147),#10165,.F.);
#10147 = FACE_BOUND('',#10148,.T.);
#10148 = EDGE_LOOP('',(#10149,#10150,#10151,#10159));
#10149 = ORIENTED_EDGE('',*,*,#10126,.F.);
#10150 = ORIENTED_EDGE('',*,*,#9584,.T.);
#10151 = ORIENTED_EDGE('',*,*,#10152,.T.);
#10152 = EDGE_CURVE('',#9575,#10153,#10155,.T.);
#10153 = VERTEX_POINT('',#10154);
#10154 = CARTESIAN_POINT('',(0.16,-5.24,8.54));
#10155 = LINE('',#10156,#10157);
#10156 = CARTESIAN_POINT('',(0.16,-5.24,8.54));
#10157 = VECTOR('',#10158,1.);
#10158 = DIRECTION('',(-0.57735026919,0.57735026919,0.57735026919));
#10159 = ORIENTED_EDGE('',*,*,#10160,.F.);
#10160 = EDGE_CURVE('',#10127,#10153,#10161,.T.);
#10161 = LINE('',#10162,#10163);
#10162 = CARTESIAN_POINT('',(-0.32,-5.24,8.54));
#10163 = VECTOR('',#10164,1.);
#10164 = DIRECTION('',(1.,0.,0.));
#10165 = PLANE('',#10166);
#10166 = AXIS2_PLACEMENT_3D('',#10167,#10168,#10169);
#10167 = CARTESIAN_POINT('',(-0.32,-5.32,8.46));
#10168 = DIRECTION('',(-1.735167508357E-18,0.707106781187,
    -0.707106781187));
#10169 = DIRECTION('',(-1.,-1.226948711654E-18,1.226948711654E-18));
#10170 = ADVANCED_FACE('',(#10171),#10182,.T.);
#10171 = FACE_BOUND('',#10172,.T.);
#10172 = EDGE_LOOP('',(#10173,#10174,#10175,#10176));
#10173 = ORIENTED_EDGE('',*,*,#10152,.F.);
#10174 = ORIENTED_EDGE('',*,*,#9601,.T.);
#10175 = ORIENTED_EDGE('',*,*,#10104,.T.);
#10176 = ORIENTED_EDGE('',*,*,#10177,.F.);
#10177 = EDGE_CURVE('',#10153,#10105,#10178,.T.);
#10178 = LINE('',#10179,#10180);
#10179 = CARTESIAN_POINT('',(0.16,-5.4,8.54));
#10180 = VECTOR('',#10181,1.);
#10181 = DIRECTION('',(0.,1.,0.));
#10182 = PLANE('',#10183);
#10183 = AXIS2_PLACEMENT_3D('',#10184,#10185,#10186);
#10184 = CARTESIAN_POINT('',(0.24,-5.4,8.46));
#10185 = DIRECTION('',(0.707106781187,-1.735167508357E-18,0.707106781187
    ));
#10186 = DIRECTION('',(1.226948711654E-18,1.,1.226948711654E-18));
#10187 = ADVANCED_FACE('',(#10188),#10194,.F.);
#10188 = FACE_BOUND('',#10189,.F.);
#10189 = EDGE_LOOP('',(#10190,#10191,#10192,#10193));
#10190 = ORIENTED_EDGE('',*,*,#9656,.F.);
#10191 = ORIENTED_EDGE('',*,*,#9680,.F.);
#10192 = ORIENTED_EDGE('',*,*,#9697,.T.);
#10193 = ORIENTED_EDGE('',*,*,#9632,.T.);
#10194 = PLANE('',#10195);
#10195 = AXIS2_PLACEMENT_3D('',#10196,#10197,#10198);
#10196 = CARTESIAN_POINT('',(-0.32,-0.32,-3.));
#10197 = DIRECTION('',(0.,0.,1.));
#10198 = DIRECTION('',(1.,0.,-0.));
#10199 = ADVANCED_FACE('',(#10200),#10206,.F.);
#10200 = FACE_BOUND('',#10201,.F.);
#10201 = EDGE_LOOP('',(#10202,#10203,#10204,#10205));
#10202 = ORIENTED_EDGE('',*,*,#9776,.F.);
#10203 = ORIENTED_EDGE('',*,*,#9793,.F.);
#10204 = ORIENTED_EDGE('',*,*,#9728,.T.);
#10205 = ORIENTED_EDGE('',*,*,#9752,.T.);
#10206 = PLANE('',#10207);
#10207 = AXIS2_PLACEMENT_3D('',#10208,#10209,#10210);
#10208 = CARTESIAN_POINT('',(-0.32,-2.86,-3.));
#10209 = DIRECTION('',(0.,0.,1.));
#10210 = DIRECTION('',(1.,0.,-0.));
#10211 = ADVANCED_FACE('',(#10212),#10218,.F.);
#10212 = FACE_BOUND('',#10213,.F.);
#10213 = EDGE_LOOP('',(#10214,#10215,#10216,#10217));
#10214 = ORIENTED_EDGE('',*,*,#9824,.F.);
#10215 = ORIENTED_EDGE('',*,*,#9848,.F.);
#10216 = ORIENTED_EDGE('',*,*,#9872,.T.);
#10217 = ORIENTED_EDGE('',*,*,#9889,.T.);
#10218 = PLANE('',#10219);
#10219 = AXIS2_PLACEMENT_3D('',#10220,#10221,#10222);
#10220 = CARTESIAN_POINT('',(-0.32,-5.4,-3.));
#10221 = DIRECTION('',(0.,0.,1.));
#10222 = DIRECTION('',(1.,0.,-0.));
#10223 = ADVANCED_FACE('',(#10224),#10230,.T.);
#10224 = FACE_BOUND('',#10225,.T.);
#10225 = EDGE_LOOP('',(#10226,#10227,#10228,#10229));
#10226 = ORIENTED_EDGE('',*,*,#9985,.T.);
#10227 = ORIENTED_EDGE('',*,*,#9920,.T.);
#10228 = ORIENTED_EDGE('',*,*,#9944,.F.);
#10229 = ORIENTED_EDGE('',*,*,#9968,.F.);
#10230 = PLANE('',#10231);
#10231 = AXIS2_PLACEMENT_3D('',#10232,#10233,#10234);
#10232 = CARTESIAN_POINT('',(-0.32,-0.32,8.54));
#10233 = DIRECTION('',(0.,0.,1.));
#10234 = DIRECTION('',(1.,0.,-0.));
#10235 = ADVANCED_FACE('',(#10236),#10242,.T.);
#10236 = FACE_BOUND('',#10237,.T.);
#10237 = EDGE_LOOP('',(#10238,#10239,#10240,#10241));
#10238 = ORIENTED_EDGE('',*,*,#10016,.T.);
#10239 = ORIENTED_EDGE('',*,*,#10040,.T.);
#10240 = ORIENTED_EDGE('',*,*,#10064,.F.);
#10241 = ORIENTED_EDGE('',*,*,#10081,.F.);
#10242 = PLANE('',#10243);
#10243 = AXIS2_PLACEMENT_3D('',#10244,#10245,#10246);
#10244 = CARTESIAN_POINT('',(-0.32,-2.86,8.54));
#10245 = DIRECTION('',(0.,0.,1.));
#10246 = DIRECTION('',(1.,0.,-0.));
#10247 = ADVANCED_FACE('',(#10248),#10254,.T.);
#10248 = FACE_BOUND('',#10249,.T.);
#10249 = EDGE_LOOP('',(#10250,#10251,#10252,#10253));
#10250 = ORIENTED_EDGE('',*,*,#10160,.T.);
#10251 = ORIENTED_EDGE('',*,*,#10177,.T.);
#10252 = ORIENTED_EDGE('',*,*,#10112,.F.);
#10253 = ORIENTED_EDGE('',*,*,#10136,.F.);
#10254 = PLANE('',#10255);
#10255 = AXIS2_PLACEMENT_3D('',#10256,#10257,#10258);
#10256 = CARTESIAN_POINT('',(-0.32,-5.4,8.54));
#10257 = DIRECTION('',(0.,0.,1.));
#10258 = DIRECTION('',(1.,0.,-0.));
#10259 = ( GEOMETRIC_REPRESENTATION_CONTEXT(3) 
GLOBAL_UNCERTAINTY_ASSIGNED_CONTEXT((#10263)) 
GLOBAL_UNIT_ASSIGNED_CONTEXT((#10260,#10261,#10262)) 
REPRESENTATION_CONTEXT('Context #1',
  '3D Context with UNIT and UNCERTAINTY') );
#10260 = ( LENGTH_UNIT() NAMED_UNIT(*) SI_UNIT(.MILLI.,.METRE.) );
#10261 = ( NAMED_UNIT(*) PLANE_ANGLE_UNIT() SI_UNIT($,.RADIAN.) );
#10262 = ( NAMED_UNIT(*) SI_UNIT($,.STERADIAN.) SOLID_ANGLE_UNIT() );
#10263 = UNCERTAINTY_MEASURE_WITH_UNIT(LENGTH_MEASURE(1.E-07),#10260,
  'distance_accuracy_value','confusion accuracy');
#10264 = CONTEXT_DEPENDENT_SHAPE_REPRESENTATION(#10265,#10267);
#10265 = ( REPRESENTATION_RELATIONSHIP('','',#8152,#8129) 
REPRESENTATION_RELATIONSHIP_WITH_TRANSFORMATION(#10266) 
SHAPE_REPRESENTATION_RELATIONSHIP() );
#10266 = ITEM_DEFINED_TRANSFORMATION('','',#11,#8130);
#10267 = PRODUCT_DEFINITION_SHAPE('Placement','Placement of an item',
  #10268);
#10268 = NEXT_ASSEMBLY_USAGE_OCCURRENCE('18','=>[0:1:1:13]','',#8124,
  #8147,$);
#10269 = PRODUCT_RELATED_PRODUCT_CATEGORY('part',$,(#8149));
#10270 = CONTEXT_DEPENDENT_SHAPE_REPRESENTATION(#10271,#10273);
#10271 = ( REPRESENTATION_RELATIONSHIP('','',#136,#10) 
REPRESENTATION_RELATIONSHIP_WITH_TRANSFORMATION(#10272) 
SHAPE_REPRESENTATION_RELATIONSHIP() );
#10272 = ITEM_DEFINED_TRANSFORMATION('','',#11,#67);
#10273 = PRODUCT_DEFINITION_SHAPE('Placement','Placement of an item',
  #10274);
#10274 = NEXT_ASSEMBLY_USAGE_OCCURRENCE('20','J8','',#5,#131,$);
#10275 = CONTEXT_DEPENDENT_SHAPE_REPRESENTATION(#10276,#10278);
#10276 = ( REPRESENTATION_RELATIONSHIP('','',#136,#10) 
REPRESENTATION_RELATIONSHIP_WITH_TRANSFORMATION(#10277) 
SHAPE_REPRESENTATION_RELATIONSHIP() );
#10277 = ITEM_DEFINED_TRANSFORMATION('','',#11,#71);
#10278 = PRODUCT_DEFINITION_SHAPE('Placement','Placement of an item',
  #10279);
#10279 = NEXT_ASSEMBLY_USAGE_OCCURRENCE('21','J14','',#5,#131,$);
#10280 = CONTEXT_DEPENDENT_SHAPE_REPRESENTATION(#10281,#10283);
#10281 = ( REPRESENTATION_RELATIONSHIP('','',#3310,#10) 
REPRESENTATION_RELATIONSHIP_WITH_TRANSFORMATION(#10282) 
SHAPE_REPRESENTATION_RELATIONSHIP() );
#10282 = ITEM_DEFINED_TRANSFORMATION('','',#11,#75);
#10283 = PRODUCT_DEFINITION_SHAPE('Placement','Placement of an item',
  #10284);
#10284 = NEXT_ASSEMBLY_USAGE_OCCURRENCE('22','C11','',#5,#3305,$);
#10285 = CONTEXT_DEPENDENT_SHAPE_REPRESENTATION(#10286,#10288);
#10286 = ( REPRESENTATION_RELATIONSHIP('','',#136,#10) 
REPRESENTATION_RELATIONSHIP_WITH_TRANSFORMATION(#10287) 
SHAPE_REPRESENTATION_RELATIONSHIP() );
#10287 = ITEM_DEFINED_TRANSFORMATION('','',#11,#79);
#10288 = PRODUCT_DEFINITION_SHAPE('Placement','Placement of an item',
  #10289);
#10289 = NEXT_ASSEMBLY_USAGE_OCCURRENCE('23','J12','',#5,#131,$);
#10290 = CONTEXT_DEPENDENT_SHAPE_REPRESENTATION(#10291,#10293);
#10291 = ( REPRESENTATION_RELATIONSHIP('','',#4216,#10) 
REPRESENTATION_RELATIONSHIP_WITH_TRANSFORMATION(#10292) 
SHAPE_REPRESENTATION_RELATIONSHIP() );
#10292 = ITEM_DEFINED_TRANSFORMATION('','',#11,#83);
#10293 = PRODUCT_DEFINITION_SHAPE('Placement','Placement of an item',
  #10294);
#10294 = NEXT_ASSEMBLY_USAGE_OCCURRENCE('24','J10','',#5,#4211,$);
#10295 = CONTEXT_DEPENDENT_SHAPE_REPRESENTATION(#10296,#10298);
#10296 = ( REPRESENTATION_RELATIONSHIP('','',#3310,#10) 
REPRESENTATION_RELATIONSHIP_WITH_TRANSFORMATION(#10297) 
SHAPE_REPRESENTATION_RELATIONSHIP() );
#10297 = ITEM_DEFINED_TRANSFORMATION('','',#11,#87);
#10298 = PRODUCT_DEFINITION_SHAPE('Placement','Placement of an item',
  #10299);
#10299 = NEXT_ASSEMBLY_USAGE_OCCURRENCE('25','C14','',#5,#3305,$);
#10300 = CONTEXT_DEPENDENT_SHAPE_REPRESENTATION(#10301,#10303);
#10301 = ( REPRESENTATION_RELATIONSHIP('','',#6450,#10) 
REPRESENTATION_RELATIONSHIP_WITH_TRANSFORMATION(#10302) 
SHAPE_REPRESENTATION_RELATIONSHIP() );
#10302 = ITEM_DEFINED_TRANSFORMATION('','',#11,#91);
#10303 = PRODUCT_DEFINITION_SHAPE('Placement','Placement of an item',
  #10304);
#10304 = NEXT_ASSEMBLY_USAGE_OCCURRENCE('26','R3','',#5,#6445,$);
#10305 = CONTEXT_DEPENDENT_SHAPE_REPRESENTATION(#10306,#10308);
#10306 = ( REPRESENTATION_RELATIONSHIP('','',#136,#10) 
REPRESENTATION_RELATIONSHIP_WITH_TRANSFORMATION(#10307) 
SHAPE_REPRESENTATION_RELATIONSHIP() );
#10307 = ITEM_DEFINED_TRANSFORMATION('','',#11,#95);
#10308 = PRODUCT_DEFINITION_SHAPE('Placement','Placement of an item',
  #10309);
#10309 = NEXT_ASSEMBLY_USAGE_OCCURRENCE('27','J2','',#5,#131,$);
#10310 = CONTEXT_DEPENDENT_SHAPE_REPRESENTATION(#10311,#10313);
#10311 = ( REPRESENTATION_RELATIONSHIP('','',#3310,#10) 
REPRESENTATION_RELATIONSHIP_WITH_TRANSFORMATION(#10312) 
SHAPE_REPRESENTATION_RELATIONSHIP() );
#10312 = ITEM_DEFINED_TRANSFORMATION('','',#11,#99);
#10313 = PRODUCT_DEFINITION_SHAPE('Placement','Placement of an item',
  #10314);
#10314 = NEXT_ASSEMBLY_USAGE_OCCURRENCE('28','C13','',#5,#3305,$);
#10315 = CONTEXT_DEPENDENT_SHAPE_REPRESENTATION(#10316,#10318);
#10316 = ( REPRESENTATION_RELATIONSHIP('','',#136,#10) 
REPRESENTATION_RELATIONSHIP_WITH_TRANSFORMATION(#10317) 
SHAPE_REPRESENTATION_RELATIONSHIP() );
#10317 = ITEM_DEFINED_TRANSFORMATION('','',#11,#103);
#10318 = PRODUCT_DEFINITION_SHAPE('Placement','Placement of an item',
  #10319);
#10319 = NEXT_ASSEMBLY_USAGE_OCCURRENCE('29','J7','',#5,#131,$);
#10320 = CONTEXT_DEPENDENT_SHAPE_REPRESENTATION(#10321,#10323);
#10321 = ( REPRESENTATION_RELATIONSHIP('','',#136,#10) 
REPRESENTATION_RELATIONSHIP_WITH_TRANSFORMATION(#10322) 
SHAPE_REPRESENTATION_RELATIONSHIP() );
#10322 = ITEM_DEFINED_TRANSFORMATION('','',#11,#107);
#10323 = PRODUCT_DEFINITION_SHAPE('Placement','Placement of an item',
  #10324);
#10324 = NEXT_ASSEMBLY_USAGE_OCCURRENCE('30','J1','',#5,#131,$);
#10325 = CONTEXT_DEPENDENT_SHAPE_REPRESENTATION(#10326,#10328);
#10326 = ( REPRESENTATION_RELATIONSHIP('','',#3310,#10) 
REPRESENTATION_RELATIONSHIP_WITH_TRANSFORMATION(#10327) 
SHAPE_REPRESENTATION_RELATIONSHIP() );
#10327 = ITEM_DEFINED_TRANSFORMATION('','',#11,#111);
#10328 = PRODUCT_DEFINITION_SHAPE('Placement','Placement of an item',
  #10329);
#10329 = NEXT_ASSEMBLY_USAGE_OCCURRENCE('31','C3','',#5,#3305,$);
#10330 = CONTEXT_DEPENDENT_SHAPE_REPRESENTATION(#10331,#10333);
#10331 = ( REPRESENTATION_RELATIONSHIP('','',#136,#10) 
REPRESENTATION_RELATIONSHIP_WITH_TRANSFORMATION(#10332) 
SHAPE_REPRESENTATION_RELATIONSHIP() );
#10332 = ITEM_DEFINED_TRANSFORMATION('','',#11,#115);
#10333 = PRODUCT_DEFINITION_SHAPE('Placement','Placement of an item',
  #10334);
#10334 = NEXT_ASSEMBLY_USAGE_OCCURRENCE('32','J13','',#5,#131,$);
#10335 = SHAPE_DEFINITION_REPRESENTATION(#10336,#10342);
#10336 = PRODUCT_DEFINITION_SHAPE('','',#10337);
#10337 = PRODUCT_DEFINITION('design','',#10338,#10341);
#10338 = PRODUCT_DEFINITION_FORMATION('','',#10339);
#10339 = PRODUCT('celebiofficial_PCB','celebiofficial_PCB','',(#10340));
#10340 = PRODUCT_CONTEXT('',#2,'mechanical');
#10341 = PRODUCT_DEFINITION_CONTEXT('part definition',#2,'design');
#10342 = ADVANCED_BREP_SHAPE_REPRESENTATION('',(#11,#10343),#14705);
#10343 = MANIFOLD_SOLID_BREP('',#10344);
#10344 = CLOSED_SHELL('',(#10345,#10385,#10416,#10447,#11652,#12857,
    #12869,#12886,#12903,#12920,#12937,#12954,#12971,#12988,#13005,
    #13022,#13039,#13056,#13073,#13090,#13107,#13124,#13141,#13158,
    #13175,#13192,#13209,#13226,#13243,#13260,#13277,#13294,#13311,
    #13328,#13345,#13362,#13379,#13396,#13413,#13430,#13447,#13464,
    #13481,#13498,#13515,#13532,#13549,#13566,#13583,#13600,#13617,
    #13634,#13651,#13668,#13685,#13702,#13719,#13736,#13753,#13770,
    #13787,#13804,#13821,#13838,#13855,#13872,#13889,#13906,#13923,
    #13940,#13957,#13974,#13991,#14008,#14025,#14042,#14059,#14076,
    #14093,#14110,#14127,#14144,#14161,#14178,#14195,#14212,#14229,
    #14246,#14263,#14280,#14297,#14314,#14331,#14348,#14365,#14382,
    #14399,#14416,#14433,#14450,#14467,#14484,#14501,#14518,#14535,
    #14552,#14569,#14586,#14603,#14620,#14637,#14654,#14671,#14688));
#10345 = ADVANCED_FACE('',(#10346),#10380,.T.);
#10346 = FACE_BOUND('',#10347,.T.);
#10347 = EDGE_LOOP('',(#10348,#10358,#10366,#10374));
#10348 = ORIENTED_EDGE('',*,*,#10349,.T.);
#10349 = EDGE_CURVE('',#10350,#10352,#10354,.T.);
#10350 = VERTEX_POINT('',#10351);
#10351 = CARTESIAN_POINT('',(250.5,-99.5,0.));
#10352 = VERTEX_POINT('',#10353);
#10353 = CARTESIAN_POINT('',(250.5,-99.5,1.6));
#10354 = LINE('',#10355,#10356);
#10355 = CARTESIAN_POINT('',(250.5,-99.5,0.));
#10356 = VECTOR('',#10357,1.);
#10357 = DIRECTION('',(0.,0.,1.));
#10358 = ORIENTED_EDGE('',*,*,#10359,.T.);
#10359 = EDGE_CURVE('',#10352,#10360,#10362,.T.);
#10360 = VERTEX_POINT('',#10361);
#10361 = CARTESIAN_POINT('',(150.5,-99.5,1.6));
#10362 = LINE('',#10363,#10364);
#10363 = CARTESIAN_POINT('',(250.5,-99.5,1.6));
#10364 = VECTOR('',#10365,1.);
#10365 = DIRECTION('',(-1.,0.,0.));
#10366 = ORIENTED_EDGE('',*,*,#10367,.F.);
#10367 = EDGE_CURVE('',#10368,#10360,#10370,.T.);
#10368 = VERTEX_POINT('',#10369);
#10369 = CARTESIAN_POINT('',(150.5,-99.5,0.));
#10370 = LINE('',#10371,#10372);
#10371 = CARTESIAN_POINT('',(150.5,-99.5,0.));
#10372 = VECTOR('',#10373,1.);
#10373 = DIRECTION('',(0.,0.,1.));
#10374 = ORIENTED_EDGE('',*,*,#10375,.F.);
#10375 = EDGE_CURVE('',#10350,#10368,#10376,.T.);
#10376 = LINE('',#10377,#10378);
#10377 = CARTESIAN_POINT('',(250.5,-99.5,0.));
#10378 = VECTOR('',#10379,1.);
#10379 = DIRECTION('',(-1.,0.,0.));
#10380 = PLANE('',#10381);
#10381 = AXIS2_PLACEMENT_3D('',#10382,#10383,#10384);
#10382 = CARTESIAN_POINT('',(250.5,-99.5,0.));
#10383 = DIRECTION('',(0.,-1.,0.));
#10384 = DIRECTION('',(-1.,0.,0.));
#10385 = ADVANCED_FACE('',(#10386),#10411,.T.);
#10386 = FACE_BOUND('',#10387,.T.);
#10387 = EDGE_LOOP('',(#10388,#10398,#10404,#10405));
#10388 = ORIENTED_EDGE('',*,*,#10389,.T.);
#10389 = EDGE_CURVE('',#10390,#10392,#10394,.T.);
#10390 = VERTEX_POINT('',#10391);
#10391 = CARTESIAN_POINT('',(250.5,-49.5,0.));
#10392 = VERTEX_POINT('',#10393);
#10393 = CARTESIAN_POINT('',(250.5,-49.5,1.6));
#10394 = LINE('',#10395,#10396);
#10395 = CARTESIAN_POINT('',(250.5,-49.5,0.));
#10396 = VECTOR('',#10397,1.);
#10397 = DIRECTION('',(0.,0.,1.));
#10398 = ORIENTED_EDGE('',*,*,#10399,.T.);
#10399 = EDGE_CURVE('',#10392,#10352,#10400,.T.);
#10400 = LINE('',#10401,#10402);
#10401 = CARTESIAN_POINT('',(250.5,-49.5,1.6));
#10402 = VECTOR('',#10403,1.);
#10403 = DIRECTION('',(0.,-1.,0.));
#10404 = ORIENTED_EDGE('',*,*,#10349,.F.);
#10405 = ORIENTED_EDGE('',*,*,#10406,.F.);
#10406 = EDGE_CURVE('',#10390,#10350,#10407,.T.);
#10407 = LINE('',#10408,#10409);
#10408 = CARTESIAN_POINT('',(250.5,-49.5,0.));
#10409 = VECTOR('',#10410,1.);
#10410 = DIRECTION('',(0.,-1.,0.));
#10411 = PLANE('',#10412);
#10412 = AXIS2_PLACEMENT_3D('',#10413,#10414,#10415);
#10413 = CARTESIAN_POINT('',(250.5,-49.5,0.));
#10414 = DIRECTION('',(1.,0.,-0.));
#10415 = DIRECTION('',(0.,-1.,0.));
#10416 = ADVANCED_FACE('',(#10417),#10442,.T.);
#10417 = FACE_BOUND('',#10418,.T.);
#10418 = EDGE_LOOP('',(#10419,#10420,#10428,#10436));
#10419 = ORIENTED_EDGE('',*,*,#10367,.T.);
#10420 = ORIENTED_EDGE('',*,*,#10421,.T.);
#10421 = EDGE_CURVE('',#10360,#10422,#10424,.T.);
#10422 = VERTEX_POINT('',#10423);
#10423 = CARTESIAN_POINT('',(150.5,-49.5,1.6));
#10424 = LINE('',#10425,#10426);
#10425 = CARTESIAN_POINT('',(150.5,-99.5,1.6));
#10426 = VECTOR('',#10427,1.);
#10427 = DIRECTION('',(0.,1.,0.));
#10428 = ORIENTED_EDGE('',*,*,#10429,.F.);
#10429 = EDGE_CURVE('',#10430,#10422,#10432,.T.);
#10430 = VERTEX_POINT('',#10431);
#10431 = CARTESIAN_POINT('',(150.5,-49.5,0.));
#10432 = LINE('',#10433,#10434);
#10433 = CARTESIAN_POINT('',(150.5,-49.5,0.));
#10434 = VECTOR('',#10435,1.);
#10435 = DIRECTION('',(0.,0.,1.));
#10436 = ORIENTED_EDGE('',*,*,#10437,.F.);
#10437 = EDGE_CURVE('',#10368,#10430,#10438,.T.);
#10438 = LINE('',#10439,#10440);
#10439 = CARTESIAN_POINT('',(150.5,-99.5,0.));
#10440 = VECTOR('',#10441,1.);
#10441 = DIRECTION('',(0.,1.,0.));
#10442 = PLANE('',#10443);
#10443 = AXIS2_PLACEMENT_3D('',#10444,#10445,#10446);
#10444 = CARTESIAN_POINT('',(150.5,-99.5,0.));
#10445 = DIRECTION('',(-1.,0.,0.));
#10446 = DIRECTION('',(0.,1.,0.));
#10447 = ADVANCED_FACE('',(#10448,#10459,#10470,#10481,#10492,#10503,
    #10514,#10525,#10536,#10547,#10558,#10569,#10580,#10591,#10602,
    #10613,#10624,#10635,#10646,#10657,#10668,#10679,#10690,#10701,
    #10712,#10723,#10734,#10745,#10756,#10767,#10778,#10789,#10800,
    #10811,#10822,#10833,#10844,#10855,#10866,#10877,#10888,#10899,
    #10910,#10921,#10932,#10943,#10954,#10965,#10976,#10987,#10998,
    #11009,#11020,#11031,#11042,#11053,#11064,#11075,#11086,#11097,
    #11108,#11119,#11130,#11141,#11152,#11163,#11174,#11185,#11196,
    #11207,#11218,#11229,#11240,#11251,#11262,#11273,#11284,#11295,
    #11306,#11317,#11328,#11339,#11350,#11361,#11372,#11383,#11394,
    #11405,#11416,#11427,#11438,#11449,#11460,#11471,#11482,#11493,
    #11504,#11515,#11526,#11537,#11548,#11559,#11570,#11581,#11592,
    #11603,#11614,#11625,#11636),#11647,.F.);
#10448 = FACE_BOUND('',#10449,.F.);
#10449 = EDGE_LOOP('',(#10450,#10451,#10452,#10458));
#10450 = ORIENTED_EDGE('',*,*,#10375,.F.);
#10451 = ORIENTED_EDGE('',*,*,#10406,.F.);
#10452 = ORIENTED_EDGE('',*,*,#10453,.F.);
#10453 = EDGE_CURVE('',#10430,#10390,#10454,.T.);
#10454 = LINE('',#10455,#10456);
#10455 = CARTESIAN_POINT('',(150.5,-49.5,0.));
#10456 = VECTOR('',#10457,1.);
#10457 = DIRECTION('',(1.,0.,0.));
#10458 = ORIENTED_EDGE('',*,*,#10437,.F.);
#10459 = FACE_BOUND('',#10460,.F.);
#10460 = EDGE_LOOP('',(#10461));
#10461 = ORIENTED_EDGE('',*,*,#10462,.T.);
#10462 = EDGE_CURVE('',#10463,#10463,#10465,.T.);
#10463 = VERTEX_POINT('',#10464);
#10464 = CARTESIAN_POINT('',(154.5,-95.85,0.));
#10465 = CIRCLE('',#10466,1.35);
#10466 = AXIS2_PLACEMENT_3D('',#10467,#10468,#10469);
#10467 = CARTESIAN_POINT('',(154.5,-94.5,0.));
#10468 = DIRECTION('',(-0.,0.,-1.));
#10469 = DIRECTION('',(-0.,-1.,0.));
#10470 = FACE_BOUND('',#10471,.F.);
#10471 = EDGE_LOOP('',(#10472));
#10472 = ORIENTED_EDGE('',*,*,#10473,.T.);
#10473 = EDGE_CURVE('',#10474,#10474,#10476,.T.);
#10474 = VERTEX_POINT('',#10475);
#10475 = CARTESIAN_POINT('',(161.055,-90.6675,0.));
#10476 = CIRCLE('',#10477,0.6);
#10477 = AXIS2_PLACEMENT_3D('',#10478,#10479,#10480);
#10478 = CARTESIAN_POINT('',(161.055,-90.0675,0.));
#10479 = DIRECTION('',(-0.,0.,-1.));
#10480 = DIRECTION('',(-0.,-1.,0.));
#10481 = FACE_BOUND('',#10482,.F.);
#10482 = EDGE_LOOP('',(#10483));
#10483 = ORIENTED_EDGE('',*,*,#10484,.T.);
#10484 = EDGE_CURVE('',#10485,#10485,#10487,.T.);
#10485 = VERTEX_POINT('',#10486);
#10486 = CARTESIAN_POINT('',(164.555,-90.6675,0.));
#10487 = CIRCLE('',#10488,0.6);
#10488 = AXIS2_PLACEMENT_3D('',#10489,#10490,#10491);
#10489 = CARTESIAN_POINT('',(164.555,-90.0675,0.));
#10490 = DIRECTION('',(-0.,0.,-1.));
#10491 = DIRECTION('',(-0.,-1.,0.));
#10492 = FACE_BOUND('',#10493,.F.);
#10493 = EDGE_LOOP('',(#10494));
#10494 = ORIENTED_EDGE('',*,*,#10495,.T.);
#10495 = EDGE_CURVE('',#10496,#10496,#10498,.T.);
#10496 = VERTEX_POINT('',#10497);
#10497 = CARTESIAN_POINT('',(168.055,-90.6675,0.));
#10498 = CIRCLE('',#10499,0.6);
#10499 = AXIS2_PLACEMENT_3D('',#10500,#10501,#10502);
#10500 = CARTESIAN_POINT('',(168.055,-90.0675,0.));
#10501 = DIRECTION('',(-0.,0.,-1.));
#10502 = DIRECTION('',(-0.,-1.,0.));
#10503 = FACE_BOUND('',#10504,.F.);
#10504 = EDGE_LOOP('',(#10505));
#10505 = ORIENTED_EDGE('',*,*,#10506,.T.);
#10506 = EDGE_CURVE('',#10507,#10507,#10509,.T.);
#10507 = VERTEX_POINT('',#10508);
#10508 = CARTESIAN_POINT('',(176.055,-90.6675,0.));
#10509 = CIRCLE('',#10510,0.6);
#10510 = AXIS2_PLACEMENT_3D('',#10511,#10512,#10513);
#10511 = CARTESIAN_POINT('',(176.055,-90.0675,0.));
#10512 = DIRECTION('',(-0.,0.,-1.));
#10513 = DIRECTION('',(-0.,-1.,0.));
#10514 = FACE_BOUND('',#10515,.F.);
#10515 = EDGE_LOOP('',(#10516));
#10516 = ORIENTED_EDGE('',*,*,#10517,.T.);
#10517 = EDGE_CURVE('',#10518,#10518,#10520,.T.);
#10518 = VERTEX_POINT('',#10519);
#10519 = CARTESIAN_POINT('',(179.555,-90.6675,0.));
#10520 = CIRCLE('',#10521,0.6);
#10521 = AXIS2_PLACEMENT_3D('',#10522,#10523,#10524);
#10522 = CARTESIAN_POINT('',(179.555,-90.0675,0.));
#10523 = DIRECTION('',(-0.,0.,-1.));
#10524 = DIRECTION('',(-0.,-1.,0.));
#10525 = FACE_BOUND('',#10526,.F.);
#10526 = EDGE_LOOP('',(#10527));
#10527 = ORIENTED_EDGE('',*,*,#10528,.T.);
#10528 = EDGE_CURVE('',#10529,#10529,#10531,.T.);
#10529 = VERTEX_POINT('',#10530);
#10530 = CARTESIAN_POINT('',(183.055,-90.6675,0.));
#10531 = CIRCLE('',#10532,0.6);
#10532 = AXIS2_PLACEMENT_3D('',#10533,#10534,#10535);
#10533 = CARTESIAN_POINT('',(183.055,-90.0675,0.));
#10534 = DIRECTION('',(-0.,0.,-1.));
#10535 = DIRECTION('',(-0.,-1.,0.));
#10536 = FACE_BOUND('',#10537,.F.);
#10537 = EDGE_LOOP('',(#10538));
#10538 = ORIENTED_EDGE('',*,*,#10539,.T.);
#10539 = EDGE_CURVE('',#10540,#10540,#10542,.T.);
#10540 = VERTEX_POINT('',#10541);
#10541 = CARTESIAN_POINT('',(190.055,-90.6675,0.));
#10542 = CIRCLE('',#10543,0.6);
#10543 = AXIS2_PLACEMENT_3D('',#10544,#10545,#10546);
#10544 = CARTESIAN_POINT('',(190.055,-90.0675,0.));
#10545 = DIRECTION('',(-0.,0.,-1.));
#10546 = DIRECTION('',(-0.,-1.,0.));
#10547 = FACE_BOUND('',#10548,.F.);
#10548 = EDGE_LOOP('',(#10549));
#10549 = ORIENTED_EDGE('',*,*,#10550,.T.);
#10550 = EDGE_CURVE('',#10551,#10551,#10553,.T.);
#10551 = VERTEX_POINT('',#10552);
#10552 = CARTESIAN_POINT('',(193.555,-90.6675,0.));
#10553 = CIRCLE('',#10554,0.6);
#10554 = AXIS2_PLACEMENT_3D('',#10555,#10556,#10557);
#10555 = CARTESIAN_POINT('',(193.555,-90.0675,0.));
#10556 = DIRECTION('',(-0.,0.,-1.));
#10557 = DIRECTION('',(-0.,-1.,0.));
#10558 = FACE_BOUND('',#10559,.F.);
#10559 = EDGE_LOOP('',(#10560));
#10560 = ORIENTED_EDGE('',*,*,#10561,.T.);
#10561 = EDGE_CURVE('',#10562,#10562,#10564,.T.);
#10562 = VERTEX_POINT('',#10563);
#10563 = CARTESIAN_POINT('',(197.055,-90.6675,0.));
#10564 = CIRCLE('',#10565,0.6);
#10565 = AXIS2_PLACEMENT_3D('',#10566,#10567,#10568);
#10566 = CARTESIAN_POINT('',(197.055,-90.0675,0.));
#10567 = DIRECTION('',(-0.,0.,-1.));
#10568 = DIRECTION('',(-0.,-1.,0.));
#10569 = FACE_BOUND('',#10570,.F.);
#10570 = EDGE_LOOP('',(#10571));
#10571 = ORIENTED_EDGE('',*,*,#10572,.T.);
#10572 = EDGE_CURVE('',#10573,#10573,#10575,.T.);
#10573 = VERTEX_POINT('',#10574);
#10574 = CARTESIAN_POINT('',(153.14,-83.45,0.));
#10575 = CIRCLE('',#10576,0.4);
#10576 = AXIS2_PLACEMENT_3D('',#10577,#10578,#10579);
#10577 = CARTESIAN_POINT('',(153.14,-83.05,0.));
#10578 = DIRECTION('',(-0.,0.,-1.));
#10579 = DIRECTION('',(-0.,-1.,0.));
#10580 = FACE_BOUND('',#10581,.F.);
#10581 = EDGE_LOOP('',(#10582));
#10582 = ORIENTED_EDGE('',*,*,#10583,.T.);
#10583 = EDGE_CURVE('',#10584,#10584,#10586,.T.);
#10584 = VERTEX_POINT('',#10585);
#10585 = CARTESIAN_POINT('',(155.68,-83.45,0.));
#10586 = CIRCLE('',#10587,0.4);
#10587 = AXIS2_PLACEMENT_3D('',#10588,#10589,#10590);
#10588 = CARTESIAN_POINT('',(155.68,-83.05,0.));
#10589 = DIRECTION('',(-0.,0.,-1.));
#10590 = DIRECTION('',(-0.,-1.,0.));
#10591 = FACE_BOUND('',#10592,.F.);
#10592 = EDGE_LOOP('',(#10593));
#10593 = ORIENTED_EDGE('',*,*,#10594,.T.);
#10594 = EDGE_CURVE('',#10595,#10595,#10597,.T.);
#10595 = VERTEX_POINT('',#10596);
#10596 = CARTESIAN_POINT('',(158.22,-83.45,0.));
#10597 = CIRCLE('',#10598,0.4);
#10598 = AXIS2_PLACEMENT_3D('',#10599,#10600,#10601);
#10599 = CARTESIAN_POINT('',(158.22,-83.05,0.));
#10600 = DIRECTION('',(-0.,0.,-1.));
#10601 = DIRECTION('',(-0.,-1.,0.));
#10602 = FACE_BOUND('',#10603,.F.);
#10603 = EDGE_LOOP('',(#10604));
#10604 = ORIENTED_EDGE('',*,*,#10605,.T.);
#10605 = EDGE_CURVE('',#10606,#10606,#10608,.T.);
#10606 = VERTEX_POINT('',#10607);
#10607 = CARTESIAN_POINT('',(160.76,-83.45,0.));
#10608 = CIRCLE('',#10609,0.4);
#10609 = AXIS2_PLACEMENT_3D('',#10610,#10611,#10612);
#10610 = CARTESIAN_POINT('',(160.76,-83.05,0.));
#10611 = DIRECTION('',(-0.,0.,-1.));
#10612 = DIRECTION('',(-0.,-1.,0.));
#10613 = FACE_BOUND('',#10614,.F.);
#10614 = EDGE_LOOP('',(#10615));
#10615 = ORIENTED_EDGE('',*,*,#10616,.T.);
#10616 = EDGE_CURVE('',#10617,#10617,#10619,.T.);
#10617 = VERTEX_POINT('',#10618);
#10618 = CARTESIAN_POINT('',(163.3,-83.45,0.));
#10619 = CIRCLE('',#10620,0.4);
#10620 = AXIS2_PLACEMENT_3D('',#10621,#10622,#10623);
#10621 = CARTESIAN_POINT('',(163.3,-83.05,0.));
#10622 = DIRECTION('',(-0.,0.,-1.));
#10623 = DIRECTION('',(-0.,-1.,0.));
#10624 = FACE_BOUND('',#10625,.F.);
#10625 = EDGE_LOOP('',(#10626));
#10626 = ORIENTED_EDGE('',*,*,#10627,.T.);
#10627 = EDGE_CURVE('',#10628,#10628,#10630,.T.);
#10628 = VERTEX_POINT('',#10629);
#10629 = CARTESIAN_POINT('',(159.49,-80.375,0.));
#10630 = CIRCLE('',#10631,0.375);
#10631 = AXIS2_PLACEMENT_3D('',#10632,#10633,#10634);
#10632 = CARTESIAN_POINT('',(159.49,-80.,0.));
#10633 = DIRECTION('',(-0.,0.,-1.));
#10634 = DIRECTION('',(-0.,-1.,0.));
#10635 = FACE_BOUND('',#10636,.F.);
#10636 = EDGE_LOOP('',(#10637));
#10637 = ORIENTED_EDGE('',*,*,#10638,.T.);
#10638 = EDGE_CURVE('',#10639,#10639,#10641,.T.);
#10639 = VERTEX_POINT('',#10640);
#10640 = CARTESIAN_POINT('',(162.03,-80.375,0.));
#10641 = CIRCLE('',#10642,0.375);
#10642 = AXIS2_PLACEMENT_3D('',#10643,#10644,#10645);
#10643 = CARTESIAN_POINT('',(162.03,-80.,0.));
#10644 = DIRECTION('',(-0.,0.,-1.));
#10645 = DIRECTION('',(-0.,-1.,0.));
#10646 = FACE_BOUND('',#10647,.F.);
#10647 = EDGE_LOOP('',(#10648));
#10648 = ORIENTED_EDGE('',*,*,#10649,.T.);
#10649 = EDGE_CURVE('',#10650,#10650,#10652,.T.);
#10650 = VERTEX_POINT('',#10651);
#10651 = CARTESIAN_POINT('',(165.84,-83.45,0.));
#10652 = CIRCLE('',#10653,0.4);
#10653 = AXIS2_PLACEMENT_3D('',#10654,#10655,#10656);
#10654 = CARTESIAN_POINT('',(165.84,-83.05,0.));
#10655 = DIRECTION('',(-0.,0.,-1.));
#10656 = DIRECTION('',(-0.,-1.,0.));
#10657 = FACE_BOUND('',#10658,.F.);
#10658 = EDGE_LOOP('',(#10659));
#10659 = ORIENTED_EDGE('',*,*,#10660,.T.);
#10660 = EDGE_CURVE('',#10661,#10661,#10663,.T.);
#10661 = VERTEX_POINT('',#10662);
#10662 = CARTESIAN_POINT('',(168.38,-83.45,0.));
#10663 = CIRCLE('',#10664,0.4);
#10664 = AXIS2_PLACEMENT_3D('',#10665,#10666,#10667);
#10665 = CARTESIAN_POINT('',(168.38,-83.05,0.));
#10666 = DIRECTION('',(-0.,0.,-1.));
#10667 = DIRECTION('',(-0.,-1.,0.));
#10668 = FACE_BOUND('',#10669,.F.);
#10669 = EDGE_LOOP('',(#10670));
#10670 = ORIENTED_EDGE('',*,*,#10671,.T.);
#10671 = EDGE_CURVE('',#10672,#10672,#10674,.T.);
#10672 = VERTEX_POINT('',#10673);
#10673 = CARTESIAN_POINT('',(170.92,-83.45,0.));
#10674 = CIRCLE('',#10675,0.4);
#10675 = AXIS2_PLACEMENT_3D('',#10676,#10677,#10678);
#10676 = CARTESIAN_POINT('',(170.92,-83.05,0.));
#10677 = DIRECTION('',(-0.,0.,-1.));
#10678 = DIRECTION('',(-7.105427357601E-14,-1.,0.));
#10679 = FACE_BOUND('',#10680,.F.);
#10680 = EDGE_LOOP('',(#10681));
#10681 = ORIENTED_EDGE('',*,*,#10682,.T.);
#10682 = EDGE_CURVE('',#10683,#10683,#10685,.T.);
#10683 = VERTEX_POINT('',#10684);
#10684 = CARTESIAN_POINT('',(173.46,-83.45,0.));
#10685 = CIRCLE('',#10686,0.4);
#10686 = AXIS2_PLACEMENT_3D('',#10687,#10688,#10689);
#10687 = CARTESIAN_POINT('',(173.46,-83.05,0.));
#10688 = DIRECTION('',(-0.,0.,-1.));
#10689 = DIRECTION('',(-0.,-1.,0.));
#10690 = FACE_BOUND('',#10691,.F.);
#10691 = EDGE_LOOP('',(#10692));
#10692 = ORIENTED_EDGE('',*,*,#10693,.T.);
#10693 = EDGE_CURVE('',#10694,#10694,#10696,.T.);
#10694 = VERTEX_POINT('',#10695);
#10695 = CARTESIAN_POINT('',(176.,-83.45,0.));
#10696 = CIRCLE('',#10697,0.4);
#10697 = AXIS2_PLACEMENT_3D('',#10698,#10699,#10700);
#10698 = CARTESIAN_POINT('',(176.,-83.05,0.));
#10699 = DIRECTION('',(-0.,0.,-1.));
#10700 = DIRECTION('',(-0.,-1.,0.));
#10701 = FACE_BOUND('',#10702,.F.);
#10702 = EDGE_LOOP('',(#10703));
#10703 = ORIENTED_EDGE('',*,*,#10704,.T.);
#10704 = EDGE_CURVE('',#10705,#10705,#10707,.T.);
#10705 = VERTEX_POINT('',#10706);
#10706 = CARTESIAN_POINT('',(164.57,-80.375,0.));
#10707 = CIRCLE('',#10708,0.375);
#10708 = AXIS2_PLACEMENT_3D('',#10709,#10710,#10711);
#10709 = CARTESIAN_POINT('',(164.57,-80.,0.));
#10710 = DIRECTION('',(-0.,0.,-1.));
#10711 = DIRECTION('',(-0.,-1.,0.));
#10712 = FACE_BOUND('',#10713,.F.);
#10713 = EDGE_LOOP('',(#10714));
#10714 = ORIENTED_EDGE('',*,*,#10715,.T.);
#10715 = EDGE_CURVE('',#10716,#10716,#10718,.T.);
#10716 = VERTEX_POINT('',#10717);
#10717 = CARTESIAN_POINT('',(167.11,-80.375,0.));
#10718 = CIRCLE('',#10719,0.375);
#10719 = AXIS2_PLACEMENT_3D('',#10720,#10721,#10722);
#10720 = CARTESIAN_POINT('',(167.11,-80.,0.));
#10721 = DIRECTION('',(-0.,0.,-1.));
#10722 = DIRECTION('',(-0.,-1.,0.));
#10723 = FACE_BOUND('',#10724,.F.);
#10724 = EDGE_LOOP('',(#10725));
#10725 = ORIENTED_EDGE('',*,*,#10726,.T.);
#10726 = EDGE_CURVE('',#10727,#10727,#10729,.T.);
#10727 = VERTEX_POINT('',#10728);
#10728 = CARTESIAN_POINT('',(169.65,-80.375,0.));
#10729 = CIRCLE('',#10730,0.375);
#10730 = AXIS2_PLACEMENT_3D('',#10731,#10732,#10733);
#10731 = CARTESIAN_POINT('',(169.65,-80.,0.));
#10732 = DIRECTION('',(-0.,0.,-1.));
#10733 = DIRECTION('',(-0.,-1.,0.));
#10734 = FACE_BOUND('',#10735,.F.);
#10735 = EDGE_LOOP('',(#10736));
#10736 = ORIENTED_EDGE('',*,*,#10737,.T.);
#10737 = EDGE_CURVE('',#10738,#10738,#10740,.T.);
#10738 = VERTEX_POINT('',#10739);
#10739 = CARTESIAN_POINT('',(178.54,-83.45,0.));
#10740 = CIRCLE('',#10741,0.4);
#10741 = AXIS2_PLACEMENT_3D('',#10742,#10743,#10744);
#10742 = CARTESIAN_POINT('',(178.54,-83.05,0.));
#10743 = DIRECTION('',(-0.,0.,-1.));
#10744 = DIRECTION('',(-0.,-1.,0.));
#10745 = FACE_BOUND('',#10746,.F.);
#10746 = EDGE_LOOP('',(#10747));
#10747 = ORIENTED_EDGE('',*,*,#10748,.T.);
#10748 = EDGE_CURVE('',#10749,#10749,#10751,.T.);
#10749 = VERTEX_POINT('',#10750);
#10750 = CARTESIAN_POINT('',(181.08,-83.45,0.));
#10751 = CIRCLE('',#10752,0.4);
#10752 = AXIS2_PLACEMENT_3D('',#10753,#10754,#10755);
#10753 = CARTESIAN_POINT('',(181.08,-83.05,0.));
#10754 = DIRECTION('',(-0.,0.,-1.));
#10755 = DIRECTION('',(7.105427357601E-14,-1.,-0.));
#10756 = FACE_BOUND('',#10757,.F.);
#10757 = EDGE_LOOP('',(#10758));
#10758 = ORIENTED_EDGE('',*,*,#10759,.T.);
#10759 = EDGE_CURVE('',#10760,#10760,#10762,.T.);
#10760 = VERTEX_POINT('',#10761);
#10761 = CARTESIAN_POINT('',(183.62,-83.45,0.));
#10762 = CIRCLE('',#10763,0.4);
#10763 = AXIS2_PLACEMENT_3D('',#10764,#10765,#10766);
#10764 = CARTESIAN_POINT('',(183.62,-83.05,0.));
#10765 = DIRECTION('',(-0.,0.,-1.));
#10766 = DIRECTION('',(-0.,-1.,0.));
#10767 = FACE_BOUND('',#10768,.F.);
#10768 = EDGE_LOOP('',(#10769));
#10769 = ORIENTED_EDGE('',*,*,#10770,.T.);
#10770 = EDGE_CURVE('',#10771,#10771,#10773,.T.);
#10771 = VERTEX_POINT('',#10772);
#10772 = CARTESIAN_POINT('',(186.16,-83.45,0.));
#10773 = CIRCLE('',#10774,0.4);
#10774 = AXIS2_PLACEMENT_3D('',#10775,#10776,#10777);
#10775 = CARTESIAN_POINT('',(186.16,-83.05,0.));
#10776 = DIRECTION('',(-0.,0.,-1.));
#10777 = DIRECTION('',(-0.,-1.,0.));
#10778 = FACE_BOUND('',#10779,.F.);
#10779 = EDGE_LOOP('',(#10780));
#10780 = ORIENTED_EDGE('',*,*,#10781,.T.);
#10781 = EDGE_CURVE('',#10782,#10782,#10784,.T.);
#10782 = VERTEX_POINT('',#10783);
#10783 = CARTESIAN_POINT('',(188.7,-83.45,0.));
#10784 = CIRCLE('',#10785,0.4);
#10785 = AXIS2_PLACEMENT_3D('',#10786,#10787,#10788);
#10786 = CARTESIAN_POINT('',(188.7,-83.05,0.));
#10787 = DIRECTION('',(-0.,0.,-1.));
#10788 = DIRECTION('',(-0.,-1.,0.));
#10789 = FACE_BOUND('',#10790,.F.);
#10790 = EDGE_LOOP('',(#10791));
#10791 = ORIENTED_EDGE('',*,*,#10792,.T.);
#10792 = EDGE_CURVE('',#10793,#10793,#10795,.T.);
#10793 = VERTEX_POINT('',#10794);
#10794 = CARTESIAN_POINT('',(191.24,-83.45,0.));
#10795 = CIRCLE('',#10796,0.4);
#10796 = AXIS2_PLACEMENT_3D('',#10797,#10798,#10799);
#10797 = CARTESIAN_POINT('',(191.24,-83.05,0.));
#10798 = DIRECTION('',(-0.,0.,-1.));
#10799 = DIRECTION('',(-0.,-1.,0.));
#10800 = FACE_BOUND('',#10801,.F.);
#10801 = EDGE_LOOP('',(#10802));
#10802 = ORIENTED_EDGE('',*,*,#10803,.T.);
#10803 = EDGE_CURVE('',#10804,#10804,#10806,.T.);
#10804 = VERTEX_POINT('',#10805);
#10805 = CARTESIAN_POINT('',(193.78,-83.45,0.));
#10806 = CIRCLE('',#10807,0.4);
#10807 = AXIS2_PLACEMENT_3D('',#10808,#10809,#10810);
#10808 = CARTESIAN_POINT('',(193.78,-83.05,0.));
#10809 = DIRECTION('',(-0.,0.,-1.));
#10810 = DIRECTION('',(-0.,-1.,0.));
#10811 = FACE_BOUND('',#10812,.F.);
#10812 = EDGE_LOOP('',(#10813));
#10813 = ORIENTED_EDGE('',*,*,#10814,.T.);
#10814 = EDGE_CURVE('',#10815,#10815,#10817,.T.);
#10815 = VERTEX_POINT('',#10816);
#10816 = CARTESIAN_POINT('',(196.32,-83.45,0.));
#10817 = CIRCLE('',#10818,0.4);
#10818 = AXIS2_PLACEMENT_3D('',#10819,#10820,#10821);
#10819 = CARTESIAN_POINT('',(196.32,-83.05,0.));
#10820 = DIRECTION('',(-0.,0.,-1.));
#10821 = DIRECTION('',(-0.,-1.,0.));
#10822 = FACE_BOUND('',#10823,.F.);
#10823 = EDGE_LOOP('',(#10824));
#10824 = ORIENTED_EDGE('',*,*,#10825,.T.);
#10825 = EDGE_CURVE('',#10826,#10826,#10828,.T.);
#10826 = VERTEX_POINT('',#10827);
#10827 = CARTESIAN_POINT('',(198.86,-83.45,0.));
#10828 = CIRCLE('',#10829,0.4);
#10829 = AXIS2_PLACEMENT_3D('',#10830,#10831,#10832);
#10830 = CARTESIAN_POINT('',(198.86,-83.05,0.));
#10831 = DIRECTION('',(-0.,0.,-1.));
#10832 = DIRECTION('',(-0.,-1.,0.));
#10833 = FACE_BOUND('',#10834,.F.);
#10834 = EDGE_LOOP('',(#10835));
#10835 = ORIENTED_EDGE('',*,*,#10836,.T.);
#10836 = EDGE_CURVE('',#10837,#10837,#10839,.T.);
#10837 = VERTEX_POINT('',#10838);
#10838 = CARTESIAN_POINT('',(198.86,-80.91,0.));
#10839 = CIRCLE('',#10840,0.4);
#10840 = AXIS2_PLACEMENT_3D('',#10841,#10842,#10843);
#10841 = CARTESIAN_POINT('',(198.86,-80.51,0.));
#10842 = DIRECTION('',(-0.,0.,-1.));
#10843 = DIRECTION('',(-0.,-1.,0.));
#10844 = FACE_BOUND('',#10845,.F.);
#10845 = EDGE_LOOP('',(#10846));
#10846 = ORIENTED_EDGE('',*,*,#10847,.T.);
#10847 = EDGE_CURVE('',#10848,#10848,#10850,.T.);
#10848 = VERTEX_POINT('',#10849);
#10849 = CARTESIAN_POINT('',(198.86,-78.37,0.));
#10850 = CIRCLE('',#10851,0.4);
#10851 = AXIS2_PLACEMENT_3D('',#10852,#10853,#10854);
#10852 = CARTESIAN_POINT('',(198.86,-77.97,0.));
#10853 = DIRECTION('',(-0.,0.,-1.));
#10854 = DIRECTION('',(-0.,-1.,0.));
#10855 = FACE_BOUND('',#10856,.F.);
#10856 = EDGE_LOOP('',(#10857));
#10857 = ORIENTED_EDGE('',*,*,#10858,.T.);
#10858 = EDGE_CURVE('',#10859,#10859,#10861,.T.);
#10859 = VERTEX_POINT('',#10860);
#10860 = CARTESIAN_POINT('',(198.86,-75.83,0.));
#10861 = CIRCLE('',#10862,0.4);
#10862 = AXIS2_PLACEMENT_3D('',#10863,#10864,#10865);
#10863 = CARTESIAN_POINT('',(198.86,-75.43,0.));
#10864 = DIRECTION('',(-0.,0.,-1.));
#10865 = DIRECTION('',(-0.,-1.,0.));
#10866 = FACE_BOUND('',#10867,.F.);
#10867 = EDGE_LOOP('',(#10868));
#10868 = ORIENTED_EDGE('',*,*,#10869,.T.);
#10869 = EDGE_CURVE('',#10870,#10870,#10872,.T.);
#10870 = VERTEX_POINT('',#10871);
#10871 = CARTESIAN_POINT('',(204.055,-90.6675,0.));
#10872 = CIRCLE('',#10873,0.6);
#10873 = AXIS2_PLACEMENT_3D('',#10874,#10875,#10876);
#10874 = CARTESIAN_POINT('',(204.055,-90.0675,0.));
#10875 = DIRECTION('',(-0.,0.,-1.));
#10876 = DIRECTION('',(-0.,-1.,0.));
#10877 = FACE_BOUND('',#10878,.F.);
#10878 = EDGE_LOOP('',(#10879));
#10879 = ORIENTED_EDGE('',*,*,#10880,.T.);
#10880 = EDGE_CURVE('',#10881,#10881,#10883,.T.);
#10881 = VERTEX_POINT('',#10882);
#10882 = CARTESIAN_POINT('',(207.555,-90.6675,0.));
#10883 = CIRCLE('',#10884,0.6);
#10884 = AXIS2_PLACEMENT_3D('',#10885,#10886,#10887);
#10885 = CARTESIAN_POINT('',(207.555,-90.0675,0.));
#10886 = DIRECTION('',(-0.,0.,-1.));
#10887 = DIRECTION('',(-0.,-1.,0.));
#10888 = FACE_BOUND('',#10889,.F.);
#10889 = EDGE_LOOP('',(#10890));
#10890 = ORIENTED_EDGE('',*,*,#10891,.T.);
#10891 = EDGE_CURVE('',#10892,#10892,#10894,.T.);
#10892 = VERTEX_POINT('',#10893);
#10893 = CARTESIAN_POINT('',(211.055,-90.6675,0.));
#10894 = CIRCLE('',#10895,0.6);
#10895 = AXIS2_PLACEMENT_3D('',#10896,#10897,#10898);
#10896 = CARTESIAN_POINT('',(211.055,-90.0675,0.));
#10897 = DIRECTION('',(-0.,0.,-1.));
#10898 = DIRECTION('',(-0.,-1.,0.));
#10899 = FACE_BOUND('',#10900,.F.);
#10900 = EDGE_LOOP('',(#10901));
#10901 = ORIENTED_EDGE('',*,*,#10902,.T.);
#10902 = EDGE_CURVE('',#10903,#10903,#10905,.T.);
#10903 = VERTEX_POINT('',#10904);
#10904 = CARTESIAN_POINT('',(218.5,-91.1,0.));
#10905 = CIRCLE('',#10906,0.6);
#10906 = AXIS2_PLACEMENT_3D('',#10907,#10908,#10909);
#10907 = CARTESIAN_POINT('',(218.5,-90.5,0.));
#10908 = DIRECTION('',(-0.,0.,-1.));
#10909 = DIRECTION('',(-0.,-1.,0.));
#10910 = FACE_BOUND('',#10911,.F.);
#10911 = EDGE_LOOP('',(#10912));
#10912 = ORIENTED_EDGE('',*,*,#10913,.T.);
#10913 = EDGE_CURVE('',#10914,#10914,#10916,.T.);
#10914 = VERTEX_POINT('',#10915);
#10915 = CARTESIAN_POINT('',(222.,-91.1,0.));
#10916 = CIRCLE('',#10917,0.6);
#10917 = AXIS2_PLACEMENT_3D('',#10918,#10919,#10920);
#10918 = CARTESIAN_POINT('',(222.,-90.5,0.));
#10919 = DIRECTION('',(-0.,0.,-1.));
#10920 = DIRECTION('',(-0.,-1.,0.));
#10921 = FACE_BOUND('',#10922,.F.);
#10922 = EDGE_LOOP('',(#10923));
#10923 = ORIENTED_EDGE('',*,*,#10924,.T.);
#10924 = EDGE_CURVE('',#10925,#10925,#10927,.T.);
#10925 = VERTEX_POINT('',#10926);
#10926 = CARTESIAN_POINT('',(241.,-96.35,0.));
#10927 = CIRCLE('',#10928,1.35);
#10928 = AXIS2_PLACEMENT_3D('',#10929,#10930,#10931);
#10929 = CARTESIAN_POINT('',(241.,-95.,0.));
#10930 = DIRECTION('',(-0.,0.,-1.));
#10931 = DIRECTION('',(-0.,-1.,0.));
#10932 = FACE_BOUND('',#10933,.F.);
#10933 = EDGE_LOOP('',(#10934));
#10934 = ORIENTED_EDGE('',*,*,#10935,.T.);
#10935 = EDGE_CURVE('',#10936,#10936,#10938,.T.);
#10936 = VERTEX_POINT('',#10937);
#10937 = CARTESIAN_POINT('',(246.,-96.35,0.));
#10938 = CIRCLE('',#10939,1.35);
#10939 = AXIS2_PLACEMENT_3D('',#10940,#10941,#10942);
#10940 = CARTESIAN_POINT('',(246.,-95.,0.));
#10941 = DIRECTION('',(-0.,0.,-1.));
#10942 = DIRECTION('',(-0.,-1.,0.));
#10943 = FACE_BOUND('',#10944,.F.);
#10944 = EDGE_LOOP('',(#10945));
#10945 = ORIENTED_EDGE('',*,*,#10946,.T.);
#10946 = EDGE_CURVE('',#10947,#10947,#10949,.T.);
#10947 = VERTEX_POINT('',#10948);
#10948 = CARTESIAN_POINT('',(225.5,-91.1,0.));
#10949 = CIRCLE('',#10950,0.6);
#10950 = AXIS2_PLACEMENT_3D('',#10951,#10952,#10953);
#10951 = CARTESIAN_POINT('',(225.5,-90.5,0.));
#10952 = DIRECTION('',(-0.,0.,-1.));
#10953 = DIRECTION('',(-0.,-1.,0.));
#10954 = FACE_BOUND('',#10955,.F.);
#10955 = EDGE_LOOP('',(#10956));
#10956 = ORIENTED_EDGE('',*,*,#10957,.T.);
#10957 = EDGE_CURVE('',#10958,#10958,#10960,.T.);
#10958 = VERTEX_POINT('',#10959);
#10959 = CARTESIAN_POINT('',(244.,-88.85,0.));
#10960 = CIRCLE('',#10961,1.35);
#10961 = AXIS2_PLACEMENT_3D('',#10962,#10963,#10964);
#10962 = CARTESIAN_POINT('',(244.,-87.5,0.));
#10963 = DIRECTION('',(-0.,0.,-1.));
#10964 = DIRECTION('',(-0.,-1.,0.));
#10965 = FACE_BOUND('',#10966,.F.);
#10966 = EDGE_LOOP('',(#10967));
#10967 = ORIENTED_EDGE('',*,*,#10968,.T.);
#10968 = EDGE_CURVE('',#10969,#10969,#10971,.T.);
#10969 = VERTEX_POINT('',#10970);
#10970 = CARTESIAN_POINT('',(201.4,-83.45,0.));
#10971 = CIRCLE('',#10972,0.4);
#10972 = AXIS2_PLACEMENT_3D('',#10973,#10974,#10975);
#10973 = CARTESIAN_POINT('',(201.4,-83.05,0.));
#10974 = DIRECTION('',(-0.,0.,-1.));
#10975 = DIRECTION('',(-0.,-1.,0.));
#10976 = FACE_BOUND('',#10977,.F.);
#10977 = EDGE_LOOP('',(#10978));
#10978 = ORIENTED_EDGE('',*,*,#10979,.T.);
#10979 = EDGE_CURVE('',#10980,#10980,#10982,.T.);
#10980 = VERTEX_POINT('',#10981);
#10981 = CARTESIAN_POINT('',(203.94,-83.45,0.));
#10982 = CIRCLE('',#10983,0.4);
#10983 = AXIS2_PLACEMENT_3D('',#10984,#10985,#10986);
#10984 = CARTESIAN_POINT('',(203.94,-83.05,0.));
#10985 = DIRECTION('',(-0.,0.,-1.));
#10986 = DIRECTION('',(-0.,-1.,0.));
#10987 = FACE_BOUND('',#10988,.F.);
#10988 = EDGE_LOOP('',(#10989));
#10989 = ORIENTED_EDGE('',*,*,#10990,.T.);
#10990 = EDGE_CURVE('',#10991,#10991,#10993,.T.);
#10991 = VERTEX_POINT('',#10992);
#10992 = CARTESIAN_POINT('',(206.48,-83.45,0.));
#10993 = CIRCLE('',#10994,0.4);
#10994 = AXIS2_PLACEMENT_3D('',#10995,#10996,#10997);
#10995 = CARTESIAN_POINT('',(206.48,-83.05,0.));
#10996 = DIRECTION('',(-0.,0.,-1.));
#10997 = DIRECTION('',(-7.105427357601E-14,-1.,0.));
#10998 = FACE_BOUND('',#10999,.F.);
#10999 = EDGE_LOOP('',(#11000));
#11000 = ORIENTED_EDGE('',*,*,#11001,.T.);
#11001 = EDGE_CURVE('',#11002,#11002,#11004,.T.);
#11002 = VERTEX_POINT('',#11003);
#11003 = CARTESIAN_POINT('',(209.02,-83.45,0.));
#11004 = CIRCLE('',#11005,0.4);
#11005 = AXIS2_PLACEMENT_3D('',#11006,#11007,#11008);
#11006 = CARTESIAN_POINT('',(209.02,-83.05,0.));
#11007 = DIRECTION('',(-0.,0.,-1.));
#11008 = DIRECTION('',(7.105427357601E-14,-1.,-0.));
#11009 = FACE_BOUND('',#11010,.F.);
#11010 = EDGE_LOOP('',(#11011));
#11011 = ORIENTED_EDGE('',*,*,#11012,.T.);
#11012 = EDGE_CURVE('',#11013,#11013,#11015,.T.);
#11013 = VERTEX_POINT('',#11014);
#11014 = CARTESIAN_POINT('',(211.56,-83.45,0.));
#11015 = CIRCLE('',#11016,0.4);
#11016 = AXIS2_PLACEMENT_3D('',#11017,#11018,#11019);
#11017 = CARTESIAN_POINT('',(211.56,-83.05,0.));
#11018 = DIRECTION('',(-0.,0.,-1.));
#11019 = DIRECTION('',(-0.,-1.,0.));
#11020 = FACE_BOUND('',#11021,.F.);
#11021 = EDGE_LOOP('',(#11022));
#11022 = ORIENTED_EDGE('',*,*,#11023,.T.);
#11023 = EDGE_CURVE('',#11024,#11024,#11026,.T.);
#11024 = VERTEX_POINT('',#11025);
#11025 = CARTESIAN_POINT('',(241.5675,-81.295,0.));
#11026 = CIRCLE('',#11027,0.6);
#11027 = AXIS2_PLACEMENT_3D('',#11028,#11029,#11030);
#11028 = CARTESIAN_POINT('',(241.5675,-80.695,0.));
#11029 = DIRECTION('',(-0.,0.,-1.));
#11030 = DIRECTION('',(-0.,-1.,0.));
#11031 = FACE_BOUND('',#11032,.F.);
#11032 = EDGE_LOOP('',(#11033));
#11033 = ORIENTED_EDGE('',*,*,#11034,.T.);
#11034 = EDGE_CURVE('',#11035,#11035,#11037,.T.);
#11035 = VERTEX_POINT('',#11036);
#11036 = CARTESIAN_POINT('',(241.5675,-77.795,0.));
#11037 = CIRCLE('',#11038,0.6);
#11038 = AXIS2_PLACEMENT_3D('',#11039,#11040,#11041);
#11039 = CARTESIAN_POINT('',(241.5675,-77.195,0.));
#11040 = DIRECTION('',(-0.,0.,-1.));
#11041 = DIRECTION('',(-0.,-1.,0.));
#11042 = FACE_BOUND('',#11043,.F.);
#11043 = EDGE_LOOP('',(#11044));
#11044 = ORIENTED_EDGE('',*,*,#11045,.T.);
#11045 = EDGE_CURVE('',#11046,#11046,#11048,.T.);
#11046 = VERTEX_POINT('',#11047);
#11047 = CARTESIAN_POINT('',(155.68,-70.75,0.));
#11048 = CIRCLE('',#11049,0.4);
#11049 = AXIS2_PLACEMENT_3D('',#11050,#11051,#11052);
#11050 = CARTESIAN_POINT('',(155.68,-70.35,0.));
#11051 = DIRECTION('',(-0.,0.,-1.));
#11052 = DIRECTION('',(-0.,-1.,0.));
#11053 = FACE_BOUND('',#11054,.F.);
#11054 = EDGE_LOOP('',(#11055));
#11055 = ORIENTED_EDGE('',*,*,#11056,.T.);
#11056 = EDGE_CURVE('',#11057,#11057,#11059,.T.);
#11057 = VERTEX_POINT('',#11058);
#11058 = CARTESIAN_POINT('',(166.11,-74.61,0.));
#11059 = CIRCLE('',#11060,0.35);
#11060 = AXIS2_PLACEMENT_3D('',#11061,#11062,#11063);
#11061 = CARTESIAN_POINT('',(166.11,-74.26,0.));
#11062 = DIRECTION('',(-0.,0.,-1.));
#11063 = DIRECTION('',(-0.,-1.,0.));
#11064 = FACE_BOUND('',#11065,.F.);
#11065 = EDGE_LOOP('',(#11066));
#11066 = ORIENTED_EDGE('',*,*,#11067,.T.);
#11067 = EDGE_CURVE('',#11068,#11068,#11070,.T.);
#11068 = VERTEX_POINT('',#11069);
#11069 = CARTESIAN_POINT('',(168.11,-74.61,0.));
#11070 = CIRCLE('',#11071,0.35);
#11071 = AXIS2_PLACEMENT_3D('',#11072,#11073,#11074);
#11072 = CARTESIAN_POINT('',(168.11,-74.26,0.));
#11073 = DIRECTION('',(-0.,0.,-1.));
#11074 = DIRECTION('',(-0.,-1.,0.));
#11075 = FACE_BOUND('',#11076,.F.);
#11076 = EDGE_LOOP('',(#11077));
#11077 = ORIENTED_EDGE('',*,*,#11078,.T.);
#11078 = EDGE_CURVE('',#11079,#11079,#11081,.T.);
#11079 = VERTEX_POINT('',#11080);
#11080 = CARTESIAN_POINT('',(166.11,-72.61,0.));
#11081 = CIRCLE('',#11082,0.35);
#11082 = AXIS2_PLACEMENT_3D('',#11083,#11084,#11085);
#11083 = CARTESIAN_POINT('',(166.11,-72.26,0.));
#11084 = DIRECTION('',(-0.,0.,-1.));
#11085 = DIRECTION('',(-0.,-1.,0.));
#11086 = FACE_BOUND('',#11087,.F.);
#11087 = EDGE_LOOP('',(#11088));
#11088 = ORIENTED_EDGE('',*,*,#11089,.T.);
#11089 = EDGE_CURVE('',#11090,#11090,#11092,.T.);
#11090 = VERTEX_POINT('',#11091);
#11091 = CARTESIAN_POINT('',(168.11,-72.61,0.));
#11092 = CIRCLE('',#11093,0.35);
#11093 = AXIS2_PLACEMENT_3D('',#11094,#11095,#11096);
#11094 = CARTESIAN_POINT('',(168.11,-72.26,0.));
#11095 = DIRECTION('',(-0.,0.,-1.));
#11096 = DIRECTION('',(-0.,-1.,0.));
#11097 = FACE_BOUND('',#11098,.F.);
#11098 = EDGE_LOOP('',(#11099));
#11099 = ORIENTED_EDGE('',*,*,#11100,.T.);
#11100 = EDGE_CURVE('',#11101,#11101,#11103,.T.);
#11101 = VERTEX_POINT('',#11102);
#11102 = CARTESIAN_POINT('',(166.11,-70.61,0.));
#11103 = CIRCLE('',#11104,0.35);
#11104 = AXIS2_PLACEMENT_3D('',#11105,#11106,#11107);
#11105 = CARTESIAN_POINT('',(166.11,-70.26,0.));
#11106 = DIRECTION('',(-0.,0.,-1.));
#11107 = DIRECTION('',(-0.,-1.,0.));
#11108 = FACE_BOUND('',#11109,.F.);
#11109 = EDGE_LOOP('',(#11110));
#11110 = ORIENTED_EDGE('',*,*,#11111,.T.);
#11111 = EDGE_CURVE('',#11112,#11112,#11114,.T.);
#11112 = VERTEX_POINT('',#11113);
#11113 = CARTESIAN_POINT('',(168.11,-70.61,0.));
#11114 = CIRCLE('',#11115,0.35);
#11115 = AXIS2_PLACEMENT_3D('',#11116,#11117,#11118);
#11116 = CARTESIAN_POINT('',(168.11,-70.26,0.));
#11117 = DIRECTION('',(-0.,0.,-1.));
#11118 = DIRECTION('',(-0.,-1.,0.));
#11119 = FACE_BOUND('',#11120,.F.);
#11120 = EDGE_LOOP('',(#11121));
#11121 = ORIENTED_EDGE('',*,*,#11122,.T.);
#11122 = EDGE_CURVE('',#11123,#11123,#11125,.T.);
#11123 = VERTEX_POINT('',#11124);
#11124 = CARTESIAN_POINT('',(153.14,-68.21,0.));
#11125 = CIRCLE('',#11126,0.4);
#11126 = AXIS2_PLACEMENT_3D('',#11127,#11128,#11129);
#11127 = CARTESIAN_POINT('',(153.14,-67.81,0.));
#11128 = DIRECTION('',(-0.,0.,-1.));
#11129 = DIRECTION('',(-0.,-1.,0.));
#11130 = FACE_BOUND('',#11131,.F.);
#11131 = EDGE_LOOP('',(#11132));
#11132 = ORIENTED_EDGE('',*,*,#11133,.T.);
#11133 = EDGE_CURVE('',#11134,#11134,#11136,.T.);
#11134 = VERTEX_POINT('',#11135);
#11135 = CARTESIAN_POINT('',(155.68,-68.21,0.));
#11136 = CIRCLE('',#11137,0.4);
#11137 = AXIS2_PLACEMENT_3D('',#11138,#11139,#11140);
#11138 = CARTESIAN_POINT('',(155.68,-67.81,0.));
#11139 = DIRECTION('',(-0.,0.,-1.));
#11140 = DIRECTION('',(-0.,-1.,0.));
#11141 = FACE_BOUND('',#11142,.F.);
#11142 = EDGE_LOOP('',(#11143));
#11143 = ORIENTED_EDGE('',*,*,#11144,.T.);
#11144 = EDGE_CURVE('',#11145,#11145,#11147,.T.);
#11145 = VERTEX_POINT('',#11146);
#11146 = CARTESIAN_POINT('',(158.22,-68.21,0.));
#11147 = CIRCLE('',#11148,0.4);
#11148 = AXIS2_PLACEMENT_3D('',#11149,#11150,#11151);
#11149 = CARTESIAN_POINT('',(158.22,-67.81,0.));
#11150 = DIRECTION('',(-0.,0.,-1.));
#11151 = DIRECTION('',(-0.,-1.,0.));
#11152 = FACE_BOUND('',#11153,.F.);
#11153 = EDGE_LOOP('',(#11154));
#11154 = ORIENTED_EDGE('',*,*,#11155,.T.);
#11155 = EDGE_CURVE('',#11156,#11156,#11158,.T.);
#11156 = VERTEX_POINT('',#11157);
#11157 = CARTESIAN_POINT('',(160.76,-68.21,0.));
#11158 = CIRCLE('',#11159,0.4);
#11159 = AXIS2_PLACEMENT_3D('',#11160,#11161,#11162);
#11160 = CARTESIAN_POINT('',(160.76,-67.81,0.));
#11161 = DIRECTION('',(-0.,0.,-1.));
#11162 = DIRECTION('',(-0.,-1.,0.));
#11163 = FACE_BOUND('',#11164,.F.);
#11164 = EDGE_LOOP('',(#11165));
#11165 = ORIENTED_EDGE('',*,*,#11166,.T.);
#11166 = EDGE_CURVE('',#11167,#11167,#11169,.T.);
#11167 = VERTEX_POINT('',#11168);
#11168 = CARTESIAN_POINT('',(163.3,-68.21,0.));
#11169 = CIRCLE('',#11170,0.4);
#11170 = AXIS2_PLACEMENT_3D('',#11171,#11172,#11173);
#11171 = CARTESIAN_POINT('',(163.3,-67.81,0.));
#11172 = DIRECTION('',(-0.,0.,-1.));
#11173 = DIRECTION('',(-0.,-1.,0.));
#11174 = FACE_BOUND('',#11175,.F.);
#11175 = EDGE_LOOP('',(#11176));
#11176 = ORIENTED_EDGE('',*,*,#11177,.T.);
#11177 = EDGE_CURVE('',#11178,#11178,#11180,.T.);
#11178 = VERTEX_POINT('',#11179);
#11179 = CARTESIAN_POINT('',(165.84,-68.21,0.));
#11180 = CIRCLE('',#11181,0.4);
#11181 = AXIS2_PLACEMENT_3D('',#11182,#11183,#11184);
#11182 = CARTESIAN_POINT('',(165.84,-67.81,0.));
#11183 = DIRECTION('',(-0.,0.,-1.));
#11184 = DIRECTION('',(-0.,-1.,0.));
#11185 = FACE_BOUND('',#11186,.F.);
#11186 = EDGE_LOOP('',(#11187));
#11187 = ORIENTED_EDGE('',*,*,#11188,.T.);
#11188 = EDGE_CURVE('',#11189,#11189,#11191,.T.);
#11189 = VERTEX_POINT('',#11190);
#11190 = CARTESIAN_POINT('',(168.38,-68.21,0.));
#11191 = CIRCLE('',#11192,0.4);
#11192 = AXIS2_PLACEMENT_3D('',#11193,#11194,#11195);
#11193 = CARTESIAN_POINT('',(168.38,-67.81,0.));
#11194 = DIRECTION('',(-0.,0.,-1.));
#11195 = DIRECTION('',(-0.,-1.,0.));
#11196 = FACE_BOUND('',#11197,.F.);
#11197 = EDGE_LOOP('',(#11198));
#11198 = ORIENTED_EDGE('',*,*,#11199,.T.);
#11199 = EDGE_CURVE('',#11200,#11200,#11202,.T.);
#11200 = VERTEX_POINT('',#11201);
#11201 = CARTESIAN_POINT('',(170.92,-68.21,0.));
#11202 = CIRCLE('',#11203,0.4);
#11203 = AXIS2_PLACEMENT_3D('',#11204,#11205,#11206);
#11204 = CARTESIAN_POINT('',(170.92,-67.81,0.));
#11205 = DIRECTION('',(-0.,0.,-1.));
#11206 = DIRECTION('',(-7.105427357601E-14,-1.,0.));
#11207 = FACE_BOUND('',#11208,.F.);
#11208 = EDGE_LOOP('',(#11209));
#11209 = ORIENTED_EDGE('',*,*,#11210,.T.);
#11210 = EDGE_CURVE('',#11211,#11211,#11213,.T.);
#11211 = VERTEX_POINT('',#11212);
#11212 = CARTESIAN_POINT('',(173.46,-68.21,0.));
#11213 = CIRCLE('',#11214,0.4);
#11214 = AXIS2_PLACEMENT_3D('',#11215,#11216,#11217);
#11215 = CARTESIAN_POINT('',(173.46,-67.81,0.));
#11216 = DIRECTION('',(-0.,0.,-1.));
#11217 = DIRECTION('',(-0.,-1.,0.));
#11218 = FACE_BOUND('',#11219,.F.);
#11219 = EDGE_LOOP('',(#11220));
#11220 = ORIENTED_EDGE('',*,*,#11221,.T.);
#11221 = EDGE_CURVE('',#11222,#11222,#11224,.T.);
#11222 = VERTEX_POINT('',#11223);
#11223 = CARTESIAN_POINT('',(176.,-68.21,0.));
#11224 = CIRCLE('',#11225,0.4);
#11225 = AXIS2_PLACEMENT_3D('',#11226,#11227,#11228);
#11226 = CARTESIAN_POINT('',(176.,-67.81,0.));
#11227 = DIRECTION('',(-0.,0.,-1.));
#11228 = DIRECTION('',(-0.,-1.,0.));
#11229 = FACE_BOUND('',#11230,.F.);
#11230 = EDGE_LOOP('',(#11231));
#11231 = ORIENTED_EDGE('',*,*,#11232,.T.);
#11232 = EDGE_CURVE('',#11233,#11233,#11235,.T.);
#11233 = VERTEX_POINT('',#11234);
#11234 = CARTESIAN_POINT('',(198.86,-73.29,0.));
#11235 = CIRCLE('',#11236,0.4);
#11236 = AXIS2_PLACEMENT_3D('',#11237,#11238,#11239);
#11237 = CARTESIAN_POINT('',(198.86,-72.89,0.));
#11238 = DIRECTION('',(-0.,0.,-1.));
#11239 = DIRECTION('',(-0.,-1.,0.));
#11240 = FACE_BOUND('',#11241,.F.);
#11241 = EDGE_LOOP('',(#11242));
#11242 = ORIENTED_EDGE('',*,*,#11243,.T.);
#11243 = EDGE_CURVE('',#11244,#11244,#11246,.T.);
#11244 = VERTEX_POINT('',#11245);
#11245 = CARTESIAN_POINT('',(198.86,-70.75,0.));
#11246 = CIRCLE('',#11247,0.4);
#11247 = AXIS2_PLACEMENT_3D('',#11248,#11249,#11250);
#11248 = CARTESIAN_POINT('',(198.86,-70.35,0.));
#11249 = DIRECTION('',(-0.,0.,-1.));
#11250 = DIRECTION('',(-0.,-1.,0.));
#11251 = FACE_BOUND('',#11252,.F.);
#11252 = EDGE_LOOP('',(#11253));
#11253 = ORIENTED_EDGE('',*,*,#11254,.T.);
#11254 = EDGE_CURVE('',#11255,#11255,#11257,.T.);
#11255 = VERTEX_POINT('',#11256);
#11256 = CARTESIAN_POINT('',(178.54,-68.21,0.));
#11257 = CIRCLE('',#11258,0.4);
#11258 = AXIS2_PLACEMENT_3D('',#11259,#11260,#11261);
#11259 = CARTESIAN_POINT('',(178.54,-67.81,0.));
#11260 = DIRECTION('',(-0.,0.,-1.));
#11261 = DIRECTION('',(-0.,-1.,0.));
#11262 = FACE_BOUND('',#11263,.F.);
#11263 = EDGE_LOOP('',(#11264));
#11264 = ORIENTED_EDGE('',*,*,#11265,.T.);
#11265 = EDGE_CURVE('',#11266,#11266,#11268,.T.);
#11266 = VERTEX_POINT('',#11267);
#11267 = CARTESIAN_POINT('',(181.08,-68.21,0.));
#11268 = CIRCLE('',#11269,0.4);
#11269 = AXIS2_PLACEMENT_3D('',#11270,#11271,#11272);
#11270 = CARTESIAN_POINT('',(181.08,-67.81,0.));
#11271 = DIRECTION('',(-0.,0.,-1.));
#11272 = DIRECTION('',(7.105427357601E-14,-1.,-0.));
#11273 = FACE_BOUND('',#11274,.F.);
#11274 = EDGE_LOOP('',(#11275));
#11275 = ORIENTED_EDGE('',*,*,#11276,.T.);
#11276 = EDGE_CURVE('',#11277,#11277,#11279,.T.);
#11277 = VERTEX_POINT('',#11278);
#11278 = CARTESIAN_POINT('',(183.62,-68.21,0.));
#11279 = CIRCLE('',#11280,0.4);
#11280 = AXIS2_PLACEMENT_3D('',#11281,#11282,#11283);
#11281 = CARTESIAN_POINT('',(183.62,-67.81,0.));
#11282 = DIRECTION('',(-0.,0.,-1.));
#11283 = DIRECTION('',(-0.,-1.,0.));
#11284 = FACE_BOUND('',#11285,.F.);
#11285 = EDGE_LOOP('',(#11286));
#11286 = ORIENTED_EDGE('',*,*,#11287,.T.);
#11287 = EDGE_CURVE('',#11288,#11288,#11290,.T.);
#11288 = VERTEX_POINT('',#11289);
#11289 = CARTESIAN_POINT('',(186.16,-68.21,0.));
#11290 = CIRCLE('',#11291,0.4);
#11291 = AXIS2_PLACEMENT_3D('',#11292,#11293,#11294);
#11292 = CARTESIAN_POINT('',(186.16,-67.81,0.));
#11293 = DIRECTION('',(-0.,0.,-1.));
#11294 = DIRECTION('',(-0.,-1.,0.));
#11295 = FACE_BOUND('',#11296,.F.);
#11296 = EDGE_LOOP('',(#11297));
#11297 = ORIENTED_EDGE('',*,*,#11298,.T.);
#11298 = EDGE_CURVE('',#11299,#11299,#11301,.T.);
#11299 = VERTEX_POINT('',#11300);
#11300 = CARTESIAN_POINT('',(188.7,-68.21,0.));
#11301 = CIRCLE('',#11302,0.4);
#11302 = AXIS2_PLACEMENT_3D('',#11303,#11304,#11305);
#11303 = CARTESIAN_POINT('',(188.7,-67.81,0.));
#11304 = DIRECTION('',(-0.,0.,-1.));
#11305 = DIRECTION('',(-0.,-1.,0.));
#11306 = FACE_BOUND('',#11307,.F.);
#11307 = EDGE_LOOP('',(#11308));
#11308 = ORIENTED_EDGE('',*,*,#11309,.T.);
#11309 = EDGE_CURVE('',#11310,#11310,#11312,.T.);
#11310 = VERTEX_POINT('',#11311);
#11311 = CARTESIAN_POINT('',(191.24,-68.21,0.));
#11312 = CIRCLE('',#11313,0.4);
#11313 = AXIS2_PLACEMENT_3D('',#11314,#11315,#11316);
#11314 = CARTESIAN_POINT('',(191.24,-67.81,0.));
#11315 = DIRECTION('',(-0.,0.,-1.));
#11316 = DIRECTION('',(-0.,-1.,0.));
#11317 = FACE_BOUND('',#11318,.F.);
#11318 = EDGE_LOOP('',(#11319));
#11319 = ORIENTED_EDGE('',*,*,#11320,.T.);
#11320 = EDGE_CURVE('',#11321,#11321,#11323,.T.);
#11321 = VERTEX_POINT('',#11322);
#11322 = CARTESIAN_POINT('',(193.78,-68.21,0.));
#11323 = CIRCLE('',#11324,0.4);
#11324 = AXIS2_PLACEMENT_3D('',#11325,#11326,#11327);
#11325 = CARTESIAN_POINT('',(193.78,-67.81,0.));
#11326 = DIRECTION('',(-0.,0.,-1.));
#11327 = DIRECTION('',(-0.,-1.,0.));
#11328 = FACE_BOUND('',#11329,.F.);
#11329 = EDGE_LOOP('',(#11330));
#11330 = ORIENTED_EDGE('',*,*,#11331,.T.);
#11331 = EDGE_CURVE('',#11332,#11332,#11334,.T.);
#11332 = VERTEX_POINT('',#11333);
#11333 = CARTESIAN_POINT('',(196.32,-68.21,0.));
#11334 = CIRCLE('',#11335,0.4);
#11335 = AXIS2_PLACEMENT_3D('',#11336,#11337,#11338);
#11336 = CARTESIAN_POINT('',(196.32,-67.81,0.));
#11337 = DIRECTION('',(-0.,0.,-1.));
#11338 = DIRECTION('',(-0.,-1.,0.));
#11339 = FACE_BOUND('',#11340,.F.);
#11340 = EDGE_LOOP('',(#11341));
#11341 = ORIENTED_EDGE('',*,*,#11342,.T.);
#11342 = EDGE_CURVE('',#11343,#11343,#11345,.T.);
#11343 = VERTEX_POINT('',#11344);
#11344 = CARTESIAN_POINT('',(198.86,-68.21,0.));
#11345 = CIRCLE('',#11346,0.4);
#11346 = AXIS2_PLACEMENT_3D('',#11347,#11348,#11349);
#11347 = CARTESIAN_POINT('',(198.86,-67.81,0.));
#11348 = DIRECTION('',(-0.,0.,-1.));
#11349 = DIRECTION('',(-0.,-1.,0.));
#11350 = FACE_BOUND('',#11351,.F.);
#11351 = EDGE_LOOP('',(#11352));
#11352 = ORIENTED_EDGE('',*,*,#11353,.T.);
#11353 = EDGE_CURVE('',#11354,#11354,#11356,.T.);
#11354 = VERTEX_POINT('',#11355);
#11355 = CARTESIAN_POINT('',(155.5,-55.35,0.));
#11356 = CIRCLE('',#11357,1.35);
#11357 = AXIS2_PLACEMENT_3D('',#11358,#11359,#11360);
#11358 = CARTESIAN_POINT('',(155.5,-54.,0.));
#11359 = DIRECTION('',(-0.,0.,-1.));
#11360 = DIRECTION('',(-0.,-1.,0.));
#11361 = FACE_BOUND('',#11362,.F.);
#11362 = EDGE_LOOP('',(#11363));
#11363 = ORIENTED_EDGE('',*,*,#11364,.T.);
#11364 = EDGE_CURVE('',#11365,#11365,#11367,.T.);
#11365 = VERTEX_POINT('',#11366);
#11366 = CARTESIAN_POINT('',(162.445,-55.0325,0.));
#11367 = CIRCLE('',#11368,0.6);
#11368 = AXIS2_PLACEMENT_3D('',#11369,#11370,#11371);
#11369 = CARTESIAN_POINT('',(162.445,-54.4325,0.));
#11370 = DIRECTION('',(-0.,0.,-1.));
#11371 = DIRECTION('',(-0.,-1.,0.));
#11372 = FACE_BOUND('',#11373,.F.);
#11373 = EDGE_LOOP('',(#11374));
#11374 = ORIENTED_EDGE('',*,*,#11375,.T.);
#11375 = EDGE_CURVE('',#11376,#11376,#11378,.T.);
#11376 = VERTEX_POINT('',#11377);
#11377 = CARTESIAN_POINT('',(165.945,-55.0325,0.));
#11378 = CIRCLE('',#11379,0.6);
#11379 = AXIS2_PLACEMENT_3D('',#11380,#11381,#11382);
#11380 = CARTESIAN_POINT('',(165.945,-54.4325,0.));
#11381 = DIRECTION('',(-0.,0.,-1.));
#11382 = DIRECTION('',(-0.,-1.,0.));
#11383 = FACE_BOUND('',#11384,.F.);
#11384 = EDGE_LOOP('',(#11385));
#11385 = ORIENTED_EDGE('',*,*,#11386,.T.);
#11386 = EDGE_CURVE('',#11387,#11387,#11389,.T.);
#11387 = VERTEX_POINT('',#11388);
#11388 = CARTESIAN_POINT('',(169.445,-55.0325,0.));
#11389 = CIRCLE('',#11390,0.6);
#11390 = AXIS2_PLACEMENT_3D('',#11391,#11392,#11393);
#11391 = CARTESIAN_POINT('',(169.445,-54.4325,0.));
#11392 = DIRECTION('',(-0.,0.,-1.));
#11393 = DIRECTION('',(-0.,-1.,0.));
#11394 = FACE_BOUND('',#11395,.F.);
#11395 = EDGE_LOOP('',(#11396));
#11396 = ORIENTED_EDGE('',*,*,#11397,.T.);
#11397 = EDGE_CURVE('',#11398,#11398,#11400,.T.);
#11398 = VERTEX_POINT('',#11399);
#11399 = CARTESIAN_POINT('',(178.945,-55.0325,0.));
#11400 = CIRCLE('',#11401,0.6);
#11401 = AXIS2_PLACEMENT_3D('',#11402,#11403,#11404);
#11402 = CARTESIAN_POINT('',(178.945,-54.4325,0.));
#11403 = DIRECTION('',(-0.,0.,-1.));
#11404 = DIRECTION('',(-0.,-1.,0.));
#11405 = FACE_BOUND('',#11406,.F.);
#11406 = EDGE_LOOP('',(#11407));
#11407 = ORIENTED_EDGE('',*,*,#11408,.T.);
#11408 = EDGE_CURVE('',#11409,#11409,#11411,.T.);
#11409 = VERTEX_POINT('',#11410);
#11410 = CARTESIAN_POINT('',(182.445,-55.0325,0.));
#11411 = CIRCLE('',#11412,0.6);
#11412 = AXIS2_PLACEMENT_3D('',#11413,#11414,#11415);
#11413 = CARTESIAN_POINT('',(182.445,-54.4325,0.));
#11414 = DIRECTION('',(-0.,0.,-1.));
#11415 = DIRECTION('',(-0.,-1.,0.));
#11416 = FACE_BOUND('',#11417,.F.);
#11417 = EDGE_LOOP('',(#11418));
#11418 = ORIENTED_EDGE('',*,*,#11419,.T.);
#11419 = EDGE_CURVE('',#11420,#11420,#11422,.T.);
#11420 = VERTEX_POINT('',#11421);
#11421 = CARTESIAN_POINT('',(185.945,-55.0325,0.));
#11422 = CIRCLE('',#11423,0.6);
#11423 = AXIS2_PLACEMENT_3D('',#11424,#11425,#11426);
#11424 = CARTESIAN_POINT('',(185.945,-54.4325,0.));
#11425 = DIRECTION('',(-0.,0.,-1.));
#11426 = DIRECTION('',(-0.,-1.,0.));
#11427 = FACE_BOUND('',#11428,.F.);
#11428 = EDGE_LOOP('',(#11429));
#11429 = ORIENTED_EDGE('',*,*,#11430,.T.);
#11430 = EDGE_CURVE('',#11431,#11431,#11433,.T.);
#11431 = VERTEX_POINT('',#11432);
#11432 = CARTESIAN_POINT('',(195.,-55.1,0.));
#11433 = CIRCLE('',#11434,0.6);
#11434 = AXIS2_PLACEMENT_3D('',#11435,#11436,#11437);
#11435 = CARTESIAN_POINT('',(195.,-54.5,0.));
#11436 = DIRECTION('',(-0.,0.,-1.));
#11437 = DIRECTION('',(-0.,-1.,0.));
#11438 = FACE_BOUND('',#11439,.F.);
#11439 = EDGE_LOOP('',(#11440));
#11440 = ORIENTED_EDGE('',*,*,#11441,.T.);
#11441 = EDGE_CURVE('',#11442,#11442,#11444,.T.);
#11442 = VERTEX_POINT('',#11443);
#11443 = CARTESIAN_POINT('',(198.5,-55.1,0.));
#11444 = CIRCLE('',#11445,0.6);
#11445 = AXIS2_PLACEMENT_3D('',#11446,#11447,#11448);
#11446 = CARTESIAN_POINT('',(198.5,-54.5,0.));
#11447 = DIRECTION('',(-0.,0.,-1.));
#11448 = DIRECTION('',(-0.,-1.,0.));
#11449 = FACE_BOUND('',#11450,.F.);
#11450 = EDGE_LOOP('',(#11451));
#11451 = ORIENTED_EDGE('',*,*,#11452,.T.);
#11452 = EDGE_CURVE('',#11453,#11453,#11455,.T.);
#11453 = VERTEX_POINT('',#11454);
#11454 = CARTESIAN_POINT('',(201.4,-68.21,0.));
#11455 = CIRCLE('',#11456,0.4);
#11456 = AXIS2_PLACEMENT_3D('',#11457,#11458,#11459);
#11457 = CARTESIAN_POINT('',(201.4,-67.81,0.));
#11458 = DIRECTION('',(-0.,0.,-1.));
#11459 = DIRECTION('',(-0.,-1.,0.));
#11460 = FACE_BOUND('',#11461,.F.);
#11461 = EDGE_LOOP('',(#11462));
#11462 = ORIENTED_EDGE('',*,*,#11463,.T.);
#11463 = EDGE_CURVE('',#11464,#11464,#11466,.T.);
#11464 = VERTEX_POINT('',#11465);
#11465 = CARTESIAN_POINT('',(203.94,-68.21,0.));
#11466 = CIRCLE('',#11467,0.4);
#11467 = AXIS2_PLACEMENT_3D('',#11468,#11469,#11470);
#11468 = CARTESIAN_POINT('',(203.94,-67.81,0.));
#11469 = DIRECTION('',(-0.,0.,-1.));
#11470 = DIRECTION('',(-0.,-1.,0.));
#11471 = FACE_BOUND('',#11472,.F.);
#11472 = EDGE_LOOP('',(#11473));
#11473 = ORIENTED_EDGE('',*,*,#11474,.T.);
#11474 = EDGE_CURVE('',#11475,#11475,#11477,.T.);
#11475 = VERTEX_POINT('',#11476);
#11476 = CARTESIAN_POINT('',(206.48,-68.21,0.));
#11477 = CIRCLE('',#11478,0.4);
#11478 = AXIS2_PLACEMENT_3D('',#11479,#11480,#11481);
#11479 = CARTESIAN_POINT('',(206.48,-67.81,0.));
#11480 = DIRECTION('',(-0.,0.,-1.));
#11481 = DIRECTION('',(-7.105427357601E-14,-1.,0.));
#11482 = FACE_BOUND('',#11483,.F.);
#11483 = EDGE_LOOP('',(#11484));
#11484 = ORIENTED_EDGE('',*,*,#11485,.T.);
#11485 = EDGE_CURVE('',#11486,#11486,#11488,.T.);
#11486 = VERTEX_POINT('',#11487);
#11487 = CARTESIAN_POINT('',(209.02,-68.21,0.));
#11488 = CIRCLE('',#11489,0.4);
#11489 = AXIS2_PLACEMENT_3D('',#11490,#11491,#11492);
#11490 = CARTESIAN_POINT('',(209.02,-67.81,0.));
#11491 = DIRECTION('',(-0.,0.,-1.));
#11492 = DIRECTION('',(7.105427357601E-14,-1.,-0.));
#11493 = FACE_BOUND('',#11494,.F.);
#11494 = EDGE_LOOP('',(#11495));
#11495 = ORIENTED_EDGE('',*,*,#11496,.T.);
#11496 = EDGE_CURVE('',#11497,#11497,#11499,.T.);
#11497 = VERTEX_POINT('',#11498);
#11498 = CARTESIAN_POINT('',(211.56,-68.21,0.));
#11499 = CIRCLE('',#11500,0.4);
#11500 = AXIS2_PLACEMENT_3D('',#11501,#11502,#11503);
#11501 = CARTESIAN_POINT('',(211.56,-67.81,0.));
#11502 = DIRECTION('',(-0.,0.,-1.));
#11503 = DIRECTION('',(-0.,-1.,0.));
#11504 = FACE_BOUND('',#11505,.F.);
#11505 = EDGE_LOOP('',(#11506));
#11506 = ORIENTED_EDGE('',*,*,#11507,.T.);
#11507 = EDGE_CURVE('',#11508,#11508,#11510,.T.);
#11508 = VERTEX_POINT('',#11509);
#11509 = CARTESIAN_POINT('',(241.5675,-70.795,0.));
#11510 = CIRCLE('',#11511,0.6);
#11511 = AXIS2_PLACEMENT_3D('',#11512,#11513,#11514);
#11512 = CARTESIAN_POINT('',(241.5675,-70.195,0.));
#11513 = DIRECTION('',(-0.,0.,-1.));
#11514 = DIRECTION('',(-0.,-1.,0.));
#11515 = FACE_BOUND('',#11516,.F.);
#11516 = EDGE_LOOP('',(#11517));
#11517 = ORIENTED_EDGE('',*,*,#11518,.T.);
#11518 = EDGE_CURVE('',#11519,#11519,#11521,.T.);
#11519 = VERTEX_POINT('',#11520);
#11520 = CARTESIAN_POINT('',(241.5675,-67.295,0.));
#11521 = CIRCLE('',#11522,0.6);
#11522 = AXIS2_PLACEMENT_3D('',#11523,#11524,#11525);
#11523 = CARTESIAN_POINT('',(241.5675,-66.695,0.));
#11524 = DIRECTION('',(-0.,0.,-1.));
#11525 = DIRECTION('',(-0.,-1.,0.));
#11526 = FACE_BOUND('',#11527,.F.);
#11527 = EDGE_LOOP('',(#11528));
#11528 = ORIENTED_EDGE('',*,*,#11529,.T.);
#11529 = EDGE_CURVE('',#11530,#11530,#11532,.T.);
#11530 = VERTEX_POINT('',#11531);
#11531 = CARTESIAN_POINT('',(202.,-55.1,0.));
#11532 = CIRCLE('',#11533,0.6);
#11533 = AXIS2_PLACEMENT_3D('',#11534,#11535,#11536);
#11534 = CARTESIAN_POINT('',(202.,-54.5,0.));
#11535 = DIRECTION('',(-0.,0.,-1.));
#11536 = DIRECTION('',(-0.,-1.,0.));
#11537 = FACE_BOUND('',#11538,.F.);
#11538 = EDGE_LOOP('',(#11539));
#11539 = ORIENTED_EDGE('',*,*,#11540,.T.);
#11540 = EDGE_CURVE('',#11541,#11541,#11543,.T.);
#11541 = VERTEX_POINT('',#11542);
#11542 = CARTESIAN_POINT('',(210.945,-55.0325,0.));
#11543 = CIRCLE('',#11544,0.6);
#11544 = AXIS2_PLACEMENT_3D('',#11545,#11546,#11547);
#11545 = CARTESIAN_POINT('',(210.945,-54.4325,0.));
#11546 = DIRECTION('',(-0.,0.,-1.));
#11547 = DIRECTION('',(-0.,-1.,0.));
#11548 = FACE_BOUND('',#11549,.F.);
#11549 = EDGE_LOOP('',(#11550));
#11550 = ORIENTED_EDGE('',*,*,#11551,.T.);
#11551 = EDGE_CURVE('',#11552,#11552,#11554,.T.);
#11552 = VERTEX_POINT('',#11553);
#11553 = CARTESIAN_POINT('',(214.445,-55.0325,0.));
#11554 = CIRCLE('',#11555,0.6);
#11555 = AXIS2_PLACEMENT_3D('',#11556,#11557,#11558);
#11556 = CARTESIAN_POINT('',(214.445,-54.4325,0.));
#11557 = DIRECTION('',(-0.,0.,-1.));
#11558 = DIRECTION('',(-0.,-1.,0.));
#11559 = FACE_BOUND('',#11560,.F.);
#11560 = EDGE_LOOP('',(#11561));
#11561 = ORIENTED_EDGE('',*,*,#11562,.T.);
#11562 = EDGE_CURVE('',#11563,#11563,#11565,.T.);
#11563 = VERTEX_POINT('',#11564);
#11564 = CARTESIAN_POINT('',(217.945,-55.0325,0.));
#11565 = CIRCLE('',#11566,0.6);
#11566 = AXIS2_PLACEMENT_3D('',#11567,#11568,#11569);
#11567 = CARTESIAN_POINT('',(217.945,-54.4325,0.));
#11568 = DIRECTION('',(-0.,0.,-1.));
#11569 = DIRECTION('',(-0.,-1.,0.));
#11570 = FACE_BOUND('',#11571,.F.);
#11571 = EDGE_LOOP('',(#11572));
#11572 = ORIENTED_EDGE('',*,*,#11573,.T.);
#11573 = EDGE_CURVE('',#11574,#11574,#11576,.T.);
#11574 = VERTEX_POINT('',#11575);
#11575 = CARTESIAN_POINT('',(240.5,-60.525,0.));
#11576 = CIRCLE('',#11577,0.5);
#11577 = AXIS2_PLACEMENT_3D('',#11578,#11579,#11580);
#11578 = CARTESIAN_POINT('',(240.5,-60.025,0.));
#11579 = DIRECTION('',(-0.,0.,-1.));
#11580 = DIRECTION('',(-0.,-1.,0.));
#11581 = FACE_BOUND('',#11582,.F.);
#11582 = EDGE_LOOP('',(#11583));
#11583 = ORIENTED_EDGE('',*,*,#11584,.T.);
#11584 = EDGE_CURVE('',#11585,#11585,#11587,.T.);
#11585 = VERTEX_POINT('',#11586);
#11586 = CARTESIAN_POINT('',(226.945,-55.0325,0.));
#11587 = CIRCLE('',#11588,0.6);
#11588 = AXIS2_PLACEMENT_3D('',#11589,#11590,#11591);
#11589 = CARTESIAN_POINT('',(226.945,-54.4325,0.));
#11590 = DIRECTION('',(-0.,0.,-1.));
#11591 = DIRECTION('',(-0.,-1.,0.));
#11592 = FACE_BOUND('',#11593,.F.);
#11593 = EDGE_LOOP('',(#11594));
#11594 = ORIENTED_EDGE('',*,*,#11595,.T.);
#11595 = EDGE_CURVE('',#11596,#11596,#11598,.T.);
#11596 = VERTEX_POINT('',#11597);
#11597 = CARTESIAN_POINT('',(230.445,-55.0325,0.));
#11598 = CIRCLE('',#11599,0.6);
#11599 = AXIS2_PLACEMENT_3D('',#11600,#11601,#11602);
#11600 = CARTESIAN_POINT('',(230.445,-54.4325,0.));
#11601 = DIRECTION('',(-0.,0.,-1.));
#11602 = DIRECTION('',(-0.,-1.,0.));
#11603 = FACE_BOUND('',#11604,.F.);
#11604 = EDGE_LOOP('',(#11605));
#11605 = ORIENTED_EDGE('',*,*,#11606,.T.);
#11606 = EDGE_CURVE('',#11607,#11607,#11609,.T.);
#11607 = VERTEX_POINT('',#11608);
#11608 = CARTESIAN_POINT('',(233.945,-55.0325,0.));
#11609 = CIRCLE('',#11610,0.6);
#11610 = AXIS2_PLACEMENT_3D('',#11611,#11612,#11613);
#11611 = CARTESIAN_POINT('',(233.945,-54.4325,0.));
#11612 = DIRECTION('',(-0.,0.,-1.));
#11613 = DIRECTION('',(-0.,-1.,0.));
#11614 = FACE_BOUND('',#11615,.F.);
#11615 = EDGE_LOOP('',(#11616));
#11616 = ORIENTED_EDGE('',*,*,#11617,.T.);
#11617 = EDGE_CURVE('',#11618,#11618,#11620,.T.);
#11618 = VERTEX_POINT('',#11619);
#11619 = CARTESIAN_POINT('',(240.5,-57.985,0.));
#11620 = CIRCLE('',#11621,0.5);
#11621 = AXIS2_PLACEMENT_3D('',#11622,#11623,#11624);
#11622 = CARTESIAN_POINT('',(240.5,-57.485,0.));
#11623 = DIRECTION('',(-0.,0.,-1.));
#11624 = DIRECTION('',(-0.,-1.,0.));
#11625 = FACE_BOUND('',#11626,.F.);
#11626 = EDGE_LOOP('',(#11627));
#11627 = ORIENTED_EDGE('',*,*,#11628,.T.);
#11628 = EDGE_CURVE('',#11629,#11629,#11631,.T.);
#11629 = VERTEX_POINT('',#11630);
#11630 = CARTESIAN_POINT('',(240.5,-55.445,0.));
#11631 = CIRCLE('',#11632,0.5);
#11632 = AXIS2_PLACEMENT_3D('',#11633,#11634,#11635);
#11633 = CARTESIAN_POINT('',(240.5,-54.945,0.));
#11634 = DIRECTION('',(-0.,0.,-1.));
#11635 = DIRECTION('',(-0.,-1.,0.));
#11636 = FACE_BOUND('',#11637,.F.);
#11637 = EDGE_LOOP('',(#11638));
#11638 = ORIENTED_EDGE('',*,*,#11639,.T.);
#11639 = EDGE_CURVE('',#11640,#11640,#11642,.T.);
#11640 = VERTEX_POINT('',#11641);
#11641 = CARTESIAN_POINT('',(246.,-55.35,0.));
#11642 = CIRCLE('',#11643,1.35);
#11643 = AXIS2_PLACEMENT_3D('',#11644,#11645,#11646);
#11644 = CARTESIAN_POINT('',(246.,-54.,0.));
#11645 = DIRECTION('',(-0.,0.,-1.));
#11646 = DIRECTION('',(-0.,-1.,0.));
#11647 = PLANE('',#11648);
#11648 = AXIS2_PLACEMENT_3D('',#11649,#11650,#11651);
#11649 = CARTESIAN_POINT('',(0.,0.,0.));
#11650 = DIRECTION('',(0.,0.,1.));
#11651 = DIRECTION('',(1.,0.,-0.));
#11652 = ADVANCED_FACE('',(#11653,#11664,#11675,#11686,#11697,#11708,
    #11719,#11730,#11741,#11752,#11763,#11774,#11785,#11796,#11807,
    #11818,#11829,#11840,#11851,#11862,#11873,#11884,#11895,#11906,
    #11917,#11928,#11939,#11950,#11961,#11972,#11983,#11994,#12005,
    #12016,#12027,#12038,#12049,#12060,#12071,#12082,#12093,#12104,
    #12115,#12126,#12137,#12148,#12159,#12170,#12181,#12192,#12203,
    #12214,#12225,#12236,#12247,#12258,#12269,#12280,#12291,#12302,
    #12313,#12324,#12335,#12346,#12357,#12368,#12379,#12390,#12401,
    #12412,#12423,#12434,#12445,#12456,#12467,#12478,#12489,#12500,
    #12511,#12522,#12533,#12544,#12555,#12566,#12577,#12588,#12599,
    #12610,#12621,#12632,#12643,#12654,#12665,#12676,#12687,#12698,
    #12709,#12720,#12731,#12742,#12753,#12764,#12775,#12786,#12797,
    #12808,#12819,#12830,#12841),#12852,.T.);
#11653 = FACE_BOUND('',#11654,.T.);
#11654 = EDGE_LOOP('',(#11655,#11656,#11657,#11663));
#11655 = ORIENTED_EDGE('',*,*,#10359,.F.);
#11656 = ORIENTED_EDGE('',*,*,#10399,.F.);
#11657 = ORIENTED_EDGE('',*,*,#11658,.F.);
#11658 = EDGE_CURVE('',#10422,#10392,#11659,.T.);
#11659 = LINE('',#11660,#11661);
#11660 = CARTESIAN_POINT('',(150.5,-49.5,1.6));
#11661 = VECTOR('',#11662,1.);
#11662 = DIRECTION('',(1.,0.,0.));
#11663 = ORIENTED_EDGE('',*,*,#10421,.F.);
#11664 = FACE_BOUND('',#11665,.T.);
#11665 = EDGE_LOOP('',(#11666));
#11666 = ORIENTED_EDGE('',*,*,#11667,.T.);
#11667 = EDGE_CURVE('',#11668,#11668,#11670,.T.);
#11668 = VERTEX_POINT('',#11669);
#11669 = CARTESIAN_POINT('',(154.5,-95.85,1.6));
#11670 = CIRCLE('',#11671,1.35);
#11671 = AXIS2_PLACEMENT_3D('',#11672,#11673,#11674);
#11672 = CARTESIAN_POINT('',(154.5,-94.5,1.6));
#11673 = DIRECTION('',(-0.,0.,-1.));
#11674 = DIRECTION('',(-0.,-1.,0.));
#11675 = FACE_BOUND('',#11676,.T.);
#11676 = EDGE_LOOP('',(#11677));
#11677 = ORIENTED_EDGE('',*,*,#11678,.T.);
#11678 = EDGE_CURVE('',#11679,#11679,#11681,.T.);
#11679 = VERTEX_POINT('',#11680);
#11680 = CARTESIAN_POINT('',(161.055,-90.6675,1.6));
#11681 = CIRCLE('',#11682,0.6);
#11682 = AXIS2_PLACEMENT_3D('',#11683,#11684,#11685);
#11683 = CARTESIAN_POINT('',(161.055,-90.0675,1.6));
#11684 = DIRECTION('',(-0.,0.,-1.));
#11685 = DIRECTION('',(-0.,-1.,0.));
#11686 = FACE_BOUND('',#11687,.T.);
#11687 = EDGE_LOOP('',(#11688));
#11688 = ORIENTED_EDGE('',*,*,#11689,.T.);
#11689 = EDGE_CURVE('',#11690,#11690,#11692,.T.);
#11690 = VERTEX_POINT('',#11691);
#11691 = CARTESIAN_POINT('',(164.555,-90.6675,1.6));
#11692 = CIRCLE('',#11693,0.6);
#11693 = AXIS2_PLACEMENT_3D('',#11694,#11695,#11696);
#11694 = CARTESIAN_POINT('',(164.555,-90.0675,1.6));
#11695 = DIRECTION('',(-0.,0.,-1.));
#11696 = DIRECTION('',(-0.,-1.,0.));
#11697 = FACE_BOUND('',#11698,.T.);
#11698 = EDGE_LOOP('',(#11699));
#11699 = ORIENTED_EDGE('',*,*,#11700,.T.);
#11700 = EDGE_CURVE('',#11701,#11701,#11703,.T.);
#11701 = VERTEX_POINT('',#11702);
#11702 = CARTESIAN_POINT('',(168.055,-90.6675,1.6));
#11703 = CIRCLE('',#11704,0.6);
#11704 = AXIS2_PLACEMENT_3D('',#11705,#11706,#11707);
#11705 = CARTESIAN_POINT('',(168.055,-90.0675,1.6));
#11706 = DIRECTION('',(-0.,0.,-1.));
#11707 = DIRECTION('',(-0.,-1.,0.));
#11708 = FACE_BOUND('',#11709,.T.);
#11709 = EDGE_LOOP('',(#11710));
#11710 = ORIENTED_EDGE('',*,*,#11711,.T.);
#11711 = EDGE_CURVE('',#11712,#11712,#11714,.T.);
#11712 = VERTEX_POINT('',#11713);
#11713 = CARTESIAN_POINT('',(176.055,-90.6675,1.6));
#11714 = CIRCLE('',#11715,0.6);
#11715 = AXIS2_PLACEMENT_3D('',#11716,#11717,#11718);
#11716 = CARTESIAN_POINT('',(176.055,-90.0675,1.6));
#11717 = DIRECTION('',(-0.,0.,-1.));
#11718 = DIRECTION('',(-0.,-1.,0.));
#11719 = FACE_BOUND('',#11720,.T.);
#11720 = EDGE_LOOP('',(#11721));
#11721 = ORIENTED_EDGE('',*,*,#11722,.T.);
#11722 = EDGE_CURVE('',#11723,#11723,#11725,.T.);
#11723 = VERTEX_POINT('',#11724);
#11724 = CARTESIAN_POINT('',(179.555,-90.6675,1.6));
#11725 = CIRCLE('',#11726,0.6);
#11726 = AXIS2_PLACEMENT_3D('',#11727,#11728,#11729);
#11727 = CARTESIAN_POINT('',(179.555,-90.0675,1.6));
#11728 = DIRECTION('',(-0.,0.,-1.));
#11729 = DIRECTION('',(-0.,-1.,0.));
#11730 = FACE_BOUND('',#11731,.T.);
#11731 = EDGE_LOOP('',(#11732));
#11732 = ORIENTED_EDGE('',*,*,#11733,.T.);
#11733 = EDGE_CURVE('',#11734,#11734,#11736,.T.);
#11734 = VERTEX_POINT('',#11735);
#11735 = CARTESIAN_POINT('',(183.055,-90.6675,1.6));
#11736 = CIRCLE('',#11737,0.6);
#11737 = AXIS2_PLACEMENT_3D('',#11738,#11739,#11740);
#11738 = CARTESIAN_POINT('',(183.055,-90.0675,1.6));
#11739 = DIRECTION('',(-0.,0.,-1.));
#11740 = DIRECTION('',(-0.,-1.,0.));
#11741 = FACE_BOUND('',#11742,.T.);
#11742 = EDGE_LOOP('',(#11743));
#11743 = ORIENTED_EDGE('',*,*,#11744,.T.);
#11744 = EDGE_CURVE('',#11745,#11745,#11747,.T.);
#11745 = VERTEX_POINT('',#11746);
#11746 = CARTESIAN_POINT('',(190.055,-90.6675,1.6));
#11747 = CIRCLE('',#11748,0.6);
#11748 = AXIS2_PLACEMENT_3D('',#11749,#11750,#11751);
#11749 = CARTESIAN_POINT('',(190.055,-90.0675,1.6));
#11750 = DIRECTION('',(-0.,0.,-1.));
#11751 = DIRECTION('',(-0.,-1.,0.));
#11752 = FACE_BOUND('',#11753,.T.);
#11753 = EDGE_LOOP('',(#11754));
#11754 = ORIENTED_EDGE('',*,*,#11755,.T.);
#11755 = EDGE_CURVE('',#11756,#11756,#11758,.T.);
#11756 = VERTEX_POINT('',#11757);
#11757 = CARTESIAN_POINT('',(193.555,-90.6675,1.6));
#11758 = CIRCLE('',#11759,0.6);
#11759 = AXIS2_PLACEMENT_3D('',#11760,#11761,#11762);
#11760 = CARTESIAN_POINT('',(193.555,-90.0675,1.6));
#11761 = DIRECTION('',(-0.,0.,-1.));
#11762 = DIRECTION('',(-0.,-1.,0.));
#11763 = FACE_BOUND('',#11764,.T.);
#11764 = EDGE_LOOP('',(#11765));
#11765 = ORIENTED_EDGE('',*,*,#11766,.T.);
#11766 = EDGE_CURVE('',#11767,#11767,#11769,.T.);
#11767 = VERTEX_POINT('',#11768);
#11768 = CARTESIAN_POINT('',(197.055,-90.6675,1.6));
#11769 = CIRCLE('',#11770,0.6);
#11770 = AXIS2_PLACEMENT_3D('',#11771,#11772,#11773);
#11771 = CARTESIAN_POINT('',(197.055,-90.0675,1.6));
#11772 = DIRECTION('',(-0.,0.,-1.));
#11773 = DIRECTION('',(-0.,-1.,0.));
#11774 = FACE_BOUND('',#11775,.T.);
#11775 = EDGE_LOOP('',(#11776));
#11776 = ORIENTED_EDGE('',*,*,#11777,.T.);
#11777 = EDGE_CURVE('',#11778,#11778,#11780,.T.);
#11778 = VERTEX_POINT('',#11779);
#11779 = CARTESIAN_POINT('',(153.14,-83.45,1.6));
#11780 = CIRCLE('',#11781,0.4);
#11781 = AXIS2_PLACEMENT_3D('',#11782,#11783,#11784);
#11782 = CARTESIAN_POINT('',(153.14,-83.05,1.6));
#11783 = DIRECTION('',(-0.,0.,-1.));
#11784 = DIRECTION('',(-0.,-1.,0.));
#11785 = FACE_BOUND('',#11786,.T.);
#11786 = EDGE_LOOP('',(#11787));
#11787 = ORIENTED_EDGE('',*,*,#11788,.T.);
#11788 = EDGE_CURVE('',#11789,#11789,#11791,.T.);
#11789 = VERTEX_POINT('',#11790);
#11790 = CARTESIAN_POINT('',(155.68,-83.45,1.6));
#11791 = CIRCLE('',#11792,0.4);
#11792 = AXIS2_PLACEMENT_3D('',#11793,#11794,#11795);
#11793 = CARTESIAN_POINT('',(155.68,-83.05,1.6));
#11794 = DIRECTION('',(-0.,0.,-1.));
#11795 = DIRECTION('',(-0.,-1.,0.));
#11796 = FACE_BOUND('',#11797,.T.);
#11797 = EDGE_LOOP('',(#11798));
#11798 = ORIENTED_EDGE('',*,*,#11799,.T.);
#11799 = EDGE_CURVE('',#11800,#11800,#11802,.T.);
#11800 = VERTEX_POINT('',#11801);
#11801 = CARTESIAN_POINT('',(158.22,-83.45,1.6));
#11802 = CIRCLE('',#11803,0.4);
#11803 = AXIS2_PLACEMENT_3D('',#11804,#11805,#11806);
#11804 = CARTESIAN_POINT('',(158.22,-83.05,1.6));
#11805 = DIRECTION('',(-0.,0.,-1.));
#11806 = DIRECTION('',(-0.,-1.,0.));
#11807 = FACE_BOUND('',#11808,.T.);
#11808 = EDGE_LOOP('',(#11809));
#11809 = ORIENTED_EDGE('',*,*,#11810,.T.);
#11810 = EDGE_CURVE('',#11811,#11811,#11813,.T.);
#11811 = VERTEX_POINT('',#11812);
#11812 = CARTESIAN_POINT('',(160.76,-83.45,1.6));
#11813 = CIRCLE('',#11814,0.4);
#11814 = AXIS2_PLACEMENT_3D('',#11815,#11816,#11817);
#11815 = CARTESIAN_POINT('',(160.76,-83.05,1.6));
#11816 = DIRECTION('',(-0.,0.,-1.));
#11817 = DIRECTION('',(-0.,-1.,0.));
#11818 = FACE_BOUND('',#11819,.T.);
#11819 = EDGE_LOOP('',(#11820));
#11820 = ORIENTED_EDGE('',*,*,#11821,.T.);
#11821 = EDGE_CURVE('',#11822,#11822,#11824,.T.);
#11822 = VERTEX_POINT('',#11823);
#11823 = CARTESIAN_POINT('',(163.3,-83.45,1.6));
#11824 = CIRCLE('',#11825,0.4);
#11825 = AXIS2_PLACEMENT_3D('',#11826,#11827,#11828);
#11826 = CARTESIAN_POINT('',(163.3,-83.05,1.6));
#11827 = DIRECTION('',(-0.,0.,-1.));
#11828 = DIRECTION('',(-0.,-1.,0.));
#11829 = FACE_BOUND('',#11830,.T.);
#11830 = EDGE_LOOP('',(#11831));
#11831 = ORIENTED_EDGE('',*,*,#11832,.T.);
#11832 = EDGE_CURVE('',#11833,#11833,#11835,.T.);
#11833 = VERTEX_POINT('',#11834);
#11834 = CARTESIAN_POINT('',(159.49,-80.375,1.6));
#11835 = CIRCLE('',#11836,0.375);
#11836 = AXIS2_PLACEMENT_3D('',#11837,#11838,#11839);
#11837 = CARTESIAN_POINT('',(159.49,-80.,1.6));
#11838 = DIRECTION('',(-0.,0.,-1.));
#11839 = DIRECTION('',(-0.,-1.,0.));
#11840 = FACE_BOUND('',#11841,.T.);
#11841 = EDGE_LOOP('',(#11842));
#11842 = ORIENTED_EDGE('',*,*,#11843,.T.);
#11843 = EDGE_CURVE('',#11844,#11844,#11846,.T.);
#11844 = VERTEX_POINT('',#11845);
#11845 = CARTESIAN_POINT('',(162.03,-80.375,1.6));
#11846 = CIRCLE('',#11847,0.375);
#11847 = AXIS2_PLACEMENT_3D('',#11848,#11849,#11850);
#11848 = CARTESIAN_POINT('',(162.03,-80.,1.6));
#11849 = DIRECTION('',(-0.,0.,-1.));
#11850 = DIRECTION('',(-0.,-1.,0.));
#11851 = FACE_BOUND('',#11852,.T.);
#11852 = EDGE_LOOP('',(#11853));
#11853 = ORIENTED_EDGE('',*,*,#11854,.T.);
#11854 = EDGE_CURVE('',#11855,#11855,#11857,.T.);
#11855 = VERTEX_POINT('',#11856);
#11856 = CARTESIAN_POINT('',(165.84,-83.45,1.6));
#11857 = CIRCLE('',#11858,0.4);
#11858 = AXIS2_PLACEMENT_3D('',#11859,#11860,#11861);
#11859 = CARTESIAN_POINT('',(165.84,-83.05,1.6));
#11860 = DIRECTION('',(-0.,0.,-1.));
#11861 = DIRECTION('',(-0.,-1.,0.));
#11862 = FACE_BOUND('',#11863,.T.);
#11863 = EDGE_LOOP('',(#11864));
#11864 = ORIENTED_EDGE('',*,*,#11865,.T.);
#11865 = EDGE_CURVE('',#11866,#11866,#11868,.T.);
#11866 = VERTEX_POINT('',#11867);
#11867 = CARTESIAN_POINT('',(168.38,-83.45,1.6));
#11868 = CIRCLE('',#11869,0.4);
#11869 = AXIS2_PLACEMENT_3D('',#11870,#11871,#11872);
#11870 = CARTESIAN_POINT('',(168.38,-83.05,1.6));
#11871 = DIRECTION('',(-0.,0.,-1.));
#11872 = DIRECTION('',(-0.,-1.,0.));
#11873 = FACE_BOUND('',#11874,.T.);
#11874 = EDGE_LOOP('',(#11875));
#11875 = ORIENTED_EDGE('',*,*,#11876,.T.);
#11876 = EDGE_CURVE('',#11877,#11877,#11879,.T.);
#11877 = VERTEX_POINT('',#11878);
#11878 = CARTESIAN_POINT('',(170.92,-83.45,1.6));
#11879 = CIRCLE('',#11880,0.4);
#11880 = AXIS2_PLACEMENT_3D('',#11881,#11882,#11883);
#11881 = CARTESIAN_POINT('',(170.92,-83.05,1.6));
#11882 = DIRECTION('',(-0.,0.,-1.));
#11883 = DIRECTION('',(-7.105427357601E-14,-1.,0.));
#11884 = FACE_BOUND('',#11885,.T.);
#11885 = EDGE_LOOP('',(#11886));
#11886 = ORIENTED_EDGE('',*,*,#11887,.T.);
#11887 = EDGE_CURVE('',#11888,#11888,#11890,.T.);
#11888 = VERTEX_POINT('',#11889);
#11889 = CARTESIAN_POINT('',(173.46,-83.45,1.6));
#11890 = CIRCLE('',#11891,0.4);
#11891 = AXIS2_PLACEMENT_3D('',#11892,#11893,#11894);
#11892 = CARTESIAN_POINT('',(173.46,-83.05,1.6));
#11893 = DIRECTION('',(-0.,0.,-1.));
#11894 = DIRECTION('',(-0.,-1.,0.));
#11895 = FACE_BOUND('',#11896,.T.);
#11896 = EDGE_LOOP('',(#11897));
#11897 = ORIENTED_EDGE('',*,*,#11898,.T.);
#11898 = EDGE_CURVE('',#11899,#11899,#11901,.T.);
#11899 = VERTEX_POINT('',#11900);
#11900 = CARTESIAN_POINT('',(176.,-83.45,1.6));
#11901 = CIRCLE('',#11902,0.4);
#11902 = AXIS2_PLACEMENT_3D('',#11903,#11904,#11905);
#11903 = CARTESIAN_POINT('',(176.,-83.05,1.6));
#11904 = DIRECTION('',(-0.,0.,-1.));
#11905 = DIRECTION('',(-0.,-1.,0.));
#11906 = FACE_BOUND('',#11907,.T.);
#11907 = EDGE_LOOP('',(#11908));
#11908 = ORIENTED_EDGE('',*,*,#11909,.T.);
#11909 = EDGE_CURVE('',#11910,#11910,#11912,.T.);
#11910 = VERTEX_POINT('',#11911);
#11911 = CARTESIAN_POINT('',(164.57,-80.375,1.6));
#11912 = CIRCLE('',#11913,0.375);
#11913 = AXIS2_PLACEMENT_3D('',#11914,#11915,#11916);
#11914 = CARTESIAN_POINT('',(164.57,-80.,1.6));
#11915 = DIRECTION('',(-0.,0.,-1.));
#11916 = DIRECTION('',(-0.,-1.,0.));
#11917 = FACE_BOUND('',#11918,.T.);
#11918 = EDGE_LOOP('',(#11919));
#11919 = ORIENTED_EDGE('',*,*,#11920,.T.);
#11920 = EDGE_CURVE('',#11921,#11921,#11923,.T.);
#11921 = VERTEX_POINT('',#11922);
#11922 = CARTESIAN_POINT('',(167.11,-80.375,1.6));
#11923 = CIRCLE('',#11924,0.375);
#11924 = AXIS2_PLACEMENT_3D('',#11925,#11926,#11927);
#11925 = CARTESIAN_POINT('',(167.11,-80.,1.6));
#11926 = DIRECTION('',(-0.,0.,-1.));
#11927 = DIRECTION('',(-0.,-1.,0.));
#11928 = FACE_BOUND('',#11929,.T.);
#11929 = EDGE_LOOP('',(#11930));
#11930 = ORIENTED_EDGE('',*,*,#11931,.T.);
#11931 = EDGE_CURVE('',#11932,#11932,#11934,.T.);
#11932 = VERTEX_POINT('',#11933);
#11933 = CARTESIAN_POINT('',(169.65,-80.375,1.6));
#11934 = CIRCLE('',#11935,0.375);
#11935 = AXIS2_PLACEMENT_3D('',#11936,#11937,#11938);
#11936 = CARTESIAN_POINT('',(169.65,-80.,1.6));
#11937 = DIRECTION('',(-0.,0.,-1.));
#11938 = DIRECTION('',(-0.,-1.,0.));
#11939 = FACE_BOUND('',#11940,.T.);
#11940 = EDGE_LOOP('',(#11941));
#11941 = ORIENTED_EDGE('',*,*,#11942,.T.);
#11942 = EDGE_CURVE('',#11943,#11943,#11945,.T.);
#11943 = VERTEX_POINT('',#11944);
#11944 = CARTESIAN_POINT('',(178.54,-83.45,1.6));
#11945 = CIRCLE('',#11946,0.4);
#11946 = AXIS2_PLACEMENT_3D('',#11947,#11948,#11949);
#11947 = CARTESIAN_POINT('',(178.54,-83.05,1.6));
#11948 = DIRECTION('',(-0.,0.,-1.));
#11949 = DIRECTION('',(-0.,-1.,0.));
#11950 = FACE_BOUND('',#11951,.T.);
#11951 = EDGE_LOOP('',(#11952));
#11952 = ORIENTED_EDGE('',*,*,#11953,.T.);
#11953 = EDGE_CURVE('',#11954,#11954,#11956,.T.);
#11954 = VERTEX_POINT('',#11955);
#11955 = CARTESIAN_POINT('',(181.08,-83.45,1.6));
#11956 = CIRCLE('',#11957,0.4);
#11957 = AXIS2_PLACEMENT_3D('',#11958,#11959,#11960);
#11958 = CARTESIAN_POINT('',(181.08,-83.05,1.6));
#11959 = DIRECTION('',(-0.,0.,-1.));
#11960 = DIRECTION('',(7.105427357601E-14,-1.,-0.));
#11961 = FACE_BOUND('',#11962,.T.);
#11962 = EDGE_LOOP('',(#11963));
#11963 = ORIENTED_EDGE('',*,*,#11964,.T.);
#11964 = EDGE_CURVE('',#11965,#11965,#11967,.T.);
#11965 = VERTEX_POINT('',#11966);
#11966 = CARTESIAN_POINT('',(183.62,-83.45,1.6));
#11967 = CIRCLE('',#11968,0.4);
#11968 = AXIS2_PLACEMENT_3D('',#11969,#11970,#11971);
#11969 = CARTESIAN_POINT('',(183.62,-83.05,1.6));
#11970 = DIRECTION('',(-0.,0.,-1.));
#11971 = DIRECTION('',(-0.,-1.,0.));
#11972 = FACE_BOUND('',#11973,.T.);
#11973 = EDGE_LOOP('',(#11974));
#11974 = ORIENTED_EDGE('',*,*,#11975,.T.);
#11975 = EDGE_CURVE('',#11976,#11976,#11978,.T.);
#11976 = VERTEX_POINT('',#11977);
#11977 = CARTESIAN_POINT('',(186.16,-83.45,1.6));
#11978 = CIRCLE('',#11979,0.4);
#11979 = AXIS2_PLACEMENT_3D('',#11980,#11981,#11982);
#11980 = CARTESIAN_POINT('',(186.16,-83.05,1.6));
#11981 = DIRECTION('',(-0.,0.,-1.));
#11982 = DIRECTION('',(-0.,-1.,0.));
#11983 = FACE_BOUND('',#11984,.T.);
#11984 = EDGE_LOOP('',(#11985));
#11985 = ORIENTED_EDGE('',*,*,#11986,.T.);
#11986 = EDGE_CURVE('',#11987,#11987,#11989,.T.);
#11987 = VERTEX_POINT('',#11988);
#11988 = CARTESIAN_POINT('',(188.7,-83.45,1.6));
#11989 = CIRCLE('',#11990,0.4);
#11990 = AXIS2_PLACEMENT_3D('',#11991,#11992,#11993);
#11991 = CARTESIAN_POINT('',(188.7,-83.05,1.6));
#11992 = DIRECTION('',(-0.,0.,-1.));
#11993 = DIRECTION('',(-0.,-1.,0.));
#11994 = FACE_BOUND('',#11995,.T.);
#11995 = EDGE_LOOP('',(#11996));
#11996 = ORIENTED_EDGE('',*,*,#11997,.T.);
#11997 = EDGE_CURVE('',#11998,#11998,#12000,.T.);
#11998 = VERTEX_POINT('',#11999);
#11999 = CARTESIAN_POINT('',(191.24,-83.45,1.6));
#12000 = CIRCLE('',#12001,0.4);
#12001 = AXIS2_PLACEMENT_3D('',#12002,#12003,#12004);
#12002 = CARTESIAN_POINT('',(191.24,-83.05,1.6));
#12003 = DIRECTION('',(-0.,0.,-1.));
#12004 = DIRECTION('',(-0.,-1.,0.));
#12005 = FACE_BOUND('',#12006,.T.);
#12006 = EDGE_LOOP('',(#12007));
#12007 = ORIENTED_EDGE('',*,*,#12008,.T.);
#12008 = EDGE_CURVE('',#12009,#12009,#12011,.T.);
#12009 = VERTEX_POINT('',#12010);
#12010 = CARTESIAN_POINT('',(193.78,-83.45,1.6));
#12011 = CIRCLE('',#12012,0.4);
#12012 = AXIS2_PLACEMENT_3D('',#12013,#12014,#12015);
#12013 = CARTESIAN_POINT('',(193.78,-83.05,1.6));
#12014 = DIRECTION('',(-0.,0.,-1.));
#12015 = DIRECTION('',(-0.,-1.,0.));
#12016 = FACE_BOUND('',#12017,.T.);
#12017 = EDGE_LOOP('',(#12018));
#12018 = ORIENTED_EDGE('',*,*,#12019,.T.);
#12019 = EDGE_CURVE('',#12020,#12020,#12022,.T.);
#12020 = VERTEX_POINT('',#12021);
#12021 = CARTESIAN_POINT('',(196.32,-83.45,1.6));
#12022 = CIRCLE('',#12023,0.4);
#12023 = AXIS2_PLACEMENT_3D('',#12024,#12025,#12026);
#12024 = CARTESIAN_POINT('',(196.32,-83.05,1.6));
#12025 = DIRECTION('',(-0.,0.,-1.));
#12026 = DIRECTION('',(-0.,-1.,0.));
#12027 = FACE_BOUND('',#12028,.T.);
#12028 = EDGE_LOOP('',(#12029));
#12029 = ORIENTED_EDGE('',*,*,#12030,.T.);
#12030 = EDGE_CURVE('',#12031,#12031,#12033,.T.);
#12031 = VERTEX_POINT('',#12032);
#12032 = CARTESIAN_POINT('',(198.86,-83.45,1.6));
#12033 = CIRCLE('',#12034,0.4);
#12034 = AXIS2_PLACEMENT_3D('',#12035,#12036,#12037);
#12035 = CARTESIAN_POINT('',(198.86,-83.05,1.6));
#12036 = DIRECTION('',(-0.,0.,-1.));
#12037 = DIRECTION('',(-0.,-1.,0.));
#12038 = FACE_BOUND('',#12039,.T.);
#12039 = EDGE_LOOP('',(#12040));
#12040 = ORIENTED_EDGE('',*,*,#12041,.T.);
#12041 = EDGE_CURVE('',#12042,#12042,#12044,.T.);
#12042 = VERTEX_POINT('',#12043);
#12043 = CARTESIAN_POINT('',(198.86,-80.91,1.6));
#12044 = CIRCLE('',#12045,0.4);
#12045 = AXIS2_PLACEMENT_3D('',#12046,#12047,#12048);
#12046 = CARTESIAN_POINT('',(198.86,-80.51,1.6));
#12047 = DIRECTION('',(-0.,0.,-1.));
#12048 = DIRECTION('',(-0.,-1.,0.));
#12049 = FACE_BOUND('',#12050,.T.);
#12050 = EDGE_LOOP('',(#12051));
#12051 = ORIENTED_EDGE('',*,*,#12052,.T.);
#12052 = EDGE_CURVE('',#12053,#12053,#12055,.T.);
#12053 = VERTEX_POINT('',#12054);
#12054 = CARTESIAN_POINT('',(198.86,-78.37,1.6));
#12055 = CIRCLE('',#12056,0.4);
#12056 = AXIS2_PLACEMENT_3D('',#12057,#12058,#12059);
#12057 = CARTESIAN_POINT('',(198.86,-77.97,1.6));
#12058 = DIRECTION('',(-0.,0.,-1.));
#12059 = DIRECTION('',(-0.,-1.,0.));
#12060 = FACE_BOUND('',#12061,.T.);
#12061 = EDGE_LOOP('',(#12062));
#12062 = ORIENTED_EDGE('',*,*,#12063,.T.);
#12063 = EDGE_CURVE('',#12064,#12064,#12066,.T.);
#12064 = VERTEX_POINT('',#12065);
#12065 = CARTESIAN_POINT('',(198.86,-75.83,1.6));
#12066 = CIRCLE('',#12067,0.4);
#12067 = AXIS2_PLACEMENT_3D('',#12068,#12069,#12070);
#12068 = CARTESIAN_POINT('',(198.86,-75.43,1.6));
#12069 = DIRECTION('',(-0.,0.,-1.));
#12070 = DIRECTION('',(-0.,-1.,0.));
#12071 = FACE_BOUND('',#12072,.T.);
#12072 = EDGE_LOOP('',(#12073));
#12073 = ORIENTED_EDGE('',*,*,#12074,.T.);
#12074 = EDGE_CURVE('',#12075,#12075,#12077,.T.);
#12075 = VERTEX_POINT('',#12076);
#12076 = CARTESIAN_POINT('',(204.055,-90.6675,1.6));
#12077 = CIRCLE('',#12078,0.6);
#12078 = AXIS2_PLACEMENT_3D('',#12079,#12080,#12081);
#12079 = CARTESIAN_POINT('',(204.055,-90.0675,1.6));
#12080 = DIRECTION('',(-0.,0.,-1.));
#12081 = DIRECTION('',(-0.,-1.,0.));
#12082 = FACE_BOUND('',#12083,.T.);
#12083 = EDGE_LOOP('',(#12084));
#12084 = ORIENTED_EDGE('',*,*,#12085,.T.);
#12085 = EDGE_CURVE('',#12086,#12086,#12088,.T.);
#12086 = VERTEX_POINT('',#12087);
#12087 = CARTESIAN_POINT('',(207.555,-90.6675,1.6));
#12088 = CIRCLE('',#12089,0.6);
#12089 = AXIS2_PLACEMENT_3D('',#12090,#12091,#12092);
#12090 = CARTESIAN_POINT('',(207.555,-90.0675,1.6));
#12091 = DIRECTION('',(-0.,0.,-1.));
#12092 = DIRECTION('',(-0.,-1.,0.));
#12093 = FACE_BOUND('',#12094,.T.);
#12094 = EDGE_LOOP('',(#12095));
#12095 = ORIENTED_EDGE('',*,*,#12096,.T.);
#12096 = EDGE_CURVE('',#12097,#12097,#12099,.T.);
#12097 = VERTEX_POINT('',#12098);
#12098 = CARTESIAN_POINT('',(211.055,-90.6675,1.6));
#12099 = CIRCLE('',#12100,0.6);
#12100 = AXIS2_PLACEMENT_3D('',#12101,#12102,#12103);
#12101 = CARTESIAN_POINT('',(211.055,-90.0675,1.6));
#12102 = DIRECTION('',(-0.,0.,-1.));
#12103 = DIRECTION('',(-0.,-1.,0.));
#12104 = FACE_BOUND('',#12105,.T.);
#12105 = EDGE_LOOP('',(#12106));
#12106 = ORIENTED_EDGE('',*,*,#12107,.T.);
#12107 = EDGE_CURVE('',#12108,#12108,#12110,.T.);
#12108 = VERTEX_POINT('',#12109);
#12109 = CARTESIAN_POINT('',(218.5,-91.1,1.6));
#12110 = CIRCLE('',#12111,0.6);
#12111 = AXIS2_PLACEMENT_3D('',#12112,#12113,#12114);
#12112 = CARTESIAN_POINT('',(218.5,-90.5,1.6));
#12113 = DIRECTION('',(-0.,0.,-1.));
#12114 = DIRECTION('',(-0.,-1.,0.));
#12115 = FACE_BOUND('',#12116,.T.);
#12116 = EDGE_LOOP('',(#12117));
#12117 = ORIENTED_EDGE('',*,*,#12118,.T.);
#12118 = EDGE_CURVE('',#12119,#12119,#12121,.T.);
#12119 = VERTEX_POINT('',#12120);
#12120 = CARTESIAN_POINT('',(222.,-91.1,1.6));
#12121 = CIRCLE('',#12122,0.6);
#12122 = AXIS2_PLACEMENT_3D('',#12123,#12124,#12125);
#12123 = CARTESIAN_POINT('',(222.,-90.5,1.6));
#12124 = DIRECTION('',(-0.,0.,-1.));
#12125 = DIRECTION('',(-0.,-1.,0.));
#12126 = FACE_BOUND('',#12127,.T.);
#12127 = EDGE_LOOP('',(#12128));
#12128 = ORIENTED_EDGE('',*,*,#12129,.T.);
#12129 = EDGE_CURVE('',#12130,#12130,#12132,.T.);
#12130 = VERTEX_POINT('',#12131);
#12131 = CARTESIAN_POINT('',(241.,-96.35,1.6));
#12132 = CIRCLE('',#12133,1.35);
#12133 = AXIS2_PLACEMENT_3D('',#12134,#12135,#12136);
#12134 = CARTESIAN_POINT('',(241.,-95.,1.6));
#12135 = DIRECTION('',(-0.,0.,-1.));
#12136 = DIRECTION('',(-0.,-1.,0.));
#12137 = FACE_BOUND('',#12138,.T.);
#12138 = EDGE_LOOP('',(#12139));
#12139 = ORIENTED_EDGE('',*,*,#12140,.T.);
#12140 = EDGE_CURVE('',#12141,#12141,#12143,.T.);
#12141 = VERTEX_POINT('',#12142);
#12142 = CARTESIAN_POINT('',(246.,-96.35,1.6));
#12143 = CIRCLE('',#12144,1.35);
#12144 = AXIS2_PLACEMENT_3D('',#12145,#12146,#12147);
#12145 = CARTESIAN_POINT('',(246.,-95.,1.6));
#12146 = DIRECTION('',(-0.,0.,-1.));
#12147 = DIRECTION('',(-0.,-1.,0.));
#12148 = FACE_BOUND('',#12149,.T.);
#12149 = EDGE_LOOP('',(#12150));
#12150 = ORIENTED_EDGE('',*,*,#12151,.T.);
#12151 = EDGE_CURVE('',#12152,#12152,#12154,.T.);
#12152 = VERTEX_POINT('',#12153);
#12153 = CARTESIAN_POINT('',(225.5,-91.1,1.6));
#12154 = CIRCLE('',#12155,0.6);
#12155 = AXIS2_PLACEMENT_3D('',#12156,#12157,#12158);
#12156 = CARTESIAN_POINT('',(225.5,-90.5,1.6));
#12157 = DIRECTION('',(-0.,0.,-1.));
#12158 = DIRECTION('',(-0.,-1.,0.));
#12159 = FACE_BOUND('',#12160,.T.);
#12160 = EDGE_LOOP('',(#12161));
#12161 = ORIENTED_EDGE('',*,*,#12162,.T.);
#12162 = EDGE_CURVE('',#12163,#12163,#12165,.T.);
#12163 = VERTEX_POINT('',#12164);
#12164 = CARTESIAN_POINT('',(244.,-88.85,1.6));
#12165 = CIRCLE('',#12166,1.35);
#12166 = AXIS2_PLACEMENT_3D('',#12167,#12168,#12169);
#12167 = CARTESIAN_POINT('',(244.,-87.5,1.6));
#12168 = DIRECTION('',(-0.,0.,-1.));
#12169 = DIRECTION('',(-0.,-1.,0.));
#12170 = FACE_BOUND('',#12171,.T.);
#12171 = EDGE_LOOP('',(#12172));
#12172 = ORIENTED_EDGE('',*,*,#12173,.T.);
#12173 = EDGE_CURVE('',#12174,#12174,#12176,.T.);
#12174 = VERTEX_POINT('',#12175);
#12175 = CARTESIAN_POINT('',(201.4,-83.45,1.6));
#12176 = CIRCLE('',#12177,0.4);
#12177 = AXIS2_PLACEMENT_3D('',#12178,#12179,#12180);
#12178 = CARTESIAN_POINT('',(201.4,-83.05,1.6));
#12179 = DIRECTION('',(-0.,0.,-1.));
#12180 = DIRECTION('',(-0.,-1.,0.));
#12181 = FACE_BOUND('',#12182,.T.);
#12182 = EDGE_LOOP('',(#12183));
#12183 = ORIENTED_EDGE('',*,*,#12184,.T.);
#12184 = EDGE_CURVE('',#12185,#12185,#12187,.T.);
#12185 = VERTEX_POINT('',#12186);
#12186 = CARTESIAN_POINT('',(203.94,-83.45,1.6));
#12187 = CIRCLE('',#12188,0.4);
#12188 = AXIS2_PLACEMENT_3D('',#12189,#12190,#12191);
#12189 = CARTESIAN_POINT('',(203.94,-83.05,1.6));
#12190 = DIRECTION('',(-0.,0.,-1.));
#12191 = DIRECTION('',(-0.,-1.,0.));
#12192 = FACE_BOUND('',#12193,.T.);
#12193 = EDGE_LOOP('',(#12194));
#12194 = ORIENTED_EDGE('',*,*,#12195,.T.);
#12195 = EDGE_CURVE('',#12196,#12196,#12198,.T.);
#12196 = VERTEX_POINT('',#12197);
#12197 = CARTESIAN_POINT('',(206.48,-83.45,1.6));
#12198 = CIRCLE('',#12199,0.4);
#12199 = AXIS2_PLACEMENT_3D('',#12200,#12201,#12202);
#12200 = CARTESIAN_POINT('',(206.48,-83.05,1.6));
#12201 = DIRECTION('',(-0.,0.,-1.));
#12202 = DIRECTION('',(-7.105427357601E-14,-1.,0.));
#12203 = FACE_BOUND('',#12204,.T.);
#12204 = EDGE_LOOP('',(#12205));
#12205 = ORIENTED_EDGE('',*,*,#12206,.T.);
#12206 = EDGE_CURVE('',#12207,#12207,#12209,.T.);
#12207 = VERTEX_POINT('',#12208);
#12208 = CARTESIAN_POINT('',(209.02,-83.45,1.6));
#12209 = CIRCLE('',#12210,0.4);
#12210 = AXIS2_PLACEMENT_3D('',#12211,#12212,#12213);
#12211 = CARTESIAN_POINT('',(209.02,-83.05,1.6));
#12212 = DIRECTION('',(-0.,0.,-1.));
#12213 = DIRECTION('',(7.105427357601E-14,-1.,-0.));
#12214 = FACE_BOUND('',#12215,.T.);
#12215 = EDGE_LOOP('',(#12216));
#12216 = ORIENTED_EDGE('',*,*,#12217,.T.);
#12217 = EDGE_CURVE('',#12218,#12218,#12220,.T.);
#12218 = VERTEX_POINT('',#12219);
#12219 = CARTESIAN_POINT('',(211.56,-83.45,1.6));
#12220 = CIRCLE('',#12221,0.4);
#12221 = AXIS2_PLACEMENT_3D('',#12222,#12223,#12224);
#12222 = CARTESIAN_POINT('',(211.56,-83.05,1.6));
#12223 = DIRECTION('',(-0.,0.,-1.));
#12224 = DIRECTION('',(-0.,-1.,0.));
#12225 = FACE_BOUND('',#12226,.T.);
#12226 = EDGE_LOOP('',(#12227));
#12227 = ORIENTED_EDGE('',*,*,#12228,.T.);
#12228 = EDGE_CURVE('',#12229,#12229,#12231,.T.);
#12229 = VERTEX_POINT('',#12230);
#12230 = CARTESIAN_POINT('',(241.5675,-81.295,1.6));
#12231 = CIRCLE('',#12232,0.6);
#12232 = AXIS2_PLACEMENT_3D('',#12233,#12234,#12235);
#12233 = CARTESIAN_POINT('',(241.5675,-80.695,1.6));
#12234 = DIRECTION('',(-0.,0.,-1.));
#12235 = DIRECTION('',(-0.,-1.,0.));
#12236 = FACE_BOUND('',#12237,.T.);
#12237 = EDGE_LOOP('',(#12238));
#12238 = ORIENTED_EDGE('',*,*,#12239,.T.);
#12239 = EDGE_CURVE('',#12240,#12240,#12242,.T.);
#12240 = VERTEX_POINT('',#12241);
#12241 = CARTESIAN_POINT('',(241.5675,-77.795,1.6));
#12242 = CIRCLE('',#12243,0.6);
#12243 = AXIS2_PLACEMENT_3D('',#12244,#12245,#12246);
#12244 = CARTESIAN_POINT('',(241.5675,-77.195,1.6));
#12245 = DIRECTION('',(-0.,0.,-1.));
#12246 = DIRECTION('',(-0.,-1.,0.));
#12247 = FACE_BOUND('',#12248,.T.);
#12248 = EDGE_LOOP('',(#12249));
#12249 = ORIENTED_EDGE('',*,*,#12250,.T.);
#12250 = EDGE_CURVE('',#12251,#12251,#12253,.T.);
#12251 = VERTEX_POINT('',#12252);
#12252 = CARTESIAN_POINT('',(155.68,-70.75,1.6));
#12253 = CIRCLE('',#12254,0.4);
#12254 = AXIS2_PLACEMENT_3D('',#12255,#12256,#12257);
#12255 = CARTESIAN_POINT('',(155.68,-70.35,1.6));
#12256 = DIRECTION('',(-0.,0.,-1.));
#12257 = DIRECTION('',(-0.,-1.,0.));
#12258 = FACE_BOUND('',#12259,.T.);
#12259 = EDGE_LOOP('',(#12260));
#12260 = ORIENTED_EDGE('',*,*,#12261,.T.);
#12261 = EDGE_CURVE('',#12262,#12262,#12264,.T.);
#12262 = VERTEX_POINT('',#12263);
#12263 = CARTESIAN_POINT('',(166.11,-74.61,1.6));
#12264 = CIRCLE('',#12265,0.35);
#12265 = AXIS2_PLACEMENT_3D('',#12266,#12267,#12268);
#12266 = CARTESIAN_POINT('',(166.11,-74.26,1.6));
#12267 = DIRECTION('',(-0.,0.,-1.));
#12268 = DIRECTION('',(-0.,-1.,0.));
#12269 = FACE_BOUND('',#12270,.T.);
#12270 = EDGE_LOOP('',(#12271));
#12271 = ORIENTED_EDGE('',*,*,#12272,.T.);
#12272 = EDGE_CURVE('',#12273,#12273,#12275,.T.);
#12273 = VERTEX_POINT('',#12274);
#12274 = CARTESIAN_POINT('',(168.11,-74.61,1.6));
#12275 = CIRCLE('',#12276,0.35);
#12276 = AXIS2_PLACEMENT_3D('',#12277,#12278,#12279);
#12277 = CARTESIAN_POINT('',(168.11,-74.26,1.6));
#12278 = DIRECTION('',(-0.,0.,-1.));
#12279 = DIRECTION('',(-0.,-1.,0.));
#12280 = FACE_BOUND('',#12281,.T.);
#12281 = EDGE_LOOP('',(#12282));
#12282 = ORIENTED_EDGE('',*,*,#12283,.T.);
#12283 = EDGE_CURVE('',#12284,#12284,#12286,.T.);
#12284 = VERTEX_POINT('',#12285);
#12285 = CARTESIAN_POINT('',(166.11,-72.61,1.6));
#12286 = CIRCLE('',#12287,0.35);
#12287 = AXIS2_PLACEMENT_3D('',#12288,#12289,#12290);
#12288 = CARTESIAN_POINT('',(166.11,-72.26,1.6));
#12289 = DIRECTION('',(-0.,0.,-1.));
#12290 = DIRECTION('',(-0.,-1.,0.));
#12291 = FACE_BOUND('',#12292,.T.);
#12292 = EDGE_LOOP('',(#12293));
#12293 = ORIENTED_EDGE('',*,*,#12294,.T.);
#12294 = EDGE_CURVE('',#12295,#12295,#12297,.T.);
#12295 = VERTEX_POINT('',#12296);
#12296 = CARTESIAN_POINT('',(168.11,-72.61,1.6));
#12297 = CIRCLE('',#12298,0.35);
#12298 = AXIS2_PLACEMENT_3D('',#12299,#12300,#12301);
#12299 = CARTESIAN_POINT('',(168.11,-72.26,1.6));
#12300 = DIRECTION('',(-0.,0.,-1.));
#12301 = DIRECTION('',(-0.,-1.,0.));
#12302 = FACE_BOUND('',#12303,.T.);
#12303 = EDGE_LOOP('',(#12304));
#12304 = ORIENTED_EDGE('',*,*,#12305,.T.);
#12305 = EDGE_CURVE('',#12306,#12306,#12308,.T.);
#12306 = VERTEX_POINT('',#12307);
#12307 = CARTESIAN_POINT('',(166.11,-70.61,1.6));
#12308 = CIRCLE('',#12309,0.35);
#12309 = AXIS2_PLACEMENT_3D('',#12310,#12311,#12312);
#12310 = CARTESIAN_POINT('',(166.11,-70.26,1.6));
#12311 = DIRECTION('',(-0.,0.,-1.));
#12312 = DIRECTION('',(-0.,-1.,0.));
#12313 = FACE_BOUND('',#12314,.T.);
#12314 = EDGE_LOOP('',(#12315));
#12315 = ORIENTED_EDGE('',*,*,#12316,.T.);
#12316 = EDGE_CURVE('',#12317,#12317,#12319,.T.);
#12317 = VERTEX_POINT('',#12318);
#12318 = CARTESIAN_POINT('',(168.11,-70.61,1.6));
#12319 = CIRCLE('',#12320,0.35);
#12320 = AXIS2_PLACEMENT_3D('',#12321,#12322,#12323);
#12321 = CARTESIAN_POINT('',(168.11,-70.26,1.6));
#12322 = DIRECTION('',(-0.,0.,-1.));
#12323 = DIRECTION('',(-0.,-1.,0.));
#12324 = FACE_BOUND('',#12325,.T.);
#12325 = EDGE_LOOP('',(#12326));
#12326 = ORIENTED_EDGE('',*,*,#12327,.T.);
#12327 = EDGE_CURVE('',#12328,#12328,#12330,.T.);
#12328 = VERTEX_POINT('',#12329);
#12329 = CARTESIAN_POINT('',(153.14,-68.21,1.6));
#12330 = CIRCLE('',#12331,0.4);
#12331 = AXIS2_PLACEMENT_3D('',#12332,#12333,#12334);
#12332 = CARTESIAN_POINT('',(153.14,-67.81,1.6));
#12333 = DIRECTION('',(-0.,0.,-1.));
#12334 = DIRECTION('',(-0.,-1.,0.));
#12335 = FACE_BOUND('',#12336,.T.);
#12336 = EDGE_LOOP('',(#12337));
#12337 = ORIENTED_EDGE('',*,*,#12338,.T.);
#12338 = EDGE_CURVE('',#12339,#12339,#12341,.T.);
#12339 = VERTEX_POINT('',#12340);
#12340 = CARTESIAN_POINT('',(155.68,-68.21,1.6));
#12341 = CIRCLE('',#12342,0.4);
#12342 = AXIS2_PLACEMENT_3D('',#12343,#12344,#12345);
#12343 = CARTESIAN_POINT('',(155.68,-67.81,1.6));
#12344 = DIRECTION('',(-0.,0.,-1.));
#12345 = DIRECTION('',(-0.,-1.,0.));
#12346 = FACE_BOUND('',#12347,.T.);
#12347 = EDGE_LOOP('',(#12348));
#12348 = ORIENTED_EDGE('',*,*,#12349,.T.);
#12349 = EDGE_CURVE('',#12350,#12350,#12352,.T.);
#12350 = VERTEX_POINT('',#12351);
#12351 = CARTESIAN_POINT('',(158.22,-68.21,1.6));
#12352 = CIRCLE('',#12353,0.4);
#12353 = AXIS2_PLACEMENT_3D('',#12354,#12355,#12356);
#12354 = CARTESIAN_POINT('',(158.22,-67.81,1.6));
#12355 = DIRECTION('',(-0.,0.,-1.));
#12356 = DIRECTION('',(-0.,-1.,0.));
#12357 = FACE_BOUND('',#12358,.T.);
#12358 = EDGE_LOOP('',(#12359));
#12359 = ORIENTED_EDGE('',*,*,#12360,.T.);
#12360 = EDGE_CURVE('',#12361,#12361,#12363,.T.);
#12361 = VERTEX_POINT('',#12362);
#12362 = CARTESIAN_POINT('',(160.76,-68.21,1.6));
#12363 = CIRCLE('',#12364,0.4);
#12364 = AXIS2_PLACEMENT_3D('',#12365,#12366,#12367);
#12365 = CARTESIAN_POINT('',(160.76,-67.81,1.6));
#12366 = DIRECTION('',(-0.,0.,-1.));
#12367 = DIRECTION('',(-0.,-1.,0.));
#12368 = FACE_BOUND('',#12369,.T.);
#12369 = EDGE_LOOP('',(#12370));
#12370 = ORIENTED_EDGE('',*,*,#12371,.T.);
#12371 = EDGE_CURVE('',#12372,#12372,#12374,.T.);
#12372 = VERTEX_POINT('',#12373);
#12373 = CARTESIAN_POINT('',(163.3,-68.21,1.6));
#12374 = CIRCLE('',#12375,0.4);
#12375 = AXIS2_PLACEMENT_3D('',#12376,#12377,#12378);
#12376 = CARTESIAN_POINT('',(163.3,-67.81,1.6));
#12377 = DIRECTION('',(-0.,0.,-1.));
#12378 = DIRECTION('',(-0.,-1.,0.));
#12379 = FACE_BOUND('',#12380,.T.);
#12380 = EDGE_LOOP('',(#12381));
#12381 = ORIENTED_EDGE('',*,*,#12382,.T.);
#12382 = EDGE_CURVE('',#12383,#12383,#12385,.T.);
#12383 = VERTEX_POINT('',#12384);
#12384 = CARTESIAN_POINT('',(165.84,-68.21,1.6));
#12385 = CIRCLE('',#12386,0.4);
#12386 = AXIS2_PLACEMENT_3D('',#12387,#12388,#12389);
#12387 = CARTESIAN_POINT('',(165.84,-67.81,1.6));
#12388 = DIRECTION('',(-0.,0.,-1.));
#12389 = DIRECTION('',(-0.,-1.,0.));
#12390 = FACE_BOUND('',#12391,.T.);
#12391 = EDGE_LOOP('',(#12392));
#12392 = ORIENTED_EDGE('',*,*,#12393,.T.);
#12393 = EDGE_CURVE('',#12394,#12394,#12396,.T.);
#12394 = VERTEX_POINT('',#12395);
#12395 = CARTESIAN_POINT('',(168.38,-68.21,1.6));
#12396 = CIRCLE('',#12397,0.4);
#12397 = AXIS2_PLACEMENT_3D('',#12398,#12399,#12400);
#12398 = CARTESIAN_POINT('',(168.38,-67.81,1.6));
#12399 = DIRECTION('',(-0.,0.,-1.));
#12400 = DIRECTION('',(-0.,-1.,0.));
#12401 = FACE_BOUND('',#12402,.T.);
#12402 = EDGE_LOOP('',(#12403));
#12403 = ORIENTED_EDGE('',*,*,#12404,.T.);
#12404 = EDGE_CURVE('',#12405,#12405,#12407,.T.);
#12405 = VERTEX_POINT('',#12406);
#12406 = CARTESIAN_POINT('',(170.92,-68.21,1.6));
#12407 = CIRCLE('',#12408,0.4);
#12408 = AXIS2_PLACEMENT_3D('',#12409,#12410,#12411);
#12409 = CARTESIAN_POINT('',(170.92,-67.81,1.6));
#12410 = DIRECTION('',(-0.,0.,-1.));
#12411 = DIRECTION('',(-7.105427357601E-14,-1.,0.));
#12412 = FACE_BOUND('',#12413,.T.);
#12413 = EDGE_LOOP('',(#12414));
#12414 = ORIENTED_EDGE('',*,*,#12415,.T.);
#12415 = EDGE_CURVE('',#12416,#12416,#12418,.T.);
#12416 = VERTEX_POINT('',#12417);
#12417 = CARTESIAN_POINT('',(173.46,-68.21,1.6));
#12418 = CIRCLE('',#12419,0.4);
#12419 = AXIS2_PLACEMENT_3D('',#12420,#12421,#12422);
#12420 = CARTESIAN_POINT('',(173.46,-67.81,1.6));
#12421 = DIRECTION('',(-0.,0.,-1.));
#12422 = DIRECTION('',(-0.,-1.,0.));
#12423 = FACE_BOUND('',#12424,.T.);
#12424 = EDGE_LOOP('',(#12425));
#12425 = ORIENTED_EDGE('',*,*,#12426,.T.);
#12426 = EDGE_CURVE('',#12427,#12427,#12429,.T.);
#12427 = VERTEX_POINT('',#12428);
#12428 = CARTESIAN_POINT('',(176.,-68.21,1.6));
#12429 = CIRCLE('',#12430,0.4);
#12430 = AXIS2_PLACEMENT_3D('',#12431,#12432,#12433);
#12431 = CARTESIAN_POINT('',(176.,-67.81,1.6));
#12432 = DIRECTION('',(-0.,0.,-1.));
#12433 = DIRECTION('',(-0.,-1.,0.));
#12434 = FACE_BOUND('',#12435,.T.);
#12435 = EDGE_LOOP('',(#12436));
#12436 = ORIENTED_EDGE('',*,*,#12437,.T.);
#12437 = EDGE_CURVE('',#12438,#12438,#12440,.T.);
#12438 = VERTEX_POINT('',#12439);
#12439 = CARTESIAN_POINT('',(198.86,-73.29,1.6));
#12440 = CIRCLE('',#12441,0.4);
#12441 = AXIS2_PLACEMENT_3D('',#12442,#12443,#12444);
#12442 = CARTESIAN_POINT('',(198.86,-72.89,1.6));
#12443 = DIRECTION('',(-0.,0.,-1.));
#12444 = DIRECTION('',(-0.,-1.,0.));
#12445 = FACE_BOUND('',#12446,.T.);
#12446 = EDGE_LOOP('',(#12447));
#12447 = ORIENTED_EDGE('',*,*,#12448,.T.);
#12448 = EDGE_CURVE('',#12449,#12449,#12451,.T.);
#12449 = VERTEX_POINT('',#12450);
#12450 = CARTESIAN_POINT('',(198.86,-70.75,1.6));
#12451 = CIRCLE('',#12452,0.4);
#12452 = AXIS2_PLACEMENT_3D('',#12453,#12454,#12455);
#12453 = CARTESIAN_POINT('',(198.86,-70.35,1.6));
#12454 = DIRECTION('',(-0.,0.,-1.));
#12455 = DIRECTION('',(-0.,-1.,0.));
#12456 = FACE_BOUND('',#12457,.T.);
#12457 = EDGE_LOOP('',(#12458));
#12458 = ORIENTED_EDGE('',*,*,#12459,.T.);
#12459 = EDGE_CURVE('',#12460,#12460,#12462,.T.);
#12460 = VERTEX_POINT('',#12461);
#12461 = CARTESIAN_POINT('',(178.54,-68.21,1.6));
#12462 = CIRCLE('',#12463,0.4);
#12463 = AXIS2_PLACEMENT_3D('',#12464,#12465,#12466);
#12464 = CARTESIAN_POINT('',(178.54,-67.81,1.6));
#12465 = DIRECTION('',(-0.,0.,-1.));
#12466 = DIRECTION('',(-0.,-1.,0.));
#12467 = FACE_BOUND('',#12468,.T.);
#12468 = EDGE_LOOP('',(#12469));
#12469 = ORIENTED_EDGE('',*,*,#12470,.T.);
#12470 = EDGE_CURVE('',#12471,#12471,#12473,.T.);
#12471 = VERTEX_POINT('',#12472);
#12472 = CARTESIAN_POINT('',(181.08,-68.21,1.6));
#12473 = CIRCLE('',#12474,0.4);
#12474 = AXIS2_PLACEMENT_3D('',#12475,#12476,#12477);
#12475 = CARTESIAN_POINT('',(181.08,-67.81,1.6));
#12476 = DIRECTION('',(-0.,0.,-1.));
#12477 = DIRECTION('',(7.105427357601E-14,-1.,-0.));
#12478 = FACE_BOUND('',#12479,.T.);
#12479 = EDGE_LOOP('',(#12480));
#12480 = ORIENTED_EDGE('',*,*,#12481,.T.);
#12481 = EDGE_CURVE('',#12482,#12482,#12484,.T.);
#12482 = VERTEX_POINT('',#12483);
#12483 = CARTESIAN_POINT('',(183.62,-68.21,1.6));
#12484 = CIRCLE('',#12485,0.4);
#12485 = AXIS2_PLACEMENT_3D('',#12486,#12487,#12488);
#12486 = CARTESIAN_POINT('',(183.62,-67.81,1.6));
#12487 = DIRECTION('',(-0.,0.,-1.));
#12488 = DIRECTION('',(-0.,-1.,0.));
#12489 = FACE_BOUND('',#12490,.T.);
#12490 = EDGE_LOOP('',(#12491));
#12491 = ORIENTED_EDGE('',*,*,#12492,.T.);
#12492 = EDGE_CURVE('',#12493,#12493,#12495,.T.);
#12493 = VERTEX_POINT('',#12494);
#12494 = CARTESIAN_POINT('',(186.16,-68.21,1.6));
#12495 = CIRCLE('',#12496,0.4);
#12496 = AXIS2_PLACEMENT_3D('',#12497,#12498,#12499);
#12497 = CARTESIAN_POINT('',(186.16,-67.81,1.6));
#12498 = DIRECTION('',(-0.,0.,-1.));
#12499 = DIRECTION('',(-0.,-1.,0.));
#12500 = FACE_BOUND('',#12501,.T.);
#12501 = EDGE_LOOP('',(#12502));
#12502 = ORIENTED_EDGE('',*,*,#12503,.T.);
#12503 = EDGE_CURVE('',#12504,#12504,#12506,.T.);
#12504 = VERTEX_POINT('',#12505);
#12505 = CARTESIAN_POINT('',(188.7,-68.21,1.6));
#12506 = CIRCLE('',#12507,0.4);
#12507 = AXIS2_PLACEMENT_3D('',#12508,#12509,#12510);
#12508 = CARTESIAN_POINT('',(188.7,-67.81,1.6));
#12509 = DIRECTION('',(-0.,0.,-1.));
#12510 = DIRECTION('',(-0.,-1.,0.));
#12511 = FACE_BOUND('',#12512,.T.);
#12512 = EDGE_LOOP('',(#12513));
#12513 = ORIENTED_EDGE('',*,*,#12514,.T.);
#12514 = EDGE_CURVE('',#12515,#12515,#12517,.T.);
#12515 = VERTEX_POINT('',#12516);
#12516 = CARTESIAN_POINT('',(191.24,-68.21,1.6));
#12517 = CIRCLE('',#12518,0.4);
#12518 = AXIS2_PLACEMENT_3D('',#12519,#12520,#12521);
#12519 = CARTESIAN_POINT('',(191.24,-67.81,1.6));
#12520 = DIRECTION('',(-0.,0.,-1.));
#12521 = DIRECTION('',(-0.,-1.,0.));
#12522 = FACE_BOUND('',#12523,.T.);
#12523 = EDGE_LOOP('',(#12524));
#12524 = ORIENTED_EDGE('',*,*,#12525,.T.);
#12525 = EDGE_CURVE('',#12526,#12526,#12528,.T.);
#12526 = VERTEX_POINT('',#12527);
#12527 = CARTESIAN_POINT('',(193.78,-68.21,1.6));
#12528 = CIRCLE('',#12529,0.4);
#12529 = AXIS2_PLACEMENT_3D('',#12530,#12531,#12532);
#12530 = CARTESIAN_POINT('',(193.78,-67.81,1.6));
#12531 = DIRECTION('',(-0.,0.,-1.));
#12532 = DIRECTION('',(-0.,-1.,0.));
#12533 = FACE_BOUND('',#12534,.T.);
#12534 = EDGE_LOOP('',(#12535));
#12535 = ORIENTED_EDGE('',*,*,#12536,.T.);
#12536 = EDGE_CURVE('',#12537,#12537,#12539,.T.);
#12537 = VERTEX_POINT('',#12538);
#12538 = CARTESIAN_POINT('',(196.32,-68.21,1.6));
#12539 = CIRCLE('',#12540,0.4);
#12540 = AXIS2_PLACEMENT_3D('',#12541,#12542,#12543);
#12541 = CARTESIAN_POINT('',(196.32,-67.81,1.6));
#12542 = DIRECTION('',(-0.,0.,-1.));
#12543 = DIRECTION('',(-0.,-1.,0.));
#12544 = FACE_BOUND('',#12545,.T.);
#12545 = EDGE_LOOP('',(#12546));
#12546 = ORIENTED_EDGE('',*,*,#12547,.T.);
#12547 = EDGE_CURVE('',#12548,#12548,#12550,.T.);
#12548 = VERTEX_POINT('',#12549);
#12549 = CARTESIAN_POINT('',(198.86,-68.21,1.6));
#12550 = CIRCLE('',#12551,0.4);
#12551 = AXIS2_PLACEMENT_3D('',#12552,#12553,#12554);
#12552 = CARTESIAN_POINT('',(198.86,-67.81,1.6));
#12553 = DIRECTION('',(-0.,0.,-1.));
#12554 = DIRECTION('',(-0.,-1.,0.));
#12555 = FACE_BOUND('',#12556,.T.);
#12556 = EDGE_LOOP('',(#12557));
#12557 = ORIENTED_EDGE('',*,*,#12558,.T.);
#12558 = EDGE_CURVE('',#12559,#12559,#12561,.T.);
#12559 = VERTEX_POINT('',#12560);
#12560 = CARTESIAN_POINT('',(155.5,-55.35,1.6));
#12561 = CIRCLE('',#12562,1.35);
#12562 = AXIS2_PLACEMENT_3D('',#12563,#12564,#12565);
#12563 = CARTESIAN_POINT('',(155.5,-54.,1.6));
#12564 = DIRECTION('',(-0.,0.,-1.));
#12565 = DIRECTION('',(-0.,-1.,0.));
#12566 = FACE_BOUND('',#12567,.T.);
#12567 = EDGE_LOOP('',(#12568));
#12568 = ORIENTED_EDGE('',*,*,#12569,.T.);
#12569 = EDGE_CURVE('',#12570,#12570,#12572,.T.);
#12570 = VERTEX_POINT('',#12571);
#12571 = CARTESIAN_POINT('',(162.445,-55.0325,1.6));
#12572 = CIRCLE('',#12573,0.6);
#12573 = AXIS2_PLACEMENT_3D('',#12574,#12575,#12576);
#12574 = CARTESIAN_POINT('',(162.445,-54.4325,1.6));
#12575 = DIRECTION('',(-0.,0.,-1.));
#12576 = DIRECTION('',(-0.,-1.,0.));
#12577 = FACE_BOUND('',#12578,.T.);
#12578 = EDGE_LOOP('',(#12579));
#12579 = ORIENTED_EDGE('',*,*,#12580,.T.);
#12580 = EDGE_CURVE('',#12581,#12581,#12583,.T.);
#12581 = VERTEX_POINT('',#12582);
#12582 = CARTESIAN_POINT('',(165.945,-55.0325,1.6));
#12583 = CIRCLE('',#12584,0.6);
#12584 = AXIS2_PLACEMENT_3D('',#12585,#12586,#12587);
#12585 = CARTESIAN_POINT('',(165.945,-54.4325,1.6));
#12586 = DIRECTION('',(-0.,0.,-1.));
#12587 = DIRECTION('',(-0.,-1.,0.));
#12588 = FACE_BOUND('',#12589,.T.);
#12589 = EDGE_LOOP('',(#12590));
#12590 = ORIENTED_EDGE('',*,*,#12591,.T.);
#12591 = EDGE_CURVE('',#12592,#12592,#12594,.T.);
#12592 = VERTEX_POINT('',#12593);
#12593 = CARTESIAN_POINT('',(169.445,-55.0325,1.6));
#12594 = CIRCLE('',#12595,0.6);
#12595 = AXIS2_PLACEMENT_3D('',#12596,#12597,#12598);
#12596 = CARTESIAN_POINT('',(169.445,-54.4325,1.6));
#12597 = DIRECTION('',(-0.,0.,-1.));
#12598 = DIRECTION('',(-0.,-1.,0.));
#12599 = FACE_BOUND('',#12600,.T.);
#12600 = EDGE_LOOP('',(#12601));
#12601 = ORIENTED_EDGE('',*,*,#12602,.T.);
#12602 = EDGE_CURVE('',#12603,#12603,#12605,.T.);
#12603 = VERTEX_POINT('',#12604);
#12604 = CARTESIAN_POINT('',(178.945,-55.0325,1.6));
#12605 = CIRCLE('',#12606,0.6);
#12606 = AXIS2_PLACEMENT_3D('',#12607,#12608,#12609);
#12607 = CARTESIAN_POINT('',(178.945,-54.4325,1.6));
#12608 = DIRECTION('',(-0.,0.,-1.));
#12609 = DIRECTION('',(-0.,-1.,0.));
#12610 = FACE_BOUND('',#12611,.T.);
#12611 = EDGE_LOOP('',(#12612));
#12612 = ORIENTED_EDGE('',*,*,#12613,.T.);
#12613 = EDGE_CURVE('',#12614,#12614,#12616,.T.);
#12614 = VERTEX_POINT('',#12615);
#12615 = CARTESIAN_POINT('',(182.445,-55.0325,1.6));
#12616 = CIRCLE('',#12617,0.6);
#12617 = AXIS2_PLACEMENT_3D('',#12618,#12619,#12620);
#12618 = CARTESIAN_POINT('',(182.445,-54.4325,1.6));
#12619 = DIRECTION('',(-0.,0.,-1.));
#12620 = DIRECTION('',(-0.,-1.,0.));
#12621 = FACE_BOUND('',#12622,.T.);
#12622 = EDGE_LOOP('',(#12623));
#12623 = ORIENTED_EDGE('',*,*,#12624,.T.);
#12624 = EDGE_CURVE('',#12625,#12625,#12627,.T.);
#12625 = VERTEX_POINT('',#12626);
#12626 = CARTESIAN_POINT('',(185.945,-55.0325,1.6));
#12627 = CIRCLE('',#12628,0.6);
#12628 = AXIS2_PLACEMENT_3D('',#12629,#12630,#12631);
#12629 = CARTESIAN_POINT('',(185.945,-54.4325,1.6));
#12630 = DIRECTION('',(-0.,0.,-1.));
#12631 = DIRECTION('',(-0.,-1.,0.));
#12632 = FACE_BOUND('',#12633,.T.);
#12633 = EDGE_LOOP('',(#12634));
#12634 = ORIENTED_EDGE('',*,*,#12635,.T.);
#12635 = EDGE_CURVE('',#12636,#12636,#12638,.T.);
#12636 = VERTEX_POINT('',#12637);
#12637 = CARTESIAN_POINT('',(195.,-55.1,1.6));
#12638 = CIRCLE('',#12639,0.6);
#12639 = AXIS2_PLACEMENT_3D('',#12640,#12641,#12642);
#12640 = CARTESIAN_POINT('',(195.,-54.5,1.6));
#12641 = DIRECTION('',(-0.,0.,-1.));
#12642 = DIRECTION('',(-0.,-1.,0.));
#12643 = FACE_BOUND('',#12644,.T.);
#12644 = EDGE_LOOP('',(#12645));
#12645 = ORIENTED_EDGE('',*,*,#12646,.T.);
#12646 = EDGE_CURVE('',#12647,#12647,#12649,.T.);
#12647 = VERTEX_POINT('',#12648);
#12648 = CARTESIAN_POINT('',(198.5,-55.1,1.6));
#12649 = CIRCLE('',#12650,0.6);
#12650 = AXIS2_PLACEMENT_3D('',#12651,#12652,#12653);
#12651 = CARTESIAN_POINT('',(198.5,-54.5,1.6));
#12652 = DIRECTION('',(-0.,0.,-1.));
#12653 = DIRECTION('',(-0.,-1.,0.));
#12654 = FACE_BOUND('',#12655,.T.);
#12655 = EDGE_LOOP('',(#12656));
#12656 = ORIENTED_EDGE('',*,*,#12657,.T.);
#12657 = EDGE_CURVE('',#12658,#12658,#12660,.T.);
#12658 = VERTEX_POINT('',#12659);
#12659 = CARTESIAN_POINT('',(201.4,-68.21,1.6));
#12660 = CIRCLE('',#12661,0.4);
#12661 = AXIS2_PLACEMENT_3D('',#12662,#12663,#12664);
#12662 = CARTESIAN_POINT('',(201.4,-67.81,1.6));
#12663 = DIRECTION('',(-0.,0.,-1.));
#12664 = DIRECTION('',(-0.,-1.,0.));
#12665 = FACE_BOUND('',#12666,.T.);
#12666 = EDGE_LOOP('',(#12667));
#12667 = ORIENTED_EDGE('',*,*,#12668,.T.);
#12668 = EDGE_CURVE('',#12669,#12669,#12671,.T.);
#12669 = VERTEX_POINT('',#12670);
#12670 = CARTESIAN_POINT('',(203.94,-68.21,1.6));
#12671 = CIRCLE('',#12672,0.4);
#12672 = AXIS2_PLACEMENT_3D('',#12673,#12674,#12675);
#12673 = CARTESIAN_POINT('',(203.94,-67.81,1.6));
#12674 = DIRECTION('',(-0.,0.,-1.));
#12675 = DIRECTION('',(-0.,-1.,0.));
#12676 = FACE_BOUND('',#12677,.T.);
#12677 = EDGE_LOOP('',(#12678));
#12678 = ORIENTED_EDGE('',*,*,#12679,.T.);
#12679 = EDGE_CURVE('',#12680,#12680,#12682,.T.);
#12680 = VERTEX_POINT('',#12681);
#12681 = CARTESIAN_POINT('',(206.48,-68.21,1.6));
#12682 = CIRCLE('',#12683,0.4);
#12683 = AXIS2_PLACEMENT_3D('',#12684,#12685,#12686);
#12684 = CARTESIAN_POINT('',(206.48,-67.81,1.6));
#12685 = DIRECTION('',(-0.,0.,-1.));
#12686 = DIRECTION('',(-7.105427357601E-14,-1.,0.));
#12687 = FACE_BOUND('',#12688,.T.);
#12688 = EDGE_LOOP('',(#12689));
#12689 = ORIENTED_EDGE('',*,*,#12690,.T.);
#12690 = EDGE_CURVE('',#12691,#12691,#12693,.T.);
#12691 = VERTEX_POINT('',#12692);
#12692 = CARTESIAN_POINT('',(209.02,-68.21,1.6));
#12693 = CIRCLE('',#12694,0.4);
#12694 = AXIS2_PLACEMENT_3D('',#12695,#12696,#12697);
#12695 = CARTESIAN_POINT('',(209.02,-67.81,1.6));
#12696 = DIRECTION('',(-0.,0.,-1.));
#12697 = DIRECTION('',(7.105427357601E-14,-1.,-0.));
#12698 = FACE_BOUND('',#12699,.T.);
#12699 = EDGE_LOOP('',(#12700));
#12700 = ORIENTED_EDGE('',*,*,#12701,.T.);
#12701 = EDGE_CURVE('',#12702,#12702,#12704,.T.);
#12702 = VERTEX_POINT('',#12703);
#12703 = CARTESIAN_POINT('',(211.56,-68.21,1.6));
#12704 = CIRCLE('',#12705,0.4);
#12705 = AXIS2_PLACEMENT_3D('',#12706,#12707,#12708);
#12706 = CARTESIAN_POINT('',(211.56,-67.81,1.6));
#12707 = DIRECTION('',(-0.,0.,-1.));
#12708 = DIRECTION('',(-0.,-1.,0.));
#12709 = FACE_BOUND('',#12710,.T.);
#12710 = EDGE_LOOP('',(#12711));
#12711 = ORIENTED_EDGE('',*,*,#12712,.T.);
#12712 = EDGE_CURVE('',#12713,#12713,#12715,.T.);
#12713 = VERTEX_POINT('',#12714);
#12714 = CARTESIAN_POINT('',(241.5675,-70.795,1.6));
#12715 = CIRCLE('',#12716,0.6);
#12716 = AXIS2_PLACEMENT_3D('',#12717,#12718,#12719);
#12717 = CARTESIAN_POINT('',(241.5675,-70.195,1.6));
#12718 = DIRECTION('',(-0.,0.,-1.));
#12719 = DIRECTION('',(-0.,-1.,0.));
#12720 = FACE_BOUND('',#12721,.T.);
#12721 = EDGE_LOOP('',(#12722));
#12722 = ORIENTED_EDGE('',*,*,#12723,.T.);
#12723 = EDGE_CURVE('',#12724,#12724,#12726,.T.);
#12724 = VERTEX_POINT('',#12725);
#12725 = CARTESIAN_POINT('',(241.5675,-67.295,1.6));
#12726 = CIRCLE('',#12727,0.6);
#12727 = AXIS2_PLACEMENT_3D('',#12728,#12729,#12730);
#12728 = CARTESIAN_POINT('',(241.5675,-66.695,1.6));
#12729 = DIRECTION('',(-0.,0.,-1.));
#12730 = DIRECTION('',(-0.,-1.,0.));
#12731 = FACE_BOUND('',#12732,.T.);
#12732 = EDGE_LOOP('',(#12733));
#12733 = ORIENTED_EDGE('',*,*,#12734,.T.);
#12734 = EDGE_CURVE('',#12735,#12735,#12737,.T.);
#12735 = VERTEX_POINT('',#12736);
#12736 = CARTESIAN_POINT('',(202.,-55.1,1.6));
#12737 = CIRCLE('',#12738,0.6);
#12738 = AXIS2_PLACEMENT_3D('',#12739,#12740,#12741);
#12739 = CARTESIAN_POINT('',(202.,-54.5,1.6));
#12740 = DIRECTION('',(-0.,0.,-1.));
#12741 = DIRECTION('',(-0.,-1.,0.));
#12742 = FACE_BOUND('',#12743,.T.);
#12743 = EDGE_LOOP('',(#12744));
#12744 = ORIENTED_EDGE('',*,*,#12745,.T.);
#12745 = EDGE_CURVE('',#12746,#12746,#12748,.T.);
#12746 = VERTEX_POINT('',#12747);
#12747 = CARTESIAN_POINT('',(210.945,-55.0325,1.6));
#12748 = CIRCLE('',#12749,0.6);
#12749 = AXIS2_PLACEMENT_3D('',#12750,#12751,#12752);
#12750 = CARTESIAN_POINT('',(210.945,-54.4325,1.6));
#12751 = DIRECTION('',(-0.,0.,-1.));
#12752 = DIRECTION('',(-0.,-1.,0.));
#12753 = FACE_BOUND('',#12754,.T.);
#12754 = EDGE_LOOP('',(#12755));
#12755 = ORIENTED_EDGE('',*,*,#12756,.T.);
#12756 = EDGE_CURVE('',#12757,#12757,#12759,.T.);
#12757 = VERTEX_POINT('',#12758);
#12758 = CARTESIAN_POINT('',(214.445,-55.0325,1.6));
#12759 = CIRCLE('',#12760,0.6);
#12760 = AXIS2_PLACEMENT_3D('',#12761,#12762,#12763);
#12761 = CARTESIAN_POINT('',(214.445,-54.4325,1.6));
#12762 = DIRECTION('',(-0.,0.,-1.));
#12763 = DIRECTION('',(-0.,-1.,0.));
#12764 = FACE_BOUND('',#12765,.T.);
#12765 = EDGE_LOOP('',(#12766));
#12766 = ORIENTED_EDGE('',*,*,#12767,.T.);
#12767 = EDGE_CURVE('',#12768,#12768,#12770,.T.);
#12768 = VERTEX_POINT('',#12769);
#12769 = CARTESIAN_POINT('',(217.945,-55.0325,1.6));
#12770 = CIRCLE('',#12771,0.6);
#12771 = AXIS2_PLACEMENT_3D('',#12772,#12773,#12774);
#12772 = CARTESIAN_POINT('',(217.945,-54.4325,1.6));
#12773 = DIRECTION('',(-0.,0.,-1.));
#12774 = DIRECTION('',(-0.,-1.,0.));
#12775 = FACE_BOUND('',#12776,.T.);
#12776 = EDGE_LOOP('',(#12777));
#12777 = ORIENTED_EDGE('',*,*,#12778,.T.);
#12778 = EDGE_CURVE('',#12779,#12779,#12781,.T.);
#12779 = VERTEX_POINT('',#12780);
#12780 = CARTESIAN_POINT('',(240.5,-60.525,1.6));
#12781 = CIRCLE('',#12782,0.5);
#12782 = AXIS2_PLACEMENT_3D('',#12783,#12784,#12785);
#12783 = CARTESIAN_POINT('',(240.5,-60.025,1.6));
#12784 = DIRECTION('',(-0.,0.,-1.));
#12785 = DIRECTION('',(-0.,-1.,0.));
#12786 = FACE_BOUND('',#12787,.T.);
#12787 = EDGE_LOOP('',(#12788));
#12788 = ORIENTED_EDGE('',*,*,#12789,.T.);
#12789 = EDGE_CURVE('',#12790,#12790,#12792,.T.);
#12790 = VERTEX_POINT('',#12791);
#12791 = CARTESIAN_POINT('',(226.945,-55.0325,1.6));
#12792 = CIRCLE('',#12793,0.6);
#12793 = AXIS2_PLACEMENT_3D('',#12794,#12795,#12796);
#12794 = CARTESIAN_POINT('',(226.945,-54.4325,1.6));
#12795 = DIRECTION('',(-0.,0.,-1.));
#12796 = DIRECTION('',(-0.,-1.,0.));
#12797 = FACE_BOUND('',#12798,.T.);
#12798 = EDGE_LOOP('',(#12799));
#12799 = ORIENTED_EDGE('',*,*,#12800,.T.);
#12800 = EDGE_CURVE('',#12801,#12801,#12803,.T.);
#12801 = VERTEX_POINT('',#12802);
#12802 = CARTESIAN_POINT('',(230.445,-55.0325,1.6));
#12803 = CIRCLE('',#12804,0.6);
#12804 = AXIS2_PLACEMENT_3D('',#12805,#12806,#12807);
#12805 = CARTESIAN_POINT('',(230.445,-54.4325,1.6));
#12806 = DIRECTION('',(-0.,0.,-1.));
#12807 = DIRECTION('',(-0.,-1.,0.));
#12808 = FACE_BOUND('',#12809,.T.);
#12809 = EDGE_LOOP('',(#12810));
#12810 = ORIENTED_EDGE('',*,*,#12811,.T.);
#12811 = EDGE_CURVE('',#12812,#12812,#12814,.T.);
#12812 = VERTEX_POINT('',#12813);
#12813 = CARTESIAN_POINT('',(233.945,-55.0325,1.6));
#12814 = CIRCLE('',#12815,0.6);
#12815 = AXIS2_PLACEMENT_3D('',#12816,#12817,#12818);
#12816 = CARTESIAN_POINT('',(233.945,-54.4325,1.6));
#12817 = DIRECTION('',(-0.,0.,-1.));
#12818 = DIRECTION('',(-0.,-1.,0.));
#12819 = FACE_BOUND('',#12820,.T.);
#12820 = EDGE_LOOP('',(#12821));
#12821 = ORIENTED_EDGE('',*,*,#12822,.T.);
#12822 = EDGE_CURVE('',#12823,#12823,#12825,.T.);
#12823 = VERTEX_POINT('',#12824);
#12824 = CARTESIAN_POINT('',(240.5,-57.985,1.6));
#12825 = CIRCLE('',#12826,0.5);
#12826 = AXIS2_PLACEMENT_3D('',#12827,#12828,#12829);
#12827 = CARTESIAN_POINT('',(240.5,-57.485,1.6));
#12828 = DIRECTION('',(-0.,0.,-1.));
#12829 = DIRECTION('',(-0.,-1.,0.));
#12830 = FACE_BOUND('',#12831,.T.);
#12831 = EDGE_LOOP('',(#12832));
#12832 = ORIENTED_EDGE('',*,*,#12833,.T.);
#12833 = EDGE_CURVE('',#12834,#12834,#12836,.T.);
#12834 = VERTEX_POINT('',#12835);
#12835 = CARTESIAN_POINT('',(240.5,-55.445,1.6));
#12836 = CIRCLE('',#12837,0.5);
#12837 = AXIS2_PLACEMENT_3D('',#12838,#12839,#12840);
#12838 = CARTESIAN_POINT('',(240.5,-54.945,1.6));
#12839 = DIRECTION('',(-0.,0.,-1.));
#12840 = DIRECTION('',(-0.,-1.,0.));
#12841 = FACE_BOUND('',#12842,.T.);
#12842 = EDGE_LOOP('',(#12843));
#12843 = ORIENTED_EDGE('',*,*,#12844,.T.);
#12844 = EDGE_CURVE('',#12845,#12845,#12847,.T.);
#12845 = VERTEX_POINT('',#12846);
#12846 = CARTESIAN_POINT('',(246.,-55.35,1.6));
#12847 = CIRCLE('',#12848,1.35);
#12848 = AXIS2_PLACEMENT_3D('',#12849,#12850,#12851);
#12849 = CARTESIAN_POINT('',(246.,-54.,1.6));
#12850 = DIRECTION('',(-0.,0.,-1.));
#12851 = DIRECTION('',(-0.,-1.,0.));
#12852 = PLANE('',#12853);
#12853 = AXIS2_PLACEMENT_3D('',#12854,#12855,#12856);
#12854 = CARTESIAN_POINT('',(0.,0.,1.6));
#12855 = DIRECTION('',(0.,0.,1.));
#12856 = DIRECTION('',(1.,0.,-0.));
#12857 = ADVANCED_FACE('',(#12858),#12864,.T.);
#12858 = FACE_BOUND('',#12859,.T.);
#12859 = EDGE_LOOP('',(#12860,#12861,#12862,#12863));
#12860 = ORIENTED_EDGE('',*,*,#10429,.T.);
#12861 = ORIENTED_EDGE('',*,*,#11658,.T.);
#12862 = ORIENTED_EDGE('',*,*,#10389,.F.);
#12863 = ORIENTED_EDGE('',*,*,#10453,.F.);
#12864 = PLANE('',#12865);
#12865 = AXIS2_PLACEMENT_3D('',#12866,#12867,#12868);
#12866 = CARTESIAN_POINT('',(150.5,-49.5,0.));
#12867 = DIRECTION('',(0.,1.,0.));
#12868 = DIRECTION('',(1.,0.,0.));
#12869 = ADVANCED_FACE('',(#12870),#12881,.F.);
#12870 = FACE_BOUND('',#12871,.T.);
#12871 = EDGE_LOOP('',(#12872,#12873,#12879,#12880));
#12872 = ORIENTED_EDGE('',*,*,#10462,.T.);
#12873 = ORIENTED_EDGE('',*,*,#12874,.T.);
#12874 = EDGE_CURVE('',#10463,#11668,#12875,.T.);
#12875 = LINE('',#12876,#12877);
#12876 = CARTESIAN_POINT('',(154.5,-95.85,-4.5E-02));
#12877 = VECTOR('',#12878,1.);
#12878 = DIRECTION('',(0.,0.,1.));
#12879 = ORIENTED_EDGE('',*,*,#11667,.F.);
#12880 = ORIENTED_EDGE('',*,*,#12874,.F.);
#12881 = CYLINDRICAL_SURFACE('',#12882,1.35);
#12882 = AXIS2_PLACEMENT_3D('',#12883,#12884,#12885);
#12883 = CARTESIAN_POINT('',(154.5,-94.5,-4.5E-02));
#12884 = DIRECTION('',(-0.,-0.,-1.));
#12885 = DIRECTION('',(-0.,-1.,0.));
#12886 = ADVANCED_FACE('',(#12887),#12898,.F.);
#12887 = FACE_BOUND('',#12888,.T.);
#12888 = EDGE_LOOP('',(#12889,#12890,#12896,#12897));
#12889 = ORIENTED_EDGE('',*,*,#10473,.T.);
#12890 = ORIENTED_EDGE('',*,*,#12891,.T.);
#12891 = EDGE_CURVE('',#10474,#11679,#12892,.T.);
#12892 = LINE('',#12893,#12894);
#12893 = CARTESIAN_POINT('',(161.055,-90.6675,-4.5E-02));
#12894 = VECTOR('',#12895,1.);
#12895 = DIRECTION('',(0.,0.,1.));
#12896 = ORIENTED_EDGE('',*,*,#11678,.F.);
#12897 = ORIENTED_EDGE('',*,*,#12891,.F.);
#12898 = CYLINDRICAL_SURFACE('',#12899,0.6);
#12899 = AXIS2_PLACEMENT_3D('',#12900,#12901,#12902);
#12900 = CARTESIAN_POINT('',(161.055,-90.0675,-4.5E-02));
#12901 = DIRECTION('',(-0.,-0.,-1.));
#12902 = DIRECTION('',(-0.,-1.,0.));
#12903 = ADVANCED_FACE('',(#12904),#12915,.F.);
#12904 = FACE_BOUND('',#12905,.T.);
#12905 = EDGE_LOOP('',(#12906,#12907,#12913,#12914));
#12906 = ORIENTED_EDGE('',*,*,#10484,.T.);
#12907 = ORIENTED_EDGE('',*,*,#12908,.T.);
#12908 = EDGE_CURVE('',#10485,#11690,#12909,.T.);
#12909 = LINE('',#12910,#12911);
#12910 = CARTESIAN_POINT('',(164.555,-90.6675,-4.5E-02));
#12911 = VECTOR('',#12912,1.);
#12912 = DIRECTION('',(0.,0.,1.));
#12913 = ORIENTED_EDGE('',*,*,#11689,.F.);
#12914 = ORIENTED_EDGE('',*,*,#12908,.F.);
#12915 = CYLINDRICAL_SURFACE('',#12916,0.6);
#12916 = AXIS2_PLACEMENT_3D('',#12917,#12918,#12919);
#12917 = CARTESIAN_POINT('',(164.555,-90.0675,-4.5E-02));
#12918 = DIRECTION('',(-0.,-0.,-1.));
#12919 = DIRECTION('',(-0.,-1.,0.));
#12920 = ADVANCED_FACE('',(#12921),#12932,.F.);
#12921 = FACE_BOUND('',#12922,.T.);
#12922 = EDGE_LOOP('',(#12923,#12924,#12930,#12931));
#12923 = ORIENTED_EDGE('',*,*,#10495,.T.);
#12924 = ORIENTED_EDGE('',*,*,#12925,.T.);
#12925 = EDGE_CURVE('',#10496,#11701,#12926,.T.);
#12926 = LINE('',#12927,#12928);
#12927 = CARTESIAN_POINT('',(168.055,-90.6675,-4.5E-02));
#12928 = VECTOR('',#12929,1.);
#12929 = DIRECTION('',(0.,0.,1.));
#12930 = ORIENTED_EDGE('',*,*,#11700,.F.);
#12931 = ORIENTED_EDGE('',*,*,#12925,.F.);
#12932 = CYLINDRICAL_SURFACE('',#12933,0.6);
#12933 = AXIS2_PLACEMENT_3D('',#12934,#12935,#12936);
#12934 = CARTESIAN_POINT('',(168.055,-90.0675,-4.5E-02));
#12935 = DIRECTION('',(-0.,-0.,-1.));
#12936 = DIRECTION('',(-0.,-1.,0.));
#12937 = ADVANCED_FACE('',(#12938),#12949,.F.);
#12938 = FACE_BOUND('',#12939,.T.);
#12939 = EDGE_LOOP('',(#12940,#12941,#12947,#12948));
#12940 = ORIENTED_EDGE('',*,*,#10506,.T.);
#12941 = ORIENTED_EDGE('',*,*,#12942,.T.);
#12942 = EDGE_CURVE('',#10507,#11712,#12943,.T.);
#12943 = LINE('',#12944,#12945);
#12944 = CARTESIAN_POINT('',(176.055,-90.6675,-4.5E-02));
#12945 = VECTOR('',#12946,1.);
#12946 = DIRECTION('',(0.,0.,1.));
#12947 = ORIENTED_EDGE('',*,*,#11711,.F.);
#12948 = ORIENTED_EDGE('',*,*,#12942,.F.);
#12949 = CYLINDRICAL_SURFACE('',#12950,0.6);
#12950 = AXIS2_PLACEMENT_3D('',#12951,#12952,#12953);
#12951 = CARTESIAN_POINT('',(176.055,-90.0675,-4.5E-02));
#12952 = DIRECTION('',(-0.,-0.,-1.));
#12953 = DIRECTION('',(-0.,-1.,0.));
#12954 = ADVANCED_FACE('',(#12955),#12966,.F.);
#12955 = FACE_BOUND('',#12956,.T.);
#12956 = EDGE_LOOP('',(#12957,#12958,#12964,#12965));
#12957 = ORIENTED_EDGE('',*,*,#10517,.T.);
#12958 = ORIENTED_EDGE('',*,*,#12959,.T.);
#12959 = EDGE_CURVE('',#10518,#11723,#12960,.T.);
#12960 = LINE('',#12961,#12962);
#12961 = CARTESIAN_POINT('',(179.555,-90.6675,-4.5E-02));
#12962 = VECTOR('',#12963,1.);
#12963 = DIRECTION('',(0.,0.,1.));
#12964 = ORIENTED_EDGE('',*,*,#11722,.F.);
#12965 = ORIENTED_EDGE('',*,*,#12959,.F.);
#12966 = CYLINDRICAL_SURFACE('',#12967,0.6);
#12967 = AXIS2_PLACEMENT_3D('',#12968,#12969,#12970);
#12968 = CARTESIAN_POINT('',(179.555,-90.0675,-4.5E-02));
#12969 = DIRECTION('',(-0.,-0.,-1.));
#12970 = DIRECTION('',(-0.,-1.,0.));
#12971 = ADVANCED_FACE('',(#12972),#12983,.F.);
#12972 = FACE_BOUND('',#12973,.T.);
#12973 = EDGE_LOOP('',(#12974,#12975,#12981,#12982));
#12974 = ORIENTED_EDGE('',*,*,#10528,.T.);
#12975 = ORIENTED_EDGE('',*,*,#12976,.T.);
#12976 = EDGE_CURVE('',#10529,#11734,#12977,.T.);
#12977 = LINE('',#12978,#12979);
#12978 = CARTESIAN_POINT('',(183.055,-90.6675,-4.5E-02));
#12979 = VECTOR('',#12980,1.);
#12980 = DIRECTION('',(0.,0.,1.));
#12981 = ORIENTED_EDGE('',*,*,#11733,.F.);
#12982 = ORIENTED_EDGE('',*,*,#12976,.F.);
#12983 = CYLINDRICAL_SURFACE('',#12984,0.6);
#12984 = AXIS2_PLACEMENT_3D('',#12985,#12986,#12987);
#12985 = CARTESIAN_POINT('',(183.055,-90.0675,-4.5E-02));
#12986 = DIRECTION('',(-0.,-0.,-1.));
#12987 = DIRECTION('',(-0.,-1.,0.));
#12988 = ADVANCED_FACE('',(#12989),#13000,.F.);
#12989 = FACE_BOUND('',#12990,.T.);
#12990 = EDGE_LOOP('',(#12991,#12992,#12998,#12999));
#12991 = ORIENTED_EDGE('',*,*,#10539,.T.);
#12992 = ORIENTED_EDGE('',*,*,#12993,.T.);
#12993 = EDGE_CURVE('',#10540,#11745,#12994,.T.);
#12994 = LINE('',#12995,#12996);
#12995 = CARTESIAN_POINT('',(190.055,-90.6675,-4.5E-02));
#12996 = VECTOR('',#12997,1.);
#12997 = DIRECTION('',(0.,0.,1.));
#12998 = ORIENTED_EDGE('',*,*,#11744,.F.);
#12999 = ORIENTED_EDGE('',*,*,#12993,.F.);
#13000 = CYLINDRICAL_SURFACE('',#13001,0.6);
#13001 = AXIS2_PLACEMENT_3D('',#13002,#13003,#13004);
#13002 = CARTESIAN_POINT('',(190.055,-90.0675,-4.5E-02));
#13003 = DIRECTION('',(-0.,-0.,-1.));
#13004 = DIRECTION('',(-0.,-1.,0.));
#13005 = ADVANCED_FACE('',(#13006),#13017,.F.);
#13006 = FACE_BOUND('',#13007,.T.);
#13007 = EDGE_LOOP('',(#13008,#13009,#13015,#13016));
#13008 = ORIENTED_EDGE('',*,*,#10550,.T.);
#13009 = ORIENTED_EDGE('',*,*,#13010,.T.);
#13010 = EDGE_CURVE('',#10551,#11756,#13011,.T.);
#13011 = LINE('',#13012,#13013);
#13012 = CARTESIAN_POINT('',(193.555,-90.6675,-4.5E-02));
#13013 = VECTOR('',#13014,1.);
#13014 = DIRECTION('',(0.,0.,1.));
#13015 = ORIENTED_EDGE('',*,*,#11755,.F.);
#13016 = ORIENTED_EDGE('',*,*,#13010,.F.);
#13017 = CYLINDRICAL_SURFACE('',#13018,0.6);
#13018 = AXIS2_PLACEMENT_3D('',#13019,#13020,#13021);
#13019 = CARTESIAN_POINT('',(193.555,-90.0675,-4.5E-02));
#13020 = DIRECTION('',(-0.,-0.,-1.));
#13021 = DIRECTION('',(-0.,-1.,0.));
#13022 = ADVANCED_FACE('',(#13023),#13034,.F.);
#13023 = FACE_BOUND('',#13024,.T.);
#13024 = EDGE_LOOP('',(#13025,#13026,#13032,#13033));
#13025 = ORIENTED_EDGE('',*,*,#10561,.T.);
#13026 = ORIENTED_EDGE('',*,*,#13027,.T.);
#13027 = EDGE_CURVE('',#10562,#11767,#13028,.T.);
#13028 = LINE('',#13029,#13030);
#13029 = CARTESIAN_POINT('',(197.055,-90.6675,-4.5E-02));
#13030 = VECTOR('',#13031,1.);
#13031 = DIRECTION('',(0.,0.,1.));
#13032 = ORIENTED_EDGE('',*,*,#11766,.F.);
#13033 = ORIENTED_EDGE('',*,*,#13027,.F.);
#13034 = CYLINDRICAL_SURFACE('',#13035,0.6);
#13035 = AXIS2_PLACEMENT_3D('',#13036,#13037,#13038);
#13036 = CARTESIAN_POINT('',(197.055,-90.0675,-4.5E-02));
#13037 = DIRECTION('',(-0.,-0.,-1.));
#13038 = DIRECTION('',(-0.,-1.,0.));
#13039 = ADVANCED_FACE('',(#13040),#13051,.F.);
#13040 = FACE_BOUND('',#13041,.T.);
#13041 = EDGE_LOOP('',(#13042,#13043,#13049,#13050));
#13042 = ORIENTED_EDGE('',*,*,#10572,.T.);
#13043 = ORIENTED_EDGE('',*,*,#13044,.T.);
#13044 = EDGE_CURVE('',#10573,#11778,#13045,.T.);
#13045 = LINE('',#13046,#13047);
#13046 = CARTESIAN_POINT('',(153.14,-83.45,-4.5E-02));
#13047 = VECTOR('',#13048,1.);
#13048 = DIRECTION('',(0.,0.,1.));
#13049 = ORIENTED_EDGE('',*,*,#11777,.F.);
#13050 = ORIENTED_EDGE('',*,*,#13044,.F.);
#13051 = CYLINDRICAL_SURFACE('',#13052,0.4);
#13052 = AXIS2_PLACEMENT_3D('',#13053,#13054,#13055);
#13053 = CARTESIAN_POINT('',(153.14,-83.05,-4.5E-02));
#13054 = DIRECTION('',(-0.,-0.,-1.));
#13055 = DIRECTION('',(-0.,-1.,0.));
#13056 = ADVANCED_FACE('',(#13057),#13068,.F.);
#13057 = FACE_BOUND('',#13058,.T.);
#13058 = EDGE_LOOP('',(#13059,#13060,#13066,#13067));
#13059 = ORIENTED_EDGE('',*,*,#10583,.T.);
#13060 = ORIENTED_EDGE('',*,*,#13061,.T.);
#13061 = EDGE_CURVE('',#10584,#11789,#13062,.T.);
#13062 = LINE('',#13063,#13064);
#13063 = CARTESIAN_POINT('',(155.68,-83.45,-4.5E-02));
#13064 = VECTOR('',#13065,1.);
#13065 = DIRECTION('',(0.,0.,1.));
#13066 = ORIENTED_EDGE('',*,*,#11788,.F.);
#13067 = ORIENTED_EDGE('',*,*,#13061,.F.);
#13068 = CYLINDRICAL_SURFACE('',#13069,0.4);
#13069 = AXIS2_PLACEMENT_3D('',#13070,#13071,#13072);
#13070 = CARTESIAN_POINT('',(155.68,-83.05,-4.5E-02));
#13071 = DIRECTION('',(-0.,-0.,-1.));
#13072 = DIRECTION('',(-0.,-1.,0.));
#13073 = ADVANCED_FACE('',(#13074),#13085,.F.);
#13074 = FACE_BOUND('',#13075,.T.);
#13075 = EDGE_LOOP('',(#13076,#13077,#13083,#13084));
#13076 = ORIENTED_EDGE('',*,*,#10594,.T.);
#13077 = ORIENTED_EDGE('',*,*,#13078,.T.);
#13078 = EDGE_CURVE('',#10595,#11800,#13079,.T.);
#13079 = LINE('',#13080,#13081);
#13080 = CARTESIAN_POINT('',(158.22,-83.45,-4.5E-02));
#13081 = VECTOR('',#13082,1.);
#13082 = DIRECTION('',(0.,0.,1.));
#13083 = ORIENTED_EDGE('',*,*,#11799,.F.);
#13084 = ORIENTED_EDGE('',*,*,#13078,.F.);
#13085 = CYLINDRICAL_SURFACE('',#13086,0.4);
#13086 = AXIS2_PLACEMENT_3D('',#13087,#13088,#13089);
#13087 = CARTESIAN_POINT('',(158.22,-83.05,-4.5E-02));
#13088 = DIRECTION('',(-0.,-0.,-1.));
#13089 = DIRECTION('',(-0.,-1.,0.));
#13090 = ADVANCED_FACE('',(#13091),#13102,.F.);
#13091 = FACE_BOUND('',#13092,.T.);
#13092 = EDGE_LOOP('',(#13093,#13094,#13100,#13101));
#13093 = ORIENTED_EDGE('',*,*,#10605,.T.);
#13094 = ORIENTED_EDGE('',*,*,#13095,.T.);
#13095 = EDGE_CURVE('',#10606,#11811,#13096,.T.);
#13096 = LINE('',#13097,#13098);
#13097 = CARTESIAN_POINT('',(160.76,-83.45,-4.5E-02));
#13098 = VECTOR('',#13099,1.);
#13099 = DIRECTION('',(0.,0.,1.));
#13100 = ORIENTED_EDGE('',*,*,#11810,.F.);
#13101 = ORIENTED_EDGE('',*,*,#13095,.F.);
#13102 = CYLINDRICAL_SURFACE('',#13103,0.4);
#13103 = AXIS2_PLACEMENT_3D('',#13104,#13105,#13106);
#13104 = CARTESIAN_POINT('',(160.76,-83.05,-4.5E-02));
#13105 = DIRECTION('',(-0.,-0.,-1.));
#13106 = DIRECTION('',(-0.,-1.,0.));
#13107 = ADVANCED_FACE('',(#13108),#13119,.F.);
#13108 = FACE_BOUND('',#13109,.T.);
#13109 = EDGE_LOOP('',(#13110,#13111,#13117,#13118));
#13110 = ORIENTED_EDGE('',*,*,#10616,.T.);
#13111 = ORIENTED_EDGE('',*,*,#13112,.T.);
#13112 = EDGE_CURVE('',#10617,#11822,#13113,.T.);
#13113 = LINE('',#13114,#13115);
#13114 = CARTESIAN_POINT('',(163.3,-83.45,-4.5E-02));
#13115 = VECTOR('',#13116,1.);
#13116 = DIRECTION('',(0.,0.,1.));
#13117 = ORIENTED_EDGE('',*,*,#11821,.F.);
#13118 = ORIENTED_EDGE('',*,*,#13112,.F.);
#13119 = CYLINDRICAL_SURFACE('',#13120,0.4);
#13120 = AXIS2_PLACEMENT_3D('',#13121,#13122,#13123);
#13121 = CARTESIAN_POINT('',(163.3,-83.05,-4.5E-02));
#13122 = DIRECTION('',(-0.,-0.,-1.));
#13123 = DIRECTION('',(-0.,-1.,0.));
#13124 = ADVANCED_FACE('',(#13125),#13136,.F.);
#13125 = FACE_BOUND('',#13126,.T.);
#13126 = EDGE_LOOP('',(#13127,#13128,#13134,#13135));
#13127 = ORIENTED_EDGE('',*,*,#10627,.T.);
#13128 = ORIENTED_EDGE('',*,*,#13129,.T.);
#13129 = EDGE_CURVE('',#10628,#11833,#13130,.T.);
#13130 = LINE('',#13131,#13132);
#13131 = CARTESIAN_POINT('',(159.49,-80.375,-4.5E-02));
#13132 = VECTOR('',#13133,1.);
#13133 = DIRECTION('',(0.,0.,1.));
#13134 = ORIENTED_EDGE('',*,*,#11832,.F.);
#13135 = ORIENTED_EDGE('',*,*,#13129,.F.);
#13136 = CYLINDRICAL_SURFACE('',#13137,0.375);
#13137 = AXIS2_PLACEMENT_3D('',#13138,#13139,#13140);
#13138 = CARTESIAN_POINT('',(159.49,-80.,-4.5E-02));
#13139 = DIRECTION('',(-0.,-0.,-1.));
#13140 = DIRECTION('',(-0.,-1.,0.));
#13141 = ADVANCED_FACE('',(#13142),#13153,.F.);
#13142 = FACE_BOUND('',#13143,.T.);
#13143 = EDGE_LOOP('',(#13144,#13145,#13151,#13152));
#13144 = ORIENTED_EDGE('',*,*,#10638,.T.);
#13145 = ORIENTED_EDGE('',*,*,#13146,.T.);
#13146 = EDGE_CURVE('',#10639,#11844,#13147,.T.);
#13147 = LINE('',#13148,#13149);
#13148 = CARTESIAN_POINT('',(162.03,-80.375,-4.5E-02));
#13149 = VECTOR('',#13150,1.);
#13150 = DIRECTION('',(0.,0.,1.));
#13151 = ORIENTED_EDGE('',*,*,#11843,.F.);
#13152 = ORIENTED_EDGE('',*,*,#13146,.F.);
#13153 = CYLINDRICAL_SURFACE('',#13154,0.375);
#13154 = AXIS2_PLACEMENT_3D('',#13155,#13156,#13157);
#13155 = CARTESIAN_POINT('',(162.03,-80.,-4.5E-02));
#13156 = DIRECTION('',(-0.,-0.,-1.));
#13157 = DIRECTION('',(-0.,-1.,0.));
#13158 = ADVANCED_FACE('',(#13159),#13170,.F.);
#13159 = FACE_BOUND('',#13160,.T.);
#13160 = EDGE_LOOP('',(#13161,#13162,#13168,#13169));
#13161 = ORIENTED_EDGE('',*,*,#10649,.T.);
#13162 = ORIENTED_EDGE('',*,*,#13163,.T.);
#13163 = EDGE_CURVE('',#10650,#11855,#13164,.T.);
#13164 = LINE('',#13165,#13166);
#13165 = CARTESIAN_POINT('',(165.84,-83.45,-4.5E-02));
#13166 = VECTOR('',#13167,1.);
#13167 = DIRECTION('',(0.,0.,1.));
#13168 = ORIENTED_EDGE('',*,*,#11854,.F.);
#13169 = ORIENTED_EDGE('',*,*,#13163,.F.);
#13170 = CYLINDRICAL_SURFACE('',#13171,0.4);
#13171 = AXIS2_PLACEMENT_3D('',#13172,#13173,#13174);
#13172 = CARTESIAN_POINT('',(165.84,-83.05,-4.5E-02));
#13173 = DIRECTION('',(-0.,-0.,-1.));
#13174 = DIRECTION('',(-0.,-1.,0.));
#13175 = ADVANCED_FACE('',(#13176),#13187,.F.);
#13176 = FACE_BOUND('',#13177,.T.);
#13177 = EDGE_LOOP('',(#13178,#13179,#13185,#13186));
#13178 = ORIENTED_EDGE('',*,*,#10660,.T.);
#13179 = ORIENTED_EDGE('',*,*,#13180,.T.);
#13180 = EDGE_CURVE('',#10661,#11866,#13181,.T.);
#13181 = LINE('',#13182,#13183);
#13182 = CARTESIAN_POINT('',(168.38,-83.45,-4.5E-02));
#13183 = VECTOR('',#13184,1.);
#13184 = DIRECTION('',(0.,0.,1.));
#13185 = ORIENTED_EDGE('',*,*,#11865,.F.);
#13186 = ORIENTED_EDGE('',*,*,#13180,.F.);
#13187 = CYLINDRICAL_SURFACE('',#13188,0.4);
#13188 = AXIS2_PLACEMENT_3D('',#13189,#13190,#13191);
#13189 = CARTESIAN_POINT('',(168.38,-83.05,-4.5E-02));
#13190 = DIRECTION('',(-0.,-0.,-1.));
#13191 = DIRECTION('',(-0.,-1.,0.));
#13192 = ADVANCED_FACE('',(#13193),#13204,.F.);
#13193 = FACE_BOUND('',#13194,.T.);
#13194 = EDGE_LOOP('',(#13195,#13196,#13202,#13203));
#13195 = ORIENTED_EDGE('',*,*,#10671,.T.);
#13196 = ORIENTED_EDGE('',*,*,#13197,.T.);
#13197 = EDGE_CURVE('',#10672,#11877,#13198,.T.);
#13198 = LINE('',#13199,#13200);
#13199 = CARTESIAN_POINT('',(170.92,-83.45,-4.5E-02));
#13200 = VECTOR('',#13201,1.);
#13201 = DIRECTION('',(0.,0.,1.));
#13202 = ORIENTED_EDGE('',*,*,#11876,.F.);
#13203 = ORIENTED_EDGE('',*,*,#13197,.F.);
#13204 = CYLINDRICAL_SURFACE('',#13205,0.4);
#13205 = AXIS2_PLACEMENT_3D('',#13206,#13207,#13208);
#13206 = CARTESIAN_POINT('',(170.92,-83.05,-4.5E-02));
#13207 = DIRECTION('',(-0.,-0.,-1.));
#13208 = DIRECTION('',(-7.105427357601E-14,-1.,0.));
#13209 = ADVANCED_FACE('',(#13210),#13221,.F.);
#13210 = FACE_BOUND('',#13211,.T.);
#13211 = EDGE_LOOP('',(#13212,#13213,#13219,#13220));
#13212 = ORIENTED_EDGE('',*,*,#10682,.T.);
#13213 = ORIENTED_EDGE('',*,*,#13214,.T.);
#13214 = EDGE_CURVE('',#10683,#11888,#13215,.T.);
#13215 = LINE('',#13216,#13217);
#13216 = CARTESIAN_POINT('',(173.46,-83.45,-4.5E-02));
#13217 = VECTOR('',#13218,1.);
#13218 = DIRECTION('',(0.,0.,1.));
#13219 = ORIENTED_EDGE('',*,*,#11887,.F.);
#13220 = ORIENTED_EDGE('',*,*,#13214,.F.);
#13221 = CYLINDRICAL_SURFACE('',#13222,0.4);
#13222 = AXIS2_PLACEMENT_3D('',#13223,#13224,#13225);
#13223 = CARTESIAN_POINT('',(173.46,-83.05,-4.5E-02));
#13224 = DIRECTION('',(-0.,-0.,-1.));
#13225 = DIRECTION('',(-0.,-1.,0.));
#13226 = ADVANCED_FACE('',(#13227),#13238,.F.);
#13227 = FACE_BOUND('',#13228,.T.);
#13228 = EDGE_LOOP('',(#13229,#13230,#13236,#13237));
#13229 = ORIENTED_EDGE('',*,*,#10693,.T.);
#13230 = ORIENTED_EDGE('',*,*,#13231,.T.);
#13231 = EDGE_CURVE('',#10694,#11899,#13232,.T.);
#13232 = LINE('',#13233,#13234);
#13233 = CARTESIAN_POINT('',(176.,-83.45,-4.5E-02));
#13234 = VECTOR('',#13235,1.);
#13235 = DIRECTION('',(0.,0.,1.));
#13236 = ORIENTED_EDGE('',*,*,#11898,.F.);
#13237 = ORIENTED_EDGE('',*,*,#13231,.F.);
#13238 = CYLINDRICAL_SURFACE('',#13239,0.4);
#13239 = AXIS2_PLACEMENT_3D('',#13240,#13241,#13242);
#13240 = CARTESIAN_POINT('',(176.,-83.05,-4.5E-02));
#13241 = DIRECTION('',(-0.,-0.,-1.));
#13242 = DIRECTION('',(-0.,-1.,0.));
#13243 = ADVANCED_FACE('',(#13244),#13255,.F.);
#13244 = FACE_BOUND('',#13245,.T.);
#13245 = EDGE_LOOP('',(#13246,#13247,#13253,#13254));
#13246 = ORIENTED_EDGE('',*,*,#10704,.T.);
#13247 = ORIENTED_EDGE('',*,*,#13248,.T.);
#13248 = EDGE_CURVE('',#10705,#11910,#13249,.T.);
#13249 = LINE('',#13250,#13251);
#13250 = CARTESIAN_POINT('',(164.57,-80.375,-4.5E-02));
#13251 = VECTOR('',#13252,1.);
#13252 = DIRECTION('',(0.,0.,1.));
#13253 = ORIENTED_EDGE('',*,*,#11909,.F.);
#13254 = ORIENTED_EDGE('',*,*,#13248,.F.);
#13255 = CYLINDRICAL_SURFACE('',#13256,0.375);
#13256 = AXIS2_PLACEMENT_3D('',#13257,#13258,#13259);
#13257 = CARTESIAN_POINT('',(164.57,-80.,-4.5E-02));
#13258 = DIRECTION('',(-0.,-0.,-1.));
#13259 = DIRECTION('',(-0.,-1.,0.));
#13260 = ADVANCED_FACE('',(#13261),#13272,.F.);
#13261 = FACE_BOUND('',#13262,.T.);
#13262 = EDGE_LOOP('',(#13263,#13264,#13270,#13271));
#13263 = ORIENTED_EDGE('',*,*,#10715,.T.);
#13264 = ORIENTED_EDGE('',*,*,#13265,.T.);
#13265 = EDGE_CURVE('',#10716,#11921,#13266,.T.);
#13266 = LINE('',#13267,#13268);
#13267 = CARTESIAN_POINT('',(167.11,-80.375,-4.5E-02));
#13268 = VECTOR('',#13269,1.);
#13269 = DIRECTION('',(0.,0.,1.));
#13270 = ORIENTED_EDGE('',*,*,#11920,.F.);
#13271 = ORIENTED_EDGE('',*,*,#13265,.F.);
#13272 = CYLINDRICAL_SURFACE('',#13273,0.375);
#13273 = AXIS2_PLACEMENT_3D('',#13274,#13275,#13276);
#13274 = CARTESIAN_POINT('',(167.11,-80.,-4.5E-02));
#13275 = DIRECTION('',(-0.,-0.,-1.));
#13276 = DIRECTION('',(-0.,-1.,0.));
#13277 = ADVANCED_FACE('',(#13278),#13289,.F.);
#13278 = FACE_BOUND('',#13279,.T.);
#13279 = EDGE_LOOP('',(#13280,#13281,#13287,#13288));
#13280 = ORIENTED_EDGE('',*,*,#10726,.T.);
#13281 = ORIENTED_EDGE('',*,*,#13282,.T.);
#13282 = EDGE_CURVE('',#10727,#11932,#13283,.T.);
#13283 = LINE('',#13284,#13285);
#13284 = CARTESIAN_POINT('',(169.65,-80.375,-4.5E-02));
#13285 = VECTOR('',#13286,1.);
#13286 = DIRECTION('',(0.,0.,1.));
#13287 = ORIENTED_EDGE('',*,*,#11931,.F.);
#13288 = ORIENTED_EDGE('',*,*,#13282,.F.);
#13289 = CYLINDRICAL_SURFACE('',#13290,0.375);
#13290 = AXIS2_PLACEMENT_3D('',#13291,#13292,#13293);
#13291 = CARTESIAN_POINT('',(169.65,-80.,-4.5E-02));
#13292 = DIRECTION('',(-0.,-0.,-1.));
#13293 = DIRECTION('',(-0.,-1.,0.));
#13294 = ADVANCED_FACE('',(#13295),#13306,.F.);
#13295 = FACE_BOUND('',#13296,.T.);
#13296 = EDGE_LOOP('',(#13297,#13298,#13304,#13305));
#13297 = ORIENTED_EDGE('',*,*,#10737,.T.);
#13298 = ORIENTED_EDGE('',*,*,#13299,.T.);
#13299 = EDGE_CURVE('',#10738,#11943,#13300,.T.);
#13300 = LINE('',#13301,#13302);
#13301 = CARTESIAN_POINT('',(178.54,-83.45,-4.5E-02));
#13302 = VECTOR('',#13303,1.);
#13303 = DIRECTION('',(0.,0.,1.));
#13304 = ORIENTED_EDGE('',*,*,#11942,.F.);
#13305 = ORIENTED_EDGE('',*,*,#13299,.F.);
#13306 = CYLINDRICAL_SURFACE('',#13307,0.4);
#13307 = AXIS2_PLACEMENT_3D('',#13308,#13309,#13310);
#13308 = CARTESIAN_POINT('',(178.54,-83.05,-4.5E-02));
#13309 = DIRECTION('',(-0.,-0.,-1.));
#13310 = DIRECTION('',(-0.,-1.,0.));
#13311 = ADVANCED_FACE('',(#13312),#13323,.F.);
#13312 = FACE_BOUND('',#13313,.T.);
#13313 = EDGE_LOOP('',(#13314,#13315,#13321,#13322));
#13314 = ORIENTED_EDGE('',*,*,#10748,.T.);
#13315 = ORIENTED_EDGE('',*,*,#13316,.T.);
#13316 = EDGE_CURVE('',#10749,#11954,#13317,.T.);
#13317 = LINE('',#13318,#13319);
#13318 = CARTESIAN_POINT('',(181.08,-83.45,-4.5E-02));
#13319 = VECTOR('',#13320,1.);
#13320 = DIRECTION('',(0.,0.,1.));
#13321 = ORIENTED_EDGE('',*,*,#11953,.F.);
#13322 = ORIENTED_EDGE('',*,*,#13316,.F.);
#13323 = CYLINDRICAL_SURFACE('',#13324,0.4);
#13324 = AXIS2_PLACEMENT_3D('',#13325,#13326,#13327);
#13325 = CARTESIAN_POINT('',(181.08,-83.05,-4.5E-02));
#13326 = DIRECTION('',(-0.,0.,-1.));
#13327 = DIRECTION('',(7.105427357601E-14,-1.,-0.));
#13328 = ADVANCED_FACE('',(#13329),#13340,.F.);
#13329 = FACE_BOUND('',#13330,.T.);
#13330 = EDGE_LOOP('',(#13331,#13332,#13338,#13339));
#13331 = ORIENTED_EDGE('',*,*,#10759,.T.);
#13332 = ORIENTED_EDGE('',*,*,#13333,.T.);
#13333 = EDGE_CURVE('',#10760,#11965,#13334,.T.);
#13334 = LINE('',#13335,#13336);
#13335 = CARTESIAN_POINT('',(183.62,-83.45,-4.5E-02));
#13336 = VECTOR('',#13337,1.);
#13337 = DIRECTION('',(0.,0.,1.));
#13338 = ORIENTED_EDGE('',*,*,#11964,.F.);
#13339 = ORIENTED_EDGE('',*,*,#13333,.F.);
#13340 = CYLINDRICAL_SURFACE('',#13341,0.4);
#13341 = AXIS2_PLACEMENT_3D('',#13342,#13343,#13344);
#13342 = CARTESIAN_POINT('',(183.62,-83.05,-4.5E-02));
#13343 = DIRECTION('',(-0.,-0.,-1.));
#13344 = DIRECTION('',(-0.,-1.,0.));
#13345 = ADVANCED_FACE('',(#13346),#13357,.F.);
#13346 = FACE_BOUND('',#13347,.T.);
#13347 = EDGE_LOOP('',(#13348,#13349,#13355,#13356));
#13348 = ORIENTED_EDGE('',*,*,#10770,.T.);
#13349 = ORIENTED_EDGE('',*,*,#13350,.T.);
#13350 = EDGE_CURVE('',#10771,#11976,#13351,.T.);
#13351 = LINE('',#13352,#13353);
#13352 = CARTESIAN_POINT('',(186.16,-83.45,-4.5E-02));
#13353 = VECTOR('',#13354,1.);
#13354 = DIRECTION('',(0.,0.,1.));
#13355 = ORIENTED_EDGE('',*,*,#11975,.F.);
#13356 = ORIENTED_EDGE('',*,*,#13350,.F.);
#13357 = CYLINDRICAL_SURFACE('',#13358,0.4);
#13358 = AXIS2_PLACEMENT_3D('',#13359,#13360,#13361);
#13359 = CARTESIAN_POINT('',(186.16,-83.05,-4.5E-02));
#13360 = DIRECTION('',(-0.,-0.,-1.));
#13361 = DIRECTION('',(-0.,-1.,0.));
#13362 = ADVANCED_FACE('',(#13363),#13374,.F.);
#13363 = FACE_BOUND('',#13364,.T.);
#13364 = EDGE_LOOP('',(#13365,#13366,#13372,#13373));
#13365 = ORIENTED_EDGE('',*,*,#10781,.T.);
#13366 = ORIENTED_EDGE('',*,*,#13367,.T.);
#13367 = EDGE_CURVE('',#10782,#11987,#13368,.T.);
#13368 = LINE('',#13369,#13370);
#13369 = CARTESIAN_POINT('',(188.7,-83.45,-4.5E-02));
#13370 = VECTOR('',#13371,1.);
#13371 = DIRECTION('',(0.,0.,1.));
#13372 = ORIENTED_EDGE('',*,*,#11986,.F.);
#13373 = ORIENTED_EDGE('',*,*,#13367,.F.);
#13374 = CYLINDRICAL_SURFACE('',#13375,0.4);
#13375 = AXIS2_PLACEMENT_3D('',#13376,#13377,#13378);
#13376 = CARTESIAN_POINT('',(188.7,-83.05,-4.5E-02));
#13377 = DIRECTION('',(-0.,-0.,-1.));
#13378 = DIRECTION('',(-0.,-1.,0.));
#13379 = ADVANCED_FACE('',(#13380),#13391,.F.);
#13380 = FACE_BOUND('',#13381,.T.);
#13381 = EDGE_LOOP('',(#13382,#13383,#13389,#13390));
#13382 = ORIENTED_EDGE('',*,*,#10792,.T.);
#13383 = ORIENTED_EDGE('',*,*,#13384,.T.);
#13384 = EDGE_CURVE('',#10793,#11998,#13385,.T.);
#13385 = LINE('',#13386,#13387);
#13386 = CARTESIAN_POINT('',(191.24,-83.45,-4.5E-02));
#13387 = VECTOR('',#13388,1.);
#13388 = DIRECTION('',(0.,0.,1.));
#13389 = ORIENTED_EDGE('',*,*,#11997,.F.);
#13390 = ORIENTED_EDGE('',*,*,#13384,.F.);
#13391 = CYLINDRICAL_SURFACE('',#13392,0.4);
#13392 = AXIS2_PLACEMENT_3D('',#13393,#13394,#13395);
#13393 = CARTESIAN_POINT('',(191.24,-83.05,-4.5E-02));
#13394 = DIRECTION('',(-0.,-0.,-1.));
#13395 = DIRECTION('',(-0.,-1.,0.));
#13396 = ADVANCED_FACE('',(#13397),#13408,.F.);
#13397 = FACE_BOUND('',#13398,.T.);
#13398 = EDGE_LOOP('',(#13399,#13400,#13406,#13407));
#13399 = ORIENTED_EDGE('',*,*,#10803,.T.);
#13400 = ORIENTED_EDGE('',*,*,#13401,.T.);
#13401 = EDGE_CURVE('',#10804,#12009,#13402,.T.);
#13402 = LINE('',#13403,#13404);
#13403 = CARTESIAN_POINT('',(193.78,-83.45,-4.5E-02));
#13404 = VECTOR('',#13405,1.);
#13405 = DIRECTION('',(0.,0.,1.));
#13406 = ORIENTED_EDGE('',*,*,#12008,.F.);
#13407 = ORIENTED_EDGE('',*,*,#13401,.F.);
#13408 = CYLINDRICAL_SURFACE('',#13409,0.4);
#13409 = AXIS2_PLACEMENT_3D('',#13410,#13411,#13412);
#13410 = CARTESIAN_POINT('',(193.78,-83.05,-4.5E-02));
#13411 = DIRECTION('',(-0.,-0.,-1.));
#13412 = DIRECTION('',(-0.,-1.,0.));
#13413 = ADVANCED_FACE('',(#13414),#13425,.F.);
#13414 = FACE_BOUND('',#13415,.T.);
#13415 = EDGE_LOOP('',(#13416,#13417,#13423,#13424));
#13416 = ORIENTED_EDGE('',*,*,#10814,.T.);
#13417 = ORIENTED_EDGE('',*,*,#13418,.T.);
#13418 = EDGE_CURVE('',#10815,#12020,#13419,.T.);
#13419 = LINE('',#13420,#13421);
#13420 = CARTESIAN_POINT('',(196.32,-83.45,-4.5E-02));
#13421 = VECTOR('',#13422,1.);
#13422 = DIRECTION('',(0.,0.,1.));
#13423 = ORIENTED_EDGE('',*,*,#12019,.F.);
#13424 = ORIENTED_EDGE('',*,*,#13418,.F.);
#13425 = CYLINDRICAL_SURFACE('',#13426,0.4);
#13426 = AXIS2_PLACEMENT_3D('',#13427,#13428,#13429);
#13427 = CARTESIAN_POINT('',(196.32,-83.05,-4.5E-02));
#13428 = DIRECTION('',(-0.,-0.,-1.));
#13429 = DIRECTION('',(-0.,-1.,0.));
#13430 = ADVANCED_FACE('',(#13431),#13442,.F.);
#13431 = FACE_BOUND('',#13432,.T.);
#13432 = EDGE_LOOP('',(#13433,#13434,#13440,#13441));
#13433 = ORIENTED_EDGE('',*,*,#10825,.T.);
#13434 = ORIENTED_EDGE('',*,*,#13435,.T.);
#13435 = EDGE_CURVE('',#10826,#12031,#13436,.T.);
#13436 = LINE('',#13437,#13438);
#13437 = CARTESIAN_POINT('',(198.86,-83.45,-4.5E-02));
#13438 = VECTOR('',#13439,1.);
#13439 = DIRECTION('',(0.,0.,1.));
#13440 = ORIENTED_EDGE('',*,*,#12030,.F.);
#13441 = ORIENTED_EDGE('',*,*,#13435,.F.);
#13442 = CYLINDRICAL_SURFACE('',#13443,0.4);
#13443 = AXIS2_PLACEMENT_3D('',#13444,#13445,#13446);
#13444 = CARTESIAN_POINT('',(198.86,-83.05,-4.5E-02));
#13445 = DIRECTION('',(-0.,-0.,-1.));
#13446 = DIRECTION('',(-0.,-1.,0.));
#13447 = ADVANCED_FACE('',(#13448),#13459,.F.);
#13448 = FACE_BOUND('',#13449,.T.);
#13449 = EDGE_LOOP('',(#13450,#13451,#13457,#13458));
#13450 = ORIENTED_EDGE('',*,*,#10836,.T.);
#13451 = ORIENTED_EDGE('',*,*,#13452,.T.);
#13452 = EDGE_CURVE('',#10837,#12042,#13453,.T.);
#13453 = LINE('',#13454,#13455);
#13454 = CARTESIAN_POINT('',(198.86,-80.91,-4.5E-02));
#13455 = VECTOR('',#13456,1.);
#13456 = DIRECTION('',(0.,0.,1.));
#13457 = ORIENTED_EDGE('',*,*,#12041,.F.);
#13458 = ORIENTED_EDGE('',*,*,#13452,.F.);
#13459 = CYLINDRICAL_SURFACE('',#13460,0.4);
#13460 = AXIS2_PLACEMENT_3D('',#13461,#13462,#13463);
#13461 = CARTESIAN_POINT('',(198.86,-80.51,-4.5E-02));
#13462 = DIRECTION('',(-0.,-0.,-1.));
#13463 = DIRECTION('',(-0.,-1.,0.));
#13464 = ADVANCED_FACE('',(#13465),#13476,.F.);
#13465 = FACE_BOUND('',#13466,.T.);
#13466 = EDGE_LOOP('',(#13467,#13468,#13474,#13475));
#13467 = ORIENTED_EDGE('',*,*,#10847,.T.);
#13468 = ORIENTED_EDGE('',*,*,#13469,.T.);
#13469 = EDGE_CURVE('',#10848,#12053,#13470,.T.);
#13470 = LINE('',#13471,#13472);
#13471 = CARTESIAN_POINT('',(198.86,-78.37,-4.5E-02));
#13472 = VECTOR('',#13473,1.);
#13473 = DIRECTION('',(0.,0.,1.));
#13474 = ORIENTED_EDGE('',*,*,#12052,.F.);
#13475 = ORIENTED_EDGE('',*,*,#13469,.F.);
#13476 = CYLINDRICAL_SURFACE('',#13477,0.4);
#13477 = AXIS2_PLACEMENT_3D('',#13478,#13479,#13480);
#13478 = CARTESIAN_POINT('',(198.86,-77.97,-4.5E-02));
#13479 = DIRECTION('',(-0.,-0.,-1.));
#13480 = DIRECTION('',(-0.,-1.,0.));
#13481 = ADVANCED_FACE('',(#13482),#13493,.F.);
#13482 = FACE_BOUND('',#13483,.T.);
#13483 = EDGE_LOOP('',(#13484,#13485,#13491,#13492));
#13484 = ORIENTED_EDGE('',*,*,#10858,.T.);
#13485 = ORIENTED_EDGE('',*,*,#13486,.T.);
#13486 = EDGE_CURVE('',#10859,#12064,#13487,.T.);
#13487 = LINE('',#13488,#13489);
#13488 = CARTESIAN_POINT('',(198.86,-75.83,-4.5E-02));
#13489 = VECTOR('',#13490,1.);
#13490 = DIRECTION('',(0.,0.,1.));
#13491 = ORIENTED_EDGE('',*,*,#12063,.F.);
#13492 = ORIENTED_EDGE('',*,*,#13486,.F.);
#13493 = CYLINDRICAL_SURFACE('',#13494,0.4);
#13494 = AXIS2_PLACEMENT_3D('',#13495,#13496,#13497);
#13495 = CARTESIAN_POINT('',(198.86,-75.43,-4.5E-02));
#13496 = DIRECTION('',(-0.,-0.,-1.));
#13497 = DIRECTION('',(-0.,-1.,0.));
#13498 = ADVANCED_FACE('',(#13499),#13510,.F.);
#13499 = FACE_BOUND('',#13500,.T.);
#13500 = EDGE_LOOP('',(#13501,#13502,#13508,#13509));
#13501 = ORIENTED_EDGE('',*,*,#10869,.T.);
#13502 = ORIENTED_EDGE('',*,*,#13503,.T.);
#13503 = EDGE_CURVE('',#10870,#12075,#13504,.T.);
#13504 = LINE('',#13505,#13506);
#13505 = CARTESIAN_POINT('',(204.055,-90.6675,-4.5E-02));
#13506 = VECTOR('',#13507,1.);
#13507 = DIRECTION('',(0.,0.,1.));
#13508 = ORIENTED_EDGE('',*,*,#12074,.F.);
#13509 = ORIENTED_EDGE('',*,*,#13503,.F.);
#13510 = CYLINDRICAL_SURFACE('',#13511,0.6);
#13511 = AXIS2_PLACEMENT_3D('',#13512,#13513,#13514);
#13512 = CARTESIAN_POINT('',(204.055,-90.0675,-4.5E-02));
#13513 = DIRECTION('',(-0.,-0.,-1.));
#13514 = DIRECTION('',(-0.,-1.,0.));
#13515 = ADVANCED_FACE('',(#13516),#13527,.F.);
#13516 = FACE_BOUND('',#13517,.T.);
#13517 = EDGE_LOOP('',(#13518,#13519,#13525,#13526));
#13518 = ORIENTED_EDGE('',*,*,#10880,.T.);
#13519 = ORIENTED_EDGE('',*,*,#13520,.T.);
#13520 = EDGE_CURVE('',#10881,#12086,#13521,.T.);
#13521 = LINE('',#13522,#13523);
#13522 = CARTESIAN_POINT('',(207.555,-90.6675,-4.5E-02));
#13523 = VECTOR('',#13524,1.);
#13524 = DIRECTION('',(0.,0.,1.));
#13525 = ORIENTED_EDGE('',*,*,#12085,.F.);
#13526 = ORIENTED_EDGE('',*,*,#13520,.F.);
#13527 = CYLINDRICAL_SURFACE('',#13528,0.6);
#13528 = AXIS2_PLACEMENT_3D('',#13529,#13530,#13531);
#13529 = CARTESIAN_POINT('',(207.555,-90.0675,-4.5E-02));
#13530 = DIRECTION('',(-0.,-0.,-1.));
#13531 = DIRECTION('',(-0.,-1.,0.));
#13532 = ADVANCED_FACE('',(#13533),#13544,.F.);
#13533 = FACE_BOUND('',#13534,.T.);
#13534 = EDGE_LOOP('',(#13535,#13536,#13542,#13543));
#13535 = ORIENTED_EDGE('',*,*,#10891,.T.);
#13536 = ORIENTED_EDGE('',*,*,#13537,.T.);
#13537 = EDGE_CURVE('',#10892,#12097,#13538,.T.);
#13538 = LINE('',#13539,#13540);
#13539 = CARTESIAN_POINT('',(211.055,-90.6675,-4.5E-02));
#13540 = VECTOR('',#13541,1.);
#13541 = DIRECTION('',(0.,0.,1.));
#13542 = ORIENTED_EDGE('',*,*,#12096,.F.);
#13543 = ORIENTED_EDGE('',*,*,#13537,.F.);
#13544 = CYLINDRICAL_SURFACE('',#13545,0.6);
#13545 = AXIS2_PLACEMENT_3D('',#13546,#13547,#13548);
#13546 = CARTESIAN_POINT('',(211.055,-90.0675,-4.5E-02));
#13547 = DIRECTION('',(-0.,-0.,-1.));
#13548 = DIRECTION('',(-0.,-1.,0.));
#13549 = ADVANCED_FACE('',(#13550),#13561,.F.);
#13550 = FACE_BOUND('',#13551,.T.);
#13551 = EDGE_LOOP('',(#13552,#13553,#13559,#13560));
#13552 = ORIENTED_EDGE('',*,*,#10902,.T.);
#13553 = ORIENTED_EDGE('',*,*,#13554,.T.);
#13554 = EDGE_CURVE('',#10903,#12108,#13555,.T.);
#13555 = LINE('',#13556,#13557);
#13556 = CARTESIAN_POINT('',(218.5,-91.1,-4.5E-02));
#13557 = VECTOR('',#13558,1.);
#13558 = DIRECTION('',(0.,0.,1.));
#13559 = ORIENTED_EDGE('',*,*,#12107,.F.);
#13560 = ORIENTED_EDGE('',*,*,#13554,.F.);
#13561 = CYLINDRICAL_SURFACE('',#13562,0.6);
#13562 = AXIS2_PLACEMENT_3D('',#13563,#13564,#13565);
#13563 = CARTESIAN_POINT('',(218.5,-90.5,-4.5E-02));
#13564 = DIRECTION('',(-0.,-0.,-1.));
#13565 = DIRECTION('',(-0.,-1.,0.));
#13566 = ADVANCED_FACE('',(#13567),#13578,.F.);
#13567 = FACE_BOUND('',#13568,.T.);
#13568 = EDGE_LOOP('',(#13569,#13570,#13576,#13577));
#13569 = ORIENTED_EDGE('',*,*,#10913,.T.);
#13570 = ORIENTED_EDGE('',*,*,#13571,.T.);
#13571 = EDGE_CURVE('',#10914,#12119,#13572,.T.);
#13572 = LINE('',#13573,#13574);
#13573 = CARTESIAN_POINT('',(222.,-91.1,-4.5E-02));
#13574 = VECTOR('',#13575,1.);
#13575 = DIRECTION('',(0.,0.,1.));
#13576 = ORIENTED_EDGE('',*,*,#12118,.F.);
#13577 = ORIENTED_EDGE('',*,*,#13571,.F.);
#13578 = CYLINDRICAL_SURFACE('',#13579,0.6);
#13579 = AXIS2_PLACEMENT_3D('',#13580,#13581,#13582);
#13580 = CARTESIAN_POINT('',(222.,-90.5,-4.5E-02));
#13581 = DIRECTION('',(-0.,-0.,-1.));
#13582 = DIRECTION('',(-0.,-1.,0.));
#13583 = ADVANCED_FACE('',(#13584),#13595,.F.);
#13584 = FACE_BOUND('',#13585,.T.);
#13585 = EDGE_LOOP('',(#13586,#13587,#13593,#13594));
#13586 = ORIENTED_EDGE('',*,*,#10924,.T.);
#13587 = ORIENTED_EDGE('',*,*,#13588,.T.);
#13588 = EDGE_CURVE('',#10925,#12130,#13589,.T.);
#13589 = LINE('',#13590,#13591);
#13590 = CARTESIAN_POINT('',(241.,-96.35,-4.5E-02));
#13591 = VECTOR('',#13592,1.);
#13592 = DIRECTION('',(0.,0.,1.));
#13593 = ORIENTED_EDGE('',*,*,#12129,.F.);
#13594 = ORIENTED_EDGE('',*,*,#13588,.F.);
#13595 = CYLINDRICAL_SURFACE('',#13596,1.35);
#13596 = AXIS2_PLACEMENT_3D('',#13597,#13598,#13599);
#13597 = CARTESIAN_POINT('',(241.,-95.,-4.5E-02));
#13598 = DIRECTION('',(-0.,-0.,-1.));
#13599 = DIRECTION('',(-0.,-1.,0.));
#13600 = ADVANCED_FACE('',(#13601),#13612,.F.);
#13601 = FACE_BOUND('',#13602,.T.);
#13602 = EDGE_LOOP('',(#13603,#13604,#13610,#13611));
#13603 = ORIENTED_EDGE('',*,*,#10935,.T.);
#13604 = ORIENTED_EDGE('',*,*,#13605,.T.);
#13605 = EDGE_CURVE('',#10936,#12141,#13606,.T.);
#13606 = LINE('',#13607,#13608);
#13607 = CARTESIAN_POINT('',(246.,-96.35,-4.5E-02));
#13608 = VECTOR('',#13609,1.);
#13609 = DIRECTION('',(0.,0.,1.));
#13610 = ORIENTED_EDGE('',*,*,#12140,.F.);
#13611 = ORIENTED_EDGE('',*,*,#13605,.F.);
#13612 = CYLINDRICAL_SURFACE('',#13613,1.35);
#13613 = AXIS2_PLACEMENT_3D('',#13614,#13615,#13616);
#13614 = CARTESIAN_POINT('',(246.,-95.,-4.5E-02));
#13615 = DIRECTION('',(-0.,-0.,-1.));
#13616 = DIRECTION('',(-0.,-1.,0.));
#13617 = ADVANCED_FACE('',(#13618),#13629,.F.);
#13618 = FACE_BOUND('',#13619,.T.);
#13619 = EDGE_LOOP('',(#13620,#13621,#13627,#13628));
#13620 = ORIENTED_EDGE('',*,*,#10946,.T.);
#13621 = ORIENTED_EDGE('',*,*,#13622,.T.);
#13622 = EDGE_CURVE('',#10947,#12152,#13623,.T.);
#13623 = LINE('',#13624,#13625);
#13624 = CARTESIAN_POINT('',(225.5,-91.1,-4.5E-02));
#13625 = VECTOR('',#13626,1.);
#13626 = DIRECTION('',(0.,0.,1.));
#13627 = ORIENTED_EDGE('',*,*,#12151,.F.);
#13628 = ORIENTED_EDGE('',*,*,#13622,.F.);
#13629 = CYLINDRICAL_SURFACE('',#13630,0.6);
#13630 = AXIS2_PLACEMENT_3D('',#13631,#13632,#13633);
#13631 = CARTESIAN_POINT('',(225.5,-90.5,-4.5E-02));
#13632 = DIRECTION('',(-0.,-0.,-1.));
#13633 = DIRECTION('',(-0.,-1.,0.));
#13634 = ADVANCED_FACE('',(#13635),#13646,.F.);
#13635 = FACE_BOUND('',#13636,.T.);
#13636 = EDGE_LOOP('',(#13637,#13638,#13644,#13645));
#13637 = ORIENTED_EDGE('',*,*,#10957,.T.);
#13638 = ORIENTED_EDGE('',*,*,#13639,.T.);
#13639 = EDGE_CURVE('',#10958,#12163,#13640,.T.);
#13640 = LINE('',#13641,#13642);
#13641 = CARTESIAN_POINT('',(244.,-88.85,-4.5E-02));
#13642 = VECTOR('',#13643,1.);
#13643 = DIRECTION('',(0.,0.,1.));
#13644 = ORIENTED_EDGE('',*,*,#12162,.F.);
#13645 = ORIENTED_EDGE('',*,*,#13639,.F.);
#13646 = CYLINDRICAL_SURFACE('',#13647,1.35);
#13647 = AXIS2_PLACEMENT_3D('',#13648,#13649,#13650);
#13648 = CARTESIAN_POINT('',(244.,-87.5,-4.5E-02));
#13649 = DIRECTION('',(-0.,-0.,-1.));
#13650 = DIRECTION('',(-0.,-1.,0.));
#13651 = ADVANCED_FACE('',(#13652),#13663,.F.);
#13652 = FACE_BOUND('',#13653,.T.);
#13653 = EDGE_LOOP('',(#13654,#13655,#13661,#13662));
#13654 = ORIENTED_EDGE('',*,*,#10968,.T.);
#13655 = ORIENTED_EDGE('',*,*,#13656,.T.);
#13656 = EDGE_CURVE('',#10969,#12174,#13657,.T.);
#13657 = LINE('',#13658,#13659);
#13658 = CARTESIAN_POINT('',(201.4,-83.45,-4.5E-02));
#13659 = VECTOR('',#13660,1.);
#13660 = DIRECTION('',(0.,0.,1.));
#13661 = ORIENTED_EDGE('',*,*,#12173,.F.);
#13662 = ORIENTED_EDGE('',*,*,#13656,.F.);
#13663 = CYLINDRICAL_SURFACE('',#13664,0.4);
#13664 = AXIS2_PLACEMENT_3D('',#13665,#13666,#13667);
#13665 = CARTESIAN_POINT('',(201.4,-83.05,-4.5E-02));
#13666 = DIRECTION('',(-0.,-0.,-1.));
#13667 = DIRECTION('',(-0.,-1.,0.));
#13668 = ADVANCED_FACE('',(#13669),#13680,.F.);
#13669 = FACE_BOUND('',#13670,.T.);
#13670 = EDGE_LOOP('',(#13671,#13672,#13678,#13679));
#13671 = ORIENTED_EDGE('',*,*,#10979,.T.);
#13672 = ORIENTED_EDGE('',*,*,#13673,.T.);
#13673 = EDGE_CURVE('',#10980,#12185,#13674,.T.);
#13674 = LINE('',#13675,#13676);
#13675 = CARTESIAN_POINT('',(203.94,-83.45,-4.5E-02));
#13676 = VECTOR('',#13677,1.);
#13677 = DIRECTION('',(0.,0.,1.));
#13678 = ORIENTED_EDGE('',*,*,#12184,.F.);
#13679 = ORIENTED_EDGE('',*,*,#13673,.F.);
#13680 = CYLINDRICAL_SURFACE('',#13681,0.4);
#13681 = AXIS2_PLACEMENT_3D('',#13682,#13683,#13684);
#13682 = CARTESIAN_POINT('',(203.94,-83.05,-4.5E-02));
#13683 = DIRECTION('',(-0.,-0.,-1.));
#13684 = DIRECTION('',(-0.,-1.,0.));
#13685 = ADVANCED_FACE('',(#13686),#13697,.F.);
#13686 = FACE_BOUND('',#13687,.T.);
#13687 = EDGE_LOOP('',(#13688,#13689,#13695,#13696));
#13688 = ORIENTED_EDGE('',*,*,#10990,.T.);
#13689 = ORIENTED_EDGE('',*,*,#13690,.T.);
#13690 = EDGE_CURVE('',#10991,#12196,#13691,.T.);
#13691 = LINE('',#13692,#13693);
#13692 = CARTESIAN_POINT('',(206.48,-83.45,-4.5E-02));
#13693 = VECTOR('',#13694,1.);
#13694 = DIRECTION('',(0.,0.,1.));
#13695 = ORIENTED_EDGE('',*,*,#12195,.F.);
#13696 = ORIENTED_EDGE('',*,*,#13690,.F.);
#13697 = CYLINDRICAL_SURFACE('',#13698,0.4);
#13698 = AXIS2_PLACEMENT_3D('',#13699,#13700,#13701);
#13699 = CARTESIAN_POINT('',(206.48,-83.05,-4.5E-02));
#13700 = DIRECTION('',(-0.,-0.,-1.));
#13701 = DIRECTION('',(-7.105427357601E-14,-1.,0.));
#13702 = ADVANCED_FACE('',(#13703),#13714,.F.);
#13703 = FACE_BOUND('',#13704,.T.);
#13704 = EDGE_LOOP('',(#13705,#13706,#13712,#13713));
#13705 = ORIENTED_EDGE('',*,*,#11001,.T.);
#13706 = ORIENTED_EDGE('',*,*,#13707,.T.);
#13707 = EDGE_CURVE('',#11002,#12207,#13708,.T.);
#13708 = LINE('',#13709,#13710);
#13709 = CARTESIAN_POINT('',(209.02,-83.45,-4.5E-02));
#13710 = VECTOR('',#13711,1.);
#13711 = DIRECTION('',(0.,0.,1.));
#13712 = ORIENTED_EDGE('',*,*,#12206,.F.);
#13713 = ORIENTED_EDGE('',*,*,#13707,.F.);
#13714 = CYLINDRICAL_SURFACE('',#13715,0.4);
#13715 = AXIS2_PLACEMENT_3D('',#13716,#13717,#13718);
#13716 = CARTESIAN_POINT('',(209.02,-83.05,-4.5E-02));
#13717 = DIRECTION('',(-0.,0.,-1.));
#13718 = DIRECTION('',(7.105427357601E-14,-1.,-0.));
#13719 = ADVANCED_FACE('',(#13720),#13731,.F.);
#13720 = FACE_BOUND('',#13721,.T.);
#13721 = EDGE_LOOP('',(#13722,#13723,#13729,#13730));
#13722 = ORIENTED_EDGE('',*,*,#11012,.T.);
#13723 = ORIENTED_EDGE('',*,*,#13724,.T.);
#13724 = EDGE_CURVE('',#11013,#12218,#13725,.T.);
#13725 = LINE('',#13726,#13727);
#13726 = CARTESIAN_POINT('',(211.56,-83.45,-4.5E-02));
#13727 = VECTOR('',#13728,1.);
#13728 = DIRECTION('',(0.,0.,1.));
#13729 = ORIENTED_EDGE('',*,*,#12217,.F.);
#13730 = ORIENTED_EDGE('',*,*,#13724,.F.);
#13731 = CYLINDRICAL_SURFACE('',#13732,0.4);
#13732 = AXIS2_PLACEMENT_3D('',#13733,#13734,#13735);
#13733 = CARTESIAN_POINT('',(211.56,-83.05,-4.5E-02));
#13734 = DIRECTION('',(-0.,-0.,-1.));
#13735 = DIRECTION('',(-0.,-1.,0.));
#13736 = ADVANCED_FACE('',(#13737),#13748,.F.);
#13737 = FACE_BOUND('',#13738,.T.);
#13738 = EDGE_LOOP('',(#13739,#13740,#13746,#13747));
#13739 = ORIENTED_EDGE('',*,*,#11023,.T.);
#13740 = ORIENTED_EDGE('',*,*,#13741,.T.);
#13741 = EDGE_CURVE('',#11024,#12229,#13742,.T.);
#13742 = LINE('',#13743,#13744);
#13743 = CARTESIAN_POINT('',(241.5675,-81.295,-4.5E-02));
#13744 = VECTOR('',#13745,1.);
#13745 = DIRECTION('',(0.,0.,1.));
#13746 = ORIENTED_EDGE('',*,*,#12228,.F.);
#13747 = ORIENTED_EDGE('',*,*,#13741,.F.);
#13748 = CYLINDRICAL_SURFACE('',#13749,0.6);
#13749 = AXIS2_PLACEMENT_3D('',#13750,#13751,#13752);
#13750 = CARTESIAN_POINT('',(241.5675,-80.695,-4.5E-02));
#13751 = DIRECTION('',(-0.,-0.,-1.));
#13752 = DIRECTION('',(-0.,-1.,0.));
#13753 = ADVANCED_FACE('',(#13754),#13765,.F.);
#13754 = FACE_BOUND('',#13755,.T.);
#13755 = EDGE_LOOP('',(#13756,#13757,#13763,#13764));
#13756 = ORIENTED_EDGE('',*,*,#11034,.T.);
#13757 = ORIENTED_EDGE('',*,*,#13758,.T.);
#13758 = EDGE_CURVE('',#11035,#12240,#13759,.T.);
#13759 = LINE('',#13760,#13761);
#13760 = CARTESIAN_POINT('',(241.5675,-77.795,-4.5E-02));
#13761 = VECTOR('',#13762,1.);
#13762 = DIRECTION('',(0.,0.,1.));
#13763 = ORIENTED_EDGE('',*,*,#12239,.F.);
#13764 = ORIENTED_EDGE('',*,*,#13758,.F.);
#13765 = CYLINDRICAL_SURFACE('',#13766,0.6);
#13766 = AXIS2_PLACEMENT_3D('',#13767,#13768,#13769);
#13767 = CARTESIAN_POINT('',(241.5675,-77.195,-4.5E-02));
#13768 = DIRECTION('',(-0.,-0.,-1.));
#13769 = DIRECTION('',(-0.,-1.,0.));
#13770 = ADVANCED_FACE('',(#13771),#13782,.F.);
#13771 = FACE_BOUND('',#13772,.T.);
#13772 = EDGE_LOOP('',(#13773,#13774,#13780,#13781));
#13773 = ORIENTED_EDGE('',*,*,#11045,.T.);
#13774 = ORIENTED_EDGE('',*,*,#13775,.T.);
#13775 = EDGE_CURVE('',#11046,#12251,#13776,.T.);
#13776 = LINE('',#13777,#13778);
#13777 = CARTESIAN_POINT('',(155.68,-70.75,-4.5E-02));
#13778 = VECTOR('',#13779,1.);
#13779 = DIRECTION('',(0.,0.,1.));
#13780 = ORIENTED_EDGE('',*,*,#12250,.F.);
#13781 = ORIENTED_EDGE('',*,*,#13775,.F.);
#13782 = CYLINDRICAL_SURFACE('',#13783,0.4);
#13783 = AXIS2_PLACEMENT_3D('',#13784,#13785,#13786);
#13784 = CARTESIAN_POINT('',(155.68,-70.35,-4.5E-02));
#13785 = DIRECTION('',(-0.,-0.,-1.));
#13786 = DIRECTION('',(-0.,-1.,0.));
#13787 = ADVANCED_FACE('',(#13788),#13799,.F.);
#13788 = FACE_BOUND('',#13789,.T.);
#13789 = EDGE_LOOP('',(#13790,#13791,#13797,#13798));
#13790 = ORIENTED_EDGE('',*,*,#11056,.T.);
#13791 = ORIENTED_EDGE('',*,*,#13792,.T.);
#13792 = EDGE_CURVE('',#11057,#12262,#13793,.T.);
#13793 = LINE('',#13794,#13795);
#13794 = CARTESIAN_POINT('',(166.11,-74.61,-4.5E-02));
#13795 = VECTOR('',#13796,1.);
#13796 = DIRECTION('',(0.,0.,1.));
#13797 = ORIENTED_EDGE('',*,*,#12261,.F.);
#13798 = ORIENTED_EDGE('',*,*,#13792,.F.);
#13799 = CYLINDRICAL_SURFACE('',#13800,0.35);
#13800 = AXIS2_PLACEMENT_3D('',#13801,#13802,#13803);
#13801 = CARTESIAN_POINT('',(166.11,-74.26,-4.5E-02));
#13802 = DIRECTION('',(-0.,-0.,-1.));
#13803 = DIRECTION('',(-0.,-1.,0.));
#13804 = ADVANCED_FACE('',(#13805),#13816,.F.);
#13805 = FACE_BOUND('',#13806,.T.);
#13806 = EDGE_LOOP('',(#13807,#13808,#13814,#13815));
#13807 = ORIENTED_EDGE('',*,*,#11067,.T.);
#13808 = ORIENTED_EDGE('',*,*,#13809,.T.);
#13809 = EDGE_CURVE('',#11068,#12273,#13810,.T.);
#13810 = LINE('',#13811,#13812);
#13811 = CARTESIAN_POINT('',(168.11,-74.61,-4.5E-02));
#13812 = VECTOR('',#13813,1.);
#13813 = DIRECTION('',(0.,0.,1.));
#13814 = ORIENTED_EDGE('',*,*,#12272,.F.);
#13815 = ORIENTED_EDGE('',*,*,#13809,.F.);
#13816 = CYLINDRICAL_SURFACE('',#13817,0.35);
#13817 = AXIS2_PLACEMENT_3D('',#13818,#13819,#13820);
#13818 = CARTESIAN_POINT('',(168.11,-74.26,-4.5E-02));
#13819 = DIRECTION('',(-0.,-0.,-1.));
#13820 = DIRECTION('',(-0.,-1.,0.));
#13821 = ADVANCED_FACE('',(#13822),#13833,.F.);
#13822 = FACE_BOUND('',#13823,.T.);
#13823 = EDGE_LOOP('',(#13824,#13825,#13831,#13832));
#13824 = ORIENTED_EDGE('',*,*,#11078,.T.);
#13825 = ORIENTED_EDGE('',*,*,#13826,.T.);
#13826 = EDGE_CURVE('',#11079,#12284,#13827,.T.);
#13827 = LINE('',#13828,#13829);
#13828 = CARTESIAN_POINT('',(166.11,-72.61,-4.5E-02));
#13829 = VECTOR('',#13830,1.);
#13830 = DIRECTION('',(0.,0.,1.));
#13831 = ORIENTED_EDGE('',*,*,#12283,.F.);
#13832 = ORIENTED_EDGE('',*,*,#13826,.F.);
#13833 = CYLINDRICAL_SURFACE('',#13834,0.35);
#13834 = AXIS2_PLACEMENT_3D('',#13835,#13836,#13837);
#13835 = CARTESIAN_POINT('',(166.11,-72.26,-4.5E-02));
#13836 = DIRECTION('',(-0.,-0.,-1.));
#13837 = DIRECTION('',(-0.,-1.,0.));
#13838 = ADVANCED_FACE('',(#13839),#13850,.F.);
#13839 = FACE_BOUND('',#13840,.T.);
#13840 = EDGE_LOOP('',(#13841,#13842,#13848,#13849));
#13841 = ORIENTED_EDGE('',*,*,#11089,.T.);
#13842 = ORIENTED_EDGE('',*,*,#13843,.T.);
#13843 = EDGE_CURVE('',#11090,#12295,#13844,.T.);
#13844 = LINE('',#13845,#13846);
#13845 = CARTESIAN_POINT('',(168.11,-72.61,-4.5E-02));
#13846 = VECTOR('',#13847,1.);
#13847 = DIRECTION('',(0.,0.,1.));
#13848 = ORIENTED_EDGE('',*,*,#12294,.F.);
#13849 = ORIENTED_EDGE('',*,*,#13843,.F.);
#13850 = CYLINDRICAL_SURFACE('',#13851,0.35);
#13851 = AXIS2_PLACEMENT_3D('',#13852,#13853,#13854);
#13852 = CARTESIAN_POINT('',(168.11,-72.26,-4.5E-02));
#13853 = DIRECTION('',(-0.,-0.,-1.));
#13854 = DIRECTION('',(-0.,-1.,0.));
#13855 = ADVANCED_FACE('',(#13856),#13867,.F.);
#13856 = FACE_BOUND('',#13857,.T.);
#13857 = EDGE_LOOP('',(#13858,#13859,#13865,#13866));
#13858 = ORIENTED_EDGE('',*,*,#11100,.T.);
#13859 = ORIENTED_EDGE('',*,*,#13860,.T.);
#13860 = EDGE_CURVE('',#11101,#12306,#13861,.T.);
#13861 = LINE('',#13862,#13863);
#13862 = CARTESIAN_POINT('',(166.11,-70.61,-4.5E-02));
#13863 = VECTOR('',#13864,1.);
#13864 = DIRECTION('',(0.,0.,1.));
#13865 = ORIENTED_EDGE('',*,*,#12305,.F.);
#13866 = ORIENTED_EDGE('',*,*,#13860,.F.);
#13867 = CYLINDRICAL_SURFACE('',#13868,0.35);
#13868 = AXIS2_PLACEMENT_3D('',#13869,#13870,#13871);
#13869 = CARTESIAN_POINT('',(166.11,-70.26,-4.5E-02));
#13870 = DIRECTION('',(-0.,-0.,-1.));
#13871 = DIRECTION('',(-0.,-1.,0.));
#13872 = ADVANCED_FACE('',(#13873),#13884,.F.);
#13873 = FACE_BOUND('',#13874,.T.);
#13874 = EDGE_LOOP('',(#13875,#13876,#13882,#13883));
#13875 = ORIENTED_EDGE('',*,*,#11111,.T.);
#13876 = ORIENTED_EDGE('',*,*,#13877,.T.);
#13877 = EDGE_CURVE('',#11112,#12317,#13878,.T.);
#13878 = LINE('',#13879,#13880);
#13879 = CARTESIAN_POINT('',(168.11,-70.61,-4.5E-02));
#13880 = VECTOR('',#13881,1.);
#13881 = DIRECTION('',(0.,0.,1.));
#13882 = ORIENTED_EDGE('',*,*,#12316,.F.);
#13883 = ORIENTED_EDGE('',*,*,#13877,.F.);
#13884 = CYLINDRICAL_SURFACE('',#13885,0.35);
#13885 = AXIS2_PLACEMENT_3D('',#13886,#13887,#13888);
#13886 = CARTESIAN_POINT('',(168.11,-70.26,-4.5E-02));
#13887 = DIRECTION('',(-0.,-0.,-1.));
#13888 = DIRECTION('',(-0.,-1.,0.));
#13889 = ADVANCED_FACE('',(#13890),#13901,.F.);
#13890 = FACE_BOUND('',#13891,.T.);
#13891 = EDGE_LOOP('',(#13892,#13893,#13899,#13900));
#13892 = ORIENTED_EDGE('',*,*,#11122,.T.);
#13893 = ORIENTED_EDGE('',*,*,#13894,.T.);
#13894 = EDGE_CURVE('',#11123,#12328,#13895,.T.);
#13895 = LINE('',#13896,#13897);
#13896 = CARTESIAN_POINT('',(153.14,-68.21,-4.5E-02));
#13897 = VECTOR('',#13898,1.);
#13898 = DIRECTION('',(0.,0.,1.));
#13899 = ORIENTED_EDGE('',*,*,#12327,.F.);
#13900 = ORIENTED_EDGE('',*,*,#13894,.F.);
#13901 = CYLINDRICAL_SURFACE('',#13902,0.4);
#13902 = AXIS2_PLACEMENT_3D('',#13903,#13904,#13905);
#13903 = CARTESIAN_POINT('',(153.14,-67.81,-4.5E-02));
#13904 = DIRECTION('',(-0.,-0.,-1.));
#13905 = DIRECTION('',(-0.,-1.,0.));
#13906 = ADVANCED_FACE('',(#13907),#13918,.F.);
#13907 = FACE_BOUND('',#13908,.T.);
#13908 = EDGE_LOOP('',(#13909,#13910,#13916,#13917));
#13909 = ORIENTED_EDGE('',*,*,#11133,.T.);
#13910 = ORIENTED_EDGE('',*,*,#13911,.T.);
#13911 = EDGE_CURVE('',#11134,#12339,#13912,.T.);
#13912 = LINE('',#13913,#13914);
#13913 = CARTESIAN_POINT('',(155.68,-68.21,-4.5E-02));
#13914 = VECTOR('',#13915,1.);
#13915 = DIRECTION('',(0.,0.,1.));
#13916 = ORIENTED_EDGE('',*,*,#12338,.F.);
#13917 = ORIENTED_EDGE('',*,*,#13911,.F.);
#13918 = CYLINDRICAL_SURFACE('',#13919,0.4);
#13919 = AXIS2_PLACEMENT_3D('',#13920,#13921,#13922);
#13920 = CARTESIAN_POINT('',(155.68,-67.81,-4.5E-02));
#13921 = DIRECTION('',(-0.,-0.,-1.));
#13922 = DIRECTION('',(-0.,-1.,0.));
#13923 = ADVANCED_FACE('',(#13924),#13935,.F.);
#13924 = FACE_BOUND('',#13925,.T.);
#13925 = EDGE_LOOP('',(#13926,#13927,#13933,#13934));
#13926 = ORIENTED_EDGE('',*,*,#11144,.T.);
#13927 = ORIENTED_EDGE('',*,*,#13928,.T.);
#13928 = EDGE_CURVE('',#11145,#12350,#13929,.T.);
#13929 = LINE('',#13930,#13931);
#13930 = CARTESIAN_POINT('',(158.22,-68.21,-4.5E-02));
#13931 = VECTOR('',#13932,1.);
#13932 = DIRECTION('',(0.,0.,1.));
#13933 = ORIENTED_EDGE('',*,*,#12349,.F.);
#13934 = ORIENTED_EDGE('',*,*,#13928,.F.);
#13935 = CYLINDRICAL_SURFACE('',#13936,0.4);
#13936 = AXIS2_PLACEMENT_3D('',#13937,#13938,#13939);
#13937 = CARTESIAN_POINT('',(158.22,-67.81,-4.5E-02));
#13938 = DIRECTION('',(-0.,-0.,-1.));
#13939 = DIRECTION('',(-0.,-1.,0.));
#13940 = ADVANCED_FACE('',(#13941),#13952,.F.);
#13941 = FACE_BOUND('',#13942,.T.);
#13942 = EDGE_LOOP('',(#13943,#13944,#13950,#13951));
#13943 = ORIENTED_EDGE('',*,*,#11155,.T.);
#13944 = ORIENTED_EDGE('',*,*,#13945,.T.);
#13945 = EDGE_CURVE('',#11156,#12361,#13946,.T.);
#13946 = LINE('',#13947,#13948);
#13947 = CARTESIAN_POINT('',(160.76,-68.21,-4.5E-02));
#13948 = VECTOR('',#13949,1.);
#13949 = DIRECTION('',(0.,0.,1.));
#13950 = ORIENTED_EDGE('',*,*,#12360,.F.);
#13951 = ORIENTED_EDGE('',*,*,#13945,.F.);
#13952 = CYLINDRICAL_SURFACE('',#13953,0.4);
#13953 = AXIS2_PLACEMENT_3D('',#13954,#13955,#13956);
#13954 = CARTESIAN_POINT('',(160.76,-67.81,-4.5E-02));
#13955 = DIRECTION('',(-0.,-0.,-1.));
#13956 = DIRECTION('',(-0.,-1.,0.));
#13957 = ADVANCED_FACE('',(#13958),#13969,.F.);
#13958 = FACE_BOUND('',#13959,.T.);
#13959 = EDGE_LOOP('',(#13960,#13961,#13967,#13968));
#13960 = ORIENTED_EDGE('',*,*,#11166,.T.);
#13961 = ORIENTED_EDGE('',*,*,#13962,.T.);
#13962 = EDGE_CURVE('',#11167,#12372,#13963,.T.);
#13963 = LINE('',#13964,#13965);
#13964 = CARTESIAN_POINT('',(163.3,-68.21,-4.5E-02));
#13965 = VECTOR('',#13966,1.);
#13966 = DIRECTION('',(0.,0.,1.));
#13967 = ORIENTED_EDGE('',*,*,#12371,.F.);
#13968 = ORIENTED_EDGE('',*,*,#13962,.F.);
#13969 = CYLINDRICAL_SURFACE('',#13970,0.4);
#13970 = AXIS2_PLACEMENT_3D('',#13971,#13972,#13973);
#13971 = CARTESIAN_POINT('',(163.3,-67.81,-4.5E-02));
#13972 = DIRECTION('',(-0.,-0.,-1.));
#13973 = DIRECTION('',(-0.,-1.,0.));
#13974 = ADVANCED_FACE('',(#13975),#13986,.F.);
#13975 = FACE_BOUND('',#13976,.T.);
#13976 = EDGE_LOOP('',(#13977,#13978,#13984,#13985));
#13977 = ORIENTED_EDGE('',*,*,#11177,.T.);
#13978 = ORIENTED_EDGE('',*,*,#13979,.T.);
#13979 = EDGE_CURVE('',#11178,#12383,#13980,.T.);
#13980 = LINE('',#13981,#13982);
#13981 = CARTESIAN_POINT('',(165.84,-68.21,-4.5E-02));
#13982 = VECTOR('',#13983,1.);
#13983 = DIRECTION('',(0.,0.,1.));
#13984 = ORIENTED_EDGE('',*,*,#12382,.F.);
#13985 = ORIENTED_EDGE('',*,*,#13979,.F.);
#13986 = CYLINDRICAL_SURFACE('',#13987,0.4);
#13987 = AXIS2_PLACEMENT_3D('',#13988,#13989,#13990);
#13988 = CARTESIAN_POINT('',(165.84,-67.81,-4.5E-02));
#13989 = DIRECTION('',(-0.,-0.,-1.));
#13990 = DIRECTION('',(-0.,-1.,0.));
#13991 = ADVANCED_FACE('',(#13992),#14003,.F.);
#13992 = FACE_BOUND('',#13993,.T.);
#13993 = EDGE_LOOP('',(#13994,#13995,#14001,#14002));
#13994 = ORIENTED_EDGE('',*,*,#11188,.T.);
#13995 = ORIENTED_EDGE('',*,*,#13996,.T.);
#13996 = EDGE_CURVE('',#11189,#12394,#13997,.T.);
#13997 = LINE('',#13998,#13999);
#13998 = CARTESIAN_POINT('',(168.38,-68.21,-4.5E-02));
#13999 = VECTOR('',#14000,1.);
#14000 = DIRECTION('',(0.,0.,1.));
#14001 = ORIENTED_EDGE('',*,*,#12393,.F.);
#14002 = ORIENTED_EDGE('',*,*,#13996,.F.);
#14003 = CYLINDRICAL_SURFACE('',#14004,0.4);
#14004 = AXIS2_PLACEMENT_3D('',#14005,#14006,#14007);
#14005 = CARTESIAN_POINT('',(168.38,-67.81,-4.5E-02));
#14006 = DIRECTION('',(-0.,-0.,-1.));
#14007 = DIRECTION('',(-0.,-1.,0.));
#14008 = ADVANCED_FACE('',(#14009),#14020,.F.);
#14009 = FACE_BOUND('',#14010,.T.);
#14010 = EDGE_LOOP('',(#14011,#14012,#14018,#14019));
#14011 = ORIENTED_EDGE('',*,*,#11199,.T.);
#14012 = ORIENTED_EDGE('',*,*,#14013,.T.);
#14013 = EDGE_CURVE('',#11200,#12405,#14014,.T.);
#14014 = LINE('',#14015,#14016);
#14015 = CARTESIAN_POINT('',(170.92,-68.21,-4.5E-02));
#14016 = VECTOR('',#14017,1.);
#14017 = DIRECTION('',(0.,0.,1.));
#14018 = ORIENTED_EDGE('',*,*,#12404,.F.);
#14019 = ORIENTED_EDGE('',*,*,#14013,.F.);
#14020 = CYLINDRICAL_SURFACE('',#14021,0.4);
#14021 = AXIS2_PLACEMENT_3D('',#14022,#14023,#14024);
#14022 = CARTESIAN_POINT('',(170.92,-67.81,-4.5E-02));
#14023 = DIRECTION('',(-0.,-0.,-1.));
#14024 = DIRECTION('',(-7.105427357601E-14,-1.,0.));
#14025 = ADVANCED_FACE('',(#14026),#14037,.F.);
#14026 = FACE_BOUND('',#14027,.T.);
#14027 = EDGE_LOOP('',(#14028,#14029,#14035,#14036));
#14028 = ORIENTED_EDGE('',*,*,#11210,.T.);
#14029 = ORIENTED_EDGE('',*,*,#14030,.T.);
#14030 = EDGE_CURVE('',#11211,#12416,#14031,.T.);
#14031 = LINE('',#14032,#14033);
#14032 = CARTESIAN_POINT('',(173.46,-68.21,-4.5E-02));
#14033 = VECTOR('',#14034,1.);
#14034 = DIRECTION('',(0.,0.,1.));
#14035 = ORIENTED_EDGE('',*,*,#12415,.F.);
#14036 = ORIENTED_EDGE('',*,*,#14030,.F.);
#14037 = CYLINDRICAL_SURFACE('',#14038,0.4);
#14038 = AXIS2_PLACEMENT_3D('',#14039,#14040,#14041);
#14039 = CARTESIAN_POINT('',(173.46,-67.81,-4.5E-02));
#14040 = DIRECTION('',(-0.,-0.,-1.));
#14041 = DIRECTION('',(-0.,-1.,0.));
#14042 = ADVANCED_FACE('',(#14043),#14054,.F.);
#14043 = FACE_BOUND('',#14044,.T.);
#14044 = EDGE_LOOP('',(#14045,#14046,#14052,#14053));
#14045 = ORIENTED_EDGE('',*,*,#11221,.T.);
#14046 = ORIENTED_EDGE('',*,*,#14047,.T.);
#14047 = EDGE_CURVE('',#11222,#12427,#14048,.T.);
#14048 = LINE('',#14049,#14050);
#14049 = CARTESIAN_POINT('',(176.,-68.21,-4.5E-02));
#14050 = VECTOR('',#14051,1.);
#14051 = DIRECTION('',(0.,0.,1.));
#14052 = ORIENTED_EDGE('',*,*,#12426,.F.);
#14053 = ORIENTED_EDGE('',*,*,#14047,.F.);
#14054 = CYLINDRICAL_SURFACE('',#14055,0.4);
#14055 = AXIS2_PLACEMENT_3D('',#14056,#14057,#14058);
#14056 = CARTESIAN_POINT('',(176.,-67.81,-4.5E-02));
#14057 = DIRECTION('',(-0.,-0.,-1.));
#14058 = DIRECTION('',(-0.,-1.,0.));
#14059 = ADVANCED_FACE('',(#14060),#14071,.F.);
#14060 = FACE_BOUND('',#14061,.T.);
#14061 = EDGE_LOOP('',(#14062,#14063,#14069,#14070));
#14062 = ORIENTED_EDGE('',*,*,#11232,.T.);
#14063 = ORIENTED_EDGE('',*,*,#14064,.T.);
#14064 = EDGE_CURVE('',#11233,#12438,#14065,.T.);
#14065 = LINE('',#14066,#14067);
#14066 = CARTESIAN_POINT('',(198.86,-73.29,-4.5E-02));
#14067 = VECTOR('',#14068,1.);
#14068 = DIRECTION('',(0.,0.,1.));
#14069 = ORIENTED_EDGE('',*,*,#12437,.F.);
#14070 = ORIENTED_EDGE('',*,*,#14064,.F.);
#14071 = CYLINDRICAL_SURFACE('',#14072,0.4);
#14072 = AXIS2_PLACEMENT_3D('',#14073,#14074,#14075);
#14073 = CARTESIAN_POINT('',(198.86,-72.89,-4.5E-02));
#14074 = DIRECTION('',(-0.,-0.,-1.));
#14075 = DIRECTION('',(-0.,-1.,0.));
#14076 = ADVANCED_FACE('',(#14077),#14088,.F.);
#14077 = FACE_BOUND('',#14078,.T.);
#14078 = EDGE_LOOP('',(#14079,#14080,#14086,#14087));
#14079 = ORIENTED_EDGE('',*,*,#11243,.T.);
#14080 = ORIENTED_EDGE('',*,*,#14081,.T.);
#14081 = EDGE_CURVE('',#11244,#12449,#14082,.T.);
#14082 = LINE('',#14083,#14084);
#14083 = CARTESIAN_POINT('',(198.86,-70.75,-4.5E-02));
#14084 = VECTOR('',#14085,1.);
#14085 = DIRECTION('',(0.,0.,1.));
#14086 = ORIENTED_EDGE('',*,*,#12448,.F.);
#14087 = ORIENTED_EDGE('',*,*,#14081,.F.);
#14088 = CYLINDRICAL_SURFACE('',#14089,0.4);
#14089 = AXIS2_PLACEMENT_3D('',#14090,#14091,#14092);
#14090 = CARTESIAN_POINT('',(198.86,-70.35,-4.5E-02));
#14091 = DIRECTION('',(-0.,-0.,-1.));
#14092 = DIRECTION('',(-0.,-1.,0.));
#14093 = ADVANCED_FACE('',(#14094),#14105,.F.);
#14094 = FACE_BOUND('',#14095,.T.);
#14095 = EDGE_LOOP('',(#14096,#14097,#14103,#14104));
#14096 = ORIENTED_EDGE('',*,*,#11254,.T.);
#14097 = ORIENTED_EDGE('',*,*,#14098,.T.);
#14098 = EDGE_CURVE('',#11255,#12460,#14099,.T.);
#14099 = LINE('',#14100,#14101);
#14100 = CARTESIAN_POINT('',(178.54,-68.21,-4.5E-02));
#14101 = VECTOR('',#14102,1.);
#14102 = DIRECTION('',(0.,0.,1.));
#14103 = ORIENTED_EDGE('',*,*,#12459,.F.);
#14104 = ORIENTED_EDGE('',*,*,#14098,.F.);
#14105 = CYLINDRICAL_SURFACE('',#14106,0.4);
#14106 = AXIS2_PLACEMENT_3D('',#14107,#14108,#14109);
#14107 = CARTESIAN_POINT('',(178.54,-67.81,-4.5E-02));
#14108 = DIRECTION('',(-0.,-0.,-1.));
#14109 = DIRECTION('',(-0.,-1.,0.));
#14110 = ADVANCED_FACE('',(#14111),#14122,.F.);
#14111 = FACE_BOUND('',#14112,.T.);
#14112 = EDGE_LOOP('',(#14113,#14114,#14120,#14121));
#14113 = ORIENTED_EDGE('',*,*,#11265,.T.);
#14114 = ORIENTED_EDGE('',*,*,#14115,.T.);
#14115 = EDGE_CURVE('',#11266,#12471,#14116,.T.);
#14116 = LINE('',#14117,#14118);
#14117 = CARTESIAN_POINT('',(181.08,-68.21,-4.5E-02));
#14118 = VECTOR('',#14119,1.);
#14119 = DIRECTION('',(0.,0.,1.));
#14120 = ORIENTED_EDGE('',*,*,#12470,.F.);
#14121 = ORIENTED_EDGE('',*,*,#14115,.F.);
#14122 = CYLINDRICAL_SURFACE('',#14123,0.4);
#14123 = AXIS2_PLACEMENT_3D('',#14124,#14125,#14126);
#14124 = CARTESIAN_POINT('',(181.08,-67.81,-4.5E-02));
#14125 = DIRECTION('',(-0.,0.,-1.));
#14126 = DIRECTION('',(7.105427357601E-14,-1.,-0.));
#14127 = ADVANCED_FACE('',(#14128),#14139,.F.);
#14128 = FACE_BOUND('',#14129,.T.);
#14129 = EDGE_LOOP('',(#14130,#14131,#14137,#14138));
#14130 = ORIENTED_EDGE('',*,*,#11276,.T.);
#14131 = ORIENTED_EDGE('',*,*,#14132,.T.);
#14132 = EDGE_CURVE('',#11277,#12482,#14133,.T.);
#14133 = LINE('',#14134,#14135);
#14134 = CARTESIAN_POINT('',(183.62,-68.21,-4.5E-02));
#14135 = VECTOR('',#14136,1.);
#14136 = DIRECTION('',(0.,0.,1.));
#14137 = ORIENTED_EDGE('',*,*,#12481,.F.);
#14138 = ORIENTED_EDGE('',*,*,#14132,.F.);
#14139 = CYLINDRICAL_SURFACE('',#14140,0.4);
#14140 = AXIS2_PLACEMENT_3D('',#14141,#14142,#14143);
#14141 = CARTESIAN_POINT('',(183.62,-67.81,-4.5E-02));
#14142 = DIRECTION('',(-0.,-0.,-1.));
#14143 = DIRECTION('',(-0.,-1.,0.));
#14144 = ADVANCED_FACE('',(#14145),#14156,.F.);
#14145 = FACE_BOUND('',#14146,.T.);
#14146 = EDGE_LOOP('',(#14147,#14148,#14154,#14155));
#14147 = ORIENTED_EDGE('',*,*,#11287,.T.);
#14148 = ORIENTED_EDGE('',*,*,#14149,.T.);
#14149 = EDGE_CURVE('',#11288,#12493,#14150,.T.);
#14150 = LINE('',#14151,#14152);
#14151 = CARTESIAN_POINT('',(186.16,-68.21,-4.5E-02));
#14152 = VECTOR('',#14153,1.);
#14153 = DIRECTION('',(0.,0.,1.));
#14154 = ORIENTED_EDGE('',*,*,#12492,.F.);
#14155 = ORIENTED_EDGE('',*,*,#14149,.F.);
#14156 = CYLINDRICAL_SURFACE('',#14157,0.4);
#14157 = AXIS2_PLACEMENT_3D('',#14158,#14159,#14160);
#14158 = CARTESIAN_POINT('',(186.16,-67.81,-4.5E-02));
#14159 = DIRECTION('',(-0.,-0.,-1.));
#14160 = DIRECTION('',(-0.,-1.,0.));
#14161 = ADVANCED_FACE('',(#14162),#14173,.F.);
#14162 = FACE_BOUND('',#14163,.T.);
#14163 = EDGE_LOOP('',(#14164,#14165,#14171,#14172));
#14164 = ORIENTED_EDGE('',*,*,#11298,.T.);
#14165 = ORIENTED_EDGE('',*,*,#14166,.T.);
#14166 = EDGE_CURVE('',#11299,#12504,#14167,.T.);
#14167 = LINE('',#14168,#14169);
#14168 = CARTESIAN_POINT('',(188.7,-68.21,-4.5E-02));
#14169 = VECTOR('',#14170,1.);
#14170 = DIRECTION('',(0.,0.,1.));
#14171 = ORIENTED_EDGE('',*,*,#12503,.F.);
#14172 = ORIENTED_EDGE('',*,*,#14166,.F.);
#14173 = CYLINDRICAL_SURFACE('',#14174,0.4);
#14174 = AXIS2_PLACEMENT_3D('',#14175,#14176,#14177);
#14175 = CARTESIAN_POINT('',(188.7,-67.81,-4.5E-02));
#14176 = DIRECTION('',(-0.,-0.,-1.));
#14177 = DIRECTION('',(-0.,-1.,0.));
#14178 = ADVANCED_FACE('',(#14179),#14190,.F.);
#14179 = FACE_BOUND('',#14180,.T.);
#14180 = EDGE_LOOP('',(#14181,#14182,#14188,#14189));
#14181 = ORIENTED_EDGE('',*,*,#11309,.T.);
#14182 = ORIENTED_EDGE('',*,*,#14183,.T.);
#14183 = EDGE_CURVE('',#11310,#12515,#14184,.T.);
#14184 = LINE('',#14185,#14186);
#14185 = CARTESIAN_POINT('',(191.24,-68.21,-4.5E-02));
#14186 = VECTOR('',#14187,1.);
#14187 = DIRECTION('',(0.,0.,1.));
#14188 = ORIENTED_EDGE('',*,*,#12514,.F.);
#14189 = ORIENTED_EDGE('',*,*,#14183,.F.);
#14190 = CYLINDRICAL_SURFACE('',#14191,0.4);
#14191 = AXIS2_PLACEMENT_3D('',#14192,#14193,#14194);
#14192 = CARTESIAN_POINT('',(191.24,-67.81,-4.5E-02));
#14193 = DIRECTION('',(-0.,-0.,-1.));
#14194 = DIRECTION('',(-0.,-1.,0.));
#14195 = ADVANCED_FACE('',(#14196),#14207,.F.);
#14196 = FACE_BOUND('',#14197,.T.);
#14197 = EDGE_LOOP('',(#14198,#14199,#14205,#14206));
#14198 = ORIENTED_EDGE('',*,*,#11320,.T.);
#14199 = ORIENTED_EDGE('',*,*,#14200,.T.);
#14200 = EDGE_CURVE('',#11321,#12526,#14201,.T.);
#14201 = LINE('',#14202,#14203);
#14202 = CARTESIAN_POINT('',(193.78,-68.21,-4.5E-02));
#14203 = VECTOR('',#14204,1.);
#14204 = DIRECTION('',(0.,0.,1.));
#14205 = ORIENTED_EDGE('',*,*,#12525,.F.);
#14206 = ORIENTED_EDGE('',*,*,#14200,.F.);
#14207 = CYLINDRICAL_SURFACE('',#14208,0.4);
#14208 = AXIS2_PLACEMENT_3D('',#14209,#14210,#14211);
#14209 = CARTESIAN_POINT('',(193.78,-67.81,-4.5E-02));
#14210 = DIRECTION('',(-0.,-0.,-1.));
#14211 = DIRECTION('',(-0.,-1.,0.));
#14212 = ADVANCED_FACE('',(#14213),#14224,.F.);
#14213 = FACE_BOUND('',#14214,.T.);
#14214 = EDGE_LOOP('',(#14215,#14216,#14222,#14223));
#14215 = ORIENTED_EDGE('',*,*,#11331,.T.);
#14216 = ORIENTED_EDGE('',*,*,#14217,.T.);
#14217 = EDGE_CURVE('',#11332,#12537,#14218,.T.);
#14218 = LINE('',#14219,#14220);
#14219 = CARTESIAN_POINT('',(196.32,-68.21,-4.5E-02));
#14220 = VECTOR('',#14221,1.);
#14221 = DIRECTION('',(0.,0.,1.));
#14222 = ORIENTED_EDGE('',*,*,#12536,.F.);
#14223 = ORIENTED_EDGE('',*,*,#14217,.F.);
#14224 = CYLINDRICAL_SURFACE('',#14225,0.4);
#14225 = AXIS2_PLACEMENT_3D('',#14226,#14227,#14228);
#14226 = CARTESIAN_POINT('',(196.32,-67.81,-4.5E-02));
#14227 = DIRECTION('',(-0.,-0.,-1.));
#14228 = DIRECTION('',(-0.,-1.,0.));
#14229 = ADVANCED_FACE('',(#14230),#14241,.F.);
#14230 = FACE_BOUND('',#14231,.T.);
#14231 = EDGE_LOOP('',(#14232,#14233,#14239,#14240));
#14232 = ORIENTED_EDGE('',*,*,#11342,.T.);
#14233 = ORIENTED_EDGE('',*,*,#14234,.T.);
#14234 = EDGE_CURVE('',#11343,#12548,#14235,.T.);
#14235 = LINE('',#14236,#14237);
#14236 = CARTESIAN_POINT('',(198.86,-68.21,-4.5E-02));
#14237 = VECTOR('',#14238,1.);
#14238 = DIRECTION('',(0.,0.,1.));
#14239 = ORIENTED_EDGE('',*,*,#12547,.F.);
#14240 = ORIENTED_EDGE('',*,*,#14234,.F.);
#14241 = CYLINDRICAL_SURFACE('',#14242,0.4);
#14242 = AXIS2_PLACEMENT_3D('',#14243,#14244,#14245);
#14243 = CARTESIAN_POINT('',(198.86,-67.81,-4.5E-02));
#14244 = DIRECTION('',(-0.,-0.,-1.));
#14245 = DIRECTION('',(-0.,-1.,0.));
#14246 = ADVANCED_FACE('',(#14247),#14258,.F.);
#14247 = FACE_BOUND('',#14248,.T.);
#14248 = EDGE_LOOP('',(#14249,#14250,#14256,#14257));
#14249 = ORIENTED_EDGE('',*,*,#11353,.T.);
#14250 = ORIENTED_EDGE('',*,*,#14251,.T.);
#14251 = EDGE_CURVE('',#11354,#12559,#14252,.T.);
#14252 = LINE('',#14253,#14254);
#14253 = CARTESIAN_POINT('',(155.5,-55.35,-4.5E-02));
#14254 = VECTOR('',#14255,1.);
#14255 = DIRECTION('',(0.,0.,1.));
#14256 = ORIENTED_EDGE('',*,*,#12558,.F.);
#14257 = ORIENTED_EDGE('',*,*,#14251,.F.);
#14258 = CYLINDRICAL_SURFACE('',#14259,1.35);
#14259 = AXIS2_PLACEMENT_3D('',#14260,#14261,#14262);
#14260 = CARTESIAN_POINT('',(155.5,-54.,-4.5E-02));
#14261 = DIRECTION('',(-0.,-0.,-1.));
#14262 = DIRECTION('',(-0.,-1.,0.));
#14263 = ADVANCED_FACE('',(#14264),#14275,.F.);
#14264 = FACE_BOUND('',#14265,.T.);
#14265 = EDGE_LOOP('',(#14266,#14267,#14273,#14274));
#14266 = ORIENTED_EDGE('',*,*,#11364,.T.);
#14267 = ORIENTED_EDGE('',*,*,#14268,.T.);
#14268 = EDGE_CURVE('',#11365,#12570,#14269,.T.);
#14269 = LINE('',#14270,#14271);
#14270 = CARTESIAN_POINT('',(162.445,-55.0325,-4.5E-02));
#14271 = VECTOR('',#14272,1.);
#14272 = DIRECTION('',(0.,0.,1.));
#14273 = ORIENTED_EDGE('',*,*,#12569,.F.);
#14274 = ORIENTED_EDGE('',*,*,#14268,.F.);
#14275 = CYLINDRICAL_SURFACE('',#14276,0.6);
#14276 = AXIS2_PLACEMENT_3D('',#14277,#14278,#14279);
#14277 = CARTESIAN_POINT('',(162.445,-54.4325,-4.5E-02));
#14278 = DIRECTION('',(-0.,-0.,-1.));
#14279 = DIRECTION('',(-0.,-1.,0.));
#14280 = ADVANCED_FACE('',(#14281),#14292,.F.);
#14281 = FACE_BOUND('',#14282,.T.);
#14282 = EDGE_LOOP('',(#14283,#14284,#14290,#14291));
#14283 = ORIENTED_EDGE('',*,*,#11375,.T.);
#14284 = ORIENTED_EDGE('',*,*,#14285,.T.);
#14285 = EDGE_CURVE('',#11376,#12581,#14286,.T.);
#14286 = LINE('',#14287,#14288);
#14287 = CARTESIAN_POINT('',(165.945,-55.0325,-4.5E-02));
#14288 = VECTOR('',#14289,1.);
#14289 = DIRECTION('',(0.,0.,1.));
#14290 = ORIENTED_EDGE('',*,*,#12580,.F.);
#14291 = ORIENTED_EDGE('',*,*,#14285,.F.);
#14292 = CYLINDRICAL_SURFACE('',#14293,0.6);
#14293 = AXIS2_PLACEMENT_3D('',#14294,#14295,#14296);
#14294 = CARTESIAN_POINT('',(165.945,-54.4325,-4.5E-02));
#14295 = DIRECTION('',(-0.,-0.,-1.));
#14296 = DIRECTION('',(-0.,-1.,0.));
#14297 = ADVANCED_FACE('',(#14298),#14309,.F.);
#14298 = FACE_BOUND('',#14299,.T.);
#14299 = EDGE_LOOP('',(#14300,#14301,#14307,#14308));
#14300 = ORIENTED_EDGE('',*,*,#11386,.T.);
#14301 = ORIENTED_EDGE('',*,*,#14302,.T.);
#14302 = EDGE_CURVE('',#11387,#12592,#14303,.T.);
#14303 = LINE('',#14304,#14305);
#14304 = CARTESIAN_POINT('',(169.445,-55.0325,-4.5E-02));
#14305 = VECTOR('',#14306,1.);
#14306 = DIRECTION('',(0.,0.,1.));
#14307 = ORIENTED_EDGE('',*,*,#12591,.F.);
#14308 = ORIENTED_EDGE('',*,*,#14302,.F.);
#14309 = CYLINDRICAL_SURFACE('',#14310,0.6);
#14310 = AXIS2_PLACEMENT_3D('',#14311,#14312,#14313);
#14311 = CARTESIAN_POINT('',(169.445,-54.4325,-4.5E-02));
#14312 = DIRECTION('',(-0.,-0.,-1.));
#14313 = DIRECTION('',(-0.,-1.,0.));
#14314 = ADVANCED_FACE('',(#14315),#14326,.F.);
#14315 = FACE_BOUND('',#14316,.T.);
#14316 = EDGE_LOOP('',(#14317,#14318,#14324,#14325));
#14317 = ORIENTED_EDGE('',*,*,#11397,.T.);
#14318 = ORIENTED_EDGE('',*,*,#14319,.T.);
#14319 = EDGE_CURVE('',#11398,#12603,#14320,.T.);
#14320 = LINE('',#14321,#14322);
#14321 = CARTESIAN_POINT('',(178.945,-55.0325,-4.5E-02));
#14322 = VECTOR('',#14323,1.);
#14323 = DIRECTION('',(0.,0.,1.));
#14324 = ORIENTED_EDGE('',*,*,#12602,.F.);
#14325 = ORIENTED_EDGE('',*,*,#14319,.F.);
#14326 = CYLINDRICAL_SURFACE('',#14327,0.6);
#14327 = AXIS2_PLACEMENT_3D('',#14328,#14329,#14330);
#14328 = CARTESIAN_POINT('',(178.945,-54.4325,-4.5E-02));
#14329 = DIRECTION('',(-0.,-0.,-1.));
#14330 = DIRECTION('',(-0.,-1.,0.));
#14331 = ADVANCED_FACE('',(#14332),#14343,.F.);
#14332 = FACE_BOUND('',#14333,.T.);
#14333 = EDGE_LOOP('',(#14334,#14335,#14341,#14342));
#14334 = ORIENTED_EDGE('',*,*,#11408,.T.);
#14335 = ORIENTED_EDGE('',*,*,#14336,.T.);
#14336 = EDGE_CURVE('',#11409,#12614,#14337,.T.);
#14337 = LINE('',#14338,#14339);
#14338 = CARTESIAN_POINT('',(182.445,-55.0325,-4.5E-02));
#14339 = VECTOR('',#14340,1.);
#14340 = DIRECTION('',(0.,0.,1.));
#14341 = ORIENTED_EDGE('',*,*,#12613,.F.);
#14342 = ORIENTED_EDGE('',*,*,#14336,.F.);
#14343 = CYLINDRICAL_SURFACE('',#14344,0.6);
#14344 = AXIS2_PLACEMENT_3D('',#14345,#14346,#14347);
#14345 = CARTESIAN_POINT('',(182.445,-54.4325,-4.5E-02));
#14346 = DIRECTION('',(-0.,-0.,-1.));
#14347 = DIRECTION('',(-0.,-1.,0.));
#14348 = ADVANCED_FACE('',(#14349),#14360,.F.);
#14349 = FACE_BOUND('',#14350,.T.);
#14350 = EDGE_LOOP('',(#14351,#14352,#14358,#14359));
#14351 = ORIENTED_EDGE('',*,*,#11419,.T.);
#14352 = ORIENTED_EDGE('',*,*,#14353,.T.);
#14353 = EDGE_CURVE('',#11420,#12625,#14354,.T.);
#14354 = LINE('',#14355,#14356);
#14355 = CARTESIAN_POINT('',(185.945,-55.0325,-4.5E-02));
#14356 = VECTOR('',#14357,1.);
#14357 = DIRECTION('',(0.,0.,1.));
#14358 = ORIENTED_EDGE('',*,*,#12624,.F.);
#14359 = ORIENTED_EDGE('',*,*,#14353,.F.);
#14360 = CYLINDRICAL_SURFACE('',#14361,0.6);
#14361 = AXIS2_PLACEMENT_3D('',#14362,#14363,#14364);
#14362 = CARTESIAN_POINT('',(185.945,-54.4325,-4.5E-02));
#14363 = DIRECTION('',(-0.,-0.,-1.));
#14364 = DIRECTION('',(-0.,-1.,0.));
#14365 = ADVANCED_FACE('',(#14366),#14377,.F.);
#14366 = FACE_BOUND('',#14367,.T.);
#14367 = EDGE_LOOP('',(#14368,#14369,#14375,#14376));
#14368 = ORIENTED_EDGE('',*,*,#11430,.T.);
#14369 = ORIENTED_EDGE('',*,*,#14370,.T.);
#14370 = EDGE_CURVE('',#11431,#12636,#14371,.T.);
#14371 = LINE('',#14372,#14373);
#14372 = CARTESIAN_POINT('',(195.,-55.1,-4.5E-02));
#14373 = VECTOR('',#14374,1.);
#14374 = DIRECTION('',(0.,0.,1.));
#14375 = ORIENTED_EDGE('',*,*,#12635,.F.);
#14376 = ORIENTED_EDGE('',*,*,#14370,.F.);
#14377 = CYLINDRICAL_SURFACE('',#14378,0.6);
#14378 = AXIS2_PLACEMENT_3D('',#14379,#14380,#14381);
#14379 = CARTESIAN_POINT('',(195.,-54.5,-4.5E-02));
#14380 = DIRECTION('',(-0.,-0.,-1.));
#14381 = DIRECTION('',(-0.,-1.,0.));
#14382 = ADVANCED_FACE('',(#14383),#14394,.F.);
#14383 = FACE_BOUND('',#14384,.T.);
#14384 = EDGE_LOOP('',(#14385,#14386,#14392,#14393));
#14385 = ORIENTED_EDGE('',*,*,#11441,.T.);
#14386 = ORIENTED_EDGE('',*,*,#14387,.T.);
#14387 = EDGE_CURVE('',#11442,#12647,#14388,.T.);
#14388 = LINE('',#14389,#14390);
#14389 = CARTESIAN_POINT('',(198.5,-55.1,-4.5E-02));
#14390 = VECTOR('',#14391,1.);
#14391 = DIRECTION('',(0.,0.,1.));
#14392 = ORIENTED_EDGE('',*,*,#12646,.F.);
#14393 = ORIENTED_EDGE('',*,*,#14387,.F.);
#14394 = CYLINDRICAL_SURFACE('',#14395,0.6);
#14395 = AXIS2_PLACEMENT_3D('',#14396,#14397,#14398);
#14396 = CARTESIAN_POINT('',(198.5,-54.5,-4.5E-02));
#14397 = DIRECTION('',(-0.,-0.,-1.));
#14398 = DIRECTION('',(-0.,-1.,0.));
#14399 = ADVANCED_FACE('',(#14400),#14411,.F.);
#14400 = FACE_BOUND('',#14401,.T.);
#14401 = EDGE_LOOP('',(#14402,#14403,#14409,#14410));
#14402 = ORIENTED_EDGE('',*,*,#11452,.T.);
#14403 = ORIENTED_EDGE('',*,*,#14404,.T.);
#14404 = EDGE_CURVE('',#11453,#12658,#14405,.T.);
#14405 = LINE('',#14406,#14407);
#14406 = CARTESIAN_POINT('',(201.4,-68.21,-4.5E-02));
#14407 = VECTOR('',#14408,1.);
#14408 = DIRECTION('',(0.,0.,1.));
#14409 = ORIENTED_EDGE('',*,*,#12657,.F.);
#14410 = ORIENTED_EDGE('',*,*,#14404,.F.);
#14411 = CYLINDRICAL_SURFACE('',#14412,0.4);
#14412 = AXIS2_PLACEMENT_3D('',#14413,#14414,#14415);
#14413 = CARTESIAN_POINT('',(201.4,-67.81,-4.5E-02));
#14414 = DIRECTION('',(-0.,-0.,-1.));
#14415 = DIRECTION('',(-0.,-1.,0.));
#14416 = ADVANCED_FACE('',(#14417),#14428,.F.);
#14417 = FACE_BOUND('',#14418,.T.);
#14418 = EDGE_LOOP('',(#14419,#14420,#14426,#14427));
#14419 = ORIENTED_EDGE('',*,*,#11463,.T.);
#14420 = ORIENTED_EDGE('',*,*,#14421,.T.);
#14421 = EDGE_CURVE('',#11464,#12669,#14422,.T.);
#14422 = LINE('',#14423,#14424);
#14423 = CARTESIAN_POINT('',(203.94,-68.21,-4.5E-02));
#14424 = VECTOR('',#14425,1.);
#14425 = DIRECTION('',(0.,0.,1.));
#14426 = ORIENTED_EDGE('',*,*,#12668,.F.);
#14427 = ORIENTED_EDGE('',*,*,#14421,.F.);
#14428 = CYLINDRICAL_SURFACE('',#14429,0.4);
#14429 = AXIS2_PLACEMENT_3D('',#14430,#14431,#14432);
#14430 = CARTESIAN_POINT('',(203.94,-67.81,-4.5E-02));
#14431 = DIRECTION('',(-0.,-0.,-1.));
#14432 = DIRECTION('',(-0.,-1.,0.));
#14433 = ADVANCED_FACE('',(#14434),#14445,.F.);
#14434 = FACE_BOUND('',#14435,.T.);
#14435 = EDGE_LOOP('',(#14436,#14437,#14443,#14444));
#14436 = ORIENTED_EDGE('',*,*,#11474,.T.);
#14437 = ORIENTED_EDGE('',*,*,#14438,.T.);
#14438 = EDGE_CURVE('',#11475,#12680,#14439,.T.);
#14439 = LINE('',#14440,#14441);
#14440 = CARTESIAN_POINT('',(206.48,-68.21,-4.5E-02));
#14441 = VECTOR('',#14442,1.);
#14442 = DIRECTION('',(0.,0.,1.));
#14443 = ORIENTED_EDGE('',*,*,#12679,.F.);
#14444 = ORIENTED_EDGE('',*,*,#14438,.F.);
#14445 = CYLINDRICAL_SURFACE('',#14446,0.4);
#14446 = AXIS2_PLACEMENT_3D('',#14447,#14448,#14449);
#14447 = CARTESIAN_POINT('',(206.48,-67.81,-4.5E-02));
#14448 = DIRECTION('',(-0.,-0.,-1.));
#14449 = DIRECTION('',(-7.105427357601E-14,-1.,0.));
#14450 = ADVANCED_FACE('',(#14451),#14462,.F.);
#14451 = FACE_BOUND('',#14452,.T.);
#14452 = EDGE_LOOP('',(#14453,#14454,#14460,#14461));
#14453 = ORIENTED_EDGE('',*,*,#11485,.T.);
#14454 = ORIENTED_EDGE('',*,*,#14455,.T.);
#14455 = EDGE_CURVE('',#11486,#12691,#14456,.T.);
#14456 = LINE('',#14457,#14458);
#14457 = CARTESIAN_POINT('',(209.02,-68.21,-4.5E-02));
#14458 = VECTOR('',#14459,1.);
#14459 = DIRECTION('',(0.,0.,1.));
#14460 = ORIENTED_EDGE('',*,*,#12690,.F.);
#14461 = ORIENTED_EDGE('',*,*,#14455,.F.);
#14462 = CYLINDRICAL_SURFACE('',#14463,0.4);
#14463 = AXIS2_PLACEMENT_3D('',#14464,#14465,#14466);
#14464 = CARTESIAN_POINT('',(209.02,-67.81,-4.5E-02));
#14465 = DIRECTION('',(-0.,0.,-1.));
#14466 = DIRECTION('',(7.105427357601E-14,-1.,-0.));
#14467 = ADVANCED_FACE('',(#14468),#14479,.F.);
#14468 = FACE_BOUND('',#14469,.T.);
#14469 = EDGE_LOOP('',(#14470,#14471,#14477,#14478));
#14470 = ORIENTED_EDGE('',*,*,#11496,.T.);
#14471 = ORIENTED_EDGE('',*,*,#14472,.T.);
#14472 = EDGE_CURVE('',#11497,#12702,#14473,.T.);
#14473 = LINE('',#14474,#14475);
#14474 = CARTESIAN_POINT('',(211.56,-68.21,-4.5E-02));
#14475 = VECTOR('',#14476,1.);
#14476 = DIRECTION('',(0.,0.,1.));
#14477 = ORIENTED_EDGE('',*,*,#12701,.F.);
#14478 = ORIENTED_EDGE('',*,*,#14472,.F.);
#14479 = CYLINDRICAL_SURFACE('',#14480,0.4);
#14480 = AXIS2_PLACEMENT_3D('',#14481,#14482,#14483);
#14481 = CARTESIAN_POINT('',(211.56,-67.81,-4.5E-02));
#14482 = DIRECTION('',(-0.,-0.,-1.));
#14483 = DIRECTION('',(-0.,-1.,0.));
#14484 = ADVANCED_FACE('',(#14485),#14496,.F.);
#14485 = FACE_BOUND('',#14486,.T.);
#14486 = EDGE_LOOP('',(#14487,#14488,#14494,#14495));
#14487 = ORIENTED_EDGE('',*,*,#11507,.T.);
#14488 = ORIENTED_EDGE('',*,*,#14489,.T.);
#14489 = EDGE_CURVE('',#11508,#12713,#14490,.T.);
#14490 = LINE('',#14491,#14492);
#14491 = CARTESIAN_POINT('',(241.5675,-70.795,-4.5E-02));
#14492 = VECTOR('',#14493,1.);
#14493 = DIRECTION('',(0.,0.,1.));
#14494 = ORIENTED_EDGE('',*,*,#12712,.F.);
#14495 = ORIENTED_EDGE('',*,*,#14489,.F.);
#14496 = CYLINDRICAL_SURFACE('',#14497,0.6);
#14497 = AXIS2_PLACEMENT_3D('',#14498,#14499,#14500);
#14498 = CARTESIAN_POINT('',(241.5675,-70.195,-4.5E-02));
#14499 = DIRECTION('',(-0.,-0.,-1.));
#14500 = DIRECTION('',(-0.,-1.,0.));
#14501 = ADVANCED_FACE('',(#14502),#14513,.F.);
#14502 = FACE_BOUND('',#14503,.T.);
#14503 = EDGE_LOOP('',(#14504,#14505,#14511,#14512));
#14504 = ORIENTED_EDGE('',*,*,#11518,.T.);
#14505 = ORIENTED_EDGE('',*,*,#14506,.T.);
#14506 = EDGE_CURVE('',#11519,#12724,#14507,.T.);
#14507 = LINE('',#14508,#14509);
#14508 = CARTESIAN_POINT('',(241.5675,-67.295,-4.5E-02));
#14509 = VECTOR('',#14510,1.);
#14510 = DIRECTION('',(0.,0.,1.));
#14511 = ORIENTED_EDGE('',*,*,#12723,.F.);
#14512 = ORIENTED_EDGE('',*,*,#14506,.F.);
#14513 = CYLINDRICAL_SURFACE('',#14514,0.6);
#14514 = AXIS2_PLACEMENT_3D('',#14515,#14516,#14517);
#14515 = CARTESIAN_POINT('',(241.5675,-66.695,-4.5E-02));
#14516 = DIRECTION('',(-0.,-0.,-1.));
#14517 = DIRECTION('',(-0.,-1.,0.));
#14518 = ADVANCED_FACE('',(#14519),#14530,.F.);
#14519 = FACE_BOUND('',#14520,.T.);
#14520 = EDGE_LOOP('',(#14521,#14522,#14528,#14529));
#14521 = ORIENTED_EDGE('',*,*,#11529,.T.);
#14522 = ORIENTED_EDGE('',*,*,#14523,.T.);
#14523 = EDGE_CURVE('',#11530,#12735,#14524,.T.);
#14524 = LINE('',#14525,#14526);
#14525 = CARTESIAN_POINT('',(202.,-55.1,-4.5E-02));
#14526 = VECTOR('',#14527,1.);
#14527 = DIRECTION('',(0.,0.,1.));
#14528 = ORIENTED_EDGE('',*,*,#12734,.F.);
#14529 = ORIENTED_EDGE('',*,*,#14523,.F.);
#14530 = CYLINDRICAL_SURFACE('',#14531,0.6);
#14531 = AXIS2_PLACEMENT_3D('',#14532,#14533,#14534);
#14532 = CARTESIAN_POINT('',(202.,-54.5,-4.5E-02));
#14533 = DIRECTION('',(-0.,-0.,-1.));
#14534 = DIRECTION('',(-0.,-1.,0.));
#14535 = ADVANCED_FACE('',(#14536),#14547,.F.);
#14536 = FACE_BOUND('',#14537,.T.);
#14537 = EDGE_LOOP('',(#14538,#14539,#14545,#14546));
#14538 = ORIENTED_EDGE('',*,*,#11540,.T.);
#14539 = ORIENTED_EDGE('',*,*,#14540,.T.);
#14540 = EDGE_CURVE('',#11541,#12746,#14541,.T.);
#14541 = LINE('',#14542,#14543);
#14542 = CARTESIAN_POINT('',(210.945,-55.0325,-4.5E-02));
#14543 = VECTOR('',#14544,1.);
#14544 = DIRECTION('',(0.,0.,1.));
#14545 = ORIENTED_EDGE('',*,*,#12745,.F.);
#14546 = ORIENTED_EDGE('',*,*,#14540,.F.);
#14547 = CYLINDRICAL_SURFACE('',#14548,0.6);
#14548 = AXIS2_PLACEMENT_3D('',#14549,#14550,#14551);
#14549 = CARTESIAN_POINT('',(210.945,-54.4325,-4.5E-02));
#14550 = DIRECTION('',(-0.,-0.,-1.));
#14551 = DIRECTION('',(-0.,-1.,0.));
#14552 = ADVANCED_FACE('',(#14553),#14564,.F.);
#14553 = FACE_BOUND('',#14554,.T.);
#14554 = EDGE_LOOP('',(#14555,#14556,#14562,#14563));
#14555 = ORIENTED_EDGE('',*,*,#11551,.T.);
#14556 = ORIENTED_EDGE('',*,*,#14557,.T.);
#14557 = EDGE_CURVE('',#11552,#12757,#14558,.T.);
#14558 = LINE('',#14559,#14560);
#14559 = CARTESIAN_POINT('',(214.445,-55.0325,-4.5E-02));
#14560 = VECTOR('',#14561,1.);
#14561 = DIRECTION('',(0.,0.,1.));
#14562 = ORIENTED_EDGE('',*,*,#12756,.F.);
#14563 = ORIENTED_EDGE('',*,*,#14557,.F.);
#14564 = CYLINDRICAL_SURFACE('',#14565,0.6);
#14565 = AXIS2_PLACEMENT_3D('',#14566,#14567,#14568);
#14566 = CARTESIAN_POINT('',(214.445,-54.4325,-4.5E-02));
#14567 = DIRECTION('',(-0.,-0.,-1.));
#14568 = DIRECTION('',(-0.,-1.,0.));
#14569 = ADVANCED_FACE('',(#14570),#14581,.F.);
#14570 = FACE_BOUND('',#14571,.T.);
#14571 = EDGE_LOOP('',(#14572,#14573,#14579,#14580));
#14572 = ORIENTED_EDGE('',*,*,#11562,.T.);
#14573 = ORIENTED_EDGE('',*,*,#14574,.T.);
#14574 = EDGE_CURVE('',#11563,#12768,#14575,.T.);
#14575 = LINE('',#14576,#14577);
#14576 = CARTESIAN_POINT('',(217.945,-55.0325,-4.5E-02));
#14577 = VECTOR('',#14578,1.);
#14578 = DIRECTION('',(0.,0.,1.));
#14579 = ORIENTED_EDGE('',*,*,#12767,.F.);
#14580 = ORIENTED_EDGE('',*,*,#14574,.F.);
#14581 = CYLINDRICAL_SURFACE('',#14582,0.6);
#14582 = AXIS2_PLACEMENT_3D('',#14583,#14584,#14585);
#14583 = CARTESIAN_POINT('',(217.945,-54.4325,-4.5E-02));
#14584 = DIRECTION('',(-0.,-0.,-1.));
#14585 = DIRECTION('',(-0.,-1.,0.));
#14586 = ADVANCED_FACE('',(#14587),#14598,.F.);
#14587 = FACE_BOUND('',#14588,.T.);
#14588 = EDGE_LOOP('',(#14589,#14590,#14596,#14597));
#14589 = ORIENTED_EDGE('',*,*,#11573,.T.);
#14590 = ORIENTED_EDGE('',*,*,#14591,.T.);
#14591 = EDGE_CURVE('',#11574,#12779,#14592,.T.);
#14592 = LINE('',#14593,#14594);
#14593 = CARTESIAN_POINT('',(240.5,-60.525,-4.5E-02));
#14594 = VECTOR('',#14595,1.);
#14595 = DIRECTION('',(0.,0.,1.));
#14596 = ORIENTED_EDGE('',*,*,#12778,.F.);
#14597 = ORIENTED_EDGE('',*,*,#14591,.F.);
#14598 = CYLINDRICAL_SURFACE('',#14599,0.5);
#14599 = AXIS2_PLACEMENT_3D('',#14600,#14601,#14602);
#14600 = CARTESIAN_POINT('',(240.5,-60.025,-4.5E-02));
#14601 = DIRECTION('',(-0.,-0.,-1.));
#14602 = DIRECTION('',(-0.,-1.,0.));
#14603 = ADVANCED_FACE('',(#14604),#14615,.F.);
#14604 = FACE_BOUND('',#14605,.T.);
#14605 = EDGE_LOOP('',(#14606,#14607,#14613,#14614));
#14606 = ORIENTED_EDGE('',*,*,#11584,.T.);
#14607 = ORIENTED_EDGE('',*,*,#14608,.T.);
#14608 = EDGE_CURVE('',#11585,#12790,#14609,.T.);
#14609 = LINE('',#14610,#14611);
#14610 = CARTESIAN_POINT('',(226.945,-55.0325,-4.5E-02));
#14611 = VECTOR('',#14612,1.);
#14612 = DIRECTION('',(0.,0.,1.));
#14613 = ORIENTED_EDGE('',*,*,#12789,.F.);
#14614 = ORIENTED_EDGE('',*,*,#14608,.F.);
#14615 = CYLINDRICAL_SURFACE('',#14616,0.6);
#14616 = AXIS2_PLACEMENT_3D('',#14617,#14618,#14619);
#14617 = CARTESIAN_POINT('',(226.945,-54.4325,-4.5E-02));
#14618 = DIRECTION('',(-0.,-0.,-1.));
#14619 = DIRECTION('',(-0.,-1.,0.));
#14620 = ADVANCED_FACE('',(#14621),#14632,.F.);
#14621 = FACE_BOUND('',#14622,.T.);
#14622 = EDGE_LOOP('',(#14623,#14624,#14630,#14631));
#14623 = ORIENTED_EDGE('',*,*,#11595,.T.);
#14624 = ORIENTED_EDGE('',*,*,#14625,.T.);
#14625 = EDGE_CURVE('',#11596,#12801,#14626,.T.);
#14626 = LINE('',#14627,#14628);
#14627 = CARTESIAN_POINT('',(230.445,-55.0325,-4.5E-02));
#14628 = VECTOR('',#14629,1.);
#14629 = DIRECTION('',(0.,0.,1.));
#14630 = ORIENTED_EDGE('',*,*,#12800,.F.);
#14631 = ORIENTED_EDGE('',*,*,#14625,.F.);
#14632 = CYLINDRICAL_SURFACE('',#14633,0.6);
#14633 = AXIS2_PLACEMENT_3D('',#14634,#14635,#14636);
#14634 = CARTESIAN_POINT('',(230.445,-54.4325,-4.5E-02));
#14635 = DIRECTION('',(-0.,-0.,-1.));
#14636 = DIRECTION('',(-0.,-1.,0.));
#14637 = ADVANCED_FACE('',(#14638),#14649,.F.);
#14638 = FACE_BOUND('',#14639,.T.);
#14639 = EDGE_LOOP('',(#14640,#14641,#14647,#14648));
#14640 = ORIENTED_EDGE('',*,*,#11606,.T.);
#14641 = ORIENTED_EDGE('',*,*,#14642,.T.);
#14642 = EDGE_CURVE('',#11607,#12812,#14643,.T.);
#14643 = LINE('',#14644,#14645);
#14644 = CARTESIAN_POINT('',(233.945,-55.0325,-4.5E-02));
#14645 = VECTOR('',#14646,1.);
#14646 = DIRECTION('',(0.,0.,1.));
#14647 = ORIENTED_EDGE('',*,*,#12811,.F.);
#14648 = ORIENTED_EDGE('',*,*,#14642,.F.);
#14649 = CYLINDRICAL_SURFACE('',#14650,0.6);
#14650 = AXIS2_PLACEMENT_3D('',#14651,#14652,#14653);
#14651 = CARTESIAN_POINT('',(233.945,-54.4325,-4.5E-02));
#14652 = DIRECTION('',(-0.,-0.,-1.));
#14653 = DIRECTION('',(-0.,-1.,0.));
#14654 = ADVANCED_FACE('',(#14655),#14666,.F.);
#14655 = FACE_BOUND('',#14656,.T.);
#14656 = EDGE_LOOP('',(#14657,#14658,#14664,#14665));
#14657 = ORIENTED_EDGE('',*,*,#11617,.T.);
#14658 = ORIENTED_EDGE('',*,*,#14659,.T.);
#14659 = EDGE_CURVE('',#11618,#12823,#14660,.T.);
#14660 = LINE('',#14661,#14662);
#14661 = CARTESIAN_POINT('',(240.5,-57.985,-4.5E-02));
#14662 = VECTOR('',#14663,1.);
#14663 = DIRECTION('',(0.,0.,1.));
#14664 = ORIENTED_EDGE('',*,*,#12822,.F.);
#14665 = ORIENTED_EDGE('',*,*,#14659,.F.);
#14666 = CYLINDRICAL_SURFACE('',#14667,0.5);
#14667 = AXIS2_PLACEMENT_3D('',#14668,#14669,#14670);
#14668 = CARTESIAN_POINT('',(240.5,-57.485,-4.5E-02));
#14669 = DIRECTION('',(-0.,-0.,-1.));
#14670 = DIRECTION('',(-0.,-1.,0.));
#14671 = ADVANCED_FACE('',(#14672),#14683,.F.);
#14672 = FACE_BOUND('',#14673,.T.);
#14673 = EDGE_LOOP('',(#14674,#14675,#14681,#14682));
#14674 = ORIENTED_EDGE('',*,*,#11628,.T.);
#14675 = ORIENTED_EDGE('',*,*,#14676,.T.);
#14676 = EDGE_CURVE('',#11629,#12834,#14677,.T.);
#14677 = LINE('',#14678,#14679);
#14678 = CARTESIAN_POINT('',(240.5,-55.445,-4.5E-02));
#14679 = VECTOR('',#14680,1.);
#14680 = DIRECTION('',(0.,0.,1.));
#14681 = ORIENTED_EDGE('',*,*,#12833,.F.);
#14682 = ORIENTED_EDGE('',*,*,#14676,.F.);
#14683 = CYLINDRICAL_SURFACE('',#14684,0.5);
#14684 = AXIS2_PLACEMENT_3D('',#14685,#14686,#14687);
#14685 = CARTESIAN_POINT('',(240.5,-54.945,-4.5E-02));
#14686 = DIRECTION('',(-0.,-0.,-1.));
#14687 = DIRECTION('',(-0.,-1.,0.));
#14688 = ADVANCED_FACE('',(#14689),#14700,.F.);
#14689 = FACE_BOUND('',#14690,.T.);
#14690 = EDGE_LOOP('',(#14691,#14692,#14698,#14699));
#14691 = ORIENTED_EDGE('',*,*,#11639,.T.);
#14692 = ORIENTED_EDGE('',*,*,#14693,.T.);
#14693 = EDGE_CURVE('',#11640,#12845,#14694,.T.);
#14694 = LINE('',#14695,#14696);
#14695 = CARTESIAN_POINT('',(246.,-55.35,-4.5E-02));
#14696 = VECTOR('',#14697,1.);
#14697 = DIRECTION('',(0.,0.,1.));
#14698 = ORIENTED_EDGE('',*,*,#12844,.F.);
#14699 = ORIENTED_EDGE('',*,*,#14693,.F.);
#14700 = CYLINDRICAL_SURFACE('',#14701,1.35);
#14701 = AXIS2_PLACEMENT_3D('',#14702,#14703,#14704);
#14702 = CARTESIAN_POINT('',(246.,-54.,-4.5E-02));
#14703 = DIRECTION('',(-0.,-0.,-1.));
#14704 = DIRECTION('',(-0.,-1.,0.));
#14705 = ( GEOMETRIC_REPRESENTATION_CONTEXT(3) 
GLOBAL_UNCERTAINTY_ASSIGNED_CONTEXT((#14709)) 
GLOBAL_UNIT_ASSIGNED_CONTEXT((#14706,#14707,#14708)) 
REPRESENTATION_CONTEXT('Context #1',
  '3D Context with UNIT and UNCERTAINTY') );
#14706 = ( LENGTH_UNIT() NAMED_UNIT(*) SI_UNIT(.MILLI.,.METRE.) );
#14707 = ( NAMED_UNIT(*) PLANE_ANGLE_UNIT() SI_UNIT($,.RADIAN.) );
#14708 = ( NAMED_UNIT(*) SI_UNIT($,.STERADIAN.) SOLID_ANGLE_UNIT() );
#14709 = UNCERTAINTY_MEASURE_WITH_UNIT(LENGTH_MEASURE(1.E-07),#14706,
  'distance_accuracy_value','confusion accuracy');
#14710 = CONTEXT_DEPENDENT_SHAPE_REPRESENTATION(#14711,#14713);
#14711 = ( REPRESENTATION_RELATIONSHIP('','',#10342,#10) 
REPRESENTATION_RELATIONSHIP_WITH_TRANSFORMATION(#14712) 
SHAPE_REPRESENTATION_RELATIONSHIP() );
#14712 = ITEM_DEFINED_TRANSFORMATION('','',#11,#119);
#14713 = PRODUCT_DEFINITION_SHAPE('Placement','Placement of an item',
  #14714);
#14714 = NEXT_ASSEMBLY_USAGE_OCCURRENCE('33','=>[0:1:1:14]','',#5,#10337
  ,$);
#14715 = PRODUCT_RELATED_PRODUCT_CATEGORY('part',$,(#10339));
#14716 = MECHANICAL_DESIGN_GEOMETRIC_PRESENTATION_REPRESENTATION('',(
    #14717,#14725,#14732,#14739,#14746,#14753,#14760,#14767,#14774,
    #14781,#14788,#14796,#14803,#14810,#14817,#14824,#14831,#14838,
    #14845,#14852,#14859,#14866,#14873,#14880,#14887,#14894,#14901,
    #14908,#14915,#14922,#14929,#14936,#14943,#14950,#14957,#14964,
    #14971,#14978,#14985,#14992,#14999,#15006,#15013,#15020,#15027,
    #15034,#15041,#15048,#15055,#15062,#15069,#15076,#15083,#15090,
    #15097,#15104,#15111,#15118,#15125,#15132,#15139,#15146,#15153,
    #15160,#15167,#15174,#15181,#15188,#15195,#15202,#15209,#15216,
    #15223,#15230,#15237,#15244),#6422);
#14717 = STYLED_ITEM('color',(#14718),#4242);
#14718 = PRESENTATION_STYLE_ASSIGNMENT((#14719));
#14719 = SURFACE_STYLE_USAGE(.BOTH.,#14720);
#14720 = SURFACE_SIDE_STYLE('',(#14721));
#14721 = SURFACE_STYLE_FILL_AREA(#14722);
#14722 = FILL_AREA_STYLE('',(#14723));
#14723 = FILL_AREA_STYLE_COLOUR('',#14724);
#14724 = COLOUR_RGB('',0.337254907675,0.678431390124,0.443137255223);
#14725 = STYLED_ITEM('color',(#14726),#4314);
#14726 = PRESENTATION_STYLE_ASSIGNMENT((#14727));
#14727 = SURFACE_STYLE_USAGE(.BOTH.,#14728);
#14728 = SURFACE_SIDE_STYLE('',(#14729));
#14729 = SURFACE_STYLE_FILL_AREA(#14730);
#14730 = FILL_AREA_STYLE('',(#14731));
#14731 = FILL_AREA_STYLE_COLOUR('',#14724);
#14732 = STYLED_ITEM('color',(#14733),#4345);
#14733 = PRESENTATION_STYLE_ASSIGNMENT((#14734));
#14734 = SURFACE_STYLE_USAGE(.BOTH.,#14735);
#14735 = SURFACE_SIDE_STYLE('',(#14736));
#14736 = SURFACE_STYLE_FILL_AREA(#14737);
#14737 = FILL_AREA_STYLE('',(#14738));
#14738 = FILL_AREA_STYLE_COLOUR('',#14724);
#14739 = STYLED_ITEM('color',(#14740),#4369);
#14740 = PRESENTATION_STYLE_ASSIGNMENT((#14741));
#14741 = SURFACE_STYLE_USAGE(.BOTH.,#14742);
#14742 = SURFACE_SIDE_STYLE('',(#14743));
#14743 = SURFACE_STYLE_FILL_AREA(#14744);
#14744 = FILL_AREA_STYLE('',(#14745));
#14745 = FILL_AREA_STYLE_COLOUR('',#14724);
#14746 = STYLED_ITEM('color',(#14747),#4461);
#14747 = PRESENTATION_STYLE_ASSIGNMENT((#14748));
#14748 = SURFACE_STYLE_USAGE(.BOTH.,#14749);
#14749 = SURFACE_SIDE_STYLE('',(#14750));
#14750 = SURFACE_STYLE_FILL_AREA(#14751);
#14751 = FILL_AREA_STYLE('',(#14752));
#14752 = FILL_AREA_STYLE_COLOUR('',#14724);
#14753 = STYLED_ITEM('color',(#14754),#4715);
#14754 = PRESENTATION_STYLE_ASSIGNMENT((#14755));
#14755 = SURFACE_STYLE_USAGE(.BOTH.,#14756);
#14756 = SURFACE_SIDE_STYLE('',(#14757));
#14757 = SURFACE_STYLE_FILL_AREA(#14758);
#14758 = FILL_AREA_STYLE('',(#14759));
#14759 = FILL_AREA_STYLE_COLOUR('',#14724);
#14760 = STYLED_ITEM('color',(#14761),#4739);
#14761 = PRESENTATION_STYLE_ASSIGNMENT((#14762));
#14762 = SURFACE_STYLE_USAGE(.BOTH.,#14763);
#14763 = SURFACE_SIDE_STYLE('',(#14764));
#14764 = SURFACE_STYLE_FILL_AREA(#14765);
#14765 = FILL_AREA_STYLE('',(#14766));
#14766 = FILL_AREA_STYLE_COLOUR('',#14724);
#14767 = STYLED_ITEM('color',(#14768),#4763);
#14768 = PRESENTATION_STYLE_ASSIGNMENT((#14769));
#14769 = SURFACE_STYLE_USAGE(.BOTH.,#14770);
#14770 = SURFACE_SIDE_STYLE('',(#14771));
#14771 = SURFACE_STYLE_FILL_AREA(#14772);
#14772 = FILL_AREA_STYLE('',(#14773));
#14773 = FILL_AREA_STYLE_COLOUR('',#14724);
#14774 = STYLED_ITEM('color',(#14775),#4787);
#14775 = PRESENTATION_STYLE_ASSIGNMENT((#14776));
#14776 = SURFACE_STYLE_USAGE(.BOTH.,#14777);
#14777 = SURFACE_SIDE_STYLE('',(#14778));
#14778 = SURFACE_STYLE_FILL_AREA(#14779);
#14779 = FILL_AREA_STYLE('',(#14780));
#14780 = FILL_AREA_STYLE_COLOUR('',#14724);
#14781 = STYLED_ITEM('color',(#14782),#4804);
#14782 = PRESENTATION_STYLE_ASSIGNMENT((#14783));
#14783 = SURFACE_STYLE_USAGE(.BOTH.,#14784);
#14784 = SURFACE_SIDE_STYLE('',(#14785));
#14785 = SURFACE_STYLE_FILL_AREA(#14786);
#14786 = FILL_AREA_STYLE('',(#14787));
#14787 = FILL_AREA_STYLE_COLOUR('',#14724);
#14788 = STYLED_ITEM('color',(#14789),#4820);
#14789 = PRESENTATION_STYLE_ASSIGNMENT((#14790));
#14790 = SURFACE_STYLE_USAGE(.BOTH.,#14791);
#14791 = SURFACE_SIDE_STYLE('',(#14792));
#14792 = SURFACE_STYLE_FILL_AREA(#14793);
#14793 = FILL_AREA_STYLE('',(#14794));
#14794 = FILL_AREA_STYLE_COLOUR('',#14795);
#14795 = COLOUR_RGB('',0.823529417451,0.819607860991,0.780392170416);
#14796 = STYLED_ITEM('color',(#14797),#4851);
#14797 = PRESENTATION_STYLE_ASSIGNMENT((#14798));
#14798 = SURFACE_STYLE_USAGE(.BOTH.,#14799);
#14799 = SURFACE_SIDE_STYLE('',(#14800));
#14800 = SURFACE_STYLE_FILL_AREA(#14801);
#14801 = FILL_AREA_STYLE('',(#14802));
#14802 = FILL_AREA_STYLE_COLOUR('',#14795);
#14803 = STYLED_ITEM('color',(#14804),#4875);
#14804 = PRESENTATION_STYLE_ASSIGNMENT((#14805));
#14805 = SURFACE_STYLE_USAGE(.BOTH.,#14806);
#14806 = SURFACE_SIDE_STYLE('',(#14807));
#14807 = SURFACE_STYLE_FILL_AREA(#14808);
#14808 = FILL_AREA_STYLE('',(#14809));
#14809 = FILL_AREA_STYLE_COLOUR('',#14795);
#14810 = STYLED_ITEM('color',(#14811),#4899);
#14811 = PRESENTATION_STYLE_ASSIGNMENT((#14812));
#14812 = SURFACE_STYLE_USAGE(.BOTH.,#14813);
#14813 = SURFACE_SIDE_STYLE('',(#14814));
#14814 = SURFACE_STYLE_FILL_AREA(#14815);
#14815 = FILL_AREA_STYLE('',(#14816));
#14816 = FILL_AREA_STYLE_COLOUR('',#14795);
#14817 = STYLED_ITEM('color',(#14818),#4916);
#14818 = PRESENTATION_STYLE_ASSIGNMENT((#14819));
#14819 = SURFACE_STYLE_USAGE(.BOTH.,#14820);
#14820 = SURFACE_SIDE_STYLE('',(#14821));
#14821 = SURFACE_STYLE_FILL_AREA(#14822);
#14822 = FILL_AREA_STYLE('',(#14823));
#14823 = FILL_AREA_STYLE_COLOUR('',#14795);
#14824 = STYLED_ITEM('color',(#14825),#4947);
#14825 = PRESENTATION_STYLE_ASSIGNMENT((#14826));
#14826 = SURFACE_STYLE_USAGE(.BOTH.,#14827);
#14827 = SURFACE_SIDE_STYLE('',(#14828));
#14828 = SURFACE_STYLE_FILL_AREA(#14829);
#14829 = FILL_AREA_STYLE('',(#14830));
#14830 = FILL_AREA_STYLE_COLOUR('',#14795);
#14831 = STYLED_ITEM('color',(#14832),#4971);
#14832 = PRESENTATION_STYLE_ASSIGNMENT((#14833));
#14833 = SURFACE_STYLE_USAGE(.BOTH.,#14834);
#14834 = SURFACE_SIDE_STYLE('',(#14835));
#14835 = SURFACE_STYLE_FILL_AREA(#14836);
#14836 = FILL_AREA_STYLE('',(#14837));
#14837 = FILL_AREA_STYLE_COLOUR('',#14795);
#14838 = STYLED_ITEM('color',(#14839),#4995);
#14839 = PRESENTATION_STYLE_ASSIGNMENT((#14840));
#14840 = SURFACE_STYLE_USAGE(.BOTH.,#14841);
#14841 = SURFACE_SIDE_STYLE('',(#14842));
#14842 = SURFACE_STYLE_FILL_AREA(#14843);
#14843 = FILL_AREA_STYLE('',(#14844));
#14844 = FILL_AREA_STYLE_COLOUR('',#14795);
#14845 = STYLED_ITEM('color',(#14846),#5012);
#14846 = PRESENTATION_STYLE_ASSIGNMENT((#14847));
#14847 = SURFACE_STYLE_USAGE(.BOTH.,#14848);
#14848 = SURFACE_SIDE_STYLE('',(#14849));
#14849 = SURFACE_STYLE_FILL_AREA(#14850);
#14850 = FILL_AREA_STYLE('',(#14851));
#14851 = FILL_AREA_STYLE_COLOUR('',#14724);
#14852 = STYLED_ITEM('color',(#14853),#5043);
#14853 = PRESENTATION_STYLE_ASSIGNMENT((#14854));
#14854 = SURFACE_STYLE_USAGE(.BOTH.,#14855);
#14855 = SURFACE_SIDE_STYLE('',(#14856));
#14856 = SURFACE_STYLE_FILL_AREA(#14857);
#14857 = FILL_AREA_STYLE('',(#14858));
#14858 = FILL_AREA_STYLE_COLOUR('',#14724);
#14859 = STYLED_ITEM('color',(#14860),#5067);
#14860 = PRESENTATION_STYLE_ASSIGNMENT((#14861));
#14861 = SURFACE_STYLE_USAGE(.BOTH.,#14862);
#14862 = SURFACE_SIDE_STYLE('',(#14863));
#14863 = SURFACE_STYLE_FILL_AREA(#14864);
#14864 = FILL_AREA_STYLE('',(#14865));
#14865 = FILL_AREA_STYLE_COLOUR('',#14724);
#14866 = STYLED_ITEM('color',(#14867),#5091);
#14867 = PRESENTATION_STYLE_ASSIGNMENT((#14868));
#14868 = SURFACE_STYLE_USAGE(.BOTH.,#14869);
#14869 = SURFACE_SIDE_STYLE('',(#14870));
#14870 = SURFACE_STYLE_FILL_AREA(#14871);
#14871 = FILL_AREA_STYLE('',(#14872));
#14872 = FILL_AREA_STYLE_COLOUR('',#14724);
#14873 = STYLED_ITEM('color',(#14874),#5115);
#14874 = PRESENTATION_STYLE_ASSIGNMENT((#14875));
#14875 = SURFACE_STYLE_USAGE(.BOTH.,#14876);
#14876 = SURFACE_SIDE_STYLE('',(#14877));
#14877 = SURFACE_STYLE_FILL_AREA(#14878);
#14878 = FILL_AREA_STYLE('',(#14879));
#14879 = FILL_AREA_STYLE_COLOUR('',#14724);
#14880 = STYLED_ITEM('color',(#14881),#5139);
#14881 = PRESENTATION_STYLE_ASSIGNMENT((#14882));
#14882 = SURFACE_STYLE_USAGE(.BOTH.,#14883);
#14883 = SURFACE_SIDE_STYLE('',(#14884));
#14884 = SURFACE_STYLE_FILL_AREA(#14885);
#14885 = FILL_AREA_STYLE('',(#14886));
#14886 = FILL_AREA_STYLE_COLOUR('',#14724);
#14887 = STYLED_ITEM('color',(#14888),#5163);
#14888 = PRESENTATION_STYLE_ASSIGNMENT((#14889));
#14889 = SURFACE_STYLE_USAGE(.BOTH.,#14890);
#14890 = SURFACE_SIDE_STYLE('',(#14891));
#14891 = SURFACE_STYLE_FILL_AREA(#14892);
#14892 = FILL_AREA_STYLE('',(#14893));
#14893 = FILL_AREA_STYLE_COLOUR('',#14724);
#14894 = STYLED_ITEM('color',(#14895),#5187);
#14895 = PRESENTATION_STYLE_ASSIGNMENT((#14896));
#14896 = SURFACE_STYLE_USAGE(.BOTH.,#14897);
#14897 = SURFACE_SIDE_STYLE('',(#14898));
#14898 = SURFACE_STYLE_FILL_AREA(#14899);
#14899 = FILL_AREA_STYLE('',(#14900));
#14900 = FILL_AREA_STYLE_COLOUR('',#14724);
#14901 = STYLED_ITEM('color',(#14902),#5211);
#14902 = PRESENTATION_STYLE_ASSIGNMENT((#14903));
#14903 = SURFACE_STYLE_USAGE(.BOTH.,#14904);
#14904 = SURFACE_SIDE_STYLE('',(#14905));
#14905 = SURFACE_STYLE_FILL_AREA(#14906);
#14906 = FILL_AREA_STYLE('',(#14907));
#14907 = FILL_AREA_STYLE_COLOUR('',#14724);
#14908 = STYLED_ITEM('color',(#14909),#5236);
#14909 = PRESENTATION_STYLE_ASSIGNMENT((#14910));
#14910 = SURFACE_STYLE_USAGE(.BOTH.,#14911);
#14911 = SURFACE_SIDE_STYLE('',(#14912));
#14912 = SURFACE_STYLE_FILL_AREA(#14913);
#14913 = FILL_AREA_STYLE('',(#14914));
#14914 = FILL_AREA_STYLE_COLOUR('',#14724);
#14915 = STYLED_ITEM('color',(#14916),#5260);
#14916 = PRESENTATION_STYLE_ASSIGNMENT((#14917));
#14917 = SURFACE_STYLE_USAGE(.BOTH.,#14918);
#14918 = SURFACE_SIDE_STYLE('',(#14919));
#14919 = SURFACE_STYLE_FILL_AREA(#14920);
#14920 = FILL_AREA_STYLE('',(#14921));
#14921 = FILL_AREA_STYLE_COLOUR('',#14724);
#14922 = STYLED_ITEM('color',(#14923),#5284);
#14923 = PRESENTATION_STYLE_ASSIGNMENT((#14924));
#14924 = SURFACE_STYLE_USAGE(.BOTH.,#14925);
#14925 = SURFACE_SIDE_STYLE('',(#14926));
#14926 = SURFACE_STYLE_FILL_AREA(#14927);
#14927 = FILL_AREA_STYLE('',(#14928));
#14928 = FILL_AREA_STYLE_COLOUR('',#14724);
#14929 = STYLED_ITEM('color',(#14930),#5308);
#14930 = PRESENTATION_STYLE_ASSIGNMENT((#14931));
#14931 = SURFACE_STYLE_USAGE(.BOTH.,#14932);
#14932 = SURFACE_SIDE_STYLE('',(#14933));
#14933 = SURFACE_STYLE_FILL_AREA(#14934);
#14934 = FILL_AREA_STYLE('',(#14935));
#14935 = FILL_AREA_STYLE_COLOUR('',#14724);
#14936 = STYLED_ITEM('color',(#14937),#5332);
#14937 = PRESENTATION_STYLE_ASSIGNMENT((#14938));
#14938 = SURFACE_STYLE_USAGE(.BOTH.,#14939);
#14939 = SURFACE_SIDE_STYLE('',(#14940));
#14940 = SURFACE_STYLE_FILL_AREA(#14941);
#14941 = FILL_AREA_STYLE('',(#14942));
#14942 = FILL_AREA_STYLE_COLOUR('',#14724);
#14943 = STYLED_ITEM('color',(#14944),#5349);
#14944 = PRESENTATION_STYLE_ASSIGNMENT((#14945));
#14945 = SURFACE_STYLE_USAGE(.BOTH.,#14946);
#14946 = SURFACE_SIDE_STYLE('',(#14947));
#14947 = SURFACE_STYLE_FILL_AREA(#14948);
#14948 = FILL_AREA_STYLE('',(#14949));
#14949 = FILL_AREA_STYLE_COLOUR('',#14724);
#14950 = STYLED_ITEM('color',(#14951),#5380);
#14951 = PRESENTATION_STYLE_ASSIGNMENT((#14952));
#14952 = SURFACE_STYLE_USAGE(.BOTH.,#14953);
#14953 = SURFACE_SIDE_STYLE('',(#14954));
#14954 = SURFACE_STYLE_FILL_AREA(#14955);
#14955 = FILL_AREA_STYLE('',(#14956));
#14956 = FILL_AREA_STYLE_COLOUR('',#14724);
#14957 = STYLED_ITEM('color',(#14958),#5404);
#14958 = PRESENTATION_STYLE_ASSIGNMENT((#14959));
#14959 = SURFACE_STYLE_USAGE(.BOTH.,#14960);
#14960 = SURFACE_SIDE_STYLE('',(#14961));
#14961 = SURFACE_STYLE_FILL_AREA(#14962);
#14962 = FILL_AREA_STYLE('',(#14963));
#14963 = FILL_AREA_STYLE_COLOUR('',#14724);
#14964 = STYLED_ITEM('color',(#14965),#5428);
#14965 = PRESENTATION_STYLE_ASSIGNMENT((#14966));
#14966 = SURFACE_STYLE_USAGE(.BOTH.,#14967);
#14967 = SURFACE_SIDE_STYLE('',(#14968));
#14968 = SURFACE_STYLE_FILL_AREA(#14969);
#14969 = FILL_AREA_STYLE('',(#14970));
#14970 = FILL_AREA_STYLE_COLOUR('',#14724);
#14971 = STYLED_ITEM('color',(#14972),#5452);
#14972 = PRESENTATION_STYLE_ASSIGNMENT((#14973));
#14973 = SURFACE_STYLE_USAGE(.BOTH.,#14974);
#14974 = SURFACE_SIDE_STYLE('',(#14975));
#14975 = SURFACE_STYLE_FILL_AREA(#14976);
#14976 = FILL_AREA_STYLE('',(#14977));
#14977 = FILL_AREA_STYLE_COLOUR('',#14724);
#14978 = STYLED_ITEM('color',(#14979),#5476);
#14979 = PRESENTATION_STYLE_ASSIGNMENT((#14980));
#14980 = SURFACE_STYLE_USAGE(.BOTH.,#14981);
#14981 = SURFACE_SIDE_STYLE('',(#14982));
#14982 = SURFACE_STYLE_FILL_AREA(#14983);
#14983 = FILL_AREA_STYLE('',(#14984));
#14984 = FILL_AREA_STYLE_COLOUR('',#14724);
#14985 = STYLED_ITEM('color',(#14986),#5500);
#14986 = PRESENTATION_STYLE_ASSIGNMENT((#14987));
#14987 = SURFACE_STYLE_USAGE(.BOTH.,#14988);
#14988 = SURFACE_SIDE_STYLE('',(#14989));
#14989 = SURFACE_STYLE_FILL_AREA(#14990);
#14990 = FILL_AREA_STYLE('',(#14991));
#14991 = FILL_AREA_STYLE_COLOUR('',#14724);
#14992 = STYLED_ITEM('color',(#14993),#5524);
#14993 = PRESENTATION_STYLE_ASSIGNMENT((#14994));
#14994 = SURFACE_STYLE_USAGE(.BOTH.,#14995);
#14995 = SURFACE_SIDE_STYLE('',(#14996));
#14996 = SURFACE_STYLE_FILL_AREA(#14997);
#14997 = FILL_AREA_STYLE('',(#14998));
#14998 = FILL_AREA_STYLE_COLOUR('',#14724);
#14999 = STYLED_ITEM('color',(#15000),#5548);
#15000 = PRESENTATION_STYLE_ASSIGNMENT((#15001));
#15001 = SURFACE_STYLE_USAGE(.BOTH.,#15002);
#15002 = SURFACE_SIDE_STYLE('',(#15003));
#15003 = SURFACE_STYLE_FILL_AREA(#15004);
#15004 = FILL_AREA_STYLE('',(#15005));
#15005 = FILL_AREA_STYLE_COLOUR('',#14724);
#15006 = STYLED_ITEM('color',(#15007),#5572);
#15007 = PRESENTATION_STYLE_ASSIGNMENT((#15008));
#15008 = SURFACE_STYLE_USAGE(.BOTH.,#15009);
#15009 = SURFACE_SIDE_STYLE('',(#15010));
#15010 = SURFACE_STYLE_FILL_AREA(#15011);
#15011 = FILL_AREA_STYLE('',(#15012));
#15012 = FILL_AREA_STYLE_COLOUR('',#14724);
#15013 = STYLED_ITEM('color',(#15014),#5596);
#15014 = PRESENTATION_STYLE_ASSIGNMENT((#15015));
#15015 = SURFACE_STYLE_USAGE(.BOTH.,#15016);
#15016 = SURFACE_SIDE_STYLE('',(#15017));
#15017 = SURFACE_STYLE_FILL_AREA(#15018);
#15018 = FILL_AREA_STYLE('',(#15019));
#15019 = FILL_AREA_STYLE_COLOUR('',#14724);
#15020 = STYLED_ITEM('color',(#15021),#5620);
#15021 = PRESENTATION_STYLE_ASSIGNMENT((#15022));
#15022 = SURFACE_STYLE_USAGE(.BOTH.,#15023);
#15023 = SURFACE_SIDE_STYLE('',(#15024));
#15024 = SURFACE_STYLE_FILL_AREA(#15025);
#15025 = FILL_AREA_STYLE('',(#15026));
#15026 = FILL_AREA_STYLE_COLOUR('',#14724);
#15027 = STYLED_ITEM('color',(#15028),#5645);
#15028 = PRESENTATION_STYLE_ASSIGNMENT((#15029));
#15029 = SURFACE_STYLE_USAGE(.BOTH.,#15030);
#15030 = SURFACE_SIDE_STYLE('',(#15031));
#15031 = SURFACE_STYLE_FILL_AREA(#15032);
#15032 = FILL_AREA_STYLE('',(#15033));
#15033 = FILL_AREA_STYLE_COLOUR('',#14724);
#15034 = STYLED_ITEM('color',(#15035),#5669);
#15035 = PRESENTATION_STYLE_ASSIGNMENT((#15036));
#15036 = SURFACE_STYLE_USAGE(.BOTH.,#15037);
#15037 = SURFACE_SIDE_STYLE('',(#15038));
#15038 = SURFACE_STYLE_FILL_AREA(#15039);
#15039 = FILL_AREA_STYLE('',(#15040));
#15040 = FILL_AREA_STYLE_COLOUR('',#14724);
#15041 = STYLED_ITEM('color',(#15042),#5686);
#15042 = PRESENTATION_STYLE_ASSIGNMENT((#15043));
#15043 = SURFACE_STYLE_USAGE(.BOTH.,#15044);
#15044 = SURFACE_SIDE_STYLE('',(#15045));
#15045 = SURFACE_STYLE_FILL_AREA(#15046);
#15046 = FILL_AREA_STYLE('',(#15047));
#15047 = FILL_AREA_STYLE_COLOUR('',#14795);
#15048 = STYLED_ITEM('color',(#15049),#5717);
#15049 = PRESENTATION_STYLE_ASSIGNMENT((#15050));
#15050 = SURFACE_STYLE_USAGE(.BOTH.,#15051);
#15051 = SURFACE_SIDE_STYLE('',(#15052));
#15052 = SURFACE_STYLE_FILL_AREA(#15053);
#15053 = FILL_AREA_STYLE('',(#15054));
#15054 = FILL_AREA_STYLE_COLOUR('',#14795);
#15055 = STYLED_ITEM('color',(#15056),#5741);
#15056 = PRESENTATION_STYLE_ASSIGNMENT((#15057));
#15057 = SURFACE_STYLE_USAGE(.BOTH.,#15058);
#15058 = SURFACE_SIDE_STYLE('',(#15059));
#15059 = SURFACE_STYLE_FILL_AREA(#15060);
#15060 = FILL_AREA_STYLE('',(#15061));
#15061 = FILL_AREA_STYLE_COLOUR('',#14795);
#15062 = STYLED_ITEM('color',(#15063),#5765);
#15063 = PRESENTATION_STYLE_ASSIGNMENT((#15064));
#15064 = SURFACE_STYLE_USAGE(.BOTH.,#15065);
#15065 = SURFACE_SIDE_STYLE('',(#15066));
#15066 = SURFACE_STYLE_FILL_AREA(#15067);
#15067 = FILL_AREA_STYLE('',(#15068));
#15068 = FILL_AREA_STYLE_COLOUR('',#14795);
#15069 = STYLED_ITEM('color',(#15070),#5782);
#15070 = PRESENTATION_STYLE_ASSIGNMENT((#15071));
#15071 = SURFACE_STYLE_USAGE(.BOTH.,#15072);
#15072 = SURFACE_SIDE_STYLE('',(#15073));
#15073 = SURFACE_STYLE_FILL_AREA(#15074);
#15074 = FILL_AREA_STYLE('',(#15075));
#15075 = FILL_AREA_STYLE_COLOUR('',#14795);
#15076 = STYLED_ITEM('color',(#15077),#5813);
#15077 = PRESENTATION_STYLE_ASSIGNMENT((#15078));
#15078 = SURFACE_STYLE_USAGE(.BOTH.,#15079);
#15079 = SURFACE_SIDE_STYLE('',(#15080));
#15080 = SURFACE_STYLE_FILL_AREA(#15081);
#15081 = FILL_AREA_STYLE('',(#15082));
#15082 = FILL_AREA_STYLE_COLOUR('',#14795);
#15083 = STYLED_ITEM('color',(#15084),#5837);
#15084 = PRESENTATION_STYLE_ASSIGNMENT((#15085));
#15085 = SURFACE_STYLE_USAGE(.BOTH.,#15086);
#15086 = SURFACE_SIDE_STYLE('',(#15087));
#15087 = SURFACE_STYLE_FILL_AREA(#15088);
#15088 = FILL_AREA_STYLE('',(#15089));
#15089 = FILL_AREA_STYLE_COLOUR('',#14795);
#15090 = STYLED_ITEM('color',(#15091),#5861);
#15091 = PRESENTATION_STYLE_ASSIGNMENT((#15092));
#15092 = SURFACE_STYLE_USAGE(.BOTH.,#15093);
#15093 = SURFACE_SIDE_STYLE('',(#15094));
#15094 = SURFACE_STYLE_FILL_AREA(#15095);
#15095 = FILL_AREA_STYLE('',(#15096));
#15096 = FILL_AREA_STYLE_COLOUR('',#14795);
#15097 = STYLED_ITEM('color',(#15098),#5878);
#15098 = PRESENTATION_STYLE_ASSIGNMENT((#15099));
#15099 = SURFACE_STYLE_USAGE(.BOTH.,#15100);
#15100 = SURFACE_SIDE_STYLE('',(#15101));
#15101 = SURFACE_STYLE_FILL_AREA(#15102);
#15102 = FILL_AREA_STYLE('',(#15103));
#15103 = FILL_AREA_STYLE_COLOUR('',#14724);
#15104 = STYLED_ITEM('color',(#15105),#5934);
#15105 = PRESENTATION_STYLE_ASSIGNMENT((#15106));
#15106 = SURFACE_STYLE_USAGE(.BOTH.,#15107);
#15107 = SURFACE_SIDE_STYLE('',(#15108));
#15108 = SURFACE_STYLE_FILL_AREA(#15109);
#15109 = FILL_AREA_STYLE('',(#15110));
#15110 = FILL_AREA_STYLE_COLOUR('',#14724);
#15111 = STYLED_ITEM('color',(#15112),#5990);
#15112 = PRESENTATION_STYLE_ASSIGNMENT((#15113));
#15113 = SURFACE_STYLE_USAGE(.BOTH.,#15114);
#15114 = SURFACE_SIDE_STYLE('',(#15115));
#15115 = SURFACE_STYLE_FILL_AREA(#15116);
#15116 = FILL_AREA_STYLE('',(#15117));
#15117 = FILL_AREA_STYLE_COLOUR('',#14795);
#15118 = STYLED_ITEM('color',(#15119),#6002);
#15119 = PRESENTATION_STYLE_ASSIGNMENT((#15120));
#15120 = SURFACE_STYLE_USAGE(.BOTH.,#15121);
#15121 = SURFACE_SIDE_STYLE('',(#15122));
#15122 = SURFACE_STYLE_FILL_AREA(#15123);
#15123 = FILL_AREA_STYLE('',(#15124));
#15124 = FILL_AREA_STYLE_COLOUR('',#14795);
#15125 = STYLED_ITEM('color',(#15126),#6014);
#15126 = PRESENTATION_STYLE_ASSIGNMENT((#15127));
#15127 = SURFACE_STYLE_USAGE(.BOTH.,#15128);
#15128 = SURFACE_SIDE_STYLE('',(#15129));
#15129 = SURFACE_STYLE_FILL_AREA(#15130);
#15130 = FILL_AREA_STYLE('',(#15131));
#15131 = FILL_AREA_STYLE_COLOUR('',#14795);
#15132 = STYLED_ITEM('color',(#15133),#6045);
#15133 = PRESENTATION_STYLE_ASSIGNMENT((#15134));
#15134 = SURFACE_STYLE_USAGE(.BOTH.,#15135);
#15135 = SURFACE_SIDE_STYLE('',(#15136));
#15136 = SURFACE_STYLE_FILL_AREA(#15137);
#15137 = FILL_AREA_STYLE('',(#15138));
#15138 = FILL_AREA_STYLE_COLOUR('',#14795);
#15139 = STYLED_ITEM('color',(#15140),#6069);
#15140 = PRESENTATION_STYLE_ASSIGNMENT((#15141));
#15141 = SURFACE_STYLE_USAGE(.BOTH.,#15142);
#15142 = SURFACE_SIDE_STYLE('',(#15143));
#15143 = SURFACE_STYLE_FILL_AREA(#15144);
#15144 = FILL_AREA_STYLE('',(#15145));
#15145 = FILL_AREA_STYLE_COLOUR('',#14795);
#15146 = STYLED_ITEM('color',(#15147),#6093);
#15147 = PRESENTATION_STYLE_ASSIGNMENT((#15148));
#15148 = SURFACE_STYLE_USAGE(.BOTH.,#15149);
#15149 = SURFACE_SIDE_STYLE('',(#15150));
#15150 = SURFACE_STYLE_FILL_AREA(#15151);
#15151 = FILL_AREA_STYLE('',(#15152));
#15152 = FILL_AREA_STYLE_COLOUR('',#14795);
#15153 = STYLED_ITEM('color',(#15154),#6110);
#15154 = PRESENTATION_STYLE_ASSIGNMENT((#15155));
#15155 = SURFACE_STYLE_USAGE(.BOTH.,#15156);
#15156 = SURFACE_SIDE_STYLE('',(#15157));
#15157 = SURFACE_STYLE_FILL_AREA(#15158);
#15158 = FILL_AREA_STYLE('',(#15159));
#15159 = FILL_AREA_STYLE_COLOUR('',#14795);
#15160 = STYLED_ITEM('color',(#15161),#6141);
#15161 = PRESENTATION_STYLE_ASSIGNMENT((#15162));
#15162 = SURFACE_STYLE_USAGE(.BOTH.,#15163);
#15163 = SURFACE_SIDE_STYLE('',(#15164));
#15164 = SURFACE_STYLE_FILL_AREA(#15165);
#15165 = FILL_AREA_STYLE('',(#15166));
#15166 = FILL_AREA_STYLE_COLOUR('',#14795);
#15167 = STYLED_ITEM('color',(#15168),#6165);
#15168 = PRESENTATION_STYLE_ASSIGNMENT((#15169));
#15169 = SURFACE_STYLE_USAGE(.BOTH.,#15170);
#15170 = SURFACE_SIDE_STYLE('',(#15171));
#15171 = SURFACE_STYLE_FILL_AREA(#15172);
#15172 = FILL_AREA_STYLE('',(#15173));
#15173 = FILL_AREA_STYLE_COLOUR('',#14795);
#15174 = STYLED_ITEM('color',(#15175),#6189);
#15175 = PRESENTATION_STYLE_ASSIGNMENT((#15176));
#15176 = SURFACE_STYLE_USAGE(.BOTH.,#15177);
#15177 = SURFACE_SIDE_STYLE('',(#15178));
#15178 = SURFACE_STYLE_FILL_AREA(#15179);
#15179 = FILL_AREA_STYLE('',(#15180));
#15180 = FILL_AREA_STYLE_COLOUR('',#14795);
#15181 = STYLED_ITEM('color',(#15182),#6206);
#15182 = PRESENTATION_STYLE_ASSIGNMENT((#15183));
#15183 = SURFACE_STYLE_USAGE(.BOTH.,#15184);
#15184 = SURFACE_SIDE_STYLE('',(#15185));
#15185 = SURFACE_STYLE_FILL_AREA(#15186);
#15186 = FILL_AREA_STYLE('',(#15187));
#15187 = FILL_AREA_STYLE_COLOUR('',#14795);
#15188 = STYLED_ITEM('color',(#15189),#6237);
#15189 = PRESENTATION_STYLE_ASSIGNMENT((#15190));
#15190 = SURFACE_STYLE_USAGE(.BOTH.,#15191);
#15191 = SURFACE_SIDE_STYLE('',(#15192));
#15192 = SURFACE_STYLE_FILL_AREA(#15193);
#15193 = FILL_AREA_STYLE('',(#15194));
#15194 = FILL_AREA_STYLE_COLOUR('',#14795);
#15195 = STYLED_ITEM('color',(#15196),#6261);
#15196 = PRESENTATION_STYLE_ASSIGNMENT((#15197));
#15197 = SURFACE_STYLE_USAGE(.BOTH.,#15198);
#15198 = SURFACE_SIDE_STYLE('',(#15199));
#15199 = SURFACE_STYLE_FILL_AREA(#15200);
#15200 = FILL_AREA_STYLE('',(#15201));
#15201 = FILL_AREA_STYLE_COLOUR('',#14795);
#15202 = STYLED_ITEM('color',(#15203),#6285);
#15203 = PRESENTATION_STYLE_ASSIGNMENT((#15204));
#15204 = SURFACE_STYLE_USAGE(.BOTH.,#15205);
#15205 = SURFACE_SIDE_STYLE('',(#15206));
#15206 = SURFACE_STYLE_FILL_AREA(#15207);
#15207 = FILL_AREA_STYLE('',(#15208));
#15208 = FILL_AREA_STYLE_COLOUR('',#14795);
#15209 = STYLED_ITEM('color',(#15210),#6302);
#15210 = PRESENTATION_STYLE_ASSIGNMENT((#15211));
#15211 = SURFACE_STYLE_USAGE(.BOTH.,#15212);
#15212 = SURFACE_SIDE_STYLE('',(#15213));
#15213 = SURFACE_STYLE_FILL_AREA(#15214);
#15214 = FILL_AREA_STYLE('',(#15215));
#15215 = FILL_AREA_STYLE_COLOUR('',#14795);
#15216 = STYLED_ITEM('color',(#15217),#6333);
#15217 = PRESENTATION_STYLE_ASSIGNMENT((#15218));
#15218 = SURFACE_STYLE_USAGE(.BOTH.,#15219);
#15219 = SURFACE_SIDE_STYLE('',(#15220));
#15220 = SURFACE_STYLE_FILL_AREA(#15221);
#15221 = FILL_AREA_STYLE('',(#15222));
#15222 = FILL_AREA_STYLE_COLOUR('',#14795);
#15223 = STYLED_ITEM('color',(#15224),#6357);
#15224 = PRESENTATION_STYLE_ASSIGNMENT((#15225));
#15225 = SURFACE_STYLE_USAGE(.BOTH.,#15226);
#15226 = SURFACE_SIDE_STYLE('',(#15227));
#15227 = SURFACE_STYLE_FILL_AREA(#15228);
#15228 = FILL_AREA_STYLE('',(#15229));
#15229 = FILL_AREA_STYLE_COLOUR('',#14795);
#15230 = STYLED_ITEM('color',(#15231),#6381);
#15231 = PRESENTATION_STYLE_ASSIGNMENT((#15232));
#15232 = SURFACE_STYLE_USAGE(.BOTH.,#15233);
#15233 = SURFACE_SIDE_STYLE('',(#15234));
#15234 = SURFACE_STYLE_FILL_AREA(#15235);
#15235 = FILL_AREA_STYLE('',(#15236));
#15236 = FILL_AREA_STYLE_COLOUR('',#14795);
#15237 = STYLED_ITEM('color',(#15238),#6398);
#15238 = PRESENTATION_STYLE_ASSIGNMENT((#15239));
#15239 = SURFACE_STYLE_USAGE(.BOTH.,#15240);
#15240 = SURFACE_SIDE_STYLE('',(#15241));
#15241 = SURFACE_STYLE_FILL_AREA(#15242);
#15242 = FILL_AREA_STYLE('',(#15243));
#15243 = FILL_AREA_STYLE_COLOUR('',#14795);
#15244 = STYLED_ITEM('color',(#15245),#6410);
#15245 = PRESENTATION_STYLE_ASSIGNMENT((#15246));
#15246 = SURFACE_STYLE_USAGE(.BOTH.,#15247);
#15247 = SURFACE_SIDE_STYLE('',(#15248));
#15248 = SURFACE_STYLE_FILL_AREA(#15249);
#15249 = FILL_AREA_STYLE('',(#15250));
#15250 = FILL_AREA_STYLE_COLOUR('',#14795);
#15251 = MECHANICAL_DESIGN_GEOMETRIC_PRESENTATION_REPRESENTATION('',(
    #15252,#15260,#15267,#15274,#15281,#15288,#15295,#15302,#15309,
    #15316,#15323,#15330,#15337,#15344,#15351,#15358,#15365,#15372,
    #15379,#15386,#15393,#15400,#15407,#15415,#15422,#15429,#15436,
    #15443,#15450,#15457,#15464,#15471,#15478,#15485,#15492,#15499,
    #15506,#15513,#15520,#15527,#15534,#15541,#15548,#15555,#15562,
    #15569,#15576,#15583,#15590,#15597,#15604,#15611,#15618,#15625,
    #15632,#15639,#15646,#15653,#15660,#15667,#15674,#15681,#15688,
    #15695,#15702,#15709,#15716,#15723,#15730,#15737,#15744,#15751,
    #15758,#15765,#15772,#15779),#10259);
#15252 = STYLED_ITEM('color',(#15253),#8155);
#15253 = PRESENTATION_STYLE_ASSIGNMENT((#15254));
#15254 = SURFACE_STYLE_USAGE(.BOTH.,#15255);
#15255 = SURFACE_SIDE_STYLE('',(#15256));
#15256 = SURFACE_STYLE_FILL_AREA(#15257);
#15257 = FILL_AREA_STYLE('',(#15258));
#15258 = FILL_AREA_STYLE_COLOUR('',#15259);
#15259 = COLOUR_RGB('',0.147999998088,0.144999993226,0.144999993226);
#15260 = STYLED_ITEM('color',(#15261),#8195);
#15261 = PRESENTATION_STYLE_ASSIGNMENT((#15262));
#15262 = SURFACE_STYLE_USAGE(.BOTH.,#15263);
#15263 = SURFACE_SIDE_STYLE('',(#15264));
#15264 = SURFACE_STYLE_FILL_AREA(#15265);
#15265 = FILL_AREA_STYLE('',(#15266));
#15266 = FILL_AREA_STYLE_COLOUR('',#15259);
#15267 = STYLED_ITEM('color',(#15268),#8226);
#15268 = PRESENTATION_STYLE_ASSIGNMENT((#15269));
#15269 = SURFACE_STYLE_USAGE(.BOTH.,#15270);
#15270 = SURFACE_SIDE_STYLE('',(#15271));
#15271 = SURFACE_STYLE_FILL_AREA(#15272);
#15272 = FILL_AREA_STYLE('',(#15273));
#15273 = FILL_AREA_STYLE_COLOUR('',#15259);
#15274 = STYLED_ITEM('color',(#15275),#8257);
#15275 = PRESENTATION_STYLE_ASSIGNMENT((#15276));
#15276 = SURFACE_STYLE_USAGE(.BOTH.,#15277);
#15277 = SURFACE_SIDE_STYLE('',(#15278));
#15278 = SURFACE_STYLE_FILL_AREA(#15279);
#15279 = FILL_AREA_STYLE('',(#15280));
#15280 = FILL_AREA_STYLE_COLOUR('',#15259);
#15281 = STYLED_ITEM('color',(#15282),#8504);
#15282 = PRESENTATION_STYLE_ASSIGNMENT((#15283));
#15283 = SURFACE_STYLE_USAGE(.BOTH.,#15284);
#15284 = SURFACE_SIDE_STYLE('',(#15285));
#15285 = SURFACE_STYLE_FILL_AREA(#15286);
#15286 = FILL_AREA_STYLE('',(#15287));
#15287 = FILL_AREA_STYLE_COLOUR('',#15259);
#15288 = STYLED_ITEM('color',(#15289),#8751);
#15289 = PRESENTATION_STYLE_ASSIGNMENT((#15290));
#15290 = SURFACE_STYLE_USAGE(.BOTH.,#15291);
#15291 = SURFACE_SIDE_STYLE('',(#15292));
#15292 = SURFACE_STYLE_FILL_AREA(#15293);
#15293 = FILL_AREA_STYLE('',(#15294));
#15294 = FILL_AREA_STYLE_COLOUR('',#15259);
#15295 = STYLED_ITEM('color',(#15296),#8768);
#15296 = PRESENTATION_STYLE_ASSIGNMENT((#15297));
#15297 = SURFACE_STYLE_USAGE(.BOTH.,#15298);
#15298 = SURFACE_SIDE_STYLE('',(#15299));
#15299 = SURFACE_STYLE_FILL_AREA(#15300);
#15300 = FILL_AREA_STYLE('',(#15301));
#15301 = FILL_AREA_STYLE_COLOUR('',#15259);
#15302 = STYLED_ITEM('color',(#15303),#8785);
#15303 = PRESENTATION_STYLE_ASSIGNMENT((#15304));
#15304 = SURFACE_STYLE_USAGE(.BOTH.,#15305);
#15305 = SURFACE_SIDE_STYLE('',(#15306));
#15306 = SURFACE_STYLE_FILL_AREA(#15307);
#15307 = FILL_AREA_STYLE('',(#15308));
#15308 = FILL_AREA_STYLE_COLOUR('',#15259);
#15309 = STYLED_ITEM('color',(#15310),#8802);
#15310 = PRESENTATION_STYLE_ASSIGNMENT((#15311));
#15311 = SURFACE_STYLE_USAGE(.BOTH.,#15312);
#15312 = SURFACE_SIDE_STYLE('',(#15313));
#15313 = SURFACE_STYLE_FILL_AREA(#15314);
#15314 = FILL_AREA_STYLE('',(#15315));
#15315 = FILL_AREA_STYLE_COLOUR('',#15259);
#15316 = STYLED_ITEM('color',(#15317),#8819);
#15317 = PRESENTATION_STYLE_ASSIGNMENT((#15318));
#15318 = SURFACE_STYLE_USAGE(.BOTH.,#15319);
#15319 = SURFACE_SIDE_STYLE('',(#15320));
#15320 = SURFACE_STYLE_FILL_AREA(#15321);
#15321 = FILL_AREA_STYLE('',(#15322));
#15322 = FILL_AREA_STYLE_COLOUR('',#15259);
#15323 = STYLED_ITEM('color',(#15324),#8836);
#15324 = PRESENTATION_STYLE_ASSIGNMENT((#15325));
#15325 = SURFACE_STYLE_USAGE(.BOTH.,#15326);
#15326 = SURFACE_SIDE_STYLE('',(#15327));
#15327 = SURFACE_STYLE_FILL_AREA(#15328);
#15328 = FILL_AREA_STYLE('',(#15329));
#15329 = FILL_AREA_STYLE_COLOUR('',#15259);
#15330 = STYLED_ITEM('color',(#15331),#8853);
#15331 = PRESENTATION_STYLE_ASSIGNMENT((#15332));
#15332 = SURFACE_STYLE_USAGE(.BOTH.,#15333);
#15333 = SURFACE_SIDE_STYLE('',(#15334));
#15334 = SURFACE_STYLE_FILL_AREA(#15335);
#15335 = FILL_AREA_STYLE('',(#15336));
#15336 = FILL_AREA_STYLE_COLOUR('',#15259);
#15337 = STYLED_ITEM('color',(#15338),#8870);
#15338 = PRESENTATION_STYLE_ASSIGNMENT((#15339));
#15339 = SURFACE_STYLE_USAGE(.BOTH.,#15340);
#15340 = SURFACE_SIDE_STYLE('',(#15341));
#15341 = SURFACE_STYLE_FILL_AREA(#15342);
#15342 = FILL_AREA_STYLE('',(#15343));
#15343 = FILL_AREA_STYLE_COLOUR('',#15259);
#15344 = STYLED_ITEM('color',(#15345),#8887);
#15345 = PRESENTATION_STYLE_ASSIGNMENT((#15346));
#15346 = SURFACE_STYLE_USAGE(.BOTH.,#15347);
#15347 = SURFACE_SIDE_STYLE('',(#15348));
#15348 = SURFACE_STYLE_FILL_AREA(#15349);
#15349 = FILL_AREA_STYLE('',(#15350));
#15350 = FILL_AREA_STYLE_COLOUR('',#15259);
#15351 = STYLED_ITEM('color',(#15352),#8904);
#15352 = PRESENTATION_STYLE_ASSIGNMENT((#15353));
#15353 = SURFACE_STYLE_USAGE(.BOTH.,#15354);
#15354 = SURFACE_SIDE_STYLE('',(#15355));
#15355 = SURFACE_STYLE_FILL_AREA(#15356);
#15356 = FILL_AREA_STYLE('',(#15357));
#15357 = FILL_AREA_STYLE_COLOUR('',#15259);
#15358 = STYLED_ITEM('color',(#15359),#8921);
#15359 = PRESENTATION_STYLE_ASSIGNMENT((#15360));
#15360 = SURFACE_STYLE_USAGE(.BOTH.,#15361);
#15361 = SURFACE_SIDE_STYLE('',(#15362));
#15362 = SURFACE_STYLE_FILL_AREA(#15363);
#15363 = FILL_AREA_STYLE('',(#15364));
#15364 = FILL_AREA_STYLE_COLOUR('',#15259);
#15365 = STYLED_ITEM('color',(#15366),#8938);
#15366 = PRESENTATION_STYLE_ASSIGNMENT((#15367));
#15367 = SURFACE_STYLE_USAGE(.BOTH.,#15368);
#15368 = SURFACE_SIDE_STYLE('',(#15369));
#15369 = SURFACE_STYLE_FILL_AREA(#15370);
#15370 = FILL_AREA_STYLE('',(#15371));
#15371 = FILL_AREA_STYLE_COLOUR('',#15259);
#15372 = STYLED_ITEM('color',(#15373),#8955);
#15373 = PRESENTATION_STYLE_ASSIGNMENT((#15374));
#15374 = SURFACE_STYLE_USAGE(.BOTH.,#15375);
#15375 = SURFACE_SIDE_STYLE('',(#15376));
#15376 = SURFACE_STYLE_FILL_AREA(#15377);
#15377 = FILL_AREA_STYLE('',(#15378));
#15378 = FILL_AREA_STYLE_COLOUR('',#15259);
#15379 = STYLED_ITEM('color',(#15380),#8972);
#15380 = PRESENTATION_STYLE_ASSIGNMENT((#15381));
#15381 = SURFACE_STYLE_USAGE(.BOTH.,#15382);
#15382 = SURFACE_SIDE_STYLE('',(#15383));
#15383 = SURFACE_STYLE_FILL_AREA(#15384);
#15384 = FILL_AREA_STYLE('',(#15385));
#15385 = FILL_AREA_STYLE_COLOUR('',#15259);
#15386 = STYLED_ITEM('color',(#15387),#8989);
#15387 = PRESENTATION_STYLE_ASSIGNMENT((#15388));
#15388 = SURFACE_STYLE_USAGE(.BOTH.,#15389);
#15389 = SURFACE_SIDE_STYLE('',(#15390));
#15390 = SURFACE_STYLE_FILL_AREA(#15391);
#15391 = FILL_AREA_STYLE('',(#15392));
#15392 = FILL_AREA_STYLE_COLOUR('',#15259);
#15393 = STYLED_ITEM('color',(#15394),#9006);
#15394 = PRESENTATION_STYLE_ASSIGNMENT((#15395));
#15395 = SURFACE_STYLE_USAGE(.BOTH.,#15396);
#15396 = SURFACE_SIDE_STYLE('',(#15397));
#15397 = SURFACE_STYLE_FILL_AREA(#15398);
#15398 = FILL_AREA_STYLE('',(#15399));
#15399 = FILL_AREA_STYLE_COLOUR('',#15259);
#15400 = STYLED_ITEM('color',(#15401),#9023);
#15401 = PRESENTATION_STYLE_ASSIGNMENT((#15402));
#15402 = SURFACE_STYLE_USAGE(.BOTH.,#15403);
#15403 = SURFACE_SIDE_STYLE('',(#15404));
#15404 = SURFACE_STYLE_FILL_AREA(#15405);
#15405 = FILL_AREA_STYLE('',(#15406));
#15406 = FILL_AREA_STYLE_COLOUR('',#15259);
#15407 = STYLED_ITEM('color',(#15408),#9035);
#15408 = PRESENTATION_STYLE_ASSIGNMENT((#15409));
#15409 = SURFACE_STYLE_USAGE(.BOTH.,#15410);
#15410 = SURFACE_SIDE_STYLE('',(#15411));
#15411 = SURFACE_STYLE_FILL_AREA(#15412);
#15412 = FILL_AREA_STYLE('',(#15413));
#15413 = FILL_AREA_STYLE_COLOUR('',#15414);
#15414 = COLOUR_RGB('',0.859000020776,0.737999965183,0.495999988746);
#15415 = STYLED_ITEM('color',(#15416),#9066);
#15416 = PRESENTATION_STYLE_ASSIGNMENT((#15417));
#15417 = SURFACE_STYLE_USAGE(.BOTH.,#15418);
#15418 = SURFACE_SIDE_STYLE('',(#15419));
#15419 = SURFACE_STYLE_FILL_AREA(#15420);
#15420 = FILL_AREA_STYLE('',(#15421));
#15421 = FILL_AREA_STYLE_COLOUR('',#15414);
#15422 = STYLED_ITEM('color',(#15423),#9090);
#15423 = PRESENTATION_STYLE_ASSIGNMENT((#15424));
#15424 = SURFACE_STYLE_USAGE(.BOTH.,#15425);
#15425 = SURFACE_SIDE_STYLE('',(#15426));
#15426 = SURFACE_STYLE_FILL_AREA(#15427);
#15427 = FILL_AREA_STYLE('',(#15428));
#15428 = FILL_AREA_STYLE_COLOUR('',#15414);
#15429 = STYLED_ITEM('color',(#15430),#9114);
#15430 = PRESENTATION_STYLE_ASSIGNMENT((#15431));
#15431 = SURFACE_STYLE_USAGE(.BOTH.,#15432);
#15432 = SURFACE_SIDE_STYLE('',(#15433));
#15433 = SURFACE_STYLE_FILL_AREA(#15434);
#15434 = FILL_AREA_STYLE('',(#15435));
#15435 = FILL_AREA_STYLE_COLOUR('',#15414);
#15436 = STYLED_ITEM('color',(#15437),#9131);
#15437 = PRESENTATION_STYLE_ASSIGNMENT((#15438));
#15438 = SURFACE_STYLE_USAGE(.BOTH.,#15439);
#15439 = SURFACE_SIDE_STYLE('',(#15440));
#15440 = SURFACE_STYLE_FILL_AREA(#15441);
#15441 = FILL_AREA_STYLE('',(#15442));
#15442 = FILL_AREA_STYLE_COLOUR('',#15414);
#15443 = STYLED_ITEM('color',(#15444),#9162);
#15444 = PRESENTATION_STYLE_ASSIGNMENT((#15445));
#15445 = SURFACE_STYLE_USAGE(.BOTH.,#15446);
#15446 = SURFACE_SIDE_STYLE('',(#15447));
#15447 = SURFACE_STYLE_FILL_AREA(#15448);
#15448 = FILL_AREA_STYLE('',(#15449));
#15449 = FILL_AREA_STYLE_COLOUR('',#15414);
#15450 = STYLED_ITEM('color',(#15451),#9186);
#15451 = PRESENTATION_STYLE_ASSIGNMENT((#15452));
#15452 = SURFACE_STYLE_USAGE(.BOTH.,#15453);
#15453 = SURFACE_SIDE_STYLE('',(#15454));
#15454 = SURFACE_STYLE_FILL_AREA(#15455);
#15455 = FILL_AREA_STYLE('',(#15456));
#15456 = FILL_AREA_STYLE_COLOUR('',#15414);
#15457 = STYLED_ITEM('color',(#15458),#9210);
#15458 = PRESENTATION_STYLE_ASSIGNMENT((#15459));
#15459 = SURFACE_STYLE_USAGE(.BOTH.,#15460);
#15460 = SURFACE_SIDE_STYLE('',(#15461));
#15461 = SURFACE_STYLE_FILL_AREA(#15462);
#15462 = FILL_AREA_STYLE('',(#15463));
#15463 = FILL_AREA_STYLE_COLOUR('',#15414);
#15464 = STYLED_ITEM('color',(#15465),#9227);
#15465 = PRESENTATION_STYLE_ASSIGNMENT((#15466));
#15466 = SURFACE_STYLE_USAGE(.BOTH.,#15467);
#15467 = SURFACE_SIDE_STYLE('',(#15468));
#15468 = SURFACE_STYLE_FILL_AREA(#15469);
#15469 = FILL_AREA_STYLE('',(#15470));
#15470 = FILL_AREA_STYLE_COLOUR('',#15414);
#15471 = STYLED_ITEM('color',(#15472),#9258);
#15472 = PRESENTATION_STYLE_ASSIGNMENT((#15473));
#15473 = SURFACE_STYLE_USAGE(.BOTH.,#15474);
#15474 = SURFACE_SIDE_STYLE('',(#15475));
#15475 = SURFACE_STYLE_FILL_AREA(#15476);
#15476 = FILL_AREA_STYLE('',(#15477));
#15477 = FILL_AREA_STYLE_COLOUR('',#15414);
#15478 = STYLED_ITEM('color',(#15479),#9282);
#15479 = PRESENTATION_STYLE_ASSIGNMENT((#15480));
#15480 = SURFACE_STYLE_USAGE(.BOTH.,#15481);
#15481 = SURFACE_SIDE_STYLE('',(#15482));
#15482 = SURFACE_STYLE_FILL_AREA(#15483);
#15483 = FILL_AREA_STYLE('',(#15484));
#15484 = FILL_AREA_STYLE_COLOUR('',#15414);
#15485 = STYLED_ITEM('color',(#15486),#9306);
#15486 = PRESENTATION_STYLE_ASSIGNMENT((#15487));
#15487 = SURFACE_STYLE_USAGE(.BOTH.,#15488);
#15488 = SURFACE_SIDE_STYLE('',(#15489));
#15489 = SURFACE_STYLE_FILL_AREA(#15490);
#15490 = FILL_AREA_STYLE('',(#15491));
#15491 = FILL_AREA_STYLE_COLOUR('',#15414);
#15492 = STYLED_ITEM('color',(#15493),#9323);
#15493 = PRESENTATION_STYLE_ASSIGNMENT((#15494));
#15494 = SURFACE_STYLE_USAGE(.BOTH.,#15495);
#15495 = SURFACE_SIDE_STYLE('',(#15496));
#15496 = SURFACE_STYLE_FILL_AREA(#15497);
#15497 = FILL_AREA_STYLE('',(#15498));
#15498 = FILL_AREA_STYLE_COLOUR('',#15414);
#15499 = STYLED_ITEM('color',(#15500),#9354);
#15500 = PRESENTATION_STYLE_ASSIGNMENT((#15501));
#15501 = SURFACE_STYLE_USAGE(.BOTH.,#15502);
#15502 = SURFACE_SIDE_STYLE('',(#15503));
#15503 = SURFACE_STYLE_FILL_AREA(#15504);
#15504 = FILL_AREA_STYLE('',(#15505));
#15505 = FILL_AREA_STYLE_COLOUR('',#15414);
#15506 = STYLED_ITEM('color',(#15507),#9378);
#15507 = PRESENTATION_STYLE_ASSIGNMENT((#15508));
#15508 = SURFACE_STYLE_USAGE(.BOTH.,#15509);
#15509 = SURFACE_SIDE_STYLE('',(#15510));
#15510 = SURFACE_STYLE_FILL_AREA(#15511);
#15511 = FILL_AREA_STYLE('',(#15512));
#15512 = FILL_AREA_STYLE_COLOUR('',#15414);
#15513 = STYLED_ITEM('color',(#15514),#9402);
#15514 = PRESENTATION_STYLE_ASSIGNMENT((#15515));
#15515 = SURFACE_STYLE_USAGE(.BOTH.,#15516);
#15516 = SURFACE_SIDE_STYLE('',(#15517));
#15517 = SURFACE_STYLE_FILL_AREA(#15518);
#15518 = FILL_AREA_STYLE('',(#15519));
#15519 = FILL_AREA_STYLE_COLOUR('',#15414);
#15520 = STYLED_ITEM('color',(#15521),#9419);
#15521 = PRESENTATION_STYLE_ASSIGNMENT((#15522));
#15522 = SURFACE_STYLE_USAGE(.BOTH.,#15523);
#15523 = SURFACE_SIDE_STYLE('',(#15524));
#15524 = SURFACE_STYLE_FILL_AREA(#15525);
#15525 = FILL_AREA_STYLE('',(#15526));
#15526 = FILL_AREA_STYLE_COLOUR('',#15414);
#15527 = STYLED_ITEM('color',(#15528),#9450);
#15528 = PRESENTATION_STYLE_ASSIGNMENT((#15529));
#15529 = SURFACE_STYLE_USAGE(.BOTH.,#15530);
#15530 = SURFACE_SIDE_STYLE('',(#15531));
#15531 = SURFACE_STYLE_FILL_AREA(#15532);
#15532 = FILL_AREA_STYLE('',(#15533));
#15533 = FILL_AREA_STYLE_COLOUR('',#15414);
#15534 = STYLED_ITEM('color',(#15535),#9474);
#15535 = PRESENTATION_STYLE_ASSIGNMENT((#15536));
#15536 = SURFACE_STYLE_USAGE(.BOTH.,#15537);
#15537 = SURFACE_SIDE_STYLE('',(#15538));
#15538 = SURFACE_STYLE_FILL_AREA(#15539);
#15539 = FILL_AREA_STYLE('',(#15540));
#15540 = FILL_AREA_STYLE_COLOUR('',#15414);
#15541 = STYLED_ITEM('color',(#15542),#9498);
#15542 = PRESENTATION_STYLE_ASSIGNMENT((#15543));
#15543 = SURFACE_STYLE_USAGE(.BOTH.,#15544);
#15544 = SURFACE_SIDE_STYLE('',(#15545));
#15545 = SURFACE_STYLE_FILL_AREA(#15546);
#15546 = FILL_AREA_STYLE('',(#15547));
#15547 = FILL_AREA_STYLE_COLOUR('',#15414);
#15548 = STYLED_ITEM('color',(#15549),#9515);
#15549 = PRESENTATION_STYLE_ASSIGNMENT((#15550));
#15550 = SURFACE_STYLE_USAGE(.BOTH.,#15551);
#15551 = SURFACE_SIDE_STYLE('',(#15552));
#15552 = SURFACE_STYLE_FILL_AREA(#15553);
#15553 = FILL_AREA_STYLE('',(#15554));
#15554 = FILL_AREA_STYLE_COLOUR('',#15414);
#15555 = STYLED_ITEM('color',(#15556),#9546);
#15556 = PRESENTATION_STYLE_ASSIGNMENT((#15557));
#15557 = SURFACE_STYLE_USAGE(.BOTH.,#15558);
#15558 = SURFACE_SIDE_STYLE('',(#15559));
#15559 = SURFACE_STYLE_FILL_AREA(#15560);
#15560 = FILL_AREA_STYLE('',(#15561));
#15561 = FILL_AREA_STYLE_COLOUR('',#15414);
#15562 = STYLED_ITEM('color',(#15563),#9570);
#15563 = PRESENTATION_STYLE_ASSIGNMENT((#15564));
#15564 = SURFACE_STYLE_USAGE(.BOTH.,#15565);
#15565 = SURFACE_SIDE_STYLE('',(#15566));
#15566 = SURFACE_STYLE_FILL_AREA(#15567);
#15567 = FILL_AREA_STYLE('',(#15568));
#15568 = FILL_AREA_STYLE_COLOUR('',#15414);
#15569 = STYLED_ITEM('color',(#15570),#9594);
#15570 = PRESENTATION_STYLE_ASSIGNMENT((#15571));
#15571 = SURFACE_STYLE_USAGE(.BOTH.,#15572);
#15572 = SURFACE_SIDE_STYLE('',(#15573));
#15573 = SURFACE_STYLE_FILL_AREA(#15574);
#15574 = FILL_AREA_STYLE('',(#15575));
#15575 = FILL_AREA_STYLE_COLOUR('',#15414);
#15576 = STYLED_ITEM('color',(#15577),#9611);
#15577 = PRESENTATION_STYLE_ASSIGNMENT((#15578));
#15578 = SURFACE_STYLE_USAGE(.BOTH.,#15579);
#15579 = SURFACE_SIDE_STYLE('',(#15580));
#15580 = SURFACE_STYLE_FILL_AREA(#15581);
#15581 = FILL_AREA_STYLE('',(#15582));
#15582 = FILL_AREA_STYLE_COLOUR('',#15414);
#15583 = STYLED_ITEM('color',(#15584),#9642);
#15584 = PRESENTATION_STYLE_ASSIGNMENT((#15585));
#15585 = SURFACE_STYLE_USAGE(.BOTH.,#15586);
#15586 = SURFACE_SIDE_STYLE('',(#15587));
#15587 = SURFACE_STYLE_FILL_AREA(#15588);
#15588 = FILL_AREA_STYLE('',(#15589));
#15589 = FILL_AREA_STYLE_COLOUR('',#15414);
#15590 = STYLED_ITEM('color',(#15591),#9666);
#15591 = PRESENTATION_STYLE_ASSIGNMENT((#15592));
#15592 = SURFACE_STYLE_USAGE(.BOTH.,#15593);
#15593 = SURFACE_SIDE_STYLE('',(#15594));
#15594 = SURFACE_STYLE_FILL_AREA(#15595);
#15595 = FILL_AREA_STYLE('',(#15596));
#15596 = FILL_AREA_STYLE_COLOUR('',#15414);
#15597 = STYLED_ITEM('color',(#15598),#9690);
#15598 = PRESENTATION_STYLE_ASSIGNMENT((#15599));
#15599 = SURFACE_STYLE_USAGE(.BOTH.,#15600);
#15600 = SURFACE_SIDE_STYLE('',(#15601));
#15601 = SURFACE_STYLE_FILL_AREA(#15602);
#15602 = FILL_AREA_STYLE('',(#15603));
#15603 = FILL_AREA_STYLE_COLOUR('',#15414);
#15604 = STYLED_ITEM('color',(#15605),#9707);
#15605 = PRESENTATION_STYLE_ASSIGNMENT((#15606));
#15606 = SURFACE_STYLE_USAGE(.BOTH.,#15607);
#15607 = SURFACE_SIDE_STYLE('',(#15608));
#15608 = SURFACE_STYLE_FILL_AREA(#15609);
#15609 = FILL_AREA_STYLE('',(#15610));
#15610 = FILL_AREA_STYLE_COLOUR('',#15414);
#15611 = STYLED_ITEM('color',(#15612),#9738);
#15612 = PRESENTATION_STYLE_ASSIGNMENT((#15613));
#15613 = SURFACE_STYLE_USAGE(.BOTH.,#15614);
#15614 = SURFACE_SIDE_STYLE('',(#15615));
#15615 = SURFACE_STYLE_FILL_AREA(#15616);
#15616 = FILL_AREA_STYLE('',(#15617));
#15617 = FILL_AREA_STYLE_COLOUR('',#15414);
#15618 = STYLED_ITEM('color',(#15619),#9762);
#15619 = PRESENTATION_STYLE_ASSIGNMENT((#15620));
#15620 = SURFACE_STYLE_USAGE(.BOTH.,#15621);
#15621 = SURFACE_SIDE_STYLE('',(#15622));
#15622 = SURFACE_STYLE_FILL_AREA(#15623);
#15623 = FILL_AREA_STYLE('',(#15624));
#15624 = FILL_AREA_STYLE_COLOUR('',#15414);
#15625 = STYLED_ITEM('color',(#15626),#9786);
#15626 = PRESENTATION_STYLE_ASSIGNMENT((#15627));
#15627 = SURFACE_STYLE_USAGE(.BOTH.,#15628);
#15628 = SURFACE_SIDE_STYLE('',(#15629));
#15629 = SURFACE_STYLE_FILL_AREA(#15630);
#15630 = FILL_AREA_STYLE('',(#15631));
#15631 = FILL_AREA_STYLE_COLOUR('',#15414);
#15632 = STYLED_ITEM('color',(#15633),#9803);
#15633 = PRESENTATION_STYLE_ASSIGNMENT((#15634));
#15634 = SURFACE_STYLE_USAGE(.BOTH.,#15635);
#15635 = SURFACE_SIDE_STYLE('',(#15636));
#15636 = SURFACE_STYLE_FILL_AREA(#15637);
#15637 = FILL_AREA_STYLE('',(#15638));
#15638 = FILL_AREA_STYLE_COLOUR('',#15414);
#15639 = STYLED_ITEM('color',(#15640),#9834);
#15640 = PRESENTATION_STYLE_ASSIGNMENT((#15641));
#15641 = SURFACE_STYLE_USAGE(.BOTH.,#15642);
#15642 = SURFACE_SIDE_STYLE('',(#15643));
#15643 = SURFACE_STYLE_FILL_AREA(#15644);
#15644 = FILL_AREA_STYLE('',(#15645));
#15645 = FILL_AREA_STYLE_COLOUR('',#15414);
#15646 = STYLED_ITEM('color',(#15647),#9858);
#15647 = PRESENTATION_STYLE_ASSIGNMENT((#15648));
#15648 = SURFACE_STYLE_USAGE(.BOTH.,#15649);
#15649 = SURFACE_SIDE_STYLE('',(#15650));
#15650 = SURFACE_STYLE_FILL_AREA(#15651);
#15651 = FILL_AREA_STYLE('',(#15652));
#15652 = FILL_AREA_STYLE_COLOUR('',#15414);
#15653 = STYLED_ITEM('color',(#15654),#9882);
#15654 = PRESENTATION_STYLE_ASSIGNMENT((#15655));
#15655 = SURFACE_STYLE_USAGE(.BOTH.,#15656);
#15656 = SURFACE_SIDE_STYLE('',(#15657));
#15657 = SURFACE_STYLE_FILL_AREA(#15658);
#15658 = FILL_AREA_STYLE('',(#15659));
#15659 = FILL_AREA_STYLE_COLOUR('',#15414);
#15660 = STYLED_ITEM('color',(#15661),#9899);
#15661 = PRESENTATION_STYLE_ASSIGNMENT((#15662));
#15662 = SURFACE_STYLE_USAGE(.BOTH.,#15663);
#15663 = SURFACE_SIDE_STYLE('',(#15664));
#15664 = SURFACE_STYLE_FILL_AREA(#15665);
#15665 = FILL_AREA_STYLE('',(#15666));
#15666 = FILL_AREA_STYLE_COLOUR('',#15414);
#15667 = STYLED_ITEM('color',(#15668),#9930);
#15668 = PRESENTATION_STYLE_ASSIGNMENT((#15669));
#15669 = SURFACE_STYLE_USAGE(.BOTH.,#15670);
#15670 = SURFACE_SIDE_STYLE('',(#15671));
#15671 = SURFACE_STYLE_FILL_AREA(#15672);
#15672 = FILL_AREA_STYLE('',(#15673));
#15673 = FILL_AREA_STYLE_COLOUR('',#15414);
#15674 = STYLED_ITEM('color',(#15675),#9954);
#15675 = PRESENTATION_STYLE_ASSIGNMENT((#15676));
#15676 = SURFACE_STYLE_USAGE(.BOTH.,#15677);
#15677 = SURFACE_SIDE_STYLE('',(#15678));
#15678 = SURFACE_STYLE_FILL_AREA(#15679);
#15679 = FILL_AREA_STYLE('',(#15680));
#15680 = FILL_AREA_STYLE_COLOUR('',#15414);
#15681 = STYLED_ITEM('color',(#15682),#9978);
#15682 = PRESENTATION_STYLE_ASSIGNMENT((#15683));
#15683 = SURFACE_STYLE_USAGE(.BOTH.,#15684);
#15684 = SURFACE_SIDE_STYLE('',(#15685));
#15685 = SURFACE_STYLE_FILL_AREA(#15686);
#15686 = FILL_AREA_STYLE('',(#15687));
#15687 = FILL_AREA_STYLE_COLOUR('',#15414);
#15688 = STYLED_ITEM('color',(#15689),#9995);
#15689 = PRESENTATION_STYLE_ASSIGNMENT((#15690));
#15690 = SURFACE_STYLE_USAGE(.BOTH.,#15691);
#15691 = SURFACE_SIDE_STYLE('',(#15692));
#15692 = SURFACE_STYLE_FILL_AREA(#15693);
#15693 = FILL_AREA_STYLE('',(#15694));
#15694 = FILL_AREA_STYLE_COLOUR('',#15414);
#15695 = STYLED_ITEM('color',(#15696),#10026);
#15696 = PRESENTATION_STYLE_ASSIGNMENT((#15697));
#15697 = SURFACE_STYLE_USAGE(.BOTH.,#15698);
#15698 = SURFACE_SIDE_STYLE('',(#15699));
#15699 = SURFACE_STYLE_FILL_AREA(#15700);
#15700 = FILL_AREA_STYLE('',(#15701));
#15701 = FILL_AREA_STYLE_COLOUR('',#15414);
#15702 = STYLED_ITEM('color',(#15703),#10050);
#15703 = PRESENTATION_STYLE_ASSIGNMENT((#15704));
#15704 = SURFACE_STYLE_USAGE(.BOTH.,#15705);
#15705 = SURFACE_SIDE_STYLE('',(#15706));
#15706 = SURFACE_STYLE_FILL_AREA(#15707);
#15707 = FILL_AREA_STYLE('',(#15708));
#15708 = FILL_AREA_STYLE_COLOUR('',#15414);
#15709 = STYLED_ITEM('color',(#15710),#10074);
#15710 = PRESENTATION_STYLE_ASSIGNMENT((#15711));
#15711 = SURFACE_STYLE_USAGE(.BOTH.,#15712);
#15712 = SURFACE_SIDE_STYLE('',(#15713));
#15713 = SURFACE_STYLE_FILL_AREA(#15714);
#15714 = FILL_AREA_STYLE('',(#15715));
#15715 = FILL_AREA_STYLE_COLOUR('',#15414);
#15716 = STYLED_ITEM('color',(#15717),#10091);
#15717 = PRESENTATION_STYLE_ASSIGNMENT((#15718));
#15718 = SURFACE_STYLE_USAGE(.BOTH.,#15719);
#15719 = SURFACE_SIDE_STYLE('',(#15720));
#15720 = SURFACE_STYLE_FILL_AREA(#15721);
#15721 = FILL_AREA_STYLE('',(#15722));
#15722 = FILL_AREA_STYLE_COLOUR('',#15414);
#15723 = STYLED_ITEM('color',(#15724),#10122);
#15724 = PRESENTATION_STYLE_ASSIGNMENT((#15725));
#15725 = SURFACE_STYLE_USAGE(.BOTH.,#15726);
#15726 = SURFACE_SIDE_STYLE('',(#15727));
#15727 = SURFACE_STYLE_FILL_AREA(#15728);
#15728 = FILL_AREA_STYLE('',(#15729));
#15729 = FILL_AREA_STYLE_COLOUR('',#15414);
#15730 = STYLED_ITEM('color',(#15731),#10146);
#15731 = PRESENTATION_STYLE_ASSIGNMENT((#15732));
#15732 = SURFACE_STYLE_USAGE(.BOTH.,#15733);
#15733 = SURFACE_SIDE_STYLE('',(#15734));
#15734 = SURFACE_STYLE_FILL_AREA(#15735);
#15735 = FILL_AREA_STYLE('',(#15736));
#15736 = FILL_AREA_STYLE_COLOUR('',#15414);
#15737 = STYLED_ITEM('color',(#15738),#10170);
#15738 = PRESENTATION_STYLE_ASSIGNMENT((#15739));
#15739 = SURFACE_STYLE_USAGE(.BOTH.,#15740);
#15740 = SURFACE_SIDE_STYLE('',(#15741));
#15741 = SURFACE_STYLE_FILL_AREA(#15742);
#15742 = FILL_AREA_STYLE('',(#15743));
#15743 = FILL_AREA_STYLE_COLOUR('',#15414);
#15744 = STYLED_ITEM('color',(#15745),#10187);
#15745 = PRESENTATION_STYLE_ASSIGNMENT((#15746));
#15746 = SURFACE_STYLE_USAGE(.BOTH.,#15747);
#15747 = SURFACE_SIDE_STYLE('',(#15748));
#15748 = SURFACE_STYLE_FILL_AREA(#15749);
#15749 = FILL_AREA_STYLE('',(#15750));
#15750 = FILL_AREA_STYLE_COLOUR('',#15414);
#15751 = STYLED_ITEM('color',(#15752),#10199);
#15752 = PRESENTATION_STYLE_ASSIGNMENT((#15753));
#15753 = SURFACE_STYLE_USAGE(.BOTH.,#15754);
#15754 = SURFACE_SIDE_STYLE('',(#15755));
#15755 = SURFACE_STYLE_FILL_AREA(#15756);
#15756 = FILL_AREA_STYLE('',(#15757));
#15757 = FILL_AREA_STYLE_COLOUR('',#15414);
#15758 = STYLED_ITEM('color',(#15759),#10211);
#15759 = PRESENTATION_STYLE_ASSIGNMENT((#15760));
#15760 = SURFACE_STYLE_USAGE(.BOTH.,#15761);
#15761 = SURFACE_SIDE_STYLE('',(#15762));
#15762 = SURFACE_STYLE_FILL_AREA(#15763);
#15763 = FILL_AREA_STYLE('',(#15764));
#15764 = FILL_AREA_STYLE_COLOUR('',#15414);
#15765 = STYLED_ITEM('color',(#15766),#10223);
#15766 = PRESENTATION_STYLE_ASSIGNMENT((#15767));
#15767 = SURFACE_STYLE_USAGE(.BOTH.,#15768);
#15768 = SURFACE_SIDE_STYLE('',(#15769));
#15769 = SURFACE_STYLE_FILL_AREA(#15770);
#15770 = FILL_AREA_STYLE('',(#15771));
#15771 = FILL_AREA_STYLE_COLOUR('',#15414);
#15772 = STYLED_ITEM('color',(#15773),#10235);
#15773 = PRESENTATION_STYLE_ASSIGNMENT((#15774));
#15774 = SURFACE_STYLE_USAGE(.BOTH.,#15775);
#15775 = SURFACE_SIDE_STYLE('',(#15776));
#15776 = SURFACE_STYLE_FILL_AREA(#15777);
#15777 = FILL_AREA_STYLE('',(#15778));
#15778 = FILL_AREA_STYLE_COLOUR('',#15414);
#15779 = STYLED_ITEM('color',(#15780),#10247);
#15780 = PRESENTATION_STYLE_ASSIGNMENT((#15781));
#15781 = SURFACE_STYLE_USAGE(.BOTH.,#15782);
#15782 = SURFACE_SIDE_STYLE('',(#15783));
#15783 = SURFACE_STYLE_FILL_AREA(#15784);
#15784 = FILL_AREA_STYLE('',(#15785));
#15785 = FILL_AREA_STYLE_COLOUR('',#15414);
#15786 = MECHANICAL_DESIGN_GEOMETRIC_PRESENTATION_REPRESENTATION('',(
    #15787),#14705);
#15787 = STYLED_ITEM('color',(#15788),#10343);
#15788 = PRESENTATION_STYLE_ASSIGNMENT((#15789));
#15789 = SURFACE_STYLE_USAGE(.BOTH.,#15790);
#15790 = SURFACE_SIDE_STYLE('',(#15791));
#15791 = SURFACE_STYLE_FILL_AREA(#15792);
#15792 = FILL_AREA_STYLE('',(#15793));
#15793 = FILL_AREA_STYLE_COLOUR('',#15794);
#15794 = COLOUR_RGB('',0.313304153717,0.484529207832,0.410020903123);
#15795 = MECHANICAL_DESIGN_GEOMETRIC_PRESENTATION_REPRESENTATION('',(
    #15796,#15803,#15810,#15817,#15824,#15831,#15838,#15845,#15852,
    #15859,#15866,#15873,#15880,#15887,#15894,#15901,#15908,#15915,
    #15922,#15929,#15936,#15943,#15950,#15957,#15964,#15971,#15978,
    #15985,#15992,#15999,#16006,#16013,#16020,#16027,#16034,#16041,
    #16048,#16055,#16062,#16069,#16076,#16083,#16090,#16097,#16104,
    #16111,#16118,#16125,#16132,#16139,#16146,#16153,#16160,#16167,
    #16174,#16181,#16188,#16195,#16202,#16209,#16216,#16223,#16230,
    #16237,#16244,#16251,#16258,#16265,#16272,#16279,#16286,#16293,
    #16300,#16307,#16314,#16321,#16328,#16335,#16342,#16349,#16356,
    #16363,#16370,#16377,#16384,#16391,#16398,#16405,#16412,#16419,
    #16426,#16433,#16440,#16447,#16454,#16461,#16468,#16475,#16482,
    #16489,#16496,#16503,#16510,#16517,#16524,#16531,#16538,#16545,
    #16552),#3292);
#15796 = STYLED_ITEM('color',(#15797),#162);
#15797 = PRESENTATION_STYLE_ASSIGNMENT((#15798));
#15798 = SURFACE_STYLE_USAGE(.BOTH.,#15799);
#15799 = SURFACE_SIDE_STYLE('',(#15800));
#15800 = SURFACE_STYLE_FILL_AREA(#15801);
#15801 = FILL_AREA_STYLE('',(#15802));
#15802 = FILL_AREA_STYLE_COLOUR('',#14724);
#15803 = STYLED_ITEM('color',(#15804),#234);
#15804 = PRESENTATION_STYLE_ASSIGNMENT((#15805));
#15805 = SURFACE_STYLE_USAGE(.BOTH.,#15806);
#15806 = SURFACE_SIDE_STYLE('',(#15807));
#15807 = SURFACE_STYLE_FILL_AREA(#15808);
#15808 = FILL_AREA_STYLE('',(#15809));
#15809 = FILL_AREA_STYLE_COLOUR('',#14724);
#15810 = STYLED_ITEM('color',(#15811),#265);
#15811 = PRESENTATION_STYLE_ASSIGNMENT((#15812));
#15812 = SURFACE_STYLE_USAGE(.BOTH.,#15813);
#15813 = SURFACE_SIDE_STYLE('',(#15814));
#15814 = SURFACE_STYLE_FILL_AREA(#15815);
#15815 = FILL_AREA_STYLE('',(#15816));
#15816 = FILL_AREA_STYLE_COLOUR('',#14724);
#15817 = STYLED_ITEM('color',(#15818),#289);
#15818 = PRESENTATION_STYLE_ASSIGNMENT((#15819));
#15819 = SURFACE_STYLE_USAGE(.BOTH.,#15820);
#15820 = SURFACE_SIDE_STYLE('',(#15821));
#15821 = SURFACE_STYLE_FILL_AREA(#15822);
#15822 = FILL_AREA_STYLE('',(#15823));
#15823 = FILL_AREA_STYLE_COLOUR('',#14724);
#15824 = STYLED_ITEM('color',(#15825),#415);
#15825 = PRESENTATION_STYLE_ASSIGNMENT((#15826));
#15826 = SURFACE_STYLE_USAGE(.BOTH.,#15827);
#15827 = SURFACE_SIDE_STYLE('',(#15828));
#15828 = SURFACE_STYLE_FILL_AREA(#15829);
#15829 = FILL_AREA_STYLE('',(#15830));
#15830 = FILL_AREA_STYLE_COLOUR('',#14724);
#15831 = STYLED_ITEM('color',(#15832),#784);
#15832 = PRESENTATION_STYLE_ASSIGNMENT((#15833));
#15833 = SURFACE_STYLE_USAGE(.BOTH.,#15834);
#15834 = SURFACE_SIDE_STYLE('',(#15835));
#15835 = SURFACE_STYLE_FILL_AREA(#15836);
#15836 = FILL_AREA_STYLE('',(#15837));
#15837 = FILL_AREA_STYLE_COLOUR('',#14724);
#15838 = STYLED_ITEM('color',(#15839),#808);
#15839 = PRESENTATION_STYLE_ASSIGNMENT((#15840));
#15840 = SURFACE_STYLE_USAGE(.BOTH.,#15841);
#15841 = SURFACE_SIDE_STYLE('',(#15842));
#15842 = SURFACE_STYLE_FILL_AREA(#15843);
#15843 = FILL_AREA_STYLE('',(#15844));
#15844 = FILL_AREA_STYLE_COLOUR('',#14724);
#15845 = STYLED_ITEM('color',(#15846),#832);
#15846 = PRESENTATION_STYLE_ASSIGNMENT((#15847));
#15847 = SURFACE_STYLE_USAGE(.BOTH.,#15848);
#15848 = SURFACE_SIDE_STYLE('',(#15849));
#15849 = SURFACE_STYLE_FILL_AREA(#15850);
#15850 = FILL_AREA_STYLE('',(#15851));
#15851 = FILL_AREA_STYLE_COLOUR('',#14724);
#15852 = STYLED_ITEM('color',(#15853),#856);
#15853 = PRESENTATION_STYLE_ASSIGNMENT((#15854));
#15854 = SURFACE_STYLE_USAGE(.BOTH.,#15855);
#15855 = SURFACE_SIDE_STYLE('',(#15856));
#15856 = SURFACE_STYLE_FILL_AREA(#15857);
#15857 = FILL_AREA_STYLE('',(#15858));
#15858 = FILL_AREA_STYLE_COLOUR('',#14724);
#15859 = STYLED_ITEM('color',(#15860),#873);
#15860 = PRESENTATION_STYLE_ASSIGNMENT((#15861));
#15861 = SURFACE_STYLE_USAGE(.BOTH.,#15862);
#15862 = SURFACE_SIDE_STYLE('',(#15863));
#15863 = SURFACE_STYLE_FILL_AREA(#15864);
#15864 = FILL_AREA_STYLE('',(#15865));
#15865 = FILL_AREA_STYLE_COLOUR('',#14724);
#15866 = STYLED_ITEM('color',(#15867),#889);
#15867 = PRESENTATION_STYLE_ASSIGNMENT((#15868));
#15868 = SURFACE_STYLE_USAGE(.BOTH.,#15869);
#15869 = SURFACE_SIDE_STYLE('',(#15870));
#15870 = SURFACE_STYLE_FILL_AREA(#15871);
#15871 = FILL_AREA_STYLE('',(#15872));
#15872 = FILL_AREA_STYLE_COLOUR('',#14795);
#15873 = STYLED_ITEM('color',(#15874),#920);
#15874 = PRESENTATION_STYLE_ASSIGNMENT((#15875));
#15875 = SURFACE_STYLE_USAGE(.BOTH.,#15876);
#15876 = SURFACE_SIDE_STYLE('',(#15877));
#15877 = SURFACE_STYLE_FILL_AREA(#15878);
#15878 = FILL_AREA_STYLE('',(#15879));
#15879 = FILL_AREA_STYLE_COLOUR('',#14795);
#15880 = STYLED_ITEM('color',(#15881),#944);
#15881 = PRESENTATION_STYLE_ASSIGNMENT((#15882));
#15882 = SURFACE_STYLE_USAGE(.BOTH.,#15883);
#15883 = SURFACE_SIDE_STYLE('',(#15884));
#15884 = SURFACE_STYLE_FILL_AREA(#15885);
#15885 = FILL_AREA_STYLE('',(#15886));
#15886 = FILL_AREA_STYLE_COLOUR('',#14795);
#15887 = STYLED_ITEM('color',(#15888),#968);
#15888 = PRESENTATION_STYLE_ASSIGNMENT((#15889));
#15889 = SURFACE_STYLE_USAGE(.BOTH.,#15890);
#15890 = SURFACE_SIDE_STYLE('',(#15891));
#15891 = SURFACE_STYLE_FILL_AREA(#15892);
#15892 = FILL_AREA_STYLE('',(#15893));
#15893 = FILL_AREA_STYLE_COLOUR('',#14795);
#15894 = STYLED_ITEM('color',(#15895),#985);
#15895 = PRESENTATION_STYLE_ASSIGNMENT((#15896));
#15896 = SURFACE_STYLE_USAGE(.BOTH.,#15897);
#15897 = SURFACE_SIDE_STYLE('',(#15898));
#15898 = SURFACE_STYLE_FILL_AREA(#15899);
#15899 = FILL_AREA_STYLE('',(#15900));
#15900 = FILL_AREA_STYLE_COLOUR('',#14795);
#15901 = STYLED_ITEM('color',(#15902),#1016);
#15902 = PRESENTATION_STYLE_ASSIGNMENT((#15903));
#15903 = SURFACE_STYLE_USAGE(.BOTH.,#15904);
#15904 = SURFACE_SIDE_STYLE('',(#15905));
#15905 = SURFACE_STYLE_FILL_AREA(#15906);
#15906 = FILL_AREA_STYLE('',(#15907));
#15907 = FILL_AREA_STYLE_COLOUR('',#14795);
#15908 = STYLED_ITEM('color',(#15909),#1040);
#15909 = PRESENTATION_STYLE_ASSIGNMENT((#15910));
#15910 = SURFACE_STYLE_USAGE(.BOTH.,#15911);
#15911 = SURFACE_SIDE_STYLE('',(#15912));
#15912 = SURFACE_STYLE_FILL_AREA(#15913);
#15913 = FILL_AREA_STYLE('',(#15914));
#15914 = FILL_AREA_STYLE_COLOUR('',#14795);
#15915 = STYLED_ITEM('color',(#15916),#1064);
#15916 = PRESENTATION_STYLE_ASSIGNMENT((#15917));
#15917 = SURFACE_STYLE_USAGE(.BOTH.,#15918);
#15918 = SURFACE_SIDE_STYLE('',(#15919));
#15919 = SURFACE_STYLE_FILL_AREA(#15920);
#15920 = FILL_AREA_STYLE('',(#15921));
#15921 = FILL_AREA_STYLE_COLOUR('',#14795);
#15922 = STYLED_ITEM('color',(#15923),#1081);
#15923 = PRESENTATION_STYLE_ASSIGNMENT((#15924));
#15924 = SURFACE_STYLE_USAGE(.BOTH.,#15925);
#15925 = SURFACE_SIDE_STYLE('',(#15926));
#15926 = SURFACE_STYLE_FILL_AREA(#15927);
#15927 = FILL_AREA_STYLE('',(#15928));
#15928 = FILL_AREA_STYLE_COLOUR('',#14795);
#15929 = STYLED_ITEM('color',(#15930),#1112);
#15930 = PRESENTATION_STYLE_ASSIGNMENT((#15931));
#15931 = SURFACE_STYLE_USAGE(.BOTH.,#15932);
#15932 = SURFACE_SIDE_STYLE('',(#15933));
#15933 = SURFACE_STYLE_FILL_AREA(#15934);
#15934 = FILL_AREA_STYLE('',(#15935));
#15935 = FILL_AREA_STYLE_COLOUR('',#14795);
#15936 = STYLED_ITEM('color',(#15937),#1136);
#15937 = PRESENTATION_STYLE_ASSIGNMENT((#15938));
#15938 = SURFACE_STYLE_USAGE(.BOTH.,#15939);
#15939 = SURFACE_SIDE_STYLE('',(#15940));
#15940 = SURFACE_STYLE_FILL_AREA(#15941);
#15941 = FILL_AREA_STYLE('',(#15942));
#15942 = FILL_AREA_STYLE_COLOUR('',#14795);
#15943 = STYLED_ITEM('color',(#15944),#1160);
#15944 = PRESENTATION_STYLE_ASSIGNMENT((#15945));
#15945 = SURFACE_STYLE_USAGE(.BOTH.,#15946);
#15946 = SURFACE_SIDE_STYLE('',(#15947));
#15947 = SURFACE_STYLE_FILL_AREA(#15948);
#15948 = FILL_AREA_STYLE('',(#15949));
#15949 = FILL_AREA_STYLE_COLOUR('',#14795);
#15950 = STYLED_ITEM('color',(#15951),#1177);
#15951 = PRESENTATION_STYLE_ASSIGNMENT((#15952));
#15952 = SURFACE_STYLE_USAGE(.BOTH.,#15953);
#15953 = SURFACE_SIDE_STYLE('',(#15954));
#15954 = SURFACE_STYLE_FILL_AREA(#15955);
#15955 = FILL_AREA_STYLE('',(#15956));
#15956 = FILL_AREA_STYLE_COLOUR('',#14724);
#15957 = STYLED_ITEM('color',(#15958),#1208);
#15958 = PRESENTATION_STYLE_ASSIGNMENT((#15959));
#15959 = SURFACE_STYLE_USAGE(.BOTH.,#15960);
#15960 = SURFACE_SIDE_STYLE('',(#15961));
#15961 = SURFACE_STYLE_FILL_AREA(#15962);
#15962 = FILL_AREA_STYLE('',(#15963));
#15963 = FILL_AREA_STYLE_COLOUR('',#14724);
#15964 = STYLED_ITEM('color',(#15965),#1232);
#15965 = PRESENTATION_STYLE_ASSIGNMENT((#15966));
#15966 = SURFACE_STYLE_USAGE(.BOTH.,#15967);
#15967 = SURFACE_SIDE_STYLE('',(#15968));
#15968 = SURFACE_STYLE_FILL_AREA(#15969);
#15969 = FILL_AREA_STYLE('',(#15970));
#15970 = FILL_AREA_STYLE_COLOUR('',#14724);
#15971 = STYLED_ITEM('color',(#15972),#1256);
#15972 = PRESENTATION_STYLE_ASSIGNMENT((#15973));
#15973 = SURFACE_STYLE_USAGE(.BOTH.,#15974);
#15974 = SURFACE_SIDE_STYLE('',(#15975));
#15975 = SURFACE_STYLE_FILL_AREA(#15976);
#15976 = FILL_AREA_STYLE('',(#15977));
#15977 = FILL_AREA_STYLE_COLOUR('',#14724);
#15978 = STYLED_ITEM('color',(#15979),#1280);
#15979 = PRESENTATION_STYLE_ASSIGNMENT((#15980));
#15980 = SURFACE_STYLE_USAGE(.BOTH.,#15981);
#15981 = SURFACE_SIDE_STYLE('',(#15982));
#15982 = SURFACE_STYLE_FILL_AREA(#15983);
#15983 = FILL_AREA_STYLE('',(#15984));
#15984 = FILL_AREA_STYLE_COLOUR('',#14724);
#15985 = STYLED_ITEM('color',(#15986),#1304);
#15986 = PRESENTATION_STYLE_ASSIGNMENT((#15987));
#15987 = SURFACE_STYLE_USAGE(.BOTH.,#15988);
#15988 = SURFACE_SIDE_STYLE('',(#15989));
#15989 = SURFACE_STYLE_FILL_AREA(#15990);
#15990 = FILL_AREA_STYLE('',(#15991));
#15991 = FILL_AREA_STYLE_COLOUR('',#14724);
#15992 = STYLED_ITEM('color',(#15993),#1329);
#15993 = PRESENTATION_STYLE_ASSIGNMENT((#15994));
#15994 = SURFACE_STYLE_USAGE(.BOTH.,#15995);
#15995 = SURFACE_SIDE_STYLE('',(#15996));
#15996 = SURFACE_STYLE_FILL_AREA(#15997);
#15997 = FILL_AREA_STYLE('',(#15998));
#15998 = FILL_AREA_STYLE_COLOUR('',#14724);
#15999 = STYLED_ITEM('color',(#16000),#1353);
#16000 = PRESENTATION_STYLE_ASSIGNMENT((#16001));
#16001 = SURFACE_STYLE_USAGE(.BOTH.,#16002);
#16002 = SURFACE_SIDE_STYLE('',(#16003));
#16003 = SURFACE_STYLE_FILL_AREA(#16004);
#16004 = FILL_AREA_STYLE('',(#16005));
#16005 = FILL_AREA_STYLE_COLOUR('',#14724);
#16006 = STYLED_ITEM('color',(#16007),#1377);
#16007 = PRESENTATION_STYLE_ASSIGNMENT((#16008));
#16008 = SURFACE_STYLE_USAGE(.BOTH.,#16009);
#16009 = SURFACE_SIDE_STYLE('',(#16010));
#16010 = SURFACE_STYLE_FILL_AREA(#16011);
#16011 = FILL_AREA_STYLE('',(#16012));
#16012 = FILL_AREA_STYLE_COLOUR('',#14724);
#16013 = STYLED_ITEM('color',(#16014),#1401);
#16014 = PRESENTATION_STYLE_ASSIGNMENT((#16015));
#16015 = SURFACE_STYLE_USAGE(.BOTH.,#16016);
#16016 = SURFACE_SIDE_STYLE('',(#16017));
#16017 = SURFACE_STYLE_FILL_AREA(#16018);
#16018 = FILL_AREA_STYLE('',(#16019));
#16019 = FILL_AREA_STYLE_COLOUR('',#14724);
#16020 = STYLED_ITEM('color',(#16021),#1425);
#16021 = PRESENTATION_STYLE_ASSIGNMENT((#16022));
#16022 = SURFACE_STYLE_USAGE(.BOTH.,#16023);
#16023 = SURFACE_SIDE_STYLE('',(#16024));
#16024 = SURFACE_STYLE_FILL_AREA(#16025);
#16025 = FILL_AREA_STYLE('',(#16026));
#16026 = FILL_AREA_STYLE_COLOUR('',#14724);
#16027 = STYLED_ITEM('color',(#16028),#1449);
#16028 = PRESENTATION_STYLE_ASSIGNMENT((#16029));
#16029 = SURFACE_STYLE_USAGE(.BOTH.,#16030);
#16030 = SURFACE_SIDE_STYLE('',(#16031));
#16031 = SURFACE_STYLE_FILL_AREA(#16032);
#16032 = FILL_AREA_STYLE('',(#16033));
#16033 = FILL_AREA_STYLE_COLOUR('',#14724);
#16034 = STYLED_ITEM('color',(#16035),#1473);
#16035 = PRESENTATION_STYLE_ASSIGNMENT((#16036));
#16036 = SURFACE_STYLE_USAGE(.BOTH.,#16037);
#16037 = SURFACE_SIDE_STYLE('',(#16038));
#16038 = SURFACE_STYLE_FILL_AREA(#16039);
#16039 = FILL_AREA_STYLE('',(#16040));
#16040 = FILL_AREA_STYLE_COLOUR('',#14724);
#16041 = STYLED_ITEM('color',(#16042),#1497);
#16042 = PRESENTATION_STYLE_ASSIGNMENT((#16043));
#16043 = SURFACE_STYLE_USAGE(.BOTH.,#16044);
#16044 = SURFACE_SIDE_STYLE('',(#16045));
#16045 = SURFACE_STYLE_FILL_AREA(#16046);
#16046 = FILL_AREA_STYLE('',(#16047));
#16047 = FILL_AREA_STYLE_COLOUR('',#14724);
#16048 = STYLED_ITEM('color',(#16049),#1514);
#16049 = PRESENTATION_STYLE_ASSIGNMENT((#16050));
#16050 = SURFACE_STYLE_USAGE(.BOTH.,#16051);
#16051 = SURFACE_SIDE_STYLE('',(#16052));
#16052 = SURFACE_STYLE_FILL_AREA(#16053);
#16053 = FILL_AREA_STYLE('',(#16054));
#16054 = FILL_AREA_STYLE_COLOUR('',#14724);
#16055 = STYLED_ITEM('color',(#16056),#1545);
#16056 = PRESENTATION_STYLE_ASSIGNMENT((#16057));
#16057 = SURFACE_STYLE_USAGE(.BOTH.,#16058);
#16058 = SURFACE_SIDE_STYLE('',(#16059));
#16059 = SURFACE_STYLE_FILL_AREA(#16060);
#16060 = FILL_AREA_STYLE('',(#16061));
#16061 = FILL_AREA_STYLE_COLOUR('',#14724);
#16062 = STYLED_ITEM('color',(#16063),#1569);
#16063 = PRESENTATION_STYLE_ASSIGNMENT((#16064));
#16064 = SURFACE_STYLE_USAGE(.BOTH.,#16065);
#16065 = SURFACE_SIDE_STYLE('',(#16066));
#16066 = SURFACE_STYLE_FILL_AREA(#16067);
#16067 = FILL_AREA_STYLE('',(#16068));
#16068 = FILL_AREA_STYLE_COLOUR('',#14724);
#16069 = STYLED_ITEM('color',(#16070),#1593);
#16070 = PRESENTATION_STYLE_ASSIGNMENT((#16071));
#16071 = SURFACE_STYLE_USAGE(.BOTH.,#16072);
#16072 = SURFACE_SIDE_STYLE('',(#16073));
#16073 = SURFACE_STYLE_FILL_AREA(#16074);
#16074 = FILL_AREA_STYLE('',(#16075));
#16075 = FILL_AREA_STYLE_COLOUR('',#14724);
#16076 = STYLED_ITEM('color',(#16077),#1617);
#16077 = PRESENTATION_STYLE_ASSIGNMENT((#16078));
#16078 = SURFACE_STYLE_USAGE(.BOTH.,#16079);
#16079 = SURFACE_SIDE_STYLE('',(#16080));
#16080 = SURFACE_STYLE_FILL_AREA(#16081);
#16081 = FILL_AREA_STYLE('',(#16082));
#16082 = FILL_AREA_STYLE_COLOUR('',#14724);
#16083 = STYLED_ITEM('color',(#16084),#1641);
#16084 = PRESENTATION_STYLE_ASSIGNMENT((#16085));
#16085 = SURFACE_STYLE_USAGE(.BOTH.,#16086);
#16086 = SURFACE_SIDE_STYLE('',(#16087));
#16087 = SURFACE_STYLE_FILL_AREA(#16088);
#16088 = FILL_AREA_STYLE('',(#16089));
#16089 = FILL_AREA_STYLE_COLOUR('',#14724);
#16090 = STYLED_ITEM('color',(#16091),#1666);
#16091 = PRESENTATION_STYLE_ASSIGNMENT((#16092));
#16092 = SURFACE_STYLE_USAGE(.BOTH.,#16093);
#16093 = SURFACE_SIDE_STYLE('',(#16094));
#16094 = SURFACE_STYLE_FILL_AREA(#16095);
#16095 = FILL_AREA_STYLE('',(#16096));
#16096 = FILL_AREA_STYLE_COLOUR('',#14724);
#16097 = STYLED_ITEM('color',(#16098),#1690);
#16098 = PRESENTATION_STYLE_ASSIGNMENT((#16099));
#16099 = SURFACE_STYLE_USAGE(.BOTH.,#16100);
#16100 = SURFACE_SIDE_STYLE('',(#16101));
#16101 = SURFACE_STYLE_FILL_AREA(#16102);
#16102 = FILL_AREA_STYLE('',(#16103));
#16103 = FILL_AREA_STYLE_COLOUR('',#14724);
#16104 = STYLED_ITEM('color',(#16105),#1714);
#16105 = PRESENTATION_STYLE_ASSIGNMENT((#16106));
#16106 = SURFACE_STYLE_USAGE(.BOTH.,#16107);
#16107 = SURFACE_SIDE_STYLE('',(#16108));
#16108 = SURFACE_STYLE_FILL_AREA(#16109);
#16109 = FILL_AREA_STYLE('',(#16110));
#16110 = FILL_AREA_STYLE_COLOUR('',#14724);
#16111 = STYLED_ITEM('color',(#16112),#1738);
#16112 = PRESENTATION_STYLE_ASSIGNMENT((#16113));
#16113 = SURFACE_STYLE_USAGE(.BOTH.,#16114);
#16114 = SURFACE_SIDE_STYLE('',(#16115));
#16115 = SURFACE_STYLE_FILL_AREA(#16116);
#16116 = FILL_AREA_STYLE('',(#16117));
#16117 = FILL_AREA_STYLE_COLOUR('',#14724);
#16118 = STYLED_ITEM('color',(#16119),#1762);
#16119 = PRESENTATION_STYLE_ASSIGNMENT((#16120));
#16120 = SURFACE_STYLE_USAGE(.BOTH.,#16121);
#16121 = SURFACE_SIDE_STYLE('',(#16122));
#16122 = SURFACE_STYLE_FILL_AREA(#16123);
#16123 = FILL_AREA_STYLE('',(#16124));
#16124 = FILL_AREA_STYLE_COLOUR('',#14724);
#16125 = STYLED_ITEM('color',(#16126),#1786);
#16126 = PRESENTATION_STYLE_ASSIGNMENT((#16127));
#16127 = SURFACE_STYLE_USAGE(.BOTH.,#16128);
#16128 = SURFACE_SIDE_STYLE('',(#16129));
#16129 = SURFACE_STYLE_FILL_AREA(#16130);
#16130 = FILL_AREA_STYLE('',(#16131));
#16131 = FILL_AREA_STYLE_COLOUR('',#14724);
#16132 = STYLED_ITEM('color',(#16133),#1810);
#16133 = PRESENTATION_STYLE_ASSIGNMENT((#16134));
#16134 = SURFACE_STYLE_USAGE(.BOTH.,#16135);
#16135 = SURFACE_SIDE_STYLE('',(#16136));
#16136 = SURFACE_STYLE_FILL_AREA(#16137);
#16137 = FILL_AREA_STYLE('',(#16138));
#16138 = FILL_AREA_STYLE_COLOUR('',#14724);
#16139 = STYLED_ITEM('color',(#16140),#1834);
#16140 = PRESENTATION_STYLE_ASSIGNMENT((#16141));
#16141 = SURFACE_STYLE_USAGE(.BOTH.,#16142);
#16142 = SURFACE_SIDE_STYLE('',(#16143));
#16143 = SURFACE_STYLE_FILL_AREA(#16144);
#16144 = FILL_AREA_STYLE('',(#16145));
#16145 = FILL_AREA_STYLE_COLOUR('',#14724);
#16146 = STYLED_ITEM('color',(#16147),#1851);
#16147 = PRESENTATION_STYLE_ASSIGNMENT((#16148));
#16148 = SURFACE_STYLE_USAGE(.BOTH.,#16149);
#16149 = SURFACE_SIDE_STYLE('',(#16150));
#16150 = SURFACE_STYLE_FILL_AREA(#16151);
#16151 = FILL_AREA_STYLE('',(#16152));
#16152 = FILL_AREA_STYLE_COLOUR('',#14724);
#16153 = STYLED_ITEM('color',(#16154),#1882);
#16154 = PRESENTATION_STYLE_ASSIGNMENT((#16155));
#16155 = SURFACE_STYLE_USAGE(.BOTH.,#16156);
#16156 = SURFACE_SIDE_STYLE('',(#16157));
#16157 = SURFACE_STYLE_FILL_AREA(#16158);
#16158 = FILL_AREA_STYLE('',(#16159));
#16159 = FILL_AREA_STYLE_COLOUR('',#14724);
#16160 = STYLED_ITEM('color',(#16161),#1906);
#16161 = PRESENTATION_STYLE_ASSIGNMENT((#16162));
#16162 = SURFACE_STYLE_USAGE(.BOTH.,#16163);
#16163 = SURFACE_SIDE_STYLE('',(#16164));
#16164 = SURFACE_STYLE_FILL_AREA(#16165);
#16165 = FILL_AREA_STYLE('',(#16166));
#16166 = FILL_AREA_STYLE_COLOUR('',#14724);
#16167 = STYLED_ITEM('color',(#16168),#1930);
#16168 = PRESENTATION_STYLE_ASSIGNMENT((#16169));
#16169 = SURFACE_STYLE_USAGE(.BOTH.,#16170);
#16170 = SURFACE_SIDE_STYLE('',(#16171));
#16171 = SURFACE_STYLE_FILL_AREA(#16172);
#16172 = FILL_AREA_STYLE('',(#16173));
#16173 = FILL_AREA_STYLE_COLOUR('',#14724);
#16174 = STYLED_ITEM('color',(#16175),#1954);
#16175 = PRESENTATION_STYLE_ASSIGNMENT((#16176));
#16176 = SURFACE_STYLE_USAGE(.BOTH.,#16177);
#16177 = SURFACE_SIDE_STYLE('',(#16178));
#16178 = SURFACE_STYLE_FILL_AREA(#16179);
#16179 = FILL_AREA_STYLE('',(#16180));
#16180 = FILL_AREA_STYLE_COLOUR('',#14724);
#16181 = STYLED_ITEM('color',(#16182),#1978);
#16182 = PRESENTATION_STYLE_ASSIGNMENT((#16183));
#16183 = SURFACE_STYLE_USAGE(.BOTH.,#16184);
#16184 = SURFACE_SIDE_STYLE('',(#16185));
#16185 = SURFACE_STYLE_FILL_AREA(#16186);
#16186 = FILL_AREA_STYLE('',(#16187));
#16187 = FILL_AREA_STYLE_COLOUR('',#14724);
#16188 = STYLED_ITEM('color',(#16189),#2002);
#16189 = PRESENTATION_STYLE_ASSIGNMENT((#16190));
#16190 = SURFACE_STYLE_USAGE(.BOTH.,#16191);
#16191 = SURFACE_SIDE_STYLE('',(#16192));
#16192 = SURFACE_STYLE_FILL_AREA(#16193);
#16193 = FILL_AREA_STYLE('',(#16194));
#16194 = FILL_AREA_STYLE_COLOUR('',#14724);
#16195 = STYLED_ITEM('color',(#16196),#2027);
#16196 = PRESENTATION_STYLE_ASSIGNMENT((#16197));
#16197 = SURFACE_STYLE_USAGE(.BOTH.,#16198);
#16198 = SURFACE_SIDE_STYLE('',(#16199));
#16199 = SURFACE_STYLE_FILL_AREA(#16200);
#16200 = FILL_AREA_STYLE('',(#16201));
#16201 = FILL_AREA_STYLE_COLOUR('',#14724);
#16202 = STYLED_ITEM('color',(#16203),#2051);
#16203 = PRESENTATION_STYLE_ASSIGNMENT((#16204));
#16204 = SURFACE_STYLE_USAGE(.BOTH.,#16205);
#16205 = SURFACE_SIDE_STYLE('',(#16206));
#16206 = SURFACE_STYLE_FILL_AREA(#16207);
#16207 = FILL_AREA_STYLE('',(#16208));
#16208 = FILL_AREA_STYLE_COLOUR('',#14724);
#16209 = STYLED_ITEM('color',(#16210),#2075);
#16210 = PRESENTATION_STYLE_ASSIGNMENT((#16211));
#16211 = SURFACE_STYLE_USAGE(.BOTH.,#16212);
#16212 = SURFACE_SIDE_STYLE('',(#16213));
#16213 = SURFACE_STYLE_FILL_AREA(#16214);
#16214 = FILL_AREA_STYLE('',(#16215));
#16215 = FILL_AREA_STYLE_COLOUR('',#14724);
#16216 = STYLED_ITEM('color',(#16217),#2099);
#16217 = PRESENTATION_STYLE_ASSIGNMENT((#16218));
#16218 = SURFACE_STYLE_USAGE(.BOTH.,#16219);
#16219 = SURFACE_SIDE_STYLE('',(#16220));
#16220 = SURFACE_STYLE_FILL_AREA(#16221);
#16221 = FILL_AREA_STYLE('',(#16222));
#16222 = FILL_AREA_STYLE_COLOUR('',#14724);
#16223 = STYLED_ITEM('color',(#16224),#2123);
#16224 = PRESENTATION_STYLE_ASSIGNMENT((#16225));
#16225 = SURFACE_STYLE_USAGE(.BOTH.,#16226);
#16226 = SURFACE_SIDE_STYLE('',(#16227));
#16227 = SURFACE_STYLE_FILL_AREA(#16228);
#16228 = FILL_AREA_STYLE('',(#16229));
#16229 = FILL_AREA_STYLE_COLOUR('',#14724);
#16230 = STYLED_ITEM('color',(#16231),#2147);
#16231 = PRESENTATION_STYLE_ASSIGNMENT((#16232));
#16232 = SURFACE_STYLE_USAGE(.BOTH.,#16233);
#16233 = SURFACE_SIDE_STYLE('',(#16234));
#16234 = SURFACE_STYLE_FILL_AREA(#16235);
#16235 = FILL_AREA_STYLE('',(#16236));
#16236 = FILL_AREA_STYLE_COLOUR('',#14724);
#16237 = STYLED_ITEM('color',(#16238),#2171);
#16238 = PRESENTATION_STYLE_ASSIGNMENT((#16239));
#16239 = SURFACE_STYLE_USAGE(.BOTH.,#16240);
#16240 = SURFACE_SIDE_STYLE('',(#16241));
#16241 = SURFACE_STYLE_FILL_AREA(#16242);
#16242 = FILL_AREA_STYLE('',(#16243));
#16243 = FILL_AREA_STYLE_COLOUR('',#14724);
#16244 = STYLED_ITEM('color',(#16245),#2188);
#16245 = PRESENTATION_STYLE_ASSIGNMENT((#16246));
#16246 = SURFACE_STYLE_USAGE(.BOTH.,#16247);
#16247 = SURFACE_SIDE_STYLE('',(#16248));
#16248 = SURFACE_STYLE_FILL_AREA(#16249);
#16249 = FILL_AREA_STYLE('',(#16250));
#16250 = FILL_AREA_STYLE_COLOUR('',#14795);
#16251 = STYLED_ITEM('color',(#16252),#2219);
#16252 = PRESENTATION_STYLE_ASSIGNMENT((#16253));
#16253 = SURFACE_STYLE_USAGE(.BOTH.,#16254);
#16254 = SURFACE_SIDE_STYLE('',(#16255));
#16255 = SURFACE_STYLE_FILL_AREA(#16256);
#16256 = FILL_AREA_STYLE('',(#16257));
#16257 = FILL_AREA_STYLE_COLOUR('',#14795);
#16258 = STYLED_ITEM('color',(#16259),#2243);
#16259 = PRESENTATION_STYLE_ASSIGNMENT((#16260));
#16260 = SURFACE_STYLE_USAGE(.BOTH.,#16261);
#16261 = SURFACE_SIDE_STYLE('',(#16262));
#16262 = SURFACE_STYLE_FILL_AREA(#16263);
#16263 = FILL_AREA_STYLE('',(#16264));
#16264 = FILL_AREA_STYLE_COLOUR('',#14795);
#16265 = STYLED_ITEM('color',(#16266),#2267);
#16266 = PRESENTATION_STYLE_ASSIGNMENT((#16267));
#16267 = SURFACE_STYLE_USAGE(.BOTH.,#16268);
#16268 = SURFACE_SIDE_STYLE('',(#16269));
#16269 = SURFACE_STYLE_FILL_AREA(#16270);
#16270 = FILL_AREA_STYLE('',(#16271));
#16271 = FILL_AREA_STYLE_COLOUR('',#14795);
#16272 = STYLED_ITEM('color',(#16273),#2284);
#16273 = PRESENTATION_STYLE_ASSIGNMENT((#16274));
#16274 = SURFACE_STYLE_USAGE(.BOTH.,#16275);
#16275 = SURFACE_SIDE_STYLE('',(#16276));
#16276 = SURFACE_STYLE_FILL_AREA(#16277);
#16277 = FILL_AREA_STYLE('',(#16278));
#16278 = FILL_AREA_STYLE_COLOUR('',#14795);
#16279 = STYLED_ITEM('color',(#16280),#2315);
#16280 = PRESENTATION_STYLE_ASSIGNMENT((#16281));
#16281 = SURFACE_STYLE_USAGE(.BOTH.,#16282);
#16282 = SURFACE_SIDE_STYLE('',(#16283));
#16283 = SURFACE_STYLE_FILL_AREA(#16284);
#16284 = FILL_AREA_STYLE('',(#16285));
#16285 = FILL_AREA_STYLE_COLOUR('',#14795);
#16286 = STYLED_ITEM('color',(#16287),#2339);
#16287 = PRESENTATION_STYLE_ASSIGNMENT((#16288));
#16288 = SURFACE_STYLE_USAGE(.BOTH.,#16289);
#16289 = SURFACE_SIDE_STYLE('',(#16290));
#16290 = SURFACE_STYLE_FILL_AREA(#16291);
#16291 = FILL_AREA_STYLE('',(#16292));
#16292 = FILL_AREA_STYLE_COLOUR('',#14795);
#16293 = STYLED_ITEM('color',(#16294),#2363);
#16294 = PRESENTATION_STYLE_ASSIGNMENT((#16295));
#16295 = SURFACE_STYLE_USAGE(.BOTH.,#16296);
#16296 = SURFACE_SIDE_STYLE('',(#16297));
#16297 = SURFACE_STYLE_FILL_AREA(#16298);
#16298 = FILL_AREA_STYLE('',(#16299));
#16299 = FILL_AREA_STYLE_COLOUR('',#14795);
#16300 = STYLED_ITEM('color',(#16301),#2380);
#16301 = PRESENTATION_STYLE_ASSIGNMENT((#16302));
#16302 = SURFACE_STYLE_USAGE(.BOTH.,#16303);
#16303 = SURFACE_SIDE_STYLE('',(#16304));
#16304 = SURFACE_STYLE_FILL_AREA(#16305);
#16305 = FILL_AREA_STYLE('',(#16306));
#16306 = FILL_AREA_STYLE_COLOUR('',#14795);
#16307 = STYLED_ITEM('color',(#16308),#2411);
#16308 = PRESENTATION_STYLE_ASSIGNMENT((#16309));
#16309 = SURFACE_STYLE_USAGE(.BOTH.,#16310);
#16310 = SURFACE_SIDE_STYLE('',(#16311));
#16311 = SURFACE_STYLE_FILL_AREA(#16312);
#16312 = FILL_AREA_STYLE('',(#16313));
#16313 = FILL_AREA_STYLE_COLOUR('',#14795);
#16314 = STYLED_ITEM('color',(#16315),#2435);
#16315 = PRESENTATION_STYLE_ASSIGNMENT((#16316));
#16316 = SURFACE_STYLE_USAGE(.BOTH.,#16317);
#16317 = SURFACE_SIDE_STYLE('',(#16318));
#16318 = SURFACE_STYLE_FILL_AREA(#16319);
#16319 = FILL_AREA_STYLE('',(#16320));
#16320 = FILL_AREA_STYLE_COLOUR('',#14795);
#16321 = STYLED_ITEM('color',(#16322),#2459);
#16322 = PRESENTATION_STYLE_ASSIGNMENT((#16323));
#16323 = SURFACE_STYLE_USAGE(.BOTH.,#16324);
#16324 = SURFACE_SIDE_STYLE('',(#16325));
#16325 = SURFACE_STYLE_FILL_AREA(#16326);
#16326 = FILL_AREA_STYLE('',(#16327));
#16327 = FILL_AREA_STYLE_COLOUR('',#14795);
#16328 = STYLED_ITEM('color',(#16329),#2476);
#16329 = PRESENTATION_STYLE_ASSIGNMENT((#16330));
#16330 = SURFACE_STYLE_USAGE(.BOTH.,#16331);
#16331 = SURFACE_SIDE_STYLE('',(#16332));
#16332 = SURFACE_STYLE_FILL_AREA(#16333);
#16333 = FILL_AREA_STYLE('',(#16334));
#16334 = FILL_AREA_STYLE_COLOUR('',#14724);
#16335 = STYLED_ITEM('color',(#16336),#2532);
#16336 = PRESENTATION_STYLE_ASSIGNMENT((#16337));
#16337 = SURFACE_STYLE_USAGE(.BOTH.,#16338);
#16338 = SURFACE_SIDE_STYLE('',(#16339));
#16339 = SURFACE_STYLE_FILL_AREA(#16340);
#16340 = FILL_AREA_STYLE('',(#16341));
#16341 = FILL_AREA_STYLE_COLOUR('',#14724);
#16342 = STYLED_ITEM('color',(#16343),#2588);
#16343 = PRESENTATION_STYLE_ASSIGNMENT((#16344));
#16344 = SURFACE_STYLE_USAGE(.BOTH.,#16345);
#16345 = SURFACE_SIDE_STYLE('',(#16346));
#16346 = SURFACE_STYLE_FILL_AREA(#16347);
#16347 = FILL_AREA_STYLE('',(#16348));
#16348 = FILL_AREA_STYLE_COLOUR('',#14724);
#16349 = STYLED_ITEM('color',(#16350),#2644);
#16350 = PRESENTATION_STYLE_ASSIGNMENT((#16351));
#16351 = SURFACE_STYLE_USAGE(.BOTH.,#16352);
#16352 = SURFACE_SIDE_STYLE('',(#16353));
#16353 = SURFACE_STYLE_FILL_AREA(#16354);
#16354 = FILL_AREA_STYLE('',(#16355));
#16355 = FILL_AREA_STYLE_COLOUR('',#14795);
#16356 = STYLED_ITEM('color',(#16357),#2656);
#16357 = PRESENTATION_STYLE_ASSIGNMENT((#16358));
#16358 = SURFACE_STYLE_USAGE(.BOTH.,#16359);
#16359 = SURFACE_SIDE_STYLE('',(#16360));
#16360 = SURFACE_STYLE_FILL_AREA(#16361);
#16361 = FILL_AREA_STYLE('',(#16362));
#16362 = FILL_AREA_STYLE_COLOUR('',#14795);
#16363 = STYLED_ITEM('color',(#16364),#2668);
#16364 = PRESENTATION_STYLE_ASSIGNMENT((#16365));
#16365 = SURFACE_STYLE_USAGE(.BOTH.,#16366);
#16366 = SURFACE_SIDE_STYLE('',(#16367));
#16367 = SURFACE_STYLE_FILL_AREA(#16368);
#16368 = FILL_AREA_STYLE('',(#16369));
#16369 = FILL_AREA_STYLE_COLOUR('',#14795);
#16370 = STYLED_ITEM('color',(#16371),#2680);
#16371 = PRESENTATION_STYLE_ASSIGNMENT((#16372));
#16372 = SURFACE_STYLE_USAGE(.BOTH.,#16373);
#16373 = SURFACE_SIDE_STYLE('',(#16374));
#16374 = SURFACE_STYLE_FILL_AREA(#16375);
#16375 = FILL_AREA_STYLE('',(#16376));
#16376 = FILL_AREA_STYLE_COLOUR('',#14795);
#16377 = STYLED_ITEM('color',(#16378),#2711);
#16378 = PRESENTATION_STYLE_ASSIGNMENT((#16379));
#16379 = SURFACE_STYLE_USAGE(.BOTH.,#16380);
#16380 = SURFACE_SIDE_STYLE('',(#16381));
#16381 = SURFACE_STYLE_FILL_AREA(#16382);
#16382 = FILL_AREA_STYLE('',(#16383));
#16383 = FILL_AREA_STYLE_COLOUR('',#14795);
#16384 = STYLED_ITEM('color',(#16385),#2735);
#16385 = PRESENTATION_STYLE_ASSIGNMENT((#16386));
#16386 = SURFACE_STYLE_USAGE(.BOTH.,#16387);
#16387 = SURFACE_SIDE_STYLE('',(#16388));
#16388 = SURFACE_STYLE_FILL_AREA(#16389);
#16389 = FILL_AREA_STYLE('',(#16390));
#16390 = FILL_AREA_STYLE_COLOUR('',#14795);
#16391 = STYLED_ITEM('color',(#16392),#2759);
#16392 = PRESENTATION_STYLE_ASSIGNMENT((#16393));
#16393 = SURFACE_STYLE_USAGE(.BOTH.,#16394);
#16394 = SURFACE_SIDE_STYLE('',(#16395));
#16395 = SURFACE_STYLE_FILL_AREA(#16396);
#16396 = FILL_AREA_STYLE('',(#16397));
#16397 = FILL_AREA_STYLE_COLOUR('',#14795);
#16398 = STYLED_ITEM('color',(#16399),#2776);
#16399 = PRESENTATION_STYLE_ASSIGNMENT((#16400));
#16400 = SURFACE_STYLE_USAGE(.BOTH.,#16401);
#16401 = SURFACE_SIDE_STYLE('',(#16402));
#16402 = SURFACE_STYLE_FILL_AREA(#16403);
#16403 = FILL_AREA_STYLE('',(#16404));
#16404 = FILL_AREA_STYLE_COLOUR('',#14795);
#16405 = STYLED_ITEM('color',(#16406),#2807);
#16406 = PRESENTATION_STYLE_ASSIGNMENT((#16407));
#16407 = SURFACE_STYLE_USAGE(.BOTH.,#16408);
#16408 = SURFACE_SIDE_STYLE('',(#16409));
#16409 = SURFACE_STYLE_FILL_AREA(#16410);
#16410 = FILL_AREA_STYLE('',(#16411));
#16411 = FILL_AREA_STYLE_COLOUR('',#14795);
#16412 = STYLED_ITEM('color',(#16413),#2831);
#16413 = PRESENTATION_STYLE_ASSIGNMENT((#16414));
#16414 = SURFACE_STYLE_USAGE(.BOTH.,#16415);
#16415 = SURFACE_SIDE_STYLE('',(#16416));
#16416 = SURFACE_STYLE_FILL_AREA(#16417);
#16417 = FILL_AREA_STYLE('',(#16418));
#16418 = FILL_AREA_STYLE_COLOUR('',#14795);
#16419 = STYLED_ITEM('color',(#16420),#2855);
#16420 = PRESENTATION_STYLE_ASSIGNMENT((#16421));
#16421 = SURFACE_STYLE_USAGE(.BOTH.,#16422);
#16422 = SURFACE_SIDE_STYLE('',(#16423));
#16423 = SURFACE_STYLE_FILL_AREA(#16424);
#16424 = FILL_AREA_STYLE('',(#16425));
#16425 = FILL_AREA_STYLE_COLOUR('',#14795);
#16426 = STYLED_ITEM('color',(#16427),#2872);
#16427 = PRESENTATION_STYLE_ASSIGNMENT((#16428));
#16428 = SURFACE_STYLE_USAGE(.BOTH.,#16429);
#16429 = SURFACE_SIDE_STYLE('',(#16430));
#16430 = SURFACE_STYLE_FILL_AREA(#16431);
#16431 = FILL_AREA_STYLE('',(#16432));
#16432 = FILL_AREA_STYLE_COLOUR('',#14795);
#16433 = STYLED_ITEM('color',(#16434),#2903);
#16434 = PRESENTATION_STYLE_ASSIGNMENT((#16435));
#16435 = SURFACE_STYLE_USAGE(.BOTH.,#16436);
#16436 = SURFACE_SIDE_STYLE('',(#16437));
#16437 = SURFACE_STYLE_FILL_AREA(#16438);
#16438 = FILL_AREA_STYLE('',(#16439));
#16439 = FILL_AREA_STYLE_COLOUR('',#14795);
#16440 = STYLED_ITEM('color',(#16441),#2927);
#16441 = PRESENTATION_STYLE_ASSIGNMENT((#16442));
#16442 = SURFACE_STYLE_USAGE(.BOTH.,#16443);
#16443 = SURFACE_SIDE_STYLE('',(#16444));
#16444 = SURFACE_STYLE_FILL_AREA(#16445);
#16445 = FILL_AREA_STYLE('',(#16446));
#16446 = FILL_AREA_STYLE_COLOUR('',#14795);
#16447 = STYLED_ITEM('color',(#16448),#2951);
#16448 = PRESENTATION_STYLE_ASSIGNMENT((#16449));
#16449 = SURFACE_STYLE_USAGE(.BOTH.,#16450);
#16450 = SURFACE_SIDE_STYLE('',(#16451));
#16451 = SURFACE_STYLE_FILL_AREA(#16452);
#16452 = FILL_AREA_STYLE('',(#16453));
#16453 = FILL_AREA_STYLE_COLOUR('',#14795);
#16454 = STYLED_ITEM('color',(#16455),#2968);
#16455 = PRESENTATION_STYLE_ASSIGNMENT((#16456));
#16456 = SURFACE_STYLE_USAGE(.BOTH.,#16457);
#16457 = SURFACE_SIDE_STYLE('',(#16458));
#16458 = SURFACE_STYLE_FILL_AREA(#16459);
#16459 = FILL_AREA_STYLE('',(#16460));
#16460 = FILL_AREA_STYLE_COLOUR('',#14795);
#16461 = STYLED_ITEM('color',(#16462),#2999);
#16462 = PRESENTATION_STYLE_ASSIGNMENT((#16463));
#16463 = SURFACE_STYLE_USAGE(.BOTH.,#16464);
#16464 = SURFACE_SIDE_STYLE('',(#16465));
#16465 = SURFACE_STYLE_FILL_AREA(#16466);
#16466 = FILL_AREA_STYLE('',(#16467));
#16467 = FILL_AREA_STYLE_COLOUR('',#14795);
#16468 = STYLED_ITEM('color',(#16469),#3023);
#16469 = PRESENTATION_STYLE_ASSIGNMENT((#16470));
#16470 = SURFACE_STYLE_USAGE(.BOTH.,#16471);
#16471 = SURFACE_SIDE_STYLE('',(#16472));
#16472 = SURFACE_STYLE_FILL_AREA(#16473);
#16473 = FILL_AREA_STYLE('',(#16474));
#16474 = FILL_AREA_STYLE_COLOUR('',#14795);
#16475 = STYLED_ITEM('color',(#16476),#3047);
#16476 = PRESENTATION_STYLE_ASSIGNMENT((#16477));
#16477 = SURFACE_STYLE_USAGE(.BOTH.,#16478);
#16478 = SURFACE_SIDE_STYLE('',(#16479));
#16479 = SURFACE_STYLE_FILL_AREA(#16480);
#16480 = FILL_AREA_STYLE('',(#16481));
#16481 = FILL_AREA_STYLE_COLOUR('',#14795);
#16482 = STYLED_ITEM('color',(#16483),#3064);
#16483 = PRESENTATION_STYLE_ASSIGNMENT((#16484));
#16484 = SURFACE_STYLE_USAGE(.BOTH.,#16485);
#16485 = SURFACE_SIDE_STYLE('',(#16486));
#16486 = SURFACE_STYLE_FILL_AREA(#16487);
#16487 = FILL_AREA_STYLE('',(#16488));
#16488 = FILL_AREA_STYLE_COLOUR('',#14795);
#16489 = STYLED_ITEM('color',(#16490),#3095);
#16490 = PRESENTATION_STYLE_ASSIGNMENT((#16491));
#16491 = SURFACE_STYLE_USAGE(.BOTH.,#16492);
#16492 = SURFACE_SIDE_STYLE('',(#16493));
#16493 = SURFACE_STYLE_FILL_AREA(#16494);
#16494 = FILL_AREA_STYLE('',(#16495));
#16495 = FILL_AREA_STYLE_COLOUR('',#14795);
#16496 = STYLED_ITEM('color',(#16497),#3119);
#16497 = PRESENTATION_STYLE_ASSIGNMENT((#16498));
#16498 = SURFACE_STYLE_USAGE(.BOTH.,#16499);
#16499 = SURFACE_SIDE_STYLE('',(#16500));
#16500 = SURFACE_STYLE_FILL_AREA(#16501);
#16501 = FILL_AREA_STYLE('',(#16502));
#16502 = FILL_AREA_STYLE_COLOUR('',#14795);
#16503 = STYLED_ITEM('color',(#16504),#3143);
#16504 = PRESENTATION_STYLE_ASSIGNMENT((#16505));
#16505 = SURFACE_STYLE_USAGE(.BOTH.,#16506);
#16506 = SURFACE_SIDE_STYLE('',(#16507));
#16507 = SURFACE_STYLE_FILL_AREA(#16508);
#16508 = FILL_AREA_STYLE('',(#16509));
#16509 = FILL_AREA_STYLE_COLOUR('',#14795);
#16510 = STYLED_ITEM('color',(#16511),#3160);
#16511 = PRESENTATION_STYLE_ASSIGNMENT((#16512));
#16512 = SURFACE_STYLE_USAGE(.BOTH.,#16513);
#16513 = SURFACE_SIDE_STYLE('',(#16514));
#16514 = SURFACE_STYLE_FILL_AREA(#16515);
#16515 = FILL_AREA_STYLE('',(#16516));
#16516 = FILL_AREA_STYLE_COLOUR('',#14795);
#16517 = STYLED_ITEM('color',(#16518),#3191);
#16518 = PRESENTATION_STYLE_ASSIGNMENT((#16519));
#16519 = SURFACE_STYLE_USAGE(.BOTH.,#16520);
#16520 = SURFACE_SIDE_STYLE('',(#16521));
#16521 = SURFACE_STYLE_FILL_AREA(#16522);
#16522 = FILL_AREA_STYLE('',(#16523));
#16523 = FILL_AREA_STYLE_COLOUR('',#14795);
#16524 = STYLED_ITEM('color',(#16525),#3215);
#16525 = PRESENTATION_STYLE_ASSIGNMENT((#16526));
#16526 = SURFACE_STYLE_USAGE(.BOTH.,#16527);
#16527 = SURFACE_SIDE_STYLE('',(#16528));
#16528 = SURFACE_STYLE_FILL_AREA(#16529);
#16529 = FILL_AREA_STYLE('',(#16530));
#16530 = FILL_AREA_STYLE_COLOUR('',#14795);
#16531 = STYLED_ITEM('color',(#16532),#3239);
#16532 = PRESENTATION_STYLE_ASSIGNMENT((#16533));
#16533 = SURFACE_STYLE_USAGE(.BOTH.,#16534);
#16534 = SURFACE_SIDE_STYLE('',(#16535));
#16535 = SURFACE_STYLE_FILL_AREA(#16536);
#16536 = FILL_AREA_STYLE('',(#16537));
#16537 = FILL_AREA_STYLE_COLOUR('',#14795);
#16538 = STYLED_ITEM('color',(#16539),#3256);
#16539 = PRESENTATION_STYLE_ASSIGNMENT((#16540));
#16540 = SURFACE_STYLE_USAGE(.BOTH.,#16541);
#16541 = SURFACE_SIDE_STYLE('',(#16542));
#16542 = SURFACE_STYLE_FILL_AREA(#16543);
#16543 = FILL_AREA_STYLE('',(#16544));
#16544 = FILL_AREA_STYLE_COLOUR('',#14795);
#16545 = STYLED_ITEM('color',(#16546),#3268);
#16546 = PRESENTATION_STYLE_ASSIGNMENT((#16547));
#16547 = SURFACE_STYLE_USAGE(.BOTH.,#16548);
#16548 = SURFACE_SIDE_STYLE('',(#16549));
#16549 = SURFACE_STYLE_FILL_AREA(#16550);
#16550 = FILL_AREA_STYLE('',(#16551));
#16551 = FILL_AREA_STYLE_COLOUR('',#14795);
#16552 = STYLED_ITEM('color',(#16553),#3280);
#16553 = PRESENTATION_STYLE_ASSIGNMENT((#16554));
#16554 = SURFACE_STYLE_USAGE(.BOTH.,#16555);
#16555 = SURFACE_SIDE_STYLE('',(#16556));
#16556 = SURFACE_STYLE_FILL_AREA(#16557);
#16557 = FILL_AREA_STYLE('',(#16558));
#16558 = FILL_AREA_STYLE_COLOUR('',#14795);
#16559 = MECHANICAL_DESIGN_GEOMETRIC_PRESENTATION_REPRESENTATION('',(
    #16560,#16568,#16575,#16582,#16589,#16596,#16603,#16610,#16618,
    #16625,#16632,#16639,#16646,#16653,#16661,#16668,#16675,#16682,
    #16689,#16696,#16703,#16710,#16717,#16724,#16731,#16738),#8096);
#16560 = STYLED_ITEM('color',(#16561),#7308);
#16561 = PRESENTATION_STYLE_ASSIGNMENT((#16562));
#16562 = SURFACE_STYLE_USAGE(.BOTH.,#16563);
#16563 = SURFACE_SIDE_STYLE('',(#16564));
#16564 = SURFACE_STYLE_FILL_AREA(#16565);
#16565 = FILL_AREA_STYLE('',(#16566));
#16566 = FILL_AREA_STYLE_COLOUR('',#16567);
#16567 = COLOUR_RGB('',0.823999987314,0.819999987296,0.781000009244);
#16568 = STYLED_ITEM('color',(#16569),#7348);
#16569 = PRESENTATION_STYLE_ASSIGNMENT((#16570));
#16570 = SURFACE_STYLE_USAGE(.BOTH.,#16571);
#16571 = SURFACE_SIDE_STYLE('',(#16572));
#16572 = SURFACE_STYLE_FILL_AREA(#16573);
#16573 = FILL_AREA_STYLE('',(#16574));
#16574 = FILL_AREA_STYLE_COLOUR('',#16567);
#16575 = STYLED_ITEM('color',(#16576),#7431);
#16576 = PRESENTATION_STYLE_ASSIGNMENT((#16577));
#16577 = SURFACE_STYLE_USAGE(.BOTH.,#16578);
#16578 = SURFACE_SIDE_STYLE('',(#16579));
#16579 = SURFACE_STYLE_FILL_AREA(#16580);
#16580 = FILL_AREA_STYLE('',(#16581));
#16581 = FILL_AREA_STYLE_COLOUR('',#16567);
#16582 = STYLED_ITEM('color',(#16583),#7456);
#16583 = PRESENTATION_STYLE_ASSIGNMENT((#16584));
#16584 = SURFACE_STYLE_USAGE(.BOTH.,#16585);
#16585 = SURFACE_SIDE_STYLE('',(#16586));
#16586 = SURFACE_STYLE_FILL_AREA(#16587);
#16587 = FILL_AREA_STYLE('',(#16588));
#16588 = FILL_AREA_STYLE_COLOUR('',#16567);
#16589 = STYLED_ITEM('color',(#16590),#7481);
#16590 = PRESENTATION_STYLE_ASSIGNMENT((#16591));
#16591 = SURFACE_STYLE_USAGE(.BOTH.,#16592);
#16592 = SURFACE_SIDE_STYLE('',(#16593));
#16593 = SURFACE_STYLE_FILL_AREA(#16594);
#16594 = FILL_AREA_STYLE('',(#16595));
#16595 = FILL_AREA_STYLE_COLOUR('',#16567);
#16596 = STYLED_ITEM('color',(#16597),#7548);
#16597 = PRESENTATION_STYLE_ASSIGNMENT((#16598));
#16598 = SURFACE_STYLE_USAGE(.BOTH.,#16599);
#16599 = SURFACE_SIDE_STYLE('',(#16600));
#16600 = SURFACE_STYLE_FILL_AREA(#16601);
#16601 = FILL_AREA_STYLE('',(#16602));
#16602 = FILL_AREA_STYLE_COLOUR('',#16567);
#16603 = STYLED_ITEM('color',(#16604),#7565);
#16604 = PRESENTATION_STYLE_ASSIGNMENT((#16605));
#16605 = SURFACE_STYLE_USAGE(.BOTH.,#16606);
#16606 = SURFACE_SIDE_STYLE('',(#16607));
#16607 = SURFACE_STYLE_FILL_AREA(#16608);
#16608 = FILL_AREA_STYLE('',(#16609));
#16609 = FILL_AREA_STYLE_COLOUR('',#16567);
#16610 = STYLED_ITEM('color',(#16611),#7582);
#16611 = PRESENTATION_STYLE_ASSIGNMENT((#16612));
#16612 = SURFACE_STYLE_USAGE(.BOTH.,#16613);
#16613 = SURFACE_SIDE_STYLE('',(#16614));
#16614 = SURFACE_STYLE_FILL_AREA(#16615);
#16615 = FILL_AREA_STYLE('',(#16616));
#16616 = FILL_AREA_STYLE_COLOUR('',#16617);
#16617 = COLOUR_RGB('',0.894999966383,0.890999961016,0.813000030345);
#16618 = STYLED_ITEM('color',(#16619),#7631);
#16619 = PRESENTATION_STYLE_ASSIGNMENT((#16620));
#16620 = SURFACE_STYLE_USAGE(.BOTH.,#16621);
#16621 = SURFACE_SIDE_STYLE('',(#16622));
#16622 = SURFACE_STYLE_FILL_AREA(#16623);
#16623 = FILL_AREA_STYLE('',(#16624));
#16624 = FILL_AREA_STYLE_COLOUR('',#16567);
#16625 = STYLED_ITEM('color',(#16626),#7653);
#16626 = PRESENTATION_STYLE_ASSIGNMENT((#16627));
#16627 = SURFACE_STYLE_USAGE(.BOTH.,#16628);
#16628 = SURFACE_SIDE_STYLE('',(#16629));
#16629 = SURFACE_STYLE_FILL_AREA(#16630);
#16630 = FILL_AREA_STYLE('',(#16631));
#16631 = FILL_AREA_STYLE_COLOUR('',#16567);
#16632 = STYLED_ITEM('color',(#16633),#7665);
#16633 = PRESENTATION_STYLE_ASSIGNMENT((#16634));
#16634 = SURFACE_STYLE_USAGE(.BOTH.,#16635);
#16635 = SURFACE_SIDE_STYLE('',(#16636));
#16636 = SURFACE_STYLE_FILL_AREA(#16637);
#16637 = FILL_AREA_STYLE('',(#16638));
#16638 = FILL_AREA_STYLE_COLOUR('',#16617);
#16639 = STYLED_ITEM('color',(#16640),#7714);
#16640 = PRESENTATION_STYLE_ASSIGNMENT((#16641));
#16641 = SURFACE_STYLE_USAGE(.BOTH.,#16642);
#16642 = SURFACE_SIDE_STYLE('',(#16643));
#16643 = SURFACE_STYLE_FILL_AREA(#16644);
#16644 = FILL_AREA_STYLE('',(#16645));
#16645 = FILL_AREA_STYLE_COLOUR('',#16617);
#16646 = STYLED_ITEM('color',(#16647),#7731);
#16647 = PRESENTATION_STYLE_ASSIGNMENT((#16648));
#16648 = SURFACE_STYLE_USAGE(.BOTH.,#16649);
#16649 = SURFACE_SIDE_STYLE('',(#16650));
#16650 = SURFACE_STYLE_FILL_AREA(#16651);
#16651 = FILL_AREA_STYLE('',(#16652));
#16652 = FILL_AREA_STYLE_COLOUR('',#16567);
#16653 = STYLED_ITEM('color',(#16654),#7800);
#16654 = PRESENTATION_STYLE_ASSIGNMENT((#16655));
#16655 = SURFACE_STYLE_USAGE(.BOTH.,#16656);
#16656 = SURFACE_SIDE_STYLE('',(#16657));
#16657 = SURFACE_STYLE_FILL_AREA(#16658);
#16658 = FILL_AREA_STYLE('',(#16659));
#16659 = FILL_AREA_STYLE_COLOUR('',#16660);
#16660 = COLOUR_RGB('',8.200000279077E-02,8.600000121357E-02,
  9.399999706163E-02);
#16661 = STYLED_ITEM('color',(#16662),#7831);
#16662 = PRESENTATION_STYLE_ASSIGNMENT((#16663));
#16663 = SURFACE_STYLE_USAGE(.BOTH.,#16664);
#16664 = SURFACE_SIDE_STYLE('',(#16665));
#16665 = SURFACE_STYLE_FILL_AREA(#16666);
#16666 = FILL_AREA_STYLE('',(#16667));
#16667 = FILL_AREA_STYLE_COLOUR('',#16660);
#16668 = STYLED_ITEM('color',(#16669),#7855);
#16669 = PRESENTATION_STYLE_ASSIGNMENT((#16670));
#16670 = SURFACE_STYLE_USAGE(.BOTH.,#16671);
#16671 = SURFACE_SIDE_STYLE('',(#16672));
#16672 = SURFACE_STYLE_FILL_AREA(#16673);
#16673 = FILL_AREA_STYLE('',(#16674));
#16674 = FILL_AREA_STYLE_COLOUR('',#16567);
#16675 = STYLED_ITEM('color',(#16676),#7924);
#16676 = PRESENTATION_STYLE_ASSIGNMENT((#16677));
#16677 = SURFACE_STYLE_USAGE(.BOTH.,#16678);
#16678 = SURFACE_SIDE_STYLE('',(#16679));
#16679 = SURFACE_STYLE_FILL_AREA(#16680);
#16680 = FILL_AREA_STYLE('',(#16681));
#16681 = FILL_AREA_STYLE_COLOUR('',#16660);
#16682 = STYLED_ITEM('color',(#16683),#7948);
#16683 = PRESENTATION_STYLE_ASSIGNMENT((#16684));
#16684 = SURFACE_STYLE_USAGE(.BOTH.,#16685);
#16685 = SURFACE_SIDE_STYLE('',(#16686));
#16686 = SURFACE_STYLE_FILL_AREA(#16687);
#16687 = FILL_AREA_STYLE('',(#16688));
#16688 = FILL_AREA_STYLE_COLOUR('',#16567);
#16689 = STYLED_ITEM('color',(#16690),#7965);
#16690 = PRESENTATION_STYLE_ASSIGNMENT((#16691));
#16691 = SURFACE_STYLE_USAGE(.BOTH.,#16692);
#16692 = SURFACE_SIDE_STYLE('',(#16693));
#16693 = SURFACE_STYLE_FILL_AREA(#16694);
#16694 = FILL_AREA_STYLE('',(#16695));
#16695 = FILL_AREA_STYLE_COLOUR('',#16567);
#16696 = STYLED_ITEM('color',(#16697),#7982);
#16697 = PRESENTATION_STYLE_ASSIGNMENT((#16698));
#16698 = SURFACE_STYLE_USAGE(.BOTH.,#16699);
#16699 = SURFACE_SIDE_STYLE('',(#16700));
#16700 = SURFACE_STYLE_FILL_AREA(#16701);
#16701 = FILL_AREA_STYLE('',(#16702));
#16702 = FILL_AREA_STYLE_COLOUR('',#16567);
#16703 = STYLED_ITEM('color',(#16704),#7999);
#16704 = PRESENTATION_STYLE_ASSIGNMENT((#16705));
#16705 = SURFACE_STYLE_USAGE(.BOTH.,#16706);
#16706 = SURFACE_SIDE_STYLE('',(#16707));
#16707 = SURFACE_STYLE_FILL_AREA(#16708);
#16708 = FILL_AREA_STYLE('',(#16709));
#16709 = FILL_AREA_STYLE_COLOUR('',#16567);
#16710 = STYLED_ITEM('color',(#16711),#8016);
#16711 = PRESENTATION_STYLE_ASSIGNMENT((#16712));
#16712 = SURFACE_STYLE_USAGE(.BOTH.,#16713);
#16713 = SURFACE_SIDE_STYLE('',(#16714));
#16714 = SURFACE_STYLE_FILL_AREA(#16715);
#16715 = FILL_AREA_STYLE('',(#16716));
#16716 = FILL_AREA_STYLE_COLOUR('',#16567);
#16717 = STYLED_ITEM('color',(#16718),#8033);
#16718 = PRESENTATION_STYLE_ASSIGNMENT((#16719));
#16719 = SURFACE_STYLE_USAGE(.BOTH.,#16720);
#16720 = SURFACE_SIDE_STYLE('',(#16721));
#16721 = SURFACE_STYLE_FILL_AREA(#16722);
#16722 = FILL_AREA_STYLE('',(#16723));
#16723 = FILL_AREA_STYLE_COLOUR('',#16567);
#16724 = STYLED_ITEM('color',(#16725),#8050);
#16725 = PRESENTATION_STYLE_ASSIGNMENT((#16726));
#16726 = SURFACE_STYLE_USAGE(.BOTH.,#16727);
#16727 = SURFACE_SIDE_STYLE('',(#16728));
#16728 = SURFACE_STYLE_FILL_AREA(#16729);
#16729 = FILL_AREA_STYLE('',(#16730));
#16730 = FILL_AREA_STYLE_COLOUR('',#16567);
#16731 = STYLED_ITEM('color',(#16732),#8067);
#16732 = PRESENTATION_STYLE_ASSIGNMENT((#16733));
#16733 = SURFACE_STYLE_USAGE(.BOTH.,#16734);
#16734 = SURFACE_SIDE_STYLE('',(#16735));
#16735 = SURFACE_STYLE_FILL_AREA(#16736);
#16736 = FILL_AREA_STYLE('',(#16737));
#16737 = FILL_AREA_STYLE_COLOUR('',#16660);
#16738 = STYLED_ITEM('color',(#16739),#8084);
#16739 = PRESENTATION_STYLE_ASSIGNMENT((#16740));
#16740 = SURFACE_STYLE_USAGE(.BOTH.,#16741);
#16741 = SURFACE_SIDE_STYLE('',(#16742));
#16742 = SURFACE_STYLE_FILL_AREA(#16743);
#16743 = FILL_AREA_STYLE('',(#16744));
#16744 = FILL_AREA_STYLE_COLOUR('',#16660);
#16745 = MECHANICAL_DESIGN_GEOMETRIC_PRESENTATION_REPRESENTATION('',(
    #16746,#16753,#16760,#16767,#16774,#16781,#16788,#16795,#16802,
    #16809,#16816,#16824,#16831,#16838,#16845,#16852,#16859,#16866,
    #16873,#16880,#16887,#16894,#16901,#16908,#16915,#16922,#16929,
    #16936),#4188);
#16746 = STYLED_ITEM('color',(#16747),#3336);
#16747 = PRESENTATION_STYLE_ASSIGNMENT((#16748));
#16748 = SURFACE_STYLE_USAGE(.BOTH.,#16749);
#16749 = SURFACE_SIDE_STYLE('',(#16750));
#16750 = SURFACE_STYLE_FILL_AREA(#16751);
#16751 = FILL_AREA_STYLE('',(#16752));
#16752 = FILL_AREA_STYLE_COLOUR('',#16567);
#16753 = STYLED_ITEM('color',(#16754),#3412);
#16754 = PRESENTATION_STYLE_ASSIGNMENT((#16755));
#16755 = SURFACE_STYLE_USAGE(.BOTH.,#16756);
#16756 = SURFACE_SIDE_STYLE('',(#16757));
#16757 = SURFACE_STYLE_FILL_AREA(#16758);
#16758 = FILL_AREA_STYLE('',(#16759));
#16759 = FILL_AREA_STYLE_COLOUR('',#16567);
#16760 = STYLED_ITEM('color',(#16761),#3443);
#16761 = PRESENTATION_STYLE_ASSIGNMENT((#16762));
#16762 = SURFACE_STYLE_USAGE(.BOTH.,#16763);
#16763 = SURFACE_SIDE_STYLE('',(#16764));
#16764 = SURFACE_STYLE_FILL_AREA(#16765);
#16765 = FILL_AREA_STYLE('',(#16766));
#16766 = FILL_AREA_STYLE_COLOUR('',#16567);
#16767 = STYLED_ITEM('color',(#16768),#3468);
#16768 = PRESENTATION_STYLE_ASSIGNMENT((#16769));
#16769 = SURFACE_STYLE_USAGE(.BOTH.,#16770);
#16770 = SURFACE_SIDE_STYLE('',(#16771));
#16771 = SURFACE_STYLE_FILL_AREA(#16772);
#16772 = FILL_AREA_STYLE('',(#16773));
#16773 = FILL_AREA_STYLE_COLOUR('',#16567);
#16774 = STYLED_ITEM('color',(#16775),#3493);
#16775 = PRESENTATION_STYLE_ASSIGNMENT((#16776));
#16776 = SURFACE_STYLE_USAGE(.BOTH.,#16777);
#16777 = SURFACE_SIDE_STYLE('',(#16778));
#16778 = SURFACE_STYLE_FILL_AREA(#16779);
#16779 = FILL_AREA_STYLE('',(#16780));
#16780 = FILL_AREA_STYLE_COLOUR('',#16567);
#16781 = STYLED_ITEM('color',(#16782),#3517);
#16782 = PRESENTATION_STYLE_ASSIGNMENT((#16783));
#16783 = SURFACE_STYLE_USAGE(.BOTH.,#16784);
#16784 = SURFACE_SIDE_STYLE('',(#16785));
#16785 = SURFACE_STYLE_FILL_AREA(#16786);
#16786 = FILL_AREA_STYLE('',(#16787));
#16787 = FILL_AREA_STYLE_COLOUR('',#16567);
#16788 = STYLED_ITEM('color',(#16789),#3541);
#16789 = PRESENTATION_STYLE_ASSIGNMENT((#16790));
#16790 = SURFACE_STYLE_USAGE(.BOTH.,#16791);
#16791 = SURFACE_SIDE_STYLE('',(#16792));
#16792 = SURFACE_STYLE_FILL_AREA(#16793);
#16793 = FILL_AREA_STYLE('',(#16794));
#16794 = FILL_AREA_STYLE_COLOUR('',#16567);
#16795 = STYLED_ITEM('color',(#16796),#3566);
#16796 = PRESENTATION_STYLE_ASSIGNMENT((#16797));
#16797 = SURFACE_STYLE_USAGE(.BOTH.,#16798);
#16798 = SURFACE_SIDE_STYLE('',(#16799));
#16799 = SURFACE_STYLE_FILL_AREA(#16800);
#16800 = FILL_AREA_STYLE('',(#16801));
#16801 = FILL_AREA_STYLE_COLOUR('',#16567);
#16802 = STYLED_ITEM('color',(#16803),#3591);
#16803 = PRESENTATION_STYLE_ASSIGNMENT((#16804));
#16804 = SURFACE_STYLE_USAGE(.BOTH.,#16805);
#16805 = SURFACE_SIDE_STYLE('',(#16806));
#16806 = SURFACE_STYLE_FILL_AREA(#16807);
#16807 = FILL_AREA_STYLE('',(#16808));
#16808 = FILL_AREA_STYLE_COLOUR('',#16567);
#16809 = STYLED_ITEM('color',(#16810),#3608);
#16810 = PRESENTATION_STYLE_ASSIGNMENT((#16811));
#16811 = SURFACE_STYLE_USAGE(.BOTH.,#16812);
#16812 = SURFACE_SIDE_STYLE('',(#16813));
#16813 = SURFACE_STYLE_FILL_AREA(#16814);
#16814 = FILL_AREA_STYLE('',(#16815));
#16815 = FILL_AREA_STYLE_COLOUR('',#16567);
#16816 = STYLED_ITEM('color',(#16817),#3694);
#16817 = PRESENTATION_STYLE_ASSIGNMENT((#16818));
#16818 = SURFACE_STYLE_USAGE(.BOTH.,#16819);
#16819 = SURFACE_SIDE_STYLE('',(#16820));
#16820 = SURFACE_STYLE_FILL_AREA(#16821);
#16821 = FILL_AREA_STYLE('',(#16822));
#16822 = FILL_AREA_STYLE_COLOUR('',#16823);
#16823 = COLOUR_RGB('',0.379000005575,0.270000008848,0.214999999939);
#16824 = STYLED_ITEM('color',(#16825),#3726);
#16825 = PRESENTATION_STYLE_ASSIGNMENT((#16826));
#16826 = SURFACE_STYLE_USAGE(.BOTH.,#16827);
#16827 = SURFACE_SIDE_STYLE('',(#16828));
#16828 = SURFACE_STYLE_FILL_AREA(#16829);
#16829 = FILL_AREA_STYLE('',(#16830));
#16830 = FILL_AREA_STYLE_COLOUR('',#16823);
#16831 = STYLED_ITEM('color',(#16832),#3750);
#16832 = PRESENTATION_STYLE_ASSIGNMENT((#16833));
#16833 = SURFACE_STYLE_USAGE(.BOTH.,#16834);
#16834 = SURFACE_SIDE_STYLE('',(#16835));
#16835 = SURFACE_STYLE_FILL_AREA(#16836);
#16836 = FILL_AREA_STYLE('',(#16837));
#16837 = FILL_AREA_STYLE_COLOUR('',#16823);
#16838 = STYLED_ITEM('color',(#16839),#3775);
#16839 = PRESENTATION_STYLE_ASSIGNMENT((#16840));
#16840 = SURFACE_STYLE_USAGE(.BOTH.,#16841);
#16841 = SURFACE_SIDE_STYLE('',(#16842));
#16842 = SURFACE_STYLE_FILL_AREA(#16843);
#16843 = FILL_AREA_STYLE('',(#16844));
#16844 = FILL_AREA_STYLE_COLOUR('',#16823);
#16845 = STYLED_ITEM('color',(#16846),#3799);
#16846 = PRESENTATION_STYLE_ASSIGNMENT((#16847));
#16847 = SURFACE_STYLE_USAGE(.BOTH.,#16848);
#16848 = SURFACE_SIDE_STYLE('',(#16849));
#16849 = SURFACE_STYLE_FILL_AREA(#16850);
#16850 = FILL_AREA_STYLE('',(#16851));
#16851 = FILL_AREA_STYLE_COLOUR('',#16823);
#16852 = STYLED_ITEM('color',(#16853),#3824);
#16853 = PRESENTATION_STYLE_ASSIGNMENT((#16854));
#16854 = SURFACE_STYLE_USAGE(.BOTH.,#16855);
#16855 = SURFACE_SIDE_STYLE('',(#16856));
#16856 = SURFACE_STYLE_FILL_AREA(#16857);
#16857 = FILL_AREA_STYLE('',(#16858));
#16858 = FILL_AREA_STYLE_COLOUR('',#16823);
#16859 = STYLED_ITEM('color',(#16860),#3848);
#16860 = PRESENTATION_STYLE_ASSIGNMENT((#16861));
#16861 = SURFACE_STYLE_USAGE(.BOTH.,#16862);
#16862 = SURFACE_SIDE_STYLE('',(#16863));
#16863 = SURFACE_STYLE_FILL_AREA(#16864);
#16864 = FILL_AREA_STYLE('',(#16865));
#16865 = FILL_AREA_STYLE_COLOUR('',#16823);
#16866 = STYLED_ITEM('color',(#16867),#3873);
#16867 = PRESENTATION_STYLE_ASSIGNMENT((#16868));
#16868 = SURFACE_STYLE_USAGE(.BOTH.,#16869);
#16869 = SURFACE_SIDE_STYLE('',(#16870));
#16870 = SURFACE_STYLE_FILL_AREA(#16871);
#16871 = FILL_AREA_STYLE('',(#16872));
#16872 = FILL_AREA_STYLE_COLOUR('',#16823);
#16873 = STYLED_ITEM('color',(#16874),#3890);
#16874 = PRESENTATION_STYLE_ASSIGNMENT((#16875));
#16875 = SURFACE_STYLE_USAGE(.BOTH.,#16876);
#16876 = SURFACE_SIDE_STYLE('',(#16877));
#16877 = SURFACE_STYLE_FILL_AREA(#16878);
#16878 = FILL_AREA_STYLE('',(#16879));
#16879 = FILL_AREA_STYLE_COLOUR('',#16567);
#16880 = STYLED_ITEM('color',(#16881),#3976);
#16881 = PRESENTATION_STYLE_ASSIGNMENT((#16882));
#16882 = SURFACE_STYLE_USAGE(.BOTH.,#16883);
#16883 = SURFACE_SIDE_STYLE('',(#16884));
#16884 = SURFACE_STYLE_FILL_AREA(#16885);
#16885 = FILL_AREA_STYLE('',(#16886));
#16886 = FILL_AREA_STYLE_COLOUR('',#16567);
#16887 = STYLED_ITEM('color',(#16888),#4007);
#16888 = PRESENTATION_STYLE_ASSIGNMENT((#16889));
#16889 = SURFACE_STYLE_USAGE(.BOTH.,#16890);
#16890 = SURFACE_SIDE_STYLE('',(#16891));
#16891 = SURFACE_STYLE_FILL_AREA(#16892);
#16892 = FILL_AREA_STYLE('',(#16893));
#16893 = FILL_AREA_STYLE_COLOUR('',#16567);
#16894 = STYLED_ITEM('color',(#16895),#4032);
#16895 = PRESENTATION_STYLE_ASSIGNMENT((#16896));
#16896 = SURFACE_STYLE_USAGE(.BOTH.,#16897);
#16897 = SURFACE_SIDE_STYLE('',(#16898));
#16898 = SURFACE_STYLE_FILL_AREA(#16899);
#16899 = FILL_AREA_STYLE('',(#16900));
#16900 = FILL_AREA_STYLE_COLOUR('',#16567);
#16901 = STYLED_ITEM('color',(#16902),#4057);
#16902 = PRESENTATION_STYLE_ASSIGNMENT((#16903));
#16903 = SURFACE_STYLE_USAGE(.BOTH.,#16904);
#16904 = SURFACE_SIDE_STYLE('',(#16905));
#16905 = SURFACE_STYLE_FILL_AREA(#16906);
#16906 = FILL_AREA_STYLE('',(#16907));
#16907 = FILL_AREA_STYLE_COLOUR('',#16567);
#16908 = STYLED_ITEM('color',(#16909),#4081);
#16909 = PRESENTATION_STYLE_ASSIGNMENT((#16910));
#16910 = SURFACE_STYLE_USAGE(.BOTH.,#16911);
#16911 = SURFACE_SIDE_STYLE('',(#16912));
#16912 = SURFACE_STYLE_FILL_AREA(#16913);
#16913 = FILL_AREA_STYLE('',(#16914));
#16914 = FILL_AREA_STYLE_COLOUR('',#16567);
#16915 = STYLED_ITEM('color',(#16916),#4105);
#16916 = PRESENTATION_STYLE_ASSIGNMENT((#16917));
#16917 = SURFACE_STYLE_USAGE(.BOTH.,#16918);
#16918 = SURFACE_SIDE_STYLE('',(#16919));
#16919 = SURFACE_STYLE_FILL_AREA(#16920);
#16920 = FILL_AREA_STYLE('',(#16921));
#16921 = FILL_AREA_STYLE_COLOUR('',#16567);
#16922 = STYLED_ITEM('color',(#16923),#4130);
#16923 = PRESENTATION_STYLE_ASSIGNMENT((#16924));
#16924 = SURFACE_STYLE_USAGE(.BOTH.,#16925);
#16925 = SURFACE_SIDE_STYLE('',(#16926));
#16926 = SURFACE_STYLE_FILL_AREA(#16927);
#16927 = FILL_AREA_STYLE('',(#16928));
#16928 = FILL_AREA_STYLE_COLOUR('',#16567);
#16929 = STYLED_ITEM('color',(#16930),#4155);
#16930 = PRESENTATION_STYLE_ASSIGNMENT((#16931));
#16931 = SURFACE_STYLE_USAGE(.BOTH.,#16932);
#16932 = SURFACE_SIDE_STYLE('',(#16933));
#16933 = SURFACE_STYLE_FILL_AREA(#16934);
#16934 = FILL_AREA_STYLE('',(#16935));
#16935 = FILL_AREA_STYLE_COLOUR('',#16567);
#16936 = STYLED_ITEM('color',(#16937),#4172);
#16937 = PRESENTATION_STYLE_ASSIGNMENT((#16938));
#16938 = SURFACE_STYLE_USAGE(.BOTH.,#16939);
#16939 = SURFACE_SIDE_STYLE('',(#16940));
#16940 = SURFACE_STYLE_FILL_AREA(#16941);
#16941 = FILL_AREA_STYLE('',(#16942));
#16942 = FILL_AREA_STYLE_COLOUR('',#16567);
#16943 = MECHANICAL_DESIGN_GEOMETRIC_PRESENTATION_REPRESENTATION('',(
    #16944,#16951,#16958,#16965,#16972,#16979,#16986,#16993,#17000,
    #17007,#17014,#17021,#17028,#17035,#17042,#17049,#17056,#17063,
    #17070,#17077,#17084,#17091,#17098,#17105,#17112,#17119),#7264);
#16944 = STYLED_ITEM('color',(#16945),#6476);
#16945 = PRESENTATION_STYLE_ASSIGNMENT((#16946));
#16946 = SURFACE_STYLE_USAGE(.BOTH.,#16947);
#16947 = SURFACE_SIDE_STYLE('',(#16948));
#16948 = SURFACE_STYLE_FILL_AREA(#16949);
#16949 = FILL_AREA_STYLE('',(#16950));
#16950 = FILL_AREA_STYLE_COLOUR('',#16567);
#16951 = STYLED_ITEM('color',(#16952),#6516);
#16952 = PRESENTATION_STYLE_ASSIGNMENT((#16953));
#16953 = SURFACE_STYLE_USAGE(.BOTH.,#16954);
#16954 = SURFACE_SIDE_STYLE('',(#16955));
#16955 = SURFACE_STYLE_FILL_AREA(#16956);
#16956 = FILL_AREA_STYLE('',(#16957));
#16957 = FILL_AREA_STYLE_COLOUR('',#16567);
#16958 = STYLED_ITEM('color',(#16959),#6599);
#16959 = PRESENTATION_STYLE_ASSIGNMENT((#16960));
#16960 = SURFACE_STYLE_USAGE(.BOTH.,#16961);
#16961 = SURFACE_SIDE_STYLE('',(#16962));
#16962 = SURFACE_STYLE_FILL_AREA(#16963);
#16963 = FILL_AREA_STYLE('',(#16964));
#16964 = FILL_AREA_STYLE_COLOUR('',#16567);
#16965 = STYLED_ITEM('color',(#16966),#6624);
#16966 = PRESENTATION_STYLE_ASSIGNMENT((#16967));
#16967 = SURFACE_STYLE_USAGE(.BOTH.,#16968);
#16968 = SURFACE_SIDE_STYLE('',(#16969));
#16969 = SURFACE_STYLE_FILL_AREA(#16970);
#16970 = FILL_AREA_STYLE('',(#16971));
#16971 = FILL_AREA_STYLE_COLOUR('',#16567);
#16972 = STYLED_ITEM('color',(#16973),#6649);
#16973 = PRESENTATION_STYLE_ASSIGNMENT((#16974));
#16974 = SURFACE_STYLE_USAGE(.BOTH.,#16975);
#16975 = SURFACE_SIDE_STYLE('',(#16976));
#16976 = SURFACE_STYLE_FILL_AREA(#16977);
#16977 = FILL_AREA_STYLE('',(#16978));
#16978 = FILL_AREA_STYLE_COLOUR('',#16567);
#16979 = STYLED_ITEM('color',(#16980),#6716);
#16980 = PRESENTATION_STYLE_ASSIGNMENT((#16981));
#16981 = SURFACE_STYLE_USAGE(.BOTH.,#16982);
#16982 = SURFACE_SIDE_STYLE('',(#16983));
#16983 = SURFACE_STYLE_FILL_AREA(#16984);
#16984 = FILL_AREA_STYLE('',(#16985));
#16985 = FILL_AREA_STYLE_COLOUR('',#16567);
#16986 = STYLED_ITEM('color',(#16987),#6733);
#16987 = PRESENTATION_STYLE_ASSIGNMENT((#16988));
#16988 = SURFACE_STYLE_USAGE(.BOTH.,#16989);
#16989 = SURFACE_SIDE_STYLE('',(#16990));
#16990 = SURFACE_STYLE_FILL_AREA(#16991);
#16991 = FILL_AREA_STYLE('',(#16992));
#16992 = FILL_AREA_STYLE_COLOUR('',#16567);
#16993 = STYLED_ITEM('color',(#16994),#6750);
#16994 = PRESENTATION_STYLE_ASSIGNMENT((#16995));
#16995 = SURFACE_STYLE_USAGE(.BOTH.,#16996);
#16996 = SURFACE_SIDE_STYLE('',(#16997));
#16997 = SURFACE_STYLE_FILL_AREA(#16998);
#16998 = FILL_AREA_STYLE('',(#16999));
#16999 = FILL_AREA_STYLE_COLOUR('',#16617);
#17000 = STYLED_ITEM('color',(#17001),#6799);
#17001 = PRESENTATION_STYLE_ASSIGNMENT((#17002));
#17002 = SURFACE_STYLE_USAGE(.BOTH.,#17003);
#17003 = SURFACE_SIDE_STYLE('',(#17004));
#17004 = SURFACE_STYLE_FILL_AREA(#17005);
#17005 = FILL_AREA_STYLE('',(#17006));
#17006 = FILL_AREA_STYLE_COLOUR('',#16567);
#17007 = STYLED_ITEM('color',(#17008),#6816);
#17008 = PRESENTATION_STYLE_ASSIGNMENT((#17009));
#17009 = SURFACE_STYLE_USAGE(.BOTH.,#17010);
#17010 = SURFACE_SIDE_STYLE('',(#17011));
#17011 = SURFACE_STYLE_FILL_AREA(#17012);
#17012 = FILL_AREA_STYLE('',(#17013));
#17013 = FILL_AREA_STYLE_COLOUR('',#16567);
#17014 = STYLED_ITEM('color',(#17015),#6833);
#17015 = PRESENTATION_STYLE_ASSIGNMENT((#17016));
#17016 = SURFACE_STYLE_USAGE(.BOTH.,#17017);
#17017 = SURFACE_SIDE_STYLE('',(#17018));
#17018 = SURFACE_STYLE_FILL_AREA(#17019);
#17019 = FILL_AREA_STYLE('',(#17020));
#17020 = FILL_AREA_STYLE_COLOUR('',#16617);
#17021 = STYLED_ITEM('color',(#17022),#6882);
#17022 = PRESENTATION_STYLE_ASSIGNMENT((#17023));
#17023 = SURFACE_STYLE_USAGE(.BOTH.,#17024);
#17024 = SURFACE_SIDE_STYLE('',(#17025));
#17025 = SURFACE_STYLE_FILL_AREA(#17026);
#17026 = FILL_AREA_STYLE('',(#17027));
#17027 = FILL_AREA_STYLE_COLOUR('',#16617);
#17028 = STYLED_ITEM('color',(#17029),#6899);
#17029 = PRESENTATION_STYLE_ASSIGNMENT((#17030));
#17030 = SURFACE_STYLE_USAGE(.BOTH.,#17031);
#17031 = SURFACE_SIDE_STYLE('',(#17032));
#17032 = SURFACE_STYLE_FILL_AREA(#17033);
#17033 = FILL_AREA_STYLE('',(#17034));
#17034 = FILL_AREA_STYLE_COLOUR('',#16567);
#17035 = STYLED_ITEM('color',(#17036),#6968);
#17036 = PRESENTATION_STYLE_ASSIGNMENT((#17037));
#17037 = SURFACE_STYLE_USAGE(.BOTH.,#17038);
#17038 = SURFACE_SIDE_STYLE('',(#17039));
#17039 = SURFACE_STYLE_FILL_AREA(#17040);
#17040 = FILL_AREA_STYLE('',(#17041));
#17041 = FILL_AREA_STYLE_COLOUR('',#16660);
#17042 = STYLED_ITEM('color',(#17043),#6999);
#17043 = PRESENTATION_STYLE_ASSIGNMENT((#17044));
#17044 = SURFACE_STYLE_USAGE(.BOTH.,#17045);
#17045 = SURFACE_SIDE_STYLE('',(#17046));
#17046 = SURFACE_STYLE_FILL_AREA(#17047);
#17047 = FILL_AREA_STYLE('',(#17048));
#17048 = FILL_AREA_STYLE_COLOUR('',#16660);
#17049 = STYLED_ITEM('color',(#17050),#7023);
#17050 = PRESENTATION_STYLE_ASSIGNMENT((#17051));
#17051 = SURFACE_STYLE_USAGE(.BOTH.,#17052);
#17052 = SURFACE_SIDE_STYLE('',(#17053));
#17053 = SURFACE_STYLE_FILL_AREA(#17054);
#17054 = FILL_AREA_STYLE('',(#17055));
#17055 = FILL_AREA_STYLE_COLOUR('',#16567);
#17056 = STYLED_ITEM('color',(#17057),#7092);
#17057 = PRESENTATION_STYLE_ASSIGNMENT((#17058));
#17058 = SURFACE_STYLE_USAGE(.BOTH.,#17059);
#17059 = SURFACE_SIDE_STYLE('',(#17060));
#17060 = SURFACE_STYLE_FILL_AREA(#17061);
#17061 = FILL_AREA_STYLE('',(#17062));
#17062 = FILL_AREA_STYLE_COLOUR('',#16660);
#17063 = STYLED_ITEM('color',(#17064),#7116);
#17064 = PRESENTATION_STYLE_ASSIGNMENT((#17065));
#17065 = SURFACE_STYLE_USAGE(.BOTH.,#17066);
#17066 = SURFACE_SIDE_STYLE('',(#17067));
#17067 = SURFACE_STYLE_FILL_AREA(#17068);
#17068 = FILL_AREA_STYLE('',(#17069));
#17069 = FILL_AREA_STYLE_COLOUR('',#16567);
#17070 = STYLED_ITEM('color',(#17071),#7133);
#17071 = PRESENTATION_STYLE_ASSIGNMENT((#17072));
#17072 = SURFACE_STYLE_USAGE(.BOTH.,#17073);
#17073 = SURFACE_SIDE_STYLE('',(#17074));
#17074 = SURFACE_STYLE_FILL_AREA(#17075);
#17075 = FILL_AREA_STYLE('',(#17076));
#17076 = FILL_AREA_STYLE_COLOUR('',#16567);
#17077 = STYLED_ITEM('color',(#17078),#7150);
#17078 = PRESENTATION_STYLE_ASSIGNMENT((#17079));
#17079 = SURFACE_STYLE_USAGE(.BOTH.,#17080);
#17080 = SURFACE_SIDE_STYLE('',(#17081));
#17081 = SURFACE_STYLE_FILL_AREA(#17082);
#17082 = FILL_AREA_STYLE('',(#17083));
#17083 = FILL_AREA_STYLE_COLOUR('',#16567);
#17084 = STYLED_ITEM('color',(#17085),#7167);
#17085 = PRESENTATION_STYLE_ASSIGNMENT((#17086));
#17086 = SURFACE_STYLE_USAGE(.BOTH.,#17087);
#17087 = SURFACE_SIDE_STYLE('',(#17088));
#17088 = SURFACE_STYLE_FILL_AREA(#17089);
#17089 = FILL_AREA_STYLE('',(#17090));
#17090 = FILL_AREA_STYLE_COLOUR('',#16567);
#17091 = STYLED_ITEM('color',(#17092),#7184);
#17092 = PRESENTATION_STYLE_ASSIGNMENT((#17093));
#17093 = SURFACE_STYLE_USAGE(.BOTH.,#17094);
#17094 = SURFACE_SIDE_STYLE('',(#17095));
#17095 = SURFACE_STYLE_FILL_AREA(#17096);
#17096 = FILL_AREA_STYLE('',(#17097));
#17097 = FILL_AREA_STYLE_COLOUR('',#16567);
#17098 = STYLED_ITEM('color',(#17099),#7201);
#17099 = PRESENTATION_STYLE_ASSIGNMENT((#17100));
#17100 = SURFACE_STYLE_USAGE(.BOTH.,#17101);
#17101 = SURFACE_SIDE_STYLE('',(#17102));
#17102 = SURFACE_STYLE_FILL_AREA(#17103);
#17103 = FILL_AREA_STYLE('',(#17104));
#17104 = FILL_AREA_STYLE_COLOUR('',#16567);
#17105 = STYLED_ITEM('color',(#17106),#7218);
#17106 = PRESENTATION_STYLE_ASSIGNMENT((#17107));
#17107 = SURFACE_STYLE_USAGE(.BOTH.,#17108);
#17108 = SURFACE_SIDE_STYLE('',(#17109));
#17109 = SURFACE_STYLE_FILL_AREA(#17110);
#17110 = FILL_AREA_STYLE('',(#17111));
#17111 = FILL_AREA_STYLE_COLOUR('',#16567);
#17112 = STYLED_ITEM('color',(#17113),#7235);
#17113 = PRESENTATION_STYLE_ASSIGNMENT((#17114));
#17114 = SURFACE_STYLE_USAGE(.BOTH.,#17115);
#17115 = SURFACE_SIDE_STYLE('',(#17116));
#17116 = SURFACE_STYLE_FILL_AREA(#17117);
#17117 = FILL_AREA_STYLE('',(#17118));
#17118 = FILL_AREA_STYLE_COLOUR('',#16660);
#17119 = STYLED_ITEM('color',(#17120),#7252);
#17120 = PRESENTATION_STYLE_ASSIGNMENT((#17121));
#17121 = SURFACE_STYLE_USAGE(.BOTH.,#17122);
#17122 = SURFACE_SIDE_STYLE('',(#17123));
#17123 = SURFACE_STYLE_FILL_AREA(#17124);
#17124 = FILL_AREA_STYLE('',(#17125));
#17125 = FILL_AREA_STYLE_COLOUR('',#16660);
ENDSEC;
END-ISO-10303-21;
