ISO-10303-21;
HEADER;
FILE_DESCRIPTION(('KiCad electronic assembly'),'2;1');
FILE_NAME('Schematic.step','2025-11-02T14:04:41',('Pcbnew'),('Kicad'),
  'Open CASCADE STEP processor 7.8','KiCad to STEP converter','Unknown'
  );
FILE_SCHEMA(('AUTOMOTIVE_DESIGN { 1 0 10303 214 1 1 1 1 }'));
ENDSEC;
DATA;
#1 = APPLICATION_PROTOCOL_DEFINITION('international standard',
  'automotive_design',2000,#2);
#2 = APPLICATION_CONTEXT(
  'core data for automotive mechanical design processes');
#3 = SHAPE_DEFINITION_REPRESENTATION(#4,#10);
#4 = PRODUCT_DEFINITION_SHAPE('','',#5);
#5 = PRODUCT_DEFINITION('design','',#6,#9);
#6 = PRODUCT_DEFINITION_FORMATION('','',#7);
#7 = PRODUCT('Schematic 1','Schematic 1','',(#8));
#8 = PRODUCT_CONTEXT('',#2,'mechanical');
#9 = PRODUCT_DEFINITION_CONTEXT('part definition',#2,'design');
#10 = SHAPE_REPRESENTATION('',(#11,#15,#19,#23,#27,#31,#35,#39,#43,#47,
    #51,#55,#59,#63,#67,#71,#75,#79,#83,#87,#91,#95,#99,#103,#107,#111),
  #115);
#11 = AXIS2_PLACEMENT_3D('',#12,#13,#14);
#12 = CARTESIAN_POINT('',(0.,0.,0.));
#13 = DIRECTION('',(0.,0.,1.));
#14 = DIRECTION('',(1.,0.,-0.));
#15 = AXIS2_PLACEMENT_3D('',#16,#17,#18);
#16 = CARTESIAN_POINT('',(92.55,-83.,1.595));
#17 = DIRECTION('',(0.,0.,1.));
#18 = DIRECTION('',(1.,0.,0.));
#19 = AXIS2_PLACEMENT_3D('',#20,#21,#22);
#20 = CARTESIAN_POINT('',(158.1,-103.,1.595));
#21 = DIRECTION('',(-0.,0.,1.));
#22 = DIRECTION('',(1.110223024625E-16,-1.,0.));
#23 = AXIS2_PLACEMENT_3D('',#24,#25,#26);
#24 = CARTESIAN_POINT('',(113.1225,-115.7,1.595));
#25 = DIRECTION('',(0.,0.,1.));
#26 = DIRECTION('',(1.,0.,0.));
#27 = AXIS2_PLACEMENT_3D('',#28,#29,#30);
#28 = CARTESIAN_POINT('',(162.,-101.5,1.595));
#29 = DIRECTION('',(0.,-0.,1.));
#30 = DIRECTION('',(1.110223024625E-16,1.,0.));
#31 = AXIS2_PLACEMENT_3D('',#32,#33,#34);
#32 = CARTESIAN_POINT('',(84.9,-111.33,1.595));
#33 = DIRECTION('',(0.,0.,1.));
#34 = DIRECTION('',(1.,0.,0.));
#35 = AXIS2_PLACEMENT_3D('',#36,#37,#38);
#36 = CARTESIAN_POINT('',(150.0875,-75.,1.595));
#37 = DIRECTION('',(0.,0.,1.));
#38 = DIRECTION('',(-1.,1.224646799147E-16,0.));
#39 = AXIS2_PLACEMENT_3D('',#40,#41,#42);
#40 = CARTESIAN_POINT('',(130.95,-75.5,1.595));
#41 = DIRECTION('',(0.,0.,1.));
#42 = DIRECTION('',(-1.,1.224646799147E-16,0.));
#43 = AXIS2_PLACEMENT_3D('',#44,#45,#46);
#44 = CARTESIAN_POINT('',(131.55,-116.,1.595));
#45 = DIRECTION('',(0.,0.,1.));
#46 = DIRECTION('',(-1.,1.224646799147E-16,0.));
#47 = AXIS2_PLACEMENT_3D('',#48,#49,#50);
#48 = CARTESIAN_POINT('',(126.9125,-116.,1.595));
#49 = DIRECTION('',(0.,0.,1.));
#50 = DIRECTION('',(1.,0.,0.));
#51 = AXIS2_PLACEMENT_3D('',#52,#53,#54);
#52 = CARTESIAN_POINT('',(96.75,-109.75,1.595));
#53 = DIRECTION('',(0.,0.,1.));
#54 = DIRECTION('',(1.,0.,0.));
#55 = AXIS2_PLACEMENT_3D('',#56,#57,#58);
#56 = CARTESIAN_POINT('',(124.,-75.5,1.595));
#57 = DIRECTION('',(0.,0.,1.));
#58 = DIRECTION('',(1.,0.,0.));
#59 = AXIS2_PLACEMENT_3D('',#60,#61,#62);
#60 = CARTESIAN_POINT('',(120.45,-115.5,1.595));
#61 = DIRECTION('',(0.,0.,1.));
#62 = DIRECTION('',(-1.,1.224646799147E-16,0.));
#63 = AXIS2_PLACEMENT_3D('',#64,#65,#66);
#64 = CARTESIAN_POINT('',(107.48,-109.2,1.595));
#65 = DIRECTION('',(0.,0.,1.));
#66 = DIRECTION('',(1.,0.,0.));
#67 = AXIS2_PLACEMENT_3D('',#68,#69,#70);
#68 = CARTESIAN_POINT('',(144.45,-75.,1.595));
#69 = DIRECTION('',(0.,0.,1.));
#70 = DIRECTION('',(1.,0.,0.));
#71 = AXIS2_PLACEMENT_3D('',#72,#73,#74);
#72 = CARTESIAN_POINT('',(162.5,-83.45,1.595));
#73 = DIRECTION('',(0.,-0.,1.));
#74 = DIRECTION('',(1.110223024625E-16,1.,0.));
#75 = AXIS2_PLACEMENT_3D('',#76,#77,#78);
#76 = CARTESIAN_POINT('',(85.5875,-115.5,1.595));
#77 = DIRECTION('',(0.,0.,1.));
#78 = DIRECTION('',(1.,0.,0.));
#79 = AXIS2_PLACEMENT_3D('',#80,#81,#82);
#80 = CARTESIAN_POINT('',(155.,-103.5,1.595));
#81 = DIRECTION('',(0.,-0.,1.));
#82 = DIRECTION('',(1.110223024625E-16,1.,0.));
#83 = AXIS2_PLACEMENT_3D('',#84,#85,#86);
#84 = CARTESIAN_POINT('',(138.55,-116.5,1.595));
#85 = DIRECTION('',(0.,0.,1.));
#86 = DIRECTION('',(-1.,1.224646799147E-16,0.));
#87 = AXIS2_PLACEMENT_3D('',#88,#89,#90);
#88 = CARTESIAN_POINT('',(113.5,-83.5,-8.5E-02));
#89 = DIRECTION('',(-1.224646799147E-16,-1.359631073447E-32,-1.));
#90 = DIRECTION('',(1.110223024625E-16,-1.,0.));
#91 = AXIS2_PLACEMENT_3D('',#92,#93,#94);
#92 = CARTESIAN_POINT('',(112.5,-73.5,-8.5E-02));
#93 = DIRECTION('',(1.499759782662E-32,1.224646799147E-16,-1.));
#94 = DIRECTION('',(-1.,1.224646799147E-16,0.));
#95 = AXIS2_PLACEMENT_3D('',#96,#97,#98);
#96 = CARTESIAN_POINT('',(99.5,-74.5,-8.5E-02));
#97 = DIRECTION('',(1.499759782662E-32,1.224646799147E-16,-1.));
#98 = DIRECTION('',(-1.,1.224646799147E-16,0.));
#99 = AXIS2_PLACEMENT_3D('',#100,#101,#102);
#100 = CARTESIAN_POINT('',(99.5,-77.,-8.5E-02));
#101 = DIRECTION('',(1.499759782662E-32,1.224646799147E-16,-1.));
#102 = DIRECTION('',(-1.,1.224646799147E-16,0.));
#103 = AXIS2_PLACEMENT_3D('',#104,#105,#106);
#104 = CARTESIAN_POINT('',(112.5,-76.5,-8.5E-02));
#105 = DIRECTION('',(1.499759782662E-32,1.224646799147E-16,-1.));
#106 = DIRECTION('',(-1.,1.224646799147E-16,0.));
#107 = AXIS2_PLACEMENT_3D('',#108,#109,#110);
#108 = CARTESIAN_POINT('',(99.5,-83.5,-8.5E-02));
#109 = DIRECTION('',(0.,-1.224646799147E-16,-1.));
#110 = DIRECTION('',(1.,0.,0.));
#111 = AXIS2_PLACEMENT_3D('',#112,#113,#114);
#112 = CARTESIAN_POINT('',(0.,0.,0.));
#113 = DIRECTION('',(0.,0.,1.));
#114 = DIRECTION('',(1.,0.,-0.));
#115 = ( GEOMETRIC_REPRESENTATION_CONTEXT(3) 
GLOBAL_UNCERTAINTY_ASSIGNED_CONTEXT((#119)) GLOBAL_UNIT_ASSIGNED_CONTEXT
((#116,#117,#118)) REPRESENTATION_CONTEXT('Context #1',
  '3D Context with UNIT and UNCERTAINTY') );
#116 = ( LENGTH_UNIT() NAMED_UNIT(*) SI_UNIT(.MILLI.,.METRE.) );
#117 = ( NAMED_UNIT(*) PLANE_ANGLE_UNIT() SI_UNIT($,.RADIAN.) );
#118 = ( NAMED_UNIT(*) SI_UNIT($,.STERADIAN.) SOLID_ANGLE_UNIT() );
#119 = UNCERTAINTY_MEASURE_WITH_UNIT(LENGTH_MEASURE(1.E-07),#116,
  'distance_accuracy_value','confusion accuracy');
#120 = PRODUCT_RELATED_PRODUCT_CATEGORY('part',$,(#7));
#121 = SHAPE_DEFINITION_REPRESENTATION(#122,#128);
#122 = PRODUCT_DEFINITION_SHAPE('','',#123);
#123 = PRODUCT_DEFINITION('design','',#124,#127);
#124 = PRODUCT_DEFINITION_FORMATION('','',#125);
#125 = PRODUCT('C_0805_2012Metric','C_0805_2012Metric','',(#126));
#126 = PRODUCT_CONTEXT('',#2,'mechanical');
#127 = PRODUCT_DEFINITION_CONTEXT('part definition',#2,'design');
#128 = ADVANCED_BREP_SHAPE_REPRESENTATION('',(#11,#129),#983);
#129 = MANIFOLD_SOLID_BREP('',#130);
#130 = CLOSED_SHELL('',(#131,#207,#238,#263,#288,#312,#336,#361,#386,
    #403,#489,#521,#545,#570,#594,#619,#643,#668,#685,#771,#802,#827,
    #852,#876,#900,#925,#950,#967));
#131 = ADVANCED_FACE('',(#132),#202,.F.);
#132 = FACE_BOUND('',#133,.F.);
#133 = EDGE_LOOP('',(#134,#144,#153,#161,#170,#178,#187,#195));
#134 = ORIENTED_EDGE('',*,*,#135,.F.);
#135 = EDGE_CURVE('',#136,#138,#140,.T.);
#136 = VERTEX_POINT('',#137);
#137 = CARTESIAN_POINT('',(-1.,-0.625,4.E-02));
#138 = VERTEX_POINT('',#139);
#139 = CARTESIAN_POINT('',(-1.,-0.625,1.21));
#140 = LINE('',#141,#142);
#141 = CARTESIAN_POINT('',(-1.,-0.625,0.));
#142 = VECTOR('',#143,1.);
#143 = DIRECTION('',(0.,0.,1.));
#144 = ORIENTED_EDGE('',*,*,#145,.T.);
#145 = EDGE_CURVE('',#136,#146,#148,.T.);
#146 = VERTEX_POINT('',#147);
#147 = CARTESIAN_POINT('',(-1.,-0.585,0.));
#148 = CIRCLE('',#149,4.E-02);
#149 = AXIS2_PLACEMENT_3D('',#150,#151,#152);
#150 = CARTESIAN_POINT('',(-1.,-0.585,4.E-02));
#151 = DIRECTION('',(1.,0.,-0.));
#152 = DIRECTION('',(0.,0.,1.));
#153 = ORIENTED_EDGE('',*,*,#154,.T.);
#154 = EDGE_CURVE('',#146,#155,#157,.T.);
#155 = VERTEX_POINT('',#156);
#156 = CARTESIAN_POINT('',(-1.,0.585,0.));
#157 = LINE('',#158,#159);
#158 = CARTESIAN_POINT('',(-1.,-0.625,0.));
#159 = VECTOR('',#160,1.);
#160 = DIRECTION('',(0.,1.,0.));
#161 = ORIENTED_EDGE('',*,*,#162,.F.);
#162 = EDGE_CURVE('',#163,#155,#165,.T.);
#163 = VERTEX_POINT('',#164);
#164 = CARTESIAN_POINT('',(-1.,0.625,4.E-02));
#165 = CIRCLE('',#166,4.E-02);
#166 = AXIS2_PLACEMENT_3D('',#167,#168,#169);
#167 = CARTESIAN_POINT('',(-1.,0.585,4.E-02));
#168 = DIRECTION('',(-1.,0.,0.));
#169 = DIRECTION('',(0.,0.,1.));
#170 = ORIENTED_EDGE('',*,*,#171,.T.);
#171 = EDGE_CURVE('',#163,#172,#174,.T.);
#172 = VERTEX_POINT('',#173);
#173 = CARTESIAN_POINT('',(-1.,0.625,1.21));
#174 = LINE('',#175,#176);
#175 = CARTESIAN_POINT('',(-1.,0.625,0.));
#176 = VECTOR('',#177,1.);
#177 = DIRECTION('',(0.,0.,1.));
#178 = ORIENTED_EDGE('',*,*,#179,.T.);
#179 = EDGE_CURVE('',#172,#180,#182,.T.);
#180 = VERTEX_POINT('',#181);
#181 = CARTESIAN_POINT('',(-1.,0.585,1.25));
#182 = CIRCLE('',#183,4.E-02);
#183 = AXIS2_PLACEMENT_3D('',#184,#185,#186);
#184 = CARTESIAN_POINT('',(-1.,0.585,1.21));
#185 = DIRECTION('',(1.,0.,-0.));
#186 = DIRECTION('',(0.,0.,1.));
#187 = ORIENTED_EDGE('',*,*,#188,.F.);
#188 = EDGE_CURVE('',#189,#180,#191,.T.);
#189 = VERTEX_POINT('',#190);
#190 = CARTESIAN_POINT('',(-1.,-0.585,1.25));
#191 = LINE('',#192,#193);
#192 = CARTESIAN_POINT('',(-1.,-0.625,1.25));
#193 = VECTOR('',#194,1.);
#194 = DIRECTION('',(0.,1.,0.));
#195 = ORIENTED_EDGE('',*,*,#196,.F.);
#196 = EDGE_CURVE('',#138,#189,#197,.T.);
#197 = CIRCLE('',#198,4.E-02);
#198 = AXIS2_PLACEMENT_3D('',#199,#200,#201);
#199 = CARTESIAN_POINT('',(-1.,-0.585,1.21));
#200 = DIRECTION('',(-1.,0.,0.));
#201 = DIRECTION('',(0.,0.,1.));
#202 = PLANE('',#203);
#203 = AXIS2_PLACEMENT_3D('',#204,#205,#206);
#204 = CARTESIAN_POINT('',(-1.,-0.625,0.));
#205 = DIRECTION('',(1.,0.,0.));
#206 = DIRECTION('',(0.,0.,1.));
#207 = ADVANCED_FACE('',(#208),#233,.F.);
#208 = FACE_BOUND('',#209,.F.);
#209 = EDGE_LOOP('',(#210,#220,#226,#227));
#210 = ORIENTED_EDGE('',*,*,#211,.F.);
#211 = EDGE_CURVE('',#212,#214,#216,.T.);
#212 = VERTEX_POINT('',#213);
#213 = CARTESIAN_POINT('',(-0.6,-0.625,4.E-02));
#214 = VERTEX_POINT('',#215);
#215 = CARTESIAN_POINT('',(-0.6,-0.625,1.21));
#216 = LINE('',#217,#218);
#217 = CARTESIAN_POINT('',(-0.6,-0.625,0.));
#218 = VECTOR('',#219,1.);
#219 = DIRECTION('',(0.,0.,1.));
#220 = ORIENTED_EDGE('',*,*,#221,.F.);
#221 = EDGE_CURVE('',#136,#212,#222,.T.);
#222 = LINE('',#223,#224);
#223 = CARTESIAN_POINT('',(-1.,-0.625,4.E-02));
#224 = VECTOR('',#225,1.);
#225 = DIRECTION('',(1.,0.,0.));
#226 = ORIENTED_EDGE('',*,*,#135,.T.);
#227 = ORIENTED_EDGE('',*,*,#228,.T.);
#228 = EDGE_CURVE('',#138,#214,#229,.T.);
#229 = LINE('',#230,#231);
#230 = CARTESIAN_POINT('',(-1.,-0.625,1.21));
#231 = VECTOR('',#232,1.);
#232 = DIRECTION('',(1.,0.,0.));
#233 = PLANE('',#234);
#234 = AXIS2_PLACEMENT_3D('',#235,#236,#237);
#235 = CARTESIAN_POINT('',(-1.,-0.625,0.));
#236 = DIRECTION('',(0.,1.,0.));
#237 = DIRECTION('',(0.,-0.,1.));
#238 = ADVANCED_FACE('',(#239),#258,.T.);
#239 = FACE_BOUND('',#240,.T.);
#240 = EDGE_LOOP('',(#241,#242,#250,#257));
#241 = ORIENTED_EDGE('',*,*,#145,.T.);
#242 = ORIENTED_EDGE('',*,*,#243,.T.);
#243 = EDGE_CURVE('',#146,#244,#246,.T.);
#244 = VERTEX_POINT('',#245);
#245 = CARTESIAN_POINT('',(-0.6,-0.585,0.));
#246 = LINE('',#247,#248);
#247 = CARTESIAN_POINT('',(-1.,-0.585,0.));
#248 = VECTOR('',#249,1.);
#249 = DIRECTION('',(1.,0.,0.));
#250 = ORIENTED_EDGE('',*,*,#251,.F.);
#251 = EDGE_CURVE('',#212,#244,#252,.T.);
#252 = CIRCLE('',#253,4.E-02);
#253 = AXIS2_PLACEMENT_3D('',#254,#255,#256);
#254 = CARTESIAN_POINT('',(-0.6,-0.585,4.E-02));
#255 = DIRECTION('',(1.,0.,-0.));
#256 = DIRECTION('',(0.,0.,1.));
#257 = ORIENTED_EDGE('',*,*,#221,.F.);
#258 = CYLINDRICAL_SURFACE('',#259,4.E-02);
#259 = AXIS2_PLACEMENT_3D('',#260,#261,#262);
#260 = CARTESIAN_POINT('',(-1.,-0.585,4.E-02));
#261 = DIRECTION('',(1.,0.,0.));
#262 = DIRECTION('',(0.,-1.,0.));
#263 = ADVANCED_FACE('',(#264),#283,.T.);
#264 = FACE_BOUND('',#265,.T.);
#265 = EDGE_LOOP('',(#266,#267,#276,#282));
#266 = ORIENTED_EDGE('',*,*,#228,.T.);
#267 = ORIENTED_EDGE('',*,*,#268,.T.);
#268 = EDGE_CURVE('',#214,#269,#271,.T.);
#269 = VERTEX_POINT('',#270);
#270 = CARTESIAN_POINT('',(-0.6,-0.585,1.25));
#271 = CIRCLE('',#272,4.E-02);
#272 = AXIS2_PLACEMENT_3D('',#273,#274,#275);
#273 = CARTESIAN_POINT('',(-0.6,-0.585,1.21));
#274 = DIRECTION('',(-1.,0.,0.));
#275 = DIRECTION('',(0.,0.,1.));
#276 = ORIENTED_EDGE('',*,*,#277,.F.);
#277 = EDGE_CURVE('',#189,#269,#278,.T.);
#278 = LINE('',#279,#280);
#279 = CARTESIAN_POINT('',(-1.,-0.585,1.25));
#280 = VECTOR('',#281,1.);
#281 = DIRECTION('',(1.,0.,0.));
#282 = ORIENTED_EDGE('',*,*,#196,.F.);
#283 = CYLINDRICAL_SURFACE('',#284,4.E-02);
#284 = AXIS2_PLACEMENT_3D('',#285,#286,#287);
#285 = CARTESIAN_POINT('',(-1.,-0.585,1.21));
#286 = DIRECTION('',(1.,0.,0.));
#287 = DIRECTION('',(0.,-1.,0.));
#288 = ADVANCED_FACE('',(#289),#307,.F.);
#289 = FACE_BOUND('',#290,.F.);
#290 = EDGE_LOOP('',(#291,#292,#293,#301));
#291 = ORIENTED_EDGE('',*,*,#154,.F.);
#292 = ORIENTED_EDGE('',*,*,#243,.T.);
#293 = ORIENTED_EDGE('',*,*,#294,.T.);
#294 = EDGE_CURVE('',#244,#295,#297,.T.);
#295 = VERTEX_POINT('',#296);
#296 = CARTESIAN_POINT('',(-0.6,0.585,0.));
#297 = LINE('',#298,#299);
#298 = CARTESIAN_POINT('',(-0.6,-0.625,0.));
#299 = VECTOR('',#300,1.);
#300 = DIRECTION('',(0.,1.,0.));
#301 = ORIENTED_EDGE('',*,*,#302,.F.);
#302 = EDGE_CURVE('',#155,#295,#303,.T.);
#303 = LINE('',#304,#305);
#304 = CARTESIAN_POINT('',(-1.,0.585,0.));
#305 = VECTOR('',#306,1.);
#306 = DIRECTION('',(1.,0.,0.));
#307 = PLANE('',#308);
#308 = AXIS2_PLACEMENT_3D('',#309,#310,#311);
#309 = CARTESIAN_POINT('',(-1.,-0.625,0.));
#310 = DIRECTION('',(0.,0.,1.));
#311 = DIRECTION('',(1.,0.,-0.));
#312 = ADVANCED_FACE('',(#313),#331,.T.);
#313 = FACE_BOUND('',#314,.T.);
#314 = EDGE_LOOP('',(#315,#316,#317,#325));
#315 = ORIENTED_EDGE('',*,*,#188,.F.);
#316 = ORIENTED_EDGE('',*,*,#277,.T.);
#317 = ORIENTED_EDGE('',*,*,#318,.T.);
#318 = EDGE_CURVE('',#269,#319,#321,.T.);
#319 = VERTEX_POINT('',#320);
#320 = CARTESIAN_POINT('',(-0.6,0.585,1.25));
#321 = LINE('',#322,#323);
#322 = CARTESIAN_POINT('',(-0.6,-0.625,1.25));
#323 = VECTOR('',#324,1.);
#324 = DIRECTION('',(0.,1.,0.));
#325 = ORIENTED_EDGE('',*,*,#326,.F.);
#326 = EDGE_CURVE('',#180,#319,#327,.T.);
#327 = LINE('',#328,#329);
#328 = CARTESIAN_POINT('',(-1.,0.585,1.25));
#329 = VECTOR('',#330,1.);
#330 = DIRECTION('',(1.,0.,0.));
#331 = PLANE('',#332);
#332 = AXIS2_PLACEMENT_3D('',#333,#334,#335);
#333 = CARTESIAN_POINT('',(-1.,-0.625,1.25));
#334 = DIRECTION('',(0.,0.,1.));
#335 = DIRECTION('',(1.,0.,-0.));
#336 = ADVANCED_FACE('',(#337),#356,.T.);
#337 = FACE_BOUND('',#338,.T.);
#338 = EDGE_LOOP('',(#339,#347,#354,#355));
#339 = ORIENTED_EDGE('',*,*,#340,.T.);
#340 = EDGE_CURVE('',#163,#341,#343,.T.);
#341 = VERTEX_POINT('',#342);
#342 = CARTESIAN_POINT('',(-0.6,0.625,4.E-02));
#343 = LINE('',#344,#345);
#344 = CARTESIAN_POINT('',(-1.,0.625,4.E-02));
#345 = VECTOR('',#346,1.);
#346 = DIRECTION('',(1.,0.,0.));
#347 = ORIENTED_EDGE('',*,*,#348,.T.);
#348 = EDGE_CURVE('',#341,#295,#349,.T.);
#349 = CIRCLE('',#350,4.E-02);
#350 = AXIS2_PLACEMENT_3D('',#351,#352,#353);
#351 = CARTESIAN_POINT('',(-0.6,0.585,4.E-02));
#352 = DIRECTION('',(-1.,0.,0.));
#353 = DIRECTION('',(0.,0.,1.));
#354 = ORIENTED_EDGE('',*,*,#302,.F.);
#355 = ORIENTED_EDGE('',*,*,#162,.F.);
#356 = CYLINDRICAL_SURFACE('',#357,4.E-02);
#357 = AXIS2_PLACEMENT_3D('',#358,#359,#360);
#358 = CARTESIAN_POINT('',(-1.,0.585,4.E-02));
#359 = DIRECTION('',(1.,0.,0.));
#360 = DIRECTION('',(-0.,1.,0.));
#361 = ADVANCED_FACE('',(#362),#381,.T.);
#362 = FACE_BOUND('',#363,.T.);
#363 = EDGE_LOOP('',(#364,#365,#366,#375));
#364 = ORIENTED_EDGE('',*,*,#179,.T.);
#365 = ORIENTED_EDGE('',*,*,#326,.T.);
#366 = ORIENTED_EDGE('',*,*,#367,.F.);
#367 = EDGE_CURVE('',#368,#319,#370,.T.);
#368 = VERTEX_POINT('',#369);
#369 = CARTESIAN_POINT('',(-0.6,0.625,1.21));
#370 = CIRCLE('',#371,4.E-02);
#371 = AXIS2_PLACEMENT_3D('',#372,#373,#374);
#372 = CARTESIAN_POINT('',(-0.6,0.585,1.21));
#373 = DIRECTION('',(1.,0.,-0.));
#374 = DIRECTION('',(0.,0.,1.));
#375 = ORIENTED_EDGE('',*,*,#376,.F.);
#376 = EDGE_CURVE('',#172,#368,#377,.T.);
#377 = LINE('',#378,#379);
#378 = CARTESIAN_POINT('',(-1.,0.625,1.21));
#379 = VECTOR('',#380,1.);
#380 = DIRECTION('',(1.,0.,0.));
#381 = CYLINDRICAL_SURFACE('',#382,4.E-02);
#382 = AXIS2_PLACEMENT_3D('',#383,#384,#385);
#383 = CARTESIAN_POINT('',(-1.,0.585,1.21));
#384 = DIRECTION('',(1.,0.,0.));
#385 = DIRECTION('',(-0.,1.,0.));
#386 = ADVANCED_FACE('',(#387),#398,.T.);
#387 = FACE_BOUND('',#388,.T.);
#388 = EDGE_LOOP('',(#389,#395,#396,#397));
#389 = ORIENTED_EDGE('',*,*,#390,.F.);
#390 = EDGE_CURVE('',#341,#368,#391,.T.);
#391 = LINE('',#392,#393);
#392 = CARTESIAN_POINT('',(-0.6,0.625,0.));
#393 = VECTOR('',#394,1.);
#394 = DIRECTION('',(0.,0.,1.));
#395 = ORIENTED_EDGE('',*,*,#340,.F.);
#396 = ORIENTED_EDGE('',*,*,#171,.T.);
#397 = ORIENTED_EDGE('',*,*,#376,.T.);
#398 = PLANE('',#399);
#399 = AXIS2_PLACEMENT_3D('',#400,#401,#402);
#400 = CARTESIAN_POINT('',(-1.,0.625,0.));
#401 = DIRECTION('',(0.,1.,0.));
#402 = DIRECTION('',(0.,-0.,1.));
#403 = ADVANCED_FACE('',(#404,#414),#484,.T.);
#404 = FACE_BOUND('',#405,.T.);
#405 = EDGE_LOOP('',(#406,#407,#408,#409,#410,#411,#412,#413));
#406 = ORIENTED_EDGE('',*,*,#211,.F.);
#407 = ORIENTED_EDGE('',*,*,#251,.T.);
#408 = ORIENTED_EDGE('',*,*,#294,.T.);
#409 = ORIENTED_EDGE('',*,*,#348,.F.);
#410 = ORIENTED_EDGE('',*,*,#390,.T.);
#411 = ORIENTED_EDGE('',*,*,#367,.T.);
#412 = ORIENTED_EDGE('',*,*,#318,.F.);
#413 = ORIENTED_EDGE('',*,*,#268,.F.);
#414 = FACE_BOUND('',#415,.T.);
#415 = EDGE_LOOP('',(#416,#427,#435,#444,#452,#461,#469,#478));
#416 = ORIENTED_EDGE('',*,*,#417,.F.);
#417 = EDGE_CURVE('',#418,#420,#422,.T.);
#418 = VERTEX_POINT('',#419);
#419 = CARTESIAN_POINT('',(-0.6,-0.585,8.E-02));
#420 = VERTEX_POINT('',#421);
#421 = CARTESIAN_POINT('',(-0.6,-0.545,4.E-02));
#422 = CIRCLE('',#423,4.E-02);
#423 = AXIS2_PLACEMENT_3D('',#424,#425,#426);
#424 = CARTESIAN_POINT('',(-0.6,-0.545,8.E-02));
#425 = DIRECTION('',(1.,0.,-0.));
#426 = DIRECTION('',(0.,0.,1.));
#427 = ORIENTED_EDGE('',*,*,#428,.T.);
#428 = EDGE_CURVE('',#418,#429,#431,.T.);
#429 = VERTEX_POINT('',#430);
#430 = CARTESIAN_POINT('',(-0.6,-0.585,1.17));
#431 = LINE('',#432,#433);
#432 = CARTESIAN_POINT('',(-0.6,-0.585,4.E-02));
#433 = VECTOR('',#434,1.);
#434 = DIRECTION('',(0.,0.,1.));
#435 = ORIENTED_EDGE('',*,*,#436,.T.);
#436 = EDGE_CURVE('',#429,#437,#439,.T.);
#437 = VERTEX_POINT('',#438);
#438 = CARTESIAN_POINT('',(-0.6,-0.545,1.21));
#439 = CIRCLE('',#440,4.E-02);
#440 = AXIS2_PLACEMENT_3D('',#441,#442,#443);
#441 = CARTESIAN_POINT('',(-0.6,-0.545,1.17));
#442 = DIRECTION('',(-1.,0.,0.));
#443 = DIRECTION('',(0.,0.,1.));
#444 = ORIENTED_EDGE('',*,*,#445,.T.);
#445 = EDGE_CURVE('',#437,#446,#448,.T.);
#446 = VERTEX_POINT('',#447);
#447 = CARTESIAN_POINT('',(-0.6,0.545,1.21));
#448 = LINE('',#449,#450);
#449 = CARTESIAN_POINT('',(-0.6,-0.585,1.21));
#450 = VECTOR('',#451,1.);
#451 = DIRECTION('',(0.,1.,0.));
#452 = ORIENTED_EDGE('',*,*,#453,.F.);
#453 = EDGE_CURVE('',#454,#446,#456,.T.);
#454 = VERTEX_POINT('',#455);
#455 = CARTESIAN_POINT('',(-0.6,0.585,1.17));
#456 = CIRCLE('',#457,4.E-02);
#457 = AXIS2_PLACEMENT_3D('',#458,#459,#460);
#458 = CARTESIAN_POINT('',(-0.6,0.545,1.17));
#459 = DIRECTION('',(1.,0.,-0.));
#460 = DIRECTION('',(0.,0.,1.));
#461 = ORIENTED_EDGE('',*,*,#462,.F.);
#462 = EDGE_CURVE('',#463,#454,#465,.T.);
#463 = VERTEX_POINT('',#464);
#464 = CARTESIAN_POINT('',(-0.6,0.585,8.E-02));
#465 = LINE('',#466,#467);
#466 = CARTESIAN_POINT('',(-0.6,0.585,4.E-02));
#467 = VECTOR('',#468,1.);
#468 = DIRECTION('',(0.,0.,1.));
#469 = ORIENTED_EDGE('',*,*,#470,.T.);
#470 = EDGE_CURVE('',#463,#471,#473,.T.);
#471 = VERTEX_POINT('',#472);
#472 = CARTESIAN_POINT('',(-0.6,0.545,4.E-02));
#473 = CIRCLE('',#474,4.E-02);
#474 = AXIS2_PLACEMENT_3D('',#475,#476,#477);
#475 = CARTESIAN_POINT('',(-0.6,0.545,8.E-02));
#476 = DIRECTION('',(-1.,0.,0.));
#477 = DIRECTION('',(0.,0.,1.));
#478 = ORIENTED_EDGE('',*,*,#479,.F.);
#479 = EDGE_CURVE('',#420,#471,#480,.T.);
#480 = LINE('',#481,#482);
#481 = CARTESIAN_POINT('',(-0.6,-0.585,4.E-02));
#482 = VECTOR('',#483,1.);
#483 = DIRECTION('',(0.,1.,0.));
#484 = PLANE('',#485);
#485 = AXIS2_PLACEMENT_3D('',#486,#487,#488);
#486 = CARTESIAN_POINT('',(-0.6,-0.625,0.));
#487 = DIRECTION('',(1.,0.,0.));
#488 = DIRECTION('',(0.,0.,1.));
#489 = ADVANCED_FACE('',(#490),#516,.T.);
#490 = FACE_BOUND('',#491,.T.);
#491 = EDGE_LOOP('',(#492,#493,#501,#510));
#492 = ORIENTED_EDGE('',*,*,#417,.T.);
#493 = ORIENTED_EDGE('',*,*,#494,.T.);
#494 = EDGE_CURVE('',#420,#495,#497,.T.);
#495 = VERTEX_POINT('',#496);
#496 = CARTESIAN_POINT('',(0.6,-0.545,4.E-02));
#497 = LINE('',#498,#499);
#498 = CARTESIAN_POINT('',(-0.6,-0.545,4.E-02));
#499 = VECTOR('',#500,1.);
#500 = DIRECTION('',(1.,0.,0.));
#501 = ORIENTED_EDGE('',*,*,#502,.F.);
#502 = EDGE_CURVE('',#503,#495,#505,.T.);
#503 = VERTEX_POINT('',#504);
#504 = CARTESIAN_POINT('',(0.6,-0.585,8.E-02));
#505 = CIRCLE('',#506,4.E-02);
#506 = AXIS2_PLACEMENT_3D('',#507,#508,#509);
#507 = CARTESIAN_POINT('',(0.6,-0.545,8.E-02));
#508 = DIRECTION('',(1.,0.,-0.));
#509 = DIRECTION('',(0.,0.,1.));
#510 = ORIENTED_EDGE('',*,*,#511,.F.);
#511 = EDGE_CURVE('',#418,#503,#512,.T.);
#512 = LINE('',#513,#514);
#513 = CARTESIAN_POINT('',(-0.6,-0.585,8.E-02));
#514 = VECTOR('',#515,1.);
#515 = DIRECTION('',(1.,0.,0.));
#516 = CYLINDRICAL_SURFACE('',#517,4.E-02);
#517 = AXIS2_PLACEMENT_3D('',#518,#519,#520);
#518 = CARTESIAN_POINT('',(-0.6,-0.545,8.E-02));
#519 = DIRECTION('',(1.,0.,0.));
#520 = DIRECTION('',(0.,-1.,0.));
#521 = ADVANCED_FACE('',(#522),#540,.F.);
#522 = FACE_BOUND('',#523,.F.);
#523 = EDGE_LOOP('',(#524,#525,#526,#534));
#524 = ORIENTED_EDGE('',*,*,#479,.F.);
#525 = ORIENTED_EDGE('',*,*,#494,.T.);
#526 = ORIENTED_EDGE('',*,*,#527,.T.);
#527 = EDGE_CURVE('',#495,#528,#530,.T.);
#528 = VERTEX_POINT('',#529);
#529 = CARTESIAN_POINT('',(0.6,0.545,4.E-02));
#530 = LINE('',#531,#532);
#531 = CARTESIAN_POINT('',(0.6,-0.585,4.E-02));
#532 = VECTOR('',#533,1.);
#533 = DIRECTION('',(0.,1.,0.));
#534 = ORIENTED_EDGE('',*,*,#535,.F.);
#535 = EDGE_CURVE('',#471,#528,#536,.T.);
#536 = LINE('',#537,#538);
#537 = CARTESIAN_POINT('',(-0.6,0.545,4.E-02));
#538 = VECTOR('',#539,1.);
#539 = DIRECTION('',(1.,0.,0.));
#540 = PLANE('',#541);
#541 = AXIS2_PLACEMENT_3D('',#542,#543,#544);
#542 = CARTESIAN_POINT('',(-0.6,-0.585,4.E-02));
#543 = DIRECTION('',(0.,0.,1.));
#544 = DIRECTION('',(1.,0.,-0.));
#545 = ADVANCED_FACE('',(#546),#565,.T.);
#546 = FACE_BOUND('',#547,.T.);
#547 = EDGE_LOOP('',(#548,#556,#563,#564));
#548 = ORIENTED_EDGE('',*,*,#549,.T.);
#549 = EDGE_CURVE('',#463,#550,#552,.T.);
#550 = VERTEX_POINT('',#551);
#551 = CARTESIAN_POINT('',(0.6,0.585,8.E-02));
#552 = LINE('',#553,#554);
#553 = CARTESIAN_POINT('',(-0.6,0.585,8.E-02));
#554 = VECTOR('',#555,1.);
#555 = DIRECTION('',(1.,0.,0.));
#556 = ORIENTED_EDGE('',*,*,#557,.T.);
#557 = EDGE_CURVE('',#550,#528,#558,.T.);
#558 = CIRCLE('',#559,4.E-02);
#559 = AXIS2_PLACEMENT_3D('',#560,#561,#562);
#560 = CARTESIAN_POINT('',(0.6,0.545,8.E-02));
#561 = DIRECTION('',(-1.,0.,0.));
#562 = DIRECTION('',(0.,0.,1.));
#563 = ORIENTED_EDGE('',*,*,#535,.F.);
#564 = ORIENTED_EDGE('',*,*,#470,.F.);
#565 = CYLINDRICAL_SURFACE('',#566,4.E-02);
#566 = AXIS2_PLACEMENT_3D('',#567,#568,#569);
#567 = CARTESIAN_POINT('',(-0.6,0.545,8.E-02));
#568 = DIRECTION('',(1.,0.,0.));
#569 = DIRECTION('',(-0.,1.,0.));
#570 = ADVANCED_FACE('',(#571),#589,.T.);
#571 = FACE_BOUND('',#572,.T.);
#572 = EDGE_LOOP('',(#573,#581,#582,#583));
#573 = ORIENTED_EDGE('',*,*,#574,.F.);
#574 = EDGE_CURVE('',#550,#575,#577,.T.);
#575 = VERTEX_POINT('',#576);
#576 = CARTESIAN_POINT('',(0.6,0.585,1.17));
#577 = LINE('',#578,#579);
#578 = CARTESIAN_POINT('',(0.6,0.585,4.E-02));
#579 = VECTOR('',#580,1.);
#580 = DIRECTION('',(0.,0.,1.));
#581 = ORIENTED_EDGE('',*,*,#549,.F.);
#582 = ORIENTED_EDGE('',*,*,#462,.T.);
#583 = ORIENTED_EDGE('',*,*,#584,.T.);
#584 = EDGE_CURVE('',#454,#575,#585,.T.);
#585 = LINE('',#586,#587);
#586 = CARTESIAN_POINT('',(-0.6,0.585,1.17));
#587 = VECTOR('',#588,1.);
#588 = DIRECTION('',(1.,0.,0.));
#589 = PLANE('',#590);
#590 = AXIS2_PLACEMENT_3D('',#591,#592,#593);
#591 = CARTESIAN_POINT('',(-0.6,0.585,4.E-02));
#592 = DIRECTION('',(0.,1.,0.));
#593 = DIRECTION('',(0.,-0.,1.));
#594 = ADVANCED_FACE('',(#595),#614,.T.);
#595 = FACE_BOUND('',#596,.T.);
#596 = EDGE_LOOP('',(#597,#598,#606,#613));
#597 = ORIENTED_EDGE('',*,*,#453,.T.);
#598 = ORIENTED_EDGE('',*,*,#599,.T.);
#599 = EDGE_CURVE('',#446,#600,#602,.T.);
#600 = VERTEX_POINT('',#601);
#601 = CARTESIAN_POINT('',(0.6,0.545,1.21));
#602 = LINE('',#603,#604);
#603 = CARTESIAN_POINT('',(-0.6,0.545,1.21));
#604 = VECTOR('',#605,1.);
#605 = DIRECTION('',(1.,0.,0.));
#606 = ORIENTED_EDGE('',*,*,#607,.F.);
#607 = EDGE_CURVE('',#575,#600,#608,.T.);
#608 = CIRCLE('',#609,4.E-02);
#609 = AXIS2_PLACEMENT_3D('',#610,#611,#612);
#610 = CARTESIAN_POINT('',(0.6,0.545,1.17));
#611 = DIRECTION('',(1.,0.,-0.));
#612 = DIRECTION('',(0.,0.,1.));
#613 = ORIENTED_EDGE('',*,*,#584,.F.);
#614 = CYLINDRICAL_SURFACE('',#615,4.E-02);
#615 = AXIS2_PLACEMENT_3D('',#616,#617,#618);
#616 = CARTESIAN_POINT('',(-0.6,0.545,1.17));
#617 = DIRECTION('',(1.,0.,0.));
#618 = DIRECTION('',(-0.,1.,0.));
#619 = ADVANCED_FACE('',(#620),#638,.T.);
#620 = FACE_BOUND('',#621,.T.);
#621 = EDGE_LOOP('',(#622,#623,#631,#637));
#622 = ORIENTED_EDGE('',*,*,#445,.F.);
#623 = ORIENTED_EDGE('',*,*,#624,.T.);
#624 = EDGE_CURVE('',#437,#625,#627,.T.);
#625 = VERTEX_POINT('',#626);
#626 = CARTESIAN_POINT('',(0.6,-0.545,1.21));
#627 = LINE('',#628,#629);
#628 = CARTESIAN_POINT('',(-0.6,-0.545,1.21));
#629 = VECTOR('',#630,1.);
#630 = DIRECTION('',(1.,0.,0.));
#631 = ORIENTED_EDGE('',*,*,#632,.T.);
#632 = EDGE_CURVE('',#625,#600,#633,.T.);
#633 = LINE('',#634,#635);
#634 = CARTESIAN_POINT('',(0.6,-0.585,1.21));
#635 = VECTOR('',#636,1.);
#636 = DIRECTION('',(0.,1.,0.));
#637 = ORIENTED_EDGE('',*,*,#599,.F.);
#638 = PLANE('',#639);
#639 = AXIS2_PLACEMENT_3D('',#640,#641,#642);
#640 = CARTESIAN_POINT('',(-0.6,-0.585,1.21));
#641 = DIRECTION('',(0.,0.,1.));
#642 = DIRECTION('',(1.,0.,-0.));
#643 = ADVANCED_FACE('',(#644),#663,.T.);
#644 = FACE_BOUND('',#645,.T.);
#645 = EDGE_LOOP('',(#646,#654,#661,#662));
#646 = ORIENTED_EDGE('',*,*,#647,.T.);
#647 = EDGE_CURVE('',#429,#648,#650,.T.);
#648 = VERTEX_POINT('',#649);
#649 = CARTESIAN_POINT('',(0.6,-0.585,1.17));
#650 = LINE('',#651,#652);
#651 = CARTESIAN_POINT('',(-0.6,-0.585,1.17));
#652 = VECTOR('',#653,1.);
#653 = DIRECTION('',(1.,0.,0.));
#654 = ORIENTED_EDGE('',*,*,#655,.T.);
#655 = EDGE_CURVE('',#648,#625,#656,.T.);
#656 = CIRCLE('',#657,4.E-02);
#657 = AXIS2_PLACEMENT_3D('',#658,#659,#660);
#658 = CARTESIAN_POINT('',(0.6,-0.545,1.17));
#659 = DIRECTION('',(-1.,0.,0.));
#660 = DIRECTION('',(0.,0.,1.));
#661 = ORIENTED_EDGE('',*,*,#624,.F.);
#662 = ORIENTED_EDGE('',*,*,#436,.F.);
#663 = CYLINDRICAL_SURFACE('',#664,4.E-02);
#664 = AXIS2_PLACEMENT_3D('',#665,#666,#667);
#665 = CARTESIAN_POINT('',(-0.6,-0.545,1.17));
#666 = DIRECTION('',(1.,0.,0.));
#667 = DIRECTION('',(0.,-1.,0.));
#668 = ADVANCED_FACE('',(#669),#680,.F.);
#669 = FACE_BOUND('',#670,.F.);
#670 = EDGE_LOOP('',(#671,#677,#678,#679));
#671 = ORIENTED_EDGE('',*,*,#672,.F.);
#672 = EDGE_CURVE('',#503,#648,#673,.T.);
#673 = LINE('',#674,#675);
#674 = CARTESIAN_POINT('',(0.6,-0.585,4.E-02));
#675 = VECTOR('',#676,1.);
#676 = DIRECTION('',(0.,0.,1.));
#677 = ORIENTED_EDGE('',*,*,#511,.F.);
#678 = ORIENTED_EDGE('',*,*,#428,.T.);
#679 = ORIENTED_EDGE('',*,*,#647,.T.);
#680 = PLANE('',#681);
#681 = AXIS2_PLACEMENT_3D('',#682,#683,#684);
#682 = CARTESIAN_POINT('',(-0.6,-0.585,4.E-02));
#683 = DIRECTION('',(0.,1.,0.));
#684 = DIRECTION('',(0.,-0.,1.));
#685 = ADVANCED_FACE('',(#686,#756),#766,.F.);
#686 = FACE_BOUND('',#687,.F.);
#687 = EDGE_LOOP('',(#688,#698,#707,#715,#724,#732,#741,#749));
#688 = ORIENTED_EDGE('',*,*,#689,.F.);
#689 = EDGE_CURVE('',#690,#692,#694,.T.);
#690 = VERTEX_POINT('',#691);
#691 = CARTESIAN_POINT('',(0.6,-0.625,4.E-02));
#692 = VERTEX_POINT('',#693);
#693 = CARTESIAN_POINT('',(0.6,-0.625,1.21));
#694 = LINE('',#695,#696);
#695 = CARTESIAN_POINT('',(0.6,-0.625,0.));
#696 = VECTOR('',#697,1.);
#697 = DIRECTION('',(0.,0.,1.));
#698 = ORIENTED_EDGE('',*,*,#699,.T.);
#699 = EDGE_CURVE('',#690,#700,#702,.T.);
#700 = VERTEX_POINT('',#701);
#701 = CARTESIAN_POINT('',(0.6,-0.585,0.));
#702 = CIRCLE('',#703,4.E-02);
#703 = AXIS2_PLACEMENT_3D('',#704,#705,#706);
#704 = CARTESIAN_POINT('',(0.6,-0.585,4.E-02));
#705 = DIRECTION('',(1.,0.,-0.));
#706 = DIRECTION('',(0.,0.,1.));
#707 = ORIENTED_EDGE('',*,*,#708,.T.);
#708 = EDGE_CURVE('',#700,#709,#711,.T.);
#709 = VERTEX_POINT('',#710);
#710 = CARTESIAN_POINT('',(0.6,0.585,0.));
#711 = LINE('',#712,#713);
#712 = CARTESIAN_POINT('',(0.6,-0.625,0.));
#713 = VECTOR('',#714,1.);
#714 = DIRECTION('',(0.,1.,0.));
#715 = ORIENTED_EDGE('',*,*,#716,.F.);
#716 = EDGE_CURVE('',#717,#709,#719,.T.);
#717 = VERTEX_POINT('',#718);
#718 = CARTESIAN_POINT('',(0.6,0.625,4.E-02));
#719 = CIRCLE('',#720,4.E-02);
#720 = AXIS2_PLACEMENT_3D('',#721,#722,#723);
#721 = CARTESIAN_POINT('',(0.6,0.585,4.E-02));
#722 = DIRECTION('',(-1.,0.,0.));
#723 = DIRECTION('',(0.,0.,1.));
#724 = ORIENTED_EDGE('',*,*,#725,.T.);
#725 = EDGE_CURVE('',#717,#726,#728,.T.);
#726 = VERTEX_POINT('',#727);
#727 = CARTESIAN_POINT('',(0.6,0.625,1.21));
#728 = LINE('',#729,#730);
#729 = CARTESIAN_POINT('',(0.6,0.625,0.));
#730 = VECTOR('',#731,1.);
#731 = DIRECTION('',(0.,0.,1.));
#732 = ORIENTED_EDGE('',*,*,#733,.T.);
#733 = EDGE_CURVE('',#726,#734,#736,.T.);
#734 = VERTEX_POINT('',#735);
#735 = CARTESIAN_POINT('',(0.6,0.585,1.25));
#736 = CIRCLE('',#737,4.E-02);
#737 = AXIS2_PLACEMENT_3D('',#738,#739,#740);
#738 = CARTESIAN_POINT('',(0.6,0.585,1.21));
#739 = DIRECTION('',(1.,0.,-0.));
#740 = DIRECTION('',(0.,0.,1.));
#741 = ORIENTED_EDGE('',*,*,#742,.F.);
#742 = EDGE_CURVE('',#743,#734,#745,.T.);
#743 = VERTEX_POINT('',#744);
#744 = CARTESIAN_POINT('',(0.6,-0.585,1.25));
#745 = LINE('',#746,#747);
#746 = CARTESIAN_POINT('',(0.6,-0.625,1.25));
#747 = VECTOR('',#748,1.);
#748 = DIRECTION('',(0.,1.,0.));
#749 = ORIENTED_EDGE('',*,*,#750,.F.);
#750 = EDGE_CURVE('',#692,#743,#751,.T.);
#751 = CIRCLE('',#752,4.E-02);
#752 = AXIS2_PLACEMENT_3D('',#753,#754,#755);
#753 = CARTESIAN_POINT('',(0.6,-0.585,1.21));
#754 = DIRECTION('',(-1.,0.,0.));
#755 = DIRECTION('',(0.,0.,1.));
#756 = FACE_BOUND('',#757,.F.);
#757 = EDGE_LOOP('',(#758,#759,#760,#761,#762,#763,#764,#765));
#758 = ORIENTED_EDGE('',*,*,#502,.F.);
#759 = ORIENTED_EDGE('',*,*,#672,.T.);
#760 = ORIENTED_EDGE('',*,*,#655,.T.);
#761 = ORIENTED_EDGE('',*,*,#632,.T.);
#762 = ORIENTED_EDGE('',*,*,#607,.F.);
#763 = ORIENTED_EDGE('',*,*,#574,.F.);
#764 = ORIENTED_EDGE('',*,*,#557,.T.);
#765 = ORIENTED_EDGE('',*,*,#527,.F.);
#766 = PLANE('',#767);
#767 = AXIS2_PLACEMENT_3D('',#768,#769,#770);
#768 = CARTESIAN_POINT('',(0.6,-0.625,0.));
#769 = DIRECTION('',(1.,0.,0.));
#770 = DIRECTION('',(0.,0.,1.));
#771 = ADVANCED_FACE('',(#772),#797,.F.);
#772 = FACE_BOUND('',#773,.F.);
#773 = EDGE_LOOP('',(#774,#784,#790,#791));
#774 = ORIENTED_EDGE('',*,*,#775,.F.);
#775 = EDGE_CURVE('',#776,#778,#780,.T.);
#776 = VERTEX_POINT('',#777);
#777 = CARTESIAN_POINT('',(1.,-0.625,4.E-02));
#778 = VERTEX_POINT('',#779);
#779 = CARTESIAN_POINT('',(1.,-0.625,1.21));
#780 = LINE('',#781,#782);
#781 = CARTESIAN_POINT('',(1.,-0.625,0.));
#782 = VECTOR('',#783,1.);
#783 = DIRECTION('',(0.,0.,1.));
#784 = ORIENTED_EDGE('',*,*,#785,.F.);
#785 = EDGE_CURVE('',#690,#776,#786,.T.);
#786 = LINE('',#787,#788);
#787 = CARTESIAN_POINT('',(0.6,-0.625,4.E-02));
#788 = VECTOR('',#789,1.);
#789 = DIRECTION('',(1.,0.,0.));
#790 = ORIENTED_EDGE('',*,*,#689,.T.);
#791 = ORIENTED_EDGE('',*,*,#792,.T.);
#792 = EDGE_CURVE('',#692,#778,#793,.T.);
#793 = LINE('',#794,#795);
#794 = CARTESIAN_POINT('',(0.6,-0.625,1.21));
#795 = VECTOR('',#796,1.);
#796 = DIRECTION('',(1.,0.,0.));
#797 = PLANE('',#798);
#798 = AXIS2_PLACEMENT_3D('',#799,#800,#801);
#799 = CARTESIAN_POINT('',(0.6,-0.625,0.));
#800 = DIRECTION('',(0.,1.,0.));
#801 = DIRECTION('',(0.,-0.,1.));
#802 = ADVANCED_FACE('',(#803),#822,.T.);
#803 = FACE_BOUND('',#804,.T.);
#804 = EDGE_LOOP('',(#805,#806,#814,#821));
#805 = ORIENTED_EDGE('',*,*,#699,.T.);
#806 = ORIENTED_EDGE('',*,*,#807,.T.);
#807 = EDGE_CURVE('',#700,#808,#810,.T.);
#808 = VERTEX_POINT('',#809);
#809 = CARTESIAN_POINT('',(1.,-0.585,0.));
#810 = LINE('',#811,#812);
#811 = CARTESIAN_POINT('',(0.6,-0.585,0.));
#812 = VECTOR('',#813,1.);
#813 = DIRECTION('',(1.,0.,0.));
#814 = ORIENTED_EDGE('',*,*,#815,.F.);
#815 = EDGE_CURVE('',#776,#808,#816,.T.);
#816 = CIRCLE('',#817,4.E-02);
#817 = AXIS2_PLACEMENT_3D('',#818,#819,#820);
#818 = CARTESIAN_POINT('',(1.,-0.585,4.E-02));
#819 = DIRECTION('',(1.,0.,-0.));
#820 = DIRECTION('',(0.,0.,1.));
#821 = ORIENTED_EDGE('',*,*,#785,.F.);
#822 = CYLINDRICAL_SURFACE('',#823,4.E-02);
#823 = AXIS2_PLACEMENT_3D('',#824,#825,#826);
#824 = CARTESIAN_POINT('',(0.6,-0.585,4.E-02));
#825 = DIRECTION('',(1.,0.,0.));
#826 = DIRECTION('',(0.,-1.,0.));
#827 = ADVANCED_FACE('',(#828),#847,.T.);
#828 = FACE_BOUND('',#829,.T.);
#829 = EDGE_LOOP('',(#830,#831,#840,#846));
#830 = ORIENTED_EDGE('',*,*,#792,.T.);
#831 = ORIENTED_EDGE('',*,*,#832,.T.);
#832 = EDGE_CURVE('',#778,#833,#835,.T.);
#833 = VERTEX_POINT('',#834);
#834 = CARTESIAN_POINT('',(1.,-0.585,1.25));
#835 = CIRCLE('',#836,4.E-02);
#836 = AXIS2_PLACEMENT_3D('',#837,#838,#839);
#837 = CARTESIAN_POINT('',(1.,-0.585,1.21));
#838 = DIRECTION('',(-1.,0.,0.));
#839 = DIRECTION('',(0.,0.,1.));
#840 = ORIENTED_EDGE('',*,*,#841,.F.);
#841 = EDGE_CURVE('',#743,#833,#842,.T.);
#842 = LINE('',#843,#844);
#843 = CARTESIAN_POINT('',(0.6,-0.585,1.25));
#844 = VECTOR('',#845,1.);
#845 = DIRECTION('',(1.,0.,0.));
#846 = ORIENTED_EDGE('',*,*,#750,.F.);
#847 = CYLINDRICAL_SURFACE('',#848,4.E-02);
#848 = AXIS2_PLACEMENT_3D('',#849,#850,#851);
#849 = CARTESIAN_POINT('',(0.6,-0.585,1.21));
#850 = DIRECTION('',(1.,0.,0.));
#851 = DIRECTION('',(0.,-1.,0.));
#852 = ADVANCED_FACE('',(#853),#871,.F.);
#853 = FACE_BOUND('',#854,.F.);
#854 = EDGE_LOOP('',(#855,#856,#857,#865));
#855 = ORIENTED_EDGE('',*,*,#708,.F.);
#856 = ORIENTED_EDGE('',*,*,#807,.T.);
#857 = ORIENTED_EDGE('',*,*,#858,.T.);
#858 = EDGE_CURVE('',#808,#859,#861,.T.);
#859 = VERTEX_POINT('',#860);
#860 = CARTESIAN_POINT('',(1.,0.585,0.));
#861 = LINE('',#862,#863);
#862 = CARTESIAN_POINT('',(1.,-0.625,0.));
#863 = VECTOR('',#864,1.);
#864 = DIRECTION('',(0.,1.,0.));
#865 = ORIENTED_EDGE('',*,*,#866,.F.);
#866 = EDGE_CURVE('',#709,#859,#867,.T.);
#867 = LINE('',#868,#869);
#868 = CARTESIAN_POINT('',(0.6,0.585,0.));
#869 = VECTOR('',#870,1.);
#870 = DIRECTION('',(1.,0.,0.));
#871 = PLANE('',#872);
#872 = AXIS2_PLACEMENT_3D('',#873,#874,#875);
#873 = CARTESIAN_POINT('',(0.6,-0.625,0.));
#874 = DIRECTION('',(0.,0.,1.));
#875 = DIRECTION('',(1.,0.,-0.));
#876 = ADVANCED_FACE('',(#877),#895,.T.);
#877 = FACE_BOUND('',#878,.T.);
#878 = EDGE_LOOP('',(#879,#880,#881,#889));
#879 = ORIENTED_EDGE('',*,*,#742,.F.);
#880 = ORIENTED_EDGE('',*,*,#841,.T.);
#881 = ORIENTED_EDGE('',*,*,#882,.T.);
#882 = EDGE_CURVE('',#833,#883,#885,.T.);
#883 = VERTEX_POINT('',#884);
#884 = CARTESIAN_POINT('',(1.,0.585,1.25));
#885 = LINE('',#886,#887);
#886 = CARTESIAN_POINT('',(1.,-0.625,1.25));
#887 = VECTOR('',#888,1.);
#888 = DIRECTION('',(0.,1.,0.));
#889 = ORIENTED_EDGE('',*,*,#890,.F.);
#890 = EDGE_CURVE('',#734,#883,#891,.T.);
#891 = LINE('',#892,#893);
#892 = CARTESIAN_POINT('',(0.6,0.585,1.25));
#893 = VECTOR('',#894,1.);
#894 = DIRECTION('',(1.,0.,0.));
#895 = PLANE('',#896);
#896 = AXIS2_PLACEMENT_3D('',#897,#898,#899);
#897 = CARTESIAN_POINT('',(0.6,-0.625,1.25));
#898 = DIRECTION('',(0.,0.,1.));
#899 = DIRECTION('',(1.,0.,-0.));
#900 = ADVANCED_FACE('',(#901),#920,.T.);
#901 = FACE_BOUND('',#902,.T.);
#902 = EDGE_LOOP('',(#903,#911,#918,#919));
#903 = ORIENTED_EDGE('',*,*,#904,.T.);
#904 = EDGE_CURVE('',#717,#905,#907,.T.);
#905 = VERTEX_POINT('',#906);
#906 = CARTESIAN_POINT('',(1.,0.625,4.E-02));
#907 = LINE('',#908,#909);
#908 = CARTESIAN_POINT('',(0.6,0.625,4.E-02));
#909 = VECTOR('',#910,1.);
#910 = DIRECTION('',(1.,0.,0.));
#911 = ORIENTED_EDGE('',*,*,#912,.T.);
#912 = EDGE_CURVE('',#905,#859,#913,.T.);
#913 = CIRCLE('',#914,4.E-02);
#914 = AXIS2_PLACEMENT_3D('',#915,#916,#917);
#915 = CARTESIAN_POINT('',(1.,0.585,4.E-02));
#916 = DIRECTION('',(-1.,0.,0.));
#917 = DIRECTION('',(0.,0.,1.));
#918 = ORIENTED_EDGE('',*,*,#866,.F.);
#919 = ORIENTED_EDGE('',*,*,#716,.F.);
#920 = CYLINDRICAL_SURFACE('',#921,4.E-02);
#921 = AXIS2_PLACEMENT_3D('',#922,#923,#924);
#922 = CARTESIAN_POINT('',(0.6,0.585,4.E-02));
#923 = DIRECTION('',(1.,0.,0.));
#924 = DIRECTION('',(-0.,1.,0.));
#925 = ADVANCED_FACE('',(#926),#945,.T.);
#926 = FACE_BOUND('',#927,.T.);
#927 = EDGE_LOOP('',(#928,#929,#930,#939));
#928 = ORIENTED_EDGE('',*,*,#733,.T.);
#929 = ORIENTED_EDGE('',*,*,#890,.T.);
#930 = ORIENTED_EDGE('',*,*,#931,.F.);
#931 = EDGE_CURVE('',#932,#883,#934,.T.);
#932 = VERTEX_POINT('',#933);
#933 = CARTESIAN_POINT('',(1.,0.625,1.21));
#934 = CIRCLE('',#935,4.E-02);
#935 = AXIS2_PLACEMENT_3D('',#936,#937,#938);
#936 = CARTESIAN_POINT('',(1.,0.585,1.21));
#937 = DIRECTION('',(1.,0.,-0.));
#938 = DIRECTION('',(0.,0.,1.));
#939 = ORIENTED_EDGE('',*,*,#940,.F.);
#940 = EDGE_CURVE('',#726,#932,#941,.T.);
#941 = LINE('',#942,#943);
#942 = CARTESIAN_POINT('',(0.6,0.625,1.21));
#943 = VECTOR('',#944,1.);
#944 = DIRECTION('',(1.,0.,0.));
#945 = CYLINDRICAL_SURFACE('',#946,4.E-02);
#946 = AXIS2_PLACEMENT_3D('',#947,#948,#949);
#947 = CARTESIAN_POINT('',(0.6,0.585,1.21));
#948 = DIRECTION('',(1.,0.,0.));
#949 = DIRECTION('',(-0.,1.,0.));
#950 = ADVANCED_FACE('',(#951),#962,.T.);
#951 = FACE_BOUND('',#952,.T.);
#952 = EDGE_LOOP('',(#953,#959,#960,#961));
#953 = ORIENTED_EDGE('',*,*,#954,.F.);
#954 = EDGE_CURVE('',#905,#932,#955,.T.);
#955 = LINE('',#956,#957);
#956 = CARTESIAN_POINT('',(1.,0.625,0.));
#957 = VECTOR('',#958,1.);
#958 = DIRECTION('',(0.,0.,1.));
#959 = ORIENTED_EDGE('',*,*,#904,.F.);
#960 = ORIENTED_EDGE('',*,*,#725,.T.);
#961 = ORIENTED_EDGE('',*,*,#940,.T.);
#962 = PLANE('',#963);
#963 = AXIS2_PLACEMENT_3D('',#964,#965,#966);
#964 = CARTESIAN_POINT('',(0.6,0.625,0.));
#965 = DIRECTION('',(0.,1.,0.));
#966 = DIRECTION('',(0.,-0.,1.));
#967 = ADVANCED_FACE('',(#968),#978,.T.);
#968 = FACE_BOUND('',#969,.T.);
#969 = EDGE_LOOP('',(#970,#971,#972,#973,#974,#975,#976,#977));
#970 = ORIENTED_EDGE('',*,*,#775,.F.);
#971 = ORIENTED_EDGE('',*,*,#815,.T.);
#972 = ORIENTED_EDGE('',*,*,#858,.T.);
#973 = ORIENTED_EDGE('',*,*,#912,.F.);
#974 = ORIENTED_EDGE('',*,*,#954,.T.);
#975 = ORIENTED_EDGE('',*,*,#931,.T.);
#976 = ORIENTED_EDGE('',*,*,#882,.F.);
#977 = ORIENTED_EDGE('',*,*,#832,.F.);
#978 = PLANE('',#979);
#979 = AXIS2_PLACEMENT_3D('',#980,#981,#982);
#980 = CARTESIAN_POINT('',(1.,-0.625,0.));
#981 = DIRECTION('',(1.,0.,0.));
#982 = DIRECTION('',(0.,0.,1.));
#983 = ( GEOMETRIC_REPRESENTATION_CONTEXT(3) 
GLOBAL_UNCERTAINTY_ASSIGNED_CONTEXT((#987)) GLOBAL_UNIT_ASSIGNED_CONTEXT
((#984,#985,#986)) REPRESENTATION_CONTEXT('Context #1',
  '3D Context with UNIT and UNCERTAINTY') );
#984 = ( LENGTH_UNIT() NAMED_UNIT(*) SI_UNIT(.MILLI.,.METRE.) );
#985 = ( NAMED_UNIT(*) PLANE_ANGLE_UNIT() SI_UNIT($,.RADIAN.) );
#986 = ( NAMED_UNIT(*) SI_UNIT($,.STERADIAN.) SOLID_ANGLE_UNIT() );
#987 = UNCERTAINTY_MEASURE_WITH_UNIT(LENGTH_MEASURE(1.E-07),#984,
  'distance_accuracy_value','confusion accuracy');
#988 = CONTEXT_DEPENDENT_SHAPE_REPRESENTATION(#989,#991);
#989 = ( REPRESENTATION_RELATIONSHIP('','',#128,#10) 
REPRESENTATION_RELATIONSHIP_WITH_TRANSFORMATION(#990) 
SHAPE_REPRESENTATION_RELATIONSHIP() );
#990 = ITEM_DEFINED_TRANSFORMATION('','',#11,#15);
#991 = PRODUCT_DEFINITION_SHAPE('Placement','Placement of an item',#992
  );
#992 = NEXT_ASSEMBLY_USAGE_OCCURRENCE('1','C3','',#5,#123,$);
#993 = PRODUCT_RELATED_PRODUCT_CATEGORY('part',$,(#125));
#994 = SHAPE_DEFINITION_REPRESENTATION(#995,#1001);
#995 = PRODUCT_DEFINITION_SHAPE('','',#996);
#996 = PRODUCT_DEFINITION('design','',#997,#1000);
#997 = PRODUCT_DEFINITION_FORMATION('','',#998);
#998 = PRODUCT('Fuse_1206_3216Metric','Fuse_1206_3216Metric','',(#999));
#999 = PRODUCT_CONTEXT('',#2,'mechanical');
#1000 = PRODUCT_DEFINITION_CONTEXT('part definition',#2,'design');
#1001 = ADVANCED_BREP_SHAPE_REPRESENTATION('',(#11,#1002),#1792);
#1002 = MANIFOLD_SOLID_BREP('',#1003);
#1003 = CLOSED_SHELL('',(#1004,#1044,#1127,#1152,#1177,#1244,#1261,#1278
    ,#1327,#1349,#1361,#1410,#1427,#1496,#1527,#1551,#1620,#1644,#1661,
    #1678,#1695,#1712,#1729,#1746,#1763,#1780));
#1004 = ADVANCED_FACE('',(#1005),#1039,.F.);
#1005 = FACE_BOUND('',#1006,.F.);
#1006 = EDGE_LOOP('',(#1007,#1017,#1025,#1033));
#1007 = ORIENTED_EDGE('',*,*,#1008,.F.);
#1008 = EDGE_CURVE('',#1009,#1011,#1013,.T.);
#1009 = VERTEX_POINT('',#1010);
#1010 = CARTESIAN_POINT('',(-1.6,-0.8,5.5E-02));
#1011 = VERTEX_POINT('',#1012);
#1012 = CARTESIAN_POINT('',(-1.6,-0.8,0.495));
#1013 = LINE('',#1014,#1015);
#1014 = CARTESIAN_POINT('',(-1.6,-0.8,0.));
#1015 = VECTOR('',#1016,1.);
#1016 = DIRECTION('',(0.,0.,1.));
#1017 = ORIENTED_EDGE('',*,*,#1018,.T.);
#1018 = EDGE_CURVE('',#1009,#1019,#1021,.T.);
#1019 = VERTEX_POINT('',#1020);
#1020 = CARTESIAN_POINT('',(-1.6,0.8,5.5E-02));
#1021 = LINE('',#1022,#1023);
#1022 = CARTESIAN_POINT('',(-1.6,-0.8,5.5E-02));
#1023 = VECTOR('',#1024,1.);
#1024 = DIRECTION('',(0.,1.,0.));
#1025 = ORIENTED_EDGE('',*,*,#1026,.T.);
#1026 = EDGE_CURVE('',#1019,#1027,#1029,.T.);
#1027 = VERTEX_POINT('',#1028);
#1028 = CARTESIAN_POINT('',(-1.6,0.8,0.495));
#1029 = LINE('',#1030,#1031);
#1030 = CARTESIAN_POINT('',(-1.6,0.8,0.));
#1031 = VECTOR('',#1032,1.);
#1032 = DIRECTION('',(0.,0.,1.));
#1033 = ORIENTED_EDGE('',*,*,#1034,.F.);
#1034 = EDGE_CURVE('',#1011,#1027,#1035,.T.);
#1035 = LINE('',#1036,#1037);
#1036 = CARTESIAN_POINT('',(-1.6,-0.8,0.495));
#1037 = VECTOR('',#1038,1.);
#1038 = DIRECTION('',(0.,1.,0.));
#1039 = PLANE('',#1040);
#1040 = AXIS2_PLACEMENT_3D('',#1041,#1042,#1043);
#1041 = CARTESIAN_POINT('',(-1.6,-0.8,0.));
#1042 = DIRECTION('',(1.,0.,0.));
#1043 = DIRECTION('',(0.,0.,1.));
#1044 = ADVANCED_FACE('',(#1045),#1122,.F.);
#1045 = FACE_BOUND('',#1046,.F.);
#1046 = EDGE_LOOP('',(#1047,#1057,#1064,#1065,#1074,#1082,#1091,#1099,
    #1107,#1115));
#1047 = ORIENTED_EDGE('',*,*,#1048,.F.);
#1048 = EDGE_CURVE('',#1049,#1051,#1053,.T.);
#1049 = VERTEX_POINT('',#1050);
#1050 = CARTESIAN_POINT('',(-1.545,-0.8,0.));
#1051 = VERTEX_POINT('',#1052);
#1052 = CARTESIAN_POINT('',(-1.155,-0.8,0.));
#1053 = LINE('',#1054,#1055);
#1054 = CARTESIAN_POINT('',(-1.6,-0.8,0.));
#1055 = VECTOR('',#1056,1.);
#1056 = DIRECTION('',(1.,0.,0.));
#1057 = ORIENTED_EDGE('',*,*,#1058,.F.);
#1058 = EDGE_CURVE('',#1009,#1049,#1059,.T.);
#1059 = CIRCLE('',#1060,5.5E-02);
#1060 = AXIS2_PLACEMENT_3D('',#1061,#1062,#1063);
#1061 = CARTESIAN_POINT('',(-1.545,-0.8,5.5E-02));
#1062 = DIRECTION('',(0.,-1.,0.));
#1063 = DIRECTION('',(0.,0.,1.));
#1064 = ORIENTED_EDGE('',*,*,#1008,.T.);
#1065 = ORIENTED_EDGE('',*,*,#1066,.T.);
#1066 = EDGE_CURVE('',#1011,#1067,#1069,.T.);
#1067 = VERTEX_POINT('',#1068);
#1068 = CARTESIAN_POINT('',(-1.545,-0.8,0.55));
#1069 = CIRCLE('',#1070,5.5E-02);
#1070 = AXIS2_PLACEMENT_3D('',#1071,#1072,#1073);
#1071 = CARTESIAN_POINT('',(-1.545,-0.8,0.495));
#1072 = DIRECTION('',(0.,1.,0.));
#1073 = DIRECTION('',(0.,-0.,1.));
#1074 = ORIENTED_EDGE('',*,*,#1075,.T.);
#1075 = EDGE_CURVE('',#1067,#1076,#1078,.T.);
#1076 = VERTEX_POINT('',#1077);
#1077 = CARTESIAN_POINT('',(-1.155,-0.8,0.55));
#1078 = LINE('',#1079,#1080);
#1079 = CARTESIAN_POINT('',(-1.6,-0.8,0.55));
#1080 = VECTOR('',#1081,1.);
#1081 = DIRECTION('',(1.,0.,0.));
#1082 = ORIENTED_EDGE('',*,*,#1083,.F.);
#1083 = EDGE_CURVE('',#1084,#1076,#1086,.T.);
#1084 = VERTEX_POINT('',#1085);
#1085 = CARTESIAN_POINT('',(-1.1,-0.8,0.495));
#1086 = CIRCLE('',#1087,5.5E-02);
#1087 = AXIS2_PLACEMENT_3D('',#1088,#1089,#1090);
#1088 = CARTESIAN_POINT('',(-1.155,-0.8,0.495));
#1089 = DIRECTION('',(0.,-1.,0.));
#1090 = DIRECTION('',(0.,0.,1.));
#1091 = ORIENTED_EDGE('',*,*,#1092,.F.);
#1092 = EDGE_CURVE('',#1093,#1084,#1095,.T.);
#1093 = VERTEX_POINT('',#1094);
#1094 = CARTESIAN_POINT('',(-1.545,-0.8,0.495));
#1095 = LINE('',#1096,#1097);
#1096 = CARTESIAN_POINT('',(-1.545,-0.8,0.495));
#1097 = VECTOR('',#1098,1.);
#1098 = DIRECTION('',(1.,0.,0.));
#1099 = ORIENTED_EDGE('',*,*,#1100,.F.);
#1100 = EDGE_CURVE('',#1101,#1093,#1103,.T.);
#1101 = VERTEX_POINT('',#1102);
#1102 = CARTESIAN_POINT('',(-1.545,-0.8,5.5E-02));
#1103 = LINE('',#1104,#1105);
#1104 = CARTESIAN_POINT('',(-1.545,-0.8,5.5E-02));
#1105 = VECTOR('',#1106,1.);
#1106 = DIRECTION('',(0.,0.,1.));
#1107 = ORIENTED_EDGE('',*,*,#1108,.T.);
#1108 = EDGE_CURVE('',#1101,#1109,#1111,.T.);
#1109 = VERTEX_POINT('',#1110);
#1110 = CARTESIAN_POINT('',(-1.1,-0.8,5.5E-02));
#1111 = LINE('',#1112,#1113);
#1112 = CARTESIAN_POINT('',(-1.545,-0.8,5.5E-02));
#1113 = VECTOR('',#1114,1.);
#1114 = DIRECTION('',(1.,0.,0.));
#1115 = ORIENTED_EDGE('',*,*,#1116,.T.);
#1116 = EDGE_CURVE('',#1109,#1051,#1117,.T.);
#1117 = CIRCLE('',#1118,5.5E-02);
#1118 = AXIS2_PLACEMENT_3D('',#1119,#1120,#1121);
#1119 = CARTESIAN_POINT('',(-1.155,-0.8,5.5E-02));
#1120 = DIRECTION('',(0.,1.,0.));
#1121 = DIRECTION('',(0.,-0.,1.));
#1122 = PLANE('',#1123);
#1123 = AXIS2_PLACEMENT_3D('',#1124,#1125,#1126);
#1124 = CARTESIAN_POINT('',(-1.6,-0.8,0.));
#1125 = DIRECTION('',(0.,1.,0.));
#1126 = DIRECTION('',(0.,-0.,1.));
#1127 = ADVANCED_FACE('',(#1128),#1147,.T.);
#1128 = FACE_BOUND('',#1129,.T.);
#1129 = EDGE_LOOP('',(#1130,#1131,#1140,#1146));
#1130 = ORIENTED_EDGE('',*,*,#1018,.T.);
#1131 = ORIENTED_EDGE('',*,*,#1132,.T.);
#1132 = EDGE_CURVE('',#1019,#1133,#1135,.T.);
#1133 = VERTEX_POINT('',#1134);
#1134 = CARTESIAN_POINT('',(-1.545,0.8,0.));
#1135 = CIRCLE('',#1136,5.5E-02);
#1136 = AXIS2_PLACEMENT_3D('',#1137,#1138,#1139);
#1137 = CARTESIAN_POINT('',(-1.545,0.8,5.5E-02));
#1138 = DIRECTION('',(0.,-1.,0.));
#1139 = DIRECTION('',(0.,0.,1.));
#1140 = ORIENTED_EDGE('',*,*,#1141,.F.);
#1141 = EDGE_CURVE('',#1049,#1133,#1142,.T.);
#1142 = LINE('',#1143,#1144);
#1143 = CARTESIAN_POINT('',(-1.545,-0.8,0.));
#1144 = VECTOR('',#1145,1.);
#1145 = DIRECTION('',(0.,1.,0.));
#1146 = ORIENTED_EDGE('',*,*,#1058,.F.);
#1147 = CYLINDRICAL_SURFACE('',#1148,5.5E-02);
#1148 = AXIS2_PLACEMENT_3D('',#1149,#1150,#1151);
#1149 = CARTESIAN_POINT('',(-1.545,-0.8,5.5E-02));
#1150 = DIRECTION('',(0.,1.,0.));
#1151 = DIRECTION('',(-1.,0.,0.));
#1152 = ADVANCED_FACE('',(#1153),#1172,.T.);
#1153 = FACE_BOUND('',#1154,.T.);
#1154 = EDGE_LOOP('',(#1155,#1156,#1164,#1171));
#1155 = ORIENTED_EDGE('',*,*,#1066,.T.);
#1156 = ORIENTED_EDGE('',*,*,#1157,.T.);
#1157 = EDGE_CURVE('',#1067,#1158,#1160,.T.);
#1158 = VERTEX_POINT('',#1159);
#1159 = CARTESIAN_POINT('',(-1.545,0.8,0.55));
#1160 = LINE('',#1161,#1162);
#1161 = CARTESIAN_POINT('',(-1.545,-0.8,0.55));
#1162 = VECTOR('',#1163,1.);
#1163 = DIRECTION('',(0.,1.,0.));
#1164 = ORIENTED_EDGE('',*,*,#1165,.F.);
#1165 = EDGE_CURVE('',#1027,#1158,#1166,.T.);
#1166 = CIRCLE('',#1167,5.5E-02);
#1167 = AXIS2_PLACEMENT_3D('',#1168,#1169,#1170);
#1168 = CARTESIAN_POINT('',(-1.545,0.8,0.495));
#1169 = DIRECTION('',(0.,1.,0.));
#1170 = DIRECTION('',(0.,-0.,1.));
#1171 = ORIENTED_EDGE('',*,*,#1034,.F.);
#1172 = CYLINDRICAL_SURFACE('',#1173,5.5E-02);
#1173 = AXIS2_PLACEMENT_3D('',#1174,#1175,#1176);
#1174 = CARTESIAN_POINT('',(-1.545,-0.8,0.495));
#1175 = DIRECTION('',(0.,1.,0.));
#1176 = DIRECTION('',(-1.,0.,0.));
#1177 = ADVANCED_FACE('',(#1178),#1239,.T.);
#1178 = FACE_BOUND('',#1179,.T.);
#1179 = EDGE_LOOP('',(#1180,#1188,#1189,#1190,#1191,#1199,#1208,#1216,
    #1224,#1232));
#1180 = ORIENTED_EDGE('',*,*,#1181,.F.);
#1181 = EDGE_CURVE('',#1133,#1182,#1184,.T.);
#1182 = VERTEX_POINT('',#1183);
#1183 = CARTESIAN_POINT('',(-1.155,0.8,0.));
#1184 = LINE('',#1185,#1186);
#1185 = CARTESIAN_POINT('',(-1.6,0.8,0.));
#1186 = VECTOR('',#1187,1.);
#1187 = DIRECTION('',(1.,0.,0.));
#1188 = ORIENTED_EDGE('',*,*,#1132,.F.);
#1189 = ORIENTED_EDGE('',*,*,#1026,.T.);
#1190 = ORIENTED_EDGE('',*,*,#1165,.T.);
#1191 = ORIENTED_EDGE('',*,*,#1192,.T.);
#1192 = EDGE_CURVE('',#1158,#1193,#1195,.T.);
#1193 = VERTEX_POINT('',#1194);
#1194 = CARTESIAN_POINT('',(-1.155,0.8,0.55));
#1195 = LINE('',#1196,#1197);
#1196 = CARTESIAN_POINT('',(-1.6,0.8,0.55));
#1197 = VECTOR('',#1198,1.);
#1198 = DIRECTION('',(1.,0.,0.));
#1199 = ORIENTED_EDGE('',*,*,#1200,.F.);
#1200 = EDGE_CURVE('',#1201,#1193,#1203,.T.);
#1201 = VERTEX_POINT('',#1202);
#1202 = CARTESIAN_POINT('',(-1.1,0.8,0.495));
#1203 = CIRCLE('',#1204,5.5E-02);
#1204 = AXIS2_PLACEMENT_3D('',#1205,#1206,#1207);
#1205 = CARTESIAN_POINT('',(-1.155,0.8,0.495));
#1206 = DIRECTION('',(0.,-1.,0.));
#1207 = DIRECTION('',(0.,0.,1.));
#1208 = ORIENTED_EDGE('',*,*,#1209,.F.);
#1209 = EDGE_CURVE('',#1210,#1201,#1212,.T.);
#1210 = VERTEX_POINT('',#1211);
#1211 = CARTESIAN_POINT('',(-1.545,0.8,0.495));
#1212 = LINE('',#1213,#1214);
#1213 = CARTESIAN_POINT('',(-1.545,0.8,0.495));
#1214 = VECTOR('',#1215,1.);
#1215 = DIRECTION('',(1.,0.,0.));
#1216 = ORIENTED_EDGE('',*,*,#1217,.F.);
#1217 = EDGE_CURVE('',#1218,#1210,#1220,.T.);
#1218 = VERTEX_POINT('',#1219);
#1219 = CARTESIAN_POINT('',(-1.545,0.8,5.5E-02));
#1220 = LINE('',#1221,#1222);
#1221 = CARTESIAN_POINT('',(-1.545,0.8,5.5E-02));
#1222 = VECTOR('',#1223,1.);
#1223 = DIRECTION('',(0.,0.,1.));
#1224 = ORIENTED_EDGE('',*,*,#1225,.T.);
#1225 = EDGE_CURVE('',#1218,#1226,#1228,.T.);
#1226 = VERTEX_POINT('',#1227);
#1227 = CARTESIAN_POINT('',(-1.1,0.8,5.5E-02));
#1228 = LINE('',#1229,#1230);
#1229 = CARTESIAN_POINT('',(-1.545,0.8,5.5E-02));
#1230 = VECTOR('',#1231,1.);
#1231 = DIRECTION('',(1.,0.,0.));
#1232 = ORIENTED_EDGE('',*,*,#1233,.T.);
#1233 = EDGE_CURVE('',#1226,#1182,#1234,.T.);
#1234 = CIRCLE('',#1235,5.5E-02);
#1235 = AXIS2_PLACEMENT_3D('',#1236,#1237,#1238);
#1236 = CARTESIAN_POINT('',(-1.155,0.8,5.5E-02));
#1237 = DIRECTION('',(0.,1.,0.));
#1238 = DIRECTION('',(0.,-0.,1.));
#1239 = PLANE('',#1240);
#1240 = AXIS2_PLACEMENT_3D('',#1241,#1242,#1243);
#1241 = CARTESIAN_POINT('',(-1.6,0.8,0.));
#1242 = DIRECTION('',(0.,1.,0.));
#1243 = DIRECTION('',(0.,-0.,1.));
#1244 = ADVANCED_FACE('',(#1245),#1256,.F.);
#1245 = FACE_BOUND('',#1246,.F.);
#1246 = EDGE_LOOP('',(#1247,#1248,#1249,#1250));
#1247 = ORIENTED_EDGE('',*,*,#1181,.F.);
#1248 = ORIENTED_EDGE('',*,*,#1141,.F.);
#1249 = ORIENTED_EDGE('',*,*,#1048,.T.);
#1250 = ORIENTED_EDGE('',*,*,#1251,.T.);
#1251 = EDGE_CURVE('',#1051,#1182,#1252,.T.);
#1252 = LINE('',#1253,#1254);
#1253 = CARTESIAN_POINT('',(-1.155,-0.8,0.));
#1254 = VECTOR('',#1255,1.);
#1255 = DIRECTION('',(0.,1.,0.));
#1256 = PLANE('',#1257);
#1257 = AXIS2_PLACEMENT_3D('',#1258,#1259,#1260);
#1258 = CARTESIAN_POINT('',(-1.6,-0.8,0.));
#1259 = DIRECTION('',(0.,0.,1.));
#1260 = DIRECTION('',(1.,0.,-0.));
#1261 = ADVANCED_FACE('',(#1262),#1273,.T.);
#1262 = FACE_BOUND('',#1263,.T.);
#1263 = EDGE_LOOP('',(#1264,#1265,#1266,#1267));
#1264 = ORIENTED_EDGE('',*,*,#1116,.T.);
#1265 = ORIENTED_EDGE('',*,*,#1251,.T.);
#1266 = ORIENTED_EDGE('',*,*,#1233,.F.);
#1267 = ORIENTED_EDGE('',*,*,#1268,.F.);
#1268 = EDGE_CURVE('',#1109,#1226,#1269,.T.);
#1269 = LINE('',#1270,#1271);
#1270 = CARTESIAN_POINT('',(-1.1,-0.8,5.5E-02));
#1271 = VECTOR('',#1272,1.);
#1272 = DIRECTION('',(0.,1.,0.));
#1273 = CYLINDRICAL_SURFACE('',#1274,5.5E-02);
#1274 = AXIS2_PLACEMENT_3D('',#1275,#1276,#1277);
#1275 = CARTESIAN_POINT('',(-1.155,-0.8,5.5E-02));
#1276 = DIRECTION('',(0.,1.,0.));
#1277 = DIRECTION('',(1.,0.,0.));
#1278 = ADVANCED_FACE('',(#1279),#1322,.F.);
#1279 = FACE_BOUND('',#1280,.F.);
#1280 = EDGE_LOOP('',(#1281,#1282,#1283,#1284,#1292,#1300,#1308,#1316));
#1281 = ORIENTED_EDGE('',*,*,#1108,.F.);
#1282 = ORIENTED_EDGE('',*,*,#1100,.T.);
#1283 = ORIENTED_EDGE('',*,*,#1092,.T.);
#1284 = ORIENTED_EDGE('',*,*,#1285,.T.);
#1285 = EDGE_CURVE('',#1084,#1286,#1288,.T.);
#1286 = VERTEX_POINT('',#1287);
#1287 = CARTESIAN_POINT('',(1.1,-0.8,0.495));
#1288 = LINE('',#1289,#1290);
#1289 = CARTESIAN_POINT('',(-1.1,-0.8,0.495));
#1290 = VECTOR('',#1291,1.);
#1291 = DIRECTION('',(1.,0.,0.));
#1292 = ORIENTED_EDGE('',*,*,#1293,.T.);
#1293 = EDGE_CURVE('',#1286,#1294,#1296,.T.);
#1294 = VERTEX_POINT('',#1295);
#1295 = CARTESIAN_POINT('',(1.545,-0.8,0.495));
#1296 = LINE('',#1297,#1298);
#1297 = CARTESIAN_POINT('',(-1.545,-0.8,0.495));
#1298 = VECTOR('',#1299,1.);
#1299 = DIRECTION('',(1.,0.,0.));
#1300 = ORIENTED_EDGE('',*,*,#1301,.F.);
#1301 = EDGE_CURVE('',#1302,#1294,#1304,.T.);
#1302 = VERTEX_POINT('',#1303);
#1303 = CARTESIAN_POINT('',(1.545,-0.8,5.5E-02));
#1304 = LINE('',#1305,#1306);
#1305 = CARTESIAN_POINT('',(1.545,-0.8,5.5E-02));
#1306 = VECTOR('',#1307,1.);
#1307 = DIRECTION('',(0.,0.,1.));
#1308 = ORIENTED_EDGE('',*,*,#1309,.F.);
#1309 = EDGE_CURVE('',#1310,#1302,#1312,.T.);
#1310 = VERTEX_POINT('',#1311);
#1311 = CARTESIAN_POINT('',(1.1,-0.8,5.5E-02));
#1312 = LINE('',#1313,#1314);
#1313 = CARTESIAN_POINT('',(-1.545,-0.8,5.5E-02));
#1314 = VECTOR('',#1315,1.);
#1315 = DIRECTION('',(1.,0.,0.));
#1316 = ORIENTED_EDGE('',*,*,#1317,.F.);
#1317 = EDGE_CURVE('',#1109,#1310,#1318,.T.);
#1318 = LINE('',#1319,#1320);
#1319 = CARTESIAN_POINT('',(-1.545,-0.8,5.5E-02));
#1320 = VECTOR('',#1321,1.);
#1321 = DIRECTION('',(1.,0.,0.));
#1322 = PLANE('',#1323);
#1323 = AXIS2_PLACEMENT_3D('',#1324,#1325,#1326);
#1324 = CARTESIAN_POINT('',(-1.545,-0.8,5.5E-02));
#1325 = DIRECTION('',(0.,1.,0.));
#1326 = DIRECTION('',(0.,-0.,1.));
#1327 = ADVANCED_FACE('',(#1328),#1344,.T.);
#1328 = FACE_BOUND('',#1329,.T.);
#1329 = EDGE_LOOP('',(#1330,#1336,#1337,#1343));
#1330 = ORIENTED_EDGE('',*,*,#1331,.T.);
#1331 = EDGE_CURVE('',#1084,#1201,#1332,.T.);
#1332 = LINE('',#1333,#1334);
#1333 = CARTESIAN_POINT('',(-1.1,-0.8,0.495));
#1334 = VECTOR('',#1335,1.);
#1335 = DIRECTION('',(0.,1.,0.));
#1336 = ORIENTED_EDGE('',*,*,#1200,.T.);
#1337 = ORIENTED_EDGE('',*,*,#1338,.F.);
#1338 = EDGE_CURVE('',#1076,#1193,#1339,.T.);
#1339 = LINE('',#1340,#1341);
#1340 = CARTESIAN_POINT('',(-1.155,-0.8,0.55));
#1341 = VECTOR('',#1342,1.);
#1342 = DIRECTION('',(0.,1.,0.));
#1343 = ORIENTED_EDGE('',*,*,#1083,.F.);
#1344 = CYLINDRICAL_SURFACE('',#1345,5.5E-02);
#1345 = AXIS2_PLACEMENT_3D('',#1346,#1347,#1348);
#1346 = CARTESIAN_POINT('',(-1.155,-0.8,0.495));
#1347 = DIRECTION('',(0.,1.,0.));
#1348 = DIRECTION('',(1.,0.,0.));
#1349 = ADVANCED_FACE('',(#1350),#1356,.T.);
#1350 = FACE_BOUND('',#1351,.T.);
#1351 = EDGE_LOOP('',(#1352,#1353,#1354,#1355));
#1352 = ORIENTED_EDGE('',*,*,#1192,.F.);
#1353 = ORIENTED_EDGE('',*,*,#1157,.F.);
#1354 = ORIENTED_EDGE('',*,*,#1075,.T.);
#1355 = ORIENTED_EDGE('',*,*,#1338,.T.);
#1356 = PLANE('',#1357);
#1357 = AXIS2_PLACEMENT_3D('',#1358,#1359,#1360);
#1358 = CARTESIAN_POINT('',(-1.6,-0.8,0.55));
#1359 = DIRECTION('',(0.,0.,1.));
#1360 = DIRECTION('',(1.,0.,-0.));
#1361 = ADVANCED_FACE('',(#1362),#1405,.T.);
#1362 = FACE_BOUND('',#1363,.T.);
#1363 = EDGE_LOOP('',(#1364,#1365,#1366,#1367,#1375,#1383,#1391,#1399));
#1364 = ORIENTED_EDGE('',*,*,#1225,.F.);
#1365 = ORIENTED_EDGE('',*,*,#1217,.T.);
#1366 = ORIENTED_EDGE('',*,*,#1209,.T.);
#1367 = ORIENTED_EDGE('',*,*,#1368,.T.);
#1368 = EDGE_CURVE('',#1201,#1369,#1371,.T.);
#1369 = VERTEX_POINT('',#1370);
#1370 = CARTESIAN_POINT('',(1.1,0.8,0.495));
#1371 = LINE('',#1372,#1373);
#1372 = CARTESIAN_POINT('',(-1.1,0.8,0.495));
#1373 = VECTOR('',#1374,1.);
#1374 = DIRECTION('',(1.,0.,0.));
#1375 = ORIENTED_EDGE('',*,*,#1376,.T.);
#1376 = EDGE_CURVE('',#1369,#1377,#1379,.T.);
#1377 = VERTEX_POINT('',#1378);
#1378 = CARTESIAN_POINT('',(1.545,0.8,0.495));
#1379 = LINE('',#1380,#1381);
#1380 = CARTESIAN_POINT('',(-1.545,0.8,0.495));
#1381 = VECTOR('',#1382,1.);
#1382 = DIRECTION('',(1.,0.,0.));
#1383 = ORIENTED_EDGE('',*,*,#1384,.F.);
#1384 = EDGE_CURVE('',#1385,#1377,#1387,.T.);
#1385 = VERTEX_POINT('',#1386);
#1386 = CARTESIAN_POINT('',(1.545,0.8,5.5E-02));
#1387 = LINE('',#1388,#1389);
#1388 = CARTESIAN_POINT('',(1.545,0.8,5.5E-02));
#1389 = VECTOR('',#1390,1.);
#1390 = DIRECTION('',(0.,0.,1.));
#1391 = ORIENTED_EDGE('',*,*,#1392,.F.);
#1392 = EDGE_CURVE('',#1393,#1385,#1395,.T.);
#1393 = VERTEX_POINT('',#1394);
#1394 = CARTESIAN_POINT('',(1.1,0.8,5.5E-02));
#1395 = LINE('',#1396,#1397);
#1396 = CARTESIAN_POINT('',(-1.545,0.8,5.5E-02));
#1397 = VECTOR('',#1398,1.);
#1398 = DIRECTION('',(1.,0.,0.));
#1399 = ORIENTED_EDGE('',*,*,#1400,.F.);
#1400 = EDGE_CURVE('',#1226,#1393,#1401,.T.);
#1401 = LINE('',#1402,#1403);
#1402 = CARTESIAN_POINT('',(-1.545,0.8,5.5E-02));
#1403 = VECTOR('',#1404,1.);
#1404 = DIRECTION('',(1.,0.,0.));
#1405 = PLANE('',#1406);
#1406 = AXIS2_PLACEMENT_3D('',#1407,#1408,#1409);
#1407 = CARTESIAN_POINT('',(-1.545,0.8,5.5E-02));
#1408 = DIRECTION('',(0.,1.,0.));
#1409 = DIRECTION('',(0.,-0.,1.));
#1410 = ADVANCED_FACE('',(#1411),#1422,.F.);
#1411 = FACE_BOUND('',#1412,.F.);
#1412 = EDGE_LOOP('',(#1413,#1414,#1415,#1421));
#1413 = ORIENTED_EDGE('',*,*,#1268,.F.);
#1414 = ORIENTED_EDGE('',*,*,#1317,.T.);
#1415 = ORIENTED_EDGE('',*,*,#1416,.T.);
#1416 = EDGE_CURVE('',#1310,#1393,#1417,.T.);
#1417 = LINE('',#1418,#1419);
#1418 = CARTESIAN_POINT('',(1.1,-0.8,5.5E-02));
#1419 = VECTOR('',#1420,1.);
#1420 = DIRECTION('',(0.,1.,0.));
#1421 = ORIENTED_EDGE('',*,*,#1400,.F.);
#1422 = PLANE('',#1423);
#1423 = AXIS2_PLACEMENT_3D('',#1424,#1425,#1426);
#1424 = CARTESIAN_POINT('',(-1.545,-0.8,5.5E-02));
#1425 = DIRECTION('',(0.,0.,1.));
#1426 = DIRECTION('',(1.,0.,-0.));
#1427 = ADVANCED_FACE('',(#1428),#1491,.F.);
#1428 = FACE_BOUND('',#1429,.F.);
#1429 = EDGE_LOOP('',(#1430,#1440,#1447,#1448,#1449,#1450,#1459,#1467,
    #1476,#1484));
#1430 = ORIENTED_EDGE('',*,*,#1431,.F.);
#1431 = EDGE_CURVE('',#1432,#1434,#1436,.T.);
#1432 = VERTEX_POINT('',#1433);
#1433 = CARTESIAN_POINT('',(1.155,-0.8,0.));
#1434 = VERTEX_POINT('',#1435);
#1435 = CARTESIAN_POINT('',(1.545,-0.8,0.));
#1436 = LINE('',#1437,#1438);
#1437 = CARTESIAN_POINT('',(1.1,-0.8,0.));
#1438 = VECTOR('',#1439,1.);
#1439 = DIRECTION('',(1.,0.,0.));
#1440 = ORIENTED_EDGE('',*,*,#1441,.F.);
#1441 = EDGE_CURVE('',#1310,#1432,#1442,.T.);
#1442 = CIRCLE('',#1443,5.5E-02);
#1443 = AXIS2_PLACEMENT_3D('',#1444,#1445,#1446);
#1444 = CARTESIAN_POINT('',(1.155,-0.8,5.5E-02));
#1445 = DIRECTION('',(0.,-1.,0.));
#1446 = DIRECTION('',(0.,0.,1.));
#1447 = ORIENTED_EDGE('',*,*,#1309,.T.);
#1448 = ORIENTED_EDGE('',*,*,#1301,.T.);
#1449 = ORIENTED_EDGE('',*,*,#1293,.F.);
#1450 = ORIENTED_EDGE('',*,*,#1451,.T.);
#1451 = EDGE_CURVE('',#1286,#1452,#1454,.T.);
#1452 = VERTEX_POINT('',#1453);
#1453 = CARTESIAN_POINT('',(1.155,-0.8,0.55));
#1454 = CIRCLE('',#1455,5.5E-02);
#1455 = AXIS2_PLACEMENT_3D('',#1456,#1457,#1458);
#1456 = CARTESIAN_POINT('',(1.155,-0.8,0.495));
#1457 = DIRECTION('',(0.,1.,0.));
#1458 = DIRECTION('',(0.,-0.,1.));
#1459 = ORIENTED_EDGE('',*,*,#1460,.T.);
#1460 = EDGE_CURVE('',#1452,#1461,#1463,.T.);
#1461 = VERTEX_POINT('',#1462);
#1462 = CARTESIAN_POINT('',(1.545,-0.8,0.55));
#1463 = LINE('',#1464,#1465);
#1464 = CARTESIAN_POINT('',(1.1,-0.8,0.55));
#1465 = VECTOR('',#1466,1.);
#1466 = DIRECTION('',(1.,0.,0.));
#1467 = ORIENTED_EDGE('',*,*,#1468,.F.);
#1468 = EDGE_CURVE('',#1469,#1461,#1471,.T.);
#1469 = VERTEX_POINT('',#1470);
#1470 = CARTESIAN_POINT('',(1.6,-0.8,0.495));
#1471 = CIRCLE('',#1472,5.5E-02);
#1472 = AXIS2_PLACEMENT_3D('',#1473,#1474,#1475);
#1473 = CARTESIAN_POINT('',(1.545,-0.8,0.495));
#1474 = DIRECTION('',(0.,-1.,0.));
#1475 = DIRECTION('',(0.,0.,1.));
#1476 = ORIENTED_EDGE('',*,*,#1477,.F.);
#1477 = EDGE_CURVE('',#1478,#1469,#1480,.T.);
#1478 = VERTEX_POINT('',#1479);
#1479 = CARTESIAN_POINT('',(1.6,-0.8,5.5E-02));
#1480 = LINE('',#1481,#1482);
#1481 = CARTESIAN_POINT('',(1.6,-0.8,0.));
#1482 = VECTOR('',#1483,1.);
#1483 = DIRECTION('',(0.,0.,1.));
#1484 = ORIENTED_EDGE('',*,*,#1485,.T.);
#1485 = EDGE_CURVE('',#1478,#1434,#1486,.T.);
#1486 = CIRCLE('',#1487,5.5E-02);
#1487 = AXIS2_PLACEMENT_3D('',#1488,#1489,#1490);
#1488 = CARTESIAN_POINT('',(1.545,-0.8,5.5E-02));
#1489 = DIRECTION('',(0.,1.,0.));
#1490 = DIRECTION('',(0.,-0.,1.));
#1491 = PLANE('',#1492);
#1492 = AXIS2_PLACEMENT_3D('',#1493,#1494,#1495);
#1493 = CARTESIAN_POINT('',(1.1,-0.8,0.));
#1494 = DIRECTION('',(0.,1.,0.));
#1495 = DIRECTION('',(0.,-0.,1.));
#1496 = ADVANCED_FACE('',(#1497),#1522,.F.);
#1497 = FACE_BOUND('',#1498,.F.);
#1498 = EDGE_LOOP('',(#1499,#1500,#1508,#1516));
#1499 = ORIENTED_EDGE('',*,*,#1285,.F.);
#1500 = ORIENTED_EDGE('',*,*,#1501,.T.);
#1501 = EDGE_CURVE('',#1084,#1502,#1504,.T.);
#1502 = VERTEX_POINT('',#1503);
#1503 = CARTESIAN_POINT('',(-1.1,-0.8,0.55));
#1504 = LINE('',#1505,#1506);
#1505 = CARTESIAN_POINT('',(-1.1,-0.8,0.495));
#1506 = VECTOR('',#1507,1.);
#1507 = DIRECTION('',(0.,0.,1.));
#1508 = ORIENTED_EDGE('',*,*,#1509,.T.);
#1509 = EDGE_CURVE('',#1502,#1510,#1512,.T.);
#1510 = VERTEX_POINT('',#1511);
#1511 = CARTESIAN_POINT('',(1.1,-0.8,0.55));
#1512 = LINE('',#1513,#1514);
#1513 = CARTESIAN_POINT('',(-1.1,-0.8,0.55));
#1514 = VECTOR('',#1515,1.);
#1515 = DIRECTION('',(1.,0.,0.));
#1516 = ORIENTED_EDGE('',*,*,#1517,.F.);
#1517 = EDGE_CURVE('',#1286,#1510,#1518,.T.);
#1518 = LINE('',#1519,#1520);
#1519 = CARTESIAN_POINT('',(1.1,-0.8,0.495));
#1520 = VECTOR('',#1521,1.);
#1521 = DIRECTION('',(0.,0.,1.));
#1522 = PLANE('',#1523);
#1523 = AXIS2_PLACEMENT_3D('',#1524,#1525,#1526);
#1524 = CARTESIAN_POINT('',(-1.1,-0.8,0.495));
#1525 = DIRECTION('',(0.,1.,0.));
#1526 = DIRECTION('',(0.,-0.,1.));
#1527 = ADVANCED_FACE('',(#1528),#1546,.F.);
#1528 = FACE_BOUND('',#1529,.F.);
#1529 = EDGE_LOOP('',(#1530,#1531,#1532,#1540));
#1530 = ORIENTED_EDGE('',*,*,#1501,.F.);
#1531 = ORIENTED_EDGE('',*,*,#1331,.T.);
#1532 = ORIENTED_EDGE('',*,*,#1533,.T.);
#1533 = EDGE_CURVE('',#1201,#1534,#1536,.T.);
#1534 = VERTEX_POINT('',#1535);
#1535 = CARTESIAN_POINT('',(-1.1,0.8,0.55));
#1536 = LINE('',#1537,#1538);
#1537 = CARTESIAN_POINT('',(-1.1,0.8,0.495));
#1538 = VECTOR('',#1539,1.);
#1539 = DIRECTION('',(0.,0.,1.));
#1540 = ORIENTED_EDGE('',*,*,#1541,.F.);
#1541 = EDGE_CURVE('',#1502,#1534,#1542,.T.);
#1542 = LINE('',#1543,#1544);
#1543 = CARTESIAN_POINT('',(-1.1,-0.8,0.55));
#1544 = VECTOR('',#1545,1.);
#1545 = DIRECTION('',(0.,1.,0.));
#1546 = PLANE('',#1547);
#1547 = AXIS2_PLACEMENT_3D('',#1548,#1549,#1550);
#1548 = CARTESIAN_POINT('',(-1.1,-0.8,0.495));
#1549 = DIRECTION('',(1.,0.,0.));
#1550 = DIRECTION('',(0.,0.,1.));
#1551 = ADVANCED_FACE('',(#1552),#1615,.T.);
#1552 = FACE_BOUND('',#1553,.T.);
#1553 = EDGE_LOOP('',(#1554,#1564,#1571,#1572,#1573,#1574,#1583,#1591,
    #1600,#1608));
#1554 = ORIENTED_EDGE('',*,*,#1555,.F.);
#1555 = EDGE_CURVE('',#1556,#1558,#1560,.T.);
#1556 = VERTEX_POINT('',#1557);
#1557 = CARTESIAN_POINT('',(1.155,0.8,0.));
#1558 = VERTEX_POINT('',#1559);
#1559 = CARTESIAN_POINT('',(1.545,0.8,0.));
#1560 = LINE('',#1561,#1562);
#1561 = CARTESIAN_POINT('',(1.1,0.8,0.));
#1562 = VECTOR('',#1563,1.);
#1563 = DIRECTION('',(1.,0.,0.));
#1564 = ORIENTED_EDGE('',*,*,#1565,.F.);
#1565 = EDGE_CURVE('',#1393,#1556,#1566,.T.);
#1566 = CIRCLE('',#1567,5.5E-02);
#1567 = AXIS2_PLACEMENT_3D('',#1568,#1569,#1570);
#1568 = CARTESIAN_POINT('',(1.155,0.8,5.5E-02));
#1569 = DIRECTION('',(0.,-1.,0.));
#1570 = DIRECTION('',(0.,0.,1.));
#1571 = ORIENTED_EDGE('',*,*,#1392,.T.);
#1572 = ORIENTED_EDGE('',*,*,#1384,.T.);
#1573 = ORIENTED_EDGE('',*,*,#1376,.F.);
#1574 = ORIENTED_EDGE('',*,*,#1575,.T.);
#1575 = EDGE_CURVE('',#1369,#1576,#1578,.T.);
#1576 = VERTEX_POINT('',#1577);
#1577 = CARTESIAN_POINT('',(1.155,0.8,0.55));
#1578 = CIRCLE('',#1579,5.5E-02);
#1579 = AXIS2_PLACEMENT_3D('',#1580,#1581,#1582);
#1580 = CARTESIAN_POINT('',(1.155,0.8,0.495));
#1581 = DIRECTION('',(0.,1.,0.));
#1582 = DIRECTION('',(0.,-0.,1.));
#1583 = ORIENTED_EDGE('',*,*,#1584,.T.);
#1584 = EDGE_CURVE('',#1576,#1585,#1587,.T.);
#1585 = VERTEX_POINT('',#1586);
#1586 = CARTESIAN_POINT('',(1.545,0.8,0.55));
#1587 = LINE('',#1588,#1589);
#1588 = CARTESIAN_POINT('',(1.1,0.8,0.55));
#1589 = VECTOR('',#1590,1.);
#1590 = DIRECTION('',(1.,0.,0.));
#1591 = ORIENTED_EDGE('',*,*,#1592,.F.);
#1592 = EDGE_CURVE('',#1593,#1585,#1595,.T.);
#1593 = VERTEX_POINT('',#1594);
#1594 = CARTESIAN_POINT('',(1.6,0.8,0.495));
#1595 = CIRCLE('',#1596,5.5E-02);
#1596 = AXIS2_PLACEMENT_3D('',#1597,#1598,#1599);
#1597 = CARTESIAN_POINT('',(1.545,0.8,0.495));
#1598 = DIRECTION('',(0.,-1.,0.));
#1599 = DIRECTION('',(0.,0.,1.));
#1600 = ORIENTED_EDGE('',*,*,#1601,.F.);
#1601 = EDGE_CURVE('',#1602,#1593,#1604,.T.);
#1602 = VERTEX_POINT('',#1603);
#1603 = CARTESIAN_POINT('',(1.6,0.8,5.5E-02));
#1604 = LINE('',#1605,#1606);
#1605 = CARTESIAN_POINT('',(1.6,0.8,0.));
#1606 = VECTOR('',#1607,1.);
#1607 = DIRECTION('',(0.,0.,1.));
#1608 = ORIENTED_EDGE('',*,*,#1609,.T.);
#1609 = EDGE_CURVE('',#1602,#1558,#1610,.T.);
#1610 = CIRCLE('',#1611,5.5E-02);
#1611 = AXIS2_PLACEMENT_3D('',#1612,#1613,#1614);
#1612 = CARTESIAN_POINT('',(1.545,0.8,5.5E-02));
#1613 = DIRECTION('',(0.,1.,0.));
#1614 = DIRECTION('',(0.,-0.,1.));
#1615 = PLANE('',#1616);
#1616 = AXIS2_PLACEMENT_3D('',#1617,#1618,#1619);
#1617 = CARTESIAN_POINT('',(1.1,0.8,0.));
#1618 = DIRECTION('',(0.,1.,0.));
#1619 = DIRECTION('',(0.,-0.,1.));
#1620 = ADVANCED_FACE('',(#1621),#1639,.T.);
#1621 = FACE_BOUND('',#1622,.T.);
#1622 = EDGE_LOOP('',(#1623,#1624,#1625,#1633));
#1623 = ORIENTED_EDGE('',*,*,#1368,.F.);
#1624 = ORIENTED_EDGE('',*,*,#1533,.T.);
#1625 = ORIENTED_EDGE('',*,*,#1626,.T.);
#1626 = EDGE_CURVE('',#1534,#1627,#1629,.T.);
#1627 = VERTEX_POINT('',#1628);
#1628 = CARTESIAN_POINT('',(1.1,0.8,0.55));
#1629 = LINE('',#1630,#1631);
#1630 = CARTESIAN_POINT('',(-1.1,0.8,0.55));
#1631 = VECTOR('',#1632,1.);
#1632 = DIRECTION('',(1.,0.,0.));
#1633 = ORIENTED_EDGE('',*,*,#1634,.F.);
#1634 = EDGE_CURVE('',#1369,#1627,#1635,.T.);
#1635 = LINE('',#1636,#1637);
#1636 = CARTESIAN_POINT('',(1.1,0.8,0.495));
#1637 = VECTOR('',#1638,1.);
#1638 = DIRECTION('',(0.,0.,1.));
#1639 = PLANE('',#1640);
#1640 = AXIS2_PLACEMENT_3D('',#1641,#1642,#1643);
#1641 = CARTESIAN_POINT('',(-1.1,0.8,0.495));
#1642 = DIRECTION('',(0.,1.,0.));
#1643 = DIRECTION('',(0.,-0.,1.));
#1644 = ADVANCED_FACE('',(#1645),#1656,.T.);
#1645 = FACE_BOUND('',#1646,.T.);
#1646 = EDGE_LOOP('',(#1647,#1648,#1649,#1655));
#1647 = ORIENTED_EDGE('',*,*,#1416,.T.);
#1648 = ORIENTED_EDGE('',*,*,#1565,.T.);
#1649 = ORIENTED_EDGE('',*,*,#1650,.F.);
#1650 = EDGE_CURVE('',#1432,#1556,#1651,.T.);
#1651 = LINE('',#1652,#1653);
#1652 = CARTESIAN_POINT('',(1.155,-0.8,0.));
#1653 = VECTOR('',#1654,1.);
#1654 = DIRECTION('',(0.,1.,0.));
#1655 = ORIENTED_EDGE('',*,*,#1441,.F.);
#1656 = CYLINDRICAL_SURFACE('',#1657,5.5E-02);
#1657 = AXIS2_PLACEMENT_3D('',#1658,#1659,#1660);
#1658 = CARTESIAN_POINT('',(1.155,-0.8,5.5E-02));
#1659 = DIRECTION('',(0.,1.,0.));
#1660 = DIRECTION('',(-1.,0.,0.));
#1661 = ADVANCED_FACE('',(#1662),#1673,.F.);
#1662 = FACE_BOUND('',#1663,.F.);
#1663 = EDGE_LOOP('',(#1664,#1665,#1666,#1667));
#1664 = ORIENTED_EDGE('',*,*,#1555,.F.);
#1665 = ORIENTED_EDGE('',*,*,#1650,.F.);
#1666 = ORIENTED_EDGE('',*,*,#1431,.T.);
#1667 = ORIENTED_EDGE('',*,*,#1668,.T.);
#1668 = EDGE_CURVE('',#1434,#1558,#1669,.T.);
#1669 = LINE('',#1670,#1671);
#1670 = CARTESIAN_POINT('',(1.545,-0.8,0.));
#1671 = VECTOR('',#1672,1.);
#1672 = DIRECTION('',(0.,1.,0.));
#1673 = PLANE('',#1674);
#1674 = AXIS2_PLACEMENT_3D('',#1675,#1676,#1677);
#1675 = CARTESIAN_POINT('',(1.1,-0.8,0.));
#1676 = DIRECTION('',(0.,0.,1.));
#1677 = DIRECTION('',(1.,0.,-0.));
#1678 = ADVANCED_FACE('',(#1679),#1690,.T.);
#1679 = FACE_BOUND('',#1680,.T.);
#1680 = EDGE_LOOP('',(#1681,#1682,#1683,#1684));
#1681 = ORIENTED_EDGE('',*,*,#1485,.T.);
#1682 = ORIENTED_EDGE('',*,*,#1668,.T.);
#1683 = ORIENTED_EDGE('',*,*,#1609,.F.);
#1684 = ORIENTED_EDGE('',*,*,#1685,.F.);
#1685 = EDGE_CURVE('',#1478,#1602,#1686,.T.);
#1686 = LINE('',#1687,#1688);
#1687 = CARTESIAN_POINT('',(1.6,-0.8,5.5E-02));
#1688 = VECTOR('',#1689,1.);
#1689 = DIRECTION('',(0.,1.,0.));
#1690 = CYLINDRICAL_SURFACE('',#1691,5.5E-02);
#1691 = AXIS2_PLACEMENT_3D('',#1692,#1693,#1694);
#1692 = CARTESIAN_POINT('',(1.545,-0.8,5.5E-02));
#1693 = DIRECTION('',(0.,1.,0.));
#1694 = DIRECTION('',(1.,0.,0.));
#1695 = ADVANCED_FACE('',(#1696),#1707,.T.);
#1696 = FACE_BOUND('',#1697,.T.);
#1697 = EDGE_LOOP('',(#1698,#1699,#1700,#1701));
#1698 = ORIENTED_EDGE('',*,*,#1477,.F.);
#1699 = ORIENTED_EDGE('',*,*,#1685,.T.);
#1700 = ORIENTED_EDGE('',*,*,#1601,.T.);
#1701 = ORIENTED_EDGE('',*,*,#1702,.F.);
#1702 = EDGE_CURVE('',#1469,#1593,#1703,.T.);
#1703 = LINE('',#1704,#1705);
#1704 = CARTESIAN_POINT('',(1.6,-0.8,0.495));
#1705 = VECTOR('',#1706,1.);
#1706 = DIRECTION('',(0.,1.,0.));
#1707 = PLANE('',#1708);
#1708 = AXIS2_PLACEMENT_3D('',#1709,#1710,#1711);
#1709 = CARTESIAN_POINT('',(1.6,-0.8,0.));
#1710 = DIRECTION('',(1.,0.,0.));
#1711 = DIRECTION('',(0.,0.,1.));
#1712 = ADVANCED_FACE('',(#1713),#1724,.T.);
#1713 = FACE_BOUND('',#1714,.T.);
#1714 = EDGE_LOOP('',(#1715,#1716,#1717,#1723));
#1715 = ORIENTED_EDGE('',*,*,#1702,.T.);
#1716 = ORIENTED_EDGE('',*,*,#1592,.T.);
#1717 = ORIENTED_EDGE('',*,*,#1718,.F.);
#1718 = EDGE_CURVE('',#1461,#1585,#1719,.T.);
#1719 = LINE('',#1720,#1721);
#1720 = CARTESIAN_POINT('',(1.545,-0.8,0.55));
#1721 = VECTOR('',#1722,1.);
#1722 = DIRECTION('',(0.,1.,0.));
#1723 = ORIENTED_EDGE('',*,*,#1468,.F.);
#1724 = CYLINDRICAL_SURFACE('',#1725,5.5E-02);
#1725 = AXIS2_PLACEMENT_3D('',#1726,#1727,#1728);
#1726 = CARTESIAN_POINT('',(1.545,-0.8,0.495));
#1727 = DIRECTION('',(0.,1.,0.));
#1728 = DIRECTION('',(1.,0.,0.));
#1729 = ADVANCED_FACE('',(#1730),#1741,.T.);
#1730 = FACE_BOUND('',#1731,.T.);
#1731 = EDGE_LOOP('',(#1732,#1733,#1739,#1740));
#1732 = ORIENTED_EDGE('',*,*,#1584,.F.);
#1733 = ORIENTED_EDGE('',*,*,#1734,.F.);
#1734 = EDGE_CURVE('',#1452,#1576,#1735,.T.);
#1735 = LINE('',#1736,#1737);
#1736 = CARTESIAN_POINT('',(1.155,-0.8,0.55));
#1737 = VECTOR('',#1738,1.);
#1738 = DIRECTION('',(0.,1.,0.));
#1739 = ORIENTED_EDGE('',*,*,#1460,.T.);
#1740 = ORIENTED_EDGE('',*,*,#1718,.T.);
#1741 = PLANE('',#1742);
#1742 = AXIS2_PLACEMENT_3D('',#1743,#1744,#1745);
#1743 = CARTESIAN_POINT('',(1.1,-0.8,0.55));
#1744 = DIRECTION('',(0.,0.,1.));
#1745 = DIRECTION('',(1.,0.,-0.));
#1746 = ADVANCED_FACE('',(#1747),#1758,.T.);
#1747 = FACE_BOUND('',#1748,.T.);
#1748 = EDGE_LOOP('',(#1749,#1750,#1751,#1752));
#1749 = ORIENTED_EDGE('',*,*,#1451,.T.);
#1750 = ORIENTED_EDGE('',*,*,#1734,.T.);
#1751 = ORIENTED_EDGE('',*,*,#1575,.F.);
#1752 = ORIENTED_EDGE('',*,*,#1753,.F.);
#1753 = EDGE_CURVE('',#1286,#1369,#1754,.T.);
#1754 = LINE('',#1755,#1756);
#1755 = CARTESIAN_POINT('',(1.1,-0.8,0.495));
#1756 = VECTOR('',#1757,1.);
#1757 = DIRECTION('',(0.,1.,0.));
#1758 = CYLINDRICAL_SURFACE('',#1759,5.5E-02);
#1759 = AXIS2_PLACEMENT_3D('',#1760,#1761,#1762);
#1760 = CARTESIAN_POINT('',(1.155,-0.8,0.495));
#1761 = DIRECTION('',(0.,1.,0.));
#1762 = DIRECTION('',(-1.,0.,0.));
#1763 = ADVANCED_FACE('',(#1764),#1775,.T.);
#1764 = FACE_BOUND('',#1765,.T.);
#1765 = EDGE_LOOP('',(#1766,#1767,#1768,#1769));
#1766 = ORIENTED_EDGE('',*,*,#1517,.F.);
#1767 = ORIENTED_EDGE('',*,*,#1753,.T.);
#1768 = ORIENTED_EDGE('',*,*,#1634,.T.);
#1769 = ORIENTED_EDGE('',*,*,#1770,.F.);
#1770 = EDGE_CURVE('',#1510,#1627,#1771,.T.);
#1771 = LINE('',#1772,#1773);
#1772 = CARTESIAN_POINT('',(1.1,-0.8,0.55));
#1773 = VECTOR('',#1774,1.);
#1774 = DIRECTION('',(0.,1.,0.));
#1775 = PLANE('',#1776);
#1776 = AXIS2_PLACEMENT_3D('',#1777,#1778,#1779);
#1777 = CARTESIAN_POINT('',(1.1,-0.8,0.495));
#1778 = DIRECTION('',(1.,0.,0.));
#1779 = DIRECTION('',(0.,0.,1.));
#1780 = ADVANCED_FACE('',(#1781),#1787,.T.);
#1781 = FACE_BOUND('',#1782,.T.);
#1782 = EDGE_LOOP('',(#1783,#1784,#1785,#1786));
#1783 = ORIENTED_EDGE('',*,*,#1541,.F.);
#1784 = ORIENTED_EDGE('',*,*,#1509,.T.);
#1785 = ORIENTED_EDGE('',*,*,#1770,.T.);
#1786 = ORIENTED_EDGE('',*,*,#1626,.F.);
#1787 = PLANE('',#1788);
#1788 = AXIS2_PLACEMENT_3D('',#1789,#1790,#1791);
#1789 = CARTESIAN_POINT('',(-1.1,-0.8,0.55));
#1790 = DIRECTION('',(0.,0.,1.));
#1791 = DIRECTION('',(1.,0.,-0.));
#1792 = ( GEOMETRIC_REPRESENTATION_CONTEXT(3) 
GLOBAL_UNCERTAINTY_ASSIGNED_CONTEXT((#1796)) 
GLOBAL_UNIT_ASSIGNED_CONTEXT((#1793,#1794,#1795)) REPRESENTATION_CONTEXT
('Context #1','3D Context with UNIT and UNCERTAINTY') );
#1793 = ( LENGTH_UNIT() NAMED_UNIT(*) SI_UNIT(.MILLI.,.METRE.) );
#1794 = ( NAMED_UNIT(*) PLANE_ANGLE_UNIT() SI_UNIT($,.RADIAN.) );
#1795 = ( NAMED_UNIT(*) SI_UNIT($,.STERADIAN.) SOLID_ANGLE_UNIT() );
#1796 = UNCERTAINTY_MEASURE_WITH_UNIT(LENGTH_MEASURE(1.E-07),#1793,
  'distance_accuracy_value','confusion accuracy');
#1797 = CONTEXT_DEPENDENT_SHAPE_REPRESENTATION(#1798,#1800);
#1798 = ( REPRESENTATION_RELATIONSHIP('','',#1001,#10) 
REPRESENTATION_RELATIONSHIP_WITH_TRANSFORMATION(#1799) 
SHAPE_REPRESENTATION_RELATIONSHIP() );
#1799 = ITEM_DEFINED_TRANSFORMATION('','',#11,#19);
#1800 = PRODUCT_DEFINITION_SHAPE('Placement','Placement of an item',
  #1801);
#1801 = NEXT_ASSEMBLY_USAGE_OCCURRENCE('2','F1','',#5,#996,$);
#1802 = PRODUCT_RELATED_PRODUCT_CATEGORY('part',$,(#998));
#1803 = SHAPE_DEFINITION_REPRESENTATION(#1804,#1810);
#1804 = PRODUCT_DEFINITION_SHAPE('','',#1805);
#1805 = PRODUCT_DEFINITION('design','',#1806,#1809);
#1806 = PRODUCT_DEFINITION_FORMATION('','',#1807);
#1807 = PRODUCT('R_0805_2012Metric','R_0805_2012Metric','',(#1808));
#1808 = PRODUCT_CONTEXT('',#2,'mechanical');
#1809 = PRODUCT_DEFINITION_CONTEXT('part definition',#2,'design');
#1810 = ADVANCED_BREP_SHAPE_REPRESENTATION('',(#11,#1811),#2601);
#1811 = MANIFOLD_SOLID_BREP('',#1812);
#1812 = CLOSED_SHELL('',(#1813,#1853,#1936,#1961,#1986,#2053,#2070,#2087
    ,#2136,#2153,#2170,#2219,#2236,#2305,#2336,#2360,#2429,#2453,#2470,
    #2487,#2504,#2521,#2538,#2555,#2572,#2589));
#1813 = ADVANCED_FACE('',(#1814),#1848,.F.);
#1814 = FACE_BOUND('',#1815,.F.);
#1815 = EDGE_LOOP('',(#1816,#1826,#1834,#1842));
#1816 = ORIENTED_EDGE('',*,*,#1817,.F.);
#1817 = EDGE_CURVE('',#1818,#1820,#1822,.T.);
#1818 = VERTEX_POINT('',#1819);
#1819 = CARTESIAN_POINT('',(-1.,-0.6,4.5E-02));
#1820 = VERTEX_POINT('',#1821);
#1821 = CARTESIAN_POINT('',(-1.,-0.6,0.405));
#1822 = LINE('',#1823,#1824);
#1823 = CARTESIAN_POINT('',(-1.,-0.6,0.));
#1824 = VECTOR('',#1825,1.);
#1825 = DIRECTION('',(0.,0.,1.));
#1826 = ORIENTED_EDGE('',*,*,#1827,.T.);
#1827 = EDGE_CURVE('',#1818,#1828,#1830,.T.);
#1828 = VERTEX_POINT('',#1829);
#1829 = CARTESIAN_POINT('',(-1.,0.6,4.5E-02));
#1830 = LINE('',#1831,#1832);
#1831 = CARTESIAN_POINT('',(-1.,-0.6,4.5E-02));
#1832 = VECTOR('',#1833,1.);
#1833 = DIRECTION('',(0.,1.,0.));
#1834 = ORIENTED_EDGE('',*,*,#1835,.T.);
#1835 = EDGE_CURVE('',#1828,#1836,#1838,.T.);
#1836 = VERTEX_POINT('',#1837);
#1837 = CARTESIAN_POINT('',(-1.,0.6,0.405));
#1838 = LINE('',#1839,#1840);
#1839 = CARTESIAN_POINT('',(-1.,0.6,0.));
#1840 = VECTOR('',#1841,1.);
#1841 = DIRECTION('',(0.,0.,1.));
#1842 = ORIENTED_EDGE('',*,*,#1843,.F.);
#1843 = EDGE_CURVE('',#1820,#1836,#1844,.T.);
#1844 = LINE('',#1845,#1846);
#1845 = CARTESIAN_POINT('',(-1.,-0.6,0.405));
#1846 = VECTOR('',#1847,1.);
#1847 = DIRECTION('',(0.,1.,0.));
#1848 = PLANE('',#1849);
#1849 = AXIS2_PLACEMENT_3D('',#1850,#1851,#1852);
#1850 = CARTESIAN_POINT('',(-1.,-0.6,0.));
#1851 = DIRECTION('',(1.,0.,0.));
#1852 = DIRECTION('',(0.,0.,1.));
#1853 = ADVANCED_FACE('',(#1854),#1931,.F.);
#1854 = FACE_BOUND('',#1855,.F.);
#1855 = EDGE_LOOP('',(#1856,#1866,#1873,#1874,#1883,#1891,#1900,#1908,
    #1916,#1924));
#1856 = ORIENTED_EDGE('',*,*,#1857,.F.);
#1857 = EDGE_CURVE('',#1858,#1860,#1862,.T.);
#1858 = VERTEX_POINT('',#1859);
#1859 = CARTESIAN_POINT('',(-0.955,-0.6,-2.775557561563E-17));
#1860 = VERTEX_POINT('',#1861);
#1861 = CARTESIAN_POINT('',(-0.745,-0.6,-2.775557561563E-17));
#1862 = LINE('',#1863,#1864);
#1863 = CARTESIAN_POINT('',(-1.,-0.6,0.));
#1864 = VECTOR('',#1865,1.);
#1865 = DIRECTION('',(1.,0.,0.));
#1866 = ORIENTED_EDGE('',*,*,#1867,.F.);
#1867 = EDGE_CURVE('',#1818,#1858,#1868,.T.);
#1868 = CIRCLE('',#1869,4.5E-02);
#1869 = AXIS2_PLACEMENT_3D('',#1870,#1871,#1872);
#1870 = CARTESIAN_POINT('',(-0.955,-0.6,4.5E-02));
#1871 = DIRECTION('',(0.,-1.,0.));
#1872 = DIRECTION('',(0.,0.,1.));
#1873 = ORIENTED_EDGE('',*,*,#1817,.T.);
#1874 = ORIENTED_EDGE('',*,*,#1875,.T.);
#1875 = EDGE_CURVE('',#1820,#1876,#1878,.T.);
#1876 = VERTEX_POINT('',#1877);
#1877 = CARTESIAN_POINT('',(-0.955,-0.6,0.45));
#1878 = CIRCLE('',#1879,4.5E-02);
#1879 = AXIS2_PLACEMENT_3D('',#1880,#1881,#1882);
#1880 = CARTESIAN_POINT('',(-0.955,-0.6,0.405));
#1881 = DIRECTION('',(0.,1.,0.));
#1882 = DIRECTION('',(0.,-0.,1.));
#1883 = ORIENTED_EDGE('',*,*,#1884,.T.);
#1884 = EDGE_CURVE('',#1876,#1885,#1887,.T.);
#1885 = VERTEX_POINT('',#1886);
#1886 = CARTESIAN_POINT('',(-0.745,-0.6,0.45));
#1887 = LINE('',#1888,#1889);
#1888 = CARTESIAN_POINT('',(-1.,-0.6,0.45));
#1889 = VECTOR('',#1890,1.);
#1890 = DIRECTION('',(1.,0.,0.));
#1891 = ORIENTED_EDGE('',*,*,#1892,.F.);
#1892 = EDGE_CURVE('',#1893,#1885,#1895,.T.);
#1893 = VERTEX_POINT('',#1894);
#1894 = CARTESIAN_POINT('',(-0.7,-0.6,0.405));
#1895 = CIRCLE('',#1896,4.5E-02);
#1896 = AXIS2_PLACEMENT_3D('',#1897,#1898,#1899);
#1897 = CARTESIAN_POINT('',(-0.745,-0.6,0.405));
#1898 = DIRECTION('',(0.,-1.,0.));
#1899 = DIRECTION('',(0.,0.,1.));
#1900 = ORIENTED_EDGE('',*,*,#1901,.F.);
#1901 = EDGE_CURVE('',#1902,#1893,#1904,.T.);
#1902 = VERTEX_POINT('',#1903);
#1903 = CARTESIAN_POINT('',(-0.955,-0.6,0.405));
#1904 = LINE('',#1905,#1906);
#1905 = CARTESIAN_POINT('',(-0.955,-0.6,0.405));
#1906 = VECTOR('',#1907,1.);
#1907 = DIRECTION('',(1.,0.,0.));
#1908 = ORIENTED_EDGE('',*,*,#1909,.F.);
#1909 = EDGE_CURVE('',#1910,#1902,#1912,.T.);
#1910 = VERTEX_POINT('',#1911);
#1911 = CARTESIAN_POINT('',(-0.955,-0.6,4.5E-02));
#1912 = LINE('',#1913,#1914);
#1913 = CARTESIAN_POINT('',(-0.955,-0.6,4.5E-02));
#1914 = VECTOR('',#1915,1.);
#1915 = DIRECTION('',(0.,0.,1.));
#1916 = ORIENTED_EDGE('',*,*,#1917,.T.);
#1917 = EDGE_CURVE('',#1910,#1918,#1920,.T.);
#1918 = VERTEX_POINT('',#1919);
#1919 = CARTESIAN_POINT('',(-0.7,-0.6,4.5E-02));
#1920 = LINE('',#1921,#1922);
#1921 = CARTESIAN_POINT('',(-0.955,-0.6,4.5E-02));
#1922 = VECTOR('',#1923,1.);
#1923 = DIRECTION('',(1.,0.,0.));
#1924 = ORIENTED_EDGE('',*,*,#1925,.T.);
#1925 = EDGE_CURVE('',#1918,#1860,#1926,.T.);
#1926 = CIRCLE('',#1927,4.5E-02);
#1927 = AXIS2_PLACEMENT_3D('',#1928,#1929,#1930);
#1928 = CARTESIAN_POINT('',(-0.745,-0.6,4.5E-02));
#1929 = DIRECTION('',(0.,1.,0.));
#1930 = DIRECTION('',(0.,-0.,1.));
#1931 = PLANE('',#1932);
#1932 = AXIS2_PLACEMENT_3D('',#1933,#1934,#1935);
#1933 = CARTESIAN_POINT('',(-1.,-0.6,0.));
#1934 = DIRECTION('',(0.,1.,0.));
#1935 = DIRECTION('',(0.,-0.,1.));
#1936 = ADVANCED_FACE('',(#1937),#1956,.T.);
#1937 = FACE_BOUND('',#1938,.T.);
#1938 = EDGE_LOOP('',(#1939,#1940,#1949,#1955));
#1939 = ORIENTED_EDGE('',*,*,#1827,.T.);
#1940 = ORIENTED_EDGE('',*,*,#1941,.T.);
#1941 = EDGE_CURVE('',#1828,#1942,#1944,.T.);
#1942 = VERTEX_POINT('',#1943);
#1943 = CARTESIAN_POINT('',(-0.955,0.6,-2.775557561563E-17));
#1944 = CIRCLE('',#1945,4.5E-02);
#1945 = AXIS2_PLACEMENT_3D('',#1946,#1947,#1948);
#1946 = CARTESIAN_POINT('',(-0.955,0.6,4.5E-02));
#1947 = DIRECTION('',(0.,-1.,0.));
#1948 = DIRECTION('',(0.,0.,1.));
#1949 = ORIENTED_EDGE('',*,*,#1950,.F.);
#1950 = EDGE_CURVE('',#1858,#1942,#1951,.T.);
#1951 = LINE('',#1952,#1953);
#1952 = CARTESIAN_POINT('',(-0.955,-0.6,-2.775557561563E-17));
#1953 = VECTOR('',#1954,1.);
#1954 = DIRECTION('',(0.,1.,0.));
#1955 = ORIENTED_EDGE('',*,*,#1867,.F.);
#1956 = CYLINDRICAL_SURFACE('',#1957,4.5E-02);
#1957 = AXIS2_PLACEMENT_3D('',#1958,#1959,#1960);
#1958 = CARTESIAN_POINT('',(-0.955,-0.6,4.5E-02));
#1959 = DIRECTION('',(0.,1.,0.));
#1960 = DIRECTION('',(-1.,0.,0.));
#1961 = ADVANCED_FACE('',(#1962),#1981,.T.);
#1962 = FACE_BOUND('',#1963,.T.);
#1963 = EDGE_LOOP('',(#1964,#1965,#1973,#1980));
#1964 = ORIENTED_EDGE('',*,*,#1875,.T.);
#1965 = ORIENTED_EDGE('',*,*,#1966,.T.);
#1966 = EDGE_CURVE('',#1876,#1967,#1969,.T.);
#1967 = VERTEX_POINT('',#1968);
#1968 = CARTESIAN_POINT('',(-0.955,0.6,0.45));
#1969 = LINE('',#1970,#1971);
#1970 = CARTESIAN_POINT('',(-0.955,-0.6,0.45));
#1971 = VECTOR('',#1972,1.);
#1972 = DIRECTION('',(0.,1.,0.));
#1973 = ORIENTED_EDGE('',*,*,#1974,.F.);
#1974 = EDGE_CURVE('',#1836,#1967,#1975,.T.);
#1975 = CIRCLE('',#1976,4.5E-02);
#1976 = AXIS2_PLACEMENT_3D('',#1977,#1978,#1979);
#1977 = CARTESIAN_POINT('',(-0.955,0.6,0.405));
#1978 = DIRECTION('',(0.,1.,0.));
#1979 = DIRECTION('',(0.,-0.,1.));
#1980 = ORIENTED_EDGE('',*,*,#1843,.F.);
#1981 = CYLINDRICAL_SURFACE('',#1982,4.5E-02);
#1982 = AXIS2_PLACEMENT_3D('',#1983,#1984,#1985);
#1983 = CARTESIAN_POINT('',(-0.955,-0.6,0.405));
#1984 = DIRECTION('',(0.,1.,0.));
#1985 = DIRECTION('',(-1.,0.,0.));
#1986 = ADVANCED_FACE('',(#1987),#2048,.T.);
#1987 = FACE_BOUND('',#1988,.T.);
#1988 = EDGE_LOOP('',(#1989,#1997,#1998,#1999,#2000,#2008,#2017,#2025,
    #2033,#2041));
#1989 = ORIENTED_EDGE('',*,*,#1990,.F.);
#1990 = EDGE_CURVE('',#1942,#1991,#1993,.T.);
#1991 = VERTEX_POINT('',#1992);
#1992 = CARTESIAN_POINT('',(-0.745,0.6,-2.775557561563E-17));
#1993 = LINE('',#1994,#1995);
#1994 = CARTESIAN_POINT('',(-1.,0.6,0.));
#1995 = VECTOR('',#1996,1.);
#1996 = DIRECTION('',(1.,0.,0.));
#1997 = ORIENTED_EDGE('',*,*,#1941,.F.);
#1998 = ORIENTED_EDGE('',*,*,#1835,.T.);
#1999 = ORIENTED_EDGE('',*,*,#1974,.T.);
#2000 = ORIENTED_EDGE('',*,*,#2001,.T.);
#2001 = EDGE_CURVE('',#1967,#2002,#2004,.T.);
#2002 = VERTEX_POINT('',#2003);
#2003 = CARTESIAN_POINT('',(-0.745,0.6,0.45));
#2004 = LINE('',#2005,#2006);
#2005 = CARTESIAN_POINT('',(-1.,0.6,0.45));
#2006 = VECTOR('',#2007,1.);
#2007 = DIRECTION('',(1.,0.,0.));
#2008 = ORIENTED_EDGE('',*,*,#2009,.F.);
#2009 = EDGE_CURVE('',#2010,#2002,#2012,.T.);
#2010 = VERTEX_POINT('',#2011);
#2011 = CARTESIAN_POINT('',(-0.7,0.6,0.405));
#2012 = CIRCLE('',#2013,4.5E-02);
#2013 = AXIS2_PLACEMENT_3D('',#2014,#2015,#2016);
#2014 = CARTESIAN_POINT('',(-0.745,0.6,0.405));
#2015 = DIRECTION('',(0.,-1.,0.));
#2016 = DIRECTION('',(0.,0.,1.));
#2017 = ORIENTED_EDGE('',*,*,#2018,.F.);
#2018 = EDGE_CURVE('',#2019,#2010,#2021,.T.);
#2019 = VERTEX_POINT('',#2020);
#2020 = CARTESIAN_POINT('',(-0.955,0.6,0.405));
#2021 = LINE('',#2022,#2023);
#2022 = CARTESIAN_POINT('',(-0.955,0.6,0.405));
#2023 = VECTOR('',#2024,1.);
#2024 = DIRECTION('',(1.,0.,0.));
#2025 = ORIENTED_EDGE('',*,*,#2026,.F.);
#2026 = EDGE_CURVE('',#2027,#2019,#2029,.T.);
#2027 = VERTEX_POINT('',#2028);
#2028 = CARTESIAN_POINT('',(-0.955,0.6,4.5E-02));
#2029 = LINE('',#2030,#2031);
#2030 = CARTESIAN_POINT('',(-0.955,0.6,4.5E-02));
#2031 = VECTOR('',#2032,1.);
#2032 = DIRECTION('',(0.,0.,1.));
#2033 = ORIENTED_EDGE('',*,*,#2034,.T.);
#2034 = EDGE_CURVE('',#2027,#2035,#2037,.T.);
#2035 = VERTEX_POINT('',#2036);
#2036 = CARTESIAN_POINT('',(-0.7,0.6,4.5E-02));
#2037 = LINE('',#2038,#2039);
#2038 = CARTESIAN_POINT('',(-0.955,0.6,4.5E-02));
#2039 = VECTOR('',#2040,1.);
#2040 = DIRECTION('',(1.,0.,0.));
#2041 = ORIENTED_EDGE('',*,*,#2042,.T.);
#2042 = EDGE_CURVE('',#2035,#1991,#2043,.T.);
#2043 = CIRCLE('',#2044,4.5E-02);
#2044 = AXIS2_PLACEMENT_3D('',#2045,#2046,#2047);
#2045 = CARTESIAN_POINT('',(-0.745,0.6,4.5E-02));
#2046 = DIRECTION('',(0.,1.,0.));
#2047 = DIRECTION('',(0.,-0.,1.));
#2048 = PLANE('',#2049);
#2049 = AXIS2_PLACEMENT_3D('',#2050,#2051,#2052);
#2050 = CARTESIAN_POINT('',(-1.,0.6,0.));
#2051 = DIRECTION('',(0.,1.,0.));
#2052 = DIRECTION('',(0.,-0.,1.));
#2053 = ADVANCED_FACE('',(#2054),#2065,.F.);
#2054 = FACE_BOUND('',#2055,.F.);
#2055 = EDGE_LOOP('',(#2056,#2057,#2058,#2059));
#2056 = ORIENTED_EDGE('',*,*,#1990,.F.);
#2057 = ORIENTED_EDGE('',*,*,#1950,.F.);
#2058 = ORIENTED_EDGE('',*,*,#1857,.T.);
#2059 = ORIENTED_EDGE('',*,*,#2060,.T.);
#2060 = EDGE_CURVE('',#1860,#1991,#2061,.T.);
#2061 = LINE('',#2062,#2063);
#2062 = CARTESIAN_POINT('',(-0.745,-0.6,-2.775557561563E-17));
#2063 = VECTOR('',#2064,1.);
#2064 = DIRECTION('',(0.,1.,0.));
#2065 = PLANE('',#2066);
#2066 = AXIS2_PLACEMENT_3D('',#2067,#2068,#2069);
#2067 = CARTESIAN_POINT('',(-1.,-0.6,0.));
#2068 = DIRECTION('',(0.,0.,1.));
#2069 = DIRECTION('',(1.,0.,-0.));
#2070 = ADVANCED_FACE('',(#2071),#2082,.T.);
#2071 = FACE_BOUND('',#2072,.T.);
#2072 = EDGE_LOOP('',(#2073,#2074,#2075,#2076));
#2073 = ORIENTED_EDGE('',*,*,#1925,.T.);
#2074 = ORIENTED_EDGE('',*,*,#2060,.T.);
#2075 = ORIENTED_EDGE('',*,*,#2042,.F.);
#2076 = ORIENTED_EDGE('',*,*,#2077,.F.);
#2077 = EDGE_CURVE('',#1918,#2035,#2078,.T.);
#2078 = LINE('',#2079,#2080);
#2079 = CARTESIAN_POINT('',(-0.7,-0.6,4.5E-02));
#2080 = VECTOR('',#2081,1.);
#2081 = DIRECTION('',(0.,1.,0.));
#2082 = CYLINDRICAL_SURFACE('',#2083,4.5E-02);
#2083 = AXIS2_PLACEMENT_3D('',#2084,#2085,#2086);
#2084 = CARTESIAN_POINT('',(-0.745,-0.6,4.5E-02));
#2085 = DIRECTION('',(0.,1.,0.));
#2086 = DIRECTION('',(1.,0.,0.));
#2087 = ADVANCED_FACE('',(#2088),#2131,.F.);
#2088 = FACE_BOUND('',#2089,.F.);
#2089 = EDGE_LOOP('',(#2090,#2091,#2092,#2093,#2101,#2109,#2117,#2125));
#2090 = ORIENTED_EDGE('',*,*,#1917,.F.);
#2091 = ORIENTED_EDGE('',*,*,#1909,.T.);
#2092 = ORIENTED_EDGE('',*,*,#1901,.T.);
#2093 = ORIENTED_EDGE('',*,*,#2094,.T.);
#2094 = EDGE_CURVE('',#1893,#2095,#2097,.T.);
#2095 = VERTEX_POINT('',#2096);
#2096 = CARTESIAN_POINT('',(0.7,-0.6,0.405));
#2097 = LINE('',#2098,#2099);
#2098 = CARTESIAN_POINT('',(-0.7,-0.6,0.405));
#2099 = VECTOR('',#2100,1.);
#2100 = DIRECTION('',(1.,0.,0.));
#2101 = ORIENTED_EDGE('',*,*,#2102,.T.);
#2102 = EDGE_CURVE('',#2095,#2103,#2105,.T.);
#2103 = VERTEX_POINT('',#2104);
#2104 = CARTESIAN_POINT('',(0.955,-0.6,0.405));
#2105 = LINE('',#2106,#2107);
#2106 = CARTESIAN_POINT('',(-0.955,-0.6,0.405));
#2107 = VECTOR('',#2108,1.);
#2108 = DIRECTION('',(1.,0.,0.));
#2109 = ORIENTED_EDGE('',*,*,#2110,.F.);
#2110 = EDGE_CURVE('',#2111,#2103,#2113,.T.);
#2111 = VERTEX_POINT('',#2112);
#2112 = CARTESIAN_POINT('',(0.955,-0.6,4.5E-02));
#2113 = LINE('',#2114,#2115);
#2114 = CARTESIAN_POINT('',(0.955,-0.6,4.5E-02));
#2115 = VECTOR('',#2116,1.);
#2116 = DIRECTION('',(0.,0.,1.));
#2117 = ORIENTED_EDGE('',*,*,#2118,.F.);
#2118 = EDGE_CURVE('',#2119,#2111,#2121,.T.);
#2119 = VERTEX_POINT('',#2120);
#2120 = CARTESIAN_POINT('',(0.7,-0.6,4.5E-02));
#2121 = LINE('',#2122,#2123);
#2122 = CARTESIAN_POINT('',(-0.955,-0.6,4.5E-02));
#2123 = VECTOR('',#2124,1.);
#2124 = DIRECTION('',(1.,0.,0.));
#2125 = ORIENTED_EDGE('',*,*,#2126,.F.);
#2126 = EDGE_CURVE('',#1918,#2119,#2127,.T.);
#2127 = LINE('',#2128,#2129);
#2128 = CARTESIAN_POINT('',(-0.955,-0.6,4.5E-02));
#2129 = VECTOR('',#2130,1.);
#2130 = DIRECTION('',(1.,0.,0.));
#2131 = PLANE('',#2132);
#2132 = AXIS2_PLACEMENT_3D('',#2133,#2134,#2135);
#2133 = CARTESIAN_POINT('',(-0.955,-0.6,4.5E-02));
#2134 = DIRECTION('',(0.,1.,0.));
#2135 = DIRECTION('',(0.,-0.,1.));
#2136 = ADVANCED_FACE('',(#2137),#2148,.T.);
#2137 = FACE_BOUND('',#2138,.T.);
#2138 = EDGE_LOOP('',(#2139,#2140,#2141,#2142));
#2139 = ORIENTED_EDGE('',*,*,#2001,.F.);
#2140 = ORIENTED_EDGE('',*,*,#1966,.F.);
#2141 = ORIENTED_EDGE('',*,*,#1884,.T.);
#2142 = ORIENTED_EDGE('',*,*,#2143,.T.);
#2143 = EDGE_CURVE('',#1885,#2002,#2144,.T.);
#2144 = LINE('',#2145,#2146);
#2145 = CARTESIAN_POINT('',(-0.745,-0.6,0.45));
#2146 = VECTOR('',#2147,1.);
#2147 = DIRECTION('',(0.,1.,0.));
#2148 = PLANE('',#2149);
#2149 = AXIS2_PLACEMENT_3D('',#2150,#2151,#2152);
#2150 = CARTESIAN_POINT('',(-1.,-0.6,0.45));
#2151 = DIRECTION('',(0.,0.,1.));
#2152 = DIRECTION('',(1.,0.,-0.));
#2153 = ADVANCED_FACE('',(#2154),#2165,.T.);
#2154 = FACE_BOUND('',#2155,.T.);
#2155 = EDGE_LOOP('',(#2156,#2162,#2163,#2164));
#2156 = ORIENTED_EDGE('',*,*,#2157,.T.);
#2157 = EDGE_CURVE('',#1893,#2010,#2158,.T.);
#2158 = LINE('',#2159,#2160);
#2159 = CARTESIAN_POINT('',(-0.7,-0.6,0.405));
#2160 = VECTOR('',#2161,1.);
#2161 = DIRECTION('',(0.,1.,0.));
#2162 = ORIENTED_EDGE('',*,*,#2009,.T.);
#2163 = ORIENTED_EDGE('',*,*,#2143,.F.);
#2164 = ORIENTED_EDGE('',*,*,#1892,.F.);
#2165 = CYLINDRICAL_SURFACE('',#2166,4.5E-02);
#2166 = AXIS2_PLACEMENT_3D('',#2167,#2168,#2169);
#2167 = CARTESIAN_POINT('',(-0.745,-0.6,0.405));
#2168 = DIRECTION('',(0.,1.,0.));
#2169 = DIRECTION('',(1.,0.,0.));
#2170 = ADVANCED_FACE('',(#2171),#2214,.T.);
#2171 = FACE_BOUND('',#2172,.T.);
#2172 = EDGE_LOOP('',(#2173,#2174,#2175,#2176,#2184,#2192,#2200,#2208));
#2173 = ORIENTED_EDGE('',*,*,#2034,.F.);
#2174 = ORIENTED_EDGE('',*,*,#2026,.T.);
#2175 = ORIENTED_EDGE('',*,*,#2018,.T.);
#2176 = ORIENTED_EDGE('',*,*,#2177,.T.);
#2177 = EDGE_CURVE('',#2010,#2178,#2180,.T.);
#2178 = VERTEX_POINT('',#2179);
#2179 = CARTESIAN_POINT('',(0.7,0.6,0.405));
#2180 = LINE('',#2181,#2182);
#2181 = CARTESIAN_POINT('',(-0.7,0.6,0.405));
#2182 = VECTOR('',#2183,1.);
#2183 = DIRECTION('',(1.,0.,0.));
#2184 = ORIENTED_EDGE('',*,*,#2185,.T.);
#2185 = EDGE_CURVE('',#2178,#2186,#2188,.T.);
#2186 = VERTEX_POINT('',#2187);
#2187 = CARTESIAN_POINT('',(0.955,0.6,0.405));
#2188 = LINE('',#2189,#2190);
#2189 = CARTESIAN_POINT('',(-0.955,0.6,0.405));
#2190 = VECTOR('',#2191,1.);
#2191 = DIRECTION('',(1.,0.,0.));
#2192 = ORIENTED_EDGE('',*,*,#2193,.F.);
#2193 = EDGE_CURVE('',#2194,#2186,#2196,.T.);
#2194 = VERTEX_POINT('',#2195);
#2195 = CARTESIAN_POINT('',(0.955,0.6,4.5E-02));
#2196 = LINE('',#2197,#2198);
#2197 = CARTESIAN_POINT('',(0.955,0.6,4.5E-02));
#2198 = VECTOR('',#2199,1.);
#2199 = DIRECTION('',(0.,0.,1.));
#2200 = ORIENTED_EDGE('',*,*,#2201,.F.);
#2201 = EDGE_CURVE('',#2202,#2194,#2204,.T.);
#2202 = VERTEX_POINT('',#2203);
#2203 = CARTESIAN_POINT('',(0.7,0.6,4.5E-02));
#2204 = LINE('',#2205,#2206);
#2205 = CARTESIAN_POINT('',(-0.955,0.6,4.5E-02));
#2206 = VECTOR('',#2207,1.);
#2207 = DIRECTION('',(1.,0.,0.));
#2208 = ORIENTED_EDGE('',*,*,#2209,.F.);
#2209 = EDGE_CURVE('',#2035,#2202,#2210,.T.);
#2210 = LINE('',#2211,#2212);
#2211 = CARTESIAN_POINT('',(-0.955,0.6,4.5E-02));
#2212 = VECTOR('',#2213,1.);
#2213 = DIRECTION('',(1.,0.,0.));
#2214 = PLANE('',#2215);
#2215 = AXIS2_PLACEMENT_3D('',#2216,#2217,#2218);
#2216 = CARTESIAN_POINT('',(-0.955,0.6,4.5E-02));
#2217 = DIRECTION('',(0.,1.,0.));
#2218 = DIRECTION('',(0.,-0.,1.));
#2219 = ADVANCED_FACE('',(#2220),#2231,.F.);
#2220 = FACE_BOUND('',#2221,.F.);
#2221 = EDGE_LOOP('',(#2222,#2223,#2224,#2230));
#2222 = ORIENTED_EDGE('',*,*,#2077,.F.);
#2223 = ORIENTED_EDGE('',*,*,#2126,.T.);
#2224 = ORIENTED_EDGE('',*,*,#2225,.T.);
#2225 = EDGE_CURVE('',#2119,#2202,#2226,.T.);
#2226 = LINE('',#2227,#2228);
#2227 = CARTESIAN_POINT('',(0.7,-0.6,4.5E-02));
#2228 = VECTOR('',#2229,1.);
#2229 = DIRECTION('',(0.,1.,0.));
#2230 = ORIENTED_EDGE('',*,*,#2209,.F.);
#2231 = PLANE('',#2232);
#2232 = AXIS2_PLACEMENT_3D('',#2233,#2234,#2235);
#2233 = CARTESIAN_POINT('',(-0.955,-0.6,4.5E-02));
#2234 = DIRECTION('',(0.,0.,1.));
#2235 = DIRECTION('',(1.,0.,-0.));
#2236 = ADVANCED_FACE('',(#2237),#2300,.F.);
#2237 = FACE_BOUND('',#2238,.F.);
#2238 = EDGE_LOOP('',(#2239,#2249,#2256,#2257,#2258,#2259,#2268,#2276,
    #2285,#2293));
#2239 = ORIENTED_EDGE('',*,*,#2240,.F.);
#2240 = EDGE_CURVE('',#2241,#2243,#2245,.T.);
#2241 = VERTEX_POINT('',#2242);
#2242 = CARTESIAN_POINT('',(0.745,-0.6,-2.775557561563E-17));
#2243 = VERTEX_POINT('',#2244);
#2244 = CARTESIAN_POINT('',(0.955,-0.6,-2.775557561563E-17));
#2245 = LINE('',#2246,#2247);
#2246 = CARTESIAN_POINT('',(0.7,-0.6,0.));
#2247 = VECTOR('',#2248,1.);
#2248 = DIRECTION('',(1.,0.,0.));
#2249 = ORIENTED_EDGE('',*,*,#2250,.F.);
#2250 = EDGE_CURVE('',#2119,#2241,#2251,.T.);
#2251 = CIRCLE('',#2252,4.5E-02);
#2252 = AXIS2_PLACEMENT_3D('',#2253,#2254,#2255);
#2253 = CARTESIAN_POINT('',(0.745,-0.6,4.5E-02));
#2254 = DIRECTION('',(0.,-1.,0.));
#2255 = DIRECTION('',(0.,0.,1.));
#2256 = ORIENTED_EDGE('',*,*,#2118,.T.);
#2257 = ORIENTED_EDGE('',*,*,#2110,.T.);
#2258 = ORIENTED_EDGE('',*,*,#2102,.F.);
#2259 = ORIENTED_EDGE('',*,*,#2260,.T.);
#2260 = EDGE_CURVE('',#2095,#2261,#2263,.T.);
#2261 = VERTEX_POINT('',#2262);
#2262 = CARTESIAN_POINT('',(0.745,-0.6,0.45));
#2263 = CIRCLE('',#2264,4.5E-02);
#2264 = AXIS2_PLACEMENT_3D('',#2265,#2266,#2267);
#2265 = CARTESIAN_POINT('',(0.745,-0.6,0.405));
#2266 = DIRECTION('',(0.,1.,0.));
#2267 = DIRECTION('',(0.,-0.,1.));
#2268 = ORIENTED_EDGE('',*,*,#2269,.T.);
#2269 = EDGE_CURVE('',#2261,#2270,#2272,.T.);
#2270 = VERTEX_POINT('',#2271);
#2271 = CARTESIAN_POINT('',(0.955,-0.6,0.45));
#2272 = LINE('',#2273,#2274);
#2273 = CARTESIAN_POINT('',(0.7,-0.6,0.45));
#2274 = VECTOR('',#2275,1.);
#2275 = DIRECTION('',(1.,0.,0.));
#2276 = ORIENTED_EDGE('',*,*,#2277,.F.);
#2277 = EDGE_CURVE('',#2278,#2270,#2280,.T.);
#2278 = VERTEX_POINT('',#2279);
#2279 = CARTESIAN_POINT('',(1.,-0.6,0.405));
#2280 = CIRCLE('',#2281,4.5E-02);
#2281 = AXIS2_PLACEMENT_3D('',#2282,#2283,#2284);
#2282 = CARTESIAN_POINT('',(0.955,-0.6,0.405));
#2283 = DIRECTION('',(0.,-1.,0.));
#2284 = DIRECTION('',(0.,0.,1.));
#2285 = ORIENTED_EDGE('',*,*,#2286,.F.);
#2286 = EDGE_CURVE('',#2287,#2278,#2289,.T.);
#2287 = VERTEX_POINT('',#2288);
#2288 = CARTESIAN_POINT('',(1.,-0.6,4.5E-02));
#2289 = LINE('',#2290,#2291);
#2290 = CARTESIAN_POINT('',(1.,-0.6,0.));
#2291 = VECTOR('',#2292,1.);
#2292 = DIRECTION('',(0.,0.,1.));
#2293 = ORIENTED_EDGE('',*,*,#2294,.T.);
#2294 = EDGE_CURVE('',#2287,#2243,#2295,.T.);
#2295 = CIRCLE('',#2296,4.5E-02);
#2296 = AXIS2_PLACEMENT_3D('',#2297,#2298,#2299);
#2297 = CARTESIAN_POINT('',(0.955,-0.6,4.5E-02));
#2298 = DIRECTION('',(0.,1.,0.));
#2299 = DIRECTION('',(0.,-0.,1.));
#2300 = PLANE('',#2301);
#2301 = AXIS2_PLACEMENT_3D('',#2302,#2303,#2304);
#2302 = CARTESIAN_POINT('',(0.7,-0.6,0.));
#2303 = DIRECTION('',(0.,1.,0.));
#2304 = DIRECTION('',(0.,-0.,1.));
#2305 = ADVANCED_FACE('',(#2306),#2331,.F.);
#2306 = FACE_BOUND('',#2307,.F.);
#2307 = EDGE_LOOP('',(#2308,#2309,#2317,#2325));
#2308 = ORIENTED_EDGE('',*,*,#2094,.F.);
#2309 = ORIENTED_EDGE('',*,*,#2310,.T.);
#2310 = EDGE_CURVE('',#1893,#2311,#2313,.T.);
#2311 = VERTEX_POINT('',#2312);
#2312 = CARTESIAN_POINT('',(-0.7,-0.6,0.45));
#2313 = LINE('',#2314,#2315);
#2314 = CARTESIAN_POINT('',(-0.7,-0.6,0.405));
#2315 = VECTOR('',#2316,1.);
#2316 = DIRECTION('',(0.,0.,1.));
#2317 = ORIENTED_EDGE('',*,*,#2318,.T.);
#2318 = EDGE_CURVE('',#2311,#2319,#2321,.T.);
#2319 = VERTEX_POINT('',#2320);
#2320 = CARTESIAN_POINT('',(0.7,-0.6,0.45));
#2321 = LINE('',#2322,#2323);
#2322 = CARTESIAN_POINT('',(-0.7,-0.6,0.45));
#2323 = VECTOR('',#2324,1.);
#2324 = DIRECTION('',(1.,0.,0.));
#2325 = ORIENTED_EDGE('',*,*,#2326,.F.);
#2326 = EDGE_CURVE('',#2095,#2319,#2327,.T.);
#2327 = LINE('',#2328,#2329);
#2328 = CARTESIAN_POINT('',(0.7,-0.6,0.405));
#2329 = VECTOR('',#2330,1.);
#2330 = DIRECTION('',(0.,0.,1.));
#2331 = PLANE('',#2332);
#2332 = AXIS2_PLACEMENT_3D('',#2333,#2334,#2335);
#2333 = CARTESIAN_POINT('',(-0.7,-0.6,0.405));
#2334 = DIRECTION('',(0.,1.,0.));
#2335 = DIRECTION('',(0.,-0.,1.));
#2336 = ADVANCED_FACE('',(#2337),#2355,.F.);
#2337 = FACE_BOUND('',#2338,.F.);
#2338 = EDGE_LOOP('',(#2339,#2340,#2341,#2349));
#2339 = ORIENTED_EDGE('',*,*,#2310,.F.);
#2340 = ORIENTED_EDGE('',*,*,#2157,.T.);
#2341 = ORIENTED_EDGE('',*,*,#2342,.T.);
#2342 = EDGE_CURVE('',#2010,#2343,#2345,.T.);
#2343 = VERTEX_POINT('',#2344);
#2344 = CARTESIAN_POINT('',(-0.7,0.6,0.45));
#2345 = LINE('',#2346,#2347);
#2346 = CARTESIAN_POINT('',(-0.7,0.6,0.405));
#2347 = VECTOR('',#2348,1.);
#2348 = DIRECTION('',(0.,0.,1.));
#2349 = ORIENTED_EDGE('',*,*,#2350,.F.);
#2350 = EDGE_CURVE('',#2311,#2343,#2351,.T.);
#2351 = LINE('',#2352,#2353);
#2352 = CARTESIAN_POINT('',(-0.7,-0.6,0.45));
#2353 = VECTOR('',#2354,1.);
#2354 = DIRECTION('',(0.,1.,0.));
#2355 = PLANE('',#2356);
#2356 = AXIS2_PLACEMENT_3D('',#2357,#2358,#2359);
#2357 = CARTESIAN_POINT('',(-0.7,-0.6,0.405));
#2358 = DIRECTION('',(1.,0.,0.));
#2359 = DIRECTION('',(0.,0.,1.));
#2360 = ADVANCED_FACE('',(#2361),#2424,.T.);
#2361 = FACE_BOUND('',#2362,.T.);
#2362 = EDGE_LOOP('',(#2363,#2373,#2380,#2381,#2382,#2383,#2392,#2400,
    #2409,#2417));
#2363 = ORIENTED_EDGE('',*,*,#2364,.F.);
#2364 = EDGE_CURVE('',#2365,#2367,#2369,.T.);
#2365 = VERTEX_POINT('',#2366);
#2366 = CARTESIAN_POINT('',(0.745,0.6,-2.775557561563E-17));
#2367 = VERTEX_POINT('',#2368);
#2368 = CARTESIAN_POINT('',(0.955,0.6,-2.775557561563E-17));
#2369 = LINE('',#2370,#2371);
#2370 = CARTESIAN_POINT('',(0.7,0.6,0.));
#2371 = VECTOR('',#2372,1.);
#2372 = DIRECTION('',(1.,0.,0.));
#2373 = ORIENTED_EDGE('',*,*,#2374,.F.);
#2374 = EDGE_CURVE('',#2202,#2365,#2375,.T.);
#2375 = CIRCLE('',#2376,4.5E-02);
#2376 = AXIS2_PLACEMENT_3D('',#2377,#2378,#2379);
#2377 = CARTESIAN_POINT('',(0.745,0.6,4.5E-02));
#2378 = DIRECTION('',(0.,-1.,0.));
#2379 = DIRECTION('',(0.,0.,1.));
#2380 = ORIENTED_EDGE('',*,*,#2201,.T.);
#2381 = ORIENTED_EDGE('',*,*,#2193,.T.);
#2382 = ORIENTED_EDGE('',*,*,#2185,.F.);
#2383 = ORIENTED_EDGE('',*,*,#2384,.T.);
#2384 = EDGE_CURVE('',#2178,#2385,#2387,.T.);
#2385 = VERTEX_POINT('',#2386);
#2386 = CARTESIAN_POINT('',(0.745,0.6,0.45));
#2387 = CIRCLE('',#2388,4.5E-02);
#2388 = AXIS2_PLACEMENT_3D('',#2389,#2390,#2391);
#2389 = CARTESIAN_POINT('',(0.745,0.6,0.405));
#2390 = DIRECTION('',(0.,1.,0.));
#2391 = DIRECTION('',(0.,-0.,1.));
#2392 = ORIENTED_EDGE('',*,*,#2393,.T.);
#2393 = EDGE_CURVE('',#2385,#2394,#2396,.T.);
#2394 = VERTEX_POINT('',#2395);
#2395 = CARTESIAN_POINT('',(0.955,0.6,0.45));
#2396 = LINE('',#2397,#2398);
#2397 = CARTESIAN_POINT('',(0.7,0.6,0.45));
#2398 = VECTOR('',#2399,1.);
#2399 = DIRECTION('',(1.,0.,0.));
#2400 = ORIENTED_EDGE('',*,*,#2401,.F.);
#2401 = EDGE_CURVE('',#2402,#2394,#2404,.T.);
#2402 = VERTEX_POINT('',#2403);
#2403 = CARTESIAN_POINT('',(1.,0.6,0.405));
#2404 = CIRCLE('',#2405,4.5E-02);
#2405 = AXIS2_PLACEMENT_3D('',#2406,#2407,#2408);
#2406 = CARTESIAN_POINT('',(0.955,0.6,0.405));
#2407 = DIRECTION('',(0.,-1.,0.));
#2408 = DIRECTION('',(0.,0.,1.));
#2409 = ORIENTED_EDGE('',*,*,#2410,.F.);
#2410 = EDGE_CURVE('',#2411,#2402,#2413,.T.);
#2411 = VERTEX_POINT('',#2412);
#2412 = CARTESIAN_POINT('',(1.,0.6,4.5E-02));
#2413 = LINE('',#2414,#2415);
#2414 = CARTESIAN_POINT('',(1.,0.6,0.));
#2415 = VECTOR('',#2416,1.);
#2416 = DIRECTION('',(0.,0.,1.));
#2417 = ORIENTED_EDGE('',*,*,#2418,.T.);
#2418 = EDGE_CURVE('',#2411,#2367,#2419,.T.);
#2419 = CIRCLE('',#2420,4.5E-02);
#2420 = AXIS2_PLACEMENT_3D('',#2421,#2422,#2423);
#2421 = CARTESIAN_POINT('',(0.955,0.6,4.5E-02));
#2422 = DIRECTION('',(0.,1.,0.));
#2423 = DIRECTION('',(0.,-0.,1.));
#2424 = PLANE('',#2425);
#2425 = AXIS2_PLACEMENT_3D('',#2426,#2427,#2428);
#2426 = CARTESIAN_POINT('',(0.7,0.6,0.));
#2427 = DIRECTION('',(0.,1.,0.));
#2428 = DIRECTION('',(0.,-0.,1.));
#2429 = ADVANCED_FACE('',(#2430),#2448,.T.);
#2430 = FACE_BOUND('',#2431,.T.);
#2431 = EDGE_LOOP('',(#2432,#2433,#2434,#2442));
#2432 = ORIENTED_EDGE('',*,*,#2177,.F.);
#2433 = ORIENTED_EDGE('',*,*,#2342,.T.);
#2434 = ORIENTED_EDGE('',*,*,#2435,.T.);
#2435 = EDGE_CURVE('',#2343,#2436,#2438,.T.);
#2436 = VERTEX_POINT('',#2437);
#2437 = CARTESIAN_POINT('',(0.7,0.6,0.45));
#2438 = LINE('',#2439,#2440);
#2439 = CARTESIAN_POINT('',(-0.7,0.6,0.45));
#2440 = VECTOR('',#2441,1.);
#2441 = DIRECTION('',(1.,0.,0.));
#2442 = ORIENTED_EDGE('',*,*,#2443,.F.);
#2443 = EDGE_CURVE('',#2178,#2436,#2444,.T.);
#2444 = LINE('',#2445,#2446);
#2445 = CARTESIAN_POINT('',(0.7,0.6,0.405));
#2446 = VECTOR('',#2447,1.);
#2447 = DIRECTION('',(0.,0.,1.));
#2448 = PLANE('',#2449);
#2449 = AXIS2_PLACEMENT_3D('',#2450,#2451,#2452);
#2450 = CARTESIAN_POINT('',(-0.7,0.6,0.405));
#2451 = DIRECTION('',(0.,1.,0.));
#2452 = DIRECTION('',(0.,-0.,1.));
#2453 = ADVANCED_FACE('',(#2454),#2465,.T.);
#2454 = FACE_BOUND('',#2455,.T.);
#2455 = EDGE_LOOP('',(#2456,#2457,#2458,#2464));
#2456 = ORIENTED_EDGE('',*,*,#2225,.T.);
#2457 = ORIENTED_EDGE('',*,*,#2374,.T.);
#2458 = ORIENTED_EDGE('',*,*,#2459,.F.);
#2459 = EDGE_CURVE('',#2241,#2365,#2460,.T.);
#2460 = LINE('',#2461,#2462);
#2461 = CARTESIAN_POINT('',(0.745,-0.6,-2.775557561563E-17));
#2462 = VECTOR('',#2463,1.);
#2463 = DIRECTION('',(0.,1.,0.));
#2464 = ORIENTED_EDGE('',*,*,#2250,.F.);
#2465 = CYLINDRICAL_SURFACE('',#2466,4.5E-02);
#2466 = AXIS2_PLACEMENT_3D('',#2467,#2468,#2469);
#2467 = CARTESIAN_POINT('',(0.745,-0.6,4.5E-02));
#2468 = DIRECTION('',(0.,1.,0.));
#2469 = DIRECTION('',(-1.,0.,0.));
#2470 = ADVANCED_FACE('',(#2471),#2482,.F.);
#2471 = FACE_BOUND('',#2472,.F.);
#2472 = EDGE_LOOP('',(#2473,#2474,#2475,#2476));
#2473 = ORIENTED_EDGE('',*,*,#2364,.F.);
#2474 = ORIENTED_EDGE('',*,*,#2459,.F.);
#2475 = ORIENTED_EDGE('',*,*,#2240,.T.);
#2476 = ORIENTED_EDGE('',*,*,#2477,.T.);
#2477 = EDGE_CURVE('',#2243,#2367,#2478,.T.);
#2478 = LINE('',#2479,#2480);
#2479 = CARTESIAN_POINT('',(0.955,-0.6,-2.775557561563E-17));
#2480 = VECTOR('',#2481,1.);
#2481 = DIRECTION('',(0.,1.,0.));
#2482 = PLANE('',#2483);
#2483 = AXIS2_PLACEMENT_3D('',#2484,#2485,#2486);
#2484 = CARTESIAN_POINT('',(0.7,-0.6,0.));
#2485 = DIRECTION('',(0.,0.,1.));
#2486 = DIRECTION('',(1.,0.,-0.));
#2487 = ADVANCED_FACE('',(#2488),#2499,.T.);
#2488 = FACE_BOUND('',#2489,.T.);
#2489 = EDGE_LOOP('',(#2490,#2491,#2492,#2493));
#2490 = ORIENTED_EDGE('',*,*,#2294,.T.);
#2491 = ORIENTED_EDGE('',*,*,#2477,.T.);
#2492 = ORIENTED_EDGE('',*,*,#2418,.F.);
#2493 = ORIENTED_EDGE('',*,*,#2494,.F.);
#2494 = EDGE_CURVE('',#2287,#2411,#2495,.T.);
#2495 = LINE('',#2496,#2497);
#2496 = CARTESIAN_POINT('',(1.,-0.6,4.5E-02));
#2497 = VECTOR('',#2498,1.);
#2498 = DIRECTION('',(0.,1.,0.));
#2499 = CYLINDRICAL_SURFACE('',#2500,4.5E-02);
#2500 = AXIS2_PLACEMENT_3D('',#2501,#2502,#2503);
#2501 = CARTESIAN_POINT('',(0.955,-0.6,4.5E-02));
#2502 = DIRECTION('',(0.,1.,0.));
#2503 = DIRECTION('',(1.,0.,0.));
#2504 = ADVANCED_FACE('',(#2505),#2516,.T.);
#2505 = FACE_BOUND('',#2506,.T.);
#2506 = EDGE_LOOP('',(#2507,#2508,#2509,#2510));
#2507 = ORIENTED_EDGE('',*,*,#2286,.F.);
#2508 = ORIENTED_EDGE('',*,*,#2494,.T.);
#2509 = ORIENTED_EDGE('',*,*,#2410,.T.);
#2510 = ORIENTED_EDGE('',*,*,#2511,.F.);
#2511 = EDGE_CURVE('',#2278,#2402,#2512,.T.);
#2512 = LINE('',#2513,#2514);
#2513 = CARTESIAN_POINT('',(1.,-0.6,0.405));
#2514 = VECTOR('',#2515,1.);
#2515 = DIRECTION('',(0.,1.,0.));
#2516 = PLANE('',#2517);
#2517 = AXIS2_PLACEMENT_3D('',#2518,#2519,#2520);
#2518 = CARTESIAN_POINT('',(1.,-0.6,0.));
#2519 = DIRECTION('',(1.,0.,0.));
#2520 = DIRECTION('',(0.,0.,1.));
#2521 = ADVANCED_FACE('',(#2522),#2533,.T.);
#2522 = FACE_BOUND('',#2523,.T.);
#2523 = EDGE_LOOP('',(#2524,#2525,#2526,#2532));
#2524 = ORIENTED_EDGE('',*,*,#2511,.T.);
#2525 = ORIENTED_EDGE('',*,*,#2401,.T.);
#2526 = ORIENTED_EDGE('',*,*,#2527,.F.);
#2527 = EDGE_CURVE('',#2270,#2394,#2528,.T.);
#2528 = LINE('',#2529,#2530);
#2529 = CARTESIAN_POINT('',(0.955,-0.6,0.45));
#2530 = VECTOR('',#2531,1.);
#2531 = DIRECTION('',(0.,1.,0.));
#2532 = ORIENTED_EDGE('',*,*,#2277,.F.);
#2533 = CYLINDRICAL_SURFACE('',#2534,4.5E-02);
#2534 = AXIS2_PLACEMENT_3D('',#2535,#2536,#2537);
#2535 = CARTESIAN_POINT('',(0.955,-0.6,0.405));
#2536 = DIRECTION('',(0.,1.,0.));
#2537 = DIRECTION('',(1.,0.,0.));
#2538 = ADVANCED_FACE('',(#2539),#2550,.T.);
#2539 = FACE_BOUND('',#2540,.T.);
#2540 = EDGE_LOOP('',(#2541,#2542,#2548,#2549));
#2541 = ORIENTED_EDGE('',*,*,#2393,.F.);
#2542 = ORIENTED_EDGE('',*,*,#2543,.F.);
#2543 = EDGE_CURVE('',#2261,#2385,#2544,.T.);
#2544 = LINE('',#2545,#2546);
#2545 = CARTESIAN_POINT('',(0.745,-0.6,0.45));
#2546 = VECTOR('',#2547,1.);
#2547 = DIRECTION('',(0.,1.,0.));
#2548 = ORIENTED_EDGE('',*,*,#2269,.T.);
#2549 = ORIENTED_EDGE('',*,*,#2527,.T.);
#2550 = PLANE('',#2551);
#2551 = AXIS2_PLACEMENT_3D('',#2552,#2553,#2554);
#2552 = CARTESIAN_POINT('',(0.7,-0.6,0.45));
#2553 = DIRECTION('',(0.,0.,1.));
#2554 = DIRECTION('',(1.,0.,-0.));
#2555 = ADVANCED_FACE('',(#2556),#2567,.T.);
#2556 = FACE_BOUND('',#2557,.T.);
#2557 = EDGE_LOOP('',(#2558,#2559,#2560,#2561));
#2558 = ORIENTED_EDGE('',*,*,#2260,.T.);
#2559 = ORIENTED_EDGE('',*,*,#2543,.T.);
#2560 = ORIENTED_EDGE('',*,*,#2384,.F.);
#2561 = ORIENTED_EDGE('',*,*,#2562,.F.);
#2562 = EDGE_CURVE('',#2095,#2178,#2563,.T.);
#2563 = LINE('',#2564,#2565);
#2564 = CARTESIAN_POINT('',(0.7,-0.6,0.405));
#2565 = VECTOR('',#2566,1.);
#2566 = DIRECTION('',(0.,1.,0.));
#2567 = CYLINDRICAL_SURFACE('',#2568,4.5E-02);
#2568 = AXIS2_PLACEMENT_3D('',#2569,#2570,#2571);
#2569 = CARTESIAN_POINT('',(0.745,-0.6,0.405));
#2570 = DIRECTION('',(0.,1.,0.));
#2571 = DIRECTION('',(-1.,0.,0.));
#2572 = ADVANCED_FACE('',(#2573),#2584,.T.);
#2573 = FACE_BOUND('',#2574,.T.);
#2574 = EDGE_LOOP('',(#2575,#2576,#2577,#2578));
#2575 = ORIENTED_EDGE('',*,*,#2326,.F.);
#2576 = ORIENTED_EDGE('',*,*,#2562,.T.);
#2577 = ORIENTED_EDGE('',*,*,#2443,.T.);
#2578 = ORIENTED_EDGE('',*,*,#2579,.F.);
#2579 = EDGE_CURVE('',#2319,#2436,#2580,.T.);
#2580 = LINE('',#2581,#2582);
#2581 = CARTESIAN_POINT('',(0.7,-0.6,0.45));
#2582 = VECTOR('',#2583,1.);
#2583 = DIRECTION('',(0.,1.,0.));
#2584 = PLANE('',#2585);
#2585 = AXIS2_PLACEMENT_3D('',#2586,#2587,#2588);
#2586 = CARTESIAN_POINT('',(0.7,-0.6,0.405));
#2587 = DIRECTION('',(1.,0.,0.));
#2588 = DIRECTION('',(0.,0.,1.));
#2589 = ADVANCED_FACE('',(#2590),#2596,.T.);
#2590 = FACE_BOUND('',#2591,.T.);
#2591 = EDGE_LOOP('',(#2592,#2593,#2594,#2595));
#2592 = ORIENTED_EDGE('',*,*,#2350,.F.);
#2593 = ORIENTED_EDGE('',*,*,#2318,.T.);
#2594 = ORIENTED_EDGE('',*,*,#2579,.T.);
#2595 = ORIENTED_EDGE('',*,*,#2435,.F.);
#2596 = PLANE('',#2597);
#2597 = AXIS2_PLACEMENT_3D('',#2598,#2599,#2600);
#2598 = CARTESIAN_POINT('',(-0.7,-0.6,0.45));
#2599 = DIRECTION('',(0.,0.,1.));
#2600 = DIRECTION('',(1.,0.,-0.));
#2601 = ( GEOMETRIC_REPRESENTATION_CONTEXT(3) 
GLOBAL_UNCERTAINTY_ASSIGNED_CONTEXT((#2605)) 
GLOBAL_UNIT_ASSIGNED_CONTEXT((#2602,#2603,#2604)) REPRESENTATION_CONTEXT
('Context #1','3D Context with UNIT and UNCERTAINTY') );
#2602 = ( LENGTH_UNIT() NAMED_UNIT(*) SI_UNIT(.MILLI.,.METRE.) );
#2603 = ( NAMED_UNIT(*) PLANE_ANGLE_UNIT() SI_UNIT($,.RADIAN.) );
#2604 = ( NAMED_UNIT(*) SI_UNIT($,.STERADIAN.) SOLID_ANGLE_UNIT() );
#2605 = UNCERTAINTY_MEASURE_WITH_UNIT(LENGTH_MEASURE(1.E-07),#2602,
  'distance_accuracy_value','confusion accuracy');
#2606 = CONTEXT_DEPENDENT_SHAPE_REPRESENTATION(#2607,#2609);
#2607 = ( REPRESENTATION_RELATIONSHIP('','',#1810,#10) 
REPRESENTATION_RELATIONSHIP_WITH_TRANSFORMATION(#2608) 
SHAPE_REPRESENTATION_RELATIONSHIP() );
#2608 = ITEM_DEFINED_TRANSFORMATION('','',#11,#23);
#2609 = PRODUCT_DEFINITION_SHAPE('Placement','Placement of an item',
  #2610);
#2610 = NEXT_ASSEMBLY_USAGE_OCCURRENCE('3','R2','',#5,#1805,$);
#2611 = PRODUCT_RELATED_PRODUCT_CATEGORY('part',$,(#1807));
#2612 = CONTEXT_DEPENDENT_SHAPE_REPRESENTATION(#2613,#2615);
#2613 = ( REPRESENTATION_RELATIONSHIP('','',#128,#10) 
REPRESENTATION_RELATIONSHIP_WITH_TRANSFORMATION(#2614) 
SHAPE_REPRESENTATION_RELATIONSHIP() );
#2614 = ITEM_DEFINED_TRANSFORMATION('','',#11,#27);
#2615 = PRODUCT_DEFINITION_SHAPE('Placement','Placement of an item',
  #2616);
#2616 = NEXT_ASSEMBLY_USAGE_OCCURRENCE('4','C2','',#5,#123,$);
#2617 = SHAPE_DEFINITION_REPRESENTATION(#2618,#2624);
#2618 = PRODUCT_DEFINITION_SHAPE('','',#2619);
#2619 = PRODUCT_DEFINITION('design','',#2620,#2623);
#2620 = PRODUCT_DEFINITION_FORMATION('','',#2621);
#2621 = PRODUCT('LED_1206_3216Metric','LED_1206_3216Metric','',(#2622));
#2622 = PRODUCT_CONTEXT('',#2,'mechanical');
#2623 = PRODUCT_DEFINITION_CONTEXT('part definition',#2,'design');
#2624 = ADVANCED_BREP_SHAPE_REPRESENTATION('',(#11,#2625),#4148);
#2625 = MANIFOLD_SOLID_BREP('',#2626);
#2626 = CLOSED_SHELL('',(#2627,#2667,#2714,#2793,#2817,#2857,#2888,#2905
    ,#2938,#2962,#3029,#3150,#3217,#3241,#3272,#3305,#3361,#3385,#3409,
    #3433,#3466,#3478,#3541,#3566,#3583,#3607,#3625,#3643,#3661,#3678,
    #3695,#3726,#3751,#3776,#3800,#3817,#3848,#3872,#3889,#3917,#3942,
    #3966,#3991,#4038,#4055,#4067,#4089,#4101,#4119,#4137));
#2627 = ADVANCED_FACE('',(#2628),#2662,.F.);
#2628 = FACE_BOUND('',#2629,.F.);
#2629 = EDGE_LOOP('',(#2630,#2640,#2648,#2656));
#2630 = ORIENTED_EDGE('',*,*,#2631,.T.);
#2631 = EDGE_CURVE('',#2632,#2634,#2636,.T.);
#2632 = VERTEX_POINT('',#2633);
#2633 = CARTESIAN_POINT('',(-1.,-0.8,0.44));
#2634 = VERTEX_POINT('',#2635);
#2635 = CARTESIAN_POINT('',(-0.9,-0.8,1.1));
#2636 = LINE('',#2637,#2638);
#2637 = CARTESIAN_POINT('',(-1.,-0.8,0.44));
#2638 = VECTOR('',#2639,1.);
#2639 = DIRECTION('',(0.149805379428,0.,0.988715504225));
#2640 = ORIENTED_EDGE('',*,*,#2641,.T.);
#2641 = EDGE_CURVE('',#2634,#2642,#2644,.T.);
#2642 = VERTEX_POINT('',#2643);
#2643 = CARTESIAN_POINT('',(0.9,-0.8,1.1));
#2644 = LINE('',#2645,#2646);
#2645 = CARTESIAN_POINT('',(-0.9,-0.8,1.1));
#2646 = VECTOR('',#2647,1.);
#2647 = DIRECTION('',(1.,0.,0.));
#2648 = ORIENTED_EDGE('',*,*,#2649,.T.);
#2649 = EDGE_CURVE('',#2642,#2650,#2652,.T.);
#2650 = VERTEX_POINT('',#2651);
#2651 = CARTESIAN_POINT('',(1.,-0.8,0.44));
#2652 = LINE('',#2653,#2654);
#2653 = CARTESIAN_POINT('',(0.9,-0.8,1.1));
#2654 = VECTOR('',#2655,1.);
#2655 = DIRECTION('',(0.149805379428,0.,-0.988715504225));
#2656 = ORIENTED_EDGE('',*,*,#2657,.T.);
#2657 = EDGE_CURVE('',#2650,#2632,#2658,.T.);
#2658 = LINE('',#2659,#2660);
#2659 = CARTESIAN_POINT('',(1.,-0.8,0.44));
#2660 = VECTOR('',#2661,1.);
#2661 = DIRECTION('',(-1.,0.,2.775557561563E-17));
#2662 = PLANE('',#2663);
#2663 = AXIS2_PLACEMENT_3D('',#2664,#2665,#2666);
#2664 = CARTESIAN_POINT('',(0.,-0.8,0.757147194234));
#2665 = DIRECTION('',(1.313075150093E-49,1.,1.103763151667E-32));
#2666 = DIRECTION('',(0.,-1.103763151667E-32,1.));
#2667 = ADVANCED_FACE('',(#2668),#2709,.T.);
#2668 = FACE_BOUND('',#2669,.T.);
#2669 = EDGE_LOOP('',(#2670,#2680,#2688,#2694,#2695,#2703));
#2670 = ORIENTED_EDGE('',*,*,#2671,.T.);
#2671 = EDGE_CURVE('',#2672,#2674,#2676,.T.);
#2672 = VERTEX_POINT('',#2673);
#2673 = CARTESIAN_POINT('',(-1.,0.8,0.44));
#2674 = VERTEX_POINT('',#2675);
#2675 = CARTESIAN_POINT('',(-1.,0.6,0.44));
#2676 = LINE('',#2677,#2678);
#2677 = CARTESIAN_POINT('',(-1.,0.8,0.44));
#2678 = VECTOR('',#2679,1.);
#2679 = DIRECTION('',(0.,-1.,0.));
#2680 = ORIENTED_EDGE('',*,*,#2681,.T.);
#2681 = EDGE_CURVE('',#2674,#2682,#2684,.T.);
#2682 = VERTEX_POINT('',#2683);
#2683 = CARTESIAN_POINT('',(-1.,-0.6,0.44));
#2684 = LINE('',#2685,#2686);
#2685 = CARTESIAN_POINT('',(-1.,0.8,0.44));
#2686 = VECTOR('',#2687,1.);
#2687 = DIRECTION('',(0.,-1.,0.));
#2688 = ORIENTED_EDGE('',*,*,#2689,.T.);
#2689 = EDGE_CURVE('',#2682,#2632,#2690,.T.);
#2690 = LINE('',#2691,#2692);
#2691 = CARTESIAN_POINT('',(-1.,0.8,0.44));
#2692 = VECTOR('',#2693,1.);
#2693 = DIRECTION('',(0.,-1.,0.));
#2694 = ORIENTED_EDGE('',*,*,#2631,.T.);
#2695 = ORIENTED_EDGE('',*,*,#2696,.F.);
#2696 = EDGE_CURVE('',#2697,#2634,#2699,.T.);
#2697 = VERTEX_POINT('',#2698);
#2698 = CARTESIAN_POINT('',(-0.9,0.8,1.1));
#2699 = LINE('',#2700,#2701);
#2700 = CARTESIAN_POINT('',(-0.9,0.8,1.1));
#2701 = VECTOR('',#2702,1.);
#2702 = DIRECTION('',(0.,-1.,0.));
#2703 = ORIENTED_EDGE('',*,*,#2704,.F.);
#2704 = EDGE_CURVE('',#2672,#2697,#2705,.T.);
#2705 = LINE('',#2706,#2707);
#2706 = CARTESIAN_POINT('',(-1.,0.8,0.44));
#2707 = VECTOR('',#2708,1.);
#2708 = DIRECTION('',(0.149805379428,0.,0.988715504225));
#2709 = PLANE('',#2710);
#2710 = AXIS2_PLACEMENT_3D('',#2711,#2712,#2713);
#2711 = CARTESIAN_POINT('',(-1.,0.8,0.44));
#2712 = DIRECTION('',(-0.988715504225,0.,0.149805379428));
#2713 = DIRECTION('',(0.149805379428,0.,0.988715504225));
#2714 = ADVANCED_FACE('',(#2715),#2788,.F.);
#2715 = FACE_BOUND('',#2716,.F.);
#2716 = EDGE_LOOP('',(#2717,#2727,#2735,#2743,#2749,#2750,#2758,#2766,
    #2774,#2782));
#2717 = ORIENTED_EDGE('',*,*,#2718,.F.);
#2718 = EDGE_CURVE('',#2719,#2721,#2723,.T.);
#2719 = VERTEX_POINT('',#2720);
#2720 = CARTESIAN_POINT('',(-1.54,-0.8,6.E-02));
#2721 = VERTEX_POINT('',#2722);
#2722 = CARTESIAN_POINT('',(-1.45,-0.8,6.E-02));
#2723 = LINE('',#2724,#2725);
#2724 = CARTESIAN_POINT('',(-1.54,-0.8,6.E-02));
#2725 = VECTOR('',#2726,1.);
#2726 = DIRECTION('',(1.,0.,0.));
#2727 = ORIENTED_EDGE('',*,*,#2728,.T.);
#2728 = EDGE_CURVE('',#2719,#2729,#2731,.T.);
#2729 = VERTEX_POINT('',#2730);
#2730 = CARTESIAN_POINT('',(-1.54,-0.8,0.44));
#2731 = LINE('',#2732,#2733);
#2732 = CARTESIAN_POINT('',(-1.54,-0.8,6.E-02));
#2733 = VECTOR('',#2734,1.);
#2734 = DIRECTION('',(0.,0.,1.));
#2735 = ORIENTED_EDGE('',*,*,#2736,.T.);
#2736 = EDGE_CURVE('',#2729,#2737,#2739,.T.);
#2737 = VERTEX_POINT('',#2738);
#2738 = CARTESIAN_POINT('',(-1.45,-0.8,0.44));
#2739 = LINE('',#2740,#2741);
#2740 = CARTESIAN_POINT('',(-1.54,-0.8,0.44));
#2741 = VECTOR('',#2742,1.);
#2742 = DIRECTION('',(1.,0.,0.));
#2743 = ORIENTED_EDGE('',*,*,#2744,.T.);
#2744 = EDGE_CURVE('',#2737,#2632,#2745,.T.);
#2745 = LINE('',#2746,#2747);
#2746 = CARTESIAN_POINT('',(-1.54,-0.8,0.44));
#2747 = VECTOR('',#2748,1.);
#2748 = DIRECTION('',(1.,0.,0.));
#2749 = ORIENTED_EDGE('',*,*,#2657,.F.);
#2750 = ORIENTED_EDGE('',*,*,#2751,.T.);
#2751 = EDGE_CURVE('',#2650,#2752,#2754,.T.);
#2752 = VERTEX_POINT('',#2753);
#2753 = CARTESIAN_POINT('',(1.45,-0.8,0.44));
#2754 = LINE('',#2755,#2756);
#2755 = CARTESIAN_POINT('',(-1.54,-0.8,0.44));
#2756 = VECTOR('',#2757,1.);
#2757 = DIRECTION('',(1.,0.,0.));
#2758 = ORIENTED_EDGE('',*,*,#2759,.T.);
#2759 = EDGE_CURVE('',#2752,#2760,#2762,.T.);
#2760 = VERTEX_POINT('',#2761);
#2761 = CARTESIAN_POINT('',(1.54,-0.8,0.44));
#2762 = LINE('',#2763,#2764);
#2763 = CARTESIAN_POINT('',(-1.54,-0.8,0.44));
#2764 = VECTOR('',#2765,1.);
#2765 = DIRECTION('',(1.,0.,0.));
#2766 = ORIENTED_EDGE('',*,*,#2767,.F.);
#2767 = EDGE_CURVE('',#2768,#2760,#2770,.T.);
#2768 = VERTEX_POINT('',#2769);
#2769 = CARTESIAN_POINT('',(1.54,-0.8,6.E-02));
#2770 = LINE('',#2771,#2772);
#2771 = CARTESIAN_POINT('',(1.54,-0.8,6.E-02));
#2772 = VECTOR('',#2773,1.);
#2773 = DIRECTION('',(0.,0.,1.));
#2774 = ORIENTED_EDGE('',*,*,#2775,.F.);
#2775 = EDGE_CURVE('',#2776,#2768,#2778,.T.);
#2776 = VERTEX_POINT('',#2777);
#2777 = CARTESIAN_POINT('',(1.45,-0.8,6.E-02));
#2778 = LINE('',#2779,#2780);
#2779 = CARTESIAN_POINT('',(-1.54,-0.8,6.E-02));
#2780 = VECTOR('',#2781,1.);
#2781 = DIRECTION('',(1.,0.,0.));
#2782 = ORIENTED_EDGE('',*,*,#2783,.F.);
#2783 = EDGE_CURVE('',#2721,#2776,#2784,.T.);
#2784 = LINE('',#2785,#2786);
#2785 = CARTESIAN_POINT('',(-1.54,-0.8,6.E-02));
#2786 = VECTOR('',#2787,1.);
#2787 = DIRECTION('',(1.,0.,0.));
#2788 = PLANE('',#2789);
#2789 = AXIS2_PLACEMENT_3D('',#2790,#2791,#2792);
#2790 = CARTESIAN_POINT('',(-1.54,-0.8,6.E-02));
#2791 = DIRECTION('',(0.,1.,0.));
#2792 = DIRECTION('',(0.,-0.,1.));
#2793 = ADVANCED_FACE('',(#2794),#2812,.T.);
#2794 = FACE_BOUND('',#2795,.T.);
#2795 = EDGE_LOOP('',(#2796,#2797,#2798,#2806));
#2796 = ORIENTED_EDGE('',*,*,#2696,.T.);
#2797 = ORIENTED_EDGE('',*,*,#2641,.T.);
#2798 = ORIENTED_EDGE('',*,*,#2799,.F.);
#2799 = EDGE_CURVE('',#2800,#2642,#2802,.T.);
#2800 = VERTEX_POINT('',#2801);
#2801 = CARTESIAN_POINT('',(0.9,0.8,1.1));
#2802 = LINE('',#2803,#2804);
#2803 = CARTESIAN_POINT('',(0.9,0.8,1.1));
#2804 = VECTOR('',#2805,1.);
#2805 = DIRECTION('',(0.,-1.,0.));
#2806 = ORIENTED_EDGE('',*,*,#2807,.F.);
#2807 = EDGE_CURVE('',#2697,#2800,#2808,.T.);
#2808 = LINE('',#2809,#2810);
#2809 = CARTESIAN_POINT('',(-0.9,0.8,1.1));
#2810 = VECTOR('',#2811,1.);
#2811 = DIRECTION('',(1.,0.,0.));
#2812 = PLANE('',#2813);
#2813 = AXIS2_PLACEMENT_3D('',#2814,#2815,#2816);
#2814 = CARTESIAN_POINT('',(-0.9,0.8,1.1));
#2815 = DIRECTION('',(0.,0.,1.));
#2816 = DIRECTION('',(1.,0.,-0.));
#2817 = ADVANCED_FACE('',(#2818),#2852,.T.);
#2818 = FACE_BOUND('',#2819,.T.);
#2819 = EDGE_LOOP('',(#2820,#2821,#2822,#2830,#2838,#2846));
#2820 = ORIENTED_EDGE('',*,*,#2799,.T.);
#2821 = ORIENTED_EDGE('',*,*,#2649,.T.);
#2822 = ORIENTED_EDGE('',*,*,#2823,.F.);
#2823 = EDGE_CURVE('',#2824,#2650,#2826,.T.);
#2824 = VERTEX_POINT('',#2825);
#2825 = CARTESIAN_POINT('',(1.,-0.6,0.44));
#2826 = LINE('',#2827,#2828);
#2827 = CARTESIAN_POINT('',(1.,0.8,0.44));
#2828 = VECTOR('',#2829,1.);
#2829 = DIRECTION('',(0.,-1.,0.));
#2830 = ORIENTED_EDGE('',*,*,#2831,.F.);
#2831 = EDGE_CURVE('',#2832,#2824,#2834,.T.);
#2832 = VERTEX_POINT('',#2833);
#2833 = CARTESIAN_POINT('',(1.,0.6,0.44));
#2834 = LINE('',#2835,#2836);
#2835 = CARTESIAN_POINT('',(1.,0.8,0.44));
#2836 = VECTOR('',#2837,1.);
#2837 = DIRECTION('',(0.,-1.,0.));
#2838 = ORIENTED_EDGE('',*,*,#2839,.F.);
#2839 = EDGE_CURVE('',#2840,#2832,#2842,.T.);
#2840 = VERTEX_POINT('',#2841);
#2841 = CARTESIAN_POINT('',(1.,0.8,0.44));
#2842 = LINE('',#2843,#2844);
#2843 = CARTESIAN_POINT('',(1.,0.8,0.44));
#2844 = VECTOR('',#2845,1.);
#2845 = DIRECTION('',(0.,-1.,0.));
#2846 = ORIENTED_EDGE('',*,*,#2847,.F.);
#2847 = EDGE_CURVE('',#2800,#2840,#2848,.T.);
#2848 = LINE('',#2849,#2850);
#2849 = CARTESIAN_POINT('',(0.9,0.8,1.1));
#2850 = VECTOR('',#2851,1.);
#2851 = DIRECTION('',(0.149805379428,0.,-0.988715504225));
#2852 = PLANE('',#2853);
#2853 = AXIS2_PLACEMENT_3D('',#2854,#2855,#2856);
#2854 = CARTESIAN_POINT('',(0.9,0.8,1.1));
#2855 = DIRECTION('',(0.988715504225,0.,0.149805379428));
#2856 = DIRECTION('',(0.149805379428,0.,-0.988715504225));
#2857 = ADVANCED_FACE('',(#2858),#2883,.T.);
#2858 = FACE_BOUND('',#2859,.T.);
#2859 = EDGE_LOOP('',(#2860,#2868,#2876,#2882));
#2860 = ORIENTED_EDGE('',*,*,#2861,.F.);
#2861 = EDGE_CURVE('',#2862,#2672,#2864,.T.);
#2862 = VERTEX_POINT('',#2863);
#2863 = CARTESIAN_POINT('',(-1.45,0.8,0.44));
#2864 = LINE('',#2865,#2866);
#2865 = CARTESIAN_POINT('',(-1.54,0.8,0.44));
#2866 = VECTOR('',#2867,1.);
#2867 = DIRECTION('',(1.,0.,0.));
#2868 = ORIENTED_EDGE('',*,*,#2869,.F.);
#2869 = EDGE_CURVE('',#2870,#2862,#2872,.T.);
#2870 = VERTEX_POINT('',#2871);
#2871 = CARTESIAN_POINT('',(-1.45,0.6,0.44));
#2872 = LINE('',#2873,#2874);
#2873 = CARTESIAN_POINT('',(-1.45,0.1,0.44));
#2874 = VECTOR('',#2875,1.);
#2875 = DIRECTION('',(0.,1.,0.));
#2876 = ORIENTED_EDGE('',*,*,#2877,.F.);
#2877 = EDGE_CURVE('',#2674,#2870,#2878,.T.);
#2878 = LINE('',#2879,#2880);
#2879 = CARTESIAN_POINT('',(-1.495,0.6,0.44));
#2880 = VECTOR('',#2881,1.);
#2881 = DIRECTION('',(-1.,0.,0.));
#2882 = ORIENTED_EDGE('',*,*,#2671,.F.);
#2883 = PLANE('',#2884);
#2884 = AXIS2_PLACEMENT_3D('',#2885,#2886,#2887);
#2885 = CARTESIAN_POINT('',(-1.54,-0.8,0.44));
#2886 = DIRECTION('',(0.,0.,1.));
#2887 = DIRECTION('',(1.,0.,-0.));
#2888 = ADVANCED_FACE('',(#2889),#2900,.T.);
#2889 = FACE_BOUND('',#2890,.T.);
#2890 = EDGE_LOOP('',(#2891,#2892,#2893,#2894));
#2891 = ORIENTED_EDGE('',*,*,#2704,.T.);
#2892 = ORIENTED_EDGE('',*,*,#2807,.T.);
#2893 = ORIENTED_EDGE('',*,*,#2847,.T.);
#2894 = ORIENTED_EDGE('',*,*,#2895,.T.);
#2895 = EDGE_CURVE('',#2840,#2672,#2896,.T.);
#2896 = LINE('',#2897,#2898);
#2897 = CARTESIAN_POINT('',(1.,0.8,0.44));
#2898 = VECTOR('',#2899,1.);
#2899 = DIRECTION('',(-1.,0.,2.775557561563E-17));
#2900 = PLANE('',#2901);
#2901 = AXIS2_PLACEMENT_3D('',#2902,#2903,#2904);
#2902 = CARTESIAN_POINT('',(0.,0.8,0.757147194234));
#2903 = DIRECTION('',(1.313075150093E-49,1.,1.103763151667E-32));
#2904 = DIRECTION('',(0.,-1.103763151667E-32,1.));
#2905 = ADVANCED_FACE('',(#2906),#2933,.T.);
#2906 = FACE_BOUND('',#2907,.T.);
#2907 = EDGE_LOOP('',(#2908,#2917,#2925,#2932));
#2908 = ORIENTED_EDGE('',*,*,#2909,.F.);
#2909 = EDGE_CURVE('',#2910,#2674,#2912,.T.);
#2910 = VERTEX_POINT('',#2911);
#2911 = CARTESIAN_POINT('',(-1.06,0.6,0.5));
#2912 = CIRCLE('',#2913,6.E-02);
#2913 = AXIS2_PLACEMENT_3D('',#2914,#2915,#2916);
#2914 = CARTESIAN_POINT('',(-1.06,0.6,0.44));
#2915 = DIRECTION('',(-0.,1.,0.));
#2916 = DIRECTION('',(1.,0.,0.));
#2917 = ORIENTED_EDGE('',*,*,#2918,.F.);
#2918 = EDGE_CURVE('',#2919,#2910,#2921,.T.);
#2919 = VERTEX_POINT('',#2920);
#2920 = CARTESIAN_POINT('',(-1.06,-0.6,0.5));
#2921 = LINE('',#2922,#2923);
#2922 = CARTESIAN_POINT('',(-1.06,-0.8,0.5));
#2923 = VECTOR('',#2924,1.);
#2924 = DIRECTION('',(0.,1.,0.));
#2925 = ORIENTED_EDGE('',*,*,#2926,.T.);
#2926 = EDGE_CURVE('',#2919,#2682,#2927,.T.);
#2927 = CIRCLE('',#2928,6.E-02);
#2928 = AXIS2_PLACEMENT_3D('',#2929,#2930,#2931);
#2929 = CARTESIAN_POINT('',(-1.06,-0.6,0.44));
#2930 = DIRECTION('',(-0.,1.,0.));
#2931 = DIRECTION('',(1.,0.,0.));
#2932 = ORIENTED_EDGE('',*,*,#2681,.F.);
#2933 = CYLINDRICAL_SURFACE('',#2934,6.E-02);
#2934 = AXIS2_PLACEMENT_3D('',#2935,#2936,#2937);
#2935 = CARTESIAN_POINT('',(-1.06,-0.8,0.44));
#2936 = DIRECTION('',(0.,1.,0.));
#2937 = DIRECTION('',(1.,0.,0.));
#2938 = ADVANCED_FACE('',(#2939),#2957,.T.);
#2939 = FACE_BOUND('',#2940,.T.);
#2940 = EDGE_LOOP('',(#2941,#2949,#2950,#2951));
#2941 = ORIENTED_EDGE('',*,*,#2942,.F.);
#2942 = EDGE_CURVE('',#2737,#2943,#2945,.T.);
#2943 = VERTEX_POINT('',#2944);
#2944 = CARTESIAN_POINT('',(-1.45,-0.6,0.44));
#2945 = LINE('',#2946,#2947);
#2946 = CARTESIAN_POINT('',(-1.45,-0.7,0.44));
#2947 = VECTOR('',#2948,1.);
#2948 = DIRECTION('',(0.,1.,0.));
#2949 = ORIENTED_EDGE('',*,*,#2744,.T.);
#2950 = ORIENTED_EDGE('',*,*,#2689,.F.);
#2951 = ORIENTED_EDGE('',*,*,#2952,.F.);
#2952 = EDGE_CURVE('',#2943,#2682,#2953,.T.);
#2953 = LINE('',#2954,#2955);
#2954 = CARTESIAN_POINT('',(-4.5E-02,-0.6,0.44));
#2955 = VECTOR('',#2956,1.);
#2956 = DIRECTION('',(1.,0.,0.));
#2957 = PLANE('',#2958);
#2958 = AXIS2_PLACEMENT_3D('',#2959,#2960,#2961);
#2959 = CARTESIAN_POINT('',(-1.54,-0.8,0.44));
#2960 = DIRECTION('',(0.,0.,1.));
#2961 = DIRECTION('',(1.,0.,-0.));
#2962 = ADVANCED_FACE('',(#2963),#3024,.F.);
#2963 = FACE_BOUND('',#2964,.F.);
#2964 = EDGE_LOOP('',(#2965,#2975,#2984,#2992,#3001,#3009,#3015,#3016,
    #3017,#3018));
#2965 = ORIENTED_EDGE('',*,*,#2966,.F.);
#2966 = EDGE_CURVE('',#2967,#2969,#2971,.T.);
#2967 = VERTEX_POINT('',#2968);
#2968 = CARTESIAN_POINT('',(-1.54,-0.8,-6.938893903907E-18));
#2969 = VERTEX_POINT('',#2970);
#2970 = CARTESIAN_POINT('',(-1.45,-0.8,0.));
#2971 = LINE('',#2972,#2973);
#2972 = CARTESIAN_POINT('',(-1.6,-0.8,0.));
#2973 = VECTOR('',#2974,1.);
#2974 = DIRECTION('',(1.,0.,0.));
#2975 = ORIENTED_EDGE('',*,*,#2976,.F.);
#2976 = EDGE_CURVE('',#2977,#2967,#2979,.T.);
#2977 = VERTEX_POINT('',#2978);
#2978 = CARTESIAN_POINT('',(-1.6,-0.8,6.E-02));
#2979 = CIRCLE('',#2980,6.E-02);
#2980 = AXIS2_PLACEMENT_3D('',#2981,#2982,#2983);
#2981 = CARTESIAN_POINT('',(-1.54,-0.8,6.E-02));
#2982 = DIRECTION('',(0.,-1.,0.));
#2983 = DIRECTION('',(0.,0.,1.));
#2984 = ORIENTED_EDGE('',*,*,#2985,.T.);
#2985 = EDGE_CURVE('',#2977,#2986,#2988,.T.);
#2986 = VERTEX_POINT('',#2987);
#2987 = CARTESIAN_POINT('',(-1.6,-0.8,0.44));
#2988 = LINE('',#2989,#2990);
#2989 = CARTESIAN_POINT('',(-1.6,-0.8,0.));
#2990 = VECTOR('',#2991,1.);
#2991 = DIRECTION('',(0.,0.,1.));
#2992 = ORIENTED_EDGE('',*,*,#2993,.T.);
#2993 = EDGE_CURVE('',#2986,#2994,#2996,.T.);
#2994 = VERTEX_POINT('',#2995);
#2995 = CARTESIAN_POINT('',(-1.54,-0.8,0.5));
#2996 = CIRCLE('',#2997,6.E-02);
#2997 = AXIS2_PLACEMENT_3D('',#2998,#2999,#3000);
#2998 = CARTESIAN_POINT('',(-1.54,-0.8,0.44));
#2999 = DIRECTION('',(0.,1.,0.));
#3000 = DIRECTION('',(0.,-0.,1.));
#3001 = ORIENTED_EDGE('',*,*,#3002,.T.);
#3002 = EDGE_CURVE('',#2994,#3003,#3005,.T.);
#3003 = VERTEX_POINT('',#3004);
#3004 = CARTESIAN_POINT('',(-1.45,-0.8,0.5));
#3005 = LINE('',#3006,#3007);
#3006 = CARTESIAN_POINT('',(-1.6,-0.8,0.5));
#3007 = VECTOR('',#3008,1.);
#3008 = DIRECTION('',(1.,0.,0.));
#3009 = ORIENTED_EDGE('',*,*,#3010,.F.);
#3010 = EDGE_CURVE('',#2737,#3003,#3011,.T.);
#3011 = LINE('',#3012,#3013);
#3012 = CARTESIAN_POINT('',(-1.45,-0.8,0.375));
#3013 = VECTOR('',#3014,1.);
#3014 = DIRECTION('',(0.,0.,1.));
#3015 = ORIENTED_EDGE('',*,*,#2736,.F.);
#3016 = ORIENTED_EDGE('',*,*,#2728,.F.);
#3017 = ORIENTED_EDGE('',*,*,#2718,.T.);
#3018 = ORIENTED_EDGE('',*,*,#3019,.F.);
#3019 = EDGE_CURVE('',#2969,#2721,#3020,.T.);
#3020 = LINE('',#3021,#3022);
#3021 = CARTESIAN_POINT('',(-1.45,-0.8,0.375));
#3022 = VECTOR('',#3023,1.);
#3023 = DIRECTION('',(0.,0.,1.));
#3024 = PLANE('',#3025);
#3025 = AXIS2_PLACEMENT_3D('',#3026,#3027,#3028);
#3026 = CARTESIAN_POINT('',(-1.6,-0.8,0.));
#3027 = DIRECTION('',(0.,1.,0.));
#3028 = DIRECTION('',(0.,-0.,1.));
#3029 = ADVANCED_FACE('',(#3030,#3119),#3145,.F.);
#3030 = FACE_BOUND('',#3031,.F.);
#3031 = EDGE_LOOP('',(#3032,#3040,#3041,#3049,#3057,#3065,#3073,#3081,
    #3089,#3097,#3105,#3113));
#3032 = ORIENTED_EDGE('',*,*,#3033,.F.);
#3033 = EDGE_CURVE('',#2721,#3034,#3036,.T.);
#3034 = VERTEX_POINT('',#3035);
#3035 = CARTESIAN_POINT('',(-1.45,-0.6,6.E-02));
#3036 = LINE('',#3037,#3038);
#3037 = CARTESIAN_POINT('',(-1.45,-0.7,6.E-02));
#3038 = VECTOR('',#3039,1.);
#3039 = DIRECTION('',(0.,1.,0.));
#3040 = ORIENTED_EDGE('',*,*,#2783,.T.);
#3041 = ORIENTED_EDGE('',*,*,#3042,.F.);
#3042 = EDGE_CURVE('',#3043,#2776,#3045,.T.);
#3043 = VERTEX_POINT('',#3044);
#3044 = CARTESIAN_POINT('',(1.45,-0.6,6.E-02));
#3045 = LINE('',#3046,#3047);
#3046 = CARTESIAN_POINT('',(1.45,-0.9,6.E-02));
#3047 = VECTOR('',#3048,1.);
#3048 = DIRECTION('',(0.,-1.,0.));
#3049 = ORIENTED_EDGE('',*,*,#3050,.F.);
#3050 = EDGE_CURVE('',#3051,#3043,#3053,.T.);
#3051 = VERTEX_POINT('',#3052);
#3052 = CARTESIAN_POINT('',(1.,-0.6,6.E-02));
#3053 = LINE('',#3054,#3055);
#3054 = CARTESIAN_POINT('',(-4.5E-02,-0.6,6.E-02));
#3055 = VECTOR('',#3056,1.);
#3056 = DIRECTION('',(1.,0.,0.));
#3057 = ORIENTED_EDGE('',*,*,#3058,.T.);
#3058 = EDGE_CURVE('',#3051,#3059,#3061,.T.);
#3059 = VERTEX_POINT('',#3060);
#3060 = CARTESIAN_POINT('',(1.,0.6,6.E-02));
#3061 = LINE('',#3062,#3063);
#3062 = CARTESIAN_POINT('',(1.,-0.8,6.E-02));
#3063 = VECTOR('',#3064,1.);
#3064 = DIRECTION('',(0.,1.,0.));
#3065 = ORIENTED_EDGE('',*,*,#3066,.F.);
#3066 = EDGE_CURVE('',#3067,#3059,#3069,.T.);
#3067 = VERTEX_POINT('',#3068);
#3068 = CARTESIAN_POINT('',(1.45,0.6,6.E-02));
#3069 = LINE('',#3070,#3071);
#3070 = CARTESIAN_POINT('',(-1.495,0.6,6.E-02));
#3071 = VECTOR('',#3072,1.);
#3072 = DIRECTION('',(-1.,0.,0.));
#3073 = ORIENTED_EDGE('',*,*,#3074,.F.);
#3074 = EDGE_CURVE('',#3075,#3067,#3077,.T.);
#3075 = VERTEX_POINT('',#3076);
#3076 = CARTESIAN_POINT('',(1.45,0.8,6.E-02));
#3077 = LINE('',#3078,#3079);
#3078 = CARTESIAN_POINT('',(1.45,-0.1,6.E-02));
#3079 = VECTOR('',#3080,1.);
#3080 = DIRECTION('',(0.,-1.,0.));
#3081 = ORIENTED_EDGE('',*,*,#3082,.F.);
#3082 = EDGE_CURVE('',#3083,#3075,#3085,.T.);
#3083 = VERTEX_POINT('',#3084);
#3084 = CARTESIAN_POINT('',(-1.45,0.8,6.E-02));
#3085 = LINE('',#3086,#3087);
#3086 = CARTESIAN_POINT('',(-1.54,0.8,6.E-02));
#3087 = VECTOR('',#3088,1.);
#3088 = DIRECTION('',(1.,0.,0.));
#3089 = ORIENTED_EDGE('',*,*,#3090,.F.);
#3090 = EDGE_CURVE('',#3091,#3083,#3093,.T.);
#3091 = VERTEX_POINT('',#3092);
#3092 = CARTESIAN_POINT('',(-1.45,0.6,6.E-02));
#3093 = LINE('',#3094,#3095);
#3094 = CARTESIAN_POINT('',(-1.45,0.1,6.E-02));
#3095 = VECTOR('',#3096,1.);
#3096 = DIRECTION('',(0.,1.,0.));
#3097 = ORIENTED_EDGE('',*,*,#3098,.F.);
#3098 = EDGE_CURVE('',#3099,#3091,#3101,.T.);
#3099 = VERTEX_POINT('',#3100);
#3100 = CARTESIAN_POINT('',(-1.,0.6,6.E-02));
#3101 = LINE('',#3102,#3103);
#3102 = CARTESIAN_POINT('',(-1.495,0.6,6.E-02));
#3103 = VECTOR('',#3104,1.);
#3104 = DIRECTION('',(-1.,0.,0.));
#3105 = ORIENTED_EDGE('',*,*,#3106,.F.);
#3106 = EDGE_CURVE('',#3107,#3099,#3109,.T.);
#3107 = VERTEX_POINT('',#3108);
#3108 = CARTESIAN_POINT('',(-1.,-0.6,6.E-02));
#3109 = LINE('',#3110,#3111);
#3110 = CARTESIAN_POINT('',(-1.,-0.8,6.E-02));
#3111 = VECTOR('',#3112,1.);
#3112 = DIRECTION('',(0.,1.,0.));
#3113 = ORIENTED_EDGE('',*,*,#3114,.F.);
#3114 = EDGE_CURVE('',#3034,#3107,#3115,.T.);
#3115 = LINE('',#3116,#3117);
#3116 = CARTESIAN_POINT('',(-4.5E-02,-0.6,6.E-02));
#3117 = VECTOR('',#3118,1.);
#3118 = DIRECTION('',(1.,0.,0.));
#3119 = FACE_BOUND('',#3120,.F.);
#3120 = EDGE_LOOP('',(#3121,#3131,#3139));
#3121 = ORIENTED_EDGE('',*,*,#3122,.T.);
#3122 = EDGE_CURVE('',#3123,#3125,#3127,.T.);
#3123 = VERTEX_POINT('',#3124);
#3124 = CARTESIAN_POINT('',(0.554256258422,0.64,6.E-02));
#3125 = VERTEX_POINT('',#3126);
#3126 = CARTESIAN_POINT('',(0.554256258422,-0.64,6.E-02));
#3127 = LINE('',#3128,#3129);
#3128 = CARTESIAN_POINT('',(0.554256258422,0.64,6.E-02));
#3129 = VECTOR('',#3130,1.);
#3130 = DIRECTION('',(0.,-1.,0.));
#3131 = ORIENTED_EDGE('',*,*,#3132,.T.);
#3132 = EDGE_CURVE('',#3125,#3133,#3135,.T.);
#3133 = VERTEX_POINT('',#3134);
#3134 = CARTESIAN_POINT('',(-0.554256258422,0.,6.E-02));
#3135 = LINE('',#3136,#3137);
#3136 = CARTESIAN_POINT('',(0.554256258422,-0.64,6.E-02));
#3137 = VECTOR('',#3138,1.);
#3138 = DIRECTION('',(-0.866025403784,0.5,0.));
#3139 = ORIENTED_EDGE('',*,*,#3140,.T.);
#3140 = EDGE_CURVE('',#3133,#3123,#3141,.T.);
#3141 = LINE('',#3142,#3143);
#3142 = CARTESIAN_POINT('',(-0.554256258422,0.,6.E-02));
#3143 = VECTOR('',#3144,1.);
#3144 = DIRECTION('',(0.866025403784,0.5,0.));
#3145 = PLANE('',#3146);
#3146 = AXIS2_PLACEMENT_3D('',#3147,#3148,#3149);
#3147 = CARTESIAN_POINT('',(-1.54,-0.8,6.E-02));
#3148 = DIRECTION('',(0.,0.,1.));
#3149 = DIRECTION('',(1.,0.,-0.));
#3150 = ADVANCED_FACE('',(#3151),#3212,.F.);
#3151 = FACE_BOUND('',#3152,.F.);
#3152 = EDGE_LOOP('',(#3153,#3163,#3169,#3170,#3171,#3172,#3180,#3188,
    #3197,#3205));
#3153 = ORIENTED_EDGE('',*,*,#3154,.F.);
#3154 = EDGE_CURVE('',#3155,#3157,#3159,.T.);
#3155 = VERTEX_POINT('',#3156);
#3156 = CARTESIAN_POINT('',(1.45,-0.8,0.));
#3157 = VERTEX_POINT('',#3158);
#3158 = CARTESIAN_POINT('',(1.54,-0.8,-6.938893903907E-18));
#3159 = LINE('',#3160,#3161);
#3160 = CARTESIAN_POINT('',(1.,-0.8,0.));
#3161 = VECTOR('',#3162,1.);
#3162 = DIRECTION('',(1.,0.,0.));
#3163 = ORIENTED_EDGE('',*,*,#3164,.F.);
#3164 = EDGE_CURVE('',#2776,#3155,#3165,.T.);
#3165 = LINE('',#3166,#3167);
#3166 = CARTESIAN_POINT('',(1.45,-0.8,0.375));
#3167 = VECTOR('',#3168,1.);
#3168 = DIRECTION('',(0.,0.,-1.));
#3169 = ORIENTED_EDGE('',*,*,#2775,.T.);
#3170 = ORIENTED_EDGE('',*,*,#2767,.T.);
#3171 = ORIENTED_EDGE('',*,*,#2759,.F.);
#3172 = ORIENTED_EDGE('',*,*,#3173,.F.);
#3173 = EDGE_CURVE('',#3174,#2752,#3176,.T.);
#3174 = VERTEX_POINT('',#3175);
#3175 = CARTESIAN_POINT('',(1.45,-0.8,0.5));
#3176 = LINE('',#3177,#3178);
#3177 = CARTESIAN_POINT('',(1.45,-0.8,0.375));
#3178 = VECTOR('',#3179,1.);
#3179 = DIRECTION('',(0.,0.,-1.));
#3180 = ORIENTED_EDGE('',*,*,#3181,.T.);
#3181 = EDGE_CURVE('',#3174,#3182,#3184,.T.);
#3182 = VERTEX_POINT('',#3183);
#3183 = CARTESIAN_POINT('',(1.54,-0.8,0.5));
#3184 = LINE('',#3185,#3186);
#3185 = CARTESIAN_POINT('',(1.,-0.8,0.5));
#3186 = VECTOR('',#3187,1.);
#3187 = DIRECTION('',(1.,0.,0.));
#3188 = ORIENTED_EDGE('',*,*,#3189,.F.);
#3189 = EDGE_CURVE('',#3190,#3182,#3192,.T.);
#3190 = VERTEX_POINT('',#3191);
#3191 = CARTESIAN_POINT('',(1.6,-0.8,0.44));
#3192 = CIRCLE('',#3193,6.E-02);
#3193 = AXIS2_PLACEMENT_3D('',#3194,#3195,#3196);
#3194 = CARTESIAN_POINT('',(1.54,-0.8,0.44));
#3195 = DIRECTION('',(0.,-1.,0.));
#3196 = DIRECTION('',(0.,0.,1.));
#3197 = ORIENTED_EDGE('',*,*,#3198,.F.);
#3198 = EDGE_CURVE('',#3199,#3190,#3201,.T.);
#3199 = VERTEX_POINT('',#3200);
#3200 = CARTESIAN_POINT('',(1.6,-0.8,6.E-02));
#3201 = LINE('',#3202,#3203);
#3202 = CARTESIAN_POINT('',(1.6,-0.8,0.));
#3203 = VECTOR('',#3204,1.);
#3204 = DIRECTION('',(0.,0.,1.));
#3205 = ORIENTED_EDGE('',*,*,#3206,.T.);
#3206 = EDGE_CURVE('',#3199,#3157,#3207,.T.);
#3207 = CIRCLE('',#3208,6.E-02);
#3208 = AXIS2_PLACEMENT_3D('',#3209,#3210,#3211);
#3209 = CARTESIAN_POINT('',(1.54,-0.8,6.E-02));
#3210 = DIRECTION('',(0.,1.,0.));
#3211 = DIRECTION('',(0.,-0.,1.));
#3212 = PLANE('',#3213);
#3213 = AXIS2_PLACEMENT_3D('',#3214,#3215,#3216);
#3214 = CARTESIAN_POINT('',(1.,-0.8,0.));
#3215 = DIRECTION('',(0.,1.,0.));
#3216 = DIRECTION('',(0.,-0.,1.));
#3217 = ADVANCED_FACE('',(#3218),#3236,.T.);
#3218 = FACE_BOUND('',#3219,.T.);
#3219 = EDGE_LOOP('',(#3220,#3228,#3229,#3230));
#3220 = ORIENTED_EDGE('',*,*,#3221,.F.);
#3221 = EDGE_CURVE('',#2824,#3222,#3224,.T.);
#3222 = VERTEX_POINT('',#3223);
#3223 = CARTESIAN_POINT('',(1.45,-0.6,0.44));
#3224 = LINE('',#3225,#3226);
#3225 = CARTESIAN_POINT('',(-4.5E-02,-0.6,0.44));
#3226 = VECTOR('',#3227,1.);
#3227 = DIRECTION('',(1.,0.,0.));
#3228 = ORIENTED_EDGE('',*,*,#2823,.T.);
#3229 = ORIENTED_EDGE('',*,*,#2751,.T.);
#3230 = ORIENTED_EDGE('',*,*,#3231,.F.);
#3231 = EDGE_CURVE('',#3222,#2752,#3232,.T.);
#3232 = LINE('',#3233,#3234);
#3233 = CARTESIAN_POINT('',(1.45,-0.9,0.44));
#3234 = VECTOR('',#3235,1.);
#3235 = DIRECTION('',(0.,-1.,0.));
#3236 = PLANE('',#3237);
#3237 = AXIS2_PLACEMENT_3D('',#3238,#3239,#3240);
#3238 = CARTESIAN_POINT('',(-1.54,-0.8,0.44));
#3239 = DIRECTION('',(0.,0.,1.));
#3240 = DIRECTION('',(1.,0.,-0.));
#3241 = ADVANCED_FACE('',(#3242),#3267,.T.);
#3242 = FACE_BOUND('',#3243,.T.);
#3243 = EDGE_LOOP('',(#3244,#3252,#3253,#3261));
#3244 = ORIENTED_EDGE('',*,*,#3245,.F.);
#3245 = EDGE_CURVE('',#2840,#3246,#3248,.T.);
#3246 = VERTEX_POINT('',#3247);
#3247 = CARTESIAN_POINT('',(1.45,0.8,0.44));
#3248 = LINE('',#3249,#3250);
#3249 = CARTESIAN_POINT('',(-1.54,0.8,0.44));
#3250 = VECTOR('',#3251,1.);
#3251 = DIRECTION('',(1.,0.,0.));
#3252 = ORIENTED_EDGE('',*,*,#2839,.T.);
#3253 = ORIENTED_EDGE('',*,*,#3254,.F.);
#3254 = EDGE_CURVE('',#3255,#2832,#3257,.T.);
#3255 = VERTEX_POINT('',#3256);
#3256 = CARTESIAN_POINT('',(1.45,0.6,0.44));
#3257 = LINE('',#3258,#3259);
#3258 = CARTESIAN_POINT('',(-1.495,0.6,0.44));
#3259 = VECTOR('',#3260,1.);
#3260 = DIRECTION('',(-1.,0.,0.));
#3261 = ORIENTED_EDGE('',*,*,#3262,.F.);
#3262 = EDGE_CURVE('',#3246,#3255,#3263,.T.);
#3263 = LINE('',#3264,#3265);
#3264 = CARTESIAN_POINT('',(1.45,-0.1,0.44));
#3265 = VECTOR('',#3266,1.);
#3266 = DIRECTION('',(0.,-1.,0.));
#3267 = PLANE('',#3268);
#3268 = AXIS2_PLACEMENT_3D('',#3269,#3270,#3271);
#3269 = CARTESIAN_POINT('',(-1.54,-0.8,0.44));
#3270 = DIRECTION('',(0.,0.,1.));
#3271 = DIRECTION('',(1.,0.,-0.));
#3272 = ADVANCED_FACE('',(#3273),#3300,.T.);
#3273 = FACE_BOUND('',#3274,.T.);
#3274 = EDGE_LOOP('',(#3275,#3276,#3285,#3293));
#3275 = ORIENTED_EDGE('',*,*,#2831,.T.);
#3276 = ORIENTED_EDGE('',*,*,#3277,.T.);
#3277 = EDGE_CURVE('',#2824,#3278,#3280,.T.);
#3278 = VERTEX_POINT('',#3279);
#3279 = CARTESIAN_POINT('',(1.06,-0.6,0.5));
#3280 = CIRCLE('',#3281,6.E-02);
#3281 = AXIS2_PLACEMENT_3D('',#3282,#3283,#3284);
#3282 = CARTESIAN_POINT('',(1.06,-0.6,0.44));
#3283 = DIRECTION('',(0.,1.,-0.));
#3284 = DIRECTION('',(-1.,0.,0.));
#3285 = ORIENTED_EDGE('',*,*,#3286,.T.);
#3286 = EDGE_CURVE('',#3278,#3287,#3289,.T.);
#3287 = VERTEX_POINT('',#3288);
#3288 = CARTESIAN_POINT('',(1.06,0.6,0.5));
#3289 = LINE('',#3290,#3291);
#3290 = CARTESIAN_POINT('',(1.06,-0.8,0.5));
#3291 = VECTOR('',#3292,1.);
#3292 = DIRECTION('',(0.,1.,0.));
#3293 = ORIENTED_EDGE('',*,*,#3294,.F.);
#3294 = EDGE_CURVE('',#2832,#3287,#3295,.T.);
#3295 = CIRCLE('',#3296,6.E-02);
#3296 = AXIS2_PLACEMENT_3D('',#3297,#3298,#3299);
#3297 = CARTESIAN_POINT('',(1.06,0.6,0.44));
#3298 = DIRECTION('',(0.,1.,-0.));
#3299 = DIRECTION('',(-1.,0.,0.));
#3300 = CYLINDRICAL_SURFACE('',#3301,6.E-02);
#3301 = AXIS2_PLACEMENT_3D('',#3302,#3303,#3304);
#3302 = CARTESIAN_POINT('',(1.06,-0.8,0.44));
#3303 = DIRECTION('',(0.,1.,0.));
#3304 = DIRECTION('',(-1.,0.,0.));
#3305 = ADVANCED_FACE('',(#3306),#3356,.T.);
#3306 = FACE_BOUND('',#3307,.T.);
#3307 = EDGE_LOOP('',(#3308,#3316,#3324,#3330,#3331,#3332,#3333,#3341,
    #3349,#3355));
#3308 = ORIENTED_EDGE('',*,*,#3309,.F.);
#3309 = EDGE_CURVE('',#3310,#3083,#3312,.T.);
#3310 = VERTEX_POINT('',#3311);
#3311 = CARTESIAN_POINT('',(-1.54,0.8,6.E-02));
#3312 = LINE('',#3313,#3314);
#3313 = CARTESIAN_POINT('',(-1.54,0.8,6.E-02));
#3314 = VECTOR('',#3315,1.);
#3315 = DIRECTION('',(1.,0.,0.));
#3316 = ORIENTED_EDGE('',*,*,#3317,.T.);
#3317 = EDGE_CURVE('',#3310,#3318,#3320,.T.);
#3318 = VERTEX_POINT('',#3319);
#3319 = CARTESIAN_POINT('',(-1.54,0.8,0.44));
#3320 = LINE('',#3321,#3322);
#3321 = CARTESIAN_POINT('',(-1.54,0.8,6.E-02));
#3322 = VECTOR('',#3323,1.);
#3323 = DIRECTION('',(0.,0.,1.));
#3324 = ORIENTED_EDGE('',*,*,#3325,.T.);
#3325 = EDGE_CURVE('',#3318,#2862,#3326,.T.);
#3326 = LINE('',#3327,#3328);
#3327 = CARTESIAN_POINT('',(-1.54,0.8,0.44));
#3328 = VECTOR('',#3329,1.);
#3329 = DIRECTION('',(1.,0.,0.));
#3330 = ORIENTED_EDGE('',*,*,#2861,.T.);
#3331 = ORIENTED_EDGE('',*,*,#2895,.F.);
#3332 = ORIENTED_EDGE('',*,*,#3245,.T.);
#3333 = ORIENTED_EDGE('',*,*,#3334,.T.);
#3334 = EDGE_CURVE('',#3246,#3335,#3337,.T.);
#3335 = VERTEX_POINT('',#3336);
#3336 = CARTESIAN_POINT('',(1.54,0.8,0.44));
#3337 = LINE('',#3338,#3339);
#3338 = CARTESIAN_POINT('',(-1.54,0.8,0.44));
#3339 = VECTOR('',#3340,1.);
#3340 = DIRECTION('',(1.,0.,0.));
#3341 = ORIENTED_EDGE('',*,*,#3342,.F.);
#3342 = EDGE_CURVE('',#3343,#3335,#3345,.T.);
#3343 = VERTEX_POINT('',#3344);
#3344 = CARTESIAN_POINT('',(1.54,0.8,6.E-02));
#3345 = LINE('',#3346,#3347);
#3346 = CARTESIAN_POINT('',(1.54,0.8,6.E-02));
#3347 = VECTOR('',#3348,1.);
#3348 = DIRECTION('',(0.,0.,1.));
#3349 = ORIENTED_EDGE('',*,*,#3350,.F.);
#3350 = EDGE_CURVE('',#3075,#3343,#3351,.T.);
#3351 = LINE('',#3352,#3353);
#3352 = CARTESIAN_POINT('',(-1.54,0.8,6.E-02));
#3353 = VECTOR('',#3354,1.);
#3354 = DIRECTION('',(1.,0.,0.));
#3355 = ORIENTED_EDGE('',*,*,#3082,.F.);
#3356 = PLANE('',#3357);
#3357 = AXIS2_PLACEMENT_3D('',#3358,#3359,#3360);
#3358 = CARTESIAN_POINT('',(-1.54,0.8,6.E-02));
#3359 = DIRECTION('',(0.,1.,0.));
#3360 = DIRECTION('',(0.,-0.,1.));
#3361 = ADVANCED_FACE('',(#3362),#3380,.F.);
#3362 = FACE_BOUND('',#3363,.F.);
#3363 = EDGE_LOOP('',(#3364,#3372,#3378,#3379));
#3364 = ORIENTED_EDGE('',*,*,#3365,.F.);
#3365 = EDGE_CURVE('',#3366,#2910,#3368,.T.);
#3366 = VERTEX_POINT('',#3367);
#3367 = CARTESIAN_POINT('',(-1.45,0.6,0.5));
#3368 = LINE('',#3369,#3370);
#3369 = CARTESIAN_POINT('',(-1.525,0.6,0.5));
#3370 = VECTOR('',#3371,1.);
#3371 = DIRECTION('',(1.,0.,0.));
#3372 = ORIENTED_EDGE('',*,*,#3373,.T.);
#3373 = EDGE_CURVE('',#3366,#2870,#3374,.T.);
#3374 = LINE('',#3375,#3376);
#3375 = CARTESIAN_POINT('',(-1.45,0.6,0.75));
#3376 = VECTOR('',#3377,1.);
#3377 = DIRECTION('',(-0.,-0.,-1.));
#3378 = ORIENTED_EDGE('',*,*,#2877,.F.);
#3379 = ORIENTED_EDGE('',*,*,#2909,.F.);
#3380 = PLANE('',#3381);
#3381 = AXIS2_PLACEMENT_3D('',#3382,#3383,#3384);
#3382 = CARTESIAN_POINT('',(-1.45,0.6,0.75));
#3383 = DIRECTION('',(0.,-1.,0.));
#3384 = DIRECTION('',(1.,0.,0.));
#3385 = ADVANCED_FACE('',(#3386),#3404,.F.);
#3386 = FACE_BOUND('',#3387,.F.);
#3387 = EDGE_LOOP('',(#3388,#3389,#3397,#3403));
#3388 = ORIENTED_EDGE('',*,*,#3373,.F.);
#3389 = ORIENTED_EDGE('',*,*,#3390,.F.);
#3390 = EDGE_CURVE('',#3391,#3366,#3393,.T.);
#3391 = VERTEX_POINT('',#3392);
#3392 = CARTESIAN_POINT('',(-1.45,0.8,0.5));
#3393 = LINE('',#3394,#3395);
#3394 = CARTESIAN_POINT('',(-1.45,0.1,0.5));
#3395 = VECTOR('',#3396,1.);
#3396 = DIRECTION('',(0.,-1.,0.));
#3397 = ORIENTED_EDGE('',*,*,#3398,.F.);
#3398 = EDGE_CURVE('',#2862,#3391,#3399,.T.);
#3399 = LINE('',#3400,#3401);
#3400 = CARTESIAN_POINT('',(-1.45,0.8,0.375));
#3401 = VECTOR('',#3402,1.);
#3402 = DIRECTION('',(0.,0.,1.));
#3403 = ORIENTED_EDGE('',*,*,#2869,.F.);
#3404 = PLANE('',#3405);
#3405 = AXIS2_PLACEMENT_3D('',#3406,#3407,#3408);
#3406 = CARTESIAN_POINT('',(-1.45,1.,0.75));
#3407 = DIRECTION('',(-1.,0.,0.));
#3408 = DIRECTION('',(0.,-1.,0.));
#3409 = ADVANCED_FACE('',(#3410),#3428,.F.);
#3410 = FACE_BOUND('',#3411,.F.);
#3411 = EDGE_LOOP('',(#3412,#3420,#3426,#3427));
#3412 = ORIENTED_EDGE('',*,*,#3413,.F.);
#3413 = EDGE_CURVE('',#3414,#2943,#3416,.T.);
#3414 = VERTEX_POINT('',#3415);
#3415 = CARTESIAN_POINT('',(-1.45,-0.6,0.5));
#3416 = LINE('',#3417,#3418);
#3417 = CARTESIAN_POINT('',(-1.45,-0.6,0.75));
#3418 = VECTOR('',#3419,1.);
#3419 = DIRECTION('',(-0.,-0.,-1.));
#3420 = ORIENTED_EDGE('',*,*,#3421,.F.);
#3421 = EDGE_CURVE('',#2919,#3414,#3422,.T.);
#3422 = LINE('',#3423,#3424);
#3423 = CARTESIAN_POINT('',(-7.5E-02,-0.6,0.5));
#3424 = VECTOR('',#3425,1.);
#3425 = DIRECTION('',(-1.,0.,0.));
#3426 = ORIENTED_EDGE('',*,*,#2926,.T.);
#3427 = ORIENTED_EDGE('',*,*,#2952,.F.);
#3428 = PLANE('',#3429);
#3429 = AXIS2_PLACEMENT_3D('',#3430,#3431,#3432);
#3430 = CARTESIAN_POINT('',(1.45,-0.6,0.75));
#3431 = DIRECTION('',(0.,1.,0.));
#3432 = DIRECTION('',(-1.,0.,0.));
#3433 = ADVANCED_FACE('',(#3434),#3461,.T.);
#3434 = FACE_BOUND('',#3435,.T.);
#3435 = EDGE_LOOP('',(#3436,#3444,#3450,#3451,#3457,#3458,#3459,#3460));
#3436 = ORIENTED_EDGE('',*,*,#3437,.F.);
#3437 = EDGE_CURVE('',#3438,#3391,#3440,.T.);
#3438 = VERTEX_POINT('',#3439);
#3439 = CARTESIAN_POINT('',(-1.54,0.8,0.5));
#3440 = LINE('',#3441,#3442);
#3441 = CARTESIAN_POINT('',(-1.6,0.8,0.5));
#3442 = VECTOR('',#3443,1.);
#3443 = DIRECTION('',(1.,0.,0.));
#3444 = ORIENTED_EDGE('',*,*,#3445,.F.);
#3445 = EDGE_CURVE('',#2994,#3438,#3446,.T.);
#3446 = LINE('',#3447,#3448);
#3447 = CARTESIAN_POINT('',(-1.54,-0.8,0.5));
#3448 = VECTOR('',#3449,1.);
#3449 = DIRECTION('',(0.,1.,0.));
#3450 = ORIENTED_EDGE('',*,*,#3002,.T.);
#3451 = ORIENTED_EDGE('',*,*,#3452,.F.);
#3452 = EDGE_CURVE('',#3414,#3003,#3453,.T.);
#3453 = LINE('',#3454,#3455);
#3454 = CARTESIAN_POINT('',(-1.45,-0.7,0.5));
#3455 = VECTOR('',#3456,1.);
#3456 = DIRECTION('',(0.,-1.,0.));
#3457 = ORIENTED_EDGE('',*,*,#3421,.F.);
#3458 = ORIENTED_EDGE('',*,*,#2918,.T.);
#3459 = ORIENTED_EDGE('',*,*,#3365,.F.);
#3460 = ORIENTED_EDGE('',*,*,#3390,.F.);
#3461 = PLANE('',#3462);
#3462 = AXIS2_PLACEMENT_3D('',#3463,#3464,#3465);
#3463 = CARTESIAN_POINT('',(-1.6,-0.8,0.5));
#3464 = DIRECTION('',(0.,0.,1.));
#3465 = DIRECTION('',(1.,0.,-0.));
#3466 = ADVANCED_FACE('',(#3467),#3473,.F.);
#3467 = FACE_BOUND('',#3468,.F.);
#3468 = EDGE_LOOP('',(#3469,#3470,#3471,#3472));
#3469 = ORIENTED_EDGE('',*,*,#3452,.F.);
#3470 = ORIENTED_EDGE('',*,*,#3413,.T.);
#3471 = ORIENTED_EDGE('',*,*,#2942,.F.);
#3472 = ORIENTED_EDGE('',*,*,#3010,.T.);
#3473 = PLANE('',#3474);
#3474 = AXIS2_PLACEMENT_3D('',#3475,#3476,#3477);
#3475 = CARTESIAN_POINT('',(-1.45,-0.6,0.75));
#3476 = DIRECTION('',(-1.,0.,0.));
#3477 = DIRECTION('',(0.,-1.,0.));
#3478 = ADVANCED_FACE('',(#3479),#3536,.F.);
#3479 = FACE_BOUND('',#3480,.F.);
#3480 = EDGE_LOOP('',(#3481,#3491,#3497,#3498,#3506,#3514,#3522,#3530));
#3481 = ORIENTED_EDGE('',*,*,#3482,.F.);
#3482 = EDGE_CURVE('',#3483,#3485,#3487,.T.);
#3483 = VERTEX_POINT('',#3484);
#3484 = CARTESIAN_POINT('',(-1.54,0.8,-6.938893903907E-18));
#3485 = VERTEX_POINT('',#3486);
#3486 = CARTESIAN_POINT('',(-1.45,0.8,0.));
#3487 = LINE('',#3488,#3489);
#3488 = CARTESIAN_POINT('',(-1.6,0.8,0.));
#3489 = VECTOR('',#3490,1.);
#3490 = DIRECTION('',(1.,0.,0.));
#3491 = ORIENTED_EDGE('',*,*,#3492,.F.);
#3492 = EDGE_CURVE('',#2967,#3483,#3493,.T.);
#3493 = LINE('',#3494,#3495);
#3494 = CARTESIAN_POINT('',(-1.54,-0.8,-6.938893903907E-18));
#3495 = VECTOR('',#3496,1.);
#3496 = DIRECTION('',(0.,1.,0.));
#3497 = ORIENTED_EDGE('',*,*,#2966,.T.);
#3498 = ORIENTED_EDGE('',*,*,#3499,.F.);
#3499 = EDGE_CURVE('',#3500,#2969,#3502,.T.);
#3500 = VERTEX_POINT('',#3501);
#3501 = CARTESIAN_POINT('',(-1.45,-0.6,0.));
#3502 = LINE('',#3503,#3504);
#3503 = CARTESIAN_POINT('',(-1.45,-0.7,0.));
#3504 = VECTOR('',#3505,1.);
#3505 = DIRECTION('',(0.,-1.,0.));
#3506 = ORIENTED_EDGE('',*,*,#3507,.F.);
#3507 = EDGE_CURVE('',#3508,#3500,#3510,.T.);
#3508 = VERTEX_POINT('',#3509);
#3509 = CARTESIAN_POINT('',(-1.06,-0.6,-6.938893903907E-18));
#3510 = LINE('',#3511,#3512);
#3511 = CARTESIAN_POINT('',(-7.5E-02,-0.6,0.));
#3512 = VECTOR('',#3513,1.);
#3513 = DIRECTION('',(-1.,0.,0.));
#3514 = ORIENTED_EDGE('',*,*,#3515,.T.);
#3515 = EDGE_CURVE('',#3508,#3516,#3518,.T.);
#3516 = VERTEX_POINT('',#3517);
#3517 = CARTESIAN_POINT('',(-1.06,0.6,-6.938893903907E-18));
#3518 = LINE('',#3519,#3520);
#3519 = CARTESIAN_POINT('',(-1.06,-0.8,-6.938893903907E-18));
#3520 = VECTOR('',#3521,1.);
#3521 = DIRECTION('',(0.,1.,0.));
#3522 = ORIENTED_EDGE('',*,*,#3523,.F.);
#3523 = EDGE_CURVE('',#3524,#3516,#3526,.T.);
#3524 = VERTEX_POINT('',#3525);
#3525 = CARTESIAN_POINT('',(-1.45,0.6,0.));
#3526 = LINE('',#3527,#3528);
#3527 = CARTESIAN_POINT('',(-1.525,0.6,0.));
#3528 = VECTOR('',#3529,1.);
#3529 = DIRECTION('',(1.,0.,0.));
#3530 = ORIENTED_EDGE('',*,*,#3531,.F.);
#3531 = EDGE_CURVE('',#3485,#3524,#3532,.T.);
#3532 = LINE('',#3533,#3534);
#3533 = CARTESIAN_POINT('',(-1.45,0.1,0.));
#3534 = VECTOR('',#3535,1.);
#3535 = DIRECTION('',(0.,-1.,0.));
#3536 = PLANE('',#3537);
#3537 = AXIS2_PLACEMENT_3D('',#3538,#3539,#3540);
#3538 = CARTESIAN_POINT('',(-1.6,-0.8,0.));
#3539 = DIRECTION('',(0.,0.,1.));
#3540 = DIRECTION('',(1.,0.,-0.));
#3541 = ADVANCED_FACE('',(#3542),#3561,.T.);
#3542 = FACE_BOUND('',#3543,.T.);
#3543 = EDGE_LOOP('',(#3544,#3552,#3559,#3560));
#3544 = ORIENTED_EDGE('',*,*,#3545,.T.);
#3545 = EDGE_CURVE('',#2977,#3546,#3548,.T.);
#3546 = VERTEX_POINT('',#3547);
#3547 = CARTESIAN_POINT('',(-1.6,0.8,6.E-02));
#3548 = LINE('',#3549,#3550);
#3549 = CARTESIAN_POINT('',(-1.6,-0.8,6.E-02));
#3550 = VECTOR('',#3551,1.);
#3551 = DIRECTION('',(0.,1.,0.));
#3552 = ORIENTED_EDGE('',*,*,#3553,.T.);
#3553 = EDGE_CURVE('',#3546,#3483,#3554,.T.);
#3554 = CIRCLE('',#3555,6.E-02);
#3555 = AXIS2_PLACEMENT_3D('',#3556,#3557,#3558);
#3556 = CARTESIAN_POINT('',(-1.54,0.8,6.E-02));
#3557 = DIRECTION('',(0.,-1.,0.));
#3558 = DIRECTION('',(0.,0.,1.));
#3559 = ORIENTED_EDGE('',*,*,#3492,.F.);
#3560 = ORIENTED_EDGE('',*,*,#2976,.F.);
#3561 = CYLINDRICAL_SURFACE('',#3562,6.E-02);
#3562 = AXIS2_PLACEMENT_3D('',#3563,#3564,#3565);
#3563 = CARTESIAN_POINT('',(-1.54,-0.8,6.E-02));
#3564 = DIRECTION('',(0.,1.,0.));
#3565 = DIRECTION('',(-1.,0.,0.));
#3566 = ADVANCED_FACE('',(#3567),#3578,.F.);
#3567 = FACE_BOUND('',#3568,.F.);
#3568 = EDGE_LOOP('',(#3569,#3570,#3576,#3577));
#3569 = ORIENTED_EDGE('',*,*,#3033,.T.);
#3570 = ORIENTED_EDGE('',*,*,#3571,.T.);
#3571 = EDGE_CURVE('',#3034,#3500,#3572,.T.);
#3572 = LINE('',#3573,#3574);
#3573 = CARTESIAN_POINT('',(-1.45,-0.6,0.75));
#3574 = VECTOR('',#3575,1.);
#3575 = DIRECTION('',(-0.,-0.,-1.));
#3576 = ORIENTED_EDGE('',*,*,#3499,.T.);
#3577 = ORIENTED_EDGE('',*,*,#3019,.T.);
#3578 = PLANE('',#3579);
#3579 = AXIS2_PLACEMENT_3D('',#3580,#3581,#3582);
#3580 = CARTESIAN_POINT('',(-1.45,-0.6,0.75));
#3581 = DIRECTION('',(-1.,0.,0.));
#3582 = DIRECTION('',(0.,-1.,0.));
#3583 = ADVANCED_FACE('',(#3584),#3602,.F.);
#3584 = FACE_BOUND('',#3585,.F.);
#3585 = EDGE_LOOP('',(#3586,#3587,#3588,#3596));
#3586 = ORIENTED_EDGE('',*,*,#2985,.F.);
#3587 = ORIENTED_EDGE('',*,*,#3545,.T.);
#3588 = ORIENTED_EDGE('',*,*,#3589,.T.);
#3589 = EDGE_CURVE('',#3546,#3590,#3592,.T.);
#3590 = VERTEX_POINT('',#3591);
#3591 = CARTESIAN_POINT('',(-1.6,0.8,0.44));
#3592 = LINE('',#3593,#3594);
#3593 = CARTESIAN_POINT('',(-1.6,0.8,0.));
#3594 = VECTOR('',#3595,1.);
#3595 = DIRECTION('',(0.,0.,1.));
#3596 = ORIENTED_EDGE('',*,*,#3597,.F.);
#3597 = EDGE_CURVE('',#2986,#3590,#3598,.T.);
#3598 = LINE('',#3599,#3600);
#3599 = CARTESIAN_POINT('',(-1.6,-0.8,0.44));
#3600 = VECTOR('',#3601,1.);
#3601 = DIRECTION('',(0.,1.,0.));
#3602 = PLANE('',#3603);
#3603 = AXIS2_PLACEMENT_3D('',#3604,#3605,#3606);
#3604 = CARTESIAN_POINT('',(-1.6,-0.8,0.));
#3605 = DIRECTION('',(1.,0.,0.));
#3606 = DIRECTION('',(0.,0.,1.));
#3607 = ADVANCED_FACE('',(#3608),#3620,.T.);
#3608 = FACE_BOUND('',#3609,.T.);
#3609 = EDGE_LOOP('',(#3610,#3611,#3612,#3619));
#3610 = ORIENTED_EDGE('',*,*,#2993,.T.);
#3611 = ORIENTED_EDGE('',*,*,#3445,.T.);
#3612 = ORIENTED_EDGE('',*,*,#3613,.F.);
#3613 = EDGE_CURVE('',#3590,#3438,#3614,.T.);
#3614 = CIRCLE('',#3615,6.E-02);
#3615 = AXIS2_PLACEMENT_3D('',#3616,#3617,#3618);
#3616 = CARTESIAN_POINT('',(-1.54,0.8,0.44));
#3617 = DIRECTION('',(0.,1.,0.));
#3618 = DIRECTION('',(0.,-0.,1.));
#3619 = ORIENTED_EDGE('',*,*,#3597,.F.);
#3620 = CYLINDRICAL_SURFACE('',#3621,6.E-02);
#3621 = AXIS2_PLACEMENT_3D('',#3622,#3623,#3624);
#3622 = CARTESIAN_POINT('',(-1.54,-0.8,0.44));
#3623 = DIRECTION('',(0.,1.,0.));
#3624 = DIRECTION('',(-1.,0.,0.));
#3625 = ADVANCED_FACE('',(#3626),#3638,.F.);
#3626 = FACE_BOUND('',#3627,.F.);
#3627 = EDGE_LOOP('',(#3628,#3629,#3630,#3637));
#3628 = ORIENTED_EDGE('',*,*,#3571,.F.);
#3629 = ORIENTED_EDGE('',*,*,#3114,.T.);
#3630 = ORIENTED_EDGE('',*,*,#3631,.T.);
#3631 = EDGE_CURVE('',#3107,#3508,#3632,.T.);
#3632 = CIRCLE('',#3633,6.E-02);
#3633 = AXIS2_PLACEMENT_3D('',#3634,#3635,#3636);
#3634 = CARTESIAN_POINT('',(-1.06,-0.6,6.E-02));
#3635 = DIRECTION('',(-0.,1.,0.));
#3636 = DIRECTION('',(1.,0.,0.));
#3637 = ORIENTED_EDGE('',*,*,#3507,.T.);
#3638 = PLANE('',#3639);
#3639 = AXIS2_PLACEMENT_3D('',#3640,#3641,#3642);
#3640 = CARTESIAN_POINT('',(1.45,-0.6,0.75));
#3641 = DIRECTION('',(0.,1.,0.));
#3642 = DIRECTION('',(-1.,0.,0.));
#3643 = ADVANCED_FACE('',(#3644),#3656,.T.);
#3644 = FACE_BOUND('',#3645,.T.);
#3645 = EDGE_LOOP('',(#3646,#3647,#3648,#3649));
#3646 = ORIENTED_EDGE('',*,*,#3106,.F.);
#3647 = ORIENTED_EDGE('',*,*,#3631,.T.);
#3648 = ORIENTED_EDGE('',*,*,#3515,.T.);
#3649 = ORIENTED_EDGE('',*,*,#3650,.F.);
#3650 = EDGE_CURVE('',#3099,#3516,#3651,.T.);
#3651 = CIRCLE('',#3652,6.E-02);
#3652 = AXIS2_PLACEMENT_3D('',#3653,#3654,#3655);
#3653 = CARTESIAN_POINT('',(-1.06,0.6,6.E-02));
#3654 = DIRECTION('',(-0.,1.,0.));
#3655 = DIRECTION('',(1.,0.,0.));
#3656 = CYLINDRICAL_SURFACE('',#3657,6.E-02);
#3657 = AXIS2_PLACEMENT_3D('',#3658,#3659,#3660);
#3658 = CARTESIAN_POINT('',(-1.06,-0.8,6.E-02));
#3659 = DIRECTION('',(0.,1.,0.));
#3660 = DIRECTION('',(1.,0.,0.));
#3661 = ADVANCED_FACE('',(#3662),#3673,.F.);
#3662 = FACE_BOUND('',#3663,.F.);
#3663 = EDGE_LOOP('',(#3664,#3665,#3671,#3672));
#3664 = ORIENTED_EDGE('',*,*,#3098,.T.);
#3665 = ORIENTED_EDGE('',*,*,#3666,.T.);
#3666 = EDGE_CURVE('',#3091,#3524,#3667,.T.);
#3667 = LINE('',#3668,#3669);
#3668 = CARTESIAN_POINT('',(-1.45,0.6,0.75));
#3669 = VECTOR('',#3670,1.);
#3670 = DIRECTION('',(-0.,-0.,-1.));
#3671 = ORIENTED_EDGE('',*,*,#3523,.T.);
#3672 = ORIENTED_EDGE('',*,*,#3650,.F.);
#3673 = PLANE('',#3674);
#3674 = AXIS2_PLACEMENT_3D('',#3675,#3676,#3677);
#3675 = CARTESIAN_POINT('',(-1.45,0.6,0.75));
#3676 = DIRECTION('',(0.,-1.,0.));
#3677 = DIRECTION('',(1.,0.,0.));
#3678 = ADVANCED_FACE('',(#3679),#3690,.F.);
#3679 = FACE_BOUND('',#3680,.F.);
#3680 = EDGE_LOOP('',(#3681,#3682,#3683,#3689));
#3681 = ORIENTED_EDGE('',*,*,#3666,.F.);
#3682 = ORIENTED_EDGE('',*,*,#3090,.T.);
#3683 = ORIENTED_EDGE('',*,*,#3684,.F.);
#3684 = EDGE_CURVE('',#3485,#3083,#3685,.T.);
#3685 = LINE('',#3686,#3687);
#3686 = CARTESIAN_POINT('',(-1.45,0.8,0.375));
#3687 = VECTOR('',#3688,1.);
#3688 = DIRECTION('',(0.,0.,1.));
#3689 = ORIENTED_EDGE('',*,*,#3531,.T.);
#3690 = PLANE('',#3691);
#3691 = AXIS2_PLACEMENT_3D('',#3692,#3693,#3694);
#3692 = CARTESIAN_POINT('',(-1.45,1.,0.75));
#3693 = DIRECTION('',(-1.,0.,0.));
#3694 = DIRECTION('',(0.,-1.,0.));
#3695 = ADVANCED_FACE('',(#3696),#3721,.F.);
#3696 = FACE_BOUND('',#3697,.F.);
#3697 = EDGE_LOOP('',(#3698,#3699,#3707,#3715));
#3698 = ORIENTED_EDGE('',*,*,#3074,.T.);
#3699 = ORIENTED_EDGE('',*,*,#3700,.T.);
#3700 = EDGE_CURVE('',#3067,#3701,#3703,.T.);
#3701 = VERTEX_POINT('',#3702);
#3702 = CARTESIAN_POINT('',(1.45,0.6,0.));
#3703 = LINE('',#3704,#3705);
#3704 = CARTESIAN_POINT('',(1.45,0.6,0.75));
#3705 = VECTOR('',#3706,1.);
#3706 = DIRECTION('',(-0.,-0.,-1.));
#3707 = ORIENTED_EDGE('',*,*,#3708,.T.);
#3708 = EDGE_CURVE('',#3701,#3709,#3711,.T.);
#3709 = VERTEX_POINT('',#3710);
#3710 = CARTESIAN_POINT('',(1.45,0.8,0.));
#3711 = LINE('',#3712,#3713);
#3712 = CARTESIAN_POINT('',(1.45,-0.1,0.));
#3713 = VECTOR('',#3714,1.);
#3714 = DIRECTION('',(0.,1.,0.));
#3715 = ORIENTED_EDGE('',*,*,#3716,.F.);
#3716 = EDGE_CURVE('',#3075,#3709,#3717,.T.);
#3717 = LINE('',#3718,#3719);
#3718 = CARTESIAN_POINT('',(1.45,0.8,0.375));
#3719 = VECTOR('',#3720,1.);
#3720 = DIRECTION('',(0.,0.,-1.));
#3721 = PLANE('',#3722);
#3722 = AXIS2_PLACEMENT_3D('',#3723,#3724,#3725);
#3723 = CARTESIAN_POINT('',(1.45,0.6,0.75));
#3724 = DIRECTION('',(1.,0.,0.));
#3725 = DIRECTION('',(-0.,1.,0.));
#3726 = ADVANCED_FACE('',(#3727),#3746,.F.);
#3727 = FACE_BOUND('',#3728,.F.);
#3728 = EDGE_LOOP('',(#3729,#3730,#3731,#3740));
#3729 = ORIENTED_EDGE('',*,*,#3700,.F.);
#3730 = ORIENTED_EDGE('',*,*,#3066,.T.);
#3731 = ORIENTED_EDGE('',*,*,#3732,.F.);
#3732 = EDGE_CURVE('',#3733,#3059,#3735,.T.);
#3733 = VERTEX_POINT('',#3734);
#3734 = CARTESIAN_POINT('',(1.06,0.6,-6.938893903907E-18));
#3735 = CIRCLE('',#3736,6.E-02);
#3736 = AXIS2_PLACEMENT_3D('',#3737,#3738,#3739);
#3737 = CARTESIAN_POINT('',(1.06,0.6,6.E-02));
#3738 = DIRECTION('',(0.,1.,-0.));
#3739 = DIRECTION('',(-1.,0.,0.));
#3740 = ORIENTED_EDGE('',*,*,#3741,.T.);
#3741 = EDGE_CURVE('',#3733,#3701,#3742,.T.);
#3742 = LINE('',#3743,#3744);
#3743 = CARTESIAN_POINT('',(-0.225,0.6,0.));
#3744 = VECTOR('',#3745,1.);
#3745 = DIRECTION('',(1.,0.,0.));
#3746 = PLANE('',#3747);
#3747 = AXIS2_PLACEMENT_3D('',#3748,#3749,#3750);
#3748 = CARTESIAN_POINT('',(-1.45,0.6,0.75));
#3749 = DIRECTION('',(0.,-1.,0.));
#3750 = DIRECTION('',(1.,0.,0.));
#3751 = ADVANCED_FACE('',(#3752),#3771,.T.);
#3752 = FACE_BOUND('',#3753,.T.);
#3753 = EDGE_LOOP('',(#3754,#3755,#3763,#3770));
#3754 = ORIENTED_EDGE('',*,*,#3732,.F.);
#3755 = ORIENTED_EDGE('',*,*,#3756,.F.);
#3756 = EDGE_CURVE('',#3757,#3733,#3759,.T.);
#3757 = VERTEX_POINT('',#3758);
#3758 = CARTESIAN_POINT('',(1.06,-0.6,-6.938893903907E-18));
#3759 = LINE('',#3760,#3761);
#3760 = CARTESIAN_POINT('',(1.06,-0.8,-6.938893903907E-18));
#3761 = VECTOR('',#3762,1.);
#3762 = DIRECTION('',(0.,1.,0.));
#3763 = ORIENTED_EDGE('',*,*,#3764,.T.);
#3764 = EDGE_CURVE('',#3757,#3051,#3765,.T.);
#3765 = CIRCLE('',#3766,6.E-02);
#3766 = AXIS2_PLACEMENT_3D('',#3767,#3768,#3769);
#3767 = CARTESIAN_POINT('',(1.06,-0.6,6.E-02));
#3768 = DIRECTION('',(0.,1.,-0.));
#3769 = DIRECTION('',(-1.,0.,0.));
#3770 = ORIENTED_EDGE('',*,*,#3058,.T.);
#3771 = CYLINDRICAL_SURFACE('',#3772,6.E-02);
#3772 = AXIS2_PLACEMENT_3D('',#3773,#3774,#3775);
#3773 = CARTESIAN_POINT('',(1.06,-0.8,6.E-02));
#3774 = DIRECTION('',(0.,1.,0.));
#3775 = DIRECTION('',(-1.,0.,0.));
#3776 = ADVANCED_FACE('',(#3777),#3795,.F.);
#3777 = FACE_BOUND('',#3778,.F.);
#3778 = EDGE_LOOP('',(#3779,#3780,#3788,#3794));
#3779 = ORIENTED_EDGE('',*,*,#3050,.T.);
#3780 = ORIENTED_EDGE('',*,*,#3781,.T.);
#3781 = EDGE_CURVE('',#3043,#3782,#3784,.T.);
#3782 = VERTEX_POINT('',#3783);
#3783 = CARTESIAN_POINT('',(1.45,-0.6,0.));
#3784 = LINE('',#3785,#3786);
#3785 = CARTESIAN_POINT('',(1.45,-0.6,0.75));
#3786 = VECTOR('',#3787,1.);
#3787 = DIRECTION('',(-0.,-0.,-1.));
#3788 = ORIENTED_EDGE('',*,*,#3789,.T.);
#3789 = EDGE_CURVE('',#3782,#3757,#3790,.T.);
#3790 = LINE('',#3791,#3792);
#3791 = CARTESIAN_POINT('',(1.225,-0.6,0.));
#3792 = VECTOR('',#3793,1.);
#3793 = DIRECTION('',(-1.,0.,0.));
#3794 = ORIENTED_EDGE('',*,*,#3764,.T.);
#3795 = PLANE('',#3796);
#3796 = AXIS2_PLACEMENT_3D('',#3797,#3798,#3799);
#3797 = CARTESIAN_POINT('',(1.45,-0.6,0.75));
#3798 = DIRECTION('',(0.,1.,0.));
#3799 = DIRECTION('',(-1.,0.,0.));
#3800 = ADVANCED_FACE('',(#3801),#3812,.F.);
#3801 = FACE_BOUND('',#3802,.F.);
#3802 = EDGE_LOOP('',(#3803,#3804,#3805,#3806));
#3803 = ORIENTED_EDGE('',*,*,#3781,.F.);
#3804 = ORIENTED_EDGE('',*,*,#3042,.T.);
#3805 = ORIENTED_EDGE('',*,*,#3164,.T.);
#3806 = ORIENTED_EDGE('',*,*,#3807,.T.);
#3807 = EDGE_CURVE('',#3155,#3782,#3808,.T.);
#3808 = LINE('',#3809,#3810);
#3809 = CARTESIAN_POINT('',(1.45,-0.9,0.));
#3810 = VECTOR('',#3811,1.);
#3811 = DIRECTION('',(0.,1.,0.));
#3812 = PLANE('',#3813);
#3813 = AXIS2_PLACEMENT_3D('',#3814,#3815,#3816);
#3814 = CARTESIAN_POINT('',(1.45,-1.,0.75));
#3815 = DIRECTION('',(1.,0.,0.));
#3816 = DIRECTION('',(-0.,1.,0.));
#3817 = ADVANCED_FACE('',(#3818),#3843,.T.);
#3818 = FACE_BOUND('',#3819,.T.);
#3819 = EDGE_LOOP('',(#3820,#3828,#3829,#3837));
#3820 = ORIENTED_EDGE('',*,*,#3821,.T.);
#3821 = EDGE_CURVE('',#3822,#3123,#3824,.T.);
#3822 = VERTEX_POINT('',#3823);
#3823 = CARTESIAN_POINT('',(0.554256258422,0.64,3.E-02));
#3824 = LINE('',#3825,#3826);
#3825 = CARTESIAN_POINT('',(0.554256258422,0.64,3.E-02));
#3826 = VECTOR('',#3827,1.);
#3827 = DIRECTION('',(0.,0.,1.));
#3828 = ORIENTED_EDGE('',*,*,#3122,.T.);
#3829 = ORIENTED_EDGE('',*,*,#3830,.F.);
#3830 = EDGE_CURVE('',#3831,#3125,#3833,.T.);
#3831 = VERTEX_POINT('',#3832);
#3832 = CARTESIAN_POINT('',(0.554256258422,-0.64,3.E-02));
#3833 = LINE('',#3834,#3835);
#3834 = CARTESIAN_POINT('',(0.554256258422,-0.64,3.E-02));
#3835 = VECTOR('',#3836,1.);
#3836 = DIRECTION('',(0.,0.,1.));
#3837 = ORIENTED_EDGE('',*,*,#3838,.F.);
#3838 = EDGE_CURVE('',#3822,#3831,#3839,.T.);
#3839 = LINE('',#3840,#3841);
#3840 = CARTESIAN_POINT('',(0.554256258422,0.64,3.E-02));
#3841 = VECTOR('',#3842,1.);
#3842 = DIRECTION('',(0.,-1.,0.));
#3843 = PLANE('',#3844);
#3844 = AXIS2_PLACEMENT_3D('',#3845,#3846,#3847);
#3845 = CARTESIAN_POINT('',(0.554256258422,0.64,3.E-02));
#3846 = DIRECTION('',(1.,0.,0.));
#3847 = DIRECTION('',(0.,-1.,0.));
#3848 = ADVANCED_FACE('',(#3849),#3867,.T.);
#3849 = FACE_BOUND('',#3850,.T.);
#3850 = EDGE_LOOP('',(#3851,#3859,#3860,#3861));
#3851 = ORIENTED_EDGE('',*,*,#3852,.T.);
#3852 = EDGE_CURVE('',#3853,#3133,#3855,.T.);
#3853 = VERTEX_POINT('',#3854);
#3854 = CARTESIAN_POINT('',(-0.554256258422,0.,3.E-02));
#3855 = LINE('',#3856,#3857);
#3856 = CARTESIAN_POINT('',(-0.554256258422,0.,3.E-02));
#3857 = VECTOR('',#3858,1.);
#3858 = DIRECTION('',(0.,0.,1.));
#3859 = ORIENTED_EDGE('',*,*,#3140,.T.);
#3860 = ORIENTED_EDGE('',*,*,#3821,.F.);
#3861 = ORIENTED_EDGE('',*,*,#3862,.F.);
#3862 = EDGE_CURVE('',#3853,#3822,#3863,.T.);
#3863 = LINE('',#3864,#3865);
#3864 = CARTESIAN_POINT('',(-0.554256258422,0.,3.E-02));
#3865 = VECTOR('',#3866,1.);
#3866 = DIRECTION('',(0.866025403784,0.5,0.));
#3867 = PLANE('',#3868);
#3868 = AXIS2_PLACEMENT_3D('',#3869,#3870,#3871);
#3869 = CARTESIAN_POINT('',(-0.554256258422,0.,3.E-02));
#3870 = DIRECTION('',(-0.5,0.866025403784,0.));
#3871 = DIRECTION('',(0.866025403784,0.5,0.));
#3872 = ADVANCED_FACE('',(#3873),#3884,.T.);
#3873 = FACE_BOUND('',#3874,.T.);
#3874 = EDGE_LOOP('',(#3875,#3876,#3877,#3878));
#3875 = ORIENTED_EDGE('',*,*,#3830,.T.);
#3876 = ORIENTED_EDGE('',*,*,#3132,.T.);
#3877 = ORIENTED_EDGE('',*,*,#3852,.F.);
#3878 = ORIENTED_EDGE('',*,*,#3879,.F.);
#3879 = EDGE_CURVE('',#3831,#3853,#3880,.T.);
#3880 = LINE('',#3881,#3882);
#3881 = CARTESIAN_POINT('',(0.554256258422,-0.64,3.E-02));
#3882 = VECTOR('',#3883,1.);
#3883 = DIRECTION('',(-0.866025403784,0.5,0.));
#3884 = PLANE('',#3885);
#3885 = AXIS2_PLACEMENT_3D('',#3886,#3887,#3888);
#3886 = CARTESIAN_POINT('',(0.554256258422,-0.64,3.E-02));
#3887 = DIRECTION('',(-0.5,-0.866025403784,0.));
#3888 = DIRECTION('',(-0.866025403784,0.5,0.));
#3889 = ADVANCED_FACE('',(#3890),#3912,.F.);
#3890 = FACE_BOUND('',#3891,.F.);
#3891 = EDGE_LOOP('',(#3892,#3900,#3901,#3902,#3903,#3904,#3905,#3906));
#3892 = ORIENTED_EDGE('',*,*,#3893,.F.);
#3893 = EDGE_CURVE('',#3709,#3894,#3896,.T.);
#3894 = VERTEX_POINT('',#3895);
#3895 = CARTESIAN_POINT('',(1.54,0.8,-6.938893903907E-18));
#3896 = LINE('',#3897,#3898);
#3897 = CARTESIAN_POINT('',(1.,0.8,0.));
#3898 = VECTOR('',#3899,1.);
#3899 = DIRECTION('',(1.,0.,0.));
#3900 = ORIENTED_EDGE('',*,*,#3708,.F.);
#3901 = ORIENTED_EDGE('',*,*,#3741,.F.);
#3902 = ORIENTED_EDGE('',*,*,#3756,.F.);
#3903 = ORIENTED_EDGE('',*,*,#3789,.F.);
#3904 = ORIENTED_EDGE('',*,*,#3807,.F.);
#3905 = ORIENTED_EDGE('',*,*,#3154,.T.);
#3906 = ORIENTED_EDGE('',*,*,#3907,.T.);
#3907 = EDGE_CURVE('',#3157,#3894,#3908,.T.);
#3908 = LINE('',#3909,#3910);
#3909 = CARTESIAN_POINT('',(1.54,-0.8,-6.938893903907E-18));
#3910 = VECTOR('',#3911,1.);
#3911 = DIRECTION('',(0.,1.,0.));
#3912 = PLANE('',#3913);
#3913 = AXIS2_PLACEMENT_3D('',#3914,#3915,#3916);
#3914 = CARTESIAN_POINT('',(1.,-0.8,0.));
#3915 = DIRECTION('',(0.,0.,1.));
#3916 = DIRECTION('',(1.,0.,-0.));
#3917 = ADVANCED_FACE('',(#3918),#3937,.T.);
#3918 = FACE_BOUND('',#3919,.T.);
#3919 = EDGE_LOOP('',(#3920,#3921,#3922,#3931));
#3920 = ORIENTED_EDGE('',*,*,#3206,.T.);
#3921 = ORIENTED_EDGE('',*,*,#3907,.T.);
#3922 = ORIENTED_EDGE('',*,*,#3923,.F.);
#3923 = EDGE_CURVE('',#3924,#3894,#3926,.T.);
#3924 = VERTEX_POINT('',#3925);
#3925 = CARTESIAN_POINT('',(1.6,0.8,6.E-02));
#3926 = CIRCLE('',#3927,6.E-02);
#3927 = AXIS2_PLACEMENT_3D('',#3928,#3929,#3930);
#3928 = CARTESIAN_POINT('',(1.54,0.8,6.E-02));
#3929 = DIRECTION('',(0.,1.,0.));
#3930 = DIRECTION('',(0.,-0.,1.));
#3931 = ORIENTED_EDGE('',*,*,#3932,.F.);
#3932 = EDGE_CURVE('',#3199,#3924,#3933,.T.);
#3933 = LINE('',#3934,#3935);
#3934 = CARTESIAN_POINT('',(1.6,-0.8,6.E-02));
#3935 = VECTOR('',#3936,1.);
#3936 = DIRECTION('',(0.,1.,0.));
#3937 = CYLINDRICAL_SURFACE('',#3938,6.E-02);
#3938 = AXIS2_PLACEMENT_3D('',#3939,#3940,#3941);
#3939 = CARTESIAN_POINT('',(1.54,-0.8,6.E-02));
#3940 = DIRECTION('',(0.,1.,0.));
#3941 = DIRECTION('',(1.,0.,0.));
#3942 = ADVANCED_FACE('',(#3943),#3961,.T.);
#3943 = FACE_BOUND('',#3944,.T.);
#3944 = EDGE_LOOP('',(#3945,#3946,#3947,#3955));
#3945 = ORIENTED_EDGE('',*,*,#3198,.F.);
#3946 = ORIENTED_EDGE('',*,*,#3932,.T.);
#3947 = ORIENTED_EDGE('',*,*,#3948,.T.);
#3948 = EDGE_CURVE('',#3924,#3949,#3951,.T.);
#3949 = VERTEX_POINT('',#3950);
#3950 = CARTESIAN_POINT('',(1.6,0.8,0.44));
#3951 = LINE('',#3952,#3953);
#3952 = CARTESIAN_POINT('',(1.6,0.8,0.));
#3953 = VECTOR('',#3954,1.);
#3954 = DIRECTION('',(0.,0.,1.));
#3955 = ORIENTED_EDGE('',*,*,#3956,.F.);
#3956 = EDGE_CURVE('',#3190,#3949,#3957,.T.);
#3957 = LINE('',#3958,#3959);
#3958 = CARTESIAN_POINT('',(1.6,-0.8,0.44));
#3959 = VECTOR('',#3960,1.);
#3960 = DIRECTION('',(0.,1.,0.));
#3961 = PLANE('',#3962);
#3962 = AXIS2_PLACEMENT_3D('',#3963,#3964,#3965);
#3963 = CARTESIAN_POINT('',(1.6,-0.8,0.));
#3964 = DIRECTION('',(1.,0.,0.));
#3965 = DIRECTION('',(0.,0.,1.));
#3966 = ADVANCED_FACE('',(#3967),#3986,.T.);
#3967 = FACE_BOUND('',#3968,.T.);
#3968 = EDGE_LOOP('',(#3969,#3970,#3979,#3985));
#3969 = ORIENTED_EDGE('',*,*,#3956,.T.);
#3970 = ORIENTED_EDGE('',*,*,#3971,.T.);
#3971 = EDGE_CURVE('',#3949,#3972,#3974,.T.);
#3972 = VERTEX_POINT('',#3973);
#3973 = CARTESIAN_POINT('',(1.54,0.8,0.5));
#3974 = CIRCLE('',#3975,6.E-02);
#3975 = AXIS2_PLACEMENT_3D('',#3976,#3977,#3978);
#3976 = CARTESIAN_POINT('',(1.54,0.8,0.44));
#3977 = DIRECTION('',(0.,-1.,0.));
#3978 = DIRECTION('',(0.,0.,1.));
#3979 = ORIENTED_EDGE('',*,*,#3980,.F.);
#3980 = EDGE_CURVE('',#3182,#3972,#3981,.T.);
#3981 = LINE('',#3982,#3983);
#3982 = CARTESIAN_POINT('',(1.54,-0.8,0.5));
#3983 = VECTOR('',#3984,1.);
#3984 = DIRECTION('',(0.,1.,0.));
#3985 = ORIENTED_EDGE('',*,*,#3189,.F.);
#3986 = CYLINDRICAL_SURFACE('',#3987,6.E-02);
#3987 = AXIS2_PLACEMENT_3D('',#3988,#3989,#3990);
#3988 = CARTESIAN_POINT('',(1.54,-0.8,0.44));
#3989 = DIRECTION('',(0.,1.,0.));
#3990 = DIRECTION('',(1.,0.,0.));
#3991 = ADVANCED_FACE('',(#3992),#4033,.T.);
#3992 = FACE_BOUND('',#3993,.T.);
#3993 = EDGE_LOOP('',(#3994,#4002,#4010,#4016,#4017,#4025,#4031,#4032));
#3994 = ORIENTED_EDGE('',*,*,#3995,.F.);
#3995 = EDGE_CURVE('',#3996,#3972,#3998,.T.);
#3996 = VERTEX_POINT('',#3997);
#3997 = CARTESIAN_POINT('',(1.45,0.8,0.5));
#3998 = LINE('',#3999,#4000);
#3999 = CARTESIAN_POINT('',(1.,0.8,0.5));
#4000 = VECTOR('',#4001,1.);
#4001 = DIRECTION('',(1.,0.,0.));
#4002 = ORIENTED_EDGE('',*,*,#4003,.F.);
#4003 = EDGE_CURVE('',#4004,#3996,#4006,.T.);
#4004 = VERTEX_POINT('',#4005);
#4005 = CARTESIAN_POINT('',(1.45,0.6,0.5));
#4006 = LINE('',#4007,#4008);
#4007 = CARTESIAN_POINT('',(1.45,-0.1,0.5));
#4008 = VECTOR('',#4009,1.);
#4009 = DIRECTION('',(0.,1.,0.));
#4010 = ORIENTED_EDGE('',*,*,#4011,.F.);
#4011 = EDGE_CURVE('',#3287,#4004,#4012,.T.);
#4012 = LINE('',#4013,#4014);
#4013 = CARTESIAN_POINT('',(-0.225,0.6,0.5));
#4014 = VECTOR('',#4015,1.);
#4015 = DIRECTION('',(1.,0.,0.));
#4016 = ORIENTED_EDGE('',*,*,#3286,.F.);
#4017 = ORIENTED_EDGE('',*,*,#4018,.F.);
#4018 = EDGE_CURVE('',#4019,#3278,#4021,.T.);
#4019 = VERTEX_POINT('',#4020);
#4020 = CARTESIAN_POINT('',(1.45,-0.6,0.5));
#4021 = LINE('',#4022,#4023);
#4022 = CARTESIAN_POINT('',(1.225,-0.6,0.5));
#4023 = VECTOR('',#4024,1.);
#4024 = DIRECTION('',(-1.,0.,0.));
#4025 = ORIENTED_EDGE('',*,*,#4026,.F.);
#4026 = EDGE_CURVE('',#3174,#4019,#4027,.T.);
#4027 = LINE('',#4028,#4029);
#4028 = CARTESIAN_POINT('',(1.45,-0.9,0.5));
#4029 = VECTOR('',#4030,1.);
#4030 = DIRECTION('',(0.,1.,0.));
#4031 = ORIENTED_EDGE('',*,*,#3181,.T.);
#4032 = ORIENTED_EDGE('',*,*,#3980,.T.);
#4033 = PLANE('',#4034);
#4034 = AXIS2_PLACEMENT_3D('',#4035,#4036,#4037);
#4035 = CARTESIAN_POINT('',(1.,-0.8,0.5));
#4036 = DIRECTION('',(0.,0.,1.));
#4037 = DIRECTION('',(1.,0.,-0.));
#4038 = ADVANCED_FACE('',(#4039),#4050,.F.);
#4039 = FACE_BOUND('',#4040,.F.);
#4040 = EDGE_LOOP('',(#4041,#4047,#4048,#4049));
#4041 = ORIENTED_EDGE('',*,*,#4042,.F.);
#4042 = EDGE_CURVE('',#4019,#3222,#4043,.T.);
#4043 = LINE('',#4044,#4045);
#4044 = CARTESIAN_POINT('',(1.45,-0.6,0.75));
#4045 = VECTOR('',#4046,1.);
#4046 = DIRECTION('',(-0.,-0.,-1.));
#4047 = ORIENTED_EDGE('',*,*,#4026,.F.);
#4048 = ORIENTED_EDGE('',*,*,#3173,.T.);
#4049 = ORIENTED_EDGE('',*,*,#3231,.F.);
#4050 = PLANE('',#4051);
#4051 = AXIS2_PLACEMENT_3D('',#4052,#4053,#4054);
#4052 = CARTESIAN_POINT('',(1.45,-1.,0.75));
#4053 = DIRECTION('',(1.,0.,0.));
#4054 = DIRECTION('',(-0.,1.,0.));
#4055 = ADVANCED_FACE('',(#4056),#4062,.F.);
#4056 = FACE_BOUND('',#4057,.F.);
#4057 = EDGE_LOOP('',(#4058,#4059,#4060,#4061));
#4058 = ORIENTED_EDGE('',*,*,#4018,.F.);
#4059 = ORIENTED_EDGE('',*,*,#4042,.T.);
#4060 = ORIENTED_EDGE('',*,*,#3221,.F.);
#4061 = ORIENTED_EDGE('',*,*,#3277,.T.);
#4062 = PLANE('',#4063);
#4063 = AXIS2_PLACEMENT_3D('',#4064,#4065,#4066);
#4064 = CARTESIAN_POINT('',(1.45,-0.6,0.75));
#4065 = DIRECTION('',(0.,1.,0.));
#4066 = DIRECTION('',(-1.,0.,0.));
#4067 = ADVANCED_FACE('',(#4068),#4084,.F.);
#4068 = FACE_BOUND('',#4069,.F.);
#4069 = EDGE_LOOP('',(#4070,#4071,#4077,#4078));
#4070 = ORIENTED_EDGE('',*,*,#4003,.F.);
#4071 = ORIENTED_EDGE('',*,*,#4072,.T.);
#4072 = EDGE_CURVE('',#4004,#3255,#4073,.T.);
#4073 = LINE('',#4074,#4075);
#4074 = CARTESIAN_POINT('',(1.45,0.6,0.75));
#4075 = VECTOR('',#4076,1.);
#4076 = DIRECTION('',(-0.,-0.,-1.));
#4077 = ORIENTED_EDGE('',*,*,#3262,.F.);
#4078 = ORIENTED_EDGE('',*,*,#4079,.F.);
#4079 = EDGE_CURVE('',#3996,#3246,#4080,.T.);
#4080 = LINE('',#4081,#4082);
#4081 = CARTESIAN_POINT('',(1.45,0.8,0.375));
#4082 = VECTOR('',#4083,1.);
#4083 = DIRECTION('',(0.,0.,-1.));
#4084 = PLANE('',#4085);
#4085 = AXIS2_PLACEMENT_3D('',#4086,#4087,#4088);
#4086 = CARTESIAN_POINT('',(1.45,0.6,0.75));
#4087 = DIRECTION('',(1.,0.,0.));
#4088 = DIRECTION('',(-0.,1.,0.));
#4089 = ADVANCED_FACE('',(#4090),#4096,.F.);
#4090 = FACE_BOUND('',#4091,.F.);
#4091 = EDGE_LOOP('',(#4092,#4093,#4094,#4095));
#4092 = ORIENTED_EDGE('',*,*,#4072,.F.);
#4093 = ORIENTED_EDGE('',*,*,#4011,.F.);
#4094 = ORIENTED_EDGE('',*,*,#3294,.F.);
#4095 = ORIENTED_EDGE('',*,*,#3254,.F.);
#4096 = PLANE('',#4097);
#4097 = AXIS2_PLACEMENT_3D('',#4098,#4099,#4100);
#4098 = CARTESIAN_POINT('',(-1.45,0.6,0.75));
#4099 = DIRECTION('',(0.,-1.,0.));
#4100 = DIRECTION('',(1.,0.,0.));
#4101 = ADVANCED_FACE('',(#4102),#4114,.T.);
#4102 = FACE_BOUND('',#4103,.T.);
#4103 = EDGE_LOOP('',(#4104,#4105,#4106,#4107,#4108,#4109,#4110,#4111,
    #4112,#4113));
#4104 = ORIENTED_EDGE('',*,*,#3482,.F.);
#4105 = ORIENTED_EDGE('',*,*,#3553,.F.);
#4106 = ORIENTED_EDGE('',*,*,#3589,.T.);
#4107 = ORIENTED_EDGE('',*,*,#3613,.T.);
#4108 = ORIENTED_EDGE('',*,*,#3437,.T.);
#4109 = ORIENTED_EDGE('',*,*,#3398,.F.);
#4110 = ORIENTED_EDGE('',*,*,#3325,.F.);
#4111 = ORIENTED_EDGE('',*,*,#3317,.F.);
#4112 = ORIENTED_EDGE('',*,*,#3309,.T.);
#4113 = ORIENTED_EDGE('',*,*,#3684,.F.);
#4114 = PLANE('',#4115);
#4115 = AXIS2_PLACEMENT_3D('',#4116,#4117,#4118);
#4116 = CARTESIAN_POINT('',(-1.6,0.8,0.));
#4117 = DIRECTION('',(0.,1.,0.));
#4118 = DIRECTION('',(0.,-0.,1.));
#4119 = ADVANCED_FACE('',(#4120),#4132,.T.);
#4120 = FACE_BOUND('',#4121,.T.);
#4121 = EDGE_LOOP('',(#4122,#4123,#4124,#4125,#4126,#4127,#4128,#4129,
    #4130,#4131));
#4122 = ORIENTED_EDGE('',*,*,#3893,.F.);
#4123 = ORIENTED_EDGE('',*,*,#3716,.F.);
#4124 = ORIENTED_EDGE('',*,*,#3350,.T.);
#4125 = ORIENTED_EDGE('',*,*,#3342,.T.);
#4126 = ORIENTED_EDGE('',*,*,#3334,.F.);
#4127 = ORIENTED_EDGE('',*,*,#4079,.F.);
#4128 = ORIENTED_EDGE('',*,*,#3995,.T.);
#4129 = ORIENTED_EDGE('',*,*,#3971,.F.);
#4130 = ORIENTED_EDGE('',*,*,#3948,.F.);
#4131 = ORIENTED_EDGE('',*,*,#3923,.T.);
#4132 = PLANE('',#4133);
#4133 = AXIS2_PLACEMENT_3D('',#4134,#4135,#4136);
#4134 = CARTESIAN_POINT('',(1.,0.8,0.));
#4135 = DIRECTION('',(0.,1.,0.));
#4136 = DIRECTION('',(0.,-0.,1.));
#4137 = ADVANCED_FACE('',(#4138),#4143,.T.);
#4138 = FACE_BOUND('',#4139,.T.);
#4139 = EDGE_LOOP('',(#4140,#4141,#4142));
#4140 = ORIENTED_EDGE('',*,*,#3862,.T.);
#4141 = ORIENTED_EDGE('',*,*,#3838,.T.);
#4142 = ORIENTED_EDGE('',*,*,#3879,.T.);
#4143 = PLANE('',#4144);
#4144 = AXIS2_PLACEMENT_3D('',#4145,#4146,#4147);
#4145 = CARTESIAN_POINT('',(0.184752086141,0.,3.E-02));
#4146 = DIRECTION('',(-0.,-0.,-1.));
#4147 = DIRECTION('',(-1.,0.,0.));
#4148 = ( GEOMETRIC_REPRESENTATION_CONTEXT(3) 
GLOBAL_UNCERTAINTY_ASSIGNED_CONTEXT((#4152)) 
GLOBAL_UNIT_ASSIGNED_CONTEXT((#4149,#4150,#4151)) REPRESENTATION_CONTEXT
('Context #1','3D Context with UNIT and UNCERTAINTY') );
#4149 = ( LENGTH_UNIT() NAMED_UNIT(*) SI_UNIT(.MILLI.,.METRE.) );
#4150 = ( NAMED_UNIT(*) PLANE_ANGLE_UNIT() SI_UNIT($,.RADIAN.) );
#4151 = ( NAMED_UNIT(*) SI_UNIT($,.STERADIAN.) SOLID_ANGLE_UNIT() );
#4152 = UNCERTAINTY_MEASURE_WITH_UNIT(LENGTH_MEASURE(1.E-07),#4149,
  'distance_accuracy_value','confusion accuracy');
#4153 = CONTEXT_DEPENDENT_SHAPE_REPRESENTATION(#4154,#4156);
#4154 = ( REPRESENTATION_RELATIONSHIP('','',#2624,#10) 
REPRESENTATION_RELATIONSHIP_WITH_TRANSFORMATION(#4155) 
SHAPE_REPRESENTATION_RELATIONSHIP() );
#4155 = ITEM_DEFINED_TRANSFORMATION('','',#11,#31);
#4156 = PRODUCT_DEFINITION_SHAPE('Placement','Placement of an item',
  #4157);
#4157 = NEXT_ASSEMBLY_USAGE_OCCURRENCE('5','D1','',#5,#2619,$);
#4158 = PRODUCT_RELATED_PRODUCT_CATEGORY('part',$,(#2621));
#4159 = CONTEXT_DEPENDENT_SHAPE_REPRESENTATION(#4160,#4162);
#4160 = ( REPRESENTATION_RELATIONSHIP('','',#1810,#10) 
REPRESENTATION_RELATIONSHIP_WITH_TRANSFORMATION(#4161) 
SHAPE_REPRESENTATION_RELATIONSHIP() );
#4161 = ITEM_DEFINED_TRANSFORMATION('','',#11,#35);
#4162 = PRODUCT_DEFINITION_SHAPE('Placement','Placement of an item',
  #4163);
#4163 = NEXT_ASSEMBLY_USAGE_OCCURRENCE('6','R4','',#5,#1805,$);
#4164 = CONTEXT_DEPENDENT_SHAPE_REPRESENTATION(#4165,#4167);
#4165 = ( REPRESENTATION_RELATIONSHIP('','',#2624,#10) 
REPRESENTATION_RELATIONSHIP_WITH_TRANSFORMATION(#4166) 
SHAPE_REPRESENTATION_RELATIONSHIP() );
#4166 = ITEM_DEFINED_TRANSFORMATION('','',#11,#39);
#4167 = PRODUCT_DEFINITION_SHAPE('Placement','Placement of an item',
  #4168);
#4168 = NEXT_ASSEMBLY_USAGE_OCCURRENCE('7','D3','',#5,#2619,$);
#4169 = CONTEXT_DEPENDENT_SHAPE_REPRESENTATION(#4170,#4172);
#4170 = ( REPRESENTATION_RELATIONSHIP('','',#2624,#10) 
REPRESENTATION_RELATIONSHIP_WITH_TRANSFORMATION(#4171) 
SHAPE_REPRESENTATION_RELATIONSHIP() );
#4171 = ITEM_DEFINED_TRANSFORMATION('','',#11,#43);
#4172 = PRODUCT_DEFINITION_SHAPE('Placement','Placement of an item',
  #4173);
#4173 = NEXT_ASSEMBLY_USAGE_OCCURRENCE('8','D6','',#5,#2619,$);
#4174 = CONTEXT_DEPENDENT_SHAPE_REPRESENTATION(#4175,#4177);
#4175 = ( REPRESENTATION_RELATIONSHIP('','',#1810,#10) 
REPRESENTATION_RELATIONSHIP_WITH_TRANSFORMATION(#4176) 
SHAPE_REPRESENTATION_RELATIONSHIP() );
#4176 = ITEM_DEFINED_TRANSFORMATION('','',#11,#47);
#4177 = PRODUCT_DEFINITION_SHAPE('Placement','Placement of an item',
  #4178);
#4178 = NEXT_ASSEMBLY_USAGE_OCCURRENCE('9','R5','',#5,#1805,$);
#4179 = SHAPE_DEFINITION_REPRESENTATION(#4180,#4186);
#4180 = PRODUCT_DEFINITION_SHAPE('','',#4181);
#4181 = PRODUCT_DEFINITION('design','',#4182,#4185);
#4182 = PRODUCT_DEFINITION_FORMATION('','',#4183);
#4183 = PRODUCT('SW_PUSH_6mm','SW_PUSH_6mm','',(#4184));
#4184 = PRODUCT_CONTEXT('',#2,'mechanical');
#4185 = PRODUCT_DEFINITION_CONTEXT('part definition',#2,'design');
#4186 = ADVANCED_BREP_SHAPE_REPRESENTATION('',(#11,#4187),#7416);
#4187 = MANIFOLD_SOLID_BREP('',#4188);
#4188 = CLOSED_SHELL('',(#4189,#4206,#4231,#4354,#4385,#4410,#4435,#4459
    ,#4483,#4508,#4533,#4550,#4575,#4600,#4625,#4650,#4681,#4706,#4731,
    #4819,#4907,#4932,#4957,#4974,#4983,#5009,#5018,#5027,#5071,#5221,
    #5245,#5388,#5538,#5688,#5705,#5855,#5879,#6022,#6172,#6322,#6339,
    #6348,#6365,#6382,#6399,#6416,#6438,#6455,#6472,#6489,#6506,#6518,
    #6535,#6552,#6569,#6586,#6603,#6620,#6637,#6654,#6666,#6688,#6705,
    #6722,#6739,#6756,#6768,#6785,#6802,#6819,#6836,#6853,#6870,#6887,
    #6904,#6916,#6938,#6955,#6972,#6989,#7006,#7018,#7035,#7052,#7069,
    #7086,#7103,#7120,#7137,#7154,#7166,#7188,#7205,#7222,#7239,#7256,
    #7268,#7285,#7302,#7319,#7336,#7353,#7370,#7387,#7404));
#4189 = ADVANCED_FACE('',(#4190),#4201,.F.);
#4190 = FACE_BOUND('',#4191,.T.);
#4191 = EDGE_LOOP('',(#4192));
#4192 = ORIENTED_EDGE('',*,*,#4193,.T.);
#4193 = EDGE_CURVE('',#4194,#4194,#4196,.T.);
#4194 = VERTEX_POINT('',#4195);
#4195 = CARTESIAN_POINT('',(1.65,-4.25,4.1));
#4196 = CIRCLE('',#4197,0.5);
#4197 = AXIS2_PLACEMENT_3D('',#4198,#4199,#4200);
#4198 = CARTESIAN_POINT('',(1.15,-4.25,4.1));
#4199 = DIRECTION('',(0.,0.,1.));
#4200 = DIRECTION('',(1.,0.,-0.));
#4201 = PLANE('',#4202);
#4202 = AXIS2_PLACEMENT_3D('',#4203,#4204,#4205);
#4203 = CARTESIAN_POINT('',(1.65,-4.25,4.1));
#4204 = DIRECTION('',(0.,0.,-1.));
#4205 = DIRECTION('',(-1.,0.,0.));
#4206 = ADVANCED_FACE('',(#4207),#4226,.T.);
#4207 = FACE_BOUND('',#4208,.T.);
#4208 = EDGE_LOOP('',(#4209,#4217,#4218,#4219));
#4209 = ORIENTED_EDGE('',*,*,#4210,.T.);
#4210 = EDGE_CURVE('',#4211,#4194,#4213,.T.);
#4211 = VERTEX_POINT('',#4212);
#4212 = CARTESIAN_POINT('',(1.65,-4.25,3.6));
#4213 = LINE('',#4214,#4215);
#4214 = CARTESIAN_POINT('',(1.65,-4.25,3.5));
#4215 = VECTOR('',#4216,1.);
#4216 = DIRECTION('',(0.,0.,1.));
#4217 = ORIENTED_EDGE('',*,*,#4193,.F.);
#4218 = ORIENTED_EDGE('',*,*,#4210,.F.);
#4219 = ORIENTED_EDGE('',*,*,#4220,.F.);
#4220 = EDGE_CURVE('',#4211,#4211,#4221,.T.);
#4221 = CIRCLE('',#4222,0.5);
#4222 = AXIS2_PLACEMENT_3D('',#4223,#4224,#4225);
#4223 = CARTESIAN_POINT('',(1.15,-4.25,3.6));
#4224 = DIRECTION('',(0.,0.,-1.));
#4225 = DIRECTION('',(1.,0.,0.));
#4226 = CYLINDRICAL_SURFACE('',#4227,0.5);
#4227 = AXIS2_PLACEMENT_3D('',#4228,#4229,#4230);
#4228 = CARTESIAN_POINT('',(1.15,-4.25,3.5));
#4229 = DIRECTION('',(-0.,-0.,-1.));
#4230 = DIRECTION('',(1.,0.,0.));
#4231 = ADVANCED_FACE('',(#4232,#4302,#4313,#4324,#4335,#4346),#4349,.F.
  );
#4232 = FACE_BOUND('',#4233,.F.);
#4233 = EDGE_LOOP('',(#4234,#4244,#4253,#4261,#4270,#4278,#4287,#4295));
#4234 = ORIENTED_EDGE('',*,*,#4235,.F.);
#4235 = EDGE_CURVE('',#4236,#4238,#4240,.T.);
#4236 = VERTEX_POINT('',#4237);
#4237 = CARTESIAN_POINT('',(0.45,-5.25,3.6));
#4238 = VERTEX_POINT('',#4239);
#4239 = CARTESIAN_POINT('',(5.85,-5.25,3.6));
#4240 = LINE('',#4241,#4242);
#4241 = CARTESIAN_POINT('',(0.15,-5.25,3.6));
#4242 = VECTOR('',#4243,1.);
#4243 = DIRECTION('',(1.,0.,0.));
#4244 = ORIENTED_EDGE('',*,*,#4245,.T.);
#4245 = EDGE_CURVE('',#4236,#4246,#4248,.T.);
#4246 = VERTEX_POINT('',#4247);
#4247 = CARTESIAN_POINT('',(0.15,-4.95,3.6));
#4248 = CIRCLE('',#4249,0.3);
#4249 = AXIS2_PLACEMENT_3D('',#4250,#4251,#4252);
#4250 = CARTESIAN_POINT('',(0.45,-4.95,3.6));
#4251 = DIRECTION('',(-0.,-0.,-1.));
#4252 = DIRECTION('',(0.,-1.,0.));
#4253 = ORIENTED_EDGE('',*,*,#4254,.F.);
#4254 = EDGE_CURVE('',#4255,#4246,#4257,.T.);
#4255 = VERTEX_POINT('',#4256);
#4256 = CARTESIAN_POINT('',(0.15,0.45,3.6));
#4257 = LINE('',#4258,#4259);
#4258 = CARTESIAN_POINT('',(0.15,0.75,3.6));
#4259 = VECTOR('',#4260,1.);
#4260 = DIRECTION('',(0.,-1.,0.));
#4261 = ORIENTED_EDGE('',*,*,#4262,.F.);
#4262 = EDGE_CURVE('',#4263,#4255,#4265,.T.);
#4263 = VERTEX_POINT('',#4264);
#4264 = CARTESIAN_POINT('',(0.45,0.75,3.6));
#4265 = CIRCLE('',#4266,0.3);
#4266 = AXIS2_PLACEMENT_3D('',#4267,#4268,#4269);
#4267 = CARTESIAN_POINT('',(0.45,0.45,3.6));
#4268 = DIRECTION('',(-0.,0.,1.));
#4269 = DIRECTION('',(0.,-1.,0.));
#4270 = ORIENTED_EDGE('',*,*,#4271,.F.);
#4271 = EDGE_CURVE('',#4272,#4263,#4274,.T.);
#4272 = VERTEX_POINT('',#4273);
#4273 = CARTESIAN_POINT('',(5.85,0.75,3.6));
#4274 = LINE('',#4275,#4276);
#4275 = CARTESIAN_POINT('',(6.15,0.75,3.6));
#4276 = VECTOR('',#4277,1.);
#4277 = DIRECTION('',(-1.,0.,0.));
#4278 = ORIENTED_EDGE('',*,*,#4279,.F.);
#4279 = EDGE_CURVE('',#4280,#4272,#4282,.T.);
#4280 = VERTEX_POINT('',#4281);
#4281 = CARTESIAN_POINT('',(6.15,0.45,3.6));
#4282 = CIRCLE('',#4283,0.3);
#4283 = AXIS2_PLACEMENT_3D('',#4284,#4285,#4286);
#4284 = CARTESIAN_POINT('',(5.85,0.45,3.6));
#4285 = DIRECTION('',(-0.,0.,1.));
#4286 = DIRECTION('',(0.,-1.,0.));
#4287 = ORIENTED_EDGE('',*,*,#4288,.F.);
#4288 = EDGE_CURVE('',#4289,#4280,#4291,.T.);
#4289 = VERTEX_POINT('',#4290);
#4290 = CARTESIAN_POINT('',(6.15,-4.95,3.6));
#4291 = LINE('',#4292,#4293);
#4292 = CARTESIAN_POINT('',(6.15,-5.25,3.6));
#4293 = VECTOR('',#4294,1.);
#4294 = DIRECTION('',(0.,1.,0.));
#4295 = ORIENTED_EDGE('',*,*,#4296,.F.);
#4296 = EDGE_CURVE('',#4238,#4289,#4297,.T.);
#4297 = CIRCLE('',#4298,0.3);
#4298 = AXIS2_PLACEMENT_3D('',#4299,#4300,#4301);
#4299 = CARTESIAN_POINT('',(5.85,-4.95,3.6));
#4300 = DIRECTION('',(-0.,0.,1.));
#4301 = DIRECTION('',(0.,-1.,0.));
#4302 = FACE_BOUND('',#4303,.F.);
#4303 = EDGE_LOOP('',(#4304));
#4304 = ORIENTED_EDGE('',*,*,#4305,.F.);
#4305 = EDGE_CURVE('',#4306,#4306,#4308,.T.);
#4306 = VERTEX_POINT('',#4307);
#4307 = CARTESIAN_POINT('',(5.65,-4.25,3.6));
#4308 = CIRCLE('',#4309,0.5);
#4309 = AXIS2_PLACEMENT_3D('',#4310,#4311,#4312);
#4310 = CARTESIAN_POINT('',(5.15,-4.25,3.6));
#4311 = DIRECTION('',(0.,0.,-1.));
#4312 = DIRECTION('',(1.,0.,0.));
#4313 = FACE_BOUND('',#4314,.F.);
#4314 = EDGE_LOOP('',(#4315));
#4315 = ORIENTED_EDGE('',*,*,#4316,.F.);
#4316 = EDGE_CURVE('',#4317,#4317,#4319,.T.);
#4317 = VERTEX_POINT('',#4318);
#4318 = CARTESIAN_POINT('',(4.9,-2.25,3.6));
#4319 = CIRCLE('',#4320,1.75);
#4320 = AXIS2_PLACEMENT_3D('',#4321,#4322,#4323);
#4321 = CARTESIAN_POINT('',(3.15,-2.25,3.6));
#4322 = DIRECTION('',(0.,0.,-1.));
#4323 = DIRECTION('',(1.,0.,0.));
#4324 = FACE_BOUND('',#4325,.F.);
#4325 = EDGE_LOOP('',(#4326));
#4326 = ORIENTED_EDGE('',*,*,#4327,.F.);
#4327 = EDGE_CURVE('',#4328,#4328,#4330,.T.);
#4328 = VERTEX_POINT('',#4329);
#4329 = CARTESIAN_POINT('',(1.65,-0.25,3.6));
#4330 = CIRCLE('',#4331,0.5);
#4331 = AXIS2_PLACEMENT_3D('',#4332,#4333,#4334);
#4332 = CARTESIAN_POINT('',(1.15,-0.25,3.6));
#4333 = DIRECTION('',(0.,0.,-1.));
#4334 = DIRECTION('',(1.,0.,0.));
#4335 = FACE_BOUND('',#4336,.F.);
#4336 = EDGE_LOOP('',(#4337));
#4337 = ORIENTED_EDGE('',*,*,#4338,.F.);
#4338 = EDGE_CURVE('',#4339,#4339,#4341,.T.);
#4339 = VERTEX_POINT('',#4340);
#4340 = CARTESIAN_POINT('',(5.65,-0.25,3.6));
#4341 = CIRCLE('',#4342,0.5);
#4342 = AXIS2_PLACEMENT_3D('',#4343,#4344,#4345);
#4343 = CARTESIAN_POINT('',(5.15,-0.25,3.6));
#4344 = DIRECTION('',(0.,0.,-1.));
#4345 = DIRECTION('',(1.,0.,0.));
#4346 = FACE_BOUND('',#4347,.F.);
#4347 = EDGE_LOOP('',(#4348));
#4348 = ORIENTED_EDGE('',*,*,#4220,.F.);
#4349 = PLANE('',#4350);
#4350 = AXIS2_PLACEMENT_3D('',#4351,#4352,#4353);
#4351 = CARTESIAN_POINT('',(0.15,-5.25,3.6));
#4352 = DIRECTION('',(0.,0.,-1.));
#4353 = DIRECTION('',(-1.,0.,0.));
#4354 = ADVANCED_FACE('',(#4355),#4380,.F.);
#4355 = FACE_BOUND('',#4356,.F.);
#4356 = EDGE_LOOP('',(#4357,#4367,#4373,#4374));
#4357 = ORIENTED_EDGE('',*,*,#4358,.F.);
#4358 = EDGE_CURVE('',#4359,#4361,#4363,.T.);
#4359 = VERTEX_POINT('',#4360);
#4360 = CARTESIAN_POINT('',(0.45,-5.25,3.5));
#4361 = VERTEX_POINT('',#4362);
#4362 = CARTESIAN_POINT('',(5.85,-5.25,3.5));
#4363 = LINE('',#4364,#4365);
#4364 = CARTESIAN_POINT('',(0.15,-5.25,3.5));
#4365 = VECTOR('',#4366,1.);
#4366 = DIRECTION('',(1.,0.,0.));
#4367 = ORIENTED_EDGE('',*,*,#4368,.T.);
#4368 = EDGE_CURVE('',#4359,#4236,#4369,.T.);
#4369 = LINE('',#4370,#4371);
#4370 = CARTESIAN_POINT('',(0.45,-5.25,3.5));
#4371 = VECTOR('',#4372,1.);
#4372 = DIRECTION('',(0.,0.,1.));
#4373 = ORIENTED_EDGE('',*,*,#4235,.T.);
#4374 = ORIENTED_EDGE('',*,*,#4375,.F.);
#4375 = EDGE_CURVE('',#4361,#4238,#4376,.T.);
#4376 = LINE('',#4377,#4378);
#4377 = CARTESIAN_POINT('',(5.85,-5.25,3.5));
#4378 = VECTOR('',#4379,1.);
#4379 = DIRECTION('',(0.,0.,1.));
#4380 = PLANE('',#4381);
#4381 = AXIS2_PLACEMENT_3D('',#4382,#4383,#4384);
#4382 = CARTESIAN_POINT('',(0.15,-5.25,3.5));
#4383 = DIRECTION('',(0.,1.,0.));
#4384 = DIRECTION('',(1.,0.,0.));
#4385 = ADVANCED_FACE('',(#4386),#4405,.T.);
#4386 = FACE_BOUND('',#4387,.T.);
#4387 = EDGE_LOOP('',(#4388,#4389,#4390,#4398));
#4388 = ORIENTED_EDGE('',*,*,#4368,.T.);
#4389 = ORIENTED_EDGE('',*,*,#4245,.T.);
#4390 = ORIENTED_EDGE('',*,*,#4391,.F.);
#4391 = EDGE_CURVE('',#4392,#4246,#4394,.T.);
#4392 = VERTEX_POINT('',#4393);
#4393 = CARTESIAN_POINT('',(0.15,-4.95,3.5));
#4394 = LINE('',#4395,#4396);
#4395 = CARTESIAN_POINT('',(0.15,-4.95,3.5));
#4396 = VECTOR('',#4397,1.);
#4397 = DIRECTION('',(0.,0.,1.));
#4398 = ORIENTED_EDGE('',*,*,#4399,.F.);
#4399 = EDGE_CURVE('',#4359,#4392,#4400,.T.);
#4400 = CIRCLE('',#4401,0.3);
#4401 = AXIS2_PLACEMENT_3D('',#4402,#4403,#4404);
#4402 = CARTESIAN_POINT('',(0.45,-4.95,3.5));
#4403 = DIRECTION('',(-0.,-0.,-1.));
#4404 = DIRECTION('',(0.,-1.,0.));
#4405 = CYLINDRICAL_SURFACE('',#4406,0.3);
#4406 = AXIS2_PLACEMENT_3D('',#4407,#4408,#4409);
#4407 = CARTESIAN_POINT('',(0.45,-4.95,3.5));
#4408 = DIRECTION('',(0.,0.,1.));
#4409 = DIRECTION('',(0.,-1.,0.));
#4410 = ADVANCED_FACE('',(#4411),#4430,.T.);
#4411 = FACE_BOUND('',#4412,.T.);
#4412 = EDGE_LOOP('',(#4413,#4422,#4428,#4429));
#4413 = ORIENTED_EDGE('',*,*,#4414,.T.);
#4414 = EDGE_CURVE('',#4361,#4415,#4417,.T.);
#4415 = VERTEX_POINT('',#4416);
#4416 = CARTESIAN_POINT('',(6.15,-4.95,3.5));
#4417 = CIRCLE('',#4418,0.3);
#4418 = AXIS2_PLACEMENT_3D('',#4419,#4420,#4421);
#4419 = CARTESIAN_POINT('',(5.85,-4.95,3.5));
#4420 = DIRECTION('',(-0.,0.,1.));
#4421 = DIRECTION('',(0.,-1.,0.));
#4422 = ORIENTED_EDGE('',*,*,#4423,.T.);
#4423 = EDGE_CURVE('',#4415,#4289,#4424,.T.);
#4424 = LINE('',#4425,#4426);
#4425 = CARTESIAN_POINT('',(6.15,-4.95,3.5));
#4426 = VECTOR('',#4427,1.);
#4427 = DIRECTION('',(0.,0.,1.));
#4428 = ORIENTED_EDGE('',*,*,#4296,.F.);
#4429 = ORIENTED_EDGE('',*,*,#4375,.F.);
#4430 = CYLINDRICAL_SURFACE('',#4431,0.3);
#4431 = AXIS2_PLACEMENT_3D('',#4432,#4433,#4434);
#4432 = CARTESIAN_POINT('',(5.85,-4.95,3.5));
#4433 = DIRECTION('',(0.,0.,1.));
#4434 = DIRECTION('',(0.,-1.,0.));
#4435 = ADVANCED_FACE('',(#4436),#4454,.F.);
#4436 = FACE_BOUND('',#4437,.F.);
#4437 = EDGE_LOOP('',(#4438,#4446,#4452,#4453));
#4438 = ORIENTED_EDGE('',*,*,#4439,.F.);
#4439 = EDGE_CURVE('',#4440,#4392,#4442,.T.);
#4440 = VERTEX_POINT('',#4441);
#4441 = CARTESIAN_POINT('',(0.15,0.45,3.5));
#4442 = LINE('',#4443,#4444);
#4443 = CARTESIAN_POINT('',(0.15,0.75,3.5));
#4444 = VECTOR('',#4445,1.);
#4445 = DIRECTION('',(0.,-1.,0.));
#4446 = ORIENTED_EDGE('',*,*,#4447,.T.);
#4447 = EDGE_CURVE('',#4440,#4255,#4448,.T.);
#4448 = LINE('',#4449,#4450);
#4449 = CARTESIAN_POINT('',(0.15,0.45,3.5));
#4450 = VECTOR('',#4451,1.);
#4451 = DIRECTION('',(0.,0.,1.));
#4452 = ORIENTED_EDGE('',*,*,#4254,.T.);
#4453 = ORIENTED_EDGE('',*,*,#4391,.F.);
#4454 = PLANE('',#4455);
#4455 = AXIS2_PLACEMENT_3D('',#4456,#4457,#4458);
#4456 = CARTESIAN_POINT('',(0.15,0.75,3.5));
#4457 = DIRECTION('',(1.,0.,0.));
#4458 = DIRECTION('',(0.,-1.,0.));
#4459 = ADVANCED_FACE('',(#4460),#4478,.F.);
#4460 = FACE_BOUND('',#4461,.F.);
#4461 = EDGE_LOOP('',(#4462,#4470,#4471,#4472));
#4462 = ORIENTED_EDGE('',*,*,#4463,.F.);
#4463 = EDGE_CURVE('',#4415,#4464,#4466,.T.);
#4464 = VERTEX_POINT('',#4465);
#4465 = CARTESIAN_POINT('',(6.15,0.45,3.5));
#4466 = LINE('',#4467,#4468);
#4467 = CARTESIAN_POINT('',(6.15,-5.25,3.5));
#4468 = VECTOR('',#4469,1.);
#4469 = DIRECTION('',(0.,1.,0.));
#4470 = ORIENTED_EDGE('',*,*,#4423,.T.);
#4471 = ORIENTED_EDGE('',*,*,#4288,.T.);
#4472 = ORIENTED_EDGE('',*,*,#4473,.F.);
#4473 = EDGE_CURVE('',#4464,#4280,#4474,.T.);
#4474 = LINE('',#4475,#4476);
#4475 = CARTESIAN_POINT('',(6.15,0.45,3.5));
#4476 = VECTOR('',#4477,1.);
#4477 = DIRECTION('',(0.,0.,1.));
#4478 = PLANE('',#4479);
#4479 = AXIS2_PLACEMENT_3D('',#4480,#4481,#4482);
#4480 = CARTESIAN_POINT('',(6.15,-5.25,3.5));
#4481 = DIRECTION('',(-1.,0.,0.));
#4482 = DIRECTION('',(0.,1.,0.));
#4483 = ADVANCED_FACE('',(#4484),#4503,.T.);
#4484 = FACE_BOUND('',#4485,.T.);
#4485 = EDGE_LOOP('',(#4486,#4495,#4496,#4497));
#4486 = ORIENTED_EDGE('',*,*,#4487,.T.);
#4487 = EDGE_CURVE('',#4488,#4440,#4490,.T.);
#4488 = VERTEX_POINT('',#4489);
#4489 = CARTESIAN_POINT('',(0.45,0.75,3.5));
#4490 = CIRCLE('',#4491,0.3);
#4491 = AXIS2_PLACEMENT_3D('',#4492,#4493,#4494);
#4492 = CARTESIAN_POINT('',(0.45,0.45,3.5));
#4493 = DIRECTION('',(-0.,0.,1.));
#4494 = DIRECTION('',(0.,-1.,0.));
#4495 = ORIENTED_EDGE('',*,*,#4447,.T.);
#4496 = ORIENTED_EDGE('',*,*,#4262,.F.);
#4497 = ORIENTED_EDGE('',*,*,#4498,.F.);
#4498 = EDGE_CURVE('',#4488,#4263,#4499,.T.);
#4499 = LINE('',#4500,#4501);
#4500 = CARTESIAN_POINT('',(0.45,0.75,3.5));
#4501 = VECTOR('',#4502,1.);
#4502 = DIRECTION('',(0.,0.,1.));
#4503 = CYLINDRICAL_SURFACE('',#4504,0.3);
#4504 = AXIS2_PLACEMENT_3D('',#4505,#4506,#4507);
#4505 = CARTESIAN_POINT('',(0.45,0.45,3.5));
#4506 = DIRECTION('',(0.,0.,1.));
#4507 = DIRECTION('',(0.,1.,0.));
#4508 = ADVANCED_FACE('',(#4509),#4528,.T.);
#4509 = FACE_BOUND('',#4510,.T.);
#4510 = EDGE_LOOP('',(#4511,#4520,#4526,#4527));
#4511 = ORIENTED_EDGE('',*,*,#4512,.T.);
#4512 = EDGE_CURVE('',#4464,#4513,#4515,.T.);
#4513 = VERTEX_POINT('',#4514);
#4514 = CARTESIAN_POINT('',(5.85,0.75,3.5));
#4515 = CIRCLE('',#4516,0.3);
#4516 = AXIS2_PLACEMENT_3D('',#4517,#4518,#4519);
#4517 = CARTESIAN_POINT('',(5.85,0.45,3.5));
#4518 = DIRECTION('',(-0.,0.,1.));
#4519 = DIRECTION('',(0.,-1.,0.));
#4520 = ORIENTED_EDGE('',*,*,#4521,.T.);
#4521 = EDGE_CURVE('',#4513,#4272,#4522,.T.);
#4522 = LINE('',#4523,#4524);
#4523 = CARTESIAN_POINT('',(5.85,0.75,3.5));
#4524 = VECTOR('',#4525,1.);
#4525 = DIRECTION('',(0.,0.,1.));
#4526 = ORIENTED_EDGE('',*,*,#4279,.F.);
#4527 = ORIENTED_EDGE('',*,*,#4473,.F.);
#4528 = CYLINDRICAL_SURFACE('',#4529,0.3);
#4529 = AXIS2_PLACEMENT_3D('',#4530,#4531,#4532);
#4530 = CARTESIAN_POINT('',(5.85,0.45,3.5));
#4531 = DIRECTION('',(0.,0.,1.));
#4532 = DIRECTION('',(1.,0.,-0.));
#4533 = ADVANCED_FACE('',(#4534),#4545,.F.);
#4534 = FACE_BOUND('',#4535,.F.);
#4535 = EDGE_LOOP('',(#4536,#4542,#4543,#4544));
#4536 = ORIENTED_EDGE('',*,*,#4537,.F.);
#4537 = EDGE_CURVE('',#4513,#4488,#4538,.T.);
#4538 = LINE('',#4539,#4540);
#4539 = CARTESIAN_POINT('',(6.15,0.75,3.5));
#4540 = VECTOR('',#4541,1.);
#4541 = DIRECTION('',(-1.,0.,0.));
#4542 = ORIENTED_EDGE('',*,*,#4521,.T.);
#4543 = ORIENTED_EDGE('',*,*,#4271,.T.);
#4544 = ORIENTED_EDGE('',*,*,#4498,.F.);
#4545 = PLANE('',#4546);
#4546 = AXIS2_PLACEMENT_3D('',#4547,#4548,#4549);
#4547 = CARTESIAN_POINT('',(6.15,0.75,3.5));
#4548 = DIRECTION('',(0.,-1.,0.));
#4549 = DIRECTION('',(-1.,0.,0.));
#4550 = ADVANCED_FACE('',(#4551),#4570,.T.);
#4551 = FACE_BOUND('',#4552,.T.);
#4552 = EDGE_LOOP('',(#4553,#4561,#4568,#4569));
#4553 = ORIENTED_EDGE('',*,*,#4554,.T.);
#4554 = EDGE_CURVE('',#4306,#4555,#4557,.T.);
#4555 = VERTEX_POINT('',#4556);
#4556 = CARTESIAN_POINT('',(5.65,-4.25,4.1));
#4557 = LINE('',#4558,#4559);
#4558 = CARTESIAN_POINT('',(5.65,-4.25,3.5));
#4559 = VECTOR('',#4560,1.);
#4560 = DIRECTION('',(0.,0.,1.));
#4561 = ORIENTED_EDGE('',*,*,#4562,.F.);
#4562 = EDGE_CURVE('',#4555,#4555,#4563,.T.);
#4563 = CIRCLE('',#4564,0.5);
#4564 = AXIS2_PLACEMENT_3D('',#4565,#4566,#4567);
#4565 = CARTESIAN_POINT('',(5.15,-4.25,4.1));
#4566 = DIRECTION('',(0.,0.,1.));
#4567 = DIRECTION('',(1.,0.,-0.));
#4568 = ORIENTED_EDGE('',*,*,#4554,.F.);
#4569 = ORIENTED_EDGE('',*,*,#4305,.F.);
#4570 = CYLINDRICAL_SURFACE('',#4571,0.5);
#4571 = AXIS2_PLACEMENT_3D('',#4572,#4573,#4574);
#4572 = CARTESIAN_POINT('',(5.15,-4.25,3.5));
#4573 = DIRECTION('',(-0.,-0.,-1.));
#4574 = DIRECTION('',(1.,0.,0.));
#4575 = ADVANCED_FACE('',(#4576),#4595,.T.);
#4576 = FACE_BOUND('',#4577,.T.);
#4577 = EDGE_LOOP('',(#4578,#4586,#4593,#4594));
#4578 = ORIENTED_EDGE('',*,*,#4579,.T.);
#4579 = EDGE_CURVE('',#4317,#4580,#4582,.T.);
#4580 = VERTEX_POINT('',#4581);
#4581 = CARTESIAN_POINT('',(4.9,-2.25,4.2));
#4582 = LINE('',#4583,#4584);
#4583 = CARTESIAN_POINT('',(4.9,-2.25,3.5));
#4584 = VECTOR('',#4585,1.);
#4585 = DIRECTION('',(0.,0.,1.));
#4586 = ORIENTED_EDGE('',*,*,#4587,.F.);
#4587 = EDGE_CURVE('',#4580,#4580,#4588,.T.);
#4588 = CIRCLE('',#4589,1.75);
#4589 = AXIS2_PLACEMENT_3D('',#4590,#4591,#4592);
#4590 = CARTESIAN_POINT('',(3.15,-2.25,4.2));
#4591 = DIRECTION('',(0.,0.,1.));
#4592 = DIRECTION('',(1.,0.,-0.));
#4593 = ORIENTED_EDGE('',*,*,#4579,.F.);
#4594 = ORIENTED_EDGE('',*,*,#4316,.F.);
#4595 = CYLINDRICAL_SURFACE('',#4596,1.75);
#4596 = AXIS2_PLACEMENT_3D('',#4597,#4598,#4599);
#4597 = CARTESIAN_POINT('',(3.15,-2.25,3.5));
#4598 = DIRECTION('',(-0.,-0.,-1.));
#4599 = DIRECTION('',(1.,0.,0.));
#4600 = ADVANCED_FACE('',(#4601),#4620,.T.);
#4601 = FACE_BOUND('',#4602,.T.);
#4602 = EDGE_LOOP('',(#4603,#4611,#4618,#4619));
#4603 = ORIENTED_EDGE('',*,*,#4604,.T.);
#4604 = EDGE_CURVE('',#4328,#4605,#4607,.T.);
#4605 = VERTEX_POINT('',#4606);
#4606 = CARTESIAN_POINT('',(1.65,-0.25,4.1));
#4607 = LINE('',#4608,#4609);
#4608 = CARTESIAN_POINT('',(1.65,-0.25,3.5));
#4609 = VECTOR('',#4610,1.);
#4610 = DIRECTION('',(0.,0.,1.));
#4611 = ORIENTED_EDGE('',*,*,#4612,.F.);
#4612 = EDGE_CURVE('',#4605,#4605,#4613,.T.);
#4613 = CIRCLE('',#4614,0.5);
#4614 = AXIS2_PLACEMENT_3D('',#4615,#4616,#4617);
#4615 = CARTESIAN_POINT('',(1.15,-0.25,4.1));
#4616 = DIRECTION('',(0.,0.,1.));
#4617 = DIRECTION('',(1.,0.,-0.));
#4618 = ORIENTED_EDGE('',*,*,#4604,.F.);
#4619 = ORIENTED_EDGE('',*,*,#4327,.F.);
#4620 = CYLINDRICAL_SURFACE('',#4621,0.5);
#4621 = AXIS2_PLACEMENT_3D('',#4622,#4623,#4624);
#4622 = CARTESIAN_POINT('',(1.15,-0.25,3.5));
#4623 = DIRECTION('',(-0.,-0.,-1.));
#4624 = DIRECTION('',(1.,0.,0.));
#4625 = ADVANCED_FACE('',(#4626),#4645,.T.);
#4626 = FACE_BOUND('',#4627,.T.);
#4627 = EDGE_LOOP('',(#4628,#4636,#4643,#4644));
#4628 = ORIENTED_EDGE('',*,*,#4629,.T.);
#4629 = EDGE_CURVE('',#4339,#4630,#4632,.T.);
#4630 = VERTEX_POINT('',#4631);
#4631 = CARTESIAN_POINT('',(5.65,-0.25,4.1));
#4632 = LINE('',#4633,#4634);
#4633 = CARTESIAN_POINT('',(5.65,-0.25,3.5));
#4634 = VECTOR('',#4635,1.);
#4635 = DIRECTION('',(0.,0.,1.));
#4636 = ORIENTED_EDGE('',*,*,#4637,.F.);
#4637 = EDGE_CURVE('',#4630,#4630,#4638,.T.);
#4638 = CIRCLE('',#4639,0.5);
#4639 = AXIS2_PLACEMENT_3D('',#4640,#4641,#4642);
#4640 = CARTESIAN_POINT('',(5.15,-0.25,4.1));
#4641 = DIRECTION('',(0.,0.,1.));
#4642 = DIRECTION('',(1.,0.,-0.));
#4643 = ORIENTED_EDGE('',*,*,#4629,.F.);
#4644 = ORIENTED_EDGE('',*,*,#4338,.F.);
#4645 = CYLINDRICAL_SURFACE('',#4646,0.5);
#4646 = AXIS2_PLACEMENT_3D('',#4647,#4648,#4649);
#4647 = CARTESIAN_POINT('',(5.15,-0.25,3.5));
#4648 = DIRECTION('',(-0.,-0.,-1.));
#4649 = DIRECTION('',(1.,0.,0.));
#4650 = ADVANCED_FACE('',(#4651),#4676,.F.);
#4651 = FACE_BOUND('',#4652,.F.);
#4652 = EDGE_LOOP('',(#4653,#4663,#4669,#4670));
#4653 = ORIENTED_EDGE('',*,*,#4654,.F.);
#4654 = EDGE_CURVE('',#4655,#4657,#4659,.T.);
#4655 = VERTEX_POINT('',#4656);
#4656 = CARTESIAN_POINT('',(0.45,-5.25,0.));
#4657 = VERTEX_POINT('',#4658);
#4658 = CARTESIAN_POINT('',(5.85,-5.25,0.));
#4659 = LINE('',#4660,#4661);
#4660 = CARTESIAN_POINT('',(0.15,-5.25,0.));
#4661 = VECTOR('',#4662,1.);
#4662 = DIRECTION('',(1.,0.,0.));
#4663 = ORIENTED_EDGE('',*,*,#4664,.T.);
#4664 = EDGE_CURVE('',#4655,#4359,#4665,.T.);
#4665 = LINE('',#4666,#4667);
#4666 = CARTESIAN_POINT('',(0.45,-5.25,0.));
#4667 = VECTOR('',#4668,1.);
#4668 = DIRECTION('',(0.,0.,1.));
#4669 = ORIENTED_EDGE('',*,*,#4358,.T.);
#4670 = ORIENTED_EDGE('',*,*,#4671,.F.);
#4671 = EDGE_CURVE('',#4657,#4361,#4672,.T.);
#4672 = LINE('',#4673,#4674);
#4673 = CARTESIAN_POINT('',(5.85,-5.25,0.));
#4674 = VECTOR('',#4675,1.);
#4675 = DIRECTION('',(0.,0.,1.));
#4676 = PLANE('',#4677);
#4677 = AXIS2_PLACEMENT_3D('',#4678,#4679,#4680);
#4678 = CARTESIAN_POINT('',(0.15,-5.25,0.));
#4679 = DIRECTION('',(0.,1.,0.));
#4680 = DIRECTION('',(1.,0.,0.));
#4681 = ADVANCED_FACE('',(#4682),#4701,.T.);
#4682 = FACE_BOUND('',#4683,.T.);
#4683 = EDGE_LOOP('',(#4684,#4685,#4686,#4694));
#4684 = ORIENTED_EDGE('',*,*,#4664,.T.);
#4685 = ORIENTED_EDGE('',*,*,#4399,.T.);
#4686 = ORIENTED_EDGE('',*,*,#4687,.F.);
#4687 = EDGE_CURVE('',#4688,#4392,#4690,.T.);
#4688 = VERTEX_POINT('',#4689);
#4689 = CARTESIAN_POINT('',(0.15,-4.95,0.));
#4690 = LINE('',#4691,#4692);
#4691 = CARTESIAN_POINT('',(0.15,-4.95,0.));
#4692 = VECTOR('',#4693,1.);
#4693 = DIRECTION('',(0.,0.,1.));
#4694 = ORIENTED_EDGE('',*,*,#4695,.F.);
#4695 = EDGE_CURVE('',#4655,#4688,#4696,.T.);
#4696 = CIRCLE('',#4697,0.3);
#4697 = AXIS2_PLACEMENT_3D('',#4698,#4699,#4700);
#4698 = CARTESIAN_POINT('',(0.45,-4.95,0.));
#4699 = DIRECTION('',(-0.,-0.,-1.));
#4700 = DIRECTION('',(0.,-1.,0.));
#4701 = CYLINDRICAL_SURFACE('',#4702,0.3);
#4702 = AXIS2_PLACEMENT_3D('',#4703,#4704,#4705);
#4703 = CARTESIAN_POINT('',(0.45,-4.95,0.));
#4704 = DIRECTION('',(0.,0.,1.));
#4705 = DIRECTION('',(0.,-1.,0.));
#4706 = ADVANCED_FACE('',(#4707),#4726,.T.);
#4707 = FACE_BOUND('',#4708,.T.);
#4708 = EDGE_LOOP('',(#4709,#4718,#4724,#4725));
#4709 = ORIENTED_EDGE('',*,*,#4710,.T.);
#4710 = EDGE_CURVE('',#4657,#4711,#4713,.T.);
#4711 = VERTEX_POINT('',#4712);
#4712 = CARTESIAN_POINT('',(6.15,-4.95,0.));
#4713 = CIRCLE('',#4714,0.3);
#4714 = AXIS2_PLACEMENT_3D('',#4715,#4716,#4717);
#4715 = CARTESIAN_POINT('',(5.85,-4.95,0.));
#4716 = DIRECTION('',(-0.,0.,1.));
#4717 = DIRECTION('',(0.,-1.,0.));
#4718 = ORIENTED_EDGE('',*,*,#4719,.T.);
#4719 = EDGE_CURVE('',#4711,#4415,#4720,.T.);
#4720 = LINE('',#4721,#4722);
#4721 = CARTESIAN_POINT('',(6.15,-4.95,0.));
#4722 = VECTOR('',#4723,1.);
#4723 = DIRECTION('',(0.,0.,1.));
#4724 = ORIENTED_EDGE('',*,*,#4414,.F.);
#4725 = ORIENTED_EDGE('',*,*,#4671,.F.);
#4726 = CYLINDRICAL_SURFACE('',#4727,0.3);
#4727 = AXIS2_PLACEMENT_3D('',#4728,#4729,#4730);
#4728 = CARTESIAN_POINT('',(5.85,-4.95,0.));
#4729 = DIRECTION('',(0.,0.,1.));
#4730 = DIRECTION('',(0.,-1.,0.));
#4731 = ADVANCED_FACE('',(#4732),#4814,.F.);
#4732 = FACE_BOUND('',#4733,.F.);
#4733 = EDGE_LOOP('',(#4734,#4744,#4750,#4751,#4752,#4760,#4768,#4776,
    #4784,#4792,#4800,#4808));
#4734 = ORIENTED_EDGE('',*,*,#4735,.F.);
#4735 = EDGE_CURVE('',#4736,#4738,#4740,.T.);
#4736 = VERTEX_POINT('',#4737);
#4737 = CARTESIAN_POINT('',(0.15,0.45,0.));
#4738 = VERTEX_POINT('',#4739);
#4739 = CARTESIAN_POINT('',(0.15,0.35,0.));
#4740 = LINE('',#4741,#4742);
#4741 = CARTESIAN_POINT('',(0.15,0.75,0.));
#4742 = VECTOR('',#4743,1.);
#4743 = DIRECTION('',(0.,-1.,0.));
#4744 = ORIENTED_EDGE('',*,*,#4745,.T.);
#4745 = EDGE_CURVE('',#4736,#4440,#4746,.T.);
#4746 = LINE('',#4747,#4748);
#4747 = CARTESIAN_POINT('',(0.15,0.45,0.));
#4748 = VECTOR('',#4749,1.);
#4749 = DIRECTION('',(0.,0.,1.));
#4750 = ORIENTED_EDGE('',*,*,#4439,.T.);
#4751 = ORIENTED_EDGE('',*,*,#4687,.F.);
#4752 = ORIENTED_EDGE('',*,*,#4753,.F.);
#4753 = EDGE_CURVE('',#4754,#4688,#4756,.T.);
#4754 = VERTEX_POINT('',#4755);
#4755 = CARTESIAN_POINT('',(0.15,-4.85,0.));
#4756 = LINE('',#4757,#4758);
#4757 = CARTESIAN_POINT('',(0.15,0.75,0.));
#4758 = VECTOR('',#4759,1.);
#4759 = DIRECTION('',(0.,-1.,0.));
#4760 = ORIENTED_EDGE('',*,*,#4761,.F.);
#4761 = EDGE_CURVE('',#4762,#4754,#4764,.T.);
#4762 = VERTEX_POINT('',#4763);
#4763 = CARTESIAN_POINT('',(0.15,-4.85,1.5));
#4764 = LINE('',#4765,#4766);
#4765 = CARTESIAN_POINT('',(0.15,-4.85,1.5));
#4766 = VECTOR('',#4767,1.);
#4767 = DIRECTION('',(0.,5.551115123126E-16,-1.));
#4768 = ORIENTED_EDGE('',*,*,#4769,.T.);
#4769 = EDGE_CURVE('',#4762,#4770,#4772,.T.);
#4770 = VERTEX_POINT('',#4771);
#4771 = CARTESIAN_POINT('',(0.15,-4.15,1.5));
#4772 = LINE('',#4773,#4774);
#4773 = CARTESIAN_POINT('',(0.15,-4.85,1.5));
#4774 = VECTOR('',#4775,1.);
#4775 = DIRECTION('',(0.,1.,3.330669073875E-16));
#4776 = ORIENTED_EDGE('',*,*,#4777,.T.);
#4777 = EDGE_CURVE('',#4770,#4778,#4780,.T.);
#4778 = VERTEX_POINT('',#4779);
#4779 = CARTESIAN_POINT('',(0.15,-4.15,0.));
#4780 = LINE('',#4781,#4782);
#4781 = CARTESIAN_POINT('',(0.15,-4.15,1.5));
#4782 = VECTOR('',#4783,1.);
#4783 = DIRECTION('',(0.,5.551115123126E-16,-1.));
#4784 = ORIENTED_EDGE('',*,*,#4785,.F.);
#4785 = EDGE_CURVE('',#4786,#4778,#4788,.T.);
#4786 = VERTEX_POINT('',#4787);
#4787 = CARTESIAN_POINT('',(0.15,-0.35,0.));
#4788 = LINE('',#4789,#4790);
#4789 = CARTESIAN_POINT('',(0.15,0.75,0.));
#4790 = VECTOR('',#4791,1.);
#4791 = DIRECTION('',(0.,-1.,0.));
#4792 = ORIENTED_EDGE('',*,*,#4793,.F.);
#4793 = EDGE_CURVE('',#4794,#4786,#4796,.T.);
#4794 = VERTEX_POINT('',#4795);
#4795 = CARTESIAN_POINT('',(0.15,-0.35,1.5));
#4796 = LINE('',#4797,#4798);
#4797 = CARTESIAN_POINT('',(0.15,-0.35,1.5));
#4798 = VECTOR('',#4799,1.);
#4799 = DIRECTION('',(0.,5.551115123126E-16,-1.));
#4800 = ORIENTED_EDGE('',*,*,#4801,.T.);
#4801 = EDGE_CURVE('',#4794,#4802,#4804,.T.);
#4802 = VERTEX_POINT('',#4803);
#4803 = CARTESIAN_POINT('',(0.15,0.35,1.5));
#4804 = LINE('',#4805,#4806);
#4805 = CARTESIAN_POINT('',(0.15,-0.35,1.5));
#4806 = VECTOR('',#4807,1.);
#4807 = DIRECTION('',(0.,1.,3.330669073875E-16));
#4808 = ORIENTED_EDGE('',*,*,#4809,.T.);
#4809 = EDGE_CURVE('',#4802,#4738,#4810,.T.);
#4810 = LINE('',#4811,#4812);
#4811 = CARTESIAN_POINT('',(0.15,0.35,1.5));
#4812 = VECTOR('',#4813,1.);
#4813 = DIRECTION('',(0.,5.551115123126E-16,-1.));
#4814 = PLANE('',#4815);
#4815 = AXIS2_PLACEMENT_3D('',#4816,#4817,#4818);
#4816 = CARTESIAN_POINT('',(0.15,0.75,0.));
#4817 = DIRECTION('',(1.,0.,0.));
#4818 = DIRECTION('',(0.,-1.,0.));
#4819 = ADVANCED_FACE('',(#4820),#4902,.F.);
#4820 = FACE_BOUND('',#4821,.F.);
#4821 = EDGE_LOOP('',(#4822,#4830,#4831,#4832,#4840,#4848,#4856,#4864,
    #4872,#4880,#4888,#4896));
#4822 = ORIENTED_EDGE('',*,*,#4823,.F.);
#4823 = EDGE_CURVE('',#4711,#4824,#4826,.T.);
#4824 = VERTEX_POINT('',#4825);
#4825 = CARTESIAN_POINT('',(6.15,-4.85,0.));
#4826 = LINE('',#4827,#4828);
#4827 = CARTESIAN_POINT('',(6.15,-5.25,0.));
#4828 = VECTOR('',#4829,1.);
#4829 = DIRECTION('',(0.,1.,0.));
#4830 = ORIENTED_EDGE('',*,*,#4719,.T.);
#4831 = ORIENTED_EDGE('',*,*,#4463,.T.);
#4832 = ORIENTED_EDGE('',*,*,#4833,.F.);
#4833 = EDGE_CURVE('',#4834,#4464,#4836,.T.);
#4834 = VERTEX_POINT('',#4835);
#4835 = CARTESIAN_POINT('',(6.15,0.45,0.));
#4836 = LINE('',#4837,#4838);
#4837 = CARTESIAN_POINT('',(6.15,0.45,0.));
#4838 = VECTOR('',#4839,1.);
#4839 = DIRECTION('',(0.,0.,1.));
#4840 = ORIENTED_EDGE('',*,*,#4841,.F.);
#4841 = EDGE_CURVE('',#4842,#4834,#4844,.T.);
#4842 = VERTEX_POINT('',#4843);
#4843 = CARTESIAN_POINT('',(6.15,0.35,0.));
#4844 = LINE('',#4845,#4846);
#4845 = CARTESIAN_POINT('',(6.15,-5.25,0.));
#4846 = VECTOR('',#4847,1.);
#4847 = DIRECTION('',(0.,1.,0.));
#4848 = ORIENTED_EDGE('',*,*,#4849,.F.);
#4849 = EDGE_CURVE('',#4850,#4842,#4852,.T.);
#4850 = VERTEX_POINT('',#4851);
#4851 = CARTESIAN_POINT('',(6.15,0.35,1.5));
#4852 = LINE('',#4853,#4854);
#4853 = CARTESIAN_POINT('',(6.15,0.35,1.5));
#4854 = VECTOR('',#4855,1.);
#4855 = DIRECTION('',(0.,5.551115123126E-16,-1.));
#4856 = ORIENTED_EDGE('',*,*,#4857,.F.);
#4857 = EDGE_CURVE('',#4858,#4850,#4860,.T.);
#4858 = VERTEX_POINT('',#4859);
#4859 = CARTESIAN_POINT('',(6.15,-0.35,1.5));
#4860 = LINE('',#4861,#4862);
#4861 = CARTESIAN_POINT('',(6.15,-0.35,1.5));
#4862 = VECTOR('',#4863,1.);
#4863 = DIRECTION('',(0.,1.,3.330669073875E-16));
#4864 = ORIENTED_EDGE('',*,*,#4865,.T.);
#4865 = EDGE_CURVE('',#4858,#4866,#4868,.T.);
#4866 = VERTEX_POINT('',#4867);
#4867 = CARTESIAN_POINT('',(6.15,-0.35,0.));
#4868 = LINE('',#4869,#4870);
#4869 = CARTESIAN_POINT('',(6.15,-0.35,1.5));
#4870 = VECTOR('',#4871,1.);
#4871 = DIRECTION('',(0.,5.551115123126E-16,-1.));
#4872 = ORIENTED_EDGE('',*,*,#4873,.F.);
#4873 = EDGE_CURVE('',#4874,#4866,#4876,.T.);
#4874 = VERTEX_POINT('',#4875);
#4875 = CARTESIAN_POINT('',(6.15,-4.15,0.));
#4876 = LINE('',#4877,#4878);
#4877 = CARTESIAN_POINT('',(6.15,-5.25,0.));
#4878 = VECTOR('',#4879,1.);
#4879 = DIRECTION('',(0.,1.,0.));
#4880 = ORIENTED_EDGE('',*,*,#4881,.F.);
#4881 = EDGE_CURVE('',#4882,#4874,#4884,.T.);
#4882 = VERTEX_POINT('',#4883);
#4883 = CARTESIAN_POINT('',(6.15,-4.15,1.5));
#4884 = LINE('',#4885,#4886);
#4885 = CARTESIAN_POINT('',(6.15,-4.15,1.5));
#4886 = VECTOR('',#4887,1.);
#4887 = DIRECTION('',(0.,5.551115123126E-16,-1.));
#4888 = ORIENTED_EDGE('',*,*,#4889,.F.);
#4889 = EDGE_CURVE('',#4890,#4882,#4892,.T.);
#4890 = VERTEX_POINT('',#4891);
#4891 = CARTESIAN_POINT('',(6.15,-4.85,1.5));
#4892 = LINE('',#4893,#4894);
#4893 = CARTESIAN_POINT('',(6.15,-4.85,1.5));
#4894 = VECTOR('',#4895,1.);
#4895 = DIRECTION('',(0.,1.,3.330669073875E-16));
#4896 = ORIENTED_EDGE('',*,*,#4897,.T.);
#4897 = EDGE_CURVE('',#4890,#4824,#4898,.T.);
#4898 = LINE('',#4899,#4900);
#4899 = CARTESIAN_POINT('',(6.15,-4.85,1.5));
#4900 = VECTOR('',#4901,1.);
#4901 = DIRECTION('',(0.,5.551115123126E-16,-1.));
#4902 = PLANE('',#4903);
#4903 = AXIS2_PLACEMENT_3D('',#4904,#4905,#4906);
#4904 = CARTESIAN_POINT('',(6.15,-5.25,0.));
#4905 = DIRECTION('',(-1.,0.,0.));
#4906 = DIRECTION('',(0.,1.,0.));
#4907 = ADVANCED_FACE('',(#4908),#4927,.T.);
#4908 = FACE_BOUND('',#4909,.T.);
#4909 = EDGE_LOOP('',(#4910,#4919,#4920,#4921));
#4910 = ORIENTED_EDGE('',*,*,#4911,.T.);
#4911 = EDGE_CURVE('',#4912,#4736,#4914,.T.);
#4912 = VERTEX_POINT('',#4913);
#4913 = CARTESIAN_POINT('',(0.45,0.75,0.));
#4914 = CIRCLE('',#4915,0.3);
#4915 = AXIS2_PLACEMENT_3D('',#4916,#4917,#4918);
#4916 = CARTESIAN_POINT('',(0.45,0.45,0.));
#4917 = DIRECTION('',(-0.,0.,1.));
#4918 = DIRECTION('',(0.,-1.,0.));
#4919 = ORIENTED_EDGE('',*,*,#4745,.T.);
#4920 = ORIENTED_EDGE('',*,*,#4487,.F.);
#4921 = ORIENTED_EDGE('',*,*,#4922,.F.);
#4922 = EDGE_CURVE('',#4912,#4488,#4923,.T.);
#4923 = LINE('',#4924,#4925);
#4924 = CARTESIAN_POINT('',(0.45,0.75,0.));
#4925 = VECTOR('',#4926,1.);
#4926 = DIRECTION('',(0.,0.,1.));
#4927 = CYLINDRICAL_SURFACE('',#4928,0.3);
#4928 = AXIS2_PLACEMENT_3D('',#4929,#4930,#4931);
#4929 = CARTESIAN_POINT('',(0.45,0.45,0.));
#4930 = DIRECTION('',(0.,0.,1.));
#4931 = DIRECTION('',(0.,1.,0.));
#4932 = ADVANCED_FACE('',(#4933),#4952,.T.);
#4933 = FACE_BOUND('',#4934,.T.);
#4934 = EDGE_LOOP('',(#4935,#4944,#4950,#4951));
#4935 = ORIENTED_EDGE('',*,*,#4936,.T.);
#4936 = EDGE_CURVE('',#4834,#4937,#4939,.T.);
#4937 = VERTEX_POINT('',#4938);
#4938 = CARTESIAN_POINT('',(5.85,0.75,0.));
#4939 = CIRCLE('',#4940,0.3);
#4940 = AXIS2_PLACEMENT_3D('',#4941,#4942,#4943);
#4941 = CARTESIAN_POINT('',(5.85,0.45,0.));
#4942 = DIRECTION('',(-0.,0.,1.));
#4943 = DIRECTION('',(0.,-1.,0.));
#4944 = ORIENTED_EDGE('',*,*,#4945,.T.);
#4945 = EDGE_CURVE('',#4937,#4513,#4946,.T.);
#4946 = LINE('',#4947,#4948);
#4947 = CARTESIAN_POINT('',(5.85,0.75,0.));
#4948 = VECTOR('',#4949,1.);
#4949 = DIRECTION('',(0.,0.,1.));
#4950 = ORIENTED_EDGE('',*,*,#4512,.F.);
#4951 = ORIENTED_EDGE('',*,*,#4833,.F.);
#4952 = CYLINDRICAL_SURFACE('',#4953,0.3);
#4953 = AXIS2_PLACEMENT_3D('',#4954,#4955,#4956);
#4954 = CARTESIAN_POINT('',(5.85,0.45,0.));
#4955 = DIRECTION('',(0.,0.,1.));
#4956 = DIRECTION('',(1.,0.,-0.));
#4957 = ADVANCED_FACE('',(#4958),#4969,.F.);
#4958 = FACE_BOUND('',#4959,.F.);
#4959 = EDGE_LOOP('',(#4960,#4966,#4967,#4968));
#4960 = ORIENTED_EDGE('',*,*,#4961,.F.);
#4961 = EDGE_CURVE('',#4937,#4912,#4962,.T.);
#4962 = LINE('',#4963,#4964);
#4963 = CARTESIAN_POINT('',(6.15,0.75,0.));
#4964 = VECTOR('',#4965,1.);
#4965 = DIRECTION('',(-1.,0.,0.));
#4966 = ORIENTED_EDGE('',*,*,#4945,.T.);
#4967 = ORIENTED_EDGE('',*,*,#4537,.T.);
#4968 = ORIENTED_EDGE('',*,*,#4922,.F.);
#4969 = PLANE('',#4970);
#4970 = AXIS2_PLACEMENT_3D('',#4971,#4972,#4973);
#4971 = CARTESIAN_POINT('',(6.15,0.75,0.));
#4972 = DIRECTION('',(0.,-1.,0.));
#4973 = DIRECTION('',(-1.,0.,0.));
#4974 = ADVANCED_FACE('',(#4975),#4978,.F.);
#4975 = FACE_BOUND('',#4976,.T.);
#4976 = EDGE_LOOP('',(#4977));
#4977 = ORIENTED_EDGE('',*,*,#4562,.T.);
#4978 = PLANE('',#4979);
#4979 = AXIS2_PLACEMENT_3D('',#4980,#4981,#4982);
#4980 = CARTESIAN_POINT('',(5.65,-4.25,4.1));
#4981 = DIRECTION('',(0.,0.,-1.));
#4982 = DIRECTION('',(-1.,0.,0.));
#4983 = ADVANCED_FACE('',(#4984),#5004,.T.);
#4984 = FACE_BOUND('',#4985,.T.);
#4985 = EDGE_LOOP('',(#4986,#4987,#4996,#5003));
#4986 = ORIENTED_EDGE('',*,*,#4587,.T.);
#4987 = ORIENTED_EDGE('',*,*,#4988,.F.);
#4988 = EDGE_CURVE('',#4989,#4580,#4991,.T.);
#4989 = VERTEX_POINT('',#4990);
#4990 = CARTESIAN_POINT('',(4.8,-2.25,4.3));
#4991 = CIRCLE('',#4992,0.1);
#4992 = AXIS2_PLACEMENT_3D('',#4993,#4994,#4995);
#4993 = CARTESIAN_POINT('',(4.8,-2.25,4.2));
#4994 = DIRECTION('',(-0.,1.,0.));
#4995 = DIRECTION('',(1.,0.,0.));
#4996 = ORIENTED_EDGE('',*,*,#4997,.F.);
#4997 = EDGE_CURVE('',#4989,#4989,#4998,.T.);
#4998 = CIRCLE('',#4999,1.65);
#4999 = AXIS2_PLACEMENT_3D('',#5000,#5001,#5002);
#5000 = CARTESIAN_POINT('',(3.15,-2.25,4.3));
#5001 = DIRECTION('',(0.,0.,1.));
#5002 = DIRECTION('',(1.,0.,-0.));
#5003 = ORIENTED_EDGE('',*,*,#4988,.T.);
#5004 = TOROIDAL_SURFACE('',#5005,1.65,0.1);
#5005 = AXIS2_PLACEMENT_3D('',#5006,#5007,#5008);
#5006 = CARTESIAN_POINT('',(3.15,-2.25,4.2));
#5007 = DIRECTION('',(0.,0.,-1.));
#5008 = DIRECTION('',(1.,0.,0.));
#5009 = ADVANCED_FACE('',(#5010),#5013,.F.);
#5010 = FACE_BOUND('',#5011,.T.);
#5011 = EDGE_LOOP('',(#5012));
#5012 = ORIENTED_EDGE('',*,*,#4612,.T.);
#5013 = PLANE('',#5014);
#5014 = AXIS2_PLACEMENT_3D('',#5015,#5016,#5017);
#5015 = CARTESIAN_POINT('',(1.65,-0.25,4.1));
#5016 = DIRECTION('',(0.,0.,-1.));
#5017 = DIRECTION('',(-1.,0.,0.));
#5018 = ADVANCED_FACE('',(#5019),#5022,.F.);
#5019 = FACE_BOUND('',#5020,.T.);
#5020 = EDGE_LOOP('',(#5021));
#5021 = ORIENTED_EDGE('',*,*,#4637,.T.);
#5022 = PLANE('',#5023);
#5023 = AXIS2_PLACEMENT_3D('',#5024,#5025,#5026);
#5024 = CARTESIAN_POINT('',(5.65,-0.25,4.1));
#5025 = DIRECTION('',(0.,0.,-1.));
#5026 = DIRECTION('',(-1.,0.,0.));
#5027 = ADVANCED_FACE('',(#5028),#5066,.T.);
#5028 = FACE_BOUND('',#5029,.T.);
#5029 = EDGE_LOOP('',(#5030,#5031,#5032,#5033,#5039,#5040,#5046,#5047,
    #5048,#5049,#5050,#5051,#5057,#5058,#5064,#5065));
#5030 = ORIENTED_EDGE('',*,*,#4654,.F.);
#5031 = ORIENTED_EDGE('',*,*,#4695,.T.);
#5032 = ORIENTED_EDGE('',*,*,#4753,.F.);
#5033 = ORIENTED_EDGE('',*,*,#5034,.F.);
#5034 = EDGE_CURVE('',#4778,#4754,#5035,.T.);
#5035 = LINE('',#5036,#5037);
#5036 = CARTESIAN_POINT('',(0.15,0.75,0.));
#5037 = VECTOR('',#5038,1.);
#5038 = DIRECTION('',(0.,-1.,0.));
#5039 = ORIENTED_EDGE('',*,*,#4785,.F.);
#5040 = ORIENTED_EDGE('',*,*,#5041,.F.);
#5041 = EDGE_CURVE('',#4738,#4786,#5042,.T.);
#5042 = LINE('',#5043,#5044);
#5043 = CARTESIAN_POINT('',(0.15,0.75,0.));
#5044 = VECTOR('',#5045,1.);
#5045 = DIRECTION('',(0.,-1.,0.));
#5046 = ORIENTED_EDGE('',*,*,#4735,.F.);
#5047 = ORIENTED_EDGE('',*,*,#4911,.F.);
#5048 = ORIENTED_EDGE('',*,*,#4961,.F.);
#5049 = ORIENTED_EDGE('',*,*,#4936,.F.);
#5050 = ORIENTED_EDGE('',*,*,#4841,.F.);
#5051 = ORIENTED_EDGE('',*,*,#5052,.F.);
#5052 = EDGE_CURVE('',#4866,#4842,#5053,.T.);
#5053 = LINE('',#5054,#5055);
#5054 = CARTESIAN_POINT('',(6.15,-5.25,0.));
#5055 = VECTOR('',#5056,1.);
#5056 = DIRECTION('',(0.,1.,0.));
#5057 = ORIENTED_EDGE('',*,*,#4873,.F.);
#5058 = ORIENTED_EDGE('',*,*,#5059,.F.);
#5059 = EDGE_CURVE('',#4824,#4874,#5060,.T.);
#5060 = LINE('',#5061,#5062);
#5061 = CARTESIAN_POINT('',(6.15,-5.25,0.));
#5062 = VECTOR('',#5063,1.);
#5063 = DIRECTION('',(0.,1.,0.));
#5064 = ORIENTED_EDGE('',*,*,#4823,.F.);
#5065 = ORIENTED_EDGE('',*,*,#4710,.F.);
#5066 = PLANE('',#5067);
#5067 = AXIS2_PLACEMENT_3D('',#5068,#5069,#5070);
#5068 = CARTESIAN_POINT('',(0.15,-5.25,0.));
#5069 = DIRECTION('',(0.,0.,-1.));
#5070 = DIRECTION('',(-1.,0.,0.));
#5071 = ADVANCED_FACE('',(#5072),#5216,.F.);
#5072 = FACE_BOUND('',#5073,.F.);
#5073 = EDGE_LOOP('',(#5074,#5084,#5093,#5101,#5110,#5118,#5126,#5134,
    #5143,#5151,#5160,#5168,#5177,#5183,#5184,#5192,#5201,#5209));
#5074 = ORIENTED_EDGE('',*,*,#5075,.T.);
#5075 = EDGE_CURVE('',#5076,#5078,#5080,.T.);
#5076 = VERTEX_POINT('',#5077);
#5077 = CARTESIAN_POINT('',(-0.162230377286,0.35,-0.540767924286));
#5078 = VERTEX_POINT('',#5079);
#5079 = CARTESIAN_POINT('',(-0.425000733956,0.35,-1.416669113186));
#5080 = LINE('',#5081,#5082);
#5081 = CARTESIAN_POINT('',(-0.15,0.35,-0.5));
#5082 = VECTOR('',#5083,1.);
#5083 = DIRECTION('',(-0.287347885566,5.31700397722E-16,-0.957826285221)
  );
#5084 = ORIENTED_EDGE('',*,*,#5085,.T.);
#5085 = EDGE_CURVE('',#5078,#5086,#5088,.T.);
#5086 = VERTEX_POINT('',#5087);
#5087 = CARTESIAN_POINT('',(-0.425000733956,0.35,-1.583330886814));
#5088 = CIRCLE('',#5089,0.29);
#5089 = AXIS2_PLACEMENT_3D('',#5090,#5091,#5092);
#5090 = CARTESIAN_POINT('',(-0.147231111242,0.35,-1.5));
#5091 = DIRECTION('',(0.,-1.,-3.330669073875E-16));
#5092 = DIRECTION('',(0.,-3.330669073875E-16,1.));
#5093 = ORIENTED_EDGE('',*,*,#5094,.T.);
#5094 = EDGE_CURVE('',#5086,#5095,#5097,.T.);
#5095 = VERTEX_POINT('',#5096);
#5096 = CARTESIAN_POINT('',(-0.162230377286,0.35,-2.459232075714));
#5097 = LINE('',#5098,#5099);
#5098 = CARTESIAN_POINT('',(-0.45,0.35,-1.5));
#5099 = VECTOR('',#5100,1.);
#5100 = DIRECTION('',(0.287347885566,5.31700397722E-16,-0.957826285221)
  );
#5101 = ORIENTED_EDGE('',*,*,#5102,.F.);
#5102 = EDGE_CURVE('',#5103,#5095,#5105,.T.);
#5103 = VERTEX_POINT('',#5104);
#5104 = CARTESIAN_POINT('',(-0.15,0.35,-2.542562962528));
#5105 = CIRCLE('',#5106,0.29);
#5106 = AXIS2_PLACEMENT_3D('',#5107,#5108,#5109);
#5107 = CARTESIAN_POINT('',(-0.44,0.35,-2.542562962528));
#5108 = DIRECTION('',(0.,-1.,-3.330669073875E-16));
#5109 = DIRECTION('',(0.,-3.330669073875E-16,1.));
#5110 = ORIENTED_EDGE('',*,*,#5111,.F.);
#5111 = EDGE_CURVE('',#5112,#5103,#5114,.T.);
#5112 = VERTEX_POINT('',#5113);
#5113 = CARTESIAN_POINT('',(-0.15,0.35,-3.5));
#5114 = LINE('',#5115,#5116);
#5115 = CARTESIAN_POINT('',(-0.15,0.35,-3.5));
#5116 = VECTOR('',#5117,1.);
#5117 = DIRECTION('',(0.,-5.551115123126E-16,1.));
#5118 = ORIENTED_EDGE('',*,*,#5119,.F.);
#5119 = EDGE_CURVE('',#5120,#5112,#5122,.T.);
#5120 = VERTEX_POINT('',#5121);
#5121 = CARTESIAN_POINT('',(0.15,0.35,-3.5));
#5122 = LINE('',#5123,#5124);
#5123 = CARTESIAN_POINT('',(0.15,0.35,-3.5));
#5124 = VECTOR('',#5125,1.);
#5125 = DIRECTION('',(-1.,-0.,0.));
#5126 = ORIENTED_EDGE('',*,*,#5127,.F.);
#5127 = EDGE_CURVE('',#5128,#5120,#5130,.T.);
#5128 = VERTEX_POINT('',#5129);
#5129 = CARTESIAN_POINT('',(0.15,0.35,-2.542562962528));
#5130 = LINE('',#5131,#5132);
#5131 = CARTESIAN_POINT('',(0.15,0.35,-2.5));
#5132 = VECTOR('',#5133,1.);
#5133 = DIRECTION('',(0.,5.551115123126E-16,-1.));
#5134 = ORIENTED_EDGE('',*,*,#5135,.F.);
#5135 = EDGE_CURVE('',#5136,#5128,#5138,.T.);
#5136 = VERTEX_POINT('',#5137);
#5137 = CARTESIAN_POINT('',(0.137769622714,0.35,-2.459232075714));
#5138 = CIRCLE('',#5139,0.29);
#5139 = AXIS2_PLACEMENT_3D('',#5140,#5141,#5142);
#5140 = CARTESIAN_POINT('',(-0.14,0.35,-2.542562962528));
#5141 = DIRECTION('',(-0.,1.,3.330669073875E-16));
#5142 = DIRECTION('',(0.,-3.330669073875E-16,1.));
#5143 = ORIENTED_EDGE('',*,*,#5144,.T.);
#5144 = EDGE_CURVE('',#5136,#5145,#5147,.T.);
#5145 = VERTEX_POINT('',#5146);
#5146 = CARTESIAN_POINT('',(-0.125000733956,0.35,-1.583330886814));
#5147 = LINE('',#5148,#5149);
#5148 = CARTESIAN_POINT('',(0.15,0.35,-2.5));
#5149 = VECTOR('',#5150,1.);
#5150 = DIRECTION('',(-0.287347885566,-5.31700397722E-16,0.957826285221)
  );
#5151 = ORIENTED_EDGE('',*,*,#5152,.F.);
#5152 = EDGE_CURVE('',#5153,#5145,#5155,.T.);
#5153 = VERTEX_POINT('',#5154);
#5154 = CARTESIAN_POINT('',(-0.125000733956,0.35,-1.416669113186));
#5155 = CIRCLE('',#5156,0.29);
#5156 = AXIS2_PLACEMENT_3D('',#5157,#5158,#5159);
#5157 = CARTESIAN_POINT('',(0.152768888758,0.35,-1.5));
#5158 = DIRECTION('',(0.,-1.,-3.330669073875E-16));
#5159 = DIRECTION('',(0.,-3.330669073875E-16,1.));
#5160 = ORIENTED_EDGE('',*,*,#5161,.T.);
#5161 = EDGE_CURVE('',#5153,#5162,#5164,.T.);
#5162 = VERTEX_POINT('',#5163);
#5163 = CARTESIAN_POINT('',(0.137769622714,0.35,-0.540767924286));
#5164 = LINE('',#5165,#5166);
#5165 = CARTESIAN_POINT('',(-0.15,0.35,-1.5));
#5166 = VECTOR('',#5167,1.);
#5167 = DIRECTION('',(0.287347885566,-5.31700397722E-16,0.957826285221)
  );
#5168 = ORIENTED_EDGE('',*,*,#5169,.F.);
#5169 = EDGE_CURVE('',#5170,#5162,#5172,.T.);
#5170 = VERTEX_POINT('',#5171);
#5171 = CARTESIAN_POINT('',(0.15,0.35,-0.457437037472));
#5172 = CIRCLE('',#5173,0.29);
#5173 = AXIS2_PLACEMENT_3D('',#5174,#5175,#5176);
#5174 = CARTESIAN_POINT('',(-0.14,0.35,-0.457437037472));
#5175 = DIRECTION('',(-0.,1.,3.330669073875E-16));
#5176 = DIRECTION('',(0.,-3.330669073875E-16,1.));
#5177 = ORIENTED_EDGE('',*,*,#5178,.F.);
#5178 = EDGE_CURVE('',#4738,#5170,#5179,.T.);
#5179 = LINE('',#5180,#5181);
#5180 = CARTESIAN_POINT('',(0.15,0.35,1.5));
#5181 = VECTOR('',#5182,1.);
#5182 = DIRECTION('',(0.,5.551115123126E-16,-1.));
#5183 = ORIENTED_EDGE('',*,*,#4809,.F.);
#5184 = ORIENTED_EDGE('',*,*,#5185,.F.);
#5185 = EDGE_CURVE('',#5186,#4802,#5188,.T.);
#5186 = VERTEX_POINT('',#5187);
#5187 = CARTESIAN_POINT('',(0.14,0.35,1.5));
#5188 = LINE('',#5189,#5190);
#5189 = CARTESIAN_POINT('',(-0.15,0.35,1.5));
#5190 = VECTOR('',#5191,1.);
#5191 = DIRECTION('',(1.,0.,0.));
#5192 = ORIENTED_EDGE('',*,*,#5193,.F.);
#5193 = EDGE_CURVE('',#5194,#5186,#5196,.T.);
#5194 = VERTEX_POINT('',#5195);
#5195 = CARTESIAN_POINT('',(-0.15,0.35,1.21));
#5196 = CIRCLE('',#5197,0.29);
#5197 = AXIS2_PLACEMENT_3D('',#5198,#5199,#5200);
#5198 = CARTESIAN_POINT('',(0.14,0.35,1.21));
#5199 = DIRECTION('',(-0.,1.,3.330669073875E-16));
#5200 = DIRECTION('',(0.,-3.330669073875E-16,1.));
#5201 = ORIENTED_EDGE('',*,*,#5202,.F.);
#5202 = EDGE_CURVE('',#5203,#5194,#5205,.T.);
#5203 = VERTEX_POINT('',#5204);
#5204 = CARTESIAN_POINT('',(-0.15,0.35,-0.457437037472));
#5205 = LINE('',#5206,#5207);
#5206 = CARTESIAN_POINT('',(-0.15,0.35,-0.5));
#5207 = VECTOR('',#5208,1.);
#5208 = DIRECTION('',(0.,-5.551115123126E-16,1.));
#5209 = ORIENTED_EDGE('',*,*,#5210,.F.);
#5210 = EDGE_CURVE('',#5076,#5203,#5211,.T.);
#5211 = CIRCLE('',#5212,0.29);
#5212 = AXIS2_PLACEMENT_3D('',#5213,#5214,#5215);
#5213 = CARTESIAN_POINT('',(-0.44,0.35,-0.457437037472));
#5214 = DIRECTION('',(0.,-1.,-3.330669073875E-16));
#5215 = DIRECTION('',(0.,-3.330669073875E-16,1.));
#5216 = PLANE('',#5217);
#5217 = AXIS2_PLACEMENT_3D('',#5218,#5219,#5220);
#5218 = CARTESIAN_POINT('',(-0.15,0.35,-0.5));
#5219 = DIRECTION('',(1.64346021921E-31,-1.,-5.551115123126E-16));
#5220 = DIRECTION('',(0.,5.551115123126E-16,-1.));
#5221 = ADVANCED_FACE('',(#5222),#5240,.F.);
#5222 = FACE_BOUND('',#5223,.F.);
#5223 = EDGE_LOOP('',(#5224,#5232,#5238,#5239));
#5224 = ORIENTED_EDGE('',*,*,#5225,.F.);
#5225 = EDGE_CURVE('',#5226,#4794,#5228,.T.);
#5226 = VERTEX_POINT('',#5227);
#5227 = CARTESIAN_POINT('',(0.14,-0.35,1.5));
#5228 = LINE('',#5229,#5230);
#5229 = CARTESIAN_POINT('',(-0.15,-0.35,1.5));
#5230 = VECTOR('',#5231,1.);
#5231 = DIRECTION('',(1.,0.,0.));
#5232 = ORIENTED_EDGE('',*,*,#5233,.T.);
#5233 = EDGE_CURVE('',#5226,#5186,#5234,.T.);
#5234 = LINE('',#5235,#5236);
#5235 = CARTESIAN_POINT('',(0.14,-0.35,1.5));
#5236 = VECTOR('',#5237,1.);
#5237 = DIRECTION('',(0.,1.,3.330669073875E-16));
#5238 = ORIENTED_EDGE('',*,*,#5185,.T.);
#5239 = ORIENTED_EDGE('',*,*,#4801,.F.);
#5240 = PLANE('',#5241);
#5241 = AXIS2_PLACEMENT_3D('',#5242,#5243,#5244);
#5242 = CARTESIAN_POINT('',(-0.15,-0.35,1.5));
#5243 = DIRECTION('',(0.,3.330669073875E-16,-1.));
#5244 = DIRECTION('',(1.,0.,0.));
#5245 = ADVANCED_FACE('',(#5246),#5383,.T.);
#5246 = FACE_BOUND('',#5247,.T.);
#5247 = EDGE_LOOP('',(#5248,#5258,#5267,#5275,#5284,#5292,#5300,#5308,
    #5317,#5325,#5334,#5342,#5351,#5357,#5358,#5359,#5368,#5376));
#5248 = ORIENTED_EDGE('',*,*,#5249,.T.);
#5249 = EDGE_CURVE('',#5250,#5252,#5254,.T.);
#5250 = VERTEX_POINT('',#5251);
#5251 = CARTESIAN_POINT('',(-0.162230377286,-0.35,-0.540767924286));
#5252 = VERTEX_POINT('',#5253);
#5253 = CARTESIAN_POINT('',(-0.425000733956,-0.35,-1.416669113186));
#5254 = LINE('',#5255,#5256);
#5255 = CARTESIAN_POINT('',(-0.15,-0.35,-0.5));
#5256 = VECTOR('',#5257,1.);
#5257 = DIRECTION('',(-0.287347885566,5.31700397722E-16,-0.957826285221)
  );
#5258 = ORIENTED_EDGE('',*,*,#5259,.T.);
#5259 = EDGE_CURVE('',#5252,#5260,#5262,.T.);
#5260 = VERTEX_POINT('',#5261);
#5261 = CARTESIAN_POINT('',(-0.425000733956,-0.35,-1.583330886814));
#5262 = CIRCLE('',#5263,0.29);
#5263 = AXIS2_PLACEMENT_3D('',#5264,#5265,#5266);
#5264 = CARTESIAN_POINT('',(-0.147231111242,-0.35,-1.5));
#5265 = DIRECTION('',(0.,-1.,-3.330669073875E-16));
#5266 = DIRECTION('',(0.,-3.330669073875E-16,1.));
#5267 = ORIENTED_EDGE('',*,*,#5268,.T.);
#5268 = EDGE_CURVE('',#5260,#5269,#5271,.T.);
#5269 = VERTEX_POINT('',#5270);
#5270 = CARTESIAN_POINT('',(-0.162230377286,-0.35,-2.459232075714));
#5271 = LINE('',#5272,#5273);
#5272 = CARTESIAN_POINT('',(-0.45,-0.35,-1.5));
#5273 = VECTOR('',#5274,1.);
#5274 = DIRECTION('',(0.287347885566,5.31700397722E-16,-0.957826285221)
  );
#5275 = ORIENTED_EDGE('',*,*,#5276,.F.);
#5276 = EDGE_CURVE('',#5277,#5269,#5279,.T.);
#5277 = VERTEX_POINT('',#5278);
#5278 = CARTESIAN_POINT('',(-0.15,-0.35,-2.542562962528));
#5279 = CIRCLE('',#5280,0.29);
#5280 = AXIS2_PLACEMENT_3D('',#5281,#5282,#5283);
#5281 = CARTESIAN_POINT('',(-0.44,-0.35,-2.542562962528));
#5282 = DIRECTION('',(0.,-1.,-3.330669073875E-16));
#5283 = DIRECTION('',(0.,-3.330669073875E-16,1.));
#5284 = ORIENTED_EDGE('',*,*,#5285,.F.);
#5285 = EDGE_CURVE('',#5286,#5277,#5288,.T.);
#5286 = VERTEX_POINT('',#5287);
#5287 = CARTESIAN_POINT('',(-0.15,-0.35,-3.5));
#5288 = LINE('',#5289,#5290);
#5289 = CARTESIAN_POINT('',(-0.15,-0.35,-3.5));
#5290 = VECTOR('',#5291,1.);
#5291 = DIRECTION('',(0.,-5.551115123126E-16,1.));
#5292 = ORIENTED_EDGE('',*,*,#5293,.F.);
#5293 = EDGE_CURVE('',#5294,#5286,#5296,.T.);
#5294 = VERTEX_POINT('',#5295);
#5295 = CARTESIAN_POINT('',(0.15,-0.35,-3.5));
#5296 = LINE('',#5297,#5298);
#5297 = CARTESIAN_POINT('',(0.15,-0.35,-3.5));
#5298 = VECTOR('',#5299,1.);
#5299 = DIRECTION('',(-1.,-0.,0.));
#5300 = ORIENTED_EDGE('',*,*,#5301,.F.);
#5301 = EDGE_CURVE('',#5302,#5294,#5304,.T.);
#5302 = VERTEX_POINT('',#5303);
#5303 = CARTESIAN_POINT('',(0.15,-0.35,-2.542562962528));
#5304 = LINE('',#5305,#5306);
#5305 = CARTESIAN_POINT('',(0.15,-0.35,-2.5));
#5306 = VECTOR('',#5307,1.);
#5307 = DIRECTION('',(0.,5.551115123126E-16,-1.));
#5308 = ORIENTED_EDGE('',*,*,#5309,.F.);
#5309 = EDGE_CURVE('',#5310,#5302,#5312,.T.);
#5310 = VERTEX_POINT('',#5311);
#5311 = CARTESIAN_POINT('',(0.137769622714,-0.35,-2.459232075714));
#5312 = CIRCLE('',#5313,0.29);
#5313 = AXIS2_PLACEMENT_3D('',#5314,#5315,#5316);
#5314 = CARTESIAN_POINT('',(-0.14,-0.35,-2.542562962528));
#5315 = DIRECTION('',(-0.,1.,3.330669073875E-16));
#5316 = DIRECTION('',(0.,-3.330669073875E-16,1.));
#5317 = ORIENTED_EDGE('',*,*,#5318,.T.);
#5318 = EDGE_CURVE('',#5310,#5319,#5321,.T.);
#5319 = VERTEX_POINT('',#5320);
#5320 = CARTESIAN_POINT('',(-0.125000733956,-0.35,-1.583330886814));
#5321 = LINE('',#5322,#5323);
#5322 = CARTESIAN_POINT('',(0.15,-0.35,-2.5));
#5323 = VECTOR('',#5324,1.);
#5324 = DIRECTION('',(-0.287347885566,-5.31700397722E-16,0.957826285221)
  );
#5325 = ORIENTED_EDGE('',*,*,#5326,.F.);
#5326 = EDGE_CURVE('',#5327,#5319,#5329,.T.);
#5327 = VERTEX_POINT('',#5328);
#5328 = CARTESIAN_POINT('',(-0.125000733956,-0.35,-1.416669113186));
#5329 = CIRCLE('',#5330,0.29);
#5330 = AXIS2_PLACEMENT_3D('',#5331,#5332,#5333);
#5331 = CARTESIAN_POINT('',(0.152768888758,-0.35,-1.5));
#5332 = DIRECTION('',(0.,-1.,-3.330669073875E-16));
#5333 = DIRECTION('',(0.,-3.330669073875E-16,1.));
#5334 = ORIENTED_EDGE('',*,*,#5335,.T.);
#5335 = EDGE_CURVE('',#5327,#5336,#5338,.T.);
#5336 = VERTEX_POINT('',#5337);
#5337 = CARTESIAN_POINT('',(0.137769622714,-0.35,-0.540767924286));
#5338 = LINE('',#5339,#5340);
#5339 = CARTESIAN_POINT('',(-0.15,-0.35,-1.5));
#5340 = VECTOR('',#5341,1.);
#5341 = DIRECTION('',(0.287347885566,-5.31700397722E-16,0.957826285221)
  );
#5342 = ORIENTED_EDGE('',*,*,#5343,.F.);
#5343 = EDGE_CURVE('',#5344,#5336,#5346,.T.);
#5344 = VERTEX_POINT('',#5345);
#5345 = CARTESIAN_POINT('',(0.15,-0.35,-0.457437037472));
#5346 = CIRCLE('',#5347,0.29);
#5347 = AXIS2_PLACEMENT_3D('',#5348,#5349,#5350);
#5348 = CARTESIAN_POINT('',(-0.14,-0.35,-0.457437037472));
#5349 = DIRECTION('',(-0.,1.,3.330669073875E-16));
#5350 = DIRECTION('',(0.,-3.330669073875E-16,1.));
#5351 = ORIENTED_EDGE('',*,*,#5352,.F.);
#5352 = EDGE_CURVE('',#4786,#5344,#5353,.T.);
#5353 = LINE('',#5354,#5355);
#5354 = CARTESIAN_POINT('',(0.15,-0.35,1.5));
#5355 = VECTOR('',#5356,1.);
#5356 = DIRECTION('',(0.,5.551115123126E-16,-1.));
#5357 = ORIENTED_EDGE('',*,*,#4793,.F.);
#5358 = ORIENTED_EDGE('',*,*,#5225,.F.);
#5359 = ORIENTED_EDGE('',*,*,#5360,.F.);
#5360 = EDGE_CURVE('',#5361,#5226,#5363,.T.);
#5361 = VERTEX_POINT('',#5362);
#5362 = CARTESIAN_POINT('',(-0.15,-0.35,1.21));
#5363 = CIRCLE('',#5364,0.29);
#5364 = AXIS2_PLACEMENT_3D('',#5365,#5366,#5367);
#5365 = CARTESIAN_POINT('',(0.14,-0.35,1.21));
#5366 = DIRECTION('',(-0.,1.,3.330669073875E-16));
#5367 = DIRECTION('',(0.,-3.330669073875E-16,1.));
#5368 = ORIENTED_EDGE('',*,*,#5369,.F.);
#5369 = EDGE_CURVE('',#5370,#5361,#5372,.T.);
#5370 = VERTEX_POINT('',#5371);
#5371 = CARTESIAN_POINT('',(-0.15,-0.35,-0.457437037472));
#5372 = LINE('',#5373,#5374);
#5373 = CARTESIAN_POINT('',(-0.15,-0.35,-0.5));
#5374 = VECTOR('',#5375,1.);
#5375 = DIRECTION('',(0.,-5.551115123126E-16,1.));
#5376 = ORIENTED_EDGE('',*,*,#5377,.F.);
#5377 = EDGE_CURVE('',#5250,#5370,#5378,.T.);
#5378 = CIRCLE('',#5379,0.29);
#5379 = AXIS2_PLACEMENT_3D('',#5380,#5381,#5382);
#5380 = CARTESIAN_POINT('',(-0.44,-0.35,-0.457437037472));
#5381 = DIRECTION('',(0.,-1.,-3.330669073875E-16));
#5382 = DIRECTION('',(0.,-3.330669073875E-16,1.));
#5383 = PLANE('',#5384);
#5384 = AXIS2_PLACEMENT_3D('',#5385,#5386,#5387);
#5385 = CARTESIAN_POINT('',(-0.15,-0.35,-0.5));
#5386 = DIRECTION('',(1.64346021921E-31,-1.,-5.551115123126E-16));
#5387 = DIRECTION('',(0.,5.551115123126E-16,-1.));
#5388 = ADVANCED_FACE('',(#5389),#5533,.T.);
#5389 = FACE_BOUND('',#5390,.T.);
#5390 = EDGE_LOOP('',(#5391,#5401,#5410,#5418,#5427,#5435,#5443,#5451,
    #5460,#5468,#5477,#5485,#5494,#5500,#5501,#5509,#5518,#5526));
#5391 = ORIENTED_EDGE('',*,*,#5392,.T.);
#5392 = EDGE_CURVE('',#5393,#5395,#5397,.T.);
#5393 = VERTEX_POINT('',#5394);
#5394 = CARTESIAN_POINT('',(-0.162230377286,-4.85,-0.540767924286));
#5395 = VERTEX_POINT('',#5396);
#5396 = CARTESIAN_POINT('',(-0.425000733956,-4.85,-1.416669113186));
#5397 = LINE('',#5398,#5399);
#5398 = CARTESIAN_POINT('',(-0.15,-4.85,-0.5));
#5399 = VECTOR('',#5400,1.);
#5400 = DIRECTION('',(-0.287347885566,5.31700397722E-16,-0.957826285221)
  );
#5401 = ORIENTED_EDGE('',*,*,#5402,.T.);
#5402 = EDGE_CURVE('',#5395,#5403,#5405,.T.);
#5403 = VERTEX_POINT('',#5404);
#5404 = CARTESIAN_POINT('',(-0.425000733956,-4.85,-1.583330886814));
#5405 = CIRCLE('',#5406,0.29);
#5406 = AXIS2_PLACEMENT_3D('',#5407,#5408,#5409);
#5407 = CARTESIAN_POINT('',(-0.147231111242,-4.85,-1.5));
#5408 = DIRECTION('',(0.,-1.,-3.330669073875E-16));
#5409 = DIRECTION('',(0.,-3.330669073875E-16,1.));
#5410 = ORIENTED_EDGE('',*,*,#5411,.T.);
#5411 = EDGE_CURVE('',#5403,#5412,#5414,.T.);
#5412 = VERTEX_POINT('',#5413);
#5413 = CARTESIAN_POINT('',(-0.162230377286,-4.85,-2.459232075714));
#5414 = LINE('',#5415,#5416);
#5415 = CARTESIAN_POINT('',(-0.45,-4.85,-1.5));
#5416 = VECTOR('',#5417,1.);
#5417 = DIRECTION('',(0.287347885566,5.31700397722E-16,-0.957826285221)
  );
#5418 = ORIENTED_EDGE('',*,*,#5419,.F.);
#5419 = EDGE_CURVE('',#5420,#5412,#5422,.T.);
#5420 = VERTEX_POINT('',#5421);
#5421 = CARTESIAN_POINT('',(-0.15,-4.85,-2.542562962528));
#5422 = CIRCLE('',#5423,0.29);
#5423 = AXIS2_PLACEMENT_3D('',#5424,#5425,#5426);
#5424 = CARTESIAN_POINT('',(-0.44,-4.85,-2.542562962528));
#5425 = DIRECTION('',(0.,-1.,-3.330669073875E-16));
#5426 = DIRECTION('',(0.,-3.330669073875E-16,1.));
#5427 = ORIENTED_EDGE('',*,*,#5428,.F.);
#5428 = EDGE_CURVE('',#5429,#5420,#5431,.T.);
#5429 = VERTEX_POINT('',#5430);
#5430 = CARTESIAN_POINT('',(-0.15,-4.85,-3.5));
#5431 = LINE('',#5432,#5433);
#5432 = CARTESIAN_POINT('',(-0.15,-4.85,-3.5));
#5433 = VECTOR('',#5434,1.);
#5434 = DIRECTION('',(0.,-5.551115123126E-16,1.));
#5435 = ORIENTED_EDGE('',*,*,#5436,.F.);
#5436 = EDGE_CURVE('',#5437,#5429,#5439,.T.);
#5437 = VERTEX_POINT('',#5438);
#5438 = CARTESIAN_POINT('',(0.15,-4.85,-3.5));
#5439 = LINE('',#5440,#5441);
#5440 = CARTESIAN_POINT('',(0.15,-4.85,-3.5));
#5441 = VECTOR('',#5442,1.);
#5442 = DIRECTION('',(-1.,-0.,0.));
#5443 = ORIENTED_EDGE('',*,*,#5444,.F.);
#5444 = EDGE_CURVE('',#5445,#5437,#5447,.T.);
#5445 = VERTEX_POINT('',#5446);
#5446 = CARTESIAN_POINT('',(0.15,-4.85,-2.542562962528));
#5447 = LINE('',#5448,#5449);
#5448 = CARTESIAN_POINT('',(0.15,-4.85,-2.5));
#5449 = VECTOR('',#5450,1.);
#5450 = DIRECTION('',(0.,5.551115123126E-16,-1.));
#5451 = ORIENTED_EDGE('',*,*,#5452,.F.);
#5452 = EDGE_CURVE('',#5453,#5445,#5455,.T.);
#5453 = VERTEX_POINT('',#5454);
#5454 = CARTESIAN_POINT('',(0.137769622714,-4.85,-2.459232075714));
#5455 = CIRCLE('',#5456,0.29);
#5456 = AXIS2_PLACEMENT_3D('',#5457,#5458,#5459);
#5457 = CARTESIAN_POINT('',(-0.14,-4.85,-2.542562962528));
#5458 = DIRECTION('',(-0.,1.,3.330669073875E-16));
#5459 = DIRECTION('',(0.,-3.330669073875E-16,1.));
#5460 = ORIENTED_EDGE('',*,*,#5461,.T.);
#5461 = EDGE_CURVE('',#5453,#5462,#5464,.T.);
#5462 = VERTEX_POINT('',#5463);
#5463 = CARTESIAN_POINT('',(-0.125000733956,-4.85,-1.583330886814));
#5464 = LINE('',#5465,#5466);
#5465 = CARTESIAN_POINT('',(0.15,-4.85,-2.5));
#5466 = VECTOR('',#5467,1.);
#5467 = DIRECTION('',(-0.287347885566,-5.31700397722E-16,0.957826285221)
  );
#5468 = ORIENTED_EDGE('',*,*,#5469,.F.);
#5469 = EDGE_CURVE('',#5470,#5462,#5472,.T.);
#5470 = VERTEX_POINT('',#5471);
#5471 = CARTESIAN_POINT('',(-0.125000733956,-4.85,-1.416669113186));
#5472 = CIRCLE('',#5473,0.29);
#5473 = AXIS2_PLACEMENT_3D('',#5474,#5475,#5476);
#5474 = CARTESIAN_POINT('',(0.152768888758,-4.85,-1.5));
#5475 = DIRECTION('',(0.,-1.,-3.330669073875E-16));
#5476 = DIRECTION('',(0.,-3.330669073875E-16,1.));
#5477 = ORIENTED_EDGE('',*,*,#5478,.T.);
#5478 = EDGE_CURVE('',#5470,#5479,#5481,.T.);
#5479 = VERTEX_POINT('',#5480);
#5480 = CARTESIAN_POINT('',(0.137769622714,-4.85,-0.540767924286));
#5481 = LINE('',#5482,#5483);
#5482 = CARTESIAN_POINT('',(-0.15,-4.85,-1.5));
#5483 = VECTOR('',#5484,1.);
#5484 = DIRECTION('',(0.287347885566,-5.31700397722E-16,0.957826285221)
  );
#5485 = ORIENTED_EDGE('',*,*,#5486,.F.);
#5486 = EDGE_CURVE('',#5487,#5479,#5489,.T.);
#5487 = VERTEX_POINT('',#5488);
#5488 = CARTESIAN_POINT('',(0.15,-4.85,-0.457437037472));
#5489 = CIRCLE('',#5490,0.29);
#5490 = AXIS2_PLACEMENT_3D('',#5491,#5492,#5493);
#5491 = CARTESIAN_POINT('',(-0.14,-4.85,-0.457437037472));
#5492 = DIRECTION('',(-0.,1.,3.330669073875E-16));
#5493 = DIRECTION('',(0.,-3.330669073875E-16,1.));
#5494 = ORIENTED_EDGE('',*,*,#5495,.F.);
#5495 = EDGE_CURVE('',#4754,#5487,#5496,.T.);
#5496 = LINE('',#5497,#5498);
#5497 = CARTESIAN_POINT('',(0.15,-4.85,1.5));
#5498 = VECTOR('',#5499,1.);
#5499 = DIRECTION('',(0.,5.551115123126E-16,-1.));
#5500 = ORIENTED_EDGE('',*,*,#4761,.F.);
#5501 = ORIENTED_EDGE('',*,*,#5502,.F.);
#5502 = EDGE_CURVE('',#5503,#4762,#5505,.T.);
#5503 = VERTEX_POINT('',#5504);
#5504 = CARTESIAN_POINT('',(0.14,-4.85,1.5));
#5505 = LINE('',#5506,#5507);
#5506 = CARTESIAN_POINT('',(-0.15,-4.85,1.5));
#5507 = VECTOR('',#5508,1.);
#5508 = DIRECTION('',(1.,0.,0.));
#5509 = ORIENTED_EDGE('',*,*,#5510,.F.);
#5510 = EDGE_CURVE('',#5511,#5503,#5513,.T.);
#5511 = VERTEX_POINT('',#5512);
#5512 = CARTESIAN_POINT('',(-0.15,-4.85,1.21));
#5513 = CIRCLE('',#5514,0.29);
#5514 = AXIS2_PLACEMENT_3D('',#5515,#5516,#5517);
#5515 = CARTESIAN_POINT('',(0.14,-4.85,1.21));
#5516 = DIRECTION('',(-0.,1.,3.330669073875E-16));
#5517 = DIRECTION('',(0.,-3.330669073875E-16,1.));
#5518 = ORIENTED_EDGE('',*,*,#5519,.F.);
#5519 = EDGE_CURVE('',#5520,#5511,#5522,.T.);
#5520 = VERTEX_POINT('',#5521);
#5521 = CARTESIAN_POINT('',(-0.15,-4.85,-0.457437037472));
#5522 = LINE('',#5523,#5524);
#5523 = CARTESIAN_POINT('',(-0.15,-4.85,-0.5));
#5524 = VECTOR('',#5525,1.);
#5525 = DIRECTION('',(0.,-5.551115123126E-16,1.));
#5526 = ORIENTED_EDGE('',*,*,#5527,.F.);
#5527 = EDGE_CURVE('',#5393,#5520,#5528,.T.);
#5528 = CIRCLE('',#5529,0.29);
#5529 = AXIS2_PLACEMENT_3D('',#5530,#5531,#5532);
#5530 = CARTESIAN_POINT('',(-0.44,-4.85,-0.457437037472));
#5531 = DIRECTION('',(0.,-1.,-3.330669073875E-16));
#5532 = DIRECTION('',(0.,-3.330669073875E-16,1.));
#5533 = PLANE('',#5534);
#5534 = AXIS2_PLACEMENT_3D('',#5535,#5536,#5537);
#5535 = CARTESIAN_POINT('',(-0.15,-4.85,-0.5));
#5536 = DIRECTION('',(0.,-1.,-3.330669073875E-16));
#5537 = DIRECTION('',(0.,3.330669073875E-16,-1.));
#5538 = ADVANCED_FACE('',(#5539),#5683,.F.);
#5539 = FACE_BOUND('',#5540,.F.);
#5540 = EDGE_LOOP('',(#5541,#5551,#5560,#5568,#5577,#5585,#5593,#5601,
    #5610,#5618,#5627,#5635,#5644,#5650,#5651,#5659,#5668,#5676));
#5541 = ORIENTED_EDGE('',*,*,#5542,.T.);
#5542 = EDGE_CURVE('',#5543,#5545,#5547,.T.);
#5543 = VERTEX_POINT('',#5544);
#5544 = CARTESIAN_POINT('',(-0.162230377286,-4.15,-0.540767924286));
#5545 = VERTEX_POINT('',#5546);
#5546 = CARTESIAN_POINT('',(-0.425000733956,-4.15,-1.416669113186));
#5547 = LINE('',#5548,#5549);
#5548 = CARTESIAN_POINT('',(-0.15,-4.15,-0.5));
#5549 = VECTOR('',#5550,1.);
#5550 = DIRECTION('',(-0.287347885566,5.31700397722E-16,-0.957826285221)
  );
#5551 = ORIENTED_EDGE('',*,*,#5552,.T.);
#5552 = EDGE_CURVE('',#5545,#5553,#5555,.T.);
#5553 = VERTEX_POINT('',#5554);
#5554 = CARTESIAN_POINT('',(-0.425000733956,-4.15,-1.583330886814));
#5555 = CIRCLE('',#5556,0.29);
#5556 = AXIS2_PLACEMENT_3D('',#5557,#5558,#5559);
#5557 = CARTESIAN_POINT('',(-0.147231111242,-4.15,-1.5));
#5558 = DIRECTION('',(0.,-1.,-3.330669073875E-16));
#5559 = DIRECTION('',(0.,-3.330669073875E-16,1.));
#5560 = ORIENTED_EDGE('',*,*,#5561,.T.);
#5561 = EDGE_CURVE('',#5553,#5562,#5564,.T.);
#5562 = VERTEX_POINT('',#5563);
#5563 = CARTESIAN_POINT('',(-0.162230377286,-4.15,-2.459232075714));
#5564 = LINE('',#5565,#5566);
#5565 = CARTESIAN_POINT('',(-0.45,-4.15,-1.5));
#5566 = VECTOR('',#5567,1.);
#5567 = DIRECTION('',(0.287347885566,5.31700397722E-16,-0.957826285221)
  );
#5568 = ORIENTED_EDGE('',*,*,#5569,.F.);
#5569 = EDGE_CURVE('',#5570,#5562,#5572,.T.);
#5570 = VERTEX_POINT('',#5571);
#5571 = CARTESIAN_POINT('',(-0.15,-4.15,-2.542562962528));
#5572 = CIRCLE('',#5573,0.29);
#5573 = AXIS2_PLACEMENT_3D('',#5574,#5575,#5576);
#5574 = CARTESIAN_POINT('',(-0.44,-4.15,-2.542562962528));
#5575 = DIRECTION('',(0.,-1.,-3.330669073875E-16));
#5576 = DIRECTION('',(0.,-3.330669073875E-16,1.));
#5577 = ORIENTED_EDGE('',*,*,#5578,.F.);
#5578 = EDGE_CURVE('',#5579,#5570,#5581,.T.);
#5579 = VERTEX_POINT('',#5580);
#5580 = CARTESIAN_POINT('',(-0.15,-4.15,-3.5));
#5581 = LINE('',#5582,#5583);
#5582 = CARTESIAN_POINT('',(-0.15,-4.15,-3.5));
#5583 = VECTOR('',#5584,1.);
#5584 = DIRECTION('',(0.,-5.551115123126E-16,1.));
#5585 = ORIENTED_EDGE('',*,*,#5586,.F.);
#5586 = EDGE_CURVE('',#5587,#5579,#5589,.T.);
#5587 = VERTEX_POINT('',#5588);
#5588 = CARTESIAN_POINT('',(0.15,-4.15,-3.5));
#5589 = LINE('',#5590,#5591);
#5590 = CARTESIAN_POINT('',(0.15,-4.15,-3.5));
#5591 = VECTOR('',#5592,1.);
#5592 = DIRECTION('',(-1.,-0.,0.));
#5593 = ORIENTED_EDGE('',*,*,#5594,.F.);
#5594 = EDGE_CURVE('',#5595,#5587,#5597,.T.);
#5595 = VERTEX_POINT('',#5596);
#5596 = CARTESIAN_POINT('',(0.15,-4.15,-2.542562962528));
#5597 = LINE('',#5598,#5599);
#5598 = CARTESIAN_POINT('',(0.15,-4.15,-2.5));
#5599 = VECTOR('',#5600,1.);
#5600 = DIRECTION('',(0.,5.551115123126E-16,-1.));
#5601 = ORIENTED_EDGE('',*,*,#5602,.F.);
#5602 = EDGE_CURVE('',#5603,#5595,#5605,.T.);
#5603 = VERTEX_POINT('',#5604);
#5604 = CARTESIAN_POINT('',(0.137769622714,-4.15,-2.459232075714));
#5605 = CIRCLE('',#5606,0.29);
#5606 = AXIS2_PLACEMENT_3D('',#5607,#5608,#5609);
#5607 = CARTESIAN_POINT('',(-0.14,-4.15,-2.542562962528));
#5608 = DIRECTION('',(-0.,1.,3.330669073875E-16));
#5609 = DIRECTION('',(0.,-3.330669073875E-16,1.));
#5610 = ORIENTED_EDGE('',*,*,#5611,.T.);
#5611 = EDGE_CURVE('',#5603,#5612,#5614,.T.);
#5612 = VERTEX_POINT('',#5613);
#5613 = CARTESIAN_POINT('',(-0.125000733956,-4.15,-1.583330886814));
#5614 = LINE('',#5615,#5616);
#5615 = CARTESIAN_POINT('',(0.15,-4.15,-2.5));
#5616 = VECTOR('',#5617,1.);
#5617 = DIRECTION('',(-0.287347885566,-5.31700397722E-16,0.957826285221)
  );
#5618 = ORIENTED_EDGE('',*,*,#5619,.F.);
#5619 = EDGE_CURVE('',#5620,#5612,#5622,.T.);
#5620 = VERTEX_POINT('',#5621);
#5621 = CARTESIAN_POINT('',(-0.125000733956,-4.15,-1.416669113186));
#5622 = CIRCLE('',#5623,0.29);
#5623 = AXIS2_PLACEMENT_3D('',#5624,#5625,#5626);
#5624 = CARTESIAN_POINT('',(0.152768888758,-4.15,-1.5));
#5625 = DIRECTION('',(0.,-1.,-3.330669073875E-16));
#5626 = DIRECTION('',(0.,-3.330669073875E-16,1.));
#5627 = ORIENTED_EDGE('',*,*,#5628,.T.);
#5628 = EDGE_CURVE('',#5620,#5629,#5631,.T.);
#5629 = VERTEX_POINT('',#5630);
#5630 = CARTESIAN_POINT('',(0.137769622714,-4.15,-0.540767924286));
#5631 = LINE('',#5632,#5633);
#5632 = CARTESIAN_POINT('',(-0.15,-4.15,-1.5));
#5633 = VECTOR('',#5634,1.);
#5634 = DIRECTION('',(0.287347885566,-5.31700397722E-16,0.957826285221)
  );
#5635 = ORIENTED_EDGE('',*,*,#5636,.F.);
#5636 = EDGE_CURVE('',#5637,#5629,#5639,.T.);
#5637 = VERTEX_POINT('',#5638);
#5638 = CARTESIAN_POINT('',(0.15,-4.15,-0.457437037472));
#5639 = CIRCLE('',#5640,0.29);
#5640 = AXIS2_PLACEMENT_3D('',#5641,#5642,#5643);
#5641 = CARTESIAN_POINT('',(-0.14,-4.15,-0.457437037472));
#5642 = DIRECTION('',(-0.,1.,3.330669073875E-16));
#5643 = DIRECTION('',(0.,-3.330669073875E-16,1.));
#5644 = ORIENTED_EDGE('',*,*,#5645,.F.);
#5645 = EDGE_CURVE('',#4778,#5637,#5646,.T.);
#5646 = LINE('',#5647,#5648);
#5647 = CARTESIAN_POINT('',(0.15,-4.15,1.5));
#5648 = VECTOR('',#5649,1.);
#5649 = DIRECTION('',(0.,5.551115123126E-16,-1.));
#5650 = ORIENTED_EDGE('',*,*,#4777,.F.);
#5651 = ORIENTED_EDGE('',*,*,#5652,.F.);
#5652 = EDGE_CURVE('',#5653,#4770,#5655,.T.);
#5653 = VERTEX_POINT('',#5654);
#5654 = CARTESIAN_POINT('',(0.14,-4.15,1.5));
#5655 = LINE('',#5656,#5657);
#5656 = CARTESIAN_POINT('',(-0.15,-4.15,1.5));
#5657 = VECTOR('',#5658,1.);
#5658 = DIRECTION('',(1.,0.,0.));
#5659 = ORIENTED_EDGE('',*,*,#5660,.F.);
#5660 = EDGE_CURVE('',#5661,#5653,#5663,.T.);
#5661 = VERTEX_POINT('',#5662);
#5662 = CARTESIAN_POINT('',(-0.15,-4.15,1.21));
#5663 = CIRCLE('',#5664,0.29);
#5664 = AXIS2_PLACEMENT_3D('',#5665,#5666,#5667);
#5665 = CARTESIAN_POINT('',(0.14,-4.15,1.21));
#5666 = DIRECTION('',(-0.,1.,3.330669073875E-16));
#5667 = DIRECTION('',(0.,-3.330669073875E-16,1.));
#5668 = ORIENTED_EDGE('',*,*,#5669,.F.);
#5669 = EDGE_CURVE('',#5670,#5661,#5672,.T.);
#5670 = VERTEX_POINT('',#5671);
#5671 = CARTESIAN_POINT('',(-0.15,-4.15,-0.457437037472));
#5672 = LINE('',#5673,#5674);
#5673 = CARTESIAN_POINT('',(-0.15,-4.15,-0.5));
#5674 = VECTOR('',#5675,1.);
#5675 = DIRECTION('',(0.,-5.551115123126E-16,1.));
#5676 = ORIENTED_EDGE('',*,*,#5677,.F.);
#5677 = EDGE_CURVE('',#5543,#5670,#5678,.T.);
#5678 = CIRCLE('',#5679,0.29);
#5679 = AXIS2_PLACEMENT_3D('',#5680,#5681,#5682);
#5680 = CARTESIAN_POINT('',(-0.44,-4.15,-0.457437037472));
#5681 = DIRECTION('',(0.,-1.,-3.330669073875E-16));
#5682 = DIRECTION('',(0.,-3.330669073875E-16,1.));
#5683 = PLANE('',#5684);
#5684 = AXIS2_PLACEMENT_3D('',#5685,#5686,#5687);
#5685 = CARTESIAN_POINT('',(-0.15,-4.15,-0.5));
#5686 = DIRECTION('',(0.,-1.,-3.330669073875E-16));
#5687 = DIRECTION('',(0.,3.330669073875E-16,-1.));
#5688 = ADVANCED_FACE('',(#5689),#5700,.F.);
#5689 = FACE_BOUND('',#5690,.F.);
#5690 = EDGE_LOOP('',(#5691,#5692,#5698,#5699));
#5691 = ORIENTED_EDGE('',*,*,#5502,.F.);
#5692 = ORIENTED_EDGE('',*,*,#5693,.T.);
#5693 = EDGE_CURVE('',#5503,#5653,#5694,.T.);
#5694 = LINE('',#5695,#5696);
#5695 = CARTESIAN_POINT('',(0.14,-4.85,1.5));
#5696 = VECTOR('',#5697,1.);
#5697 = DIRECTION('',(0.,1.,3.330669073875E-16));
#5698 = ORIENTED_EDGE('',*,*,#5652,.T.);
#5699 = ORIENTED_EDGE('',*,*,#4769,.F.);
#5700 = PLANE('',#5701);
#5701 = AXIS2_PLACEMENT_3D('',#5702,#5703,#5704);
#5702 = CARTESIAN_POINT('',(-0.15,-4.85,1.5));
#5703 = DIRECTION('',(0.,3.330669073875E-16,-1.));
#5704 = DIRECTION('',(1.,0.,0.));
#5705 = ADVANCED_FACE('',(#5706),#5850,.F.);
#5706 = FACE_BOUND('',#5707,.F.);
#5707 = EDGE_LOOP('',(#5708,#5718,#5727,#5735,#5744,#5752,#5760,#5768,
    #5777,#5785,#5794,#5802,#5811,#5817,#5818,#5826,#5835,#5843));
#5708 = ORIENTED_EDGE('',*,*,#5709,.T.);
#5709 = EDGE_CURVE('',#5710,#5712,#5714,.T.);
#5710 = VERTEX_POINT('',#5711);
#5711 = CARTESIAN_POINT('',(6.462230377286,-4.85,-0.540767924286));
#5712 = VERTEX_POINT('',#5713);
#5713 = CARTESIAN_POINT('',(6.725000733956,-4.85,-1.416669113186));
#5714 = LINE('',#5715,#5716);
#5715 = CARTESIAN_POINT('',(6.45,-4.85,-0.5));
#5716 = VECTOR('',#5717,1.);
#5717 = DIRECTION('',(0.287347885566,5.31700397722E-16,-0.957826285221)
  );
#5718 = ORIENTED_EDGE('',*,*,#5719,.T.);
#5719 = EDGE_CURVE('',#5712,#5720,#5722,.T.);
#5720 = VERTEX_POINT('',#5721);
#5721 = CARTESIAN_POINT('',(6.725000733956,-4.85,-1.583330886814));
#5722 = CIRCLE('',#5723,0.29);
#5723 = AXIS2_PLACEMENT_3D('',#5724,#5725,#5726);
#5724 = CARTESIAN_POINT('',(6.447231111242,-4.85,-1.5));
#5725 = DIRECTION('',(-0.,1.,3.330669073875E-16));
#5726 = DIRECTION('',(0.,-3.330669073875E-16,1.));
#5727 = ORIENTED_EDGE('',*,*,#5728,.T.);
#5728 = EDGE_CURVE('',#5720,#5729,#5731,.T.);
#5729 = VERTEX_POINT('',#5730);
#5730 = CARTESIAN_POINT('',(6.462230377286,-4.85,-2.459232075714));
#5731 = LINE('',#5732,#5733);
#5732 = CARTESIAN_POINT('',(6.75,-4.85,-1.5));
#5733 = VECTOR('',#5734,1.);
#5734 = DIRECTION('',(-0.287347885566,5.31700397722E-16,-0.957826285221)
  );
#5735 = ORIENTED_EDGE('',*,*,#5736,.F.);
#5736 = EDGE_CURVE('',#5737,#5729,#5739,.T.);
#5737 = VERTEX_POINT('',#5738);
#5738 = CARTESIAN_POINT('',(6.45,-4.85,-2.542562962528));
#5739 = CIRCLE('',#5740,0.29);
#5740 = AXIS2_PLACEMENT_3D('',#5741,#5742,#5743);
#5741 = CARTESIAN_POINT('',(6.74,-4.85,-2.542562962528));
#5742 = DIRECTION('',(-0.,1.,3.330669073875E-16));
#5743 = DIRECTION('',(0.,-3.330669073875E-16,1.));
#5744 = ORIENTED_EDGE('',*,*,#5745,.F.);
#5745 = EDGE_CURVE('',#5746,#5737,#5748,.T.);
#5746 = VERTEX_POINT('',#5747);
#5747 = CARTESIAN_POINT('',(6.45,-4.85,-3.5));
#5748 = LINE('',#5749,#5750);
#5749 = CARTESIAN_POINT('',(6.45,-4.85,-3.5));
#5750 = VECTOR('',#5751,1.);
#5751 = DIRECTION('',(0.,-5.551115123126E-16,1.));
#5752 = ORIENTED_EDGE('',*,*,#5753,.F.);
#5753 = EDGE_CURVE('',#5754,#5746,#5756,.T.);
#5754 = VERTEX_POINT('',#5755);
#5755 = CARTESIAN_POINT('',(6.15,-4.85,-3.5));
#5756 = LINE('',#5757,#5758);
#5757 = CARTESIAN_POINT('',(6.15,-4.85,-3.5));
#5758 = VECTOR('',#5759,1.);
#5759 = DIRECTION('',(1.,0.,0.));
#5760 = ORIENTED_EDGE('',*,*,#5761,.F.);
#5761 = EDGE_CURVE('',#5762,#5754,#5764,.T.);
#5762 = VERTEX_POINT('',#5763);
#5763 = CARTESIAN_POINT('',(6.15,-4.85,-2.542562962528));
#5764 = LINE('',#5765,#5766);
#5765 = CARTESIAN_POINT('',(6.15,-4.85,-2.5));
#5766 = VECTOR('',#5767,1.);
#5767 = DIRECTION('',(0.,5.551115123126E-16,-1.));
#5768 = ORIENTED_EDGE('',*,*,#5769,.F.);
#5769 = EDGE_CURVE('',#5770,#5762,#5772,.T.);
#5770 = VERTEX_POINT('',#5771);
#5771 = CARTESIAN_POINT('',(6.162230377286,-4.85,-2.459232075714));
#5772 = CIRCLE('',#5773,0.29);
#5773 = AXIS2_PLACEMENT_3D('',#5774,#5775,#5776);
#5774 = CARTESIAN_POINT('',(6.44,-4.85,-2.542562962528));
#5775 = DIRECTION('',(0.,-1.,-3.330669073875E-16));
#5776 = DIRECTION('',(0.,-3.330669073875E-16,1.));
#5777 = ORIENTED_EDGE('',*,*,#5778,.T.);
#5778 = EDGE_CURVE('',#5770,#5779,#5781,.T.);
#5779 = VERTEX_POINT('',#5780);
#5780 = CARTESIAN_POINT('',(6.425000733956,-4.85,-1.583330886814));
#5781 = LINE('',#5782,#5783);
#5782 = CARTESIAN_POINT('',(6.15,-4.85,-2.5));
#5783 = VECTOR('',#5784,1.);
#5784 = DIRECTION('',(0.287347885566,-5.31700397722E-16,0.957826285221)
  );
#5785 = ORIENTED_EDGE('',*,*,#5786,.F.);
#5786 = EDGE_CURVE('',#5787,#5779,#5789,.T.);
#5787 = VERTEX_POINT('',#5788);
#5788 = CARTESIAN_POINT('',(6.425000733956,-4.85,-1.416669113186));
#5789 = CIRCLE('',#5790,0.29);
#5790 = AXIS2_PLACEMENT_3D('',#5791,#5792,#5793);
#5791 = CARTESIAN_POINT('',(6.147231111242,-4.85,-1.5));
#5792 = DIRECTION('',(-0.,1.,3.330669073875E-16));
#5793 = DIRECTION('',(0.,-3.330669073875E-16,1.));
#5794 = ORIENTED_EDGE('',*,*,#5795,.T.);
#5795 = EDGE_CURVE('',#5787,#5796,#5798,.T.);
#5796 = VERTEX_POINT('',#5797);
#5797 = CARTESIAN_POINT('',(6.162230377286,-4.85,-0.540767924286));
#5798 = LINE('',#5799,#5800);
#5799 = CARTESIAN_POINT('',(6.45,-4.85,-1.5));
#5800 = VECTOR('',#5801,1.);
#5801 = DIRECTION('',(-0.287347885566,-5.31700397722E-16,0.957826285221)
  );
#5802 = ORIENTED_EDGE('',*,*,#5803,.F.);
#5803 = EDGE_CURVE('',#5804,#5796,#5806,.T.);
#5804 = VERTEX_POINT('',#5805);
#5805 = CARTESIAN_POINT('',(6.15,-4.85,-0.457437037472));
#5806 = CIRCLE('',#5807,0.29);
#5807 = AXIS2_PLACEMENT_3D('',#5808,#5809,#5810);
#5808 = CARTESIAN_POINT('',(6.44,-4.85,-0.457437037472));
#5809 = DIRECTION('',(0.,-1.,-3.330669073875E-16));
#5810 = DIRECTION('',(0.,-3.330669073875E-16,1.));
#5811 = ORIENTED_EDGE('',*,*,#5812,.F.);
#5812 = EDGE_CURVE('',#4824,#5804,#5813,.T.);
#5813 = LINE('',#5814,#5815);
#5814 = CARTESIAN_POINT('',(6.15,-4.85,1.5));
#5815 = VECTOR('',#5816,1.);
#5816 = DIRECTION('',(0.,5.551115123126E-16,-1.));
#5817 = ORIENTED_EDGE('',*,*,#4897,.F.);
#5818 = ORIENTED_EDGE('',*,*,#5819,.F.);
#5819 = EDGE_CURVE('',#5820,#4890,#5822,.T.);
#5820 = VERTEX_POINT('',#5821);
#5821 = CARTESIAN_POINT('',(6.16,-4.85,1.5));
#5822 = LINE('',#5823,#5824);
#5823 = CARTESIAN_POINT('',(6.45,-4.85,1.5));
#5824 = VECTOR('',#5825,1.);
#5825 = DIRECTION('',(-1.,-0.,0.));
#5826 = ORIENTED_EDGE('',*,*,#5827,.F.);
#5827 = EDGE_CURVE('',#5828,#5820,#5830,.T.);
#5828 = VERTEX_POINT('',#5829);
#5829 = CARTESIAN_POINT('',(6.45,-4.85,1.21));
#5830 = CIRCLE('',#5831,0.29);
#5831 = AXIS2_PLACEMENT_3D('',#5832,#5833,#5834);
#5832 = CARTESIAN_POINT('',(6.16,-4.85,1.21));
#5833 = DIRECTION('',(0.,-1.,-3.330669073875E-16));
#5834 = DIRECTION('',(0.,-3.330669073875E-16,1.));
#5835 = ORIENTED_EDGE('',*,*,#5836,.F.);
#5836 = EDGE_CURVE('',#5837,#5828,#5839,.T.);
#5837 = VERTEX_POINT('',#5838);
#5838 = CARTESIAN_POINT('',(6.45,-4.85,-0.457437037472));
#5839 = LINE('',#5840,#5841);
#5840 = CARTESIAN_POINT('',(6.45,-4.85,-0.5));
#5841 = VECTOR('',#5842,1.);
#5842 = DIRECTION('',(0.,-5.551115123126E-16,1.));
#5843 = ORIENTED_EDGE('',*,*,#5844,.F.);
#5844 = EDGE_CURVE('',#5710,#5837,#5845,.T.);
#5845 = CIRCLE('',#5846,0.29);
#5846 = AXIS2_PLACEMENT_3D('',#5847,#5848,#5849);
#5847 = CARTESIAN_POINT('',(6.74,-4.85,-0.457437037472));
#5848 = DIRECTION('',(-0.,1.,3.330669073875E-16));
#5849 = DIRECTION('',(0.,-3.330669073875E-16,1.));
#5850 = PLANE('',#5851);
#5851 = AXIS2_PLACEMENT_3D('',#5852,#5853,#5854);
#5852 = CARTESIAN_POINT('',(6.45,-4.85,-0.5));
#5853 = DIRECTION('',(0.,1.,3.330669073875E-16));
#5854 = DIRECTION('',(0.,-3.330669073875E-16,1.));
#5855 = ADVANCED_FACE('',(#5856),#5874,.T.);
#5856 = FACE_BOUND('',#5857,.T.);
#5857 = EDGE_LOOP('',(#5858,#5859,#5867,#5873));
#5858 = ORIENTED_EDGE('',*,*,#5819,.F.);
#5859 = ORIENTED_EDGE('',*,*,#5860,.T.);
#5860 = EDGE_CURVE('',#5820,#5861,#5863,.T.);
#5861 = VERTEX_POINT('',#5862);
#5862 = CARTESIAN_POINT('',(6.16,-4.15,1.5));
#5863 = LINE('',#5864,#5865);
#5864 = CARTESIAN_POINT('',(6.16,-4.85,1.5));
#5865 = VECTOR('',#5866,1.);
#5866 = DIRECTION('',(0.,1.,3.330669073875E-16));
#5867 = ORIENTED_EDGE('',*,*,#5868,.T.);
#5868 = EDGE_CURVE('',#5861,#4882,#5869,.T.);
#5869 = LINE('',#5870,#5871);
#5870 = CARTESIAN_POINT('',(6.45,-4.15,1.5));
#5871 = VECTOR('',#5872,1.);
#5872 = DIRECTION('',(-1.,-0.,0.));
#5873 = ORIENTED_EDGE('',*,*,#4889,.F.);
#5874 = PLANE('',#5875);
#5875 = AXIS2_PLACEMENT_3D('',#5876,#5877,#5878);
#5876 = CARTESIAN_POINT('',(6.45,-4.85,1.5));
#5877 = DIRECTION('',(0.,-3.330669073875E-16,1.));
#5878 = DIRECTION('',(-1.,0.,0.));
#5879 = ADVANCED_FACE('',(#5880),#6017,.T.);
#5880 = FACE_BOUND('',#5881,.T.);
#5881 = EDGE_LOOP('',(#5882,#5892,#5901,#5909,#5918,#5926,#5934,#5942,
    #5951,#5959,#5968,#5976,#5985,#5991,#5992,#5993,#6002,#6010));
#5882 = ORIENTED_EDGE('',*,*,#5883,.T.);
#5883 = EDGE_CURVE('',#5884,#5886,#5888,.T.);
#5884 = VERTEX_POINT('',#5885);
#5885 = CARTESIAN_POINT('',(6.462230377286,-4.15,-0.540767924286));
#5886 = VERTEX_POINT('',#5887);
#5887 = CARTESIAN_POINT('',(6.725000733956,-4.15,-1.416669113186));
#5888 = LINE('',#5889,#5890);
#5889 = CARTESIAN_POINT('',(6.45,-4.15,-0.5));
#5890 = VECTOR('',#5891,1.);
#5891 = DIRECTION('',(0.287347885566,5.31700397722E-16,-0.957826285221)
  );
#5892 = ORIENTED_EDGE('',*,*,#5893,.T.);
#5893 = EDGE_CURVE('',#5886,#5894,#5896,.T.);
#5894 = VERTEX_POINT('',#5895);
#5895 = CARTESIAN_POINT('',(6.725000733956,-4.15,-1.583330886814));
#5896 = CIRCLE('',#5897,0.29);
#5897 = AXIS2_PLACEMENT_3D('',#5898,#5899,#5900);
#5898 = CARTESIAN_POINT('',(6.447231111242,-4.15,-1.5));
#5899 = DIRECTION('',(-0.,1.,3.330669073875E-16));
#5900 = DIRECTION('',(0.,-3.330669073875E-16,1.));
#5901 = ORIENTED_EDGE('',*,*,#5902,.T.);
#5902 = EDGE_CURVE('',#5894,#5903,#5905,.T.);
#5903 = VERTEX_POINT('',#5904);
#5904 = CARTESIAN_POINT('',(6.462230377286,-4.15,-2.459232075714));
#5905 = LINE('',#5906,#5907);
#5906 = CARTESIAN_POINT('',(6.75,-4.15,-1.5));
#5907 = VECTOR('',#5908,1.);
#5908 = DIRECTION('',(-0.287347885566,5.31700397722E-16,-0.957826285221)
  );
#5909 = ORIENTED_EDGE('',*,*,#5910,.F.);
#5910 = EDGE_CURVE('',#5911,#5903,#5913,.T.);
#5911 = VERTEX_POINT('',#5912);
#5912 = CARTESIAN_POINT('',(6.45,-4.15,-2.542562962528));
#5913 = CIRCLE('',#5914,0.29);
#5914 = AXIS2_PLACEMENT_3D('',#5915,#5916,#5917);
#5915 = CARTESIAN_POINT('',(6.74,-4.15,-2.542562962528));
#5916 = DIRECTION('',(-0.,1.,3.330669073875E-16));
#5917 = DIRECTION('',(0.,-3.330669073875E-16,1.));
#5918 = ORIENTED_EDGE('',*,*,#5919,.F.);
#5919 = EDGE_CURVE('',#5920,#5911,#5922,.T.);
#5920 = VERTEX_POINT('',#5921);
#5921 = CARTESIAN_POINT('',(6.45,-4.15,-3.5));
#5922 = LINE('',#5923,#5924);
#5923 = CARTESIAN_POINT('',(6.45,-4.15,-3.5));
#5924 = VECTOR('',#5925,1.);
#5925 = DIRECTION('',(0.,-5.551115123126E-16,1.));
#5926 = ORIENTED_EDGE('',*,*,#5927,.F.);
#5927 = EDGE_CURVE('',#5928,#5920,#5930,.T.);
#5928 = VERTEX_POINT('',#5929);
#5929 = CARTESIAN_POINT('',(6.15,-4.15,-3.5));
#5930 = LINE('',#5931,#5932);
#5931 = CARTESIAN_POINT('',(6.15,-4.15,-3.5));
#5932 = VECTOR('',#5933,1.);
#5933 = DIRECTION('',(1.,0.,0.));
#5934 = ORIENTED_EDGE('',*,*,#5935,.F.);
#5935 = EDGE_CURVE('',#5936,#5928,#5938,.T.);
#5936 = VERTEX_POINT('',#5937);
#5937 = CARTESIAN_POINT('',(6.15,-4.15,-2.542562962528));
#5938 = LINE('',#5939,#5940);
#5939 = CARTESIAN_POINT('',(6.15,-4.15,-2.5));
#5940 = VECTOR('',#5941,1.);
#5941 = DIRECTION('',(0.,5.551115123126E-16,-1.));
#5942 = ORIENTED_EDGE('',*,*,#5943,.F.);
#5943 = EDGE_CURVE('',#5944,#5936,#5946,.T.);
#5944 = VERTEX_POINT('',#5945);
#5945 = CARTESIAN_POINT('',(6.162230377286,-4.15,-2.459232075714));
#5946 = CIRCLE('',#5947,0.29);
#5947 = AXIS2_PLACEMENT_3D('',#5948,#5949,#5950);
#5948 = CARTESIAN_POINT('',(6.44,-4.15,-2.542562962528));
#5949 = DIRECTION('',(0.,-1.,-3.330669073875E-16));
#5950 = DIRECTION('',(0.,-3.330669073875E-16,1.));
#5951 = ORIENTED_EDGE('',*,*,#5952,.T.);
#5952 = EDGE_CURVE('',#5944,#5953,#5955,.T.);
#5953 = VERTEX_POINT('',#5954);
#5954 = CARTESIAN_POINT('',(6.425000733956,-4.15,-1.583330886814));
#5955 = LINE('',#5956,#5957);
#5956 = CARTESIAN_POINT('',(6.15,-4.15,-2.5));
#5957 = VECTOR('',#5958,1.);
#5958 = DIRECTION('',(0.287347885566,-5.31700397722E-16,0.957826285221)
  );
#5959 = ORIENTED_EDGE('',*,*,#5960,.F.);
#5960 = EDGE_CURVE('',#5961,#5953,#5963,.T.);
#5961 = VERTEX_POINT('',#5962);
#5962 = CARTESIAN_POINT('',(6.425000733956,-4.15,-1.416669113186));
#5963 = CIRCLE('',#5964,0.29);
#5964 = AXIS2_PLACEMENT_3D('',#5965,#5966,#5967);
#5965 = CARTESIAN_POINT('',(6.147231111242,-4.15,-1.5));
#5966 = DIRECTION('',(-0.,1.,3.330669073875E-16));
#5967 = DIRECTION('',(0.,-3.330669073875E-16,1.));
#5968 = ORIENTED_EDGE('',*,*,#5969,.T.);
#5969 = EDGE_CURVE('',#5961,#5970,#5972,.T.);
#5970 = VERTEX_POINT('',#5971);
#5971 = CARTESIAN_POINT('',(6.162230377286,-4.15,-0.540767924286));
#5972 = LINE('',#5973,#5974);
#5973 = CARTESIAN_POINT('',(6.45,-4.15,-1.5));
#5974 = VECTOR('',#5975,1.);
#5975 = DIRECTION('',(-0.287347885566,-5.31700397722E-16,0.957826285221)
  );
#5976 = ORIENTED_EDGE('',*,*,#5977,.F.);
#5977 = EDGE_CURVE('',#5978,#5970,#5980,.T.);
#5978 = VERTEX_POINT('',#5979);
#5979 = CARTESIAN_POINT('',(6.15,-4.15,-0.457437037472));
#5980 = CIRCLE('',#5981,0.29);
#5981 = AXIS2_PLACEMENT_3D('',#5982,#5983,#5984);
#5982 = CARTESIAN_POINT('',(6.44,-4.15,-0.457437037472));
#5983 = DIRECTION('',(0.,-1.,-3.330669073875E-16));
#5984 = DIRECTION('',(0.,-3.330669073875E-16,1.));
#5985 = ORIENTED_EDGE('',*,*,#5986,.F.);
#5986 = EDGE_CURVE('',#4874,#5978,#5987,.T.);
#5987 = LINE('',#5988,#5989);
#5988 = CARTESIAN_POINT('',(6.15,-4.15,1.5));
#5989 = VECTOR('',#5990,1.);
#5990 = DIRECTION('',(0.,5.551115123126E-16,-1.));
#5991 = ORIENTED_EDGE('',*,*,#4881,.F.);
#5992 = ORIENTED_EDGE('',*,*,#5868,.F.);
#5993 = ORIENTED_EDGE('',*,*,#5994,.F.);
#5994 = EDGE_CURVE('',#5995,#5861,#5997,.T.);
#5995 = VERTEX_POINT('',#5996);
#5996 = CARTESIAN_POINT('',(6.45,-4.15,1.21));
#5997 = CIRCLE('',#5998,0.29);
#5998 = AXIS2_PLACEMENT_3D('',#5999,#6000,#6001);
#5999 = CARTESIAN_POINT('',(6.16,-4.15,1.21));
#6000 = DIRECTION('',(0.,-1.,-3.330669073875E-16));
#6001 = DIRECTION('',(0.,-3.330669073875E-16,1.));
#6002 = ORIENTED_EDGE('',*,*,#6003,.F.);
#6003 = EDGE_CURVE('',#6004,#5995,#6006,.T.);
#6004 = VERTEX_POINT('',#6005);
#6005 = CARTESIAN_POINT('',(6.45,-4.15,-0.457437037472));
#6006 = LINE('',#6007,#6008);
#6007 = CARTESIAN_POINT('',(6.45,-4.15,-0.5));
#6008 = VECTOR('',#6009,1.);
#6009 = DIRECTION('',(0.,-5.551115123126E-16,1.));
#6010 = ORIENTED_EDGE('',*,*,#6011,.F.);
#6011 = EDGE_CURVE('',#5884,#6004,#6012,.T.);
#6012 = CIRCLE('',#6013,0.29);
#6013 = AXIS2_PLACEMENT_3D('',#6014,#6015,#6016);
#6014 = CARTESIAN_POINT('',(6.74,-4.15,-0.457437037472));
#6015 = DIRECTION('',(-0.,1.,3.330669073875E-16));
#6016 = DIRECTION('',(0.,-3.330669073875E-16,1.));
#6017 = PLANE('',#6018);
#6018 = AXIS2_PLACEMENT_3D('',#6019,#6020,#6021);
#6019 = CARTESIAN_POINT('',(6.45,-4.15,-0.5));
#6020 = DIRECTION('',(0.,1.,3.330669073875E-16));
#6021 = DIRECTION('',(0.,-3.330669073875E-16,1.));
#6022 = ADVANCED_FACE('',(#6023),#6167,.T.);
#6023 = FACE_BOUND('',#6024,.T.);
#6024 = EDGE_LOOP('',(#6025,#6035,#6044,#6052,#6061,#6069,#6077,#6085,
    #6094,#6102,#6111,#6119,#6128,#6134,#6135,#6143,#6152,#6160));
#6025 = ORIENTED_EDGE('',*,*,#6026,.T.);
#6026 = EDGE_CURVE('',#6027,#6029,#6031,.T.);
#6027 = VERTEX_POINT('',#6028);
#6028 = CARTESIAN_POINT('',(6.462230377286,0.35,-0.540767924286));
#6029 = VERTEX_POINT('',#6030);
#6030 = CARTESIAN_POINT('',(6.725000733956,0.35,-1.416669113186));
#6031 = LINE('',#6032,#6033);
#6032 = CARTESIAN_POINT('',(6.45,0.35,-0.5));
#6033 = VECTOR('',#6034,1.);
#6034 = DIRECTION('',(0.287347885566,5.31700397722E-16,-0.957826285221)
  );
#6035 = ORIENTED_EDGE('',*,*,#6036,.T.);
#6036 = EDGE_CURVE('',#6029,#6037,#6039,.T.);
#6037 = VERTEX_POINT('',#6038);
#6038 = CARTESIAN_POINT('',(6.725000733956,0.35,-1.583330886814));
#6039 = CIRCLE('',#6040,0.29);
#6040 = AXIS2_PLACEMENT_3D('',#6041,#6042,#6043);
#6041 = CARTESIAN_POINT('',(6.447231111242,0.35,-1.5));
#6042 = DIRECTION('',(-0.,1.,3.330669073875E-16));
#6043 = DIRECTION('',(0.,-3.330669073875E-16,1.));
#6044 = ORIENTED_EDGE('',*,*,#6045,.T.);
#6045 = EDGE_CURVE('',#6037,#6046,#6048,.T.);
#6046 = VERTEX_POINT('',#6047);
#6047 = CARTESIAN_POINT('',(6.462230377286,0.35,-2.459232075714));
#6048 = LINE('',#6049,#6050);
#6049 = CARTESIAN_POINT('',(6.75,0.35,-1.5));
#6050 = VECTOR('',#6051,1.);
#6051 = DIRECTION('',(-0.287347885566,5.31700397722E-16,-0.957826285221)
  );
#6052 = ORIENTED_EDGE('',*,*,#6053,.F.);
#6053 = EDGE_CURVE('',#6054,#6046,#6056,.T.);
#6054 = VERTEX_POINT('',#6055);
#6055 = CARTESIAN_POINT('',(6.45,0.35,-2.542562962528));
#6056 = CIRCLE('',#6057,0.29);
#6057 = AXIS2_PLACEMENT_3D('',#6058,#6059,#6060);
#6058 = CARTESIAN_POINT('',(6.74,0.35,-2.542562962528));
#6059 = DIRECTION('',(-0.,1.,3.330669073875E-16));
#6060 = DIRECTION('',(0.,-3.330669073875E-16,1.));
#6061 = ORIENTED_EDGE('',*,*,#6062,.F.);
#6062 = EDGE_CURVE('',#6063,#6054,#6065,.T.);
#6063 = VERTEX_POINT('',#6064);
#6064 = CARTESIAN_POINT('',(6.45,0.35,-3.5));
#6065 = LINE('',#6066,#6067);
#6066 = CARTESIAN_POINT('',(6.45,0.35,-3.5));
#6067 = VECTOR('',#6068,1.);
#6068 = DIRECTION('',(0.,-5.551115123126E-16,1.));
#6069 = ORIENTED_EDGE('',*,*,#6070,.F.);
#6070 = EDGE_CURVE('',#6071,#6063,#6073,.T.);
#6071 = VERTEX_POINT('',#6072);
#6072 = CARTESIAN_POINT('',(6.15,0.35,-3.5));
#6073 = LINE('',#6074,#6075);
#6074 = CARTESIAN_POINT('',(6.15,0.35,-3.5));
#6075 = VECTOR('',#6076,1.);
#6076 = DIRECTION('',(1.,0.,0.));
#6077 = ORIENTED_EDGE('',*,*,#6078,.F.);
#6078 = EDGE_CURVE('',#6079,#6071,#6081,.T.);
#6079 = VERTEX_POINT('',#6080);
#6080 = CARTESIAN_POINT('',(6.15,0.35,-2.542562962528));
#6081 = LINE('',#6082,#6083);
#6082 = CARTESIAN_POINT('',(6.15,0.35,-2.5));
#6083 = VECTOR('',#6084,1.);
#6084 = DIRECTION('',(0.,5.551115123126E-16,-1.));
#6085 = ORIENTED_EDGE('',*,*,#6086,.F.);
#6086 = EDGE_CURVE('',#6087,#6079,#6089,.T.);
#6087 = VERTEX_POINT('',#6088);
#6088 = CARTESIAN_POINT('',(6.162230377286,0.35,-2.459232075714));
#6089 = CIRCLE('',#6090,0.29);
#6090 = AXIS2_PLACEMENT_3D('',#6091,#6092,#6093);
#6091 = CARTESIAN_POINT('',(6.44,0.35,-2.542562962528));
#6092 = DIRECTION('',(0.,-1.,-3.330669073875E-16));
#6093 = DIRECTION('',(0.,-3.330669073875E-16,1.));
#6094 = ORIENTED_EDGE('',*,*,#6095,.T.);
#6095 = EDGE_CURVE('',#6087,#6096,#6098,.T.);
#6096 = VERTEX_POINT('',#6097);
#6097 = CARTESIAN_POINT('',(6.425000733956,0.35,-1.583330886814));
#6098 = LINE('',#6099,#6100);
#6099 = CARTESIAN_POINT('',(6.15,0.35,-2.5));
#6100 = VECTOR('',#6101,1.);
#6101 = DIRECTION('',(0.287347885566,-5.31700397722E-16,0.957826285221)
  );
#6102 = ORIENTED_EDGE('',*,*,#6103,.F.);
#6103 = EDGE_CURVE('',#6104,#6096,#6106,.T.);
#6104 = VERTEX_POINT('',#6105);
#6105 = CARTESIAN_POINT('',(6.425000733956,0.35,-1.416669113186));
#6106 = CIRCLE('',#6107,0.29);
#6107 = AXIS2_PLACEMENT_3D('',#6108,#6109,#6110);
#6108 = CARTESIAN_POINT('',(6.147231111242,0.35,-1.5));
#6109 = DIRECTION('',(-0.,1.,3.330669073875E-16));
#6110 = DIRECTION('',(0.,-3.330669073875E-16,1.));
#6111 = ORIENTED_EDGE('',*,*,#6112,.T.);
#6112 = EDGE_CURVE('',#6104,#6113,#6115,.T.);
#6113 = VERTEX_POINT('',#6114);
#6114 = CARTESIAN_POINT('',(6.162230377286,0.35,-0.540767924286));
#6115 = LINE('',#6116,#6117);
#6116 = CARTESIAN_POINT('',(6.45,0.35,-1.5));
#6117 = VECTOR('',#6118,1.);
#6118 = DIRECTION('',(-0.287347885566,-5.31700397722E-16,0.957826285221)
  );
#6119 = ORIENTED_EDGE('',*,*,#6120,.F.);
#6120 = EDGE_CURVE('',#6121,#6113,#6123,.T.);
#6121 = VERTEX_POINT('',#6122);
#6122 = CARTESIAN_POINT('',(6.15,0.35,-0.457437037472));
#6123 = CIRCLE('',#6124,0.29);
#6124 = AXIS2_PLACEMENT_3D('',#6125,#6126,#6127);
#6125 = CARTESIAN_POINT('',(6.44,0.35,-0.457437037472));
#6126 = DIRECTION('',(0.,-1.,-3.330669073875E-16));
#6127 = DIRECTION('',(0.,-3.330669073875E-16,1.));
#6128 = ORIENTED_EDGE('',*,*,#6129,.F.);
#6129 = EDGE_CURVE('',#4842,#6121,#6130,.T.);
#6130 = LINE('',#6131,#6132);
#6131 = CARTESIAN_POINT('',(6.15,0.35,1.5));
#6132 = VECTOR('',#6133,1.);
#6133 = DIRECTION('',(0.,5.551115123126E-16,-1.));
#6134 = ORIENTED_EDGE('',*,*,#4849,.F.);
#6135 = ORIENTED_EDGE('',*,*,#6136,.F.);
#6136 = EDGE_CURVE('',#6137,#4850,#6139,.T.);
#6137 = VERTEX_POINT('',#6138);
#6138 = CARTESIAN_POINT('',(6.16,0.35,1.5));
#6139 = LINE('',#6140,#6141);
#6140 = CARTESIAN_POINT('',(6.45,0.35,1.5));
#6141 = VECTOR('',#6142,1.);
#6142 = DIRECTION('',(-1.,-0.,0.));
#6143 = ORIENTED_EDGE('',*,*,#6144,.F.);
#6144 = EDGE_CURVE('',#6145,#6137,#6147,.T.);
#6145 = VERTEX_POINT('',#6146);
#6146 = CARTESIAN_POINT('',(6.45,0.35,1.21));
#6147 = CIRCLE('',#6148,0.29);
#6148 = AXIS2_PLACEMENT_3D('',#6149,#6150,#6151);
#6149 = CARTESIAN_POINT('',(6.16,0.35,1.21));
#6150 = DIRECTION('',(0.,-1.,-3.330669073875E-16));
#6151 = DIRECTION('',(0.,-3.330669073875E-16,1.));
#6152 = ORIENTED_EDGE('',*,*,#6153,.F.);
#6153 = EDGE_CURVE('',#6154,#6145,#6156,.T.);
#6154 = VERTEX_POINT('',#6155);
#6155 = CARTESIAN_POINT('',(6.45,0.35,-0.457437037472));
#6156 = LINE('',#6157,#6158);
#6157 = CARTESIAN_POINT('',(6.45,0.35,-0.5));
#6158 = VECTOR('',#6159,1.);
#6159 = DIRECTION('',(0.,-5.551115123126E-16,1.));
#6160 = ORIENTED_EDGE('',*,*,#6161,.F.);
#6161 = EDGE_CURVE('',#6027,#6154,#6162,.T.);
#6162 = CIRCLE('',#6163,0.29);
#6163 = AXIS2_PLACEMENT_3D('',#6164,#6165,#6166);
#6164 = CARTESIAN_POINT('',(6.74,0.35,-0.457437037472));
#6165 = DIRECTION('',(-0.,1.,3.330669073875E-16));
#6166 = DIRECTION('',(0.,-3.330669073875E-16,1.));
#6167 = PLANE('',#6168);
#6168 = AXIS2_PLACEMENT_3D('',#6169,#6170,#6171);
#6169 = CARTESIAN_POINT('',(6.45,0.35,-0.5));
#6170 = DIRECTION('',(1.64346021921E-31,1.,5.551115123126E-16));
#6171 = DIRECTION('',(0.,-5.551115123126E-16,1.));
#6172 = ADVANCED_FACE('',(#6173),#6317,.F.);
#6173 = FACE_BOUND('',#6174,.F.);
#6174 = EDGE_LOOP('',(#6175,#6185,#6194,#6202,#6211,#6219,#6227,#6235,
    #6244,#6252,#6261,#6269,#6278,#6284,#6285,#6293,#6302,#6310));
#6175 = ORIENTED_EDGE('',*,*,#6176,.T.);
#6176 = EDGE_CURVE('',#6177,#6179,#6181,.T.);
#6177 = VERTEX_POINT('',#6178);
#6178 = CARTESIAN_POINT('',(6.462230377286,-0.35,-0.540767924286));
#6179 = VERTEX_POINT('',#6180);
#6180 = CARTESIAN_POINT('',(6.725000733956,-0.35,-1.416669113186));
#6181 = LINE('',#6182,#6183);
#6182 = CARTESIAN_POINT('',(6.45,-0.35,-0.5));
#6183 = VECTOR('',#6184,1.);
#6184 = DIRECTION('',(0.287347885566,5.31700397722E-16,-0.957826285221)
  );
#6185 = ORIENTED_EDGE('',*,*,#6186,.T.);
#6186 = EDGE_CURVE('',#6179,#6187,#6189,.T.);
#6187 = VERTEX_POINT('',#6188);
#6188 = CARTESIAN_POINT('',(6.725000733956,-0.35,-1.583330886814));
#6189 = CIRCLE('',#6190,0.29);
#6190 = AXIS2_PLACEMENT_3D('',#6191,#6192,#6193);
#6191 = CARTESIAN_POINT('',(6.447231111242,-0.35,-1.5));
#6192 = DIRECTION('',(-0.,1.,3.330669073875E-16));
#6193 = DIRECTION('',(0.,-3.330669073875E-16,1.));
#6194 = ORIENTED_EDGE('',*,*,#6195,.T.);
#6195 = EDGE_CURVE('',#6187,#6196,#6198,.T.);
#6196 = VERTEX_POINT('',#6197);
#6197 = CARTESIAN_POINT('',(6.462230377286,-0.35,-2.459232075714));
#6198 = LINE('',#6199,#6200);
#6199 = CARTESIAN_POINT('',(6.75,-0.35,-1.5));
#6200 = VECTOR('',#6201,1.);
#6201 = DIRECTION('',(-0.287347885566,5.31700397722E-16,-0.957826285221)
  );
#6202 = ORIENTED_EDGE('',*,*,#6203,.F.);
#6203 = EDGE_CURVE('',#6204,#6196,#6206,.T.);
#6204 = VERTEX_POINT('',#6205);
#6205 = CARTESIAN_POINT('',(6.45,-0.35,-2.542562962528));
#6206 = CIRCLE('',#6207,0.29);
#6207 = AXIS2_PLACEMENT_3D('',#6208,#6209,#6210);
#6208 = CARTESIAN_POINT('',(6.74,-0.35,-2.542562962528));
#6209 = DIRECTION('',(-0.,1.,3.330669073875E-16));
#6210 = DIRECTION('',(0.,-3.330669073875E-16,1.));
#6211 = ORIENTED_EDGE('',*,*,#6212,.F.);
#6212 = EDGE_CURVE('',#6213,#6204,#6215,.T.);
#6213 = VERTEX_POINT('',#6214);
#6214 = CARTESIAN_POINT('',(6.45,-0.35,-3.5));
#6215 = LINE('',#6216,#6217);
#6216 = CARTESIAN_POINT('',(6.45,-0.35,-3.5));
#6217 = VECTOR('',#6218,1.);
#6218 = DIRECTION('',(0.,-5.551115123126E-16,1.));
#6219 = ORIENTED_EDGE('',*,*,#6220,.F.);
#6220 = EDGE_CURVE('',#6221,#6213,#6223,.T.);
#6221 = VERTEX_POINT('',#6222);
#6222 = CARTESIAN_POINT('',(6.15,-0.35,-3.5));
#6223 = LINE('',#6224,#6225);
#6224 = CARTESIAN_POINT('',(6.15,-0.35,-3.5));
#6225 = VECTOR('',#6226,1.);
#6226 = DIRECTION('',(1.,0.,0.));
#6227 = ORIENTED_EDGE('',*,*,#6228,.F.);
#6228 = EDGE_CURVE('',#6229,#6221,#6231,.T.);
#6229 = VERTEX_POINT('',#6230);
#6230 = CARTESIAN_POINT('',(6.15,-0.35,-2.542562962528));
#6231 = LINE('',#6232,#6233);
#6232 = CARTESIAN_POINT('',(6.15,-0.35,-2.5));
#6233 = VECTOR('',#6234,1.);
#6234 = DIRECTION('',(0.,5.551115123126E-16,-1.));
#6235 = ORIENTED_EDGE('',*,*,#6236,.F.);
#6236 = EDGE_CURVE('',#6237,#6229,#6239,.T.);
#6237 = VERTEX_POINT('',#6238);
#6238 = CARTESIAN_POINT('',(6.162230377286,-0.35,-2.459232075714));
#6239 = CIRCLE('',#6240,0.29);
#6240 = AXIS2_PLACEMENT_3D('',#6241,#6242,#6243);
#6241 = CARTESIAN_POINT('',(6.44,-0.35,-2.542562962528));
#6242 = DIRECTION('',(0.,-1.,-3.330669073875E-16));
#6243 = DIRECTION('',(0.,-3.330669073875E-16,1.));
#6244 = ORIENTED_EDGE('',*,*,#6245,.T.);
#6245 = EDGE_CURVE('',#6237,#6246,#6248,.T.);
#6246 = VERTEX_POINT('',#6247);
#6247 = CARTESIAN_POINT('',(6.425000733956,-0.35,-1.583330886814));
#6248 = LINE('',#6249,#6250);
#6249 = CARTESIAN_POINT('',(6.15,-0.35,-2.5));
#6250 = VECTOR('',#6251,1.);
#6251 = DIRECTION('',(0.287347885566,-5.31700397722E-16,0.957826285221)
  );
#6252 = ORIENTED_EDGE('',*,*,#6253,.F.);
#6253 = EDGE_CURVE('',#6254,#6246,#6256,.T.);
#6254 = VERTEX_POINT('',#6255);
#6255 = CARTESIAN_POINT('',(6.425000733956,-0.35,-1.416669113186));
#6256 = CIRCLE('',#6257,0.29);
#6257 = AXIS2_PLACEMENT_3D('',#6258,#6259,#6260);
#6258 = CARTESIAN_POINT('',(6.147231111242,-0.35,-1.5));
#6259 = DIRECTION('',(-0.,1.,3.330669073875E-16));
#6260 = DIRECTION('',(0.,-3.330669073875E-16,1.));
#6261 = ORIENTED_EDGE('',*,*,#6262,.T.);
#6262 = EDGE_CURVE('',#6254,#6263,#6265,.T.);
#6263 = VERTEX_POINT('',#6264);
#6264 = CARTESIAN_POINT('',(6.162230377286,-0.35,-0.540767924286));
#6265 = LINE('',#6266,#6267);
#6266 = CARTESIAN_POINT('',(6.45,-0.35,-1.5));
#6267 = VECTOR('',#6268,1.);
#6268 = DIRECTION('',(-0.287347885566,-5.31700397722E-16,0.957826285221)
  );
#6269 = ORIENTED_EDGE('',*,*,#6270,.F.);
#6270 = EDGE_CURVE('',#6271,#6263,#6273,.T.);
#6271 = VERTEX_POINT('',#6272);
#6272 = CARTESIAN_POINT('',(6.15,-0.35,-0.457437037472));
#6273 = CIRCLE('',#6274,0.29);
#6274 = AXIS2_PLACEMENT_3D('',#6275,#6276,#6277);
#6275 = CARTESIAN_POINT('',(6.44,-0.35,-0.457437037472));
#6276 = DIRECTION('',(0.,-1.,-3.330669073875E-16));
#6277 = DIRECTION('',(0.,-3.330669073875E-16,1.));
#6278 = ORIENTED_EDGE('',*,*,#6279,.F.);
#6279 = EDGE_CURVE('',#4866,#6271,#6280,.T.);
#6280 = LINE('',#6281,#6282);
#6281 = CARTESIAN_POINT('',(6.15,-0.35,1.5));
#6282 = VECTOR('',#6283,1.);
#6283 = DIRECTION('',(0.,5.551115123126E-16,-1.));
#6284 = ORIENTED_EDGE('',*,*,#4865,.F.);
#6285 = ORIENTED_EDGE('',*,*,#6286,.F.);
#6286 = EDGE_CURVE('',#6287,#4858,#6289,.T.);
#6287 = VERTEX_POINT('',#6288);
#6288 = CARTESIAN_POINT('',(6.16,-0.35,1.5));
#6289 = LINE('',#6290,#6291);
#6290 = CARTESIAN_POINT('',(6.45,-0.35,1.5));
#6291 = VECTOR('',#6292,1.);
#6292 = DIRECTION('',(-1.,-0.,0.));
#6293 = ORIENTED_EDGE('',*,*,#6294,.F.);
#6294 = EDGE_CURVE('',#6295,#6287,#6297,.T.);
#6295 = VERTEX_POINT('',#6296);
#6296 = CARTESIAN_POINT('',(6.45,-0.35,1.21));
#6297 = CIRCLE('',#6298,0.29);
#6298 = AXIS2_PLACEMENT_3D('',#6299,#6300,#6301);
#6299 = CARTESIAN_POINT('',(6.16,-0.35,1.21));
#6300 = DIRECTION('',(0.,-1.,-3.330669073875E-16));
#6301 = DIRECTION('',(0.,-3.330669073875E-16,1.));
#6302 = ORIENTED_EDGE('',*,*,#6303,.F.);
#6303 = EDGE_CURVE('',#6304,#6295,#6306,.T.);
#6304 = VERTEX_POINT('',#6305);
#6305 = CARTESIAN_POINT('',(6.45,-0.35,-0.457437037472));
#6306 = LINE('',#6307,#6308);
#6307 = CARTESIAN_POINT('',(6.45,-0.35,-0.5));
#6308 = VECTOR('',#6309,1.);
#6309 = DIRECTION('',(0.,-5.551115123126E-16,1.));
#6310 = ORIENTED_EDGE('',*,*,#6311,.F.);
#6311 = EDGE_CURVE('',#6177,#6304,#6312,.T.);
#6312 = CIRCLE('',#6313,0.29);
#6313 = AXIS2_PLACEMENT_3D('',#6314,#6315,#6316);
#6314 = CARTESIAN_POINT('',(6.74,-0.35,-0.457437037472));
#6315 = DIRECTION('',(-0.,1.,3.330669073875E-16));
#6316 = DIRECTION('',(0.,-3.330669073875E-16,1.));
#6317 = PLANE('',#6318);
#6318 = AXIS2_PLACEMENT_3D('',#6319,#6320,#6321);
#6319 = CARTESIAN_POINT('',(6.45,-0.35,-0.5));
#6320 = DIRECTION('',(1.64346021921E-31,1.,5.551115123126E-16));
#6321 = DIRECTION('',(0.,-5.551115123126E-16,1.));
#6322 = ADVANCED_FACE('',(#6323),#6334,.T.);
#6323 = FACE_BOUND('',#6324,.T.);
#6324 = EDGE_LOOP('',(#6325,#6326,#6332,#6333));
#6325 = ORIENTED_EDGE('',*,*,#6286,.F.);
#6326 = ORIENTED_EDGE('',*,*,#6327,.T.);
#6327 = EDGE_CURVE('',#6287,#6137,#6328,.T.);
#6328 = LINE('',#6329,#6330);
#6329 = CARTESIAN_POINT('',(6.16,-0.35,1.5));
#6330 = VECTOR('',#6331,1.);
#6331 = DIRECTION('',(0.,1.,3.330669073875E-16));
#6332 = ORIENTED_EDGE('',*,*,#6136,.T.);
#6333 = ORIENTED_EDGE('',*,*,#4857,.F.);
#6334 = PLANE('',#6335);
#6335 = AXIS2_PLACEMENT_3D('',#6336,#6337,#6338);
#6336 = CARTESIAN_POINT('',(6.45,-0.35,1.5));
#6337 = DIRECTION('',(0.,-3.330669073875E-16,1.));
#6338 = DIRECTION('',(-1.,0.,0.));
#6339 = ADVANCED_FACE('',(#6340),#6343,.F.);
#6340 = FACE_BOUND('',#6341,.F.);
#6341 = EDGE_LOOP('',(#6342));
#6342 = ORIENTED_EDGE('',*,*,#4997,.F.);
#6343 = PLANE('',#6344);
#6344 = AXIS2_PLACEMENT_3D('',#6345,#6346,#6347);
#6345 = CARTESIAN_POINT('',(4.9,-2.25,4.3));
#6346 = DIRECTION('',(0.,0.,-1.));
#6347 = DIRECTION('',(-1.,0.,0.));
#6348 = ADVANCED_FACE('',(#6349),#6360,.F.);
#6349 = FACE_BOUND('',#6350,.F.);
#6350 = EDGE_LOOP('',(#6351,#6352,#6353,#6354));
#6351 = ORIENTED_EDGE('',*,*,#5495,.F.);
#6352 = ORIENTED_EDGE('',*,*,#5034,.F.);
#6353 = ORIENTED_EDGE('',*,*,#5645,.T.);
#6354 = ORIENTED_EDGE('',*,*,#6355,.F.);
#6355 = EDGE_CURVE('',#5487,#5637,#6356,.T.);
#6356 = LINE('',#6357,#6358);
#6357 = CARTESIAN_POINT('',(0.15,-4.85,-0.457437037472));
#6358 = VECTOR('',#6359,1.);
#6359 = DIRECTION('',(0.,1.,3.330669073875E-16));
#6360 = PLANE('',#6361);
#6361 = AXIS2_PLACEMENT_3D('',#6362,#6363,#6364);
#6362 = CARTESIAN_POINT('',(0.15,-4.85,1.5));
#6363 = DIRECTION('',(-1.,0.,-0.));
#6364 = DIRECTION('',(0.,5.551115123126E-16,-1.));
#6365 = ADVANCED_FACE('',(#6366),#6377,.T.);
#6366 = FACE_BOUND('',#6367,.T.);
#6367 = EDGE_LOOP('',(#6368,#6369,#6370,#6371));
#6368 = ORIENTED_EDGE('',*,*,#5812,.F.);
#6369 = ORIENTED_EDGE('',*,*,#5059,.T.);
#6370 = ORIENTED_EDGE('',*,*,#5986,.T.);
#6371 = ORIENTED_EDGE('',*,*,#6372,.F.);
#6372 = EDGE_CURVE('',#5804,#5978,#6373,.T.);
#6373 = LINE('',#6374,#6375);
#6374 = CARTESIAN_POINT('',(6.15,-4.85,-0.457437037472));
#6375 = VECTOR('',#6376,1.);
#6376 = DIRECTION('',(0.,1.,3.330669073875E-16));
#6377 = PLANE('',#6378);
#6378 = AXIS2_PLACEMENT_3D('',#6379,#6380,#6381);
#6379 = CARTESIAN_POINT('',(6.15,-4.85,1.5));
#6380 = DIRECTION('',(-1.,0.,-0.));
#6381 = DIRECTION('',(0.,5.551115123126E-16,-1.));
#6382 = ADVANCED_FACE('',(#6383),#6394,.F.);
#6383 = FACE_BOUND('',#6384,.F.);
#6384 = EDGE_LOOP('',(#6385,#6386,#6387,#6388));
#6385 = ORIENTED_EDGE('',*,*,#5352,.F.);
#6386 = ORIENTED_EDGE('',*,*,#5041,.F.);
#6387 = ORIENTED_EDGE('',*,*,#5178,.T.);
#6388 = ORIENTED_EDGE('',*,*,#6389,.F.);
#6389 = EDGE_CURVE('',#5344,#5170,#6390,.T.);
#6390 = LINE('',#6391,#6392);
#6391 = CARTESIAN_POINT('',(0.15,-0.35,-0.457437037472));
#6392 = VECTOR('',#6393,1.);
#6393 = DIRECTION('',(0.,1.,3.330669073875E-16));
#6394 = PLANE('',#6395);
#6395 = AXIS2_PLACEMENT_3D('',#6396,#6397,#6398);
#6396 = CARTESIAN_POINT('',(0.15,-0.35,1.5));
#6397 = DIRECTION('',(-1.,0.,-0.));
#6398 = DIRECTION('',(0.,5.551115123126E-16,-1.));
#6399 = ADVANCED_FACE('',(#6400),#6411,.T.);
#6400 = FACE_BOUND('',#6401,.T.);
#6401 = EDGE_LOOP('',(#6402,#6403,#6404,#6405));
#6402 = ORIENTED_EDGE('',*,*,#6279,.F.);
#6403 = ORIENTED_EDGE('',*,*,#5052,.T.);
#6404 = ORIENTED_EDGE('',*,*,#6129,.T.);
#6405 = ORIENTED_EDGE('',*,*,#6406,.F.);
#6406 = EDGE_CURVE('',#6271,#6121,#6407,.T.);
#6407 = LINE('',#6408,#6409);
#6408 = CARTESIAN_POINT('',(6.15,-0.35,-0.457437037472));
#6409 = VECTOR('',#6410,1.);
#6410 = DIRECTION('',(0.,1.,3.330669073875E-16));
#6411 = PLANE('',#6412);
#6412 = AXIS2_PLACEMENT_3D('',#6413,#6414,#6415);
#6413 = CARTESIAN_POINT('',(6.15,-0.35,1.5));
#6414 = DIRECTION('',(-1.,0.,-0.));
#6415 = DIRECTION('',(0.,5.551115123126E-16,-1.));
#6416 = ADVANCED_FACE('',(#6417),#6433,.T.);
#6417 = FACE_BOUND('',#6418,.T.);
#6418 = EDGE_LOOP('',(#6419,#6420,#6426,#6427));
#6419 = ORIENTED_EDGE('',*,*,#5249,.F.);
#6420 = ORIENTED_EDGE('',*,*,#6421,.T.);
#6421 = EDGE_CURVE('',#5250,#5076,#6422,.T.);
#6422 = LINE('',#6423,#6424);
#6423 = CARTESIAN_POINT('',(-0.162230377286,-0.35,-0.540767924286));
#6424 = VECTOR('',#6425,1.);
#6425 = DIRECTION('',(0.,1.,3.330669073875E-16));
#6426 = ORIENTED_EDGE('',*,*,#5075,.T.);
#6427 = ORIENTED_EDGE('',*,*,#6428,.F.);
#6428 = EDGE_CURVE('',#5252,#5078,#6429,.T.);
#6429 = LINE('',#6430,#6431);
#6430 = CARTESIAN_POINT('',(-0.425000733956,-0.35,-1.416669113186));
#6431 = VECTOR('',#6432,1.);
#6432 = DIRECTION('',(0.,1.,3.330669073875E-16));
#6433 = PLANE('',#6434);
#6434 = AXIS2_PLACEMENT_3D('',#6435,#6436,#6437);
#6435 = CARTESIAN_POINT('',(-0.15,-0.35,-0.5));
#6436 = DIRECTION('',(-0.957826285221,-9.570607158995E-17,0.287347885566
    ));
#6437 = DIRECTION('',(-0.287347885566,5.31700397722E-16,-0.957826285221)
  );
#6438 = ADVANCED_FACE('',(#6439),#6450,.F.);
#6439 = FACE_BOUND('',#6440,.F.);
#6440 = EDGE_LOOP('',(#6441,#6442,#6443,#6449));
#6441 = ORIENTED_EDGE('',*,*,#6421,.T.);
#6442 = ORIENTED_EDGE('',*,*,#5210,.T.);
#6443 = ORIENTED_EDGE('',*,*,#6444,.F.);
#6444 = EDGE_CURVE('',#5370,#5203,#6445,.T.);
#6445 = LINE('',#6446,#6447);
#6446 = CARTESIAN_POINT('',(-0.15,-0.35,-0.457437037472));
#6447 = VECTOR('',#6448,1.);
#6448 = DIRECTION('',(0.,1.,3.330669073875E-16));
#6449 = ORIENTED_EDGE('',*,*,#5377,.F.);
#6450 = CYLINDRICAL_SURFACE('',#6451,0.29);
#6451 = AXIS2_PLACEMENT_3D('',#6452,#6453,#6454);
#6452 = CARTESIAN_POINT('',(-0.44,-0.35,-0.457437037472));
#6453 = DIRECTION('',(0.,1.,3.330669073875E-16));
#6454 = DIRECTION('',(0.957826285221,9.570607158983E-17,-0.287347885566)
  );
#6455 = ADVANCED_FACE('',(#6456),#6467,.T.);
#6456 = FACE_BOUND('',#6457,.T.);
#6457 = EDGE_LOOP('',(#6458,#6459,#6460,#6466));
#6458 = ORIENTED_EDGE('',*,*,#6428,.T.);
#6459 = ORIENTED_EDGE('',*,*,#5085,.T.);
#6460 = ORIENTED_EDGE('',*,*,#6461,.F.);
#6461 = EDGE_CURVE('',#5260,#5086,#6462,.T.);
#6462 = LINE('',#6463,#6464);
#6463 = CARTESIAN_POINT('',(-0.425000733956,-0.35,-1.583330886814));
#6464 = VECTOR('',#6465,1.);
#6465 = DIRECTION('',(0.,1.,3.330669073875E-16));
#6466 = ORIENTED_EDGE('',*,*,#5259,.F.);
#6467 = CYLINDRICAL_SURFACE('',#6468,0.29);
#6468 = AXIS2_PLACEMENT_3D('',#6469,#6470,#6471);
#6469 = CARTESIAN_POINT('',(-0.147231111242,-0.35,-1.5));
#6470 = DIRECTION('',(0.,1.,3.330669073875E-16));
#6471 = DIRECTION('',(-0.957826285221,-9.570607158983E-17,0.287347885566
    ));
#6472 = ADVANCED_FACE('',(#6473),#6484,.F.);
#6473 = FACE_BOUND('',#6474,.F.);
#6474 = EDGE_LOOP('',(#6475,#6476,#6477,#6478));
#6475 = ORIENTED_EDGE('',*,*,#5369,.F.);
#6476 = ORIENTED_EDGE('',*,*,#6444,.T.);
#6477 = ORIENTED_EDGE('',*,*,#5202,.T.);
#6478 = ORIENTED_EDGE('',*,*,#6479,.F.);
#6479 = EDGE_CURVE('',#5361,#5194,#6480,.T.);
#6480 = LINE('',#6481,#6482);
#6481 = CARTESIAN_POINT('',(-0.15,-0.35,1.21));
#6482 = VECTOR('',#6483,1.);
#6483 = DIRECTION('',(0.,1.,3.330669073875E-16));
#6484 = PLANE('',#6485);
#6485 = AXIS2_PLACEMENT_3D('',#6486,#6487,#6488);
#6486 = CARTESIAN_POINT('',(-0.15,-0.35,-0.5));
#6487 = DIRECTION('',(1.,0.,0.));
#6488 = DIRECTION('',(0.,-5.551115123126E-16,1.));
#6489 = ADVANCED_FACE('',(#6490),#6501,.T.);
#6490 = FACE_BOUND('',#6491,.T.);
#6491 = EDGE_LOOP('',(#6492,#6493,#6494,#6495));
#6492 = ORIENTED_EDGE('',*,*,#5268,.F.);
#6493 = ORIENTED_EDGE('',*,*,#6461,.T.);
#6494 = ORIENTED_EDGE('',*,*,#5094,.T.);
#6495 = ORIENTED_EDGE('',*,*,#6496,.F.);
#6496 = EDGE_CURVE('',#5269,#5095,#6497,.T.);
#6497 = LINE('',#6498,#6499);
#6498 = CARTESIAN_POINT('',(-0.162230377286,-0.35,-2.459232075714));
#6499 = VECTOR('',#6500,1.);
#6500 = DIRECTION('',(0.,1.,3.330669073875E-16));
#6501 = PLANE('',#6502);
#6502 = AXIS2_PLACEMENT_3D('',#6503,#6504,#6505);
#6503 = CARTESIAN_POINT('',(-0.45,-0.35,-1.5));
#6504 = DIRECTION('',(-0.957826285221,9.570607158995E-17,-0.287347885566
    ));
#6505 = DIRECTION('',(0.287347885566,5.31700397722E-16,-0.957826285221)
  );
#6506 = ADVANCED_FACE('',(#6507),#6513,.T.);
#6507 = FACE_BOUND('',#6508,.T.);
#6508 = EDGE_LOOP('',(#6509,#6510,#6511,#6512));
#6509 = ORIENTED_EDGE('',*,*,#5360,.T.);
#6510 = ORIENTED_EDGE('',*,*,#5233,.T.);
#6511 = ORIENTED_EDGE('',*,*,#5193,.F.);
#6512 = ORIENTED_EDGE('',*,*,#6479,.F.);
#6513 = CYLINDRICAL_SURFACE('',#6514,0.29);
#6514 = AXIS2_PLACEMENT_3D('',#6515,#6516,#6517);
#6515 = CARTESIAN_POINT('',(0.14,-0.35,1.21));
#6516 = DIRECTION('',(0.,1.,3.330669073875E-16));
#6517 = DIRECTION('',(-1.,0.,0.));
#6518 = ADVANCED_FACE('',(#6519),#6530,.F.);
#6519 = FACE_BOUND('',#6520,.F.);
#6520 = EDGE_LOOP('',(#6521,#6527,#6528,#6529));
#6521 = ORIENTED_EDGE('',*,*,#6522,.T.);
#6522 = EDGE_CURVE('',#5277,#5103,#6523,.T.);
#6523 = LINE('',#6524,#6525);
#6524 = CARTESIAN_POINT('',(-0.15,-0.35,-2.542562962528));
#6525 = VECTOR('',#6526,1.);
#6526 = DIRECTION('',(0.,1.,3.330669073875E-16));
#6527 = ORIENTED_EDGE('',*,*,#5102,.T.);
#6528 = ORIENTED_EDGE('',*,*,#6496,.F.);
#6529 = ORIENTED_EDGE('',*,*,#5276,.F.);
#6530 = CYLINDRICAL_SURFACE('',#6531,0.29);
#6531 = AXIS2_PLACEMENT_3D('',#6532,#6533,#6534);
#6532 = CARTESIAN_POINT('',(-0.44,-0.35,-2.542562962528));
#6533 = DIRECTION('',(0.,1.,3.330669073875E-16));
#6534 = DIRECTION('',(1.,0.,-0.));
#6535 = ADVANCED_FACE('',(#6536),#6547,.F.);
#6536 = FACE_BOUND('',#6537,.F.);
#6537 = EDGE_LOOP('',(#6538,#6539,#6545,#6546));
#6538 = ORIENTED_EDGE('',*,*,#5285,.F.);
#6539 = ORIENTED_EDGE('',*,*,#6540,.T.);
#6540 = EDGE_CURVE('',#5286,#5112,#6541,.T.);
#6541 = LINE('',#6542,#6543);
#6542 = CARTESIAN_POINT('',(-0.15,-0.35,-3.5));
#6543 = VECTOR('',#6544,1.);
#6544 = DIRECTION('',(0.,1.,3.330669073875E-16));
#6545 = ORIENTED_EDGE('',*,*,#5111,.T.);
#6546 = ORIENTED_EDGE('',*,*,#6522,.F.);
#6547 = PLANE('',#6548);
#6548 = AXIS2_PLACEMENT_3D('',#6549,#6550,#6551);
#6549 = CARTESIAN_POINT('',(-0.15,-0.35,-3.5));
#6550 = DIRECTION('',(1.,0.,0.));
#6551 = DIRECTION('',(0.,-5.551115123126E-16,1.));
#6552 = ADVANCED_FACE('',(#6553),#6564,.F.);
#6553 = FACE_BOUND('',#6554,.F.);
#6554 = EDGE_LOOP('',(#6555,#6561,#6562,#6563));
#6555 = ORIENTED_EDGE('',*,*,#6556,.T.);
#6556 = EDGE_CURVE('',#5294,#5120,#6557,.T.);
#6557 = LINE('',#6558,#6559);
#6558 = CARTESIAN_POINT('',(0.15,-0.35,-3.5));
#6559 = VECTOR('',#6560,1.);
#6560 = DIRECTION('',(0.,1.,3.330669073875E-16));
#6561 = ORIENTED_EDGE('',*,*,#5119,.T.);
#6562 = ORIENTED_EDGE('',*,*,#6540,.F.);
#6563 = ORIENTED_EDGE('',*,*,#5293,.F.);
#6564 = PLANE('',#6565);
#6565 = AXIS2_PLACEMENT_3D('',#6566,#6567,#6568);
#6566 = CARTESIAN_POINT('',(0.15,-0.35,-3.5));
#6567 = DIRECTION('',(0.,-3.330669073875E-16,1.));
#6568 = DIRECTION('',(-1.,0.,0.));
#6569 = ADVANCED_FACE('',(#6570),#6581,.F.);
#6570 = FACE_BOUND('',#6571,.F.);
#6571 = EDGE_LOOP('',(#6572,#6573,#6579,#6580));
#6572 = ORIENTED_EDGE('',*,*,#5301,.F.);
#6573 = ORIENTED_EDGE('',*,*,#6574,.T.);
#6574 = EDGE_CURVE('',#5302,#5128,#6575,.T.);
#6575 = LINE('',#6576,#6577);
#6576 = CARTESIAN_POINT('',(0.15,-0.35,-2.542562962528));
#6577 = VECTOR('',#6578,1.);
#6578 = DIRECTION('',(0.,1.,3.330669073875E-16));
#6579 = ORIENTED_EDGE('',*,*,#5127,.T.);
#6580 = ORIENTED_EDGE('',*,*,#6556,.F.);
#6581 = PLANE('',#6582);
#6582 = AXIS2_PLACEMENT_3D('',#6583,#6584,#6585);
#6583 = CARTESIAN_POINT('',(0.15,-0.35,-2.5));
#6584 = DIRECTION('',(-1.,0.,-0.));
#6585 = DIRECTION('',(0.,5.551115123126E-16,-1.));
#6586 = ADVANCED_FACE('',(#6587),#6598,.T.);
#6587 = FACE_BOUND('',#6588,.T.);
#6588 = EDGE_LOOP('',(#6589,#6590,#6596,#6597));
#6589 = ORIENTED_EDGE('',*,*,#5343,.T.);
#6590 = ORIENTED_EDGE('',*,*,#6591,.T.);
#6591 = EDGE_CURVE('',#5336,#5162,#6592,.T.);
#6592 = LINE('',#6593,#6594);
#6593 = CARTESIAN_POINT('',(0.137769622714,-0.35,-0.540767924286));
#6594 = VECTOR('',#6595,1.);
#6595 = DIRECTION('',(0.,1.,3.330669073875E-16));
#6596 = ORIENTED_EDGE('',*,*,#5169,.F.);
#6597 = ORIENTED_EDGE('',*,*,#6389,.F.);
#6598 = CYLINDRICAL_SURFACE('',#6599,0.29);
#6599 = AXIS2_PLACEMENT_3D('',#6600,#6601,#6602);
#6600 = CARTESIAN_POINT('',(-0.14,-0.35,-0.457437037472));
#6601 = DIRECTION('',(0.,1.,3.330669073875E-16));
#6602 = DIRECTION('',(1.,0.,-0.));
#6603 = ADVANCED_FACE('',(#6604),#6615,.T.);
#6604 = FACE_BOUND('',#6605,.T.);
#6605 = EDGE_LOOP('',(#6606,#6607,#6608,#6609));
#6606 = ORIENTED_EDGE('',*,*,#5309,.T.);
#6607 = ORIENTED_EDGE('',*,*,#6574,.T.);
#6608 = ORIENTED_EDGE('',*,*,#5135,.F.);
#6609 = ORIENTED_EDGE('',*,*,#6610,.F.);
#6610 = EDGE_CURVE('',#5310,#5136,#6611,.T.);
#6611 = LINE('',#6612,#6613);
#6612 = CARTESIAN_POINT('',(0.137769622714,-0.35,-2.459232075714));
#6613 = VECTOR('',#6614,1.);
#6614 = DIRECTION('',(0.,1.,3.330669073875E-16));
#6615 = CYLINDRICAL_SURFACE('',#6616,0.29);
#6616 = AXIS2_PLACEMENT_3D('',#6617,#6618,#6619);
#6617 = CARTESIAN_POINT('',(-0.14,-0.35,-2.542562962528));
#6618 = DIRECTION('',(0.,1.,3.330669073875E-16));
#6619 = DIRECTION('',(0.957826285221,-9.570607158983E-17,0.287347885566)
  );
#6620 = ADVANCED_FACE('',(#6621),#6632,.T.);
#6621 = FACE_BOUND('',#6622,.T.);
#6622 = EDGE_LOOP('',(#6623,#6624,#6630,#6631));
#6623 = ORIENTED_EDGE('',*,*,#5335,.F.);
#6624 = ORIENTED_EDGE('',*,*,#6625,.T.);
#6625 = EDGE_CURVE('',#5327,#5153,#6626,.T.);
#6626 = LINE('',#6627,#6628);
#6627 = CARTESIAN_POINT('',(-0.125000733956,-0.35,-1.416669113186));
#6628 = VECTOR('',#6629,1.);
#6629 = DIRECTION('',(0.,1.,3.330669073875E-16));
#6630 = ORIENTED_EDGE('',*,*,#5161,.T.);
#6631 = ORIENTED_EDGE('',*,*,#6591,.F.);
#6632 = PLANE('',#6633);
#6633 = AXIS2_PLACEMENT_3D('',#6634,#6635,#6636);
#6634 = CARTESIAN_POINT('',(-0.15,-0.35,-1.5));
#6635 = DIRECTION('',(0.957826285221,9.570607158995E-17,-0.287347885566)
  );
#6636 = DIRECTION('',(0.287347885566,-5.31700397722E-16,0.957826285221)
  );
#6637 = ADVANCED_FACE('',(#6638),#6649,.T.);
#6638 = FACE_BOUND('',#6639,.T.);
#6639 = EDGE_LOOP('',(#6640,#6641,#6642,#6643));
#6640 = ORIENTED_EDGE('',*,*,#5318,.F.);
#6641 = ORIENTED_EDGE('',*,*,#6610,.T.);
#6642 = ORIENTED_EDGE('',*,*,#5144,.T.);
#6643 = ORIENTED_EDGE('',*,*,#6644,.F.);
#6644 = EDGE_CURVE('',#5319,#5145,#6645,.T.);
#6645 = LINE('',#6646,#6647);
#6646 = CARTESIAN_POINT('',(-0.125000733956,-0.35,-1.583330886814));
#6647 = VECTOR('',#6648,1.);
#6648 = DIRECTION('',(0.,1.,3.330669073875E-16));
#6649 = PLANE('',#6650);
#6650 = AXIS2_PLACEMENT_3D('',#6651,#6652,#6653);
#6651 = CARTESIAN_POINT('',(0.15,-0.35,-2.5));
#6652 = DIRECTION('',(0.957826285221,-9.570607158995E-17,0.287347885566)
  );
#6653 = DIRECTION('',(-0.287347885566,-5.31700397722E-16,0.957826285221)
  );
#6654 = ADVANCED_FACE('',(#6655),#6661,.F.);
#6655 = FACE_BOUND('',#6656,.F.);
#6656 = EDGE_LOOP('',(#6657,#6658,#6659,#6660));
#6657 = ORIENTED_EDGE('',*,*,#6625,.T.);
#6658 = ORIENTED_EDGE('',*,*,#5152,.T.);
#6659 = ORIENTED_EDGE('',*,*,#6644,.F.);
#6660 = ORIENTED_EDGE('',*,*,#5326,.F.);
#6661 = CYLINDRICAL_SURFACE('',#6662,0.29);
#6662 = AXIS2_PLACEMENT_3D('',#6663,#6664,#6665);
#6663 = CARTESIAN_POINT('',(0.152768888758,-0.35,-1.5));
#6664 = DIRECTION('',(0.,1.,3.330669073875E-16));
#6665 = DIRECTION('',(-0.957826285221,-9.570607158983E-17,0.287347885566
    ));
#6666 = ADVANCED_FACE('',(#6667),#6683,.T.);
#6667 = FACE_BOUND('',#6668,.T.);
#6668 = EDGE_LOOP('',(#6669,#6670,#6676,#6677));
#6669 = ORIENTED_EDGE('',*,*,#5392,.F.);
#6670 = ORIENTED_EDGE('',*,*,#6671,.T.);
#6671 = EDGE_CURVE('',#5393,#5543,#6672,.T.);
#6672 = LINE('',#6673,#6674);
#6673 = CARTESIAN_POINT('',(-0.162230377286,-4.85,-0.540767924286));
#6674 = VECTOR('',#6675,1.);
#6675 = DIRECTION('',(0.,1.,3.330669073875E-16));
#6676 = ORIENTED_EDGE('',*,*,#5542,.T.);
#6677 = ORIENTED_EDGE('',*,*,#6678,.F.);
#6678 = EDGE_CURVE('',#5395,#5545,#6679,.T.);
#6679 = LINE('',#6680,#6681);
#6680 = CARTESIAN_POINT('',(-0.425000733956,-4.85,-1.416669113186));
#6681 = VECTOR('',#6682,1.);
#6682 = DIRECTION('',(0.,1.,3.330669073875E-16));
#6683 = PLANE('',#6684);
#6684 = AXIS2_PLACEMENT_3D('',#6685,#6686,#6687);
#6685 = CARTESIAN_POINT('',(-0.15,-4.85,-0.5));
#6686 = DIRECTION('',(-0.957826285221,-9.570607158995E-17,0.287347885566
    ));
#6687 = DIRECTION('',(-0.287347885566,5.31700397722E-16,-0.957826285221)
  );
#6688 = ADVANCED_FACE('',(#6689),#6700,.F.);
#6689 = FACE_BOUND('',#6690,.F.);
#6690 = EDGE_LOOP('',(#6691,#6692,#6693,#6699));
#6691 = ORIENTED_EDGE('',*,*,#6671,.T.);
#6692 = ORIENTED_EDGE('',*,*,#5677,.T.);
#6693 = ORIENTED_EDGE('',*,*,#6694,.F.);
#6694 = EDGE_CURVE('',#5520,#5670,#6695,.T.);
#6695 = LINE('',#6696,#6697);
#6696 = CARTESIAN_POINT('',(-0.15,-4.85,-0.457437037472));
#6697 = VECTOR('',#6698,1.);
#6698 = DIRECTION('',(0.,1.,3.330669073875E-16));
#6699 = ORIENTED_EDGE('',*,*,#5527,.F.);
#6700 = CYLINDRICAL_SURFACE('',#6701,0.29);
#6701 = AXIS2_PLACEMENT_3D('',#6702,#6703,#6704);
#6702 = CARTESIAN_POINT('',(-0.44,-4.85,-0.457437037472));
#6703 = DIRECTION('',(0.,1.,3.330669073875E-16));
#6704 = DIRECTION('',(0.957826285221,9.570607158983E-17,-0.287347885566)
  );
#6705 = ADVANCED_FACE('',(#6706),#6717,.T.);
#6706 = FACE_BOUND('',#6707,.T.);
#6707 = EDGE_LOOP('',(#6708,#6709,#6710,#6716));
#6708 = ORIENTED_EDGE('',*,*,#6678,.T.);
#6709 = ORIENTED_EDGE('',*,*,#5552,.T.);
#6710 = ORIENTED_EDGE('',*,*,#6711,.F.);
#6711 = EDGE_CURVE('',#5403,#5553,#6712,.T.);
#6712 = LINE('',#6713,#6714);
#6713 = CARTESIAN_POINT('',(-0.425000733956,-4.85,-1.583330886814));
#6714 = VECTOR('',#6715,1.);
#6715 = DIRECTION('',(0.,1.,3.330669073875E-16));
#6716 = ORIENTED_EDGE('',*,*,#5402,.F.);
#6717 = CYLINDRICAL_SURFACE('',#6718,0.29);
#6718 = AXIS2_PLACEMENT_3D('',#6719,#6720,#6721);
#6719 = CARTESIAN_POINT('',(-0.147231111242,-4.85,-1.5));
#6720 = DIRECTION('',(0.,1.,3.330669073875E-16));
#6721 = DIRECTION('',(-0.957826285221,-9.570607158983E-17,0.287347885566
    ));
#6722 = ADVANCED_FACE('',(#6723),#6734,.F.);
#6723 = FACE_BOUND('',#6724,.F.);
#6724 = EDGE_LOOP('',(#6725,#6726,#6727,#6728));
#6725 = ORIENTED_EDGE('',*,*,#5519,.F.);
#6726 = ORIENTED_EDGE('',*,*,#6694,.T.);
#6727 = ORIENTED_EDGE('',*,*,#5669,.T.);
#6728 = ORIENTED_EDGE('',*,*,#6729,.F.);
#6729 = EDGE_CURVE('',#5511,#5661,#6730,.T.);
#6730 = LINE('',#6731,#6732);
#6731 = CARTESIAN_POINT('',(-0.15,-4.85,1.21));
#6732 = VECTOR('',#6733,1.);
#6733 = DIRECTION('',(0.,1.,3.330669073875E-16));
#6734 = PLANE('',#6735);
#6735 = AXIS2_PLACEMENT_3D('',#6736,#6737,#6738);
#6736 = CARTESIAN_POINT('',(-0.15,-4.85,-0.5));
#6737 = DIRECTION('',(1.,0.,0.));
#6738 = DIRECTION('',(0.,-5.551115123126E-16,1.));
#6739 = ADVANCED_FACE('',(#6740),#6751,.T.);
#6740 = FACE_BOUND('',#6741,.T.);
#6741 = EDGE_LOOP('',(#6742,#6743,#6744,#6745));
#6742 = ORIENTED_EDGE('',*,*,#5411,.F.);
#6743 = ORIENTED_EDGE('',*,*,#6711,.T.);
#6744 = ORIENTED_EDGE('',*,*,#5561,.T.);
#6745 = ORIENTED_EDGE('',*,*,#6746,.F.);
#6746 = EDGE_CURVE('',#5412,#5562,#6747,.T.);
#6747 = LINE('',#6748,#6749);
#6748 = CARTESIAN_POINT('',(-0.162230377286,-4.85,-2.459232075714));
#6749 = VECTOR('',#6750,1.);
#6750 = DIRECTION('',(0.,1.,3.330669073875E-16));
#6751 = PLANE('',#6752);
#6752 = AXIS2_PLACEMENT_3D('',#6753,#6754,#6755);
#6753 = CARTESIAN_POINT('',(-0.45,-4.85,-1.5));
#6754 = DIRECTION('',(-0.957826285221,9.570607158995E-17,-0.287347885566
    ));
#6755 = DIRECTION('',(0.287347885566,5.31700397722E-16,-0.957826285221)
  );
#6756 = ADVANCED_FACE('',(#6757),#6763,.T.);
#6757 = FACE_BOUND('',#6758,.T.);
#6758 = EDGE_LOOP('',(#6759,#6760,#6761,#6762));
#6759 = ORIENTED_EDGE('',*,*,#5510,.T.);
#6760 = ORIENTED_EDGE('',*,*,#5693,.T.);
#6761 = ORIENTED_EDGE('',*,*,#5660,.F.);
#6762 = ORIENTED_EDGE('',*,*,#6729,.F.);
#6763 = CYLINDRICAL_SURFACE('',#6764,0.29);
#6764 = AXIS2_PLACEMENT_3D('',#6765,#6766,#6767);
#6765 = CARTESIAN_POINT('',(0.14,-4.85,1.21));
#6766 = DIRECTION('',(0.,1.,3.330669073875E-16));
#6767 = DIRECTION('',(-1.,0.,0.));
#6768 = ADVANCED_FACE('',(#6769),#6780,.F.);
#6769 = FACE_BOUND('',#6770,.F.);
#6770 = EDGE_LOOP('',(#6771,#6777,#6778,#6779));
#6771 = ORIENTED_EDGE('',*,*,#6772,.T.);
#6772 = EDGE_CURVE('',#5420,#5570,#6773,.T.);
#6773 = LINE('',#6774,#6775);
#6774 = CARTESIAN_POINT('',(-0.15,-4.85,-2.542562962528));
#6775 = VECTOR('',#6776,1.);
#6776 = DIRECTION('',(0.,1.,3.330669073875E-16));
#6777 = ORIENTED_EDGE('',*,*,#5569,.T.);
#6778 = ORIENTED_EDGE('',*,*,#6746,.F.);
#6779 = ORIENTED_EDGE('',*,*,#5419,.F.);
#6780 = CYLINDRICAL_SURFACE('',#6781,0.29);
#6781 = AXIS2_PLACEMENT_3D('',#6782,#6783,#6784);
#6782 = CARTESIAN_POINT('',(-0.44,-4.85,-2.542562962528));
#6783 = DIRECTION('',(0.,1.,3.330669073875E-16));
#6784 = DIRECTION('',(1.,0.,-0.));
#6785 = ADVANCED_FACE('',(#6786),#6797,.F.);
#6786 = FACE_BOUND('',#6787,.F.);
#6787 = EDGE_LOOP('',(#6788,#6789,#6795,#6796));
#6788 = ORIENTED_EDGE('',*,*,#5428,.F.);
#6789 = ORIENTED_EDGE('',*,*,#6790,.T.);
#6790 = EDGE_CURVE('',#5429,#5579,#6791,.T.);
#6791 = LINE('',#6792,#6793);
#6792 = CARTESIAN_POINT('',(-0.15,-4.85,-3.5));
#6793 = VECTOR('',#6794,1.);
#6794 = DIRECTION('',(0.,1.,3.330669073875E-16));
#6795 = ORIENTED_EDGE('',*,*,#5578,.T.);
#6796 = ORIENTED_EDGE('',*,*,#6772,.F.);
#6797 = PLANE('',#6798);
#6798 = AXIS2_PLACEMENT_3D('',#6799,#6800,#6801);
#6799 = CARTESIAN_POINT('',(-0.15,-4.85,-3.5));
#6800 = DIRECTION('',(1.,0.,0.));
#6801 = DIRECTION('',(0.,-5.551115123126E-16,1.));
#6802 = ADVANCED_FACE('',(#6803),#6814,.F.);
#6803 = FACE_BOUND('',#6804,.F.);
#6804 = EDGE_LOOP('',(#6805,#6811,#6812,#6813));
#6805 = ORIENTED_EDGE('',*,*,#6806,.T.);
#6806 = EDGE_CURVE('',#5437,#5587,#6807,.T.);
#6807 = LINE('',#6808,#6809);
#6808 = CARTESIAN_POINT('',(0.15,-4.85,-3.5));
#6809 = VECTOR('',#6810,1.);
#6810 = DIRECTION('',(0.,1.,3.330669073875E-16));
#6811 = ORIENTED_EDGE('',*,*,#5586,.T.);
#6812 = ORIENTED_EDGE('',*,*,#6790,.F.);
#6813 = ORIENTED_EDGE('',*,*,#5436,.F.);
#6814 = PLANE('',#6815);
#6815 = AXIS2_PLACEMENT_3D('',#6816,#6817,#6818);
#6816 = CARTESIAN_POINT('',(0.15,-4.85,-3.5));
#6817 = DIRECTION('',(0.,-3.330669073875E-16,1.));
#6818 = DIRECTION('',(-1.,0.,0.));
#6819 = ADVANCED_FACE('',(#6820),#6831,.F.);
#6820 = FACE_BOUND('',#6821,.F.);
#6821 = EDGE_LOOP('',(#6822,#6823,#6829,#6830));
#6822 = ORIENTED_EDGE('',*,*,#5444,.F.);
#6823 = ORIENTED_EDGE('',*,*,#6824,.T.);
#6824 = EDGE_CURVE('',#5445,#5595,#6825,.T.);
#6825 = LINE('',#6826,#6827);
#6826 = CARTESIAN_POINT('',(0.15,-4.85,-2.542562962528));
#6827 = VECTOR('',#6828,1.);
#6828 = DIRECTION('',(0.,1.,3.330669073875E-16));
#6829 = ORIENTED_EDGE('',*,*,#5594,.T.);
#6830 = ORIENTED_EDGE('',*,*,#6806,.F.);
#6831 = PLANE('',#6832);
#6832 = AXIS2_PLACEMENT_3D('',#6833,#6834,#6835);
#6833 = CARTESIAN_POINT('',(0.15,-4.85,-2.5));
#6834 = DIRECTION('',(-1.,0.,-0.));
#6835 = DIRECTION('',(0.,5.551115123126E-16,-1.));
#6836 = ADVANCED_FACE('',(#6837),#6848,.T.);
#6837 = FACE_BOUND('',#6838,.T.);
#6838 = EDGE_LOOP('',(#6839,#6840,#6846,#6847));
#6839 = ORIENTED_EDGE('',*,*,#5486,.T.);
#6840 = ORIENTED_EDGE('',*,*,#6841,.T.);
#6841 = EDGE_CURVE('',#5479,#5629,#6842,.T.);
#6842 = LINE('',#6843,#6844);
#6843 = CARTESIAN_POINT('',(0.137769622714,-4.85,-0.540767924286));
#6844 = VECTOR('',#6845,1.);
#6845 = DIRECTION('',(0.,1.,3.330669073875E-16));
#6846 = ORIENTED_EDGE('',*,*,#5636,.F.);
#6847 = ORIENTED_EDGE('',*,*,#6355,.F.);
#6848 = CYLINDRICAL_SURFACE('',#6849,0.29);
#6849 = AXIS2_PLACEMENT_3D('',#6850,#6851,#6852);
#6850 = CARTESIAN_POINT('',(-0.14,-4.85,-0.457437037472));
#6851 = DIRECTION('',(0.,1.,3.330669073875E-16));
#6852 = DIRECTION('',(1.,0.,-0.));
#6853 = ADVANCED_FACE('',(#6854),#6865,.T.);
#6854 = FACE_BOUND('',#6855,.T.);
#6855 = EDGE_LOOP('',(#6856,#6857,#6858,#6859));
#6856 = ORIENTED_EDGE('',*,*,#5452,.T.);
#6857 = ORIENTED_EDGE('',*,*,#6824,.T.);
#6858 = ORIENTED_EDGE('',*,*,#5602,.F.);
#6859 = ORIENTED_EDGE('',*,*,#6860,.F.);
#6860 = EDGE_CURVE('',#5453,#5603,#6861,.T.);
#6861 = LINE('',#6862,#6863);
#6862 = CARTESIAN_POINT('',(0.137769622714,-4.85,-2.459232075714));
#6863 = VECTOR('',#6864,1.);
#6864 = DIRECTION('',(0.,1.,3.330669073875E-16));
#6865 = CYLINDRICAL_SURFACE('',#6866,0.29);
#6866 = AXIS2_PLACEMENT_3D('',#6867,#6868,#6869);
#6867 = CARTESIAN_POINT('',(-0.14,-4.85,-2.542562962528));
#6868 = DIRECTION('',(0.,1.,3.330669073875E-16));
#6869 = DIRECTION('',(0.957826285221,-9.570607158983E-17,0.287347885566)
  );
#6870 = ADVANCED_FACE('',(#6871),#6882,.T.);
#6871 = FACE_BOUND('',#6872,.T.);
#6872 = EDGE_LOOP('',(#6873,#6874,#6880,#6881));
#6873 = ORIENTED_EDGE('',*,*,#5478,.F.);
#6874 = ORIENTED_EDGE('',*,*,#6875,.T.);
#6875 = EDGE_CURVE('',#5470,#5620,#6876,.T.);
#6876 = LINE('',#6877,#6878);
#6877 = CARTESIAN_POINT('',(-0.125000733956,-4.85,-1.416669113186));
#6878 = VECTOR('',#6879,1.);
#6879 = DIRECTION('',(0.,1.,3.330669073875E-16));
#6880 = ORIENTED_EDGE('',*,*,#5628,.T.);
#6881 = ORIENTED_EDGE('',*,*,#6841,.F.);
#6882 = PLANE('',#6883);
#6883 = AXIS2_PLACEMENT_3D('',#6884,#6885,#6886);
#6884 = CARTESIAN_POINT('',(-0.15,-4.85,-1.5));
#6885 = DIRECTION('',(0.957826285221,9.570607158995E-17,-0.287347885566)
  );
#6886 = DIRECTION('',(0.287347885566,-5.31700397722E-16,0.957826285221)
  );
#6887 = ADVANCED_FACE('',(#6888),#6899,.T.);
#6888 = FACE_BOUND('',#6889,.T.);
#6889 = EDGE_LOOP('',(#6890,#6891,#6892,#6893));
#6890 = ORIENTED_EDGE('',*,*,#5461,.F.);
#6891 = ORIENTED_EDGE('',*,*,#6860,.T.);
#6892 = ORIENTED_EDGE('',*,*,#5611,.T.);
#6893 = ORIENTED_EDGE('',*,*,#6894,.F.);
#6894 = EDGE_CURVE('',#5462,#5612,#6895,.T.);
#6895 = LINE('',#6896,#6897);
#6896 = CARTESIAN_POINT('',(-0.125000733956,-4.85,-1.583330886814));
#6897 = VECTOR('',#6898,1.);
#6898 = DIRECTION('',(0.,1.,3.330669073875E-16));
#6899 = PLANE('',#6900);
#6900 = AXIS2_PLACEMENT_3D('',#6901,#6902,#6903);
#6901 = CARTESIAN_POINT('',(0.15,-4.85,-2.5));
#6902 = DIRECTION('',(0.957826285221,-9.570607158995E-17,0.287347885566)
  );
#6903 = DIRECTION('',(-0.287347885566,-5.31700397722E-16,0.957826285221)
  );
#6904 = ADVANCED_FACE('',(#6905),#6911,.F.);
#6905 = FACE_BOUND('',#6906,.F.);
#6906 = EDGE_LOOP('',(#6907,#6908,#6909,#6910));
#6907 = ORIENTED_EDGE('',*,*,#6875,.T.);
#6908 = ORIENTED_EDGE('',*,*,#5619,.T.);
#6909 = ORIENTED_EDGE('',*,*,#6894,.F.);
#6910 = ORIENTED_EDGE('',*,*,#5469,.F.);
#6911 = CYLINDRICAL_SURFACE('',#6912,0.29);
#6912 = AXIS2_PLACEMENT_3D('',#6913,#6914,#6915);
#6913 = CARTESIAN_POINT('',(0.152768888758,-4.85,-1.5));
#6914 = DIRECTION('',(0.,1.,3.330669073875E-16));
#6915 = DIRECTION('',(-0.957826285221,-9.570607158983E-17,0.287347885566
    ));
#6916 = ADVANCED_FACE('',(#6917),#6933,.F.);
#6917 = FACE_BOUND('',#6918,.F.);
#6918 = EDGE_LOOP('',(#6919,#6920,#6926,#6927));
#6919 = ORIENTED_EDGE('',*,*,#5709,.F.);
#6920 = ORIENTED_EDGE('',*,*,#6921,.T.);
#6921 = EDGE_CURVE('',#5710,#5884,#6922,.T.);
#6922 = LINE('',#6923,#6924);
#6923 = CARTESIAN_POINT('',(6.462230377286,-4.85,-0.540767924286));
#6924 = VECTOR('',#6925,1.);
#6925 = DIRECTION('',(0.,1.,3.330669073875E-16));
#6926 = ORIENTED_EDGE('',*,*,#5883,.T.);
#6927 = ORIENTED_EDGE('',*,*,#6928,.F.);
#6928 = EDGE_CURVE('',#5712,#5886,#6929,.T.);
#6929 = LINE('',#6930,#6931);
#6930 = CARTESIAN_POINT('',(6.725000733956,-4.85,-1.416669113186));
#6931 = VECTOR('',#6932,1.);
#6932 = DIRECTION('',(0.,1.,3.330669073875E-16));
#6933 = PLANE('',#6934);
#6934 = AXIS2_PLACEMENT_3D('',#6935,#6936,#6937);
#6935 = CARTESIAN_POINT('',(6.45,-4.85,-0.5));
#6936 = DIRECTION('',(-0.957826285221,9.570607158995E-17,-0.287347885566
    ));
#6937 = DIRECTION('',(0.287347885566,5.31700397722E-16,-0.957826285221)
  );
#6938 = ADVANCED_FACE('',(#6939),#6950,.F.);
#6939 = FACE_BOUND('',#6940,.F.);
#6940 = EDGE_LOOP('',(#6941,#6942,#6948,#6949));
#6941 = ORIENTED_EDGE('',*,*,#5844,.T.);
#6942 = ORIENTED_EDGE('',*,*,#6943,.T.);
#6943 = EDGE_CURVE('',#5837,#6004,#6944,.T.);
#6944 = LINE('',#6945,#6946);
#6945 = CARTESIAN_POINT('',(6.45,-4.85,-0.457437037472));
#6946 = VECTOR('',#6947,1.);
#6947 = DIRECTION('',(0.,1.,3.330669073875E-16));
#6948 = ORIENTED_EDGE('',*,*,#6011,.F.);
#6949 = ORIENTED_EDGE('',*,*,#6921,.F.);
#6950 = CYLINDRICAL_SURFACE('',#6951,0.29);
#6951 = AXIS2_PLACEMENT_3D('',#6952,#6953,#6954);
#6952 = CARTESIAN_POINT('',(6.74,-4.85,-0.457437037472));
#6953 = DIRECTION('',(0.,1.,3.330669073875E-16));
#6954 = DIRECTION('',(-0.957826285221,9.570607158983E-17,-0.287347885566
    ));
#6955 = ADVANCED_FACE('',(#6956),#6967,.T.);
#6956 = FACE_BOUND('',#6957,.T.);
#6957 = EDGE_LOOP('',(#6958,#6959,#6965,#6966));
#6958 = ORIENTED_EDGE('',*,*,#5719,.T.);
#6959 = ORIENTED_EDGE('',*,*,#6960,.T.);
#6960 = EDGE_CURVE('',#5720,#5894,#6961,.T.);
#6961 = LINE('',#6962,#6963);
#6962 = CARTESIAN_POINT('',(6.725000733956,-4.85,-1.583330886814));
#6963 = VECTOR('',#6964,1.);
#6964 = DIRECTION('',(0.,1.,3.330669073875E-16));
#6965 = ORIENTED_EDGE('',*,*,#5893,.F.);
#6966 = ORIENTED_EDGE('',*,*,#6928,.F.);
#6967 = CYLINDRICAL_SURFACE('',#6968,0.29);
#6968 = AXIS2_PLACEMENT_3D('',#6969,#6970,#6971);
#6969 = CARTESIAN_POINT('',(6.447231111242,-4.85,-1.5));
#6970 = DIRECTION('',(0.,1.,3.330669073875E-16));
#6971 = DIRECTION('',(0.957826285221,-9.570607158983E-17,0.287347885566)
  );
#6972 = ADVANCED_FACE('',(#6973),#6984,.T.);
#6973 = FACE_BOUND('',#6974,.T.);
#6974 = EDGE_LOOP('',(#6975,#6976,#6977,#6978));
#6975 = ORIENTED_EDGE('',*,*,#5836,.F.);
#6976 = ORIENTED_EDGE('',*,*,#6943,.T.);
#6977 = ORIENTED_EDGE('',*,*,#6003,.T.);
#6978 = ORIENTED_EDGE('',*,*,#6979,.F.);
#6979 = EDGE_CURVE('',#5828,#5995,#6980,.T.);
#6980 = LINE('',#6981,#6982);
#6981 = CARTESIAN_POINT('',(6.45,-4.85,1.21));
#6982 = VECTOR('',#6983,1.);
#6983 = DIRECTION('',(0.,1.,3.330669073875E-16));
#6984 = PLANE('',#6985);
#6985 = AXIS2_PLACEMENT_3D('',#6986,#6987,#6988);
#6986 = CARTESIAN_POINT('',(6.45,-4.85,-0.5));
#6987 = DIRECTION('',(1.,0.,0.));
#6988 = DIRECTION('',(0.,-5.551115123126E-16,1.));
#6989 = ADVANCED_FACE('',(#6990),#7001,.F.);
#6990 = FACE_BOUND('',#6991,.F.);
#6991 = EDGE_LOOP('',(#6992,#6993,#6994,#6995));
#6992 = ORIENTED_EDGE('',*,*,#5728,.F.);
#6993 = ORIENTED_EDGE('',*,*,#6960,.T.);
#6994 = ORIENTED_EDGE('',*,*,#5902,.T.);
#6995 = ORIENTED_EDGE('',*,*,#6996,.F.);
#6996 = EDGE_CURVE('',#5729,#5903,#6997,.T.);
#6997 = LINE('',#6998,#6999);
#6998 = CARTESIAN_POINT('',(6.462230377286,-4.85,-2.459232075714));
#6999 = VECTOR('',#7000,1.);
#7000 = DIRECTION('',(0.,1.,3.330669073875E-16));
#7001 = PLANE('',#7002);
#7002 = AXIS2_PLACEMENT_3D('',#7003,#7004,#7005);
#7003 = CARTESIAN_POINT('',(6.75,-4.85,-1.5));
#7004 = DIRECTION('',(-0.957826285221,-9.570607158995E-17,0.287347885566
    ));
#7005 = DIRECTION('',(-0.287347885566,5.31700397722E-16,-0.957826285221)
  );
#7006 = ADVANCED_FACE('',(#7007),#7013,.T.);
#7007 = FACE_BOUND('',#7008,.T.);
#7008 = EDGE_LOOP('',(#7009,#7010,#7011,#7012));
#7009 = ORIENTED_EDGE('',*,*,#6979,.T.);
#7010 = ORIENTED_EDGE('',*,*,#5994,.T.);
#7011 = ORIENTED_EDGE('',*,*,#5860,.F.);
#7012 = ORIENTED_EDGE('',*,*,#5827,.F.);
#7013 = CYLINDRICAL_SURFACE('',#7014,0.29);
#7014 = AXIS2_PLACEMENT_3D('',#7015,#7016,#7017);
#7015 = CARTESIAN_POINT('',(6.16,-4.85,1.21));
#7016 = DIRECTION('',(0.,1.,3.330669073875E-16));
#7017 = DIRECTION('',(1.,0.,-0.));
#7018 = ADVANCED_FACE('',(#7019),#7030,.F.);
#7019 = FACE_BOUND('',#7020,.F.);
#7020 = EDGE_LOOP('',(#7021,#7022,#7023,#7024));
#7021 = ORIENTED_EDGE('',*,*,#5736,.T.);
#7022 = ORIENTED_EDGE('',*,*,#6996,.T.);
#7023 = ORIENTED_EDGE('',*,*,#5910,.F.);
#7024 = ORIENTED_EDGE('',*,*,#7025,.F.);
#7025 = EDGE_CURVE('',#5737,#5911,#7026,.T.);
#7026 = LINE('',#7027,#7028);
#7027 = CARTESIAN_POINT('',(6.45,-4.85,-2.542562962528));
#7028 = VECTOR('',#7029,1.);
#7029 = DIRECTION('',(0.,1.,3.330669073875E-16));
#7030 = CYLINDRICAL_SURFACE('',#7031,0.29);
#7031 = AXIS2_PLACEMENT_3D('',#7032,#7033,#7034);
#7032 = CARTESIAN_POINT('',(6.74,-4.85,-2.542562962528));
#7033 = DIRECTION('',(0.,1.,3.330669073875E-16));
#7034 = DIRECTION('',(-1.,0.,0.));
#7035 = ADVANCED_FACE('',(#7036),#7047,.T.);
#7036 = FACE_BOUND('',#7037,.T.);
#7037 = EDGE_LOOP('',(#7038,#7039,#7045,#7046));
#7038 = ORIENTED_EDGE('',*,*,#5745,.F.);
#7039 = ORIENTED_EDGE('',*,*,#7040,.T.);
#7040 = EDGE_CURVE('',#5746,#5920,#7041,.T.);
#7041 = LINE('',#7042,#7043);
#7042 = CARTESIAN_POINT('',(6.45,-4.85,-3.5));
#7043 = VECTOR('',#7044,1.);
#7044 = DIRECTION('',(0.,1.,3.330669073875E-16));
#7045 = ORIENTED_EDGE('',*,*,#5919,.T.);
#7046 = ORIENTED_EDGE('',*,*,#7025,.F.);
#7047 = PLANE('',#7048);
#7048 = AXIS2_PLACEMENT_3D('',#7049,#7050,#7051);
#7049 = CARTESIAN_POINT('',(6.45,-4.85,-3.5));
#7050 = DIRECTION('',(1.,0.,0.));
#7051 = DIRECTION('',(0.,-5.551115123126E-16,1.));
#7052 = ADVANCED_FACE('',(#7053),#7064,.T.);
#7053 = FACE_BOUND('',#7054,.T.);
#7054 = EDGE_LOOP('',(#7055,#7061,#7062,#7063));
#7055 = ORIENTED_EDGE('',*,*,#7056,.T.);
#7056 = EDGE_CURVE('',#5754,#5928,#7057,.T.);
#7057 = LINE('',#7058,#7059);
#7058 = CARTESIAN_POINT('',(6.15,-4.85,-3.5));
#7059 = VECTOR('',#7060,1.);
#7060 = DIRECTION('',(0.,1.,3.330669073875E-16));
#7061 = ORIENTED_EDGE('',*,*,#5927,.T.);
#7062 = ORIENTED_EDGE('',*,*,#7040,.F.);
#7063 = ORIENTED_EDGE('',*,*,#5753,.F.);
#7064 = PLANE('',#7065);
#7065 = AXIS2_PLACEMENT_3D('',#7066,#7067,#7068);
#7066 = CARTESIAN_POINT('',(6.15,-4.85,-3.5));
#7067 = DIRECTION('',(0.,3.330669073875E-16,-1.));
#7068 = DIRECTION('',(1.,0.,0.));
#7069 = ADVANCED_FACE('',(#7070),#7081,.T.);
#7070 = FACE_BOUND('',#7071,.T.);
#7071 = EDGE_LOOP('',(#7072,#7073,#7079,#7080));
#7072 = ORIENTED_EDGE('',*,*,#5761,.F.);
#7073 = ORIENTED_EDGE('',*,*,#7074,.T.);
#7074 = EDGE_CURVE('',#5762,#5936,#7075,.T.);
#7075 = LINE('',#7076,#7077);
#7076 = CARTESIAN_POINT('',(6.15,-4.85,-2.542562962528));
#7077 = VECTOR('',#7078,1.);
#7078 = DIRECTION('',(0.,1.,3.330669073875E-16));
#7079 = ORIENTED_EDGE('',*,*,#5935,.T.);
#7080 = ORIENTED_EDGE('',*,*,#7056,.F.);
#7081 = PLANE('',#7082);
#7082 = AXIS2_PLACEMENT_3D('',#7083,#7084,#7085);
#7083 = CARTESIAN_POINT('',(6.15,-4.85,-2.5));
#7084 = DIRECTION('',(-1.,0.,-0.));
#7085 = DIRECTION('',(0.,5.551115123126E-16,-1.));
#7086 = ADVANCED_FACE('',(#7087),#7098,.T.);
#7087 = FACE_BOUND('',#7088,.T.);
#7088 = EDGE_LOOP('',(#7089,#7090,#7091,#7097));
#7089 = ORIENTED_EDGE('',*,*,#6372,.T.);
#7090 = ORIENTED_EDGE('',*,*,#5977,.T.);
#7091 = ORIENTED_EDGE('',*,*,#7092,.F.);
#7092 = EDGE_CURVE('',#5796,#5970,#7093,.T.);
#7093 = LINE('',#7094,#7095);
#7094 = CARTESIAN_POINT('',(6.162230377286,-4.85,-0.540767924286));
#7095 = VECTOR('',#7096,1.);
#7096 = DIRECTION('',(0.,1.,3.330669073875E-16));
#7097 = ORIENTED_EDGE('',*,*,#5803,.F.);
#7098 = CYLINDRICAL_SURFACE('',#7099,0.29);
#7099 = AXIS2_PLACEMENT_3D('',#7100,#7101,#7102);
#7100 = CARTESIAN_POINT('',(6.44,-4.85,-0.457437037472));
#7101 = DIRECTION('',(0.,1.,3.330669073875E-16));
#7102 = DIRECTION('',(-1.,0.,0.));
#7103 = ADVANCED_FACE('',(#7104),#7115,.T.);
#7104 = FACE_BOUND('',#7105,.T.);
#7105 = EDGE_LOOP('',(#7106,#7112,#7113,#7114));
#7106 = ORIENTED_EDGE('',*,*,#7107,.T.);
#7107 = EDGE_CURVE('',#5770,#5944,#7108,.T.);
#7108 = LINE('',#7109,#7110);
#7109 = CARTESIAN_POINT('',(6.162230377286,-4.85,-2.459232075714));
#7110 = VECTOR('',#7111,1.);
#7111 = DIRECTION('',(0.,1.,3.330669073875E-16));
#7112 = ORIENTED_EDGE('',*,*,#5943,.T.);
#7113 = ORIENTED_EDGE('',*,*,#7074,.F.);
#7114 = ORIENTED_EDGE('',*,*,#5769,.F.);
#7115 = CYLINDRICAL_SURFACE('',#7116,0.29);
#7116 = AXIS2_PLACEMENT_3D('',#7117,#7118,#7119);
#7117 = CARTESIAN_POINT('',(6.44,-4.85,-2.542562962528));
#7118 = DIRECTION('',(0.,1.,3.330669073875E-16));
#7119 = DIRECTION('',(-0.957826285221,-9.570607158983E-17,0.287347885566
    ));
#7120 = ADVANCED_FACE('',(#7121),#7132,.F.);
#7121 = FACE_BOUND('',#7122,.F.);
#7122 = EDGE_LOOP('',(#7123,#7124,#7130,#7131));
#7123 = ORIENTED_EDGE('',*,*,#5795,.F.);
#7124 = ORIENTED_EDGE('',*,*,#7125,.T.);
#7125 = EDGE_CURVE('',#5787,#5961,#7126,.T.);
#7126 = LINE('',#7127,#7128);
#7127 = CARTESIAN_POINT('',(6.425000733956,-4.85,-1.416669113186));
#7128 = VECTOR('',#7129,1.);
#7129 = DIRECTION('',(0.,1.,3.330669073875E-16));
#7130 = ORIENTED_EDGE('',*,*,#5969,.T.);
#7131 = ORIENTED_EDGE('',*,*,#7092,.F.);
#7132 = PLANE('',#7133);
#7133 = AXIS2_PLACEMENT_3D('',#7134,#7135,#7136);
#7134 = CARTESIAN_POINT('',(6.45,-4.85,-1.5));
#7135 = DIRECTION('',(0.957826285221,-9.570607158995E-17,0.287347885566)
  );
#7136 = DIRECTION('',(-0.287347885566,-5.31700397722E-16,0.957826285221)
  );
#7137 = ADVANCED_FACE('',(#7138),#7149,.F.);
#7138 = FACE_BOUND('',#7139,.F.);
#7139 = EDGE_LOOP('',(#7140,#7141,#7142,#7143));
#7140 = ORIENTED_EDGE('',*,*,#5778,.F.);
#7141 = ORIENTED_EDGE('',*,*,#7107,.T.);
#7142 = ORIENTED_EDGE('',*,*,#5952,.T.);
#7143 = ORIENTED_EDGE('',*,*,#7144,.F.);
#7144 = EDGE_CURVE('',#5779,#5953,#7145,.T.);
#7145 = LINE('',#7146,#7147);
#7146 = CARTESIAN_POINT('',(6.425000733956,-4.85,-1.583330886814));
#7147 = VECTOR('',#7148,1.);
#7148 = DIRECTION('',(0.,1.,3.330669073875E-16));
#7149 = PLANE('',#7150);
#7150 = AXIS2_PLACEMENT_3D('',#7151,#7152,#7153);
#7151 = CARTESIAN_POINT('',(6.15,-4.85,-2.5));
#7152 = DIRECTION('',(0.957826285221,9.570607158995E-17,-0.287347885566)
  );
#7153 = DIRECTION('',(0.287347885566,-5.31700397722E-16,0.957826285221)
  );
#7154 = ADVANCED_FACE('',(#7155),#7161,.F.);
#7155 = FACE_BOUND('',#7156,.F.);
#7156 = EDGE_LOOP('',(#7157,#7158,#7159,#7160));
#7157 = ORIENTED_EDGE('',*,*,#5786,.T.);
#7158 = ORIENTED_EDGE('',*,*,#7144,.T.);
#7159 = ORIENTED_EDGE('',*,*,#5960,.F.);
#7160 = ORIENTED_EDGE('',*,*,#7125,.F.);
#7161 = CYLINDRICAL_SURFACE('',#7162,0.29);
#7162 = AXIS2_PLACEMENT_3D('',#7163,#7164,#7165);
#7163 = CARTESIAN_POINT('',(6.147231111242,-4.85,-1.5));
#7164 = DIRECTION('',(0.,1.,3.330669073875E-16));
#7165 = DIRECTION('',(0.957826285221,-9.570607158983E-17,0.287347885566)
  );
#7166 = ADVANCED_FACE('',(#7167),#7183,.F.);
#7167 = FACE_BOUND('',#7168,.F.);
#7168 = EDGE_LOOP('',(#7169,#7170,#7176,#7177));
#7169 = ORIENTED_EDGE('',*,*,#6176,.F.);
#7170 = ORIENTED_EDGE('',*,*,#7171,.T.);
#7171 = EDGE_CURVE('',#6177,#6027,#7172,.T.);
#7172 = LINE('',#7173,#7174);
#7173 = CARTESIAN_POINT('',(6.462230377286,-0.35,-0.540767924286));
#7174 = VECTOR('',#7175,1.);
#7175 = DIRECTION('',(0.,1.,3.330669073875E-16));
#7176 = ORIENTED_EDGE('',*,*,#6026,.T.);
#7177 = ORIENTED_EDGE('',*,*,#7178,.F.);
#7178 = EDGE_CURVE('',#6179,#6029,#7179,.T.);
#7179 = LINE('',#7180,#7181);
#7180 = CARTESIAN_POINT('',(6.725000733956,-0.35,-1.416669113186));
#7181 = VECTOR('',#7182,1.);
#7182 = DIRECTION('',(0.,1.,3.330669073875E-16));
#7183 = PLANE('',#7184);
#7184 = AXIS2_PLACEMENT_3D('',#7185,#7186,#7187);
#7185 = CARTESIAN_POINT('',(6.45,-0.35,-0.5));
#7186 = DIRECTION('',(-0.957826285221,9.570607158995E-17,-0.287347885566
    ));
#7187 = DIRECTION('',(0.287347885566,5.31700397722E-16,-0.957826285221)
  );
#7188 = ADVANCED_FACE('',(#7189),#7200,.F.);
#7189 = FACE_BOUND('',#7190,.F.);
#7190 = EDGE_LOOP('',(#7191,#7192,#7198,#7199));
#7191 = ORIENTED_EDGE('',*,*,#6311,.T.);
#7192 = ORIENTED_EDGE('',*,*,#7193,.T.);
#7193 = EDGE_CURVE('',#6304,#6154,#7194,.T.);
#7194 = LINE('',#7195,#7196);
#7195 = CARTESIAN_POINT('',(6.45,-0.35,-0.457437037472));
#7196 = VECTOR('',#7197,1.);
#7197 = DIRECTION('',(0.,1.,3.330669073875E-16));
#7198 = ORIENTED_EDGE('',*,*,#6161,.F.);
#7199 = ORIENTED_EDGE('',*,*,#7171,.F.);
#7200 = CYLINDRICAL_SURFACE('',#7201,0.29);
#7201 = AXIS2_PLACEMENT_3D('',#7202,#7203,#7204);
#7202 = CARTESIAN_POINT('',(6.74,-0.35,-0.457437037472));
#7203 = DIRECTION('',(0.,1.,3.330669073875E-16));
#7204 = DIRECTION('',(-0.957826285221,9.570607158983E-17,-0.287347885566
    ));
#7205 = ADVANCED_FACE('',(#7206),#7217,.T.);
#7206 = FACE_BOUND('',#7207,.T.);
#7207 = EDGE_LOOP('',(#7208,#7209,#7215,#7216));
#7208 = ORIENTED_EDGE('',*,*,#6186,.T.);
#7209 = ORIENTED_EDGE('',*,*,#7210,.T.);
#7210 = EDGE_CURVE('',#6187,#6037,#7211,.T.);
#7211 = LINE('',#7212,#7213);
#7212 = CARTESIAN_POINT('',(6.725000733956,-0.35,-1.583330886814));
#7213 = VECTOR('',#7214,1.);
#7214 = DIRECTION('',(0.,1.,3.330669073875E-16));
#7215 = ORIENTED_EDGE('',*,*,#6036,.F.);
#7216 = ORIENTED_EDGE('',*,*,#7178,.F.);
#7217 = CYLINDRICAL_SURFACE('',#7218,0.29);
#7218 = AXIS2_PLACEMENT_3D('',#7219,#7220,#7221);
#7219 = CARTESIAN_POINT('',(6.447231111242,-0.35,-1.5));
#7220 = DIRECTION('',(0.,1.,3.330669073875E-16));
#7221 = DIRECTION('',(0.957826285221,-9.570607158983E-17,0.287347885566)
  );
#7222 = ADVANCED_FACE('',(#7223),#7234,.T.);
#7223 = FACE_BOUND('',#7224,.T.);
#7224 = EDGE_LOOP('',(#7225,#7226,#7227,#7228));
#7225 = ORIENTED_EDGE('',*,*,#6303,.F.);
#7226 = ORIENTED_EDGE('',*,*,#7193,.T.);
#7227 = ORIENTED_EDGE('',*,*,#6153,.T.);
#7228 = ORIENTED_EDGE('',*,*,#7229,.F.);
#7229 = EDGE_CURVE('',#6295,#6145,#7230,.T.);
#7230 = LINE('',#7231,#7232);
#7231 = CARTESIAN_POINT('',(6.45,-0.35,1.21));
#7232 = VECTOR('',#7233,1.);
#7233 = DIRECTION('',(0.,1.,3.330669073875E-16));
#7234 = PLANE('',#7235);
#7235 = AXIS2_PLACEMENT_3D('',#7236,#7237,#7238);
#7236 = CARTESIAN_POINT('',(6.45,-0.35,-0.5));
#7237 = DIRECTION('',(1.,0.,0.));
#7238 = DIRECTION('',(0.,-5.551115123126E-16,1.));
#7239 = ADVANCED_FACE('',(#7240),#7251,.F.);
#7240 = FACE_BOUND('',#7241,.F.);
#7241 = EDGE_LOOP('',(#7242,#7243,#7244,#7245));
#7242 = ORIENTED_EDGE('',*,*,#6195,.F.);
#7243 = ORIENTED_EDGE('',*,*,#7210,.T.);
#7244 = ORIENTED_EDGE('',*,*,#6045,.T.);
#7245 = ORIENTED_EDGE('',*,*,#7246,.F.);
#7246 = EDGE_CURVE('',#6196,#6046,#7247,.T.);
#7247 = LINE('',#7248,#7249);
#7248 = CARTESIAN_POINT('',(6.462230377286,-0.35,-2.459232075714));
#7249 = VECTOR('',#7250,1.);
#7250 = DIRECTION('',(0.,1.,3.330669073875E-16));
#7251 = PLANE('',#7252);
#7252 = AXIS2_PLACEMENT_3D('',#7253,#7254,#7255);
#7253 = CARTESIAN_POINT('',(6.75,-0.35,-1.5));
#7254 = DIRECTION('',(-0.957826285221,-9.570607158995E-17,0.287347885566
    ));
#7255 = DIRECTION('',(-0.287347885566,5.31700397722E-16,-0.957826285221)
  );
#7256 = ADVANCED_FACE('',(#7257),#7263,.T.);
#7257 = FACE_BOUND('',#7258,.T.);
#7258 = EDGE_LOOP('',(#7259,#7260,#7261,#7262));
#7259 = ORIENTED_EDGE('',*,*,#7229,.T.);
#7260 = ORIENTED_EDGE('',*,*,#6144,.T.);
#7261 = ORIENTED_EDGE('',*,*,#6327,.F.);
#7262 = ORIENTED_EDGE('',*,*,#6294,.F.);
#7263 = CYLINDRICAL_SURFACE('',#7264,0.29);
#7264 = AXIS2_PLACEMENT_3D('',#7265,#7266,#7267);
#7265 = CARTESIAN_POINT('',(6.16,-0.35,1.21));
#7266 = DIRECTION('',(0.,1.,3.330669073875E-16));
#7267 = DIRECTION('',(1.,0.,-0.));
#7268 = ADVANCED_FACE('',(#7269),#7280,.F.);
#7269 = FACE_BOUND('',#7270,.F.);
#7270 = EDGE_LOOP('',(#7271,#7272,#7273,#7274));
#7271 = ORIENTED_EDGE('',*,*,#6203,.T.);
#7272 = ORIENTED_EDGE('',*,*,#7246,.T.);
#7273 = ORIENTED_EDGE('',*,*,#6053,.F.);
#7274 = ORIENTED_EDGE('',*,*,#7275,.F.);
#7275 = EDGE_CURVE('',#6204,#6054,#7276,.T.);
#7276 = LINE('',#7277,#7278);
#7277 = CARTESIAN_POINT('',(6.45,-0.35,-2.542562962528));
#7278 = VECTOR('',#7279,1.);
#7279 = DIRECTION('',(0.,1.,3.330669073875E-16));
#7280 = CYLINDRICAL_SURFACE('',#7281,0.29);
#7281 = AXIS2_PLACEMENT_3D('',#7282,#7283,#7284);
#7282 = CARTESIAN_POINT('',(6.74,-0.35,-2.542562962528));
#7283 = DIRECTION('',(0.,1.,3.330669073875E-16));
#7284 = DIRECTION('',(-1.,0.,0.));
#7285 = ADVANCED_FACE('',(#7286),#7297,.T.);
#7286 = FACE_BOUND('',#7287,.T.);
#7287 = EDGE_LOOP('',(#7288,#7289,#7295,#7296));
#7288 = ORIENTED_EDGE('',*,*,#6212,.F.);
#7289 = ORIENTED_EDGE('',*,*,#7290,.T.);
#7290 = EDGE_CURVE('',#6213,#6063,#7291,.T.);
#7291 = LINE('',#7292,#7293);
#7292 = CARTESIAN_POINT('',(6.45,-0.35,-3.5));
#7293 = VECTOR('',#7294,1.);
#7294 = DIRECTION('',(0.,1.,3.330669073875E-16));
#7295 = ORIENTED_EDGE('',*,*,#6062,.T.);
#7296 = ORIENTED_EDGE('',*,*,#7275,.F.);
#7297 = PLANE('',#7298);
#7298 = AXIS2_PLACEMENT_3D('',#7299,#7300,#7301);
#7299 = CARTESIAN_POINT('',(6.45,-0.35,-3.5));
#7300 = DIRECTION('',(1.,0.,0.));
#7301 = DIRECTION('',(0.,-5.551115123126E-16,1.));
#7302 = ADVANCED_FACE('',(#7303),#7314,.T.);
#7303 = FACE_BOUND('',#7304,.T.);
#7304 = EDGE_LOOP('',(#7305,#7311,#7312,#7313));
#7305 = ORIENTED_EDGE('',*,*,#7306,.T.);
#7306 = EDGE_CURVE('',#6221,#6071,#7307,.T.);
#7307 = LINE('',#7308,#7309);
#7308 = CARTESIAN_POINT('',(6.15,-0.35,-3.5));
#7309 = VECTOR('',#7310,1.);
#7310 = DIRECTION('',(0.,1.,3.330669073875E-16));
#7311 = ORIENTED_EDGE('',*,*,#6070,.T.);
#7312 = ORIENTED_EDGE('',*,*,#7290,.F.);
#7313 = ORIENTED_EDGE('',*,*,#6220,.F.);
#7314 = PLANE('',#7315);
#7315 = AXIS2_PLACEMENT_3D('',#7316,#7317,#7318);
#7316 = CARTESIAN_POINT('',(6.15,-0.35,-3.5));
#7317 = DIRECTION('',(0.,3.330669073875E-16,-1.));
#7318 = DIRECTION('',(1.,0.,0.));
#7319 = ADVANCED_FACE('',(#7320),#7331,.T.);
#7320 = FACE_BOUND('',#7321,.T.);
#7321 = EDGE_LOOP('',(#7322,#7323,#7329,#7330));
#7322 = ORIENTED_EDGE('',*,*,#6228,.F.);
#7323 = ORIENTED_EDGE('',*,*,#7324,.T.);
#7324 = EDGE_CURVE('',#6229,#6079,#7325,.T.);
#7325 = LINE('',#7326,#7327);
#7326 = CARTESIAN_POINT('',(6.15,-0.35,-2.542562962528));
#7327 = VECTOR('',#7328,1.);
#7328 = DIRECTION('',(0.,1.,3.330669073875E-16));
#7329 = ORIENTED_EDGE('',*,*,#6078,.T.);
#7330 = ORIENTED_EDGE('',*,*,#7306,.F.);
#7331 = PLANE('',#7332);
#7332 = AXIS2_PLACEMENT_3D('',#7333,#7334,#7335);
#7333 = CARTESIAN_POINT('',(6.15,-0.35,-2.5));
#7334 = DIRECTION('',(-1.,0.,-0.));
#7335 = DIRECTION('',(0.,5.551115123126E-16,-1.));
#7336 = ADVANCED_FACE('',(#7337),#7348,.T.);
#7337 = FACE_BOUND('',#7338,.T.);
#7338 = EDGE_LOOP('',(#7339,#7340,#7341,#7347));
#7339 = ORIENTED_EDGE('',*,*,#6406,.T.);
#7340 = ORIENTED_EDGE('',*,*,#6120,.T.);
#7341 = ORIENTED_EDGE('',*,*,#7342,.F.);
#7342 = EDGE_CURVE('',#6263,#6113,#7343,.T.);
#7343 = LINE('',#7344,#7345);
#7344 = CARTESIAN_POINT('',(6.162230377286,-0.35,-0.540767924286));
#7345 = VECTOR('',#7346,1.);
#7346 = DIRECTION('',(0.,1.,3.330669073875E-16));
#7347 = ORIENTED_EDGE('',*,*,#6270,.F.);
#7348 = CYLINDRICAL_SURFACE('',#7349,0.29);
#7349 = AXIS2_PLACEMENT_3D('',#7350,#7351,#7352);
#7350 = CARTESIAN_POINT('',(6.44,-0.35,-0.457437037472));
#7351 = DIRECTION('',(0.,1.,3.330669073875E-16));
#7352 = DIRECTION('',(-1.,0.,0.));
#7353 = ADVANCED_FACE('',(#7354),#7365,.T.);
#7354 = FACE_BOUND('',#7355,.T.);
#7355 = EDGE_LOOP('',(#7356,#7362,#7363,#7364));
#7356 = ORIENTED_EDGE('',*,*,#7357,.T.);
#7357 = EDGE_CURVE('',#6237,#6087,#7358,.T.);
#7358 = LINE('',#7359,#7360);
#7359 = CARTESIAN_POINT('',(6.162230377286,-0.35,-2.459232075714));
#7360 = VECTOR('',#7361,1.);
#7361 = DIRECTION('',(0.,1.,3.330669073875E-16));
#7362 = ORIENTED_EDGE('',*,*,#6086,.T.);
#7363 = ORIENTED_EDGE('',*,*,#7324,.F.);
#7364 = ORIENTED_EDGE('',*,*,#6236,.F.);
#7365 = CYLINDRICAL_SURFACE('',#7366,0.29);
#7366 = AXIS2_PLACEMENT_3D('',#7367,#7368,#7369);
#7367 = CARTESIAN_POINT('',(6.44,-0.35,-2.542562962528));
#7368 = DIRECTION('',(0.,1.,3.330669073875E-16));
#7369 = DIRECTION('',(-0.957826285221,-9.570607158983E-17,0.287347885566
    ));
#7370 = ADVANCED_FACE('',(#7371),#7382,.F.);
#7371 = FACE_BOUND('',#7372,.F.);
#7372 = EDGE_LOOP('',(#7373,#7374,#7380,#7381));
#7373 = ORIENTED_EDGE('',*,*,#6262,.F.);
#7374 = ORIENTED_EDGE('',*,*,#7375,.T.);
#7375 = EDGE_CURVE('',#6254,#6104,#7376,.T.);
#7376 = LINE('',#7377,#7378);
#7377 = CARTESIAN_POINT('',(6.425000733956,-0.35,-1.416669113186));
#7378 = VECTOR('',#7379,1.);
#7379 = DIRECTION('',(0.,1.,3.330669073875E-16));
#7380 = ORIENTED_EDGE('',*,*,#6112,.T.);
#7381 = ORIENTED_EDGE('',*,*,#7342,.F.);
#7382 = PLANE('',#7383);
#7383 = AXIS2_PLACEMENT_3D('',#7384,#7385,#7386);
#7384 = CARTESIAN_POINT('',(6.45,-0.35,-1.5));
#7385 = DIRECTION('',(0.957826285221,-9.570607158995E-17,0.287347885566)
  );
#7386 = DIRECTION('',(-0.287347885566,-5.31700397722E-16,0.957826285221)
  );
#7387 = ADVANCED_FACE('',(#7388),#7399,.F.);
#7388 = FACE_BOUND('',#7389,.F.);
#7389 = EDGE_LOOP('',(#7390,#7391,#7392,#7393));
#7390 = ORIENTED_EDGE('',*,*,#6245,.F.);
#7391 = ORIENTED_EDGE('',*,*,#7357,.T.);
#7392 = ORIENTED_EDGE('',*,*,#6095,.T.);
#7393 = ORIENTED_EDGE('',*,*,#7394,.F.);
#7394 = EDGE_CURVE('',#6246,#6096,#7395,.T.);
#7395 = LINE('',#7396,#7397);
#7396 = CARTESIAN_POINT('',(6.425000733956,-0.35,-1.583330886814));
#7397 = VECTOR('',#7398,1.);
#7398 = DIRECTION('',(0.,1.,3.330669073875E-16));
#7399 = PLANE('',#7400);
#7400 = AXIS2_PLACEMENT_3D('',#7401,#7402,#7403);
#7401 = CARTESIAN_POINT('',(6.15,-0.35,-2.5));
#7402 = DIRECTION('',(0.957826285221,9.570607158995E-17,-0.287347885566)
  );
#7403 = DIRECTION('',(0.287347885566,-5.31700397722E-16,0.957826285221)
  );
#7404 = ADVANCED_FACE('',(#7405),#7411,.F.);
#7405 = FACE_BOUND('',#7406,.F.);
#7406 = EDGE_LOOP('',(#7407,#7408,#7409,#7410));
#7407 = ORIENTED_EDGE('',*,*,#6253,.T.);
#7408 = ORIENTED_EDGE('',*,*,#7394,.T.);
#7409 = ORIENTED_EDGE('',*,*,#6103,.F.);
#7410 = ORIENTED_EDGE('',*,*,#7375,.F.);
#7411 = CYLINDRICAL_SURFACE('',#7412,0.29);
#7412 = AXIS2_PLACEMENT_3D('',#7413,#7414,#7415);
#7413 = CARTESIAN_POINT('',(6.147231111242,-0.35,-1.5));
#7414 = DIRECTION('',(0.,1.,3.330669073875E-16));
#7415 = DIRECTION('',(0.957826285221,-9.570607158983E-17,0.287347885566)
  );
#7416 = ( GEOMETRIC_REPRESENTATION_CONTEXT(3) 
GLOBAL_UNCERTAINTY_ASSIGNED_CONTEXT((#7420)) 
GLOBAL_UNIT_ASSIGNED_CONTEXT((#7417,#7418,#7419)) REPRESENTATION_CONTEXT
('Context #1','3D Context with UNIT and UNCERTAINTY') );
#7417 = ( LENGTH_UNIT() NAMED_UNIT(*) SI_UNIT(.MILLI.,.METRE.) );
#7418 = ( NAMED_UNIT(*) PLANE_ANGLE_UNIT() SI_UNIT($,.RADIAN.) );
#7419 = ( NAMED_UNIT(*) SI_UNIT($,.STERADIAN.) SOLID_ANGLE_UNIT() );
#7420 = UNCERTAINTY_MEASURE_WITH_UNIT(LENGTH_MEASURE(1.E-07),#7417,
  'distance_accuracy_value','confusion accuracy');
#7421 = CONTEXT_DEPENDENT_SHAPE_REPRESENTATION(#7422,#7424);
#7422 = ( REPRESENTATION_RELATIONSHIP('','',#4186,#10) 
REPRESENTATION_RELATIONSHIP_WITH_TRANSFORMATION(#7423) 
SHAPE_REPRESENTATION_RELATIONSHIP() );
#7423 = ITEM_DEFINED_TRANSFORMATION('','',#11,#51);
#7424 = PRODUCT_DEFINITION_SHAPE('Placement','Placement of an item',
  #7425);
#7425 = NEXT_ASSEMBLY_USAGE_OCCURRENCE('10','SW2','',#5,#4181,$);
#7426 = PRODUCT_RELATED_PRODUCT_CATEGORY('part',$,(#4183));
#7427 = CONTEXT_DEPENDENT_SHAPE_REPRESENTATION(#7428,#7430);
#7428 = ( REPRESENTATION_RELATIONSHIP('','',#1810,#10) 
REPRESENTATION_RELATIONSHIP_WITH_TRANSFORMATION(#7429) 
SHAPE_REPRESENTATION_RELATIONSHIP() );
#7429 = ITEM_DEFINED_TRANSFORMATION('','',#11,#55);
#7430 = PRODUCT_DEFINITION_SHAPE('Placement','Placement of an item',
  #7431);
#7431 = NEXT_ASSEMBLY_USAGE_OCCURRENCE('11','R3','',#5,#1805,$);
#7432 = CONTEXT_DEPENDENT_SHAPE_REPRESENTATION(#7433,#7435);
#7433 = ( REPRESENTATION_RELATIONSHIP('','',#2624,#10) 
REPRESENTATION_RELATIONSHIP_WITH_TRANSFORMATION(#7434) 
SHAPE_REPRESENTATION_RELATIONSHIP() );
#7434 = ITEM_DEFINED_TRANSFORMATION('','',#11,#59);
#7435 = PRODUCT_DEFINITION_SHAPE('Placement','Placement of an item',
  #7436);
#7436 = NEXT_ASSEMBLY_USAGE_OCCURRENCE('12','D2','',#5,#2619,$);
#7437 = CONTEXT_DEPENDENT_SHAPE_REPRESENTATION(#7438,#7440);
#7438 = ( REPRESENTATION_RELATIONSHIP('','',#1810,#10) 
REPRESENTATION_RELATIONSHIP_WITH_TRANSFORMATION(#7439) 
SHAPE_REPRESENTATION_RELATIONSHIP() );
#7439 = ITEM_DEFINED_TRANSFORMATION('','',#11,#63);
#7440 = PRODUCT_DEFINITION_SHAPE('Placement','Placement of an item',
  #7441);
#7441 = NEXT_ASSEMBLY_USAGE_OCCURRENCE('13','R8','',#5,#1805,$);
#7442 = CONTEXT_DEPENDENT_SHAPE_REPRESENTATION(#7443,#7445);
#7443 = ( REPRESENTATION_RELATIONSHIP('','',#2624,#10) 
REPRESENTATION_RELATIONSHIP_WITH_TRANSFORMATION(#7444) 
SHAPE_REPRESENTATION_RELATIONSHIP() );
#7444 = ITEM_DEFINED_TRANSFORMATION('','',#11,#67);
#7445 = PRODUCT_DEFINITION_SHAPE('Placement','Placement of an item',
  #7446);
#7446 = NEXT_ASSEMBLY_USAGE_OCCURRENCE('14','D4','',#5,#2619,$);
#7447 = CONTEXT_DEPENDENT_SHAPE_REPRESENTATION(#7448,#7450);
#7448 = ( REPRESENTATION_RELATIONSHIP('','',#128,#10) 
REPRESENTATION_RELATIONSHIP_WITH_TRANSFORMATION(#7449) 
SHAPE_REPRESENTATION_RELATIONSHIP() );
#7449 = ITEM_DEFINED_TRANSFORMATION('','',#11,#71);
#7450 = PRODUCT_DEFINITION_SHAPE('Placement','Placement of an item',
  #7451);
#7451 = NEXT_ASSEMBLY_USAGE_OCCURRENCE('15','C4','',#5,#123,$);
#7452 = CONTEXT_DEPENDENT_SHAPE_REPRESENTATION(#7453,#7455);
#7453 = ( REPRESENTATION_RELATIONSHIP('','',#1810,#10) 
REPRESENTATION_RELATIONSHIP_WITH_TRANSFORMATION(#7454) 
SHAPE_REPRESENTATION_RELATIONSHIP() );
#7454 = ITEM_DEFINED_TRANSFORMATION('','',#11,#75);
#7455 = PRODUCT_DEFINITION_SHAPE('Placement','Placement of an item',
  #7456);
#7456 = NEXT_ASSEMBLY_USAGE_OCCURRENCE('16','R1','',#5,#1805,$);
#7457 = CONTEXT_DEPENDENT_SHAPE_REPRESENTATION(#7458,#7460);
#7458 = ( REPRESENTATION_RELATIONSHIP('','',#128,#10) 
REPRESENTATION_RELATIONSHIP_WITH_TRANSFORMATION(#7459) 
SHAPE_REPRESENTATION_RELATIONSHIP() );
#7459 = ITEM_DEFINED_TRANSFORMATION('','',#11,#79);
#7460 = PRODUCT_DEFINITION_SHAPE('Placement','Placement of an item',
  #7461);
#7461 = NEXT_ASSEMBLY_USAGE_OCCURRENCE('17','C1','',#5,#123,$);
#7462 = CONTEXT_DEPENDENT_SHAPE_REPRESENTATION(#7463,#7465);
#7463 = ( REPRESENTATION_RELATIONSHIP('','',#128,#10) 
REPRESENTATION_RELATIONSHIP_WITH_TRANSFORMATION(#7464) 
SHAPE_REPRESENTATION_RELATIONSHIP() );
#7464 = ITEM_DEFINED_TRANSFORMATION('','',#11,#83);
#7465 = PRODUCT_DEFINITION_SHAPE('Placement','Placement of an item',
  #7466);
#7466 = NEXT_ASSEMBLY_USAGE_OCCURRENCE('18','C5','',#5,#123,$);
#7467 = CONTEXT_DEPENDENT_SHAPE_REPRESENTATION(#7468,#7470);
#7468 = ( REPRESENTATION_RELATIONSHIP('','',#1810,#10) 
REPRESENTATION_RELATIONSHIP_WITH_TRANSFORMATION(#7469) 
SHAPE_REPRESENTATION_RELATIONSHIP() );
#7469 = ITEM_DEFINED_TRANSFORMATION('','',#11,#87);
#7470 = PRODUCT_DEFINITION_SHAPE('Placement','Placement of an item',
  #7471);
#7471 = NEXT_ASSEMBLY_USAGE_OCCURRENCE('19','R6','',#5,#1805,$);
#7472 = CONTEXT_DEPENDENT_SHAPE_REPRESENTATION(#7473,#7475);
#7473 = ( REPRESENTATION_RELATIONSHIP('','',#128,#10) 
REPRESENTATION_RELATIONSHIP_WITH_TRANSFORMATION(#7474) 
SHAPE_REPRESENTATION_RELATIONSHIP() );
#7474 = ITEM_DEFINED_TRANSFORMATION('','',#11,#91);
#7475 = PRODUCT_DEFINITION_SHAPE('Placement','Placement of an item',
  #7476);
#7476 = NEXT_ASSEMBLY_USAGE_OCCURRENCE('20','C6','',#5,#123,$);
#7477 = CONTEXT_DEPENDENT_SHAPE_REPRESENTATION(#7478,#7480);
#7478 = ( REPRESENTATION_RELATIONSHIP('','',#128,#10) 
REPRESENTATION_RELATIONSHIP_WITH_TRANSFORMATION(#7479) 
SHAPE_REPRESENTATION_RELATIONSHIP() );
#7479 = ITEM_DEFINED_TRANSFORMATION('','',#11,#95);
#7480 = PRODUCT_DEFINITION_SHAPE('Placement','Placement of an item',
  #7481);
#7481 = NEXT_ASSEMBLY_USAGE_OCCURRENCE('21','C9','',#5,#123,$);
#7482 = CONTEXT_DEPENDENT_SHAPE_REPRESENTATION(#7483,#7485);
#7483 = ( REPRESENTATION_RELATIONSHIP('','',#128,#10) 
REPRESENTATION_RELATIONSHIP_WITH_TRANSFORMATION(#7484) 
SHAPE_REPRESENTATION_RELATIONSHIP() );
#7484 = ITEM_DEFINED_TRANSFORMATION('','',#11,#99);
#7485 = PRODUCT_DEFINITION_SHAPE('Placement','Placement of an item',
  #7486);
#7486 = NEXT_ASSEMBLY_USAGE_OCCURRENCE('22','C8','',#5,#123,$);
#7487 = CONTEXT_DEPENDENT_SHAPE_REPRESENTATION(#7488,#7490);
#7488 = ( REPRESENTATION_RELATIONSHIP('','',#128,#10) 
REPRESENTATION_RELATIONSHIP_WITH_TRANSFORMATION(#7489) 
SHAPE_REPRESENTATION_RELATIONSHIP() );
#7489 = ITEM_DEFINED_TRANSFORMATION('','',#11,#103);
#7490 = PRODUCT_DEFINITION_SHAPE('Placement','Placement of an item',
  #7491);
#7491 = NEXT_ASSEMBLY_USAGE_OCCURRENCE('23','C7','',#5,#123,$);
#7492 = CONTEXT_DEPENDENT_SHAPE_REPRESENTATION(#7493,#7495);
#7493 = ( REPRESENTATION_RELATIONSHIP('','',#1810,#10) 
REPRESENTATION_RELATIONSHIP_WITH_TRANSFORMATION(#7494) 
SHAPE_REPRESENTATION_RELATIONSHIP() );
#7494 = ITEM_DEFINED_TRANSFORMATION('','',#11,#107);
#7495 = PRODUCT_DEFINITION_SHAPE('Placement','Placement of an item',
  #7496);
#7496 = NEXT_ASSEMBLY_USAGE_OCCURRENCE('24','R7','',#5,#1805,$);
#7497 = SHAPE_DEFINITION_REPRESENTATION(#7498,#7504);
#7498 = PRODUCT_DEFINITION_SHAPE('','',#7499);
#7499 = PRODUCT_DEFINITION('design','',#7500,#7503);
#7500 = PRODUCT_DEFINITION_FORMATION('','',#7501);
#7501 = PRODUCT('Schematic_PCB','Schematic_PCB','',(#7502));
#7502 = PRODUCT_CONTEXT('',#2,'mechanical');
#7503 = PRODUCT_DEFINITION_CONTEXT('part definition',#2,'design');
#7504 = ADVANCED_BREP_SHAPE_REPRESENTATION('',(#11,#7505),#12413);
#7505 = MANIFOLD_SOLID_BREP('',#7506);
#7506 = CLOSED_SHELL('',(#7507,#7547,#7578,#7609,#8968,#10327,#10339,
    #10356,#10373,#10390,#10407,#10424,#10441,#10458,#10475,#10492,
    #10509,#10526,#10543,#10560,#10577,#10594,#10611,#10628,#10645,
    #10662,#10679,#10696,#10713,#10730,#10747,#10764,#10781,#10798,
    #10815,#10832,#10849,#10866,#10883,#10900,#10917,#10934,#10951,
    #10968,#10985,#11002,#11019,#11036,#11053,#11070,#11087,#11104,
    #11121,#11138,#11155,#11172,#11189,#11206,#11223,#11240,#11257,
    #11274,#11291,#11308,#11325,#11342,#11359,#11376,#11393,#11410,
    #11427,#11444,#11461,#11478,#11495,#11512,#11529,#11546,#11563,
    #11580,#11597,#11614,#11631,#11648,#11665,#11682,#11699,#11716,
    #11733,#11750,#11767,#11784,#11801,#11818,#11835,#11852,#11869,
    #11886,#11903,#11920,#11937,#11954,#11971,#11988,#12005,#12022,
    #12039,#12056,#12073,#12090,#12107,#12124,#12141,#12158,#12175,
    #12192,#12209,#12226,#12243,#12260,#12277,#12294,#12311,#12328,
    #12345,#12362,#12379,#12396));
#7507 = ADVANCED_FACE('',(#7508),#7542,.T.);
#7508 = FACE_BOUND('',#7509,.T.);
#7509 = EDGE_LOOP('',(#7510,#7520,#7528,#7536));
#7510 = ORIENTED_EDGE('',*,*,#7511,.T.);
#7511 = EDGE_CURVE('',#7512,#7514,#7516,.T.);
#7512 = VERTEX_POINT('',#7513);
#7513 = CARTESIAN_POINT('',(166.,-120.,0.));
#7514 = VERTEX_POINT('',#7515);
#7515 = CARTESIAN_POINT('',(166.,-120.,1.51));
#7516 = LINE('',#7517,#7518);
#7517 = CARTESIAN_POINT('',(166.,-120.,0.));
#7518 = VECTOR('',#7519,1.);
#7519 = DIRECTION('',(0.,0.,1.));
#7520 = ORIENTED_EDGE('',*,*,#7521,.T.);
#7521 = EDGE_CURVE('',#7514,#7522,#7524,.T.);
#7522 = VERTEX_POINT('',#7523);
#7523 = CARTESIAN_POINT('',(75.5,-120.,1.51));
#7524 = LINE('',#7525,#7526);
#7525 = CARTESIAN_POINT('',(166.,-120.,1.51));
#7526 = VECTOR('',#7527,1.);
#7527 = DIRECTION('',(-1.,0.,0.));
#7528 = ORIENTED_EDGE('',*,*,#7529,.F.);
#7529 = EDGE_CURVE('',#7530,#7522,#7532,.T.);
#7530 = VERTEX_POINT('',#7531);
#7531 = CARTESIAN_POINT('',(75.5,-120.,0.));
#7532 = LINE('',#7533,#7534);
#7533 = CARTESIAN_POINT('',(75.5,-120.,0.));
#7534 = VECTOR('',#7535,1.);
#7535 = DIRECTION('',(0.,0.,1.));
#7536 = ORIENTED_EDGE('',*,*,#7537,.F.);
#7537 = EDGE_CURVE('',#7512,#7530,#7538,.T.);
#7538 = LINE('',#7539,#7540);
#7539 = CARTESIAN_POINT('',(166.,-120.,0.));
#7540 = VECTOR('',#7541,1.);
#7541 = DIRECTION('',(-1.,0.,0.));
#7542 = PLANE('',#7543);
#7543 = AXIS2_PLACEMENT_3D('',#7544,#7545,#7546);
#7544 = CARTESIAN_POINT('',(166.,-120.,0.));
#7545 = DIRECTION('',(0.,-1.,0.));
#7546 = DIRECTION('',(-1.,0.,0.));
#7547 = ADVANCED_FACE('',(#7548),#7573,.T.);
#7548 = FACE_BOUND('',#7549,.T.);
#7549 = EDGE_LOOP('',(#7550,#7560,#7566,#7567));
#7550 = ORIENTED_EDGE('',*,*,#7551,.T.);
#7551 = EDGE_CURVE('',#7552,#7554,#7556,.T.);
#7552 = VERTEX_POINT('',#7553);
#7553 = CARTESIAN_POINT('',(166.,-62.,0.));
#7554 = VERTEX_POINT('',#7555);
#7555 = CARTESIAN_POINT('',(166.,-62.,1.51));
#7556 = LINE('',#7557,#7558);
#7557 = CARTESIAN_POINT('',(166.,-62.,0.));
#7558 = VECTOR('',#7559,1.);
#7559 = DIRECTION('',(0.,0.,1.));
#7560 = ORIENTED_EDGE('',*,*,#7561,.T.);
#7561 = EDGE_CURVE('',#7554,#7514,#7562,.T.);
#7562 = LINE('',#7563,#7564);
#7563 = CARTESIAN_POINT('',(166.,-62.,1.51));
#7564 = VECTOR('',#7565,1.);
#7565 = DIRECTION('',(0.,-1.,0.));
#7566 = ORIENTED_EDGE('',*,*,#7511,.F.);
#7567 = ORIENTED_EDGE('',*,*,#7568,.F.);
#7568 = EDGE_CURVE('',#7552,#7512,#7569,.T.);
#7569 = LINE('',#7570,#7571);
#7570 = CARTESIAN_POINT('',(166.,-62.,0.));
#7571 = VECTOR('',#7572,1.);
#7572 = DIRECTION('',(0.,-1.,0.));
#7573 = PLANE('',#7574);
#7574 = AXIS2_PLACEMENT_3D('',#7575,#7576,#7577);
#7575 = CARTESIAN_POINT('',(166.,-62.,0.));
#7576 = DIRECTION('',(1.,0.,-0.));
#7577 = DIRECTION('',(0.,-1.,0.));
#7578 = ADVANCED_FACE('',(#7579),#7604,.T.);
#7579 = FACE_BOUND('',#7580,.T.);
#7580 = EDGE_LOOP('',(#7581,#7582,#7590,#7598));
#7581 = ORIENTED_EDGE('',*,*,#7529,.T.);
#7582 = ORIENTED_EDGE('',*,*,#7583,.T.);
#7583 = EDGE_CURVE('',#7522,#7584,#7586,.T.);
#7584 = VERTEX_POINT('',#7585);
#7585 = CARTESIAN_POINT('',(75.5,-62.,1.51));
#7586 = LINE('',#7587,#7588);
#7587 = CARTESIAN_POINT('',(75.5,-120.,1.51));
#7588 = VECTOR('',#7589,1.);
#7589 = DIRECTION('',(0.,1.,0.));
#7590 = ORIENTED_EDGE('',*,*,#7591,.F.);
#7591 = EDGE_CURVE('',#7592,#7584,#7594,.T.);
#7592 = VERTEX_POINT('',#7593);
#7593 = CARTESIAN_POINT('',(75.5,-62.,0.));
#7594 = LINE('',#7595,#7596);
#7595 = CARTESIAN_POINT('',(75.5,-62.,0.));
#7596 = VECTOR('',#7597,1.);
#7597 = DIRECTION('',(0.,0.,1.));
#7598 = ORIENTED_EDGE('',*,*,#7599,.F.);
#7599 = EDGE_CURVE('',#7530,#7592,#7600,.T.);
#7600 = LINE('',#7601,#7602);
#7601 = CARTESIAN_POINT('',(75.5,-120.,0.));
#7602 = VECTOR('',#7603,1.);
#7603 = DIRECTION('',(0.,1.,0.));
#7604 = PLANE('',#7605);
#7605 = AXIS2_PLACEMENT_3D('',#7606,#7607,#7608);
#7606 = CARTESIAN_POINT('',(75.5,-120.,0.));
#7607 = DIRECTION('',(-1.,0.,0.));
#7608 = DIRECTION('',(0.,1.,0.));
#7609 = ADVANCED_FACE('',(#7610,#7621,#7632,#7643,#7654,#7665,#7676,
    #7687,#7698,#7709,#7720,#7731,#7742,#7753,#7764,#7775,#7786,#7797,
    #7808,#7819,#7830,#7841,#7852,#7863,#7874,#7885,#7896,#7907,#7918,
    #7929,#7940,#7951,#7962,#7973,#7984,#7995,#8006,#8017,#8028,#8039,
    #8050,#8061,#8072,#8083,#8094,#8105,#8116,#8127,#8138,#8149,#8160,
    #8171,#8182,#8193,#8204,#8215,#8226,#8237,#8248,#8259,#8270,#8281,
    #8292,#8303,#8314,#8325,#8336,#8347,#8358,#8369,#8380,#8391,#8402,
    #8413,#8424,#8435,#8446,#8457,#8468,#8479,#8490,#8501,#8512,#8523,
    #8534,#8545,#8556,#8567,#8578,#8589,#8600,#8611,#8622,#8633,#8644,
    #8655,#8666,#8677,#8688,#8699,#8710,#8721,#8732,#8743,#8754,#8765,
    #8776,#8787,#8798,#8809,#8820,#8831,#8842,#8853,#8864,#8875,#8886,
    #8897,#8908,#8919,#8930,#8941,#8952),#8963,.F.);
#7610 = FACE_BOUND('',#7611,.F.);
#7611 = EDGE_LOOP('',(#7612,#7613,#7614,#7620));
#7612 = ORIENTED_EDGE('',*,*,#7537,.F.);
#7613 = ORIENTED_EDGE('',*,*,#7568,.F.);
#7614 = ORIENTED_EDGE('',*,*,#7615,.F.);
#7615 = EDGE_CURVE('',#7592,#7552,#7616,.T.);
#7616 = LINE('',#7617,#7618);
#7617 = CARTESIAN_POINT('',(75.5,-62.,0.));
#7618 = VECTOR('',#7619,1.);
#7619 = DIRECTION('',(1.,0.,0.));
#7620 = ORIENTED_EDGE('',*,*,#7599,.F.);
#7621 = FACE_BOUND('',#7622,.F.);
#7622 = EDGE_LOOP('',(#7623));
#7623 = ORIENTED_EDGE('',*,*,#7624,.T.);
#7624 = EDGE_CURVE('',#7625,#7625,#7627,.T.);
#7625 = VERTEX_POINT('',#7626);
#7626 = CARTESIAN_POINT('',(96.75,-114.8,0.));
#7627 = CIRCLE('',#7628,0.55);
#7628 = AXIS2_PLACEMENT_3D('',#7629,#7630,#7631);
#7629 = CARTESIAN_POINT('',(96.75,-114.25,0.));
#7630 = DIRECTION('',(-0.,0.,-1.));
#7631 = DIRECTION('',(-0.,-1.,0.));
#7632 = FACE_BOUND('',#7633,.F.);
#7633 = EDGE_LOOP('',(#7634));
#7634 = ORIENTED_EDGE('',*,*,#7635,.T.);
#7635 = EDGE_CURVE('',#7636,#7636,#7638,.T.);
#7636 = VERTEX_POINT('',#7637);
#7637 = CARTESIAN_POINT('',(96.75,-110.3,0.));
#7638 = CIRCLE('',#7639,0.55);
#7639 = AXIS2_PLACEMENT_3D('',#7640,#7641,#7642);
#7640 = CARTESIAN_POINT('',(96.75,-109.75,0.));
#7641 = DIRECTION('',(-0.,0.,-1.));
#7642 = DIRECTION('',(-0.,-1.,0.));
#7643 = FACE_BOUND('',#7644,.F.);
#7644 = EDGE_LOOP('',(#7645));
#7645 = ORIENTED_EDGE('',*,*,#7646,.T.);
#7646 = EDGE_CURVE('',#7647,#7647,#7649,.T.);
#7647 = VERTEX_POINT('',#7648);
#7648 = CARTESIAN_POINT('',(85.5,-107.18,0.));
#7649 = CIRCLE('',#7650,0.6);
#7650 = AXIS2_PLACEMENT_3D('',#7651,#7652,#7653);
#7651 = CARTESIAN_POINT('',(85.5,-106.58,0.));
#7652 = DIRECTION('',(-0.,0.,-1.));
#7653 = DIRECTION('',(-0.,-1.,0.));
#7654 = FACE_BOUND('',#7655,.F.);
#7655 = EDGE_LOOP('',(#7656));
#7656 = ORIENTED_EDGE('',*,*,#7657,.T.);
#7657 = EDGE_CURVE('',#7658,#7658,#7660,.T.);
#7658 = VERTEX_POINT('',#7659);
#7659 = CARTESIAN_POINT('',(85.5,-104.64,0.));
#7660 = CIRCLE('',#7661,0.6);
#7661 = AXIS2_PLACEMENT_3D('',#7662,#7663,#7664);
#7662 = CARTESIAN_POINT('',(85.5,-104.04,0.));
#7663 = DIRECTION('',(-0.,0.,-1.));
#7664 = DIRECTION('',(-0.,-1.,0.));
#7665 = FACE_BOUND('',#7666,.F.);
#7666 = EDGE_LOOP('',(#7667));
#7667 = ORIENTED_EDGE('',*,*,#7668,.T.);
#7668 = EDGE_CURVE('',#7669,#7669,#7671,.T.);
#7669 = VERTEX_POINT('',#7670);
#7670 = CARTESIAN_POINT('',(93.29,-103.52,0.));
#7671 = CIRCLE('',#7672,0.4);
#7672 = AXIS2_PLACEMENT_3D('',#7673,#7674,#7675);
#7673 = CARTESIAN_POINT('',(93.29,-103.12,0.));
#7674 = DIRECTION('',(-0.,0.,-1.));
#7675 = DIRECTION('',(3.5527136788E-14,-1.,-0.));
#7676 = FACE_BOUND('',#7677,.F.);
#7677 = EDGE_LOOP('',(#7678));
#7678 = ORIENTED_EDGE('',*,*,#7679,.T.);
#7679 = EDGE_CURVE('',#7680,#7680,#7682,.T.);
#7680 = VERTEX_POINT('',#7681);
#7681 = CARTESIAN_POINT('',(95.83,-103.52,0.));
#7682 = CIRCLE('',#7683,0.4);
#7683 = AXIS2_PLACEMENT_3D('',#7684,#7685,#7686);
#7684 = CARTESIAN_POINT('',(95.83,-103.12,0.));
#7685 = DIRECTION('',(-0.,0.,-1.));
#7686 = DIRECTION('',(-3.552713678801E-14,-1.,0.));
#7687 = FACE_BOUND('',#7688,.F.);
#7688 = EDGE_LOOP('',(#7689));
#7689 = ORIENTED_EDGE('',*,*,#7690,.T.);
#7690 = EDGE_CURVE('',#7691,#7691,#7693,.T.);
#7691 = VERTEX_POINT('',#7692);
#7692 = CARTESIAN_POINT('',(98.37,-103.52,0.));
#7693 = CIRCLE('',#7694,0.4);
#7694 = AXIS2_PLACEMENT_3D('',#7695,#7696,#7697);
#7695 = CARTESIAN_POINT('',(98.37,-103.12,0.));
#7696 = DIRECTION('',(-0.,0.,-1.));
#7697 = DIRECTION('',(-0.,-1.,0.));
#7698 = FACE_BOUND('',#7699,.F.);
#7699 = EDGE_LOOP('',(#7700));
#7700 = ORIENTED_EDGE('',*,*,#7701,.T.);
#7701 = EDGE_CURVE('',#7702,#7702,#7704,.T.);
#7702 = VERTEX_POINT('',#7703);
#7703 = CARTESIAN_POINT('',(100.91,-103.52,0.));
#7704 = CIRCLE('',#7705,0.4);
#7705 = AXIS2_PLACEMENT_3D('',#7706,#7707,#7708);
#7706 = CARTESIAN_POINT('',(100.91,-103.12,0.));
#7707 = DIRECTION('',(-0.,0.,-1.));
#7708 = DIRECTION('',(-0.,-1.,0.));
#7709 = FACE_BOUND('',#7710,.F.);
#7710 = EDGE_LOOP('',(#7711));
#7711 = ORIENTED_EDGE('',*,*,#7712,.T.);
#7712 = EDGE_CURVE('',#7713,#7713,#7715,.T.);
#7713 = VERTEX_POINT('',#7714);
#7714 = CARTESIAN_POINT('',(103.25,-114.8,0.));
#7715 = CIRCLE('',#7716,0.55);
#7716 = AXIS2_PLACEMENT_3D('',#7717,#7718,#7719);
#7717 = CARTESIAN_POINT('',(103.25,-114.25,0.));
#7718 = DIRECTION('',(-0.,0.,-1.));
#7719 = DIRECTION('',(-0.,-1.,0.));
#7720 = FACE_BOUND('',#7721,.F.);
#7721 = EDGE_LOOP('',(#7722));
#7722 = ORIENTED_EDGE('',*,*,#7723,.T.);
#7723 = EDGE_CURVE('',#7724,#7724,#7726,.T.);
#7724 = VERTEX_POINT('',#7725);
#7725 = CARTESIAN_POINT('',(103.25,-110.3,0.));
#7726 = CIRCLE('',#7727,0.55);
#7727 = AXIS2_PLACEMENT_3D('',#7728,#7729,#7730);
#7728 = CARTESIAN_POINT('',(103.25,-109.75,0.));
#7729 = DIRECTION('',(-0.,0.,-1.));
#7730 = DIRECTION('',(-0.,-1.,0.));
#7731 = FACE_BOUND('',#7732,.F.);
#7732 = EDGE_LOOP('',(#7733));
#7733 = ORIENTED_EDGE('',*,*,#7734,.T.);
#7734 = EDGE_CURVE('',#7735,#7735,#7737,.T.);
#7735 = VERTEX_POINT('',#7736);
#7736 = CARTESIAN_POINT('',(113.17,-110.8,0.));
#7737 = CIRCLE('',#7738,0.6);
#7738 = AXIS2_PLACEMENT_3D('',#7739,#7740,#7741);
#7739 = CARTESIAN_POINT('',(113.17,-110.2,0.));
#7740 = DIRECTION('',(-0.,0.,-1.));
#7741 = DIRECTION('',(2.368475785867E-14,-1.,-0.));
#7742 = FACE_BOUND('',#7743,.F.);
#7743 = EDGE_LOOP('',(#7744));
#7744 = ORIENTED_EDGE('',*,*,#7745,.T.);
#7745 = EDGE_CURVE('',#7746,#7746,#7748,.T.);
#7746 = VERTEX_POINT('',#7747);
#7747 = CARTESIAN_POINT('',(115.71,-110.8,0.));
#7748 = CIRCLE('',#7749,0.6);
#7749 = AXIS2_PLACEMENT_3D('',#7750,#7751,#7752);
#7750 = CARTESIAN_POINT('',(115.71,-110.2,0.));
#7751 = DIRECTION('',(-0.,0.,-1.));
#7752 = DIRECTION('',(-2.368475785867E-14,-1.,0.));
#7753 = FACE_BOUND('',#7754,.F.);
#7754 = EDGE_LOOP('',(#7755));
#7755 = ORIENTED_EDGE('',*,*,#7756,.T.);
#7756 = EDGE_CURVE('',#7757,#7757,#7759,.T.);
#7757 = VERTEX_POINT('',#7758);
#7758 = CARTESIAN_POINT('',(118.25,-110.8,0.));
#7759 = CIRCLE('',#7760,0.6);
#7760 = AXIS2_PLACEMENT_3D('',#7761,#7762,#7763);
#7761 = CARTESIAN_POINT('',(118.25,-110.2,0.));
#7762 = DIRECTION('',(-0.,0.,-1.));
#7763 = DIRECTION('',(-0.,-1.,0.));
#7764 = FACE_BOUND('',#7765,.F.);
#7765 = EDGE_LOOP('',(#7766));
#7766 = ORIENTED_EDGE('',*,*,#7767,.T.);
#7767 = EDGE_CURVE('',#7768,#7768,#7770,.T.);
#7768 = VERTEX_POINT('',#7769);
#7769 = CARTESIAN_POINT('',(103.45,-103.52,0.));
#7770 = CIRCLE('',#7771,0.4);
#7771 = AXIS2_PLACEMENT_3D('',#7772,#7773,#7774);
#7772 = CARTESIAN_POINT('',(103.45,-103.12,0.));
#7773 = DIRECTION('',(-0.,0.,-1.));
#7774 = DIRECTION('',(3.5527136788E-14,-1.,-0.));
#7775 = FACE_BOUND('',#7776,.F.);
#7776 = EDGE_LOOP('',(#7777));
#7777 = ORIENTED_EDGE('',*,*,#7778,.T.);
#7778 = EDGE_CURVE('',#7779,#7779,#7781,.T.);
#7779 = VERTEX_POINT('',#7780);
#7780 = CARTESIAN_POINT('',(105.99,-103.52,0.));
#7781 = CIRCLE('',#7782,0.4);
#7782 = AXIS2_PLACEMENT_3D('',#7783,#7784,#7785);
#7783 = CARTESIAN_POINT('',(105.99,-103.12,0.));
#7784 = DIRECTION('',(-0.,0.,-1.));
#7785 = DIRECTION('',(-3.552713678801E-14,-1.,0.));
#7786 = FACE_BOUND('',#7787,.F.);
#7787 = EDGE_LOOP('',(#7788));
#7788 = ORIENTED_EDGE('',*,*,#7789,.T.);
#7789 = EDGE_CURVE('',#7790,#7790,#7792,.T.);
#7790 = VERTEX_POINT('',#7791);
#7791 = CARTESIAN_POINT('',(108.53,-103.52,0.));
#7792 = CIRCLE('',#7793,0.4);
#7793 = AXIS2_PLACEMENT_3D('',#7794,#7795,#7796);
#7794 = CARTESIAN_POINT('',(108.53,-103.12,0.));
#7795 = DIRECTION('',(-0.,0.,-1.));
#7796 = DIRECTION('',(-0.,-1.,0.));
#7797 = FACE_BOUND('',#7798,.F.);
#7798 = EDGE_LOOP('',(#7799));
#7799 = ORIENTED_EDGE('',*,*,#7800,.T.);
#7800 = EDGE_CURVE('',#7801,#7801,#7803,.T.);
#7801 = VERTEX_POINT('',#7802);
#7802 = CARTESIAN_POINT('',(111.07,-103.52,0.));
#7803 = CIRCLE('',#7804,0.4);
#7804 = AXIS2_PLACEMENT_3D('',#7805,#7806,#7807);
#7805 = CARTESIAN_POINT('',(111.07,-103.12,0.));
#7806 = DIRECTION('',(-0.,0.,-1.));
#7807 = DIRECTION('',(-0.,-1.,0.));
#7808 = FACE_BOUND('',#7809,.F.);
#7809 = EDGE_LOOP('',(#7810));
#7810 = ORIENTED_EDGE('',*,*,#7811,.T.);
#7811 = EDGE_CURVE('',#7812,#7812,#7814,.T.);
#7812 = VERTEX_POINT('',#7813);
#7813 = CARTESIAN_POINT('',(113.61,-103.52,0.));
#7814 = CIRCLE('',#7815,0.4);
#7815 = AXIS2_PLACEMENT_3D('',#7816,#7817,#7818);
#7816 = CARTESIAN_POINT('',(113.61,-103.12,0.));
#7817 = DIRECTION('',(-0.,0.,-1.));
#7818 = DIRECTION('',(-0.,-1.,0.));
#7819 = FACE_BOUND('',#7820,.F.);
#7820 = EDGE_LOOP('',(#7821));
#7821 = ORIENTED_EDGE('',*,*,#7822,.T.);
#7822 = EDGE_CURVE('',#7823,#7823,#7825,.T.);
#7823 = VERTEX_POINT('',#7824);
#7824 = CARTESIAN_POINT('',(116.15,-103.52,0.));
#7825 = CIRCLE('',#7826,0.4);
#7826 = AXIS2_PLACEMENT_3D('',#7827,#7828,#7829);
#7827 = CARTESIAN_POINT('',(116.15,-103.12,0.));
#7828 = DIRECTION('',(-0.,0.,-1.));
#7829 = DIRECTION('',(-0.,-1.,0.));
#7830 = FACE_BOUND('',#7831,.F.);
#7831 = EDGE_LOOP('',(#7832));
#7832 = ORIENTED_EDGE('',*,*,#7833,.T.);
#7833 = EDGE_CURVE('',#7834,#7834,#7836,.T.);
#7834 = VERTEX_POINT('',#7835);
#7835 = CARTESIAN_POINT('',(118.69,-103.52,0.));
#7836 = CIRCLE('',#7837,0.4);
#7837 = AXIS2_PLACEMENT_3D('',#7838,#7839,#7840);
#7838 = CARTESIAN_POINT('',(118.69,-103.12,0.));
#7839 = DIRECTION('',(-0.,0.,-1.));
#7840 = DIRECTION('',(-0.,-1.,0.));
#7841 = FACE_BOUND('',#7842,.F.);
#7842 = EDGE_LOOP('',(#7843));
#7843 = ORIENTED_EDGE('',*,*,#7844,.T.);
#7844 = EDGE_CURVE('',#7845,#7845,#7847,.T.);
#7845 = VERTEX_POINT('',#7846);
#7846 = CARTESIAN_POINT('',(85.5,-102.1,0.));
#7847 = CIRCLE('',#7848,0.6);
#7848 = AXIS2_PLACEMENT_3D('',#7849,#7850,#7851);
#7849 = CARTESIAN_POINT('',(85.5,-101.5,0.));
#7850 = DIRECTION('',(-0.,0.,-1.));
#7851 = DIRECTION('',(-0.,-1.,0.));
#7852 = FACE_BOUND('',#7853,.F.);
#7853 = EDGE_LOOP('',(#7854));
#7854 = ORIENTED_EDGE('',*,*,#7855,.T.);
#7855 = EDGE_CURVE('',#7856,#7856,#7858,.T.);
#7856 = VERTEX_POINT('',#7857);
#7857 = CARTESIAN_POINT('',(85.2175,-95.645,0.));
#7858 = CIRCLE('',#7859,0.6);
#7859 = AXIS2_PLACEMENT_3D('',#7860,#7861,#7862);
#7860 = CARTESIAN_POINT('',(85.2175,-95.045,0.));
#7861 = DIRECTION('',(-0.,0.,-1.));
#7862 = DIRECTION('',(-0.,-1.,0.));
#7863 = FACE_BOUND('',#7864,.F.);
#7864 = EDGE_LOOP('',(#7865));
#7865 = ORIENTED_EDGE('',*,*,#7866,.T.);
#7866 = EDGE_CURVE('',#7867,#7867,#7869,.T.);
#7867 = VERTEX_POINT('',#7868);
#7868 = CARTESIAN_POINT('',(85.2175,-93.105,0.));
#7869 = CIRCLE('',#7870,0.6);
#7870 = AXIS2_PLACEMENT_3D('',#7871,#7872,#7873);
#7871 = CARTESIAN_POINT('',(85.2175,-92.505,0.));
#7872 = DIRECTION('',(-0.,0.,-1.));
#7873 = DIRECTION('',(-0.,-1.,0.));
#7874 = FACE_BOUND('',#7875,.F.);
#7875 = EDGE_LOOP('',(#7876));
#7876 = ORIENTED_EDGE('',*,*,#7877,.T.);
#7877 = EDGE_CURVE('',#7878,#7878,#7880,.T.);
#7878 = VERTEX_POINT('',#7879);
#7879 = CARTESIAN_POINT('',(125.13,-110.8,0.));
#7880 = CIRCLE('',#7881,0.6);
#7881 = AXIS2_PLACEMENT_3D('',#7882,#7883,#7884);
#7882 = CARTESIAN_POINT('',(125.13,-110.2,0.));
#7883 = DIRECTION('',(-0.,0.,-1.));
#7884 = DIRECTION('',(-0.,-1.,0.));
#7885 = FACE_BOUND('',#7886,.F.);
#7886 = EDGE_LOOP('',(#7887));
#7887 = ORIENTED_EDGE('',*,*,#7888,.T.);
#7888 = EDGE_CURVE('',#7889,#7889,#7891,.T.);
#7889 = VERTEX_POINT('',#7890);
#7890 = CARTESIAN_POINT('',(127.67,-110.8,0.));
#7891 = CIRCLE('',#7892,0.6);
#7892 = AXIS2_PLACEMENT_3D('',#7893,#7894,#7895);
#7893 = CARTESIAN_POINT('',(127.67,-110.2,0.));
#7894 = DIRECTION('',(-0.,0.,-1.));
#7895 = DIRECTION('',(-0.,-1.,0.));
#7896 = FACE_BOUND('',#7897,.F.);
#7897 = EDGE_LOOP('',(#7898));
#7898 = ORIENTED_EDGE('',*,*,#7899,.T.);
#7899 = EDGE_CURVE('',#7900,#7900,#7902,.T.);
#7900 = VERTEX_POINT('',#7901);
#7901 = CARTESIAN_POINT('',(130.21,-110.8,0.));
#7902 = CIRCLE('',#7903,0.6);
#7903 = AXIS2_PLACEMENT_3D('',#7904,#7905,#7906);
#7904 = CARTESIAN_POINT('',(130.21,-110.2,0.));
#7905 = DIRECTION('',(-0.,0.,-1.));
#7906 = DIRECTION('',(-0.,-1.,0.));
#7907 = FACE_BOUND('',#7908,.F.);
#7908 = EDGE_LOOP('',(#7909));
#7909 = ORIENTED_EDGE('',*,*,#7910,.T.);
#7910 = EDGE_CURVE('',#7911,#7911,#7913,.T.);
#7911 = VERTEX_POINT('',#7912);
#7912 = CARTESIAN_POINT('',(136.63,-110.8,0.));
#7913 = CIRCLE('',#7914,0.6);
#7914 = AXIS2_PLACEMENT_3D('',#7915,#7916,#7917);
#7915 = CARTESIAN_POINT('',(136.63,-110.2,0.));
#7916 = DIRECTION('',(-0.,0.,-1.));
#7917 = DIRECTION('',(-0.,-1.,0.));
#7918 = FACE_BOUND('',#7919,.F.);
#7919 = EDGE_LOOP('',(#7920));
#7920 = ORIENTED_EDGE('',*,*,#7921,.T.);
#7921 = EDGE_CURVE('',#7922,#7922,#7924,.T.);
#7922 = VERTEX_POINT('',#7923);
#7923 = CARTESIAN_POINT('',(139.17,-110.8,0.));
#7924 = CIRCLE('',#7925,0.6);
#7925 = AXIS2_PLACEMENT_3D('',#7926,#7927,#7928);
#7926 = CARTESIAN_POINT('',(139.17,-110.2,0.));
#7927 = DIRECTION('',(-0.,0.,-1.));
#7928 = DIRECTION('',(-4.736951571734E-14,-1.,0.));
#7929 = FACE_BOUND('',#7930,.F.);
#7930 = EDGE_LOOP('',(#7931));
#7931 = ORIENTED_EDGE('',*,*,#7932,.T.);
#7932 = EDGE_CURVE('',#7933,#7933,#7935,.T.);
#7933 = VERTEX_POINT('',#7934);
#7934 = CARTESIAN_POINT('',(121.23,-103.52,0.));
#7935 = CIRCLE('',#7936,0.4);
#7936 = AXIS2_PLACEMENT_3D('',#7937,#7938,#7939);
#7937 = CARTESIAN_POINT('',(121.23,-103.12,0.));
#7938 = DIRECTION('',(-0.,0.,-1.));
#7939 = DIRECTION('',(3.5527136788E-14,-1.,-0.));
#7940 = FACE_BOUND('',#7941,.F.);
#7941 = EDGE_LOOP('',(#7942));
#7942 = ORIENTED_EDGE('',*,*,#7943,.T.);
#7943 = EDGE_CURVE('',#7944,#7944,#7946,.T.);
#7944 = VERTEX_POINT('',#7945);
#7945 = CARTESIAN_POINT('',(123.77,-103.52,0.));
#7946 = CIRCLE('',#7947,0.4);
#7947 = AXIS2_PLACEMENT_3D('',#7948,#7949,#7950);
#7948 = CARTESIAN_POINT('',(123.77,-103.12,0.));
#7949 = DIRECTION('',(-0.,0.,-1.));
#7950 = DIRECTION('',(-3.552713678801E-14,-1.,0.));
#7951 = FACE_BOUND('',#7952,.F.);
#7952 = EDGE_LOOP('',(#7953));
#7953 = ORIENTED_EDGE('',*,*,#7954,.T.);
#7954 = EDGE_CURVE('',#7955,#7955,#7957,.T.);
#7955 = VERTEX_POINT('',#7956);
#7956 = CARTESIAN_POINT('',(126.31,-103.52,0.));
#7957 = CIRCLE('',#7958,0.4);
#7958 = AXIS2_PLACEMENT_3D('',#7959,#7960,#7961);
#7959 = CARTESIAN_POINT('',(126.31,-103.12,0.));
#7960 = DIRECTION('',(-0.,0.,-1.));
#7961 = DIRECTION('',(-0.,-1.,0.));
#7962 = FACE_BOUND('',#7963,.F.);
#7963 = EDGE_LOOP('',(#7964));
#7964 = ORIENTED_EDGE('',*,*,#7965,.T.);
#7965 = EDGE_CURVE('',#7966,#7966,#7968,.T.);
#7966 = VERTEX_POINT('',#7967);
#7967 = CARTESIAN_POINT('',(128.85,-103.52,0.));
#7968 = CIRCLE('',#7969,0.4);
#7969 = AXIS2_PLACEMENT_3D('',#7970,#7971,#7972);
#7970 = CARTESIAN_POINT('',(128.85,-103.12,0.));
#7971 = DIRECTION('',(-0.,0.,-1.));
#7972 = DIRECTION('',(-0.,-1.,0.));
#7973 = FACE_BOUND('',#7974,.F.);
#7974 = EDGE_LOOP('',(#7975));
#7975 = ORIENTED_EDGE('',*,*,#7976,.T.);
#7976 = EDGE_CURVE('',#7977,#7977,#7979,.T.);
#7977 = VERTEX_POINT('',#7978);
#7978 = CARTESIAN_POINT('',(131.39,-103.52,0.));
#7979 = CIRCLE('',#7980,0.4);
#7980 = AXIS2_PLACEMENT_3D('',#7981,#7982,#7983);
#7981 = CARTESIAN_POINT('',(131.39,-103.12,0.));
#7982 = DIRECTION('',(-0.,0.,-1.));
#7983 = DIRECTION('',(-0.,-1.,0.));
#7984 = FACE_BOUND('',#7985,.F.);
#7985 = EDGE_LOOP('',(#7986));
#7986 = ORIENTED_EDGE('',*,*,#7987,.T.);
#7987 = EDGE_CURVE('',#7988,#7988,#7990,.T.);
#7988 = VERTEX_POINT('',#7989);
#7989 = CARTESIAN_POINT('',(133.93,-103.52,0.));
#7990 = CIRCLE('',#7991,0.4);
#7991 = AXIS2_PLACEMENT_3D('',#7992,#7993,#7994);
#7992 = CARTESIAN_POINT('',(133.93,-103.12,0.));
#7993 = DIRECTION('',(-0.,0.,-1.));
#7994 = DIRECTION('',(-0.,-1.,0.));
#7995 = FACE_BOUND('',#7996,.F.);
#7996 = EDGE_LOOP('',(#7997));
#7997 = ORIENTED_EDGE('',*,*,#7998,.T.);
#7998 = EDGE_CURVE('',#7999,#7999,#8001,.T.);
#7999 = VERTEX_POINT('',#8000);
#8000 = CARTESIAN_POINT('',(136.47,-103.52,0.));
#8001 = CIRCLE('',#8002,0.4);
#8002 = AXIS2_PLACEMENT_3D('',#8003,#8004,#8005);
#8003 = CARTESIAN_POINT('',(136.47,-103.12,0.));
#8004 = DIRECTION('',(-0.,0.,-1.));
#8005 = DIRECTION('',(-0.,-1.,0.));
#8006 = FACE_BOUND('',#8007,.F.);
#8007 = EDGE_LOOP('',(#8008));
#8008 = ORIENTED_EDGE('',*,*,#8009,.T.);
#8009 = EDGE_CURVE('',#8010,#8010,#8012,.T.);
#8010 = VERTEX_POINT('',#8011);
#8011 = CARTESIAN_POINT('',(139.01,-103.52,0.));
#8012 = CIRCLE('',#8013,0.4);
#8013 = AXIS2_PLACEMENT_3D('',#8014,#8015,#8016);
#8014 = CARTESIAN_POINT('',(139.01,-103.12,0.));
#8015 = DIRECTION('',(-0.,0.,-1.));
#8016 = DIRECTION('',(-0.,-1.,0.));
#8017 = FACE_BOUND('',#8018,.F.);
#8018 = EDGE_LOOP('',(#8019));
#8019 = ORIENTED_EDGE('',*,*,#8020,.T.);
#8020 = EDGE_CURVE('',#8021,#8021,#8023,.T.);
#8021 = VERTEX_POINT('',#8022);
#8022 = CARTESIAN_POINT('',(146.75,-114.965,0.));
#8023 = CIRCLE('',#8024,0.425);
#8024 = AXIS2_PLACEMENT_3D('',#8025,#8026,#8027);
#8025 = CARTESIAN_POINT('',(146.75,-114.54,0.));
#8026 = DIRECTION('',(-0.,0.,-1.));
#8027 = DIRECTION('',(-0.,-1.,0.));
#8028 = FACE_BOUND('',#8029,.F.);
#8029 = EDGE_LOOP('',(#8030));
#8030 = ORIENTED_EDGE('',*,*,#8031,.T.);
#8031 = EDGE_CURVE('',#8032,#8032,#8034,.T.);
#8032 = VERTEX_POINT('',#8033);
#8033 = CARTESIAN_POINT('',(146.75,-112.425,0.));
#8034 = CIRCLE('',#8035,0.425);
#8035 = AXIS2_PLACEMENT_3D('',#8036,#8037,#8038);
#8036 = CARTESIAN_POINT('',(146.75,-112.,0.));
#8037 = DIRECTION('',(-0.,0.,-1.));
#8038 = DIRECTION('',(-0.,-1.,0.));
#8039 = FACE_BOUND('',#8040,.F.);
#8040 = EDGE_LOOP('',(#8041));
#8041 = ORIENTED_EDGE('',*,*,#8042,.T.);
#8042 = EDGE_CURVE('',#8043,#8043,#8045,.T.);
#8043 = VERTEX_POINT('',#8044);
#8044 = CARTESIAN_POINT('',(141.71,-110.8,0.));
#8045 = CIRCLE('',#8046,0.6);
#8046 = AXIS2_PLACEMENT_3D('',#8047,#8048,#8049);
#8047 = CARTESIAN_POINT('',(141.71,-110.2,0.));
#8048 = DIRECTION('',(-0.,0.,-1.));
#8049 = DIRECTION('',(-0.,-1.,0.));
#8050 = FACE_BOUND('',#8051,.F.);
#8051 = EDGE_LOOP('',(#8052));
#8052 = ORIENTED_EDGE('',*,*,#8053,.T.);
#8053 = EDGE_CURVE('',#8054,#8054,#8056,.T.);
#8054 = VERTEX_POINT('',#8055);
#8055 = CARTESIAN_POINT('',(146.75,-109.885,0.));
#8056 = CIRCLE('',#8057,0.425);
#8057 = AXIS2_PLACEMENT_3D('',#8058,#8059,#8060);
#8058 = CARTESIAN_POINT('',(146.75,-109.46,0.));
#8059 = DIRECTION('',(-0.,0.,-1.));
#8060 = DIRECTION('',(-0.,-1.,0.));
#8061 = FACE_BOUND('',#8062,.F.);
#8062 = EDGE_LOOP('',(#8063));
#8063 = ORIENTED_EDGE('',*,*,#8064,.T.);
#8064 = EDGE_CURVE('',#8065,#8065,#8067,.T.);
#8065 = VERTEX_POINT('',#8066);
#8066 = CARTESIAN_POINT('',(156.5,-114.925,0.));
#8067 = CIRCLE('',#8068,0.425);
#8068 = AXIS2_PLACEMENT_3D('',#8069,#8070,#8071);
#8069 = CARTESIAN_POINT('',(156.5,-114.5,0.));
#8070 = DIRECTION('',(-0.,0.,-1.));
#8071 = DIRECTION('',(-0.,-1.,0.));
#8072 = FACE_BOUND('',#8073,.F.);
#8073 = EDGE_LOOP('',(#8074));
#8074 = ORIENTED_EDGE('',*,*,#8075,.T.);
#8075 = EDGE_CURVE('',#8076,#8076,#8078,.T.);
#8076 = VERTEX_POINT('',#8077);
#8077 = CARTESIAN_POINT('',(156.5,-112.385,0.));
#8078 = CIRCLE('',#8079,0.425);
#8079 = AXIS2_PLACEMENT_3D('',#8080,#8081,#8082);
#8080 = CARTESIAN_POINT('',(156.5,-111.96,0.));
#8081 = DIRECTION('',(-0.,0.,-1.));
#8082 = DIRECTION('',(-0.,-1.,0.));
#8083 = FACE_BOUND('',#8084,.F.);
#8084 = EDGE_LOOP('',(#8085));
#8085 = ORIENTED_EDGE('',*,*,#8086,.T.);
#8086 = EDGE_CURVE('',#8087,#8087,#8089,.T.);
#8087 = VERTEX_POINT('',#8088);
#8088 = CARTESIAN_POINT('',(156.5,-109.845,0.));
#8089 = CIRCLE('',#8090,0.425);
#8090 = AXIS2_PLACEMENT_3D('',#8091,#8092,#8093);
#8091 = CARTESIAN_POINT('',(156.5,-109.42,0.));
#8092 = DIRECTION('',(-0.,0.,-1.));
#8093 = DIRECTION('',(-0.,-1.,0.));
#8094 = FACE_BOUND('',#8095,.F.);
#8095 = EDGE_LOOP('',(#8096));
#8096 = ORIENTED_EDGE('',*,*,#8097,.T.);
#8097 = EDGE_CURVE('',#8098,#8098,#8100,.T.);
#8098 = VERTEX_POINT('',#8099);
#8099 = CARTESIAN_POINT('',(141.55,-103.52,0.));
#8100 = CIRCLE('',#8101,0.4);
#8101 = AXIS2_PLACEMENT_3D('',#8102,#8103,#8104);
#8102 = CARTESIAN_POINT('',(141.55,-103.12,0.));
#8103 = DIRECTION('',(-0.,0.,-1.));
#8104 = DIRECTION('',(-0.,-1.,0.));
#8105 = FACE_BOUND('',#8106,.F.);
#8106 = EDGE_LOOP('',(#8107));
#8107 = ORIENTED_EDGE('',*,*,#8108,.T.);
#8108 = EDGE_CURVE('',#8109,#8109,#8111,.T.);
#8109 = VERTEX_POINT('',#8110);
#8110 = CARTESIAN_POINT('',(144.09,-103.52,0.));
#8111 = CIRCLE('',#8112,0.4);
#8112 = AXIS2_PLACEMENT_3D('',#8113,#8114,#8115);
#8113 = CARTESIAN_POINT('',(144.09,-103.12,0.));
#8114 = DIRECTION('',(-0.,0.,-1.));
#8115 = DIRECTION('',(-0.,-1.,0.));
#8116 = FACE_BOUND('',#8117,.F.);
#8117 = EDGE_LOOP('',(#8118));
#8118 = ORIENTED_EDGE('',*,*,#8119,.T.);
#8119 = EDGE_CURVE('',#8120,#8120,#8122,.T.);
#8120 = VERTEX_POINT('',#8121);
#8121 = CARTESIAN_POINT('',(146.63,-103.52,0.));
#8122 = CIRCLE('',#8123,0.4);
#8123 = AXIS2_PLACEMENT_3D('',#8124,#8125,#8126);
#8124 = CARTESIAN_POINT('',(146.63,-103.12,0.));
#8125 = DIRECTION('',(-0.,0.,-1.));
#8126 = DIRECTION('',(-0.,-1.,0.));
#8127 = FACE_BOUND('',#8128,.F.);
#8128 = EDGE_LOOP('',(#8129));
#8129 = ORIENTED_EDGE('',*,*,#8130,.T.);
#8130 = EDGE_CURVE('',#8131,#8131,#8133,.T.);
#8131 = VERTEX_POINT('',#8132);
#8132 = CARTESIAN_POINT('',(149.17,-103.52,0.));
#8133 = CIRCLE('',#8134,0.4);
#8134 = AXIS2_PLACEMENT_3D('',#8135,#8136,#8137);
#8135 = CARTESIAN_POINT('',(149.17,-103.12,0.));
#8136 = DIRECTION('',(-0.,0.,-1.));
#8137 = DIRECTION('',(-7.105427357601E-14,-1.,0.));
#8138 = FACE_BOUND('',#8139,.F.);
#8139 = EDGE_LOOP('',(#8140));
#8140 = ORIENTED_EDGE('',*,*,#8141,.T.);
#8141 = EDGE_CURVE('',#8142,#8142,#8144,.T.);
#8142 = VERTEX_POINT('',#8143);
#8143 = CARTESIAN_POINT('',(151.71,-103.52,0.));
#8144 = CIRCLE('',#8145,0.4);
#8145 = AXIS2_PLACEMENT_3D('',#8146,#8147,#8148);
#8146 = CARTESIAN_POINT('',(151.71,-103.12,0.));
#8147 = DIRECTION('',(-0.,0.,-1.));
#8148 = DIRECTION('',(-0.,-1.,0.));
#8149 = FACE_BOUND('',#8150,.F.);
#8150 = EDGE_LOOP('',(#8151));
#8151 = ORIENTED_EDGE('',*,*,#8152,.T.);
#8152 = EDGE_CURVE('',#8153,#8153,#8155,.T.);
#8153 = VERTEX_POINT('',#8154);
#8154 = CARTESIAN_POINT('',(158.,-97.625,0.));
#8155 = CIRCLE('',#8156,0.925);
#8156 = AXIS2_PLACEMENT_3D('',#8157,#8158,#8159);
#8157 = CARTESIAN_POINT('',(158.,-96.7,0.));
#8158 = DIRECTION('',(-0.,0.,-1.));
#8159 = DIRECTION('',(-0.,-1.,0.));
#8160 = FACE_BOUND('',#8161,.F.);
#8161 = EDGE_LOOP('',(#8162));
#8162 = ORIENTED_EDGE('',*,*,#8163,.T.);
#8163 = EDGE_CURVE('',#8164,#8164,#8166,.T.);
#8164 = VERTEX_POINT('',#8165);
#8165 = CARTESIAN_POINT('',(158.,-92.925,0.));
#8166 = CIRCLE('',#8167,0.925);
#8167 = AXIS2_PLACEMENT_3D('',#8168,#8169,#8170);
#8168 = CARTESIAN_POINT('',(158.,-92.,0.));
#8169 = DIRECTION('',(-0.,0.,-1.));
#8170 = DIRECTION('',(-0.,-1.,0.));
#8171 = FACE_BOUND('',#8172,.F.);
#8172 = EDGE_LOOP('',(#8173));
#8173 = ORIENTED_EDGE('',*,*,#8174,.T.);
#8174 = EDGE_CURVE('',#8175,#8175,#8177,.T.);
#8175 = VERTEX_POINT('',#8176);
#8176 = CARTESIAN_POINT('',(85.2175,-90.565,0.));
#8177 = CIRCLE('',#8178,0.6);
#8178 = AXIS2_PLACEMENT_3D('',#8179,#8180,#8181);
#8179 = CARTESIAN_POINT('',(85.2175,-89.965,0.));
#8180 = DIRECTION('',(-0.,0.,-1.));
#8181 = DIRECTION('',(-0.,-1.,0.));
#8182 = FACE_BOUND('',#8183,.F.);
#8183 = EDGE_LOOP('',(#8184));
#8184 = ORIENTED_EDGE('',*,*,#8185,.T.);
#8185 = EDGE_CURVE('',#8186,#8186,#8188,.T.);
#8186 = VERTEX_POINT('',#8187);
#8187 = CARTESIAN_POINT('',(93.29,-88.28,0.));
#8188 = CIRCLE('',#8189,0.4);
#8189 = AXIS2_PLACEMENT_3D('',#8190,#8191,#8192);
#8190 = CARTESIAN_POINT('',(93.29,-87.88,0.));
#8191 = DIRECTION('',(-0.,0.,-1.));
#8192 = DIRECTION('',(3.5527136788E-14,-1.,-0.));
#8193 = FACE_BOUND('',#8194,.F.);
#8194 = EDGE_LOOP('',(#8195));
#8195 = ORIENTED_EDGE('',*,*,#8196,.T.);
#8196 = EDGE_CURVE('',#8197,#8197,#8199,.T.);
#8197 = VERTEX_POINT('',#8198);
#8198 = CARTESIAN_POINT('',(95.83,-88.28,0.));
#8199 = CIRCLE('',#8200,0.4);
#8200 = AXIS2_PLACEMENT_3D('',#8201,#8202,#8203);
#8201 = CARTESIAN_POINT('',(95.83,-87.88,0.));
#8202 = DIRECTION('',(-0.,0.,-1.));
#8203 = DIRECTION('',(-3.552713678801E-14,-1.,0.));
#8204 = FACE_BOUND('',#8205,.F.);
#8205 = EDGE_LOOP('',(#8206));
#8206 = ORIENTED_EDGE('',*,*,#8207,.T.);
#8207 = EDGE_CURVE('',#8208,#8208,#8210,.T.);
#8208 = VERTEX_POINT('',#8209);
#8209 = CARTESIAN_POINT('',(98.37,-88.28,0.));
#8210 = CIRCLE('',#8211,0.4);
#8211 = AXIS2_PLACEMENT_3D('',#8212,#8213,#8214);
#8212 = CARTESIAN_POINT('',(98.37,-87.88,0.));
#8213 = DIRECTION('',(-0.,0.,-1.));
#8214 = DIRECTION('',(-0.,-1.,0.));
#8215 = FACE_BOUND('',#8216,.F.);
#8216 = EDGE_LOOP('',(#8217));
#8217 = ORIENTED_EDGE('',*,*,#8218,.T.);
#8218 = EDGE_CURVE('',#8219,#8219,#8221,.T.);
#8219 = VERTEX_POINT('',#8220);
#8220 = CARTESIAN_POINT('',(100.91,-88.28,0.));
#8221 = CIRCLE('',#8222,0.4);
#8222 = AXIS2_PLACEMENT_3D('',#8223,#8224,#8225);
#8223 = CARTESIAN_POINT('',(100.91,-87.88,0.));
#8224 = DIRECTION('',(-0.,0.,-1.));
#8225 = DIRECTION('',(-0.,-1.,0.));
#8226 = FACE_BOUND('',#8227,.F.);
#8227 = EDGE_LOOP('',(#8228));
#8228 = ORIENTED_EDGE('',*,*,#8229,.T.);
#8229 = EDGE_CURVE('',#8230,#8230,#8232,.T.);
#8230 = VERTEX_POINT('',#8231);
#8231 = CARTESIAN_POINT('',(85.735,-79.1625,0.));
#8232 = CIRCLE('',#8233,0.6);
#8233 = AXIS2_PLACEMENT_3D('',#8234,#8235,#8236);
#8234 = CARTESIAN_POINT('',(85.735,-78.5625,0.));
#8235 = DIRECTION('',(-0.,0.,-1.));
#8236 = DIRECTION('',(-0.,-1.,0.));
#8237 = FACE_BOUND('',#8238,.F.);
#8238 = EDGE_LOOP('',(#8239));
#8239 = ORIENTED_EDGE('',*,*,#8240,.T.);
#8240 = EDGE_CURVE('',#8241,#8241,#8243,.T.);
#8241 = VERTEX_POINT('',#8242);
#8242 = CARTESIAN_POINT('',(103.45,-88.28,0.));
#8243 = CIRCLE('',#8244,0.4);
#8244 = AXIS2_PLACEMENT_3D('',#8245,#8246,#8247);
#8245 = CARTESIAN_POINT('',(103.45,-87.88,0.));
#8246 = DIRECTION('',(-0.,0.,-1.));
#8247 = DIRECTION('',(3.5527136788E-14,-1.,-0.));
#8248 = FACE_BOUND('',#8249,.F.);
#8249 = EDGE_LOOP('',(#8250));
#8250 = ORIENTED_EDGE('',*,*,#8251,.T.);
#8251 = EDGE_CURVE('',#8252,#8252,#8254,.T.);
#8252 = VERTEX_POINT('',#8253);
#8253 = CARTESIAN_POINT('',(105.99,-88.28,0.));
#8254 = CIRCLE('',#8255,0.4);
#8255 = AXIS2_PLACEMENT_3D('',#8256,#8257,#8258);
#8256 = CARTESIAN_POINT('',(105.99,-87.88,0.));
#8257 = DIRECTION('',(-0.,0.,-1.));
#8258 = DIRECTION('',(-3.552713678801E-14,-1.,0.));
#8259 = FACE_BOUND('',#8260,.F.);
#8260 = EDGE_LOOP('',(#8261));
#8261 = ORIENTED_EDGE('',*,*,#8262,.T.);
#8262 = EDGE_CURVE('',#8263,#8263,#8265,.T.);
#8263 = VERTEX_POINT('',#8264);
#8264 = CARTESIAN_POINT('',(108.53,-88.28,0.));
#8265 = CIRCLE('',#8266,0.4);
#8266 = AXIS2_PLACEMENT_3D('',#8267,#8268,#8269);
#8267 = CARTESIAN_POINT('',(108.53,-87.88,0.));
#8268 = DIRECTION('',(-0.,0.,-1.));
#8269 = DIRECTION('',(-0.,-1.,0.));
#8270 = FACE_BOUND('',#8271,.F.);
#8271 = EDGE_LOOP('',(#8272));
#8272 = ORIENTED_EDGE('',*,*,#8273,.T.);
#8273 = EDGE_CURVE('',#8274,#8274,#8276,.T.);
#8274 = VERTEX_POINT('',#8275);
#8275 = CARTESIAN_POINT('',(111.07,-88.28,0.));
#8276 = CIRCLE('',#8277,0.4);
#8277 = AXIS2_PLACEMENT_3D('',#8278,#8279,#8280);
#8278 = CARTESIAN_POINT('',(111.07,-87.88,0.));
#8279 = DIRECTION('',(-0.,0.,-1.));
#8280 = DIRECTION('',(-0.,-1.,0.));
#8281 = FACE_BOUND('',#8282,.F.);
#8282 = EDGE_LOOP('',(#8283));
#8283 = ORIENTED_EDGE('',*,*,#8284,.T.);
#8284 = EDGE_CURVE('',#8285,#8285,#8287,.T.);
#8285 = VERTEX_POINT('',#8286);
#8286 = CARTESIAN_POINT('',(113.61,-88.28,0.));
#8287 = CIRCLE('',#8288,0.4);
#8288 = AXIS2_PLACEMENT_3D('',#8289,#8290,#8291);
#8289 = CARTESIAN_POINT('',(113.61,-87.88,0.));
#8290 = DIRECTION('',(-0.,0.,-1.));
#8291 = DIRECTION('',(-0.,-1.,0.));
#8292 = FACE_BOUND('',#8293,.F.);
#8293 = EDGE_LOOP('',(#8294));
#8294 = ORIENTED_EDGE('',*,*,#8295,.T.);
#8295 = EDGE_CURVE('',#8296,#8296,#8298,.T.);
#8296 = VERTEX_POINT('',#8297);
#8297 = CARTESIAN_POINT('',(116.15,-88.28,0.));
#8298 = CIRCLE('',#8299,0.4);
#8299 = AXIS2_PLACEMENT_3D('',#8300,#8301,#8302);
#8300 = CARTESIAN_POINT('',(116.15,-87.88,0.));
#8301 = DIRECTION('',(-0.,0.,-1.));
#8302 = DIRECTION('',(-0.,-1.,0.));
#8303 = FACE_BOUND('',#8304,.F.);
#8304 = EDGE_LOOP('',(#8305));
#8305 = ORIENTED_EDGE('',*,*,#8306,.T.);
#8306 = EDGE_CURVE('',#8307,#8307,#8309,.T.);
#8307 = VERTEX_POINT('',#8308);
#8308 = CARTESIAN_POINT('',(118.69,-88.28,0.));
#8309 = CIRCLE('',#8310,0.4);
#8310 = AXIS2_PLACEMENT_3D('',#8311,#8312,#8313);
#8311 = CARTESIAN_POINT('',(118.69,-87.88,0.));
#8312 = DIRECTION('',(-0.,0.,-1.));
#8313 = DIRECTION('',(-0.,-1.,0.));
#8314 = FACE_BOUND('',#8315,.F.);
#8315 = EDGE_LOOP('',(#8316));
#8316 = ORIENTED_EDGE('',*,*,#8317,.T.);
#8317 = EDGE_CURVE('',#8318,#8318,#8320,.T.);
#8318 = VERTEX_POINT('',#8319);
#8319 = CARTESIAN_POINT('',(103.1,-82.6,0.));
#8320 = CIRCLE('',#8321,0.1);
#8321 = AXIS2_PLACEMENT_3D('',#8322,#8323,#8324);
#8322 = CARTESIAN_POINT('',(103.1,-82.5,0.));
#8323 = DIRECTION('',(-0.,0.,-1.));
#8324 = DIRECTION('',(-0.,-1.,0.));
#8325 = FACE_BOUND('',#8326,.F.);
#8326 = EDGE_LOOP('',(#8327));
#8327 = ORIENTED_EDGE('',*,*,#8328,.T.);
#8328 = EDGE_CURVE('',#8329,#8329,#8331,.T.);
#8329 = VERTEX_POINT('',#8330);
#8330 = CARTESIAN_POINT('',(103.1,-81.3,0.));
#8331 = CIRCLE('',#8332,0.1);
#8332 = AXIS2_PLACEMENT_3D('',#8333,#8334,#8335);
#8333 = CARTESIAN_POINT('',(103.1,-81.2,0.));
#8334 = DIRECTION('',(-0.,0.,-1.));
#8335 = DIRECTION('',(-0.,-1.,0.));
#8336 = FACE_BOUND('',#8337,.F.);
#8337 = EDGE_LOOP('',(#8338));
#8338 = ORIENTED_EDGE('',*,*,#8339,.T.);
#8339 = EDGE_CURVE('',#8340,#8340,#8342,.T.);
#8340 = VERTEX_POINT('',#8341);
#8341 = CARTESIAN_POINT('',(104.4,-82.6,0.));
#8342 = CIRCLE('',#8343,1.E-01);
#8343 = AXIS2_PLACEMENT_3D('',#8344,#8345,#8346);
#8344 = CARTESIAN_POINT('',(104.4,-82.5,0.));
#8345 = DIRECTION('',(-0.,0.,-1.));
#8346 = DIRECTION('',(-0.,-1.,0.));
#8347 = FACE_BOUND('',#8348,.F.);
#8348 = EDGE_LOOP('',(#8349));
#8349 = ORIENTED_EDGE('',*,*,#8350,.T.);
#8350 = EDGE_CURVE('',#8351,#8351,#8353,.T.);
#8351 = VERTEX_POINT('',#8352);
#8352 = CARTESIAN_POINT('',(105.7,-82.6,0.));
#8353 = CIRCLE('',#8354,0.1);
#8354 = AXIS2_PLACEMENT_3D('',#8355,#8356,#8357);
#8355 = CARTESIAN_POINT('',(105.7,-82.5,0.));
#8356 = DIRECTION('',(-0.,0.,-1.));
#8357 = DIRECTION('',(1.42108547152E-13,-1.,-0.));
#8358 = FACE_BOUND('',#8359,.F.);
#8359 = EDGE_LOOP('',(#8360));
#8360 = ORIENTED_EDGE('',*,*,#8361,.T.);
#8361 = EDGE_CURVE('',#8362,#8362,#8364,.T.);
#8362 = VERTEX_POINT('',#8363);
#8363 = CARTESIAN_POINT('',(104.4,-81.3,0.));
#8364 = CIRCLE('',#8365,1.E-01);
#8365 = AXIS2_PLACEMENT_3D('',#8366,#8367,#8368);
#8366 = CARTESIAN_POINT('',(104.4,-81.2,0.));
#8367 = DIRECTION('',(-0.,0.,-1.));
#8368 = DIRECTION('',(-0.,-1.,0.));
#8369 = FACE_BOUND('',#8370,.F.);
#8370 = EDGE_LOOP('',(#8371));
#8371 = ORIENTED_EDGE('',*,*,#8372,.T.);
#8372 = EDGE_CURVE('',#8373,#8373,#8375,.T.);
#8373 = VERTEX_POINT('',#8374);
#8374 = CARTESIAN_POINT('',(105.7,-81.3,0.));
#8375 = CIRCLE('',#8376,0.1);
#8376 = AXIS2_PLACEMENT_3D('',#8377,#8378,#8379);
#8377 = CARTESIAN_POINT('',(105.7,-81.2,0.));
#8378 = DIRECTION('',(-0.,0.,-1.));
#8379 = DIRECTION('',(1.42108547152E-13,-1.,-0.));
#8380 = FACE_BOUND('',#8381,.F.);
#8381 = EDGE_LOOP('',(#8382));
#8382 = ORIENTED_EDGE('',*,*,#8383,.T.);
#8383 = EDGE_CURVE('',#8384,#8384,#8386,.T.);
#8384 = VERTEX_POINT('',#8385);
#8385 = CARTESIAN_POINT('',(107.,-82.6,0.));
#8386 = CIRCLE('',#8387,9.999999999999E-02);
#8387 = AXIS2_PLACEMENT_3D('',#8388,#8389,#8390);
#8388 = CARTESIAN_POINT('',(107.,-82.5,0.));
#8389 = DIRECTION('',(-0.,0.,-1.));
#8390 = DIRECTION('',(-0.,-1.,0.));
#8391 = FACE_BOUND('',#8392,.F.);
#8392 = EDGE_LOOP('',(#8393));
#8393 = ORIENTED_EDGE('',*,*,#8394,.T.);
#8394 = EDGE_CURVE('',#8395,#8395,#8397,.T.);
#8395 = VERTEX_POINT('',#8396);
#8396 = CARTESIAN_POINT('',(107.,-81.3,0.));
#8397 = CIRCLE('',#8398,9.999999999999E-02);
#8398 = AXIS2_PLACEMENT_3D('',#8399,#8400,#8401);
#8399 = CARTESIAN_POINT('',(107.,-81.2,0.));
#8400 = DIRECTION('',(-0.,0.,-1.));
#8401 = DIRECTION('',(-0.,-1.,0.));
#8402 = FACE_BOUND('',#8403,.F.);
#8403 = EDGE_LOOP('',(#8404));
#8404 = ORIENTED_EDGE('',*,*,#8405,.T.);
#8405 = EDGE_CURVE('',#8406,#8406,#8408,.T.);
#8406 = VERTEX_POINT('',#8407);
#8407 = CARTESIAN_POINT('',(115.6,-82.6,0.));
#8408 = CIRCLE('',#8409,0.1);
#8409 = AXIS2_PLACEMENT_3D('',#8410,#8411,#8412);
#8410 = CARTESIAN_POINT('',(115.6,-82.5,0.));
#8411 = DIRECTION('',(-0.,0.,-1.));
#8412 = DIRECTION('',(-0.,-1.,0.));
#8413 = FACE_BOUND('',#8414,.F.);
#8414 = EDGE_LOOP('',(#8415));
#8415 = ORIENTED_EDGE('',*,*,#8416,.T.);
#8416 = EDGE_CURVE('',#8417,#8417,#8419,.T.);
#8417 = VERTEX_POINT('',#8418);
#8418 = CARTESIAN_POINT('',(115.6,-81.3,0.));
#8419 = CIRCLE('',#8420,0.1);
#8420 = AXIS2_PLACEMENT_3D('',#8421,#8422,#8423);
#8421 = CARTESIAN_POINT('',(115.6,-81.2,0.));
#8422 = DIRECTION('',(-0.,0.,-1.));
#8423 = DIRECTION('',(-0.,-1.,0.));
#8424 = FACE_BOUND('',#8425,.F.);
#8425 = EDGE_LOOP('',(#8426));
#8426 = ORIENTED_EDGE('',*,*,#8427,.T.);
#8427 = EDGE_CURVE('',#8428,#8428,#8430,.T.);
#8428 = VERTEX_POINT('',#8429);
#8429 = CARTESIAN_POINT('',(116.9,-82.6,0.));
#8430 = CIRCLE('',#8431,1.E-01);
#8431 = AXIS2_PLACEMENT_3D('',#8432,#8433,#8434);
#8432 = CARTESIAN_POINT('',(116.9,-82.5,0.));
#8433 = DIRECTION('',(-0.,0.,-1.));
#8434 = DIRECTION('',(-0.,-1.,0.));
#8435 = FACE_BOUND('',#8436,.F.);
#8436 = EDGE_LOOP('',(#8437));
#8437 = ORIENTED_EDGE('',*,*,#8438,.T.);
#8438 = EDGE_CURVE('',#8439,#8439,#8441,.T.);
#8439 = VERTEX_POINT('',#8440);
#8440 = CARTESIAN_POINT('',(116.9,-81.3,0.));
#8441 = CIRCLE('',#8442,1.E-01);
#8442 = AXIS2_PLACEMENT_3D('',#8443,#8444,#8445);
#8443 = CARTESIAN_POINT('',(116.9,-81.2,0.));
#8444 = DIRECTION('',(-0.,0.,-1.));
#8445 = DIRECTION('',(-0.,-1.,0.));
#8446 = FACE_BOUND('',#8447,.F.);
#8447 = EDGE_LOOP('',(#8448));
#8448 = ORIENTED_EDGE('',*,*,#8449,.T.);
#8449 = EDGE_CURVE('',#8450,#8450,#8452,.T.);
#8450 = VERTEX_POINT('',#8451);
#8451 = CARTESIAN_POINT('',(118.2,-82.6,0.));
#8452 = CIRCLE('',#8453,0.1);
#8453 = AXIS2_PLACEMENT_3D('',#8454,#8455,#8456);
#8454 = CARTESIAN_POINT('',(118.2,-82.5,0.));
#8455 = DIRECTION('',(-0.,0.,-1.));
#8456 = DIRECTION('',(1.42108547152E-13,-1.,-0.));
#8457 = FACE_BOUND('',#8458,.F.);
#8458 = EDGE_LOOP('',(#8459));
#8459 = ORIENTED_EDGE('',*,*,#8460,.T.);
#8460 = EDGE_CURVE('',#8461,#8461,#8463,.T.);
#8461 = VERTEX_POINT('',#8462);
#8462 = CARTESIAN_POINT('',(119.5,-82.6,0.));
#8463 = CIRCLE('',#8464,9.999999999999E-02);
#8464 = AXIS2_PLACEMENT_3D('',#8465,#8466,#8467);
#8465 = CARTESIAN_POINT('',(119.5,-82.5,0.));
#8466 = DIRECTION('',(-0.,0.,-1.));
#8467 = DIRECTION('',(-0.,-1.,0.));
#8468 = FACE_BOUND('',#8469,.F.);
#8469 = EDGE_LOOP('',(#8470));
#8470 = ORIENTED_EDGE('',*,*,#8471,.T.);
#8471 = EDGE_CURVE('',#8472,#8472,#8474,.T.);
#8472 = VERTEX_POINT('',#8473);
#8473 = CARTESIAN_POINT('',(118.2,-81.3,0.));
#8474 = CIRCLE('',#8475,0.1);
#8475 = AXIS2_PLACEMENT_3D('',#8476,#8477,#8478);
#8476 = CARTESIAN_POINT('',(118.2,-81.2,0.));
#8477 = DIRECTION('',(-0.,0.,-1.));
#8478 = DIRECTION('',(1.42108547152E-13,-1.,-0.));
#8479 = FACE_BOUND('',#8480,.F.);
#8480 = EDGE_LOOP('',(#8481));
#8481 = ORIENTED_EDGE('',*,*,#8482,.T.);
#8482 = EDGE_CURVE('',#8483,#8483,#8485,.T.);
#8483 = VERTEX_POINT('',#8484);
#8484 = CARTESIAN_POINT('',(119.5,-81.3,0.));
#8485 = CIRCLE('',#8486,9.999999999999E-02);
#8486 = AXIS2_PLACEMENT_3D('',#8487,#8488,#8489);
#8487 = CARTESIAN_POINT('',(119.5,-81.2,0.));
#8488 = DIRECTION('',(-0.,0.,-1.));
#8489 = DIRECTION('',(-0.,-1.,0.));
#8490 = FACE_BOUND('',#8491,.F.);
#8491 = EDGE_LOOP('',(#8492));
#8492 = ORIENTED_EDGE('',*,*,#8493,.T.);
#8493 = EDGE_CURVE('',#8494,#8494,#8496,.T.);
#8494 = VERTEX_POINT('',#8495);
#8495 = CARTESIAN_POINT('',(85.735,-76.6225,0.));
#8496 = CIRCLE('',#8497,0.6);
#8497 = AXIS2_PLACEMENT_3D('',#8498,#8499,#8500);
#8498 = CARTESIAN_POINT('',(85.735,-76.0225,0.));
#8499 = DIRECTION('',(-0.,0.,-1.));
#8500 = DIRECTION('',(-0.,-1.,0.));
#8501 = FACE_BOUND('',#8502,.F.);
#8502 = EDGE_LOOP('',(#8503));
#8503 = ORIENTED_EDGE('',*,*,#8504,.T.);
#8504 = EDGE_CURVE('',#8505,#8505,#8507,.T.);
#8505 = VERTEX_POINT('',#8506);
#8506 = CARTESIAN_POINT('',(85.735,-74.0825,0.));
#8507 = CIRCLE('',#8508,0.6);
#8508 = AXIS2_PLACEMENT_3D('',#8509,#8510,#8511);
#8509 = CARTESIAN_POINT('',(85.735,-73.4825,0.));
#8510 = DIRECTION('',(-0.,0.,-1.));
#8511 = DIRECTION('',(-0.,-1.,0.));
#8512 = FACE_BOUND('',#8513,.F.);
#8513 = EDGE_LOOP('',(#8514));
#8514 = ORIENTED_EDGE('',*,*,#8515,.T.);
#8515 = EDGE_CURVE('',#8516,#8516,#8518,.T.);
#8516 = VERTEX_POINT('',#8517);
#8517 = CARTESIAN_POINT('',(83.,-68.25,0.));
#8518 = CIRCLE('',#8519,1.25);
#8519 = AXIS2_PLACEMENT_3D('',#8520,#8521,#8522);
#8520 = CARTESIAN_POINT('',(83.,-67.,0.));
#8521 = DIRECTION('',(-0.,0.,-1.));
#8522 = DIRECTION('',(-0.,-1.,0.));
#8523 = FACE_BOUND('',#8524,.F.);
#8524 = EDGE_LOOP('',(#8525));
#8525 = ORIENTED_EDGE('',*,*,#8526,.T.);
#8526 = EDGE_CURVE('',#8527,#8527,#8529,.T.);
#8527 = VERTEX_POINT('',#8528);
#8528 = CARTESIAN_POINT('',(94.,-69.1,0.));
#8529 = CIRCLE('',#8530,0.6);
#8530 = AXIS2_PLACEMENT_3D('',#8531,#8532,#8533);
#8531 = CARTESIAN_POINT('',(94.,-68.5,0.));
#8532 = DIRECTION('',(-0.,0.,-1.));
#8533 = DIRECTION('',(-0.,-1.,0.));
#8534 = FACE_BOUND('',#8535,.F.);
#8535 = EDGE_LOOP('',(#8536));
#8536 = ORIENTED_EDGE('',*,*,#8537,.T.);
#8537 = EDGE_CURVE('',#8538,#8538,#8540,.T.);
#8538 = VERTEX_POINT('',#8539);
#8539 = CARTESIAN_POINT('',(96.54,-69.1,0.));
#8540 = CIRCLE('',#8541,0.6);
#8541 = AXIS2_PLACEMENT_3D('',#8542,#8543,#8544);
#8542 = CARTESIAN_POINT('',(96.54,-68.5,0.));
#8543 = DIRECTION('',(-0.,0.,-1.));
#8544 = DIRECTION('',(2.368475785867E-14,-1.,-0.));
#8545 = FACE_BOUND('',#8546,.F.);
#8546 = EDGE_LOOP('',(#8547));
#8547 = ORIENTED_EDGE('',*,*,#8548,.T.);
#8548 = EDGE_CURVE('',#8549,#8549,#8551,.T.);
#8549 = VERTEX_POINT('',#8550);
#8550 = CARTESIAN_POINT('',(103.46,-68.6,0.));
#8551 = CIRCLE('',#8552,0.6);
#8552 = AXIS2_PLACEMENT_3D('',#8553,#8554,#8555);
#8553 = CARTESIAN_POINT('',(103.46,-68.,0.));
#8554 = DIRECTION('',(-0.,0.,-1.));
#8555 = DIRECTION('',(-2.368475785867E-14,-1.,0.));
#8556 = FACE_BOUND('',#8557,.F.);
#8557 = EDGE_LOOP('',(#8558));
#8558 = ORIENTED_EDGE('',*,*,#8559,.T.);
#8559 = EDGE_CURVE('',#8560,#8560,#8562,.T.);
#8560 = VERTEX_POINT('',#8561);
#8561 = CARTESIAN_POINT('',(106.,-68.6,0.));
#8562 = CIRCLE('',#8563,0.6);
#8563 = AXIS2_PLACEMENT_3D('',#8564,#8565,#8566);
#8564 = CARTESIAN_POINT('',(106.,-68.,0.));
#8565 = DIRECTION('',(-0.,0.,-1.));
#8566 = DIRECTION('',(-0.,-1.,0.));
#8567 = FACE_BOUND('',#8568,.F.);
#8568 = EDGE_LOOP('',(#8569));
#8569 = ORIENTED_EDGE('',*,*,#8570,.T.);
#8570 = EDGE_CURVE('',#8571,#8571,#8573,.T.);
#8571 = VERTEX_POINT('',#8572);
#8572 = CARTESIAN_POINT('',(108.54,-68.6,0.));
#8573 = CIRCLE('',#8574,0.6);
#8574 = AXIS2_PLACEMENT_3D('',#8575,#8576,#8577);
#8575 = CARTESIAN_POINT('',(108.54,-68.,0.));
#8576 = DIRECTION('',(-0.,0.,-1.));
#8577 = DIRECTION('',(2.368475785867E-14,-1.,-0.));
#8578 = FACE_BOUND('',#8579,.F.);
#8579 = EDGE_LOOP('',(#8580));
#8580 = ORIENTED_EDGE('',*,*,#8581,.T.);
#8581 = EDGE_CURVE('',#8582,#8582,#8584,.T.);
#8582 = VERTEX_POINT('',#8583);
#8583 = CARTESIAN_POINT('',(121.23,-88.28,0.));
#8584 = CIRCLE('',#8585,0.4);
#8585 = AXIS2_PLACEMENT_3D('',#8586,#8587,#8588);
#8586 = CARTESIAN_POINT('',(121.23,-87.88,0.));
#8587 = DIRECTION('',(-0.,0.,-1.));
#8588 = DIRECTION('',(3.5527136788E-14,-1.,-0.));
#8589 = FACE_BOUND('',#8590,.F.);
#8590 = EDGE_LOOP('',(#8591));
#8591 = ORIENTED_EDGE('',*,*,#8592,.T.);
#8592 = EDGE_CURVE('',#8593,#8593,#8595,.T.);
#8593 = VERTEX_POINT('',#8594);
#8594 = CARTESIAN_POINT('',(123.77,-88.28,0.));
#8595 = CIRCLE('',#8596,0.4);
#8596 = AXIS2_PLACEMENT_3D('',#8597,#8598,#8599);
#8597 = CARTESIAN_POINT('',(123.77,-87.88,0.));
#8598 = DIRECTION('',(-0.,0.,-1.));
#8599 = DIRECTION('',(-3.552713678801E-14,-1.,0.));
#8600 = FACE_BOUND('',#8601,.F.);
#8601 = EDGE_LOOP('',(#8602));
#8602 = ORIENTED_EDGE('',*,*,#8603,.T.);
#8603 = EDGE_CURVE('',#8604,#8604,#8606,.T.);
#8604 = VERTEX_POINT('',#8605);
#8605 = CARTESIAN_POINT('',(126.31,-88.28,0.));
#8606 = CIRCLE('',#8607,0.4);
#8607 = AXIS2_PLACEMENT_3D('',#8608,#8609,#8610);
#8608 = CARTESIAN_POINT('',(126.31,-87.88,0.));
#8609 = DIRECTION('',(-0.,0.,-1.));
#8610 = DIRECTION('',(-0.,-1.,0.));
#8611 = FACE_BOUND('',#8612,.F.);
#8612 = EDGE_LOOP('',(#8613));
#8613 = ORIENTED_EDGE('',*,*,#8614,.T.);
#8614 = EDGE_CURVE('',#8615,#8615,#8617,.T.);
#8615 = VERTEX_POINT('',#8616);
#8616 = CARTESIAN_POINT('',(128.85,-88.28,0.));
#8617 = CIRCLE('',#8618,0.4);
#8618 = AXIS2_PLACEMENT_3D('',#8619,#8620,#8621);
#8619 = CARTESIAN_POINT('',(128.85,-87.88,0.));
#8620 = DIRECTION('',(-0.,0.,-1.));
#8621 = DIRECTION('',(-0.,-1.,0.));
#8622 = FACE_BOUND('',#8623,.F.);
#8623 = EDGE_LOOP('',(#8624));
#8624 = ORIENTED_EDGE('',*,*,#8625,.T.);
#8625 = EDGE_CURVE('',#8626,#8626,#8628,.T.);
#8626 = VERTEX_POINT('',#8627);
#8627 = CARTESIAN_POINT('',(131.39,-88.28,0.));
#8628 = CIRCLE('',#8629,0.4);
#8629 = AXIS2_PLACEMENT_3D('',#8630,#8631,#8632);
#8630 = CARTESIAN_POINT('',(131.39,-87.88,0.));
#8631 = DIRECTION('',(-0.,0.,-1.));
#8632 = DIRECTION('',(-0.,-1.,0.));
#8633 = FACE_BOUND('',#8634,.F.);
#8634 = EDGE_LOOP('',(#8635));
#8635 = ORIENTED_EDGE('',*,*,#8636,.T.);
#8636 = EDGE_CURVE('',#8637,#8637,#8639,.T.);
#8637 = VERTEX_POINT('',#8638);
#8638 = CARTESIAN_POINT('',(133.93,-88.28,0.));
#8639 = CIRCLE('',#8640,0.4);
#8640 = AXIS2_PLACEMENT_3D('',#8641,#8642,#8643);
#8641 = CARTESIAN_POINT('',(133.93,-87.88,0.));
#8642 = DIRECTION('',(-0.,0.,-1.));
#8643 = DIRECTION('',(-0.,-1.,0.));
#8644 = FACE_BOUND('',#8645,.F.);
#8645 = EDGE_LOOP('',(#8646));
#8646 = ORIENTED_EDGE('',*,*,#8647,.T.);
#8647 = EDGE_CURVE('',#8648,#8648,#8650,.T.);
#8648 = VERTEX_POINT('',#8649);
#8649 = CARTESIAN_POINT('',(136.47,-88.28,0.));
#8650 = CIRCLE('',#8651,0.4);
#8651 = AXIS2_PLACEMENT_3D('',#8652,#8653,#8654);
#8652 = CARTESIAN_POINT('',(136.47,-87.88,0.));
#8653 = DIRECTION('',(-0.,0.,-1.));
#8654 = DIRECTION('',(-0.,-1.,0.));
#8655 = FACE_BOUND('',#8656,.F.);
#8656 = EDGE_LOOP('',(#8657));
#8657 = ORIENTED_EDGE('',*,*,#8658,.T.);
#8658 = EDGE_CURVE('',#8659,#8659,#8661,.T.);
#8659 = VERTEX_POINT('',#8660);
#8660 = CARTESIAN_POINT('',(139.01,-88.28,0.));
#8661 = CIRCLE('',#8662,0.4);
#8662 = AXIS2_PLACEMENT_3D('',#8663,#8664,#8665);
#8663 = CARTESIAN_POINT('',(139.01,-87.88,0.));
#8664 = DIRECTION('',(-0.,0.,-1.));
#8665 = DIRECTION('',(-0.,-1.,0.));
#8666 = FACE_BOUND('',#8667,.F.);
#8667 = EDGE_LOOP('',(#8668));
#8668 = ORIENTED_EDGE('',*,*,#8669,.T.);
#8669 = EDGE_CURVE('',#8670,#8670,#8672,.T.);
#8670 = VERTEX_POINT('',#8671);
#8671 = CARTESIAN_POINT('',(124.63,-82.3,0.));
#8672 = CIRCLE('',#8673,0.6);
#8673 = AXIS2_PLACEMENT_3D('',#8674,#8675,#8676);
#8674 = CARTESIAN_POINT('',(124.63,-81.7,0.));
#8675 = DIRECTION('',(-0.,0.,-1.));
#8676 = DIRECTION('',(-0.,-1.,0.));
#8677 = FACE_BOUND('',#8678,.F.);
#8678 = EDGE_LOOP('',(#8679));
#8679 = ORIENTED_EDGE('',*,*,#8680,.T.);
#8680 = EDGE_CURVE('',#8681,#8681,#8683,.T.);
#8681 = VERTEX_POINT('',#8682);
#8682 = CARTESIAN_POINT('',(127.17,-82.3,0.));
#8683 = CIRCLE('',#8684,0.6);
#8684 = AXIS2_PLACEMENT_3D('',#8685,#8686,#8687);
#8685 = CARTESIAN_POINT('',(127.17,-81.7,0.));
#8686 = DIRECTION('',(-0.,0.,-1.));
#8687 = DIRECTION('',(2.368475785867E-14,-1.,-0.));
#8688 = FACE_BOUND('',#8689,.F.);
#8689 = EDGE_LOOP('',(#8690));
#8690 = ORIENTED_EDGE('',*,*,#8691,.T.);
#8691 = EDGE_CURVE('',#8692,#8692,#8694,.T.);
#8692 = VERTEX_POINT('',#8693);
#8693 = CARTESIAN_POINT('',(129.71,-82.3,0.));
#8694 = CIRCLE('',#8695,0.6);
#8695 = AXIS2_PLACEMENT_3D('',#8696,#8697,#8698);
#8696 = CARTESIAN_POINT('',(129.71,-81.7,0.));
#8697 = DIRECTION('',(-0.,0.,-1.));
#8698 = DIRECTION('',(-0.,-1.,0.));
#8699 = FACE_BOUND('',#8700,.F.);
#8700 = EDGE_LOOP('',(#8701));
#8701 = ORIENTED_EDGE('',*,*,#8702,.T.);
#8702 = EDGE_CURVE('',#8703,#8703,#8705,.T.);
#8703 = VERTEX_POINT('',#8704);
#8704 = CARTESIAN_POINT('',(135.13,-82.3,0.));
#8705 = CIRCLE('',#8706,0.6);
#8706 = AXIS2_PLACEMENT_3D('',#8707,#8708,#8709);
#8707 = CARTESIAN_POINT('',(135.13,-81.7,0.));
#8708 = DIRECTION('',(-0.,0.,-1.));
#8709 = DIRECTION('',(-0.,-1.,0.));
#8710 = FACE_BOUND('',#8711,.F.);
#8711 = EDGE_LOOP('',(#8712));
#8712 = ORIENTED_EDGE('',*,*,#8713,.T.);
#8713 = EDGE_CURVE('',#8714,#8714,#8716,.T.);
#8714 = VERTEX_POINT('',#8715);
#8715 = CARTESIAN_POINT('',(137.67,-82.3,0.));
#8716 = CIRCLE('',#8717,0.6);
#8717 = AXIS2_PLACEMENT_3D('',#8718,#8719,#8720);
#8718 = CARTESIAN_POINT('',(137.67,-81.7,0.));
#8719 = DIRECTION('',(-0.,0.,-1.));
#8720 = DIRECTION('',(-4.736951571734E-14,-1.,0.));
#8721 = FACE_BOUND('',#8722,.F.);
#8722 = EDGE_LOOP('',(#8723));
#8723 = ORIENTED_EDGE('',*,*,#8724,.T.);
#8724 = EDGE_CURVE('',#8725,#8725,#8727,.T.);
#8725 = VERTEX_POINT('',#8726);
#8726 = CARTESIAN_POINT('',(141.55,-88.28,0.));
#8727 = CIRCLE('',#8728,0.4);
#8728 = AXIS2_PLACEMENT_3D('',#8729,#8730,#8731);
#8729 = CARTESIAN_POINT('',(141.55,-87.88,0.));
#8730 = DIRECTION('',(-0.,0.,-1.));
#8731 = DIRECTION('',(-0.,-1.,0.));
#8732 = FACE_BOUND('',#8733,.F.);
#8733 = EDGE_LOOP('',(#8734));
#8734 = ORIENTED_EDGE('',*,*,#8735,.T.);
#8735 = EDGE_CURVE('',#8736,#8736,#8738,.T.);
#8736 = VERTEX_POINT('',#8737);
#8737 = CARTESIAN_POINT('',(144.09,-88.28,0.));
#8738 = CIRCLE('',#8739,0.4);
#8739 = AXIS2_PLACEMENT_3D('',#8740,#8741,#8742);
#8740 = CARTESIAN_POINT('',(144.09,-87.88,0.));
#8741 = DIRECTION('',(-0.,0.,-1.));
#8742 = DIRECTION('',(-0.,-1.,0.));
#8743 = FACE_BOUND('',#8744,.F.);
#8744 = EDGE_LOOP('',(#8745));
#8745 = ORIENTED_EDGE('',*,*,#8746,.T.);
#8746 = EDGE_CURVE('',#8747,#8747,#8749,.T.);
#8747 = VERTEX_POINT('',#8748);
#8748 = CARTESIAN_POINT('',(146.63,-88.28,0.));
#8749 = CIRCLE('',#8750,0.4);
#8750 = AXIS2_PLACEMENT_3D('',#8751,#8752,#8753);
#8751 = CARTESIAN_POINT('',(146.63,-87.88,0.));
#8752 = DIRECTION('',(-0.,0.,-1.));
#8753 = DIRECTION('',(-0.,-1.,0.));
#8754 = FACE_BOUND('',#8755,.F.);
#8755 = EDGE_LOOP('',(#8756));
#8756 = ORIENTED_EDGE('',*,*,#8757,.T.);
#8757 = EDGE_CURVE('',#8758,#8758,#8760,.T.);
#8758 = VERTEX_POINT('',#8759);
#8759 = CARTESIAN_POINT('',(149.17,-88.28,0.));
#8760 = CIRCLE('',#8761,0.4);
#8761 = AXIS2_PLACEMENT_3D('',#8762,#8763,#8764);
#8762 = CARTESIAN_POINT('',(149.17,-87.88,0.));
#8763 = DIRECTION('',(-0.,0.,-1.));
#8764 = DIRECTION('',(-7.105427357601E-14,-1.,0.));
#8765 = FACE_BOUND('',#8766,.F.);
#8766 = EDGE_LOOP('',(#8767));
#8767 = ORIENTED_EDGE('',*,*,#8768,.T.);
#8768 = EDGE_CURVE('',#8769,#8769,#8771,.T.);
#8769 = VERTEX_POINT('',#8770);
#8770 = CARTESIAN_POINT('',(151.71,-88.28,0.));
#8771 = CIRCLE('',#8772,0.4);
#8772 = AXIS2_PLACEMENT_3D('',#8773,#8774,#8775);
#8773 = CARTESIAN_POINT('',(151.71,-87.88,0.));
#8774 = DIRECTION('',(-0.,0.,-1.));
#8775 = DIRECTION('',(-0.,-1.,0.));
#8776 = FACE_BOUND('',#8777,.F.);
#8777 = EDGE_LOOP('',(#8778));
#8778 = ORIENTED_EDGE('',*,*,#8779,.T.);
#8779 = EDGE_CURVE('',#8780,#8780,#8782,.T.);
#8780 = VERTEX_POINT('',#8781);
#8781 = CARTESIAN_POINT('',(158.,-88.225,0.));
#8782 = CIRCLE('',#8783,0.925);
#8783 = AXIS2_PLACEMENT_3D('',#8784,#8785,#8786);
#8784 = CARTESIAN_POINT('',(158.,-87.3,0.));
#8785 = DIRECTION('',(-0.,0.,-1.));
#8786 = DIRECTION('',(-0.,-1.,0.));
#8787 = FACE_BOUND('',#8788,.F.);
#8788 = EDGE_LOOP('',(#8789));
#8789 = ORIENTED_EDGE('',*,*,#8790,.T.);
#8790 = EDGE_CURVE('',#8791,#8791,#8793,.T.);
#8791 = VERTEX_POINT('',#8792);
#8792 = CARTESIAN_POINT('',(140.21,-82.3,0.));
#8793 = CIRCLE('',#8794,0.6);
#8794 = AXIS2_PLACEMENT_3D('',#8795,#8796,#8797);
#8795 = CARTESIAN_POINT('',(140.21,-81.7,0.));
#8796 = DIRECTION('',(-0.,0.,-1.));
#8797 = DIRECTION('',(-0.,-1.,0.));
#8798 = FACE_BOUND('',#8799,.F.);
#8799 = EDGE_LOOP('',(#8800));
#8800 = ORIENTED_EDGE('',*,*,#8801,.T.);
#8801 = EDGE_CURVE('',#8802,#8802,#8804,.T.);
#8802 = VERTEX_POINT('',#8803);
#8803 = CARTESIAN_POINT('',(145.63,-82.3,0.));
#8804 = CIRCLE('',#8805,0.6);
#8805 = AXIS2_PLACEMENT_3D('',#8806,#8807,#8808);
#8806 = CARTESIAN_POINT('',(145.63,-81.7,0.));
#8807 = DIRECTION('',(-0.,0.,-1.));
#8808 = DIRECTION('',(-0.,-1.,0.));
#8809 = FACE_BOUND('',#8810,.F.);
#8810 = EDGE_LOOP('',(#8811));
#8811 = ORIENTED_EDGE('',*,*,#8812,.T.);
#8812 = EDGE_CURVE('',#8813,#8813,#8815,.T.);
#8813 = VERTEX_POINT('',#8814);
#8814 = CARTESIAN_POINT('',(148.17,-82.3,0.));
#8815 = CIRCLE('',#8816,0.6);
#8816 = AXIS2_PLACEMENT_3D('',#8817,#8818,#8819);
#8817 = CARTESIAN_POINT('',(148.17,-81.7,0.));
#8818 = DIRECTION('',(-0.,0.,-1.));
#8819 = DIRECTION('',(-4.736951571734E-14,-1.,0.));
#8820 = FACE_BOUND('',#8821,.F.);
#8821 = EDGE_LOOP('',(#8822));
#8822 = ORIENTED_EDGE('',*,*,#8823,.T.);
#8823 = EDGE_CURVE('',#8824,#8824,#8826,.T.);
#8824 = VERTEX_POINT('',#8825);
#8825 = CARTESIAN_POINT('',(150.71,-82.3,0.));
#8826 = CIRCLE('',#8827,0.6);
#8827 = AXIS2_PLACEMENT_3D('',#8828,#8829,#8830);
#8828 = CARTESIAN_POINT('',(150.71,-81.7,0.));
#8829 = DIRECTION('',(-0.,0.,-1.));
#8830 = DIRECTION('',(-0.,-1.,0.));
#8831 = FACE_BOUND('',#8832,.F.);
#8832 = EDGE_LOOP('',(#8833));
#8833 = ORIENTED_EDGE('',*,*,#8834,.T.);
#8834 = EDGE_CURVE('',#8835,#8835,#8837,.T.);
#8835 = VERTEX_POINT('',#8836);
#8836 = CARTESIAN_POINT('',(157.5,-80.35,0.));
#8837 = CIRCLE('',#8838,1.35);
#8838 = AXIS2_PLACEMENT_3D('',#8839,#8840,#8841);
#8839 = CARTESIAN_POINT('',(157.5,-79.,0.));
#8840 = DIRECTION('',(-0.,0.,-1.));
#8841 = DIRECTION('',(-0.,-1.,0.));
#8842 = FACE_BOUND('',#8843,.F.);
#8843 = EDGE_LOOP('',(#8844));
#8844 = ORIENTED_EDGE('',*,*,#8845,.T.);
#8845 = EDGE_CURVE('',#8846,#8846,#8848,.T.);
#8846 = VERTEX_POINT('',#8847);
#8847 = CARTESIAN_POINT('',(125.34,-68.1,0.));
#8848 = CIRCLE('',#8849,0.6);
#8849 = AXIS2_PLACEMENT_3D('',#8850,#8851,#8852);
#8850 = CARTESIAN_POINT('',(125.34,-67.5,0.));
#8851 = DIRECTION('',(-0.,0.,-1.));
#8852 = DIRECTION('',(-0.,-1.,0.));
#8853 = FACE_BOUND('',#8854,.F.);
#8854 = EDGE_LOOP('',(#8855));
#8855 = ORIENTED_EDGE('',*,*,#8856,.T.);
#8856 = EDGE_CURVE('',#8857,#8857,#8859,.T.);
#8857 = VERTEX_POINT('',#8858);
#8858 = CARTESIAN_POINT('',(127.88,-68.1,0.));
#8859 = CIRCLE('',#8860,0.6);
#8860 = AXIS2_PLACEMENT_3D('',#8861,#8862,#8863);
#8861 = CARTESIAN_POINT('',(127.88,-67.5,0.));
#8862 = DIRECTION('',(-0.,0.,-1.));
#8863 = DIRECTION('',(-0.,-1.,0.));
#8864 = FACE_BOUND('',#8865,.F.);
#8865 = EDGE_LOOP('',(#8866));
#8866 = ORIENTED_EDGE('',*,*,#8867,.T.);
#8867 = EDGE_CURVE('',#8868,#8868,#8870,.T.);
#8868 = VERTEX_POINT('',#8869);
#8869 = CARTESIAN_POINT('',(130.42,-68.1,0.));
#8870 = CIRCLE('',#8871,0.6);
#8871 = AXIS2_PLACEMENT_3D('',#8872,#8873,#8874);
#8872 = CARTESIAN_POINT('',(130.42,-67.5,0.));
#8873 = DIRECTION('',(-0.,0.,-1.));
#8874 = DIRECTION('',(-4.736951571734E-14,-1.,0.));
#8875 = FACE_BOUND('',#8876,.F.);
#8876 = EDGE_LOOP('',(#8877));
#8877 = ORIENTED_EDGE('',*,*,#8878,.T.);
#8878 = EDGE_CURVE('',#8879,#8879,#8881,.T.);
#8879 = VERTEX_POINT('',#8880);
#8880 = CARTESIAN_POINT('',(132.96,-68.1,0.));
#8881 = CIRCLE('',#8882,0.6);
#8882 = AXIS2_PLACEMENT_3D('',#8883,#8884,#8885);
#8883 = CARTESIAN_POINT('',(132.96,-67.5,0.));
#8884 = DIRECTION('',(-0.,0.,-1.));
#8885 = DIRECTION('',(-0.,-1.,0.));
#8886 = FACE_BOUND('',#8887,.F.);
#8887 = EDGE_LOOP('',(#8888));
#8888 = ORIENTED_EDGE('',*,*,#8889,.T.);
#8889 = EDGE_CURVE('',#8890,#8890,#8892,.T.);
#8890 = VERTEX_POINT('',#8891);
#8891 = CARTESIAN_POINT('',(135.5,-68.1,0.));
#8892 = CIRCLE('',#8893,0.6);
#8893 = AXIS2_PLACEMENT_3D('',#8894,#8895,#8896);
#8894 = CARTESIAN_POINT('',(135.5,-67.5,0.));
#8895 = DIRECTION('',(-0.,0.,-1.));
#8896 = DIRECTION('',(-0.,-1.,0.));
#8897 = FACE_BOUND('',#8898,.F.);
#8898 = EDGE_LOOP('',(#8899));
#8899 = ORIENTED_EDGE('',*,*,#8900,.T.);
#8900 = EDGE_CURVE('',#8901,#8901,#8903,.T.);
#8901 = VERTEX_POINT('',#8902);
#8902 = CARTESIAN_POINT('',(138.04,-68.1,0.));
#8903 = CIRCLE('',#8904,0.6);
#8904 = AXIS2_PLACEMENT_3D('',#8905,#8906,#8907);
#8905 = CARTESIAN_POINT('',(138.04,-67.5,0.));
#8906 = DIRECTION('',(-0.,0.,-1.));
#8907 = DIRECTION('',(-0.,-1.,0.));
#8908 = FACE_BOUND('',#8909,.F.);
#8909 = EDGE_LOOP('',(#8910));
#8910 = ORIENTED_EDGE('',*,*,#8911,.T.);
#8911 = EDGE_CURVE('',#8912,#8912,#8914,.T.);
#8912 = VERTEX_POINT('',#8913);
#8913 = CARTESIAN_POINT('',(157.5,-75.35,0.));
#8914 = CIRCLE('',#8915,1.35);
#8915 = AXIS2_PLACEMENT_3D('',#8916,#8917,#8918);
#8916 = CARTESIAN_POINT('',(157.5,-74.,0.));
#8917 = DIRECTION('',(-0.,0.,-1.));
#8918 = DIRECTION('',(-0.,-1.,0.));
#8919 = FACE_BOUND('',#8920,.F.);
#8920 = EDGE_LOOP('',(#8921));
#8921 = ORIENTED_EDGE('',*,*,#8922,.T.);
#8922 = EDGE_CURVE('',#8923,#8923,#8925,.T.);
#8923 = VERTEX_POINT('',#8924);
#8924 = CARTESIAN_POINT('',(140.58,-68.1,0.));
#8925 = CIRCLE('',#8926,0.6);
#8926 = AXIS2_PLACEMENT_3D('',#8927,#8928,#8929);
#8927 = CARTESIAN_POINT('',(140.58,-67.5,0.));
#8928 = DIRECTION('',(-0.,0.,-1.));
#8929 = DIRECTION('',(4.736951571734E-14,-1.,-0.));
#8930 = FACE_BOUND('',#8931,.F.);
#8931 = EDGE_LOOP('',(#8932));
#8932 = ORIENTED_EDGE('',*,*,#8933,.T.);
#8933 = EDGE_CURVE('',#8934,#8934,#8936,.T.);
#8934 = VERTEX_POINT('',#8935);
#8935 = CARTESIAN_POINT('',(147.96,-68.1,0.));
#8936 = CIRCLE('',#8937,0.6);
#8937 = AXIS2_PLACEMENT_3D('',#8938,#8939,#8940);
#8938 = CARTESIAN_POINT('',(147.96,-67.5,0.));
#8939 = DIRECTION('',(-0.,0.,-1.));
#8940 = DIRECTION('',(-0.,-1.,0.));
#8941 = FACE_BOUND('',#8942,.F.);
#8942 = EDGE_LOOP('',(#8943));
#8943 = ORIENTED_EDGE('',*,*,#8944,.T.);
#8944 = EDGE_CURVE('',#8945,#8945,#8947,.T.);
#8945 = VERTEX_POINT('',#8946);
#8946 = CARTESIAN_POINT('',(150.5,-68.1,0.));
#8947 = CIRCLE('',#8948,0.6);
#8948 = AXIS2_PLACEMENT_3D('',#8949,#8950,#8951);
#8949 = CARTESIAN_POINT('',(150.5,-67.5,0.));
#8950 = DIRECTION('',(-0.,0.,-1.));
#8951 = DIRECTION('',(-0.,-1.,0.));
#8952 = FACE_BOUND('',#8953,.F.);
#8953 = EDGE_LOOP('',(#8954));
#8954 = ORIENTED_EDGE('',*,*,#8955,.T.);
#8955 = EDGE_CURVE('',#8956,#8956,#8958,.T.);
#8956 = VERTEX_POINT('',#8957);
#8957 = CARTESIAN_POINT('',(158.,-69.25,0.));
#8958 = CIRCLE('',#8959,1.25);
#8959 = AXIS2_PLACEMENT_3D('',#8960,#8961,#8962);
#8960 = CARTESIAN_POINT('',(158.,-68.,0.));
#8961 = DIRECTION('',(-0.,0.,-1.));
#8962 = DIRECTION('',(-0.,-1.,0.));
#8963 = PLANE('',#8964);
#8964 = AXIS2_PLACEMENT_3D('',#8965,#8966,#8967);
#8965 = CARTESIAN_POINT('',(0.,0.,0.));
#8966 = DIRECTION('',(0.,0.,1.));
#8967 = DIRECTION('',(1.,0.,-0.));
#8968 = ADVANCED_FACE('',(#8969,#8980,#8991,#9002,#9013,#9024,#9035,
    #9046,#9057,#9068,#9079,#9090,#9101,#9112,#9123,#9134,#9145,#9156,
    #9167,#9178,#9189,#9200,#9211,#9222,#9233,#9244,#9255,#9266,#9277,
    #9288,#9299,#9310,#9321,#9332,#9343,#9354,#9365,#9376,#9387,#9398,
    #9409,#9420,#9431,#9442,#9453,#9464,#9475,#9486,#9497,#9508,#9519,
    #9530,#9541,#9552,#9563,#9574,#9585,#9596,#9607,#9618,#9629,#9640,
    #9651,#9662,#9673,#9684,#9695,#9706,#9717,#9728,#9739,#9750,#9761,
    #9772,#9783,#9794,#9805,#9816,#9827,#9838,#9849,#9860,#9871,#9882,
    #9893,#9904,#9915,#9926,#9937,#9948,#9959,#9970,#9981,#9992,#10003,
    #10014,#10025,#10036,#10047,#10058,#10069,#10080,#10091,#10102,
    #10113,#10124,#10135,#10146,#10157,#10168,#10179,#10190,#10201,
    #10212,#10223,#10234,#10245,#10256,#10267,#10278,#10289,#10300,
    #10311),#10322,.T.);
#8969 = FACE_BOUND('',#8970,.T.);
#8970 = EDGE_LOOP('',(#8971,#8972,#8973,#8979));
#8971 = ORIENTED_EDGE('',*,*,#7521,.F.);
#8972 = ORIENTED_EDGE('',*,*,#7561,.F.);
#8973 = ORIENTED_EDGE('',*,*,#8974,.F.);
#8974 = EDGE_CURVE('',#7584,#7554,#8975,.T.);
#8975 = LINE('',#8976,#8977);
#8976 = CARTESIAN_POINT('',(75.5,-62.,1.51));
#8977 = VECTOR('',#8978,1.);
#8978 = DIRECTION('',(1.,0.,0.));
#8979 = ORIENTED_EDGE('',*,*,#7583,.F.);
#8980 = FACE_BOUND('',#8981,.T.);
#8981 = EDGE_LOOP('',(#8982));
#8982 = ORIENTED_EDGE('',*,*,#8983,.T.);
#8983 = EDGE_CURVE('',#8984,#8984,#8986,.T.);
#8984 = VERTEX_POINT('',#8985);
#8985 = CARTESIAN_POINT('',(96.75,-114.8,1.51));
#8986 = CIRCLE('',#8987,0.55);
#8987 = AXIS2_PLACEMENT_3D('',#8988,#8989,#8990);
#8988 = CARTESIAN_POINT('',(96.75,-114.25,1.51));
#8989 = DIRECTION('',(-0.,0.,-1.));
#8990 = DIRECTION('',(-0.,-1.,0.));
#8991 = FACE_BOUND('',#8992,.T.);
#8992 = EDGE_LOOP('',(#8993));
#8993 = ORIENTED_EDGE('',*,*,#8994,.T.);
#8994 = EDGE_CURVE('',#8995,#8995,#8997,.T.);
#8995 = VERTEX_POINT('',#8996);
#8996 = CARTESIAN_POINT('',(96.75,-110.3,1.51));
#8997 = CIRCLE('',#8998,0.55);
#8998 = AXIS2_PLACEMENT_3D('',#8999,#9000,#9001);
#8999 = CARTESIAN_POINT('',(96.75,-109.75,1.51));
#9000 = DIRECTION('',(-0.,0.,-1.));
#9001 = DIRECTION('',(-0.,-1.,0.));
#9002 = FACE_BOUND('',#9003,.T.);
#9003 = EDGE_LOOP('',(#9004));
#9004 = ORIENTED_EDGE('',*,*,#9005,.T.);
#9005 = EDGE_CURVE('',#9006,#9006,#9008,.T.);
#9006 = VERTEX_POINT('',#9007);
#9007 = CARTESIAN_POINT('',(85.5,-107.18,1.51));
#9008 = CIRCLE('',#9009,0.6);
#9009 = AXIS2_PLACEMENT_3D('',#9010,#9011,#9012);
#9010 = CARTESIAN_POINT('',(85.5,-106.58,1.51));
#9011 = DIRECTION('',(-0.,0.,-1.));
#9012 = DIRECTION('',(-0.,-1.,0.));
#9013 = FACE_BOUND('',#9014,.T.);
#9014 = EDGE_LOOP('',(#9015));
#9015 = ORIENTED_EDGE('',*,*,#9016,.T.);
#9016 = EDGE_CURVE('',#9017,#9017,#9019,.T.);
#9017 = VERTEX_POINT('',#9018);
#9018 = CARTESIAN_POINT('',(85.5,-104.64,1.51));
#9019 = CIRCLE('',#9020,0.6);
#9020 = AXIS2_PLACEMENT_3D('',#9021,#9022,#9023);
#9021 = CARTESIAN_POINT('',(85.5,-104.04,1.51));
#9022 = DIRECTION('',(-0.,0.,-1.));
#9023 = DIRECTION('',(-0.,-1.,0.));
#9024 = FACE_BOUND('',#9025,.T.);
#9025 = EDGE_LOOP('',(#9026));
#9026 = ORIENTED_EDGE('',*,*,#9027,.T.);
#9027 = EDGE_CURVE('',#9028,#9028,#9030,.T.);
#9028 = VERTEX_POINT('',#9029);
#9029 = CARTESIAN_POINT('',(93.29,-103.52,1.51));
#9030 = CIRCLE('',#9031,0.4);
#9031 = AXIS2_PLACEMENT_3D('',#9032,#9033,#9034);
#9032 = CARTESIAN_POINT('',(93.29,-103.12,1.51));
#9033 = DIRECTION('',(-0.,0.,-1.));
#9034 = DIRECTION('',(3.5527136788E-14,-1.,-0.));
#9035 = FACE_BOUND('',#9036,.T.);
#9036 = EDGE_LOOP('',(#9037));
#9037 = ORIENTED_EDGE('',*,*,#9038,.T.);
#9038 = EDGE_CURVE('',#9039,#9039,#9041,.T.);
#9039 = VERTEX_POINT('',#9040);
#9040 = CARTESIAN_POINT('',(95.83,-103.52,1.51));
#9041 = CIRCLE('',#9042,0.4);
#9042 = AXIS2_PLACEMENT_3D('',#9043,#9044,#9045);
#9043 = CARTESIAN_POINT('',(95.83,-103.12,1.51));
#9044 = DIRECTION('',(-0.,0.,-1.));
#9045 = DIRECTION('',(-3.552713678801E-14,-1.,0.));
#9046 = FACE_BOUND('',#9047,.T.);
#9047 = EDGE_LOOP('',(#9048));
#9048 = ORIENTED_EDGE('',*,*,#9049,.T.);
#9049 = EDGE_CURVE('',#9050,#9050,#9052,.T.);
#9050 = VERTEX_POINT('',#9051);
#9051 = CARTESIAN_POINT('',(98.37,-103.52,1.51));
#9052 = CIRCLE('',#9053,0.4);
#9053 = AXIS2_PLACEMENT_3D('',#9054,#9055,#9056);
#9054 = CARTESIAN_POINT('',(98.37,-103.12,1.51));
#9055 = DIRECTION('',(-0.,0.,-1.));
#9056 = DIRECTION('',(-0.,-1.,0.));
#9057 = FACE_BOUND('',#9058,.T.);
#9058 = EDGE_LOOP('',(#9059));
#9059 = ORIENTED_EDGE('',*,*,#9060,.T.);
#9060 = EDGE_CURVE('',#9061,#9061,#9063,.T.);
#9061 = VERTEX_POINT('',#9062);
#9062 = CARTESIAN_POINT('',(100.91,-103.52,1.51));
#9063 = CIRCLE('',#9064,0.4);
#9064 = AXIS2_PLACEMENT_3D('',#9065,#9066,#9067);
#9065 = CARTESIAN_POINT('',(100.91,-103.12,1.51));
#9066 = DIRECTION('',(-0.,0.,-1.));
#9067 = DIRECTION('',(-0.,-1.,0.));
#9068 = FACE_BOUND('',#9069,.T.);
#9069 = EDGE_LOOP('',(#9070));
#9070 = ORIENTED_EDGE('',*,*,#9071,.T.);
#9071 = EDGE_CURVE('',#9072,#9072,#9074,.T.);
#9072 = VERTEX_POINT('',#9073);
#9073 = CARTESIAN_POINT('',(103.25,-114.8,1.51));
#9074 = CIRCLE('',#9075,0.55);
#9075 = AXIS2_PLACEMENT_3D('',#9076,#9077,#9078);
#9076 = CARTESIAN_POINT('',(103.25,-114.25,1.51));
#9077 = DIRECTION('',(-0.,0.,-1.));
#9078 = DIRECTION('',(-0.,-1.,0.));
#9079 = FACE_BOUND('',#9080,.T.);
#9080 = EDGE_LOOP('',(#9081));
#9081 = ORIENTED_EDGE('',*,*,#9082,.T.);
#9082 = EDGE_CURVE('',#9083,#9083,#9085,.T.);
#9083 = VERTEX_POINT('',#9084);
#9084 = CARTESIAN_POINT('',(103.25,-110.3,1.51));
#9085 = CIRCLE('',#9086,0.55);
#9086 = AXIS2_PLACEMENT_3D('',#9087,#9088,#9089);
#9087 = CARTESIAN_POINT('',(103.25,-109.75,1.51));
#9088 = DIRECTION('',(-0.,0.,-1.));
#9089 = DIRECTION('',(-0.,-1.,0.));
#9090 = FACE_BOUND('',#9091,.T.);
#9091 = EDGE_LOOP('',(#9092));
#9092 = ORIENTED_EDGE('',*,*,#9093,.T.);
#9093 = EDGE_CURVE('',#9094,#9094,#9096,.T.);
#9094 = VERTEX_POINT('',#9095);
#9095 = CARTESIAN_POINT('',(113.17,-110.8,1.51));
#9096 = CIRCLE('',#9097,0.6);
#9097 = AXIS2_PLACEMENT_3D('',#9098,#9099,#9100);
#9098 = CARTESIAN_POINT('',(113.17,-110.2,1.51));
#9099 = DIRECTION('',(-0.,0.,-1.));
#9100 = DIRECTION('',(2.368475785867E-14,-1.,-0.));
#9101 = FACE_BOUND('',#9102,.T.);
#9102 = EDGE_LOOP('',(#9103));
#9103 = ORIENTED_EDGE('',*,*,#9104,.T.);
#9104 = EDGE_CURVE('',#9105,#9105,#9107,.T.);
#9105 = VERTEX_POINT('',#9106);
#9106 = CARTESIAN_POINT('',(115.71,-110.8,1.51));
#9107 = CIRCLE('',#9108,0.6);
#9108 = AXIS2_PLACEMENT_3D('',#9109,#9110,#9111);
#9109 = CARTESIAN_POINT('',(115.71,-110.2,1.51));
#9110 = DIRECTION('',(-0.,0.,-1.));
#9111 = DIRECTION('',(-2.368475785867E-14,-1.,0.));
#9112 = FACE_BOUND('',#9113,.T.);
#9113 = EDGE_LOOP('',(#9114));
#9114 = ORIENTED_EDGE('',*,*,#9115,.T.);
#9115 = EDGE_CURVE('',#9116,#9116,#9118,.T.);
#9116 = VERTEX_POINT('',#9117);
#9117 = CARTESIAN_POINT('',(118.25,-110.8,1.51));
#9118 = CIRCLE('',#9119,0.6);
#9119 = AXIS2_PLACEMENT_3D('',#9120,#9121,#9122);
#9120 = CARTESIAN_POINT('',(118.25,-110.2,1.51));
#9121 = DIRECTION('',(-0.,0.,-1.));
#9122 = DIRECTION('',(-0.,-1.,0.));
#9123 = FACE_BOUND('',#9124,.T.);
#9124 = EDGE_LOOP('',(#9125));
#9125 = ORIENTED_EDGE('',*,*,#9126,.T.);
#9126 = EDGE_CURVE('',#9127,#9127,#9129,.T.);
#9127 = VERTEX_POINT('',#9128);
#9128 = CARTESIAN_POINT('',(103.45,-103.52,1.51));
#9129 = CIRCLE('',#9130,0.4);
#9130 = AXIS2_PLACEMENT_3D('',#9131,#9132,#9133);
#9131 = CARTESIAN_POINT('',(103.45,-103.12,1.51));
#9132 = DIRECTION('',(-0.,0.,-1.));
#9133 = DIRECTION('',(3.5527136788E-14,-1.,-0.));
#9134 = FACE_BOUND('',#9135,.T.);
#9135 = EDGE_LOOP('',(#9136));
#9136 = ORIENTED_EDGE('',*,*,#9137,.T.);
#9137 = EDGE_CURVE('',#9138,#9138,#9140,.T.);
#9138 = VERTEX_POINT('',#9139);
#9139 = CARTESIAN_POINT('',(105.99,-103.52,1.51));
#9140 = CIRCLE('',#9141,0.4);
#9141 = AXIS2_PLACEMENT_3D('',#9142,#9143,#9144);
#9142 = CARTESIAN_POINT('',(105.99,-103.12,1.51));
#9143 = DIRECTION('',(-0.,0.,-1.));
#9144 = DIRECTION('',(-3.552713678801E-14,-1.,0.));
#9145 = FACE_BOUND('',#9146,.T.);
#9146 = EDGE_LOOP('',(#9147));
#9147 = ORIENTED_EDGE('',*,*,#9148,.T.);
#9148 = EDGE_CURVE('',#9149,#9149,#9151,.T.);
#9149 = VERTEX_POINT('',#9150);
#9150 = CARTESIAN_POINT('',(108.53,-103.52,1.51));
#9151 = CIRCLE('',#9152,0.4);
#9152 = AXIS2_PLACEMENT_3D('',#9153,#9154,#9155);
#9153 = CARTESIAN_POINT('',(108.53,-103.12,1.51));
#9154 = DIRECTION('',(-0.,0.,-1.));
#9155 = DIRECTION('',(-0.,-1.,0.));
#9156 = FACE_BOUND('',#9157,.T.);
#9157 = EDGE_LOOP('',(#9158));
#9158 = ORIENTED_EDGE('',*,*,#9159,.T.);
#9159 = EDGE_CURVE('',#9160,#9160,#9162,.T.);
#9160 = VERTEX_POINT('',#9161);
#9161 = CARTESIAN_POINT('',(111.07,-103.52,1.51));
#9162 = CIRCLE('',#9163,0.4);
#9163 = AXIS2_PLACEMENT_3D('',#9164,#9165,#9166);
#9164 = CARTESIAN_POINT('',(111.07,-103.12,1.51));
#9165 = DIRECTION('',(-0.,0.,-1.));
#9166 = DIRECTION('',(-0.,-1.,0.));
#9167 = FACE_BOUND('',#9168,.T.);
#9168 = EDGE_LOOP('',(#9169));
#9169 = ORIENTED_EDGE('',*,*,#9170,.T.);
#9170 = EDGE_CURVE('',#9171,#9171,#9173,.T.);
#9171 = VERTEX_POINT('',#9172);
#9172 = CARTESIAN_POINT('',(113.61,-103.52,1.51));
#9173 = CIRCLE('',#9174,0.4);
#9174 = AXIS2_PLACEMENT_3D('',#9175,#9176,#9177);
#9175 = CARTESIAN_POINT('',(113.61,-103.12,1.51));
#9176 = DIRECTION('',(-0.,0.,-1.));
#9177 = DIRECTION('',(-0.,-1.,0.));
#9178 = FACE_BOUND('',#9179,.T.);
#9179 = EDGE_LOOP('',(#9180));
#9180 = ORIENTED_EDGE('',*,*,#9181,.T.);
#9181 = EDGE_CURVE('',#9182,#9182,#9184,.T.);
#9182 = VERTEX_POINT('',#9183);
#9183 = CARTESIAN_POINT('',(116.15,-103.52,1.51));
#9184 = CIRCLE('',#9185,0.4);
#9185 = AXIS2_PLACEMENT_3D('',#9186,#9187,#9188);
#9186 = CARTESIAN_POINT('',(116.15,-103.12,1.51));
#9187 = DIRECTION('',(-0.,0.,-1.));
#9188 = DIRECTION('',(-0.,-1.,0.));
#9189 = FACE_BOUND('',#9190,.T.);
#9190 = EDGE_LOOP('',(#9191));
#9191 = ORIENTED_EDGE('',*,*,#9192,.T.);
#9192 = EDGE_CURVE('',#9193,#9193,#9195,.T.);
#9193 = VERTEX_POINT('',#9194);
#9194 = CARTESIAN_POINT('',(118.69,-103.52,1.51));
#9195 = CIRCLE('',#9196,0.4);
#9196 = AXIS2_PLACEMENT_3D('',#9197,#9198,#9199);
#9197 = CARTESIAN_POINT('',(118.69,-103.12,1.51));
#9198 = DIRECTION('',(-0.,0.,-1.));
#9199 = DIRECTION('',(-0.,-1.,0.));
#9200 = FACE_BOUND('',#9201,.T.);
#9201 = EDGE_LOOP('',(#9202));
#9202 = ORIENTED_EDGE('',*,*,#9203,.T.);
#9203 = EDGE_CURVE('',#9204,#9204,#9206,.T.);
#9204 = VERTEX_POINT('',#9205);
#9205 = CARTESIAN_POINT('',(85.5,-102.1,1.51));
#9206 = CIRCLE('',#9207,0.6);
#9207 = AXIS2_PLACEMENT_3D('',#9208,#9209,#9210);
#9208 = CARTESIAN_POINT('',(85.5,-101.5,1.51));
#9209 = DIRECTION('',(-0.,0.,-1.));
#9210 = DIRECTION('',(-0.,-1.,0.));
#9211 = FACE_BOUND('',#9212,.T.);
#9212 = EDGE_LOOP('',(#9213));
#9213 = ORIENTED_EDGE('',*,*,#9214,.T.);
#9214 = EDGE_CURVE('',#9215,#9215,#9217,.T.);
#9215 = VERTEX_POINT('',#9216);
#9216 = CARTESIAN_POINT('',(85.2175,-95.645,1.51));
#9217 = CIRCLE('',#9218,0.6);
#9218 = AXIS2_PLACEMENT_3D('',#9219,#9220,#9221);
#9219 = CARTESIAN_POINT('',(85.2175,-95.045,1.51));
#9220 = DIRECTION('',(-0.,0.,-1.));
#9221 = DIRECTION('',(-0.,-1.,0.));
#9222 = FACE_BOUND('',#9223,.T.);
#9223 = EDGE_LOOP('',(#9224));
#9224 = ORIENTED_EDGE('',*,*,#9225,.T.);
#9225 = EDGE_CURVE('',#9226,#9226,#9228,.T.);
#9226 = VERTEX_POINT('',#9227);
#9227 = CARTESIAN_POINT('',(85.2175,-93.105,1.51));
#9228 = CIRCLE('',#9229,0.6);
#9229 = AXIS2_PLACEMENT_3D('',#9230,#9231,#9232);
#9230 = CARTESIAN_POINT('',(85.2175,-92.505,1.51));
#9231 = DIRECTION('',(-0.,0.,-1.));
#9232 = DIRECTION('',(-0.,-1.,0.));
#9233 = FACE_BOUND('',#9234,.T.);
#9234 = EDGE_LOOP('',(#9235));
#9235 = ORIENTED_EDGE('',*,*,#9236,.T.);
#9236 = EDGE_CURVE('',#9237,#9237,#9239,.T.);
#9237 = VERTEX_POINT('',#9238);
#9238 = CARTESIAN_POINT('',(125.13,-110.8,1.51));
#9239 = CIRCLE('',#9240,0.6);
#9240 = AXIS2_PLACEMENT_3D('',#9241,#9242,#9243);
#9241 = CARTESIAN_POINT('',(125.13,-110.2,1.51));
#9242 = DIRECTION('',(-0.,0.,-1.));
#9243 = DIRECTION('',(-0.,-1.,0.));
#9244 = FACE_BOUND('',#9245,.T.);
#9245 = EDGE_LOOP('',(#9246));
#9246 = ORIENTED_EDGE('',*,*,#9247,.T.);
#9247 = EDGE_CURVE('',#9248,#9248,#9250,.T.);
#9248 = VERTEX_POINT('',#9249);
#9249 = CARTESIAN_POINT('',(127.67,-110.8,1.51));
#9250 = CIRCLE('',#9251,0.6);
#9251 = AXIS2_PLACEMENT_3D('',#9252,#9253,#9254);
#9252 = CARTESIAN_POINT('',(127.67,-110.2,1.51));
#9253 = DIRECTION('',(-0.,0.,-1.));
#9254 = DIRECTION('',(-0.,-1.,0.));
#9255 = FACE_BOUND('',#9256,.T.);
#9256 = EDGE_LOOP('',(#9257));
#9257 = ORIENTED_EDGE('',*,*,#9258,.T.);
#9258 = EDGE_CURVE('',#9259,#9259,#9261,.T.);
#9259 = VERTEX_POINT('',#9260);
#9260 = CARTESIAN_POINT('',(130.21,-110.8,1.51));
#9261 = CIRCLE('',#9262,0.6);
#9262 = AXIS2_PLACEMENT_3D('',#9263,#9264,#9265);
#9263 = CARTESIAN_POINT('',(130.21,-110.2,1.51));
#9264 = DIRECTION('',(-0.,0.,-1.));
#9265 = DIRECTION('',(-0.,-1.,0.));
#9266 = FACE_BOUND('',#9267,.T.);
#9267 = EDGE_LOOP('',(#9268));
#9268 = ORIENTED_EDGE('',*,*,#9269,.T.);
#9269 = EDGE_CURVE('',#9270,#9270,#9272,.T.);
#9270 = VERTEX_POINT('',#9271);
#9271 = CARTESIAN_POINT('',(136.63,-110.8,1.51));
#9272 = CIRCLE('',#9273,0.6);
#9273 = AXIS2_PLACEMENT_3D('',#9274,#9275,#9276);
#9274 = CARTESIAN_POINT('',(136.63,-110.2,1.51));
#9275 = DIRECTION('',(-0.,0.,-1.));
#9276 = DIRECTION('',(-0.,-1.,0.));
#9277 = FACE_BOUND('',#9278,.T.);
#9278 = EDGE_LOOP('',(#9279));
#9279 = ORIENTED_EDGE('',*,*,#9280,.T.);
#9280 = EDGE_CURVE('',#9281,#9281,#9283,.T.);
#9281 = VERTEX_POINT('',#9282);
#9282 = CARTESIAN_POINT('',(139.17,-110.8,1.51));
#9283 = CIRCLE('',#9284,0.6);
#9284 = AXIS2_PLACEMENT_3D('',#9285,#9286,#9287);
#9285 = CARTESIAN_POINT('',(139.17,-110.2,1.51));
#9286 = DIRECTION('',(-0.,0.,-1.));
#9287 = DIRECTION('',(-4.736951571734E-14,-1.,0.));
#9288 = FACE_BOUND('',#9289,.T.);
#9289 = EDGE_LOOP('',(#9290));
#9290 = ORIENTED_EDGE('',*,*,#9291,.T.);
#9291 = EDGE_CURVE('',#9292,#9292,#9294,.T.);
#9292 = VERTEX_POINT('',#9293);
#9293 = CARTESIAN_POINT('',(121.23,-103.52,1.51));
#9294 = CIRCLE('',#9295,0.4);
#9295 = AXIS2_PLACEMENT_3D('',#9296,#9297,#9298);
#9296 = CARTESIAN_POINT('',(121.23,-103.12,1.51));
#9297 = DIRECTION('',(-0.,0.,-1.));
#9298 = DIRECTION('',(3.5527136788E-14,-1.,-0.));
#9299 = FACE_BOUND('',#9300,.T.);
#9300 = EDGE_LOOP('',(#9301));
#9301 = ORIENTED_EDGE('',*,*,#9302,.T.);
#9302 = EDGE_CURVE('',#9303,#9303,#9305,.T.);
#9303 = VERTEX_POINT('',#9304);
#9304 = CARTESIAN_POINT('',(123.77,-103.52,1.51));
#9305 = CIRCLE('',#9306,0.4);
#9306 = AXIS2_PLACEMENT_3D('',#9307,#9308,#9309);
#9307 = CARTESIAN_POINT('',(123.77,-103.12,1.51));
#9308 = DIRECTION('',(-0.,0.,-1.));
#9309 = DIRECTION('',(-3.552713678801E-14,-1.,0.));
#9310 = FACE_BOUND('',#9311,.T.);
#9311 = EDGE_LOOP('',(#9312));
#9312 = ORIENTED_EDGE('',*,*,#9313,.T.);
#9313 = EDGE_CURVE('',#9314,#9314,#9316,.T.);
#9314 = VERTEX_POINT('',#9315);
#9315 = CARTESIAN_POINT('',(126.31,-103.52,1.51));
#9316 = CIRCLE('',#9317,0.4);
#9317 = AXIS2_PLACEMENT_3D('',#9318,#9319,#9320);
#9318 = CARTESIAN_POINT('',(126.31,-103.12,1.51));
#9319 = DIRECTION('',(-0.,0.,-1.));
#9320 = DIRECTION('',(-0.,-1.,0.));
#9321 = FACE_BOUND('',#9322,.T.);
#9322 = EDGE_LOOP('',(#9323));
#9323 = ORIENTED_EDGE('',*,*,#9324,.T.);
#9324 = EDGE_CURVE('',#9325,#9325,#9327,.T.);
#9325 = VERTEX_POINT('',#9326);
#9326 = CARTESIAN_POINT('',(128.85,-103.52,1.51));
#9327 = CIRCLE('',#9328,0.4);
#9328 = AXIS2_PLACEMENT_3D('',#9329,#9330,#9331);
#9329 = CARTESIAN_POINT('',(128.85,-103.12,1.51));
#9330 = DIRECTION('',(-0.,0.,-1.));
#9331 = DIRECTION('',(-0.,-1.,0.));
#9332 = FACE_BOUND('',#9333,.T.);
#9333 = EDGE_LOOP('',(#9334));
#9334 = ORIENTED_EDGE('',*,*,#9335,.T.);
#9335 = EDGE_CURVE('',#9336,#9336,#9338,.T.);
#9336 = VERTEX_POINT('',#9337);
#9337 = CARTESIAN_POINT('',(131.39,-103.52,1.51));
#9338 = CIRCLE('',#9339,0.4);
#9339 = AXIS2_PLACEMENT_3D('',#9340,#9341,#9342);
#9340 = CARTESIAN_POINT('',(131.39,-103.12,1.51));
#9341 = DIRECTION('',(-0.,0.,-1.));
#9342 = DIRECTION('',(-0.,-1.,0.));
#9343 = FACE_BOUND('',#9344,.T.);
#9344 = EDGE_LOOP('',(#9345));
#9345 = ORIENTED_EDGE('',*,*,#9346,.T.);
#9346 = EDGE_CURVE('',#9347,#9347,#9349,.T.);
#9347 = VERTEX_POINT('',#9348);
#9348 = CARTESIAN_POINT('',(133.93,-103.52,1.51));
#9349 = CIRCLE('',#9350,0.4);
#9350 = AXIS2_PLACEMENT_3D('',#9351,#9352,#9353);
#9351 = CARTESIAN_POINT('',(133.93,-103.12,1.51));
#9352 = DIRECTION('',(-0.,0.,-1.));
#9353 = DIRECTION('',(-0.,-1.,0.));
#9354 = FACE_BOUND('',#9355,.T.);
#9355 = EDGE_LOOP('',(#9356));
#9356 = ORIENTED_EDGE('',*,*,#9357,.T.);
#9357 = EDGE_CURVE('',#9358,#9358,#9360,.T.);
#9358 = VERTEX_POINT('',#9359);
#9359 = CARTESIAN_POINT('',(136.47,-103.52,1.51));
#9360 = CIRCLE('',#9361,0.4);
#9361 = AXIS2_PLACEMENT_3D('',#9362,#9363,#9364);
#9362 = CARTESIAN_POINT('',(136.47,-103.12,1.51));
#9363 = DIRECTION('',(-0.,0.,-1.));
#9364 = DIRECTION('',(-0.,-1.,0.));
#9365 = FACE_BOUND('',#9366,.T.);
#9366 = EDGE_LOOP('',(#9367));
#9367 = ORIENTED_EDGE('',*,*,#9368,.T.);
#9368 = EDGE_CURVE('',#9369,#9369,#9371,.T.);
#9369 = VERTEX_POINT('',#9370);
#9370 = CARTESIAN_POINT('',(139.01,-103.52,1.51));
#9371 = CIRCLE('',#9372,0.4);
#9372 = AXIS2_PLACEMENT_3D('',#9373,#9374,#9375);
#9373 = CARTESIAN_POINT('',(139.01,-103.12,1.51));
#9374 = DIRECTION('',(-0.,0.,-1.));
#9375 = DIRECTION('',(-0.,-1.,0.));
#9376 = FACE_BOUND('',#9377,.T.);
#9377 = EDGE_LOOP('',(#9378));
#9378 = ORIENTED_EDGE('',*,*,#9379,.T.);
#9379 = EDGE_CURVE('',#9380,#9380,#9382,.T.);
#9380 = VERTEX_POINT('',#9381);
#9381 = CARTESIAN_POINT('',(146.75,-114.965,1.51));
#9382 = CIRCLE('',#9383,0.425);
#9383 = AXIS2_PLACEMENT_3D('',#9384,#9385,#9386);
#9384 = CARTESIAN_POINT('',(146.75,-114.54,1.51));
#9385 = DIRECTION('',(-0.,0.,-1.));
#9386 = DIRECTION('',(-0.,-1.,0.));
#9387 = FACE_BOUND('',#9388,.T.);
#9388 = EDGE_LOOP('',(#9389));
#9389 = ORIENTED_EDGE('',*,*,#9390,.T.);
#9390 = EDGE_CURVE('',#9391,#9391,#9393,.T.);
#9391 = VERTEX_POINT('',#9392);
#9392 = CARTESIAN_POINT('',(146.75,-112.425,1.51));
#9393 = CIRCLE('',#9394,0.425);
#9394 = AXIS2_PLACEMENT_3D('',#9395,#9396,#9397);
#9395 = CARTESIAN_POINT('',(146.75,-112.,1.51));
#9396 = DIRECTION('',(-0.,0.,-1.));
#9397 = DIRECTION('',(-0.,-1.,0.));
#9398 = FACE_BOUND('',#9399,.T.);
#9399 = EDGE_LOOP('',(#9400));
#9400 = ORIENTED_EDGE('',*,*,#9401,.T.);
#9401 = EDGE_CURVE('',#9402,#9402,#9404,.T.);
#9402 = VERTEX_POINT('',#9403);
#9403 = CARTESIAN_POINT('',(141.71,-110.8,1.51));
#9404 = CIRCLE('',#9405,0.6);
#9405 = AXIS2_PLACEMENT_3D('',#9406,#9407,#9408);
#9406 = CARTESIAN_POINT('',(141.71,-110.2,1.51));
#9407 = DIRECTION('',(-0.,0.,-1.));
#9408 = DIRECTION('',(-0.,-1.,0.));
#9409 = FACE_BOUND('',#9410,.T.);
#9410 = EDGE_LOOP('',(#9411));
#9411 = ORIENTED_EDGE('',*,*,#9412,.T.);
#9412 = EDGE_CURVE('',#9413,#9413,#9415,.T.);
#9413 = VERTEX_POINT('',#9414);
#9414 = CARTESIAN_POINT('',(146.75,-109.885,1.51));
#9415 = CIRCLE('',#9416,0.425);
#9416 = AXIS2_PLACEMENT_3D('',#9417,#9418,#9419);
#9417 = CARTESIAN_POINT('',(146.75,-109.46,1.51));
#9418 = DIRECTION('',(-0.,0.,-1.));
#9419 = DIRECTION('',(-0.,-1.,0.));
#9420 = FACE_BOUND('',#9421,.T.);
#9421 = EDGE_LOOP('',(#9422));
#9422 = ORIENTED_EDGE('',*,*,#9423,.T.);
#9423 = EDGE_CURVE('',#9424,#9424,#9426,.T.);
#9424 = VERTEX_POINT('',#9425);
#9425 = CARTESIAN_POINT('',(156.5,-114.925,1.51));
#9426 = CIRCLE('',#9427,0.425);
#9427 = AXIS2_PLACEMENT_3D('',#9428,#9429,#9430);
#9428 = CARTESIAN_POINT('',(156.5,-114.5,1.51));
#9429 = DIRECTION('',(-0.,0.,-1.));
#9430 = DIRECTION('',(-0.,-1.,0.));
#9431 = FACE_BOUND('',#9432,.T.);
#9432 = EDGE_LOOP('',(#9433));
#9433 = ORIENTED_EDGE('',*,*,#9434,.T.);
#9434 = EDGE_CURVE('',#9435,#9435,#9437,.T.);
#9435 = VERTEX_POINT('',#9436);
#9436 = CARTESIAN_POINT('',(156.5,-112.385,1.51));
#9437 = CIRCLE('',#9438,0.425);
#9438 = AXIS2_PLACEMENT_3D('',#9439,#9440,#9441);
#9439 = CARTESIAN_POINT('',(156.5,-111.96,1.51));
#9440 = DIRECTION('',(-0.,0.,-1.));
#9441 = DIRECTION('',(-0.,-1.,0.));
#9442 = FACE_BOUND('',#9443,.T.);
#9443 = EDGE_LOOP('',(#9444));
#9444 = ORIENTED_EDGE('',*,*,#9445,.T.);
#9445 = EDGE_CURVE('',#9446,#9446,#9448,.T.);
#9446 = VERTEX_POINT('',#9447);
#9447 = CARTESIAN_POINT('',(156.5,-109.845,1.51));
#9448 = CIRCLE('',#9449,0.425);
#9449 = AXIS2_PLACEMENT_3D('',#9450,#9451,#9452);
#9450 = CARTESIAN_POINT('',(156.5,-109.42,1.51));
#9451 = DIRECTION('',(-0.,0.,-1.));
#9452 = DIRECTION('',(-0.,-1.,0.));
#9453 = FACE_BOUND('',#9454,.T.);
#9454 = EDGE_LOOP('',(#9455));
#9455 = ORIENTED_EDGE('',*,*,#9456,.T.);
#9456 = EDGE_CURVE('',#9457,#9457,#9459,.T.);
#9457 = VERTEX_POINT('',#9458);
#9458 = CARTESIAN_POINT('',(141.55,-103.52,1.51));
#9459 = CIRCLE('',#9460,0.4);
#9460 = AXIS2_PLACEMENT_3D('',#9461,#9462,#9463);
#9461 = CARTESIAN_POINT('',(141.55,-103.12,1.51));
#9462 = DIRECTION('',(-0.,0.,-1.));
#9463 = DIRECTION('',(-0.,-1.,0.));
#9464 = FACE_BOUND('',#9465,.T.);
#9465 = EDGE_LOOP('',(#9466));
#9466 = ORIENTED_EDGE('',*,*,#9467,.T.);
#9467 = EDGE_CURVE('',#9468,#9468,#9470,.T.);
#9468 = VERTEX_POINT('',#9469);
#9469 = CARTESIAN_POINT('',(144.09,-103.52,1.51));
#9470 = CIRCLE('',#9471,0.4);
#9471 = AXIS2_PLACEMENT_3D('',#9472,#9473,#9474);
#9472 = CARTESIAN_POINT('',(144.09,-103.12,1.51));
#9473 = DIRECTION('',(-0.,0.,-1.));
#9474 = DIRECTION('',(-0.,-1.,0.));
#9475 = FACE_BOUND('',#9476,.T.);
#9476 = EDGE_LOOP('',(#9477));
#9477 = ORIENTED_EDGE('',*,*,#9478,.T.);
#9478 = EDGE_CURVE('',#9479,#9479,#9481,.T.);
#9479 = VERTEX_POINT('',#9480);
#9480 = CARTESIAN_POINT('',(146.63,-103.52,1.51));
#9481 = CIRCLE('',#9482,0.4);
#9482 = AXIS2_PLACEMENT_3D('',#9483,#9484,#9485);
#9483 = CARTESIAN_POINT('',(146.63,-103.12,1.51));
#9484 = DIRECTION('',(-0.,0.,-1.));
#9485 = DIRECTION('',(-0.,-1.,0.));
#9486 = FACE_BOUND('',#9487,.T.);
#9487 = EDGE_LOOP('',(#9488));
#9488 = ORIENTED_EDGE('',*,*,#9489,.T.);
#9489 = EDGE_CURVE('',#9490,#9490,#9492,.T.);
#9490 = VERTEX_POINT('',#9491);
#9491 = CARTESIAN_POINT('',(149.17,-103.52,1.51));
#9492 = CIRCLE('',#9493,0.4);
#9493 = AXIS2_PLACEMENT_3D('',#9494,#9495,#9496);
#9494 = CARTESIAN_POINT('',(149.17,-103.12,1.51));
#9495 = DIRECTION('',(-0.,0.,-1.));
#9496 = DIRECTION('',(-7.105427357601E-14,-1.,0.));
#9497 = FACE_BOUND('',#9498,.T.);
#9498 = EDGE_LOOP('',(#9499));
#9499 = ORIENTED_EDGE('',*,*,#9500,.T.);
#9500 = EDGE_CURVE('',#9501,#9501,#9503,.T.);
#9501 = VERTEX_POINT('',#9502);
#9502 = CARTESIAN_POINT('',(151.71,-103.52,1.51));
#9503 = CIRCLE('',#9504,0.4);
#9504 = AXIS2_PLACEMENT_3D('',#9505,#9506,#9507);
#9505 = CARTESIAN_POINT('',(151.71,-103.12,1.51));
#9506 = DIRECTION('',(-0.,0.,-1.));
#9507 = DIRECTION('',(-0.,-1.,0.));
#9508 = FACE_BOUND('',#9509,.T.);
#9509 = EDGE_LOOP('',(#9510));
#9510 = ORIENTED_EDGE('',*,*,#9511,.T.);
#9511 = EDGE_CURVE('',#9512,#9512,#9514,.T.);
#9512 = VERTEX_POINT('',#9513);
#9513 = CARTESIAN_POINT('',(158.,-97.625,1.51));
#9514 = CIRCLE('',#9515,0.925);
#9515 = AXIS2_PLACEMENT_3D('',#9516,#9517,#9518);
#9516 = CARTESIAN_POINT('',(158.,-96.7,1.51));
#9517 = DIRECTION('',(-0.,0.,-1.));
#9518 = DIRECTION('',(-0.,-1.,0.));
#9519 = FACE_BOUND('',#9520,.T.);
#9520 = EDGE_LOOP('',(#9521));
#9521 = ORIENTED_EDGE('',*,*,#9522,.T.);
#9522 = EDGE_CURVE('',#9523,#9523,#9525,.T.);
#9523 = VERTEX_POINT('',#9524);
#9524 = CARTESIAN_POINT('',(158.,-92.925,1.51));
#9525 = CIRCLE('',#9526,0.925);
#9526 = AXIS2_PLACEMENT_3D('',#9527,#9528,#9529);
#9527 = CARTESIAN_POINT('',(158.,-92.,1.51));
#9528 = DIRECTION('',(-0.,0.,-1.));
#9529 = DIRECTION('',(-0.,-1.,0.));
#9530 = FACE_BOUND('',#9531,.T.);
#9531 = EDGE_LOOP('',(#9532));
#9532 = ORIENTED_EDGE('',*,*,#9533,.T.);
#9533 = EDGE_CURVE('',#9534,#9534,#9536,.T.);
#9534 = VERTEX_POINT('',#9535);
#9535 = CARTESIAN_POINT('',(85.2175,-90.565,1.51));
#9536 = CIRCLE('',#9537,0.6);
#9537 = AXIS2_PLACEMENT_3D('',#9538,#9539,#9540);
#9538 = CARTESIAN_POINT('',(85.2175,-89.965,1.51));
#9539 = DIRECTION('',(-0.,0.,-1.));
#9540 = DIRECTION('',(-0.,-1.,0.));
#9541 = FACE_BOUND('',#9542,.T.);
#9542 = EDGE_LOOP('',(#9543));
#9543 = ORIENTED_EDGE('',*,*,#9544,.T.);
#9544 = EDGE_CURVE('',#9545,#9545,#9547,.T.);
#9545 = VERTEX_POINT('',#9546);
#9546 = CARTESIAN_POINT('',(93.29,-88.28,1.51));
#9547 = CIRCLE('',#9548,0.4);
#9548 = AXIS2_PLACEMENT_3D('',#9549,#9550,#9551);
#9549 = CARTESIAN_POINT('',(93.29,-87.88,1.51));
#9550 = DIRECTION('',(-0.,0.,-1.));
#9551 = DIRECTION('',(3.5527136788E-14,-1.,-0.));
#9552 = FACE_BOUND('',#9553,.T.);
#9553 = EDGE_LOOP('',(#9554));
#9554 = ORIENTED_EDGE('',*,*,#9555,.T.);
#9555 = EDGE_CURVE('',#9556,#9556,#9558,.T.);
#9556 = VERTEX_POINT('',#9557);
#9557 = CARTESIAN_POINT('',(95.83,-88.28,1.51));
#9558 = CIRCLE('',#9559,0.4);
#9559 = AXIS2_PLACEMENT_3D('',#9560,#9561,#9562);
#9560 = CARTESIAN_POINT('',(95.83,-87.88,1.51));
#9561 = DIRECTION('',(-0.,0.,-1.));
#9562 = DIRECTION('',(-3.552713678801E-14,-1.,0.));
#9563 = FACE_BOUND('',#9564,.T.);
#9564 = EDGE_LOOP('',(#9565));
#9565 = ORIENTED_EDGE('',*,*,#9566,.T.);
#9566 = EDGE_CURVE('',#9567,#9567,#9569,.T.);
#9567 = VERTEX_POINT('',#9568);
#9568 = CARTESIAN_POINT('',(98.37,-88.28,1.51));
#9569 = CIRCLE('',#9570,0.4);
#9570 = AXIS2_PLACEMENT_3D('',#9571,#9572,#9573);
#9571 = CARTESIAN_POINT('',(98.37,-87.88,1.51));
#9572 = DIRECTION('',(-0.,0.,-1.));
#9573 = DIRECTION('',(-0.,-1.,0.));
#9574 = FACE_BOUND('',#9575,.T.);
#9575 = EDGE_LOOP('',(#9576));
#9576 = ORIENTED_EDGE('',*,*,#9577,.T.);
#9577 = EDGE_CURVE('',#9578,#9578,#9580,.T.);
#9578 = VERTEX_POINT('',#9579);
#9579 = CARTESIAN_POINT('',(100.91,-88.28,1.51));
#9580 = CIRCLE('',#9581,0.4);
#9581 = AXIS2_PLACEMENT_3D('',#9582,#9583,#9584);
#9582 = CARTESIAN_POINT('',(100.91,-87.88,1.51));
#9583 = DIRECTION('',(-0.,0.,-1.));
#9584 = DIRECTION('',(-0.,-1.,0.));
#9585 = FACE_BOUND('',#9586,.T.);
#9586 = EDGE_LOOP('',(#9587));
#9587 = ORIENTED_EDGE('',*,*,#9588,.T.);
#9588 = EDGE_CURVE('',#9589,#9589,#9591,.T.);
#9589 = VERTEX_POINT('',#9590);
#9590 = CARTESIAN_POINT('',(85.735,-79.1625,1.51));
#9591 = CIRCLE('',#9592,0.6);
#9592 = AXIS2_PLACEMENT_3D('',#9593,#9594,#9595);
#9593 = CARTESIAN_POINT('',(85.735,-78.5625,1.51));
#9594 = DIRECTION('',(-0.,0.,-1.));
#9595 = DIRECTION('',(-0.,-1.,0.));
#9596 = FACE_BOUND('',#9597,.T.);
#9597 = EDGE_LOOP('',(#9598));
#9598 = ORIENTED_EDGE('',*,*,#9599,.T.);
#9599 = EDGE_CURVE('',#9600,#9600,#9602,.T.);
#9600 = VERTEX_POINT('',#9601);
#9601 = CARTESIAN_POINT('',(103.45,-88.28,1.51));
#9602 = CIRCLE('',#9603,0.4);
#9603 = AXIS2_PLACEMENT_3D('',#9604,#9605,#9606);
#9604 = CARTESIAN_POINT('',(103.45,-87.88,1.51));
#9605 = DIRECTION('',(-0.,0.,-1.));
#9606 = DIRECTION('',(3.5527136788E-14,-1.,-0.));
#9607 = FACE_BOUND('',#9608,.T.);
#9608 = EDGE_LOOP('',(#9609));
#9609 = ORIENTED_EDGE('',*,*,#9610,.T.);
#9610 = EDGE_CURVE('',#9611,#9611,#9613,.T.);
#9611 = VERTEX_POINT('',#9612);
#9612 = CARTESIAN_POINT('',(105.99,-88.28,1.51));
#9613 = CIRCLE('',#9614,0.4);
#9614 = AXIS2_PLACEMENT_3D('',#9615,#9616,#9617);
#9615 = CARTESIAN_POINT('',(105.99,-87.88,1.51));
#9616 = DIRECTION('',(-0.,0.,-1.));
#9617 = DIRECTION('',(-3.552713678801E-14,-1.,0.));
#9618 = FACE_BOUND('',#9619,.T.);
#9619 = EDGE_LOOP('',(#9620));
#9620 = ORIENTED_EDGE('',*,*,#9621,.T.);
#9621 = EDGE_CURVE('',#9622,#9622,#9624,.T.);
#9622 = VERTEX_POINT('',#9623);
#9623 = CARTESIAN_POINT('',(108.53,-88.28,1.51));
#9624 = CIRCLE('',#9625,0.4);
#9625 = AXIS2_PLACEMENT_3D('',#9626,#9627,#9628);
#9626 = CARTESIAN_POINT('',(108.53,-87.88,1.51));
#9627 = DIRECTION('',(-0.,0.,-1.));
#9628 = DIRECTION('',(-0.,-1.,0.));
#9629 = FACE_BOUND('',#9630,.T.);
#9630 = EDGE_LOOP('',(#9631));
#9631 = ORIENTED_EDGE('',*,*,#9632,.T.);
#9632 = EDGE_CURVE('',#9633,#9633,#9635,.T.);
#9633 = VERTEX_POINT('',#9634);
#9634 = CARTESIAN_POINT('',(111.07,-88.28,1.51));
#9635 = CIRCLE('',#9636,0.4);
#9636 = AXIS2_PLACEMENT_3D('',#9637,#9638,#9639);
#9637 = CARTESIAN_POINT('',(111.07,-87.88,1.51));
#9638 = DIRECTION('',(-0.,0.,-1.));
#9639 = DIRECTION('',(-0.,-1.,0.));
#9640 = FACE_BOUND('',#9641,.T.);
#9641 = EDGE_LOOP('',(#9642));
#9642 = ORIENTED_EDGE('',*,*,#9643,.T.);
#9643 = EDGE_CURVE('',#9644,#9644,#9646,.T.);
#9644 = VERTEX_POINT('',#9645);
#9645 = CARTESIAN_POINT('',(113.61,-88.28,1.51));
#9646 = CIRCLE('',#9647,0.4);
#9647 = AXIS2_PLACEMENT_3D('',#9648,#9649,#9650);
#9648 = CARTESIAN_POINT('',(113.61,-87.88,1.51));
#9649 = DIRECTION('',(-0.,0.,-1.));
#9650 = DIRECTION('',(-0.,-1.,0.));
#9651 = FACE_BOUND('',#9652,.T.);
#9652 = EDGE_LOOP('',(#9653));
#9653 = ORIENTED_EDGE('',*,*,#9654,.T.);
#9654 = EDGE_CURVE('',#9655,#9655,#9657,.T.);
#9655 = VERTEX_POINT('',#9656);
#9656 = CARTESIAN_POINT('',(116.15,-88.28,1.51));
#9657 = CIRCLE('',#9658,0.4);
#9658 = AXIS2_PLACEMENT_3D('',#9659,#9660,#9661);
#9659 = CARTESIAN_POINT('',(116.15,-87.88,1.51));
#9660 = DIRECTION('',(-0.,0.,-1.));
#9661 = DIRECTION('',(-0.,-1.,0.));
#9662 = FACE_BOUND('',#9663,.T.);
#9663 = EDGE_LOOP('',(#9664));
#9664 = ORIENTED_EDGE('',*,*,#9665,.T.);
#9665 = EDGE_CURVE('',#9666,#9666,#9668,.T.);
#9666 = VERTEX_POINT('',#9667);
#9667 = CARTESIAN_POINT('',(118.69,-88.28,1.51));
#9668 = CIRCLE('',#9669,0.4);
#9669 = AXIS2_PLACEMENT_3D('',#9670,#9671,#9672);
#9670 = CARTESIAN_POINT('',(118.69,-87.88,1.51));
#9671 = DIRECTION('',(-0.,0.,-1.));
#9672 = DIRECTION('',(-0.,-1.,0.));
#9673 = FACE_BOUND('',#9674,.T.);
#9674 = EDGE_LOOP('',(#9675));
#9675 = ORIENTED_EDGE('',*,*,#9676,.T.);
#9676 = EDGE_CURVE('',#9677,#9677,#9679,.T.);
#9677 = VERTEX_POINT('',#9678);
#9678 = CARTESIAN_POINT('',(103.1,-82.6,1.51));
#9679 = CIRCLE('',#9680,0.1);
#9680 = AXIS2_PLACEMENT_3D('',#9681,#9682,#9683);
#9681 = CARTESIAN_POINT('',(103.1,-82.5,1.51));
#9682 = DIRECTION('',(-0.,0.,-1.));
#9683 = DIRECTION('',(-0.,-1.,0.));
#9684 = FACE_BOUND('',#9685,.T.);
#9685 = EDGE_LOOP('',(#9686));
#9686 = ORIENTED_EDGE('',*,*,#9687,.T.);
#9687 = EDGE_CURVE('',#9688,#9688,#9690,.T.);
#9688 = VERTEX_POINT('',#9689);
#9689 = CARTESIAN_POINT('',(103.1,-81.3,1.51));
#9690 = CIRCLE('',#9691,0.1);
#9691 = AXIS2_PLACEMENT_3D('',#9692,#9693,#9694);
#9692 = CARTESIAN_POINT('',(103.1,-81.2,1.51));
#9693 = DIRECTION('',(-0.,0.,-1.));
#9694 = DIRECTION('',(-0.,-1.,0.));
#9695 = FACE_BOUND('',#9696,.T.);
#9696 = EDGE_LOOP('',(#9697));
#9697 = ORIENTED_EDGE('',*,*,#9698,.T.);
#9698 = EDGE_CURVE('',#9699,#9699,#9701,.T.);
#9699 = VERTEX_POINT('',#9700);
#9700 = CARTESIAN_POINT('',(104.4,-82.6,1.51));
#9701 = CIRCLE('',#9702,1.E-01);
#9702 = AXIS2_PLACEMENT_3D('',#9703,#9704,#9705);
#9703 = CARTESIAN_POINT('',(104.4,-82.5,1.51));
#9704 = DIRECTION('',(-0.,0.,-1.));
#9705 = DIRECTION('',(-0.,-1.,0.));
#9706 = FACE_BOUND('',#9707,.T.);
#9707 = EDGE_LOOP('',(#9708));
#9708 = ORIENTED_EDGE('',*,*,#9709,.T.);
#9709 = EDGE_CURVE('',#9710,#9710,#9712,.T.);
#9710 = VERTEX_POINT('',#9711);
#9711 = CARTESIAN_POINT('',(105.7,-82.6,1.51));
#9712 = CIRCLE('',#9713,0.1);
#9713 = AXIS2_PLACEMENT_3D('',#9714,#9715,#9716);
#9714 = CARTESIAN_POINT('',(105.7,-82.5,1.51));
#9715 = DIRECTION('',(-0.,0.,-1.));
#9716 = DIRECTION('',(1.42108547152E-13,-1.,-0.));
#9717 = FACE_BOUND('',#9718,.T.);
#9718 = EDGE_LOOP('',(#9719));
#9719 = ORIENTED_EDGE('',*,*,#9720,.T.);
#9720 = EDGE_CURVE('',#9721,#9721,#9723,.T.);
#9721 = VERTEX_POINT('',#9722);
#9722 = CARTESIAN_POINT('',(104.4,-81.3,1.51));
#9723 = CIRCLE('',#9724,1.E-01);
#9724 = AXIS2_PLACEMENT_3D('',#9725,#9726,#9727);
#9725 = CARTESIAN_POINT('',(104.4,-81.2,1.51));
#9726 = DIRECTION('',(-0.,0.,-1.));
#9727 = DIRECTION('',(-0.,-1.,0.));
#9728 = FACE_BOUND('',#9729,.T.);
#9729 = EDGE_LOOP('',(#9730));
#9730 = ORIENTED_EDGE('',*,*,#9731,.T.);
#9731 = EDGE_CURVE('',#9732,#9732,#9734,.T.);
#9732 = VERTEX_POINT('',#9733);
#9733 = CARTESIAN_POINT('',(105.7,-81.3,1.51));
#9734 = CIRCLE('',#9735,0.1);
#9735 = AXIS2_PLACEMENT_3D('',#9736,#9737,#9738);
#9736 = CARTESIAN_POINT('',(105.7,-81.2,1.51));
#9737 = DIRECTION('',(-0.,0.,-1.));
#9738 = DIRECTION('',(1.42108547152E-13,-1.,-0.));
#9739 = FACE_BOUND('',#9740,.T.);
#9740 = EDGE_LOOP('',(#9741));
#9741 = ORIENTED_EDGE('',*,*,#9742,.T.);
#9742 = EDGE_CURVE('',#9743,#9743,#9745,.T.);
#9743 = VERTEX_POINT('',#9744);
#9744 = CARTESIAN_POINT('',(107.,-82.6,1.51));
#9745 = CIRCLE('',#9746,9.999999999999E-02);
#9746 = AXIS2_PLACEMENT_3D('',#9747,#9748,#9749);
#9747 = CARTESIAN_POINT('',(107.,-82.5,1.51));
#9748 = DIRECTION('',(-0.,0.,-1.));
#9749 = DIRECTION('',(-0.,-1.,0.));
#9750 = FACE_BOUND('',#9751,.T.);
#9751 = EDGE_LOOP('',(#9752));
#9752 = ORIENTED_EDGE('',*,*,#9753,.T.);
#9753 = EDGE_CURVE('',#9754,#9754,#9756,.T.);
#9754 = VERTEX_POINT('',#9755);
#9755 = CARTESIAN_POINT('',(107.,-81.3,1.51));
#9756 = CIRCLE('',#9757,9.999999999999E-02);
#9757 = AXIS2_PLACEMENT_3D('',#9758,#9759,#9760);
#9758 = CARTESIAN_POINT('',(107.,-81.2,1.51));
#9759 = DIRECTION('',(-0.,0.,-1.));
#9760 = DIRECTION('',(-0.,-1.,0.));
#9761 = FACE_BOUND('',#9762,.T.);
#9762 = EDGE_LOOP('',(#9763));
#9763 = ORIENTED_EDGE('',*,*,#9764,.T.);
#9764 = EDGE_CURVE('',#9765,#9765,#9767,.T.);
#9765 = VERTEX_POINT('',#9766);
#9766 = CARTESIAN_POINT('',(115.6,-82.6,1.51));
#9767 = CIRCLE('',#9768,0.1);
#9768 = AXIS2_PLACEMENT_3D('',#9769,#9770,#9771);
#9769 = CARTESIAN_POINT('',(115.6,-82.5,1.51));
#9770 = DIRECTION('',(-0.,0.,-1.));
#9771 = DIRECTION('',(-0.,-1.,0.));
#9772 = FACE_BOUND('',#9773,.T.);
#9773 = EDGE_LOOP('',(#9774));
#9774 = ORIENTED_EDGE('',*,*,#9775,.T.);
#9775 = EDGE_CURVE('',#9776,#9776,#9778,.T.);
#9776 = VERTEX_POINT('',#9777);
#9777 = CARTESIAN_POINT('',(115.6,-81.3,1.51));
#9778 = CIRCLE('',#9779,0.1);
#9779 = AXIS2_PLACEMENT_3D('',#9780,#9781,#9782);
#9780 = CARTESIAN_POINT('',(115.6,-81.2,1.51));
#9781 = DIRECTION('',(-0.,0.,-1.));
#9782 = DIRECTION('',(-0.,-1.,0.));
#9783 = FACE_BOUND('',#9784,.T.);
#9784 = EDGE_LOOP('',(#9785));
#9785 = ORIENTED_EDGE('',*,*,#9786,.T.);
#9786 = EDGE_CURVE('',#9787,#9787,#9789,.T.);
#9787 = VERTEX_POINT('',#9788);
#9788 = CARTESIAN_POINT('',(116.9,-82.6,1.51));
#9789 = CIRCLE('',#9790,1.E-01);
#9790 = AXIS2_PLACEMENT_3D('',#9791,#9792,#9793);
#9791 = CARTESIAN_POINT('',(116.9,-82.5,1.51));
#9792 = DIRECTION('',(-0.,0.,-1.));
#9793 = DIRECTION('',(-0.,-1.,0.));
#9794 = FACE_BOUND('',#9795,.T.);
#9795 = EDGE_LOOP('',(#9796));
#9796 = ORIENTED_EDGE('',*,*,#9797,.T.);
#9797 = EDGE_CURVE('',#9798,#9798,#9800,.T.);
#9798 = VERTEX_POINT('',#9799);
#9799 = CARTESIAN_POINT('',(116.9,-81.3,1.51));
#9800 = CIRCLE('',#9801,1.E-01);
#9801 = AXIS2_PLACEMENT_3D('',#9802,#9803,#9804);
#9802 = CARTESIAN_POINT('',(116.9,-81.2,1.51));
#9803 = DIRECTION('',(-0.,0.,-1.));
#9804 = DIRECTION('',(-0.,-1.,0.));
#9805 = FACE_BOUND('',#9806,.T.);
#9806 = EDGE_LOOP('',(#9807));
#9807 = ORIENTED_EDGE('',*,*,#9808,.T.);
#9808 = EDGE_CURVE('',#9809,#9809,#9811,.T.);
#9809 = VERTEX_POINT('',#9810);
#9810 = CARTESIAN_POINT('',(118.2,-82.6,1.51));
#9811 = CIRCLE('',#9812,0.1);
#9812 = AXIS2_PLACEMENT_3D('',#9813,#9814,#9815);
#9813 = CARTESIAN_POINT('',(118.2,-82.5,1.51));
#9814 = DIRECTION('',(-0.,0.,-1.));
#9815 = DIRECTION('',(1.42108547152E-13,-1.,-0.));
#9816 = FACE_BOUND('',#9817,.T.);
#9817 = EDGE_LOOP('',(#9818));
#9818 = ORIENTED_EDGE('',*,*,#9819,.T.);
#9819 = EDGE_CURVE('',#9820,#9820,#9822,.T.);
#9820 = VERTEX_POINT('',#9821);
#9821 = CARTESIAN_POINT('',(119.5,-82.6,1.51));
#9822 = CIRCLE('',#9823,9.999999999999E-02);
#9823 = AXIS2_PLACEMENT_3D('',#9824,#9825,#9826);
#9824 = CARTESIAN_POINT('',(119.5,-82.5,1.51));
#9825 = DIRECTION('',(-0.,0.,-1.));
#9826 = DIRECTION('',(-0.,-1.,0.));
#9827 = FACE_BOUND('',#9828,.T.);
#9828 = EDGE_LOOP('',(#9829));
#9829 = ORIENTED_EDGE('',*,*,#9830,.T.);
#9830 = EDGE_CURVE('',#9831,#9831,#9833,.T.);
#9831 = VERTEX_POINT('',#9832);
#9832 = CARTESIAN_POINT('',(118.2,-81.3,1.51));
#9833 = CIRCLE('',#9834,0.1);
#9834 = AXIS2_PLACEMENT_3D('',#9835,#9836,#9837);
#9835 = CARTESIAN_POINT('',(118.2,-81.2,1.51));
#9836 = DIRECTION('',(-0.,0.,-1.));
#9837 = DIRECTION('',(1.42108547152E-13,-1.,-0.));
#9838 = FACE_BOUND('',#9839,.T.);
#9839 = EDGE_LOOP('',(#9840));
#9840 = ORIENTED_EDGE('',*,*,#9841,.T.);
#9841 = EDGE_CURVE('',#9842,#9842,#9844,.T.);
#9842 = VERTEX_POINT('',#9843);
#9843 = CARTESIAN_POINT('',(119.5,-81.3,1.51));
#9844 = CIRCLE('',#9845,9.999999999999E-02);
#9845 = AXIS2_PLACEMENT_3D('',#9846,#9847,#9848);
#9846 = CARTESIAN_POINT('',(119.5,-81.2,1.51));
#9847 = DIRECTION('',(-0.,0.,-1.));
#9848 = DIRECTION('',(-0.,-1.,0.));
#9849 = FACE_BOUND('',#9850,.T.);
#9850 = EDGE_LOOP('',(#9851));
#9851 = ORIENTED_EDGE('',*,*,#9852,.T.);
#9852 = EDGE_CURVE('',#9853,#9853,#9855,.T.);
#9853 = VERTEX_POINT('',#9854);
#9854 = CARTESIAN_POINT('',(85.735,-76.6225,1.51));
#9855 = CIRCLE('',#9856,0.6);
#9856 = AXIS2_PLACEMENT_3D('',#9857,#9858,#9859);
#9857 = CARTESIAN_POINT('',(85.735,-76.0225,1.51));
#9858 = DIRECTION('',(-0.,0.,-1.));
#9859 = DIRECTION('',(-0.,-1.,0.));
#9860 = FACE_BOUND('',#9861,.T.);
#9861 = EDGE_LOOP('',(#9862));
#9862 = ORIENTED_EDGE('',*,*,#9863,.T.);
#9863 = EDGE_CURVE('',#9864,#9864,#9866,.T.);
#9864 = VERTEX_POINT('',#9865);
#9865 = CARTESIAN_POINT('',(85.735,-74.0825,1.51));
#9866 = CIRCLE('',#9867,0.6);
#9867 = AXIS2_PLACEMENT_3D('',#9868,#9869,#9870);
#9868 = CARTESIAN_POINT('',(85.735,-73.4825,1.51));
#9869 = DIRECTION('',(-0.,0.,-1.));
#9870 = DIRECTION('',(-0.,-1.,0.));
#9871 = FACE_BOUND('',#9872,.T.);
#9872 = EDGE_LOOP('',(#9873));
#9873 = ORIENTED_EDGE('',*,*,#9874,.T.);
#9874 = EDGE_CURVE('',#9875,#9875,#9877,.T.);
#9875 = VERTEX_POINT('',#9876);
#9876 = CARTESIAN_POINT('',(83.,-68.25,1.51));
#9877 = CIRCLE('',#9878,1.25);
#9878 = AXIS2_PLACEMENT_3D('',#9879,#9880,#9881);
#9879 = CARTESIAN_POINT('',(83.,-67.,1.51));
#9880 = DIRECTION('',(-0.,0.,-1.));
#9881 = DIRECTION('',(-0.,-1.,0.));
#9882 = FACE_BOUND('',#9883,.T.);
#9883 = EDGE_LOOP('',(#9884));
#9884 = ORIENTED_EDGE('',*,*,#9885,.T.);
#9885 = EDGE_CURVE('',#9886,#9886,#9888,.T.);
#9886 = VERTEX_POINT('',#9887);
#9887 = CARTESIAN_POINT('',(94.,-69.1,1.51));
#9888 = CIRCLE('',#9889,0.6);
#9889 = AXIS2_PLACEMENT_3D('',#9890,#9891,#9892);
#9890 = CARTESIAN_POINT('',(94.,-68.5,1.51));
#9891 = DIRECTION('',(-0.,0.,-1.));
#9892 = DIRECTION('',(-0.,-1.,0.));
#9893 = FACE_BOUND('',#9894,.T.);
#9894 = EDGE_LOOP('',(#9895));
#9895 = ORIENTED_EDGE('',*,*,#9896,.T.);
#9896 = EDGE_CURVE('',#9897,#9897,#9899,.T.);
#9897 = VERTEX_POINT('',#9898);
#9898 = CARTESIAN_POINT('',(96.54,-69.1,1.51));
#9899 = CIRCLE('',#9900,0.6);
#9900 = AXIS2_PLACEMENT_3D('',#9901,#9902,#9903);
#9901 = CARTESIAN_POINT('',(96.54,-68.5,1.51));
#9902 = DIRECTION('',(-0.,0.,-1.));
#9903 = DIRECTION('',(2.368475785867E-14,-1.,-0.));
#9904 = FACE_BOUND('',#9905,.T.);
#9905 = EDGE_LOOP('',(#9906));
#9906 = ORIENTED_EDGE('',*,*,#9907,.T.);
#9907 = EDGE_CURVE('',#9908,#9908,#9910,.T.);
#9908 = VERTEX_POINT('',#9909);
#9909 = CARTESIAN_POINT('',(103.46,-68.6,1.51));
#9910 = CIRCLE('',#9911,0.6);
#9911 = AXIS2_PLACEMENT_3D('',#9912,#9913,#9914);
#9912 = CARTESIAN_POINT('',(103.46,-68.,1.51));
#9913 = DIRECTION('',(-0.,0.,-1.));
#9914 = DIRECTION('',(-2.368475785867E-14,-1.,0.));
#9915 = FACE_BOUND('',#9916,.T.);
#9916 = EDGE_LOOP('',(#9917));
#9917 = ORIENTED_EDGE('',*,*,#9918,.T.);
#9918 = EDGE_CURVE('',#9919,#9919,#9921,.T.);
#9919 = VERTEX_POINT('',#9920);
#9920 = CARTESIAN_POINT('',(106.,-68.6,1.51));
#9921 = CIRCLE('',#9922,0.6);
#9922 = AXIS2_PLACEMENT_3D('',#9923,#9924,#9925);
#9923 = CARTESIAN_POINT('',(106.,-68.,1.51));
#9924 = DIRECTION('',(-0.,0.,-1.));
#9925 = DIRECTION('',(-0.,-1.,0.));
#9926 = FACE_BOUND('',#9927,.T.);
#9927 = EDGE_LOOP('',(#9928));
#9928 = ORIENTED_EDGE('',*,*,#9929,.T.);
#9929 = EDGE_CURVE('',#9930,#9930,#9932,.T.);
#9930 = VERTEX_POINT('',#9931);
#9931 = CARTESIAN_POINT('',(108.54,-68.6,1.51));
#9932 = CIRCLE('',#9933,0.6);
#9933 = AXIS2_PLACEMENT_3D('',#9934,#9935,#9936);
#9934 = CARTESIAN_POINT('',(108.54,-68.,1.51));
#9935 = DIRECTION('',(-0.,0.,-1.));
#9936 = DIRECTION('',(2.368475785867E-14,-1.,-0.));
#9937 = FACE_BOUND('',#9938,.T.);
#9938 = EDGE_LOOP('',(#9939));
#9939 = ORIENTED_EDGE('',*,*,#9940,.T.);
#9940 = EDGE_CURVE('',#9941,#9941,#9943,.T.);
#9941 = VERTEX_POINT('',#9942);
#9942 = CARTESIAN_POINT('',(121.23,-88.28,1.51));
#9943 = CIRCLE('',#9944,0.4);
#9944 = AXIS2_PLACEMENT_3D('',#9945,#9946,#9947);
#9945 = CARTESIAN_POINT('',(121.23,-87.88,1.51));
#9946 = DIRECTION('',(-0.,0.,-1.));
#9947 = DIRECTION('',(3.5527136788E-14,-1.,-0.));
#9948 = FACE_BOUND('',#9949,.T.);
#9949 = EDGE_LOOP('',(#9950));
#9950 = ORIENTED_EDGE('',*,*,#9951,.T.);
#9951 = EDGE_CURVE('',#9952,#9952,#9954,.T.);
#9952 = VERTEX_POINT('',#9953);
#9953 = CARTESIAN_POINT('',(123.77,-88.28,1.51));
#9954 = CIRCLE('',#9955,0.4);
#9955 = AXIS2_PLACEMENT_3D('',#9956,#9957,#9958);
#9956 = CARTESIAN_POINT('',(123.77,-87.88,1.51));
#9957 = DIRECTION('',(-0.,0.,-1.));
#9958 = DIRECTION('',(-3.552713678801E-14,-1.,0.));
#9959 = FACE_BOUND('',#9960,.T.);
#9960 = EDGE_LOOP('',(#9961));
#9961 = ORIENTED_EDGE('',*,*,#9962,.T.);
#9962 = EDGE_CURVE('',#9963,#9963,#9965,.T.);
#9963 = VERTEX_POINT('',#9964);
#9964 = CARTESIAN_POINT('',(126.31,-88.28,1.51));
#9965 = CIRCLE('',#9966,0.4);
#9966 = AXIS2_PLACEMENT_3D('',#9967,#9968,#9969);
#9967 = CARTESIAN_POINT('',(126.31,-87.88,1.51));
#9968 = DIRECTION('',(-0.,0.,-1.));
#9969 = DIRECTION('',(-0.,-1.,0.));
#9970 = FACE_BOUND('',#9971,.T.);
#9971 = EDGE_LOOP('',(#9972));
#9972 = ORIENTED_EDGE('',*,*,#9973,.T.);
#9973 = EDGE_CURVE('',#9974,#9974,#9976,.T.);
#9974 = VERTEX_POINT('',#9975);
#9975 = CARTESIAN_POINT('',(128.85,-88.28,1.51));
#9976 = CIRCLE('',#9977,0.4);
#9977 = AXIS2_PLACEMENT_3D('',#9978,#9979,#9980);
#9978 = CARTESIAN_POINT('',(128.85,-87.88,1.51));
#9979 = DIRECTION('',(-0.,0.,-1.));
#9980 = DIRECTION('',(-0.,-1.,0.));
#9981 = FACE_BOUND('',#9982,.T.);
#9982 = EDGE_LOOP('',(#9983));
#9983 = ORIENTED_EDGE('',*,*,#9984,.T.);
#9984 = EDGE_CURVE('',#9985,#9985,#9987,.T.);
#9985 = VERTEX_POINT('',#9986);
#9986 = CARTESIAN_POINT('',(131.39,-88.28,1.51));
#9987 = CIRCLE('',#9988,0.4);
#9988 = AXIS2_PLACEMENT_3D('',#9989,#9990,#9991);
#9989 = CARTESIAN_POINT('',(131.39,-87.88,1.51));
#9990 = DIRECTION('',(-0.,0.,-1.));
#9991 = DIRECTION('',(-0.,-1.,0.));
#9992 = FACE_BOUND('',#9993,.T.);
#9993 = EDGE_LOOP('',(#9994));
#9994 = ORIENTED_EDGE('',*,*,#9995,.T.);
#9995 = EDGE_CURVE('',#9996,#9996,#9998,.T.);
#9996 = VERTEX_POINT('',#9997);
#9997 = CARTESIAN_POINT('',(133.93,-88.28,1.51));
#9998 = CIRCLE('',#9999,0.4);
#9999 = AXIS2_PLACEMENT_3D('',#10000,#10001,#10002);
#10000 = CARTESIAN_POINT('',(133.93,-87.88,1.51));
#10001 = DIRECTION('',(-0.,0.,-1.));
#10002 = DIRECTION('',(-0.,-1.,0.));
#10003 = FACE_BOUND('',#10004,.T.);
#10004 = EDGE_LOOP('',(#10005));
#10005 = ORIENTED_EDGE('',*,*,#10006,.T.);
#10006 = EDGE_CURVE('',#10007,#10007,#10009,.T.);
#10007 = VERTEX_POINT('',#10008);
#10008 = CARTESIAN_POINT('',(136.47,-88.28,1.51));
#10009 = CIRCLE('',#10010,0.4);
#10010 = AXIS2_PLACEMENT_3D('',#10011,#10012,#10013);
#10011 = CARTESIAN_POINT('',(136.47,-87.88,1.51));
#10012 = DIRECTION('',(-0.,0.,-1.));
#10013 = DIRECTION('',(-0.,-1.,0.));
#10014 = FACE_BOUND('',#10015,.T.);
#10015 = EDGE_LOOP('',(#10016));
#10016 = ORIENTED_EDGE('',*,*,#10017,.T.);
#10017 = EDGE_CURVE('',#10018,#10018,#10020,.T.);
#10018 = VERTEX_POINT('',#10019);
#10019 = CARTESIAN_POINT('',(139.01,-88.28,1.51));
#10020 = CIRCLE('',#10021,0.4);
#10021 = AXIS2_PLACEMENT_3D('',#10022,#10023,#10024);
#10022 = CARTESIAN_POINT('',(139.01,-87.88,1.51));
#10023 = DIRECTION('',(-0.,0.,-1.));
#10024 = DIRECTION('',(-0.,-1.,0.));
#10025 = FACE_BOUND('',#10026,.T.);
#10026 = EDGE_LOOP('',(#10027));
#10027 = ORIENTED_EDGE('',*,*,#10028,.T.);
#10028 = EDGE_CURVE('',#10029,#10029,#10031,.T.);
#10029 = VERTEX_POINT('',#10030);
#10030 = CARTESIAN_POINT('',(124.63,-82.3,1.51));
#10031 = CIRCLE('',#10032,0.6);
#10032 = AXIS2_PLACEMENT_3D('',#10033,#10034,#10035);
#10033 = CARTESIAN_POINT('',(124.63,-81.7,1.51));
#10034 = DIRECTION('',(-0.,0.,-1.));
#10035 = DIRECTION('',(-0.,-1.,0.));
#10036 = FACE_BOUND('',#10037,.T.);
#10037 = EDGE_LOOP('',(#10038));
#10038 = ORIENTED_EDGE('',*,*,#10039,.T.);
#10039 = EDGE_CURVE('',#10040,#10040,#10042,.T.);
#10040 = VERTEX_POINT('',#10041);
#10041 = CARTESIAN_POINT('',(127.17,-82.3,1.51));
#10042 = CIRCLE('',#10043,0.6);
#10043 = AXIS2_PLACEMENT_3D('',#10044,#10045,#10046);
#10044 = CARTESIAN_POINT('',(127.17,-81.7,1.51));
#10045 = DIRECTION('',(-0.,0.,-1.));
#10046 = DIRECTION('',(2.368475785867E-14,-1.,-0.));
#10047 = FACE_BOUND('',#10048,.T.);
#10048 = EDGE_LOOP('',(#10049));
#10049 = ORIENTED_EDGE('',*,*,#10050,.T.);
#10050 = EDGE_CURVE('',#10051,#10051,#10053,.T.);
#10051 = VERTEX_POINT('',#10052);
#10052 = CARTESIAN_POINT('',(129.71,-82.3,1.51));
#10053 = CIRCLE('',#10054,0.6);
#10054 = AXIS2_PLACEMENT_3D('',#10055,#10056,#10057);
#10055 = CARTESIAN_POINT('',(129.71,-81.7,1.51));
#10056 = DIRECTION('',(-0.,0.,-1.));
#10057 = DIRECTION('',(-0.,-1.,0.));
#10058 = FACE_BOUND('',#10059,.T.);
#10059 = EDGE_LOOP('',(#10060));
#10060 = ORIENTED_EDGE('',*,*,#10061,.T.);
#10061 = EDGE_CURVE('',#10062,#10062,#10064,.T.);
#10062 = VERTEX_POINT('',#10063);
#10063 = CARTESIAN_POINT('',(135.13,-82.3,1.51));
#10064 = CIRCLE('',#10065,0.6);
#10065 = AXIS2_PLACEMENT_3D('',#10066,#10067,#10068);
#10066 = CARTESIAN_POINT('',(135.13,-81.7,1.51));
#10067 = DIRECTION('',(-0.,0.,-1.));
#10068 = DIRECTION('',(-0.,-1.,0.));
#10069 = FACE_BOUND('',#10070,.T.);
#10070 = EDGE_LOOP('',(#10071));
#10071 = ORIENTED_EDGE('',*,*,#10072,.T.);
#10072 = EDGE_CURVE('',#10073,#10073,#10075,.T.);
#10073 = VERTEX_POINT('',#10074);
#10074 = CARTESIAN_POINT('',(137.67,-82.3,1.51));
#10075 = CIRCLE('',#10076,0.6);
#10076 = AXIS2_PLACEMENT_3D('',#10077,#10078,#10079);
#10077 = CARTESIAN_POINT('',(137.67,-81.7,1.51));
#10078 = DIRECTION('',(-0.,0.,-1.));
#10079 = DIRECTION('',(-4.736951571734E-14,-1.,0.));
#10080 = FACE_BOUND('',#10081,.T.);
#10081 = EDGE_LOOP('',(#10082));
#10082 = ORIENTED_EDGE('',*,*,#10083,.T.);
#10083 = EDGE_CURVE('',#10084,#10084,#10086,.T.);
#10084 = VERTEX_POINT('',#10085);
#10085 = CARTESIAN_POINT('',(141.55,-88.28,1.51));
#10086 = CIRCLE('',#10087,0.4);
#10087 = AXIS2_PLACEMENT_3D('',#10088,#10089,#10090);
#10088 = CARTESIAN_POINT('',(141.55,-87.88,1.51));
#10089 = DIRECTION('',(-0.,0.,-1.));
#10090 = DIRECTION('',(-0.,-1.,0.));
#10091 = FACE_BOUND('',#10092,.T.);
#10092 = EDGE_LOOP('',(#10093));
#10093 = ORIENTED_EDGE('',*,*,#10094,.T.);
#10094 = EDGE_CURVE('',#10095,#10095,#10097,.T.);
#10095 = VERTEX_POINT('',#10096);
#10096 = CARTESIAN_POINT('',(144.09,-88.28,1.51));
#10097 = CIRCLE('',#10098,0.4);
#10098 = AXIS2_PLACEMENT_3D('',#10099,#10100,#10101);
#10099 = CARTESIAN_POINT('',(144.09,-87.88,1.51));
#10100 = DIRECTION('',(-0.,0.,-1.));
#10101 = DIRECTION('',(-0.,-1.,0.));
#10102 = FACE_BOUND('',#10103,.T.);
#10103 = EDGE_LOOP('',(#10104));
#10104 = ORIENTED_EDGE('',*,*,#10105,.T.);
#10105 = EDGE_CURVE('',#10106,#10106,#10108,.T.);
#10106 = VERTEX_POINT('',#10107);
#10107 = CARTESIAN_POINT('',(146.63,-88.28,1.51));
#10108 = CIRCLE('',#10109,0.4);
#10109 = AXIS2_PLACEMENT_3D('',#10110,#10111,#10112);
#10110 = CARTESIAN_POINT('',(146.63,-87.88,1.51));
#10111 = DIRECTION('',(-0.,0.,-1.));
#10112 = DIRECTION('',(-0.,-1.,0.));
#10113 = FACE_BOUND('',#10114,.T.);
#10114 = EDGE_LOOP('',(#10115));
#10115 = ORIENTED_EDGE('',*,*,#10116,.T.);
#10116 = EDGE_CURVE('',#10117,#10117,#10119,.T.);
#10117 = VERTEX_POINT('',#10118);
#10118 = CARTESIAN_POINT('',(149.17,-88.28,1.51));
#10119 = CIRCLE('',#10120,0.4);
#10120 = AXIS2_PLACEMENT_3D('',#10121,#10122,#10123);
#10121 = CARTESIAN_POINT('',(149.17,-87.88,1.51));
#10122 = DIRECTION('',(-0.,0.,-1.));
#10123 = DIRECTION('',(-7.105427357601E-14,-1.,0.));
#10124 = FACE_BOUND('',#10125,.T.);
#10125 = EDGE_LOOP('',(#10126));
#10126 = ORIENTED_EDGE('',*,*,#10127,.T.);
#10127 = EDGE_CURVE('',#10128,#10128,#10130,.T.);
#10128 = VERTEX_POINT('',#10129);
#10129 = CARTESIAN_POINT('',(151.71,-88.28,1.51));
#10130 = CIRCLE('',#10131,0.4);
#10131 = AXIS2_PLACEMENT_3D('',#10132,#10133,#10134);
#10132 = CARTESIAN_POINT('',(151.71,-87.88,1.51));
#10133 = DIRECTION('',(-0.,0.,-1.));
#10134 = DIRECTION('',(-0.,-1.,0.));
#10135 = FACE_BOUND('',#10136,.T.);
#10136 = EDGE_LOOP('',(#10137));
#10137 = ORIENTED_EDGE('',*,*,#10138,.T.);
#10138 = EDGE_CURVE('',#10139,#10139,#10141,.T.);
#10139 = VERTEX_POINT('',#10140);
#10140 = CARTESIAN_POINT('',(158.,-88.225,1.51));
#10141 = CIRCLE('',#10142,0.925);
#10142 = AXIS2_PLACEMENT_3D('',#10143,#10144,#10145);
#10143 = CARTESIAN_POINT('',(158.,-87.3,1.51));
#10144 = DIRECTION('',(-0.,0.,-1.));
#10145 = DIRECTION('',(-0.,-1.,0.));
#10146 = FACE_BOUND('',#10147,.T.);
#10147 = EDGE_LOOP('',(#10148));
#10148 = ORIENTED_EDGE('',*,*,#10149,.T.);
#10149 = EDGE_CURVE('',#10150,#10150,#10152,.T.);
#10150 = VERTEX_POINT('',#10151);
#10151 = CARTESIAN_POINT('',(140.21,-82.3,1.51));
#10152 = CIRCLE('',#10153,0.6);
#10153 = AXIS2_PLACEMENT_3D('',#10154,#10155,#10156);
#10154 = CARTESIAN_POINT('',(140.21,-81.7,1.51));
#10155 = DIRECTION('',(-0.,0.,-1.));
#10156 = DIRECTION('',(-0.,-1.,0.));
#10157 = FACE_BOUND('',#10158,.T.);
#10158 = EDGE_LOOP('',(#10159));
#10159 = ORIENTED_EDGE('',*,*,#10160,.T.);
#10160 = EDGE_CURVE('',#10161,#10161,#10163,.T.);
#10161 = VERTEX_POINT('',#10162);
#10162 = CARTESIAN_POINT('',(145.63,-82.3,1.51));
#10163 = CIRCLE('',#10164,0.6);
#10164 = AXIS2_PLACEMENT_3D('',#10165,#10166,#10167);
#10165 = CARTESIAN_POINT('',(145.63,-81.7,1.51));
#10166 = DIRECTION('',(-0.,0.,-1.));
#10167 = DIRECTION('',(-0.,-1.,0.));
#10168 = FACE_BOUND('',#10169,.T.);
#10169 = EDGE_LOOP('',(#10170));
#10170 = ORIENTED_EDGE('',*,*,#10171,.T.);
#10171 = EDGE_CURVE('',#10172,#10172,#10174,.T.);
#10172 = VERTEX_POINT('',#10173);
#10173 = CARTESIAN_POINT('',(148.17,-82.3,1.51));
#10174 = CIRCLE('',#10175,0.6);
#10175 = AXIS2_PLACEMENT_3D('',#10176,#10177,#10178);
#10176 = CARTESIAN_POINT('',(148.17,-81.7,1.51));
#10177 = DIRECTION('',(-0.,0.,-1.));
#10178 = DIRECTION('',(-4.736951571734E-14,-1.,0.));
#10179 = FACE_BOUND('',#10180,.T.);
#10180 = EDGE_LOOP('',(#10181));
#10181 = ORIENTED_EDGE('',*,*,#10182,.T.);
#10182 = EDGE_CURVE('',#10183,#10183,#10185,.T.);
#10183 = VERTEX_POINT('',#10184);
#10184 = CARTESIAN_POINT('',(150.71,-82.3,1.51));
#10185 = CIRCLE('',#10186,0.6);
#10186 = AXIS2_PLACEMENT_3D('',#10187,#10188,#10189);
#10187 = CARTESIAN_POINT('',(150.71,-81.7,1.51));
#10188 = DIRECTION('',(-0.,0.,-1.));
#10189 = DIRECTION('',(-0.,-1.,0.));
#10190 = FACE_BOUND('',#10191,.T.);
#10191 = EDGE_LOOP('',(#10192));
#10192 = ORIENTED_EDGE('',*,*,#10193,.T.);
#10193 = EDGE_CURVE('',#10194,#10194,#10196,.T.);
#10194 = VERTEX_POINT('',#10195);
#10195 = CARTESIAN_POINT('',(157.5,-80.35,1.51));
#10196 = CIRCLE('',#10197,1.35);
#10197 = AXIS2_PLACEMENT_3D('',#10198,#10199,#10200);
#10198 = CARTESIAN_POINT('',(157.5,-79.,1.51));
#10199 = DIRECTION('',(-0.,0.,-1.));
#10200 = DIRECTION('',(-0.,-1.,0.));
#10201 = FACE_BOUND('',#10202,.T.);
#10202 = EDGE_LOOP('',(#10203));
#10203 = ORIENTED_EDGE('',*,*,#10204,.T.);
#10204 = EDGE_CURVE('',#10205,#10205,#10207,.T.);
#10205 = VERTEX_POINT('',#10206);
#10206 = CARTESIAN_POINT('',(125.34,-68.1,1.51));
#10207 = CIRCLE('',#10208,0.6);
#10208 = AXIS2_PLACEMENT_3D('',#10209,#10210,#10211);
#10209 = CARTESIAN_POINT('',(125.34,-67.5,1.51));
#10210 = DIRECTION('',(-0.,0.,-1.));
#10211 = DIRECTION('',(-0.,-1.,0.));
#10212 = FACE_BOUND('',#10213,.T.);
#10213 = EDGE_LOOP('',(#10214));
#10214 = ORIENTED_EDGE('',*,*,#10215,.T.);
#10215 = EDGE_CURVE('',#10216,#10216,#10218,.T.);
#10216 = VERTEX_POINT('',#10217);
#10217 = CARTESIAN_POINT('',(127.88,-68.1,1.51));
#10218 = CIRCLE('',#10219,0.6);
#10219 = AXIS2_PLACEMENT_3D('',#10220,#10221,#10222);
#10220 = CARTESIAN_POINT('',(127.88,-67.5,1.51));
#10221 = DIRECTION('',(-0.,0.,-1.));
#10222 = DIRECTION('',(-0.,-1.,0.));
#10223 = FACE_BOUND('',#10224,.T.);
#10224 = EDGE_LOOP('',(#10225));
#10225 = ORIENTED_EDGE('',*,*,#10226,.T.);
#10226 = EDGE_CURVE('',#10227,#10227,#10229,.T.);
#10227 = VERTEX_POINT('',#10228);
#10228 = CARTESIAN_POINT('',(130.42,-68.1,1.51));
#10229 = CIRCLE('',#10230,0.6);
#10230 = AXIS2_PLACEMENT_3D('',#10231,#10232,#10233);
#10231 = CARTESIAN_POINT('',(130.42,-67.5,1.51));
#10232 = DIRECTION('',(-0.,0.,-1.));
#10233 = DIRECTION('',(-4.736951571734E-14,-1.,0.));
#10234 = FACE_BOUND('',#10235,.T.);
#10235 = EDGE_LOOP('',(#10236));
#10236 = ORIENTED_EDGE('',*,*,#10237,.T.);
#10237 = EDGE_CURVE('',#10238,#10238,#10240,.T.);
#10238 = VERTEX_POINT('',#10239);
#10239 = CARTESIAN_POINT('',(132.96,-68.1,1.51));
#10240 = CIRCLE('',#10241,0.6);
#10241 = AXIS2_PLACEMENT_3D('',#10242,#10243,#10244);
#10242 = CARTESIAN_POINT('',(132.96,-67.5,1.51));
#10243 = DIRECTION('',(-0.,0.,-1.));
#10244 = DIRECTION('',(-0.,-1.,0.));
#10245 = FACE_BOUND('',#10246,.T.);
#10246 = EDGE_LOOP('',(#10247));
#10247 = ORIENTED_EDGE('',*,*,#10248,.T.);
#10248 = EDGE_CURVE('',#10249,#10249,#10251,.T.);
#10249 = VERTEX_POINT('',#10250);
#10250 = CARTESIAN_POINT('',(135.5,-68.1,1.51));
#10251 = CIRCLE('',#10252,0.6);
#10252 = AXIS2_PLACEMENT_3D('',#10253,#10254,#10255);
#10253 = CARTESIAN_POINT('',(135.5,-67.5,1.51));
#10254 = DIRECTION('',(-0.,0.,-1.));
#10255 = DIRECTION('',(-0.,-1.,0.));
#10256 = FACE_BOUND('',#10257,.T.);
#10257 = EDGE_LOOP('',(#10258));
#10258 = ORIENTED_EDGE('',*,*,#10259,.T.);
#10259 = EDGE_CURVE('',#10260,#10260,#10262,.T.);
#10260 = VERTEX_POINT('',#10261);
#10261 = CARTESIAN_POINT('',(138.04,-68.1,1.51));
#10262 = CIRCLE('',#10263,0.6);
#10263 = AXIS2_PLACEMENT_3D('',#10264,#10265,#10266);
#10264 = CARTESIAN_POINT('',(138.04,-67.5,1.51));
#10265 = DIRECTION('',(-0.,0.,-1.));
#10266 = DIRECTION('',(-0.,-1.,0.));
#10267 = FACE_BOUND('',#10268,.T.);
#10268 = EDGE_LOOP('',(#10269));
#10269 = ORIENTED_EDGE('',*,*,#10270,.T.);
#10270 = EDGE_CURVE('',#10271,#10271,#10273,.T.);
#10271 = VERTEX_POINT('',#10272);
#10272 = CARTESIAN_POINT('',(157.5,-75.35,1.51));
#10273 = CIRCLE('',#10274,1.35);
#10274 = AXIS2_PLACEMENT_3D('',#10275,#10276,#10277);
#10275 = CARTESIAN_POINT('',(157.5,-74.,1.51));
#10276 = DIRECTION('',(-0.,0.,-1.));
#10277 = DIRECTION('',(-0.,-1.,0.));
#10278 = FACE_BOUND('',#10279,.T.);
#10279 = EDGE_LOOP('',(#10280));
#10280 = ORIENTED_EDGE('',*,*,#10281,.T.);
#10281 = EDGE_CURVE('',#10282,#10282,#10284,.T.);
#10282 = VERTEX_POINT('',#10283);
#10283 = CARTESIAN_POINT('',(140.58,-68.1,1.51));
#10284 = CIRCLE('',#10285,0.6);
#10285 = AXIS2_PLACEMENT_3D('',#10286,#10287,#10288);
#10286 = CARTESIAN_POINT('',(140.58,-67.5,1.51));
#10287 = DIRECTION('',(-0.,0.,-1.));
#10288 = DIRECTION('',(4.736951571734E-14,-1.,-0.));
#10289 = FACE_BOUND('',#10290,.T.);
#10290 = EDGE_LOOP('',(#10291));
#10291 = ORIENTED_EDGE('',*,*,#10292,.T.);
#10292 = EDGE_CURVE('',#10293,#10293,#10295,.T.);
#10293 = VERTEX_POINT('',#10294);
#10294 = CARTESIAN_POINT('',(147.96,-68.1,1.51));
#10295 = CIRCLE('',#10296,0.6);
#10296 = AXIS2_PLACEMENT_3D('',#10297,#10298,#10299);
#10297 = CARTESIAN_POINT('',(147.96,-67.5,1.51));
#10298 = DIRECTION('',(-0.,0.,-1.));
#10299 = DIRECTION('',(-0.,-1.,0.));
#10300 = FACE_BOUND('',#10301,.T.);
#10301 = EDGE_LOOP('',(#10302));
#10302 = ORIENTED_EDGE('',*,*,#10303,.T.);
#10303 = EDGE_CURVE('',#10304,#10304,#10306,.T.);
#10304 = VERTEX_POINT('',#10305);
#10305 = CARTESIAN_POINT('',(150.5,-68.1,1.51));
#10306 = CIRCLE('',#10307,0.6);
#10307 = AXIS2_PLACEMENT_3D('',#10308,#10309,#10310);
#10308 = CARTESIAN_POINT('',(150.5,-67.5,1.51));
#10309 = DIRECTION('',(-0.,0.,-1.));
#10310 = DIRECTION('',(-0.,-1.,0.));
#10311 = FACE_BOUND('',#10312,.T.);
#10312 = EDGE_LOOP('',(#10313));
#10313 = ORIENTED_EDGE('',*,*,#10314,.T.);
#10314 = EDGE_CURVE('',#10315,#10315,#10317,.T.);
#10315 = VERTEX_POINT('',#10316);
#10316 = CARTESIAN_POINT('',(158.,-69.25,1.51));
#10317 = CIRCLE('',#10318,1.25);
#10318 = AXIS2_PLACEMENT_3D('',#10319,#10320,#10321);
#10319 = CARTESIAN_POINT('',(158.,-68.,1.51));
#10320 = DIRECTION('',(-0.,0.,-1.));
#10321 = DIRECTION('',(-0.,-1.,0.));
#10322 = PLANE('',#10323);
#10323 = AXIS2_PLACEMENT_3D('',#10324,#10325,#10326);
#10324 = CARTESIAN_POINT('',(0.,0.,1.51));
#10325 = DIRECTION('',(0.,0.,1.));
#10326 = DIRECTION('',(1.,0.,-0.));
#10327 = ADVANCED_FACE('',(#10328),#10334,.T.);
#10328 = FACE_BOUND('',#10329,.T.);
#10329 = EDGE_LOOP('',(#10330,#10331,#10332,#10333));
#10330 = ORIENTED_EDGE('',*,*,#7591,.T.);
#10331 = ORIENTED_EDGE('',*,*,#8974,.T.);
#10332 = ORIENTED_EDGE('',*,*,#7551,.F.);
#10333 = ORIENTED_EDGE('',*,*,#7615,.F.);
#10334 = PLANE('',#10335);
#10335 = AXIS2_PLACEMENT_3D('',#10336,#10337,#10338);
#10336 = CARTESIAN_POINT('',(75.5,-62.,0.));
#10337 = DIRECTION('',(0.,1.,0.));
#10338 = DIRECTION('',(1.,0.,0.));
#10339 = ADVANCED_FACE('',(#10340),#10351,.F.);
#10340 = FACE_BOUND('',#10341,.T.);
#10341 = EDGE_LOOP('',(#10342,#10343,#10349,#10350));
#10342 = ORIENTED_EDGE('',*,*,#7624,.T.);
#10343 = ORIENTED_EDGE('',*,*,#10344,.T.);
#10344 = EDGE_CURVE('',#7625,#8984,#10345,.T.);
#10345 = LINE('',#10346,#10347);
#10346 = CARTESIAN_POINT('',(96.75,-114.8,-4.6E-02));
#10347 = VECTOR('',#10348,1.);
#10348 = DIRECTION('',(0.,0.,1.));
#10349 = ORIENTED_EDGE('',*,*,#8983,.F.);
#10350 = ORIENTED_EDGE('',*,*,#10344,.F.);
#10351 = CYLINDRICAL_SURFACE('',#10352,0.55);
#10352 = AXIS2_PLACEMENT_3D('',#10353,#10354,#10355);
#10353 = CARTESIAN_POINT('',(96.75,-114.25,-4.6E-02));
#10354 = DIRECTION('',(-0.,-0.,-1.));
#10355 = DIRECTION('',(-0.,-1.,0.));
#10356 = ADVANCED_FACE('',(#10357),#10368,.F.);
#10357 = FACE_BOUND('',#10358,.T.);
#10358 = EDGE_LOOP('',(#10359,#10360,#10366,#10367));
#10359 = ORIENTED_EDGE('',*,*,#7635,.T.);
#10360 = ORIENTED_EDGE('',*,*,#10361,.T.);
#10361 = EDGE_CURVE('',#7636,#8995,#10362,.T.);
#10362 = LINE('',#10363,#10364);
#10363 = CARTESIAN_POINT('',(96.75,-110.3,-4.6E-02));
#10364 = VECTOR('',#10365,1.);
#10365 = DIRECTION('',(0.,0.,1.));
#10366 = ORIENTED_EDGE('',*,*,#8994,.F.);
#10367 = ORIENTED_EDGE('',*,*,#10361,.F.);
#10368 = CYLINDRICAL_SURFACE('',#10369,0.55);
#10369 = AXIS2_PLACEMENT_3D('',#10370,#10371,#10372);
#10370 = CARTESIAN_POINT('',(96.75,-109.75,-4.6E-02));
#10371 = DIRECTION('',(-0.,-0.,-1.));
#10372 = DIRECTION('',(-0.,-1.,0.));
#10373 = ADVANCED_FACE('',(#10374),#10385,.F.);
#10374 = FACE_BOUND('',#10375,.T.);
#10375 = EDGE_LOOP('',(#10376,#10377,#10383,#10384));
#10376 = ORIENTED_EDGE('',*,*,#7646,.T.);
#10377 = ORIENTED_EDGE('',*,*,#10378,.T.);
#10378 = EDGE_CURVE('',#7647,#9006,#10379,.T.);
#10379 = LINE('',#10380,#10381);
#10380 = CARTESIAN_POINT('',(85.5,-107.18,-4.6E-02));
#10381 = VECTOR('',#10382,1.);
#10382 = DIRECTION('',(0.,0.,1.));
#10383 = ORIENTED_EDGE('',*,*,#9005,.F.);
#10384 = ORIENTED_EDGE('',*,*,#10378,.F.);
#10385 = CYLINDRICAL_SURFACE('',#10386,0.6);
#10386 = AXIS2_PLACEMENT_3D('',#10387,#10388,#10389);
#10387 = CARTESIAN_POINT('',(85.5,-106.58,-4.6E-02));
#10388 = DIRECTION('',(-0.,-0.,-1.));
#10389 = DIRECTION('',(-0.,-1.,0.));
#10390 = ADVANCED_FACE('',(#10391),#10402,.F.);
#10391 = FACE_BOUND('',#10392,.T.);
#10392 = EDGE_LOOP('',(#10393,#10394,#10400,#10401));
#10393 = ORIENTED_EDGE('',*,*,#7657,.T.);
#10394 = ORIENTED_EDGE('',*,*,#10395,.T.);
#10395 = EDGE_CURVE('',#7658,#9017,#10396,.T.);
#10396 = LINE('',#10397,#10398);
#10397 = CARTESIAN_POINT('',(85.5,-104.64,-4.6E-02));
#10398 = VECTOR('',#10399,1.);
#10399 = DIRECTION('',(0.,0.,1.));
#10400 = ORIENTED_EDGE('',*,*,#9016,.F.);
#10401 = ORIENTED_EDGE('',*,*,#10395,.F.);
#10402 = CYLINDRICAL_SURFACE('',#10403,0.6);
#10403 = AXIS2_PLACEMENT_3D('',#10404,#10405,#10406);
#10404 = CARTESIAN_POINT('',(85.5,-104.04,-4.6E-02));
#10405 = DIRECTION('',(-0.,-0.,-1.));
#10406 = DIRECTION('',(-0.,-1.,0.));
#10407 = ADVANCED_FACE('',(#10408),#10419,.F.);
#10408 = FACE_BOUND('',#10409,.T.);
#10409 = EDGE_LOOP('',(#10410,#10411,#10417,#10418));
#10410 = ORIENTED_EDGE('',*,*,#7668,.T.);
#10411 = ORIENTED_EDGE('',*,*,#10412,.T.);
#10412 = EDGE_CURVE('',#7669,#9028,#10413,.T.);
#10413 = LINE('',#10414,#10415);
#10414 = CARTESIAN_POINT('',(93.29,-103.52,-4.6E-02));
#10415 = VECTOR('',#10416,1.);
#10416 = DIRECTION('',(0.,0.,1.));
#10417 = ORIENTED_EDGE('',*,*,#9027,.F.);
#10418 = ORIENTED_EDGE('',*,*,#10412,.F.);
#10419 = CYLINDRICAL_SURFACE('',#10420,0.4);
#10420 = AXIS2_PLACEMENT_3D('',#10421,#10422,#10423);
#10421 = CARTESIAN_POINT('',(93.29,-103.12,-4.6E-02));
#10422 = DIRECTION('',(-0.,0.,-1.));
#10423 = DIRECTION('',(3.5527136788E-14,-1.,-0.));
#10424 = ADVANCED_FACE('',(#10425),#10436,.F.);
#10425 = FACE_BOUND('',#10426,.T.);
#10426 = EDGE_LOOP('',(#10427,#10428,#10434,#10435));
#10427 = ORIENTED_EDGE('',*,*,#7679,.T.);
#10428 = ORIENTED_EDGE('',*,*,#10429,.T.);
#10429 = EDGE_CURVE('',#7680,#9039,#10430,.T.);
#10430 = LINE('',#10431,#10432);
#10431 = CARTESIAN_POINT('',(95.83,-103.52,-4.6E-02));
#10432 = VECTOR('',#10433,1.);
#10433 = DIRECTION('',(0.,0.,1.));
#10434 = ORIENTED_EDGE('',*,*,#9038,.F.);
#10435 = ORIENTED_EDGE('',*,*,#10429,.F.);
#10436 = CYLINDRICAL_SURFACE('',#10437,0.4);
#10437 = AXIS2_PLACEMENT_3D('',#10438,#10439,#10440);
#10438 = CARTESIAN_POINT('',(95.83,-103.12,-4.6E-02));
#10439 = DIRECTION('',(-0.,-0.,-1.));
#10440 = DIRECTION('',(-3.552713678801E-14,-1.,0.));
#10441 = ADVANCED_FACE('',(#10442),#10453,.F.);
#10442 = FACE_BOUND('',#10443,.T.);
#10443 = EDGE_LOOP('',(#10444,#10445,#10451,#10452));
#10444 = ORIENTED_EDGE('',*,*,#7690,.T.);
#10445 = ORIENTED_EDGE('',*,*,#10446,.T.);
#10446 = EDGE_CURVE('',#7691,#9050,#10447,.T.);
#10447 = LINE('',#10448,#10449);
#10448 = CARTESIAN_POINT('',(98.37,-103.52,-4.6E-02));
#10449 = VECTOR('',#10450,1.);
#10450 = DIRECTION('',(0.,0.,1.));
#10451 = ORIENTED_EDGE('',*,*,#9049,.F.);
#10452 = ORIENTED_EDGE('',*,*,#10446,.F.);
#10453 = CYLINDRICAL_SURFACE('',#10454,0.4);
#10454 = AXIS2_PLACEMENT_3D('',#10455,#10456,#10457);
#10455 = CARTESIAN_POINT('',(98.37,-103.12,-4.6E-02));
#10456 = DIRECTION('',(-0.,-0.,-1.));
#10457 = DIRECTION('',(-0.,-1.,0.));
#10458 = ADVANCED_FACE('',(#10459),#10470,.F.);
#10459 = FACE_BOUND('',#10460,.T.);
#10460 = EDGE_LOOP('',(#10461,#10462,#10468,#10469));
#10461 = ORIENTED_EDGE('',*,*,#7701,.T.);
#10462 = ORIENTED_EDGE('',*,*,#10463,.T.);
#10463 = EDGE_CURVE('',#7702,#9061,#10464,.T.);
#10464 = LINE('',#10465,#10466);
#10465 = CARTESIAN_POINT('',(100.91,-103.52,-4.6E-02));
#10466 = VECTOR('',#10467,1.);
#10467 = DIRECTION('',(0.,0.,1.));
#10468 = ORIENTED_EDGE('',*,*,#9060,.F.);
#10469 = ORIENTED_EDGE('',*,*,#10463,.F.);
#10470 = CYLINDRICAL_SURFACE('',#10471,0.4);
#10471 = AXIS2_PLACEMENT_3D('',#10472,#10473,#10474);
#10472 = CARTESIAN_POINT('',(100.91,-103.12,-4.6E-02));
#10473 = DIRECTION('',(-0.,-0.,-1.));
#10474 = DIRECTION('',(-0.,-1.,0.));
#10475 = ADVANCED_FACE('',(#10476),#10487,.F.);
#10476 = FACE_BOUND('',#10477,.T.);
#10477 = EDGE_LOOP('',(#10478,#10479,#10485,#10486));
#10478 = ORIENTED_EDGE('',*,*,#7712,.T.);
#10479 = ORIENTED_EDGE('',*,*,#10480,.T.);
#10480 = EDGE_CURVE('',#7713,#9072,#10481,.T.);
#10481 = LINE('',#10482,#10483);
#10482 = CARTESIAN_POINT('',(103.25,-114.8,-4.6E-02));
#10483 = VECTOR('',#10484,1.);
#10484 = DIRECTION('',(0.,0.,1.));
#10485 = ORIENTED_EDGE('',*,*,#9071,.F.);
#10486 = ORIENTED_EDGE('',*,*,#10480,.F.);
#10487 = CYLINDRICAL_SURFACE('',#10488,0.55);
#10488 = AXIS2_PLACEMENT_3D('',#10489,#10490,#10491);
#10489 = CARTESIAN_POINT('',(103.25,-114.25,-4.6E-02));
#10490 = DIRECTION('',(-0.,-0.,-1.));
#10491 = DIRECTION('',(-0.,-1.,0.));
#10492 = ADVANCED_FACE('',(#10493),#10504,.F.);
#10493 = FACE_BOUND('',#10494,.T.);
#10494 = EDGE_LOOP('',(#10495,#10496,#10502,#10503));
#10495 = ORIENTED_EDGE('',*,*,#7723,.T.);
#10496 = ORIENTED_EDGE('',*,*,#10497,.T.);
#10497 = EDGE_CURVE('',#7724,#9083,#10498,.T.);
#10498 = LINE('',#10499,#10500);
#10499 = CARTESIAN_POINT('',(103.25,-110.3,-4.6E-02));
#10500 = VECTOR('',#10501,1.);
#10501 = DIRECTION('',(0.,0.,1.));
#10502 = ORIENTED_EDGE('',*,*,#9082,.F.);
#10503 = ORIENTED_EDGE('',*,*,#10497,.F.);
#10504 = CYLINDRICAL_SURFACE('',#10505,0.55);
#10505 = AXIS2_PLACEMENT_3D('',#10506,#10507,#10508);
#10506 = CARTESIAN_POINT('',(103.25,-109.75,-4.6E-02));
#10507 = DIRECTION('',(-0.,-0.,-1.));
#10508 = DIRECTION('',(-0.,-1.,0.));
#10509 = ADVANCED_FACE('',(#10510),#10521,.F.);
#10510 = FACE_BOUND('',#10511,.T.);
#10511 = EDGE_LOOP('',(#10512,#10513,#10519,#10520));
#10512 = ORIENTED_EDGE('',*,*,#7734,.T.);
#10513 = ORIENTED_EDGE('',*,*,#10514,.T.);
#10514 = EDGE_CURVE('',#7735,#9094,#10515,.T.);
#10515 = LINE('',#10516,#10517);
#10516 = CARTESIAN_POINT('',(113.17,-110.8,-4.6E-02));
#10517 = VECTOR('',#10518,1.);
#10518 = DIRECTION('',(0.,0.,1.));
#10519 = ORIENTED_EDGE('',*,*,#9093,.F.);
#10520 = ORIENTED_EDGE('',*,*,#10514,.F.);
#10521 = CYLINDRICAL_SURFACE('',#10522,0.6);
#10522 = AXIS2_PLACEMENT_3D('',#10523,#10524,#10525);
#10523 = CARTESIAN_POINT('',(113.17,-110.2,-4.6E-02));
#10524 = DIRECTION('',(-0.,0.,-1.));
#10525 = DIRECTION('',(2.368475785867E-14,-1.,-0.));
#10526 = ADVANCED_FACE('',(#10527),#10538,.F.);
#10527 = FACE_BOUND('',#10528,.T.);
#10528 = EDGE_LOOP('',(#10529,#10530,#10536,#10537));
#10529 = ORIENTED_EDGE('',*,*,#7745,.T.);
#10530 = ORIENTED_EDGE('',*,*,#10531,.T.);
#10531 = EDGE_CURVE('',#7746,#9105,#10532,.T.);
#10532 = LINE('',#10533,#10534);
#10533 = CARTESIAN_POINT('',(115.71,-110.8,-4.6E-02));
#10534 = VECTOR('',#10535,1.);
#10535 = DIRECTION('',(0.,0.,1.));
#10536 = ORIENTED_EDGE('',*,*,#9104,.F.);
#10537 = ORIENTED_EDGE('',*,*,#10531,.F.);
#10538 = CYLINDRICAL_SURFACE('',#10539,0.6);
#10539 = AXIS2_PLACEMENT_3D('',#10540,#10541,#10542);
#10540 = CARTESIAN_POINT('',(115.71,-110.2,-4.6E-02));
#10541 = DIRECTION('',(-0.,-0.,-1.));
#10542 = DIRECTION('',(-2.368475785867E-14,-1.,0.));
#10543 = ADVANCED_FACE('',(#10544),#10555,.F.);
#10544 = FACE_BOUND('',#10545,.T.);
#10545 = EDGE_LOOP('',(#10546,#10547,#10553,#10554));
#10546 = ORIENTED_EDGE('',*,*,#7756,.T.);
#10547 = ORIENTED_EDGE('',*,*,#10548,.T.);
#10548 = EDGE_CURVE('',#7757,#9116,#10549,.T.);
#10549 = LINE('',#10550,#10551);
#10550 = CARTESIAN_POINT('',(118.25,-110.8,-4.6E-02));
#10551 = VECTOR('',#10552,1.);
#10552 = DIRECTION('',(0.,0.,1.));
#10553 = ORIENTED_EDGE('',*,*,#9115,.F.);
#10554 = ORIENTED_EDGE('',*,*,#10548,.F.);
#10555 = CYLINDRICAL_SURFACE('',#10556,0.6);
#10556 = AXIS2_PLACEMENT_3D('',#10557,#10558,#10559);
#10557 = CARTESIAN_POINT('',(118.25,-110.2,-4.6E-02));
#10558 = DIRECTION('',(-0.,-0.,-1.));
#10559 = DIRECTION('',(-0.,-1.,0.));
#10560 = ADVANCED_FACE('',(#10561),#10572,.F.);
#10561 = FACE_BOUND('',#10562,.T.);
#10562 = EDGE_LOOP('',(#10563,#10564,#10570,#10571));
#10563 = ORIENTED_EDGE('',*,*,#7767,.T.);
#10564 = ORIENTED_EDGE('',*,*,#10565,.T.);
#10565 = EDGE_CURVE('',#7768,#9127,#10566,.T.);
#10566 = LINE('',#10567,#10568);
#10567 = CARTESIAN_POINT('',(103.45,-103.52,-4.6E-02));
#10568 = VECTOR('',#10569,1.);
#10569 = DIRECTION('',(0.,0.,1.));
#10570 = ORIENTED_EDGE('',*,*,#9126,.F.);
#10571 = ORIENTED_EDGE('',*,*,#10565,.F.);
#10572 = CYLINDRICAL_SURFACE('',#10573,0.4);
#10573 = AXIS2_PLACEMENT_3D('',#10574,#10575,#10576);
#10574 = CARTESIAN_POINT('',(103.45,-103.12,-4.6E-02));
#10575 = DIRECTION('',(-0.,0.,-1.));
#10576 = DIRECTION('',(3.5527136788E-14,-1.,-0.));
#10577 = ADVANCED_FACE('',(#10578),#10589,.F.);
#10578 = FACE_BOUND('',#10579,.T.);
#10579 = EDGE_LOOP('',(#10580,#10581,#10587,#10588));
#10580 = ORIENTED_EDGE('',*,*,#7778,.T.);
#10581 = ORIENTED_EDGE('',*,*,#10582,.T.);
#10582 = EDGE_CURVE('',#7779,#9138,#10583,.T.);
#10583 = LINE('',#10584,#10585);
#10584 = CARTESIAN_POINT('',(105.99,-103.52,-4.6E-02));
#10585 = VECTOR('',#10586,1.);
#10586 = DIRECTION('',(0.,0.,1.));
#10587 = ORIENTED_EDGE('',*,*,#9137,.F.);
#10588 = ORIENTED_EDGE('',*,*,#10582,.F.);
#10589 = CYLINDRICAL_SURFACE('',#10590,0.4);
#10590 = AXIS2_PLACEMENT_3D('',#10591,#10592,#10593);
#10591 = CARTESIAN_POINT('',(105.99,-103.12,-4.6E-02));
#10592 = DIRECTION('',(-0.,-0.,-1.));
#10593 = DIRECTION('',(-3.552713678801E-14,-1.,0.));
#10594 = ADVANCED_FACE('',(#10595),#10606,.F.);
#10595 = FACE_BOUND('',#10596,.T.);
#10596 = EDGE_LOOP('',(#10597,#10598,#10604,#10605));
#10597 = ORIENTED_EDGE('',*,*,#7789,.T.);
#10598 = ORIENTED_EDGE('',*,*,#10599,.T.);
#10599 = EDGE_CURVE('',#7790,#9149,#10600,.T.);
#10600 = LINE('',#10601,#10602);
#10601 = CARTESIAN_POINT('',(108.53,-103.52,-4.6E-02));
#10602 = VECTOR('',#10603,1.);
#10603 = DIRECTION('',(0.,0.,1.));
#10604 = ORIENTED_EDGE('',*,*,#9148,.F.);
#10605 = ORIENTED_EDGE('',*,*,#10599,.F.);
#10606 = CYLINDRICAL_SURFACE('',#10607,0.4);
#10607 = AXIS2_PLACEMENT_3D('',#10608,#10609,#10610);
#10608 = CARTESIAN_POINT('',(108.53,-103.12,-4.6E-02));
#10609 = DIRECTION('',(-0.,-0.,-1.));
#10610 = DIRECTION('',(-0.,-1.,0.));
#10611 = ADVANCED_FACE('',(#10612),#10623,.F.);
#10612 = FACE_BOUND('',#10613,.T.);
#10613 = EDGE_LOOP('',(#10614,#10615,#10621,#10622));
#10614 = ORIENTED_EDGE('',*,*,#7800,.T.);
#10615 = ORIENTED_EDGE('',*,*,#10616,.T.);
#10616 = EDGE_CURVE('',#7801,#9160,#10617,.T.);
#10617 = LINE('',#10618,#10619);
#10618 = CARTESIAN_POINT('',(111.07,-103.52,-4.6E-02));
#10619 = VECTOR('',#10620,1.);
#10620 = DIRECTION('',(0.,0.,1.));
#10621 = ORIENTED_EDGE('',*,*,#9159,.F.);
#10622 = ORIENTED_EDGE('',*,*,#10616,.F.);
#10623 = CYLINDRICAL_SURFACE('',#10624,0.4);
#10624 = AXIS2_PLACEMENT_3D('',#10625,#10626,#10627);
#10625 = CARTESIAN_POINT('',(111.07,-103.12,-4.6E-02));
#10626 = DIRECTION('',(-0.,-0.,-1.));
#10627 = DIRECTION('',(-0.,-1.,0.));
#10628 = ADVANCED_FACE('',(#10629),#10640,.F.);
#10629 = FACE_BOUND('',#10630,.T.);
#10630 = EDGE_LOOP('',(#10631,#10632,#10638,#10639));
#10631 = ORIENTED_EDGE('',*,*,#7811,.T.);
#10632 = ORIENTED_EDGE('',*,*,#10633,.T.);
#10633 = EDGE_CURVE('',#7812,#9171,#10634,.T.);
#10634 = LINE('',#10635,#10636);
#10635 = CARTESIAN_POINT('',(113.61,-103.52,-4.6E-02));
#10636 = VECTOR('',#10637,1.);
#10637 = DIRECTION('',(0.,0.,1.));
#10638 = ORIENTED_EDGE('',*,*,#9170,.F.);
#10639 = ORIENTED_EDGE('',*,*,#10633,.F.);
#10640 = CYLINDRICAL_SURFACE('',#10641,0.4);
#10641 = AXIS2_PLACEMENT_3D('',#10642,#10643,#10644);
#10642 = CARTESIAN_POINT('',(113.61,-103.12,-4.6E-02));
#10643 = DIRECTION('',(-0.,-0.,-1.));
#10644 = DIRECTION('',(-0.,-1.,0.));
#10645 = ADVANCED_FACE('',(#10646),#10657,.F.);
#10646 = FACE_BOUND('',#10647,.T.);
#10647 = EDGE_LOOP('',(#10648,#10649,#10655,#10656));
#10648 = ORIENTED_EDGE('',*,*,#7822,.T.);
#10649 = ORIENTED_EDGE('',*,*,#10650,.T.);
#10650 = EDGE_CURVE('',#7823,#9182,#10651,.T.);
#10651 = LINE('',#10652,#10653);
#10652 = CARTESIAN_POINT('',(116.15,-103.52,-4.6E-02));
#10653 = VECTOR('',#10654,1.);
#10654 = DIRECTION('',(0.,0.,1.));
#10655 = ORIENTED_EDGE('',*,*,#9181,.F.);
#10656 = ORIENTED_EDGE('',*,*,#10650,.F.);
#10657 = CYLINDRICAL_SURFACE('',#10658,0.4);
#10658 = AXIS2_PLACEMENT_3D('',#10659,#10660,#10661);
#10659 = CARTESIAN_POINT('',(116.15,-103.12,-4.6E-02));
#10660 = DIRECTION('',(-0.,-0.,-1.));
#10661 = DIRECTION('',(-0.,-1.,0.));
#10662 = ADVANCED_FACE('',(#10663),#10674,.F.);
#10663 = FACE_BOUND('',#10664,.T.);
#10664 = EDGE_LOOP('',(#10665,#10666,#10672,#10673));
#10665 = ORIENTED_EDGE('',*,*,#7833,.T.);
#10666 = ORIENTED_EDGE('',*,*,#10667,.T.);
#10667 = EDGE_CURVE('',#7834,#9193,#10668,.T.);
#10668 = LINE('',#10669,#10670);
#10669 = CARTESIAN_POINT('',(118.69,-103.52,-4.6E-02));
#10670 = VECTOR('',#10671,1.);
#10671 = DIRECTION('',(0.,0.,1.));
#10672 = ORIENTED_EDGE('',*,*,#9192,.F.);
#10673 = ORIENTED_EDGE('',*,*,#10667,.F.);
#10674 = CYLINDRICAL_SURFACE('',#10675,0.4);
#10675 = AXIS2_PLACEMENT_3D('',#10676,#10677,#10678);
#10676 = CARTESIAN_POINT('',(118.69,-103.12,-4.6E-02));
#10677 = DIRECTION('',(-0.,-0.,-1.));
#10678 = DIRECTION('',(-0.,-1.,0.));
#10679 = ADVANCED_FACE('',(#10680),#10691,.F.);
#10680 = FACE_BOUND('',#10681,.T.);
#10681 = EDGE_LOOP('',(#10682,#10683,#10689,#10690));
#10682 = ORIENTED_EDGE('',*,*,#7844,.T.);
#10683 = ORIENTED_EDGE('',*,*,#10684,.T.);
#10684 = EDGE_CURVE('',#7845,#9204,#10685,.T.);
#10685 = LINE('',#10686,#10687);
#10686 = CARTESIAN_POINT('',(85.5,-102.1,-4.6E-02));
#10687 = VECTOR('',#10688,1.);
#10688 = DIRECTION('',(0.,0.,1.));
#10689 = ORIENTED_EDGE('',*,*,#9203,.F.);
#10690 = ORIENTED_EDGE('',*,*,#10684,.F.);
#10691 = CYLINDRICAL_SURFACE('',#10692,0.6);
#10692 = AXIS2_PLACEMENT_3D('',#10693,#10694,#10695);
#10693 = CARTESIAN_POINT('',(85.5,-101.5,-4.6E-02));
#10694 = DIRECTION('',(-0.,-0.,-1.));
#10695 = DIRECTION('',(-0.,-1.,0.));
#10696 = ADVANCED_FACE('',(#10697),#10708,.F.);
#10697 = FACE_BOUND('',#10698,.T.);
#10698 = EDGE_LOOP('',(#10699,#10700,#10706,#10707));
#10699 = ORIENTED_EDGE('',*,*,#7855,.T.);
#10700 = ORIENTED_EDGE('',*,*,#10701,.T.);
#10701 = EDGE_CURVE('',#7856,#9215,#10702,.T.);
#10702 = LINE('',#10703,#10704);
#10703 = CARTESIAN_POINT('',(85.2175,-95.645,-4.6E-02));
#10704 = VECTOR('',#10705,1.);
#10705 = DIRECTION('',(0.,0.,1.));
#10706 = ORIENTED_EDGE('',*,*,#9214,.F.);
#10707 = ORIENTED_EDGE('',*,*,#10701,.F.);
#10708 = CYLINDRICAL_SURFACE('',#10709,0.6);
#10709 = AXIS2_PLACEMENT_3D('',#10710,#10711,#10712);
#10710 = CARTESIAN_POINT('',(85.2175,-95.045,-4.6E-02));
#10711 = DIRECTION('',(-0.,-0.,-1.));
#10712 = DIRECTION('',(-0.,-1.,0.));
#10713 = ADVANCED_FACE('',(#10714),#10725,.F.);
#10714 = FACE_BOUND('',#10715,.T.);
#10715 = EDGE_LOOP('',(#10716,#10717,#10723,#10724));
#10716 = ORIENTED_EDGE('',*,*,#7866,.T.);
#10717 = ORIENTED_EDGE('',*,*,#10718,.T.);
#10718 = EDGE_CURVE('',#7867,#9226,#10719,.T.);
#10719 = LINE('',#10720,#10721);
#10720 = CARTESIAN_POINT('',(85.2175,-93.105,-4.6E-02));
#10721 = VECTOR('',#10722,1.);
#10722 = DIRECTION('',(0.,0.,1.));
#10723 = ORIENTED_EDGE('',*,*,#9225,.F.);
#10724 = ORIENTED_EDGE('',*,*,#10718,.F.);
#10725 = CYLINDRICAL_SURFACE('',#10726,0.6);
#10726 = AXIS2_PLACEMENT_3D('',#10727,#10728,#10729);
#10727 = CARTESIAN_POINT('',(85.2175,-92.505,-4.6E-02));
#10728 = DIRECTION('',(-0.,-0.,-1.));
#10729 = DIRECTION('',(-0.,-1.,0.));
#10730 = ADVANCED_FACE('',(#10731),#10742,.F.);
#10731 = FACE_BOUND('',#10732,.T.);
#10732 = EDGE_LOOP('',(#10733,#10734,#10740,#10741));
#10733 = ORIENTED_EDGE('',*,*,#7877,.T.);
#10734 = ORIENTED_EDGE('',*,*,#10735,.T.);
#10735 = EDGE_CURVE('',#7878,#9237,#10736,.T.);
#10736 = LINE('',#10737,#10738);
#10737 = CARTESIAN_POINT('',(125.13,-110.8,-4.6E-02));
#10738 = VECTOR('',#10739,1.);
#10739 = DIRECTION('',(0.,0.,1.));
#10740 = ORIENTED_EDGE('',*,*,#9236,.F.);
#10741 = ORIENTED_EDGE('',*,*,#10735,.F.);
#10742 = CYLINDRICAL_SURFACE('',#10743,0.6);
#10743 = AXIS2_PLACEMENT_3D('',#10744,#10745,#10746);
#10744 = CARTESIAN_POINT('',(125.13,-110.2,-4.6E-02));
#10745 = DIRECTION('',(-0.,-0.,-1.));
#10746 = DIRECTION('',(-0.,-1.,0.));
#10747 = ADVANCED_FACE('',(#10748),#10759,.F.);
#10748 = FACE_BOUND('',#10749,.T.);
#10749 = EDGE_LOOP('',(#10750,#10751,#10757,#10758));
#10750 = ORIENTED_EDGE('',*,*,#7888,.T.);
#10751 = ORIENTED_EDGE('',*,*,#10752,.T.);
#10752 = EDGE_CURVE('',#7889,#9248,#10753,.T.);
#10753 = LINE('',#10754,#10755);
#10754 = CARTESIAN_POINT('',(127.67,-110.8,-4.6E-02));
#10755 = VECTOR('',#10756,1.);
#10756 = DIRECTION('',(0.,0.,1.));
#10757 = ORIENTED_EDGE('',*,*,#9247,.F.);
#10758 = ORIENTED_EDGE('',*,*,#10752,.F.);
#10759 = CYLINDRICAL_SURFACE('',#10760,0.6);
#10760 = AXIS2_PLACEMENT_3D('',#10761,#10762,#10763);
#10761 = CARTESIAN_POINT('',(127.67,-110.2,-4.6E-02));
#10762 = DIRECTION('',(-0.,-0.,-1.));
#10763 = DIRECTION('',(-0.,-1.,0.));
#10764 = ADVANCED_FACE('',(#10765),#10776,.F.);
#10765 = FACE_BOUND('',#10766,.T.);
#10766 = EDGE_LOOP('',(#10767,#10768,#10774,#10775));
#10767 = ORIENTED_EDGE('',*,*,#7899,.T.);
#10768 = ORIENTED_EDGE('',*,*,#10769,.T.);
#10769 = EDGE_CURVE('',#7900,#9259,#10770,.T.);
#10770 = LINE('',#10771,#10772);
#10771 = CARTESIAN_POINT('',(130.21,-110.8,-4.6E-02));
#10772 = VECTOR('',#10773,1.);
#10773 = DIRECTION('',(0.,0.,1.));
#10774 = ORIENTED_EDGE('',*,*,#9258,.F.);
#10775 = ORIENTED_EDGE('',*,*,#10769,.F.);
#10776 = CYLINDRICAL_SURFACE('',#10777,0.6);
#10777 = AXIS2_PLACEMENT_3D('',#10778,#10779,#10780);
#10778 = CARTESIAN_POINT('',(130.21,-110.2,-4.6E-02));
#10779 = DIRECTION('',(-0.,-0.,-1.));
#10780 = DIRECTION('',(-0.,-1.,0.));
#10781 = ADVANCED_FACE('',(#10782),#10793,.F.);
#10782 = FACE_BOUND('',#10783,.T.);
#10783 = EDGE_LOOP('',(#10784,#10785,#10791,#10792));
#10784 = ORIENTED_EDGE('',*,*,#7910,.T.);
#10785 = ORIENTED_EDGE('',*,*,#10786,.T.);
#10786 = EDGE_CURVE('',#7911,#9270,#10787,.T.);
#10787 = LINE('',#10788,#10789);
#10788 = CARTESIAN_POINT('',(136.63,-110.8,-4.6E-02));
#10789 = VECTOR('',#10790,1.);
#10790 = DIRECTION('',(0.,0.,1.));
#10791 = ORIENTED_EDGE('',*,*,#9269,.F.);
#10792 = ORIENTED_EDGE('',*,*,#10786,.F.);
#10793 = CYLINDRICAL_SURFACE('',#10794,0.6);
#10794 = AXIS2_PLACEMENT_3D('',#10795,#10796,#10797);
#10795 = CARTESIAN_POINT('',(136.63,-110.2,-4.6E-02));
#10796 = DIRECTION('',(-0.,-0.,-1.));
#10797 = DIRECTION('',(-0.,-1.,0.));
#10798 = ADVANCED_FACE('',(#10799),#10810,.F.);
#10799 = FACE_BOUND('',#10800,.T.);
#10800 = EDGE_LOOP('',(#10801,#10802,#10808,#10809));
#10801 = ORIENTED_EDGE('',*,*,#7921,.T.);
#10802 = ORIENTED_EDGE('',*,*,#10803,.T.);
#10803 = EDGE_CURVE('',#7922,#9281,#10804,.T.);
#10804 = LINE('',#10805,#10806);
#10805 = CARTESIAN_POINT('',(139.17,-110.8,-4.6E-02));
#10806 = VECTOR('',#10807,1.);
#10807 = DIRECTION('',(0.,0.,1.));
#10808 = ORIENTED_EDGE('',*,*,#9280,.F.);
#10809 = ORIENTED_EDGE('',*,*,#10803,.F.);
#10810 = CYLINDRICAL_SURFACE('',#10811,0.6);
#10811 = AXIS2_PLACEMENT_3D('',#10812,#10813,#10814);
#10812 = CARTESIAN_POINT('',(139.17,-110.2,-4.6E-02));
#10813 = DIRECTION('',(-0.,-0.,-1.));
#10814 = DIRECTION('',(-4.736951571734E-14,-1.,0.));
#10815 = ADVANCED_FACE('',(#10816),#10827,.F.);
#10816 = FACE_BOUND('',#10817,.T.);
#10817 = EDGE_LOOP('',(#10818,#10819,#10825,#10826));
#10818 = ORIENTED_EDGE('',*,*,#7932,.T.);
#10819 = ORIENTED_EDGE('',*,*,#10820,.T.);
#10820 = EDGE_CURVE('',#7933,#9292,#10821,.T.);
#10821 = LINE('',#10822,#10823);
#10822 = CARTESIAN_POINT('',(121.23,-103.52,-4.6E-02));
#10823 = VECTOR('',#10824,1.);
#10824 = DIRECTION('',(0.,0.,1.));
#10825 = ORIENTED_EDGE('',*,*,#9291,.F.);
#10826 = ORIENTED_EDGE('',*,*,#10820,.F.);
#10827 = CYLINDRICAL_SURFACE('',#10828,0.4);
#10828 = AXIS2_PLACEMENT_3D('',#10829,#10830,#10831);
#10829 = CARTESIAN_POINT('',(121.23,-103.12,-4.6E-02));
#10830 = DIRECTION('',(-0.,0.,-1.));
#10831 = DIRECTION('',(3.5527136788E-14,-1.,-0.));
#10832 = ADVANCED_FACE('',(#10833),#10844,.F.);
#10833 = FACE_BOUND('',#10834,.T.);
#10834 = EDGE_LOOP('',(#10835,#10836,#10842,#10843));
#10835 = ORIENTED_EDGE('',*,*,#7943,.T.);
#10836 = ORIENTED_EDGE('',*,*,#10837,.T.);
#10837 = EDGE_CURVE('',#7944,#9303,#10838,.T.);
#10838 = LINE('',#10839,#10840);
#10839 = CARTESIAN_POINT('',(123.77,-103.52,-4.6E-02));
#10840 = VECTOR('',#10841,1.);
#10841 = DIRECTION('',(0.,0.,1.));
#10842 = ORIENTED_EDGE('',*,*,#9302,.F.);
#10843 = ORIENTED_EDGE('',*,*,#10837,.F.);
#10844 = CYLINDRICAL_SURFACE('',#10845,0.4);
#10845 = AXIS2_PLACEMENT_3D('',#10846,#10847,#10848);
#10846 = CARTESIAN_POINT('',(123.77,-103.12,-4.6E-02));
#10847 = DIRECTION('',(-0.,-0.,-1.));
#10848 = DIRECTION('',(-3.552713678801E-14,-1.,0.));
#10849 = ADVANCED_FACE('',(#10850),#10861,.F.);
#10850 = FACE_BOUND('',#10851,.T.);
#10851 = EDGE_LOOP('',(#10852,#10853,#10859,#10860));
#10852 = ORIENTED_EDGE('',*,*,#7954,.T.);
#10853 = ORIENTED_EDGE('',*,*,#10854,.T.);
#10854 = EDGE_CURVE('',#7955,#9314,#10855,.T.);
#10855 = LINE('',#10856,#10857);
#10856 = CARTESIAN_POINT('',(126.31,-103.52,-4.6E-02));
#10857 = VECTOR('',#10858,1.);
#10858 = DIRECTION('',(0.,0.,1.));
#10859 = ORIENTED_EDGE('',*,*,#9313,.F.);
#10860 = ORIENTED_EDGE('',*,*,#10854,.F.);
#10861 = CYLINDRICAL_SURFACE('',#10862,0.4);
#10862 = AXIS2_PLACEMENT_3D('',#10863,#10864,#10865);
#10863 = CARTESIAN_POINT('',(126.31,-103.12,-4.6E-02));
#10864 = DIRECTION('',(-0.,-0.,-1.));
#10865 = DIRECTION('',(-0.,-1.,0.));
#10866 = ADVANCED_FACE('',(#10867),#10878,.F.);
#10867 = FACE_BOUND('',#10868,.T.);
#10868 = EDGE_LOOP('',(#10869,#10870,#10876,#10877));
#10869 = ORIENTED_EDGE('',*,*,#7965,.T.);
#10870 = ORIENTED_EDGE('',*,*,#10871,.T.);
#10871 = EDGE_CURVE('',#7966,#9325,#10872,.T.);
#10872 = LINE('',#10873,#10874);
#10873 = CARTESIAN_POINT('',(128.85,-103.52,-4.6E-02));
#10874 = VECTOR('',#10875,1.);
#10875 = DIRECTION('',(0.,0.,1.));
#10876 = ORIENTED_EDGE('',*,*,#9324,.F.);
#10877 = ORIENTED_EDGE('',*,*,#10871,.F.);
#10878 = CYLINDRICAL_SURFACE('',#10879,0.4);
#10879 = AXIS2_PLACEMENT_3D('',#10880,#10881,#10882);
#10880 = CARTESIAN_POINT('',(128.85,-103.12,-4.6E-02));
#10881 = DIRECTION('',(-0.,-0.,-1.));
#10882 = DIRECTION('',(-0.,-1.,0.));
#10883 = ADVANCED_FACE('',(#10884),#10895,.F.);
#10884 = FACE_BOUND('',#10885,.T.);
#10885 = EDGE_LOOP('',(#10886,#10887,#10893,#10894));
#10886 = ORIENTED_EDGE('',*,*,#7976,.T.);
#10887 = ORIENTED_EDGE('',*,*,#10888,.T.);
#10888 = EDGE_CURVE('',#7977,#9336,#10889,.T.);
#10889 = LINE('',#10890,#10891);
#10890 = CARTESIAN_POINT('',(131.39,-103.52,-4.6E-02));
#10891 = VECTOR('',#10892,1.);
#10892 = DIRECTION('',(0.,0.,1.));
#10893 = ORIENTED_EDGE('',*,*,#9335,.F.);
#10894 = ORIENTED_EDGE('',*,*,#10888,.F.);
#10895 = CYLINDRICAL_SURFACE('',#10896,0.4);
#10896 = AXIS2_PLACEMENT_3D('',#10897,#10898,#10899);
#10897 = CARTESIAN_POINT('',(131.39,-103.12,-4.6E-02));
#10898 = DIRECTION('',(-0.,-0.,-1.));
#10899 = DIRECTION('',(-0.,-1.,0.));
#10900 = ADVANCED_FACE('',(#10901),#10912,.F.);
#10901 = FACE_BOUND('',#10902,.T.);
#10902 = EDGE_LOOP('',(#10903,#10904,#10910,#10911));
#10903 = ORIENTED_EDGE('',*,*,#7987,.T.);
#10904 = ORIENTED_EDGE('',*,*,#10905,.T.);
#10905 = EDGE_CURVE('',#7988,#9347,#10906,.T.);
#10906 = LINE('',#10907,#10908);
#10907 = CARTESIAN_POINT('',(133.93,-103.52,-4.6E-02));
#10908 = VECTOR('',#10909,1.);
#10909 = DIRECTION('',(0.,0.,1.));
#10910 = ORIENTED_EDGE('',*,*,#9346,.F.);
#10911 = ORIENTED_EDGE('',*,*,#10905,.F.);
#10912 = CYLINDRICAL_SURFACE('',#10913,0.4);
#10913 = AXIS2_PLACEMENT_3D('',#10914,#10915,#10916);
#10914 = CARTESIAN_POINT('',(133.93,-103.12,-4.6E-02));
#10915 = DIRECTION('',(-0.,-0.,-1.));
#10916 = DIRECTION('',(-0.,-1.,0.));
#10917 = ADVANCED_FACE('',(#10918),#10929,.F.);
#10918 = FACE_BOUND('',#10919,.T.);
#10919 = EDGE_LOOP('',(#10920,#10921,#10927,#10928));
#10920 = ORIENTED_EDGE('',*,*,#7998,.T.);
#10921 = ORIENTED_EDGE('',*,*,#10922,.T.);
#10922 = EDGE_CURVE('',#7999,#9358,#10923,.T.);
#10923 = LINE('',#10924,#10925);
#10924 = CARTESIAN_POINT('',(136.47,-103.52,-4.6E-02));
#10925 = VECTOR('',#10926,1.);
#10926 = DIRECTION('',(0.,0.,1.));
#10927 = ORIENTED_EDGE('',*,*,#9357,.F.);
#10928 = ORIENTED_EDGE('',*,*,#10922,.F.);
#10929 = CYLINDRICAL_SURFACE('',#10930,0.4);
#10930 = AXIS2_PLACEMENT_3D('',#10931,#10932,#10933);
#10931 = CARTESIAN_POINT('',(136.47,-103.12,-4.6E-02));
#10932 = DIRECTION('',(-0.,-0.,-1.));
#10933 = DIRECTION('',(-0.,-1.,0.));
#10934 = ADVANCED_FACE('',(#10935),#10946,.F.);
#10935 = FACE_BOUND('',#10936,.T.);
#10936 = EDGE_LOOP('',(#10937,#10938,#10944,#10945));
#10937 = ORIENTED_EDGE('',*,*,#8009,.T.);
#10938 = ORIENTED_EDGE('',*,*,#10939,.T.);
#10939 = EDGE_CURVE('',#8010,#9369,#10940,.T.);
#10940 = LINE('',#10941,#10942);
#10941 = CARTESIAN_POINT('',(139.01,-103.52,-4.6E-02));
#10942 = VECTOR('',#10943,1.);
#10943 = DIRECTION('',(0.,0.,1.));
#10944 = ORIENTED_EDGE('',*,*,#9368,.F.);
#10945 = ORIENTED_EDGE('',*,*,#10939,.F.);
#10946 = CYLINDRICAL_SURFACE('',#10947,0.4);
#10947 = AXIS2_PLACEMENT_3D('',#10948,#10949,#10950);
#10948 = CARTESIAN_POINT('',(139.01,-103.12,-4.6E-02));
#10949 = DIRECTION('',(-0.,-0.,-1.));
#10950 = DIRECTION('',(-0.,-1.,0.));
#10951 = ADVANCED_FACE('',(#10952),#10963,.F.);
#10952 = FACE_BOUND('',#10953,.T.);
#10953 = EDGE_LOOP('',(#10954,#10955,#10961,#10962));
#10954 = ORIENTED_EDGE('',*,*,#8020,.T.);
#10955 = ORIENTED_EDGE('',*,*,#10956,.T.);
#10956 = EDGE_CURVE('',#8021,#9380,#10957,.T.);
#10957 = LINE('',#10958,#10959);
#10958 = CARTESIAN_POINT('',(146.75,-114.965,-4.6E-02));
#10959 = VECTOR('',#10960,1.);
#10960 = DIRECTION('',(0.,0.,1.));
#10961 = ORIENTED_EDGE('',*,*,#9379,.F.);
#10962 = ORIENTED_EDGE('',*,*,#10956,.F.);
#10963 = CYLINDRICAL_SURFACE('',#10964,0.425);
#10964 = AXIS2_PLACEMENT_3D('',#10965,#10966,#10967);
#10965 = CARTESIAN_POINT('',(146.75,-114.54,-4.6E-02));
#10966 = DIRECTION('',(-0.,-0.,-1.));
#10967 = DIRECTION('',(-0.,-1.,0.));
#10968 = ADVANCED_FACE('',(#10969),#10980,.F.);
#10969 = FACE_BOUND('',#10970,.T.);
#10970 = EDGE_LOOP('',(#10971,#10972,#10978,#10979));
#10971 = ORIENTED_EDGE('',*,*,#8031,.T.);
#10972 = ORIENTED_EDGE('',*,*,#10973,.T.);
#10973 = EDGE_CURVE('',#8032,#9391,#10974,.T.);
#10974 = LINE('',#10975,#10976);
#10975 = CARTESIAN_POINT('',(146.75,-112.425,-4.6E-02));
#10976 = VECTOR('',#10977,1.);
#10977 = DIRECTION('',(0.,0.,1.));
#10978 = ORIENTED_EDGE('',*,*,#9390,.F.);
#10979 = ORIENTED_EDGE('',*,*,#10973,.F.);
#10980 = CYLINDRICAL_SURFACE('',#10981,0.425);
#10981 = AXIS2_PLACEMENT_3D('',#10982,#10983,#10984);
#10982 = CARTESIAN_POINT('',(146.75,-112.,-4.6E-02));
#10983 = DIRECTION('',(-0.,-0.,-1.));
#10984 = DIRECTION('',(-0.,-1.,0.));
#10985 = ADVANCED_FACE('',(#10986),#10997,.F.);
#10986 = FACE_BOUND('',#10987,.T.);
#10987 = EDGE_LOOP('',(#10988,#10989,#10995,#10996));
#10988 = ORIENTED_EDGE('',*,*,#8042,.T.);
#10989 = ORIENTED_EDGE('',*,*,#10990,.T.);
#10990 = EDGE_CURVE('',#8043,#9402,#10991,.T.);
#10991 = LINE('',#10992,#10993);
#10992 = CARTESIAN_POINT('',(141.71,-110.8,-4.6E-02));
#10993 = VECTOR('',#10994,1.);
#10994 = DIRECTION('',(0.,0.,1.));
#10995 = ORIENTED_EDGE('',*,*,#9401,.F.);
#10996 = ORIENTED_EDGE('',*,*,#10990,.F.);
#10997 = CYLINDRICAL_SURFACE('',#10998,0.6);
#10998 = AXIS2_PLACEMENT_3D('',#10999,#11000,#11001);
#10999 = CARTESIAN_POINT('',(141.71,-110.2,-4.6E-02));
#11000 = DIRECTION('',(-0.,-0.,-1.));
#11001 = DIRECTION('',(-0.,-1.,0.));
#11002 = ADVANCED_FACE('',(#11003),#11014,.F.);
#11003 = FACE_BOUND('',#11004,.T.);
#11004 = EDGE_LOOP('',(#11005,#11006,#11012,#11013));
#11005 = ORIENTED_EDGE('',*,*,#8053,.T.);
#11006 = ORIENTED_EDGE('',*,*,#11007,.T.);
#11007 = EDGE_CURVE('',#8054,#9413,#11008,.T.);
#11008 = LINE('',#11009,#11010);
#11009 = CARTESIAN_POINT('',(146.75,-109.885,-4.6E-02));
#11010 = VECTOR('',#11011,1.);
#11011 = DIRECTION('',(0.,0.,1.));
#11012 = ORIENTED_EDGE('',*,*,#9412,.F.);
#11013 = ORIENTED_EDGE('',*,*,#11007,.F.);
#11014 = CYLINDRICAL_SURFACE('',#11015,0.425);
#11015 = AXIS2_PLACEMENT_3D('',#11016,#11017,#11018);
#11016 = CARTESIAN_POINT('',(146.75,-109.46,-4.6E-02));
#11017 = DIRECTION('',(-0.,-0.,-1.));
#11018 = DIRECTION('',(-0.,-1.,0.));
#11019 = ADVANCED_FACE('',(#11020),#11031,.F.);
#11020 = FACE_BOUND('',#11021,.T.);
#11021 = EDGE_LOOP('',(#11022,#11023,#11029,#11030));
#11022 = ORIENTED_EDGE('',*,*,#8064,.T.);
#11023 = ORIENTED_EDGE('',*,*,#11024,.T.);
#11024 = EDGE_CURVE('',#8065,#9424,#11025,.T.);
#11025 = LINE('',#11026,#11027);
#11026 = CARTESIAN_POINT('',(156.5,-114.925,-4.6E-02));
#11027 = VECTOR('',#11028,1.);
#11028 = DIRECTION('',(0.,0.,1.));
#11029 = ORIENTED_EDGE('',*,*,#9423,.F.);
#11030 = ORIENTED_EDGE('',*,*,#11024,.F.);
#11031 = CYLINDRICAL_SURFACE('',#11032,0.425);
#11032 = AXIS2_PLACEMENT_3D('',#11033,#11034,#11035);
#11033 = CARTESIAN_POINT('',(156.5,-114.5,-4.6E-02));
#11034 = DIRECTION('',(-0.,-0.,-1.));
#11035 = DIRECTION('',(-0.,-1.,0.));
#11036 = ADVANCED_FACE('',(#11037),#11048,.F.);
#11037 = FACE_BOUND('',#11038,.T.);
#11038 = EDGE_LOOP('',(#11039,#11040,#11046,#11047));
#11039 = ORIENTED_EDGE('',*,*,#8075,.T.);
#11040 = ORIENTED_EDGE('',*,*,#11041,.T.);
#11041 = EDGE_CURVE('',#8076,#9435,#11042,.T.);
#11042 = LINE('',#11043,#11044);
#11043 = CARTESIAN_POINT('',(156.5,-112.385,-4.6E-02));
#11044 = VECTOR('',#11045,1.);
#11045 = DIRECTION('',(0.,0.,1.));
#11046 = ORIENTED_EDGE('',*,*,#9434,.F.);
#11047 = ORIENTED_EDGE('',*,*,#11041,.F.);
#11048 = CYLINDRICAL_SURFACE('',#11049,0.425);
#11049 = AXIS2_PLACEMENT_3D('',#11050,#11051,#11052);
#11050 = CARTESIAN_POINT('',(156.5,-111.96,-4.6E-02));
#11051 = DIRECTION('',(-0.,-0.,-1.));
#11052 = DIRECTION('',(-0.,-1.,0.));
#11053 = ADVANCED_FACE('',(#11054),#11065,.F.);
#11054 = FACE_BOUND('',#11055,.T.);
#11055 = EDGE_LOOP('',(#11056,#11057,#11063,#11064));
#11056 = ORIENTED_EDGE('',*,*,#8086,.T.);
#11057 = ORIENTED_EDGE('',*,*,#11058,.T.);
#11058 = EDGE_CURVE('',#8087,#9446,#11059,.T.);
#11059 = LINE('',#11060,#11061);
#11060 = CARTESIAN_POINT('',(156.5,-109.845,-4.6E-02));
#11061 = VECTOR('',#11062,1.);
#11062 = DIRECTION('',(0.,0.,1.));
#11063 = ORIENTED_EDGE('',*,*,#9445,.F.);
#11064 = ORIENTED_EDGE('',*,*,#11058,.F.);
#11065 = CYLINDRICAL_SURFACE('',#11066,0.425);
#11066 = AXIS2_PLACEMENT_3D('',#11067,#11068,#11069);
#11067 = CARTESIAN_POINT('',(156.5,-109.42,-4.6E-02));
#11068 = DIRECTION('',(-0.,-0.,-1.));
#11069 = DIRECTION('',(-0.,-1.,0.));
#11070 = ADVANCED_FACE('',(#11071),#11082,.F.);
#11071 = FACE_BOUND('',#11072,.T.);
#11072 = EDGE_LOOP('',(#11073,#11074,#11080,#11081));
#11073 = ORIENTED_EDGE('',*,*,#8097,.T.);
#11074 = ORIENTED_EDGE('',*,*,#11075,.T.);
#11075 = EDGE_CURVE('',#8098,#9457,#11076,.T.);
#11076 = LINE('',#11077,#11078);
#11077 = CARTESIAN_POINT('',(141.55,-103.52,-4.6E-02));
#11078 = VECTOR('',#11079,1.);
#11079 = DIRECTION('',(0.,0.,1.));
#11080 = ORIENTED_EDGE('',*,*,#9456,.F.);
#11081 = ORIENTED_EDGE('',*,*,#11075,.F.);
#11082 = CYLINDRICAL_SURFACE('',#11083,0.4);
#11083 = AXIS2_PLACEMENT_3D('',#11084,#11085,#11086);
#11084 = CARTESIAN_POINT('',(141.55,-103.12,-4.6E-02));
#11085 = DIRECTION('',(-0.,-0.,-1.));
#11086 = DIRECTION('',(-0.,-1.,0.));
#11087 = ADVANCED_FACE('',(#11088),#11099,.F.);
#11088 = FACE_BOUND('',#11089,.T.);
#11089 = EDGE_LOOP('',(#11090,#11091,#11097,#11098));
#11090 = ORIENTED_EDGE('',*,*,#8108,.T.);
#11091 = ORIENTED_EDGE('',*,*,#11092,.T.);
#11092 = EDGE_CURVE('',#8109,#9468,#11093,.T.);
#11093 = LINE('',#11094,#11095);
#11094 = CARTESIAN_POINT('',(144.09,-103.52,-4.6E-02));
#11095 = VECTOR('',#11096,1.);
#11096 = DIRECTION('',(0.,0.,1.));
#11097 = ORIENTED_EDGE('',*,*,#9467,.F.);
#11098 = ORIENTED_EDGE('',*,*,#11092,.F.);
#11099 = CYLINDRICAL_SURFACE('',#11100,0.4);
#11100 = AXIS2_PLACEMENT_3D('',#11101,#11102,#11103);
#11101 = CARTESIAN_POINT('',(144.09,-103.12,-4.6E-02));
#11102 = DIRECTION('',(-0.,-0.,-1.));
#11103 = DIRECTION('',(-0.,-1.,0.));
#11104 = ADVANCED_FACE('',(#11105),#11116,.F.);
#11105 = FACE_BOUND('',#11106,.T.);
#11106 = EDGE_LOOP('',(#11107,#11108,#11114,#11115));
#11107 = ORIENTED_EDGE('',*,*,#8119,.T.);
#11108 = ORIENTED_EDGE('',*,*,#11109,.T.);
#11109 = EDGE_CURVE('',#8120,#9479,#11110,.T.);
#11110 = LINE('',#11111,#11112);
#11111 = CARTESIAN_POINT('',(146.63,-103.52,-4.6E-02));
#11112 = VECTOR('',#11113,1.);
#11113 = DIRECTION('',(0.,0.,1.));
#11114 = ORIENTED_EDGE('',*,*,#9478,.F.);
#11115 = ORIENTED_EDGE('',*,*,#11109,.F.);
#11116 = CYLINDRICAL_SURFACE('',#11117,0.4);
#11117 = AXIS2_PLACEMENT_3D('',#11118,#11119,#11120);
#11118 = CARTESIAN_POINT('',(146.63,-103.12,-4.6E-02));
#11119 = DIRECTION('',(-0.,-0.,-1.));
#11120 = DIRECTION('',(-0.,-1.,0.));
#11121 = ADVANCED_FACE('',(#11122),#11133,.F.);
#11122 = FACE_BOUND('',#11123,.T.);
#11123 = EDGE_LOOP('',(#11124,#11125,#11131,#11132));
#11124 = ORIENTED_EDGE('',*,*,#8130,.T.);
#11125 = ORIENTED_EDGE('',*,*,#11126,.T.);
#11126 = EDGE_CURVE('',#8131,#9490,#11127,.T.);
#11127 = LINE('',#11128,#11129);
#11128 = CARTESIAN_POINT('',(149.17,-103.52,-4.6E-02));
#11129 = VECTOR('',#11130,1.);
#11130 = DIRECTION('',(0.,0.,1.));
#11131 = ORIENTED_EDGE('',*,*,#9489,.F.);
#11132 = ORIENTED_EDGE('',*,*,#11126,.F.);
#11133 = CYLINDRICAL_SURFACE('',#11134,0.4);
#11134 = AXIS2_PLACEMENT_3D('',#11135,#11136,#11137);
#11135 = CARTESIAN_POINT('',(149.17,-103.12,-4.6E-02));
#11136 = DIRECTION('',(-0.,-0.,-1.));
#11137 = DIRECTION('',(-7.105427357601E-14,-1.,0.));
#11138 = ADVANCED_FACE('',(#11139),#11150,.F.);
#11139 = FACE_BOUND('',#11140,.T.);
#11140 = EDGE_LOOP('',(#11141,#11142,#11148,#11149));
#11141 = ORIENTED_EDGE('',*,*,#8141,.T.);
#11142 = ORIENTED_EDGE('',*,*,#11143,.T.);
#11143 = EDGE_CURVE('',#8142,#9501,#11144,.T.);
#11144 = LINE('',#11145,#11146);
#11145 = CARTESIAN_POINT('',(151.71,-103.52,-4.6E-02));
#11146 = VECTOR('',#11147,1.);
#11147 = DIRECTION('',(0.,0.,1.));
#11148 = ORIENTED_EDGE('',*,*,#9500,.F.);
#11149 = ORIENTED_EDGE('',*,*,#11143,.F.);
#11150 = CYLINDRICAL_SURFACE('',#11151,0.4);
#11151 = AXIS2_PLACEMENT_3D('',#11152,#11153,#11154);
#11152 = CARTESIAN_POINT('',(151.71,-103.12,-4.6E-02));
#11153 = DIRECTION('',(-0.,-0.,-1.));
#11154 = DIRECTION('',(-0.,-1.,0.));
#11155 = ADVANCED_FACE('',(#11156),#11167,.F.);
#11156 = FACE_BOUND('',#11157,.T.);
#11157 = EDGE_LOOP('',(#11158,#11159,#11165,#11166));
#11158 = ORIENTED_EDGE('',*,*,#8152,.T.);
#11159 = ORIENTED_EDGE('',*,*,#11160,.T.);
#11160 = EDGE_CURVE('',#8153,#9512,#11161,.T.);
#11161 = LINE('',#11162,#11163);
#11162 = CARTESIAN_POINT('',(158.,-97.625,-4.6E-02));
#11163 = VECTOR('',#11164,1.);
#11164 = DIRECTION('',(0.,0.,1.));
#11165 = ORIENTED_EDGE('',*,*,#9511,.F.);
#11166 = ORIENTED_EDGE('',*,*,#11160,.F.);
#11167 = CYLINDRICAL_SURFACE('',#11168,0.925);
#11168 = AXIS2_PLACEMENT_3D('',#11169,#11170,#11171);
#11169 = CARTESIAN_POINT('',(158.,-96.7,-4.6E-02));
#11170 = DIRECTION('',(-0.,-0.,-1.));
#11171 = DIRECTION('',(-0.,-1.,0.));
#11172 = ADVANCED_FACE('',(#11173),#11184,.F.);
#11173 = FACE_BOUND('',#11174,.T.);
#11174 = EDGE_LOOP('',(#11175,#11176,#11182,#11183));
#11175 = ORIENTED_EDGE('',*,*,#8163,.T.);
#11176 = ORIENTED_EDGE('',*,*,#11177,.T.);
#11177 = EDGE_CURVE('',#8164,#9523,#11178,.T.);
#11178 = LINE('',#11179,#11180);
#11179 = CARTESIAN_POINT('',(158.,-92.925,-4.6E-02));
#11180 = VECTOR('',#11181,1.);
#11181 = DIRECTION('',(0.,0.,1.));
#11182 = ORIENTED_EDGE('',*,*,#9522,.F.);
#11183 = ORIENTED_EDGE('',*,*,#11177,.F.);
#11184 = CYLINDRICAL_SURFACE('',#11185,0.925);
#11185 = AXIS2_PLACEMENT_3D('',#11186,#11187,#11188);
#11186 = CARTESIAN_POINT('',(158.,-92.,-4.6E-02));
#11187 = DIRECTION('',(-0.,-0.,-1.));
#11188 = DIRECTION('',(-0.,-1.,0.));
#11189 = ADVANCED_FACE('',(#11190),#11201,.F.);
#11190 = FACE_BOUND('',#11191,.T.);
#11191 = EDGE_LOOP('',(#11192,#11193,#11199,#11200));
#11192 = ORIENTED_EDGE('',*,*,#8174,.T.);
#11193 = ORIENTED_EDGE('',*,*,#11194,.T.);
#11194 = EDGE_CURVE('',#8175,#9534,#11195,.T.);
#11195 = LINE('',#11196,#11197);
#11196 = CARTESIAN_POINT('',(85.2175,-90.565,-4.6E-02));
#11197 = VECTOR('',#11198,1.);
#11198 = DIRECTION('',(0.,0.,1.));
#11199 = ORIENTED_EDGE('',*,*,#9533,.F.);
#11200 = ORIENTED_EDGE('',*,*,#11194,.F.);
#11201 = CYLINDRICAL_SURFACE('',#11202,0.6);
#11202 = AXIS2_PLACEMENT_3D('',#11203,#11204,#11205);
#11203 = CARTESIAN_POINT('',(85.2175,-89.965,-4.6E-02));
#11204 = DIRECTION('',(-0.,-0.,-1.));
#11205 = DIRECTION('',(-0.,-1.,0.));
#11206 = ADVANCED_FACE('',(#11207),#11218,.F.);
#11207 = FACE_BOUND('',#11208,.T.);
#11208 = EDGE_LOOP('',(#11209,#11210,#11216,#11217));
#11209 = ORIENTED_EDGE('',*,*,#8185,.T.);
#11210 = ORIENTED_EDGE('',*,*,#11211,.T.);
#11211 = EDGE_CURVE('',#8186,#9545,#11212,.T.);
#11212 = LINE('',#11213,#11214);
#11213 = CARTESIAN_POINT('',(93.29,-88.28,-4.6E-02));
#11214 = VECTOR('',#11215,1.);
#11215 = DIRECTION('',(0.,0.,1.));
#11216 = ORIENTED_EDGE('',*,*,#9544,.F.);
#11217 = ORIENTED_EDGE('',*,*,#11211,.F.);
#11218 = CYLINDRICAL_SURFACE('',#11219,0.4);
#11219 = AXIS2_PLACEMENT_3D('',#11220,#11221,#11222);
#11220 = CARTESIAN_POINT('',(93.29,-87.88,-4.6E-02));
#11221 = DIRECTION('',(-0.,0.,-1.));
#11222 = DIRECTION('',(3.5527136788E-14,-1.,-0.));
#11223 = ADVANCED_FACE('',(#11224),#11235,.F.);
#11224 = FACE_BOUND('',#11225,.T.);
#11225 = EDGE_LOOP('',(#11226,#11227,#11233,#11234));
#11226 = ORIENTED_EDGE('',*,*,#8196,.T.);
#11227 = ORIENTED_EDGE('',*,*,#11228,.T.);
#11228 = EDGE_CURVE('',#8197,#9556,#11229,.T.);
#11229 = LINE('',#11230,#11231);
#11230 = CARTESIAN_POINT('',(95.83,-88.28,-4.6E-02));
#11231 = VECTOR('',#11232,1.);
#11232 = DIRECTION('',(0.,0.,1.));
#11233 = ORIENTED_EDGE('',*,*,#9555,.F.);
#11234 = ORIENTED_EDGE('',*,*,#11228,.F.);
#11235 = CYLINDRICAL_SURFACE('',#11236,0.4);
#11236 = AXIS2_PLACEMENT_3D('',#11237,#11238,#11239);
#11237 = CARTESIAN_POINT('',(95.83,-87.88,-4.6E-02));
#11238 = DIRECTION('',(-0.,-0.,-1.));
#11239 = DIRECTION('',(-3.552713678801E-14,-1.,0.));
#11240 = ADVANCED_FACE('',(#11241),#11252,.F.);
#11241 = FACE_BOUND('',#11242,.T.);
#11242 = EDGE_LOOP('',(#11243,#11244,#11250,#11251));
#11243 = ORIENTED_EDGE('',*,*,#8207,.T.);
#11244 = ORIENTED_EDGE('',*,*,#11245,.T.);
#11245 = EDGE_CURVE('',#8208,#9567,#11246,.T.);
#11246 = LINE('',#11247,#11248);
#11247 = CARTESIAN_POINT('',(98.37,-88.28,-4.6E-02));
#11248 = VECTOR('',#11249,1.);
#11249 = DIRECTION('',(0.,0.,1.));
#11250 = ORIENTED_EDGE('',*,*,#9566,.F.);
#11251 = ORIENTED_EDGE('',*,*,#11245,.F.);
#11252 = CYLINDRICAL_SURFACE('',#11253,0.4);
#11253 = AXIS2_PLACEMENT_3D('',#11254,#11255,#11256);
#11254 = CARTESIAN_POINT('',(98.37,-87.88,-4.6E-02));
#11255 = DIRECTION('',(-0.,-0.,-1.));
#11256 = DIRECTION('',(-0.,-1.,0.));
#11257 = ADVANCED_FACE('',(#11258),#11269,.F.);
#11258 = FACE_BOUND('',#11259,.T.);
#11259 = EDGE_LOOP('',(#11260,#11261,#11267,#11268));
#11260 = ORIENTED_EDGE('',*,*,#8218,.T.);
#11261 = ORIENTED_EDGE('',*,*,#11262,.T.);
#11262 = EDGE_CURVE('',#8219,#9578,#11263,.T.);
#11263 = LINE('',#11264,#11265);
#11264 = CARTESIAN_POINT('',(100.91,-88.28,-4.6E-02));
#11265 = VECTOR('',#11266,1.);
#11266 = DIRECTION('',(0.,0.,1.));
#11267 = ORIENTED_EDGE('',*,*,#9577,.F.);
#11268 = ORIENTED_EDGE('',*,*,#11262,.F.);
#11269 = CYLINDRICAL_SURFACE('',#11270,0.4);
#11270 = AXIS2_PLACEMENT_3D('',#11271,#11272,#11273);
#11271 = CARTESIAN_POINT('',(100.91,-87.88,-4.6E-02));
#11272 = DIRECTION('',(-0.,-0.,-1.));
#11273 = DIRECTION('',(-0.,-1.,0.));
#11274 = ADVANCED_FACE('',(#11275),#11286,.F.);
#11275 = FACE_BOUND('',#11276,.T.);
#11276 = EDGE_LOOP('',(#11277,#11278,#11284,#11285));
#11277 = ORIENTED_EDGE('',*,*,#8229,.T.);
#11278 = ORIENTED_EDGE('',*,*,#11279,.T.);
#11279 = EDGE_CURVE('',#8230,#9589,#11280,.T.);
#11280 = LINE('',#11281,#11282);
#11281 = CARTESIAN_POINT('',(85.735,-79.1625,-4.6E-02));
#11282 = VECTOR('',#11283,1.);
#11283 = DIRECTION('',(0.,0.,1.));
#11284 = ORIENTED_EDGE('',*,*,#9588,.F.);
#11285 = ORIENTED_EDGE('',*,*,#11279,.F.);
#11286 = CYLINDRICAL_SURFACE('',#11287,0.6);
#11287 = AXIS2_PLACEMENT_3D('',#11288,#11289,#11290);
#11288 = CARTESIAN_POINT('',(85.735,-78.5625,-4.6E-02));
#11289 = DIRECTION('',(-0.,-0.,-1.));
#11290 = DIRECTION('',(-0.,-1.,0.));
#11291 = ADVANCED_FACE('',(#11292),#11303,.F.);
#11292 = FACE_BOUND('',#11293,.T.);
#11293 = EDGE_LOOP('',(#11294,#11295,#11301,#11302));
#11294 = ORIENTED_EDGE('',*,*,#8240,.T.);
#11295 = ORIENTED_EDGE('',*,*,#11296,.T.);
#11296 = EDGE_CURVE('',#8241,#9600,#11297,.T.);
#11297 = LINE('',#11298,#11299);
#11298 = CARTESIAN_POINT('',(103.45,-88.28,-4.6E-02));
#11299 = VECTOR('',#11300,1.);
#11300 = DIRECTION('',(0.,0.,1.));
#11301 = ORIENTED_EDGE('',*,*,#9599,.F.);
#11302 = ORIENTED_EDGE('',*,*,#11296,.F.);
#11303 = CYLINDRICAL_SURFACE('',#11304,0.4);
#11304 = AXIS2_PLACEMENT_3D('',#11305,#11306,#11307);
#11305 = CARTESIAN_POINT('',(103.45,-87.88,-4.6E-02));
#11306 = DIRECTION('',(-0.,0.,-1.));
#11307 = DIRECTION('',(3.5527136788E-14,-1.,-0.));
#11308 = ADVANCED_FACE('',(#11309),#11320,.F.);
#11309 = FACE_BOUND('',#11310,.T.);
#11310 = EDGE_LOOP('',(#11311,#11312,#11318,#11319));
#11311 = ORIENTED_EDGE('',*,*,#8251,.T.);
#11312 = ORIENTED_EDGE('',*,*,#11313,.T.);
#11313 = EDGE_CURVE('',#8252,#9611,#11314,.T.);
#11314 = LINE('',#11315,#11316);
#11315 = CARTESIAN_POINT('',(105.99,-88.28,-4.6E-02));
#11316 = VECTOR('',#11317,1.);
#11317 = DIRECTION('',(0.,0.,1.));
#11318 = ORIENTED_EDGE('',*,*,#9610,.F.);
#11319 = ORIENTED_EDGE('',*,*,#11313,.F.);
#11320 = CYLINDRICAL_SURFACE('',#11321,0.4);
#11321 = AXIS2_PLACEMENT_3D('',#11322,#11323,#11324);
#11322 = CARTESIAN_POINT('',(105.99,-87.88,-4.6E-02));
#11323 = DIRECTION('',(-0.,-0.,-1.));
#11324 = DIRECTION('',(-3.552713678801E-14,-1.,0.));
#11325 = ADVANCED_FACE('',(#11326),#11337,.F.);
#11326 = FACE_BOUND('',#11327,.T.);
#11327 = EDGE_LOOP('',(#11328,#11329,#11335,#11336));
#11328 = ORIENTED_EDGE('',*,*,#8262,.T.);
#11329 = ORIENTED_EDGE('',*,*,#11330,.T.);
#11330 = EDGE_CURVE('',#8263,#9622,#11331,.T.);
#11331 = LINE('',#11332,#11333);
#11332 = CARTESIAN_POINT('',(108.53,-88.28,-4.6E-02));
#11333 = VECTOR('',#11334,1.);
#11334 = DIRECTION('',(0.,0.,1.));
#11335 = ORIENTED_EDGE('',*,*,#9621,.F.);
#11336 = ORIENTED_EDGE('',*,*,#11330,.F.);
#11337 = CYLINDRICAL_SURFACE('',#11338,0.4);
#11338 = AXIS2_PLACEMENT_3D('',#11339,#11340,#11341);
#11339 = CARTESIAN_POINT('',(108.53,-87.88,-4.6E-02));
#11340 = DIRECTION('',(-0.,-0.,-1.));
#11341 = DIRECTION('',(-0.,-1.,0.));
#11342 = ADVANCED_FACE('',(#11343),#11354,.F.);
#11343 = FACE_BOUND('',#11344,.T.);
#11344 = EDGE_LOOP('',(#11345,#11346,#11352,#11353));
#11345 = ORIENTED_EDGE('',*,*,#8273,.T.);
#11346 = ORIENTED_EDGE('',*,*,#11347,.T.);
#11347 = EDGE_CURVE('',#8274,#9633,#11348,.T.);
#11348 = LINE('',#11349,#11350);
#11349 = CARTESIAN_POINT('',(111.07,-88.28,-4.6E-02));
#11350 = VECTOR('',#11351,1.);
#11351 = DIRECTION('',(0.,0.,1.));
#11352 = ORIENTED_EDGE('',*,*,#9632,.F.);
#11353 = ORIENTED_EDGE('',*,*,#11347,.F.);
#11354 = CYLINDRICAL_SURFACE('',#11355,0.4);
#11355 = AXIS2_PLACEMENT_3D('',#11356,#11357,#11358);
#11356 = CARTESIAN_POINT('',(111.07,-87.88,-4.6E-02));
#11357 = DIRECTION('',(-0.,-0.,-1.));
#11358 = DIRECTION('',(-0.,-1.,0.));
#11359 = ADVANCED_FACE('',(#11360),#11371,.F.);
#11360 = FACE_BOUND('',#11361,.T.);
#11361 = EDGE_LOOP('',(#11362,#11363,#11369,#11370));
#11362 = ORIENTED_EDGE('',*,*,#8284,.T.);
#11363 = ORIENTED_EDGE('',*,*,#11364,.T.);
#11364 = EDGE_CURVE('',#8285,#9644,#11365,.T.);
#11365 = LINE('',#11366,#11367);
#11366 = CARTESIAN_POINT('',(113.61,-88.28,-4.6E-02));
#11367 = VECTOR('',#11368,1.);
#11368 = DIRECTION('',(0.,0.,1.));
#11369 = ORIENTED_EDGE('',*,*,#9643,.F.);
#11370 = ORIENTED_EDGE('',*,*,#11364,.F.);
#11371 = CYLINDRICAL_SURFACE('',#11372,0.4);
#11372 = AXIS2_PLACEMENT_3D('',#11373,#11374,#11375);
#11373 = CARTESIAN_POINT('',(113.61,-87.88,-4.6E-02));
#11374 = DIRECTION('',(-0.,-0.,-1.));
#11375 = DIRECTION('',(-0.,-1.,0.));
#11376 = ADVANCED_FACE('',(#11377),#11388,.F.);
#11377 = FACE_BOUND('',#11378,.T.);
#11378 = EDGE_LOOP('',(#11379,#11380,#11386,#11387));
#11379 = ORIENTED_EDGE('',*,*,#8295,.T.);
#11380 = ORIENTED_EDGE('',*,*,#11381,.T.);
#11381 = EDGE_CURVE('',#8296,#9655,#11382,.T.);
#11382 = LINE('',#11383,#11384);
#11383 = CARTESIAN_POINT('',(116.15,-88.28,-4.6E-02));
#11384 = VECTOR('',#11385,1.);
#11385 = DIRECTION('',(0.,0.,1.));
#11386 = ORIENTED_EDGE('',*,*,#9654,.F.);
#11387 = ORIENTED_EDGE('',*,*,#11381,.F.);
#11388 = CYLINDRICAL_SURFACE('',#11389,0.4);
#11389 = AXIS2_PLACEMENT_3D('',#11390,#11391,#11392);
#11390 = CARTESIAN_POINT('',(116.15,-87.88,-4.6E-02));
#11391 = DIRECTION('',(-0.,-0.,-1.));
#11392 = DIRECTION('',(-0.,-1.,0.));
#11393 = ADVANCED_FACE('',(#11394),#11405,.F.);
#11394 = FACE_BOUND('',#11395,.T.);
#11395 = EDGE_LOOP('',(#11396,#11397,#11403,#11404));
#11396 = ORIENTED_EDGE('',*,*,#8306,.T.);
#11397 = ORIENTED_EDGE('',*,*,#11398,.T.);
#11398 = EDGE_CURVE('',#8307,#9666,#11399,.T.);
#11399 = LINE('',#11400,#11401);
#11400 = CARTESIAN_POINT('',(118.69,-88.28,-4.6E-02));
#11401 = VECTOR('',#11402,1.);
#11402 = DIRECTION('',(0.,0.,1.));
#11403 = ORIENTED_EDGE('',*,*,#9665,.F.);
#11404 = ORIENTED_EDGE('',*,*,#11398,.F.);
#11405 = CYLINDRICAL_SURFACE('',#11406,0.4);
#11406 = AXIS2_PLACEMENT_3D('',#11407,#11408,#11409);
#11407 = CARTESIAN_POINT('',(118.69,-87.88,-4.6E-02));
#11408 = DIRECTION('',(-0.,-0.,-1.));
#11409 = DIRECTION('',(-0.,-1.,0.));
#11410 = ADVANCED_FACE('',(#11411),#11422,.F.);
#11411 = FACE_BOUND('',#11412,.T.);
#11412 = EDGE_LOOP('',(#11413,#11414,#11420,#11421));
#11413 = ORIENTED_EDGE('',*,*,#8317,.T.);
#11414 = ORIENTED_EDGE('',*,*,#11415,.T.);
#11415 = EDGE_CURVE('',#8318,#9677,#11416,.T.);
#11416 = LINE('',#11417,#11418);
#11417 = CARTESIAN_POINT('',(103.1,-82.6,-4.6E-02));
#11418 = VECTOR('',#11419,1.);
#11419 = DIRECTION('',(0.,0.,1.));
#11420 = ORIENTED_EDGE('',*,*,#9676,.F.);
#11421 = ORIENTED_EDGE('',*,*,#11415,.F.);
#11422 = CYLINDRICAL_SURFACE('',#11423,0.1);
#11423 = AXIS2_PLACEMENT_3D('',#11424,#11425,#11426);
#11424 = CARTESIAN_POINT('',(103.1,-82.5,-4.6E-02));
#11425 = DIRECTION('',(-0.,-0.,-1.));
#11426 = DIRECTION('',(-0.,-1.,0.));
#11427 = ADVANCED_FACE('',(#11428),#11439,.F.);
#11428 = FACE_BOUND('',#11429,.T.);
#11429 = EDGE_LOOP('',(#11430,#11431,#11437,#11438));
#11430 = ORIENTED_EDGE('',*,*,#8328,.T.);
#11431 = ORIENTED_EDGE('',*,*,#11432,.T.);
#11432 = EDGE_CURVE('',#8329,#9688,#11433,.T.);
#11433 = LINE('',#11434,#11435);
#11434 = CARTESIAN_POINT('',(103.1,-81.3,-4.6E-02));
#11435 = VECTOR('',#11436,1.);
#11436 = DIRECTION('',(0.,0.,1.));
#11437 = ORIENTED_EDGE('',*,*,#9687,.F.);
#11438 = ORIENTED_EDGE('',*,*,#11432,.F.);
#11439 = CYLINDRICAL_SURFACE('',#11440,0.1);
#11440 = AXIS2_PLACEMENT_3D('',#11441,#11442,#11443);
#11441 = CARTESIAN_POINT('',(103.1,-81.2,-4.6E-02));
#11442 = DIRECTION('',(-0.,-0.,-1.));
#11443 = DIRECTION('',(-0.,-1.,0.));
#11444 = ADVANCED_FACE('',(#11445),#11456,.F.);
#11445 = FACE_BOUND('',#11446,.T.);
#11446 = EDGE_LOOP('',(#11447,#11448,#11454,#11455));
#11447 = ORIENTED_EDGE('',*,*,#8339,.T.);
#11448 = ORIENTED_EDGE('',*,*,#11449,.T.);
#11449 = EDGE_CURVE('',#8340,#9699,#11450,.T.);
#11450 = LINE('',#11451,#11452);
#11451 = CARTESIAN_POINT('',(104.4,-82.6,-4.6E-02));
#11452 = VECTOR('',#11453,1.);
#11453 = DIRECTION('',(0.,0.,1.));
#11454 = ORIENTED_EDGE('',*,*,#9698,.F.);
#11455 = ORIENTED_EDGE('',*,*,#11449,.F.);
#11456 = CYLINDRICAL_SURFACE('',#11457,1.E-01);
#11457 = AXIS2_PLACEMENT_3D('',#11458,#11459,#11460);
#11458 = CARTESIAN_POINT('',(104.4,-82.5,-4.6E-02));
#11459 = DIRECTION('',(-0.,-0.,-1.));
#11460 = DIRECTION('',(-0.,-1.,0.));
#11461 = ADVANCED_FACE('',(#11462),#11473,.F.);
#11462 = FACE_BOUND('',#11463,.T.);
#11463 = EDGE_LOOP('',(#11464,#11465,#11471,#11472));
#11464 = ORIENTED_EDGE('',*,*,#8350,.T.);
#11465 = ORIENTED_EDGE('',*,*,#11466,.T.);
#11466 = EDGE_CURVE('',#8351,#9710,#11467,.T.);
#11467 = LINE('',#11468,#11469);
#11468 = CARTESIAN_POINT('',(105.7,-82.6,-4.6E-02));
#11469 = VECTOR('',#11470,1.);
#11470 = DIRECTION('',(0.,0.,1.));
#11471 = ORIENTED_EDGE('',*,*,#9709,.F.);
#11472 = ORIENTED_EDGE('',*,*,#11466,.F.);
#11473 = CYLINDRICAL_SURFACE('',#11474,0.1);
#11474 = AXIS2_PLACEMENT_3D('',#11475,#11476,#11477);
#11475 = CARTESIAN_POINT('',(105.7,-82.5,-4.6E-02));
#11476 = DIRECTION('',(-0.,0.,-1.));
#11477 = DIRECTION('',(1.42108547152E-13,-1.,-0.));
#11478 = ADVANCED_FACE('',(#11479),#11490,.F.);
#11479 = FACE_BOUND('',#11480,.T.);
#11480 = EDGE_LOOP('',(#11481,#11482,#11488,#11489));
#11481 = ORIENTED_EDGE('',*,*,#8361,.T.);
#11482 = ORIENTED_EDGE('',*,*,#11483,.T.);
#11483 = EDGE_CURVE('',#8362,#9721,#11484,.T.);
#11484 = LINE('',#11485,#11486);
#11485 = CARTESIAN_POINT('',(104.4,-81.3,-4.6E-02));
#11486 = VECTOR('',#11487,1.);
#11487 = DIRECTION('',(0.,0.,1.));
#11488 = ORIENTED_EDGE('',*,*,#9720,.F.);
#11489 = ORIENTED_EDGE('',*,*,#11483,.F.);
#11490 = CYLINDRICAL_SURFACE('',#11491,1.E-01);
#11491 = AXIS2_PLACEMENT_3D('',#11492,#11493,#11494);
#11492 = CARTESIAN_POINT('',(104.4,-81.2,-4.6E-02));
#11493 = DIRECTION('',(-0.,-0.,-1.));
#11494 = DIRECTION('',(-0.,-1.,0.));
#11495 = ADVANCED_FACE('',(#11496),#11507,.F.);
#11496 = FACE_BOUND('',#11497,.T.);
#11497 = EDGE_LOOP('',(#11498,#11499,#11505,#11506));
#11498 = ORIENTED_EDGE('',*,*,#8372,.T.);
#11499 = ORIENTED_EDGE('',*,*,#11500,.T.);
#11500 = EDGE_CURVE('',#8373,#9732,#11501,.T.);
#11501 = LINE('',#11502,#11503);
#11502 = CARTESIAN_POINT('',(105.7,-81.3,-4.6E-02));
#11503 = VECTOR('',#11504,1.);
#11504 = DIRECTION('',(0.,0.,1.));
#11505 = ORIENTED_EDGE('',*,*,#9731,.F.);
#11506 = ORIENTED_EDGE('',*,*,#11500,.F.);
#11507 = CYLINDRICAL_SURFACE('',#11508,0.1);
#11508 = AXIS2_PLACEMENT_3D('',#11509,#11510,#11511);
#11509 = CARTESIAN_POINT('',(105.7,-81.2,-4.6E-02));
#11510 = DIRECTION('',(-0.,0.,-1.));
#11511 = DIRECTION('',(1.42108547152E-13,-1.,-0.));
#11512 = ADVANCED_FACE('',(#11513),#11524,.F.);
#11513 = FACE_BOUND('',#11514,.T.);
#11514 = EDGE_LOOP('',(#11515,#11516,#11522,#11523));
#11515 = ORIENTED_EDGE('',*,*,#8383,.T.);
#11516 = ORIENTED_EDGE('',*,*,#11517,.T.);
#11517 = EDGE_CURVE('',#8384,#9743,#11518,.T.);
#11518 = LINE('',#11519,#11520);
#11519 = CARTESIAN_POINT('',(107.,-82.6,-4.6E-02));
#11520 = VECTOR('',#11521,1.);
#11521 = DIRECTION('',(0.,0.,1.));
#11522 = ORIENTED_EDGE('',*,*,#9742,.F.);
#11523 = ORIENTED_EDGE('',*,*,#11517,.F.);
#11524 = CYLINDRICAL_SURFACE('',#11525,9.999999999999E-02);
#11525 = AXIS2_PLACEMENT_3D('',#11526,#11527,#11528);
#11526 = CARTESIAN_POINT('',(107.,-82.5,-4.6E-02));
#11527 = DIRECTION('',(-0.,-0.,-1.));
#11528 = DIRECTION('',(-0.,-1.,0.));
#11529 = ADVANCED_FACE('',(#11530),#11541,.F.);
#11530 = FACE_BOUND('',#11531,.T.);
#11531 = EDGE_LOOP('',(#11532,#11533,#11539,#11540));
#11532 = ORIENTED_EDGE('',*,*,#8394,.T.);
#11533 = ORIENTED_EDGE('',*,*,#11534,.T.);
#11534 = EDGE_CURVE('',#8395,#9754,#11535,.T.);
#11535 = LINE('',#11536,#11537);
#11536 = CARTESIAN_POINT('',(107.,-81.3,-4.6E-02));
#11537 = VECTOR('',#11538,1.);
#11538 = DIRECTION('',(0.,0.,1.));
#11539 = ORIENTED_EDGE('',*,*,#9753,.F.);
#11540 = ORIENTED_EDGE('',*,*,#11534,.F.);
#11541 = CYLINDRICAL_SURFACE('',#11542,9.999999999999E-02);
#11542 = AXIS2_PLACEMENT_3D('',#11543,#11544,#11545);
#11543 = CARTESIAN_POINT('',(107.,-81.2,-4.6E-02));
#11544 = DIRECTION('',(-0.,-0.,-1.));
#11545 = DIRECTION('',(-0.,-1.,0.));
#11546 = ADVANCED_FACE('',(#11547),#11558,.F.);
#11547 = FACE_BOUND('',#11548,.T.);
#11548 = EDGE_LOOP('',(#11549,#11550,#11556,#11557));
#11549 = ORIENTED_EDGE('',*,*,#8405,.T.);
#11550 = ORIENTED_EDGE('',*,*,#11551,.T.);
#11551 = EDGE_CURVE('',#8406,#9765,#11552,.T.);
#11552 = LINE('',#11553,#11554);
#11553 = CARTESIAN_POINT('',(115.6,-82.6,-4.6E-02));
#11554 = VECTOR('',#11555,1.);
#11555 = DIRECTION('',(0.,0.,1.));
#11556 = ORIENTED_EDGE('',*,*,#9764,.F.);
#11557 = ORIENTED_EDGE('',*,*,#11551,.F.);
#11558 = CYLINDRICAL_SURFACE('',#11559,0.1);
#11559 = AXIS2_PLACEMENT_3D('',#11560,#11561,#11562);
#11560 = CARTESIAN_POINT('',(115.6,-82.5,-4.6E-02));
#11561 = DIRECTION('',(-0.,-0.,-1.));
#11562 = DIRECTION('',(-0.,-1.,0.));
#11563 = ADVANCED_FACE('',(#11564),#11575,.F.);
#11564 = FACE_BOUND('',#11565,.T.);
#11565 = EDGE_LOOP('',(#11566,#11567,#11573,#11574));
#11566 = ORIENTED_EDGE('',*,*,#8416,.T.);
#11567 = ORIENTED_EDGE('',*,*,#11568,.T.);
#11568 = EDGE_CURVE('',#8417,#9776,#11569,.T.);
#11569 = LINE('',#11570,#11571);
#11570 = CARTESIAN_POINT('',(115.6,-81.3,-4.6E-02));
#11571 = VECTOR('',#11572,1.);
#11572 = DIRECTION('',(0.,0.,1.));
#11573 = ORIENTED_EDGE('',*,*,#9775,.F.);
#11574 = ORIENTED_EDGE('',*,*,#11568,.F.);
#11575 = CYLINDRICAL_SURFACE('',#11576,0.1);
#11576 = AXIS2_PLACEMENT_3D('',#11577,#11578,#11579);
#11577 = CARTESIAN_POINT('',(115.6,-81.2,-4.6E-02));
#11578 = DIRECTION('',(-0.,-0.,-1.));
#11579 = DIRECTION('',(-0.,-1.,0.));
#11580 = ADVANCED_FACE('',(#11581),#11592,.F.);
#11581 = FACE_BOUND('',#11582,.T.);
#11582 = EDGE_LOOP('',(#11583,#11584,#11590,#11591));
#11583 = ORIENTED_EDGE('',*,*,#8427,.T.);
#11584 = ORIENTED_EDGE('',*,*,#11585,.T.);
#11585 = EDGE_CURVE('',#8428,#9787,#11586,.T.);
#11586 = LINE('',#11587,#11588);
#11587 = CARTESIAN_POINT('',(116.9,-82.6,-4.6E-02));
#11588 = VECTOR('',#11589,1.);
#11589 = DIRECTION('',(0.,0.,1.));
#11590 = ORIENTED_EDGE('',*,*,#9786,.F.);
#11591 = ORIENTED_EDGE('',*,*,#11585,.F.);
#11592 = CYLINDRICAL_SURFACE('',#11593,1.E-01);
#11593 = AXIS2_PLACEMENT_3D('',#11594,#11595,#11596);
#11594 = CARTESIAN_POINT('',(116.9,-82.5,-4.6E-02));
#11595 = DIRECTION('',(-0.,-0.,-1.));
#11596 = DIRECTION('',(-0.,-1.,0.));
#11597 = ADVANCED_FACE('',(#11598),#11609,.F.);
#11598 = FACE_BOUND('',#11599,.T.);
#11599 = EDGE_LOOP('',(#11600,#11601,#11607,#11608));
#11600 = ORIENTED_EDGE('',*,*,#8438,.T.);
#11601 = ORIENTED_EDGE('',*,*,#11602,.T.);
#11602 = EDGE_CURVE('',#8439,#9798,#11603,.T.);
#11603 = LINE('',#11604,#11605);
#11604 = CARTESIAN_POINT('',(116.9,-81.3,-4.6E-02));
#11605 = VECTOR('',#11606,1.);
#11606 = DIRECTION('',(0.,0.,1.));
#11607 = ORIENTED_EDGE('',*,*,#9797,.F.);
#11608 = ORIENTED_EDGE('',*,*,#11602,.F.);
#11609 = CYLINDRICAL_SURFACE('',#11610,1.E-01);
#11610 = AXIS2_PLACEMENT_3D('',#11611,#11612,#11613);
#11611 = CARTESIAN_POINT('',(116.9,-81.2,-4.6E-02));
#11612 = DIRECTION('',(-0.,-0.,-1.));
#11613 = DIRECTION('',(-0.,-1.,0.));
#11614 = ADVANCED_FACE('',(#11615),#11626,.F.);
#11615 = FACE_BOUND('',#11616,.T.);
#11616 = EDGE_LOOP('',(#11617,#11618,#11624,#11625));
#11617 = ORIENTED_EDGE('',*,*,#8449,.T.);
#11618 = ORIENTED_EDGE('',*,*,#11619,.T.);
#11619 = EDGE_CURVE('',#8450,#9809,#11620,.T.);
#11620 = LINE('',#11621,#11622);
#11621 = CARTESIAN_POINT('',(118.2,-82.6,-4.6E-02));
#11622 = VECTOR('',#11623,1.);
#11623 = DIRECTION('',(0.,0.,1.));
#11624 = ORIENTED_EDGE('',*,*,#9808,.F.);
#11625 = ORIENTED_EDGE('',*,*,#11619,.F.);
#11626 = CYLINDRICAL_SURFACE('',#11627,0.1);
#11627 = AXIS2_PLACEMENT_3D('',#11628,#11629,#11630);
#11628 = CARTESIAN_POINT('',(118.2,-82.5,-4.6E-02));
#11629 = DIRECTION('',(-0.,0.,-1.));
#11630 = DIRECTION('',(1.42108547152E-13,-1.,-0.));
#11631 = ADVANCED_FACE('',(#11632),#11643,.F.);
#11632 = FACE_BOUND('',#11633,.T.);
#11633 = EDGE_LOOP('',(#11634,#11635,#11641,#11642));
#11634 = ORIENTED_EDGE('',*,*,#8460,.T.);
#11635 = ORIENTED_EDGE('',*,*,#11636,.T.);
#11636 = EDGE_CURVE('',#8461,#9820,#11637,.T.);
#11637 = LINE('',#11638,#11639);
#11638 = CARTESIAN_POINT('',(119.5,-82.6,-4.6E-02));
#11639 = VECTOR('',#11640,1.);
#11640 = DIRECTION('',(0.,0.,1.));
#11641 = ORIENTED_EDGE('',*,*,#9819,.F.);
#11642 = ORIENTED_EDGE('',*,*,#11636,.F.);
#11643 = CYLINDRICAL_SURFACE('',#11644,9.999999999999E-02);
#11644 = AXIS2_PLACEMENT_3D('',#11645,#11646,#11647);
#11645 = CARTESIAN_POINT('',(119.5,-82.5,-4.6E-02));
#11646 = DIRECTION('',(-0.,-0.,-1.));
#11647 = DIRECTION('',(-0.,-1.,0.));
#11648 = ADVANCED_FACE('',(#11649),#11660,.F.);
#11649 = FACE_BOUND('',#11650,.T.);
#11650 = EDGE_LOOP('',(#11651,#11652,#11658,#11659));
#11651 = ORIENTED_EDGE('',*,*,#8471,.T.);
#11652 = ORIENTED_EDGE('',*,*,#11653,.T.);
#11653 = EDGE_CURVE('',#8472,#9831,#11654,.T.);
#11654 = LINE('',#11655,#11656);
#11655 = CARTESIAN_POINT('',(118.2,-81.3,-4.6E-02));
#11656 = VECTOR('',#11657,1.);
#11657 = DIRECTION('',(0.,0.,1.));
#11658 = ORIENTED_EDGE('',*,*,#9830,.F.);
#11659 = ORIENTED_EDGE('',*,*,#11653,.F.);
#11660 = CYLINDRICAL_SURFACE('',#11661,0.1);
#11661 = AXIS2_PLACEMENT_3D('',#11662,#11663,#11664);
#11662 = CARTESIAN_POINT('',(118.2,-81.2,-4.6E-02));
#11663 = DIRECTION('',(-0.,0.,-1.));
#11664 = DIRECTION('',(1.42108547152E-13,-1.,-0.));
#11665 = ADVANCED_FACE('',(#11666),#11677,.F.);
#11666 = FACE_BOUND('',#11667,.T.);
#11667 = EDGE_LOOP('',(#11668,#11669,#11675,#11676));
#11668 = ORIENTED_EDGE('',*,*,#8482,.T.);
#11669 = ORIENTED_EDGE('',*,*,#11670,.T.);
#11670 = EDGE_CURVE('',#8483,#9842,#11671,.T.);
#11671 = LINE('',#11672,#11673);
#11672 = CARTESIAN_POINT('',(119.5,-81.3,-4.6E-02));
#11673 = VECTOR('',#11674,1.);
#11674 = DIRECTION('',(0.,0.,1.));
#11675 = ORIENTED_EDGE('',*,*,#9841,.F.);
#11676 = ORIENTED_EDGE('',*,*,#11670,.F.);
#11677 = CYLINDRICAL_SURFACE('',#11678,9.999999999999E-02);
#11678 = AXIS2_PLACEMENT_3D('',#11679,#11680,#11681);
#11679 = CARTESIAN_POINT('',(119.5,-81.2,-4.6E-02));
#11680 = DIRECTION('',(-0.,-0.,-1.));
#11681 = DIRECTION('',(-0.,-1.,0.));
#11682 = ADVANCED_FACE('',(#11683),#11694,.F.);
#11683 = FACE_BOUND('',#11684,.T.);
#11684 = EDGE_LOOP('',(#11685,#11686,#11692,#11693));
#11685 = ORIENTED_EDGE('',*,*,#8493,.T.);
#11686 = ORIENTED_EDGE('',*,*,#11687,.T.);
#11687 = EDGE_CURVE('',#8494,#9853,#11688,.T.);
#11688 = LINE('',#11689,#11690);
#11689 = CARTESIAN_POINT('',(85.735,-76.6225,-4.6E-02));
#11690 = VECTOR('',#11691,1.);
#11691 = DIRECTION('',(0.,0.,1.));
#11692 = ORIENTED_EDGE('',*,*,#9852,.F.);
#11693 = ORIENTED_EDGE('',*,*,#11687,.F.);
#11694 = CYLINDRICAL_SURFACE('',#11695,0.6);
#11695 = AXIS2_PLACEMENT_3D('',#11696,#11697,#11698);
#11696 = CARTESIAN_POINT('',(85.735,-76.0225,-4.6E-02));
#11697 = DIRECTION('',(-0.,-0.,-1.));
#11698 = DIRECTION('',(-0.,-1.,0.));
#11699 = ADVANCED_FACE('',(#11700),#11711,.F.);
#11700 = FACE_BOUND('',#11701,.T.);
#11701 = EDGE_LOOP('',(#11702,#11703,#11709,#11710));
#11702 = ORIENTED_EDGE('',*,*,#8504,.T.);
#11703 = ORIENTED_EDGE('',*,*,#11704,.T.);
#11704 = EDGE_CURVE('',#8505,#9864,#11705,.T.);
#11705 = LINE('',#11706,#11707);
#11706 = CARTESIAN_POINT('',(85.735,-74.0825,-4.6E-02));
#11707 = VECTOR('',#11708,1.);
#11708 = DIRECTION('',(0.,0.,1.));
#11709 = ORIENTED_EDGE('',*,*,#9863,.F.);
#11710 = ORIENTED_EDGE('',*,*,#11704,.F.);
#11711 = CYLINDRICAL_SURFACE('',#11712,0.6);
#11712 = AXIS2_PLACEMENT_3D('',#11713,#11714,#11715);
#11713 = CARTESIAN_POINT('',(85.735,-73.4825,-4.6E-02));
#11714 = DIRECTION('',(-0.,-0.,-1.));
#11715 = DIRECTION('',(-0.,-1.,0.));
#11716 = ADVANCED_FACE('',(#11717),#11728,.F.);
#11717 = FACE_BOUND('',#11718,.T.);
#11718 = EDGE_LOOP('',(#11719,#11720,#11726,#11727));
#11719 = ORIENTED_EDGE('',*,*,#8515,.T.);
#11720 = ORIENTED_EDGE('',*,*,#11721,.T.);
#11721 = EDGE_CURVE('',#8516,#9875,#11722,.T.);
#11722 = LINE('',#11723,#11724);
#11723 = CARTESIAN_POINT('',(83.,-68.25,-4.6E-02));
#11724 = VECTOR('',#11725,1.);
#11725 = DIRECTION('',(0.,0.,1.));
#11726 = ORIENTED_EDGE('',*,*,#9874,.F.);
#11727 = ORIENTED_EDGE('',*,*,#11721,.F.);
#11728 = CYLINDRICAL_SURFACE('',#11729,1.25);
#11729 = AXIS2_PLACEMENT_3D('',#11730,#11731,#11732);
#11730 = CARTESIAN_POINT('',(83.,-67.,-4.6E-02));
#11731 = DIRECTION('',(-0.,-0.,-1.));
#11732 = DIRECTION('',(-0.,-1.,0.));
#11733 = ADVANCED_FACE('',(#11734),#11745,.F.);
#11734 = FACE_BOUND('',#11735,.T.);
#11735 = EDGE_LOOP('',(#11736,#11737,#11743,#11744));
#11736 = ORIENTED_EDGE('',*,*,#8526,.T.);
#11737 = ORIENTED_EDGE('',*,*,#11738,.T.);
#11738 = EDGE_CURVE('',#8527,#9886,#11739,.T.);
#11739 = LINE('',#11740,#11741);
#11740 = CARTESIAN_POINT('',(94.,-69.1,-4.6E-02));
#11741 = VECTOR('',#11742,1.);
#11742 = DIRECTION('',(0.,0.,1.));
#11743 = ORIENTED_EDGE('',*,*,#9885,.F.);
#11744 = ORIENTED_EDGE('',*,*,#11738,.F.);
#11745 = CYLINDRICAL_SURFACE('',#11746,0.6);
#11746 = AXIS2_PLACEMENT_3D('',#11747,#11748,#11749);
#11747 = CARTESIAN_POINT('',(94.,-68.5,-4.6E-02));
#11748 = DIRECTION('',(-0.,-0.,-1.));
#11749 = DIRECTION('',(-0.,-1.,0.));
#11750 = ADVANCED_FACE('',(#11751),#11762,.F.);
#11751 = FACE_BOUND('',#11752,.T.);
#11752 = EDGE_LOOP('',(#11753,#11754,#11760,#11761));
#11753 = ORIENTED_EDGE('',*,*,#8537,.T.);
#11754 = ORIENTED_EDGE('',*,*,#11755,.T.);
#11755 = EDGE_CURVE('',#8538,#9897,#11756,.T.);
#11756 = LINE('',#11757,#11758);
#11757 = CARTESIAN_POINT('',(96.54,-69.1,-4.6E-02));
#11758 = VECTOR('',#11759,1.);
#11759 = DIRECTION('',(0.,0.,1.));
#11760 = ORIENTED_EDGE('',*,*,#9896,.F.);
#11761 = ORIENTED_EDGE('',*,*,#11755,.F.);
#11762 = CYLINDRICAL_SURFACE('',#11763,0.6);
#11763 = AXIS2_PLACEMENT_3D('',#11764,#11765,#11766);
#11764 = CARTESIAN_POINT('',(96.54,-68.5,-4.6E-02));
#11765 = DIRECTION('',(-0.,0.,-1.));
#11766 = DIRECTION('',(2.368475785867E-14,-1.,-0.));
#11767 = ADVANCED_FACE('',(#11768),#11779,.F.);
#11768 = FACE_BOUND('',#11769,.T.);
#11769 = EDGE_LOOP('',(#11770,#11771,#11777,#11778));
#11770 = ORIENTED_EDGE('',*,*,#8548,.T.);
#11771 = ORIENTED_EDGE('',*,*,#11772,.T.);
#11772 = EDGE_CURVE('',#8549,#9908,#11773,.T.);
#11773 = LINE('',#11774,#11775);
#11774 = CARTESIAN_POINT('',(103.46,-68.6,-4.6E-02));
#11775 = VECTOR('',#11776,1.);
#11776 = DIRECTION('',(0.,0.,1.));
#11777 = ORIENTED_EDGE('',*,*,#9907,.F.);
#11778 = ORIENTED_EDGE('',*,*,#11772,.F.);
#11779 = CYLINDRICAL_SURFACE('',#11780,0.6);
#11780 = AXIS2_PLACEMENT_3D('',#11781,#11782,#11783);
#11781 = CARTESIAN_POINT('',(103.46,-68.,-4.6E-02));
#11782 = DIRECTION('',(-0.,-0.,-1.));
#11783 = DIRECTION('',(-2.368475785867E-14,-1.,0.));
#11784 = ADVANCED_FACE('',(#11785),#11796,.F.);
#11785 = FACE_BOUND('',#11786,.T.);
#11786 = EDGE_LOOP('',(#11787,#11788,#11794,#11795));
#11787 = ORIENTED_EDGE('',*,*,#8559,.T.);
#11788 = ORIENTED_EDGE('',*,*,#11789,.T.);
#11789 = EDGE_CURVE('',#8560,#9919,#11790,.T.);
#11790 = LINE('',#11791,#11792);
#11791 = CARTESIAN_POINT('',(106.,-68.6,-4.6E-02));
#11792 = VECTOR('',#11793,1.);
#11793 = DIRECTION('',(0.,0.,1.));
#11794 = ORIENTED_EDGE('',*,*,#9918,.F.);
#11795 = ORIENTED_EDGE('',*,*,#11789,.F.);
#11796 = CYLINDRICAL_SURFACE('',#11797,0.6);
#11797 = AXIS2_PLACEMENT_3D('',#11798,#11799,#11800);
#11798 = CARTESIAN_POINT('',(106.,-68.,-4.6E-02));
#11799 = DIRECTION('',(-0.,-0.,-1.));
#11800 = DIRECTION('',(-0.,-1.,0.));
#11801 = ADVANCED_FACE('',(#11802),#11813,.F.);
#11802 = FACE_BOUND('',#11803,.T.);
#11803 = EDGE_LOOP('',(#11804,#11805,#11811,#11812));
#11804 = ORIENTED_EDGE('',*,*,#8570,.T.);
#11805 = ORIENTED_EDGE('',*,*,#11806,.T.);
#11806 = EDGE_CURVE('',#8571,#9930,#11807,.T.);
#11807 = LINE('',#11808,#11809);
#11808 = CARTESIAN_POINT('',(108.54,-68.6,-4.6E-02));
#11809 = VECTOR('',#11810,1.);
#11810 = DIRECTION('',(0.,0.,1.));
#11811 = ORIENTED_EDGE('',*,*,#9929,.F.);
#11812 = ORIENTED_EDGE('',*,*,#11806,.F.);
#11813 = CYLINDRICAL_SURFACE('',#11814,0.6);
#11814 = AXIS2_PLACEMENT_3D('',#11815,#11816,#11817);
#11815 = CARTESIAN_POINT('',(108.54,-68.,-4.6E-02));
#11816 = DIRECTION('',(-0.,0.,-1.));
#11817 = DIRECTION('',(2.368475785867E-14,-1.,-0.));
#11818 = ADVANCED_FACE('',(#11819),#11830,.F.);
#11819 = FACE_BOUND('',#11820,.T.);
#11820 = EDGE_LOOP('',(#11821,#11822,#11828,#11829));
#11821 = ORIENTED_EDGE('',*,*,#8581,.T.);
#11822 = ORIENTED_EDGE('',*,*,#11823,.T.);
#11823 = EDGE_CURVE('',#8582,#9941,#11824,.T.);
#11824 = LINE('',#11825,#11826);
#11825 = CARTESIAN_POINT('',(121.23,-88.28,-4.6E-02));
#11826 = VECTOR('',#11827,1.);
#11827 = DIRECTION('',(0.,0.,1.));
#11828 = ORIENTED_EDGE('',*,*,#9940,.F.);
#11829 = ORIENTED_EDGE('',*,*,#11823,.F.);
#11830 = CYLINDRICAL_SURFACE('',#11831,0.4);
#11831 = AXIS2_PLACEMENT_3D('',#11832,#11833,#11834);
#11832 = CARTESIAN_POINT('',(121.23,-87.88,-4.6E-02));
#11833 = DIRECTION('',(-0.,0.,-1.));
#11834 = DIRECTION('',(3.5527136788E-14,-1.,-0.));
#11835 = ADVANCED_FACE('',(#11836),#11847,.F.);
#11836 = FACE_BOUND('',#11837,.T.);
#11837 = EDGE_LOOP('',(#11838,#11839,#11845,#11846));
#11838 = ORIENTED_EDGE('',*,*,#8592,.T.);
#11839 = ORIENTED_EDGE('',*,*,#11840,.T.);
#11840 = EDGE_CURVE('',#8593,#9952,#11841,.T.);
#11841 = LINE('',#11842,#11843);
#11842 = CARTESIAN_POINT('',(123.77,-88.28,-4.6E-02));
#11843 = VECTOR('',#11844,1.);
#11844 = DIRECTION('',(0.,0.,1.));
#11845 = ORIENTED_EDGE('',*,*,#9951,.F.);
#11846 = ORIENTED_EDGE('',*,*,#11840,.F.);
#11847 = CYLINDRICAL_SURFACE('',#11848,0.4);
#11848 = AXIS2_PLACEMENT_3D('',#11849,#11850,#11851);
#11849 = CARTESIAN_POINT('',(123.77,-87.88,-4.6E-02));
#11850 = DIRECTION('',(-0.,-0.,-1.));
#11851 = DIRECTION('',(-3.552713678801E-14,-1.,0.));
#11852 = ADVANCED_FACE('',(#11853),#11864,.F.);
#11853 = FACE_BOUND('',#11854,.T.);
#11854 = EDGE_LOOP('',(#11855,#11856,#11862,#11863));
#11855 = ORIENTED_EDGE('',*,*,#8603,.T.);
#11856 = ORIENTED_EDGE('',*,*,#11857,.T.);
#11857 = EDGE_CURVE('',#8604,#9963,#11858,.T.);
#11858 = LINE('',#11859,#11860);
#11859 = CARTESIAN_POINT('',(126.31,-88.28,-4.6E-02));
#11860 = VECTOR('',#11861,1.);
#11861 = DIRECTION('',(0.,0.,1.));
#11862 = ORIENTED_EDGE('',*,*,#9962,.F.);
#11863 = ORIENTED_EDGE('',*,*,#11857,.F.);
#11864 = CYLINDRICAL_SURFACE('',#11865,0.4);
#11865 = AXIS2_PLACEMENT_3D('',#11866,#11867,#11868);
#11866 = CARTESIAN_POINT('',(126.31,-87.88,-4.6E-02));
#11867 = DIRECTION('',(-0.,-0.,-1.));
#11868 = DIRECTION('',(-0.,-1.,0.));
#11869 = ADVANCED_FACE('',(#11870),#11881,.F.);
#11870 = FACE_BOUND('',#11871,.T.);
#11871 = EDGE_LOOP('',(#11872,#11873,#11879,#11880));
#11872 = ORIENTED_EDGE('',*,*,#8614,.T.);
#11873 = ORIENTED_EDGE('',*,*,#11874,.T.);
#11874 = EDGE_CURVE('',#8615,#9974,#11875,.T.);
#11875 = LINE('',#11876,#11877);
#11876 = CARTESIAN_POINT('',(128.85,-88.28,-4.6E-02));
#11877 = VECTOR('',#11878,1.);
#11878 = DIRECTION('',(0.,0.,1.));
#11879 = ORIENTED_EDGE('',*,*,#9973,.F.);
#11880 = ORIENTED_EDGE('',*,*,#11874,.F.);
#11881 = CYLINDRICAL_SURFACE('',#11882,0.4);
#11882 = AXIS2_PLACEMENT_3D('',#11883,#11884,#11885);
#11883 = CARTESIAN_POINT('',(128.85,-87.88,-4.6E-02));
#11884 = DIRECTION('',(-0.,-0.,-1.));
#11885 = DIRECTION('',(-0.,-1.,0.));
#11886 = ADVANCED_FACE('',(#11887),#11898,.F.);
#11887 = FACE_BOUND('',#11888,.T.);
#11888 = EDGE_LOOP('',(#11889,#11890,#11896,#11897));
#11889 = ORIENTED_EDGE('',*,*,#8625,.T.);
#11890 = ORIENTED_EDGE('',*,*,#11891,.T.);
#11891 = EDGE_CURVE('',#8626,#9985,#11892,.T.);
#11892 = LINE('',#11893,#11894);
#11893 = CARTESIAN_POINT('',(131.39,-88.28,-4.6E-02));
#11894 = VECTOR('',#11895,1.);
#11895 = DIRECTION('',(0.,0.,1.));
#11896 = ORIENTED_EDGE('',*,*,#9984,.F.);
#11897 = ORIENTED_EDGE('',*,*,#11891,.F.);
#11898 = CYLINDRICAL_SURFACE('',#11899,0.4);
#11899 = AXIS2_PLACEMENT_3D('',#11900,#11901,#11902);
#11900 = CARTESIAN_POINT('',(131.39,-87.88,-4.6E-02));
#11901 = DIRECTION('',(-0.,-0.,-1.));
#11902 = DIRECTION('',(-0.,-1.,0.));
#11903 = ADVANCED_FACE('',(#11904),#11915,.F.);
#11904 = FACE_BOUND('',#11905,.T.);
#11905 = EDGE_LOOP('',(#11906,#11907,#11913,#11914));
#11906 = ORIENTED_EDGE('',*,*,#8636,.T.);
#11907 = ORIENTED_EDGE('',*,*,#11908,.T.);
#11908 = EDGE_CURVE('',#8637,#9996,#11909,.T.);
#11909 = LINE('',#11910,#11911);
#11910 = CARTESIAN_POINT('',(133.93,-88.28,-4.6E-02));
#11911 = VECTOR('',#11912,1.);
#11912 = DIRECTION('',(0.,0.,1.));
#11913 = ORIENTED_EDGE('',*,*,#9995,.F.);
#11914 = ORIENTED_EDGE('',*,*,#11908,.F.);
#11915 = CYLINDRICAL_SURFACE('',#11916,0.4);
#11916 = AXIS2_PLACEMENT_3D('',#11917,#11918,#11919);
#11917 = CARTESIAN_POINT('',(133.93,-87.88,-4.6E-02));
#11918 = DIRECTION('',(-0.,-0.,-1.));
#11919 = DIRECTION('',(-0.,-1.,0.));
#11920 = ADVANCED_FACE('',(#11921),#11932,.F.);
#11921 = FACE_BOUND('',#11922,.T.);
#11922 = EDGE_LOOP('',(#11923,#11924,#11930,#11931));
#11923 = ORIENTED_EDGE('',*,*,#8647,.T.);
#11924 = ORIENTED_EDGE('',*,*,#11925,.T.);
#11925 = EDGE_CURVE('',#8648,#10007,#11926,.T.);
#11926 = LINE('',#11927,#11928);
#11927 = CARTESIAN_POINT('',(136.47,-88.28,-4.6E-02));
#11928 = VECTOR('',#11929,1.);
#11929 = DIRECTION('',(0.,0.,1.));
#11930 = ORIENTED_EDGE('',*,*,#10006,.F.);
#11931 = ORIENTED_EDGE('',*,*,#11925,.F.);
#11932 = CYLINDRICAL_SURFACE('',#11933,0.4);
#11933 = AXIS2_PLACEMENT_3D('',#11934,#11935,#11936);
#11934 = CARTESIAN_POINT('',(136.47,-87.88,-4.6E-02));
#11935 = DIRECTION('',(-0.,-0.,-1.));
#11936 = DIRECTION('',(-0.,-1.,0.));
#11937 = ADVANCED_FACE('',(#11938),#11949,.F.);
#11938 = FACE_BOUND('',#11939,.T.);
#11939 = EDGE_LOOP('',(#11940,#11941,#11947,#11948));
#11940 = ORIENTED_EDGE('',*,*,#8658,.T.);
#11941 = ORIENTED_EDGE('',*,*,#11942,.T.);
#11942 = EDGE_CURVE('',#8659,#10018,#11943,.T.);
#11943 = LINE('',#11944,#11945);
#11944 = CARTESIAN_POINT('',(139.01,-88.28,-4.6E-02));
#11945 = VECTOR('',#11946,1.);
#11946 = DIRECTION('',(0.,0.,1.));
#11947 = ORIENTED_EDGE('',*,*,#10017,.F.);
#11948 = ORIENTED_EDGE('',*,*,#11942,.F.);
#11949 = CYLINDRICAL_SURFACE('',#11950,0.4);
#11950 = AXIS2_PLACEMENT_3D('',#11951,#11952,#11953);
#11951 = CARTESIAN_POINT('',(139.01,-87.88,-4.6E-02));
#11952 = DIRECTION('',(-0.,-0.,-1.));
#11953 = DIRECTION('',(-0.,-1.,0.));
#11954 = ADVANCED_FACE('',(#11955),#11966,.F.);
#11955 = FACE_BOUND('',#11956,.T.);
#11956 = EDGE_LOOP('',(#11957,#11958,#11964,#11965));
#11957 = ORIENTED_EDGE('',*,*,#8669,.T.);
#11958 = ORIENTED_EDGE('',*,*,#11959,.T.);
#11959 = EDGE_CURVE('',#8670,#10029,#11960,.T.);
#11960 = LINE('',#11961,#11962);
#11961 = CARTESIAN_POINT('',(124.63,-82.3,-4.6E-02));
#11962 = VECTOR('',#11963,1.);
#11963 = DIRECTION('',(0.,0.,1.));
#11964 = ORIENTED_EDGE('',*,*,#10028,.F.);
#11965 = ORIENTED_EDGE('',*,*,#11959,.F.);
#11966 = CYLINDRICAL_SURFACE('',#11967,0.6);
#11967 = AXIS2_PLACEMENT_3D('',#11968,#11969,#11970);
#11968 = CARTESIAN_POINT('',(124.63,-81.7,-4.6E-02));
#11969 = DIRECTION('',(-0.,-0.,-1.));
#11970 = DIRECTION('',(-0.,-1.,0.));
#11971 = ADVANCED_FACE('',(#11972),#11983,.F.);
#11972 = FACE_BOUND('',#11973,.T.);
#11973 = EDGE_LOOP('',(#11974,#11975,#11981,#11982));
#11974 = ORIENTED_EDGE('',*,*,#8680,.T.);
#11975 = ORIENTED_EDGE('',*,*,#11976,.T.);
#11976 = EDGE_CURVE('',#8681,#10040,#11977,.T.);
#11977 = LINE('',#11978,#11979);
#11978 = CARTESIAN_POINT('',(127.17,-82.3,-4.6E-02));
#11979 = VECTOR('',#11980,1.);
#11980 = DIRECTION('',(0.,0.,1.));
#11981 = ORIENTED_EDGE('',*,*,#10039,.F.);
#11982 = ORIENTED_EDGE('',*,*,#11976,.F.);
#11983 = CYLINDRICAL_SURFACE('',#11984,0.6);
#11984 = AXIS2_PLACEMENT_3D('',#11985,#11986,#11987);
#11985 = CARTESIAN_POINT('',(127.17,-81.7,-4.6E-02));
#11986 = DIRECTION('',(-0.,0.,-1.));
#11987 = DIRECTION('',(2.368475785867E-14,-1.,-0.));
#11988 = ADVANCED_FACE('',(#11989),#12000,.F.);
#11989 = FACE_BOUND('',#11990,.T.);
#11990 = EDGE_LOOP('',(#11991,#11992,#11998,#11999));
#11991 = ORIENTED_EDGE('',*,*,#8691,.T.);
#11992 = ORIENTED_EDGE('',*,*,#11993,.T.);
#11993 = EDGE_CURVE('',#8692,#10051,#11994,.T.);
#11994 = LINE('',#11995,#11996);
#11995 = CARTESIAN_POINT('',(129.71,-82.3,-4.6E-02));
#11996 = VECTOR('',#11997,1.);
#11997 = DIRECTION('',(0.,0.,1.));
#11998 = ORIENTED_EDGE('',*,*,#10050,.F.);
#11999 = ORIENTED_EDGE('',*,*,#11993,.F.);
#12000 = CYLINDRICAL_SURFACE('',#12001,0.6);
#12001 = AXIS2_PLACEMENT_3D('',#12002,#12003,#12004);
#12002 = CARTESIAN_POINT('',(129.71,-81.7,-4.6E-02));
#12003 = DIRECTION('',(-0.,-0.,-1.));
#12004 = DIRECTION('',(-0.,-1.,0.));
#12005 = ADVANCED_FACE('',(#12006),#12017,.F.);
#12006 = FACE_BOUND('',#12007,.T.);
#12007 = EDGE_LOOP('',(#12008,#12009,#12015,#12016));
#12008 = ORIENTED_EDGE('',*,*,#8702,.T.);
#12009 = ORIENTED_EDGE('',*,*,#12010,.T.);
#12010 = EDGE_CURVE('',#8703,#10062,#12011,.T.);
#12011 = LINE('',#12012,#12013);
#12012 = CARTESIAN_POINT('',(135.13,-82.3,-4.6E-02));
#12013 = VECTOR('',#12014,1.);
#12014 = DIRECTION('',(0.,0.,1.));
#12015 = ORIENTED_EDGE('',*,*,#10061,.F.);
#12016 = ORIENTED_EDGE('',*,*,#12010,.F.);
#12017 = CYLINDRICAL_SURFACE('',#12018,0.6);
#12018 = AXIS2_PLACEMENT_3D('',#12019,#12020,#12021);
#12019 = CARTESIAN_POINT('',(135.13,-81.7,-4.6E-02));
#12020 = DIRECTION('',(-0.,-0.,-1.));
#12021 = DIRECTION('',(-0.,-1.,0.));
#12022 = ADVANCED_FACE('',(#12023),#12034,.F.);
#12023 = FACE_BOUND('',#12024,.T.);
#12024 = EDGE_LOOP('',(#12025,#12026,#12032,#12033));
#12025 = ORIENTED_EDGE('',*,*,#8713,.T.);
#12026 = ORIENTED_EDGE('',*,*,#12027,.T.);
#12027 = EDGE_CURVE('',#8714,#10073,#12028,.T.);
#12028 = LINE('',#12029,#12030);
#12029 = CARTESIAN_POINT('',(137.67,-82.3,-4.6E-02));
#12030 = VECTOR('',#12031,1.);
#12031 = DIRECTION('',(0.,0.,1.));
#12032 = ORIENTED_EDGE('',*,*,#10072,.F.);
#12033 = ORIENTED_EDGE('',*,*,#12027,.F.);
#12034 = CYLINDRICAL_SURFACE('',#12035,0.6);
#12035 = AXIS2_PLACEMENT_3D('',#12036,#12037,#12038);
#12036 = CARTESIAN_POINT('',(137.67,-81.7,-4.6E-02));
#12037 = DIRECTION('',(-0.,-0.,-1.));
#12038 = DIRECTION('',(-4.736951571734E-14,-1.,0.));
#12039 = ADVANCED_FACE('',(#12040),#12051,.F.);
#12040 = FACE_BOUND('',#12041,.T.);
#12041 = EDGE_LOOP('',(#12042,#12043,#12049,#12050));
#12042 = ORIENTED_EDGE('',*,*,#8724,.T.);
#12043 = ORIENTED_EDGE('',*,*,#12044,.T.);
#12044 = EDGE_CURVE('',#8725,#10084,#12045,.T.);
#12045 = LINE('',#12046,#12047);
#12046 = CARTESIAN_POINT('',(141.55,-88.28,-4.6E-02));
#12047 = VECTOR('',#12048,1.);
#12048 = DIRECTION('',(0.,0.,1.));
#12049 = ORIENTED_EDGE('',*,*,#10083,.F.);
#12050 = ORIENTED_EDGE('',*,*,#12044,.F.);
#12051 = CYLINDRICAL_SURFACE('',#12052,0.4);
#12052 = AXIS2_PLACEMENT_3D('',#12053,#12054,#12055);
#12053 = CARTESIAN_POINT('',(141.55,-87.88,-4.6E-02));
#12054 = DIRECTION('',(-0.,-0.,-1.));
#12055 = DIRECTION('',(-0.,-1.,0.));
#12056 = ADVANCED_FACE('',(#12057),#12068,.F.);
#12057 = FACE_BOUND('',#12058,.T.);
#12058 = EDGE_LOOP('',(#12059,#12060,#12066,#12067));
#12059 = ORIENTED_EDGE('',*,*,#8735,.T.);
#12060 = ORIENTED_EDGE('',*,*,#12061,.T.);
#12061 = EDGE_CURVE('',#8736,#10095,#12062,.T.);
#12062 = LINE('',#12063,#12064);
#12063 = CARTESIAN_POINT('',(144.09,-88.28,-4.6E-02));
#12064 = VECTOR('',#12065,1.);
#12065 = DIRECTION('',(0.,0.,1.));
#12066 = ORIENTED_EDGE('',*,*,#10094,.F.);
#12067 = ORIENTED_EDGE('',*,*,#12061,.F.);
#12068 = CYLINDRICAL_SURFACE('',#12069,0.4);
#12069 = AXIS2_PLACEMENT_3D('',#12070,#12071,#12072);
#12070 = CARTESIAN_POINT('',(144.09,-87.88,-4.6E-02));
#12071 = DIRECTION('',(-0.,-0.,-1.));
#12072 = DIRECTION('',(-0.,-1.,0.));
#12073 = ADVANCED_FACE('',(#12074),#12085,.F.);
#12074 = FACE_BOUND('',#12075,.T.);
#12075 = EDGE_LOOP('',(#12076,#12077,#12083,#12084));
#12076 = ORIENTED_EDGE('',*,*,#8746,.T.);
#12077 = ORIENTED_EDGE('',*,*,#12078,.T.);
#12078 = EDGE_CURVE('',#8747,#10106,#12079,.T.);
#12079 = LINE('',#12080,#12081);
#12080 = CARTESIAN_POINT('',(146.63,-88.28,-4.6E-02));
#12081 = VECTOR('',#12082,1.);
#12082 = DIRECTION('',(0.,0.,1.));
#12083 = ORIENTED_EDGE('',*,*,#10105,.F.);
#12084 = ORIENTED_EDGE('',*,*,#12078,.F.);
#12085 = CYLINDRICAL_SURFACE('',#12086,0.4);
#12086 = AXIS2_PLACEMENT_3D('',#12087,#12088,#12089);
#12087 = CARTESIAN_POINT('',(146.63,-87.88,-4.6E-02));
#12088 = DIRECTION('',(-0.,-0.,-1.));
#12089 = DIRECTION('',(-0.,-1.,0.));
#12090 = ADVANCED_FACE('',(#12091),#12102,.F.);
#12091 = FACE_BOUND('',#12092,.T.);
#12092 = EDGE_LOOP('',(#12093,#12094,#12100,#12101));
#12093 = ORIENTED_EDGE('',*,*,#8757,.T.);
#12094 = ORIENTED_EDGE('',*,*,#12095,.T.);
#12095 = EDGE_CURVE('',#8758,#10117,#12096,.T.);
#12096 = LINE('',#12097,#12098);
#12097 = CARTESIAN_POINT('',(149.17,-88.28,-4.6E-02));
#12098 = VECTOR('',#12099,1.);
#12099 = DIRECTION('',(0.,0.,1.));
#12100 = ORIENTED_EDGE('',*,*,#10116,.F.);
#12101 = ORIENTED_EDGE('',*,*,#12095,.F.);
#12102 = CYLINDRICAL_SURFACE('',#12103,0.4);
#12103 = AXIS2_PLACEMENT_3D('',#12104,#12105,#12106);
#12104 = CARTESIAN_POINT('',(149.17,-87.88,-4.6E-02));
#12105 = DIRECTION('',(-0.,-0.,-1.));
#12106 = DIRECTION('',(-7.105427357601E-14,-1.,0.));
#12107 = ADVANCED_FACE('',(#12108),#12119,.F.);
#12108 = FACE_BOUND('',#12109,.T.);
#12109 = EDGE_LOOP('',(#12110,#12111,#12117,#12118));
#12110 = ORIENTED_EDGE('',*,*,#8768,.T.);
#12111 = ORIENTED_EDGE('',*,*,#12112,.T.);
#12112 = EDGE_CURVE('',#8769,#10128,#12113,.T.);
#12113 = LINE('',#12114,#12115);
#12114 = CARTESIAN_POINT('',(151.71,-88.28,-4.6E-02));
#12115 = VECTOR('',#12116,1.);
#12116 = DIRECTION('',(0.,0.,1.));
#12117 = ORIENTED_EDGE('',*,*,#10127,.F.);
#12118 = ORIENTED_EDGE('',*,*,#12112,.F.);
#12119 = CYLINDRICAL_SURFACE('',#12120,0.4);
#12120 = AXIS2_PLACEMENT_3D('',#12121,#12122,#12123);
#12121 = CARTESIAN_POINT('',(151.71,-87.88,-4.6E-02));
#12122 = DIRECTION('',(-0.,-0.,-1.));
#12123 = DIRECTION('',(-0.,-1.,0.));
#12124 = ADVANCED_FACE('',(#12125),#12136,.F.);
#12125 = FACE_BOUND('',#12126,.T.);
#12126 = EDGE_LOOP('',(#12127,#12128,#12134,#12135));
#12127 = ORIENTED_EDGE('',*,*,#8779,.T.);
#12128 = ORIENTED_EDGE('',*,*,#12129,.T.);
#12129 = EDGE_CURVE('',#8780,#10139,#12130,.T.);
#12130 = LINE('',#12131,#12132);
#12131 = CARTESIAN_POINT('',(158.,-88.225,-4.6E-02));
#12132 = VECTOR('',#12133,1.);
#12133 = DIRECTION('',(0.,0.,1.));
#12134 = ORIENTED_EDGE('',*,*,#10138,.F.);
#12135 = ORIENTED_EDGE('',*,*,#12129,.F.);
#12136 = CYLINDRICAL_SURFACE('',#12137,0.925);
#12137 = AXIS2_PLACEMENT_3D('',#12138,#12139,#12140);
#12138 = CARTESIAN_POINT('',(158.,-87.3,-4.6E-02));
#12139 = DIRECTION('',(-0.,-0.,-1.));
#12140 = DIRECTION('',(-0.,-1.,0.));
#12141 = ADVANCED_FACE('',(#12142),#12153,.F.);
#12142 = FACE_BOUND('',#12143,.T.);
#12143 = EDGE_LOOP('',(#12144,#12145,#12151,#12152));
#12144 = ORIENTED_EDGE('',*,*,#8790,.T.);
#12145 = ORIENTED_EDGE('',*,*,#12146,.T.);
#12146 = EDGE_CURVE('',#8791,#10150,#12147,.T.);
#12147 = LINE('',#12148,#12149);
#12148 = CARTESIAN_POINT('',(140.21,-82.3,-4.6E-02));
#12149 = VECTOR('',#12150,1.);
#12150 = DIRECTION('',(0.,0.,1.));
#12151 = ORIENTED_EDGE('',*,*,#10149,.F.);
#12152 = ORIENTED_EDGE('',*,*,#12146,.F.);
#12153 = CYLINDRICAL_SURFACE('',#12154,0.6);
#12154 = AXIS2_PLACEMENT_3D('',#12155,#12156,#12157);
#12155 = CARTESIAN_POINT('',(140.21,-81.7,-4.6E-02));
#12156 = DIRECTION('',(-0.,-0.,-1.));
#12157 = DIRECTION('',(-0.,-1.,0.));
#12158 = ADVANCED_FACE('',(#12159),#12170,.F.);
#12159 = FACE_BOUND('',#12160,.T.);
#12160 = EDGE_LOOP('',(#12161,#12162,#12168,#12169));
#12161 = ORIENTED_EDGE('',*,*,#8801,.T.);
#12162 = ORIENTED_EDGE('',*,*,#12163,.T.);
#12163 = EDGE_CURVE('',#8802,#10161,#12164,.T.);
#12164 = LINE('',#12165,#12166);
#12165 = CARTESIAN_POINT('',(145.63,-82.3,-4.6E-02));
#12166 = VECTOR('',#12167,1.);
#12167 = DIRECTION('',(0.,0.,1.));
#12168 = ORIENTED_EDGE('',*,*,#10160,.F.);
#12169 = ORIENTED_EDGE('',*,*,#12163,.F.);
#12170 = CYLINDRICAL_SURFACE('',#12171,0.6);
#12171 = AXIS2_PLACEMENT_3D('',#12172,#12173,#12174);
#12172 = CARTESIAN_POINT('',(145.63,-81.7,-4.6E-02));
#12173 = DIRECTION('',(-0.,-0.,-1.));
#12174 = DIRECTION('',(-0.,-1.,0.));
#12175 = ADVANCED_FACE('',(#12176),#12187,.F.);
#12176 = FACE_BOUND('',#12177,.T.);
#12177 = EDGE_LOOP('',(#12178,#12179,#12185,#12186));
#12178 = ORIENTED_EDGE('',*,*,#8812,.T.);
#12179 = ORIENTED_EDGE('',*,*,#12180,.T.);
#12180 = EDGE_CURVE('',#8813,#10172,#12181,.T.);
#12181 = LINE('',#12182,#12183);
#12182 = CARTESIAN_POINT('',(148.17,-82.3,-4.6E-02));
#12183 = VECTOR('',#12184,1.);
#12184 = DIRECTION('',(0.,0.,1.));
#12185 = ORIENTED_EDGE('',*,*,#10171,.F.);
#12186 = ORIENTED_EDGE('',*,*,#12180,.F.);
#12187 = CYLINDRICAL_SURFACE('',#12188,0.6);
#12188 = AXIS2_PLACEMENT_3D('',#12189,#12190,#12191);
#12189 = CARTESIAN_POINT('',(148.17,-81.7,-4.6E-02));
#12190 = DIRECTION('',(-0.,-0.,-1.));
#12191 = DIRECTION('',(-4.736951571734E-14,-1.,0.));
#12192 = ADVANCED_FACE('',(#12193),#12204,.F.);
#12193 = FACE_BOUND('',#12194,.T.);
#12194 = EDGE_LOOP('',(#12195,#12196,#12202,#12203));
#12195 = ORIENTED_EDGE('',*,*,#8823,.T.);
#12196 = ORIENTED_EDGE('',*,*,#12197,.T.);
#12197 = EDGE_CURVE('',#8824,#10183,#12198,.T.);
#12198 = LINE('',#12199,#12200);
#12199 = CARTESIAN_POINT('',(150.71,-82.3,-4.6E-02));
#12200 = VECTOR('',#12201,1.);
#12201 = DIRECTION('',(0.,0.,1.));
#12202 = ORIENTED_EDGE('',*,*,#10182,.F.);
#12203 = ORIENTED_EDGE('',*,*,#12197,.F.);
#12204 = CYLINDRICAL_SURFACE('',#12205,0.6);
#12205 = AXIS2_PLACEMENT_3D('',#12206,#12207,#12208);
#12206 = CARTESIAN_POINT('',(150.71,-81.7,-4.6E-02));
#12207 = DIRECTION('',(-0.,-0.,-1.));
#12208 = DIRECTION('',(-0.,-1.,0.));
#12209 = ADVANCED_FACE('',(#12210),#12221,.F.);
#12210 = FACE_BOUND('',#12211,.T.);
#12211 = EDGE_LOOP('',(#12212,#12213,#12219,#12220));
#12212 = ORIENTED_EDGE('',*,*,#8834,.T.);
#12213 = ORIENTED_EDGE('',*,*,#12214,.T.);
#12214 = EDGE_CURVE('',#8835,#10194,#12215,.T.);
#12215 = LINE('',#12216,#12217);
#12216 = CARTESIAN_POINT('',(157.5,-80.35,-4.6E-02));
#12217 = VECTOR('',#12218,1.);
#12218 = DIRECTION('',(0.,0.,1.));
#12219 = ORIENTED_EDGE('',*,*,#10193,.F.);
#12220 = ORIENTED_EDGE('',*,*,#12214,.F.);
#12221 = CYLINDRICAL_SURFACE('',#12222,1.35);
#12222 = AXIS2_PLACEMENT_3D('',#12223,#12224,#12225);
#12223 = CARTESIAN_POINT('',(157.5,-79.,-4.6E-02));
#12224 = DIRECTION('',(-0.,-0.,-1.));
#12225 = DIRECTION('',(-0.,-1.,0.));
#12226 = ADVANCED_FACE('',(#12227),#12238,.F.);
#12227 = FACE_BOUND('',#12228,.T.);
#12228 = EDGE_LOOP('',(#12229,#12230,#12236,#12237));
#12229 = ORIENTED_EDGE('',*,*,#8845,.T.);
#12230 = ORIENTED_EDGE('',*,*,#12231,.T.);
#12231 = EDGE_CURVE('',#8846,#10205,#12232,.T.);
#12232 = LINE('',#12233,#12234);
#12233 = CARTESIAN_POINT('',(125.34,-68.1,-4.6E-02));
#12234 = VECTOR('',#12235,1.);
#12235 = DIRECTION('',(0.,0.,1.));
#12236 = ORIENTED_EDGE('',*,*,#10204,.F.);
#12237 = ORIENTED_EDGE('',*,*,#12231,.F.);
#12238 = CYLINDRICAL_SURFACE('',#12239,0.6);
#12239 = AXIS2_PLACEMENT_3D('',#12240,#12241,#12242);
#12240 = CARTESIAN_POINT('',(125.34,-67.5,-4.6E-02));
#12241 = DIRECTION('',(-0.,-0.,-1.));
#12242 = DIRECTION('',(-0.,-1.,0.));
#12243 = ADVANCED_FACE('',(#12244),#12255,.F.);
#12244 = FACE_BOUND('',#12245,.T.);
#12245 = EDGE_LOOP('',(#12246,#12247,#12253,#12254));
#12246 = ORIENTED_EDGE('',*,*,#8856,.T.);
#12247 = ORIENTED_EDGE('',*,*,#12248,.T.);
#12248 = EDGE_CURVE('',#8857,#10216,#12249,.T.);
#12249 = LINE('',#12250,#12251);
#12250 = CARTESIAN_POINT('',(127.88,-68.1,-4.6E-02));
#12251 = VECTOR('',#12252,1.);
#12252 = DIRECTION('',(0.,0.,1.));
#12253 = ORIENTED_EDGE('',*,*,#10215,.F.);
#12254 = ORIENTED_EDGE('',*,*,#12248,.F.);
#12255 = CYLINDRICAL_SURFACE('',#12256,0.6);
#12256 = AXIS2_PLACEMENT_3D('',#12257,#12258,#12259);
#12257 = CARTESIAN_POINT('',(127.88,-67.5,-4.6E-02));
#12258 = DIRECTION('',(-0.,-0.,-1.));
#12259 = DIRECTION('',(-0.,-1.,0.));
#12260 = ADVANCED_FACE('',(#12261),#12272,.F.);
#12261 = FACE_BOUND('',#12262,.T.);
#12262 = EDGE_LOOP('',(#12263,#12264,#12270,#12271));
#12263 = ORIENTED_EDGE('',*,*,#8867,.T.);
#12264 = ORIENTED_EDGE('',*,*,#12265,.T.);
#12265 = EDGE_CURVE('',#8868,#10227,#12266,.T.);
#12266 = LINE('',#12267,#12268);
#12267 = CARTESIAN_POINT('',(130.42,-68.1,-4.6E-02));
#12268 = VECTOR('',#12269,1.);
#12269 = DIRECTION('',(0.,0.,1.));
#12270 = ORIENTED_EDGE('',*,*,#10226,.F.);
#12271 = ORIENTED_EDGE('',*,*,#12265,.F.);
#12272 = CYLINDRICAL_SURFACE('',#12273,0.6);
#12273 = AXIS2_PLACEMENT_3D('',#12274,#12275,#12276);
#12274 = CARTESIAN_POINT('',(130.42,-67.5,-4.6E-02));
#12275 = DIRECTION('',(-0.,-0.,-1.));
#12276 = DIRECTION('',(-4.736951571734E-14,-1.,0.));
#12277 = ADVANCED_FACE('',(#12278),#12289,.F.);
#12278 = FACE_BOUND('',#12279,.T.);
#12279 = EDGE_LOOP('',(#12280,#12281,#12287,#12288));
#12280 = ORIENTED_EDGE('',*,*,#8878,.T.);
#12281 = ORIENTED_EDGE('',*,*,#12282,.T.);
#12282 = EDGE_CURVE('',#8879,#10238,#12283,.T.);
#12283 = LINE('',#12284,#12285);
#12284 = CARTESIAN_POINT('',(132.96,-68.1,-4.6E-02));
#12285 = VECTOR('',#12286,1.);
#12286 = DIRECTION('',(0.,0.,1.));
#12287 = ORIENTED_EDGE('',*,*,#10237,.F.);
#12288 = ORIENTED_EDGE('',*,*,#12282,.F.);
#12289 = CYLINDRICAL_SURFACE('',#12290,0.6);
#12290 = AXIS2_PLACEMENT_3D('',#12291,#12292,#12293);
#12291 = CARTESIAN_POINT('',(132.96,-67.5,-4.6E-02));
#12292 = DIRECTION('',(-0.,-0.,-1.));
#12293 = DIRECTION('',(-0.,-1.,0.));
#12294 = ADVANCED_FACE('',(#12295),#12306,.F.);
#12295 = FACE_BOUND('',#12296,.T.);
#12296 = EDGE_LOOP('',(#12297,#12298,#12304,#12305));
#12297 = ORIENTED_EDGE('',*,*,#8889,.T.);
#12298 = ORIENTED_EDGE('',*,*,#12299,.T.);
#12299 = EDGE_CURVE('',#8890,#10249,#12300,.T.);
#12300 = LINE('',#12301,#12302);
#12301 = CARTESIAN_POINT('',(135.5,-68.1,-4.6E-02));
#12302 = VECTOR('',#12303,1.);
#12303 = DIRECTION('',(0.,0.,1.));
#12304 = ORIENTED_EDGE('',*,*,#10248,.F.);
#12305 = ORIENTED_EDGE('',*,*,#12299,.F.);
#12306 = CYLINDRICAL_SURFACE('',#12307,0.6);
#12307 = AXIS2_PLACEMENT_3D('',#12308,#12309,#12310);
#12308 = CARTESIAN_POINT('',(135.5,-67.5,-4.6E-02));
#12309 = DIRECTION('',(-0.,-0.,-1.));
#12310 = DIRECTION('',(-0.,-1.,0.));
#12311 = ADVANCED_FACE('',(#12312),#12323,.F.);
#12312 = FACE_BOUND('',#12313,.T.);
#12313 = EDGE_LOOP('',(#12314,#12315,#12321,#12322));
#12314 = ORIENTED_EDGE('',*,*,#8900,.T.);
#12315 = ORIENTED_EDGE('',*,*,#12316,.T.);
#12316 = EDGE_CURVE('',#8901,#10260,#12317,.T.);
#12317 = LINE('',#12318,#12319);
#12318 = CARTESIAN_POINT('',(138.04,-68.1,-4.6E-02));
#12319 = VECTOR('',#12320,1.);
#12320 = DIRECTION('',(0.,0.,1.));
#12321 = ORIENTED_EDGE('',*,*,#10259,.F.);
#12322 = ORIENTED_EDGE('',*,*,#12316,.F.);
#12323 = CYLINDRICAL_SURFACE('',#12324,0.6);
#12324 = AXIS2_PLACEMENT_3D('',#12325,#12326,#12327);
#12325 = CARTESIAN_POINT('',(138.04,-67.5,-4.6E-02));
#12326 = DIRECTION('',(-0.,-0.,-1.));
#12327 = DIRECTION('',(-0.,-1.,0.));
#12328 = ADVANCED_FACE('',(#12329),#12340,.F.);
#12329 = FACE_BOUND('',#12330,.T.);
#12330 = EDGE_LOOP('',(#12331,#12332,#12338,#12339));
#12331 = ORIENTED_EDGE('',*,*,#8911,.T.);
#12332 = ORIENTED_EDGE('',*,*,#12333,.T.);
#12333 = EDGE_CURVE('',#8912,#10271,#12334,.T.);
#12334 = LINE('',#12335,#12336);
#12335 = CARTESIAN_POINT('',(157.5,-75.35,-4.6E-02));
#12336 = VECTOR('',#12337,1.);
#12337 = DIRECTION('',(0.,0.,1.));
#12338 = ORIENTED_EDGE('',*,*,#10270,.F.);
#12339 = ORIENTED_EDGE('',*,*,#12333,.F.);
#12340 = CYLINDRICAL_SURFACE('',#12341,1.35);
#12341 = AXIS2_PLACEMENT_3D('',#12342,#12343,#12344);
#12342 = CARTESIAN_POINT('',(157.5,-74.,-4.6E-02));
#12343 = DIRECTION('',(-0.,-0.,-1.));
#12344 = DIRECTION('',(-0.,-1.,0.));
#12345 = ADVANCED_FACE('',(#12346),#12357,.F.);
#12346 = FACE_BOUND('',#12347,.T.);
#12347 = EDGE_LOOP('',(#12348,#12349,#12355,#12356));
#12348 = ORIENTED_EDGE('',*,*,#8922,.T.);
#12349 = ORIENTED_EDGE('',*,*,#12350,.T.);
#12350 = EDGE_CURVE('',#8923,#10282,#12351,.T.);
#12351 = LINE('',#12352,#12353);
#12352 = CARTESIAN_POINT('',(140.58,-68.1,-4.6E-02));
#12353 = VECTOR('',#12354,1.);
#12354 = DIRECTION('',(0.,0.,1.));
#12355 = ORIENTED_EDGE('',*,*,#10281,.F.);
#12356 = ORIENTED_EDGE('',*,*,#12350,.F.);
#12357 = CYLINDRICAL_SURFACE('',#12358,0.6);
#12358 = AXIS2_PLACEMENT_3D('',#12359,#12360,#12361);
#12359 = CARTESIAN_POINT('',(140.58,-67.5,-4.6E-02));
#12360 = DIRECTION('',(-0.,0.,-1.));
#12361 = DIRECTION('',(4.736951571734E-14,-1.,-0.));
#12362 = ADVANCED_FACE('',(#12363),#12374,.F.);
#12363 = FACE_BOUND('',#12364,.T.);
#12364 = EDGE_LOOP('',(#12365,#12366,#12372,#12373));
#12365 = ORIENTED_EDGE('',*,*,#8933,.T.);
#12366 = ORIENTED_EDGE('',*,*,#12367,.T.);
#12367 = EDGE_CURVE('',#8934,#10293,#12368,.T.);
#12368 = LINE('',#12369,#12370);
#12369 = CARTESIAN_POINT('',(147.96,-68.1,-4.6E-02));
#12370 = VECTOR('',#12371,1.);
#12371 = DIRECTION('',(0.,0.,1.));
#12372 = ORIENTED_EDGE('',*,*,#10292,.F.);
#12373 = ORIENTED_EDGE('',*,*,#12367,.F.);
#12374 = CYLINDRICAL_SURFACE('',#12375,0.6);
#12375 = AXIS2_PLACEMENT_3D('',#12376,#12377,#12378);
#12376 = CARTESIAN_POINT('',(147.96,-67.5,-4.6E-02));
#12377 = DIRECTION('',(-0.,-0.,-1.));
#12378 = DIRECTION('',(-0.,-1.,0.));
#12379 = ADVANCED_FACE('',(#12380),#12391,.F.);
#12380 = FACE_BOUND('',#12381,.T.);
#12381 = EDGE_LOOP('',(#12382,#12383,#12389,#12390));
#12382 = ORIENTED_EDGE('',*,*,#8944,.T.);
#12383 = ORIENTED_EDGE('',*,*,#12384,.T.);
#12384 = EDGE_CURVE('',#8945,#10304,#12385,.T.);
#12385 = LINE('',#12386,#12387);
#12386 = CARTESIAN_POINT('',(150.5,-68.1,-4.6E-02));
#12387 = VECTOR('',#12388,1.);
#12388 = DIRECTION('',(0.,0.,1.));
#12389 = ORIENTED_EDGE('',*,*,#10303,.F.);
#12390 = ORIENTED_EDGE('',*,*,#12384,.F.);
#12391 = CYLINDRICAL_SURFACE('',#12392,0.6);
#12392 = AXIS2_PLACEMENT_3D('',#12393,#12394,#12395);
#12393 = CARTESIAN_POINT('',(150.5,-67.5,-4.6E-02));
#12394 = DIRECTION('',(-0.,-0.,-1.));
#12395 = DIRECTION('',(-0.,-1.,0.));
#12396 = ADVANCED_FACE('',(#12397),#12408,.F.);
#12397 = FACE_BOUND('',#12398,.T.);
#12398 = EDGE_LOOP('',(#12399,#12400,#12406,#12407));
#12399 = ORIENTED_EDGE('',*,*,#8955,.T.);
#12400 = ORIENTED_EDGE('',*,*,#12401,.T.);
#12401 = EDGE_CURVE('',#8956,#10315,#12402,.T.);
#12402 = LINE('',#12403,#12404);
#12403 = CARTESIAN_POINT('',(158.,-69.25,-4.6E-02));
#12404 = VECTOR('',#12405,1.);
#12405 = DIRECTION('',(0.,0.,1.));
#12406 = ORIENTED_EDGE('',*,*,#10314,.F.);
#12407 = ORIENTED_EDGE('',*,*,#12401,.F.);
#12408 = CYLINDRICAL_SURFACE('',#12409,1.25);
#12409 = AXIS2_PLACEMENT_3D('',#12410,#12411,#12412);
#12410 = CARTESIAN_POINT('',(158.,-68.,-4.6E-02));
#12411 = DIRECTION('',(-0.,-0.,-1.));
#12412 = DIRECTION('',(-0.,-1.,0.));
#12413 = ( GEOMETRIC_REPRESENTATION_CONTEXT(3) 
GLOBAL_UNCERTAINTY_ASSIGNED_CONTEXT((#12417)) 
GLOBAL_UNIT_ASSIGNED_CONTEXT((#12414,#12415,#12416)) 
REPRESENTATION_CONTEXT('Context #1',
  '3D Context with UNIT and UNCERTAINTY') );
#12414 = ( LENGTH_UNIT() NAMED_UNIT(*) SI_UNIT(.MILLI.,.METRE.) );
#12415 = ( NAMED_UNIT(*) PLANE_ANGLE_UNIT() SI_UNIT($,.RADIAN.) );
#12416 = ( NAMED_UNIT(*) SI_UNIT($,.STERADIAN.) SOLID_ANGLE_UNIT() );
#12417 = UNCERTAINTY_MEASURE_WITH_UNIT(LENGTH_MEASURE(1.E-07),#12414,
  'distance_accuracy_value','confusion accuracy');
#12418 = CONTEXT_DEPENDENT_SHAPE_REPRESENTATION(#12419,#12421);
#12419 = ( REPRESENTATION_RELATIONSHIP('','',#7504,#10) 
REPRESENTATION_RELATIONSHIP_WITH_TRANSFORMATION(#12420) 
SHAPE_REPRESENTATION_RELATIONSHIP() );
#12420 = ITEM_DEFINED_TRANSFORMATION('','',#11,#111);
#12421 = PRODUCT_DEFINITION_SHAPE('Placement','Placement of an item',
  #12422);
#12422 = NEXT_ASSEMBLY_USAGE_OCCURRENCE('25','=>[0:1:1:7]','',#5,#7499,$
  );
#12423 = PRODUCT_RELATED_PRODUCT_CATEGORY('part',$,(#7501));
#12424 = MECHANICAL_DESIGN_GEOMETRIC_PRESENTATION_REPRESENTATION('',(
    #12425,#12433,#12440,#12447,#12454,#12461,#12468,#12475,#12483,
    #12490,#12497,#12504,#12511,#12518,#12525,#12532,#12539,#12546,
    #12553,#12560,#12567,#12574,#12581,#12588,#12595,#12602,#12609,
    #12616,#12623,#12630,#12637,#12644,#12651,#12658,#12665,#12672,
    #12680,#12687,#12694,#12701,#12708,#12715,#12722,#12729,#12736,
    #12743,#12750,#12757,#12764,#12771),#4148);
#12425 = STYLED_ITEM('color',(#12426),#2627);
#12426 = PRESENTATION_STYLE_ASSIGNMENT((#12427));
#12427 = SURFACE_STYLE_USAGE(.BOTH.,#12428);
#12428 = SURFACE_SIDE_STYLE('',(#12429));
#12429 = SURFACE_STYLE_FILL_AREA(#12430);
#12430 = FILL_AREA_STYLE('',(#12431));
#12431 = FILL_AREA_STYLE_COLOUR('',#12432);
#12432 = COLOUR_RGB('',0.894999966383,0.890999961016,0.813000030345);
#12433 = STYLED_ITEM('color',(#12434),#2667);
#12434 = PRESENTATION_STYLE_ASSIGNMENT((#12435));
#12435 = SURFACE_STYLE_USAGE(.BOTH.,#12436);
#12436 = SURFACE_SIDE_STYLE('',(#12437));
#12437 = SURFACE_STYLE_FILL_AREA(#12438);
#12438 = FILL_AREA_STYLE('',(#12439));
#12439 = FILL_AREA_STYLE_COLOUR('',#12432);
#12440 = STYLED_ITEM('color',(#12441),#2714);
#12441 = PRESENTATION_STYLE_ASSIGNMENT((#12442));
#12442 = SURFACE_STYLE_USAGE(.BOTH.,#12443);
#12443 = SURFACE_SIDE_STYLE('',(#12444));
#12444 = SURFACE_STYLE_FILL_AREA(#12445);
#12445 = FILL_AREA_STYLE('',(#12446));
#12446 = FILL_AREA_STYLE_COLOUR('',#12432);
#12447 = STYLED_ITEM('color',(#12448),#2793);
#12448 = PRESENTATION_STYLE_ASSIGNMENT((#12449));
#12449 = SURFACE_STYLE_USAGE(.BOTH.,#12450);
#12450 = SURFACE_SIDE_STYLE('',(#12451));
#12451 = SURFACE_STYLE_FILL_AREA(#12452);
#12452 = FILL_AREA_STYLE('',(#12453));
#12453 = FILL_AREA_STYLE_COLOUR('',#12432);
#12454 = STYLED_ITEM('color',(#12455),#2817);
#12455 = PRESENTATION_STYLE_ASSIGNMENT((#12456));
#12456 = SURFACE_STYLE_USAGE(.BOTH.,#12457);
#12457 = SURFACE_SIDE_STYLE('',(#12458));
#12458 = SURFACE_STYLE_FILL_AREA(#12459);
#12459 = FILL_AREA_STYLE('',(#12460));
#12460 = FILL_AREA_STYLE_COLOUR('',#12432);
#12461 = STYLED_ITEM('color',(#12462),#2857);
#12462 = PRESENTATION_STYLE_ASSIGNMENT((#12463));
#12463 = SURFACE_STYLE_USAGE(.BOTH.,#12464);
#12464 = SURFACE_SIDE_STYLE('',(#12465));
#12465 = SURFACE_STYLE_FILL_AREA(#12466);
#12466 = FILL_AREA_STYLE('',(#12467));
#12467 = FILL_AREA_STYLE_COLOUR('',#12432);
#12468 = STYLED_ITEM('color',(#12469),#2888);
#12469 = PRESENTATION_STYLE_ASSIGNMENT((#12470));
#12470 = SURFACE_STYLE_USAGE(.BOTH.,#12471);
#12471 = SURFACE_SIDE_STYLE('',(#12472));
#12472 = SURFACE_STYLE_FILL_AREA(#12473);
#12473 = FILL_AREA_STYLE('',(#12474));
#12474 = FILL_AREA_STYLE_COLOUR('',#12432);
#12475 = STYLED_ITEM('color',(#12476),#2905);
#12476 = PRESENTATION_STYLE_ASSIGNMENT((#12477));
#12477 = SURFACE_STYLE_USAGE(.BOTH.,#12478);
#12478 = SURFACE_SIDE_STYLE('',(#12479));
#12479 = SURFACE_STYLE_FILL_AREA(#12480);
#12480 = FILL_AREA_STYLE('',(#12481));
#12481 = FILL_AREA_STYLE_COLOUR('',#12482);
#12482 = COLOUR_RGB('',0.859000020776,0.737999965183,0.495999988746);
#12483 = STYLED_ITEM('color',(#12484),#2938);
#12484 = PRESENTATION_STYLE_ASSIGNMENT((#12485));
#12485 = SURFACE_STYLE_USAGE(.BOTH.,#12486);
#12486 = SURFACE_SIDE_STYLE('',(#12487));
#12487 = SURFACE_STYLE_FILL_AREA(#12488);
#12488 = FILL_AREA_STYLE('',(#12489));
#12489 = FILL_AREA_STYLE_COLOUR('',#12432);
#12490 = STYLED_ITEM('color',(#12491),#2962);
#12491 = PRESENTATION_STYLE_ASSIGNMENT((#12492));
#12492 = SURFACE_STYLE_USAGE(.BOTH.,#12493);
#12493 = SURFACE_SIDE_STYLE('',(#12494));
#12494 = SURFACE_STYLE_FILL_AREA(#12495);
#12495 = FILL_AREA_STYLE('',(#12496));
#12496 = FILL_AREA_STYLE_COLOUR('',#12482);
#12497 = STYLED_ITEM('color',(#12498),#3029);
#12498 = PRESENTATION_STYLE_ASSIGNMENT((#12499));
#12499 = SURFACE_STYLE_USAGE(.BOTH.,#12500);
#12500 = SURFACE_SIDE_STYLE('',(#12501));
#12501 = SURFACE_STYLE_FILL_AREA(#12502);
#12502 = FILL_AREA_STYLE('',(#12503));
#12503 = FILL_AREA_STYLE_COLOUR('',#12432);
#12504 = STYLED_ITEM('color',(#12505),#3150);
#12505 = PRESENTATION_STYLE_ASSIGNMENT((#12506));
#12506 = SURFACE_STYLE_USAGE(.BOTH.,#12507);
#12507 = SURFACE_SIDE_STYLE('',(#12508));
#12508 = SURFACE_STYLE_FILL_AREA(#12509);
#12509 = FILL_AREA_STYLE('',(#12510));
#12510 = FILL_AREA_STYLE_COLOUR('',#12482);
#12511 = STYLED_ITEM('color',(#12512),#3217);
#12512 = PRESENTATION_STYLE_ASSIGNMENT((#12513));
#12513 = SURFACE_STYLE_USAGE(.BOTH.,#12514);
#12514 = SURFACE_SIDE_STYLE('',(#12515));
#12515 = SURFACE_STYLE_FILL_AREA(#12516);
#12516 = FILL_AREA_STYLE('',(#12517));
#12517 = FILL_AREA_STYLE_COLOUR('',#12432);
#12518 = STYLED_ITEM('color',(#12519),#3241);
#12519 = PRESENTATION_STYLE_ASSIGNMENT((#12520));
#12520 = SURFACE_STYLE_USAGE(.BOTH.,#12521);
#12521 = SURFACE_SIDE_STYLE('',(#12522));
#12522 = SURFACE_STYLE_FILL_AREA(#12523);
#12523 = FILL_AREA_STYLE('',(#12524));
#12524 = FILL_AREA_STYLE_COLOUR('',#12432);
#12525 = STYLED_ITEM('color',(#12526),#3272);
#12526 = PRESENTATION_STYLE_ASSIGNMENT((#12527));
#12527 = SURFACE_STYLE_USAGE(.BOTH.,#12528);
#12528 = SURFACE_SIDE_STYLE('',(#12529));
#12529 = SURFACE_STYLE_FILL_AREA(#12530);
#12530 = FILL_AREA_STYLE('',(#12531));
#12531 = FILL_AREA_STYLE_COLOUR('',#12482);
#12532 = STYLED_ITEM('color',(#12533),#3305);
#12533 = PRESENTATION_STYLE_ASSIGNMENT((#12534));
#12534 = SURFACE_STYLE_USAGE(.BOTH.,#12535);
#12535 = SURFACE_SIDE_STYLE('',(#12536));
#12536 = SURFACE_STYLE_FILL_AREA(#12537);
#12537 = FILL_AREA_STYLE('',(#12538));
#12538 = FILL_AREA_STYLE_COLOUR('',#12432);
#12539 = STYLED_ITEM('color',(#12540),#3361);
#12540 = PRESENTATION_STYLE_ASSIGNMENT((#12541));
#12541 = SURFACE_STYLE_USAGE(.BOTH.,#12542);
#12542 = SURFACE_SIDE_STYLE('',(#12543));
#12543 = SURFACE_STYLE_FILL_AREA(#12544);
#12544 = FILL_AREA_STYLE('',(#12545));
#12545 = FILL_AREA_STYLE_COLOUR('',#12482);
#12546 = STYLED_ITEM('color',(#12547),#3385);
#12547 = PRESENTATION_STYLE_ASSIGNMENT((#12548));
#12548 = SURFACE_STYLE_USAGE(.BOTH.,#12549);
#12549 = SURFACE_SIDE_STYLE('',(#12550));
#12550 = SURFACE_STYLE_FILL_AREA(#12551);
#12551 = FILL_AREA_STYLE('',(#12552));
#12552 = FILL_AREA_STYLE_COLOUR('',#12482);
#12553 = STYLED_ITEM('color',(#12554),#3409);
#12554 = PRESENTATION_STYLE_ASSIGNMENT((#12555));
#12555 = SURFACE_STYLE_USAGE(.BOTH.,#12556);
#12556 = SURFACE_SIDE_STYLE('',(#12557));
#12557 = SURFACE_STYLE_FILL_AREA(#12558);
#12558 = FILL_AREA_STYLE('',(#12559));
#12559 = FILL_AREA_STYLE_COLOUR('',#12482);
#12560 = STYLED_ITEM('color',(#12561),#3433);
#12561 = PRESENTATION_STYLE_ASSIGNMENT((#12562));
#12562 = SURFACE_STYLE_USAGE(.BOTH.,#12563);
#12563 = SURFACE_SIDE_STYLE('',(#12564));
#12564 = SURFACE_STYLE_FILL_AREA(#12565);
#12565 = FILL_AREA_STYLE('',(#12566));
#12566 = FILL_AREA_STYLE_COLOUR('',#12482);
#12567 = STYLED_ITEM('color',(#12568),#3466);
#12568 = PRESENTATION_STYLE_ASSIGNMENT((#12569));
#12569 = SURFACE_STYLE_USAGE(.BOTH.,#12570);
#12570 = SURFACE_SIDE_STYLE('',(#12571));
#12571 = SURFACE_STYLE_FILL_AREA(#12572);
#12572 = FILL_AREA_STYLE('',(#12573));
#12573 = FILL_AREA_STYLE_COLOUR('',#12482);
#12574 = STYLED_ITEM('color',(#12575),#3478);
#12575 = PRESENTATION_STYLE_ASSIGNMENT((#12576));
#12576 = SURFACE_STYLE_USAGE(.BOTH.,#12577);
#12577 = SURFACE_SIDE_STYLE('',(#12578));
#12578 = SURFACE_STYLE_FILL_AREA(#12579);
#12579 = FILL_AREA_STYLE('',(#12580));
#12580 = FILL_AREA_STYLE_COLOUR('',#12482);
#12581 = STYLED_ITEM('color',(#12582),#3541);
#12582 = PRESENTATION_STYLE_ASSIGNMENT((#12583));
#12583 = SURFACE_STYLE_USAGE(.BOTH.,#12584);
#12584 = SURFACE_SIDE_STYLE('',(#12585));
#12585 = SURFACE_STYLE_FILL_AREA(#12586);
#12586 = FILL_AREA_STYLE('',(#12587));
#12587 = FILL_AREA_STYLE_COLOUR('',#12482);
#12588 = STYLED_ITEM('color',(#12589),#3566);
#12589 = PRESENTATION_STYLE_ASSIGNMENT((#12590));
#12590 = SURFACE_STYLE_USAGE(.BOTH.,#12591);
#12591 = SURFACE_SIDE_STYLE('',(#12592));
#12592 = SURFACE_STYLE_FILL_AREA(#12593);
#12593 = FILL_AREA_STYLE('',(#12594));
#12594 = FILL_AREA_STYLE_COLOUR('',#12482);
#12595 = STYLED_ITEM('color',(#12596),#3583);
#12596 = PRESENTATION_STYLE_ASSIGNMENT((#12597));
#12597 = SURFACE_STYLE_USAGE(.BOTH.,#12598);
#12598 = SURFACE_SIDE_STYLE('',(#12599));
#12599 = SURFACE_STYLE_FILL_AREA(#12600);
#12600 = FILL_AREA_STYLE('',(#12601));
#12601 = FILL_AREA_STYLE_COLOUR('',#12482);
#12602 = STYLED_ITEM('color',(#12603),#3607);
#12603 = PRESENTATION_STYLE_ASSIGNMENT((#12604));
#12604 = SURFACE_STYLE_USAGE(.BOTH.,#12605);
#12605 = SURFACE_SIDE_STYLE('',(#12606));
#12606 = SURFACE_STYLE_FILL_AREA(#12607);
#12607 = FILL_AREA_STYLE('',(#12608));
#12608 = FILL_AREA_STYLE_COLOUR('',#12482);
#12609 = STYLED_ITEM('color',(#12610),#3625);
#12610 = PRESENTATION_STYLE_ASSIGNMENT((#12611));
#12611 = SURFACE_STYLE_USAGE(.BOTH.,#12612);
#12612 = SURFACE_SIDE_STYLE('',(#12613));
#12613 = SURFACE_STYLE_FILL_AREA(#12614);
#12614 = FILL_AREA_STYLE('',(#12615));
#12615 = FILL_AREA_STYLE_COLOUR('',#12482);
#12616 = STYLED_ITEM('color',(#12617),#3643);
#12617 = PRESENTATION_STYLE_ASSIGNMENT((#12618));
#12618 = SURFACE_STYLE_USAGE(.BOTH.,#12619);
#12619 = SURFACE_SIDE_STYLE('',(#12620));
#12620 = SURFACE_STYLE_FILL_AREA(#12621);
#12621 = FILL_AREA_STYLE('',(#12622));
#12622 = FILL_AREA_STYLE_COLOUR('',#12482);
#12623 = STYLED_ITEM('color',(#12624),#3661);
#12624 = PRESENTATION_STYLE_ASSIGNMENT((#12625));
#12625 = SURFACE_STYLE_USAGE(.BOTH.,#12626);
#12626 = SURFACE_SIDE_STYLE('',(#12627));
#12627 = SURFACE_STYLE_FILL_AREA(#12628);
#12628 = FILL_AREA_STYLE('',(#12629));
#12629 = FILL_AREA_STYLE_COLOUR('',#12482);
#12630 = STYLED_ITEM('color',(#12631),#3678);
#12631 = PRESENTATION_STYLE_ASSIGNMENT((#12632));
#12632 = SURFACE_STYLE_USAGE(.BOTH.,#12633);
#12633 = SURFACE_SIDE_STYLE('',(#12634));
#12634 = SURFACE_STYLE_FILL_AREA(#12635);
#12635 = FILL_AREA_STYLE('',(#12636));
#12636 = FILL_AREA_STYLE_COLOUR('',#12482);
#12637 = STYLED_ITEM('color',(#12638),#3695);
#12638 = PRESENTATION_STYLE_ASSIGNMENT((#12639));
#12639 = SURFACE_STYLE_USAGE(.BOTH.,#12640);
#12640 = SURFACE_SIDE_STYLE('',(#12641));
#12641 = SURFACE_STYLE_FILL_AREA(#12642);
#12642 = FILL_AREA_STYLE('',(#12643));
#12643 = FILL_AREA_STYLE_COLOUR('',#12482);
#12644 = STYLED_ITEM('color',(#12645),#3726);
#12645 = PRESENTATION_STYLE_ASSIGNMENT((#12646));
#12646 = SURFACE_STYLE_USAGE(.BOTH.,#12647);
#12647 = SURFACE_SIDE_STYLE('',(#12648));
#12648 = SURFACE_STYLE_FILL_AREA(#12649);
#12649 = FILL_AREA_STYLE('',(#12650));
#12650 = FILL_AREA_STYLE_COLOUR('',#12482);
#12651 = STYLED_ITEM('color',(#12652),#3751);
#12652 = PRESENTATION_STYLE_ASSIGNMENT((#12653));
#12653 = SURFACE_STYLE_USAGE(.BOTH.,#12654);
#12654 = SURFACE_SIDE_STYLE('',(#12655));
#12655 = SURFACE_STYLE_FILL_AREA(#12656);
#12656 = FILL_AREA_STYLE('',(#12657));
#12657 = FILL_AREA_STYLE_COLOUR('',#12482);
#12658 = STYLED_ITEM('color',(#12659),#3776);
#12659 = PRESENTATION_STYLE_ASSIGNMENT((#12660));
#12660 = SURFACE_STYLE_USAGE(.BOTH.,#12661);
#12661 = SURFACE_SIDE_STYLE('',(#12662));
#12662 = SURFACE_STYLE_FILL_AREA(#12663);
#12663 = FILL_AREA_STYLE('',(#12664));
#12664 = FILL_AREA_STYLE_COLOUR('',#12482);
#12665 = STYLED_ITEM('color',(#12666),#3800);
#12666 = PRESENTATION_STYLE_ASSIGNMENT((#12667));
#12667 = SURFACE_STYLE_USAGE(.BOTH.,#12668);
#12668 = SURFACE_SIDE_STYLE('',(#12669));
#12669 = SURFACE_STYLE_FILL_AREA(#12670);
#12670 = FILL_AREA_STYLE('',(#12671));
#12671 = FILL_AREA_STYLE_COLOUR('',#12482);
#12672 = STYLED_ITEM('color',(#12673),#3817);
#12673 = PRESENTATION_STYLE_ASSIGNMENT((#12674));
#12674 = SURFACE_STYLE_USAGE(.BOTH.,#12675);
#12675 = SURFACE_SIDE_STYLE('',(#12676));
#12676 = SURFACE_STYLE_FILL_AREA(#12677);
#12677 = FILL_AREA_STYLE('',(#12678));
#12678 = FILL_AREA_STYLE_COLOUR('',#12679);
#12679 = COLOUR_RGB('',0.340000006699,0.68000001254,0.444999988852);
#12680 = STYLED_ITEM('color',(#12681),#3848);
#12681 = PRESENTATION_STYLE_ASSIGNMENT((#12682));
#12682 = SURFACE_STYLE_USAGE(.BOTH.,#12683);
#12683 = SURFACE_SIDE_STYLE('',(#12684));
#12684 = SURFACE_STYLE_FILL_AREA(#12685);
#12685 = FILL_AREA_STYLE('',(#12686));
#12686 = FILL_AREA_STYLE_COLOUR('',#12679);
#12687 = STYLED_ITEM('color',(#12688),#3872);
#12688 = PRESENTATION_STYLE_ASSIGNMENT((#12689));
#12689 = SURFACE_STYLE_USAGE(.BOTH.,#12690);
#12690 = SURFACE_SIDE_STYLE('',(#12691));
#12691 = SURFACE_STYLE_FILL_AREA(#12692);
#12692 = FILL_AREA_STYLE('',(#12693));
#12693 = FILL_AREA_STYLE_COLOUR('',#12679);
#12694 = STYLED_ITEM('color',(#12695),#3889);
#12695 = PRESENTATION_STYLE_ASSIGNMENT((#12696));
#12696 = SURFACE_STYLE_USAGE(.BOTH.,#12697);
#12697 = SURFACE_SIDE_STYLE('',(#12698));
#12698 = SURFACE_STYLE_FILL_AREA(#12699);
#12699 = FILL_AREA_STYLE('',(#12700));
#12700 = FILL_AREA_STYLE_COLOUR('',#12482);
#12701 = STYLED_ITEM('color',(#12702),#3917);
#12702 = PRESENTATION_STYLE_ASSIGNMENT((#12703));
#12703 = SURFACE_STYLE_USAGE(.BOTH.,#12704);
#12704 = SURFACE_SIDE_STYLE('',(#12705));
#12705 = SURFACE_STYLE_FILL_AREA(#12706);
#12706 = FILL_AREA_STYLE('',(#12707));
#12707 = FILL_AREA_STYLE_COLOUR('',#12482);
#12708 = STYLED_ITEM('color',(#12709),#3942);
#12709 = PRESENTATION_STYLE_ASSIGNMENT((#12710));
#12710 = SURFACE_STYLE_USAGE(.BOTH.,#12711);
#12711 = SURFACE_SIDE_STYLE('',(#12712));
#12712 = SURFACE_STYLE_FILL_AREA(#12713);
#12713 = FILL_AREA_STYLE('',(#12714));
#12714 = FILL_AREA_STYLE_COLOUR('',#12482);
#12715 = STYLED_ITEM('color',(#12716),#3966);
#12716 = PRESENTATION_STYLE_ASSIGNMENT((#12717));
#12717 = SURFACE_STYLE_USAGE(.BOTH.,#12718);
#12718 = SURFACE_SIDE_STYLE('',(#12719));
#12719 = SURFACE_STYLE_FILL_AREA(#12720);
#12720 = FILL_AREA_STYLE('',(#12721));
#12721 = FILL_AREA_STYLE_COLOUR('',#12482);
#12722 = STYLED_ITEM('color',(#12723),#3991);
#12723 = PRESENTATION_STYLE_ASSIGNMENT((#12724));
#12724 = SURFACE_STYLE_USAGE(.BOTH.,#12725);
#12725 = SURFACE_SIDE_STYLE('',(#12726));
#12726 = SURFACE_STYLE_FILL_AREA(#12727);
#12727 = FILL_AREA_STYLE('',(#12728));
#12728 = FILL_AREA_STYLE_COLOUR('',#12482);
#12729 = STYLED_ITEM('color',(#12730),#4038);
#12730 = PRESENTATION_STYLE_ASSIGNMENT((#12731));
#12731 = SURFACE_STYLE_USAGE(.BOTH.,#12732);
#12732 = SURFACE_SIDE_STYLE('',(#12733));
#12733 = SURFACE_STYLE_FILL_AREA(#12734);
#12734 = FILL_AREA_STYLE('',(#12735));
#12735 = FILL_AREA_STYLE_COLOUR('',#12482);
#12736 = STYLED_ITEM('color',(#12737),#4055);
#12737 = PRESENTATION_STYLE_ASSIGNMENT((#12738));
#12738 = SURFACE_STYLE_USAGE(.BOTH.,#12739);
#12739 = SURFACE_SIDE_STYLE('',(#12740));
#12740 = SURFACE_STYLE_FILL_AREA(#12741);
#12741 = FILL_AREA_STYLE('',(#12742));
#12742 = FILL_AREA_STYLE_COLOUR('',#12482);
#12743 = STYLED_ITEM('color',(#12744),#4067);
#12744 = PRESENTATION_STYLE_ASSIGNMENT((#12745));
#12745 = SURFACE_STYLE_USAGE(.BOTH.,#12746);
#12746 = SURFACE_SIDE_STYLE('',(#12747));
#12747 = SURFACE_STYLE_FILL_AREA(#12748);
#12748 = FILL_AREA_STYLE('',(#12749));
#12749 = FILL_AREA_STYLE_COLOUR('',#12482);
#12750 = STYLED_ITEM('color',(#12751),#4089);
#12751 = PRESENTATION_STYLE_ASSIGNMENT((#12752));
#12752 = SURFACE_STYLE_USAGE(.BOTH.,#12753);
#12753 = SURFACE_SIDE_STYLE('',(#12754));
#12754 = SURFACE_STYLE_FILL_AREA(#12755);
#12755 = FILL_AREA_STYLE('',(#12756));
#12756 = FILL_AREA_STYLE_COLOUR('',#12482);
#12757 = STYLED_ITEM('color',(#12758),#4101);
#12758 = PRESENTATION_STYLE_ASSIGNMENT((#12759));
#12759 = SURFACE_STYLE_USAGE(.BOTH.,#12760);
#12760 = SURFACE_SIDE_STYLE('',(#12761));
#12761 = SURFACE_STYLE_FILL_AREA(#12762);
#12762 = FILL_AREA_STYLE('',(#12763));
#12763 = FILL_AREA_STYLE_COLOUR('',#12482);
#12764 = STYLED_ITEM('color',(#12765),#4119);
#12765 = PRESENTATION_STYLE_ASSIGNMENT((#12766));
#12766 = SURFACE_STYLE_USAGE(.BOTH.,#12767);
#12767 = SURFACE_SIDE_STYLE('',(#12768));
#12768 = SURFACE_STYLE_FILL_AREA(#12769);
#12769 = FILL_AREA_STYLE('',(#12770));
#12770 = FILL_AREA_STYLE_COLOUR('',#12482);
#12771 = STYLED_ITEM('color',(#12772),#4137);
#12772 = PRESENTATION_STYLE_ASSIGNMENT((#12773));
#12773 = SURFACE_STYLE_USAGE(.BOTH.,#12774);
#12774 = SURFACE_SIDE_STYLE('',(#12775));
#12775 = SURFACE_STYLE_FILL_AREA(#12776);
#12776 = FILL_AREA_STYLE('',(#12777));
#12777 = FILL_AREA_STYLE_COLOUR('',#12679);
#12778 = MECHANICAL_DESIGN_GEOMETRIC_PRESENTATION_REPRESENTATION('',(
    #12779,#12787,#12794,#12801,#12808,#12815,#12822,#12829,#12836,
    #12843,#12850,#12857,#12864,#12871,#12879,#12886,#12893,#12900,
    #12907,#12914,#12921,#12928,#12935,#12942,#12949,#12956),#2601);
#12779 = STYLED_ITEM('color',(#12780),#1813);
#12780 = PRESENTATION_STYLE_ASSIGNMENT((#12781));
#12781 = SURFACE_STYLE_USAGE(.BOTH.,#12782);
#12782 = SURFACE_SIDE_STYLE('',(#12783));
#12783 = SURFACE_STYLE_FILL_AREA(#12784);
#12784 = FILL_AREA_STYLE('',(#12785));
#12785 = FILL_AREA_STYLE_COLOUR('',#12786);
#12786 = COLOUR_RGB('',0.823999987314,0.819999987296,0.781000009244);
#12787 = STYLED_ITEM('color',(#12788),#1853);
#12788 = PRESENTATION_STYLE_ASSIGNMENT((#12789));
#12789 = SURFACE_STYLE_USAGE(.BOTH.,#12790);
#12790 = SURFACE_SIDE_STYLE('',(#12791));
#12791 = SURFACE_STYLE_FILL_AREA(#12792);
#12792 = FILL_AREA_STYLE('',(#12793));
#12793 = FILL_AREA_STYLE_COLOUR('',#12786);
#12794 = STYLED_ITEM('color',(#12795),#1936);
#12795 = PRESENTATION_STYLE_ASSIGNMENT((#12796));
#12796 = SURFACE_STYLE_USAGE(.BOTH.,#12797);
#12797 = SURFACE_SIDE_STYLE('',(#12798));
#12798 = SURFACE_STYLE_FILL_AREA(#12799);
#12799 = FILL_AREA_STYLE('',(#12800));
#12800 = FILL_AREA_STYLE_COLOUR('',#12786);
#12801 = STYLED_ITEM('color',(#12802),#1961);
#12802 = PRESENTATION_STYLE_ASSIGNMENT((#12803));
#12803 = SURFACE_STYLE_USAGE(.BOTH.,#12804);
#12804 = SURFACE_SIDE_STYLE('',(#12805));
#12805 = SURFACE_STYLE_FILL_AREA(#12806);
#12806 = FILL_AREA_STYLE('',(#12807));
#12807 = FILL_AREA_STYLE_COLOUR('',#12786);
#12808 = STYLED_ITEM('color',(#12809),#1986);
#12809 = PRESENTATION_STYLE_ASSIGNMENT((#12810));
#12810 = SURFACE_STYLE_USAGE(.BOTH.,#12811);
#12811 = SURFACE_SIDE_STYLE('',(#12812));
#12812 = SURFACE_STYLE_FILL_AREA(#12813);
#12813 = FILL_AREA_STYLE('',(#12814));
#12814 = FILL_AREA_STYLE_COLOUR('',#12786);
#12815 = STYLED_ITEM('color',(#12816),#2053);
#12816 = PRESENTATION_STYLE_ASSIGNMENT((#12817));
#12817 = SURFACE_STYLE_USAGE(.BOTH.,#12818);
#12818 = SURFACE_SIDE_STYLE('',(#12819));
#12819 = SURFACE_STYLE_FILL_AREA(#12820);
#12820 = FILL_AREA_STYLE('',(#12821));
#12821 = FILL_AREA_STYLE_COLOUR('',#12786);
#12822 = STYLED_ITEM('color',(#12823),#2070);
#12823 = PRESENTATION_STYLE_ASSIGNMENT((#12824));
#12824 = SURFACE_STYLE_USAGE(.BOTH.,#12825);
#12825 = SURFACE_SIDE_STYLE('',(#12826));
#12826 = SURFACE_STYLE_FILL_AREA(#12827);
#12827 = FILL_AREA_STYLE('',(#12828));
#12828 = FILL_AREA_STYLE_COLOUR('',#12786);
#12829 = STYLED_ITEM('color',(#12830),#2087);
#12830 = PRESENTATION_STYLE_ASSIGNMENT((#12831));
#12831 = SURFACE_STYLE_USAGE(.BOTH.,#12832);
#12832 = SURFACE_SIDE_STYLE('',(#12833));
#12833 = SURFACE_STYLE_FILL_AREA(#12834);
#12834 = FILL_AREA_STYLE('',(#12835));
#12835 = FILL_AREA_STYLE_COLOUR('',#12432);
#12836 = STYLED_ITEM('color',(#12837),#2136);
#12837 = PRESENTATION_STYLE_ASSIGNMENT((#12838));
#12838 = SURFACE_STYLE_USAGE(.BOTH.,#12839);
#12839 = SURFACE_SIDE_STYLE('',(#12840));
#12840 = SURFACE_STYLE_FILL_AREA(#12841);
#12841 = FILL_AREA_STYLE('',(#12842));
#12842 = FILL_AREA_STYLE_COLOUR('',#12786);
#12843 = STYLED_ITEM('color',(#12844),#2153);
#12844 = PRESENTATION_STYLE_ASSIGNMENT((#12845));
#12845 = SURFACE_STYLE_USAGE(.BOTH.,#12846);
#12846 = SURFACE_SIDE_STYLE('',(#12847));
#12847 = SURFACE_STYLE_FILL_AREA(#12848);
#12848 = FILL_AREA_STYLE('',(#12849));
#12849 = FILL_AREA_STYLE_COLOUR('',#12786);
#12850 = STYLED_ITEM('color',(#12851),#2170);
#12851 = PRESENTATION_STYLE_ASSIGNMENT((#12852));
#12852 = SURFACE_STYLE_USAGE(.BOTH.,#12853);
#12853 = SURFACE_SIDE_STYLE('',(#12854));
#12854 = SURFACE_STYLE_FILL_AREA(#12855);
#12855 = FILL_AREA_STYLE('',(#12856));
#12856 = FILL_AREA_STYLE_COLOUR('',#12432);
#12857 = STYLED_ITEM('color',(#12858),#2219);
#12858 = PRESENTATION_STYLE_ASSIGNMENT((#12859));
#12859 = SURFACE_STYLE_USAGE(.BOTH.,#12860);
#12860 = SURFACE_SIDE_STYLE('',(#12861));
#12861 = SURFACE_STYLE_FILL_AREA(#12862);
#12862 = FILL_AREA_STYLE('',(#12863));
#12863 = FILL_AREA_STYLE_COLOUR('',#12432);
#12864 = STYLED_ITEM('color',(#12865),#2236);
#12865 = PRESENTATION_STYLE_ASSIGNMENT((#12866));
#12866 = SURFACE_STYLE_USAGE(.BOTH.,#12867);
#12867 = SURFACE_SIDE_STYLE('',(#12868));
#12868 = SURFACE_STYLE_FILL_AREA(#12869);
#12869 = FILL_AREA_STYLE('',(#12870));
#12870 = FILL_AREA_STYLE_COLOUR('',#12786);
#12871 = STYLED_ITEM('color',(#12872),#2305);
#12872 = PRESENTATION_STYLE_ASSIGNMENT((#12873));
#12873 = SURFACE_STYLE_USAGE(.BOTH.,#12874);
#12874 = SURFACE_SIDE_STYLE('',(#12875));
#12875 = SURFACE_STYLE_FILL_AREA(#12876);
#12876 = FILL_AREA_STYLE('',(#12877));
#12877 = FILL_AREA_STYLE_COLOUR('',#12878);
#12878 = COLOUR_RGB('',8.200000279077E-02,8.600000121357E-02,
  9.399999706163E-02);
#12879 = STYLED_ITEM('color',(#12880),#2336);
#12880 = PRESENTATION_STYLE_ASSIGNMENT((#12881));
#12881 = SURFACE_STYLE_USAGE(.BOTH.,#12882);
#12882 = SURFACE_SIDE_STYLE('',(#12883));
#12883 = SURFACE_STYLE_FILL_AREA(#12884);
#12884 = FILL_AREA_STYLE('',(#12885));
#12885 = FILL_AREA_STYLE_COLOUR('',#12878);
#12886 = STYLED_ITEM('color',(#12887),#2360);
#12887 = PRESENTATION_STYLE_ASSIGNMENT((#12888));
#12888 = SURFACE_STYLE_USAGE(.BOTH.,#12889);
#12889 = SURFACE_SIDE_STYLE('',(#12890));
#12890 = SURFACE_STYLE_FILL_AREA(#12891);
#12891 = FILL_AREA_STYLE('',(#12892));
#12892 = FILL_AREA_STYLE_COLOUR('',#12786);
#12893 = STYLED_ITEM('color',(#12894),#2429);
#12894 = PRESENTATION_STYLE_ASSIGNMENT((#12895));
#12895 = SURFACE_STYLE_USAGE(.BOTH.,#12896);
#12896 = SURFACE_SIDE_STYLE('',(#12897));
#12897 = SURFACE_STYLE_FILL_AREA(#12898);
#12898 = FILL_AREA_STYLE('',(#12899));
#12899 = FILL_AREA_STYLE_COLOUR('',#12878);
#12900 = STYLED_ITEM('color',(#12901),#2453);
#12901 = PRESENTATION_STYLE_ASSIGNMENT((#12902));
#12902 = SURFACE_STYLE_USAGE(.BOTH.,#12903);
#12903 = SURFACE_SIDE_STYLE('',(#12904));
#12904 = SURFACE_STYLE_FILL_AREA(#12905);
#12905 = FILL_AREA_STYLE('',(#12906));
#12906 = FILL_AREA_STYLE_COLOUR('',#12786);
#12907 = STYLED_ITEM('color',(#12908),#2470);
#12908 = PRESENTATION_STYLE_ASSIGNMENT((#12909));
#12909 = SURFACE_STYLE_USAGE(.BOTH.,#12910);
#12910 = SURFACE_SIDE_STYLE('',(#12911));
#12911 = SURFACE_STYLE_FILL_AREA(#12912);
#12912 = FILL_AREA_STYLE('',(#12913));
#12913 = FILL_AREA_STYLE_COLOUR('',#12786);
#12914 = STYLED_ITEM('color',(#12915),#2487);
#12915 = PRESENTATION_STYLE_ASSIGNMENT((#12916));
#12916 = SURFACE_STYLE_USAGE(.BOTH.,#12917);
#12917 = SURFACE_SIDE_STYLE('',(#12918));
#12918 = SURFACE_STYLE_FILL_AREA(#12919);
#12919 = FILL_AREA_STYLE('',(#12920));
#12920 = FILL_AREA_STYLE_COLOUR('',#12786);
#12921 = STYLED_ITEM('color',(#12922),#2504);
#12922 = PRESENTATION_STYLE_ASSIGNMENT((#12923));
#12923 = SURFACE_STYLE_USAGE(.BOTH.,#12924);
#12924 = SURFACE_SIDE_STYLE('',(#12925));
#12925 = SURFACE_STYLE_FILL_AREA(#12926);
#12926 = FILL_AREA_STYLE('',(#12927));
#12927 = FILL_AREA_STYLE_COLOUR('',#12786);
#12928 = STYLED_ITEM('color',(#12929),#2521);
#12929 = PRESENTATION_STYLE_ASSIGNMENT((#12930));
#12930 = SURFACE_STYLE_USAGE(.BOTH.,#12931);
#12931 = SURFACE_SIDE_STYLE('',(#12932));
#12932 = SURFACE_STYLE_FILL_AREA(#12933);
#12933 = FILL_AREA_STYLE('',(#12934));
#12934 = FILL_AREA_STYLE_COLOUR('',#12786);
#12935 = STYLED_ITEM('color',(#12936),#2538);
#12936 = PRESENTATION_STYLE_ASSIGNMENT((#12937));
#12937 = SURFACE_STYLE_USAGE(.BOTH.,#12938);
#12938 = SURFACE_SIDE_STYLE('',(#12939));
#12939 = SURFACE_STYLE_FILL_AREA(#12940);
#12940 = FILL_AREA_STYLE('',(#12941));
#12941 = FILL_AREA_STYLE_COLOUR('',#12786);
#12942 = STYLED_ITEM('color',(#12943),#2555);
#12943 = PRESENTATION_STYLE_ASSIGNMENT((#12944));
#12944 = SURFACE_STYLE_USAGE(.BOTH.,#12945);
#12945 = SURFACE_SIDE_STYLE('',(#12946));
#12946 = SURFACE_STYLE_FILL_AREA(#12947);
#12947 = FILL_AREA_STYLE('',(#12948));
#12948 = FILL_AREA_STYLE_COLOUR('',#12786);
#12949 = STYLED_ITEM('color',(#12950),#2572);
#12950 = PRESENTATION_STYLE_ASSIGNMENT((#12951));
#12951 = SURFACE_STYLE_USAGE(.BOTH.,#12952);
#12952 = SURFACE_SIDE_STYLE('',(#12953));
#12953 = SURFACE_STYLE_FILL_AREA(#12954);
#12954 = FILL_AREA_STYLE('',(#12955));
#12955 = FILL_AREA_STYLE_COLOUR('',#12878);
#12956 = STYLED_ITEM('color',(#12957),#2589);
#12957 = PRESENTATION_STYLE_ASSIGNMENT((#12958));
#12958 = SURFACE_STYLE_USAGE(.BOTH.,#12959);
#12959 = SURFACE_SIDE_STYLE('',(#12960));
#12960 = SURFACE_STYLE_FILL_AREA(#12961);
#12961 = FILL_AREA_STYLE('',(#12962));
#12962 = FILL_AREA_STYLE_COLOUR('',#12878);
#12963 = MECHANICAL_DESIGN_GEOMETRIC_PRESENTATION_REPRESENTATION('',(
    #12964,#12971,#12978,#12985,#12992,#12999,#13006,#13013,#13020,
    #13027,#13034,#13042,#13049,#13056,#13063,#13070,#13077,#13084,
    #13091,#13098,#13105,#13112,#13119,#13126,#13133,#13140,#13147,
    #13154),#983);
#12964 = STYLED_ITEM('color',(#12965),#131);
#12965 = PRESENTATION_STYLE_ASSIGNMENT((#12966));
#12966 = SURFACE_STYLE_USAGE(.BOTH.,#12967);
#12967 = SURFACE_SIDE_STYLE('',(#12968));
#12968 = SURFACE_STYLE_FILL_AREA(#12969);
#12969 = FILL_AREA_STYLE('',(#12970));
#12970 = FILL_AREA_STYLE_COLOUR('',#12786);
#12971 = STYLED_ITEM('color',(#12972),#207);
#12972 = PRESENTATION_STYLE_ASSIGNMENT((#12973));
#12973 = SURFACE_STYLE_USAGE(.BOTH.,#12974);
#12974 = SURFACE_SIDE_STYLE('',(#12975));
#12975 = SURFACE_STYLE_FILL_AREA(#12976);
#12976 = FILL_AREA_STYLE('',(#12977));
#12977 = FILL_AREA_STYLE_COLOUR('',#12786);
#12978 = STYLED_ITEM('color',(#12979),#238);
#12979 = PRESENTATION_STYLE_ASSIGNMENT((#12980));
#12980 = SURFACE_STYLE_USAGE(.BOTH.,#12981);
#12981 = SURFACE_SIDE_STYLE('',(#12982));
#12982 = SURFACE_STYLE_FILL_AREA(#12983);
#12983 = FILL_AREA_STYLE('',(#12984));
#12984 = FILL_AREA_STYLE_COLOUR('',#12786);
#12985 = STYLED_ITEM('color',(#12986),#263);
#12986 = PRESENTATION_STYLE_ASSIGNMENT((#12987));
#12987 = SURFACE_STYLE_USAGE(.BOTH.,#12988);
#12988 = SURFACE_SIDE_STYLE('',(#12989));
#12989 = SURFACE_STYLE_FILL_AREA(#12990);
#12990 = FILL_AREA_STYLE('',(#12991));
#12991 = FILL_AREA_STYLE_COLOUR('',#12786);
#12992 = STYLED_ITEM('color',(#12993),#288);
#12993 = PRESENTATION_STYLE_ASSIGNMENT((#12994));
#12994 = SURFACE_STYLE_USAGE(.BOTH.,#12995);
#12995 = SURFACE_SIDE_STYLE('',(#12996));
#12996 = SURFACE_STYLE_FILL_AREA(#12997);
#12997 = FILL_AREA_STYLE('',(#12998));
#12998 = FILL_AREA_STYLE_COLOUR('',#12786);
#12999 = STYLED_ITEM('color',(#13000),#312);
#13000 = PRESENTATION_STYLE_ASSIGNMENT((#13001));
#13001 = SURFACE_STYLE_USAGE(.BOTH.,#13002);
#13002 = SURFACE_SIDE_STYLE('',(#13003));
#13003 = SURFACE_STYLE_FILL_AREA(#13004);
#13004 = FILL_AREA_STYLE('',(#13005));
#13005 = FILL_AREA_STYLE_COLOUR('',#12786);
#13006 = STYLED_ITEM('color',(#13007),#336);
#13007 = PRESENTATION_STYLE_ASSIGNMENT((#13008));
#13008 = SURFACE_STYLE_USAGE(.BOTH.,#13009);
#13009 = SURFACE_SIDE_STYLE('',(#13010));
#13010 = SURFACE_STYLE_FILL_AREA(#13011);
#13011 = FILL_AREA_STYLE('',(#13012));
#13012 = FILL_AREA_STYLE_COLOUR('',#12786);
#13013 = STYLED_ITEM('color',(#13014),#361);
#13014 = PRESENTATION_STYLE_ASSIGNMENT((#13015));
#13015 = SURFACE_STYLE_USAGE(.BOTH.,#13016);
#13016 = SURFACE_SIDE_STYLE('',(#13017));
#13017 = SURFACE_STYLE_FILL_AREA(#13018);
#13018 = FILL_AREA_STYLE('',(#13019));
#13019 = FILL_AREA_STYLE_COLOUR('',#12786);
#13020 = STYLED_ITEM('color',(#13021),#386);
#13021 = PRESENTATION_STYLE_ASSIGNMENT((#13022));
#13022 = SURFACE_STYLE_USAGE(.BOTH.,#13023);
#13023 = SURFACE_SIDE_STYLE('',(#13024));
#13024 = SURFACE_STYLE_FILL_AREA(#13025);
#13025 = FILL_AREA_STYLE('',(#13026));
#13026 = FILL_AREA_STYLE_COLOUR('',#12786);
#13027 = STYLED_ITEM('color',(#13028),#403);
#13028 = PRESENTATION_STYLE_ASSIGNMENT((#13029));
#13029 = SURFACE_STYLE_USAGE(.BOTH.,#13030);
#13030 = SURFACE_SIDE_STYLE('',(#13031));
#13031 = SURFACE_STYLE_FILL_AREA(#13032);
#13032 = FILL_AREA_STYLE('',(#13033));
#13033 = FILL_AREA_STYLE_COLOUR('',#12786);
#13034 = STYLED_ITEM('color',(#13035),#489);
#13035 = PRESENTATION_STYLE_ASSIGNMENT((#13036));
#13036 = SURFACE_STYLE_USAGE(.BOTH.,#13037);
#13037 = SURFACE_SIDE_STYLE('',(#13038));
#13038 = SURFACE_STYLE_FILL_AREA(#13039);
#13039 = FILL_AREA_STYLE('',(#13040));
#13040 = FILL_AREA_STYLE_COLOUR('',#13041);
#13041 = COLOUR_RGB('',0.379000005575,0.270000008848,0.214999999939);
#13042 = STYLED_ITEM('color',(#13043),#521);
#13043 = PRESENTATION_STYLE_ASSIGNMENT((#13044));
#13044 = SURFACE_STYLE_USAGE(.BOTH.,#13045);
#13045 = SURFACE_SIDE_STYLE('',(#13046));
#13046 = SURFACE_STYLE_FILL_AREA(#13047);
#13047 = FILL_AREA_STYLE('',(#13048));
#13048 = FILL_AREA_STYLE_COLOUR('',#13041);
#13049 = STYLED_ITEM('color',(#13050),#545);
#13050 = PRESENTATION_STYLE_ASSIGNMENT((#13051));
#13051 = SURFACE_STYLE_USAGE(.BOTH.,#13052);
#13052 = SURFACE_SIDE_STYLE('',(#13053));
#13053 = SURFACE_STYLE_FILL_AREA(#13054);
#13054 = FILL_AREA_STYLE('',(#13055));
#13055 = FILL_AREA_STYLE_COLOUR('',#13041);
#13056 = STYLED_ITEM('color',(#13057),#570);
#13057 = PRESENTATION_STYLE_ASSIGNMENT((#13058));
#13058 = SURFACE_STYLE_USAGE(.BOTH.,#13059);
#13059 = SURFACE_SIDE_STYLE('',(#13060));
#13060 = SURFACE_STYLE_FILL_AREA(#13061);
#13061 = FILL_AREA_STYLE('',(#13062));
#13062 = FILL_AREA_STYLE_COLOUR('',#13041);
#13063 = STYLED_ITEM('color',(#13064),#594);
#13064 = PRESENTATION_STYLE_ASSIGNMENT((#13065));
#13065 = SURFACE_STYLE_USAGE(.BOTH.,#13066);
#13066 = SURFACE_SIDE_STYLE('',(#13067));
#13067 = SURFACE_STYLE_FILL_AREA(#13068);
#13068 = FILL_AREA_STYLE('',(#13069));
#13069 = FILL_AREA_STYLE_COLOUR('',#13041);
#13070 = STYLED_ITEM('color',(#13071),#619);
#13071 = PRESENTATION_STYLE_ASSIGNMENT((#13072));
#13072 = SURFACE_STYLE_USAGE(.BOTH.,#13073);
#13073 = SURFACE_SIDE_STYLE('',(#13074));
#13074 = SURFACE_STYLE_FILL_AREA(#13075);
#13075 = FILL_AREA_STYLE('',(#13076));
#13076 = FILL_AREA_STYLE_COLOUR('',#13041);
#13077 = STYLED_ITEM('color',(#13078),#643);
#13078 = PRESENTATION_STYLE_ASSIGNMENT((#13079));
#13079 = SURFACE_STYLE_USAGE(.BOTH.,#13080);
#13080 = SURFACE_SIDE_STYLE('',(#13081));
#13081 = SURFACE_STYLE_FILL_AREA(#13082);
#13082 = FILL_AREA_STYLE('',(#13083));
#13083 = FILL_AREA_STYLE_COLOUR('',#13041);
#13084 = STYLED_ITEM('color',(#13085),#668);
#13085 = PRESENTATION_STYLE_ASSIGNMENT((#13086));
#13086 = SURFACE_STYLE_USAGE(.BOTH.,#13087);
#13087 = SURFACE_SIDE_STYLE('',(#13088));
#13088 = SURFACE_STYLE_FILL_AREA(#13089);
#13089 = FILL_AREA_STYLE('',(#13090));
#13090 = FILL_AREA_STYLE_COLOUR('',#13041);
#13091 = STYLED_ITEM('color',(#13092),#685);
#13092 = PRESENTATION_STYLE_ASSIGNMENT((#13093));
#13093 = SURFACE_STYLE_USAGE(.BOTH.,#13094);
#13094 = SURFACE_SIDE_STYLE('',(#13095));
#13095 = SURFACE_STYLE_FILL_AREA(#13096);
#13096 = FILL_AREA_STYLE('',(#13097));
#13097 = FILL_AREA_STYLE_COLOUR('',#12786);
#13098 = STYLED_ITEM('color',(#13099),#771);
#13099 = PRESENTATION_STYLE_ASSIGNMENT((#13100));
#13100 = SURFACE_STYLE_USAGE(.BOTH.,#13101);
#13101 = SURFACE_SIDE_STYLE('',(#13102));
#13102 = SURFACE_STYLE_FILL_AREA(#13103);
#13103 = FILL_AREA_STYLE('',(#13104));
#13104 = FILL_AREA_STYLE_COLOUR('',#12786);
#13105 = STYLED_ITEM('color',(#13106),#802);
#13106 = PRESENTATION_STYLE_ASSIGNMENT((#13107));
#13107 = SURFACE_STYLE_USAGE(.BOTH.,#13108);
#13108 = SURFACE_SIDE_STYLE('',(#13109));
#13109 = SURFACE_STYLE_FILL_AREA(#13110);
#13110 = FILL_AREA_STYLE('',(#13111));
#13111 = FILL_AREA_STYLE_COLOUR('',#12786);
#13112 = STYLED_ITEM('color',(#13113),#827);
#13113 = PRESENTATION_STYLE_ASSIGNMENT((#13114));
#13114 = SURFACE_STYLE_USAGE(.BOTH.,#13115);
#13115 = SURFACE_SIDE_STYLE('',(#13116));
#13116 = SURFACE_STYLE_FILL_AREA(#13117);
#13117 = FILL_AREA_STYLE('',(#13118));
#13118 = FILL_AREA_STYLE_COLOUR('',#12786);
#13119 = STYLED_ITEM('color',(#13120),#852);
#13120 = PRESENTATION_STYLE_ASSIGNMENT((#13121));
#13121 = SURFACE_STYLE_USAGE(.BOTH.,#13122);
#13122 = SURFACE_SIDE_STYLE('',(#13123));
#13123 = SURFACE_STYLE_FILL_AREA(#13124);
#13124 = FILL_AREA_STYLE('',(#13125));
#13125 = FILL_AREA_STYLE_COLOUR('',#12786);
#13126 = STYLED_ITEM('color',(#13127),#876);
#13127 = PRESENTATION_STYLE_ASSIGNMENT((#13128));
#13128 = SURFACE_STYLE_USAGE(.BOTH.,#13129);
#13129 = SURFACE_SIDE_STYLE('',(#13130));
#13130 = SURFACE_STYLE_FILL_AREA(#13131);
#13131 = FILL_AREA_STYLE('',(#13132));
#13132 = FILL_AREA_STYLE_COLOUR('',#12786);
#13133 = STYLED_ITEM('color',(#13134),#900);
#13134 = PRESENTATION_STYLE_ASSIGNMENT((#13135));
#13135 = SURFACE_STYLE_USAGE(.BOTH.,#13136);
#13136 = SURFACE_SIDE_STYLE('',(#13137));
#13137 = SURFACE_STYLE_FILL_AREA(#13138);
#13138 = FILL_AREA_STYLE('',(#13139));
#13139 = FILL_AREA_STYLE_COLOUR('',#12786);
#13140 = STYLED_ITEM('color',(#13141),#925);
#13141 = PRESENTATION_STYLE_ASSIGNMENT((#13142));
#13142 = SURFACE_STYLE_USAGE(.BOTH.,#13143);
#13143 = SURFACE_SIDE_STYLE('',(#13144));
#13144 = SURFACE_STYLE_FILL_AREA(#13145);
#13145 = FILL_AREA_STYLE('',(#13146));
#13146 = FILL_AREA_STYLE_COLOUR('',#12786);
#13147 = STYLED_ITEM('color',(#13148),#950);
#13148 = PRESENTATION_STYLE_ASSIGNMENT((#13149));
#13149 = SURFACE_STYLE_USAGE(.BOTH.,#13150);
#13150 = SURFACE_SIDE_STYLE('',(#13151));
#13151 = SURFACE_STYLE_FILL_AREA(#13152);
#13152 = FILL_AREA_STYLE('',(#13153));
#13153 = FILL_AREA_STYLE_COLOUR('',#12786);
#13154 = STYLED_ITEM('color',(#13155),#967);
#13155 = PRESENTATION_STYLE_ASSIGNMENT((#13156));
#13156 = SURFACE_STYLE_USAGE(.BOTH.,#13157);
#13157 = SURFACE_SIDE_STYLE('',(#13158));
#13158 = SURFACE_STYLE_FILL_AREA(#13159);
#13159 = FILL_AREA_STYLE('',(#13160));
#13160 = FILL_AREA_STYLE_COLOUR('',#12786);
#13161 = MECHANICAL_DESIGN_GEOMETRIC_PRESENTATION_REPRESENTATION('',(
    #13162,#13170,#13177,#13184,#13191,#13198,#13205,#13212,#13219,
    #13226,#13233,#13240,#13247,#13254,#13261,#13268,#13275,#13282,
    #13289,#13296,#13303,#13310,#13317,#13324,#13331,#13338,#13345,
    #13352,#13359,#13366,#13373,#13380,#13387,#13394,#13401,#13408,
    #13415,#13422,#13429,#13436,#13443,#13450,#13457,#13464,#13471,
    #13478,#13485,#13492,#13499,#13506,#13513,#13520,#13527,#13534,
    #13541,#13548,#13555,#13562,#13569,#13576,#13583,#13590,#13597,
    #13604,#13611,#13618,#13625,#13632,#13639,#13646,#13653,#13660,
    #13667,#13674,#13681,#13688,#13695,#13702,#13709,#13716,#13723,
    #13730,#13737,#13744,#13751,#13758,#13765,#13772,#13779,#13786,
    #13793,#13800,#13807,#13814,#13821,#13828,#13835,#13842,#13849,
    #13856,#13863,#13870,#13877,#13884,#13891),#7416);
#13162 = STYLED_ITEM('color',(#13163),#4189);
#13163 = PRESENTATION_STYLE_ASSIGNMENT((#13164));
#13164 = SURFACE_STYLE_USAGE(.BOTH.,#13165);
#13165 = SURFACE_SIDE_STYLE('',(#13166));
#13166 = SURFACE_STYLE_FILL_AREA(#13167);
#13167 = FILL_AREA_STYLE('',(#13168));
#13168 = FILL_AREA_STYLE_COLOUR('',#13169);
#13169 = COLOUR_RGB('',0.147999998088,0.144999993226,0.144999993226);
#13170 = STYLED_ITEM('color',(#13171),#4206);
#13171 = PRESENTATION_STYLE_ASSIGNMENT((#13172));
#13172 = SURFACE_STYLE_USAGE(.BOTH.,#13173);
#13173 = SURFACE_SIDE_STYLE('',(#13174));
#13174 = SURFACE_STYLE_FILL_AREA(#13175);
#13175 = FILL_AREA_STYLE('',(#13176));
#13176 = FILL_AREA_STYLE_COLOUR('',#13169);
#13177 = STYLED_ITEM('color',(#13178),#4231);
#13178 = PRESENTATION_STYLE_ASSIGNMENT((#13179));
#13179 = SURFACE_STYLE_USAGE(.BOTH.,#13180);
#13180 = SURFACE_SIDE_STYLE('',(#13181));
#13181 = SURFACE_STYLE_FILL_AREA(#13182);
#13182 = FILL_AREA_STYLE('',(#13183));
#13183 = FILL_AREA_STYLE_COLOUR('',#12786);
#13184 = STYLED_ITEM('color',(#13185),#4354);
#13185 = PRESENTATION_STYLE_ASSIGNMENT((#13186));
#13186 = SURFACE_STYLE_USAGE(.BOTH.,#13187);
#13187 = SURFACE_SIDE_STYLE('',(#13188));
#13188 = SURFACE_STYLE_FILL_AREA(#13189);
#13189 = FILL_AREA_STYLE('',(#13190));
#13190 = FILL_AREA_STYLE_COLOUR('',#12786);
#13191 = STYLED_ITEM('color',(#13192),#4385);
#13192 = PRESENTATION_STYLE_ASSIGNMENT((#13193));
#13193 = SURFACE_STYLE_USAGE(.BOTH.,#13194);
#13194 = SURFACE_SIDE_STYLE('',(#13195));
#13195 = SURFACE_STYLE_FILL_AREA(#13196);
#13196 = FILL_AREA_STYLE('',(#13197));
#13197 = FILL_AREA_STYLE_COLOUR('',#12786);
#13198 = STYLED_ITEM('color',(#13199),#4410);
#13199 = PRESENTATION_STYLE_ASSIGNMENT((#13200));
#13200 = SURFACE_STYLE_USAGE(.BOTH.,#13201);
#13201 = SURFACE_SIDE_STYLE('',(#13202));
#13202 = SURFACE_STYLE_FILL_AREA(#13203);
#13203 = FILL_AREA_STYLE('',(#13204));
#13204 = FILL_AREA_STYLE_COLOUR('',#12786);
#13205 = STYLED_ITEM('color',(#13206),#4435);
#13206 = PRESENTATION_STYLE_ASSIGNMENT((#13207));
#13207 = SURFACE_STYLE_USAGE(.BOTH.,#13208);
#13208 = SURFACE_SIDE_STYLE('',(#13209));
#13209 = SURFACE_STYLE_FILL_AREA(#13210);
#13210 = FILL_AREA_STYLE('',(#13211));
#13211 = FILL_AREA_STYLE_COLOUR('',#12786);
#13212 = STYLED_ITEM('color',(#13213),#4459);
#13213 = PRESENTATION_STYLE_ASSIGNMENT((#13214));
#13214 = SURFACE_STYLE_USAGE(.BOTH.,#13215);
#13215 = SURFACE_SIDE_STYLE('',(#13216));
#13216 = SURFACE_STYLE_FILL_AREA(#13217);
#13217 = FILL_AREA_STYLE('',(#13218));
#13218 = FILL_AREA_STYLE_COLOUR('',#12786);
#13219 = STYLED_ITEM('color',(#13220),#4483);
#13220 = PRESENTATION_STYLE_ASSIGNMENT((#13221));
#13221 = SURFACE_STYLE_USAGE(.BOTH.,#13222);
#13222 = SURFACE_SIDE_STYLE('',(#13223));
#13223 = SURFACE_STYLE_FILL_AREA(#13224);
#13224 = FILL_AREA_STYLE('',(#13225));
#13225 = FILL_AREA_STYLE_COLOUR('',#12786);
#13226 = STYLED_ITEM('color',(#13227),#4508);
#13227 = PRESENTATION_STYLE_ASSIGNMENT((#13228));
#13228 = SURFACE_STYLE_USAGE(.BOTH.,#13229);
#13229 = SURFACE_SIDE_STYLE('',(#13230));
#13230 = SURFACE_STYLE_FILL_AREA(#13231);
#13231 = FILL_AREA_STYLE('',(#13232));
#13232 = FILL_AREA_STYLE_COLOUR('',#12786);
#13233 = STYLED_ITEM('color',(#13234),#4533);
#13234 = PRESENTATION_STYLE_ASSIGNMENT((#13235));
#13235 = SURFACE_STYLE_USAGE(.BOTH.,#13236);
#13236 = SURFACE_SIDE_STYLE('',(#13237));
#13237 = SURFACE_STYLE_FILL_AREA(#13238);
#13238 = FILL_AREA_STYLE('',(#13239));
#13239 = FILL_AREA_STYLE_COLOUR('',#12786);
#13240 = STYLED_ITEM('color',(#13241),#4550);
#13241 = PRESENTATION_STYLE_ASSIGNMENT((#13242));
#13242 = SURFACE_STYLE_USAGE(.BOTH.,#13243);
#13243 = SURFACE_SIDE_STYLE('',(#13244));
#13244 = SURFACE_STYLE_FILL_AREA(#13245);
#13245 = FILL_AREA_STYLE('',(#13246));
#13246 = FILL_AREA_STYLE_COLOUR('',#13169);
#13247 = STYLED_ITEM('color',(#13248),#4575);
#13248 = PRESENTATION_STYLE_ASSIGNMENT((#13249));
#13249 = SURFACE_STYLE_USAGE(.BOTH.,#13250);
#13250 = SURFACE_SIDE_STYLE('',(#13251));
#13251 = SURFACE_STYLE_FILL_AREA(#13252);
#13252 = FILL_AREA_STYLE('',(#13253));
#13253 = FILL_AREA_STYLE_COLOUR('',#13169);
#13254 = STYLED_ITEM('color',(#13255),#4600);
#13255 = PRESENTATION_STYLE_ASSIGNMENT((#13256));
#13256 = SURFACE_STYLE_USAGE(.BOTH.,#13257);
#13257 = SURFACE_SIDE_STYLE('',(#13258));
#13258 = SURFACE_STYLE_FILL_AREA(#13259);
#13259 = FILL_AREA_STYLE('',(#13260));
#13260 = FILL_AREA_STYLE_COLOUR('',#13169);
#13261 = STYLED_ITEM('color',(#13262),#4625);
#13262 = PRESENTATION_STYLE_ASSIGNMENT((#13263));
#13263 = SURFACE_STYLE_USAGE(.BOTH.,#13264);
#13264 = SURFACE_SIDE_STYLE('',(#13265));
#13265 = SURFACE_STYLE_FILL_AREA(#13266);
#13266 = FILL_AREA_STYLE('',(#13267));
#13267 = FILL_AREA_STYLE_COLOUR('',#13169);
#13268 = STYLED_ITEM('color',(#13269),#4650);
#13269 = PRESENTATION_STYLE_ASSIGNMENT((#13270));
#13270 = SURFACE_STYLE_USAGE(.BOTH.,#13271);
#13271 = SURFACE_SIDE_STYLE('',(#13272));
#13272 = SURFACE_STYLE_FILL_AREA(#13273);
#13273 = FILL_AREA_STYLE('',(#13274));
#13274 = FILL_AREA_STYLE_COLOUR('',#13169);
#13275 = STYLED_ITEM('color',(#13276),#4681);
#13276 = PRESENTATION_STYLE_ASSIGNMENT((#13277));
#13277 = SURFACE_STYLE_USAGE(.BOTH.,#13278);
#13278 = SURFACE_SIDE_STYLE('',(#13279));
#13279 = SURFACE_STYLE_FILL_AREA(#13280);
#13280 = FILL_AREA_STYLE('',(#13281));
#13281 = FILL_AREA_STYLE_COLOUR('',#13169);
#13282 = STYLED_ITEM('color',(#13283),#4706);
#13283 = PRESENTATION_STYLE_ASSIGNMENT((#13284));
#13284 = SURFACE_STYLE_USAGE(.BOTH.,#13285);
#13285 = SURFACE_SIDE_STYLE('',(#13286));
#13286 = SURFACE_STYLE_FILL_AREA(#13287);
#13287 = FILL_AREA_STYLE('',(#13288));
#13288 = FILL_AREA_STYLE_COLOUR('',#13169);
#13289 = STYLED_ITEM('color',(#13290),#4731);
#13290 = PRESENTATION_STYLE_ASSIGNMENT((#13291));
#13291 = SURFACE_STYLE_USAGE(.BOTH.,#13292);
#13292 = SURFACE_SIDE_STYLE('',(#13293));
#13293 = SURFACE_STYLE_FILL_AREA(#13294);
#13294 = FILL_AREA_STYLE('',(#13295));
#13295 = FILL_AREA_STYLE_COLOUR('',#13169);
#13296 = STYLED_ITEM('color',(#13297),#4819);
#13297 = PRESENTATION_STYLE_ASSIGNMENT((#13298));
#13298 = SURFACE_STYLE_USAGE(.BOTH.,#13299);
#13299 = SURFACE_SIDE_STYLE('',(#13300));
#13300 = SURFACE_STYLE_FILL_AREA(#13301);
#13301 = FILL_AREA_STYLE('',(#13302));
#13302 = FILL_AREA_STYLE_COLOUR('',#13169);
#13303 = STYLED_ITEM('color',(#13304),#4907);
#13304 = PRESENTATION_STYLE_ASSIGNMENT((#13305));
#13305 = SURFACE_STYLE_USAGE(.BOTH.,#13306);
#13306 = SURFACE_SIDE_STYLE('',(#13307));
#13307 = SURFACE_STYLE_FILL_AREA(#13308);
#13308 = FILL_AREA_STYLE('',(#13309));
#13309 = FILL_AREA_STYLE_COLOUR('',#13169);
#13310 = STYLED_ITEM('color',(#13311),#4932);
#13311 = PRESENTATION_STYLE_ASSIGNMENT((#13312));
#13312 = SURFACE_STYLE_USAGE(.BOTH.,#13313);
#13313 = SURFACE_SIDE_STYLE('',(#13314));
#13314 = SURFACE_STYLE_FILL_AREA(#13315);
#13315 = FILL_AREA_STYLE('',(#13316));
#13316 = FILL_AREA_STYLE_COLOUR('',#13169);
#13317 = STYLED_ITEM('color',(#13318),#4957);
#13318 = PRESENTATION_STYLE_ASSIGNMENT((#13319));
#13319 = SURFACE_STYLE_USAGE(.BOTH.,#13320);
#13320 = SURFACE_SIDE_STYLE('',(#13321));
#13321 = SURFACE_STYLE_FILL_AREA(#13322);
#13322 = FILL_AREA_STYLE('',(#13323));
#13323 = FILL_AREA_STYLE_COLOUR('',#13169);
#13324 = STYLED_ITEM('color',(#13325),#4974);
#13325 = PRESENTATION_STYLE_ASSIGNMENT((#13326));
#13326 = SURFACE_STYLE_USAGE(.BOTH.,#13327);
#13327 = SURFACE_SIDE_STYLE('',(#13328));
#13328 = SURFACE_STYLE_FILL_AREA(#13329);
#13329 = FILL_AREA_STYLE('',(#13330));
#13330 = FILL_AREA_STYLE_COLOUR('',#13169);
#13331 = STYLED_ITEM('color',(#13332),#4983);
#13332 = PRESENTATION_STYLE_ASSIGNMENT((#13333));
#13333 = SURFACE_STYLE_USAGE(.BOTH.,#13334);
#13334 = SURFACE_SIDE_STYLE('',(#13335));
#13335 = SURFACE_STYLE_FILL_AREA(#13336);
#13336 = FILL_AREA_STYLE('',(#13337));
#13337 = FILL_AREA_STYLE_COLOUR('',#13169);
#13338 = STYLED_ITEM('color',(#13339),#5009);
#13339 = PRESENTATION_STYLE_ASSIGNMENT((#13340));
#13340 = SURFACE_STYLE_USAGE(.BOTH.,#13341);
#13341 = SURFACE_SIDE_STYLE('',(#13342));
#13342 = SURFACE_STYLE_FILL_AREA(#13343);
#13343 = FILL_AREA_STYLE('',(#13344));
#13344 = FILL_AREA_STYLE_COLOUR('',#13169);
#13345 = STYLED_ITEM('color',(#13346),#5018);
#13346 = PRESENTATION_STYLE_ASSIGNMENT((#13347));
#13347 = SURFACE_STYLE_USAGE(.BOTH.,#13348);
#13348 = SURFACE_SIDE_STYLE('',(#13349));
#13349 = SURFACE_STYLE_FILL_AREA(#13350);
#13350 = FILL_AREA_STYLE('',(#13351));
#13351 = FILL_AREA_STYLE_COLOUR('',#13169);
#13352 = STYLED_ITEM('color',(#13353),#5027);
#13353 = PRESENTATION_STYLE_ASSIGNMENT((#13354));
#13354 = SURFACE_STYLE_USAGE(.BOTH.,#13355);
#13355 = SURFACE_SIDE_STYLE('',(#13356));
#13356 = SURFACE_STYLE_FILL_AREA(#13357);
#13357 = FILL_AREA_STYLE('',(#13358));
#13358 = FILL_AREA_STYLE_COLOUR('',#13169);
#13359 = STYLED_ITEM('color',(#13360),#5071);
#13360 = PRESENTATION_STYLE_ASSIGNMENT((#13361));
#13361 = SURFACE_STYLE_USAGE(.BOTH.,#13362);
#13362 = SURFACE_SIDE_STYLE('',(#13363));
#13363 = SURFACE_STYLE_FILL_AREA(#13364);
#13364 = FILL_AREA_STYLE('',(#13365));
#13365 = FILL_AREA_STYLE_COLOUR('',#12786);
#13366 = STYLED_ITEM('color',(#13367),#5221);
#13367 = PRESENTATION_STYLE_ASSIGNMENT((#13368));
#13368 = SURFACE_STYLE_USAGE(.BOTH.,#13369);
#13369 = SURFACE_SIDE_STYLE('',(#13370));
#13370 = SURFACE_STYLE_FILL_AREA(#13371);
#13371 = FILL_AREA_STYLE('',(#13372));
#13372 = FILL_AREA_STYLE_COLOUR('',#12786);
#13373 = STYLED_ITEM('color',(#13374),#5245);
#13374 = PRESENTATION_STYLE_ASSIGNMENT((#13375));
#13375 = SURFACE_STYLE_USAGE(.BOTH.,#13376);
#13376 = SURFACE_SIDE_STYLE('',(#13377));
#13377 = SURFACE_STYLE_FILL_AREA(#13378);
#13378 = FILL_AREA_STYLE('',(#13379));
#13379 = FILL_AREA_STYLE_COLOUR('',#12786);
#13380 = STYLED_ITEM('color',(#13381),#5388);
#13381 = PRESENTATION_STYLE_ASSIGNMENT((#13382));
#13382 = SURFACE_STYLE_USAGE(.BOTH.,#13383);
#13383 = SURFACE_SIDE_STYLE('',(#13384));
#13384 = SURFACE_STYLE_FILL_AREA(#13385);
#13385 = FILL_AREA_STYLE('',(#13386));
#13386 = FILL_AREA_STYLE_COLOUR('',#12786);
#13387 = STYLED_ITEM('color',(#13388),#5538);
#13388 = PRESENTATION_STYLE_ASSIGNMENT((#13389));
#13389 = SURFACE_STYLE_USAGE(.BOTH.,#13390);
#13390 = SURFACE_SIDE_STYLE('',(#13391));
#13391 = SURFACE_STYLE_FILL_AREA(#13392);
#13392 = FILL_AREA_STYLE('',(#13393));
#13393 = FILL_AREA_STYLE_COLOUR('',#12786);
#13394 = STYLED_ITEM('color',(#13395),#5688);
#13395 = PRESENTATION_STYLE_ASSIGNMENT((#13396));
#13396 = SURFACE_STYLE_USAGE(.BOTH.,#13397);
#13397 = SURFACE_SIDE_STYLE('',(#13398));
#13398 = SURFACE_STYLE_FILL_AREA(#13399);
#13399 = FILL_AREA_STYLE('',(#13400));
#13400 = FILL_AREA_STYLE_COLOUR('',#12786);
#13401 = STYLED_ITEM('color',(#13402),#5705);
#13402 = PRESENTATION_STYLE_ASSIGNMENT((#13403));
#13403 = SURFACE_STYLE_USAGE(.BOTH.,#13404);
#13404 = SURFACE_SIDE_STYLE('',(#13405));
#13405 = SURFACE_STYLE_FILL_AREA(#13406);
#13406 = FILL_AREA_STYLE('',(#13407));
#13407 = FILL_AREA_STYLE_COLOUR('',#12786);
#13408 = STYLED_ITEM('color',(#13409),#5855);
#13409 = PRESENTATION_STYLE_ASSIGNMENT((#13410));
#13410 = SURFACE_STYLE_USAGE(.BOTH.,#13411);
#13411 = SURFACE_SIDE_STYLE('',(#13412));
#13412 = SURFACE_STYLE_FILL_AREA(#13413);
#13413 = FILL_AREA_STYLE('',(#13414));
#13414 = FILL_AREA_STYLE_COLOUR('',#12786);
#13415 = STYLED_ITEM('color',(#13416),#5879);
#13416 = PRESENTATION_STYLE_ASSIGNMENT((#13417));
#13417 = SURFACE_STYLE_USAGE(.BOTH.,#13418);
#13418 = SURFACE_SIDE_STYLE('',(#13419));
#13419 = SURFACE_STYLE_FILL_AREA(#13420);
#13420 = FILL_AREA_STYLE('',(#13421));
#13421 = FILL_AREA_STYLE_COLOUR('',#12786);
#13422 = STYLED_ITEM('color',(#13423),#6022);
#13423 = PRESENTATION_STYLE_ASSIGNMENT((#13424));
#13424 = SURFACE_STYLE_USAGE(.BOTH.,#13425);
#13425 = SURFACE_SIDE_STYLE('',(#13426));
#13426 = SURFACE_STYLE_FILL_AREA(#13427);
#13427 = FILL_AREA_STYLE('',(#13428));
#13428 = FILL_AREA_STYLE_COLOUR('',#12786);
#13429 = STYLED_ITEM('color',(#13430),#6172);
#13430 = PRESENTATION_STYLE_ASSIGNMENT((#13431));
#13431 = SURFACE_STYLE_USAGE(.BOTH.,#13432);
#13432 = SURFACE_SIDE_STYLE('',(#13433));
#13433 = SURFACE_STYLE_FILL_AREA(#13434);
#13434 = FILL_AREA_STYLE('',(#13435));
#13435 = FILL_AREA_STYLE_COLOUR('',#12786);
#13436 = STYLED_ITEM('color',(#13437),#6322);
#13437 = PRESENTATION_STYLE_ASSIGNMENT((#13438));
#13438 = SURFACE_STYLE_USAGE(.BOTH.,#13439);
#13439 = SURFACE_SIDE_STYLE('',(#13440));
#13440 = SURFACE_STYLE_FILL_AREA(#13441);
#13441 = FILL_AREA_STYLE('',(#13442));
#13442 = FILL_AREA_STYLE_COLOUR('',#12786);
#13443 = STYLED_ITEM('color',(#13444),#6339);
#13444 = PRESENTATION_STYLE_ASSIGNMENT((#13445));
#13445 = SURFACE_STYLE_USAGE(.BOTH.,#13446);
#13446 = SURFACE_SIDE_STYLE('',(#13447));
#13447 = SURFACE_STYLE_FILL_AREA(#13448);
#13448 = FILL_AREA_STYLE('',(#13449));
#13449 = FILL_AREA_STYLE_COLOUR('',#13169);
#13450 = STYLED_ITEM('color',(#13451),#6348);
#13451 = PRESENTATION_STYLE_ASSIGNMENT((#13452));
#13452 = SURFACE_STYLE_USAGE(.BOTH.,#13453);
#13453 = SURFACE_SIDE_STYLE('',(#13454));
#13454 = SURFACE_STYLE_FILL_AREA(#13455);
#13455 = FILL_AREA_STYLE('',(#13456));
#13456 = FILL_AREA_STYLE_COLOUR('',#12786);
#13457 = STYLED_ITEM('color',(#13458),#6365);
#13458 = PRESENTATION_STYLE_ASSIGNMENT((#13459));
#13459 = SURFACE_STYLE_USAGE(.BOTH.,#13460);
#13460 = SURFACE_SIDE_STYLE('',(#13461));
#13461 = SURFACE_STYLE_FILL_AREA(#13462);
#13462 = FILL_AREA_STYLE('',(#13463));
#13463 = FILL_AREA_STYLE_COLOUR('',#12786);
#13464 = STYLED_ITEM('color',(#13465),#6382);
#13465 = PRESENTATION_STYLE_ASSIGNMENT((#13466));
#13466 = SURFACE_STYLE_USAGE(.BOTH.,#13467);
#13467 = SURFACE_SIDE_STYLE('',(#13468));
#13468 = SURFACE_STYLE_FILL_AREA(#13469);
#13469 = FILL_AREA_STYLE('',(#13470));
#13470 = FILL_AREA_STYLE_COLOUR('',#12786);
#13471 = STYLED_ITEM('color',(#13472),#6399);
#13472 = PRESENTATION_STYLE_ASSIGNMENT((#13473));
#13473 = SURFACE_STYLE_USAGE(.BOTH.,#13474);
#13474 = SURFACE_SIDE_STYLE('',(#13475));
#13475 = SURFACE_STYLE_FILL_AREA(#13476);
#13476 = FILL_AREA_STYLE('',(#13477));
#13477 = FILL_AREA_STYLE_COLOUR('',#12786);
#13478 = STYLED_ITEM('color',(#13479),#6416);
#13479 = PRESENTATION_STYLE_ASSIGNMENT((#13480));
#13480 = SURFACE_STYLE_USAGE(.BOTH.,#13481);
#13481 = SURFACE_SIDE_STYLE('',(#13482));
#13482 = SURFACE_STYLE_FILL_AREA(#13483);
#13483 = FILL_AREA_STYLE('',(#13484));
#13484 = FILL_AREA_STYLE_COLOUR('',#12786);
#13485 = STYLED_ITEM('color',(#13486),#6438);
#13486 = PRESENTATION_STYLE_ASSIGNMENT((#13487));
#13487 = SURFACE_STYLE_USAGE(.BOTH.,#13488);
#13488 = SURFACE_SIDE_STYLE('',(#13489));
#13489 = SURFACE_STYLE_FILL_AREA(#13490);
#13490 = FILL_AREA_STYLE('',(#13491));
#13491 = FILL_AREA_STYLE_COLOUR('',#12786);
#13492 = STYLED_ITEM('color',(#13493),#6455);
#13493 = PRESENTATION_STYLE_ASSIGNMENT((#13494));
#13494 = SURFACE_STYLE_USAGE(.BOTH.,#13495);
#13495 = SURFACE_SIDE_STYLE('',(#13496));
#13496 = SURFACE_STYLE_FILL_AREA(#13497);
#13497 = FILL_AREA_STYLE('',(#13498));
#13498 = FILL_AREA_STYLE_COLOUR('',#12786);
#13499 = STYLED_ITEM('color',(#13500),#6472);
#13500 = PRESENTATION_STYLE_ASSIGNMENT((#13501));
#13501 = SURFACE_STYLE_USAGE(.BOTH.,#13502);
#13502 = SURFACE_SIDE_STYLE('',(#13503));
#13503 = SURFACE_STYLE_FILL_AREA(#13504);
#13504 = FILL_AREA_STYLE('',(#13505));
#13505 = FILL_AREA_STYLE_COLOUR('',#12786);
#13506 = STYLED_ITEM('color',(#13507),#6489);
#13507 = PRESENTATION_STYLE_ASSIGNMENT((#13508));
#13508 = SURFACE_STYLE_USAGE(.BOTH.,#13509);
#13509 = SURFACE_SIDE_STYLE('',(#13510));
#13510 = SURFACE_STYLE_FILL_AREA(#13511);
#13511 = FILL_AREA_STYLE('',(#13512));
#13512 = FILL_AREA_STYLE_COLOUR('',#12786);
#13513 = STYLED_ITEM('color',(#13514),#6506);
#13514 = PRESENTATION_STYLE_ASSIGNMENT((#13515));
#13515 = SURFACE_STYLE_USAGE(.BOTH.,#13516);
#13516 = SURFACE_SIDE_STYLE('',(#13517));
#13517 = SURFACE_STYLE_FILL_AREA(#13518);
#13518 = FILL_AREA_STYLE('',(#13519));
#13519 = FILL_AREA_STYLE_COLOUR('',#12786);
#13520 = STYLED_ITEM('color',(#13521),#6518);
#13521 = PRESENTATION_STYLE_ASSIGNMENT((#13522));
#13522 = SURFACE_STYLE_USAGE(.BOTH.,#13523);
#13523 = SURFACE_SIDE_STYLE('',(#13524));
#13524 = SURFACE_STYLE_FILL_AREA(#13525);
#13525 = FILL_AREA_STYLE('',(#13526));
#13526 = FILL_AREA_STYLE_COLOUR('',#12786);
#13527 = STYLED_ITEM('color',(#13528),#6535);
#13528 = PRESENTATION_STYLE_ASSIGNMENT((#13529));
#13529 = SURFACE_STYLE_USAGE(.BOTH.,#13530);
#13530 = SURFACE_SIDE_STYLE('',(#13531));
#13531 = SURFACE_STYLE_FILL_AREA(#13532);
#13532 = FILL_AREA_STYLE('',(#13533));
#13533 = FILL_AREA_STYLE_COLOUR('',#12786);
#13534 = STYLED_ITEM('color',(#13535),#6552);
#13535 = PRESENTATION_STYLE_ASSIGNMENT((#13536));
#13536 = SURFACE_STYLE_USAGE(.BOTH.,#13537);
#13537 = SURFACE_SIDE_STYLE('',(#13538));
#13538 = SURFACE_STYLE_FILL_AREA(#13539);
#13539 = FILL_AREA_STYLE('',(#13540));
#13540 = FILL_AREA_STYLE_COLOUR('',#12786);
#13541 = STYLED_ITEM('color',(#13542),#6569);
#13542 = PRESENTATION_STYLE_ASSIGNMENT((#13543));
#13543 = SURFACE_STYLE_USAGE(.BOTH.,#13544);
#13544 = SURFACE_SIDE_STYLE('',(#13545));
#13545 = SURFACE_STYLE_FILL_AREA(#13546);
#13546 = FILL_AREA_STYLE('',(#13547));
#13547 = FILL_AREA_STYLE_COLOUR('',#12786);
#13548 = STYLED_ITEM('color',(#13549),#6586);
#13549 = PRESENTATION_STYLE_ASSIGNMENT((#13550));
#13550 = SURFACE_STYLE_USAGE(.BOTH.,#13551);
#13551 = SURFACE_SIDE_STYLE('',(#13552));
#13552 = SURFACE_STYLE_FILL_AREA(#13553);
#13553 = FILL_AREA_STYLE('',(#13554));
#13554 = FILL_AREA_STYLE_COLOUR('',#12786);
#13555 = STYLED_ITEM('color',(#13556),#6603);
#13556 = PRESENTATION_STYLE_ASSIGNMENT((#13557));
#13557 = SURFACE_STYLE_USAGE(.BOTH.,#13558);
#13558 = SURFACE_SIDE_STYLE('',(#13559));
#13559 = SURFACE_STYLE_FILL_AREA(#13560);
#13560 = FILL_AREA_STYLE('',(#13561));
#13561 = FILL_AREA_STYLE_COLOUR('',#12786);
#13562 = STYLED_ITEM('color',(#13563),#6620);
#13563 = PRESENTATION_STYLE_ASSIGNMENT((#13564));
#13564 = SURFACE_STYLE_USAGE(.BOTH.,#13565);
#13565 = SURFACE_SIDE_STYLE('',(#13566));
#13566 = SURFACE_STYLE_FILL_AREA(#13567);
#13567 = FILL_AREA_STYLE('',(#13568));
#13568 = FILL_AREA_STYLE_COLOUR('',#12786);
#13569 = STYLED_ITEM('color',(#13570),#6637);
#13570 = PRESENTATION_STYLE_ASSIGNMENT((#13571));
#13571 = SURFACE_STYLE_USAGE(.BOTH.,#13572);
#13572 = SURFACE_SIDE_STYLE('',(#13573));
#13573 = SURFACE_STYLE_FILL_AREA(#13574);
#13574 = FILL_AREA_STYLE('',(#13575));
#13575 = FILL_AREA_STYLE_COLOUR('',#12786);
#13576 = STYLED_ITEM('color',(#13577),#6654);
#13577 = PRESENTATION_STYLE_ASSIGNMENT((#13578));
#13578 = SURFACE_STYLE_USAGE(.BOTH.,#13579);
#13579 = SURFACE_SIDE_STYLE('',(#13580));
#13580 = SURFACE_STYLE_FILL_AREA(#13581);
#13581 = FILL_AREA_STYLE('',(#13582));
#13582 = FILL_AREA_STYLE_COLOUR('',#12786);
#13583 = STYLED_ITEM('color',(#13584),#6666);
#13584 = PRESENTATION_STYLE_ASSIGNMENT((#13585));
#13585 = SURFACE_STYLE_USAGE(.BOTH.,#13586);
#13586 = SURFACE_SIDE_STYLE('',(#13587));
#13587 = SURFACE_STYLE_FILL_AREA(#13588);
#13588 = FILL_AREA_STYLE('',(#13589));
#13589 = FILL_AREA_STYLE_COLOUR('',#12786);
#13590 = STYLED_ITEM('color',(#13591),#6688);
#13591 = PRESENTATION_STYLE_ASSIGNMENT((#13592));
#13592 = SURFACE_STYLE_USAGE(.BOTH.,#13593);
#13593 = SURFACE_SIDE_STYLE('',(#13594));
#13594 = SURFACE_STYLE_FILL_AREA(#13595);
#13595 = FILL_AREA_STYLE('',(#13596));
#13596 = FILL_AREA_STYLE_COLOUR('',#12786);
#13597 = STYLED_ITEM('color',(#13598),#6705);
#13598 = PRESENTATION_STYLE_ASSIGNMENT((#13599));
#13599 = SURFACE_STYLE_USAGE(.BOTH.,#13600);
#13600 = SURFACE_SIDE_STYLE('',(#13601));
#13601 = SURFACE_STYLE_FILL_AREA(#13602);
#13602 = FILL_AREA_STYLE('',(#13603));
#13603 = FILL_AREA_STYLE_COLOUR('',#12786);
#13604 = STYLED_ITEM('color',(#13605),#6722);
#13605 = PRESENTATION_STYLE_ASSIGNMENT((#13606));
#13606 = SURFACE_STYLE_USAGE(.BOTH.,#13607);
#13607 = SURFACE_SIDE_STYLE('',(#13608));
#13608 = SURFACE_STYLE_FILL_AREA(#13609);
#13609 = FILL_AREA_STYLE('',(#13610));
#13610 = FILL_AREA_STYLE_COLOUR('',#12786);
#13611 = STYLED_ITEM('color',(#13612),#6739);
#13612 = PRESENTATION_STYLE_ASSIGNMENT((#13613));
#13613 = SURFACE_STYLE_USAGE(.BOTH.,#13614);
#13614 = SURFACE_SIDE_STYLE('',(#13615));
#13615 = SURFACE_STYLE_FILL_AREA(#13616);
#13616 = FILL_AREA_STYLE('',(#13617));
#13617 = FILL_AREA_STYLE_COLOUR('',#12786);
#13618 = STYLED_ITEM('color',(#13619),#6756);
#13619 = PRESENTATION_STYLE_ASSIGNMENT((#13620));
#13620 = SURFACE_STYLE_USAGE(.BOTH.,#13621);
#13621 = SURFACE_SIDE_STYLE('',(#13622));
#13622 = SURFACE_STYLE_FILL_AREA(#13623);
#13623 = FILL_AREA_STYLE('',(#13624));
#13624 = FILL_AREA_STYLE_COLOUR('',#12786);
#13625 = STYLED_ITEM('color',(#13626),#6768);
#13626 = PRESENTATION_STYLE_ASSIGNMENT((#13627));
#13627 = SURFACE_STYLE_USAGE(.BOTH.,#13628);
#13628 = SURFACE_SIDE_STYLE('',(#13629));
#13629 = SURFACE_STYLE_FILL_AREA(#13630);
#13630 = FILL_AREA_STYLE('',(#13631));
#13631 = FILL_AREA_STYLE_COLOUR('',#12786);
#13632 = STYLED_ITEM('color',(#13633),#6785);
#13633 = PRESENTATION_STYLE_ASSIGNMENT((#13634));
#13634 = SURFACE_STYLE_USAGE(.BOTH.,#13635);
#13635 = SURFACE_SIDE_STYLE('',(#13636));
#13636 = SURFACE_STYLE_FILL_AREA(#13637);
#13637 = FILL_AREA_STYLE('',(#13638));
#13638 = FILL_AREA_STYLE_COLOUR('',#12786);
#13639 = STYLED_ITEM('color',(#13640),#6802);
#13640 = PRESENTATION_STYLE_ASSIGNMENT((#13641));
#13641 = SURFACE_STYLE_USAGE(.BOTH.,#13642);
#13642 = SURFACE_SIDE_STYLE('',(#13643));
#13643 = SURFACE_STYLE_FILL_AREA(#13644);
#13644 = FILL_AREA_STYLE('',(#13645));
#13645 = FILL_AREA_STYLE_COLOUR('',#12786);
#13646 = STYLED_ITEM('color',(#13647),#6819);
#13647 = PRESENTATION_STYLE_ASSIGNMENT((#13648));
#13648 = SURFACE_STYLE_USAGE(.BOTH.,#13649);
#13649 = SURFACE_SIDE_STYLE('',(#13650));
#13650 = SURFACE_STYLE_FILL_AREA(#13651);
#13651 = FILL_AREA_STYLE('',(#13652));
#13652 = FILL_AREA_STYLE_COLOUR('',#12786);
#13653 = STYLED_ITEM('color',(#13654),#6836);
#13654 = PRESENTATION_STYLE_ASSIGNMENT((#13655));
#13655 = SURFACE_STYLE_USAGE(.BOTH.,#13656);
#13656 = SURFACE_SIDE_STYLE('',(#13657));
#13657 = SURFACE_STYLE_FILL_AREA(#13658);
#13658 = FILL_AREA_STYLE('',(#13659));
#13659 = FILL_AREA_STYLE_COLOUR('',#12786);
#13660 = STYLED_ITEM('color',(#13661),#6853);
#13661 = PRESENTATION_STYLE_ASSIGNMENT((#13662));
#13662 = SURFACE_STYLE_USAGE(.BOTH.,#13663);
#13663 = SURFACE_SIDE_STYLE('',(#13664));
#13664 = SURFACE_STYLE_FILL_AREA(#13665);
#13665 = FILL_AREA_STYLE('',(#13666));
#13666 = FILL_AREA_STYLE_COLOUR('',#12786);
#13667 = STYLED_ITEM('color',(#13668),#6870);
#13668 = PRESENTATION_STYLE_ASSIGNMENT((#13669));
#13669 = SURFACE_STYLE_USAGE(.BOTH.,#13670);
#13670 = SURFACE_SIDE_STYLE('',(#13671));
#13671 = SURFACE_STYLE_FILL_AREA(#13672);
#13672 = FILL_AREA_STYLE('',(#13673));
#13673 = FILL_AREA_STYLE_COLOUR('',#12786);
#13674 = STYLED_ITEM('color',(#13675),#6887);
#13675 = PRESENTATION_STYLE_ASSIGNMENT((#13676));
#13676 = SURFACE_STYLE_USAGE(.BOTH.,#13677);
#13677 = SURFACE_SIDE_STYLE('',(#13678));
#13678 = SURFACE_STYLE_FILL_AREA(#13679);
#13679 = FILL_AREA_STYLE('',(#13680));
#13680 = FILL_AREA_STYLE_COLOUR('',#12786);
#13681 = STYLED_ITEM('color',(#13682),#6904);
#13682 = PRESENTATION_STYLE_ASSIGNMENT((#13683));
#13683 = SURFACE_STYLE_USAGE(.BOTH.,#13684);
#13684 = SURFACE_SIDE_STYLE('',(#13685));
#13685 = SURFACE_STYLE_FILL_AREA(#13686);
#13686 = FILL_AREA_STYLE('',(#13687));
#13687 = FILL_AREA_STYLE_COLOUR('',#12786);
#13688 = STYLED_ITEM('color',(#13689),#6916);
#13689 = PRESENTATION_STYLE_ASSIGNMENT((#13690));
#13690 = SURFACE_STYLE_USAGE(.BOTH.,#13691);
#13691 = SURFACE_SIDE_STYLE('',(#13692));
#13692 = SURFACE_STYLE_FILL_AREA(#13693);
#13693 = FILL_AREA_STYLE('',(#13694));
#13694 = FILL_AREA_STYLE_COLOUR('',#12786);
#13695 = STYLED_ITEM('color',(#13696),#6938);
#13696 = PRESENTATION_STYLE_ASSIGNMENT((#13697));
#13697 = SURFACE_STYLE_USAGE(.BOTH.,#13698);
#13698 = SURFACE_SIDE_STYLE('',(#13699));
#13699 = SURFACE_STYLE_FILL_AREA(#13700);
#13700 = FILL_AREA_STYLE('',(#13701));
#13701 = FILL_AREA_STYLE_COLOUR('',#12786);
#13702 = STYLED_ITEM('color',(#13703),#6955);
#13703 = PRESENTATION_STYLE_ASSIGNMENT((#13704));
#13704 = SURFACE_STYLE_USAGE(.BOTH.,#13705);
#13705 = SURFACE_SIDE_STYLE('',(#13706));
#13706 = SURFACE_STYLE_FILL_AREA(#13707);
#13707 = FILL_AREA_STYLE('',(#13708));
#13708 = FILL_AREA_STYLE_COLOUR('',#12786);
#13709 = STYLED_ITEM('color',(#13710),#6972);
#13710 = PRESENTATION_STYLE_ASSIGNMENT((#13711));
#13711 = SURFACE_STYLE_USAGE(.BOTH.,#13712);
#13712 = SURFACE_SIDE_STYLE('',(#13713));
#13713 = SURFACE_STYLE_FILL_AREA(#13714);
#13714 = FILL_AREA_STYLE('',(#13715));
#13715 = FILL_AREA_STYLE_COLOUR('',#12786);
#13716 = STYLED_ITEM('color',(#13717),#6989);
#13717 = PRESENTATION_STYLE_ASSIGNMENT((#13718));
#13718 = SURFACE_STYLE_USAGE(.BOTH.,#13719);
#13719 = SURFACE_SIDE_STYLE('',(#13720));
#13720 = SURFACE_STYLE_FILL_AREA(#13721);
#13721 = FILL_AREA_STYLE('',(#13722));
#13722 = FILL_AREA_STYLE_COLOUR('',#12786);
#13723 = STYLED_ITEM('color',(#13724),#7006);
#13724 = PRESENTATION_STYLE_ASSIGNMENT((#13725));
#13725 = SURFACE_STYLE_USAGE(.BOTH.,#13726);
#13726 = SURFACE_SIDE_STYLE('',(#13727));
#13727 = SURFACE_STYLE_FILL_AREA(#13728);
#13728 = FILL_AREA_STYLE('',(#13729));
#13729 = FILL_AREA_STYLE_COLOUR('',#12786);
#13730 = STYLED_ITEM('color',(#13731),#7018);
#13731 = PRESENTATION_STYLE_ASSIGNMENT((#13732));
#13732 = SURFACE_STYLE_USAGE(.BOTH.,#13733);
#13733 = SURFACE_SIDE_STYLE('',(#13734));
#13734 = SURFACE_STYLE_FILL_AREA(#13735);
#13735 = FILL_AREA_STYLE('',(#13736));
#13736 = FILL_AREA_STYLE_COLOUR('',#12786);
#13737 = STYLED_ITEM('color',(#13738),#7035);
#13738 = PRESENTATION_STYLE_ASSIGNMENT((#13739));
#13739 = SURFACE_STYLE_USAGE(.BOTH.,#13740);
#13740 = SURFACE_SIDE_STYLE('',(#13741));
#13741 = SURFACE_STYLE_FILL_AREA(#13742);
#13742 = FILL_AREA_STYLE('',(#13743));
#13743 = FILL_AREA_STYLE_COLOUR('',#12786);
#13744 = STYLED_ITEM('color',(#13745),#7052);
#13745 = PRESENTATION_STYLE_ASSIGNMENT((#13746));
#13746 = SURFACE_STYLE_USAGE(.BOTH.,#13747);
#13747 = SURFACE_SIDE_STYLE('',(#13748));
#13748 = SURFACE_STYLE_FILL_AREA(#13749);
#13749 = FILL_AREA_STYLE('',(#13750));
#13750 = FILL_AREA_STYLE_COLOUR('',#12786);
#13751 = STYLED_ITEM('color',(#13752),#7069);
#13752 = PRESENTATION_STYLE_ASSIGNMENT((#13753));
#13753 = SURFACE_STYLE_USAGE(.BOTH.,#13754);
#13754 = SURFACE_SIDE_STYLE('',(#13755));
#13755 = SURFACE_STYLE_FILL_AREA(#13756);
#13756 = FILL_AREA_STYLE('',(#13757));
#13757 = FILL_AREA_STYLE_COLOUR('',#12786);
#13758 = STYLED_ITEM('color',(#13759),#7086);
#13759 = PRESENTATION_STYLE_ASSIGNMENT((#13760));
#13760 = SURFACE_STYLE_USAGE(.BOTH.,#13761);
#13761 = SURFACE_SIDE_STYLE('',(#13762));
#13762 = SURFACE_STYLE_FILL_AREA(#13763);
#13763 = FILL_AREA_STYLE('',(#13764));
#13764 = FILL_AREA_STYLE_COLOUR('',#12786);
#13765 = STYLED_ITEM('color',(#13766),#7103);
#13766 = PRESENTATION_STYLE_ASSIGNMENT((#13767));
#13767 = SURFACE_STYLE_USAGE(.BOTH.,#13768);
#13768 = SURFACE_SIDE_STYLE('',(#13769));
#13769 = SURFACE_STYLE_FILL_AREA(#13770);
#13770 = FILL_AREA_STYLE('',(#13771));
#13771 = FILL_AREA_STYLE_COLOUR('',#12786);
#13772 = STYLED_ITEM('color',(#13773),#7120);
#13773 = PRESENTATION_STYLE_ASSIGNMENT((#13774));
#13774 = SURFACE_STYLE_USAGE(.BOTH.,#13775);
#13775 = SURFACE_SIDE_STYLE('',(#13776));
#13776 = SURFACE_STYLE_FILL_AREA(#13777);
#13777 = FILL_AREA_STYLE('',(#13778));
#13778 = FILL_AREA_STYLE_COLOUR('',#12786);
#13779 = STYLED_ITEM('color',(#13780),#7137);
#13780 = PRESENTATION_STYLE_ASSIGNMENT((#13781));
#13781 = SURFACE_STYLE_USAGE(.BOTH.,#13782);
#13782 = SURFACE_SIDE_STYLE('',(#13783));
#13783 = SURFACE_STYLE_FILL_AREA(#13784);
#13784 = FILL_AREA_STYLE('',(#13785));
#13785 = FILL_AREA_STYLE_COLOUR('',#12786);
#13786 = STYLED_ITEM('color',(#13787),#7154);
#13787 = PRESENTATION_STYLE_ASSIGNMENT((#13788));
#13788 = SURFACE_STYLE_USAGE(.BOTH.,#13789);
#13789 = SURFACE_SIDE_STYLE('',(#13790));
#13790 = SURFACE_STYLE_FILL_AREA(#13791);
#13791 = FILL_AREA_STYLE('',(#13792));
#13792 = FILL_AREA_STYLE_COLOUR('',#12786);
#13793 = STYLED_ITEM('color',(#13794),#7166);
#13794 = PRESENTATION_STYLE_ASSIGNMENT((#13795));
#13795 = SURFACE_STYLE_USAGE(.BOTH.,#13796);
#13796 = SURFACE_SIDE_STYLE('',(#13797));
#13797 = SURFACE_STYLE_FILL_AREA(#13798);
#13798 = FILL_AREA_STYLE('',(#13799));
#13799 = FILL_AREA_STYLE_COLOUR('',#12786);
#13800 = STYLED_ITEM('color',(#13801),#7188);
#13801 = PRESENTATION_STYLE_ASSIGNMENT((#13802));
#13802 = SURFACE_STYLE_USAGE(.BOTH.,#13803);
#13803 = SURFACE_SIDE_STYLE('',(#13804));
#13804 = SURFACE_STYLE_FILL_AREA(#13805);
#13805 = FILL_AREA_STYLE('',(#13806));
#13806 = FILL_AREA_STYLE_COLOUR('',#12786);
#13807 = STYLED_ITEM('color',(#13808),#7205);
#13808 = PRESENTATION_STYLE_ASSIGNMENT((#13809));
#13809 = SURFACE_STYLE_USAGE(.BOTH.,#13810);
#13810 = SURFACE_SIDE_STYLE('',(#13811));
#13811 = SURFACE_STYLE_FILL_AREA(#13812);
#13812 = FILL_AREA_STYLE('',(#13813));
#13813 = FILL_AREA_STYLE_COLOUR('',#12786);
#13814 = STYLED_ITEM('color',(#13815),#7222);
#13815 = PRESENTATION_STYLE_ASSIGNMENT((#13816));
#13816 = SURFACE_STYLE_USAGE(.BOTH.,#13817);
#13817 = SURFACE_SIDE_STYLE('',(#13818));
#13818 = SURFACE_STYLE_FILL_AREA(#13819);
#13819 = FILL_AREA_STYLE('',(#13820));
#13820 = FILL_AREA_STYLE_COLOUR('',#12786);
#13821 = STYLED_ITEM('color',(#13822),#7239);
#13822 = PRESENTATION_STYLE_ASSIGNMENT((#13823));
#13823 = SURFACE_STYLE_USAGE(.BOTH.,#13824);
#13824 = SURFACE_SIDE_STYLE('',(#13825));
#13825 = SURFACE_STYLE_FILL_AREA(#13826);
#13826 = FILL_AREA_STYLE('',(#13827));
#13827 = FILL_AREA_STYLE_COLOUR('',#12786);
#13828 = STYLED_ITEM('color',(#13829),#7256);
#13829 = PRESENTATION_STYLE_ASSIGNMENT((#13830));
#13830 = SURFACE_STYLE_USAGE(.BOTH.,#13831);
#13831 = SURFACE_SIDE_STYLE('',(#13832));
#13832 = SURFACE_STYLE_FILL_AREA(#13833);
#13833 = FILL_AREA_STYLE('',(#13834));
#13834 = FILL_AREA_STYLE_COLOUR('',#12786);
#13835 = STYLED_ITEM('color',(#13836),#7268);
#13836 = PRESENTATION_STYLE_ASSIGNMENT((#13837));
#13837 = SURFACE_STYLE_USAGE(.BOTH.,#13838);
#13838 = SURFACE_SIDE_STYLE('',(#13839));
#13839 = SURFACE_STYLE_FILL_AREA(#13840);
#13840 = FILL_AREA_STYLE('',(#13841));
#13841 = FILL_AREA_STYLE_COLOUR('',#12786);
#13842 = STYLED_ITEM('color',(#13843),#7285);
#13843 = PRESENTATION_STYLE_ASSIGNMENT((#13844));
#13844 = SURFACE_STYLE_USAGE(.BOTH.,#13845);
#13845 = SURFACE_SIDE_STYLE('',(#13846));
#13846 = SURFACE_STYLE_FILL_AREA(#13847);
#13847 = FILL_AREA_STYLE('',(#13848));
#13848 = FILL_AREA_STYLE_COLOUR('',#12786);
#13849 = STYLED_ITEM('color',(#13850),#7302);
#13850 = PRESENTATION_STYLE_ASSIGNMENT((#13851));
#13851 = SURFACE_STYLE_USAGE(.BOTH.,#13852);
#13852 = SURFACE_SIDE_STYLE('',(#13853));
#13853 = SURFACE_STYLE_FILL_AREA(#13854);
#13854 = FILL_AREA_STYLE('',(#13855));
#13855 = FILL_AREA_STYLE_COLOUR('',#12786);
#13856 = STYLED_ITEM('color',(#13857),#7319);
#13857 = PRESENTATION_STYLE_ASSIGNMENT((#13858));
#13858 = SURFACE_STYLE_USAGE(.BOTH.,#13859);
#13859 = SURFACE_SIDE_STYLE('',(#13860));
#13860 = SURFACE_STYLE_FILL_AREA(#13861);
#13861 = FILL_AREA_STYLE('',(#13862));
#13862 = FILL_AREA_STYLE_COLOUR('',#12786);
#13863 = STYLED_ITEM('color',(#13864),#7336);
#13864 = PRESENTATION_STYLE_ASSIGNMENT((#13865));
#13865 = SURFACE_STYLE_USAGE(.BOTH.,#13866);
#13866 = SURFACE_SIDE_STYLE('',(#13867));
#13867 = SURFACE_STYLE_FILL_AREA(#13868);
#13868 = FILL_AREA_STYLE('',(#13869));
#13869 = FILL_AREA_STYLE_COLOUR('',#12786);
#13870 = STYLED_ITEM('color',(#13871),#7353);
#13871 = PRESENTATION_STYLE_ASSIGNMENT((#13872));
#13872 = SURFACE_STYLE_USAGE(.BOTH.,#13873);
#13873 = SURFACE_SIDE_STYLE('',(#13874));
#13874 = SURFACE_STYLE_FILL_AREA(#13875);
#13875 = FILL_AREA_STYLE('',(#13876));
#13876 = FILL_AREA_STYLE_COLOUR('',#12786);
#13877 = STYLED_ITEM('color',(#13878),#7370);
#13878 = PRESENTATION_STYLE_ASSIGNMENT((#13879));
#13879 = SURFACE_STYLE_USAGE(.BOTH.,#13880);
#13880 = SURFACE_SIDE_STYLE('',(#13881));
#13881 = SURFACE_STYLE_FILL_AREA(#13882);
#13882 = FILL_AREA_STYLE('',(#13883));
#13883 = FILL_AREA_STYLE_COLOUR('',#12786);
#13884 = STYLED_ITEM('color',(#13885),#7387);
#13885 = PRESENTATION_STYLE_ASSIGNMENT((#13886));
#13886 = SURFACE_STYLE_USAGE(.BOTH.,#13887);
#13887 = SURFACE_SIDE_STYLE('',(#13888));
#13888 = SURFACE_STYLE_FILL_AREA(#13889);
#13889 = FILL_AREA_STYLE('',(#13890));
#13890 = FILL_AREA_STYLE_COLOUR('',#12786);
#13891 = STYLED_ITEM('color',(#13892),#7404);
#13892 = PRESENTATION_STYLE_ASSIGNMENT((#13893));
#13893 = SURFACE_STYLE_USAGE(.BOTH.,#13894);
#13894 = SURFACE_SIDE_STYLE('',(#13895));
#13895 = SURFACE_STYLE_FILL_AREA(#13896);
#13896 = FILL_AREA_STYLE('',(#13897));
#13897 = FILL_AREA_STYLE_COLOUR('',#12786);
#13898 = MECHANICAL_DESIGN_GEOMETRIC_PRESENTATION_REPRESENTATION('',(
    #13899,#13906,#13913,#13920,#13927,#13934,#13941,#13948,#13955,
    #13962,#13969,#13976,#13983,#13990,#13997,#14004,#14011,#14018,
    #14025,#14032,#14039,#14046,#14053,#14060,#14067,#14074),#1792);
#13899 = STYLED_ITEM('color',(#13900),#1004);
#13900 = PRESENTATION_STYLE_ASSIGNMENT((#13901));
#13901 = SURFACE_STYLE_USAGE(.BOTH.,#13902);
#13902 = SURFACE_SIDE_STYLE('',(#13903));
#13903 = SURFACE_STYLE_FILL_AREA(#13904);
#13904 = FILL_AREA_STYLE('',(#13905));
#13905 = FILL_AREA_STYLE_COLOUR('',#12786);
#13906 = STYLED_ITEM('color',(#13907),#1044);
#13907 = PRESENTATION_STYLE_ASSIGNMENT((#13908));
#13908 = SURFACE_STYLE_USAGE(.BOTH.,#13909);
#13909 = SURFACE_SIDE_STYLE('',(#13910));
#13910 = SURFACE_STYLE_FILL_AREA(#13911);
#13911 = FILL_AREA_STYLE('',(#13912));
#13912 = FILL_AREA_STYLE_COLOUR('',#12786);
#13913 = STYLED_ITEM('color',(#13914),#1127);
#13914 = PRESENTATION_STYLE_ASSIGNMENT((#13915));
#13915 = SURFACE_STYLE_USAGE(.BOTH.,#13916);
#13916 = SURFACE_SIDE_STYLE('',(#13917));
#13917 = SURFACE_STYLE_FILL_AREA(#13918);
#13918 = FILL_AREA_STYLE('',(#13919));
#13919 = FILL_AREA_STYLE_COLOUR('',#12786);
#13920 = STYLED_ITEM('color',(#13921),#1152);
#13921 = PRESENTATION_STYLE_ASSIGNMENT((#13922));
#13922 = SURFACE_STYLE_USAGE(.BOTH.,#13923);
#13923 = SURFACE_SIDE_STYLE('',(#13924));
#13924 = SURFACE_STYLE_FILL_AREA(#13925);
#13925 = FILL_AREA_STYLE('',(#13926));
#13926 = FILL_AREA_STYLE_COLOUR('',#12786);
#13927 = STYLED_ITEM('color',(#13928),#1177);
#13928 = PRESENTATION_STYLE_ASSIGNMENT((#13929));
#13929 = SURFACE_STYLE_USAGE(.BOTH.,#13930);
#13930 = SURFACE_SIDE_STYLE('',(#13931));
#13931 = SURFACE_STYLE_FILL_AREA(#13932);
#13932 = FILL_AREA_STYLE('',(#13933));
#13933 = FILL_AREA_STYLE_COLOUR('',#12786);
#13934 = STYLED_ITEM('color',(#13935),#1244);
#13935 = PRESENTATION_STYLE_ASSIGNMENT((#13936));
#13936 = SURFACE_STYLE_USAGE(.BOTH.,#13937);
#13937 = SURFACE_SIDE_STYLE('',(#13938));
#13938 = SURFACE_STYLE_FILL_AREA(#13939);
#13939 = FILL_AREA_STYLE('',(#13940));
#13940 = FILL_AREA_STYLE_COLOUR('',#12786);
#13941 = STYLED_ITEM('color',(#13942),#1261);
#13942 = PRESENTATION_STYLE_ASSIGNMENT((#13943));
#13943 = SURFACE_STYLE_USAGE(.BOTH.,#13944);
#13944 = SURFACE_SIDE_STYLE('',(#13945));
#13945 = SURFACE_STYLE_FILL_AREA(#13946);
#13946 = FILL_AREA_STYLE('',(#13947));
#13947 = FILL_AREA_STYLE_COLOUR('',#12786);
#13948 = STYLED_ITEM('color',(#13949),#1278);
#13949 = PRESENTATION_STYLE_ASSIGNMENT((#13950));
#13950 = SURFACE_STYLE_USAGE(.BOTH.,#13951);
#13951 = SURFACE_SIDE_STYLE('',(#13952));
#13952 = SURFACE_STYLE_FILL_AREA(#13953);
#13953 = FILL_AREA_STYLE('',(#13954));
#13954 = FILL_AREA_STYLE_COLOUR('',#12432);
#13955 = STYLED_ITEM('color',(#13956),#1327);
#13956 = PRESENTATION_STYLE_ASSIGNMENT((#13957));
#13957 = SURFACE_STYLE_USAGE(.BOTH.,#13958);
#13958 = SURFACE_SIDE_STYLE('',(#13959));
#13959 = SURFACE_STYLE_FILL_AREA(#13960);
#13960 = FILL_AREA_STYLE('',(#13961));
#13961 = FILL_AREA_STYLE_COLOUR('',#12786);
#13962 = STYLED_ITEM('color',(#13963),#1349);
#13963 = PRESENTATION_STYLE_ASSIGNMENT((#13964));
#13964 = SURFACE_STYLE_USAGE(.BOTH.,#13965);
#13965 = SURFACE_SIDE_STYLE('',(#13966));
#13966 = SURFACE_STYLE_FILL_AREA(#13967);
#13967 = FILL_AREA_STYLE('',(#13968));
#13968 = FILL_AREA_STYLE_COLOUR('',#12786);
#13969 = STYLED_ITEM('color',(#13970),#1361);
#13970 = PRESENTATION_STYLE_ASSIGNMENT((#13971));
#13971 = SURFACE_STYLE_USAGE(.BOTH.,#13972);
#13972 = SURFACE_SIDE_STYLE('',(#13973));
#13973 = SURFACE_STYLE_FILL_AREA(#13974);
#13974 = FILL_AREA_STYLE('',(#13975));
#13975 = FILL_AREA_STYLE_COLOUR('',#12432);
#13976 = STYLED_ITEM('color',(#13977),#1410);
#13977 = PRESENTATION_STYLE_ASSIGNMENT((#13978));
#13978 = SURFACE_STYLE_USAGE(.BOTH.,#13979);
#13979 = SURFACE_SIDE_STYLE('',(#13980));
#13980 = SURFACE_STYLE_FILL_AREA(#13981);
#13981 = FILL_AREA_STYLE('',(#13982));
#13982 = FILL_AREA_STYLE_COLOUR('',#12432);
#13983 = STYLED_ITEM('color',(#13984),#1427);
#13984 = PRESENTATION_STYLE_ASSIGNMENT((#13985));
#13985 = SURFACE_STYLE_USAGE(.BOTH.,#13986);
#13986 = SURFACE_SIDE_STYLE('',(#13987));
#13987 = SURFACE_STYLE_FILL_AREA(#13988);
#13988 = FILL_AREA_STYLE('',(#13989));
#13989 = FILL_AREA_STYLE_COLOUR('',#12786);
#13990 = STYLED_ITEM('color',(#13991),#1496);
#13991 = PRESENTATION_STYLE_ASSIGNMENT((#13992));
#13992 = SURFACE_STYLE_USAGE(.BOTH.,#13993);
#13993 = SURFACE_SIDE_STYLE('',(#13994));
#13994 = SURFACE_STYLE_FILL_AREA(#13995);
#13995 = FILL_AREA_STYLE('',(#13996));
#13996 = FILL_AREA_STYLE_COLOUR('',#12878);
#13997 = STYLED_ITEM('color',(#13998),#1527);
#13998 = PRESENTATION_STYLE_ASSIGNMENT((#13999));
#13999 = SURFACE_STYLE_USAGE(.BOTH.,#14000);
#14000 = SURFACE_SIDE_STYLE('',(#14001));
#14001 = SURFACE_STYLE_FILL_AREA(#14002);
#14002 = FILL_AREA_STYLE('',(#14003));
#14003 = FILL_AREA_STYLE_COLOUR('',#12878);
#14004 = STYLED_ITEM('color',(#14005),#1551);
#14005 = PRESENTATION_STYLE_ASSIGNMENT((#14006));
#14006 = SURFACE_STYLE_USAGE(.BOTH.,#14007);
#14007 = SURFACE_SIDE_STYLE('',(#14008));
#14008 = SURFACE_STYLE_FILL_AREA(#14009);
#14009 = FILL_AREA_STYLE('',(#14010));
#14010 = FILL_AREA_STYLE_COLOUR('',#12786);
#14011 = STYLED_ITEM('color',(#14012),#1620);
#14012 = PRESENTATION_STYLE_ASSIGNMENT((#14013));
#14013 = SURFACE_STYLE_USAGE(.BOTH.,#14014);
#14014 = SURFACE_SIDE_STYLE('',(#14015));
#14015 = SURFACE_STYLE_FILL_AREA(#14016);
#14016 = FILL_AREA_STYLE('',(#14017));
#14017 = FILL_AREA_STYLE_COLOUR('',#12878);
#14018 = STYLED_ITEM('color',(#14019),#1644);
#14019 = PRESENTATION_STYLE_ASSIGNMENT((#14020));
#14020 = SURFACE_STYLE_USAGE(.BOTH.,#14021);
#14021 = SURFACE_SIDE_STYLE('',(#14022));
#14022 = SURFACE_STYLE_FILL_AREA(#14023);
#14023 = FILL_AREA_STYLE('',(#14024));
#14024 = FILL_AREA_STYLE_COLOUR('',#12786);
#14025 = STYLED_ITEM('color',(#14026),#1661);
#14026 = PRESENTATION_STYLE_ASSIGNMENT((#14027));
#14027 = SURFACE_STYLE_USAGE(.BOTH.,#14028);
#14028 = SURFACE_SIDE_STYLE('',(#14029));
#14029 = SURFACE_STYLE_FILL_AREA(#14030);
#14030 = FILL_AREA_STYLE('',(#14031));
#14031 = FILL_AREA_STYLE_COLOUR('',#12786);
#14032 = STYLED_ITEM('color',(#14033),#1678);
#14033 = PRESENTATION_STYLE_ASSIGNMENT((#14034));
#14034 = SURFACE_STYLE_USAGE(.BOTH.,#14035);
#14035 = SURFACE_SIDE_STYLE('',(#14036));
#14036 = SURFACE_STYLE_FILL_AREA(#14037);
#14037 = FILL_AREA_STYLE('',(#14038));
#14038 = FILL_AREA_STYLE_COLOUR('',#12786);
#14039 = STYLED_ITEM('color',(#14040),#1695);
#14040 = PRESENTATION_STYLE_ASSIGNMENT((#14041));
#14041 = SURFACE_STYLE_USAGE(.BOTH.,#14042);
#14042 = SURFACE_SIDE_STYLE('',(#14043));
#14043 = SURFACE_STYLE_FILL_AREA(#14044);
#14044 = FILL_AREA_STYLE('',(#14045));
#14045 = FILL_AREA_STYLE_COLOUR('',#12786);
#14046 = STYLED_ITEM('color',(#14047),#1712);
#14047 = PRESENTATION_STYLE_ASSIGNMENT((#14048));
#14048 = SURFACE_STYLE_USAGE(.BOTH.,#14049);
#14049 = SURFACE_SIDE_STYLE('',(#14050));
#14050 = SURFACE_STYLE_FILL_AREA(#14051);
#14051 = FILL_AREA_STYLE('',(#14052));
#14052 = FILL_AREA_STYLE_COLOUR('',#12786);
#14053 = STYLED_ITEM('color',(#14054),#1729);
#14054 = PRESENTATION_STYLE_ASSIGNMENT((#14055));
#14055 = SURFACE_STYLE_USAGE(.BOTH.,#14056);
#14056 = SURFACE_SIDE_STYLE('',(#14057));
#14057 = SURFACE_STYLE_FILL_AREA(#14058);
#14058 = FILL_AREA_STYLE('',(#14059));
#14059 = FILL_AREA_STYLE_COLOUR('',#12786);
#14060 = STYLED_ITEM('color',(#14061),#1746);
#14061 = PRESENTATION_STYLE_ASSIGNMENT((#14062));
#14062 = SURFACE_STYLE_USAGE(.BOTH.,#14063);
#14063 = SURFACE_SIDE_STYLE('',(#14064));
#14064 = SURFACE_STYLE_FILL_AREA(#14065);
#14065 = FILL_AREA_STYLE('',(#14066));
#14066 = FILL_AREA_STYLE_COLOUR('',#12786);
#14067 = STYLED_ITEM('color',(#14068),#1763);
#14068 = PRESENTATION_STYLE_ASSIGNMENT((#14069));
#14069 = SURFACE_STYLE_USAGE(.BOTH.,#14070);
#14070 = SURFACE_SIDE_STYLE('',(#14071));
#14071 = SURFACE_STYLE_FILL_AREA(#14072);
#14072 = FILL_AREA_STYLE('',(#14073));
#14073 = FILL_AREA_STYLE_COLOUR('',#12878);
#14074 = STYLED_ITEM('color',(#14075),#1780);
#14075 = PRESENTATION_STYLE_ASSIGNMENT((#14076));
#14076 = SURFACE_STYLE_USAGE(.BOTH.,#14077);
#14077 = SURFACE_SIDE_STYLE('',(#14078));
#14078 = SURFACE_STYLE_FILL_AREA(#14079);
#14079 = FILL_AREA_STYLE('',(#14080));
#14080 = FILL_AREA_STYLE_COLOUR('',#12878);
#14081 = MECHANICAL_DESIGN_GEOMETRIC_PRESENTATION_REPRESENTATION('',(
    #14082),#12413);
#14082 = STYLED_ITEM('color',(#14083),#7505);
#14083 = PRESENTATION_STYLE_ASSIGNMENT((#14084));
#14084 = SURFACE_STYLE_USAGE(.BOTH.,#14085);
#14085 = SURFACE_SIDE_STYLE('',(#14086));
#14086 = SURFACE_STYLE_FILL_AREA(#14087);
#14087 = FILL_AREA_STYLE('',(#14088));
#14088 = FILL_AREA_STYLE_COLOUR('',#14089);
#14089 = COLOUR_RGB('',0.313304153717,0.484529207832,0.410020903123);
ENDSEC;
END-ISO-10303-21;
