ISO-10303-21;
HEADER;
FILE_DESCRIPTION (( 'STEP AP214' ),
    '1' );
FILE_NAME ('EL814(A)-V.STEP',
    '2023-12-29T15:01:33',
    ( '' ),
    ( '' ),
    'SwSTEP 2.0',
    'SolidWorks 2021',
    '' );
FILE_SCHEMA (( 'AUTOMOTIVE_DESIGN' ));
ENDSEC;

DATA;
#1 = LINE ( 'NONE', #715, #2076 ) ;
#2 = VECTOR ( 'NONE', #1664, 1000.000000000000000 ) ;
#3 = PLANE ( 'NONE',  #381 ) ;
#4 = EDGE_CURVE ( 'NONE', #226, #1748, #429, .T. ) ;
#5 = ORIENTED_EDGE ( 'NONE', *, *, #972, .F. ) ;
#6 = EDGE_CURVE ( 'NONE', #2556, #1092, #2439, .T. ) ;
#7 = ORIENTED_EDGE ( 'NONE', *, *, #2206, .F. ) ;
#8 = FACE_OUTER_BOUND ( 'NONE', #1444, .T. ) ;
#9 = PLANE ( 'NONE',  #639 ) ;
#10 = DIRECTION ( 'NONE',  ( 0.000000000000000000, -0.000000000000000000, -1.000000000000000000 ) ) ;
#11 = DIRECTION ( 'NONE',  ( -0.000000000000000000, 1.000000000000000000, 0.000000000000000000 ) ) ;
#12 = ORIENTED_EDGE ( 'NONE', *, *, #44, .F. ) ;
#13 = VECTOR ( 'NONE', #476, 1000.000000000000000 ) ;
#14 = PLANE ( 'NONE',  #2451 ) ;
#15 = VECTOR ( 'NONE', #1708, 1000.000000000000000 ) ;
#16 = ORIENTED_EDGE ( 'NONE', *, *, #2085, .F. ) ;
#17 = PLANE ( 'NONE',  #1573 ) ;
#18 = ADVANCED_FACE ( 'NONE', ( #27 ), #2163, .F. ) ;
#19 = CARTESIAN_POINT ( 'NONE',  ( -3.634999999999999343, 2.349999999999999201, 0.5450000000000003730 ) ) ;
#20 = ORIENTED_EDGE ( 'NONE', *, *, #337, .T. ) ;
#21 = VERTEX_POINT ( 'NONE', #460 ) ;
#22 = CARTESIAN_POINT ( 'NONE',  ( -3.935000000000000053, -0.2419291598615311567, -0.5188187575961147324 ) ) ;
#23 = VECTOR ( 'NONE', #2636, 1000.000000000000000 ) ;
#24 = DIRECTION ( 'NONE',  ( -0.000000000000000000, 0.000000000000000000, 1.000000000000000000 ) ) ;
#25 = CYLINDRICAL_SURFACE ( 'NONE', #1665, 0.3648317375651108918 ) ;
#26 = VECTOR ( 'NONE', #650, 1000.000000000000000 ) ;
#27 = FACE_OUTER_BOUND ( 'NONE', #1375, .T. ) ;
#28 = DIRECTION ( 'NONE',  ( -0.000000000000000000, 1.000000000000000000, 0.000000000000000000 ) ) ;
#29 = LINE ( 'NONE', #2430, #13 ) ;
#30 = AXIS2_PLACEMENT_3D ( 'NONE', #2647, #1553, #2217 ) ;
#31 = VERTEX_POINT ( 'NONE', #1330 ) ;
#32 = VERTEX_POINT ( 'NONE', #872 ) ;
#33 = CARTESIAN_POINT ( 'NONE',  ( 3.935000000000001830, -0.2419291598615345429, 0.5188187575961220599 ) ) ;
#34 = CARTESIAN_POINT ( 'NONE',  ( 3.935000000000001830, -0.2419291598615345429, 0.5188187575961220599 ) ) ;
#35 = CARTESIAN_POINT ( 'NONE',  ( -2.098641902177089680, 4.699999999999998401, -1.224843398168362629 ) ) ;
#36 = EDGE_CURVE ( 'NONE', #32, #2789, #2209, .T. ) ;
#37 = CARTESIAN_POINT ( 'NONE',  ( -3.634999999999999343, 2.399999999999999467, -1.500575874220467343 ) ) ;
#38 = PLANE ( 'NONE',  #2584 ) ;
#39 = CARTESIAN_POINT ( 'NONE',  ( -3.250000000000000888, 2.399999999999999467, -1.500575874220467343 ) ) ;
#40 = DIRECTION ( 'NONE',  ( 1.000000000000000000, 0.000000000000000000, 0.000000000000000000 ) ) ;
#41 = VERTEX_POINT ( 'NONE', #1965 ) ;
#42 = VECTOR ( 'NONE', #2286, 1000.000000000000000 ) ;
#43 = ORIENTED_EDGE ( 'NONE', *, *, #774, .F. ) ;
#44 = EDGE_CURVE ( 'NONE', #929, #1678, #670, .T. ) ;
#45 = CARTESIAN_POINT ( 'NONE',  ( -3.634999999999999343, 2.349999999999999201, 0.5450000000000003730 ) ) ;
#46 = DIRECTION ( 'NONE',  ( 0.000000000000000000, -0.000000000000000000, -1.000000000000000000 ) ) ;
#47 = ADVANCED_FACE ( 'NONE', ( #2836 ), #14, .F. ) ;
#48 = ADVANCED_FACE ( 'NONE', ( #1976 ), #886, .F. ) ;
#49 = PLANE ( 'NONE',  #2815 ) ;
#50 = PLANE ( 'NONE',  #815 ) ;
#51 = CARTESIAN_POINT ( 'NONE',  ( -3.250000000000000888, 2.649999999999999467, -0.5449999999999999289 ) ) ;
#52 = AXIS2_PLACEMENT_3D ( 'NONE', #1783, #63, #1611 ) ;
#53 = FACE_OUTER_BOUND ( 'NONE', #2759, .T. ) ;
#54 = VECTOR ( 'NONE', #2398, 1000.000000000000000 ) ;
#55 = VERTEX_POINT ( 'NONE', #1114 ) ;
#56 = ADVANCED_FACE ( 'NONE', ( #1990 ), #902, .T. ) ;
#57 = CARTESIAN_POINT ( 'NONE',  ( 3.935000000000001830, -3.810000000000018261, -1.394999999999999574 ) ) ;
#59 = ADVANCED_FACE ( 'NONE', ( #2007 ), #629, .F. ) ;
#58 = LINE ( 'NONE', #507, #1667 ) ;
#60 = DIRECTION ( 'NONE',  ( 0.000000000000000000, 0.000000000000000000, 1.000000000000000000 ) ) ;
#61 = VECTOR ( 'NONE', #444, 1000.000000000000000 ) ;
#62 = ADVANCED_FACE ( 'NONE', ( #747 ), #1371, .F. ) ;
#63 = DIRECTION ( 'NONE',  ( 0.000000000000000000, 0.000000000000000000, 1.000000000000000000 ) ) ;
#64 = VECTOR ( 'NONE', #1650, 1000.000000000000000 ) ;
#65 = ORIENTED_EDGE ( 'NONE', *, *, #1464, .T. ) ;
#66 = VERTEX_POINT ( 'NONE', #521 ) ;
#67 = DIRECTION ( 'NONE',  ( 0.000000000000000000, -0.7071067811865476838, 0.7071067811865474617 ) ) ;
#68 = DIRECTION ( 'NONE',  ( -0.000000000000000000, 1.000000000000000000, 0.000000000000000000 ) ) ;
#69 = CARTESIAN_POINT ( 'NONE',  ( -3.634999999999998899, -4.336808689942017736E-16, 1.020000000000000240 ) ) ;
#70 = VERTEX_POINT ( 'NONE', #734 ) ;
#71 = VECTOR ( 'NONE', #1887, 1000.000000000000000 ) ;
#72 = CARTESIAN_POINT ( 'NONE',  ( 3.634999999999999343, 2.349999999999999201, -0.5449999999999999289 ) ) ;
#73 = CARTESIAN_POINT ( 'NONE',  ( -3.685000000000000053, 2.349999999999999201, 1.520000000000000240 ) ) ;
#74 = DIRECTION ( 'NONE',  ( 0.000000000000000000, -1.000000000000000000, -0.000000000000000000 ) ) ;
#75 = CARTESIAN_POINT ( 'NONE',  ( -3.685000000000000053, 2.349999999999999201, 1.500575874220467343 ) ) ;
#76 = VERTEX_POINT ( 'NONE', #37 ) ;
#77 = ORIENTED_EDGE ( 'NONE', *, *, #1369, .T. ) ;
#78 = DIRECTION ( 'NONE',  ( 1.408054769461694435E-16, 1.000000000000000000, 0.000000000000000000 ) ) ;
#79 = DIRECTION ( 'NONE',  ( -1.000000000000000000, 0.000000000000000000, 0.000000000000000000 ) ) ;
#80 = DIRECTION ( 'NONE',  ( 0.000000000000000000, 1.000000000000000000, -0.000000000000000000 ) ) ;
#81 = AXIS2_PLACEMENT_3D ( 'NONE', #258, #513, #955 ) ;
#82 = VECTOR ( 'NONE', #109, 1000.000000000000000 ) ;
#83 = ADVANCED_FACE ( 'NONE', ( #2503 ), #49, .F. ) ;
#84 = ADVANCED_FACE ( 'NONE', ( #2692 ), #2288, .F. ) ;
#85 = ORIENTED_EDGE ( 'NONE', *, *, #2679, .T. ) ;
#86 = CARTESIAN_POINT ( 'NONE',  ( 3.935000000000001830, -0.7600000000000001199, 0.7600000000000001199 ) ) ;
#87 =( GEOMETRIC_REPRESENTATION_CONTEXT ( 3 ) GLOBAL_UNCERTAINTY_ASSIGNED_CONTEXT ( ( #2605 ) ) GLOBAL_UNIT_ASSIGNED_CONTEXT ( ( #787, #368, #1582 ) ) REPRESENTATION_CONTEXT ( 'NONE', 'WORKASPACE' ) );
#88 = ADVANCED_FACE ( 'NONE', ( #1140 ), #1179, .F. ) ;
#89 = LINE ( 'NONE', #1175, #162 ) ;
#90 = PLANE ( 'NONE',  #713 ) ;
#91 = ORIENTED_EDGE ( 'NONE', *, *, #2390, .T. ) ;
#92 = EDGE_LOOP ( 'NONE', ( #2098, #1243, #1492, #1727 ) ) ;
#93 = VERTEX_POINT ( 'NONE', #725 ) ;
#94 = CARTESIAN_POINT ( 'NONE',  ( 2.947837205389854276, 0.2500000000000006661, -1.987837205389860973 ) ) ;
#95 = CARTESIAN_POINT ( 'NONE',  ( -3.685000000000000053, -5.636436893075692057E-16, 1.995000000000000329 ) ) ;
#96 = CARTESIAN_POINT ( 'NONE',  ( 3.685000000000000053, 1.933132337141316937, -1.500575874220467343 ) ) ;
#97 = ORIENTED_EDGE ( 'NONE', *, *, #925, .F. ) ;
#98 = EDGE_CURVE ( 'NONE', #1982, #2356, #2454, .T. ) ;
#99 = CARTESIAN_POINT ( 'NONE',  ( -3.250000000000000888, 2.399999999999999467, 2.290000000000001812 ) ) ;
#100 = LINE ( 'NONE', #1593, #635 ) ;
#101 = CIRCLE ( 'NONE', #469, 0.3000000000000007661 ) ;
#102 = LINE ( 'NONE', #976, #2001 ) ;
#103 = CYLINDRICAL_SURFACE ( 'NONE', #789, 0.3648317375651108918 ) ;
#104 = VECTOR ( 'NONE', #341, 1000.000000000000000 ) ;
#105 = DIRECTION ( 'NONE',  ( 0.000000000000000000, -1.000000000000000000, 0.000000000000000000 ) ) ;
#106 = ORIENTED_EDGE ( 'NONE', *, *, #1060, .F. ) ;
#107 = VERTEX_POINT ( 'NONE', #1574 ) ;
#108 = ORIENTED_EDGE ( 'NONE', *, *, #974, .F. ) ;
#109 = DIRECTION ( 'NONE',  ( -1.000000000000000000, 0.000000000000000000, 0.000000000000000000 ) ) ;
#110 = CARTESIAN_POINT ( 'NONE',  ( -3.634999999999999343, 1.933132337141316937, 1.995000000000000329 ) ) ;
#111 = AXIS2_PLACEMENT_3D ( 'NONE', #1082, #553, #2119 ) ;
#112 = CARTESIAN_POINT ( 'NONE',  ( -3.935000000000000053, 2.349999999999999201, -1.019999999999999796 ) ) ;
#113 = ORIENTED_EDGE ( 'NONE', *, *, #2504, .T. ) ;
#114 = EDGE_CURVE ( 'NONE', #1227, #1173, #1357, .T. ) ;
#115 = CARTESIAN_POINT ( 'NONE',  ( 3.935000000000001830, 1.933132337141316937, 0.000000000000000000 ) ) ;
#116 = LINE ( 'NONE', #1827, #2471 ) ;
#117 = ADVANCED_FACE ( 'NONE', ( #310 ), #2017, .F. ) ;
#118 = FACE_OUTER_BOUND ( 'NONE', #1240, .T. ) ;
#119 = EDGE_CURVE ( 'NONE', #427, #1458, #952, .T. ) ;
#120 = DIRECTION ( 'NONE',  ( -0.000000000000000000, 1.000000000000000000, 0.000000000000000000 ) ) ;
#121 = VERTEX_POINT ( 'NONE', #2260 ) ;
#122 = CARTESIAN_POINT ( 'NONE',  ( 3.935000000000001830, -1.214805602622638814, -2.605159021898022953 ) ) ;
#123 = DIRECTION ( 'NONE',  ( -1.000000000000000000, 0.000000000000000000, 0.000000000000000000 ) ) ;
#124 = DIRECTION ( 'NONE',  ( -1.000000000000000000, 0.000000000000000000, 0.000000000000000000 ) ) ;
#125 = ORIENTED_EDGE ( 'NONE', *, *, #1192, .T. ) ;
#126 = AXIS2_PLACEMENT_3D ( 'NONE', #72, #2484, #1858 ) ;
#127 = CARTESIAN_POINT ( 'NONE',  ( 3.685000000000000053, -3.810000000000000053, -1.019999999999999796 ) ) ;
#128 = ORIENTED_EDGE ( 'NONE', *, *, #2604, .T. ) ;
#129 = CARTESIAN_POINT ( 'NONE',  ( 3.685000000000000053, 2.349999999999999201, 0.5450000000000003730 ) ) ;
#130 = SURFACE_SIDE_STYLE ('',( #1926 ) ) ;
#131 = EDGE_CURVE ( 'NONE', #1196, #2555, #509, .T. ) ;
#132 = AXIS2_PLACEMENT_3D ( 'NONE', #2434, #1354, #1957 ) ;
#133 = ORIENTED_EDGE ( 'NONE', *, *, #918, .F. ) ;
#134 = CARTESIAN_POINT ( 'NONE',  ( -3.250000000000000444, 2.649999999999999467, 1.500575874220467343 ) ) ;
#135 = ORIENTED_EDGE ( 'NONE', *, *, #774, .T. ) ;
#136 = ORIENTED_EDGE ( 'NONE', *, *, #2188, .T. ) ;
#137 = CARTESIAN_POINT ( 'NONE',  ( 3.249999999999996447, 2.649999999999999467, -2.290000000000003588 ) ) ;
#138 = FACE_OUTER_BOUND ( 'NONE', #492, .T. ) ;
#139 = PLANE ( 'NONE',  #836 ) ;
#140 = ORIENTED_EDGE ( 'NONE', *, *, #555, .T. ) ;
#141 = DIRECTION ( 'NONE',  ( -1.000000000000000000, 0.000000000000000000, 0.000000000000000000 ) ) ;
#142 = CARTESIAN_POINT ( 'NONE',  ( -3.685000000000000053, 2.349999999999999201, -1.500575874220467343 ) ) ;
#143 = ORIENTED_EDGE ( 'NONE', *, *, #2081, .F. ) ;
#144 = LINE ( 'NONE', #1635, #2184 ) ;
#145 = VECTOR ( 'NONE', #1811, 1000.000000000000114 ) ;
#146 = EDGE_CURVE ( 'NONE', #877, #2148, #534, .T. ) ;
#147 = ORIENTED_EDGE ( 'NONE', *, *, #741, .F. ) ;
#148 = CARTESIAN_POINT ( 'NONE',  ( -3.935000000000000053, 0.4749999999999993672, 0.5450000000000003730 ) ) ;
#149 = ORIENTED_EDGE ( 'NONE', *, *, #683, .T. ) ;
#150 = ORIENTED_EDGE ( 'NONE', *, *, #2514, .T. ) ;
#151 = DIRECTION ( 'NONE',  ( -0.000000000000000000, 1.000000000000000000, 0.000000000000000000 ) ) ;
#152 = DIRECTION ( 'NONE',  ( 1.000000000000000000, 0.000000000000000000, 0.000000000000000000 ) ) ;
#153 = ADVANCED_FACE ( 'NONE', ( #2235 ), #90, .F. ) ;
#154 = EDGE_LOOP ( 'NONE', ( #842, #2185, #1443, #1759 ) ) ;
#155 = AXIS2_PLACEMENT_3D ( 'NONE', #680, #1557, #1568 ) ;
#156 = DIRECTION ( 'NONE',  ( -0.000000000000000000, 1.000000000000000000, 0.000000000000000000 ) ) ;
#157 = CARTESIAN_POINT ( 'NONE',  ( 3.250000000000000888, 2.649999999999999467, -1.019999999999999796 ) ) ;
#158 = VERTEX_POINT ( 'NONE', #2476 ) ;
#159 = VERTEX_POINT ( 'NONE', #1382 ) ;
#160 = CARTESIAN_POINT ( 'NONE',  ( 3.249999999999996447, 2.649999999999999467, -2.290000000000003588 ) ) ;
#161 = CARTESIAN_POINT ( 'NONE',  ( 3.249999999999996447, 2.399999999999999467, -2.290000000000003588 ) ) ;
#162 = VECTOR ( 'NONE', #2245, 1000.000000000000000 ) ;
#163 = VECTOR ( 'NONE', #813, 1000.000000000000000 ) ;
#164 = CARTESIAN_POINT ( 'NONE',  ( -3.935000000000000053, -3.810000000000017817, -1.144999999999999352 ) ) ;
#165 = ORIENTED_EDGE ( 'NONE', *, *, #1083, .F. ) ;
#166 = CARTESIAN_POINT ( 'NONE',  ( -3.935000000000000053, -0.7600000000000001199, -0.7600000000000001199 ) ) ;
#167 = ORIENTED_EDGE ( 'NONE', *, *, #1279, .F. ) ;
#168 = VERTEX_POINT ( 'NONE', #1806 ) ;
#169 = EDGE_CURVE ( 'NONE', #2731, #186, #270, .T. ) ;
#170 = ORIENTED_EDGE ( 'NONE', *, *, #2390, .F. ) ;
#171 = DIRECTION ( 'NONE',  ( -0.000000000000000000, 1.000000000000000000, 0.000000000000000000 ) ) ;
#172 = CARTESIAN_POINT ( 'NONE',  ( 3.249999999999996447, 2.399999999999999467, -2.290000000000003588 ) ) ;
#173 = EDGE_CURVE ( 'NONE', #698, #524, #1821, .T. ) ;
#174 = EDGE_CURVE ( 'NONE', #1770, #2070, #697, .T. ) ;
#175 = ORIENTED_EDGE ( 'NONE', *, *, #2599, .F. ) ;
#176 = ORIENTED_EDGE ( 'NONE', *, *, #402, .T. ) ;
#177 = PLANE ( 'NONE',  #711 ) ;
#178 = CYLINDRICAL_SURFACE ( 'NONE', #1278, 0.3000000000000007661 ) ;
#179 = AXIS2_PLACEMENT_3D ( 'NONE', #2496, #2709, #2255 ) ;
#180 = EDGE_CURVE ( 'NONE', #2773, #2277, #1701, .T. ) ;
#181 = MECHANICAL_DESIGN_GEOMETRIC_PRESENTATION_REPRESENTATION (  '', ( #2381 ), #87 ) ;
#182 = CARTESIAN_POINT ( 'NONE',  ( 3.249999999999999112, 2.399999999999999467, 2.289999999999999591 ) ) ;
#183 = EDGE_CURVE ( 'NONE', #55, #940, #2103, .T. ) ;
#184 = ORIENTED_EDGE ( 'NONE', *, *, #1251, .F. ) ;
#185 = DIRECTION ( 'NONE',  ( -3.690901012716612129E-16, -1.000000000000000000, 0.000000000000000000 ) ) ;
#186 = VERTEX_POINT ( 'NONE', #148 ) ;
#187 = ORIENTED_EDGE ( 'NONE', *, *, #4, .F. ) ;
#188 = CARTESIAN_POINT ( 'NONE',  ( 3.250000000000000888, 2.399999999999999467, -1.019999999999999796 ) ) ;
#189 = DIRECTION ( 'NONE',  ( 1.000000000000000000, 0.000000000000000000, 0.000000000000000000 ) ) ;
#190 = VERTEX_POINT ( 'NONE', #822 ) ;
#191 = ORIENTED_EDGE ( 'NONE', *, *, #1138, .T. ) ;
#192 = DIRECTION ( 'NONE',  ( -0.000000000000000000, 1.000000000000000000, 0.000000000000000000 ) ) ;
#193 = DIRECTION ( 'NONE',  ( 1.000000000000000000, 0.000000000000000000, 0.000000000000000000 ) ) ;
#194 = DIRECTION ( 'NONE',  ( -1.000000000000000000, 0.000000000000000000, 0.000000000000000000 ) ) ;
#195 = AXIS2_PLACEMENT_3D ( 'NONE', #1374, #2253, #1590 ) ;
#196 = ORIENTED_EDGE ( 'NONE', *, *, #238, .F. ) ;
#197 = PLANE ( 'NONE',  #2805 ) ;
#198 = DIRECTION ( 'NONE',  ( 0.000000000000000000, 0.000000000000000000, -1.000000000000000000 ) ) ;
#199 = EDGE_LOOP ( 'NONE', ( #1232, #1134, #2215, #2580 ) ) ;
#200 = LINE ( 'NONE', #2368, #2136 ) ;
#201 = LINE ( 'NONE', #1054, #652 ) ;
#202 = VECTOR ( 'NONE', #2421, 1000.000000000000000 ) ;
#203 = VERTEX_POINT ( 'NONE', #1211 ) ;
#204 = ORIENTED_EDGE ( 'NONE', *, *, #1996, .T. ) ;
#205 = DIRECTION ( 'NONE',  ( -1.000000000000000000, 0.000000000000000000, 0.000000000000000000 ) ) ;
#206 = EDGE_CURVE ( 'NONE', #1000, #203, #762, .T. ) ;
#207 = DIRECTION ( 'NONE',  ( -1.000000000000000000, 0.000000000000000000, 3.336006684570783101E-16 ) ) ;
#208 = VECTOR ( 'NONE', #1859, 1000.000000000000000 ) ;
#209 = DIRECTION ( 'NONE',  ( -1.000000000000000000, 0.000000000000000000, 0.000000000000000000 ) ) ;
#210 = CARTESIAN_POINT ( 'NONE',  ( -3.634999999999999343, 2.349999999999999201, -1.519999999999999796 ) ) ;
#211 = VECTOR ( 'NONE', #2433, 1000.000000000000000 ) ;
#212 = ORIENTED_EDGE ( 'NONE', *, *, #458, .F. ) ;
#213 = EDGE_CURVE ( 'NONE', #2833, #219, #1668, .T. ) ;
#214 = DIRECTION ( 'NONE',  ( -1.000000000000000000, 0.000000000000000000, 0.000000000000000000 ) ) ;
#215 = EDGE_LOOP ( 'NONE', ( #1106, #1923, #175, #1317 ) ) ;
#216 = VERTEX_POINT ( 'NONE', #134 ) ;
#217 = DIRECTION ( 'NONE',  ( -1.000000000000000000, 0.000000000000000000, 0.000000000000000000 ) ) ;
#218 = CARTESIAN_POINT ( 'NONE',  ( 3.685000000000000053, -3.810000000000017817, -1.144999999999999352 ) ) ;
#219 = VERTEX_POINT ( 'NONE', #2758 ) ;
#220 = ORIENTED_EDGE ( 'NONE', *, *, #1251, .T. ) ;
#221 = PLANE ( 'NONE',  #2771 ) ;
#222 = CARTESIAN_POINT ( 'NONE',  ( 3.935000000000001830, 1.933132337141316937, 1.995000000000000329 ) ) ;
#223 = DIRECTION ( 'NONE',  ( -1.000000000000000000, 0.000000000000000000, 0.000000000000000000 ) ) ;
#224 = AXIS2_PLACEMENT_3D ( 'NONE', #1121, #2202, #2000 ) ;
#225 = VECTOR ( 'NONE', #538, 1000.000000000000000 ) ;
#226 = VERTEX_POINT ( 'NONE', #2533 ) ;
#227 = DIRECTION ( 'NONE',  ( 0.000000000000000000, 0.7071067811865474617, -0.7071067811865476838 ) ) ;
#228 = CARTESIAN_POINT ( 'NONE',  ( 3.634999999999998899, -4.336808689942017736E-16, -1.019999999999999796 ) ) ;
#229 = ORIENTED_EDGE ( 'NONE', *, *, #2378, .F. ) ;
#230 = PLANE ( 'NONE',  #838 ) ;
#231 = DIRECTION ( 'NONE',  ( 1.000000000000000000, 0.000000000000000000, 0.000000000000000000 ) ) ;
#232 = VERTEX_POINT ( 'NONE', #1639 ) ;
#233 = EDGE_LOOP ( 'NONE', ( #1966, #1204, #2384, #2519 ) ) ;
#234 = DIRECTION ( 'NONE',  ( -0.000000000000000000, 0.9063077870366492705, 0.4226182617407008846 ) ) ;
#235 = PLANE ( 'NONE',  #2331 ) ;
#236 = FACE_OUTER_BOUND ( 'NONE', #2432, .T. ) ;
#237 = CARTESIAN_POINT ( 'NONE',  ( -3.935000000000000053, -3.541936634936306838, 1.020000000000000018 ) ) ;
#238 = EDGE_CURVE ( 'NONE', #1833, #41, #1226, .T. ) ;
#239 = VECTOR ( 'NONE', #1979, 1000.000000000000000 ) ;
#240 = SURFACE_STYLE_FILL_AREA ( #1988 ) ;
#241 = ORIENTED_EDGE ( 'NONE', *, *, #1046, .F. ) ;
#242 = COLOUR_RGB ( '',0.7921568627450980005, 0.8196078431372548767, 0.9333333333333333481 ) ;
#243 = CARTESIAN_POINT ( 'NONE',  ( 3.935000000000001830, 0.5099999999999996758, -0.5099999999999995648 ) ) ;
#244 = CARTESIAN_POINT ( 'NONE',  ( 3.935000000000001830, 0.4749999999999994227, -1.994999999999999885 ) ) ;
#245 = VERTEX_POINT ( 'NONE', #1864 ) ;
#246 = VECTOR ( 'NONE', #808, 1000.000000000000000 ) ;
#247 = ORIENTED_EDGE ( 'NONE', *, *, #1488, .F. ) ;
#248 = DIRECTION ( 'NONE',  ( -0.000000000000000000, 0.000000000000000000, 1.000000000000000000 ) ) ;
#249 = EDGE_CURVE ( 'NONE', #1612, #929, #549, .T. ) ;
#250 = CARTESIAN_POINT ( 'NONE',  ( -3.685000000000000053, 2.349999999999999201, -0.5449999999999999289 ) ) ;
#251 = VECTOR ( 'NONE', #2475, 1000.000000000000000 ) ;
#252 = DIRECTION ( 'NONE',  ( 1.000000000000000000, 0.000000000000000000, 0.000000000000000000 ) ) ;
#253 = DIRECTION ( 'NONE',  ( 1.000000000000000000, 0.000000000000000000, 0.000000000000000000 ) ) ;
#254 = AXIS2_PLACEMENT_3D ( 'NONE', #2039, #1367, #2649 ) ;
#255 = DIRECTION ( 'NONE',  ( 0.9902680687415703620, 0.1391731009600657432, -5.626117684572758675E-16 ) ) ;
#256 = ORIENTED_EDGE ( 'NONE', *, *, #1812, .F. ) ;
#257 = DIRECTION ( 'NONE',  ( -0.000000000000000000, 0.7071067811865474617, 0.7071067811865474617 ) ) ;
#258 = CARTESIAN_POINT ( 'NONE',  ( 3.935000000000001830, -1.214805602622636149, 2.605159021898016736 ) ) ;
#259 = DIRECTION ( 'NONE',  ( 0.1391731009600657432, 0.9902680687415703620, 0.000000000000000000 ) ) ;
#260 = EDGE_CURVE ( 'NONE', #1304, #1398, #2744, .T. ) ;
#261 = ORIENTED_EDGE ( 'NONE', *, *, #2271, .T. ) ;
#262 = EDGE_CURVE ( 'NONE', #2773, #2321, #1914, .T. ) ;
#263 = ORIENTED_EDGE ( 'NONE', *, *, #180, .T. ) ;
#264 = DIRECTION ( 'NONE',  ( 3.690901012716612129E-16, -1.000000000000000000, 0.000000000000000000 ) ) ;
#265 = SURFACE_SIDE_STYLE ('',( #1122 ) ) ;
#266 = LINE ( 'NONE', #1583, #2359 ) ;
#267 = EDGE_CURVE ( 'NONE', #395, #2224, #2788, .T. ) ;
#268 = VECTOR ( 'NONE', #798, 1000.000000000000000 ) ;
#269 = EDGE_CURVE ( 'NONE', #1005, #2088, #1653, .T. ) ;
#270 = LINE ( 'NONE', #962, #2458 ) ;
#271 = DIRECTION ( 'NONE',  ( -0.000000000000000000, -0.000000000000000000, 1.000000000000000000 ) ) ;
#272 = CARTESIAN_POINT ( 'NONE',  ( 3.685000000000000053, 2.349999999999999201, -1.019999999999999796 ) ) ;
#273 = CARTESIAN_POINT ( 'NONE',  ( -3.634999999999999343, 0.4749999999999993117, -0.5449999999999999289 ) ) ;
#274 = VERTEX_POINT ( 'NONE', #1486 ) ;
#275 = EDGE_CURVE ( 'NONE', #1333, #1612, #2319, .T. ) ;
#276 = PRESENTATION_LAYER_ASSIGNMENT (  '', '', ( #459 ) ) ;
#277 = VERTEX_POINT ( 'NONE', #596 ) ;
#278 = LINE ( 'NONE', #1433, #1225 ) ;
#279 = CARTESIAN_POINT ( 'NONE',  ( -3.685000000000000053, 1.933132337141316937, 1.520000000000000240 ) ) ;
#280 = CARTESIAN_POINT ( 'NONE',  ( -3.685000000000000053, 1.933132337141316937, 1.500575874220467343 ) ) ;
#281 = DIRECTION ( 'NONE',  ( 0.000000000000000000, -0.000000000000000000, -1.000000000000000000 ) ) ;
#282 = EDGE_LOOP ( 'NONE', ( #1300, #170, #1975, #1640 ) ) ;
#283 = VERTEX_POINT ( 'NONE', #1003 ) ;
#284 = LINE ( 'NONE', #2031, #26 ) ;
#285 = DIRECTION ( 'NONE',  ( 0.000000000000000000, 0.000000000000000000, 1.000000000000000000 ) ) ;
#286 = CARTESIAN_POINT ( 'NONE',  ( -3.634999999999999343, 2.399999999999999467, 0.5450000000000003730 ) ) ;
#287 = VECTOR ( 'NONE', #2738, 1000.000000000000000 ) ;
#288 = ORIENTED_EDGE ( 'NONE', *, *, #2798, .F. ) ;
#289 = CARTESIAN_POINT ( 'NONE',  ( 3.935000000000001830, -3.541936634936323713, -1.519999999999999796 ) ) ;
#290 = LINE ( 'NONE', #2675, #1496 ) ;
#291 = SURFACE_STYLE_USAGE ( .BOTH. , #2100 ) ;
#292 = VECTOR ( 'NONE', #868, 1000.000000000000000 ) ;
#293 = EDGE_CURVE ( 'NONE', #2088, #1945, #2068, .T. ) ;
#294 = DIRECTION ( 'NONE',  ( 1.000000000000000000, 0.000000000000000000, 0.000000000000000000 ) ) ;
#295 = ADVANCED_FACE ( 'NONE', ( #2361 ), #790, .T. ) ;
#296 = VECTOR ( 'NONE', #1779, 1000.000000000000000 ) ;
#297 = ORIENTED_EDGE ( 'NONE', *, *, #2207, .T. ) ;
#298 = CARTESIAN_POINT ( 'NONE',  ( -3.935000000000000053, 1.933132337141316937, -1.994999999999999440 ) ) ;
#299 = CARTESIAN_POINT ( 'NONE',  ( 3.935000000000001830, 0.5099999999999996758, 0.5099999999999995648 ) ) ;
#300 = PLANE ( 'NONE',  #1109 ) ;
#301 = AXIS2_PLACEMENT_3D ( 'NONE', #1326, #2189, #837 ) ;
#302 = ADVANCED_FACE ( 'NONE', ( #2335 ), #372, .T. ) ;
#303 = ORIENTED_EDGE ( 'NONE', *, *, #2172, .F. ) ;
#304 = VECTOR ( 'NONE', #1762, 1000.000000000000000 ) ;
#305 = LINE ( 'NONE', #531, #1594 ) ;
#306 = DIRECTION ( 'NONE',  ( -0.000000000000000000, 0.000000000000000000, 1.000000000000000000 ) ) ;
#307 = DIRECTION ( 'NONE',  ( 1.000000000000000000, 0.000000000000000000, 0.000000000000000000 ) ) ;
#308 = ORIENTED_EDGE ( 'NONE', *, *, #1911, .T. ) ;
#309 = EDGE_CURVE ( 'NONE', #2768, #121, #386, .T. ) ;
#310 = FACE_OUTER_BOUND ( 'NONE', #1270, .T. ) ;
#311 = ORIENTED_EDGE ( 'NONE', *, *, #1657, .F. ) ;
#312 = VERTEX_POINT ( 'NONE', #164 ) ;
#313 = ORIENTED_EDGE ( 'NONE', *, *, #1363, .T. ) ;
#314 = DIRECTION ( 'NONE',  ( 0.000000000000000000, 1.000000000000000000, 0.000000000000000000 ) ) ;
#315 = LINE ( 'NONE', #1823, #2785 ) ;
#316 = DIRECTION ( 'NONE',  ( 0.000000000000000000, 0.000000000000000000, -1.000000000000000000 ) ) ;
#317 = VECTOR ( 'NONE', #1174, 1000.000000000000000 ) ;
#318 = VECTOR ( 'NONE', #28, 1000.000000000000000 ) ;
#319 = ORIENTED_EDGE ( 'NONE', *, *, #1220, .F. ) ;
#320 = PLANE ( 'NONE',  #1729 ) ;
#321 = FACE_OUTER_BOUND ( 'NONE', #1718, .T. ) ;
#322 = FACE_OUTER_BOUND ( 'NONE', #818, .T. ) ;
#323 = ADVANCED_FACE ( 'NONE', ( #1034 ), #2730, .T. ) ;
#324 = DIRECTION ( 'NONE',  ( -1.000000000000000000, 0.000000000000000000, 0.000000000000000000 ) ) ;
#325 = ORIENTED_EDGE ( 'NONE', *, *, #238, .T. ) ;
#326 = VERTEX_POINT ( 'NONE', #1928 ) ;
#327 = EDGE_LOOP ( 'NONE', ( #2071, #1706, #1056, #1722 ) ) ;
#328 = ADVANCED_FACE ( 'NONE', ( #2803 ), #2144, .T. ) ;
#329 = DIRECTION ( 'NONE',  ( 0.000000000000000000, 0.9063077870366492705, -0.4226182617407008846 ) ) ;
#330 = FACE_OUTER_BOUND ( 'NONE', #2477, .T. ) ;
#331 = DIRECTION ( 'NONE',  ( 0.000000000000000000, -0.000000000000000000, -1.000000000000000000 ) ) ;
#332 = EDGE_LOOP ( 'NONE', ( #2047, #313, #847, #2646 ) ) ;
#333 = CARTESIAN_POINT ( 'NONE',  ( -3.685000000000000053, 2.349999999999999201, -1.019999999999999796 ) ) ;
#334 = FACE_OUTER_BOUND ( 'NONE', #2118, .T. ) ;
#335 = VECTOR ( 'NONE', #1841, 1000.000000000000000 ) ;
#336 = COLOUR_RGB ( '',0.7921568627450980005, 0.8196078431372548767, 0.9333333333333333481 ) ;
#337 = EDGE_CURVE ( 'NONE', #326, #219, #874, .T. ) ;
#338 = LINE ( 'NONE', #1876, #64 ) ;
#339 = CARTESIAN_POINT ( 'NONE',  ( 3.935000000000001830, 1.933132337141316937, 0.000000000000000000 ) ) ;
#340 = AXIS2_PLACEMENT_3D ( 'NONE', #2305, #2518, #981 ) ;
#341 = DIRECTION ( 'NONE',  ( -1.000000000000000000, 0.000000000000000000, 0.000000000000000000 ) ) ;
#342 = VECTOR ( 'NONE', #1754, 1000.000000000000000 ) ;
#343 = ORIENTED_EDGE ( 'NONE', *, *, #1281, .T. ) ;
#344 = CARTESIAN_POINT ( 'NONE',  ( -3.685000000000000053, 2.349999999999999201, 0.5450000000000003730 ) ) ;
#345 = LINE ( 'NONE', #2074, #660 ) ;
#346 = CARTESIAN_POINT ( 'NONE',  ( -3.935000000000000053, -1.214805602622636149, 2.605159021898016736 ) ) ;
#347 = ORIENTED_EDGE ( 'NONE', *, *, #769, .F. ) ;
#348 = CARTESIAN_POINT ( 'NONE',  ( -3.250000000000000888, 2.649999999999999467, 1.500575874220467343 ) ) ;
#349 = FACE_OUTER_BOUND ( 'NONE', #2029, .T. ) ;
#350 = ADVANCED_FACE ( 'NONE', ( #672 ), #38, .T. ) ;
#351 = VECTOR ( 'NONE', #141, 1000.000000000000000 ) ;
#352 = CARTESIAN_POINT ( 'NONE',  ( 3.685000000000000053, 1.106152504749724041, -1.147439561622684456 ) ) ;
#353 = CARTESIAN_POINT ( 'NONE',  ( 3.249999999999996447, 2.649999999999999467, -2.290000000000003588 ) ) ;
#354 = ORIENTED_EDGE ( 'NONE', *, *, #2426, .F. ) ;
#355 = DIRECTION ( 'NONE',  ( -1.000000000000000000, 0.000000000000000000, 0.000000000000000000 ) ) ;
#356 = VERTEX_POINT ( 'NONE', #1318 ) ;
#357 = ORIENTED_EDGE ( 'NONE', *, *, #1369, .F. ) ;
#358 = CARTESIAN_POINT ( 'NONE',  ( 3.935000000000001830, 0.4749999999999994227, -1.994999999999999885 ) ) ;
#359 = PLANE ( 'NONE',  #2404 ) ;
#360 = FACE_OUTER_BOUND ( 'NONE', #726, .T. ) ;
#361 = ORIENTED_EDGE ( 'NONE', *, *, #2248, .F. ) ;
#362 = VECTOR ( 'NONE', #1420, 1000.000000000000114 ) ;
#363 = AXIS2_PLACEMENT_3D ( 'NONE', #1836, #67, #943 ) ;
#364 = FACE_OUTER_BOUND ( 'NONE', #2616, .T. ) ;
#365 = ADVANCED_FACE ( 'NONE', ( #2197 ), #17, .F. ) ;
#366 = ORIENTED_EDGE ( 'NONE', *, *, #2462, .F. ) ;
#367 = DIRECTION ( 'NONE',  ( 0.000000000000000000, 0.000000000000000000, -1.000000000000000000 ) ) ;
#368 =( NAMED_UNIT ( * ) PLANE_ANGLE_UNIT ( ) SI_UNIT ( $, .RADIAN. ) );
#369 = EDGE_CURVE ( 'NONE', #2833, #1000, #913, .T. ) ;
#370 = AXIS2_PLACEMENT_3D ( 'NONE', #1033, #2588, #609 ) ;
#371 = ORIENTED_EDGE ( 'NONE', *, *, #829, .F. ) ;
#372 = PLANE ( 'NONE',  #340 ) ;
#373 = ORIENTED_EDGE ( 'NONE', *, *, #2150, .F. ) ;
#374 = PLANE ( 'NONE',  #931 ) ;
#375 = CARTESIAN_POINT ( 'NONE',  ( 3.249999999999999112, 2.399999999999999467, 2.289999999999999591 ) ) ;
#376 = ORIENTED_EDGE ( 'NONE', *, *, #2453, .T. ) ;
#377 = LINE ( 'NONE', #620, #351 ) ;
#378 = LINE ( 'NONE', #115, #1337 ) ;
#379 = ORIENTED_EDGE ( 'NONE', *, *, #1609, .T. ) ;
#380 = VERTEX_POINT ( 'NONE', #1771 ) ;
#381 = AXIS2_PLACEMENT_3D ( 'NONE', #1302, #2810, #2369 ) ;
#382 = CARTESIAN_POINT ( 'NONE',  ( -3.935000000000000053, 2.349999999999999201, -1.019999999999999796 ) ) ;
#383 = PLANE ( 'NONE',  #2052 ) ;
#384 = VECTOR ( 'NONE', #185, 1000.000000000000000 ) ;
#385 = EDGE_CURVE ( 'NONE', #159, #32, #1, .T. ) ;
#386 = LINE ( 'NONE', #1253, #613 ) ;
#387 = ADVANCED_FACE ( 'NONE', ( #1102 ), #230, .T. ) ;
#388 = VERTEX_POINT ( 'NONE', #1784 ) ;
#389 = ORIENTED_EDGE ( 'NONE', *, *, #2191, .F. ) ;
#390 = ORIENTED_EDGE ( 'NONE', *, *, #486, .F. ) ;
#391 = LINE ( 'NONE', #1256, #2765 ) ;
#392 = LINE ( 'NONE', #1258, #1881 ) ;
#393 = EDGE_CURVE ( 'NONE', #2731, #1546, #461, .T. ) ;
#394 = EDGE_LOOP ( 'NONE', ( #1449, #1564, #602, #2427 ) ) ;
#395 = VERTEX_POINT ( 'NONE', #1115 ) ;
#396 = DIRECTION ( 'NONE',  ( 0.000000000000000000, -0.000000000000000000, -1.000000000000000000 ) ) ;
#397 =( NAMED_UNIT ( * ) SI_UNIT ( $, .STERADIAN. ) SOLID_ANGLE_UNIT ( ) );
#398 = VECTOR ( 'NONE', #1110, 1000.000000000000000 ) ;
#399 = VECTOR ( 'NONE', #248, 1000.000000000000000 ) ;
#400 = CARTESIAN_POINT ( 'NONE',  ( 3.935000000000001830, 0.000000000000000000, -1.500575874220467343 ) ) ;
#401 = VERTEX_POINT ( 'NONE', #1536 ) ;
#402 = EDGE_CURVE ( 'NONE', #245, #2796, #2626, .T. ) ;
#403 = ORIENTED_EDGE ( 'NONE', *, *, #423, .T. ) ;
#404 = ORIENTED_EDGE ( 'NONE', *, *, #2799, .T. ) ;
#405 = ORIENTED_EDGE ( 'NONE', *, *, #1313, .T. ) ;
#406 = LINE ( 'NONE', #1071, #1673 ) ;
#407 = CARTESIAN_POINT ( 'NONE',  ( 3.250000000000000888, 2.399999999999999467, 1.500575874220467343 ) ) ;
#408 = ORIENTED_EDGE ( 'NONE', *, *, #415, .F. ) ;
#409 = FACE_OUTER_BOUND ( 'NONE', #619, .T. ) ;
#410 = DIRECTION ( 'NONE',  ( 0.000000000000000000, -0.000000000000000000, -1.000000000000000000 ) ) ;
#411 = PRESENTATION_LAYER_ASSIGNMENT (  '', '', ( #1438 ) ) ;
#412 = ORIENTED_EDGE ( 'NONE', *, *, #806, .T. ) ;
#413 = CARTESIAN_POINT ( 'NONE',  ( -2.098641902177089680, 4.799999999999998934, -1.224843398168362629 ) ) ;
#414 = EDGE_LOOP ( 'NONE', ( #1949, #1199, #2645, #2379 ) ) ;
#415 = EDGE_CURVE ( 'NONE', #2356, #2306, #474, .T. ) ;
#416 = VERTEX_POINT ( 'NONE', #2642 ) ;
#417 = CARTESIAN_POINT ( 'NONE',  ( -3.634999999999999343, 2.399999999999999467, 1.500575874220467343 ) ) ;
#418 = DIRECTION ( 'NONE',  ( 0.000000000000000000, 0.7071067811865476838, 0.7071067811865474617 ) ) ;
#419 = EDGE_LOOP ( 'NONE', ( #792, #1981, #1320, #1031 ) ) ;
#420 = VERTEX_POINT ( 'NONE', #2008 ) ;
#421 = CARTESIAN_POINT ( 'NONE',  ( -3.634999999999999343, 2.649999999999999467, 0.5450000000000003730 ) ) ;
#422 = CARTESIAN_POINT ( 'NONE',  ( -3.634999999999999343, 2.349999999999999201, 0.5450000000000003730 ) ) ;
#423 = EDGE_CURVE ( 'NONE', #326, #1051, #888, .T. ) ;
#424 = CARTESIAN_POINT ( 'NONE',  ( -3.250000000000000888, 2.649999999999999467, 1.520000000000000240 ) ) ;
#425 = CARTESIAN_POINT ( 'NONE',  ( 3.934999999999999165, 0.4749999999999997558, -0.5449999999999999289 ) ) ;
#426 = VECTOR ( 'NONE', #490, 1000.000000000000000 ) ;
#427 = VERTEX_POINT ( 'NONE', #658 ) ;
#428 = CYLINDRICAL_SURFACE ( 'NONE', #561, 0.05000000000000056483 ) ;
#429 = LINE ( 'NONE', #2377, #61 ) ;
#430 = ORIENTED_EDGE ( 'NONE', *, *, #1380, .F. ) ;
#431 = CARTESIAN_POINT ( 'NONE',  ( 3.935000000000000053, 2.349999999999999201, 1.520000000000000240 ) ) ;
#432 = CARTESIAN_POINT ( 'NONE',  ( 3.250000000000000888, 2.649999999999999467, 1.500575874220467343 ) ) ;
#433 = VECTOR ( 'NONE', #2025, 1000.000000000000000 ) ;
#434 = ORIENTED_EDGE ( 'NONE', *, *, #1906, .F. ) ;
#435 = ORIENTED_EDGE ( 'NONE', *, *, #893, .T. ) ;
#436 = LINE ( 'NONE', #450, #2273 ) ;
#437 = DIRECTION ( 'NONE',  ( -3.336006684570783101E-16, 0.000000000000000000, -1.000000000000000000 ) ) ;
#438 = EDGE_CURVE ( 'NONE', #1351, #1413, #2429, .T. ) ;
#439 = AXIS2_PLACEMENT_3D ( 'NONE', #758, #2099, #2741 ) ;
#440 = DIRECTION ( 'NONE',  ( 0.000000000000000000, -0.9063077870366492705, -0.4226182617407008846 ) ) ;
#441 = FACE_OUTER_BOUND ( 'NONE', #2127, .T. ) ;
#442 = CIRCLE ( 'NONE', #1753, 0.3648317375651108918 ) ;
#443 = ORIENTED_EDGE ( 'NONE', *, *, #691, .F. ) ;
#444 = DIRECTION ( 'NONE',  ( 0.000000000000000000, 0.9063077870366492705, -0.4226182617407008846 ) ) ;
#445 = VERTEX_POINT ( 'NONE', #2468 ) ;
#446 = DIRECTION ( 'NONE',  ( 0.000000000000000000, 0.7071067811865474617, -0.7071067811865474617 ) ) ;
#447 = DIRECTION ( 'NONE',  ( 0.000000000000000000, -0.000000000000000000, -1.000000000000000000 ) ) ;
#448 = EDGE_LOOP ( 'NONE', ( #1690, #2122, #347, #2177 ) ) ;
#449 = ORIENTED_EDGE ( 'NONE', *, *, #1528, .F. ) ;
#450 = CARTESIAN_POINT ( 'NONE',  ( 3.249999999999999112, 2.649999999999999467, 2.289999999999999591 ) ) ;
#451 = FACE_OUTER_BOUND ( 'NONE', #327, .T. ) ;
#452 = EDGE_CURVE ( 'NONE', #1104, #55, #501, .T. ) ;
#453 = UNCERTAINTY_MEASURE_WITH_UNIT (LENGTH_MEASURE( 1.000000000000000082E-05 ), #1595, 'distance_accuracy_value', 'NONE');
#454 = CARTESIAN_POINT ( 'NONE',  ( 3.935000000000001830, -0.2419291598615311567, -0.5188187575961147324 ) ) ;
#455 = CARTESIAN_POINT ( 'NONE',  ( -2.098641902177089680, 4.699999999999998401, -1.224843398168362629 ) ) ;
#456 = CIRCLE ( 'NONE', #126, 0.05000000000000056483 ) ;
#457 = CIRCLE ( 'NONE', #2050, 0.3648317375651108918 ) ;
#458 = EDGE_CURVE ( 'NONE', #2628, #705, #2225, .T. ) ;
#459 = STYLED_ITEM ( 'NONE', ( #2463 ), #1764 ) ;
#460 = CARTESIAN_POINT ( 'NONE',  ( -3.250000000000000888, 2.649999999999999467, -2.290000000000001368 ) ) ;
#461 = LINE ( 'NONE', #1346, #1091 ) ;
#462 = DIRECTION ( 'NONE',  ( 3.303540896838877439E-16, 0.1391731009600657432, 0.9902680687415702510 ) ) ;
#463 = ORIENTED_EDGE ( 'NONE', *, *, #2514, .F. ) ;
#464 = EDGE_LOOP ( 'NONE', ( #5, #1851, #1221, #671 ) ) ;
#465 = DIRECTION ( 'NONE',  ( -0.000000000000000000, 1.000000000000000000, 0.000000000000000000 ) ) ;
#466 = CARTESIAN_POINT ( 'NONE',  ( 3.935000000000001830, 1.933132337141316937, -1.500575874220467343 ) ) ;
#467 =( NAMED_UNIT ( * ) SI_UNIT ( $, .STERADIAN. ) SOLID_ANGLE_UNIT ( ) );
#468 = CARTESIAN_POINT ( 'NONE',  ( 3.685000000000000053, 1.933132337141316492, 1.995000000000000329 ) ) ;
#469 = AXIS2_PLACEMENT_3D ( 'NONE', #1008, #1242, #1416 ) ;
#470 = ADVANCED_FACE ( 'NONE', ( #1575 ), #903, .F. ) ;
#471 = ADVANCED_FACE ( 'NONE', ( #1142 ), #50, .F. ) ;
#472 = ADVANCED_FACE ( 'NONE', ( #2278 ), #766, .F. ) ;
#473 = DIRECTION ( 'NONE',  ( 0.000000000000000000, -0.000000000000000000, -1.000000000000000000 ) ) ;
#474 = LINE ( 'NONE', #1588, #1551 ) ;
#475 = DIRECTION ( 'NONE',  ( -1.000000000000000000, 0.000000000000000000, 0.000000000000000000 ) ) ;
#476 = DIRECTION ( 'NONE',  ( -1.000000000000000000, 0.000000000000000000, 0.000000000000000000 ) ) ;
#477 = EDGE_CURVE ( 'NONE', #481, #2290, #2705, .T. ) ;
#478 = ORIENTED_EDGE ( 'NONE', *, *, #746, .F. ) ;
#479 = EDGE_CURVE ( 'NONE', #2770, #1038, #1156, .T. ) ;
#480 = AXIS2_PLACEMENT_3D ( 'NONE', #182, #1265, #1048 ) ;
#481 = VERTEX_POINT ( 'NONE', #737 ) ;
#482 = CARTESIAN_POINT ( 'NONE',  ( -3.935000000000000053, 1.933132337141316937, 0.000000000000000000 ) ) ;
#483 = SURFACE_SIDE_STYLE ('',( #896 ) ) ;
#484 = LINE ( 'NONE', #73, #296 ) ;
#485 = CARTESIAN_POINT ( 'NONE',  ( 3.935000000000001830, 0.4749999999999993672, 0.5450000000000003730 ) ) ;
#486 = EDGE_CURVE ( 'NONE', #21, #1042, #1383, .T. ) ;
#487 = CARTESIAN_POINT ( 'NONE',  ( 3.249999999999999112, 2.649999999999999467, 2.289999999999999591 ) ) ;
#488 = CARTESIAN_POINT ( 'NONE',  ( 3.685000000000000053, 2.349999999999999201, -1.500575874220467343 ) ) ;
#489 = LINE ( 'NONE', #272, #722 ) ;
#490 = DIRECTION ( 'NONE',  ( -0.000000000000000000, 1.000000000000000000, 0.000000000000000000 ) ) ;
#491 = ORIENTED_EDGE ( 'NONE', *, *, #1885, .F. ) ;
#492 = EDGE_LOOP ( 'NONE', ( #1084, #675, #2570, #657 ) ) ;
#493 = CARTESIAN_POINT ( 'NONE',  ( -3.685000000000000053, 1.174999999999998934, 0.1550000000000001932 ) ) ;
#494 = DIRECTION ( 'NONE',  ( -1.000000000000000000, 0.000000000000000000, 0.000000000000000000 ) ) ;
#495 = DIRECTION ( 'NONE',  ( -1.000000000000000000, 0.000000000000000000, 0.000000000000000000 ) ) ;
#496 = AXIS2_PLACEMENT_3D ( 'NONE', #2019, #1576, #2683 ) ;
#497 = PRESENTATION_STYLE_ASSIGNMENT (( #1152 ) ) ;
#498 = CARTESIAN_POINT ( 'NONE',  ( -3.250000000000000888, 2.399999999999999467, 1.520000000000000240 ) ) ;
#499 = EDGE_LOOP ( 'NONE', ( #263, #2311, #2149, #1508 ) ) ;
#500 = ORIENTED_EDGE ( 'NONE', *, *, #1672, .T. ) ;
#501 = LINE ( 'NONE', #1331, #2698 ) ;
#502 = FACE_OUTER_BOUND ( 'NONE', #826, .T. ) ;
#503 = DIRECTION ( 'NONE',  ( -1.000000000000000000, -1.836970198721034371E-16, 0.000000000000000000 ) ) ;
#504 = VERTEX_POINT ( 'NONE', #1867 ) ;
#505 = DIRECTION ( 'NONE',  ( -1.000000000000000000, 0.000000000000000000, 0.000000000000000000 ) ) ;
#506 = ADVANCED_FACE ( 'NONE', ( #512 ), #2307, .F. ) ;
#507 = CARTESIAN_POINT ( 'NONE',  ( -3.250000000000000888, 2.649999999999999467, -1.019999999999999796 ) ) ;
#508 = ADVANCED_FACE ( 'NONE', ( #2263 ), #2089, .T. ) ;
#509 = LINE ( 'NONE', #1832, #1652 ) ;
#510 = ORIENTED_EDGE ( 'NONE', *, *, #1273, .F. ) ;
#511 = ORIENTED_EDGE ( 'NONE', *, *, #131, .F. ) ;
#512 = FACE_OUTER_BOUND ( 'NONE', #1521, .T. ) ;
#513 = DIRECTION ( 'NONE',  ( 0.000000000000000000, -0.4226182617407008846, 0.9063077870366492705 ) ) ;
#514 = CARTESIAN_POINT ( 'NONE',  ( 3.935000000000001830, 1.933132337141316937, 0.000000000000000000 ) ) ;
#515 = CIRCLE ( 'NONE', #2302, 0.3648317375651108918 ) ;
#516 = VERTEX_POINT ( 'NONE', #1809 ) ;
#517 = DIRECTION ( 'NONE',  ( -1.408054769461694435E-16, -1.000000000000000000, 0.000000000000000000 ) ) ;
#518 = DIRECTION ( 'NONE',  ( 0.000000000000000000, -0.000000000000000000, -1.000000000000000000 ) ) ;
#519 = EDGE_CURVE ( 'NONE', #1748, #159, #727, .T. ) ;
#520 = VECTOR ( 'NONE', #584, 1000.000000000000000 ) ;
#521 = CARTESIAN_POINT ( 'NONE',  ( 3.935000000000000053, 2.349999999999999201, -0.5449999999999999289 ) ) ;
#522 = VERTEX_POINT ( 'NONE', #298 ) ;
#523 = ORIENTED_EDGE ( 'NONE', *, *, #900, .F. ) ;
#524 = VERTEX_POINT ( 'NONE', #94 ) ;
#525 = LINE ( 'NONE', #1170, #2786 ) ;
#526 = PLANE ( 'NONE',  #2651 ) ;
#527 = CARTESIAN_POINT ( 'NONE',  ( -3.685000000000000053, -3.541936634936305950, 1.520000000000000240 ) ) ;
#528 = VECTOR ( 'NONE', #10, 1000.000000000000000 ) ;
#529 = ORIENTED_EDGE ( 'NONE', *, *, #2102, .F. ) ;
#530 = CIRCLE ( 'NONE', #801, 0.05000000000000056483 ) ;
#531 = CARTESIAN_POINT ( 'NONE',  ( -3.935000000000000053, -1.214805602622638814, -2.605159021898022953 ) ) ;
#532 = LINE ( 'NONE', #2064, #2500 ) ;
#533 = CARTESIAN_POINT ( 'NONE',  ( -3.935000000000000053, -2.168404344971008868E-16, -1.019999999999999574 ) ) ;
#534 = LINE ( 'NONE', #487, #1953 ) ;
#535 = ORIENTED_EDGE ( 'NONE', *, *, #1672, .F. ) ;
#536 = ORIENTED_EDGE ( 'NONE', *, *, #309, .T. ) ;
#537 = VERTEX_POINT ( 'NONE', #1822 ) ;
#538 = DIRECTION ( 'NONE',  ( 0.000000000000000000, -1.000000000000000000, -0.000000000000000000 ) ) ;
#539 = CARTESIAN_POINT ( 'NONE',  ( 3.935000000000001830, -3.541936634936323713, -1.519999999999999796 ) ) ;
#540 = CARTESIAN_POINT ( 'NONE',  ( -3.634999999999999343, 2.349999999999999201, 1.520000000000000240 ) ) ;
#541 = VECTOR ( 'NONE', #1419, 1000.000000000000000 ) ;
#542 = ADVANCED_FACE ( 'NONE', ( #2694 ), #2747, .T. ) ;
#543 = ORIENTED_EDGE ( 'NONE', *, *, #1843, .F. ) ;
#544 = CARTESIAN_POINT ( 'NONE',  ( 3.935000000000001830, -0.2419291598615311567, -0.5188187575961147324 ) ) ;
#545 = CARTESIAN_POINT ( 'NONE',  ( 3.685000000000000053, 1.174999999999999600, 2.694999999999999840 ) ) ;
#546 = MECHANICAL_DESIGN_GEOMETRIC_PRESENTATION_REPRESENTATION (  '', ( #459 ), #1185 ) ;
#547 = CARTESIAN_POINT ( 'NONE',  ( 3.935000000000001830, -0.7600000000000001199, -0.7600000000000001199 ) ) ;
#548 = FILL_AREA_STYLE ('',( #1860 ) ) ;
#549 = LINE ( 'NONE', #2772, #246 ) ;
#550 = VERTEX_POINT ( 'NONE', #2536 ) ;
#551 = DIRECTION ( 'NONE',  ( 0.000000000000000000, -0.000000000000000000, -1.000000000000000000 ) ) ;
#552 = ADVANCED_FACE ( 'NONE', ( #1628 ), #2507, .F. ) ;
#553 = DIRECTION ( 'NONE',  ( 0.000000000000000000, 0.000000000000000000, -1.000000000000000000 ) ) ;
#554 = CARTESIAN_POINT ( 'NONE',  ( 3.935000000000001830, -1.214805602622636149, 2.605159021898016736 ) ) ;
#555 = EDGE_CURVE ( 'NONE', #277, #941, #525, .T. ) ;
#556 = VERTEX_POINT ( 'NONE', #2291 ) ;
#557 = VECTOR ( 'NONE', #2027, 1000.000000000000000 ) ;
#558 = LINE ( 'NONE', #2095, #736 ) ;
#559 = LINE ( 'NONE', #2313, #992 ) ;
#560 = EDGE_CURVE ( 'NONE', #969, #395, #950, .T. ) ;
#561 = AXIS2_PLACEMENT_3D ( 'NONE', #654, #1532, #214 ) ;
#562 = DIRECTION ( 'NONE',  ( -1.000000000000000000, 0.000000000000000000, 0.000000000000000000 ) ) ;
#563 = CARTESIAN_POINT ( 'NONE',  ( 3.685000000000000053, 0.4749999999999993117, -0.5450000000000000400 ) ) ;
#564 = EDGE_CURVE ( 'NONE', #1534, #870, #995, .T. ) ;
#565 = AXIS2_PLACEMENT_3D ( 'NONE', #1022, #810, #600 ) ;
#566 = CARTESIAN_POINT ( 'NONE',  ( 3.685000000000000053, -5.636436893075692057E-16, -1.994999999999999885 ) ) ;
#567 = VERTEX_POINT ( 'NONE', #1613 ) ;
#568 = ORIENTED_EDGE ( 'NONE', *, *, #1960, .T. ) ;
#569 = DIRECTION ( 'NONE',  ( 0.000000000000000000, 0.000000000000000000, -1.000000000000000000 ) ) ;
#570 = DIRECTION ( 'NONE',  ( -1.000000000000000000, 0.000000000000000000, -0.000000000000000000 ) ) ;
#571 = FACE_OUTER_BOUND ( 'NONE', #1101, .T. ) ;
#572 = EDGE_CURVE ( 'NONE', #2556, #1833, #457, .T. ) ;
#573 = CLOSED_SHELL ( 'NONE', ( #817, #2488, #1187, #1878, #2691, #1782, #1905, #48, #2700, #1580, #1370, #1734, #387, #84, #350, #117, #552, #1560 ) ) ;
#574 = VECTOR ( 'NONE', #2515, 1000.000000000000000 ) ;
#575 = VERTEX_POINT ( 'NONE', #344 ) ;
#576 = CARTESIAN_POINT ( 'NONE',  ( 3.249999999999996447, 2.399999999999999467, -2.290000000000003588 ) ) ;
#577 = EDGE_CURVE ( 'NONE', #2104, #76, #284, .T. ) ;
#578 = ORIENTED_EDGE ( 'NONE', *, *, #2172, .T. ) ;
#579 = CIRCLE ( 'NONE', #755, 0.3648317375651108918 ) ;
#580 = CARTESIAN_POINT ( 'NONE',  ( -3.634999999999999343, 2.349999999999999201, -1.500575874220467343 ) ) ;
#581 = CARTESIAN_POINT ( 'NONE',  ( 3.935000000000001830, -3.810000000000000053, 1.145000000000000240 ) ) ;
#582 = CARTESIAN_POINT ( 'NONE',  ( 3.935000000000000053, 2.349999999999999201, 0.5450000000000003730 ) ) ;
#583 = ORIENTED_EDGE ( 'NONE', *, *, #2295, .F. ) ;
#584 = DIRECTION ( 'NONE',  ( -1.000000000000000000, 0.000000000000000000, 0.000000000000000000 ) ) ;
#585 = CARTESIAN_POINT ( 'NONE',  ( 3.935000000000001830, -3.810000000000018261, -1.394999999999999574 ) ) ;
#586 = ORIENTED_EDGE ( 'NONE', *, *, #477, .T. ) ;
#587 = PLANE ( 'NONE',  #1585 ) ;
#588 = VECTOR ( 'NONE', #1676, 1000.000000000000000 ) ;
#589 = VECTOR ( 'NONE', #1213, 1000.000000000000000 ) ;
#590 = LINE ( 'NONE', #576, #607 ) ;
#591 = ORIENTED_EDGE ( 'NONE', *, *, #951, .F. ) ;
#592 = EDGE_LOOP ( 'NONE', ( #1970, #2600, #1901, #2230 ) ) ;
#593 = LINE ( 'NONE', #382, #1763 ) ;
#594 = CARTESIAN_POINT ( 'NONE',  ( -3.935000000000000053, -3.810000000000018261, -1.394999999999999574 ) ) ;
#595 = EDGE_CURVE ( 'NONE', #1452, #356, #1517, .T. ) ;
#596 = CARTESIAN_POINT ( 'NONE',  ( -3.935000000000000053, 2.349999999999999201, -1.500575874220467343 ) ) ;
#597 = EDGE_CURVE ( 'NONE', #70, #1703, #1063, .T. ) ;
#598 = ORIENTED_EDGE ( 'NONE', *, *, #2188, .F. ) ;
#599 = ORIENTED_EDGE ( 'NONE', *, *, #769, .T. ) ;
#600 = DIRECTION ( 'NONE',  ( -1.000000000000000000, 0.000000000000000000, 0.000000000000000000 ) ) ;
#601 = SURFACE_STYLE_USAGE ( .BOTH. , #2351 ) ;
#602 = ORIENTED_EDGE ( 'NONE', *, *, #2295, .T. ) ;
#603 = DIRECTION ( 'NONE',  ( 0.000000000000000000, 0.000000000000000000, -1.000000000000000000 ) ) ;
#604 = LINE ( 'NONE', #1218, #2066 ) ;
#605 = VERTEX_POINT ( 'NONE', #1280 ) ;
#606 = ORIENTED_EDGE ( 'NONE', *, *, #1329, .T. ) ;
#607 = VECTOR ( 'NONE', #2525, 1000.000000000000000 ) ;
#608 = DIRECTION ( 'NONE',  ( -1.000000000000000000, 0.000000000000000000, 0.000000000000000000 ) ) ;
#609 = DIRECTION ( 'NONE',  ( 1.000000000000000000, 0.000000000000000000, 0.000000000000000000 ) ) ;
#610 =( GEOMETRIC_REPRESENTATION_CONTEXT ( 3 ) GLOBAL_UNCERTAINTY_ASSIGNED_CONTEXT ( ( #2435 ) ) GLOBAL_UNIT_ASSIGNED_CONTEXT ( ( #885, #2664, #2026 ) ) REPRESENTATION_CONTEXT ( 'NONE', 'WORKASPACE' ) );
#611 = EDGE_CURVE ( 'NONE', #1886, #969, #1309, .T. ) ;
#612 = DIRECTION ( 'NONE',  ( 1.000000000000000000, -1.836970198721034371E-16, 0.000000000000000000 ) ) ;
#613 = VECTOR ( 'NONE', #2132, 1000.000000000000000 ) ;
#614 = ORIENTED_EDGE ( 'NONE', *, *, #1812, .T. ) ;
#615 = CARTESIAN_POINT ( 'NONE',  ( -3.685000000000000053, -3.810000000000000053, 1.145000000000000240 ) ) ;
#616 = ORIENTED_EDGE ( 'NONE', *, *, #2633, .F. ) ;
#617 = ORIENTED_EDGE ( 'NONE', *, *, #2729, .F. ) ;
#618 = AXIS2_PLACEMENT_3D ( 'NONE', #1670, #570, #2324 ) ;
#619 = EDGE_LOOP ( 'NONE', ( #1539, #133, #1761, #478, #2326, #2012, #2140, #2334 ) ) ;
#620 = CARTESIAN_POINT ( 'NONE',  ( 3.634999999999999343, 2.399999999999999467, 0.5450000000000003730 ) ) ;
#621 = FACE_OUTER_BOUND ( 'NONE', #419, .T. ) ;
#622 = ORIENTED_EDGE ( 'NONE', *, *, #643, .T. ) ;
#623 = ORIENTED_EDGE ( 'NONE', *, *, #402, .F. ) ;
#624 = DIRECTION ( 'NONE',  ( 0.000000000000000000, -1.000000000000000000, -0.000000000000000000 ) ) ;
#625 = EDGE_CURVE ( 'NONE', #2596, #1180, #2105, .T. ) ;
#626 = FACE_OUTER_BOUND ( 'NONE', #894, .T. ) ;
#627 = ADVANCED_FACE ( 'NONE', ( #236 ), #1095, .F. ) ;
#628 = EDGE_LOOP ( 'NONE', ( #343, #2826, #1591, #187 ) ) ;
#629 = PLANE ( 'NONE',  #2314 ) ;
#630 = ORIENTED_EDGE ( 'NONE', *, *, #1395, .T. ) ;
#631 = DIRECTION ( 'NONE',  ( 0.000000000000000000, 0.000000000000000000, -1.000000000000000000 ) ) ;
#632 = DIRECTION ( 'NONE',  ( -1.000000000000000000, 0.000000000000000000, 0.000000000000000000 ) ) ;
#633 = EDGE_CURVE ( 'NONE', #2745, #186, #1986, .T. ) ;
#634 = EDGE_LOOP ( 'NONE', ( #1874, #1924, #2340, #1740 ) ) ;
#635 = VECTOR ( 'NONE', #517, 1000.000000000000000 ) ;
#636 = ORIENTED_EDGE ( 'NONE', *, *, #2637, .F. ) ;
#637 = DIRECTION ( 'NONE',  ( -0.000000000000000000, 0.9063077870366492705, 0.4226182617407008846 ) ) ;
#638 = FACE_OUTER_BOUND ( 'NONE', #1097, .T. ) ;
#639 = AXIS2_PLACEMENT_3D ( 'NONE', #706, #437, #207 ) ;
#640 = VERTEX_POINT ( 'NONE', #2204 ) ;
#641 = DIRECTION ( 'NONE',  ( 0.000000000000000000, 0.000000000000000000, -1.000000000000000000 ) ) ;
#642 = CARTESIAN_POINT ( 'NONE',  ( -3.935000000000000053, 2.349999999999999201, -1.519999999999999796 ) ) ;
#643 = EDGE_CURVE ( 'NONE', #2562, #2757, #2160, .T. ) ;
#644 = DIRECTION ( 'NONE',  ( -0.1391731009600657432, -0.9902680687415703620, 0.000000000000000000 ) ) ;
#645 = LINE ( 'NONE', #172, #2117 ) ;
#646 = ORIENTED_EDGE ( 'NONE', *, *, #1192, .F. ) ;
#647 = ORIENTED_EDGE ( 'NONE', *, *, #1186, .F. ) ;
#648 = LINE ( 'NONE', #1292, #1125 ) ;
#649 = LINE ( 'NONE', #2632, #2559 ) ;
#650 = DIRECTION ( 'NONE',  ( 0.000000000000000000, -0.000000000000000000, -1.000000000000000000 ) ) ;
#651 = DIRECTION ( 'NONE',  ( 1.000000000000000000, 0.000000000000000000, 0.000000000000000000 ) ) ;
#652 = VECTOR ( 'NONE', #231, 1000.000000000000000 ) ;
#653 = ORIENTED_EDGE ( 'NONE', *, *, #415, .T. ) ;
#654 = CARTESIAN_POINT ( 'NONE',  ( -3.634999999999999343, 2.349999999999999201, 1.520000000000000240 ) ) ;
#655 = VERTEX_POINT ( 'NONE', #1927 ) ;
#656 = EDGE_CURVE ( 'NONE', #31, #226, #1943, .T. ) ;
#657 = ORIENTED_EDGE ( 'NONE', *, *, #1484, .F. ) ;
#658 = CARTESIAN_POINT ( 'NONE',  ( -3.685000000000000053, 2.349999999999999201, 1.500575874220467343 ) ) ;
#659 = PLANE ( 'NONE',  #1980 ) ;
#660 = VECTOR ( 'NONE', #2550, 1000.000000000000000 ) ;
#661 = VERTEX_POINT ( 'NONE', #882 ) ;
#662 = ORIENTED_EDGE ( 'NONE', *, *, #1946, .F. ) ;
#663 = CARTESIAN_POINT ( 'NONE',  ( 3.685000000000000053, -4.336808689942017736E-16, -1.519999999999999796 ) ) ;
#664 = EDGE_CURVE ( 'NONE', #2641, #232, #2818, .T. ) ;
#665 = VECTOR ( 'NONE', #1149, 1000.000000000000000 ) ;
#666 = FACE_OUTER_BOUND ( 'NONE', #864, .T. ) ;
#667 = PLANE ( 'NONE',  #2033 ) ;
#668 = CIRCLE ( 'NONE', #2270, 0.05000000000000056483 ) ;
#669 = VECTOR ( 'NONE', #1707, 1000.000000000000000 ) ;
#670 = LINE ( 'NONE', #228, #342 ) ;
#671 = ORIENTED_EDGE ( 'NONE', *, *, #2483, .F. ) ;
#672 = FACE_OUTER_BOUND ( 'NONE', #1512, .T. ) ;
#673 = LINE ( 'NONE', #2643, #1526 ) ;
#674 = ORIENTED_EDGE ( 'NONE', *, *, #572, .T. ) ;
#675 = ORIENTED_EDGE ( 'NONE', *, *, #2206, .T. ) ;
#676 = DIRECTION ( 'NONE',  ( 0.000000000000000000, 0.9063077870366492705, -0.4226182617407008846 ) ) ;
#677 =( NAMED_UNIT ( * ) SI_UNIT ( $, .STERADIAN. ) SOLID_ANGLE_UNIT ( ) );
#678 = EDGE_CURVE ( 'NONE', #274, #2306, #2420, .T. ) ;
#679 = LINE ( 'NONE', #1819, #2037 ) ;
#680 = CARTESIAN_POINT ( 'NONE',  ( -3.634999999999999343, 2.349999999999999201, -0.5449999999999999289 ) ) ;
#681 = VECTOR ( 'NONE', #68, 1000.000000000000000 ) ;
#682 = ADVANCED_FACE ( 'NONE', ( #626 ), #1503, .F. ) ;
#683 = EDGE_CURVE ( 'NONE', #2760, #1471, #2374, .T. ) ;
#684 = APPLICATION_PROTOCOL_DEFINITION ( 'draft international standard', 'automotive_design', 1998, #1409 ) ;
#685 =( GEOMETRIC_REPRESENTATION_CONTEXT ( 3 ) GLOBAL_UNCERTAINTY_ASSIGNED_CONTEXT ( ( #1308 ) ) GLOBAL_UNIT_ASSIGNED_CONTEXT ( ( #1846, #1437, #1176 ) ) REPRESENTATION_CONTEXT ( 'NONE', 'WORKASPACE' ) );
#686 = EDGE_CURVE ( 'NONE', #388, #655, #897, .T. ) ;
#687 = DIRECTION ( 'NONE',  ( 1.000000000000000000, 0.000000000000000000, 0.000000000000000000 ) ) ;
#688 = CARTESIAN_POINT ( 'NONE',  ( 3.685000000000000053, -3.810000000000000053, 1.520000000000000240 ) ) ;
#689 = LINE ( 'NONE', #1786, #2530 ) ;
#690 = ORIENTED_EDGE ( 'NONE', *, *, #1311, .T. ) ;
#691 = EDGE_CURVE ( 'NONE', #216, #846, #1725, .T. ) ;
#692 = ORIENTED_EDGE ( 'NONE', *, *, #1269, .F. ) ;
#693 = CARTESIAN_POINT ( 'NONE',  ( 3.935000000000001830, 1.933132337141316937, 1.500575874220467343 ) ) ;
#694 = DIRECTION ( 'NONE',  ( 0.000000000000000000, -0.4226182617407008846, 0.9063077870366492705 ) ) ;
#695 = CARTESIAN_POINT ( 'NONE',  ( -3.634999999999999343, 2.349999999999999201, 1.520000000000000240 ) ) ;
#696 = VECTOR ( 'NONE', #124, 1000.000000000000000 ) ;
#697 = LINE ( 'NONE', #2466, #975 ) ;
#698 = VERTEX_POINT ( 'NONE', #1445 ) ;
#699 = ORIENTED_EDGE ( 'NONE', *, *, #2613, .F. ) ;
#700 = DIRECTION ( 'NONE',  ( 0.000000000000000000, -1.000000000000000000, -0.000000000000000000 ) ) ;
#701 = CARTESIAN_POINT ( 'NONE',  ( -3.685000000000000053, -5.636436893075692057E-16, 0.5450000000000003730 ) ) ;
#702 = CARTESIAN_POINT ( 'NONE',  ( -3.685000000000000053, 0.4749999999999994227, -1.994999999999999885 ) ) ;
#703 = ORIENTED_EDGE ( 'NONE', *, *, #1464, .F. ) ;
#704 = AXIS2_PLACEMENT_3D ( 'NONE', #2182, #2210, #257 ) ;
#705 = VERTEX_POINT ( 'NONE', #2606 ) ;
#706 = CARTESIAN_POINT ( 'NONE',  ( 3.249999999999999112, 2.649999999999999467, 2.289999999999999591 ) ) ;
#707 = AXIS2_PLACEMENT_3D ( 'NONE', #2196, #198, #687 ) ;
#708 = SURFACE_STYLE_USAGE ( .BOTH. , #265 ) ;
#709 = CARTESIAN_POINT ( 'NONE',  ( 3.935000000000001830, 2.649999999999999467, 1.500575874220467343 ) ) ;
#710 = ADVANCED_FACE ( 'NONE', ( #2830, #638 ), #2388, .T. ) ;
#711 = AXIS2_PLACEMENT_3D ( 'NONE', #2602, #1527, #1750 ) ;
#712 = CARTESIAN_POINT ( 'NONE',  ( 3.249999999999996447, 2.649999999999999467, -2.290000000000003588 ) ) ;
#713 = AXIS2_PLACEMENT_3D ( 'NONE', #712, #939, #1411 ) ;
#714 = PRODUCT ( 'EL814(A)-V', 'EL814(A)-V', '', ( #2690 ) ) ;
#715 = CARTESIAN_POINT ( 'NONE',  ( -3.634999999999998899, -4.336808689942017736E-16, -1.519999999999999796 ) ) ;
#716 = DIRECTION ( 'NONE',  ( -0.000000000000000000, 1.000000000000000000, 0.000000000000000000 ) ) ;
#717 = DIRECTION ( 'NONE',  ( -1.000000000000000000, 0.000000000000000000, 0.000000000000000000 ) ) ;
#718 = ORIENTED_EDGE ( 'NONE', *, *, #2191, .T. ) ;
#719 = ADVANCED_FACE ( 'NONE', ( #666 ), #1543, .F. ) ;
#720 = DIRECTION ( 'NONE',  ( -1.000000000000000000, 0.000000000000000000, -0.000000000000000000 ) ) ;
#721 = CARTESIAN_POINT ( 'NONE',  ( 3.935000000000001830, -2.168404344971008868E-16, -1.019999999999999574 ) ) ;
#722 = VECTOR ( 'NONE', #1157, 1000.000000000000000 ) ;
#723 = AXIS2_PLACEMENT_3D ( 'NONE', #1428, #965, #2720 ) ;
#724 =( NAMED_UNIT ( * ) SI_UNIT ( $, .STERADIAN. ) SOLID_ANGLE_UNIT ( ) );
#725 = CARTESIAN_POINT ( 'NONE',  ( 3.685000000000000053, -3.810000000000000497, 1.144999999999999796 ) ) ;
#726 = EDGE_LOOP ( 'NONE', ( #583, #1955, #2611, #1296, #2531, #606, #2733, #623, #1549, #1540, #692, #1228 ) ) ;
#727 = LINE ( 'NONE', #2479, #2195 ) ;
#728 = LINE ( 'NONE', #1602, #541 ) ;
#729 = PLANE ( 'NONE',  #195 ) ;
#730 = EDGE_LOOP ( 'NONE', ( #2137, #354, #2385, #1400, #389, #247, #2579, #1579, #982, #1694, #2672, #2366 ) ) ;
#731 = CARTESIAN_POINT ( 'NONE',  ( -3.634999999999999343, 2.349999999999999201, -1.019999999999999796 ) ) ;
#732 = LINE ( 'NONE', #2448, #2131 ) ;
#733 = SURFACE_STYLE_FILL_AREA ( #548 ) ;
#734 = CARTESIAN_POINT ( 'NONE',  ( 3.249999999999996447, 2.649999999999999467, -2.290000000000003588 ) ) ;
#735 = ORIENTED_EDGE ( 'NONE', *, *, #1376, .T. ) ;
#736 = VECTOR ( 'NONE', #1189, 1000.000000000000000 ) ;
#737 = CARTESIAN_POINT ( 'NONE',  ( -2.947837205389858717, 0.2500000000000006661, 1.987837205389859419 ) ) ;
#738 = PLANE ( 'NONE',  #1090 ) ;
#739 = FACE_OUTER_BOUND ( 'NONE', #2781, .T. ) ;
#740 = VERTEX_POINT ( 'NONE', #1792 ) ;
#741 = EDGE_CURVE ( 'NONE', #524, #2667, #732, .T. ) ;
#742 = CARTESIAN_POINT ( 'NONE',  ( 3.250000000000000888, 2.649999999999999467, 0.5450000000000003730 ) ) ;
#743 = DIRECTION ( 'NONE',  ( 0.000000000000000000, 0.000000000000000000, 1.000000000000000000 ) ) ;
#744 = CARTESIAN_POINT ( 'NONE',  ( 3.249999999999996447, 4.799999999999998934, -1.987837205389861417 ) ) ;
#745 = AXIS2_PLACEMENT_3D ( 'NONE', #695, #1123, #651 ) ;
#746 = EDGE_CURVE ( 'NONE', #1196, #427, #668, .T. ) ;
#747 = FACE_OUTER_BOUND ( 'NONE', #2764, .T. ) ;
#748 = ORIENTED_EDGE ( 'NONE', *, *, #1609, .F. ) ;
#749 = ORIENTED_EDGE ( 'NONE', *, *, #875, .T. ) ;
#750 = CARTESIAN_POINT ( 'NONE',  ( -2.098641902177089680, 4.699999999999998401, -1.224843398168362629 ) ) ;
#751 = DIRECTION ( 'NONE',  ( -1.000000000000000000, 0.000000000000000000, 0.000000000000000000 ) ) ;
#752 = CARTESIAN_POINT ( 'NONE',  ( -3.634999999999999343, 2.399999999999999467, -0.5449999999999999289 ) ) ;
#753 = VECTOR ( 'NONE', #569, 1000.000000000000000 ) ;
#754 = ORIENTED_EDGE ( 'NONE', *, *, #2116, .F. ) ;
#755 = AXIS2_PLACEMENT_3D ( 'NONE', #2386, #1044, #608 ) ;
#756 = DIRECTION ( 'NONE',  ( -1.000000000000000000, 0.000000000000000000, 0.000000000000000000 ) ) ;
#757 = CARTESIAN_POINT ( 'NONE',  ( 3.935000000000000053, 2.349999999999999201, -0.5449999999999999289 ) ) ;
#758 = CARTESIAN_POINT ( 'NONE',  ( 3.634999999999999343, 2.349999999999999201, 1.500575874220467343 ) ) ;
#759 = DIRECTION ( 'NONE',  ( 0.000000000000000000, 1.000000000000000000, -0.000000000000000000 ) ) ;
#760 = EDGE_CURVE ( 'NONE', #1721, #401, #2002, .T. ) ;
#761 = EDGE_CURVE ( 'NONE', #1275, #356, #89, .T. ) ;
#762 = LINE ( 'NONE', #1849, #2450 ) ;
#763 = EDGE_LOOP ( 'NONE', ( #1807, #1856, #1604, #855 ) ) ;
#764 = ORIENTED_EDGE ( 'NONE', *, *, #452, .T. ) ;
#765 = ORIENTED_EDGE ( 'NONE', *, *, #986, .F. ) ;
#766 = CYLINDRICAL_SURFACE ( 'NONE', #1178, 0.3648317375651108918 ) ;
#767 = LINE ( 'NONE', #2175, #1844 ) ;
#768 = DIRECTION ( 'NONE',  ( -1.000000000000000000, 0.000000000000000000, 0.000000000000000000 ) ) ;
#769 = EDGE_CURVE ( 'NONE', #1945, #1037, #2727, .T. ) ;
#770 = ORIENTED_EDGE ( 'NONE', *, *, #1392, .F. ) ;
#771 = DIRECTION ( 'NONE',  ( -0.000000000000000000, 1.000000000000000000, 0.000000000000000000 ) ) ;
#772 = DIRECTION ( 'NONE',  ( 0.000000000000000000, 0.000000000000000000, 1.000000000000000000 ) ) ;
#773 = PRESENTATION_LAYER_ASSIGNMENT (  '', '', ( #1234 ) ) ;
#774 = EDGE_CURVE ( 'NONE', #2792, #605, #290, .T. ) ;
#775 = CARTESIAN_POINT ( 'NONE',  ( 3.685000000000000053, -3.541936634936323713, -1.519999999999999796 ) ) ;
#776 = LINE ( 'NONE', #2703, #251 ) ;
#777 = DIRECTION ( 'NONE',  ( -3.690901012716612129E-16, -1.000000000000000000, 0.000000000000000000 ) ) ;
#778 = ORIENTED_EDGE ( 'NONE', *, *, #1484, .T. ) ;
#779 = DIRECTION ( 'NONE',  ( 0.000000000000000000, 0.4226182617407008846, 0.9063077870366492705 ) ) ;
#780 = CARTESIAN_POINT ( 'NONE',  ( 3.250000000000000888, 2.399999999999999467, 1.520000000000000240 ) ) ;
#781 = FACE_OUTER_BOUND ( 'NONE', #1029, .T. ) ;
#782 = EDGE_LOOP ( 'NONE', ( #791, #523, #1262, #1524 ) ) ;
#783 = LINE ( 'NONE', #127, #335 ) ;
#784 = AXIS2_PLACEMENT_3D ( 'NONE', #985, #1855, #967 ) ;
#785 = EDGE_LOOP ( 'NONE', ( #1624, #1052, #204, #1461 ) ) ;
#786 = CARTESIAN_POINT ( 'NONE',  ( -3.685000000000000053, 1.933132337141316937, -1.500575874220467343 ) ) ;
#787 =( LENGTH_UNIT ( ) NAMED_UNIT ( * ) SI_UNIT ( .MILLI., .METRE. ) );
#788 = ORIENTED_EDGE ( 'NONE', *, *, #1818, .F. ) ;
#789 = AXIS2_PLACEMENT_3D ( 'NONE', #2487, #74, #307 ) ;
#790 = PLANE ( 'NONE',  #1483 ) ;
#791 = ORIENTED_EDGE ( 'NONE', *, *, #1078, .T. ) ;
#792 = ORIENTED_EDGE ( 'NONE', *, *, #2453, .F. ) ;
#793 = CARTESIAN_POINT ( 'NONE',  ( -2.098641902177089680, 4.699999999999998401, -1.224843398168362629 ) ) ;
#794 = CARTESIAN_POINT ( 'NONE',  ( 3.935000000000000053, 2.349999999999999201, 1.520000000000000240 ) ) ;
#795 = CLOSED_SHELL ( 'NONE', ( #2125, #2299, #1571, #1726, #2715, #2053, #1814, #18, #1182, #302, #1978, #88, #508, #365, #2333, #2801, #1116, #1826 ) ) ;
#796 = VERTEX_POINT ( 'NONE', #1607 ) ;
#797 = DIRECTION ( 'NONE',  ( -0.000000000000000000, 1.000000000000000000, 0.000000000000000000 ) ) ;
#798 = DIRECTION ( 'NONE',  ( -1.000000000000000000, -1.836970198721034371E-16, 0.000000000000000000 ) ) ;
#799 = EDGE_CURVE ( 'NONE', #356, #93, #919, .T. ) ;
#800 = VERTEX_POINT ( 'NONE', #932 ) ;
#801 = AXIS2_PLACEMENT_3D ( 'NONE', #2816, #848, #205 ) ;
#802 = EDGE_CURVE ( 'NONE', #857, #537, #679, .T. ) ;
#803 = CARTESIAN_POINT ( 'NONE',  ( -3.250000000000000888, 2.399999999999999467, 1.520000000000000240 ) ) ;
#804 = MANIFOLD_SOLID_BREP ( 'Cut-Extrude1[3]', #933 ) ;
#805 = DIRECTION ( 'NONE',  ( 0.000000000000000000, 0.000000000000000000, -1.000000000000000000 ) ) ;
#806 = EDGE_CURVE ( 'NONE', #2641, #2773, #484, .T. ) ;
#807 = ORIENTED_EDGE ( 'NONE', *, *, #1435, .F. ) ;
#808 = DIRECTION ( 'NONE',  ( 0.000000000000000000, -0.7071067811865474617, -0.7071067811865476838 ) ) ;
#809 = ORIENTED_EDGE ( 'NONE', *, *, #1885, .T. ) ;
#810 = DIRECTION ( 'NONE',  ( 0.000000000000000000, -0.000000000000000000, -1.000000000000000000 ) ) ;
#811 =( NAMED_UNIT ( * ) SI_UNIT ( $, .STERADIAN. ) SOLID_ANGLE_UNIT ( ) );
#812 = ORIENTED_EDGE ( 'NONE', *, *, #1083, .T. ) ;
#813 = DIRECTION ( 'NONE',  ( -1.000000000000000000, 0.000000000000000000, 0.000000000000000000 ) ) ;
#814 = VECTOR ( 'NONE', #866, 1000.000000000000000 ) ;
#815 = AXIS2_PLACEMENT_3D ( 'NONE', #1656, #1401, #2073 ) ;
#816 = CARTESIAN_POINT ( 'NONE',  ( -3.935000000000000053, 0.000000000000000000, 1.500575874220467343 ) ) ;
#817 = ADVANCED_FACE ( 'NONE', ( #1567 ), #1338, .T. ) ;
#818 = EDGE_LOOP ( 'NONE', ( #1625, #390, #2693, #1499 ) ) ;
#819 = EDGE_LOOP ( 'NONE', ( #674, #2542 ) ) ;
#820 = CARTESIAN_POINT ( 'NONE',  ( -3.685000000000000053, 2.349999999999999201, 1.520000000000000240 ) ) ;
#821 = DIRECTION ( 'NONE',  ( -0.000000000000000000, 0.7071067811865474617, 0.7071067811865476838 ) ) ;
#822 = CARTESIAN_POINT ( 'NONE',  ( 3.935000000000001830, -3.541936634936305950, 1.520000000000000240 ) ) ;
#823 = ORIENTED_EDGE ( 'NONE', *, *, #1435, .T. ) ;
#824 =( LENGTH_UNIT ( ) NAMED_UNIT ( * ) SI_UNIT ( .MILLI., .METRE. ) );
#825 = ORIENTED_EDGE ( 'NONE', *, *, #1922, .F. ) ;
#826 = EDGE_LOOP ( 'NONE', ( #1931, #297, #831, #2732 ) ) ;
#827 = LINE ( 'NONE', #1271, #2819 ) ;
#828 = LINE ( 'NONE', #1041, #239 ) ;
#829 = EDGE_CURVE ( 'NONE', #575, #2555, #1894, .T. ) ;
#830 = ORIENTED_EDGE ( 'NONE', *, *, #2395, .T. ) ;
#831 = ORIENTED_EDGE ( 'NONE', *, *, #1875, .F. ) ;
#832 = VECTOR ( 'NONE', #1287, 1000.000000000000000 ) ;
#833 = LINE ( 'NONE', #1971, #1448 ) ;
#834 = EDGE_CURVE ( 'NONE', #158, #1458, #2464, .T. ) ;
#835 = LINE ( 'NONE', #493, #2787 ) ;
#836 = AXIS2_PLACEMENT_3D ( 'NONE', #794, #2494, #2339 ) ;
#837 = DIRECTION ( 'NONE',  ( -1.000000000000000000, 0.000000000000000000, 0.000000000000000000 ) ) ;
#838 = AXIS2_PLACEMENT_3D ( 'NONE', #243, #1744, #1977 ) ;
#839 = ORIENTED_EDGE ( 'NONE', *, *, #2085, .T. ) ;
#840 = PRODUCT_DEFINITION ( 'UNKNOWN', '', #2674, #2203 ) ;
#841 = CARTESIAN_POINT ( 'NONE',  ( 3.935000000000001830, 1.933132337141316937, 0.000000000000000000 ) ) ;
#842 = ORIENTED_EDGE ( 'NONE', *, *, #2378, .T. ) ;
#843 = ORIENTED_EDGE ( 'NONE', *, *, #2006, .F. ) ;
#844 = LINE ( 'NONE', #1719, #71 ) ;
#845 = CARTESIAN_POINT ( 'NONE',  ( -2.098641902177089680, 4.799999999999998934, -1.224843398168362629 ) ) ;
#846 = VERTEX_POINT ( 'NONE', #2024 ) ;
#847 = ORIENTED_EDGE ( 'NONE', *, *, #36, .F. ) ;
#848 = DIRECTION ( 'NONE',  ( -0.000000000000000000, 0.000000000000000000, 1.000000000000000000 ) ) ;
#849 = DIRECTION ( 'NONE',  ( -1.000000000000000000, 0.000000000000000000, 0.000000000000000000 ) ) ;
#850 = VECTOR ( 'NONE', #2128, 1000.000000000000000 ) ;
#851 = UNCERTAINTY_MEASURE_WITH_UNIT (LENGTH_MEASURE( 1.000000000000000082E-05 ), #1891, 'distance_accuracy_value', 'NONE');
#852 = DIRECTION ( 'NONE',  ( -1.000000000000000000, 0.000000000000000000, 0.000000000000000000 ) ) ;
#853 = EDGE_CURVE ( 'NONE', #2088, #1770, #58, .T. ) ;
#854 = EDGE_CURVE ( 'NONE', #1678, #1333, #2258, .T. ) ;
#855 = ORIENTED_EDGE ( 'NONE', *, *, #275, .T. ) ;
#856 = DIRECTION ( 'NONE',  ( 1.000000000000000000, 0.000000000000000000, 0.000000000000000000 ) ) ;
#857 = VERTEX_POINT ( 'NONE', #775 ) ;
#858 = ORIENTED_EDGE ( 'NONE', *, *, #909, .F. ) ;
#859 = CARTESIAN_POINT ( 'NONE',  ( -3.634999999999999343, 2.349999999999999201, 1.995000000000000329 ) ) ;
#860 = DIRECTION ( 'NONE',  ( 1.408054769461694435E-16, -1.000000000000000000, 0.000000000000000000 ) ) ;
#861 = EDGE_CURVE ( 'NONE', #2393, #2416, #338, .T. ) ;
#862 = VERTEX_POINT ( 'NONE', #786 ) ;
#863 = VECTOR ( 'NONE', #2619, 1000.000000000000000 ) ;
#864 = EDGE_LOOP ( 'NONE', ( #646, #2375, #2823, #2145 ) ) ;
#865 = LINE ( 'NONE', #2357, #1542 ) ;
#866 = DIRECTION ( 'NONE',  ( -1.000000000000000000, 0.000000000000000000, 0.000000000000000000 ) ) ;
#867 = CARTESIAN_POINT ( 'NONE',  ( 0.000000000000000000, 4.799999999999998934, 0.000000000000000000 ) ) ;
#868 = DIRECTION ( 'NONE',  ( -1.000000000000000000, 0.000000000000000000, 0.000000000000000000 ) ) ;
#869 = ADVANCED_FACE ( 'NONE', ( #1407 ), #1222, .T. ) ;
#870 = VERTEX_POINT ( 'NONE', #1663 ) ;
#871 = CARTESIAN_POINT ( 'NONE',  ( 3.685000000000000053, 0.4749999999999994227, -1.994999999999999885 ) ) ;
#872 = CARTESIAN_POINT ( 'NONE',  ( -3.935000000000000053, -4.336808689942017736E-16, -1.519999999999999796 ) ) ;
#873 = EDGE_LOOP ( 'NONE', ( #1197, #1511, #1660, #2296 ) ) ;
#874 = LINE ( 'NONE', #1967, #2221 ) ;
#875 = EDGE_CURVE ( 'NONE', #416, #420, #1845, .T. ) ;
#876 = PLANE ( 'NONE',  #1246 ) ;
#877 = VERTEX_POINT ( 'NONE', #990 ) ;
#878 = ORIENTED_EDGE ( 'NONE', *, *, #2214, .F. ) ;
#879 = LINE ( 'NONE', #2142, #2644 ) ;
#880 = PLANE ( 'NONE',  #224 ) ;
#881 = UNCERTAINTY_MEASURE_WITH_UNIT (LENGTH_MEASURE( 1.000000000000000082E-05 ), #824, 'distance_accuracy_value', 'NONE');
#882 = CARTESIAN_POINT ( 'NONE',  ( 3.685000000000000053, -3.541936634936306838, 1.020000000000000018 ) ) ;
#883 = DIRECTION ( 'NONE',  ( 1.000000000000000000, 0.000000000000000000, 0.000000000000000000 ) ) ;
#884 = AXIS2_PLACEMENT_3D ( 'NONE', #1603, #2020, #717 ) ;
#885 =( LENGTH_UNIT ( ) NAMED_UNIT ( * ) SI_UNIT ( .MILLI., .METRE. ) );
#886 = CYLINDRICAL_SURFACE ( 'NONE', #1578, 0.05000000000000056483 ) ;
#887 = ORIENTED_EDGE ( 'NONE', *, *, #2426, .T. ) ;
#888 = LINE ( 'NONE', #1756, #2425 ) ;
#889 = LINE ( 'NONE', #1733, #963 ) ;
#890 = EDGE_CURVE ( 'NONE', #312, #2617, #1236, .T. ) ;
#891 = VECTOR ( 'NONE', #1230, 1000.000000000000000 ) ;
#892 = EDGE_LOOP ( 'NONE', ( #1616, #1954, #1631, #1035, #1998, #1865, #578, #1289 ) ) ;
#893 = EDGE_CURVE ( 'NONE', #274, #1227, #2178, .T. ) ;
#894 = EDGE_LOOP ( 'NONE', ( #443, #1017, #749, #614 ) ) ;
#895 = LINE ( 'NONE', #1120, #304 ) ;
#896 = SURFACE_STYLE_FILL_AREA ( #2402 ) ;
#897 = LINE ( 'NONE', #1973, #753 ) ;
#898 = DIRECTION ( 'NONE',  ( 0.000000000000000000, 1.000000000000000000, 0.000000000000000000 ) ) ;
#899 = VECTOR ( 'NONE', #1765, 1000.000000000000000 ) ;
#900 = EDGE_CURVE ( 'NONE', #556, #70, #2315, .T. ) ;
#901 = VECTOR ( 'NONE', #2783, 1000.000000000000000 ) ;
#902 = PLANE ( 'NONE',  #1944 ) ;
#903 = PLANE ( 'NONE',  #2560 ) ;
#904 = LINE ( 'NONE', #915, #2574 ) ;
#905 = VERTEX_POINT ( 'NONE', #129 ) ;
#906 = ORIENTED_EDGE ( 'NONE', *, *, #829, .T. ) ;
#907 = PLANE ( 'NONE',  #30 ) ;
#908 = CARTESIAN_POINT ( 'NONE',  ( -1.733810164611978788, 4.699999999999998401, -1.224843398168362629 ) ) ;
#909 = EDGE_CURVE ( 'NONE', #1662, #2617, #593, .T. ) ;
#910 = CARTESIAN_POINT ( 'NONE',  ( 3.935000000000001830, -3.541936634936323713, -1.019999999999999130 ) ) ;
#911 = CARTESIAN_POINT ( 'NONE',  ( 3.935000000000001830, -3.541936634936323713, -1.519999999999999796 ) ) ;
#912 = DIRECTION ( 'NONE',  ( 0.000000000000000000, 0.7071067811865475727, 0.7071067811865475727 ) ) ;
#913 = LINE ( 'NONE', #1561, #1713 ) ;
#914 = LINE ( 'NONE', #2264, #2832 ) ;
#915 = CARTESIAN_POINT ( 'NONE',  ( -3.685000000000000053, 2.349999999999999201, -1.500575874220467343 ) ) ;
#916 = ORIENTED_EDGE ( 'NONE', *, *, #1427, .T. ) ;
#917 = ORIENTED_EDGE ( 'NONE', *, *, #1946, .T. ) ;
#918 = EDGE_CURVE ( 'NONE', #1458, #655, #2545, .T. ) ;
#919 = LINE ( 'NONE', #2486, #1538 ) ;
#920 = PLANE ( 'NONE',  #155 ) ;
#921 = AXIS2_PLACEMENT_3D ( 'NONE', #1587, #2680, #1598 ) ;
#922 = CIRCLE ( 'NONE', #884, 0.3648317375651108918 ) ;
#923 = CARTESIAN_POINT ( 'NONE',  ( 3.935000000000001830, -0.7600000000000001199, -0.7600000000000001199 ) ) ;
#924 = MECHANICAL_DESIGN_GEOMETRIC_PRESENTATION_REPRESENTATION (  '', ( #1203 ), #1340 ) ;
#925 = EDGE_CURVE ( 'NONE', #203, #1051, #1001, .T. ) ;
#926 = DIRECTION ( 'NONE',  ( 0.000000000000000000, 0.7071067811865475727, 0.7071067811865475727 ) ) ;
#927 = LINE ( 'NONE', #2009, #2697 ) ;
#928 = CARTESIAN_POINT ( 'NONE',  ( -3.250000000000000888, 2.649999999999999467, 2.290000000000001812 ) ) ;
#929 = VERTEX_POINT ( 'NONE', #1421 ) ;
#930 = DIRECTION ( 'NONE',  ( -0.1378445374916289212, 0.9808148484639890308, -0.1378445374916288657 ) ) ;
#931 = AXIS2_PLACEMENT_3D ( 'NONE', #2308, #1868, #2508 ) ;
#932 = CARTESIAN_POINT ( 'NONE',  ( 3.685000000000000053, 0.000000000000000000, 1.520000000000000240 ) ) ;
#933 = CLOSED_SHELL ( 'NONE', ( #958, #2712, #470, #1061, #2121, #980, #83, #2422, #869, #1353, #1361, #59, #1902, #627, #1646, #2097, #1004, #719 ) ) ;
#934 = CARTESIAN_POINT ( 'NONE',  ( 3.250000000000000888, 2.399999999999999467, 0.5450000000000003730 ) ) ;
#935 = VECTOR ( 'NONE', #1890, 1000.000000000000114 ) ;
#936 = DIRECTION ( 'NONE',  ( -1.000000000000000000, 0.000000000000000000, 0.000000000000000000 ) ) ;
#937 = EDGE_CURVE ( 'NONE', #661, #93, #2300, .T. ) ;
#938 = AXIS2_PLACEMENT_3D ( 'NONE', #1032, #1481, #1909 ) ;
#939 = DIRECTION ( 'NONE',  ( -1.000000000000000000, 0.000000000000000000, 5.681408764116177185E-16 ) ) ;
#940 = VERTEX_POINT ( 'NONE', #2527 ) ;
#941 = VERTEX_POINT ( 'NONE', #2754 ) ;
#942 = ORIENTED_EDGE ( 'NONE', *, *, #2777, .F. ) ;
#943 = DIRECTION ( 'NONE',  ( -0.000000000000000000, 0.7071067811865474617, 0.7071067811865476838 ) ) ;
#944 = FACE_OUTER_BOUND ( 'NONE', #2552, .T. ) ;
#945 = LINE ( 'NONE', #1385, #2256 ) ;
#946 = ORIENTED_EDGE ( 'NONE', *, *, #114, .F. ) ;
#947 = DIRECTION ( 'NONE',  ( 0.000000000000000000, 0.9063077870366492705, -0.4226182617407008846 ) ) ;
#948 = LINE ( 'NONE', #2528, #1485 ) ;
#949 = VECTOR ( 'NONE', #1693, 1000.000000000000000 ) ;
#950 = CIRCLE ( 'NONE', #2332, 0.3000000000000007661 ) ;
#951 = EDGE_CURVE ( 'NONE', #76, #2250, #1079, .T. ) ;
#952 = LINE ( 'NONE', #75, #2529 ) ;
#953 = ORIENTED_EDGE ( 'NONE', *, *, #36, .T. ) ;
#954 = DIRECTION ( 'NONE',  ( 0.000000000000000000, -0.000000000000000000, -1.000000000000000000 ) ) ;
#955 = DIRECTION ( 'NONE',  ( -0.000000000000000000, 0.9063077870366492705, 0.4226182617407008846 ) ) ;
#956 = CARTESIAN_POINT ( 'NONE',  ( -3.634999999999999343, 1.933132337141316937, -1.994999999999999885 ) ) ;
#957 = ORIENTED_EDGE ( 'NONE', *, *, #1013, .T. ) ;
#958 = ADVANCED_FACE ( 'NONE', ( #321 ), #1828, .T. ) ;
#959 = PLANE ( 'NONE',  #179 ) ;
#960 = DIRECTION ( 'NONE',  ( 0.000000000000000000, 0.9063077870366492705, -0.4226182617407008846 ) ) ;
#961 = CARTESIAN_POINT ( 'NONE',  ( 3.249999999999999112, 2.399999999999999467, 2.289999999999999591 ) ) ;
#962 = CARTESIAN_POINT ( 'NONE',  ( -3.935000000000000053, 0.5099999999999996758, 0.5099999999999995648 ) ) ;
#963 = VECTOR ( 'NONE', #860, 1000.000000000000000 ) ;
#964 = ORIENTED_EDGE ( 'NONE', *, *, #925, .T. ) ;
#965 = DIRECTION ( 'NONE',  ( 0.000000000000000000, 1.000000000000000000, -0.000000000000000000 ) ) ;
#966 = DIRECTION ( 'NONE',  ( 0.000000000000000000, 0.000000000000000000, 1.000000000000000000 ) ) ;
#967 = DIRECTION ( 'NONE',  ( -1.000000000000000000, 0.000000000000000000, 0.000000000000000000 ) ) ;
#968 = PRESENTATION_LAYER_ASSIGNMENT (  '', '', ( #2216 ) ) ;
#969 = VERTEX_POINT ( 'NONE', #1436 ) ;
#970 = CARTESIAN_POINT ( 'NONE',  ( 3.250000000000000888, 2.649999999999999467, -1.500575874220467343 ) ) ;
#971 = LINE ( 'NONE', #289, #1366 ) ;
#972 = EDGE_CURVE ( 'NONE', #605, #504, #1619, .T. ) ;
#973 = EDGE_CURVE ( 'NONE', #66, #1304, #532, .T. ) ;
#974 = EDGE_CURVE ( 'NONE', #1100, #1534, #144, .T. ) ;
#975 = VECTOR ( 'NONE', #2115, 1000.000000000000000 ) ;
#976 = CARTESIAN_POINT ( 'NONE',  ( 3.685000000000000053, 1.933132337141316937, 1.520000000000000240 ) ) ;
#977 = DIRECTION ( 'NONE',  ( 3.336006684570784581E-16, 0.000000000000000000, 1.000000000000000000 ) ) ;
#978 = EDGE_CURVE ( 'NONE', #1424, #1471, #102, .T. ) ;
#979 = VECTOR ( 'NONE', #1295, 1000.000000000000114 ) ;
#980 = ADVANCED_FACE ( 'NONE', ( #118 ), #177, .F. ) ;
#981 = DIRECTION ( 'NONE',  ( -1.000000000000000000, 0.000000000000000000, 0.000000000000000000 ) ) ;
#982 = ORIENTED_EDGE ( 'NONE', *, *, #519, .T. ) ;
#983 = CARTESIAN_POINT ( 'NONE',  ( -2.098641902177089680, 4.699999999999998401, -1.224843398168362629 ) ) ;
#984 = LINE ( 'NONE', #539, #520 ) ;
#985 = CARTESIAN_POINT ( 'NONE',  ( -3.250000000000000888, 2.399999999999999467, -1.019999999999999796 ) ) ;
#986 = EDGE_CURVE ( 'NONE', #1413, #1119, #579, .T. ) ;
#987 = ORIENTED_EDGE ( 'NONE', *, *, #572, .F. ) ;
#988 = DIRECTION ( 'NONE',  ( 0.000000000000000000, 0.000000000000000000, -1.000000000000000000 ) ) ;
#989 = CARTESIAN_POINT ( 'NONE',  ( 3.634999999999999343, 2.349999999999999201, -1.519999999999999796 ) ) ;
#990 = CARTESIAN_POINT ( 'NONE',  ( 2.947837205389856496, 4.799999999999998934, 1.987837205389857642 ) ) ;
#991 = CARTESIAN_POINT ( 'NONE',  ( -2.098641902177089680, 4.699999999999998401, -1.224843398168362629 ) ) ;
#992 = VECTOR ( 'NONE', #1219, 1000.000000000000000 ) ;
#993 = CARTESIAN_POINT ( 'NONE',  ( -1.733810164611978788, 4.699999999999998401, -1.224843398168362629 ) ) ;
#994 = ORIENTED_EDGE ( 'NONE', *, *, #213, .F. ) ;
#995 = LINE ( 'NONE', #2251, #82 ) ;
#996 = CARTESIAN_POINT ( 'NONE',  ( -3.634999999999999343, 2.349999999999999201, 1.500575874220467343 ) ) ;
#997 = FACE_OUTER_BOUND ( 'NONE', #2343, .T. ) ;
#998 = ORIENTED_EDGE ( 'NONE', *, *, #1162, .F. ) ;
#999 = LINE ( 'NONE', #1477, #268 ) ;
#1000 = VERTEX_POINT ( 'NONE', #663 ) ;
#1001 = LINE ( 'NONE', #547, #2318 ) ;
#1002 = ORIENTED_EDGE ( 'NONE', *, *, #746, .T. ) ;
#1003 = CARTESIAN_POINT ( 'NONE',  ( -3.935000000000000053, 2.349999999999999201, 1.500575874220467343 ) ) ;
#1004 = ADVANCED_FACE ( 'NONE', ( #8 ), #1956, .T. ) ;
#1005 = VERTEX_POINT ( 'NONE', #1541 ) ;
#1006 = ORIENTED_EDGE ( 'NONE', *, *, #98, .F. ) ;
#1007 = DIRECTION ( 'NONE',  ( 1.000000000000000000, 0.000000000000000000, 0.000000000000000000 ) ) ;
#1008 = CARTESIAN_POINT ( 'NONE',  ( 3.634999999999999343, 2.349999999999999201, -1.500575874220467343 ) ) ;
#1009 = EDGE_CURVE ( 'NONE', #705, #1534, #530, .T. ) ;
#1010 = ORIENTED_EDGE ( 'NONE', *, *, #1190, .T. ) ;
#1011 = DIRECTION ( 'NONE',  ( -1.000000000000000000, 0.000000000000000000, 0.000000000000000000 ) ) ;
#1012 = PLANE ( 'NONE',  #2212 ) ;
#1013 = EDGE_CURVE ( 'NONE', #567, #2641, #2201, .T. ) ;
#1014 = VECTOR ( 'NONE', #447, 1000.000000000000000 ) ;
#1015 = ORIENTED_EDGE ( 'NONE', *, *, #974, .T. ) ;
#1016 = CARTESIAN_POINT ( 'NONE',  ( -3.935000000000000053, -0.2419291598615345429, 0.5188187575961220599 ) ) ;
#1017 = ORIENTED_EDGE ( 'NONE', *, *, #2159, .T. ) ;
#1018 = VECTOR ( 'NONE', #2353, 1000.000000000000000 ) ;
#1019 = DIRECTION ( 'NONE',  ( 0.000000000000000000, 1.000000000000000000, 0.000000000000000000 ) ) ;
#1020 = ORIENTED_EDGE ( 'NONE', *, *, #760, .F. ) ;
#1021 = ORIENTED_EDGE ( 'NONE', *, *, #664, .T. ) ;
#1022 = CARTESIAN_POINT ( 'NONE',  ( -3.634999999999999343, 2.349999999999999201, -1.500575874220467343 ) ) ;
#1023 = LINE ( 'NONE', #1899, #2445 ) ;
#1024 = COLOUR_RGB ( '',0.7921568627450980005, 0.8196078431372548767, 0.9333333333333333481 ) ;
#1025 = EDGE_LOOP ( 'NONE', ( #754, #1020, #1238, #12 ) ) ;
#1026 = CARTESIAN_POINT ( 'NONE',  ( 3.935000000000001830, -3.541936634936306838, 1.020000000000000018 ) ) ;
#1027 = AXIS2_PLACEMENT_3D ( 'NONE', #867, #1751, #2635 ) ;
#1028 = DIRECTION ( 'NONE',  ( 1.000000000000000000, 0.000000000000000000, 0.000000000000000000 ) ) ;
#1029 = EDGE_LOOP ( 'NONE', ( #2774, #630, #2657, #2213 ) ) ;
#1030 = VECTOR ( 'NONE', #1737, 1000.000000000000000 ) ;
#1031 = ORIENTED_EDGE ( 'NONE', *, *, #438, .F. ) ;
#1032 = CARTESIAN_POINT ( 'NONE',  ( 3.685000000000000053, 2.349999999999999201, 1.520000000000000240 ) ) ;
#1033 = CARTESIAN_POINT ( 'NONE',  ( -3.634999999999999343, 2.349999999999999201, -1.994999999999999885 ) ) ;
#1034 = FACE_OUTER_BOUND ( 'NONE', #1813, .T. ) ;
#1035 = ORIENTED_EDGE ( 'NONE', *, *, #458, .T. ) ;
#1036 = PLANE ( 'NONE',  #1112 ) ;
#1037 = VERTEX_POINT ( 'NONE', #1925 ) ;
#1038 = VERTEX_POINT ( 'NONE', #421 ) ;
#1039 = LINE ( 'NONE', #1026, #1216 ) ;
#1040 = CIRCLE ( 'NONE', #1177, 0.3648317375651108918 ) ;
#1041 = CARTESIAN_POINT ( 'NONE',  ( -3.250000000000000888, 2.649999999999999467, 2.290000000000001812 ) ) ;
#1042 = VERTEX_POINT ( 'NONE', #2417 ) ;
#1043 = VERTEX_POINT ( 'NONE', #1305 ) ;
#1044 = DIRECTION ( 'NONE',  ( -0.000000000000000000, 1.000000000000000000, 0.000000000000000000 ) ) ;
#1045 = DIRECTION ( 'NONE',  ( 1.000000000000000000, 0.000000000000000000, 0.000000000000000000 ) ) ;
#1046 = EDGE_CURVE ( 'NONE', #2148, #2630, #436, .T. ) ;
#1047 = CARTESIAN_POINT ( 'NONE',  ( -3.935000000000000941, -3.810000000000000053, 1.520000000000000240 ) ) ;
#1048 = DIRECTION ( 'NONE',  ( -0.000000000000000000, 0.9902680687415702510, 0.1391731009600657432 ) ) ;
#1049 = ORIENTED_EDGE ( 'NONE', *, *, #2208, .F. ) ;
#1050 = LINE ( 'NONE', #1930, #1983 ) ;
#1051 = VERTEX_POINT ( 'NONE', #1513 ) ;
#1052 = ORIENTED_EDGE ( 'NONE', *, *, #1341, .T. ) ;
#1053 = DIRECTION ( 'NONE',  ( 1.000000000000000000, 0.000000000000000000, 0.000000000000000000 ) ) ;
#1054 = CARTESIAN_POINT ( 'NONE',  ( -3.634999999999999343, 0.4749999999999993117, 1.995000000000000329 ) ) ;
#1055 = ORIENTED_EDGE ( 'NONE', *, *, #2082, .F. ) ;
#1056 = ORIENTED_EDGE ( 'NONE', *, *, #1166, .T. ) ;
#1057 = VECTOR ( 'NONE', #1348, 1000.000000000000000 ) ;
#1058 = CARTESIAN_POINT ( 'NONE',  ( 3.935000000000001830, -1.214805602622638814, -2.605159021898022953 ) ) ;
#1059 = FACE_OUTER_BOUND ( 'NONE', #2168, .T. ) ;
#1060 = EDGE_CURVE ( 'NONE', #1424, #2814, #833, .T. ) ;
#1061 = ADVANCED_FACE ( 'NONE', ( #1501 ), #1711, .F. ) ;
#1062 = AXIS2_PLACEMENT_3D ( 'NONE', #1113, #936, #1165 ) ;
#1063 = LINE ( 'NONE', #137, #899 ) ;
#1064 = ADVANCED_FACE ( 'NONE', ( #409 ), #221, .F. ) ;
#1065 = VECTOR ( 'NONE', #2704, 1000.000000000000000 ) ;
#1066 = ORIENTED_EDGE ( 'NONE', *, *, #173, .F. ) ;
#1067 = AXIS2_PLACEMENT_3D ( 'NONE', #1096, #1987, #2190 ) ;
#1068 = AXIS2_PLACEMENT_3D ( 'NONE', #498, #1168, #1195 ) ;
#1069 = DIRECTION ( 'NONE',  ( -1.000000000000000000, 0.000000000000000000, 0.000000000000000000 ) ) ;
#1070 = ORIENTED_EDGE ( 'NONE', *, *, #2543, .F. ) ;
#1071 = CARTESIAN_POINT ( 'NONE',  ( 3.634999999999999343, 2.649999999999999467, 1.520000000000000240 ) ) ;
#1072 = LINE ( 'NONE', #1951, #1014 ) ;
#1073 = EDGE_CURVE ( 'NONE', #2180, #862, #648, .T. ) ;
#1074 = ORIENTED_EDGE ( 'NONE', *, *, #900, .T. ) ;
#1075 = EDGE_LOOP ( 'NONE', ( #1268, #1118, #917, #1285, #2262, #1247, #830, #136, #1491, #964, #1600, #1010 ) ) ;
#1076 = CARTESIAN_POINT ( 'NONE',  ( 3.935000000000001830, 0.000000000000000000, 1.500575874220467343 ) ) ;
#1077 = FACE_OUTER_BOUND ( 'NONE', #634, .T. ) ;
#1078 = EDGE_CURVE ( 'NONE', #2148, #70, #1093, .T. ) ;
#1079 = CIRCLE ( 'NONE', #2041, 0.05000000000000056483 ) ;
#1080 = UNCERTAINTY_MEASURE_WITH_UNIT (LENGTH_MEASURE( 1.000000000000000082E-05 ), #1325, 'distance_accuracy_value', 'NONE');
#1081 = DIRECTION ( 'NONE',  ( -1.000000000000000000, 0.000000000000000000, 0.000000000000000000 ) ) ;
#1082 = CARTESIAN_POINT ( 'NONE',  ( 3.634999999999999343, 2.349999999999999201, 1.520000000000000240 ) ) ;
#1083 = EDGE_CURVE ( 'NONE', #427, #575, #2572, .T. ) ;
#1084 = ORIENTED_EDGE ( 'NONE', *, *, #1862, .F. ) ;
#1085 = CARTESIAN_POINT ( 'NONE',  ( 3.685000000000000053, 2.349999999999999201, 1.500575874220467343 ) ) ;
#1086 = ORIENTED_EDGE ( 'NONE', *, *, #802, .F. ) ;
#1087 = DIRECTION ( 'NONE',  ( 0.000000000000000000, 0.000000000000000000, -1.000000000000000000 ) ) ;
#1088 = DIRECTION ( 'NONE',  ( -0.000000000000000000, 0.000000000000000000, 1.000000000000000000 ) ) ;
#1089 = VERTEX_POINT ( 'NONE', #1696 ) ;
#1090 = AXIS2_PLACEMENT_3D ( 'NONE', #2058, #966, #751 ) ;
#1091 = VECTOR ( 'NONE', #2018, 1000.000000000000000 ) ;
#1092 = VERTEX_POINT ( 'NONE', #2157 ) ;
#1093 = LINE ( 'NONE', #2170, #901 ) ;
#1094 = LINE ( 'NONE', #2171, #1558 ) ;
#1095 = PLANE ( 'NONE',  #301 ) ;
#1096 = CARTESIAN_POINT ( 'NONE',  ( 3.250000000000000888, 2.649999999999999467, -1.019999999999999796 ) ) ;
#1097 = EDGE_LOOP ( 'NONE', ( #764, #1439, #2581, #1466 ) ) ;
#1098 = LINE ( 'NONE', #2565, #1478 ) ;
#1099 = EDGE_CURVE ( 'NONE', #567, #2792, #865, .T. ) ;
#1100 = VERTEX_POINT ( 'NONE', #1263 ) ;
#1101 = EDGE_LOOP ( 'NONE', ( #807, #1736, #616, #1882 ) ) ;
#1102 = FACE_OUTER_BOUND ( 'NONE', #2372, .T. ) ;
#1103 = LINE ( 'NONE', #1523, #15 ) ;
#1104 = VERTEX_POINT ( 'NONE', #2587 ) ;
#1105 = EDGE_CURVE ( 'NONE', #740, #1119, #879, .T. ) ;
#1106 = ORIENTED_EDGE ( 'NONE', *, *, #2592, .F. ) ;
#1107 = CARTESIAN_POINT ( 'NONE',  ( -3.935000000000000053, 0.4749999999999994227, -1.994999999999999885 ) ) ;
#1108 = DIRECTION ( 'NONE',  ( -0.000000000000000000, 0.9063077870366492705, 0.4226182617407008846 ) ) ;
#1109 = AXIS2_PLACEMENT_3D ( 'NONE', #1158, #2228, #259 ) ;
#1110 = DIRECTION ( 'NONE',  ( -1.000000000000000000, 0.000000000000000000, 0.000000000000000000 ) ) ;
#1111 = DIRECTION ( 'NONE',  ( -1.000000000000000000, 0.000000000000000000, 0.000000000000000000 ) ) ;
#1112 = AXIS2_PLACEMENT_3D ( 'NONE', #413, #2578, #1297 ) ;
#1113 = CARTESIAN_POINT ( 'NONE',  ( 0.000000000000000000, 0.000000000000000000, 0.000000000000000000 ) ) ;
#1114 = CARTESIAN_POINT ( 'NONE',  ( -2.947837205389858273, 4.799999999999998934, 1.987837205389859419 ) ) ;
#1115 = CARTESIAN_POINT ( 'NONE',  ( 3.935000000000000053, 2.349999999999999201, 0.5450000000000003730 ) ) ;
#1116 = ADVANCED_FACE ( 'NONE', ( #2618 ), #1723, .F. ) ;
#1117 = PLANE ( 'NONE',  #1475 ) ;
#1118 = ORIENTED_EDGE ( 'NONE', *, *, #973, .F. ) ;
#1119 = VERTEX_POINT ( 'NONE', #1999 ) ;
#1120 = CARTESIAN_POINT ( 'NONE',  ( 3.935000000000001830, -3.810000000000000053, 1.145000000000000240 ) ) ;
#1121 = CARTESIAN_POINT ( 'NONE',  ( 3.685000000000000053, 2.349999999999999201, -1.019999999999999796 ) ) ;
#1122 = SURFACE_STYLE_FILL_AREA ( #1136 ) ;
#1123 = DIRECTION ( 'NONE',  ( -0.000000000000000000, 0.000000000000000000, 1.000000000000000000 ) ) ;
#1124 = VECTOR ( 'NONE', #494, 1000.000000000000000 ) ;
#1125 = VECTOR ( 'NONE', #1276, 1000.000000000000000 ) ;
#1126 = DIRECTION ( 'NONE',  ( -0.1391731009600657432, 0.9902680687415703620, 0.000000000000000000 ) ) ;
#1127 = EDGE_CURVE ( 'NONE', #2056, #1787, #2658, .T. ) ;
#1128 = ORIENTED_EDGE ( 'NONE', *, *, #174, .F. ) ;
#1129 = DIRECTION ( 'NONE',  ( 1.000000000000000000, 0.000000000000000000, 0.000000000000000000 ) ) ;
#1130 = LINE ( 'NONE', #1614, #1774 ) ;
#1131 = LINE ( 'NONE', #273, #2485 ) ;
#1132 = ADVANCED_FACE ( 'NONE', ( #1335 ), #907, .F. ) ;
#1133 = ORIENTED_EDGE ( 'NONE', *, *, #2207, .F. ) ;
#1134 = ORIENTED_EDGE ( 'NONE', *, *, #1313, .F. ) ;
#1135 = CARTESIAN_POINT ( 'NONE',  ( -3.250000000000000888, 2.399999999999999467, 0.5450000000000003730 ) ) ;
#1136 = FILL_AREA_STYLE ('',( #2662 ) ) ;
#1137 = CARTESIAN_POINT ( 'NONE',  ( 3.249999999999996447, 2.399999999999999467, -2.290000000000003588 ) ) ;
#1138 = EDGE_CURVE ( 'NONE', #2757, #1546, #1565, .T. ) ;
#1139 = AXIS2_PLACEMENT_3D ( 'NONE', #1379, #977, #1637 ) ;
#1140 = FACE_OUTER_BOUND ( 'NONE', #2367, .T. ) ;
#1141 = ORIENTED_EDGE ( 'NONE', *, *, #1148, .T. ) ;
#1142 = FACE_OUTER_BOUND ( 'NONE', #282, .T. ) ;
#1143 = DIRECTION ( 'NONE',  ( 1.000000000000000000, 0.000000000000000000, 0.000000000000000000 ) ) ;
#1144 = CARTESIAN_POINT ( 'NONE',  ( 3.685000000000000053, 1.933132337141316937, -1.019999999999999796 ) ) ;
#1145 = ORIENTED_EDGE ( 'NONE', *, *, #267, .T. ) ;
#1146 = CARTESIAN_POINT ( 'NONE',  ( 3.685000000000000053, 2.349999999999999201, 1.520000000000000240 ) ) ;
#1147 = PRODUCT_DEFINITION_SHAPE ( 'NONE', 'NONE',  #840 ) ;
#1148 = EDGE_CURVE ( 'NONE', #522, #941, #2446, .T. ) ;
#1149 = DIRECTION ( 'NONE',  ( 0.000000000000000000, 0.000000000000000000, -1.000000000000000000 ) ) ;
#1150 = DIRECTION ( 'NONE',  ( -1.000000000000000000, 0.000000000000000000, 0.000000000000000000 ) ) ;
#1151 = VECTOR ( 'NONE', #2707, 1000.000000000000000 ) ;
#1152 = SURFACE_STYLE_USAGE ( .BOTH. , #1570 ) ;
#1153 = DIRECTION ( 'NONE',  ( 0.000000000000000000, -1.000000000000000000, 0.000000000000000000 ) ) ;
#1154 = ORIENTED_EDGE ( 'NONE', *, *, #262, .T. ) ;
#1155 = ORIENTED_EDGE ( 'NONE', *, *, #1584, .F. ) ;
#1156 = LINE ( 'NONE', #2521, #1913 ) ;
#1157 = DIRECTION ( 'NONE',  ( -0.000000000000000000, 1.000000000000000000, 0.000000000000000000 ) ) ;
#1158 = CARTESIAN_POINT ( 'NONE',  ( 3.249999999999996447, 2.399999999999999467, -2.290000000000003588 ) ) ;
#1159 = ORIENTED_EDGE ( 'NONE', *, *, #1911, .F. ) ;
#1160 = FACE_OUTER_BOUND ( 'NONE', #1969, .T. ) ;
#1161 = CIRCLE ( 'NONE', #2173, 0.05000000000000056483 ) ;
#1162 = EDGE_CURVE ( 'NONE', #2792, #2757, #895, .T. ) ;
#1163 = DIRECTION ( 'NONE',  ( 1.000000000000000000, -0.000000000000000000, -3.336006684570783594E-16 ) ) ;
#1164 = MECHANICAL_DESIGN_GEOMETRIC_PRESENTATION_REPRESENTATION (  '', ( #1440 ), #2544 ) ;
#1165 = DIRECTION ( 'NONE',  ( -0.000000000000000000, 0.000000000000000000, 1.000000000000000000 ) ) ;
#1166 = EDGE_CURVE ( 'NONE', #2393, #1721, #1352, .T. ) ;
#1167 = VECTOR ( 'NONE', #1680, 1000.000000000000000 ) ;
#1168 = DIRECTION ( 'NONE',  ( 0.000000000000000000, 1.000000000000000000, -0.000000000000000000 ) ) ;
#1169 = ORIENTED_EDGE ( 'NONE', *, *, #2370, .T. ) ;
#1170 = CARTESIAN_POINT ( 'NONE',  ( -3.935000000000000053, 0.000000000000000000, -1.500575874220467343 ) ) ;
#1171 = LINE ( 'NONE', #701, #2607 ) ;
#1172 = FACE_OUTER_BOUND ( 'NONE', #154, .T. ) ;
#1173 = VERTEX_POINT ( 'NONE', #693 ) ;
#1174 = DIRECTION ( 'NONE',  ( 0.000000000000000000, 0.000000000000000000, -1.000000000000000000 ) ) ;
#1175 = CARTESIAN_POINT ( 'NONE',  ( 3.935000000000001830, -3.810000000000000053, 1.395000000000000462 ) ) ;
#1176 =( NAMED_UNIT ( * ) SI_UNIT ( $, .STERADIAN. ) SOLID_ANGLE_UNIT ( ) );
#1177 = AXIS2_PLACEMENT_3D ( 'NONE', #2032, #1837, #79 ) ;
#1178 = AXIS2_PLACEMENT_3D ( 'NONE', #750, #314, #2491 ) ;
#1179 = PLANE ( 'NONE',  #52 ) ;
#1180 = VERTEX_POINT ( 'NONE', #1107 ) ;
#1181 = CARTESIAN_POINT ( 'NONE',  ( -3.250000000000000888, 2.649999999999999467, -2.290000000000001368 ) ) ;
#1182 = ADVANCED_FACE ( 'NONE', ( #1984 ), #2582, .F. ) ;
#1183 = FACE_OUTER_BOUND ( 'NONE', #1364, .T. ) ;
#1184 = CARTESIAN_POINT ( 'NONE',  ( -3.935000000000000053, -4.336808689942017736E-16, 1.020000000000000240 ) ) ;
#1185 =( GEOMETRIC_REPRESENTATION_CONTEXT ( 3 ) GLOBAL_UNCERTAINTY_ASSIGNED_CONTEXT ( ( #1080 ) ) GLOBAL_UNIT_ASSIGNED_CONTEXT ( ( #1325, #1790, #677 ) ) REPRESENTATION_CONTEXT ( 'NONE', 'WORKASPACE' ) );
#1186 = EDGE_CURVE ( 'NONE', #107, #1471, #2138, .T. ) ;
#1187 = ADVANCED_FACE ( 'NONE', ( #2341 ), #2824, .F. ) ;
#1188 = ORIENTED_EDGE ( 'NONE', *, *, #611, .F. ) ;
#1189 = DIRECTION ( 'NONE',  ( -1.000000000000000000, 0.000000000000000000, 0.000000000000000000 ) ) ;
#1190 = EDGE_CURVE ( 'NONE', #326, #1398, #844, .T. ) ;
#1191 = CYLINDRICAL_SURFACE ( 'NONE', #1861, 0.3000000000000007661 ) ;
#1192 = EDGE_CURVE ( 'NONE', #2796, #661, #1039, .T. ) ;
#1193 = DIRECTION ( 'NONE',  ( 0.000000000000000000, 1.000000000000000000, 0.000000000000000000 ) ) ;
#1194 = DIRECTION ( 'NONE',  ( 3.690901012716612129E-16, -1.000000000000000000, 0.000000000000000000 ) ) ;
#1195 = DIRECTION ( 'NONE',  ( -1.000000000000000000, 0.000000000000000000, 0.000000000000000000 ) ) ;
#1196 = VERTEX_POINT ( 'NONE', #417 ) ;
#1197 = ORIENTED_EDGE ( 'NONE', *, *, #1714, .T. ) ;
#1198 = VECTOR ( 'NONE', #152, 1000.000000000000000 ) ;
#1199 = ORIENTED_EDGE ( 'NONE', *, *, #2226, .F. ) ;
#1200 = DIRECTION ( 'NONE',  ( 0.000000000000000000, -1.000000000000000000, 0.000000000000000000 ) ) ;
#1201 = PLANE ( 'NONE',  #618 ) ;
#1202 = PLANE ( 'NONE',  #2023 ) ;
#1203 = STYLED_ITEM ( 'NONE', ( #1962 ), #2740 ) ;
#1204 = ORIENTED_EDGE ( 'NONE', *, *, #1315, .F. ) ;
#1205 = ADVANCED_FACE ( 'NONE', ( #1691 ), #1675, .T. ) ;
#1206 = LINE ( 'NONE', #816, #1749 ) ;
#1207 = PLANE ( 'NONE',  #2240 ) ;
#1208 = VECTOR ( 'NONE', #2087, 1000.000000000000000 ) ;
#1209 = DIRECTION ( 'NONE',  ( 0.000000000000000000, 0.000000000000000000, -1.000000000000000000 ) ) ;
#1210 = LINE ( 'NONE', #744, #2656 ) ;
#1211 = CARTESIAN_POINT ( 'NONE',  ( 3.934999999999999165, -6.095679442755949849E-16, -1.519999999999999796 ) ) ;
#1212 = ORIENTED_EDGE ( 'NONE', *, *, #2004, .F. ) ;
#1213 = DIRECTION ( 'NONE',  ( -0.1378445374916288935, 0.9808148484639890308, 0.1378445374916289767 ) ) ;
#1214 = PLANE ( 'NONE',  #1892 ) ;
#1215 = DIRECTION ( 'NONE',  ( -0.000000000000000000, 0.9063077870366492705, 0.4226182617407008846 ) ) ;
#1216 = VECTOR ( 'NONE', #1934, 1000.000000000000000 ) ;
#1217 = ORIENTED_EDGE ( 'NONE', *, *, #2711, .F. ) ;
#1218 = CARTESIAN_POINT ( 'NONE',  ( 3.935000000000001830, 1.933132337141316937, -1.500575874220467343 ) ) ;
#1219 = DIRECTION ( 'NONE',  ( 3.690901012716612129E-16, -1.000000000000000000, 0.000000000000000000 ) ) ;
#1220 = EDGE_CURVE ( 'NONE', #2306, #1886, #2597, .T. ) ;
#1221 = ORIENTED_EDGE ( 'NONE', *, *, #393, .F. ) ;
#1222 = CYLINDRICAL_SURFACE ( 'NONE', #1801, 0.3000000000000007661 ) ;
#1223 = PLANE ( 'NONE',  #2247 ) ;
#1224 = ADVANCED_FACE ( 'NONE', ( #2793 ), #587, .T. ) ;
#1225 = VECTOR ( 'NONE', #2096, 1000.000000000000000 ) ;
#1226 = LINE ( 'NONE', #993, #1942 ) ;
#1227 = VERTEX_POINT ( 'NONE', #1903 ) ;
#1228 = ORIENTED_EDGE ( 'NONE', *, *, #114, .T. ) ;
#1229 = DIRECTION ( 'NONE',  ( 0.000000000000000000, 0.9063077870366492705, -0.4226182617407008846 ) ) ;
#1230 = DIRECTION ( 'NONE',  ( 0.000000000000000000, -0.000000000000000000, -1.000000000000000000 ) ) ;
#1231 = DIRECTION ( 'NONE',  ( -1.000000000000000000, 0.000000000000000000, 0.000000000000000000 ) ) ;
#1232 = ORIENTED_EDGE ( 'NONE', *, *, #1105, .F. ) ;
#1233 = CARTESIAN_POINT ( 'NONE',  ( 3.249999999999999112, 2.649999999999999467, 2.289999999999999591 ) ) ;
#1234 = STYLED_ITEM ( 'NONE', ( #2113 ), #1746 ) ;
#1235 = ORIENTED_EDGE ( 'NONE', *, *, #1993, .F. ) ;
#1236 = LINE ( 'NONE', #1016, #208 ) ;
#1237 = FILL_AREA_STYLE ('',( #2330 ) ) ;
#1238 = ORIENTED_EDGE ( 'NONE', *, *, #2303, .F. ) ;
#1239 = DIRECTION ( 'NONE',  ( -0.000000000000000000, 1.000000000000000000, 0.000000000000000000 ) ) ;
#1240 = EDGE_LOOP ( 'NONE', ( #176, #125, #2506, #1889 ) ) ;
#1241 = DIRECTION ( 'NONE',  ( 1.000000000000000000, 0.000000000000000000, 0.000000000000000000 ) ) ;
#1242 = DIRECTION ( 'NONE',  ( 0.000000000000000000, -0.000000000000000000, -1.000000000000000000 ) ) ;
#1243 = ORIENTED_EDGE ( 'NONE', *, *, #918, .T. ) ;
#1244 = LINE ( 'NONE', #2779, #163 ) ;
#1245 = CARTESIAN_POINT ( 'NONE',  ( 3.935000000000001830, 0.4749999999999993672, 0.5450000000000003730 ) ) ;
#1246 = AXIS2_PLACEMENT_3D ( 'NONE', #19, #1088, #2598 ) ;
#1247 = ORIENTED_EDGE ( 'NONE', *, *, #1166, .F. ) ;
#1248 = ORIENTED_EDGE ( 'NONE', *, *, #393, .T. ) ;
#1249 = DIRECTION ( 'NONE',  ( 0.000000000000000000, 0.7071067811865474617, -0.7071067811865474617 ) ) ;
#1250 = DIRECTION ( 'NONE',  ( -1.000000000000000000, 0.000000000000000000, 0.000000000000000000 ) ) ;
#1251 = EDGE_CURVE ( 'NONE', #857, #1000, #827, .T. ) ;
#1252 = VECTOR ( 'NONE', #883, 1000.000000000000000 ) ;
#1253 = CARTESIAN_POINT ( 'NONE',  ( 3.250000000000000888, 2.399999999999999467, -0.5449999999999999289 ) ) ;
#1254 = ORIENTED_EDGE ( 'NONE', *, *, #2604, .F. ) ;
#1255 = EDGE_LOOP ( 'NONE', ( #2133, #108, #735, #1312 ) ) ;
#1256 = CARTESIAN_POINT ( 'NONE',  ( 3.935000000000000941, -3.810000000000000053, 1.520000000000000240 ) ) ;
#1257 = VECTOR ( 'NONE', #410, 1000.000000000000000 ) ;
#1258 = CARTESIAN_POINT ( 'NONE',  ( -3.250000000000000888, 4.799999999999998934, 1.987837205389859419 ) ) ;
#1259 = EDGE_CURVE ( 'NONE', #846, #1038, #1244, .T. ) ;
#1260 = ORIENTED_EDGE ( 'NONE', *, *, #678, .T. ) ;
#1261 = VECTOR ( 'NONE', #1193, 1000.000000000000000 ) ;
#1262 = ORIENTED_EDGE ( 'NONE', *, *, #2835, .F. ) ;
#1263 = CARTESIAN_POINT ( 'NONE',  ( 3.634999999999999343, 2.399999999999999467, -0.5449999999999999289 ) ) ;
#1264 = DIRECTION ( 'NONE',  ( 0.000000000000000000, 1.000000000000000000, -0.000000000000000000 ) ) ;
#1265 = DIRECTION ( 'NONE',  ( 3.303540896838877439E-16, -0.1391731009600657432, 0.9902680687415702510 ) ) ;
#1266 = ORIENTED_EDGE ( 'NONE', *, *, #2241, .F. ) ;
#1267 = ORIENTED_EDGE ( 'NONE', *, *, #2438, .F. ) ;
#1268 = ORIENTED_EDGE ( 'NONE', *, *, #260, .F. ) ;
#1269 = EDGE_CURVE ( 'NONE', #1227, #395, #2397, .T. ) ;
#1270 = EDGE_LOOP ( 'NONE', ( #1465, #1141, #1789, #2808 ) ) ;
#1271 = CARTESIAN_POINT ( 'NONE',  ( 3.685000000000000053, 2.349999999999999201, -1.519999999999999796 ) ) ;
#1272 = LINE ( 'NONE', #1720, #832 ) ;
#1273 = EDGE_CURVE ( 'NONE', #380, #1655, #377, .T. ) ;
#1274 = ORIENTED_EDGE ( 'NONE', *, *, #169, .F. ) ;
#1275 = VERTEX_POINT ( 'NONE', #2123 ) ;
#1276 = DIRECTION ( 'NONE',  ( -0.000000000000000000, 0.000000000000000000, 1.000000000000000000 ) ) ;
#1277 = CARTESIAN_POINT ( 'NONE',  ( -3.685000000000000053, -3.810000000000000053, 1.520000000000000240 ) ) ;
#1278 = AXIS2_PLACEMENT_3D ( 'NONE', #1681, #2158, #1045 ) ;
#1279 = EDGE_CURVE ( 'NONE', #31, #312, #2567, .T. ) ;
#1280 = CARTESIAN_POINT ( 'NONE',  ( -3.685000000000000053, -3.541936634936307282, 1.020000000000000240 ) ) ;
#1281 = EDGE_CURVE ( 'NONE', #226, #1716, #200, .T. ) ;
#1282 = EDGE_LOOP ( 'NONE', ( #2200, #97, #1687, #2490 ) ) ;
#1283 = CARTESIAN_POINT ( 'NONE',  ( 3.935000000000001830, 1.933132337141316937, 1.995000000000000329 ) ) ;
#1284 = ORIENTED_EDGE ( 'NONE', *, *, #1469, .F. ) ;
#1285 = ORIENTED_EDGE ( 'NONE', *, *, #854, .F. ) ;
#1286 = DIRECTION ( 'NONE',  ( -0.000000000000000000, 1.000000000000000000, 0.000000000000000000 ) ) ;
#1287 = DIRECTION ( 'NONE',  ( -0.000000000000000000, 1.000000000000000000, 0.000000000000000000 ) ) ;
#1288 = AXIS2_PLACEMENT_3D ( 'NONE', #923, #912, #1794 ) ;
#1289 = ORIENTED_EDGE ( 'NONE', *, *, #1960, .F. ) ;
#1290 = ORIENTED_EDGE ( 'NONE', *, *, #2081, .T. ) ;
#1291 = VECTOR ( 'NONE', #2078, 1000.000000000000000 ) ;
#1292 = CARTESIAN_POINT ( 'NONE',  ( -3.685000000000000053, 1.933132337141316937, -1.019999999999999796 ) ) ;
#1293 = CARTESIAN_POINT ( 'NONE',  ( 3.935000000000001830, -3.541936634936323713, -1.019999999999999130 ) ) ;
#1294 = DIRECTION ( 'NONE',  ( 0.000000000000000000, -0.000000000000000000, -1.000000000000000000 ) ) ;
#1295 = DIRECTION ( 'NONE',  ( -0.1378445374916289212, -0.9808148484639890308, -0.1378445374916288657 ) ) ;
#1296 = ORIENTED_EDGE ( 'NONE', *, *, #2347, .T. ) ;
#1297 = DIRECTION ( 'NONE',  ( -1.000000000000000000, 0.000000000000000000, 0.000000000000000000 ) ) ;
#1298 = AXIS2_PLACEMENT_3D ( 'NONE', #455, #11, #1111 ) ;
#1299 = ORIENTED_EDGE ( 'NONE', *, *, #1186, .T. ) ;
#1300 = ORIENTED_EDGE ( 'NONE', *, *, #2438, .T. ) ;
#1301 = DIRECTION ( 'NONE',  ( -0.9902680687415703620, 0.1391731009600657432, 0.000000000000000000 ) ) ;
#1302 = CARTESIAN_POINT ( 'NONE',  ( 3.935000000000001830, 0.000000000000000000, -1.500575874220467343 ) ) ;
#1303 = EDGE_LOOP ( 'NONE', ( #511, #1002, #812, #906 ) ) ;
#1304 = VERTEX_POINT ( 'NONE', #2766 ) ;
#1305 = CARTESIAN_POINT ( 'NONE',  ( -3.935000000000000053, 2.349999999999999201, 0.5450000000000003730 ) ) ;
#1306 = FILL_AREA_STYLE_COLOUR ( '', #1515 ) ;
#1307 = AXIS2_PLACEMENT_3D ( 'NONE', #2380, #2612, #2809 ) ;
#1308 = UNCERTAINTY_MEASURE_WITH_UNIT (LENGTH_MEASURE( 1.000000000000000082E-05 ), #1846, 'distance_accuracy_value', 'NONE');
#1309 = LINE ( 'NONE', #2590, #1621 ) ;
#1310 = DIRECTION ( 'NONE',  ( -0.000000000000000000, 0.9063077870366492705, 0.4226182617407008846 ) ) ;
#1311 = EDGE_CURVE ( 'NONE', #274, #969, #406, .T. ) ;
#1312 = ORIENTED_EDGE ( 'NONE', *, *, #2804, .T. ) ;
#1313 = EDGE_CURVE ( 'NONE', #1351, #740, #442, .T. ) ;
#1314 = SURFACE_STYLE_FILL_AREA ( #2594 ) ;
#1315 = EDGE_CURVE ( 'NONE', #1730, #93, #1462, .T. ) ;
#1316 = CARTESIAN_POINT ( 'NONE',  ( -2.463473639742200572, 4.699999999999998401, -1.224843398168362629 ) ) ;
#1317 = ORIENTED_EDGE ( 'NONE', *, *, #625, .T. ) ;
#1318 = CARTESIAN_POINT ( 'NONE',  ( 3.685000000000000053, -3.810000000000000053, 1.395000000000000462 ) ) ;
#1319 = LINE ( 'NONE', #2198, #1381 ) ;
#1320 = ORIENTED_EDGE ( 'NONE', *, *, #1392, .T. ) ;
#1321 = VECTOR ( 'NONE', #2513, 1000.000000000000000 ) ;
#1322 = AXIS2_PLACEMENT_3D ( 'NONE', #122, #779, #329 ) ;
#1323 = ORIENTED_EDGE ( 'NONE', *, *, #269, .T. ) ;
#1324 = CARTESIAN_POINT ( 'NONE',  ( 3.935000000000001830, -1.214805602622636149, 2.605159021898016736 ) ) ;
#1325 =( LENGTH_UNIT ( ) NAMED_UNIT ( * ) SI_UNIT ( .MILLI., .METRE. ) );
#1326 = CARTESIAN_POINT ( 'NONE',  ( 3.935000000000001830, 0.000000000000000000, 1.500575874220467343 ) ) ;
#1327 = PLANE ( 'NONE',  #1067 ) ;
#1328 = VECTOR ( 'NONE', #1804, 1000.000000000000000 ) ;
#1329 = EDGE_CURVE ( 'NONE', #1275, #1730, #391, .T. ) ;
#1330 = CARTESIAN_POINT ( 'NONE',  ( -3.685000000000000053, -3.810000000000000053, -1.144999999999999352 ) ) ;
#1331 = CARTESIAN_POINT ( 'NONE',  ( -2.947837205389858717, 4.799999999999998934, -2.290000000000001368 ) ) ;
#1332 = CARTESIAN_POINT ( 'NONE',  ( -3.935000000000000053, -3.810000000000000053, 1.395000000000000462 ) ) ;
#1333 = VERTEX_POINT ( 'NONE', #425 ) ;
#1334 = ORIENTED_EDGE ( 'NONE', *, *, #2150, .T. ) ;
#1335 = FACE_OUTER_BOUND ( 'NONE', #464, .T. ) ;
#1336 = CARTESIAN_POINT ( 'NONE',  ( -3.250000000000000444, 2.649999999999999467, -1.500575874220467343 ) ) ;
#1337 = VECTOR ( 'NONE', #988, 1000.000000000000000 ) ;
#1338 = PLANE ( 'NONE',  #2681 ) ;
#1339 = FACE_OUTER_BOUND ( 'NONE', #1350, .T. ) ;
#1340 =( GEOMETRIC_REPRESENTATION_CONTEXT ( 3 ) GLOBAL_UNCERTAINTY_ASSIGNED_CONTEXT ( ( #881 ) ) GLOBAL_UNIT_ASSIGNED_CONTEXT ( ( #824, #1505, #811 ) ) REPRESENTATION_CONTEXT ( 'NONE', 'WORKASPACE' ) );
#1341 = EDGE_CURVE ( 'NONE', #158, #388, #2293, .T. ) ;
#1342 = EDGE_CURVE ( 'NONE', #1005, #2070, #345, .T. ) ;
#1343 = VECTOR ( 'NONE', #1239, 1000.000000000000000 ) ;
#1344 = CARTESIAN_POINT ( 'NONE',  ( 3.249999999999999112, 2.649999999999999467, 2.289999999999999591 ) ) ;
#1345 = ORIENTED_EDGE ( 'NONE', *, *, #1376, .F. ) ;
#1346 = CARTESIAN_POINT ( 'NONE',  ( -3.935000000000000053, 2.349999999999999201, 1.020000000000000240 ) ) ;
#1347 = CARTESIAN_POINT ( 'NONE',  ( 3.634999999999998899, -4.336808689942017736E-16, 1.020000000000000240 ) ) ;
#1348 = DIRECTION ( 'NONE',  ( -0.000000000000000000, 1.000000000000000000, 0.000000000000000000 ) ) ;
#1349 = VECTOR ( 'NONE', #2220, 1000.000000000000114 ) ;
#1350 = EDGE_LOOP ( 'NONE', ( #2400, #1418, #412, #1154 ) ) ;
#1351 = VERTEX_POINT ( 'NONE', #1643 ) ;
#1352 = LINE ( 'NONE', #33, #2086 ) ;
#1353 = ADVANCED_FACE ( 'NONE', ( #138 ), #1658, .F. ) ;
#1354 = DIRECTION ( 'NONE',  ( 0.000000000000000000, 1.000000000000000000, -0.000000000000000000 ) ) ;
#1355 = DIRECTION ( 'NONE',  ( -1.000000000000000000, 0.000000000000000000, 0.000000000000000000 ) ) ;
#1356 =( NAMED_UNIT ( * ) PLANE_ANGLE_UNIT ( ) SI_UNIT ( $, .RADIAN. ) );
#1357 = LINE ( 'NONE', #2489, #1422 ) ;
#1358 = CARTESIAN_POINT ( 'NONE',  ( 3.935000000000001830, -0.7600000000000001199, -0.7600000000000001199 ) ) ;
#1359 = CARTESIAN_POINT ( 'NONE',  ( -3.634999999999999343, 2.399999999999999467, -0.5449999999999999289 ) ) ;
#1360 = LINE ( 'NONE', #69, #2348 ) ;
#1361 = ADVANCED_FACE ( 'NONE', ( #1883 ), #1214, .F. ) ;
#1362 = EDGE_LOOP ( 'NONE', ( #2751, #1627, #662, #1405, #143, #1531, #1345, #434 ) ) ;
#1363 = EDGE_CURVE ( 'NONE', #1748, #2789, #984, .T. ) ;
#1364 = EDGE_LOOP ( 'NONE', ( #1155, #2352, #2546, #535 ) ) ;
#1365 = CARTESIAN_POINT ( 'NONE',  ( 3.634999999999999343, 2.399999999999999467, 1.500575874220467343 ) ) ;
#1366 = VECTOR ( 'NONE', #2298, 1000.000000000000000 ) ;
#1367 = DIRECTION ( 'NONE',  ( -0.000000000000000000, 0.000000000000000000, 1.000000000000000000 ) ) ;
#1368 = CARTESIAN_POINT ( 'NONE',  ( 3.685000000000000053, -3.541936634936305950, 1.520000000000000240 ) ) ;
#1369 = EDGE_CURVE ( 'NONE', #800, #168, #767, .T. ) ;
#1370 = ADVANCED_FACE ( 'NONE', ( #2831 ), #359, .F. ) ;
#1371 = PLANE ( 'NONE',  #1068 ) ;
#1372 = DIRECTION ( 'NONE',  ( -1.000000000000000000, 0.000000000000000000, 0.000000000000000000 ) ) ;
#1373 = FACE_OUTER_BOUND ( 'NONE', #1025, .T. ) ;
#1374 = CARTESIAN_POINT ( 'NONE',  ( -3.250000000000000888, 2.649999999999999467, -1.019999999999999796 ) ) ;
#1375 = EDGE_LOOP ( 'NONE', ( #1731, #1070, #2229, #1015 ) ) ;
#1376 = EDGE_CURVE ( 'NONE', #1100, #2768, #2775, .T. ) ;
#1377 = CARTESIAN_POINT ( 'NONE',  ( -3.685000000000000053, 2.349999999999999201, -1.019999999999999796 ) ) ;
#1378 = DIRECTION ( 'NONE',  ( 0.000000000000000000, -0.000000000000000000, -1.000000000000000000 ) ) ;
#1379 = CARTESIAN_POINT ( 'NONE',  ( 3.249999999999996447, 2.649999999999999467, -2.290000000000003588 ) ) ;
#1380 = EDGE_CURVE ( 'NONE', #1104, #21, #1959, .T. ) ;
#1381 = VECTOR ( 'NONE', #2034, 1000.000000000000000 ) ;
#1382 = CARTESIAN_POINT ( 'NONE',  ( -3.685000000000000053, -4.336808689942017736E-16, -1.519999999999999796 ) ) ;
#1383 = LINE ( 'NONE', #1181, #225 ) ;
#1384 = CARTESIAN_POINT ( 'NONE',  ( -3.685000000000000053, 0.4749999999999992006, -0.5449999999999999289 ) ) ;
#1385 = CARTESIAN_POINT ( 'NONE',  ( 3.685000000000000053, 2.349999999999999201, -1.019999999999999796 ) ) ;
#1386 = ORIENTED_EDGE ( 'NONE', *, *, #293, .T. ) ;
#1387 = LINE ( 'NONE', #1146, #317 ) ;
#1388 = CIRCLE ( 'NONE', #2589, 0.3648317375651108918 ) ;
#1389 = DIRECTION ( 'NONE',  ( -1.000000000000000000, 0.000000000000000000, 0.000000000000000000 ) ) ;
#1390 = LINE ( 'NONE', #353, #42 ) ;
#1391 = PRESENTATION_LAYER_ASSIGNMENT (  '', '', ( #1440 ) ) ;
#1392 = EDGE_CURVE ( 'NONE', #1119, #1413, #1388, .T. ) ;
#1393 = AXIS2_PLACEMENT_3D ( 'NONE', #2405, #2174, #24 ) ;
#1394 = ADVANCED_FACE ( 'NONE', ( #2735 ), #374, .T. ) ;
#1395 = EDGE_CURVE ( 'NONE', #283, #2770, #1798, .T. ) ;
#1396 = AXIS2_PLACEMENT_3D ( 'NONE', #2553, #1301, #644 ) ;
#1397 = DIRECTION ( 'NONE',  ( 0.000000000000000000, -1.000000000000000000, 0.000000000000000000 ) ) ;
#1398 = VERTEX_POINT ( 'NONE', #2748 ) ;
#1399 = ORIENTED_EDGE ( 'NONE', *, *, #2502, .T. ) ;
#1400 = ORIENTED_EDGE ( 'NONE', *, *, #1767, .F. ) ;
#1401 = DIRECTION ( 'NONE',  ( 1.000000000000000000, 0.000000000000000000, 0.000000000000000000 ) ) ;
#1402 = CARTESIAN_POINT ( 'NONE',  ( 3.250000000000000888, 2.649999999999999467, -0.5449999999999999289 ) ) ;
#1403 = DIRECTION ( 'NONE',  ( -0.000000000000000000, 0.9063077870366492705, 0.4226182617407008846 ) ) ;
#1404 = ADVANCED_FACE ( 'NONE', ( #330 ), #1201, .F. ) ;
#1405 = ORIENTED_EDGE ( 'NONE', *, *, #2679, .F. ) ;
#1406 = LINE ( 'NONE', #57, #2194 ) ;
#1407 = FACE_OUTER_BOUND ( 'NONE', #2043, .T. ) ;
#1408 = LINE ( 'NONE', #2689, #1328 ) ;
#1409 = APPLICATION_CONTEXT ( 'automotive_design' ) ;
#1410 = EDGE_CURVE ( 'NONE', #481, #698, #1898, .T. ) ;
#1411 = DIRECTION ( 'NONE',  ( 5.681408764116177185E-16, 0.000000000000000000, 1.000000000000000000 ) ) ;
#1412 = ORIENTED_EDGE ( 'NONE', *, *, #2761, .T. ) ;
#1413 = VERTEX_POINT ( 'NONE', #2106 ) ;
#1414 = DIRECTION ( 'NONE',  ( 1.000000000000000000, -1.408054769461694435E-16, 0.000000000000000000 ) ) ;
#1415 = DIRECTION ( 'NONE',  ( -1.000000000000000000, 0.000000000000000000, 0.000000000000000000 ) ) ;
#1416 = DIRECTION ( 'NONE',  ( -1.000000000000000000, 0.000000000000000000, 0.000000000000000000 ) ) ;
#1417 = MECHANICAL_DESIGN_GEOMETRIC_PRESENTATION_REPRESENTATION (  '', ( #1234 ), #1920 ) ;
#1418 = ORIENTED_EDGE ( 'NONE', *, *, #664, .F. ) ;
#1419 = DIRECTION ( 'NONE',  ( 0.000000000000000000, -0.9063077870366492705, -0.4226182617407008846 ) ) ;
#1420 = DIRECTION ( 'NONE',  ( -0.000000000000000000, 0.7071067811865474617, 0.7071067811865474617 ) ) ;
#1421 = CARTESIAN_POINT ( 'NONE',  ( 3.685000000000000053, -2.168404344971008868E-16, -1.019999999999999574 ) ) ;
#1422 = VECTOR ( 'NONE', #1397, 1000.000000000000000 ) ;
#1423 = CARTESIAN_POINT ( 'NONE',  ( -3.250000000000000888, 2.649999999999999467, -0.5449999999999999289 ) ) ;
#1424 = VERTEX_POINT ( 'NONE', #1459 ) ;
#1425 = VECTOR ( 'NONE', #1403, 1000.000000000000000 ) ;
#1426 = VERTEX_POINT ( 'NONE', #2338 ) ;
#1427 = EDGE_CURVE ( 'NONE', #277, #1089, #2222, .T. ) ;
#1428 = CARTESIAN_POINT ( 'NONE',  ( -2.098641902177089680, 4.699999999999998401, -1.224843398168362629 ) ) ;
#1429 = DIRECTION ( 'NONE',  ( -1.000000000000000000, 0.000000000000000000, 0.000000000000000000 ) ) ;
#1430 = DIRECTION ( 'NONE',  ( 0.1391731009600657432, -0.9902680687415703620, 0.000000000000000000 ) ) ;
#1431 = ORIENTED_EDGE ( 'NONE', *, *, #1259, .F. ) ;
#1432 = FACE_OUTER_BOUND ( 'NONE', #1795, .T. ) ;
#1433 = CARTESIAN_POINT ( 'NONE',  ( 3.249999999999999112, 2.399999999999999467, 2.289999999999999591 ) ) ;
#1434 = VECTOR ( 'NONE', #1896, 1000.000000000000000 ) ;
#1435 = EDGE_CURVE ( 'NONE', #2070, #76, #1472, .T. ) ;
#1436 = CARTESIAN_POINT ( 'NONE',  ( 3.634999999999999343, 2.649999999999999467, 0.5450000000000003730 ) ) ;
#1437 =( NAMED_UNIT ( * ) PLANE_ANGLE_UNIT ( ) SI_UNIT ( $, .RADIAN. ) );
#1438 = STYLED_ITEM ( 'NONE', ( #2742 ), #1634 ) ;
#1439 = ORIENTED_EDGE ( 'NONE', *, *, #2403, .T. ) ;
#1440 = STYLED_ITEM ( 'NONE', ( #1803 ), #804 ) ;
#1441 = DIRECTION ( 'NONE',  ( 0.000000000000000000, -1.000000000000000000, 0.000000000000000000 ) ) ;
#1442 = EDGE_LOOP ( 'NONE', ( #2355, #2069, #718, #1334 ) ) ;
#1443 = ORIENTED_EDGE ( 'NONE', *, *, #2403, .F. ) ;
#1444 = EDGE_LOOP ( 'NONE', ( #1552, #1599, #2576, #261 ) ) ;
#1445 = CARTESIAN_POINT ( 'NONE',  ( -2.947837205389858717, 0.2500000000000006661, -1.987837205389859419 ) ) ;
#1446 = DIRECTION ( 'NONE',  ( 0.000000000000000000, 0.000000000000000000, -1.000000000000000000 ) ) ;
#1447 = PLANE ( 'NONE',  #784 ) ;
#1448 = VECTOR ( 'NONE', #192, 1000.000000000000000 ) ;
#1449 = ORIENTED_EDGE ( 'NONE', *, *, #978, .T. ) ;
#1450 = LINE ( 'NONE', #1632, #2710 ) ;
#1451 = EDGE_CURVE ( 'NONE', #2630, #1703, #1544, .T. ) ;
#1452 = VERTEX_POINT ( 'NONE', #1368 ) ;
#1453 = DIRECTION ( 'NONE',  ( -0.000000000000000000, 0.000000000000000000, 1.000000000000000000 ) ) ;
#1454 = ORIENTED_EDGE ( 'NONE', *, *, #6, .T. ) ;
#1455 = AXIS2_PLACEMENT_3D ( 'NONE', #1785, #285, #475 ) ;
#1456 = CARTESIAN_POINT ( 'NONE',  ( 3.935000000000001830, 0.4749999999999993117, -0.5450000000000000400 ) ) ;
#1457 = ORIENTED_EDGE ( 'NONE', *, *, #2777, .T. ) ;
#1458 = VERTEX_POINT ( 'NONE', #280 ) ;
#1459 = CARTESIAN_POINT ( 'NONE',  ( 3.685000000000000053, 1.933132337141316937, 1.500575874220467343 ) ) ;
#1460 = FACE_OUTER_BOUND ( 'NONE', #1075, .T. ) ;
#1461 = ORIENTED_EDGE ( 'NONE', *, *, #2387, .T. ) ;
#1462 = LINE ( 'NONE', #1950, #1018 ) ;
#1463 = DIRECTION ( 'NONE',  ( -1.000000000000000000, 0.000000000000000000, 0.000000000000000000 ) ) ;
#1464 = EDGE_CURVE ( 'NONE', #2555, #420, #2233, .T. ) ;
#1465 = ORIENTED_EDGE ( 'NONE', *, *, #2535, .F. ) ;
#1466 = ORIENTED_EDGE ( 'NONE', *, *, #1657, .T. ) ;
#1467 = DIRECTION ( 'NONE',  ( -1.408054769461694435E-16, -1.000000000000000000, 0.000000000000000000 ) ) ;
#1468 = CARTESIAN_POINT ( 'NONE',  ( -3.935000000000000053, 0.5099999999999996758, -0.5099999999999995648 ) ) ;
#1469 = EDGE_CURVE ( 'NONE', #1833, #2556, #2493, .T. ) ;
#1470 = CARTESIAN_POINT ( 'NONE',  ( 0.000000000000000000, 0.2500000000000006661, 0.000000000000000000 ) ) ;
#1471 = VERTEX_POINT ( 'NONE', #468 ) ;
#1472 = LINE ( 'NONE', #2389, #2540 ) ;
#1473 = CARTESIAN_POINT ( 'NONE',  ( -3.935000000000000053, -3.810000000000000053, 1.145000000000000240 ) ) ;
#1474 = ORIENTED_EDGE ( 'NONE', *, *, #853, .F. ) ;
#1475 = AXIS2_PLACEMENT_3D ( 'NONE', #514, #80, #2046 ) ;
#1476 = CARTESIAN_POINT ( 'NONE',  ( -2.098641902177089680, 4.799999999999998934, -1.224843398168362629 ) ) ;
#1477 = CARTESIAN_POINT ( 'NONE',  ( -3.634999999999998899, -4.336808689942017736E-16, -1.019999999999999796 ) ) ;
#1478 = VECTOR ( 'NONE', #2162, 1000.000000000000000 ) ;
#1479 = ORIENTED_EDGE ( 'NONE', *, *, #213, .T. ) ;
#1480 = ORIENTED_EDGE ( 'NONE', *, *, #2569, .T. ) ;
#1481 = DIRECTION ( 'NONE',  ( 1.000000000000000000, 0.000000000000000000, 0.000000000000000000 ) ) ;
#1482 = SURFACE_STYLE_USAGE ( .BOTH. , #2558 ) ;
#1483 = AXIS2_PLACEMENT_3D ( 'NONE', #1470, #105, #2349 ) ;
#1484 = EDGE_CURVE ( 'NONE', #905, #380, #1161, .T. ) ;
#1485 = VECTOR ( 'NONE', #1194, 1000.000000000000000 ) ;
#1486 = CARTESIAN_POINT ( 'NONE',  ( 3.634999999999999343, 2.649999999999999467, 1.500575874220467343 ) ) ;
#1487 = EDGE_CURVE ( 'NONE', #567, #2562, #2650, .T. ) ;
#1488 = EDGE_CURVE ( 'NONE', #31, #796, #2621, .T. ) ;
#1489 = ORIENTED_EDGE ( 'NONE', *, *, #972, .T. ) ;
#1490 = CARTESIAN_POINT ( 'NONE',  ( -3.634999999999999343, 2.649999999999999467, 1.500575874220467343 ) ) ;
#1491 = ORIENTED_EDGE ( 'NONE', *, *, #2799, .F. ) ;
#1492 = ORIENTED_EDGE ( 'NONE', *, *, #686, .F. ) ;
#1493 = ORIENTED_EDGE ( 'NONE', *, *, #1013, .F. ) ;
#1494 = ADVANCED_BREP_SHAPE_REPRESENTATION ( 'EL814(A)-V', ( #1634, #2740, #804, #1758, #1746, #1764, #1062 ), #610 ) ;
#1495 = CARTESIAN_POINT ( 'NONE',  ( 3.935000000000001830, -3.810000000000017817, -1.144999999999999352 ) ) ;
#1496 = VECTOR ( 'NONE', #960, 1000.000000000000000 ) ;
#1497 = LINE ( 'NONE', #1537, #54 ) ;
#1498 = EDGE_CURVE ( 'NONE', #1787, #2104, #1618, .T. ) ;
#1499 = ORIENTED_EDGE ( 'NONE', *, *, #597, .T. ) ;
#1500 = ORIENTED_EDGE ( 'NONE', *, *, #2347, .F. ) ;
#1501 = FACE_OUTER_BOUND ( 'NONE', #2320, .T. ) ;
#1502 = ADVANCED_FACE ( 'NONE', ( #1339 ), #1739, .T. ) ;
#1503 = PLANE ( 'NONE',  #1393 ) ;
#1504 = EDGE_LOOP ( 'NONE', ( #2060, #1840, #1808, #1254 ) ) ;
#1505 =( NAMED_UNIT ( * ) PLANE_ANGLE_UNIT ( ) SI_UNIT ( $, .RADIAN. ) );
#1506 = VECTOR ( 'NONE', #2062, 1000.000000000000114 ) ;
#1507 = CARTESIAN_POINT ( 'NONE',  ( 3.634999999999999343, 2.349999999999999201, 0.5450000000000003730 ) ) ;
#1508 = ORIENTED_EDGE ( 'NONE', *, *, #262, .F. ) ;
#1509 = DIRECTION ( 'NONE',  ( -0.000000000000000000, 0.000000000000000000, 1.000000000000000000 ) ) ;
#1510 = FACE_OUTER_BOUND ( 'NONE', #1504, .T. ) ;
#1511 = ORIENTED_EDGE ( 'NONE', *, *, #183, .F. ) ;
#1512 = EDGE_LOOP ( 'NONE', ( #916, #1217, #2837, #823, #2443, #2223, #1850, #2467 ) ) ;
#1513 = CARTESIAN_POINT ( 'NONE',  ( 3.935000000000001830, 0.4749999999999994227, -1.994999999999999885 ) ) ;
#1514 = SURFACE_STYLE_USAGE ( .BOTH. , #130 ) ;
#1515 = COLOUR_RGB ( '',1.000000000000000000, 1.000000000000000000, 1.000000000000000000 ) ;
#1516 = UNCERTAINTY_MEASURE_WITH_UNIT (LENGTH_MEASURE( 1.000000000000000082E-05 ), #2452, 'distance_accuracy_value', 'NONE');
#1517 = LINE ( 'NONE', #1738, #1847 ) ;
#1518 = EDGE_LOOP ( 'NONE', ( #568, #2746, #1290, #2431 ) ) ;
#1519 = FACE_OUTER_BOUND ( 'NONE', #1303, .T. ) ;
#1520 = ORIENTED_EDGE ( 'NONE', *, *, #1606, .T. ) ;
#1521 = EDGE_LOOP ( 'NONE', ( #1918, #1049, #1412, #379, #1274, #1248, #2505, #2806, #2282, #825, #1399, #2011 ) ) ;
#1522 = DIRECTION ( 'NONE',  ( 1.000000000000000000, 0.000000000000000000, 0.000000000000000000 ) ) ;
#1523 = CARTESIAN_POINT ( 'NONE',  ( 3.249999999999999112, 2.649999999999999467, 2.289999999999999591 ) ) ;
#1524 = ORIENTED_EDGE ( 'NONE', *, *, #146, .T. ) ;
#1525 = VERTEX_POINT ( 'NONE', #911 ) ;
#1526 = VECTOR ( 'NONE', #2825, 1000.000000000000000 ) ;
#1527 = DIRECTION ( 'NONE',  ( 0.000000000000000000, 0.000000000000000000, 1.000000000000000000 ) ) ;
#1528 = EDGE_CURVE ( 'NONE', #216, #2770, #1752, .T. ) ;
#1529 = CARTESIAN_POINT ( 'NONE',  ( 3.935000000000001830, -3.541936634936305950, 1.520000000000000240 ) ) ;
#1530 = CARTESIAN_POINT ( 'NONE',  ( 3.634999999999999343, 2.399999999999999467, -1.500575874220467343 ) ) ;
#1531 = ORIENTED_EDGE ( 'NONE', *, *, #309, .F. ) ;
#1532 = DIRECTION ( 'NONE',  ( 0.000000000000000000, -0.000000000000000000, -1.000000000000000000 ) ) ;
#1533 = AXIS2_PLACEMENT_3D ( 'NONE', #996, #2537, #1415 ) ;
#1534 = VERTEX_POINT ( 'NONE', #1530 ) ;
#1535 = EDGE_LOOP ( 'NONE', ( #1145, #2276, #1169, #778, #1743, #2254, #2275, #1559 ) ) ;
#1536 = CARTESIAN_POINT ( 'NONE',  ( 3.685000000000000053, -3.541936634936323269, -1.019999999999999796 ) ) ;
#1537 = CARTESIAN_POINT ( 'NONE',  ( 3.935000000000000941, -3.810000000000000053, -1.019999999999999796 ) ) ;
#1538 = VECTOR ( 'NONE', #2051, 1000.000000000000000 ) ;
#1539 = ORIENTED_EDGE ( 'NONE', *, *, #2208, .T. ) ;
#1540 = ORIENTED_EDGE ( 'NONE', *, *, #267, .F. ) ;
#1541 = CARTESIAN_POINT ( 'NONE',  ( -3.250000000000000888, 2.399999999999999467, -0.5449999999999999289 ) ) ;
#1542 = VECTOR ( 'NONE', #396, 1000.000000000000000 ) ;
#1543 = PLANE ( 'NONE',  #2360 ) ;
#1544 = LINE ( 'NONE', #1137, #2130 ) ;
#1545 = EDGE_LOOP ( 'NONE', ( #1212, #1834 ) ) ;
#1546 = VERTEX_POINT ( 'NONE', #237 ) ;
#1547 = CARTESIAN_POINT ( 'NONE',  ( 3.935000000000000053, 2.349999999999999201, 1.020000000000000240 ) ) ;
#1548 = CARTESIAN_POINT ( 'NONE',  ( 3.935000000000001830, -3.810000000000017817, -1.144999999999999352 ) ) ;
#1549 = ORIENTED_EDGE ( 'NONE', *, *, #2743, .T. ) ;
#1550 = VECTOR ( 'NONE', #1143, 1000.000000000000000 ) ;
#1551 = VECTOR ( 'NONE', #2653, 1000.000000000000000 ) ;
#1552 = ORIENTED_EDGE ( 'NONE', *, *, #595, .T. ) ;
#1553 = DIRECTION ( 'NONE',  ( -0.000000000000000000, 0.000000000000000000, 1.000000000000000000 ) ) ;
#1554 = FACE_OUTER_BOUND ( 'NONE', #1695, .T. ) ;
#1555 = EDGE_CURVE ( 'NONE', #159, #2596, #2437, .T. ) ;
#1556 = DIRECTION ( 'NONE',  ( 0.000000000000000000, -0.9063077870366492705, 0.4226182617407008846 ) ) ;
#1557 = DIRECTION ( 'NONE',  ( -0.000000000000000000, 0.000000000000000000, 1.000000000000000000 ) ) ;
#1558 = VECTOR ( 'NONE', #264, 1000.000000000000000 ) ;
#1559 = ORIENTED_EDGE ( 'NONE', *, *, #560, .T. ) ;
#1560 = ADVANCED_FACE ( 'NONE', ( #441 ), #667, .T. ) ;
#1561 = CARTESIAN_POINT ( 'NONE',  ( 3.685000000000000053, 0.9249999999999993783, -2.444999999999999840 ) ) ;
#1562 = PLANE ( 'NONE',  #2442 ) ;
#1563 = EDGE_LOOP ( 'NONE', ( #2708, #1457, #1907, #2410 ) ) ;
#1564 = ORIENTED_EDGE ( 'NONE', *, *, #683, .F. ) ;
#1565 = LINE ( 'NONE', #22, #211 ) ;
#1566 = AXIS2_PLACEMENT_3D ( 'NONE', #540, #2294, #1644 ) ;
#1567 = FACE_OUTER_BOUND ( 'NONE', #1442, .T. ) ;
#1568 = DIRECTION ( 'NONE',  ( 1.000000000000000000, 0.000000000000000000, 0.000000000000000000 ) ) ;
#1569 = VECTOR ( 'NONE', #2638, 1000.000000000000000 ) ;
#1570 = SURFACE_SIDE_STYLE ('',( #240 ) ) ;
#1571 = ADVANCED_FACE ( 'NONE', ( #2676 ), #1327, .F. ) ;
#1572 = ADVANCED_FACE ( 'NONE', ( #1974 ), #25, .F. ) ;
#1573 = AXIS2_PLACEMENT_3D ( 'NONE', #1358, #926, #446 ) ;
#1574 = CARTESIAN_POINT ( 'NONE',  ( 3.685000000000000053, 0.4749999999999993672, 1.995000000000000329 ) ) ;
#1575 = FACE_OUTER_BOUND ( 'NONE', #233, .T. ) ;
#1576 = DIRECTION ( 'NONE',  ( -0.000000000000000000, 1.000000000000000000, 0.000000000000000000 ) ) ;
#1577 = LINE ( 'NONE', #2457, #426 ) ;
#1578 = AXIS2_PLACEMENT_3D ( 'NONE', #2652, #473, #1069 ) ;
#1579 = ORIENTED_EDGE ( 'NONE', *, *, #4, .T. ) ;
#1580 = ADVANCED_FACE ( 'NONE', ( #1766 ), #920, .T. ) ;
#1581 = EDGE_LOOP ( 'NONE', ( #140, #1682, #2396, #942, #953, #2362, #543, #2199, #858, #1710, #2719, #2077 ) ) ;
#1582 =( NAMED_UNIT ( * ) SI_UNIT ( $, .STERADIAN. ) SOLID_ANGLE_UNIT ( ) );
#1583 = CARTESIAN_POINT ( 'NONE',  ( -3.935000000000000053, 2.349999999999999201, -1.019999999999999796 ) ) ;
#1584 = EDGE_CURVE ( 'NONE', #2224, #2111, #2449, .T. ) ;
#1585 = AXIS2_PLACEMENT_3D ( 'NONE', #859, #1509, #1522 ) ;
#1586 = EDGE_CURVE ( 'NONE', #1037, #277, #266, .T. ) ;
#1587 = CARTESIAN_POINT ( 'NONE',  ( 3.935000000000001830, 1.933132337141316937, 0.000000000000000000 ) ) ;
#1588 = CARTESIAN_POINT ( 'NONE',  ( 3.250000000000000888, 2.649999999999999467, 1.500575874220467343 ) ) ;
#1589 = DIRECTION ( 'NONE',  ( 0.000000000000000000, 0.7071067811865476838, 0.7071067811865474617 ) ) ;
#1590 = DIRECTION ( 'NONE',  ( -0.000000000000000000, 0.000000000000000000, 1.000000000000000000 ) ) ;
#1591 = ORIENTED_EDGE ( 'NONE', *, *, #1363, .F. ) ;
#1592 = ADVANCED_FACE ( 'NONE', ( #1820 ), #103, .T. ) ;
#1593 = CARTESIAN_POINT ( 'NONE',  ( -3.935000000000000053, 2.349999999999999201, 1.520000000000000240 ) ) ;
#1594 = VECTOR ( 'NONE', #947, 1000.000000000000000 ) ;
#1595 =( LENGTH_UNIT ( ) NAMED_UNIT ( * ) SI_UNIT ( .MILLI., .METRE. ) );
#1596 = DIRECTION ( 'NONE',  ( 0.000000000000000000, 1.000000000000000000, -0.000000000000000000 ) ) ;
#1597 = VECTOR ( 'NONE', #821, 1000.000000000000000 ) ;
#1598 = DIRECTION ( 'NONE',  ( 1.000000000000000000, 0.000000000000000000, 0.000000000000000000 ) ) ;
#1599 = ORIENTED_EDGE ( 'NONE', *, *, #761, .F. ) ;
#1600 = ORIENTED_EDGE ( 'NONE', *, *, #423, .F. ) ;
#1601 = CARTESIAN_POINT ( 'NONE',  ( 3.634999999999999343, 2.349999999999999201, 0.5450000000000003730 ) ) ;
#1602 = CARTESIAN_POINT ( 'NONE',  ( 3.685000000000000053, 1.297663615529465853, 1.236742659201057082 ) ) ;
#1603 = CARTESIAN_POINT ( 'NONE',  ( -2.098641902177089680, 4.799999999999998934, -1.224843398168362629 ) ) ;
#1604 = ORIENTED_EDGE ( 'NONE', *, *, #854, .T. ) ;
#1605 = PLANE ( 'NONE',  #2284 ) ;
#1606 = EDGE_CURVE ( 'NONE', #2290, #2630, #1651, .T. ) ;
#1607 = CARTESIAN_POINT ( 'NONE',  ( -3.685000000000000053, -3.541936634936323713, -1.019999999999999130 ) ) ;
#1608 = VECTOR ( 'NONE', #1630, 1000.000000000000000 ) ;
#1609 = EDGE_CURVE ( 'NONE', #1043, #186, #948, .T. ) ;
#1610 = VECTOR ( 'NONE', #227, 1000.000000000000000 ) ;
#1611 = DIRECTION ( 'NONE',  ( -1.000000000000000000, 0.000000000000000000, 0.000000000000000000 ) ) ;
#1612 = VERTEX_POINT ( 'NONE', #563 ) ;
#1613 = CARTESIAN_POINT ( 'NONE',  ( -3.685000000000000053, -3.810000000000000053, 1.395000000000000462 ) ) ;
#1614 = CARTESIAN_POINT ( 'NONE',  ( 3.685000000000000053, 2.349999999999999201, 1.020000000000000240 ) ) ;
#1615 = CYLINDRICAL_SURFACE ( 'NONE', #1566, 0.3000000000000007661 ) ;
#1616 = ORIENTED_EDGE ( 'NONE', *, *, #2637, .T. ) ;
#1617 = LINE ( 'NONE', #545, #1506 ) ;
#1618 = CIRCLE ( 'NONE', #2634, 0.05000000000000056483 ) ;
#1619 = LINE ( 'NONE', #2498, #1261 ) ;
#1620 = EDGE_CURVE ( 'NONE', #796, #2617, #776, .T. ) ;
#1621 = VECTOR ( 'NONE', #2620, 1000.000000000000000 ) ;
#1622 = VECTOR ( 'NONE', #465, 1000.000000000000000 ) ;
#1623 = DIRECTION ( 'NONE',  ( 0.000000000000000000, 0.000000000000000000, 1.000000000000000000 ) ) ;
#1624 = ORIENTED_EDGE ( 'NONE', *, *, #2102, .T. ) ;
#1625 = ORIENTED_EDGE ( 'NONE', *, *, #2214, .T. ) ;
#1626 = ORIENTED_EDGE ( 'NONE', *, *, #2063, .T. ) ;
#1627 = ORIENTED_EDGE ( 'NONE', *, *, #275, .F. ) ;
#1628 = FACE_OUTER_BOUND ( 'NONE', #628, .T. ) ;
#1629 = LINE ( 'NONE', #2669, #681 ) ;
#1630 = DIRECTION ( 'NONE',  ( 0.000000000000000000, 0.7071067811865474617, -0.7071067811865476838 ) ) ;
#1631 = ORIENTED_EDGE ( 'NONE', *, *, #2241, .T. ) ;
#1632 = CARTESIAN_POINT ( 'NONE',  ( -3.634999999999999343, 2.649999999999999467, -1.019999999999999796 ) ) ;
#1633 = LINE ( 'NONE', #2474, #1321 ) ;
#1634 = MANIFOLD_SOLID_BREP ( 'Cut-Extrude1[1]', #573 ) ;
#1636 = EDGE_CURVE ( 'NONE', #2667, #481, #2316, .T. ) ;
#1635 = CARTESIAN_POINT ( 'NONE',  ( 3.634999999999999343, 2.399999999999999467, -1.019999999999999796 ) ) ;
#1637 = DIRECTION ( 'NONE',  ( 1.000000000000000000, 0.000000000000000000, -3.336006684570784581E-16 ) ) ;
#1638 = EDGE_CURVE ( 'NONE', #70, #21, #1390, .T. ) ;
#1639 = CARTESIAN_POINT ( 'NONE',  ( -3.935000000000000053, -3.541936634936305950, 1.520000000000000240 ) ) ;
#1640 = ORIENTED_EDGE ( 'NONE', *, *, #486, .T. ) ;
#1641 = ORIENTED_EDGE ( 'NONE', *, *, #2281, .T. ) ;
#1642 = CARTESIAN_POINT ( 'NONE',  ( -3.935000000000000053, 2.349999999999999201, 1.520000000000000240 ) ) ;
#1643 = CARTESIAN_POINT ( 'NONE',  ( -1.733810164611978788, 4.799999999999998934, -1.224843398168362629 ) ) ;
#1644 = DIRECTION ( 'NONE',  ( -1.000000000000000000, 0.000000000000000000, 0.000000000000000000 ) ) ;
#1645 = CIRCLE ( 'NONE', #2517, 0.3000000000000007661 ) ;
#1646 = ADVANCED_FACE ( 'NONE', ( #2714 ), #1223, .T. ) ;
#1647 = ORIENTED_EDGE ( 'NONE', *, *, #98, .T. ) ;
#1648 = DIRECTION ( 'NONE',  ( 0.000000000000000000, 0.9063077870366492705, -0.4226182617407008846 ) ) ;
#1649 = FACE_OUTER_BOUND ( 'NONE', #2181, .T. ) ;
#1650 = DIRECTION ( 'NONE',  ( -1.000000000000000000, 0.000000000000000000, 0.000000000000000000 ) ) ;
#1651 = LINE ( 'NONE', #961, #2722 ) ;
#1652 = VECTOR ( 'NONE', #281, 1000.000000000000000 ) ;
#1653 = LINE ( 'NONE', #1880, #1343 ) ;
#1654 = VECTOR ( 'NONE', #40, 1000.000000000000000 ) ;
#1655 = VERTEX_POINT ( 'NONE', #934 ) ;
#1656 = CARTESIAN_POINT ( 'NONE',  ( -3.250000000000000888, 2.649999999999999467, -2.290000000000001368 ) ) ;
#1657 = EDGE_CURVE ( 'NONE', #556, #1104, #1210, .T. ) ;
#1658 = CYLINDRICAL_SURFACE ( 'NONE', #111, 0.05000000000000056483 ) ;
#1659 = DIRECTION ( 'NONE',  ( 1.000000000000000000, -1.408054769461694435E-16, 0.000000000000000000 ) ) ;
#1660 = ORIENTED_EDGE ( 'NONE', *, *, #452, .F. ) ;
#1661 = DIRECTION ( 'NONE',  ( 0.000000000000000000, -1.000000000000000000, 0.000000000000000000 ) ) ;
#1662 = VERTEX_POINT ( 'NONE', #533 ) ;
#1663 = CARTESIAN_POINT ( 'NONE',  ( 3.250000000000000888, 2.399999999999999467, -1.500575874220467343 ) ) ;
#1664 = DIRECTION ( 'NONE',  ( -0.000000000000000000, 0.000000000000000000, 1.000000000000000000 ) ) ;
#1665 = AXIS2_PLACEMENT_3D ( 'NONE', #35, #898, #223 ) ;
#1666 = VECTOR ( 'NONE', #2640, 1000.000000000000000 ) ;
#1667 = VECTOR ( 'NONE', #1378, 1000.000000000000000 ) ;
#1668 = LINE ( 'NONE', #566, #2716 ) ;
#1669 = ORIENTED_EDGE ( 'NONE', *, *, #1162, .T. ) ;
#1670 = CARTESIAN_POINT ( 'NONE',  ( -3.685000000000000053, 2.349999999999999201, 1.520000000000000240 ) ) ;
#1671 = DIRECTION ( 'NONE',  ( -1.408054769461694435E-16, 1.000000000000000000, 0.000000000000000000 ) ) ;
#1672 = EDGE_CURVE ( 'NONE', #2111, #550, #1408, .T. ) ;
#1673 = VECTOR ( 'NONE', #603, 1000.000000000000000 ) ;
#1674 = ORIENTED_EDGE ( 'NONE', *, *, #1099, .F. ) ;
#1675 = PLANE ( 'NONE',  #1396 ) ;
#1676 = DIRECTION ( 'NONE',  ( 0.000000000000000000, -1.000000000000000000, 0.000000000000000000 ) ) ;
#1677 = ADVANCED_FACE ( 'NONE', ( #322 ), #2065, .F. ) ;
#1678 = VERTEX_POINT ( 'NONE', #721 ) ;
#1679 = VERTEX_POINT ( 'NONE', #2516 ) ;
#1680 = DIRECTION ( 'NONE',  ( -1.000000000000000000, 0.000000000000000000, 0.000000000000000000 ) ) ;
#1681 = CARTESIAN_POINT ( 'NONE',  ( 3.634999999999999343, 2.349999999999999201, -1.019999999999999796 ) ) ;
#1682 = ORIENTED_EDGE ( 'NONE', *, *, #1148, .F. ) ;
#1683 = VECTOR ( 'NONE', #1648, 1000.000000000000000 ) ;
#1684 = VECTOR ( 'NONE', #2455, 1000.000000000000000 ) ;
#1685 = CARTESIAN_POINT ( 'NONE',  ( -3.634999999999998899, -4.336808689942017736E-16, 1.520000000000000240 ) ) ;
#1686 = ORIENTED_EDGE ( 'NONE', *, *, #937, .T. ) ;
#1687 = ORIENTED_EDGE ( 'NONE', *, *, #206, .F. ) ;
#1688 = CARTESIAN_POINT ( 'NONE',  ( -2.947837205389858717, 0.2500000000000006661, 2.290000000000001812 ) ) ;
#1689 = CARTESIAN_POINT ( 'NONE',  ( -3.685000000000000053, 0.4749999999999993672, 0.5450000000000003730 ) ) ;
#1690 = ORIENTED_EDGE ( 'NONE', *, *, #1427, .F. ) ;
#1691 = FACE_OUTER_BOUND ( 'NONE', #873, .T. ) ;
#1692 = MECHANICAL_DESIGN_GEOMETRIC_PRESENTATION_REPRESENTATION (  '', ( #1438 ), #685 ) ;
#1693 = DIRECTION ( 'NONE',  ( -0.000000000000000000, 1.000000000000000000, 0.000000000000000000 ) ) ;
#1694 = ORIENTED_EDGE ( 'NONE', *, *, #1555, .T. ) ;
#1695 = EDGE_LOOP ( 'NONE', ( #1520, #241, #229, #91 ) ) ;
#1696 = CARTESIAN_POINT ( 'NONE',  ( -3.634999999999999343, 2.649999999999999467, -1.500575874220467343 ) ) ;
#1697 = FACE_OUTER_BOUND ( 'NONE', #2511, .T. ) ;
#1698 = ADVANCED_FACE ( 'NONE', ( #2301 ), #2084, .F. ) ;
#1699 = EDGE_CURVE ( 'NONE', #1662, #445, #1941, .T. ) ;
#1700 = EDGE_CURVE ( 'NONE', #1038, #1043, #1645, .T. ) ;
#1701 = LINE ( 'NONE', #2575, #2677 ) ;
#1702 = EDGE_CURVE ( 'NONE', #121, #1937, #2784, .T. ) ;
#1703 = VERTEX_POINT ( 'NONE', #161 ) ;
#1704 = ORIENTED_EDGE ( 'NONE', *, *, #2147, .F. ) ;
#1705 = AXIS2_PLACEMENT_3D ( 'NONE', #2554, #2752, #2297 ) ;
#1706 = ORIENTED_EDGE ( 'NONE', *, *, #861, .F. ) ;
#1707 = DIRECTION ( 'NONE',  ( 0.000000000000000000, 0.000000000000000000, -1.000000000000000000 ) ) ;
#1708 = DIRECTION ( 'NONE',  ( 1.000000000000000000, -0.000000000000000000, -3.336006684570783594E-16 ) ) ;
#1709 = ORIENTED_EDGE ( 'NONE', *, *, #1767, .T. ) ;
#1710 = ORIENTED_EDGE ( 'NONE', *, *, #1699, .T. ) ;
#1711 = PLANE ( 'NONE',  #938 ) ;
#1712 = PRESENTATION_STYLE_ASSIGNMENT (( #1514 ) ) ;
#1713 = VECTOR ( 'NONE', #2237, 1000.000000000000114 ) ;
#1714 = EDGE_CURVE ( 'NONE', #21, #940, #1910, .T. ) ;
#1715 = CARTESIAN_POINT ( 'NONE',  ( -3.685000000000000053, -3.810000000000000053, -1.019999999999999796 ) ) ;
#1716 = VERTEX_POINT ( 'NONE', #594 ) ;
#1717 = DIRECTION ( 'NONE',  ( 0.000000000000000000, -1.000000000000000000, 0.000000000000000000 ) ) ;
#1718 = EDGE_LOOP ( 'NONE', ( #16, #2322, #1500, #357 ) ) ;
#1719 = CARTESIAN_POINT ( 'NONE',  ( 3.935000000000001830, 1.933132337141316937, 0.000000000000000000 ) ) ;
#1720 = CARTESIAN_POINT ( 'NONE',  ( 3.685000000000000053, -5.636436893075692057E-16, 0.5450000000000003730 ) ) ;
#1721 = VERTEX_POINT ( 'NONE', #1293 ) ;
#1722 = ORIENTED_EDGE ( 'NONE', *, *, #760, .T. ) ;
#1723 = PLANE ( 'NONE',  #1805 ) ;
#1724 = CARTESIAN_POINT ( 'NONE',  ( 3.250000000000000888, 2.649999999999999467, -1.019999999999999796 ) ) ;
#1725 = LINE ( 'NONE', #424, #528 ) ;
#1726 = ADVANCED_FACE ( 'NONE', ( #1697 ), #178, .T. ) ;
#1727 = ORIENTED_EDGE ( 'NONE', *, *, #1341, .F. ) ;
#1728 = LINE ( 'NONE', #2609, #2067 ) ;
#1729 = AXIS2_PLACEMENT_3D ( 'NONE', #1815, #2687, #2079 ) ;
#1730 = VERTEX_POINT ( 'NONE', #581 ) ;
#1731 = ORIENTED_EDGE ( 'NONE', *, *, #1009, .F. ) ;
#1732 = CARTESIAN_POINT ( 'NONE',  ( 3.685000000000000053, -5.636436893075692057E-16, 1.995000000000000329 ) ) ;
#1733 = CARTESIAN_POINT ( 'NONE',  ( 3.935000000000000053, 2.349999999999999201, -1.019999999999999796 ) ) ;
#1734 = ADVANCED_FACE ( 'NONE', ( #2603 ), #2573, .F. ) ;
#1735 = ORIENTED_EDGE ( 'NONE', *, *, #806, .F. ) ;
#1736 = ORIENTED_EDGE ( 'NONE', *, *, #1342, .F. ) ;
#1737 = DIRECTION ( 'NONE',  ( -0.000000000000000000, 0.9063077870366492705, 0.4226182617407008846 ) ) ;
#1738 = CARTESIAN_POINT ( 'NONE',  ( 3.685000000000000053, 1.297663615529469405, 3.776742659201050234 ) ) ;
#1739 = PLANE ( 'NONE',  #745 ) ;
#1740 = ORIENTED_EDGE ( 'NONE', *, *, #656, .F. ) ;
#1741 = LINE ( 'NONE', #2409, #1569 ) ;
#1742 = CARTESIAN_POINT ( 'NONE',  ( -3.250000000000000888, 2.649999999999999467, 1.520000000000000240 ) ) ;
#1743 = ORIENTED_EDGE ( 'NONE', *, *, #1273, .T. ) ;
#1744 = DIRECTION ( 'NONE',  ( 0.000000000000000000, -0.7071067811865476838, 0.7071067811865474617 ) ) ;
#1745 = PLANE ( 'NONE',  #1791 ) ;
#1746 = MANIFOLD_SOLID_BREP ( 'Cut-Extrude2', #2036 ) ;
#1747 = EDGE_LOOP ( 'NONE', ( #2827, #1647, #2328, #510 ) ) ;
#1748 = VERTEX_POINT ( 'NONE', #2346 ) ;
#1749 = VECTOR ( 'NONE', #1661, 1000.000000000000000 ) ;
#1750 = DIRECTION ( 'NONE',  ( -1.000000000000000000, 0.000000000000000000, 0.000000000000000000 ) ) ;
#1751 = DIRECTION ( 'NONE',  ( 0.000000000000000000, 1.000000000000000000, 0.000000000000000000 ) ) ;
#1752 = LINE ( 'NONE', #709, #202 ) ;
#1753 = AXIS2_PLACEMENT_3D ( 'NONE', #1476, #797, #2152 ) ;
#1754 = DIRECTION ( 'NONE',  ( 1.000000000000000000, -1.836970198721034371E-16, 0.000000000000000000 ) ) ;
#1755 = ADVANCED_FACE ( 'NONE', ( #1059 ), #383, .F. ) ;
#1756 = CARTESIAN_POINT ( 'NONE',  ( 3.935000000000000053, 2.349999999999999201, -1.994999999999999885 ) ) ;
#1757 = CARTESIAN_POINT ( 'NONE',  ( 3.934999999999999165, 0.4749999999999999223, 1.995000000000000329 ) ) ;
#1758 = MANIFOLD_SOLID_BREP ( 'Cut-Extrude1[4]', #795 ) ;
#1759 = ORIENTED_EDGE ( 'NONE', *, *, #183, .T. ) ;
#1760 = VECTOR ( 'NONE', #852, 1000.000000000000000 ) ;
#1761 = ORIENTED_EDGE ( 'NONE', *, *, #119, .F. ) ;
#1762 = DIRECTION ( 'NONE',  ( -1.000000000000000000, 0.000000000000000000, 0.000000000000000000 ) ) ;
#1763 = VECTOR ( 'NONE', #1467, 1000.000000000000000 ) ;
#1764 = MANIFOLD_SOLID_BREP ( 'Boss-Extrude6', #2176 ) ;
#1765 = DIRECTION ( 'NONE',  ( 0.000000000000000000, -1.000000000000000000, -0.000000000000000000 ) ) ;
#1766 = FACE_OUTER_BOUND ( 'NONE', #2242, .T. ) ;
#1767 = EDGE_CURVE ( 'NONE', #1929, #2056, #835, .T. ) ;
#1768 = APPLICATION_PROTOCOL_DEFINITION ( 'draft international standard', 'automotive_design', 1998, #2093 ) ;
#1769 = DIRECTION ( 'NONE',  ( -1.408054769461694435E-16, -1.000000000000000000, 0.000000000000000000 ) ) ;
#1770 = VERTEX_POINT ( 'NONE', #1336 ) ;
#1771 = CARTESIAN_POINT ( 'NONE',  ( 3.634999999999999343, 2.399999999999999467, 0.5450000000000003730 ) ) ;
#1772 = DIRECTION ( 'NONE',  ( 0.000000000000000000, -1.000000000000000000, 0.000000000000000000 ) ) ;
#1773 = ORIENTED_EDGE ( 'NONE', *, *, #1311, .F. ) ;
#1774 = VECTOR ( 'NONE', #2492, 1000.000000000000000 ) ;
#1775 = ORIENTED_EDGE ( 'NONE', *, *, #1498, .F. ) ;
#1776 = CARTESIAN_POINT ( 'NONE',  ( -3.685000000000000053, -5.636436893075692057E-16, -0.5449999999999999289 ) ) ;
#1777 = LINE ( 'NONE', #2231, #2101 ) ;
#1778 = EDGE_CURVE ( 'NONE', #1037, #445, #1094, .T. ) ;
#1779 = DIRECTION ( 'NONE',  ( 0.000000000000000000, 1.000000000000000000, 0.000000000000000000 ) ) ;
#1780 = DIRECTION ( 'NONE',  ( -5.681408764116177185E-16, 0.000000000000000000, -1.000000000000000000 ) ) ;
#1781 = ADVANCED_FACE ( 'NONE', ( #1554 ), #9, .F. ) ;
#1782 = ADVANCED_FACE ( 'NONE', ( #1077 ), #2447, .F. ) ;
#1783 = CARTESIAN_POINT ( 'NONE',  ( 3.634999999999999343, 2.349999999999999201, -1.994999999999999885 ) ) ;
#1784 = CARTESIAN_POINT ( 'NONE',  ( -3.935000000000000053, 1.933132337141317159, 1.995000000000000329 ) ) ;
#1785 = CARTESIAN_POINT ( 'NONE',  ( 3.634999999999999343, 2.349999999999999201, -1.019999999999999796 ) ) ;
#1786 = CARTESIAN_POINT ( 'NONE',  ( -3.935000000000000053, 2.349999999999999201, -1.994999999999999885 ) ) ;
#1787 = VERTEX_POINT ( 'NONE', #250 ) ;
#1788 = EDGE_CURVE ( 'NONE', #862, #941, #2829, .T. ) ;
#1789 = ORIENTED_EDGE ( 'NONE', *, *, #1788, .F. ) ;
#1790 =( NAMED_UNIT ( * ) PLANE_ANGLE_UNIT ( ) SI_UNIT ( $, .RADIAN. ) );
#1791 = AXIS2_PLACEMENT_3D ( 'NONE', #2413, #2794, #632 ) ;
#1792 = CARTESIAN_POINT ( 'NONE',  ( -2.463473639742200572, 4.799999999999998934, -1.224843398168362629 ) ) ;
#1793 = CARTESIAN_POINT ( 'NONE',  ( 3.935000000000001830, -0.2419291598615345429, 0.5188187575961220599 ) ) ;
#1794 = DIRECTION ( 'NONE',  ( 0.000000000000000000, 0.7071067811865474617, -0.7071067811865474617 ) ) ;
#1795 = EDGE_LOOP ( 'NONE', ( #303, #2782, #536, #2035 ) ) ;
#1796 = DIRECTION ( 'NONE',  ( -1.000000000000000000, -1.836970198721034371E-16, 0.000000000000000000 ) ) ;
#1797 = DIRECTION ( 'NONE',  ( -0.000000000000000000, 1.000000000000000000, 0.000000000000000000 ) ) ;
#1798 = CIRCLE ( 'NONE', #1533, 0.3000000000000007661 ) ;
#1799 = FACE_OUTER_BOUND ( 'NONE', #92, .T. ) ;
#1800 = ORIENTED_EDGE ( 'NONE', *, *, #2543, .T. ) ;
#1801 = AXIS2_PLACEMENT_3D ( 'NONE', #2285, #2769, #2112 ) ;
#1802 = DIRECTION ( 'NONE',  ( 0.000000000000000000, -0.000000000000000000, -1.000000000000000000 ) ) ;
#1803 = PRESENTATION_STYLE_ASSIGNMENT (( #708 ) ) ;
#1804 = DIRECTION ( 'NONE',  ( 0.000000000000000000, -0.7071067811865474617, 0.7071067811865476838 ) ) ;
#1805 = AXIS2_PLACEMENT_3D ( 'NONE', #1058, #1939, #676 ) ;
#1806 = CARTESIAN_POINT ( 'NONE',  ( 3.935000000000001830, 0.000000000000000000, 1.520000000000000240 ) ) ;
#1807 = ORIENTED_EDGE ( 'NONE', *, *, #249, .T. ) ;
#1808 = ORIENTED_EDGE ( 'NONE', *, *, #633, .F. ) ;
#1809 = CARTESIAN_POINT ( 'NONE',  ( 3.634999999999999343, 2.649999999999999467, -0.5449999999999999289 ) ) ;
#1810 = DIRECTION ( 'NONE',  ( 0.000000000000000000, 0.9063077870366492705, -0.4226182617407008846 ) ) ;
#1811 = DIRECTION ( 'NONE',  ( -0.000000000000000000, 0.7071067811865474617, 0.7071067811865474617 ) ) ;
#1812 = EDGE_CURVE ( 'NONE', #420, #846, #1972, .T. ) ;
#1813 = EDGE_LOOP ( 'NONE', ( #2151, #1933, #2169, #2778 ) ) ;
#1814 = ADVANCED_FACE ( 'NONE', ( #2218 ), #880, .F. ) ;
#1815 = CARTESIAN_POINT ( 'NONE',  ( 3.935000000000001830, -0.7600000000000001199, 0.7600000000000001199 ) ) ;
#1816 = VECTOR ( 'NONE', #2227, 1000.000000000000000 ) ;
#1817 = AXIS2_PLACEMENT_3D ( 'NONE', #1642, #1414, #78 ) ;
#1818 = EDGE_CURVE ( 'NONE', #516, #1679, #649, .T. ) ;
#1819 = CARTESIAN_POINT ( 'NONE',  ( 3.685000000000000053, 1.106152504749720933, -3.687439561622690931 ) ) ;
#1820 = FACE_OUTER_BOUND ( 'NONE', #199, .T. ) ;
#1821 = LINE ( 'NONE', #2665, #1065 ) ;
#1822 = CARTESIAN_POINT ( 'NONE',  ( 3.685000000000000053, -3.810000000000000053, -1.394999999999999574 ) ) ;
#1823 = CARTESIAN_POINT ( 'NONE',  ( 3.634999999999999343, 2.399999999999999467, 1.520000000000000240 ) ) ;
#1824 = CARTESIAN_POINT ( 'NONE',  ( 3.685000000000000053, -5.636436893075692057E-16, -0.5449999999999999289 ) ) ;
#1825 = ORIENTED_EDGE ( 'NONE', *, *, #2063, .F. ) ;
#1826 = ADVANCED_FACE ( 'NONE', ( #451 ), #235, .T. ) ;
#1827 = CARTESIAN_POINT ( 'NONE',  ( -3.250000000000000888, 2.399999999999999467, -2.290000000000001368 ) ) ;
#1828 = PLANE ( 'NONE',  #2364 ) ;
#1829 = DIRECTION ( 'NONE',  ( -1.000000000000000000, -0.000000000000000000, 3.336006684570783101E-16 ) ) ;
#1830 = VECTOR ( 'NONE', #1215, 1000.000000000000000 ) ;
#1831 = VECTOR ( 'NONE', #1916, 1000.000000000000114 ) ;
#1832 = CARTESIAN_POINT ( 'NONE',  ( -3.634999999999999343, 2.399999999999999467, 1.520000000000000240 ) ) ;
#1833 = VERTEX_POINT ( 'NONE', #908 ) ;
#1834 = ORIENTED_EDGE ( 'NONE', *, *, #2257, .F. ) ;
#1835 = ORIENTED_EDGE ( 'NONE', *, *, #1863, .T. ) ;
#1836 = CARTESIAN_POINT ( 'NONE',  ( 3.935000000000001830, 0.5099999999999996758, -0.5099999999999995648 ) ) ;
#1837 = DIRECTION ( 'NONE',  ( -0.000000000000000000, 1.000000000000000000, 0.000000000000000000 ) ) ;
#1838 = DIRECTION ( 'NONE',  ( -0.9902680687415703620, -0.1391731009600657432, 0.000000000000000000 ) ) ;
#1839 = VECTOR ( 'NONE', #355, 1000.000000000000000 ) ;
#1840 = ORIENTED_EDGE ( 'NONE', *, *, #169, .T. ) ;
#1841 = DIRECTION ( 'NONE',  ( 0.000000000000000000, 0.000000000000000000, -1.000000000000000000 ) ) ;
#1842 = CARTESIAN_POINT ( 'NONE',  ( 3.250000000000000888, 2.649999999999999467, -1.500575874220467343 ) ) ;
#1843 = EDGE_CURVE ( 'NONE', #312, #1716, #1777, .T. ) ;
#1844 = VECTOR ( 'NONE', #2522, 1000.000000000000000 ) ;
#1845 = LINE ( 'NONE', #803, #574 ) ;
#1846 =( LENGTH_UNIT ( ) NAMED_UNIT ( * ) SI_UNIT ( .MILLI., .METRE. ) );
#1847 = VECTOR ( 'NONE', #440, 1000.000000000000000 ) ;
#1848 = EDGE_CURVE ( 'NONE', #1716, #2789, #305, .T. ) ;
#1849 = CARTESIAN_POINT ( 'NONE',  ( 3.634999999999998899, -4.336808689942017736E-16, -1.519999999999999796 ) ) ;
#1850 = ORIENTED_EDGE ( 'NONE', *, *, #1788, .T. ) ;
#1851 = ORIENTED_EDGE ( 'NONE', *, *, #2248, .T. ) ;
#1852 = ORIENTED_EDGE ( 'NONE', *, *, #1410, .F. ) ;
#1853 = DIRECTION ( 'NONE',  ( -0.000000000000000000, 1.000000000000000000, 0.000000000000000000 ) ) ;
#1854 = DIRECTION ( 'NONE',  ( -0.000000000000000000, 0.000000000000000000, 1.000000000000000000 ) ) ;
#1855 = DIRECTION ( 'NONE',  ( 0.000000000000000000, 1.000000000000000000, -0.000000000000000000 ) ) ;
#1856 = ORIENTED_EDGE ( 'NONE', *, *, #44, .T. ) ;
#1857 = LINE ( 'NONE', #348, #588 ) ;
#1858 = DIRECTION ( 'NONE',  ( -1.000000000000000000, 0.000000000000000000, 0.000000000000000000 ) ) ;
#1859 = DIRECTION ( 'NONE',  ( -0.000000000000000000, 0.9063077870366492705, 0.4226182617407008846 ) ) ;
#1860 = FILL_AREA_STYLE_COLOUR ( '', #2678 ) ;
#1861 = AXIS2_PLACEMENT_3D ( 'NONE', #731, #1802, #505 ) ;
#1862 = EDGE_CURVE ( 'NONE', #2814, #905, #1387, .T. ) ;
#1863 = EDGE_CURVE ( 'NONE', #698, #1042, #116, .T. ) ;
#1864 = CARTESIAN_POINT ( 'NONE',  ( 3.934999999999999165, -6.095679442755949849E-16, 1.020000000000000240 ) ) ;
#1865 = ORIENTED_EDGE ( 'NONE', *, *, #564, .T. ) ;
#1866 = EDGE_LOOP ( 'NONE', ( #212, #2595, #994, #2622, #184, #2317, #1133, #1704, #2337, #2267, #1480, #1800 ) ) ;
#1867 = CARTESIAN_POINT ( 'NONE',  ( -3.685000000000000053, -4.336808689942017736E-16, 1.020000000000000240 ) ) ;
#1868 = DIRECTION ( 'NONE',  ( -3.303540896838879411E-16, -0.1391731009600657432, -0.9902680687415703620 ) ) ;
#1869 = CARTESIAN_POINT ( 'NONE',  ( -3.250000000000000888, 2.399999999999999467, 2.290000000000001812 ) ) ;
#1870 = COLOUR_RGB ( '',0.7921568627450980005, 0.8196078431372548767, 0.9333333333333333481 ) ;
#1871 = ADVANCED_FACE ( 'NONE', ( #1649 ), #959, .T. ) ;
#1872 = EDGE_LOOP ( 'NONE', ( #405, #376 ) ) ;
#1873 = LINE ( 'NONE', #333, #2049 ) ;
#1874 = ORIENTED_EDGE ( 'NONE', *, *, #1279, .T. ) ;
#1875 = EDGE_CURVE ( 'NONE', #2724, #537, #1406, .T. ) ;
#1876 = CARTESIAN_POINT ( 'NONE',  ( 3.935000000000001830, -3.810000000000017817, -1.144999999999999352 ) ) ;
#1877 = FILL_AREA_STYLE ('',( #2129 ) ) ;
#1878 = ADVANCED_FACE ( 'NONE', ( #2038 ), #1191, .T. ) ;
#1879 = ORIENTED_EDGE ( 'NONE', *, *, #1451, .F. ) ;
#1880 = CARTESIAN_POINT ( 'NONE',  ( -3.250000000000000888, 2.399999999999999467, -0.5449999999999999289 ) ) ;
#1881 = VECTOR ( 'NONE', #2183, 1000.000000000000000 ) ;
#1882 = ORIENTED_EDGE ( 'NONE', *, *, #577, .T. ) ;
#1883 = FACE_OUTER_BOUND ( 'NONE', #1747, .T. ) ;
#1884 = PLANE ( 'NONE',  #2532 ) ;
#1885 = EDGE_CURVE ( 'NONE', #1525, #857, #971, .T. ) ;
#1886 = VERTEX_POINT ( 'NONE', #742 ) ;
#1887 = DIRECTION ( 'NONE',  ( -0.000000000000000000, 0.000000000000000000, 1.000000000000000000 ) ) ;
#1888 = DIRECTION ( 'NONE',  ( 0.000000000000000000, 0.4226182617407008846, 0.9063077870366492705 ) ) ;
#1889 = ORIENTED_EDGE ( 'NONE', *, *, #2135, .T. ) ;
#1890 = DIRECTION ( 'NONE',  ( 0.1378445374916288380, -0.9808148484639890308, -0.1378445374916289767 ) ) ;
#1891 =( LENGTH_UNIT ( ) NAMED_UNIT ( * ) SI_UNIT ( .MILLI., .METRE. ) );
#1892 = AXIS2_PLACEMENT_3D ( 'NONE', #780, #151, #1241 ) ;
#1893 = CLOSED_SHELL ( 'NONE', ( #1502, #506, #1755, #1404, #1224, #1132, #682, #47, #2660, #2811, #62, #2419, #328, #1064, #2510, #2423, #1997, #2292 ) ) ;
#1894 = CIRCLE ( 'NONE', #2408, 0.05000000000000056483 ) ;
#1895 = VECTOR ( 'NONE', #194, 1000.000000000000000 ) ;
#1896 = DIRECTION ( 'NONE',  ( -1.000000000000000000, -1.836970198721034371E-16, 0.000000000000000000 ) ) ;
#1897 = ORIENTED_EDGE ( 'NONE', *, *, #1862, .T. ) ;
#1898 = LINE ( 'NONE', #1688, #891 ) ;
#1899 = CARTESIAN_POINT ( 'NONE',  ( 3.250000000000000888, 2.399999999999999467, 1.520000000000000240 ) ) ;
#1900 = VECTOR ( 'NONE', #631, 1000.000000000000000 ) ;
#1901 = ORIENTED_EDGE ( 'NONE', *, *, #1078, .F. ) ;
#1902 = ADVANCED_FACE ( 'NONE', ( #1160 ), #320, .T. ) ;
#1903 = CARTESIAN_POINT ( 'NONE',  ( 3.935000000000001830, 2.349999999999999201, 1.500575874220467343 ) ) ;
#1904 = DIRECTION ( 'NONE',  ( 0.000000000000000000, -0.000000000000000000, -1.000000000000000000 ) ) ;
#1905 = ADVANCED_FACE ( 'NONE', ( #2283 ), #1605, .F. ) ;
#1906 = EDGE_CURVE ( 'NONE', #1426, #1100, #456, .T. ) ;
#1907 = ORIENTED_EDGE ( 'NONE', *, *, #625, .F. ) ;
#1908 = ORIENTED_EDGE ( 'NONE', *, *, #1259, .T. ) ;
#1909 = DIRECTION ( 'NONE',  ( -0.000000000000000000, 0.000000000000000000, 1.000000000000000000 ) ) ;
#1910 = LINE ( 'NONE', #2817, #2 ) ;
#1911 = EDGE_CURVE ( 'NONE', #107, #800, #1617, .T. ) ;
#1912 = CIRCLE ( 'NONE', #1705, 0.05000000000000056483 ) ;
#1913 = VECTOR ( 'NONE', #551, 1000.000000000000000 ) ;
#1914 = LINE ( 'NONE', #1685, #1434 ) ;
#1915 = ORIENTED_EDGE ( 'NONE', *, *, #2336, .T. ) ;
#1916 = DIRECTION ( 'NONE',  ( 0.000000000000000000, 0.7071067811865474617, -0.7071067811865474617 ) ) ;
#1917 = ORIENTED_EDGE ( 'NONE', *, *, #1638, .T. ) ;
#1918 = ORIENTED_EDGE ( 'NONE', *, *, #686, .T. ) ;
#1919 = CARTESIAN_POINT ( 'NONE',  ( 3.250000000000000888, 2.649999999999999467, 1.520000000000000240 ) ) ;
#1920 =( GEOMETRIC_REPRESENTATION_CONTEXT ( 3 ) GLOBAL_UNCERTAINTY_ASSIGNED_CONTEXT ( ( #851 ) ) GLOBAL_UNIT_ASSIGNED_CONTEXT ( ( #1891, #2358, #397 ) ) REPRESENTATION_CONTEXT ( 'NONE', 'WORKASPACE' ) );
#1921 = FACE_OUTER_BOUND ( 'NONE', #2610, .T. ) ;
#1922 = EDGE_CURVE ( 'NONE', #2321, #232, #100, .T. ) ;
#1923 = ORIENTED_EDGE ( 'NONE', *, *, #2535, .T. ) ;
#1924 = ORIENTED_EDGE ( 'NONE', *, *, #1843, .T. ) ;
#1925 = CARTESIAN_POINT ( 'NONE',  ( -3.935000000000000053, 2.349999999999999201, -0.5449999999999999289 ) ) ;
#1926 = SURFACE_STYLE_FILL_AREA ( #1877 ) ;
#1927 = CARTESIAN_POINT ( 'NONE',  ( -3.935000000000000053, 1.933132337141316937, 1.500575874220467343 ) ) ;
#1928 = CARTESIAN_POINT ( 'NONE',  ( 3.935000000000000053, 1.933132337141317159, -1.994999999999999885 ) ) ;
#1929 = VERTEX_POINT ( 'NONE', #2048 ) ;
#1930 = CARTESIAN_POINT ( 'NONE',  ( 3.935000000000000053, 2.349999999999999201, -1.519999999999999796 ) ) ;
#1931 = ORIENTED_EDGE ( 'NONE', *, *, #861, .T. ) ;
#1932 = AXIS2_PLACEMENT_3D ( 'NONE', #157, #1028, #2139 ) ;
#1933 = ORIENTED_EDGE ( 'NONE', *, *, #477, .F. ) ;
#1934 = DIRECTION ( 'NONE',  ( -1.000000000000000000, 0.000000000000000000, 0.000000000000000000 ) ) ;
#1935 = FACE_OUTER_BOUND ( 'NONE', #892, .T. ) ;
#1936 = MECHANICAL_DESIGN_GEOMETRIC_PRESENTATION_REPRESENTATION (  '', ( #2216 ), #2304 ) ;
#1937 = VERTEX_POINT ( 'NONE', #1842 ) ;
#1938 = EDGE_LOOP ( 'NONE', ( #1266, #2156, #20, #366 ) ) ;
#1939 = DIRECTION ( 'NONE',  ( 0.000000000000000000, 0.4226182617407008846, 0.9063077870366492705 ) ) ;
#1940 = EDGE_CURVE ( 'NONE', #168, #2344, #2726, .T. ) ;
#1941 = LINE ( 'NONE', #1468, #1597 ) ;
#1942 = VECTOR ( 'NONE', #1019, 1000.000000000000000 ) ;
#1943 = LINE ( 'NONE', #1715, #1257 ) ;
#1944 = AXIS2_PLACEMENT_3D ( 'NONE', #1344, #255, #1126 ) ;
#1945 = VERTEX_POINT ( 'NONE', #2739 ) ;
#1946 = EDGE_CURVE ( 'NONE', #66, #1333, #2244, .T. ) ;
#1947 = LINE ( 'NONE', #2146, #384 ) ;
#1948 = DIRECTION ( 'NONE',  ( 0.000000000000000000, -1.000000000000000000, 0.000000000000000000 ) ) ;
#1949 = ORIENTED_EDGE ( 'NONE', *, *, #2711, .T. ) ;
#1950 = CARTESIAN_POINT ( 'NONE',  ( 3.935000000000001830, -3.810000000000000053, 1.145000000000000240 ) ) ;
#1951 = CARTESIAN_POINT ( 'NONE',  ( -3.685000000000000053, 2.349999999999999201, -1.019999999999999796 ) ) ;
#1952 = VECTOR ( 'NONE', #2165, 1000.000000000000000 ) ;
#1953 = VECTOR ( 'NONE', #2042, 1000.000000000000000 ) ;
#1954 = ORIENTED_EDGE ( 'NONE', *, *, #260, .T. ) ;
#1955 = ORIENTED_EDGE ( 'NONE', *, *, #2798, .T. ) ;
#1956 = PLANE ( 'NONE',  #2686 ) ;
#1957 = DIRECTION ( 'NONE',  ( -1.000000000000000000, 0.000000000000000000, 0.000000000000000000 ) ) ;
#1958 = CARTESIAN_POINT ( 'NONE',  ( 3.935000000000001830, 0.4749999999999993672, 0.5450000000000003730 ) ) ;
#1959 = LINE ( 'NONE', #2564, #979 ) ;
#1960 = EDGE_CURVE ( 'NONE', #1679, #1937, #1633, .T. ) ;
#1961 = ORIENTED_EDGE ( 'NONE', *, *, #119, .T. ) ;
#1962 = PRESENTATION_STYLE_ASSIGNMENT (( #601 ) ) ;
#1963 = VECTOR ( 'NONE', #2456, 1000.000000000000000 ) ;
#1964 = VECTOR ( 'NONE', #700, 1000.000000000000000 ) ;
#1965 = CARTESIAN_POINT ( 'NONE',  ( -1.733810164611978788, 4.799999999999998934, -1.224843398168362629 ) ) ;
#1966 = ORIENTED_EDGE ( 'NONE', *, *, #799, .T. ) ;
#1967 = CARTESIAN_POINT ( 'NONE',  ( 3.935000000000001830, 1.933132337141316937, -1.994999999999999440 ) ) ;
#1968 = FACE_OUTER_BOUND ( 'NONE', #2534, .T. ) ;
#1969 = EDGE_LOOP ( 'NONE', ( #308, #77, #2243, #150 ) ) ;
#1970 = ORIENTED_EDGE ( 'NONE', *, *, #1451, .T. ) ;
#1971 = CARTESIAN_POINT ( 'NONE',  ( 3.685000000000000053, 2.349999999999999201, 1.500575874220467343 ) ) ;
#1972 = LINE ( 'NONE', #1135, #863 ) ;
#1973 = CARTESIAN_POINT ( 'NONE',  ( -3.935000000000000053, 1.933132337141316937, 0.000000000000000000 ) ) ;
#1974 = FACE_OUTER_BOUND ( 'NONE', #2791, .T. ) ;
#1975 = ORIENTED_EDGE ( 'NONE', *, *, #1714, .F. ) ;
#1976 = FACE_OUTER_BOUND ( 'NONE', #2585, .T. ) ;
#1977 = DIRECTION ( 'NONE',  ( -0.000000000000000000, 0.7071067811865474617, 0.7071067811865476838 ) ) ;
#1978 = ADVANCED_FACE ( 'NONE', ( #334 ), #1207, .F. ) ;
#1979 = DIRECTION ( 'NONE',  ( 0.000000000000000000, -1.000000000000000000, -0.000000000000000000 ) ) ;
#1980 = AXIS2_PLACEMENT_3D ( 'NONE', #2382, #418, #2166 ) ;
#1981 = ORIENTED_EDGE ( 'NONE', *, *, #1105, .T. ) ;
#1982 = VERTEX_POINT ( 'NONE', #1365 ) ;
#1983 = VECTOR ( 'NONE', #2807, 1000.000000000000000 ) ;
#1984 = FACE_OUTER_BOUND ( 'NONE', #1255, .T. ) ;
#1985 = DIRECTION ( 'NONE',  ( -0.000000000000000000, 0.7071067811865474617, 0.7071067811865476838 ) ) ;
#1986 = LINE ( 'NONE', #1958, #2639 ) ;
#1987 = DIRECTION ( 'NONE',  ( 0.000000000000000000, -1.000000000000000000, 0.000000000000000000 ) ) ;
#1988 = FILL_AREA_STYLE ('',( #2005 ) ) ;
#1989 = VECTOR ( 'NONE', #1355, 1000.000000000000000 ) ;
#1990 = FACE_OUTER_BOUND ( 'NONE', #782, .T. ) ;
#1991 = CARTESIAN_POINT ( 'NONE',  ( -1.733810164611978788, 4.799999999999998934, -1.224843398168362629 ) ) ;
#1992 = DIRECTION ( 'NONE',  ( -1.000000000000000000, 0.000000000000000000, 0.000000000000000000 ) ) ;
#1993 = EDGE_CURVE ( 'NONE', #2667, #2630, #278, .T. ) ;
#1994 = ORIENTED_EDGE ( 'NONE', *, *, #678, .F. ) ;
#1995 = VECTOR ( 'NONE', #209, 1000.000000000000000 ) ;
#1996 = EDGE_CURVE ( 'NONE', #388, #640, #559, .T. ) ;
#1997 = ADVANCED_FACE ( 'NONE', ( #349 ), #2238, .T. ) ;
#1998 = ORIENTED_EDGE ( 'NONE', *, *, #1009, .T. ) ;
#1999 = CARTESIAN_POINT ( 'NONE',  ( -2.463473639742200572, 4.699999999999998401, -1.224843398168362629 ) ) ;
#2000 = DIRECTION ( 'NONE',  ( -0.000000000000000000, 0.000000000000000000, 1.000000000000000000 ) ) ;
#2001 = VECTOR ( 'NONE', #2083, 1000.000000000000000 ) ;
#2002 = LINE ( 'NONE', #910, #1124 ) ;
#2003 = DIRECTION ( 'NONE',  ( 0.000000000000000000, -0.4226182617407008846, 0.9063077870366492705 ) ) ;
#2004 = EDGE_CURVE ( 'NONE', #1092, #41, #1040, .T. ) ;
#2005 = FILL_AREA_STYLE_COLOUR ( '', #336 ) ;
#2006 = EDGE_CURVE ( 'NONE', #661, #550, #1130, .T. ) ;
#2007 = FACE_OUTER_BOUND ( 'NONE', #1535, .T. ) ;
#2008 = CARTESIAN_POINT ( 'NONE',  ( -3.250000000000000888, 2.399999999999999467, 0.5450000000000003730 ) ) ;
#2009 = CARTESIAN_POINT ( 'NONE',  ( 3.935000000000001830, -0.2419291598615311567, -0.5188187575961147324 ) ) ;
#2010 = DIRECTION ( 'NONE',  ( 0.000000000000000000, 0.000000000000000000, -1.000000000000000000 ) ) ;
#2011 = ORIENTED_EDGE ( 'NONE', *, *, #1996, .F. ) ;
#2012 = ORIENTED_EDGE ( 'NONE', *, *, #2159, .F. ) ;
#2013 = DIRECTION ( 'NONE',  ( 0.000000000000000000, -0.000000000000000000, -1.000000000000000000 ) ) ;
#2014 = DIRECTION ( 'NONE',  ( 1.000000000000000000, 0.000000000000000000, 0.000000000000000000 ) ) ;
#2015 = CARTESIAN_POINT ( 'NONE',  ( -3.634999999999999343, 2.399999999999999467, 0.5450000000000003730 ) ) ;
#2016 = AXIS2_PLACEMENT_3D ( 'NONE', #991, #1596, #849 ) ;
#2017 = PLANE ( 'NONE',  #921 ) ;
#2018 = DIRECTION ( 'NONE',  ( -1.408054769461694435E-16, -1.000000000000000000, 0.000000000000000000 ) ) ;
#2019 = CARTESIAN_POINT ( 'NONE',  ( 3.685000000000000053, -3.810000000000000053, -1.019999999999999796 ) ) ;
#2020 = DIRECTION ( 'NONE',  ( -0.000000000000000000, 1.000000000000000000, 0.000000000000000000 ) ) ;
#2021 = ORIENTED_EDGE ( 'NONE', *, *, #2633, .T. ) ;
#2022 = DIRECTION ( 'NONE',  ( -3.690901012716612129E-16, -1.000000000000000000, 0.000000000000000000 ) ) ;
#2023 = AXIS2_PLACEMENT_3D ( 'NONE', #112, #1659, #2538 ) ;
#2024 = CARTESIAN_POINT ( 'NONE',  ( -3.250000000000000888, 2.649999999999999467, 0.5450000000000003730 ) ) ;
#2025 = DIRECTION ( 'NONE',  ( -1.000000000000000000, 0.000000000000000000, 0.000000000000000000 ) ) ;
#2026 =( NAMED_UNIT ( * ) SI_UNIT ( $, .STERADIAN. ) SOLID_ANGLE_UNIT ( ) );
#2027 = DIRECTION ( 'NONE',  ( -1.000000000000000000, 0.000000000000000000, 0.000000000000000000 ) ) ;
#2028 = EDGE_CURVE ( 'NONE', #1730, #2796, #927, .T. ) ;
#2029 = EDGE_LOOP ( 'NONE', ( #957, #1021, #699, #2737 ) ) ;
#2030 = ORIENTED_EDGE ( 'NONE', *, *, #1636, .T. ) ;
#2031 = CARTESIAN_POINT ( 'NONE',  ( -3.634999999999999343, 2.399999999999999467, -1.019999999999999796 ) ) ;
#2032 = CARTESIAN_POINT ( 'NONE',  ( -2.098641902177089680, 4.799999999999998934, -1.224843398168362629 ) ) ;
#2033 = AXIS2_PLACEMENT_3D ( 'NONE', #1793, #2003, #1310 ) ;
#2034 = DIRECTION ( 'NONE',  ( -0.000000000000000000, 0.000000000000000000, 1.000000000000000000 ) ) ;
#2035 = ORIENTED_EDGE ( 'NONE', *, *, #1702, .T. ) ;
#2036 = CLOSED_SHELL ( 'NONE', ( #472, #1781, #153, #1677, #471, #1205, #2501, #56, #1871, #710, #2472, #323, #2661, #1394, #295, #1572, #542 ) ) ;
#2037 = VECTOR ( 'NONE', #1556, 1000.000000000000000 ) ;
#2038 = FACE_OUTER_BOUND ( 'NONE', #448, .T. ) ;
#2039 = CARTESIAN_POINT ( 'NONE',  ( -3.634999999999999343, 2.349999999999999201, -0.5449999999999999289 ) ) ;
#2040 = DIRECTION ( 'NONE',  ( 0.000000000000000000, -0.000000000000000000, -1.000000000000000000 ) ) ;
#2041 = AXIS2_PLACEMENT_3D ( 'NONE', #580, #1453, #562 ) ;
#2042 = DIRECTION ( 'NONE',  ( 0.1378445374916289767, -0.9808148484639890308, 0.1378445374916288657 ) ) ;
#2043 = EDGE_LOOP ( 'NONE', ( #1773, #435, #2795, #2407 ) ) ;
#2044 = CARTESIAN_POINT ( 'NONE',  ( -3.250000000000000888, 2.399999999999999467, 2.290000000000001812 ) ) ;
#2045 = LINE ( 'NONE', #1402, #1550 ) ;
#2046 = DIRECTION ( 'NONE',  ( -1.000000000000000000, 0.000000000000000000, 0.000000000000000000 ) ) ;
#2047 = ORIENTED_EDGE ( 'NONE', *, *, #519, .F. ) ;
#2048 = CARTESIAN_POINT ( 'NONE',  ( -3.685000000000000053, -2.168404344971008868E-16, -1.019999999999999574 ) ) ;
#2049 = VECTOR ( 'NONE', #2568, 1000.000000000000000 ) ;
#2050 = AXIS2_PLACEMENT_3D ( 'NONE', #983, #1853, #2734 ) ;
#2051 = DIRECTION ( 'NONE',  ( 0.000000000000000000, 0.000000000000000000, -1.000000000000000000 ) ) ;
#2052 = AXIS2_PLACEMENT_3D ( 'NONE', #1277, #1264, #1250 ) ;
#2053 = ADVANCED_FACE ( 'NONE', ( #502 ), #2480, .F. ) ;
#2054 = DIRECTION ( 'NONE',  ( -0.000000000000000000, 0.000000000000000000, 1.000000000000000000 ) ) ;
#2055 = ORIENTED_EDGE ( 'NONE', *, *, #173, .T. ) ;
#2056 = VERTEX_POINT ( 'NONE', #1384 ) ;
#2057 = DIRECTION ( 'NONE',  ( 0.000000000000000000, 1.000000000000000000, 0.000000000000000000 ) ) ;
#2058 = CARTESIAN_POINT ( 'NONE',  ( 3.634999999999999343, 2.349999999999999201, 1.995000000000000329 ) ) ;
#2059 = LINE ( 'NONE', #2776, #1608 ) ;
#2060 = ORIENTED_EDGE ( 'NONE', *, *, #2483, .T. ) ;
#2061 = LINE ( 'NONE', #2354, #1291 ) ;
#2062 = DIRECTION ( 'NONE',  ( 0.000000000000000000, -0.7071067811865474617, -0.7071067811865474617 ) ) ;
#2063 = EDGE_CURVE ( 'NONE', #2745, #575, #1171, .T. ) ;
#2064 = CARTESIAN_POINT ( 'NONE',  ( 3.935000000000000053, 2.349999999999999201, -1.019999999999999796 ) ) ;
#2065 = PLANE ( 'NONE',  #1139 ) ;
#2066 = VECTOR ( 'NONE', #756, 1000.000000000000000 ) ;
#2067 = VECTOR ( 'NONE', #641, 1000.000000000000000 ) ;
#2068 = LINE ( 'NONE', #1423, #104 ) ;
#2069 = ORIENTED_EDGE ( 'NONE', *, *, #1620, .F. ) ;
#2070 = VERTEX_POINT ( 'NONE', #39 ) ;
#2071 = ORIENTED_EDGE ( 'NONE', *, *, #2147, .T. ) ;
#2072 = ORIENTED_EDGE ( 'NONE', *, *, #1410, .T. ) ;
#2073 = DIRECTION ( 'NONE',  ( 0.000000000000000000, 0.000000000000000000, -1.000000000000000000 ) ) ;
#2074 = CARTESIAN_POINT ( 'NONE',  ( -3.250000000000000888, 2.399999999999999467, -1.019999999999999796 ) ) ;
#2075 = LINE ( 'NONE', #2280, #696 ) ;
#2076 = VECTOR ( 'NONE', #1796, 1000.000000000000000 ) ;
#2077 = ORIENTED_EDGE ( 'NONE', *, *, #1586, .T. ) ;
#2078 = DIRECTION ( 'NONE',  ( -1.000000000000000000, 0.000000000000000000, 0.000000000000000000 ) ) ;
#2079 = DIRECTION ( 'NONE',  ( -0.000000000000000000, 0.7071067811865474617, 0.7071067811865474617 ) ) ;
#2080 = VECTOR ( 'NONE', #1769, 1000.000000000000000 ) ;
#2081 = EDGE_CURVE ( 'NONE', #121, #516, #2045, .T. ) ;
#2082 = EDGE_CURVE ( 'NONE', #1655, #1886, #914, .T. ) ;
#2083 = DIRECTION ( 'NONE',  ( 0.000000000000000000, 0.000000000000000000, 1.000000000000000000 ) ) ;
#2084 = PLANE ( 'NONE',  #2016 ) ;
#2085 = EDGE_CURVE ( 'NONE', #1452, #800, #1629, .T. ) ;
#2086 = VECTOR ( 'NONE', #234, 1000.000000000000000 ) ;
#2087 = DIRECTION ( 'NONE',  ( -0.1378445374916288935, -0.9808148484639890308, 0.1378445374916289767 ) ) ;
#2088 = VERTEX_POINT ( 'NONE', #51 ) ;
#2089 = PLANE ( 'NONE',  #363 ) ;
#2090 = CARTESIAN_POINT ( 'NONE',  ( 3.634999999999999343, 2.399999999999999467, -0.5449999999999999289 ) ) ;
#2091 = LINE ( 'NONE', #554, #1425 ) ;
#2092 = EDGE_CURVE ( 'NONE', #1982, #380, #315, .T. ) ;
#2093 = APPLICATION_CONTEXT ( 'automotive_design' ) ;
#2094 = ORIENTED_EDGE ( 'NONE', *, *, #2257, .T. ) ;
#2095 = CARTESIAN_POINT ( 'NONE',  ( -3.250000000000000888, 2.399999999999999467, 1.500575874220467343 ) ) ;
#2096 = DIRECTION ( 'NONE',  ( 0.1378445374916289767, 0.9808148484639890308, 0.1378445374916288657 ) ) ;
#2097 = ADVANCED_FACE ( 'NONE', ( #1183 ), #526, .F. ) ;
#2098 = ORIENTED_EDGE ( 'NONE', *, *, #834, .T. ) ;
#2099 = DIRECTION ( 'NONE',  ( 0.000000000000000000, -0.000000000000000000, -1.000000000000000000 ) ) ;
#2100 = SURFACE_SIDE_STYLE ('',( #733 ) ) ;
#2101 = VECTOR ( 'NONE', #2013, 1000.000000000000000 ) ;
#2102 = EDGE_CURVE ( 'NONE', #2277, #158, #2469, .T. ) ;
#2103 = LINE ( 'NONE', #2561, #1208 ) ;
#2104 = VERTEX_POINT ( 'NONE', #1359 ) ;
#2105 = LINE ( 'NONE', #358, #398 ) ;
#2106 = CARTESIAN_POINT ( 'NONE',  ( -1.733810164611978788, 4.699999999999998401, -1.224843398168362629 ) ) ;
#2107 = PLANE ( 'NONE',  #2802 ) ;
#2108 = VECTOR ( 'NONE', #805, 1000.000000000000000 ) ;
#2109 = ORIENTED_EDGE ( 'NONE', *, *, #2577, .T. ) ;
#2110 = CARTESIAN_POINT ( 'NONE',  ( 3.935000000000001830, -1.214805602622638814, -2.605159021898022953 ) ) ;
#2111 = VERTEX_POINT ( 'NONE', #2279 ) ;
#2112 = DIRECTION ( 'NONE',  ( 1.000000000000000000, 0.000000000000000000, 0.000000000000000000 ) ) ;
#2113 = PRESENTATION_STYLE_ASSIGNMENT (( #1482 ) ) ;
#2114 = ORIENTED_EDGE ( 'NONE', *, *, #131, .T. ) ;
#2115 = DIRECTION ( 'NONE',  ( 0.000000000000000000, -1.000000000000000000, 0.000000000000000000 ) ) ;
#2116 = EDGE_CURVE ( 'NONE', #401, #929, #489, .T. ) ;
#2117 = VECTOR ( 'NONE', #2583, 1000.000000000000114 ) ;
#2118 = EDGE_LOOP ( 'NONE', ( #404, #809, #220, #2495 ) ) ;
#2119 = DIRECTION ( 'NONE',  ( 1.000000000000000000, 0.000000000000000000, 0.000000000000000000 ) ) ;
#2120 = LINE ( 'NONE', #346, #1830 ) ;
#2121 = ADVANCED_FACE ( 'NONE', ( #944 ), #738, .T. ) ;
#2122 = ORIENTED_EDGE ( 'NONE', *, *, #1586, .F. ) ;
#2123 = CARTESIAN_POINT ( 'NONE',  ( 3.935000000000001830, -3.810000000000000053, 1.395000000000000462 ) ) ;
#2124 = CARTESIAN_POINT ( 'NONE',  ( 3.935000000000001830, -3.541936634936306838, 1.020000000000000018 ) ) ;
#2125 = ADVANCED_FACE ( 'NONE', ( #1373 ), #2252, .T. ) ;
#2126 = ORIENTED_EDGE ( 'NONE', *, *, #479, .F. ) ;
#2127 = EDGE_LOOP ( 'NONE', ( #2141, #2411, #2365, #167 ) ) ;
#2128 = DIRECTION ( 'NONE',  ( 0.000000000000000000, -0.9063077870366492705, 0.4226182617407008846 ) ) ;
#2129 = FILL_AREA_STYLE_COLOUR ( '', #1870 ) ;
#2130 = VECTOR ( 'NONE', #1780, 1000.000000000000000 ) ;
#2131 = VECTOR ( 'NONE', #2688, 1000.000000000000000 ) ;
#2132 = DIRECTION ( 'NONE',  ( -0.000000000000000000, 1.000000000000000000, 0.000000000000000000 ) ) ;
#2133 = ORIENTED_EDGE ( 'NONE', *, *, #564, .F. ) ;
#2134 = CARTESIAN_POINT ( 'NONE',  ( 3.250000000000000888, 2.399999999999999467, -0.5449999999999999289 ) ) ;
#2135 = EDGE_CURVE ( 'NONE', #550, #245, #2695, .T. ) ;
#2136 = VECTOR ( 'NONE', #1011, 1000.000000000000000 ) ;
#2137 = ORIENTED_EDGE ( 'NONE', *, *, #2591, .F. ) ;
#2138 = LINE ( 'NONE', #1732, #2461 ) ;
#2139 = DIRECTION ( 'NONE',  ( -0.000000000000000000, 0.000000000000000000, 1.000000000000000000 ) ) ;
#2140 = ORIENTED_EDGE ( 'NONE', *, *, #1528, .T. ) ;
#2141 = ORIENTED_EDGE ( 'NONE', *, *, #1488, .T. ) ;
#2142 = CARTESIAN_POINT ( 'NONE',  ( -2.463473639742200572, 4.799999999999998934, -1.224843398168362629 ) ) ;
#2143 = SURFACE_STYLE_FILL_AREA ( #1237 ) ;
#2144 = PLANE ( 'NONE',  #704 ) ;
#2145 = ORIENTED_EDGE ( 'NONE', *, *, #937, .F. ) ;
#2146 = CARTESIAN_POINT ( 'NONE',  ( 3.935000000000000053, 2.349999999999999201, 1.995000000000000329 ) ) ;
#2147 = EDGE_CURVE ( 'NONE', #401, #2416, #728, .T. ) ;
#2148 = VERTEX_POINT ( 'NONE', #1233 ) ;
#2149 = ORIENTED_EDGE ( 'NONE', *, *, #2502, .F. ) ;
#2150 = EDGE_CURVE ( 'NONE', #1929, #1662, #999, .T. ) ;
#2151 = ORIENTED_EDGE ( 'NONE', *, *, #1606, .F. ) ;
#2152 = DIRECTION ( 'NONE',  ( -1.000000000000000000, 0.000000000000000000, 0.000000000000000000 ) ) ;
#2153 = COLOUR_RGB ( '',0.2509803921568627416, 0.2509803921568627416, 0.2509803921568627416 ) ;
#2154 = CYLINDRICAL_SURFACE ( 'NONE', #2671, 0.3648317375651108918 ) ;
#2155 = ORIENTED_EDGE ( 'NONE', *, *, #1699, .F. ) ;
#2156 = ORIENTED_EDGE ( 'NONE', *, *, #1190, .F. ) ;
#2157 = CARTESIAN_POINT ( 'NONE',  ( -2.463473639742200572, 4.799999999999998934, -1.224843398168362629 ) ) ;
#2158 = DIRECTION ( 'NONE',  ( 0.000000000000000000, 0.000000000000000000, -1.000000000000000000 ) ) ;
#2159 = EDGE_CURVE ( 'NONE', #216, #416, #1857, .T. ) ;
#2160 = LINE ( 'NONE', #1047, #2497 ) ;
#2161 = ORIENTED_EDGE ( 'NONE', *, *, #978, .F. ) ;
#2162 = DIRECTION ( 'NONE',  ( 0.000000000000000000, -0.000000000000000000, -1.000000000000000000 ) ) ;
#2163 = CYLINDRICAL_SURFACE ( 'NONE', #707, 0.05000000000000056483 ) ;
#2164 = AXIS2_PLACEMENT_3D ( 'NONE', #2749, #331, #1231 ) ;
#2165 = DIRECTION ( 'NONE',  ( -1.000000000000000000, 0.000000000000000000, 0.000000000000000000 ) ) ;
#2166 = DIRECTION ( 'NONE',  ( 0.000000000000000000, 0.7071067811865474617, -0.7071067811865476838 ) ) ;
#2167 = PRESENTATION_LAYER_ASSIGNMENT (  '', '', ( #1203 ) ) ;
#2168 = EDGE_LOOP ( 'NONE', ( #622, #998, #1674, #2236 ) ) ;
#2169 = ORIENTED_EDGE ( 'NONE', *, *, #1636, .F. ) ;
#2170 = CARTESIAN_POINT ( 'NONE',  ( 3.249999999999996447, 2.649999999999999467, -2.290000000000003588 ) ) ;
#2171 = CARTESIAN_POINT ( 'NONE',  ( -3.935000000000000053, 2.349999999999999201, -0.5449999999999999289 ) ) ;
#2172 = EDGE_CURVE ( 'NONE', #870, #1937, #2725, .T. ) ;
#2173 = AXIS2_PLACEMENT_3D ( 'NONE', #2246, #60, #1150 ) ;
#2174 = DIRECTION ( 'NONE',  ( -1.000000000000000000, 0.000000000000000000, -0.000000000000000000 ) ) ;
#2175 = CARTESIAN_POINT ( 'NONE',  ( 3.634999999999998899, -4.336808689942017736E-16, 1.520000000000000240 ) ) ;
#2176 = CLOSED_SHELL ( 'NONE', ( #2383, #1592, #2750, #1698 ) ) ;
#2177 = ORIENTED_EDGE ( 'NONE', *, *, #2226, .T. ) ;
#2178 = CIRCLE ( 'NONE', #439, 0.3000000000000007661 ) ;
#2179 = LINE ( 'NONE', #166, #1831 ) ;
#2180 = VERTEX_POINT ( 'NONE', #2512 ) ;
#2181 = EDGE_LOOP ( 'NONE', ( #1917, #430, #311, #1074 ) ) ;
#2182 = CARTESIAN_POINT ( 'NONE',  ( 3.935000000000001830, -0.7600000000000001199, 0.7600000000000001199 ) ) ;
#2183 = DIRECTION ( 'NONE',  ( 1.000000000000000000, -0.000000000000000000, -3.336006684570783101E-16 ) ) ;
#2184 = VECTOR ( 'NONE', #1209, 1000.000000000000000 ) ;
#2185 = ORIENTED_EDGE ( 'NONE', *, *, #146, .F. ) ;
#2186 = ORIENTED_EDGE ( 'NONE', *, *, #2504, .F. ) ;
#2187 = DIRECTION ( 'NONE',  ( 0.000000000000000000, 0.000000000000000000, -1.000000000000000000 ) ) ;
#2188 = EDGE_CURVE ( 'NONE', #2724, #1525, #2541, .T. ) ;
#2189 = DIRECTION ( 'NONE',  ( 0.000000000000000000, 0.000000000000000000, -1.000000000000000000 ) ) ;
#2190 = DIRECTION ( 'NONE',  ( -1.000000000000000000, 0.000000000000000000, 0.000000000000000000 ) ) ;
#2191 = EDGE_CURVE ( 'NONE', #796, #1929, #1873, .T. ) ;
#2192 = ORIENTED_EDGE ( 'NONE', *, *, #180, .F. ) ;
#2193 = LINE ( 'NONE', #2376, #1610 ) ;
#2194 = VECTOR ( 'NONE', #2701, 1000.000000000000000 ) ;
#2195 = VECTOR ( 'NONE', #2057, 1000.000000000000000 ) ;
#2196 = CARTESIAN_POINT ( 'NONE',  ( 3.634999999999999343, 2.349999999999999201, -1.019999999999999796 ) ) ;
#2197 = FACE_OUTER_BOUND ( 'NONE', #1282, .T. ) ;
#2198 = CARTESIAN_POINT ( 'NONE',  ( -3.250000000000000888, 2.399999999999999467, -2.290000000000001368 ) ) ;
#2199 = ORIENTED_EDGE ( 'NONE', *, *, #890, .T. ) ;
#2200 = ORIENTED_EDGE ( 'NONE', *, *, #2577, .F. ) ;
#2201 = LINE ( 'NONE', #2631, #1030 ) ;
#2202 = DIRECTION ( 'NONE',  ( 1.000000000000000000, 0.000000000000000000, 0.000000000000000000 ) ) ;
#2203 = PRODUCT_DEFINITION_CONTEXT ( 'detailed design', #1409, 'design' ) ;
#2204 = CARTESIAN_POINT ( 'NONE',  ( -3.935000000000000053, 0.4749999999999993672, 1.995000000000000329 ) ) ;
#2205 = CARTESIAN_POINT ( 'NONE',  ( -3.634999999999999343, 2.349999999999999201, -0.5449999999999999289 ) ) ;
#2206 = EDGE_CURVE ( 'NONE', #2814, #1982, #1912, .T. ) ;
#2207 = EDGE_CURVE ( 'NONE', #2416, #537, #783, .T. ) ;
#2208 = EDGE_CURVE ( 'NONE', #283, #655, #1206, .T. ) ;
#2209 = LINE ( 'NONE', #642, #2080 ) ;
#2210 = DIRECTION ( 'NONE',  ( 0.000000000000000000, -0.7071067811865475727, 0.7071067811865475727 ) ) ;
#2211 = LINE ( 'NONE', #244, #2625 ) ;
#2212 = AXIS2_PLACEMENT_3D ( 'NONE', #544, #1888, #2342 ) ;
#2213 = ORIENTED_EDGE ( 'NONE', *, *, #1700, .T. ) ;
#2214 = EDGE_CURVE ( 'NONE', #1703, #1042, #590, .T. ) ;
#2215 = ORIENTED_EDGE ( 'NONE', *, *, #438, .T. ) ;
#2216 = STYLED_ITEM ( 'NONE', ( #497 ), #1494 ) ;
#2217 = DIRECTION ( 'NONE',  ( 1.000000000000000000, 0.000000000000000000, 0.000000000000000000 ) ) ;
#2218 = FACE_OUTER_BOUND ( 'NONE', #1866, .T. ) ;
#2219 = CARTESIAN_POINT ( 'NONE',  ( -3.634999999999999343, 2.349999999999999201, -1.019999999999999796 ) ) ;
#2220 = DIRECTION ( 'NONE',  ( 0.000000000000000000, 0.7071067811865474617, -0.7071067811865474617 ) ) ;
#2221 = VECTOR ( 'NONE', #2682, 1000.000000000000000 ) ;
#2222 = CIRCLE ( 'NONE', #565, 0.3000000000000007661 ) ;
#2223 = ORIENTED_EDGE ( 'NONE', *, *, #2591, .T. ) ;
#2224 = VERTEX_POINT ( 'NONE', #1245 ) ;
#2225 = LINE ( 'NONE', #488, #318 ) ;
#2226 = EDGE_CURVE ( 'NONE', #1945, #1089, #1450, .T. ) ;
#2227 = DIRECTION ( 'NONE',  ( 1.000000000000000000, -1.836970198721034371E-16, 0.000000000000000000 ) ) ;
#2228 = DIRECTION ( 'NONE',  ( 0.9902680687415703620, -0.1391731009600657432, -5.626117684572758675E-16 ) ) ;
#2229 = ORIENTED_EDGE ( 'NONE', *, *, #1906, .T. ) ;
#2230 = ORIENTED_EDGE ( 'NONE', *, *, #1046, .T. ) ;
#2231 = CARTESIAN_POINT ( 'NONE',  ( -3.935000000000000941, -3.810000000000000053, -1.019999999999999796 ) ) ;
#2232 = DIRECTION ( 'NONE',  ( -0.000000000000000000, 0.000000000000000000, 1.000000000000000000 ) ) ;
#2233 = LINE ( 'NONE', #2015, #1252 ) ;
#2234 = SHAPE_DEFINITION_REPRESENTATION ( #1147, #1494 ) ;
#2235 = FACE_OUTER_BOUND ( 'NONE', #592, .T. ) ;
#2236 = ORIENTED_EDGE ( 'NONE', *, *, #1487, .T. ) ;
#2237 = DIRECTION ( 'NONE',  ( 0.000000000000000000, -0.7071067811865474617, 0.7071067811865474617 ) ) ;
#2238 = PLANE ( 'NONE',  #81 ) ;
#2239 = DIRECTION ( 'NONE',  ( 1.000000000000000000, 0.000000000000000000, 0.000000000000000000 ) ) ;
#2240 = AXIS2_PLACEMENT_3D ( 'NONE', #989, #772, #2526 ) ;
#2241 = EDGE_CURVE ( 'NONE', #1398, #2628, #604, .T. ) ;
#2242 = EDGE_LOOP ( 'NONE', ( #2391, #113, #2820, #2520, #2021, #1323, #1386, #599 ) ) ;
#2243 = ORIENTED_EDGE ( 'NONE', *, *, #1940, .T. ) ;
#2244 = LINE ( 'NONE', #757, #2424 ) ;
#2245 = DIRECTION ( 'NONE',  ( -1.000000000000000000, 0.000000000000000000, 0.000000000000000000 ) ) ;
#2246 = CARTESIAN_POINT ( 'NONE',  ( 3.634999999999999343, 2.349999999999999201, 0.5450000000000003730 ) ) ;
#2247 = AXIS2_PLACEMENT_3D ( 'NONE', #339, #759, #2272 ) ;
#2248 = EDGE_CURVE ( 'NONE', #605, #1546, #2767, .T. ) ;
#2249 = CARTESIAN_POINT ( 'NONE',  ( 3.250000000000000888, 2.399999999999999467, 1.500575874220467343 ) ) ;
#2250 = VERTEX_POINT ( 'NONE', #142 ) ;
#2251 = CARTESIAN_POINT ( 'NONE',  ( 3.250000000000000888, 2.399999999999999467, -1.500575874220467343 ) ) ;
#2252 = PLANE ( 'NONE',  #1455 ) ;
#2253 = DIRECTION ( 'NONE',  ( -1.000000000000000000, 0.000000000000000000, -0.000000000000000000 ) ) ;
#2254 = ORIENTED_EDGE ( 'NONE', *, *, #2082, .T. ) ;
#2255 = DIRECTION ( 'NONE',  ( 0.000000000000000000, -0.9902680687415703620, -0.1391731009600657432 ) ) ;
#2256 = VECTOR ( 'NONE', #2010, 1000.000000000000000 ) ;
#2257 = EDGE_CURVE ( 'NONE', #41, #1092, #515, .T. ) ;
#2258 = LINE ( 'NONE', #2557, #2268 ) ;
#2259 = CARTESIAN_POINT ( 'NONE',  ( 3.249999999999999112, 0.2500000000000006661, 1.987837205389857198 ) ) ;
#2260 = CARTESIAN_POINT ( 'NONE',  ( 3.250000000000000888, 2.649999999999999467, -0.5449999999999999289 ) ) ;
#2261 = ORIENTED_EDGE ( 'NONE', *, *, #577, .F. ) ;
#2262 = ORIENTED_EDGE ( 'NONE', *, *, #2303, .T. ) ;
#2263 = FACE_OUTER_BOUND ( 'NONE', #763, .T. ) ;
#2264 = CARTESIAN_POINT ( 'NONE',  ( 3.250000000000000888, 2.399999999999999467, 0.5450000000000003730 ) ) ;
#2265 = VECTOR ( 'NONE', #123, 1000.000000000000000 ) ;
#2266 = LINE ( 'NONE', #1824, #1057 ) ;
#2267 = ORIENTED_EDGE ( 'NONE', *, *, #249, .F. ) ;
#2268 = VECTOR ( 'NONE', #2728, 1000.000000000000000 ) ;
#2269 = DIRECTION ( 'NONE',  ( -0.000000000000000000, 0.000000000000000000, 1.000000000000000000 ) ) ;
#2270 = AXIS2_PLACEMENT_3D ( 'NONE', #2702, #306, #1389 ) ;
#2271 = EDGE_CURVE ( 'NONE', #190, #1452, #2061, .T. ) ;
#2272 = DIRECTION ( 'NONE',  ( -1.000000000000000000, 0.000000000000000000, 0.000000000000000000 ) ) ;
#2273 = VECTOR ( 'NONE', #2797, 1000.000000000000000 ) ;
#2274 = CARTESIAN_POINT ( 'NONE',  ( 3.250000000000000888, 2.649999999999999467, 1.520000000000000240 ) ) ;
#2275 = ORIENTED_EDGE ( 'NONE', *, *, #611, .T. ) ;
#2276 = ORIENTED_EDGE ( 'NONE', *, *, #1584, .T. ) ;
#2277 = VERTEX_POINT ( 'NONE', #2327 ) ;
#2278 = FACE_OUTER_BOUND ( 'NONE', #2699, .T. ) ;
#2279 = CARTESIAN_POINT ( 'NONE',  ( 3.685000000000000053, 0.4749999999999993672, 0.5450000000000003730 ) ) ;
#2280 = CARTESIAN_POINT ( 'NONE',  ( 3.935000000000001830, 1.933132337141316937, 1.500575874220467343 ) ) ;
#2281 = EDGE_CURVE ( 'NONE', #416, #1196, #558, .T. ) ;
#2282 = ORIENTED_EDGE ( 'NONE', *, *, #2613, .T. ) ;
#2283 = FACE_OUTER_BOUND ( 'NONE', #730, .T. ) ;
#2284 = AXIS2_PLACEMENT_3D ( 'NONE', #1377, #720, #2269 ) ;
#2285 = CARTESIAN_POINT ( 'NONE',  ( 3.634999999999999343, 2.349999999999999201, 1.520000000000000240 ) ) ;
#2286 = DIRECTION ( 'NONE',  ( -1.000000000000000000, 0.000000000000000000, 3.336006684570784581E-16 ) ) ;
#2287 = VECTOR ( 'NONE', #1829, 1000.000000000000000 ) ;
#2288 = PLANE ( 'NONE',  #1288 ) ;
#2289 = ORIENTED_EDGE ( 'NONE', *, *, #834, .F. ) ;
#2290 = VERTEX_POINT ( 'NONE', #99 ) ;
#2291 = CARTESIAN_POINT ( 'NONE',  ( 2.947837205389854276, 4.799999999999998934, -1.987837205389860973 ) ) ;
#2292 = ADVANCED_FACE ( 'NONE', ( #364 ), #1012, .F. ) ;
#2293 = LINE ( 'NONE', #110, #292 ) ;
#2294 = DIRECTION ( 'NONE',  ( 0.000000000000000000, -0.000000000000000000, -1.000000000000000000 ) ) ;
#2295 = EDGE_CURVE ( 'NONE', #2760, #1173, #378, .T. ) ;
#2296 = ORIENTED_EDGE ( 'NONE', *, *, #1380, .T. ) ;
#2297 = DIRECTION ( 'NONE',  ( -1.000000000000000000, 0.000000000000000000, 0.000000000000000000 ) ) ;
#2298 = DIRECTION ( 'NONE',  ( -1.000000000000000000, 0.000000000000000000, 0.000000000000000000 ) ) ;
#2299 = ADVANCED_FACE ( 'NONE', ( #1432 ), #2312, .F. ) ;
#2300 = LINE ( 'NONE', #352, #850 ) ;
#2301 = FACE_OUTER_BOUND ( 'NONE', #2718, .T. ) ;
#2302 = AXIS2_PLACEMENT_3D ( 'NONE', #2780, #771, #1463 ) ;
#2303 = EDGE_CURVE ( 'NONE', #1678, #1721, #889, .T. ) ;
#2304 =( GEOMETRIC_REPRESENTATION_CONTEXT ( 3 ) GLOBAL_UNCERTAINTY_ASSIGNED_CONTEXT ( ( #1516 ) ) GLOBAL_UNIT_ASSIGNED_CONTEXT ( ( #2452, #1356, #724 ) ) REPRESENTATION_CONTEXT ( 'NONE', 'WORKASPACE' ) );
#2305 = CARTESIAN_POINT ( 'NONE',  ( 3.634999999999999343, 2.349999999999999201, -0.5449999999999999289 ) ) ;
#2306 = VERTEX_POINT ( 'NONE', #432 ) ;
#2307 = PLANE ( 'NONE',  #1817 ) ;
#2308 = CARTESIAN_POINT ( 'NONE',  ( -3.250000000000000888, 2.399999999999999467, -2.290000000000001368 ) ) ;
#2309 = LINE ( 'NONE', #752, #1198 ) ;
#2310 = VECTOR ( 'NONE', #1441, 1000.000000000000000 ) ;
#2311 = ORIENTED_EDGE ( 'NONE', *, *, #2387, .F. ) ;
#2312 = PLANE ( 'NONE',  #1932 ) ;
#2313 = CARTESIAN_POINT ( 'NONE',  ( -3.935000000000000053, 2.349999999999999201, 1.995000000000000329 ) ) ;
#2314 = AXIS2_PLACEMENT_3D ( 'NONE', #1507, #1623, #324 ) ;
#2315 = LINE ( 'NONE', #160, #935 ) ;
#2316 = LINE ( 'NONE', #2259, #2287 ) ;
#2317 = ORIENTED_EDGE ( 'NONE', *, *, #802, .T. ) ;
#2318 = VECTOR ( 'NONE', #1249, 1000.000000000000114 ) ;
#2319 = LINE ( 'NONE', #1456, #1839 ) ;
#2320 = EDGE_LOOP ( 'NONE', ( #2161, #2459, #1897, #2415, #500, #843, #1686, #2563, #2473, #839, #1159, #1299 ) ) ;
#2321 = VERTEX_POINT ( 'NONE', #2627 ) ;
#2322 = ORIENTED_EDGE ( 'NONE', *, *, #2271, .F. ) ;
#2323 = DIRECTION ( 'NONE',  ( 0.000000000000000000, 0.4226182617407008846, 0.9063077870366492705 ) ) ;
#2324 = DIRECTION ( 'NONE',  ( -0.000000000000000000, 0.000000000000000000, 1.000000000000000000 ) ) ;
#2325 = LINE ( 'NONE', #2736, #2756 ) ;
#2326 = ORIENTED_EDGE ( 'NONE', *, *, #2281, .F. ) ;
#2327 = CARTESIAN_POINT ( 'NONE',  ( -3.685000000000000053, 0.4749999999999992006, 1.995000000000000329 ) ) ;
#2328 = ORIENTED_EDGE ( 'NONE', *, *, #2729, .T. ) ;
#2329 = DIRECTION ( 'NONE',  ( -1.000000000000000000, 0.000000000000000000, 0.000000000000000000 ) ) ;
#2330 = FILL_AREA_STYLE_COLOUR ( '', #2153 ) ;
#2331 = AXIS2_PLACEMENT_3D ( 'NONE', #34, #694, #1108 ) ;
#2332 = AXIS2_PLACEMENT_3D ( 'NONE', #1601, #954, #1372 ) ;
#2333 = ADVANCED_FACE ( 'NONE', ( #1935 ), #3, .T. ) ;
#2334 = ORIENTED_EDGE ( 'NONE', *, *, #1395, .F. ) ;
#2335 = FACE_OUTER_BOUND ( 'NONE', #1362, .T. ) ;
#2336 = EDGE_CURVE ( 'NONE', #524, #1703, #645, .T. ) ;
#2337 = ORIENTED_EDGE ( 'NONE', *, *, #2116, .T. ) ;
#2338 = CARTESIAN_POINT ( 'NONE',  ( 3.685000000000000053, 2.349999999999999201, -0.5449999999999999289 ) ) ;
#2339 = DIRECTION ( 'NONE',  ( -1.408054769461694435E-16, 1.000000000000000000, 0.000000000000000000 ) ) ;
#2340 = ORIENTED_EDGE ( 'NONE', *, *, #1281, .F. ) ;
#2341 = FACE_OUTER_BOUND ( 'NONE', #414, .T. ) ;
#2342 = DIRECTION ( 'NONE',  ( 0.000000000000000000, 0.9063077870366492705, -0.4226182617407008846 ) ) ;
#2343 = EDGE_LOOP ( 'NONE', ( #1267, #2482, #1852, #586 ) ) ;
#2344 = VERTEX_POINT ( 'NONE', #1757 ) ;
#2345 = CARTESIAN_POINT ( 'NONE',  ( 3.935000000000001830, 1.933132337141316937, 1.500575874220467343 ) ) ;
#2346 = CARTESIAN_POINT ( 'NONE',  ( -3.685000000000000053, -3.541936634936324602, -1.519999999999999574 ) ) ;
#2347 = EDGE_CURVE ( 'NONE', #168, #190, #673, .T. ) ;
#2348 = VECTOR ( 'NONE', #503, 1000.000000000000000 ) ;
#2349 = DIRECTION ( 'NONE',  ( 1.000000000000000000, 0.000000000000000000, 0.000000000000000000 ) ) ;
#2350 = ORIENTED_EDGE ( 'NONE', *, *, #1099, .T. ) ;
#2351 = SURFACE_SIDE_STYLE ('',( #1314 ) ) ;
#2352 = ORIENTED_EDGE ( 'NONE', *, *, #2743, .F. ) ;
#2353 = DIRECTION ( 'NONE',  ( -1.000000000000000000, 0.000000000000000000, 0.000000000000000000 ) ) ;
#2354 = CARTESIAN_POINT ( 'NONE',  ( 3.935000000000001830, -3.541936634936305950, 1.520000000000000240 ) ) ;
#2355 = ORIENTED_EDGE ( 'NONE', *, *, #909, .T. ) ;
#2356 = VERTEX_POINT ( 'NONE', #407 ) ;
#2357 = CARTESIAN_POINT ( 'NONE',  ( -3.685000000000000053, -3.810000000000000053, 1.520000000000000240 ) ) ;
#2358 =( NAMED_UNIT ( * ) PLANE_ANGLE_UNIT ( ) SI_UNIT ( $, .RADIAN. ) );
#2359 = VECTOR ( 'NONE', #2040, 1000.000000000000000 ) ;
#2360 = AXIS2_PLACEMENT_3D ( 'NONE', #454, #2323, #1229 ) ;
#2361 = FACE_OUTER_BOUND ( 'NONE', #2753, .T. ) ;
#2362 = ORIENTED_EDGE ( 'NONE', *, *, #1848, .F. ) ;
#2363 = CARTESIAN_POINT ( 'NONE',  ( 3.935000000000001830, -3.541936634936306838, 1.020000000000000018 ) ) ;
#2364 = AXIS2_PLACEMENT_3D ( 'NONE', #2713, #743, #2329 ) ;
#2365 = ORIENTED_EDGE ( 'NONE', *, *, #890, .F. ) ;
#2366 = ORIENTED_EDGE ( 'NONE', *, *, #1073, .T. ) ;
#2367 = EDGE_LOOP ( 'NONE', ( #1479, #2822, #403, #2109 ) ) ;
#2368 = CARTESIAN_POINT ( 'NONE',  ( 3.935000000000001830, -3.810000000000018261, -1.394999999999999574 ) ) ;
#2369 = DIRECTION ( 'NONE',  ( -1.000000000000000000, 0.000000000000000000, 0.000000000000000000 ) ) ;
#2370 = EDGE_CURVE ( 'NONE', #2111, #905, #1272, .T. ) ;
#2371 = ORIENTED_EDGE ( 'NONE', *, *, #6, .F. ) ;
#2372 = EDGE_LOOP ( 'NONE', ( #1709, #2186, #2155, #373 ) ) ;
#2373 = DIRECTION ( 'NONE',  ( 0.000000000000000000, -0.000000000000000000, -1.000000000000000000 ) ) ;
#2374 = LINE ( 'NONE', #222, #1995 ) ;
#2375 = ORIENTED_EDGE ( 'NONE', *, *, #2028, .F. ) ;
#2376 = CARTESIAN_POINT ( 'NONE',  ( 3.935000000000001830, 0.5099999999999996758, 0.5099999999999995648 ) ) ;
#2377 = CARTESIAN_POINT ( 'NONE',  ( -3.685000000000000053, 1.106152504749720933, -3.687439561622690931 ) ) ;
#2378 = EDGE_CURVE ( 'NONE', #940, #2148, #1103, .T. ) ;
#2379 = ORIENTED_EDGE ( 'NONE', *, *, #853, .T. ) ;
#2380 = CARTESIAN_POINT ( 'NONE',  ( -3.250000000000000888, 2.649999999999999467, -1.019999999999999796 ) ) ;
#2381 = STYLED_ITEM ( 'NONE', ( #1712 ), #1758 ) ;
#2382 = CARTESIAN_POINT ( 'NONE',  ( 3.935000000000001830, 0.5099999999999996758, 0.5099999999999995648 ) ) ;
#2383 = ADVANCED_FACE ( 'NONE', ( #621 ), #2154, .T. ) ;
#2384 = ORIENTED_EDGE ( 'NONE', *, *, #1329, .F. ) ;
#2385 = ORIENTED_EDGE ( 'NONE', *, *, #1127, .F. ) ;
#2386 = CARTESIAN_POINT ( 'NONE',  ( -2.098641902177089680, 4.699999999999998401, -1.224843398168362629 ) ) ;
#2387 = EDGE_CURVE ( 'NONE', #640, #2277, #201, .T. ) ;
#2388 = PLANE ( 'NONE',  #1027 ) ;
#2389 = CARTESIAN_POINT ( 'NONE',  ( -3.250000000000000888, 2.399999999999999467, -1.500575874220467343 ) ) ;
#2390 = EDGE_CURVE ( 'NONE', #940, #2290, #828, .T. ) ;
#2391 = ORIENTED_EDGE ( 'NONE', *, *, #1778, .T. ) ;
#2392 = FACE_OUTER_BOUND ( 'NONE', #1872, .T. ) ;
#2393 = VERTEX_POINT ( 'NONE', #1548 ) ;
#2394 = CIRCLE ( 'NONE', #2164, 0.3000000000000007661 ) ;
#2395 = EDGE_CURVE ( 'NONE', #2393, #2724, #1497, .T. ) ;
#2396 = ORIENTED_EDGE ( 'NONE', *, *, #2592, .T. ) ;
#2397 = LINE ( 'NONE', #431, #669 ) ;
#2398 = DIRECTION ( 'NONE',  ( 0.000000000000000000, 0.000000000000000000, -1.000000000000000000 ) ) ;
#2399 = ORIENTED_EDGE ( 'NONE', *, *, #2004, .T. ) ;
#2400 = ORIENTED_EDGE ( 'NONE', *, *, #1922, .T. ) ;
#2401 = DIRECTION ( 'NONE',  ( 0.000000000000000000, -0.4226182617407008846, 0.9063077870366492705 ) ) ;
#2402 = FILL_AREA_STYLE ('',( #1306 ) ) ;
#2403 = EDGE_CURVE ( 'NONE', #55, #877, #392, .T. ) ;
#2404 = AXIS2_PLACEMENT_3D ( 'NONE', #210, #1854, #1007 ) ;
#2405 = CARTESIAN_POINT ( 'NONE',  ( -3.250000000000000888, 2.649999999999999467, 1.520000000000000240 ) ) ;
#2406 = CARTESIAN_POINT ( 'NONE',  ( -3.685000000000000053, 0.9249999999999993783, -2.444999999999999840 ) ) ;
#2407 = ORIENTED_EDGE ( 'NONE', *, *, #560, .F. ) ;
#2408 = AXIS2_PLACEMENT_3D ( 'NONE', #45, #518, #252 ) ;
#2409 = CARTESIAN_POINT ( 'NONE',  ( 2.947837205389856940, 4.799999999999998934, 2.289999999999999591 ) ) ;
#2410 = ORIENTED_EDGE ( 'NONE', *, *, #1555, .F. ) ;
#2411 = ORIENTED_EDGE ( 'NONE', *, *, #1620, .T. ) ;
#2412 = CARTESIAN_POINT ( 'NONE',  ( 3.935000000000001830, 0.000000000000000000, -1.500575874220467343 ) ) ;
#2413 = CARTESIAN_POINT ( 'NONE',  ( 3.250000000000000888, 2.649999999999999467, 1.520000000000000240 ) ) ;
#2414 = VECTOR ( 'NONE', #2373, 1000.000000000000000 ) ;
#2415 = ORIENTED_EDGE ( 'NONE', *, *, #2370, .F. ) ;
#2416 = VERTEX_POINT ( 'NONE', #218 ) ;
#2417 = CARTESIAN_POINT ( 'NONE',  ( -3.250000000000000888, 2.399999999999999467, -2.290000000000001368 ) ) ;
#2418 = DIRECTION ( 'NONE',  ( 0.000000000000000000, 0.000000000000000000, -1.000000000000000000 ) ) ;
#2419 = ADVANCED_FACE ( 'NONE', ( #1921 ), #876, .F. ) ;
#2420 = LINE ( 'NONE', #2800, #1760 ) ;
#2421 = DIRECTION ( 'NONE',  ( -1.000000000000000000, 0.000000000000000000, 0.000000000000000000 ) ) ;
#2422 = ADVANCED_FACE ( 'NONE', ( #1968 ), #1745, .F. ) ;
#2423 = ADVANCED_FACE ( 'NONE', ( #1510 ), #659, .F. ) ;
#2424 = VECTOR ( 'NONE', #2022, 1000.000000000000000 ) ;
#2425 = VECTOR ( 'NONE', #2668, 1000.000000000000000 ) ;
#2426 = EDGE_CURVE ( 'NONE', #1787, #2250, #1072, .T. ) ;
#2427 = ORIENTED_EDGE ( 'NONE', *, *, #2629, .T. ) ;
#2428 = EDGE_LOOP ( 'NONE', ( #878, #2478, #1066, #1835 ) ) ;
#2429 = LINE ( 'NONE', #1991, #1964 ) ;
#2430 = CARTESIAN_POINT ( 'NONE',  ( 3.935000000000001830, 0.4749999999999993672, 1.995000000000000329 ) ) ;
#2431 = ORIENTED_EDGE ( 'NONE', *, *, #1818, .T. ) ;
#2432 = EDGE_LOOP ( 'NONE', ( #1260, #408, #1006, #7, #106, #2655, #946, #2571 ) ) ;
#2433 = DIRECTION ( 'NONE',  ( 0.000000000000000000, 0.9063077870366492705, -0.4226182617407008846 ) ) ;
#2434 = CARTESIAN_POINT ( 'NONE',  ( -3.685000000000000053, -3.810000000000000053, -1.019999999999999796 ) ) ;
#2435 = UNCERTAINTY_MEASURE_WITH_UNIT (LENGTH_MEASURE( 1.000000000000000082E-05 ), #885, 'distance_accuracy_value', 'NONE');
#2436 =( NAMED_UNIT ( * ) PLANE_ANGLE_UNIT ( ) SI_UNIT ( $, .RADIAN. ) );
#2437 = LINE ( 'NONE', #2406, #1349 ) ;
#2438 = EDGE_CURVE ( 'NONE', #1042, #2290, #1319, .T. ) ;
#2439 = LINE ( 'NONE', #1316, #1666 ) ;
#2440 = DIRECTION ( 'NONE',  ( -0.000000000000000000, 1.000000000000000000, 0.000000000000000000 ) ) ;
#2441 = LINE ( 'NONE', #2481, #145 ) ;
#2442 = AXIS2_PLACEMENT_3D ( 'NONE', #928, #462, #2470 ) ;
#2443 = ORIENTED_EDGE ( 'NONE', *, *, #951, .T. ) ;
#2444 = ORIENTED_EDGE ( 'NONE', *, *, #1875, .T. ) ;
#2445 = VECTOR ( 'NONE', #316, 1000.000000000000000 ) ;
#2446 = LINE ( 'NONE', #482, #399 ) ;
#2447 = PLANE ( 'NONE',  #132 ) ;
#2448 = CARTESIAN_POINT ( 'NONE',  ( 2.947837205389854276, 0.2500000000000006661, -2.290000000000003588 ) ) ;
#2449 = LINE ( 'NONE', #485, #1989 ) ;
#2450 = VECTOR ( 'NONE', #612, 1000.000000000000000 ) ;
#2451 = AXIS2_PLACEMENT_3D ( 'NONE', #1742, #1948, #2624 ) ;
#2452 =( LENGTH_UNIT ( ) NAMED_UNIT ( * ) SI_UNIT ( .MILLI., .METRE. ) );
#2453 = EDGE_CURVE ( 'NONE', #740, #1351, #922, .T. ) ;
#2454 = LINE ( 'NONE', #2249, #557 ) ;
#2455 = DIRECTION ( 'NONE',  ( 1.408054769461694435E-16, -1.000000000000000000, 0.000000000000000000 ) ) ;
#2456 = DIRECTION ( 'NONE',  ( -0.000000000000000000, 1.000000000000000000, 0.000000000000000000 ) ) ;
#2457 = CARTESIAN_POINT ( 'NONE',  ( -3.685000000000000053, -5.636436893075692057E-16, -1.994999999999999885 ) ) ;
#2458 = VECTOR ( 'NONE', #2717, 1000.000000000000000 ) ;
#2459 = ORIENTED_EDGE ( 'NONE', *, *, #1060, .T. ) ;
#2460 = ORIENTED_EDGE ( 'NONE', *, *, #633, .T. ) ;
#2461 = VECTOR ( 'NONE', #171, 1000.000000000000000 ) ;
#2462 = EDGE_CURVE ( 'NONE', #2628, #219, #2654, .T. ) ;
#2463 = PRESENTATION_STYLE_ASSIGNMENT (( #2659 ) ) ;
#2464 = LINE ( 'NONE', #279, #665 ) ;
#2465 = CARTESIAN_POINT ( 'NONE',  ( -3.685000000000000053, 1.297663615529465853, 1.236742659201057082 ) ) ;
#2466 = CARTESIAN_POINT ( 'NONE',  ( -3.250000000000000888, 2.649999999999999467, -1.500575874220467343 ) ) ;
#2467 = ORIENTED_EDGE ( 'NONE', *, *, #555, .F. ) ;
#2468 = CARTESIAN_POINT ( 'NONE',  ( -3.935000000000000053, 0.4749999999999993117, -0.5450000000000000400 ) ) ;
#2469 = LINE ( 'NONE', #95, #1963 ) ;
#2470 = DIRECTION ( 'NONE',  ( 0.000000000000000000, 0.9902680687415702510, -0.1391731009600657432 ) ) ;
#2471 = VECTOR ( 'NONE', #930, 1000.000000000000114 ) ;
#2472 = ADVANCED_FACE ( 'NONE', ( #739 ), #300, .T. ) ;
#2473 = ORIENTED_EDGE ( 'NONE', *, *, #595, .F. ) ;
#2474 = CARTESIAN_POINT ( 'NONE',  ( 3.935000000000001830, 2.649999999999999467, -1.500575874220467343 ) ) ;
#2475 = DIRECTION ( 'NONE',  ( -1.000000000000000000, 0.000000000000000000, 0.000000000000000000 ) ) ;
#2476 = CARTESIAN_POINT ( 'NONE',  ( -3.685000000000000053, 1.933132337141316937, 1.995000000000000329 ) ) ;
#2477 = EDGE_LOOP ( 'NONE', ( #2289, #529, #2192, #1735, #1493, #2350, #135, #1489, #128, #1626, #165, #1961 ) ) ;
#2478 = ORIENTED_EDGE ( 'NONE', *, *, #2336, .F. ) ;
#2479 = CARTESIAN_POINT ( 'NONE',  ( -3.685000000000000053, 2.349999999999999201, -1.519999999999999796 ) ) ;
#2480 = PLANE ( 'NONE',  #496 ) ;
#2481 = CARTESIAN_POINT ( 'NONE',  ( -3.935000000000000053, -0.7600000000000001199, 0.7600000000000001199 ) ) ;
#2482 = ORIENTED_EDGE ( 'NONE', *, *, #1863, .F. ) ;
#2483 = EDGE_CURVE ( 'NONE', #504, #2731, #1360, .T. ) ;
#2484 = DIRECTION ( 'NONE',  ( 0.000000000000000000, 0.000000000000000000, 1.000000000000000000 ) ) ;
#2485 = VECTOR ( 'NONE', #2239, 1000.000000000000000 ) ;
#2486 = CARTESIAN_POINT ( 'NONE',  ( 3.685000000000000053, -3.810000000000000053, 1.520000000000000240 ) ) ;
#2487 = CARTESIAN_POINT ( 'NONE',  ( -2.098641902177089680, 4.799999999999998934, -1.224843398168362629 ) ) ;
#2488 = ADVANCED_FACE ( 'NONE', ( #53 ), #729, .F. ) ;
#2489 = CARTESIAN_POINT ( 'NONE',  ( 3.935000000000001830, 0.000000000000000000, 1.500575874220467343 ) ) ;
#2490 = ORIENTED_EDGE ( 'NONE', *, *, #369, .F. ) ;
#2491 = DIRECTION ( 'NONE',  ( -1.000000000000000000, 0.000000000000000000, 0.000000000000000000 ) ) ;
#2492 = DIRECTION ( 'NONE',  ( -0.000000000000000000, 1.000000000000000000, 0.000000000000000000 ) ) ;
#2493 = CIRCLE ( 'NONE', #1298, 0.3648317375651108918 ) ;
#2494 = DIRECTION ( 'NONE',  ( -1.000000000000000000, -1.408054769461694435E-16, 0.000000000000000000 ) ) ;
#2495 = ORIENTED_EDGE ( 'NONE', *, *, #206, .T. ) ;
#2496 = CARTESIAN_POINT ( 'NONE',  ( 3.249999999999996447, 2.649999999999999467, -2.290000000000003588 ) ) ;
#2497 = VECTOR ( 'NONE', #1294, 1000.000000000000000 ) ;
#2498 = CARTESIAN_POINT ( 'NONE',  ( -3.685000000000000053, 2.349999999999999201, 1.020000000000000240 ) ) ;
#2499 = DIRECTION ( 'NONE',  ( -1.000000000000000000, -0.000000000000000000, 3.336006684570785074E-16 ) ) ;
#2500 = VECTOR ( 'NONE', #367, 1000.000000000000000 ) ;
#2501 = ADVANCED_FACE ( 'NONE', ( #1172 ), #1562, .T. ) ;
#2502 = EDGE_CURVE ( 'NONE', #2321, #640, #2441, .T. ) ;
#2503 = FACE_OUTER_BOUND ( 'NONE', #2813, .T. ) ;
#2504 = EDGE_CURVE ( 'NONE', #445, #2056, #1131, .T. ) ;
#2505 = ORIENTED_EDGE ( 'NONE', *, *, #1138, .F. ) ;
#2506 = ORIENTED_EDGE ( 'NONE', *, *, #2006, .T. ) ;
#2507 = PLANE ( 'NONE',  #1322 ) ;
#2508 = DIRECTION ( 'NONE',  ( 0.000000000000000000, -0.9902680687415703620, 0.1391731009600657432 ) ) ;
#2509 = CARTESIAN_POINT ( 'NONE',  ( -3.935000000000000053, -3.541936634936323713, -1.019999999999999130 ) ) ;
#2510 = ADVANCED_FACE ( 'NONE', ( #1799 ), #1117, .T. ) ;
#2511 = EDGE_LOOP ( 'NONE', ( #636, #788, #85, #2608 ) ) ;
#2512 = CARTESIAN_POINT ( 'NONE',  ( -3.685000000000000053, 1.933132337141316492, -1.994999999999999885 ) ) ;
#2513 = DIRECTION ( 'NONE',  ( -1.000000000000000000, 0.000000000000000000, 0.000000000000000000 ) ) ;
#2514 = EDGE_CURVE ( 'NONE', #2344, #107, #29, .T. ) ;
#2515 = DIRECTION ( 'NONE',  ( 0.000000000000000000, -0.000000000000000000, -1.000000000000000000 ) ) ;
#2516 = CARTESIAN_POINT ( 'NONE',  ( 3.634999999999999343, 2.649999999999999467, -1.500575874220467343 ) ) ;
#2517 = AXIS2_PLACEMENT_3D ( 'NONE', #422, #2755, #193 ) ;
#2518 = DIRECTION ( 'NONE',  ( 0.000000000000000000, 0.000000000000000000, 1.000000000000000000 ) ) ;
#2519 = ORIENTED_EDGE ( 'NONE', *, *, #761, .T. ) ;
#2520 = ORIENTED_EDGE ( 'NONE', *, *, #1498, .T. ) ;
#2521 = CARTESIAN_POINT ( 'NONE',  ( -3.634999999999999343, 2.649999999999999467, 1.520000000000000240 ) ) ;
#2522 = DIRECTION ( 'NONE',  ( 1.000000000000000000, -1.836970198721034371E-16, 0.000000000000000000 ) ) ;
#2523 = FACE_OUTER_BOUND ( 'NONE', #1581, .T. ) ;
#2524 = ORIENTED_EDGE ( 'NONE', *, *, #269, .F. ) ;
#2525 = DIRECTION ( 'NONE',  ( -1.000000000000000000, 0.000000000000000000, 3.336006684570784581E-16 ) ) ;
#2526 = DIRECTION ( 'NONE',  ( -1.000000000000000000, 0.000000000000000000, 0.000000000000000000 ) ) ;
#2527 = CARTESIAN_POINT ( 'NONE',  ( -3.250000000000000888, 2.649999999999999467, 2.290000000000001812 ) ) ;
#2528 = CARTESIAN_POINT ( 'NONE',  ( -3.935000000000000053, 2.349999999999999201, 0.5450000000000003730 ) ) ;
#2529 = VECTOR ( 'NONE', #1153, 1000.000000000000000 ) ;
#2530 = VECTOR ( 'NONE', #2670, 1000.000000000000000 ) ;
#2531 = ORIENTED_EDGE ( 'NONE', *, *, #2648, .F. ) ;
#2532 = AXIS2_PLACEMENT_3D ( 'NONE', #2763, #2551, #1671 ) ;
#2533 = CARTESIAN_POINT ( 'NONE',  ( -3.685000000000000053, -3.810000000000018261, -1.394999999999999574 ) ) ;
#2534 = EDGE_LOOP ( 'NONE', ( #319, #1994, #690, #1188 ) ) ;
#2535 = EDGE_CURVE ( 'NONE', #522, #2180, #2684, .T. ) ;
#2536 = CARTESIAN_POINT ( 'NONE',  ( 3.685000000000000053, -4.336808689942017736E-16, 1.020000000000000240 ) ) ;
#2537 = DIRECTION ( 'NONE',  ( 0.000000000000000000, -0.000000000000000000, -1.000000000000000000 ) ) ;
#2538 = DIRECTION ( 'NONE',  ( 1.408054769461694435E-16, 1.000000000000000000, 0.000000000000000000 ) ) ;
#2539 = EDGE_LOOP ( 'NONE', ( #491, #598, #2444, #1086 ) ) ;
#2540 = VECTOR ( 'NONE', #495, 1000.000000000000000 ) ;
#2541 = LINE ( 'NONE', #2110, #1683 ) ;
#2542 = ORIENTED_EDGE ( 'NONE', *, *, #1469, .T. ) ;
#2543 = EDGE_CURVE ( 'NONE', #1426, #705, #945, .T. ) ;
#2544 =( GEOMETRIC_REPRESENTATION_CONTEXT ( 3 ) GLOBAL_UNCERTAINTY_ASSIGNED_CONTEXT ( ( #453 ) ) GLOBAL_UNIT_ASSIGNED_CONTEXT ( ( #1595, #2436, #467 ) ) REPRESENTATION_CONTEXT ( 'NONE', 'WORKASPACE' ) );
#2545 = LINE ( 'NONE', #2345, #1167 ) ;
#2546 = ORIENTED_EDGE ( 'NONE', *, *, #2135, .F. ) ;
#2547 = AXIS2_PLACEMENT_3D ( 'NONE', #188, #156, #1053 ) ;
#2548 = DIRECTION ( 'NONE',  ( -0.000000000000000000, 0.7071067811865474617, 0.7071067811865474617 ) ) ;
#2549 = ORIENTED_EDGE ( 'NONE', *, *, #691, .T. ) ;
#2550 = DIRECTION ( 'NONE',  ( 0.000000000000000000, -0.000000000000000000, -1.000000000000000000 ) ) ;
#2551 = DIRECTION ( 'NONE',  ( -1.000000000000000000, -1.408054769461694435E-16, 0.000000000000000000 ) ) ;
#2552 = EDGE_LOOP ( 'NONE', ( #288, #149, #647, #463 ) ) ;
#2553 = CARTESIAN_POINT ( 'NONE',  ( -3.250000000000000888, 2.649999999999999467, -2.290000000000001368 ) ) ;
#2554 = CARTESIAN_POINT ( 'NONE',  ( 3.634999999999999343, 2.349999999999999201, 1.500575874220467343 ) ) ;
#2555 = VERTEX_POINT ( 'NONE', #286 ) ;
#2556 = VERTEX_POINT ( 'NONE', #2696 ) ;
#2557 = CARTESIAN_POINT ( 'NONE',  ( 3.935000000000001830, 0.5099999999999996758, -0.5099999999999995648 ) ) ;
#2558 = SURFACE_SIDE_STYLE ('',( #2143 ) ) ;
#2559 = VECTOR ( 'NONE', #2418, 1000.000000000000000 ) ;
#2560 = AXIS2_PLACEMENT_3D ( 'NONE', #688, #2440, #1129 ) ;
#2561 = CARTESIAN_POINT ( 'NONE',  ( -3.250000000000000888, 2.649999999999999467, 2.290000000000001812 ) ) ;
#2562 = VERTEX_POINT ( 'NONE', #1332 ) ;
#2563 = ORIENTED_EDGE ( 'NONE', *, *, #799, .F. ) ;
#2564 = CARTESIAN_POINT ( 'NONE',  ( -3.250000000000000888, 2.649999999999999467, -2.290000000000001368 ) ) ;
#2565 = CARTESIAN_POINT ( 'NONE',  ( -3.935000000000000053, 2.349999999999999201, 1.520000000000000240 ) ) ;
#2566 = ORIENTED_EDGE ( 'NONE', *, *, #1220, .T. ) ;
#2567 = LINE ( 'NONE', #1495, #1952 ) ;
#2568 = DIRECTION ( 'NONE',  ( 0.000000000000000000, 1.000000000000000000, 0.000000000000000000 ) ) ;
#2569 = EDGE_CURVE ( 'NONE', #1612, #1426, #2266, .T. ) ;
#2570 = ORIENTED_EDGE ( 'NONE', *, *, #2092, .T. ) ;
#2571 = ORIENTED_EDGE ( 'NONE', *, *, #893, .F. ) ;
#2572 = LINE ( 'NONE', #820, #2414 ) ;
#2573 = PLANE ( 'NONE',  #370 ) ;
#2574 = VECTOR ( 'NONE', #1772, 1000.000000000000000 ) ;
#2575 = CARTESIAN_POINT ( 'NONE',  ( -3.685000000000000053, 1.174999999999999600, 2.694999999999999840 ) ) ;
#2576 = ORIENTED_EDGE ( 'NONE', *, *, #2648, .T. ) ;
#2577 = EDGE_CURVE ( 'NONE', #1051, #2833, #2211, .T. ) ;
#2578 = DIRECTION ( 'NONE',  ( 0.000000000000000000, 1.000000000000000000, -0.000000000000000000 ) ) ;
#2579 = ORIENTED_EDGE ( 'NONE', *, *, #656, .T. ) ;
#2580 = ORIENTED_EDGE ( 'NONE', *, *, #986, .T. ) ;
#2581 = ORIENTED_EDGE ( 'NONE', *, *, #2835, .T. ) ;
#2582 = PLANE ( 'NONE',  #2547 ) ;
#2583 = DIRECTION ( 'NONE',  ( 0.1378445374916288380, 0.9808148484639890308, -0.1378445374916289767 ) ) ;
#2584 = AXIS2_PLACEMENT_3D ( 'NONE', #2412, #1087, #217 ) ;
#2585 = EDGE_LOOP ( 'NONE', ( #591, #2261, #1775, #887 ) ) ;
#2586 = EDGE_LOOP ( 'NONE', ( #2126, #449, #2549, #1908 ) ) ;
#2587 = CARTESIAN_POINT ( 'NONE',  ( -2.947837205389858273, 4.799999999999998934, -1.987837205389859419 ) ) ;
#2588 = DIRECTION ( 'NONE',  ( -0.000000000000000000, 0.000000000000000000, 1.000000000000000000 ) ) ;
#2589 = AXIS2_PLACEMENT_3D ( 'NONE', #793, #2762, #1429 ) ;
#2590 = CARTESIAN_POINT ( 'NONE',  ( 3.250000000000000888, 2.649999999999999467, 0.5450000000000003730 ) ) ;
#2591 = EDGE_CURVE ( 'NONE', #2250, #862, #904, .T. ) ;
#2592 = EDGE_CURVE ( 'NONE', #522, #1180, #689, .T. ) ;
#2593 = ORIENTED_EDGE ( 'NONE', *, *, #1342, .T. ) ;
#2594 = FILL_AREA_STYLE ('',( #2623 ) ) ;
#2595 = ORIENTED_EDGE ( 'NONE', *, *, #2462, .T. ) ;
#2596 = VERTEX_POINT ( 'NONE', #702 ) ;
#2597 = LINE ( 'NONE', #1919, #1900 ) ;
#2598 = DIRECTION ( 'NONE',  ( 1.000000000000000000, 0.000000000000000000, 0.000000000000000000 ) ) ;
#2599 = EDGE_CURVE ( 'NONE', #2596, #2180, #1577, .T. ) ;
#2600 = ORIENTED_EDGE ( 'NONE', *, *, #597, .F. ) ;
#2601 = ORIENTED_EDGE ( 'NONE', *, *, #1700, .F. ) ;
#2602 = CARTESIAN_POINT ( 'NONE',  ( 3.634999999999999343, 2.349999999999999201, 1.020000000000000240 ) ) ;
#2603 = FACE_OUTER_BOUND ( 'NONE', #215, .T. ) ;
#2604 = EDGE_CURVE ( 'NONE', #504, #2745, #2059, .T. ) ;
#2605 = UNCERTAINTY_MEASURE_WITH_UNIT (LENGTH_MEASURE( 1.000000000000000082E-05 ), #787, 'distance_accuracy_value', 'NONE');
#2606 = CARTESIAN_POINT ( 'NONE',  ( 3.685000000000000053, 2.349999999999999201, -1.500575874220467343 ) ) ;
#2607 = VECTOR ( 'NONE', #716, 1000.000000000000000 ) ;
#2608 = ORIENTED_EDGE ( 'NONE', *, *, #973, .T. ) ;
#2609 = CARTESIAN_POINT ( 'NONE',  ( 3.250000000000000888, 2.399999999999999467, -1.019999999999999796 ) ) ;
#2610 = EDGE_LOOP ( 'NONE', ( #1825, #2460, #748, #2601, #1431, #256, #703, #371 ) ) ;
#2611 = ORIENTED_EDGE ( 'NONE', *, *, #1940, .F. ) ;
#2612 = DIRECTION ( 'NONE',  ( 0.000000000000000000, -1.000000000000000000, 0.000000000000000000 ) ) ;
#2613 = EDGE_CURVE ( 'NONE', #2562, #232, #2120, .T. ) ;
#2614 = PRESENTATION_LAYER_ASSIGNMENT (  '', '', ( #2381 ) ) ;
#2615 = DIRECTION ( 'NONE',  ( 0.000000000000000000, -1.000000000000000000, -0.000000000000000000 ) ) ;
#2616 = EDGE_LOOP ( 'NONE', ( #1669, #191, #361, #43 ) ) ;
#2617 = VERTEX_POINT ( 'NONE', #2509 ) ;
#2618 = FACE_OUTER_BOUND ( 'NONE', #2539, .T. ) ;
#2619 = DIRECTION ( 'NONE',  ( -0.000000000000000000, 1.000000000000000000, 0.000000000000000000 ) ) ;
#2620 = DIRECTION ( 'NONE',  ( 1.000000000000000000, 0.000000000000000000, 0.000000000000000000 ) ) ;
#2621 = LINE ( 'NONE', #2465, #23 ) ;
#2622 = ORIENTED_EDGE ( 'NONE', *, *, #369, .T. ) ;
#2623 = FILL_AREA_STYLE_COLOUR ( '', #242 ) ;
#2624 = DIRECTION ( 'NONE',  ( 1.000000000000000000, 0.000000000000000000, 0.000000000000000000 ) ) ;
#2625 = VECTOR ( 'NONE', #1992, 1000.000000000000000 ) ;
#2626 = LINE ( 'NONE', #1547, #1684 ) ;
#2627 = CARTESIAN_POINT ( 'NONE',  ( -3.935000000000000053, 0.000000000000000000, 1.520000000000000240 ) ) ;
#2628 = VERTEX_POINT ( 'NONE', #96 ) ;
#2629 = EDGE_CURVE ( 'NONE', #1173, #1424, #2075, .T. ) ;
#2630 = VERTEX_POINT ( 'NONE', #375 ) ;
#2631 = CARTESIAN_POINT ( 'NONE',  ( -3.685000000000000053, 1.297663615529469405, 3.776742659201050234 ) ) ;
#2632 = CARTESIAN_POINT ( 'NONE',  ( 3.634999999999999343, 2.649999999999999467, -1.019999999999999796 ) ) ;
#2633 = EDGE_CURVE ( 'NONE', #2104, #1005, #2309, .T. ) ;
#2634 = AXIS2_PLACEMENT_3D ( 'NONE', #2205, #46, #253 ) ;
#2635 = DIRECTION ( 'NONE',  ( -1.000000000000000000, 0.000000000000000000, 0.000000000000000000 ) ) ;
#2636 = DIRECTION ( 'NONE',  ( -0.000000000000000000, 0.9063077870366492705, 0.4226182617407008846 ) ) ;
#2637 = EDGE_CURVE ( 'NONE', #1679, #1304, #101, .T. ) ;
#2638 = DIRECTION ( 'NONE',  ( -5.681408764116178171E-16, -0.000000000000000000, -1.000000000000000000 ) ) ;
#2639 = VECTOR ( 'NONE', #1081, 1000.000000000000000 ) ;
#2640 = DIRECTION ( 'NONE',  ( 0.000000000000000000, 1.000000000000000000, 0.000000000000000000 ) ) ;
#2641 = VERTEX_POINT ( 'NONE', #527 ) ;
#2642 = CARTESIAN_POINT ( 'NONE',  ( -3.250000000000000888, 2.399999999999999467, 1.500575874220467343 ) ) ;
#2643 = CARTESIAN_POINT ( 'NONE',  ( 3.935000000000000053, 2.349999999999999201, 1.520000000000000240 ) ) ;
#2644 = VECTOR ( 'NONE', #624, 1000.000000000000000 ) ;
#2645 = ORIENTED_EDGE ( 'NONE', *, *, #293, .F. ) ;
#2646 = ORIENTED_EDGE ( 'NONE', *, *, #385, .F. ) ;
#2647 = CARTESIAN_POINT ( 'NONE',  ( -3.634999999999999343, 2.349999999999999201, 1.020000000000000240 ) ) ;
#2648 = EDGE_CURVE ( 'NONE', #1275, #190, #2091, .T. ) ;
#2649 = DIRECTION ( 'NONE',  ( 1.000000000000000000, 0.000000000000000000, 0.000000000000000000 ) ) ;
#2650 = LINE ( 'NONE', #2663, #433 ) ;
#2651 = AXIS2_PLACEMENT_3D ( 'NONE', #299, #1589, #2706 ) ;
#2652 = CARTESIAN_POINT ( 'NONE',  ( -3.634999999999999343, 2.349999999999999201, -1.019999999999999796 ) ) ;
#2653 = DIRECTION ( 'NONE',  ( -0.000000000000000000, 1.000000000000000000, 0.000000000000000000 ) ) ;
#2654 = LINE ( 'NONE', #1144, #1151 ) ;
#2655 = ORIENTED_EDGE ( 'NONE', *, *, #2629, .F. ) ;
#2656 = VECTOR ( 'NONE', #2499, 1000.000000000000000 ) ;
#2657 = ORIENTED_EDGE ( 'NONE', *, *, #479, .T. ) ;
#2658 = LINE ( 'NONE', #1776, #1622 ) ;
#2659 = SURFACE_STYLE_USAGE ( .BOTH. , #483 ) ;
#2660 = ADVANCED_FACE ( 'NONE', ( #781 ), #1615, .T. ) ;
#2661 = ADVANCED_FACE ( 'NONE', ( #997 ), #2107, .T. ) ;
#2662 = FILL_AREA_STYLE_COLOUR ( '', #1024 ) ;
#2663 = CARTESIAN_POINT ( 'NONE',  ( 3.935000000000001830, -3.810000000000000053, 1.395000000000000462 ) ) ;
#2664 =( NAMED_UNIT ( * ) PLANE_ANGLE_UNIT ( ) SI_UNIT ( $, .RADIAN. ) );
#2665 = CARTESIAN_POINT ( 'NONE',  ( -3.250000000000000888, 0.2500000000000006661, -1.987837205389859419 ) ) ;
#2666 = PRODUCT_RELATED_PRODUCT_CATEGORY ( 'part', '', ( #714 ) ) ;
#2667 = VERTEX_POINT ( 'NONE', #2723 ) ;
#2668 = DIRECTION ( 'NONE',  ( -3.690901012716612129E-16, -1.000000000000000000, 0.000000000000000000 ) ) ;
#2669 = CARTESIAN_POINT ( 'NONE',  ( 3.685000000000000053, 2.349999999999999201, 1.520000000000000240 ) ) ;
#2670 = DIRECTION ( 'NONE',  ( 3.690901012716612129E-16, -1.000000000000000000, 0.000000000000000000 ) ) ;
#2671 = AXIS2_PLACEMENT_3D ( 'NONE', #845, #2615, #189 ) ;
#2672 = ORIENTED_EDGE ( 'NONE', *, *, #2599, .T. ) ;
#2673 = ORIENTED_EDGE ( 'NONE', *, *, #741, .T. ) ;
#2674 = PRODUCT_DEFINITION_FORMATION_WITH_SPECIFIED_SOURCE ( 'ANY', '', #714, .NOT_KNOWN. ) ;
#2675 = CARTESIAN_POINT ( 'NONE',  ( -3.685000000000000053, 1.106152504749724041, -1.147439561622684456 ) ) ;
#2676 = FACE_OUTER_BOUND ( 'NONE', #1518, .T. ) ;
#2677 = VECTOR ( 'NONE', #2548, 1000.000000000000114 ) ;
#2678 = COLOUR_RGB ( '',0.7921568627450980005, 0.8196078431372548767, 0.9333333333333333481 ) ;
#2679 = EDGE_CURVE ( 'NONE', #516, #66, #2394, .T. ) ;
#2680 = DIRECTION ( 'NONE',  ( 0.000000000000000000, -1.000000000000000000, 0.000000000000000000 ) ) ;
#2681 = AXIS2_PLACEMENT_3D ( 'NONE', #2219, #2232, #2014 ) ;
#2682 = DIRECTION ( 'NONE',  ( -1.000000000000000000, 0.000000000000000000, 0.000000000000000000 ) ) ;
#2683 = DIRECTION ( 'NONE',  ( 1.000000000000000000, 0.000000000000000000, 0.000000000000000000 ) ) ;
#2684 = LINE ( 'NONE', #956, #1654 ) ;
#2685 = ORIENTED_EDGE ( 'NONE', *, *, #875, .F. ) ;
#2686 = AXIS2_PLACEMENT_3D ( 'NONE', #1324, #2401, #637 ) ;
#2687 = DIRECTION ( 'NONE',  ( 0.000000000000000000, -0.7071067811865475727, 0.7071067811865475727 ) ) ;
#2688 = DIRECTION ( 'NONE',  ( 5.681408764116178171E-16, -0.000000000000000000, 1.000000000000000000 ) ) ;
#2689 = CARTESIAN_POINT ( 'NONE',  ( 3.685000000000000053, 0.9249999999999984901, 0.09500000000000002887 ) ) ;
#2690 = PRODUCT_CONTEXT ( 'NONE', #2093, 'mechanical' ) ;
#2691 = ADVANCED_FACE ( 'NONE', ( #2523 ), #1202, .F. ) ;
#2692 = FACE_OUTER_BOUND ( 'NONE', #1563, .T. ) ;
#2693 = ORIENTED_EDGE ( 'NONE', *, *, #1638, .F. ) ;
#2694 = FACE_OUTER_BOUND ( 'NONE', #819, .T. ) ;
#2695 = LINE ( 'NONE', #1347, #1816 ) ;
#2696 = CARTESIAN_POINT ( 'NONE',  ( -2.463473639742200572, 4.699999999999998401, -1.224843398168362629 ) ) ;
#2697 = VECTOR ( 'NONE', #1810, 1000.000000000000000 ) ;
#2698 = VECTOR ( 'NONE', #271, 1000.000000000000000 ) ;
#2699 = EDGE_LOOP ( 'NONE', ( #1284, #325, #2094, #2371 ) ) ;
#2700 = ADVANCED_FACE ( 'NONE', ( #571 ), #1447, .F. ) ;
#2701 = DIRECTION ( 'NONE',  ( -1.000000000000000000, 0.000000000000000000, 0.000000000000000000 ) ) ;
#2702 = CARTESIAN_POINT ( 'NONE',  ( -3.634999999999999343, 2.349999999999999201, 1.500575874220467343 ) ) ;
#2703 = CARTESIAN_POINT ( 'NONE',  ( 3.935000000000001830, -3.541936634936323713, -1.019999999999999130 ) ) ;
#2704 = DIRECTION ( 'NONE',  ( 1.000000000000000000, -0.000000000000000000, -3.336006684570785074E-16 ) ) ;
#2705 = LINE ( 'NONE', #2044, #589 ) ;
#2706 = DIRECTION ( 'NONE',  ( 0.000000000000000000, 0.7071067811865474617, -0.7071067811865476838 ) ) ;
#2707 = DIRECTION ( 'NONE',  ( 0.000000000000000000, 0.000000000000000000, -1.000000000000000000 ) ) ;
#2708 = ORIENTED_EDGE ( 'NONE', *, *, #385, .T. ) ;
#2709 = DIRECTION ( 'NONE',  ( -3.303540896838879411E-16, 0.1391731009600657432, -0.9902680687415703620 ) ) ;
#2710 = VECTOR ( 'NONE', #1904, 1000.000000000000000 ) ;
#2711 = EDGE_CURVE ( 'NONE', #1770, #1089, #2325, .T. ) ;
#2712 = ADVANCED_FACE ( 'NONE', ( #360 ), #139, .F. ) ;
#2713 = CARTESIAN_POINT ( 'NONE',  ( 3.634999999999999343, 2.349999999999999201, 1.520000000000000240 ) ) ;
#2714 = FACE_OUTER_BOUND ( 'NONE', #394, .T. ) ;
#2715 = ADVANCED_FACE ( 'NONE', ( #1460 ), #1884, .F. ) ;
#2716 = VECTOR ( 'NONE', #120, 1000.000000000000000 ) ;
#2717 = DIRECTION ( 'NONE',  ( 0.000000000000000000, 0.7071067811865474617, -0.7071067811865476838 ) ) ;
#2718 = EDGE_LOOP ( 'NONE', ( #765, #770 ) ) ;
#2719 = ORIENTED_EDGE ( 'NONE', *, *, #1778, .F. ) ;
#2720 = DIRECTION ( 'NONE',  ( -1.000000000000000000, 0.000000000000000000, 0.000000000000000000 ) ) ;
#2721 = DIRECTION ( 'NONE',  ( 0.000000000000000000, 0.000000000000000000, -1.000000000000000000 ) ) ;
#2722 = VECTOR ( 'NONE', #1163, 1000.000000000000000 ) ;
#2723 = CARTESIAN_POINT ( 'NONE',  ( 2.947837205389856496, 0.2500000000000006661, 1.987837205389857642 ) ) ;
#2724 = VERTEX_POINT ( 'NONE', #585 ) ;
#2725 = LINE ( 'NONE', #970, #949 ) ;
#2726 = LINE ( 'NONE', #86, #362 ) ;
#2727 = CIRCLE ( 'NONE', #254, 0.3000000000000007661 ) ;
#2728 = DIRECTION ( 'NONE',  ( -0.000000000000000000, 0.7071067811865474617, 0.7071067811865476838 ) ) ;
#2729 = EDGE_CURVE ( 'NONE', #2356, #1655, #1023, .T. ) ;
#2730 = PLANE ( 'NONE',  #480 ) ;
#2731 = VERTEX_POINT ( 'NONE', #1184 ) ;
#2732 = ORIENTED_EDGE ( 'NONE', *, *, #2395, .F. ) ;
#2733 = ORIENTED_EDGE ( 'NONE', *, *, #2028, .T. ) ;
#2734 = DIRECTION ( 'NONE',  ( -1.000000000000000000, 0.000000000000000000, 0.000000000000000000 ) ) ;
#2735 = FACE_OUTER_BOUND ( 'NONE', #2428, .T. ) ;
#2736 = CARTESIAN_POINT ( 'NONE',  ( 3.935000000000001830, 2.649999999999999467, -1.500575874220467343 ) ) ;
#2737 = ORIENTED_EDGE ( 'NONE', *, *, #1487, .F. ) ;
#2738 = DIRECTION ( 'NONE',  ( -1.000000000000000000, 0.000000000000000000, 0.000000000000000000 ) ) ;
#2739 = CARTESIAN_POINT ( 'NONE',  ( -3.634999999999999343, 2.649999999999999467, -0.5449999999999999289 ) ) ;
#2740 = MANIFOLD_SOLID_BREP ( 'Cut-Extrude1[2]', #1893 ) ;
#2741 = DIRECTION ( 'NONE',  ( -1.000000000000000000, 0.000000000000000000, 0.000000000000000000 ) ) ;
#2742 = PRESENTATION_STYLE_ASSIGNMENT (( #291 ) ) ;
#2743 = EDGE_CURVE ( 'NONE', #245, #2224, #2193, .T. ) ;
#2744 = LINE ( 'NONE', #400, #2310 ) ;
#2745 = VERTEX_POINT ( 'NONE', #1689 ) ;
#2746 = ORIENTED_EDGE ( 'NONE', *, *, #1702, .F. ) ;
#2747 = PLANE ( 'NONE',  #723 ) ;
#2748 = CARTESIAN_POINT ( 'NONE',  ( 3.935000000000001830, 1.933132337141316937, -1.500575874220467343 ) ) ;
#2749 = CARTESIAN_POINT ( 'NONE',  ( 3.634999999999999343, 2.349999999999999201, -0.5449999999999999289 ) ) ;
#2750 = ADVANCED_FACE ( 'NONE', ( #2392 ), #1036, .T. ) ;
#2751 = ORIENTED_EDGE ( 'NONE', *, *, #2569, .F. ) ;
#2752 = DIRECTION ( 'NONE',  ( -0.000000000000000000, 0.000000000000000000, 1.000000000000000000 ) ) ;
#2753 = EDGE_LOOP ( 'NONE', ( #2673, #2030, #2072, #2055 ) ) ;
#2754 = CARTESIAN_POINT ( 'NONE',  ( -3.935000000000000053, 1.933132337141316937, -1.500575874220467343 ) ) ;
#2755 = DIRECTION ( 'NONE',  ( -0.000000000000000000, 0.000000000000000000, 1.000000000000000000 ) ) ;
#2756 = VECTOR ( 'NONE', #768, 1000.000000000000000 ) ;
#2757 = VERTEX_POINT ( 'NONE', #1473 ) ;
#2758 = CARTESIAN_POINT ( 'NONE',  ( 3.685000000000000053, 1.933132337141316937, -1.994999999999999440 ) ) ;
#2759 = EDGE_LOOP ( 'NONE', ( #1128, #1474, #2524, #2593 ) ) ;
#2760 = VERTEX_POINT ( 'NONE', #1283 ) ;
#2761 = EDGE_CURVE ( 'NONE', #283, #1043, #1098, .T. ) ;
#2762 = DIRECTION ( 'NONE',  ( -0.000000000000000000, 1.000000000000000000, 0.000000000000000000 ) ) ;
#2763 = CARTESIAN_POINT ( 'NONE',  ( 3.935000000000000053, 2.349999999999999201, -1.019999999999999796 ) ) ;
#2764 = EDGE_LOOP ( 'NONE', ( #2685, #1641, #2114, #65 ) ) ;
#2765 = VECTOR ( 'NONE', #1446, 1000.000000000000000 ) ;
#2766 = CARTESIAN_POINT ( 'NONE',  ( 3.935000000000001830, 2.349999999999999201, -1.500575874220467343 ) ) ;
#2767 = LINE ( 'NONE', #2124, #287 ) ;
#2768 = VERTEX_POINT ( 'NONE', #2134 ) ;
#2769 = DIRECTION ( 'NONE',  ( 0.000000000000000000, 0.000000000000000000, -1.000000000000000000 ) ) ;
#2770 = VERTEX_POINT ( 'NONE', #1490 ) ;
#2771 = AXIS2_PLACEMENT_3D ( 'NONE', #1076, #2187, #2828 ) ;
#2772 = CARTESIAN_POINT ( 'NONE',  ( 3.685000000000000053, 1.174999999999998934, 0.1550000000000001932 ) ) ;
#2773 = VERTEX_POINT ( 'NONE', #2834 ) ;
#2774 = ORIENTED_EDGE ( 'NONE', *, *, #2761, .F. ) ;
#2775 = LINE ( 'NONE', #2090, #2265 ) ;
#2776 = CARTESIAN_POINT ( 'NONE',  ( -3.685000000000000053, 0.9249999999999984901, 0.09500000000000002887 ) ) ;
#2777 = EDGE_CURVE ( 'NONE', #32, #1180, #2179, .T. ) ;
#2778 = ORIENTED_EDGE ( 'NONE', *, *, #1993, .T. ) ;
#2779 = CARTESIAN_POINT ( 'NONE',  ( -3.250000000000000888, 2.649999999999999467, 0.5450000000000003730 ) ) ;
#2780 = CARTESIAN_POINT ( 'NONE',  ( -2.098641902177089680, 4.799999999999998934, -1.224843398168362629 ) ) ;
#2781 = EDGE_LOOP ( 'NONE', ( #1879, #1235, #147, #1915 ) ) ;
#2782 = ORIENTED_EDGE ( 'NONE', *, *, #2804, .F. ) ;
#2783 = DIRECTION ( 'NONE',  ( -5.681408764116177185E-16, 0.000000000000000000, -1.000000000000000000 ) ) ;
#2784 = LINE ( 'NONE', #1724, #2108 ) ;
#2785 = VECTOR ( 'NONE', #2721, 1000.000000000000000 ) ;
#2786 = VECTOR ( 'NONE', #1200, 1000.000000000000000 ) ;
#2787 = VECTOR ( 'NONE', #1985, 1000.000000000000000 ) ;
#2788 = LINE ( 'NONE', #582, #2812 ) ;
#2789 = VERTEX_POINT ( 'NONE', #2790 ) ;
#2790 = CARTESIAN_POINT ( 'NONE',  ( -3.935000000000000053, -3.541936634936323713, -1.519999999999999796 ) ) ;
#2791 = EDGE_LOOP ( 'NONE', ( #196, #987, #1454, #2399 ) ) ;
#2792 = VERTEX_POINT ( 'NONE', #615 ) ;
#2793 = FACE_OUTER_BOUND ( 'NONE', #785, .T. ) ;
#2794 = DIRECTION ( 'NONE',  ( 0.000000000000000000, -1.000000000000000000, 0.000000000000000000 ) ) ;
#2795 = ORIENTED_EDGE ( 'NONE', *, *, #1269, .T. ) ;
#2796 = VERTEX_POINT ( 'NONE', #2363 ) ;
#2797 = DIRECTION ( 'NONE',  ( 0.000000000000000000, -1.000000000000000000, -0.000000000000000000 ) ) ;
#2798 = EDGE_CURVE ( 'NONE', #2760, #2344, #1947, .T. ) ;
#2799 = EDGE_CURVE ( 'NONE', #203, #1525, #1050, .T. ) ;
#2800 = CARTESIAN_POINT ( 'NONE',  ( 3.935000000000001830, 2.649999999999999467, 1.500575874220467343 ) ) ;
#2801 = ADVANCED_FACE ( 'NONE', ( #2821 ), #197, .F. ) ;
#2802 = AXIS2_PLACEMENT_3D ( 'NONE', #1869, #1838, #1430 ) ;
#2803 = FACE_OUTER_BOUND ( 'NONE', #499, .T. ) ;
#2804 = EDGE_CURVE ( 'NONE', #2768, #870, #1728, .T. ) ;
#2805 = AXIS2_PLACEMENT_3D ( 'NONE', #841, #1717, #856 ) ;
#2806 = ORIENTED_EDGE ( 'NONE', *, *, #643, .F. ) ;
#2807 = DIRECTION ( 'NONE',  ( 1.408054769461694435E-16, -1.000000000000000000, 0.000000000000000000 ) ) ;
#2808 = ORIENTED_EDGE ( 'NONE', *, *, #1073, .F. ) ;
#2809 = DIRECTION ( 'NONE',  ( 1.000000000000000000, 0.000000000000000000, 0.000000000000000000 ) ) ;
#2810 = DIRECTION ( 'NONE',  ( 0.000000000000000000, 0.000000000000000000, -1.000000000000000000 ) ) ;
#2811 = ADVANCED_FACE ( 'NONE', ( #1519 ), #428, .F. ) ;
#2812 = VECTOR ( 'NONE', #777, 1000.000000000000000 ) ;
#2813 = EDGE_LOOP ( 'NONE', ( #617, #653, #2566, #1055 ) ) ;
#2814 = VERTEX_POINT ( 'NONE', #1085 ) ;
#2815 = AXIS2_PLACEMENT_3D ( 'NONE', #2274, #294, #2054 ) ;
#2816 = CARTESIAN_POINT ( 'NONE',  ( 3.634999999999999343, 2.349999999999999201, -1.500575874220467343 ) ) ;
#2817 = CARTESIAN_POINT ( 'NONE',  ( -3.250000000000000888, 2.649999999999999467, -2.290000000000001368 ) ) ;
#2818 = LINE ( 'NONE', #1529, #1895 ) ;
#2819 = VECTOR ( 'NONE', #1286, 1000.000000000000000 ) ;
#2820 = ORIENTED_EDGE ( 'NONE', *, *, #1127, .T. ) ;
#2821 = FACE_OUTER_BOUND ( 'NONE', #1938, .T. ) ;
#2822 = ORIENTED_EDGE ( 'NONE', *, *, #337, .F. ) ;
#2823 = ORIENTED_EDGE ( 'NONE', *, *, #1315, .T. ) ;
#2824 = PLANE ( 'NONE',  #1307 ) ;
#2825 = DIRECTION ( 'NONE',  ( 1.408054769461694435E-16, -1.000000000000000000, 0.000000000000000000 ) ) ;
#2826 = ORIENTED_EDGE ( 'NONE', *, *, #1848, .T. ) ;
#2827 = ORIENTED_EDGE ( 'NONE', *, *, #2092, .F. ) ;
#2828 = DIRECTION ( 'NONE',  ( -1.000000000000000000, 0.000000000000000000, 0.000000000000000000 ) ) ;
#2829 = LINE ( 'NONE', #466, #814 ) ;
#2830 = FACE_BOUND ( 'NONE', #1545, .T. ) ;
#2831 = FACE_OUTER_BOUND ( 'NONE', #332, .T. ) ;
#2832 = VECTOR ( 'NONE', #1797, 1000.000000000000000 ) ;
#2833 = VERTEX_POINT ( 'NONE', #871 ) ;
#2834 = CARTESIAN_POINT ( 'NONE',  ( -3.685000000000000053, 0.000000000000000000, 1.520000000000000240 ) ) ;
#2835 = EDGE_CURVE ( 'NONE', #877, #556, #1741, .T. ) ;
#2836 = FACE_OUTER_BOUND ( 'NONE', #2586, .T. ) ;
#2837 = ORIENTED_EDGE ( 'NONE', *, *, #174, .T. ) ;
ENDSEC;
END-ISO-10303-21;
