ISO-10303-21;
HEADER;
FILE_DESCRIPTION (( 'STEP AP214' ),
    '1' );
FILE_NAME ('REFLECTIVE RECTANGULAR THROUGH HOLE_100AQ.STEP',
    '2023-12-01T06:53:22',
    ( '' ),
    ( '' ),
    'SwSTEP 2.0',
    'SolidWorks 2021',
    '' );
FILE_SCHEMA (( 'AUTOMOTIVE_DESIGN' ));
ENDSEC;

DATA;
#1 = VECTOR ( 'NONE', #319, 1000.000000000000000 ) ;
#2 = ORIENTED_EDGE ( 'NONE', *, *, #1026, .F. ) ;
#3 = DIRECTION ( 'NONE',  ( -0.7071067811865473507, -0.000000000000000000, 0.7071067811865477948 ) ) ;
#4 = DIRECTION ( 'NONE',  ( 0.000000000000000000, -0.000000000000000000, -1.000000000000000000 ) ) ;
#5 = LINE ( 'NONE', #1431, #923 ) ;
#6 = CARTESIAN_POINT ( 'NONE',  ( 1.149999999999999911, 0.6416666666666667185, 1.825000000000000178 ) ) ;
#7 = LINE ( 'NONE', #1940, #1670 ) ;
#8 = EDGE_LOOP ( 'NONE', ( #482, #149, #667, #1127 ) ) ;
#9 = EDGE_CURVE ( 'NONE', #13, #608, #472, .T. ) ;
#10 = ORIENTED_EDGE ( 'NONE', *, *, #78, .T. ) ;
#11 = CARTESIAN_POINT ( 'NONE',  ( 1.149999999999999911, 0.3916666666666665519, 1.825000000000000178 ) ) ;
#12 = VECTOR ( 'NONE', #1588, 1000.000000000000000 ) ;
#13 = VERTEX_POINT ( 'NONE', #1080 ) ;
#14 = CARTESIAN_POINT ( 'NONE',  ( -1.175735931288070857, 1.499999999999999778, -1.049999999999999822 ) ) ;
#15 = VECTOR ( 'NONE', #945, 1000.000000000000000 ) ;
#16 = EDGE_CURVE ( 'NONE', #868, #821, #1571, .T. ) ;
#17 = VECTOR ( 'NONE', #1925, 1000.000000000000000 ) ;
#18 = LINE ( 'NONE', #2090, #1678 ) ;
#19 = DIRECTION ( 'NONE',  ( 0.000000000000000000, 0.000000000000000000, 1.000000000000000000 ) ) ;
#20 = CARTESIAN_POINT ( 'NONE',  ( 0.6500000000000000222, 0.3916666666666665519, 1.825000000000000178 ) ) ;
#21 = CARTESIAN_POINT ( 'NONE',  ( 1.149999999999999911, 0.6416666666666666075, 1.350000000000000311 ) ) ;
#22 = VERTEX_POINT ( 'NONE', #1256 ) ;
#23 = VERTEX_POINT ( 'NONE', #450 ) ;
#24 = ORIENTED_EDGE ( 'NONE', *, *, #372, .F. ) ;
#25 = DIRECTION ( 'NONE',  ( 0.000000000000000000, 0.000000000000000000, -1.000000000000000000 ) ) ;
#26 = DIRECTION ( 'NONE',  ( 0.000000000000000000, -2.282530889443167515E-16, -1.000000000000000000 ) ) ;
#27 = PLANE ( 'NONE',  #111 ) ;
#28 = CARTESIAN_POINT ( 'NONE',  ( -1.149999999999999911, 0.3916666666666665519, 1.825000000000000178 ) ) ;
#29 = UNCERTAINTY_MEASURE_WITH_UNIT (LENGTH_MEASURE( 1.000000000000000082E-05 ), #1261, 'distance_accuracy_value', 'NONE');
#30 = PLANE ( 'NONE',  #1578 ) ;
#31 = ORIENTED_EDGE ( 'NONE', *, *, #303, .F. ) ;
#32 = ORIENTED_EDGE ( 'NONE', *, *, #1717, .T. ) ;
#33 = EDGE_CURVE ( 'NONE', #1349, #668, #85, .T. ) ;
#34 =( GEOMETRIC_REPRESENTATION_CONTEXT ( 3 ) GLOBAL_UNCERTAINTY_ASSIGNED_CONTEXT ( ( #1752 ) ) GLOBAL_UNIT_ASSIGNED_CONTEXT ( ( #982, #1868, #386 ) ) REPRESENTATION_CONTEXT ( 'NONE', 'WORKASPACE' ) );
#35 = ORIENTED_EDGE ( 'NONE', *, *, #144, .F. ) ;
#36 = LINE ( 'NONE', #1991, #860 ) ;
#37 = PLANE ( 'NONE',  #1818 ) ;
#38 = ADVANCED_FACE ( 'NONE', ( #1555 ), #2022, .F. ) ;
#39 = CARTESIAN_POINT ( 'NONE',  ( -1.149999999999999911, 0.4916666666666666408, -1.349999999999998535 ) ) ;
#40 = CARTESIAN_POINT ( 'NONE',  ( -0.6500000000000000222, 0.6416666666666666075, 1.350000000000000311 ) ) ;
#41 = ORIENTED_EDGE ( 'NONE', *, *, #2001, .F. ) ;
#42 = ORIENTED_EDGE ( 'NONE', *, *, #498, .F. ) ;
#43 = LINE ( 'NONE', #1175, #723 ) ;
#44 = VECTOR ( 'NONE', #884, 1000.000000000000000 ) ;
#45 = DIRECTION ( 'NONE',  ( -0.000000000000000000, 2.282530889443167515E-16, -1.000000000000000000 ) ) ;
#46 = VECTOR ( 'NONE', #1254, 1000.000000000000000 ) ;
#47 = CARTESIAN_POINT ( 'NONE',  ( 0.6500000000000000222, -9.758333333333332860, -1.924999999999996714 ) ) ;
#48 = PLANE ( 'NONE',  #104 ) ;
#49 = AXIS2_PLACEMENT_3D ( 'NONE', #1656, #661, #1315 ) ;
#50 = CARTESIAN_POINT ( 'NONE',  ( 1.149999999999999911, 0.4916666666666666408, 1.350000000000000311 ) ) ;
#51 = ORIENTED_EDGE ( 'NONE', *, *, #1493, .T. ) ;
#52 = CARTESIAN_POINT ( 'NONE',  ( -1.149999999999999911, 0.4916666666666666408, 1.350000000000000311 ) ) ;
#53 = ADVANCED_FACE ( 'NONE', ( #1041 ), #248, .F. ) ;
#54 = EDGE_LOOP ( 'NONE', ( #1399, #1430, #1402, #1608 ) ) ;
#55 = DIRECTION ( 'NONE',  ( 0.000000000000000000, 1.000000000000000000, 0.000000000000000000 ) ) ;
#56 = DIRECTION ( 'NONE',  ( -0.7071067811865474617, -0.000000000000000000, 0.7071067811865474617 ) ) ;
#57 = CARTESIAN_POINT ( 'NONE',  ( 1.339999999999995417, 1.499999999999999778, 1.049999999999999600 ) ) ;
#58 = ADVANCED_FACE ( 'NONE', ( #1561 ), #236, .F. ) ;
#59 = LINE ( 'NONE', #702, #113 ) ;
#60 = PLANE ( 'NONE',  #241 ) ;
#61 = VERTEX_POINT ( 'NONE', #715 ) ;
#62 = ORIENTED_EDGE ( 'NONE', *, *, #1165, .T. ) ;
#63 = PLANE ( 'NONE',  #1096 ) ;
#64 = AXIS2_PLACEMENT_3D ( 'NONE', #652, #339, #1319 ) ;
#65 = CIRCLE ( 'NONE', #880, 0.09999999999999982514 ) ;
#66 = PLANE ( 'NONE',  #1741 ) ;
#67 = DIRECTION ( 'NONE',  ( -1.000000000000000000, 0.000000000000000000, 0.000000000000000000 ) ) ;
#68 = ADVANCED_FACE ( 'NONE', ( #1240 ), #1897, .F. ) ;
#69 = ORIENTED_EDGE ( 'NONE', *, *, #1295, .T. ) ;
#70 = LINE ( 'NONE', #385, #1550 ) ;
#71 = SURFACE_STYLE_USAGE ( .BOTH. , #853 ) ;
#72 = ORIENTED_EDGE ( 'NONE', *, *, #1471, .F. ) ;
#73 = EDGE_LOOP ( 'NONE', ( #1712, #1469, #971, #992 ) ) ;
#74 = DIRECTION ( 'NONE',  ( 0.000000000000000000, -0.000000000000000000, 1.000000000000000000 ) ) ;
#75 = COLOUR_RGB ( '',0.000000000000000000, 0.000000000000000000, 0.000000000000000000 ) ;
#76 = DIRECTION ( 'NONE',  ( 0.000000000000000000, -1.495451272393799296E-16, 1.000000000000000000 ) ) ;
#77 = DIRECTION ( 'NONE',  ( 0.000000000000000000, 1.000000000000000000, 0.000000000000000000 ) ) ;
#78 = EDGE_CURVE ( 'NONE', #632, #2099, #940, .T. ) ;
#79 = EDGE_CURVE ( 'NONE', #1777, #892, #462, .T. ) ;
#80 = ORIENTED_EDGE ( 'NONE', *, *, #393, .T. ) ;
#81 = AXIS2_PLACEMENT_3D ( 'NONE', #1404, #269, #2045 ) ;
#82 = DIRECTION ( 'NONE',  ( 0.000000000000000000, -1.000000000000000000, 0.000000000000000000 ) ) ;
#83 = CARTESIAN_POINT ( 'NONE',  ( -0.6500000000000000222, 0.6416666666666666075, -1.349999999999998535 ) ) ;
#84 = AXIS2_PLACEMENT_3D ( 'NONE', #504, #390, #859 ) ;
#85 = LINE ( 'NONE', #729, #909 ) ;
#86 =( GEOMETRIC_REPRESENTATION_CONTEXT ( 3 ) GLOBAL_UNCERTAINTY_ASSIGNED_CONTEXT ( ( #763 ) ) GLOBAL_UNIT_ASSIGNED_CONTEXT ( ( #1746, #947, #1373 ) ) REPRESENTATION_CONTEXT ( 'NONE', 'WORKASPACE' ) );
#87 = ORIENTED_EDGE ( 'NONE', *, *, #647, .F. ) ;
#88 = VECTOR ( 'NONE', #1513, 1000.000000000000000 ) ;
#89 = VERTEX_POINT ( 'NONE', #155 ) ;
#90 = DIRECTION ( 'NONE',  ( -0.000000000000000000, -0.000000000000000000, 1.000000000000000000 ) ) ;
#91 = ORIENTED_EDGE ( 'NONE', *, *, #1300, .F. ) ;
#92 = CARTESIAN_POINT ( 'NONE',  ( -0.6500000000000000222, -9.758333333333332860, -2.074999999999996625 ) ) ;
#93 = LINE ( 'NONE', #122, #913 ) ;
#94 = CLOSED_SHELL ( 'NONE', ( #2037, #1009, #264, #1370, #193, #342, #755, #830, #796, #803 ) ) ;
#95 = ORIENTED_EDGE ( 'NONE', *, *, #1147, .F. ) ;
#96 = EDGE_CURVE ( 'NONE', #910, #1640, #649, .T. ) ;
#97 = CARTESIAN_POINT ( 'NONE',  ( -1.149999999999999911, 0.6416666666666666075, -1.349999999999998535 ) ) ;
#98 = DIRECTION ( 'NONE',  ( -1.000000000000000000, -0.000000000000000000, -0.000000000000000000 ) ) ;
#99 = CARTESIAN_POINT ( 'NONE',  ( 1.700000000000000844, 0.000000000000000000, -1.349999999999999645 ) ) ;
#100 = VECTOR ( 'NONE', #1614, 1000.000000000000000 ) ;
#101 = ADVANCED_FACE ( 'NONE', ( #1848 ), #1993, .F. ) ;
#102 = ORIENTED_EDGE ( 'NONE', *, *, #1106, .F. ) ;
#103 = LINE ( 'NONE', #120, #2035 ) ;
#104 = AXIS2_PLACEMENT_3D ( 'NONE', #394, #211, #693 ) ;
#105 = VERTEX_POINT ( 'NONE', #217 ) ;
#106 = CARTESIAN_POINT ( 'NONE',  ( 1.149999999999999911, 0.6416666666666666075, -1.349999999999998535 ) ) ;
#107 = CARTESIAN_POINT ( 'NONE',  ( -1.339999999999995417, 1.699999999999999956, -0.8857359312880749291 ) ) ;
#108 = VERTEX_POINT ( 'NONE', #1836 ) ;
#109 = CARTESIAN_POINT ( 'NONE',  ( 1.339999999999995417, 1.699999999999999956, 1.049999999999999600 ) ) ;
#110 = PRESENTATION_STYLE_ASSIGNMENT (( #1573 ) ) ;
#111 = AXIS2_PLACEMENT_3D ( 'NONE', #1359, #2016, #517 ) ;
#112 = VECTOR ( 'NONE', #609, 1000.000000000000000 ) ;
#113 = VECTOR ( 'NONE', #1987, 1000.000000000000000 ) ;
#114 = VERTEX_POINT ( 'NONE', #52 ) ;
#115 = ADVANCED_FACE ( 'NONE', ( #2025 ), #2072, .F. ) ;
#116 = DIRECTION ( 'NONE',  ( 0.000000000000000000, 1.000000000000000000, 0.000000000000000000 ) ) ;
#117 = EDGE_CURVE ( 'NONE', #295, #312, #2038, .T. ) ;
#118 = LINE ( 'NONE', #1586, #1781 ) ;
#119 = ORIENTED_EDGE ( 'NONE', *, *, #623, .T. ) ;
#120 = CARTESIAN_POINT ( 'NONE',  ( -0.6500000000000000222, 0.4916666666666665297, 1.825000000000000178 ) ) ;
#121 = EDGE_CURVE ( 'NONE', #218, #1060, #65, .T. ) ;
#122 = CARTESIAN_POINT ( 'NONE',  ( 1.339999999999995417, 1.499999999999999778, -1.049999999999999822 ) ) ;
#123 = DIRECTION ( 'NONE',  ( 0.000000000000000000, 0.000000000000000000, -1.000000000000000000 ) ) ;
#124 = EDGE_LOOP ( 'NONE', ( #1029, #470, #1153, #2085 ) ) ;
#125 = CARTESIAN_POINT ( 'NONE',  ( 1.700000000000000844, 1.699999999999999956, 1.350000000000000533 ) ) ;
#126 = CARTESIAN_POINT ( 'NONE',  ( 0.000000000000000000, 1.499999999999999778, 0.000000000000000000 ) ) ;
#127 = CARTESIAN_POINT ( 'NONE',  ( -0.6500000000000000222, 0.6416666666666666075, 1.350000000000000311 ) ) ;
#128 = ORIENTED_EDGE ( 'NONE', *, *, #1669, .F. ) ;
#129 = CARTESIAN_POINT ( 'NONE',  ( -1.299999999999999156, 1.699999999999999956, -1.349999999999999645 ) ) ;
#130 = SURFACE_STYLE_FILL_AREA ( #1099 ) ;
#131 = VECTOR ( 'NONE', #1122, 1000.000000000000000 ) ;
#132 = EDGE_CURVE ( 'NONE', #1935, #418, #1735, .T. ) ;
#133 = UNCERTAINTY_MEASURE_WITH_UNIT (LENGTH_MEASURE( 1.000000000000000082E-05 ), #1894, 'distance_accuracy_value', 'NONE');
#134 = PRODUCT_DEFINITION_FORMATION_WITH_SPECIFIED_SOURCE ( 'ANY', '', #341, .NOT_KNOWN. ) ;
#135 = ORIENTED_EDGE ( 'NONE', *, *, #1422, .F. ) ;
#136 = VERTEX_POINT ( 'NONE', #1317 ) ;
#137 = CARTESIAN_POINT ( 'NONE',  ( 0.6500000000000000222, 0.6416666666666666075, 1.350000000000000311 ) ) ;
#138 = EDGE_LOOP ( 'NONE', ( #1193, #951, #405, #809 ) ) ;
#139 = DIRECTION ( 'NONE',  ( -1.000000000000000000, -0.000000000000000000, -0.000000000000000000 ) ) ;
#140 = PRODUCT_RELATED_PRODUCT_CATEGORY ( 'part', '', ( #341 ) ) ;
#141 = ORIENTED_EDGE ( 'NONE', *, *, #1526, .F. ) ;
#142 = DIRECTION ( 'NONE',  ( 0.000000000000000000, 1.000000000000000000, 0.000000000000000000 ) ) ;
#143 = PLANE ( 'NONE',  #1290 ) ;
#144 = EDGE_CURVE ( 'NONE', #1595, #2099, #828, .T. ) ;
#145 = ADVANCED_FACE ( 'NONE', ( #1971 ), #505, .F. ) ;
#146 = LINE ( 'NONE', #182, #707 ) ;
#147 = AXIS2_PLACEMENT_3D ( 'NONE', #545, #862, #528 ) ;
#148 = VERTEX_POINT ( 'NONE', #179 ) ;
#149 = ORIENTED_EDGE ( 'NONE', *, *, #1783, .F. ) ;
#150 = CARTESIAN_POINT ( 'NONE',  ( -0.1800000000000026579, 1.499999999999999778, -1.049999999999999600 ) ) ;
#151 = VECTOR ( 'NONE', #893, 1000.000000000000000 ) ;
#152 = EDGE_LOOP ( 'NONE', ( #621, #1052, #562, #1895, #984 ) ) ;
#153 = VECTOR ( 'NONE', #98, 1000.000000000000000 ) ;
#154 = DIRECTION ( 'NONE',  ( 0.000000000000000000, -1.000000000000000000, 0.000000000000000000 ) ) ;
#155 = CARTESIAN_POINT ( 'NONE',  ( -1.175735931288070857, 1.699999999999999956, -1.049999999999999822 ) ) ;
#156 = CARTESIAN_POINT ( 'NONE',  ( 0.6500000000000000222, -9.758333333333332860, -1.924999999999996714 ) ) ;
#157 = LINE ( 'NONE', #794, #131 ) ;
#158 = CARTESIAN_POINT ( 'NONE',  ( -1.339999999999995417, 1.699999999999999956, 1.049999999999999600 ) ) ;
#159 = ORIENTED_EDGE ( 'NONE', *, *, #1211, .T. ) ;
#160 = ORIENTED_EDGE ( 'NONE', *, *, #1361, .F. ) ;
#161 = DIRECTION ( 'NONE',  ( 0.000000000000000000, -2.282530889443167515E-16, 1.000000000000000000 ) ) ;
#162 = EDGE_CURVE ( 'NONE', #114, #1749, #449, .T. ) ;
#163 = VERTEX_POINT ( 'NONE', #1597 ) ;
#164 = DIRECTION ( 'NONE',  ( 0.000000000000000000, 1.000000000000000000, 0.000000000000000000 ) ) ;
#165 = DIRECTION ( 'NONE',  ( 0.000000000000000000, 1.000000000000000000, 0.000000000000000000 ) ) ;
#166 = LINE ( 'NONE', #2007, #289 ) ;
#167 = CARTESIAN_POINT ( 'NONE',  ( 0.6500000000000000222, 0.6416666666666664964, -1.824999999999998401 ) ) ;
#168 = EDGE_CURVE ( 'NONE', #2039, #295, #935, .T. ) ;
#169 = DIRECTION ( 'NONE',  ( -1.000000000000000000, 0.000000000000000000, 0.000000000000000000 ) ) ;
#170 = MANIFOLD_SOLID_BREP ( 'Boss-Extrude2[2]', #841 ) ;
#171 =( GEOMETRIC_REPRESENTATION_CONTEXT ( 3 ) GLOBAL_UNCERTAINTY_ASSIGNED_CONTEXT ( ( #1110 ) ) GLOBAL_UNIT_ASSIGNED_CONTEXT ( ( #1905, #1421, #570 ) ) REPRESENTATION_CONTEXT ( 'NONE', 'WORKASPACE' ) );
#172 = EDGE_LOOP ( 'NONE', ( #1314, #311, #262, #489, #396, #1593, #846, #704 ) ) ;
#173 = ORIENTED_EDGE ( 'NONE', *, *, #1069, .T. ) ;
#174 = DIRECTION ( 'NONE',  ( 0.000000000000000000, 0.000000000000000000, 1.000000000000000000 ) ) ;
#175 = ADVANCED_FACE ( 'NONE', ( #420 ), #1068, .F. ) ;
#176 = COLOUR_RGB ( '',0.7921568627450980005, 0.8196078431372548767, 0.9333333333333333481 ) ;
#177 = EDGE_LOOP ( 'NONE', ( #761, #245, #1719, #1598 ) ) ;
#178 = CARTESIAN_POINT ( 'NONE',  ( 0.6500000000000000222, 0.3916666666666665519, -1.824999999999998401 ) ) ;
#179 = CARTESIAN_POINT ( 'NONE',  ( -1.699999999999999067, 1.699999999999999956, -0.9499999999999996225 ) ) ;
#180 = LINE ( 'NONE', #937, #654 ) ;
#181 = CARTESIAN_POINT ( 'NONE',  ( -0.6500000000000000222, 0.6416666666666664964, -1.824999999999998401 ) ) ;
#182 = CARTESIAN_POINT ( 'NONE',  ( 1.339999999999995417, 1.499999999999999778, 1.049999999999999600 ) ) ;
#183 = EDGE_LOOP ( 'NONE', ( #1826, #1853, #141, #1005 ) ) ;
#184 = VERTEX_POINT ( 'NONE', #1928 ) ;
#185 = VECTOR ( 'NONE', #1049, 1000.000000000000000 ) ;
#186 = CARTESIAN_POINT ( 'NONE',  ( 1.339999999999995417, 1.699999999999999956, 1.049999999999999600 ) ) ;
#187 = VERTEX_POINT ( 'NONE', #1229 ) ;
#188 = FACE_OUTER_BOUND ( 'NONE', #1038, .T. ) ;
#189 = VECTOR ( 'NONE', #25, 1000.000000000000000 ) ;
#190 = MECHANICAL_DESIGN_GEOMETRIC_PRESENTATION_REPRESENTATION (  '', ( #1309 ), #1346 ) ;
#191 = CARTESIAN_POINT ( 'NONE',  ( 1.149999999999999911, 0.6416666666666664964, -1.824999999999998401 ) ) ;
#192 = PLANE ( 'NONE',  #2056 ) ;
#193 = ADVANCED_FACE ( 'NONE', ( #507 ), #1637, .F. ) ;
#194 = DIRECTION ( 'NONE',  ( -0.000000000000000000, 1.000000000000000000, -0.000000000000000000 ) ) ;
#195 = MANIFOLD_SOLID_BREP ( 'Mirror1[2]', #1666 ) ;
#196 = ORIENTED_EDGE ( 'NONE', *, *, #716, .T. ) ;
#197 = ORIENTED_EDGE ( 'NONE', *, *, #2059, .T. ) ;
#198 = EDGE_CURVE ( 'NONE', #360, #927, #1392, .T. ) ;
#199 = ORIENTED_EDGE ( 'NONE', *, *, #2001, .T. ) ;
#200 = DIRECTION ( 'NONE',  ( -0.000000000000000000, 1.000000000000000000, 1.495451272393799296E-16 ) ) ;
#201 = LINE ( 'NONE', #1036, #487 ) ;
#202 = DIRECTION ( 'NONE',  ( 0.000000000000000000, -2.282530889443167515E-16, 1.000000000000000000 ) ) ;
#203 = LINE ( 'NONE', #1503, #1859 ) ;
#204 = VERTEX_POINT ( 'NONE', #1381 ) ;
#205 = VECTOR ( 'NONE', #1272, 1000.000000000000000 ) ;
#206 = VERTEX_POINT ( 'NONE', #1705 ) ;
#207 = VECTOR ( 'NONE', #1008, 1000.000000000000000 ) ;
#208 = DIRECTION ( 'NONE',  ( 0.000000000000000000, 0.000000000000000000, -1.000000000000000000 ) ) ;
#209 = DIRECTION ( 'NONE',  ( 0.000000000000000000, 0.000000000000000000, 1.000000000000000000 ) ) ;
#210 = ADVANCED_FACE ( 'NONE', ( #1143 ), #1035, .F. ) ;
#211 = DIRECTION ( 'NONE',  ( 1.000000000000000000, 0.000000000000000000, 0.000000000000000000 ) ) ;
#212 = EDGE_CURVE ( 'NONE', #2096, #114, #861, .T. ) ;
#213 = DIRECTION ( 'NONE',  ( 0.000000000000000000, 1.000000000000000000, -1.495451272393799296E-16 ) ) ;
#214 = EDGE_CURVE ( 'NONE', #89, #568, #1498, .T. ) ;
#215 = CARTESIAN_POINT ( 'NONE',  ( 0.6500000000000000222, 0.4916666666666666408, -1.349999999999998535 ) ) ;
#216 = ORIENTED_EDGE ( 'NONE', *, *, #393, .F. ) ;
#217 = CARTESIAN_POINT ( 'NONE',  ( -1.149999999999999911, 0.3916666666666665519, 1.925000000000000044 ) ) ;
#218 = VERTEX_POINT ( 'NONE', #348 ) ;
#219 = CARTESIAN_POINT ( 'NONE',  ( -0.1800000000000026579, 1.499999999999999778, 1.049999999999999600 ) ) ;
#220 = VECTOR ( 'NONE', #1761, 1000.000000000000000 ) ;
#221 = LINE ( 'NONE', #1519, #1475 ) ;
#222 = CARTESIAN_POINT ( 'NONE',  ( 0.6500000000000000222, 0.4916666666666666408, 1.350000000000000311 ) ) ;
#223 = VECTOR ( 'NONE', #3, 1000.000000000000000 ) ;
#224 = LINE ( 'NONE', #1209, #659 ) ;
#225 = DIRECTION ( 'NONE',  ( 0.000000000000000000, 1.000000000000000000, -1.495451272393799296E-16 ) ) ;
#226 = MANIFOLD_SOLID_BREP ( 'Cut-Extrude1', #671 ) ;
#227 = VERTEX_POINT ( 'NONE', #186 ) ;
#228 = ORIENTED_EDGE ( 'NONE', *, *, #456, .F. ) ;
#229 = PLANE ( 'NONE',  #820 ) ;
#230 = FACE_OUTER_BOUND ( 'NONE', #646, .T. ) ;
#231 = DIRECTION ( 'NONE',  ( -1.000000000000000000, -0.000000000000000000, -0.000000000000000000 ) ) ;
#232 = ORIENTED_EDGE ( 'NONE', *, *, #33, .F. ) ;
#233 = CARTESIAN_POINT ( 'NONE',  ( 1.339999999999995417, 1.499999999999999778, 1.049999999999999600 ) ) ;
#234 = DIRECTION ( 'NONE',  ( 1.000000000000000000, 0.000000000000000000, -0.000000000000000000 ) ) ;
#235 = VECTOR ( 'NONE', #1559, 1000.000000000000000 ) ;
#236 = PLANE ( 'NONE',  #688 ) ;
#237 = ORIENTED_EDGE ( 'NONE', *, *, #522, .T. ) ;
#238 = ORIENTED_EDGE ( 'NONE', *, *, #1093, .T. ) ;
#239 = EDGE_CURVE ( 'NONE', #2099, #1777, #1152, .T. ) ;
#240 = DIRECTION ( 'NONE',  ( 0.000000000000000000, 1.000000000000000000, 0.000000000000000000 ) ) ;
#241 = AXIS2_PLACEMENT_3D ( 'NONE', #83, #811, #728 ) ;
#242 = LINE ( 'NONE', #1885, #2094 ) ;
#243 = CARTESIAN_POINT ( 'NONE',  ( -1.175735931288070857, 1.499999999999999778, -1.049999999999999822 ) ) ;
#244 = VECTOR ( 'NONE', #1696, 1000.000000000000000 ) ;
#245 = ORIENTED_EDGE ( 'NONE', *, *, #316, .F. ) ;
#246 = CARTESIAN_POINT ( 'NONE',  ( -0.6500000000000000222, 0.6416666666666664964, -1.824999999999998401 ) ) ;
#247 = CARTESIAN_POINT ( 'NONE',  ( -1.339999999999995417, 1.499999999999999778, 1.049999999999999600 ) ) ;
#248 = PLANE ( 'NONE',  #1342 ) ;
#249 = ORIENTED_EDGE ( 'NONE', *, *, #1837, .F. ) ;
#250 = ORIENTED_EDGE ( 'NONE', *, *, #522, .F. ) ;
#251 = DIRECTION ( 'NONE',  ( 0.000000000000000000, -1.000000000000000000, 0.000000000000000000 ) ) ;
#252 = EDGE_CURVE ( 'NONE', #22, #433, #1485, .T. ) ;
#253 = VECTOR ( 'NONE', #1179, 1000.000000000000000 ) ;
#254 = CARTESIAN_POINT ( 'NONE',  ( 1.339999999999995417, 1.499999999999999778, -1.049999999999999822 ) ) ;
#255 = AXIS2_PLACEMENT_3D ( 'NONE', #2028, #1206, #2041 ) ;
#256 = ORIENTED_EDGE ( 'NONE', *, *, #1657, .F. ) ;
#257 = LINE ( 'NONE', #900, #1546 ) ;
#258 = FILL_AREA_STYLE_COLOUR ( '', #510 ) ;
#259 = VECTOR ( 'NONE', #1873, 1000.000000000000000 ) ;
#260 = DIRECTION ( 'NONE',  ( 0.000000000000000000, -2.282530889443167515E-16, 1.000000000000000000 ) ) ;
#261 = VECTOR ( 'NONE', #45, 1000.000000000000000 ) ;
#262 = ORIENTED_EDGE ( 'NONE', *, *, #1347, .F. ) ;
#263 = PLANE ( 'NONE',  #1443 ) ;
#264 = ADVANCED_FACE ( 'NONE', ( #650 ), #1429, .F. ) ;
#265 = CARTESIAN_POINT ( 'NONE',  ( -1.339999999999995417, 1.499999999999999778, -0.8857359312880749291 ) ) ;
#266 = EDGE_LOOP ( 'NONE', ( #1107, #620, #835, #1742 ) ) ;
#267 = DIRECTION ( 'NONE',  ( 0.000000000000000000, 0.000000000000000000, -1.000000000000000000 ) ) ;
#268 = SURFACE_STYLE_FILL_AREA ( #1721 ) ;
#269 = DIRECTION ( 'NONE',  ( -1.000000000000000000, 0.000000000000000000, -0.000000000000000000 ) ) ;
#270 = ORIENTED_EDGE ( 'NONE', *, *, #1024, .F. ) ;
#271 = LINE ( 'NONE', #572, #1268 ) ;
#272 =( LENGTH_UNIT ( ) NAMED_UNIT ( * ) SI_UNIT ( .MILLI., .METRE. ) );
#273 = FACE_OUTER_BOUND ( 'NONE', #1461, .T. ) ;
#274 = MECHANICAL_DESIGN_GEOMETRIC_PRESENTATION_REPRESENTATION (  '', ( #601 ), #34 ) ;
#275 = ADVANCED_FACE ( 'NONE', ( #1974 ), #967, .T. ) ;
#276 = ORIENTED_EDGE ( 'NONE', *, *, #1147, .T. ) ;
#277 = LINE ( 'NONE', #752, #823 ) ;
#278 = CARTESIAN_POINT ( 'NONE',  ( 0.6500000000000000222, 0.4916666666666665297, -1.824999999999998401 ) ) ;
#279 = EDGE_CURVE ( 'NONE', #768, #1149, #1273, .T. ) ;
#280 = ORIENTED_EDGE ( 'NONE', *, *, #117, .T. ) ;
#281 = CARTESIAN_POINT ( 'NONE',  ( 0.6500000000000000222, 0.3916666666666665519, 1.925000000000000044 ) ) ;
#282 = EDGE_CURVE ( 'NONE', #547, #558, #166, .T. ) ;
#283 = PRESENTATION_STYLE_ASSIGNMENT (( #1706 ) ) ;
#284 = ORIENTED_EDGE ( 'NONE', *, *, #79, .T. ) ;
#285 = CARTESIAN_POINT ( 'NONE',  ( -0.6500000000000000222, -9.758333333333332860, 1.924999999999998490 ) ) ;
#286 = LINE ( 'NONE', #1623, #743 ) ;
#287 = COLOUR_RGB ( '',0.7921568627450980005, 0.8196078431372548767, 0.9333333333333333481 ) ;
#288 = AXIS2_PLACEMENT_3D ( 'NONE', #382, #347, #208 ) ;
#289 = VECTOR ( 'NONE', #694, 1000.000000000000000 ) ;
#290 = ORIENTED_EDGE ( 'NONE', *, *, #1448, .F. ) ;
#291 = LINE ( 'NONE', #933, #1577 ) ;
#292 = SURFACE_STYLE_USAGE ( .BOTH. , #447 ) ;
#293 = DIRECTION ( 'NONE',  ( 0.000000000000000000, 0.000000000000000000, 1.000000000000000000 ) ) ;
#294 = EDGE_CURVE ( 'NONE', #660, #1967, #70, .T. ) ;
#295 = VERTEX_POINT ( 'NONE', #40 ) ;
#296 = CARTESIAN_POINT ( 'NONE',  ( -0.6500000000000000222, -9.758333333333332860, -1.924999999999996714 ) ) ;
#297 =( NAMED_UNIT ( * ) PLANE_ANGLE_UNIT ( ) SI_UNIT ( $, .RADIAN. ) );
#298 = EDGE_LOOP ( 'NONE', ( #250, #1954, #1652, #358 ) ) ;
#299 = ORIENTED_EDGE ( 'NONE', *, *, #1295, .F. ) ;
#300 = LINE ( 'NONE', #1416, #15 ) ;
#301 = EDGE_CURVE ( 'NONE', #2089, #1450, #1354, .T. ) ;
#302 = ORIENTED_EDGE ( 'NONE', *, *, #301, .F. ) ;
#303 = EDGE_CURVE ( 'NONE', #1583, #1967, #1025, .T. ) ;
#304 = FACE_OUTER_BOUND ( 'NONE', #643, .T. ) ;
#305 = DIRECTION ( 'NONE',  ( 0.000000000000000000, 0.000000000000000000, -1.000000000000000000 ) ) ;
#306 = VERTEX_POINT ( 'NONE', #50 ) ;
#307 = CARTESIAN_POINT ( 'NONE',  ( 0.6500000000000000222, 0.3916666666666665519, 1.825000000000000178 ) ) ;
#308 = LINE ( 'NONE', #1284, #343 ) ;
#309 = VECTOR ( 'NONE', #2115, 1000.000000000000000 ) ;
#310 = LINE ( 'NONE', #786, #1730 ) ;
#311 = ORIENTED_EDGE ( 'NONE', *, *, #1226, .F. ) ;
#312 = VERTEX_POINT ( 'NONE', #1340 ) ;
#313 = PLANE ( 'NONE',  #1133 ) ;
#314 = EDGE_LOOP ( 'NONE', ( #2026, #1161, #2073, #995 ) ) ;
#315 = LINE ( 'NONE', #1304, #223 ) ;
#316 = EDGE_CURVE ( 'NONE', #148, #1595, #683, .T. ) ;
#317 = CARTESIAN_POINT ( 'NONE',  ( 1.339999999999995417, 1.699999999999999956, 1.049999999999999600 ) ) ;
#318 = CARTESIAN_POINT ( 'NONE',  ( -1.699999999999999067, 1.699999999999999956, 1.350000000000000533 ) ) ;
#319 = DIRECTION ( 'NONE',  ( -1.000000000000000000, -0.000000000000000000, -0.000000000000000000 ) ) ;
#320 = AXIS2_PLACEMENT_3D ( 'NONE', #285, #603, #1257 ) ;
#321 = EDGE_CURVE ( 'NONE', #1349, #206, #1531, .T. ) ;
#322 = AXIS2_PLACEMENT_3D ( 'NONE', #126, #154, #1782 ) ;
#323 = ORIENTED_EDGE ( 'NONE', *, *, #445, .F. ) ;
#324 = ORIENTED_EDGE ( 'NONE', *, *, #735, .F. ) ;
#325 = DIRECTION ( 'NONE',  ( -0.000000000000000000, -0.000000000000000000, 1.000000000000000000 ) ) ;
#326 = VECTOR ( 'NONE', #2067, 1000.000000000000000 ) ;
#327 = ORIENTED_EDGE ( 'NONE', *, *, #1078, .F. ) ;
#328 = LINE ( 'NONE', #759, #857 ) ;
#329 = EDGE_CURVE ( 'NONE', #407, #437, #713, .T. ) ;
#330 = DIRECTION ( 'NONE',  ( 0.000000000000000000, 0.000000000000000000, -1.000000000000000000 ) ) ;
#331 = DIRECTION ( 'NONE',  ( -0.000000000000000000, -0.000000000000000000, 1.000000000000000000 ) ) ;
#332 = CARTESIAN_POINT ( 'NONE',  ( 1.149999999999999911, -9.758333333333332860, 2.074999999999998401 ) ) ;
#333 = EDGE_LOOP ( 'NONE', ( #72, #160, #2108, #1117 ) ) ;
#334 = ORIENTED_EDGE ( 'NONE', *, *, #1718, .F. ) ;
#335 = PRESENTATION_STYLE_ASSIGNMENT (( #71 ) ) ;
#336 = VERTEX_POINT ( 'NONE', #559 ) ;
#337 = DIRECTION ( 'NONE',  ( -0.7071067811865473507, 0.000000000000000000, 0.7071067811865477948 ) ) ;
#338 = LINE ( 'NONE', #1283, #1232 ) ;
#339 = DIRECTION ( 'NONE',  ( -1.000000000000000000, 0.000000000000000000, 0.000000000000000000 ) ) ;
#340 = LINE ( 'NONE', #158, #309 ) ;
#341 = PRODUCT ( 'REFLECTIVE RECTANGULAR THROUGH HOLE_100AQ', 'REFLECTIVE RECTANGULAR THROUGH HOLE_100AQ', '', ( #466 ) ) ;
#342 = ADVANCED_FACE ( 'NONE', ( #538 ), #1187, .F. ) ;
#343 = VECTOR ( 'NONE', #1939, 1000.000000000000000 ) ;
#344 = ORIENTED_EDGE ( 'NONE', *, *, #931, .T. ) ;
#345 = ORIENTED_EDGE ( 'NONE', *, *, #1458, .T. ) ;
#346 = ORIENTED_EDGE ( 'NONE', *, *, #1626, .F. ) ;
#347 = DIRECTION ( 'NONE',  ( 1.000000000000000000, 0.000000000000000000, 0.000000000000000000 ) ) ;
#348 = CARTESIAN_POINT ( 'NONE',  ( 0.6500000000000000222, 0.3916666666666665519, 1.925000000000000044 ) ) ;
#349 = EDGE_CURVE ( 'NONE', #1344, #1004, #1832, .T. ) ;
#350 = DIRECTION ( 'NONE',  ( -1.000000000000000000, 0.000000000000000000, 0.000000000000000000 ) ) ;
#351 = FILL_AREA_STYLE_COLOUR ( '', #1923 ) ;
#352 = LINE ( 'NONE', #496, #1941 ) ;
#353 = UNCERTAINTY_MEASURE_WITH_UNIT (LENGTH_MEASURE( 1.000000000000000082E-05 ), #272, 'distance_accuracy_value', 'NONE');
#354 = DIRECTION ( 'NONE',  ( -0.000000000000000000, 1.000000000000000000, -0.000000000000000000 ) ) ;
#355 = EDGE_CURVE ( 'NONE', #1879, #306, #224, .T. ) ;
#356 = VECTOR ( 'NONE', #194, 1000.000000000000000 ) ;
#357 = ORIENTED_EDGE ( 'NONE', *, *, #1069, .F. ) ;
#358 = ORIENTED_EDGE ( 'NONE', *, *, #329, .T. ) ;
#359 = VECTOR ( 'NONE', #267, 1000.000000000000000 ) ;
#360 = VERTEX_POINT ( 'NONE', #1016 ) ;
#361 = DIRECTION ( 'NONE',  ( -1.000000000000000000, -0.000000000000000000, -0.000000000000000000 ) ) ;
#362 = VECTOR ( 'NONE', #869, 1000.000000000000000 ) ;
#363 = DIRECTION ( 'NONE',  ( 2.177690165469870662E-16, 0.000000000000000000, -1.000000000000000000 ) ) ;
#364 = DIRECTION ( 'NONE',  ( 1.000000000000000000, 0.000000000000000000, -0.000000000000000000 ) ) ;
#365 = LINE ( 'NONE', #1023, #1946 ) ;
#366 = CARTESIAN_POINT ( 'NONE',  ( -1.149999999999999911, 0.4916666666666665297, -1.824999999999998401 ) ) ;
#367 = VERTEX_POINT ( 'NONE', #852 ) ;
#368 = DIRECTION ( 'NONE',  ( 0.000000000000000000, 2.282530889443167515E-16, 1.000000000000000000 ) ) ;
#369 = EDGE_CURVE ( 'NONE', #533, #1617, #1671, .T. ) ;
#370 = VERTEX_POINT ( 'NONE', #1510 ) ;
#371 = CARTESIAN_POINT ( 'NONE',  ( 0.6500000000000000222, 0.3916666666666665519, -1.924999999999998268 ) ) ;
#372 = EDGE_CURVE ( 'NONE', #777, #407, #1867, .T. ) ;
#373 = EDGE_CURVE ( 'NONE', #1344, #1955, #59, .T. ) ;
#374 = DIRECTION ( 'NONE',  ( 0.000000000000000000, 1.000000000000000000, 0.000000000000000000 ) ) ;
#375 = PLANE ( 'NONE',  #882 ) ;
#376 = DIRECTION ( 'NONE',  ( 0.000000000000000000, 1.000000000000000000, 0.000000000000000000 ) ) ;
#377 = DIRECTION ( 'NONE',  ( -1.000000000000000000, 0.000000000000000000, 0.000000000000000000 ) ) ;
#378 =( NAMED_UNIT ( * ) SI_UNIT ( $, .STERADIAN. ) SOLID_ANGLE_UNIT ( ) );
#379 = ORIENTED_EDGE ( 'NONE', *, *, #1518, .F. ) ;
#380 = CIRCLE ( 'NONE', #1564, 0.2500000000000002220 ) ;
#381 = ORIENTED_EDGE ( 'NONE', *, *, #1434, .F. ) ;
#382 = CARTESIAN_POINT ( 'NONE',  ( -1.149999999999999911, 0.3916666666666665519, -1.824999999999998401 ) ) ;
#383 = DIRECTION ( 'NONE',  ( -0.000000000000000000, 1.000000000000000000, -0.000000000000000000 ) ) ;
#384 = LINE ( 'NONE', #1821, #207 ) ;
#385 = CARTESIAN_POINT ( 'NONE',  ( 0.1800000000000026579, 1.699999999999999956, 1.049999999999999600 ) ) ;
#386 =( NAMED_UNIT ( * ) SI_UNIT ( $, .STERADIAN. ) SOLID_ANGLE_UNIT ( ) );
#387 = ORIENTED_EDGE ( 'NONE', *, *, #1562, .F. ) ;
#388 = EDGE_CURVE ( 'NONE', #1462, #1125, #842, .T. ) ;
#389 = EDGE_LOOP ( 'NONE', ( #1181, #1227, #2, #2031 ) ) ;
#390 = DIRECTION ( 'NONE',  ( -1.000000000000000000, -0.000000000000000000, -0.000000000000000000 ) ) ;
#391 = AXIS2_PLACEMENT_3D ( 'NONE', #1194, #1847, #1006 ) ;
#392 = LINE ( 'NONE', #1507, #453 ) ;
#393 = EDGE_CURVE ( 'NONE', #306, #2009, #203, .T. ) ;
#394 = CARTESIAN_POINT ( 'NONE',  ( -0.6500000000000000222, 0.3916666666666665519, 1.825000000000000178 ) ) ;
#395 = PRESENTATION_LAYER_ASSIGNMENT (  '', '', ( #1992 ) ) ;
#396 = ORIENTED_EDGE ( 'NONE', *, *, #537, .F. ) ;
#397 = DIRECTION ( 'NONE',  ( -0.000000000000000000, -0.000000000000000000, 1.000000000000000000 ) ) ;
#398 = DIRECTION ( 'NONE',  ( -1.000000000000000000, -0.000000000000000000, -0.000000000000000000 ) ) ;
#399 = ADVANCED_FACE ( 'NONE', ( #1362 ), #30, .T. ) ;
#400 = ORIENTED_EDGE ( 'NONE', *, *, #1538, .T. ) ;
#401 = ORIENTED_EDGE ( 'NONE', *, *, #1732, .F. ) ;
#402 = CARTESIAN_POINT ( 'NONE',  ( -0.1800000000000026579, 1.699999999999999956, 1.049999999999999600 ) ) ;
#403 = PLANE ( 'NONE',  #1710 ) ;
#404 = DIRECTION ( 'NONE',  ( -1.000000000000000000, 0.000000000000000000, 0.000000000000000000 ) ) ;
#405 = ORIENTED_EDGE ( 'NONE', *, *, #349, .T. ) ;
#406 = LINE ( 'NONE', #1709, #185 ) ;
#407 = VERTEX_POINT ( 'NONE', #1199 ) ;
#408 = ORIENTED_EDGE ( 'NONE', *, *, #132, .T. ) ;
#409 = CARTESIAN_POINT ( 'NONE',  ( 1.339999999999995417, 1.699999999999999956, -1.049999999999999822 ) ) ;
#410 = AXIS2_PLACEMENT_3D ( 'NONE', #1432, #1109, #1638 ) ;
#411 = CARTESIAN_POINT ( 'NONE',  ( -0.6500000000000000222, 0.4916666666666666408, -1.349999999999998535 ) ) ;
#412 = FACE_OUTER_BOUND ( 'NONE', #2118, .T. ) ;
#413 = CARTESIAN_POINT ( 'NONE',  ( 0.1800000000000026579, 1.499999999999999778, -1.049999999999999600 ) ) ;
#414 = EDGE_CURVE ( 'NONE', #1060, #1879, #1332, .T. ) ;
#415 = ORIENTED_EDGE ( 'NONE', *, *, #739, .T. ) ;
#416 = CARTESIAN_POINT ( 'NONE',  ( -1.149999999999999911, 0.6416666666666664964, -1.824999999999998401 ) ) ;
#417 = CARTESIAN_POINT ( 'NONE',  ( 0.6500000000000000222, 0.6416666666666667185, 1.825000000000000178 ) ) ;
#418 = VERTEX_POINT ( 'NONE', #366 ) ;
#419 = CARTESIAN_POINT ( 'NONE',  ( -0.1800000000000026579, 1.499999999999999778, -1.049999999999999600 ) ) ;
#420 = FACE_OUTER_BOUND ( 'NONE', #1812, .T. ) ;
#421 = VECTOR ( 'NONE', #56, 1000.000000000000114 ) ;
#422 = VECTOR ( 'NONE', #1445, 1000.000000000000000 ) ;
#423 = ORIENTED_EDGE ( 'NONE', *, *, #212, .F. ) ;
#424 = CARTESIAN_POINT ( 'NONE',  ( 0.6500000000000000222, 0.6416666666666664964, 1.825000000000000178 ) ) ;
#425 = DIRECTION ( 'NONE',  ( -1.000000000000000000, 0.000000000000000000, 1.869314090492260645E-16 ) ) ;
#426 = VECTOR ( 'NONE', #1103, 1000.000000000000000 ) ;
#427 = DIRECTION ( 'NONE',  ( -0.000000000000000000, 2.136358960562570493E-16, 1.000000000000000000 ) ) ;
#428 = MECHANICAL_DESIGN_GEOMETRIC_PRESENTATION_REPRESENTATION (  '', ( #1916 ), #891 ) ;
#429 = VERTEX_POINT ( 'NONE', #1010 ) ;
#430 = DIRECTION ( 'NONE',  ( 0.000000000000000000, 1.000000000000000000, -2.136358960562570493E-16 ) ) ;
#431 = PRODUCT_DEFINITION ( 'UNKNOWN', '', #134, #1823 ) ;
#432 = EDGE_CURVE ( 'NONE', #2057, #367, #1896, .T. ) ;
#433 = VERTEX_POINT ( 'NONE', #2071 ) ;
#434 = LINE ( 'NONE', #416, #457 ) ;
#435 = DIRECTION ( 'NONE',  ( 0.000000000000000000, 1.000000000000000000, 1.495451272393799296E-16 ) ) ;
#436 = CARTESIAN_POINT ( 'NONE',  ( -0.1800000000000026579, 1.499999999999999778, 1.049999999999999600 ) ) ;
#437 = VERTEX_POINT ( 'NONE', #109 ) ;
#438 = CARTESIAN_POINT ( 'NONE',  ( 0.6500000000000000222, 0.4916666666666666408, -1.349999999999998535 ) ) ;
#439 = PLANE ( 'NONE',  #1888 ) ;
#440 = VECTOR ( 'NONE', #1751, 1000.000000000000000 ) ;
#441 = VERTEX_POINT ( 'NONE', #2054 ) ;
#442 = CARTESIAN_POINT ( 'NONE',  ( 1.149999999999999911, -9.758333333333332860, -1.924999999999996714 ) ) ;
#443 = CARTESIAN_POINT ( 'NONE',  ( 0.6500000000000000222, 0.3916666666666665519, -1.924999999999998268 ) ) ;
#444 = EDGE_LOOP ( 'NONE', ( #698, #237, #1371, #1697 ) ) ;
#445 = EDGE_CURVE ( 'NONE', #1627, #1494, #277, .T. ) ;
#446 = LINE ( 'NONE', #800, #1998 ) ;
#447 = SURFACE_SIDE_STYLE ('',( #1084 ) ) ;
#448 = LINE ( 'NONE', #1936, #585 ) ;
#449 = LINE ( 'NONE', #1255, #1817 ) ;
#450 = CARTESIAN_POINT ( 'NONE',  ( -0.6500000000000000222, 0.3916666666666665519, -1.924999999999998268 ) ) ;
#451 = CARTESIAN_POINT ( 'NONE',  ( -0.6500000000000000222, 0.6416666666666666075, -1.349999999999998535 ) ) ;
#452 = CARTESIAN_POINT ( 'NONE',  ( -0.6500000000000000222, 0.3916666666666665519, 1.925000000000000044 ) ) ;
#453 = VECTOR ( 'NONE', #1351, 1000.000000000000000 ) ;
#454 = VECTOR ( 'NONE', #2040, 1000.000000000000000 ) ;
#455 =( NAMED_UNIT ( * ) SI_UNIT ( $, .STERADIAN. ) SOLID_ANGLE_UNIT ( ) );
#456 = EDGE_CURVE ( 'NONE', #1149, #2096, #103, .T. ) ;
#457 = VECTOR ( 'NONE', #1560, 1000.000000000000000 ) ;
#458 = ADVANCED_FACE ( 'NONE', ( #1219 ), #928, .T. ) ;
#459 = ORIENTED_EDGE ( 'NONE', *, *, #316, .T. ) ;
#460 = DIRECTION ( 'NONE',  ( 0.000000000000000000, 1.000000000000000000, 0.000000000000000000 ) ) ;
#461 = CYLINDRICAL_SURFACE ( 'NONE', #1132, 0.09999999999999982514 ) ;
#462 = LINE ( 'NONE', #1912, #1348 ) ;
#463 = VERTEX_POINT ( 'NONE', #1413 ) ;
#464 = DIRECTION ( 'NONE',  ( -1.000000000000000000, -0.000000000000000000, -0.000000000000000000 ) ) ;
#465 = LINE ( 'NONE', #1446, #205 ) ;
#466 = PRODUCT_CONTEXT ( 'NONE', #1178, 'mechanical' ) ;
#467 = VERTEX_POINT ( 'NONE', #442 ) ;
#468 = ORIENTED_EDGE ( 'NONE', *, *, #1211, .F. ) ;
#469 = DIRECTION ( 'NONE',  ( 0.000000000000000000, 0.000000000000000000, 1.000000000000000000 ) ) ;
#470 = ORIENTED_EDGE ( 'NONE', *, *, #684, .T. ) ;
#471 = CYLINDRICAL_SURFACE ( 'NONE', #617, 0.09999999999999982514 ) ;
#472 = LINE ( 'NONE', #906, #235 ) ;
#473 = FACE_OUTER_BOUND ( 'NONE', #878, .T. ) ;
#474 = EDGE_CURVE ( 'NONE', #1617, #717, #434, .T. ) ;
#475 = FACE_OUTER_BOUND ( 'NONE', #736, .T. ) ;
#476 = CIRCLE ( 'NONE', #1053, 0.09999999999999982514 ) ;
#477 = AXIS2_PLACEMENT_3D ( 'NONE', #1123, #772, #1468 ) ;
#478 = FACE_OUTER_BOUND ( 'NONE', #1754, .T. ) ;
#479 = ORIENTED_EDGE ( 'NONE', *, *, #1882, .F. ) ;
#480 = ADVANCED_FACE ( 'NONE', ( #1720 ), #1247, .F. ) ;
#481 = FACE_OUTER_BOUND ( 'NONE', #550, .T. ) ;
#482 = ORIENTED_EDGE ( 'NONE', *, *, #212, .T. ) ;
#483 = DIRECTION ( 'NONE',  ( -0.000000000000000000, 2.282530889443167515E-16, -1.000000000000000000 ) ) ;
#484 = CARTESIAN_POINT ( 'NONE',  ( -1.175735931288070857, 1.699999999999999956, -1.049999999999999822 ) ) ;
#485 = DIRECTION ( 'NONE',  ( 0.000000000000000000, -1.000000000000000000, 0.000000000000000000 ) ) ;
#486 = DIRECTION ( 'NONE',  ( -0.000000000000000000, 1.000000000000000000, -0.000000000000000000 ) ) ;
#487 = VECTOR ( 'NONE', #1675, 1000.000000000000000 ) ;
#488 = ORIENTED_EDGE ( 'NONE', *, *, #279, .T. ) ;
#489 = ORIENTED_EDGE ( 'NONE', *, *, #605, .F. ) ;
#490 = CARTESIAN_POINT ( 'NONE',  ( -1.339999999999995417, 1.499999999999999778, 1.049999999999999600 ) ) ;
#491 = CIRCLE ( 'NONE', #391, 0.2500000000000002220 ) ;
#492 = ORIENTED_EDGE ( 'NONE', *, *, #1526, .T. ) ;
#493 = CARTESIAN_POINT ( 'NONE',  ( 1.339999999999995417, 1.499999999999999778, -1.049999999999999822 ) ) ;
#494 = ADVANCED_FACE ( 'NONE', ( #747 ), #595, .T. ) ;
#495 = CYLINDRICAL_SURFACE ( 'NONE', #1201, 0.09999999999999982514 ) ;
#496 = CARTESIAN_POINT ( 'NONE',  ( -0.6500000000000000222, 0.6416666666666666075, -1.349999999999998535 ) ) ;
#497 = ADVANCED_FACE ( 'NONE', ( #1403 ), #918, .F. ) ;
#498 = EDGE_CURVE ( 'NONE', #2057, #1356, #1572, .T. ) ;
#499 = DIRECTION ( 'NONE',  ( -1.000000000000000000, -0.000000000000000000, -0.000000000000000000 ) ) ;
#500 = ORIENTED_EDGE ( 'NONE', *, *, #588, .F. ) ;
#501 = ORIENTED_EDGE ( 'NONE', *, *, #1901, .T. ) ;
#502 = CARTESIAN_POINT ( 'NONE',  ( 1.149999999999999911, 0.3916666666666665519, 1.825000000000000178 ) ) ;
#503 = ORIENTED_EDGE ( 'NONE', *, *, #623, .F. ) ;
#504 = CARTESIAN_POINT ( 'NONE',  ( -0.6500000000000000222, 0.3916666666666665519, -1.824999999999998401 ) ) ;
#505 = PLANE ( 'NONE',  #557 ) ;
#506 = CARTESIAN_POINT ( 'NONE',  ( -0.6500000000000000222, 0.3916666666666665519, 1.925000000000000044 ) ) ;
#507 = FACE_OUTER_BOUND ( 'NONE', #942, .T. ) ;
#508 = CARTESIAN_POINT ( 'NONE',  ( -0.6500000000000000222, 0.3916666666666665519, -1.824999999999998401 ) ) ;
#509 = DIRECTION ( 'NONE',  ( 0.000000000000000000, 0.000000000000000000, -1.000000000000000000 ) ) ;
#510 = COLOUR_RGB ( '',0.7921568627450980005, 0.8196078431372548767, 0.9333333333333333481 ) ;
#511 = ORIENTED_EDGE ( 'NONE', *, *, #1657, .T. ) ;
#512 = VERTEX_POINT ( 'NONE', #2061 ) ;
#513 =( GEOMETRIC_REPRESENTATION_CONTEXT ( 3 ) GLOBAL_UNCERTAINTY_ASSIGNED_CONTEXT ( ( #2105 ) ) GLOBAL_UNIT_ASSIGNED_CONTEXT ( ( #1274, #1111, #941 ) ) REPRESENTATION_CONTEXT ( 'NONE', 'WORKASPACE' ) );
#514 = ADVANCED_FACE ( 'NONE', ( #1904, #1386, #907 ), #1238, .F. ) ;
#515 = ORIENTED_EDGE ( 'NONE', *, *, #1434, .T. ) ;
#516 = LINE ( 'NONE', #1163, #1681 ) ;
#517 = DIRECTION ( 'NONE',  ( 0.000000000000000000, 0.000000000000000000, 1.000000000000000000 ) ) ;
#518 = DIRECTION ( 'NONE',  ( 1.000000000000000000, -0.000000000000000000, -0.000000000000000000 ) ) ;
#519 = DIRECTION ( 'NONE',  ( 1.000000000000000000, -0.000000000000000000, -0.000000000000000000 ) ) ;
#520 = ORIENTED_EDGE ( 'NONE', *, *, #1922, .T. ) ;
#521 = ADVANCED_FACE ( 'NONE', ( #1738 ), #1698, .F. ) ;
#522 = EDGE_CURVE ( 'NONE', #512, #437, #406, .T. ) ;
#523 = AXIS2_PLACEMENT_3D ( 'NONE', #424, #587, #727 ) ;
#524 = ORIENTED_EDGE ( 'NONE', *, *, #850, .T. ) ;
#525 = DIRECTION ( 'NONE',  ( 1.000000000000000000, 0.000000000000000000, -0.000000000000000000 ) ) ;
#526 = AXIS2_PLACEMENT_3D ( 'NONE', #2101, #625, #1455 ) ;
#527 = AXIS2_PLACEMENT_3D ( 'NONE', #760, #2069, #924 ) ;
#528 = DIRECTION ( 'NONE',  ( 0.000000000000000000, -0.000000000000000000, 1.000000000000000000 ) ) ;
#529 = PLANE ( 'NONE',  #1119 ) ;
#530 = CARTESIAN_POINT ( 'NONE',  ( 1.339999999999995417, 1.499999999999999778, 1.049999999999999600 ) ) ;
#531 = ORIENTED_EDGE ( 'NONE', *, *, #1263, .T. ) ;
#532 = DIRECTION ( 'NONE',  ( 0.000000000000000000, 1.000000000000000000, -2.282530889443167515E-16 ) ) ;
#533 = VERTEX_POINT ( 'NONE', #246 ) ;
#534 = FACE_OUTER_BOUND ( 'NONE', #706, .T. ) ;
#535 = FACE_OUTER_BOUND ( 'NONE', #1246, .T. ) ;
#536 = DIRECTION ( 'NONE',  ( 0.000000000000000000, 0.000000000000000000, -1.000000000000000000 ) ) ;
#537 = EDGE_CURVE ( 'NONE', #418, #163, #1374, .T. ) ;
#538 = FACE_OUTER_BOUND ( 'NONE', #1412, .T. ) ;
#539 = SURFACE_STYLE_FILL_AREA ( #1027 ) ;
#540 = ORIENTED_EDGE ( 'NONE', *, *, #1994, .T. ) ;
#541 = STYLED_ITEM ( 'NONE', ( #1258 ), #1624 ) ;
#542 = EDGE_CURVE ( 'NONE', #218, #642, #257, .T. ) ;
#543 = EDGE_LOOP ( 'NONE', ( #656, #228, #1525, #511 ) ) ;
#544 = CYLINDRICAL_SURFACE ( 'NONE', #84, 0.2500000000000000000 ) ;
#545 = CARTESIAN_POINT ( 'NONE',  ( -0.6500000000000000222, -9.758333333333332860, -1.924999999999996714 ) ) ;
#546 = CARTESIAN_POINT ( 'NONE',  ( -1.699999999999999067, 1.699999999999999956, -0.9499999999999996225 ) ) ;
#547 = VERTEX_POINT ( 'NONE', #92 ) ;
#548 = DIRECTION ( 'NONE',  ( 1.000000000000000000, -0.000000000000000000, 0.000000000000000000 ) ) ;
#549 = CYLINDRICAL_SURFACE ( 'NONE', #705, 0.2500000000000002220 ) ;
#550 = EDGE_LOOP ( 'NONE', ( #1415, #591, #357, #24 ) ) ;
#551 = VERTEX_POINT ( 'NONE', #129 ) ;
#552 = DIRECTION ( 'NONE',  ( 0.000000000000000000, 2.282530889443167515E-16, 1.000000000000000000 ) ) ;
#553 = VECTOR ( 'NONE', #383, 1000.000000000000000 ) ;
#554 = VECTOR ( 'NONE', #1767, 1000.000000000000000 ) ;
#555 = SURFACE_STYLE_FILL_AREA ( #565 ) ;
#556 = DIRECTION ( 'NONE',  ( 0.7071067811865474617, 0.000000000000000000, -0.7071067811865474617 ) ) ;
#557 = AXIS2_PLACEMENT_3D ( 'NONE', #1144, #1796, #1983 ) ;
#558 = VERTEX_POINT ( 'NONE', #782 ) ;
#559 = CARTESIAN_POINT ( 'NONE',  ( -1.149999999999999911, -9.758333333333332860, 1.924999999999998490 ) ) ;
#560 = CARTESIAN_POINT ( 'NONE',  ( -0.6500000000000000222, -9.758333333333332860, 2.074999999999998401 ) ) ;
#561 = EDGE_LOOP ( 'NONE', ( #334, #1054, #1575, #571 ) ) ;
#562 = ORIENTED_EDGE ( 'NONE', *, *, #758, .T. ) ;
#563 = EDGE_CURVE ( 'NONE', #1494, #568, #18, .T. ) ;
#564 = CARTESIAN_POINT ( 'NONE',  ( 0.000000000000000000, 1.499999999999999778, 0.000000000000000000 ) ) ;
#565 = FILL_AREA_STYLE ('',( #1539 ) ) ;
#566 = CARTESIAN_POINT ( 'NONE',  ( 0.000000000000000000, 1.699999999999999956, 0.000000000000000000 ) ) ;
#567 = EDGE_CURVE ( 'NONE', #1496, #418, #5, .T. ) ;
#568 = VERTEX_POINT ( 'NONE', #1271 ) ;
#569 = DIRECTION ( 'NONE',  ( 0.000000000000000000, 0.000000000000000000, 1.000000000000000000 ) ) ;
#570 =( NAMED_UNIT ( * ) SI_UNIT ( $, .STERADIAN. ) SOLID_ANGLE_UNIT ( ) );
#571 = ORIENTED_EDGE ( 'NONE', *, *, #1183, .T. ) ;
#572 = CARTESIAN_POINT ( 'NONE',  ( -0.6500000000000000222, -9.758333333333332860, -2.074999999999996625 ) ) ;
#573 = AXIS2_PLACEMENT_3D ( 'NONE', #560, #1210, #1239 ) ;
#574 = STYLED_ITEM ( 'NONE', ( #607 ), #1748 ) ;
#575 = PLANE ( 'NONE',  #255 ) ;
#576 = ORIENTED_EDGE ( 'NONE', *, *, #797, .F. ) ;
#577 = DIRECTION ( 'NONE',  ( 1.000000000000000000, 0.000000000000000000, -0.000000000000000000 ) ) ;
#578 = LINE ( 'NONE', #417, #1805 ) ;
#579 = EDGE_LOOP ( 'NONE', ( #2111, #1530, #917, #1881 ) ) ;
#580 = EDGE_CURVE ( 'NONE', #1687, #136, #1121, .T. ) ;
#581 = DIRECTION ( 'NONE',  ( 0.000000000000000000, 0.000000000000000000, 1.000000000000000000 ) ) ;
#582 = EDGE_CURVE ( 'NONE', #1760, #206, #1622, .T. ) ;
#583 = VECTOR ( 'NONE', #986, 1000.000000000000000 ) ;
#584 = PLANE ( 'NONE',  #1170 ) ;
#585 = VECTOR ( 'NONE', #139, 1000.000000000000000 ) ;
#586 = ORIENTED_EDGE ( 'NONE', *, *, #1026, .T. ) ;
#587 = DIRECTION ( 'NONE',  ( 0.000000000000000000, -1.000000000000000000, -2.282530889443167515E-16 ) ) ;
#588 = EDGE_CURVE ( 'NONE', #1437, #836, #1129, .T. ) ;
#589 = CARTESIAN_POINT ( 'NONE',  ( -0.1800000000000026579, 1.699999999999999956, -1.049999999999999600 ) ) ;
#590 = VECTOR ( 'NONE', #1934, 1000.000000000000000 ) ;
#591 = ORIENTED_EDGE ( 'NONE', *, *, #1658, .F. ) ;
#592 = DIRECTION ( 'NONE',  ( 0.000000000000000000, 0.000000000000000000, -1.000000000000000000 ) ) ;
#593 = DIRECTION ( 'NONE',  ( -1.869314090492260645E-16, 0.000000000000000000, -1.000000000000000000 ) ) ;
#594 = CARTESIAN_POINT ( 'NONE',  ( -1.339999999999995417, 1.699999999999999956, 1.049999999999999600 ) ) ;
#595 = PLANE ( 'NONE',  #2030 ) ;
#596 = EDGE_CURVE ( 'NONE', #1966, #547, #627, .T. ) ;
#597 = DIRECTION ( 'NONE',  ( -0.000000000000000000, 0.000000000000000000, 1.000000000000000000 ) ) ;
#598 = ORIENTED_EDGE ( 'NONE', *, *, #582, .F. ) ;
#599 = CARTESIAN_POINT ( 'NONE',  ( -1.339999999999995417, 1.699999999999999956, 1.049999999999999600 ) ) ;
#600 = DIRECTION ( 'NONE',  ( 0.000000000000000000, 0.000000000000000000, 1.000000000000000000 ) ) ;
#601 = STYLED_ITEM ( 'NONE', ( #335 ), #1590 ) ;
#602 = DIRECTION ( 'NONE',  ( -0.000000000000000000, -0.000000000000000000, 1.000000000000000000 ) ) ;
#603 = DIRECTION ( 'NONE',  ( 0.000000000000000000, 1.000000000000000000, 0.000000000000000000 ) ) ;
#604 = SURFACE_STYLE_USAGE ( .BOTH. , #908 ) ;
#605 = EDGE_CURVE ( 'NONE', #163, #1136, #1306, .T. ) ;
#606 = AXIS2_PLACEMENT_3D ( 'NONE', #243, #725, #1383 ) ;
#607 = PRESENTATION_STYLE_ASSIGNMENT (( #641 ) ) ;
#608 = VERTEX_POINT ( 'NONE', #651 ) ;
#609 = DIRECTION ( 'NONE',  ( -0.000000000000000000, -2.282530889443167515E-16, -1.000000000000000000 ) ) ;
#610 = CARTESIAN_POINT ( 'NONE',  ( -0.6500000000000000222, 0.6416666666666664964, -1.824999999999998401 ) ) ;
#611 = VECTOR ( 'NONE', #1305, 1000.000000000000000 ) ;
#612 = ORIENTED_EDGE ( 'NONE', *, *, #1654, .T. ) ;
#613 = CARTESIAN_POINT ( 'NONE',  ( 1.339999999999995417, 1.499999999999999778, 1.049999999999999600 ) ) ;
#614 = LINE ( 'NONE', #1929, #1252 ) ;
#615 = VECTOR ( 'NONE', #793, 1000.000000000000000 ) ;
#616 = CARTESIAN_POINT ( 'NONE',  ( -1.699999999999999067, 1.699999999999999956, 1.350000000000000533 ) ) ;
#617 = AXIS2_PLACEMENT_3D ( 'NONE', #949, #2087, #600 ) ;
#618 = CARTESIAN_POINT ( 'NONE',  ( -0.6500000000000000222, 0.6416666666666667185, 1.825000000000000178 ) ) ;
#619 = VECTOR ( 'NONE', #1651, 1000.000000000000000 ) ;
#620 = ORIENTED_EDGE ( 'NONE', *, *, #767, .F. ) ;
#621 = ORIENTED_EDGE ( 'NONE', *, *, #964, .T. ) ;
#622 = CARTESIAN_POINT ( 'NONE',  ( -0.6500000000000000222, 0.6416666666666666075, -1.349999999999998535 ) ) ;
#623 = EDGE_CURVE ( 'NONE', #1790, #1935, #663, .T. ) ;
#624 = ORIENTED_EDGE ( 'NONE', *, *, #355, .T. ) ;
#625 = DIRECTION ( 'NONE',  ( -1.000000000000000000, -0.000000000000000000, 0.000000000000000000 ) ) ;
#626 = ORIENTED_EDGE ( 'NONE', *, *, #1075, .T. ) ;
#627 = LINE ( 'NONE', #296, #784 ) ;
#628 = DIRECTION ( 'NONE',  ( 0.000000000000000000, -1.000000000000000000, 2.282530889443167515E-16 ) ) ;
#629 = EDGE_CURVE ( 'NONE', #227, #1419, #962, .T. ) ;
#630 = DIRECTION ( 'NONE',  ( 1.000000000000000000, -0.000000000000000000, 0.000000000000000000 ) ) ;
#631 = APPLICATION_PROTOCOL_DEFINITION ( 'draft international standard', 'automotive_design', 1998, #889 ) ;
#632 = VERTEX_POINT ( 'NONE', #976 ) ;
#633 = ORIENTED_EDGE ( 'NONE', *, *, #735, .T. ) ;
#634 = DIRECTION ( 'NONE',  ( -1.000000000000000000, 0.000000000000000000, 1.869314090492260645E-16 ) ) ;
#635 = ORIENTED_EDGE ( 'NONE', *, *, #1901, .F. ) ;
#636 = DIRECTION ( 'NONE',  ( 1.000000000000000000, -0.000000000000000000, -0.000000000000000000 ) ) ;
#637 = CARTESIAN_POINT ( 'NONE',  ( -1.149999999999999911, 0.6416666666666666075, -1.349999999999998535 ) ) ;
#638 = CARTESIAN_POINT ( 'NONE',  ( 1.700000000000000844, 0.000000000000000000, 1.350000000000000533 ) ) ;
#639 = COLOUR_RGB ( '',0.000000000000000000, 0.000000000000000000, 0.000000000000000000 ) ;
#640 = DIRECTION ( 'NONE',  ( 0.000000000000000000, 0.000000000000000000, 1.000000000000000000 ) ) ;
#641 = SURFACE_STYLE_USAGE ( .BOTH. , #1460 ) ;
#642 = VERTEX_POINT ( 'NONE', #1130 ) ;
#643 = EDGE_LOOP ( 'NONE', ( #381, #1909, #423, #1237, #576, #1312, #2049, #102 ) ) ;
#644 = FACE_OUTER_BOUND ( 'NONE', #333, .T. ) ;
#645 = AXIS2_PLACEMENT_3D ( 'NONE', #1692, #1376, #597 ) ;
#646 = EDGE_LOOP ( 'NONE', ( #1969, #1872, #1162, #866, #2060, #1048, #520, #1472 ) ) ;
#647 = EDGE_CURVE ( 'NONE', #1860, #61, #338, .T. ) ;
#648 = LINE ( 'NONE', #1959, #1203 ) ;
#649 = LINE ( 'NONE', #1292, #848 ) ;
#650 = FACE_OUTER_BOUND ( 'NONE', #579, .T. ) ;
#651 = CARTESIAN_POINT ( 'NONE',  ( 1.149999999999999911, 0.3916666666666665519, 2.075000000000000622 ) ) ;
#652 = CARTESIAN_POINT ( 'NONE',  ( 0.1800000000000026579, 1.499999999999999778, 1.049999999999999600 ) ) ;
#653 = FACE_OUTER_BOUND ( 'NONE', #266, .T. ) ;
#654 = VECTOR ( 'NONE', #1456, 1000.000000000000000 ) ;
#655 = AXIS2_PLACEMENT_3D ( 'NONE', #1594, #460, #1251 ) ;
#656 = ORIENTED_EDGE ( 'NONE', *, *, #1906, .T. ) ;
#657 = EDGE_LOOP ( 'NONE', ( #1270, #890, #1845, #1630 ) ) ;
#658 = FACE_OUTER_BOUND ( 'NONE', #1160, .T. ) ;
#659 = VECTOR ( 'NONE', #519, 1000.000000000000000 ) ;
#660 = VERTEX_POINT ( 'NONE', #1915 ) ;
#661 = DIRECTION ( 'NONE',  ( 1.000000000000000000, 0.000000000000000000, 0.000000000000000000 ) ) ;
#662 = CARTESIAN_POINT ( 'NONE',  ( -1.149999999999999911, 0.4916666666666666408, 1.350000000000000311 ) ) ;
#663 = LINE ( 'NONE', #1771, #855 ) ;
#664 = PLANE ( 'NONE',  #410 ) ;
#665 = CARTESIAN_POINT ( 'NONE',  ( 0.6500000000000000222, 0.3916666666666665519, 1.925000000000000044 ) ) ;
#666 = EDGE_CURVE ( 'NONE', #61, #927, #1951, .T. ) ;
#667 = ORIENTED_EDGE ( 'NONE', *, *, #1022, .F. ) ;
#668 = VERTEX_POINT ( 'NONE', #804 ) ;
#669 = VERTEX_POINT ( 'NONE', #451 ) ;
#670 = DIRECTION ( 'NONE',  ( -1.000000000000000000, -0.000000000000000000, -0.000000000000000000 ) ) ;
#671 = CLOSED_SHELL ( 'NONE', ( #1943, #1551, #1965, #2088, #175, #514, #494, #38, #1171, #2014, #1141, #1385, #68, #1585, #115, #916, #1988, #1032 ) ) ;
#672 = PLANE ( 'NONE',  #1094 ) ;
#673 = FACE_OUTER_BOUND ( 'NONE', #781, .T. ) ;
#674 = EDGE_CURVE ( 'NONE', #1958, #1653, #1098, .T. ) ;
#675 = DIRECTION ( 'NONE',  ( 0.000000000000000000, 0.000000000000000000, -1.000000000000000000 ) ) ;
#676 = EDGE_CURVE ( 'NONE', #956, #1344, #1750, .T. ) ;
#677 = ORIENTED_EDGE ( 'NONE', *, *, #1078, .T. ) ;
#678 = ORIENTED_EDGE ( 'NONE', *, *, #144, .T. ) ;
#679 = ORIENTED_EDGE ( 'NONE', *, *, #739, .F. ) ;
#680 = PLANE ( 'NONE',  #1648 ) ;
#681 = CARTESIAN_POINT ( 'NONE',  ( 1.149999999999999911, 0.3916666666666665519, -1.824999999999998401 ) ) ;
#682 = DIRECTION ( 'NONE',  ( 0.000000000000000000, -1.000000000000000000, -2.136358960562570493E-16 ) ) ;
#683 = LINE ( 'NONE', #1825, #1544 ) ;
#684 = EDGE_CURVE ( 'NONE', #1583, #1958, #1466, .T. ) ;
#685 = AXIS2_PLACEMENT_3D ( 'NONE', #1489, #364, #209 ) ;
#686 = ORIENTED_EDGE ( 'NONE', *, *, #96, .T. ) ;
#687 = AXIS2_PLACEMENT_3D ( 'NONE', #985, #1465, #1770 ) ;
#688 = AXIS2_PLACEMENT_3D ( 'NONE', #1869, #877, #260 ) ;
#689 = VERTEX_POINT ( 'NONE', #1962 ) ;
#690 = LINE ( 'NONE', #1497, #2098 ) ;
#691 = AXIS2_PLACEMENT_3D ( 'NONE', #1756, #973, #469 ) ;
#692 = DIRECTION ( 'NONE',  ( -0.000000000000000000, -0.000000000000000000, 1.000000000000000000 ) ) ;
#693 = DIRECTION ( 'NONE',  ( 0.000000000000000000, 0.000000000000000000, -1.000000000000000000 ) ) ;
#694 = DIRECTION ( 'NONE',  ( -1.000000000000000000, -0.000000000000000000, -0.000000000000000000 ) ) ;
#695 = CARTESIAN_POINT ( 'NONE',  ( -1.699999999999999067, 0.000000000000000000, -0.9499999999999996225 ) ) ;
#696 = ADVANCED_FACE ( 'NONE', ( #473 ), #495, .F. ) ;
#697 = ORIENTED_EDGE ( 'NONE', *, *, #1184, .T. ) ;
#698 = ORIENTED_EDGE ( 'NONE', *, *, #1898, .T. ) ;
#699 = DIRECTION ( 'NONE',  ( -0.000000000000000000, -2.282530889443167515E-16, -1.000000000000000000 ) ) ;
#700 = CARTESIAN_POINT ( 'NONE',  ( 1.149999999999999911, 0.6416666666666666075, -1.349999999999998535 ) ) ;
#701 = LINE ( 'NONE', #1677, #1253 ) ;
#702 = CARTESIAN_POINT ( 'NONE',  ( 0.6500000000000000222, -9.758333333333332860, -2.074999999999996625 ) ) ;
#703 = PLANE ( 'NONE',  #1591 ) ;
#704 = ORIENTED_EDGE ( 'NONE', *, *, #474, .F. ) ;
#705 = AXIS2_PLACEMENT_3D ( 'NONE', #1200, #398, #174 ) ;
#706 = EDGE_LOOP ( 'NONE', ( #51, #41, #1827, #1208 ) ) ;
#707 = VECTOR ( 'NONE', #486, 1000.000000000000000 ) ;
#708 = CARTESIAN_POINT ( 'NONE',  ( 0.000000000000000000, 1.699999999999999956, 0.000000000000000000 ) ) ;
#709 = CARTESIAN_POINT ( 'NONE',  ( 0.6500000000000000222, 0.4916666666666666408, 1.350000000000000311 ) ) ;
#710 = FACE_OUTER_BOUND ( 'NONE', #1364, .T. ) ;
#711 = LINE ( 'NONE', #1047, #1398 ) ;
#712 = ORIENTED_EDGE ( 'NONE', *, *, #349, .F. ) ;
#713 = LINE ( 'NONE', #233, #1168 ) ;
#714 = PLANE ( 'NONE',  #2015 ) ;
#715 = CARTESIAN_POINT ( 'NONE',  ( -1.149999999999999911, 0.3916666666666665519, 2.075000000000000622 ) ) ;
#716 = EDGE_CURVE ( 'NONE', #668, #868, #180, .T. ) ;
#717 = VERTEX_POINT ( 'NONE', #637 ) ;
#718 = VECTOR ( 'NONE', #4, 1000.000000000000000 ) ;
#719 = ORIENTED_EDGE ( 'NONE', *, *, #1390, .T. ) ;
#720 = LINE ( 'NONE', #1379, #1960 ) ;
#721 = STYLED_ITEM ( 'NONE', ( #283 ), #919 ) ;
#722 = EDGE_CURVE ( 'NONE', #1204, #910, #2113, .T. ) ;
#723 = VECTOR ( 'NONE', #200, 1000.000000000000000 ) ;
#724 = CARTESIAN_POINT ( 'NONE',  ( 0.6500000000000000222, 0.6416666666666664964, -1.824999999999998401 ) ) ;
#725 = DIRECTION ( 'NONE',  ( 2.177690165469870662E-16, 0.000000000000000000, -1.000000000000000000 ) ) ;
#726 = ORIENTED_EDGE ( 'NONE', *, *, #897, .F. ) ;
#727 = DIRECTION ( 'NONE',  ( 0.000000000000000000, 2.282530889443167515E-16, -1.000000000000000000 ) ) ;
#728 = DIRECTION ( 'NONE',  ( -1.000000000000000000, 0.000000000000000000, -0.000000000000000000 ) ) ;
#729 = CARTESIAN_POINT ( 'NONE',  ( -1.339999999999995417, 1.499999999999999778, -0.8857359312880749291 ) ) ;
#730 = DIRECTION ( 'NONE',  ( 1.000000000000000000, 0.000000000000000000, 0.000000000000000000 ) ) ;
#731 = ORIENTED_EDGE ( 'NONE', *, *, #1090, .T. ) ;
#732 = VERTEX_POINT ( 'NONE', #1166 ) ;
#733 = LINE ( 'NONE', #97, #259 ) ;
#734 = CARTESIAN_POINT ( 'NONE',  ( -0.1800000000000026579, 1.699999999999999956, 1.049999999999999600 ) ) ;
#735 = EDGE_CURVE ( 'NONE', #1653, #1419, #1659, .T. ) ;
#736 = EDGE_LOOP ( 'NONE', ( #1691, #677, #1587, #1838, #1019, #2043, #1012, #1213 ) ) ;
#737 = DIRECTION ( 'NONE',  ( 0.000000000000000000, -0.000000000000000000, -1.000000000000000000 ) ) ;
#738 = SURFACE_SIDE_STYLE ('',( #268 ) ) ;
#739 = EDGE_CURVE ( 'NONE', #732, #306, #201, .T. ) ;
#740 = ADVANCED_FACE ( 'NONE', ( #839 ), #1155, .F. ) ;
#741 = ORIENTED_EDGE ( 'NONE', *, *, #716, .F. ) ;
#742 = DIRECTION ( 'NONE',  ( 1.000000000000000000, -0.000000000000000000, -0.000000000000000000 ) ) ;
#743 = VECTOR ( 'NONE', #485, 1000.000000000000000 ) ;
#744 = AXIS2_PLACEMENT_3D ( 'NONE', #1435, #1774, #640 ) ;
#745 = CARTESIAN_POINT ( 'NONE',  ( -1.699999999999999067, 1.699999999999999956, 1.350000000000000533 ) ) ;
#746 = ORIENTED_EDGE ( 'NONE', *, *, #1814, .T. ) ;
#747 = FACE_OUTER_BOUND ( 'NONE', #1365, .T. ) ;
#748 = ORIENTED_EDGE ( 'NONE', *, *, #239, .F. ) ;
#749 = CARTESIAN_POINT ( 'NONE',  ( 0.6500000000000000222, 0.3916666666666665519, 1.825000000000000178 ) ) ;
#750 = VECTOR ( 'NONE', #1938, 1000.000000000000000 ) ;
#751 = ORIENTED_EDGE ( 'NONE', *, *, #1740, .F. ) ;
#752 = CARTESIAN_POINT ( 'NONE',  ( -1.339999999999995417, 1.499999999999999778, -0.8857359312880749291 ) ) ;
#753 =( NAMED_UNIT ( * ) SI_UNIT ( $, .STERADIAN. ) SOLID_ANGLE_UNIT ( ) );
#754 = VECTOR ( 'NONE', #1684, 1000.000000000000000 ) ;
#755 = ADVANCED_FACE ( 'NONE', ( #1185 ), #672, .F. ) ;
#756 = ORIENTED_EDGE ( 'NONE', *, *, #537, .T. ) ;
#757 = CARTESIAN_POINT ( 'NONE',  ( 1.339999999999995417, 1.499999999999999778, -1.049999999999999822 ) ) ;
#758 = EDGE_CURVE ( 'NONE', #551, #148, #1820, .T. ) ;
#759 = CARTESIAN_POINT ( 'NONE',  ( 0.6500000000000000222, 0.3916666666666665519, -1.924999999999998268 ) ) ;
#760 = CARTESIAN_POINT ( 'NONE',  ( -0.6500000000000000222, 0.3916666666666665519, 1.825000000000000178 ) ) ;
#761 = ORIENTED_EDGE ( 'NONE', *, *, #815, .T. ) ;
#762 = DIRECTION ( 'NONE',  ( 0.000000000000000000, -0.000000000000000000, 1.000000000000000000 ) ) ;
#763 = UNCERTAINTY_MEASURE_WITH_UNIT (LENGTH_MEASURE( 1.000000000000000082E-05 ), #1746, 'distance_accuracy_value', 'NONE');
#764 = EDGE_LOOP ( 'NONE', ( #284, #249, #1072, #345 ) ) ;
#765 = CARTESIAN_POINT ( 'NONE',  ( 0.000000000000000000, 1.499999999999999778, 0.000000000000000000 ) ) ;
#766 = CARTESIAN_POINT ( 'NONE',  ( 0.6500000000000000222, 0.3916666666666665519, -2.074999999999998845 ) ) ;
#767 = EDGE_CURVE ( 'NONE', #433, #463, #1195, .T. ) ;
#768 = VERTEX_POINT ( 'NONE', #506 ) ;
#769 = DIRECTION ( 'NONE',  ( 0.000000000000000000, 0.000000000000000000, -1.000000000000000000 ) ) ;
#770 = LINE ( 'NONE', #167, #2052 ) ;
#771 = AXIS2_PLACEMENT_3D ( 'NONE', #28, #231, #1329 ) ;
#772 = DIRECTION ( 'NONE',  ( 1.000000000000000000, 0.000000000000000000, 0.000000000000000000 ) ) ;
#773 = EDGE_CURVE ( 'NONE', #668, #689, #1685, .T. ) ;
#774 = EDGE_LOOP ( 'NONE', ( #1233, #87, #1663, #197 ) ) ;
#775 = EDGE_LOOP ( 'NONE', ( #1301, #1394, #1926, #633 ) ) ;
#776 = LINE ( 'NONE', #438, #112 ) ;
#777 = VERTEX_POINT ( 'NONE', #1667 ) ;
#778 = FACE_OUTER_BOUND ( 'NONE', #1801, .T. ) ;
#779 = EDGE_CURVE ( 'NONE', #312, #1860, #1957, .T. ) ;
#780 = COLOUR_RGB ( '',0.2509803921568627416, 0.2509803921568627416, 0.2509803921568627416 ) ;
#781 = EDGE_LOOP ( 'NONE', ( #719, #788, #1423, #1725, #612, #400, #415, #80 ) ) ;
#782 = CARTESIAN_POINT ( 'NONE',  ( -1.149999999999999911, -9.758333333333332860, -2.074999999999996625 ) ) ;
#783 = CARTESIAN_POINT ( 'NONE',  ( 1.149999999999999911, 0.4916666666666666408, -1.349999999999998535 ) ) ;
#784 = VECTOR ( 'NONE', #1797, 1000.000000000000000 ) ;
#785 = AXIS2_PLACEMENT_3D ( 'NONE', #564, #251, #1391 ) ;
#786 = CARTESIAN_POINT ( 'NONE',  ( -1.175735931288070857, 1.499999999999999778, -1.049999999999999822 ) ) ;
#787 = VECTOR ( 'NONE', #26, 1000.000000000000000 ) ;
#788 = ORIENTED_EDGE ( 'NONE', *, *, #1545, .T. ) ;
#789 = ORIENTED_EDGE ( 'NONE', *, *, #1493, .F. ) ;
#790 = DIRECTION ( 'NONE',  ( -1.000000000000000000, -0.000000000000000000, -0.000000000000000000 ) ) ;
#791 = ORIENTED_EDGE ( 'NONE', *, *, #1898, .F. ) ;
#792 = LINE ( 'NONE', #610, #1410 ) ;
#793 = DIRECTION ( 'NONE',  ( 1.000000000000000000, -0.000000000000000000, -0.000000000000000000 ) ) ;
#794 = CARTESIAN_POINT ( 'NONE',  ( 1.149999999999999911, 0.6416666666666664964, -1.824999999999998401 ) ) ;
#795 = CARTESIAN_POINT ( 'NONE',  ( 0.6500000000000000222, 0.3916666666666665519, 1.825000000000000178 ) ) ;
#796 = ADVANCED_FACE ( 'NONE', ( #535 ), #37, .T. ) ;
#797 = EDGE_CURVE ( 'NONE', #336, #105, #392, .T. ) ;
#798 = ORIENTED_EDGE ( 'NONE', *, *, #214, .F. ) ;
#799 = ORIENTED_EDGE ( 'NONE', *, *, #1448, .T. ) ;
#800 = CARTESIAN_POINT ( 'NONE',  ( -1.149999999999999911, 0.6416666666666664964, 1.825000000000000178 ) ) ;
#801 = ORIENTED_EDGE ( 'NONE', *, *, #1884, .T. ) ;
#802 = CARTESIAN_POINT ( 'NONE',  ( 1.339999999999995417, 1.499999999999999778, 1.049999999999999600 ) ) ;
#803 = ADVANCED_FACE ( 'NONE', ( #230 ), #2005, .F. ) ;
#804 = CARTESIAN_POINT ( 'NONE',  ( -1.339999999999995417, 1.499999999999999778, -0.8857359312880749291 ) ) ;
#805 = DIRECTION ( 'NONE',  ( 0.000000000000000000, 2.282530889443167515E-16, 1.000000000000000000 ) ) ;
#806 =( GEOMETRIC_REPRESENTATION_CONTEXT ( 3 ) GLOBAL_UNCERTAINTY_ASSIGNED_CONTEXT ( ( #1536 ) ) GLOBAL_UNIT_ASSIGNED_CONTEXT ( ( #1582, #297, #753 ) ) REPRESENTATION_CONTEXT ( 'NONE', 'WORKASPACE' ) );
#807 = VECTOR ( 'NONE', #2029, 1000.000000000000000 ) ;
#808 = DIRECTION ( 'NONE',  ( 0.000000000000000000, 0.000000000000000000, -1.000000000000000000 ) ) ;
#809 = ORIENTED_EDGE ( 'NONE', *, *, #1569, .T. ) ;
#810 = ORIENTED_EDGE ( 'NONE', *, *, #1045, .T. ) ;
#811 = DIRECTION ( 'NONE',  ( 0.000000000000000000, 0.000000000000000000, -1.000000000000000000 ) ) ;
#812 = ORIENTED_EDGE ( 'NONE', *, *, #1882, .T. ) ;
#813 = CARTESIAN_POINT ( 'NONE',  ( 1.339999999999995417, 1.499999999999999778, 1.049999999999999600 ) ) ;
#814 = DIRECTION ( 'NONE',  ( 1.000000000000000000, -0.000000000000000000, -0.000000000000000000 ) ) ;
#815 = EDGE_CURVE ( 'NONE', #1082, #1595, #221, .T. ) ;
#816 = SURFACE_SIDE_STYLE ('',( #1490 ) ) ;
#817 = CARTESIAN_POINT ( 'NONE',  ( -0.6500000000000000222, 0.4916666666666666408, 1.350000000000000311 ) ) ;
#818 = CARTESIAN_POINT ( 'NONE',  ( -0.6500000000000000222, 0.4916666666666666408, 1.350000000000000311 ) ) ;
#819 = AXIS2_PLACEMENT_3D ( 'NONE', #1880, #1073, #1395 ) ;
#820 = AXIS2_PLACEMENT_3D ( 'NONE', #708, #1893, #1883 ) ;
#821 = VERTEX_POINT ( 'NONE', #1972 ) ;
#822 = VERTEX_POINT ( 'NONE', #700 ) ;
#823 = VECTOR ( 'NONE', #1061, 1000.000000000000000 ) ;
#824 = CARTESIAN_POINT ( 'NONE',  ( -1.699999999999999067, 0.000000000000000000, 1.350000000000000533 ) ) ;
#825 = ORIENTED_EDGE ( 'NONE', *, *, #1803, .F. ) ;
#826 = FACE_OUTER_BOUND ( 'NONE', #172, .T. ) ;
#827 = CARTESIAN_POINT ( 'NONE',  ( -1.175735931288070857, 1.499999999999999778, -1.049999999999999822 ) ) ;
#828 = LINE ( 'NONE', #1633, #611 ) ;
#829 = ADVANCED_FACE ( 'NONE', ( #871 ), #27, .T. ) ;
#830 = ADVANCED_FACE ( 'NONE', ( #1528 ), #66, .F. ) ;
#831 = LINE ( 'NONE', #1996, #1852 ) ;
#832 = CARTESIAN_POINT ( 'NONE',  ( 0.1800000000000026579, 1.699999999999999956, 1.049999999999999600 ) ) ;
#833 = DIRECTION ( 'NONE',  ( -1.000000000000000000, 0.000000000000000000, 0.000000000000000000 ) ) ;
#834 = CARTESIAN_POINT ( 'NONE',  ( -0.6500000000000000222, 0.3916666666666665519, -2.074999999999998845 ) ) ;
#835 = ORIENTED_EDGE ( 'NONE', *, *, #1433, .T. ) ;
#836 = VERTEX_POINT ( 'NONE', #191 ) ;
#837 = EDGE_LOOP ( 'NONE', ( #791, #1628, #1192, #238 ) ) ;
#838 = DIRECTION ( 'NONE',  ( 1.000000000000000000, -0.000000000000000000, -0.000000000000000000 ) ) ;
#839 = FACE_OUTER_BOUND ( 'NONE', #946, .T. ) ;
#840 = DIRECTION ( 'NONE',  ( -1.000000000000000000, -0.000000000000000000, -0.000000000000000000 ) ) ;
#841 = CLOSED_SHELL ( 'NONE', ( #1793, #873, #1276, #458, #1408, #1975 ) ) ;
#842 = LINE ( 'NONE', #834, #619 ) ;
#843 = VECTOR ( 'NONE', #2033, 1000.000000000000000 ) ;
#844 = VECTOR ( 'NONE', #518, 1000.000000000000000 ) ;
#845 = ORIENTED_EDGE ( 'NONE', *, *, #1856, .T. ) ;
#846 = ORIENTED_EDGE ( 'NONE', *, *, #1263, .F. ) ;
#847 = CARTESIAN_POINT ( 'NONE',  ( -1.149999999999999911, -9.758333333333332860, -1.924999999999996714 ) ) ;
#848 = VECTOR ( 'NONE', #1142, 1000.000000000000000 ) ;
#849 = CARTESIAN_POINT ( 'NONE',  ( 0.6500000000000000222, 0.3916666666666665519, -1.824999999999998401 ) ) ;
#850 = EDGE_CURVE ( 'NONE', #1879, #370, #831, .T. ) ;
#851 = LINE ( 'NONE', #1864, #1908 ) ;
#852 = CARTESIAN_POINT ( 'NONE',  ( -0.1800000000000026579, 1.699999999999999956, 1.049999999999999600 ) ) ;
#853 = SURFACE_SIDE_STYLE ('',( #539 ) ) ;
#854 =( NAMED_UNIT ( * ) PLANE_ANGLE_UNIT ( ) SI_UNIT ( $, .RADIAN. ) );
#855 = VECTOR ( 'NONE', #1927, 1000.000000000000000 ) ;
#856 = ORIENTED_EDGE ( 'NONE', *, *, #1875, .F. ) ;
#857 = VECTOR ( 'NONE', #975, 1000.000000000000000 ) ;
#858 = ORIENTED_EDGE ( 'NONE', *, *, #580, .T. ) ;
#859 = DIRECTION ( 'NONE',  ( 0.000000000000000000, 0.000000000000000000, 1.000000000000000000 ) ) ;
#860 = VECTOR ( 'NONE', #90, 1000.000000000000000 ) ;
#861 = LINE ( 'NONE', #662, #261 ) ;
#862 = DIRECTION ( 'NONE',  ( -0.000000000000000000, 1.000000000000000000, 0.000000000000000000 ) ) ;
#863 = PLANE ( 'NONE',  #1635 ) ;
#864 = CARTESIAN_POINT ( 'NONE',  ( 0.6500000000000000222, 0.3916666666666665519, -1.924999999999998268 ) ) ;
#865 = DIRECTION ( 'NONE',  ( 0.000000000000000000, 0.000000000000000000, 1.000000000000000000 ) ) ;
#866 = ORIENTED_EDGE ( 'NONE', *, *, #1101, .T. ) ;
#867 = EDGE_CURVE ( 'NONE', #927, #336, #1830, .T. ) ;
#868 = VERTEX_POINT ( 'NONE', #107 ) ;
#869 = DIRECTION ( 'NONE',  ( 1.000000000000000000, -0.000000000000000000, -0.000000000000000000 ) ) ;
#870 = CLOSED_SHELL ( 'NONE', ( #1116, #1813, #1579, #101, #1058, #1563, #740, #53, #1854, #1159 ) ) ;
#871 = FACE_OUTER_BOUND ( 'NONE', #1241, .T. ) ;
#872 = CARTESIAN_POINT ( 'NONE',  ( -0.1800000000000026579, 1.499999999999999778, 1.049999999999999600 ) ) ;
#873 = ADVANCED_FACE ( 'NONE', ( #1570 ), #439, .T. ) ;
#874 = ORIENTED_EDGE ( 'NONE', *, *, #252, .F. ) ;
#875 = DIRECTION ( 'NONE',  ( -1.000000000000000000, -0.000000000000000000, -0.000000000000000000 ) ) ;
#876 = FILL_AREA_STYLE_COLOUR ( '', #639 ) ;
#877 = DIRECTION ( 'NONE',  ( -0.000000000000000000, 1.000000000000000000, 2.282530889443167515E-16 ) ) ;
#878 = EDGE_LOOP ( 'NONE', ( #921, #1282, #1980, #812 ) ) ;
#879 = VECTOR ( 'NONE', #435, 1000.000000000000000 ) ;
#880 = AXIS2_PLACEMENT_3D ( 'NONE', #20, #833, #305 ) ;
#881 = ORIENTED_EDGE ( 'NONE', *, *, #1479, .F. ) ;
#882 = AXIS2_PLACEMENT_3D ( 'NONE', #1338, #404, #2006 ) ;
#883 = CARTESIAN_POINT ( 'NONE',  ( 1.339999999999995417, 1.499999999999999778, 1.049999999999999600 ) ) ;
#884 = DIRECTION ( 'NONE',  ( -1.000000000000000000, -0.000000000000000000, -0.000000000000000000 ) ) ;
#885 = DIRECTION ( 'NONE',  ( 0.000000000000000000, -0.000000000000000000, 1.000000000000000000 ) ) ;
#886 = EDGE_LOOP ( 'NONE', ( #1214, #324, #1800, #199 ) ) ;
#887 = CARTESIAN_POINT ( 'NONE',  ( -1.149999999999999911, 0.3916666666666665519, -1.824999999999998401 ) ) ;
#888 = DIRECTION ( 'NONE',  ( 0.000000000000000000, 0.000000000000000000, 1.000000000000000000 ) ) ;
#889 = APPLICATION_CONTEXT ( 'automotive_design' ) ;
#890 = ORIENTED_EDGE ( 'NONE', *, *, #388, .F. ) ;
#891 =( GEOMETRIC_REPRESENTATION_CONTEXT ( 3 ) GLOBAL_UNCERTAINTY_ASSIGNED_CONTEXT ( ( #1649 ) ) GLOBAL_UNIT_ASSIGNED_CONTEXT ( ( #1920, #854, #378 ) ) REPRESENTATION_CONTEXT ( 'NONE', 'WORKASPACE' ) );
#892 = VERTEX_POINT ( 'NONE', #99 ) ;
#893 = DIRECTION ( 'NONE',  ( 0.000000000000000000, 0.000000000000000000, -1.000000000000000000 ) ) ;
#894 = MECHANICAL_DESIGN_GEOMETRIC_PRESENTATION_REPRESENTATION (  '', ( #721 ), #1574 ) ;
#895 = CIRCLE ( 'NONE', #968, 0.09999999999999982514 ) ;
#896 = DIRECTION ( 'NONE',  ( -0.7071067811865473507, 0.000000000000000000, 0.7071067811865477948 ) ) ;
#897 = EDGE_CURVE ( 'NONE', #632, #2002, #1243, .T. ) ;
#898 = MECHANICAL_DESIGN_GEOMETRIC_PRESENTATION_REPRESENTATION (  '', ( #1992 ), #86 ) ;
#899 = VERTEX_POINT ( 'NONE', #2051 ) ;
#900 = CARTESIAN_POINT ( 'NONE',  ( 0.6500000000000000222, 0.3916666666666665519, 1.925000000000000044 ) ) ;
#901 = LINE ( 'NONE', #452, #1051 ) ;
#902 = EDGE_LOOP ( 'NONE', ( #1892, #1932, #1524, #1580, #492 ) ) ;
#903 = PLANE ( 'NONE',  #785 ) ;
#904 = DIRECTION ( 'NONE',  ( 0.000000000000000000, 0.000000000000000000, -1.000000000000000000 ) ) ;
#905 = CARTESIAN_POINT ( 'NONE',  ( -0.6500000000000000222, 0.3916666666666665519, -1.924999999999998268 ) ) ;
#906 = CARTESIAN_POINT ( 'NONE',  ( 0.6500000000000000222, 0.3916666666666665519, 2.075000000000000622 ) ) ;
#907 = FACE_OUTER_BOUND ( 'NONE', #152, .T. ) ;
#908 = SURFACE_SIDE_STYLE ('',( #130 ) ) ;
#909 = VECTOR ( 'NONE', #1889, 1000.000000000000000 ) ;
#910 = VERTEX_POINT ( 'NONE', #734 ) ;
#911 = EDGE_CURVE ( 'NONE', #23, #163, #1079, .T. ) ;
#912 = CARTESIAN_POINT ( 'NONE',  ( -1.149999999999999911, -9.758333333333332860, -1.924999999999996714 ) ) ;
#913 = VECTOR ( 'NONE', #425, 1000.000000000000000 ) ;
#914 =( GEOMETRIC_REPRESENTATION_CONTEXT ( 3 ) GLOBAL_UNCERTAINTY_ASSIGNED_CONTEXT ( ( #29 ) ) GLOBAL_UNIT_ASSIGNED_CONTEXT ( ( #1261, #1112, #455 ) ) REPRESENTATION_CONTEXT ( 'NONE', 'WORKASPACE' ) );
#915 = CARTESIAN_POINT ( 'NONE',  ( -0.6500000000000000222, 0.3916666666666665519, 1.925000000000000044 ) ) ;
#916 = ADVANCED_FACE ( 'NONE', ( #412 ), #1401, .F. ) ;
#917 = ORIENTED_EDGE ( 'NONE', *, *, #1676, .T. ) ;
#918 = PLANE ( 'NONE',  #819 ) ;
#919 = MANIFOLD_SOLID_BREP ( 'Boss-Extrude3[2]', #870 ) ;
#920 = LINE ( 'NONE', #1739, #1764 ) ;
#921 = ORIENTED_EDGE ( 'NONE', *, *, #1538, .F. ) ;
#922 = DIRECTION ( 'NONE',  ( 0.000000000000000000, -0.000000000000000000, -1.000000000000000000 ) ) ;
#923 = VECTOR ( 'NONE', #1476, 1000.000000000000000 ) ;
#924 = DIRECTION ( 'NONE',  ( 0.000000000000000000, 0.000000000000000000, -1.000000000000000000 ) ) ;
#925 = CARTESIAN_POINT ( 'NONE',  ( -1.149999999999999911, 0.4916666666666666408, -1.349999999999998535 ) ) ;
#926 = VECTOR ( 'NONE', #922, 1000.000000000000000 ) ;
#927 = VERTEX_POINT ( 'NONE', #1236 ) ;
#928 = PLANE ( 'NONE',  #1100 ) ;
#929 = DIRECTION ( 'NONE',  ( -1.000000000000000000, -0.000000000000000000, -0.000000000000000000 ) ) ;
#930 = VECTOR ( 'NONE', #1662, 1000.000000000000000 ) ;
#931 = EDGE_CURVE ( 'NONE', #1450, #910, #1216, .T. ) ;
#932 = ORIENTED_EDGE ( 'NONE', *, *, #1414, .F. ) ;
#933 = CARTESIAN_POINT ( 'NONE',  ( -1.339999999999995417, 1.699999999999999956, 1.049999999999999600 ) ) ;
#934 = FACE_OUTER_BOUND ( 'NONE', #902, .T. ) ;
#935 = LINE ( 'NONE', #127, #17 ) ;
#936 = ORIENTED_EDGE ( 'NONE', *, *, #1221, .F. ) ;
#937 = CARTESIAN_POINT ( 'NONE',  ( -1.339999999999995417, 1.499999999999999778, -0.8857359312880749291 ) ) ;
#938 = EDGE_CURVE ( 'NONE', #551, #1082, #242, .T. ) ;
#939 = DIRECTION ( 'NONE',  ( -0.000000000000000000, -0.000000000000000000, 1.000000000000000000 ) ) ;
#940 = LINE ( 'NONE', #616, #88 ) ;
#941 =( NAMED_UNIT ( * ) SI_UNIT ( $, .STERADIAN. ) SOLID_ANGLE_UNIT ( ) );
#942 = EDGE_LOOP ( 'NONE', ( #1003, #128, #1150, #697 ) ) ;
#943 = ADVANCED_FACE ( 'NONE', ( #710 ), #584, .F. ) ;
#944 = VERTEX_POINT ( 'NONE', #724 ) ;
#945 = DIRECTION ( 'NONE',  ( 1.000000000000000000, -0.000000000000000000, -0.000000000000000000 ) ) ;
#946 = EDGE_LOOP ( 'NONE', ( #1815, #1673, #1405, #1682 ) ) ;
#947 =( NAMED_UNIT ( * ) PLANE_ANGLE_UNIT ( ) SI_UNIT ( $, .RADIAN. ) );
#948 = MECHANICAL_DESIGN_GEOMETRIC_PRESENTATION_REPRESENTATION (  '', ( #1363 ), #806 ) ;
#949 = CARTESIAN_POINT ( 'NONE',  ( -0.6500000000000000222, 0.3916666666666665519, -1.824999999999998401 ) ) ;
#950 = PRESENTATION_STYLE_ASSIGNMENT (( #1759 ) ) ;
#951 = ORIENTED_EDGE ( 'NONE', *, *, #373, .F. ) ;
#952 = CARTESIAN_POINT ( 'NONE',  ( -1.149999999999999911, 0.3916666666666665519, -1.924999999999998268 ) ) ;
#953 = DIRECTION ( 'NONE',  ( -0.000000000000000000, -0.000000000000000000, -1.000000000000000000 ) ) ;
#954 = CARTESIAN_POINT ( 'NONE',  ( 1.700000000000000844, 1.699999999999999956, 1.350000000000000533 ) ) ;
#955 = ORIENTED_EDGE ( 'NONE', *, *, #96, .F. ) ;
#956 = VERTEX_POINT ( 'NONE', #1382 ) ;
#957 = CARTESIAN_POINT ( 'NONE',  ( -0.6500000000000000222, 0.4916666666666665297, -1.824999999999998401 ) ) ;
#958 = EDGE_LOOP ( 'NONE', ( #1641, #1989, #327, #1722 ) ) ;
#959 = DIRECTION ( 'NONE',  ( 0.000000000000000000, 2.282530889443167515E-16, 1.000000000000000000 ) ) ;
#960 = ADVANCED_FACE ( 'NONE', ( #1724 ), #575, .F. ) ;
#961 = VECTOR ( 'NONE', #1734, 1000.000000000000000 ) ;
#962 = LINE ( 'NONE', #317, #1995 ) ;
#963 = LINE ( 'NONE', #2114, #100 ) ;
#964 = EDGE_CURVE ( 'NONE', #2002, #2095, #1863, .T. ) ;
#965 = ADVANCED_FACE ( 'NONE', ( #273 ), #403, .T. ) ;
#966 = AXIS2_PLACEMENT_3D ( 'NONE', #1924, #1427, #2075 ) ;
#967 = PLANE ( 'NONE',  #1265 ) ;
#968 = AXIS2_PLACEMENT_3D ( 'NONE', #178, #670, #1828 ) ;
#969 = FACE_OUTER_BOUND ( 'NONE', #1866, .T. ) ;
#970 = DIRECTION ( 'NONE',  ( 1.000000000000000000, 0.000000000000000000, 0.000000000000000000 ) ) ;
#971 = ORIENTED_EDGE ( 'NONE', *, *, #1787, .F. ) ;
#972 = ORIENTED_EDGE ( 'NONE', *, *, #1022, .T. ) ;
#973 = DIRECTION ( 'NONE',  ( -1.000000000000000000, -0.000000000000000000, -0.000000000000000000 ) ) ;
#974 = ORIENTED_EDGE ( 'NONE', *, *, #797, .T. ) ;
#975 = DIRECTION ( 'NONE',  ( 0.000000000000000000, -1.000000000000000000, 1.495451272393799296E-16 ) ) ;
#976 = CARTESIAN_POINT ( 'NONE',  ( -1.699999999999999067, 1.699999999999999956, 1.350000000000000533 ) ) ;
#977 = DIRECTION ( 'NONE',  ( 0.000000000000000000, 0.000000000000000000, 1.000000000000000000 ) ) ;
#978 = CARTESIAN_POINT ( 'NONE',  ( -0.6500000000000000222, -9.758333333333332860, 1.924999999999998490 ) ) ;
#979 = PLANE ( 'NONE',  #477 ) ;
#980 = EDGE_LOOP ( 'NONE', ( #531, #503, #932, #32 ) ) ;
#981 = ORIENTED_EDGE ( 'NONE', *, *, #722, .F. ) ;
#982 =( LENGTH_UNIT ( ) NAMED_UNIT ( * ) SI_UNIT ( .MILLI., .METRE. ) );
#983 = ADVANCED_FACE ( 'NONE', ( #1747 ), #461, .F. ) ;
#984 = ORIENTED_EDGE ( 'NONE', *, *, #897, .T. ) ;
#985 = CARTESIAN_POINT ( 'NONE',  ( 0.6500000000000000222, 0.6416666666666664964, -1.824999999999998401 ) ) ;
#986 = DIRECTION ( 'NONE',  ( -1.000000000000000000, -0.000000000000000000, -2.177690165469870662E-16 ) ) ;
#987 = FACE_OUTER_BOUND ( 'NONE', #958, .T. ) ;
#988 = AXIS2_PLACEMENT_3D ( 'NONE', #1188, #1151, #225 ) ;
#989 = VECTOR ( 'NONE', #499, 1000.000000000000000 ) ;
#990 = LINE ( 'NONE', #618, #989 ) ;
#991 = ORIENTED_EDGE ( 'NONE', *, *, #1736, .F. ) ;
#992 = ORIENTED_EDGE ( 'NONE', *, *, #198, .T. ) ;
#993 = PRESENTATION_STYLE_ASSIGNMENT (( #1802 ) ) ;
#994 = EDGE_CURVE ( 'NONE', #204, #1120, #1610, .T. ) ;
#995 = ORIENTED_EDGE ( 'NONE', *, *, #373, .T. ) ;
#996 = CARTESIAN_POINT ( 'NONE',  ( 1.339999999999995417, 1.699999999999999956, -1.049999999999999822 ) ) ;
#997 = CARTESIAN_POINT ( 'NONE',  ( 0.6500000000000000222, -9.758333333333332860, -2.074999999999996625 ) ) ;
#998 = DIRECTION ( 'NONE',  ( 1.000000000000000000, -0.000000000000000000, -0.000000000000000000 ) ) ;
#999 = DIRECTION ( 'NONE',  ( 1.000000000000000000, -0.000000000000000000, -0.000000000000000000 ) ) ;
#1000 = CARTESIAN_POINT ( 'NONE',  ( -1.339999999999995417, 1.499999999999999778, 1.049999999999999600 ) ) ;
#1001 = PRESENTATION_LAYER_ASSIGNMENT (  '', '', ( #721 ) ) ;
#1002 = VECTOR ( 'NONE', #838, 1000.000000000000000 ) ;
#1003 = ORIENTED_EDGE ( 'NONE', *, *, #1486, .F. ) ;
#1004 = VERTEX_POINT ( 'NONE', #766 ) ;
#1005 = ORIENTED_EDGE ( 'NONE', *, *, #2107, .T. ) ;
#1006 = DIRECTION ( 'NONE',  ( 0.000000000000000000, 0.000000000000000000, -1.000000000000000000 ) ) ;
#1007 = DIRECTION ( 'NONE',  ( 0.000000000000000000, -1.000000000000000000, 2.136358960562570493E-16 ) ) ;
#1008 = DIRECTION ( 'NONE',  ( -0.000000000000000000, -0.000000000000000000, 1.000000000000000000 ) ) ;
#1009 = ADVANCED_FACE ( 'NONE', ( #1621 ), #1095, .F. ) ;
#1010 = CARTESIAN_POINT ( 'NONE',  ( 0.1800000000000026579, 1.499999999999999778, -1.049999999999999600 ) ) ;
#1011 = ORIENTED_EDGE ( 'NONE', *, *, #1422, .T. ) ;
#1012 = ORIENTED_EDGE ( 'NONE', *, *, #596, .T. ) ;
#1013 = CARTESIAN_POINT ( 'NONE',  ( -1.149999999999999911, 0.3916666666666665519, -2.074999999999998845 ) ) ;
#1014 = CARTESIAN_POINT ( 'NONE',  ( -1.339999999999995417, 1.499999999999999778, 1.049999999999999600 ) ) ;
#1015 = LINE ( 'NONE', #872, #1191 ) ;
#1016 = CARTESIAN_POINT ( 'NONE',  ( -0.6500000000000000222, -9.758333333333332860, 2.074999999999998401 ) ) ;
#1017 = CIRCLE ( 'NONE', #1326, 0.2500000000000002220 ) ;
#1018 = EDGE_LOOP ( 'NONE', ( #955, #981, #801, #1333 ) ) ;
#1019 = ORIENTED_EDGE ( 'NONE', *, *, #1089, .T. ) ;
#1020 = PLANE ( 'NONE',  #288 ) ;
#1021 = DIRECTION ( 'NONE',  ( 0.000000000000000000, 0.000000000000000000, -1.000000000000000000 ) ) ;
#1022 = EDGE_CURVE ( 'NONE', #1149, #2039, #2112, .T. ) ;
#1023 = CARTESIAN_POINT ( 'NONE',  ( 1.149999999999999911, -9.758333333333332860, -1.924999999999996714 ) ) ;
#1024 = EDGE_CURVE ( 'NONE', #892, #1082, #448, .T. ) ;
#1025 = LINE ( 'NONE', #2032, #356 ) ;
#1026 = EDGE_CURVE ( 'NONE', #1860, #360, #118, .T. ) ;
#1027 = FILL_AREA_STYLE ('',( #876 ) ) ;
#1028 = AXIS2_PLACEMENT_3D ( 'NONE', #681, #350, #1840 ) ;
#1029 = ORIENTED_EDGE ( 'NONE', *, *, #1231, .T. ) ;
#1030 = AXIS2_PLACEMENT_3D ( 'NONE', #137, #1279, #1264 ) ;
#1031 = ORIENTED_EDGE ( 'NONE', *, *, #1479, .T. ) ;
#1032 = ADVANCED_FACE ( 'NONE', ( #934 ), #1442, .F. ) ;
#1033 = LINE ( 'NONE', #419, #1478 ) ;
#1034 = AXIS2_PLACEMENT_3D ( 'NONE', #749, #742, #581 ) ;
#1035 = PLANE ( 'NONE',  #1380 ) ;
#1036 = CARTESIAN_POINT ( 'NONE',  ( 1.149999999999999911, 0.4916666666666666408, 1.350000000000000311 ) ) ;
#1037 = CARTESIAN_POINT ( 'NONE',  ( -0.6500000000000000222, -9.758333333333332860, -1.924999999999996714 ) ) ;
#1038 = EDGE_LOOP ( 'NONE', ( #1375, #1487, #751, #1173 ) ) ;
#1039 = DIRECTION ( 'NONE',  ( 1.000000000000000000, -0.000000000000000000, -0.000000000000000000 ) ) ;
#1040 = LINE ( 'NONE', #1844, #1189 ) ;
#1041 = FACE_OUTER_BOUND ( 'NONE', #657, .T. ) ;
#1042 = ORIENTED_EDGE ( 'NONE', *, *, #1231, .F. ) ;
#1043 = ORIENTED_EDGE ( 'NONE', *, *, #78, .F. ) ;
#1044 = PLANE ( 'NONE',  #1514 ) ;
#1045 = EDGE_CURVE ( 'NONE', #1618, #956, #328, .T. ) ;
#1046 = DIRECTION ( 'NONE',  ( 1.000000000000000000, 0.000000000000000000, 0.000000000000000000 ) ) ;
#1047 = CARTESIAN_POINT ( 'NONE',  ( 1.149999999999999911, -9.758333333333332860, 2.074999999999998401 ) ) ;
#1048 = ORIENTED_EDGE ( 'NONE', *, *, #2023, .T. ) ;
#1049 = DIRECTION ( 'NONE',  ( 1.000000000000000000, -0.000000000000000000, -0.000000000000000000 ) ) ;
#1050 = DIRECTION ( 'NONE',  ( 1.000000000000000000, -0.000000000000000000, -0.000000000000000000 ) ) ;
#1051 = VECTOR ( 'NONE', #929, 1000.000000000000000 ) ;
#1052 = ORIENTED_EDGE ( 'NONE', *, *, #1473, .T. ) ;
#1053 = AXIS2_PLACEMENT_3D ( 'NONE', #11, #377, #1680 ) ;
#1054 = ORIENTED_EDGE ( 'NONE', *, *, #1244, .F. ) ;
#1055 = ADVANCED_FACE ( 'NONE', ( #304 ), #1417, .F. ) ;
#1056 = AXIS2_PLACEMENT_3D ( 'NONE', #1158, #630, #808 ) ;
#1057 = CARTESIAN_POINT ( 'NONE',  ( -1.175735931288070857, 1.499999999999999778, -1.049999999999999822 ) ) ;
#1058 = ADVANCED_FACE ( 'NONE', ( #778 ), #471, .F. ) ;
#1059 =( NAMED_UNIT ( * ) PLANE_ANGLE_UNIT ( ) SI_UNIT ( $, .RADIAN. ) );
#1060 = VERTEX_POINT ( 'NONE', #1291 ) ;
#1061 = DIRECTION ( 'NONE',  ( -0.7071067811865473507, -0.000000000000000000, 0.7071067811865477948 ) ) ;
#1062 = LINE ( 'NONE', #2080, #879 ) ;
#1063 = DIRECTION ( 'NONE',  ( 0.000000000000000000, -1.000000000000000000, 2.136358960562570493E-16 ) ) ;
#1064 = VECTOR ( 'NONE', #875, 1000.000000000000000 ) ;
#1065 = ORIENTED_EDGE ( 'NONE', *, *, #79, .F. ) ;
#1066 = DIRECTION ( 'NONE',  ( 0.000000000000000000, 1.000000000000000000, 0.000000000000000000 ) ) ;
#1067 = VECTOR ( 'NONE', #1613, 1000.000000000000000 ) ;
#1068 = PLANE ( 'NONE',  #1650 ) ;
#1069 = EDGE_CURVE ( 'NONE', #407, #204, #1118, .T. ) ;
#1070 = VECTOR ( 'NONE', #790, 1000.000000000000000 ) ;
#1071 = DIRECTION ( 'NONE',  ( 0.000000000000000000, 0.000000000000000000, -1.000000000000000000 ) ) ;
#1072 = ORIENTED_EDGE ( 'NONE', *, *, #964, .F. ) ;
#1073 = DIRECTION ( 'NONE',  ( -0.000000000000000000, 0.000000000000000000, 1.000000000000000000 ) ) ;
#1074 = DIRECTION ( 'NONE',  ( 1.000000000000000000, -0.000000000000000000, -0.000000000000000000 ) ) ;
#1075 = EDGE_CURVE ( 'NONE', #206, #868, #315, .T. ) ;
#1076 = EDGE_LOOP ( 'NONE', ( #598, #299, #1655, #1547, #1324 ) ) ;
#1077 = CARTESIAN_POINT ( 'NONE',  ( 0.6500000000000000222, 0.6416666666666664964, -1.824999999999998401 ) ) ;
#1078 = EDGE_CURVE ( 'NONE', #533, #669, #792, .T. ) ;
#1079 = LINE ( 'NONE', #905, #44 ) ;
#1080 = CARTESIAN_POINT ( 'NONE',  ( 0.6500000000000000222, 0.3916666666666665519, 2.075000000000000622 ) ) ;
#1081 = CARTESIAN_POINT ( 'NONE',  ( 0.000000000000000000, 1.699999999999999956, 0.000000000000000000 ) ) ;
#1082 = VERTEX_POINT ( 'NONE', #1105 ) ;
#1083 = LINE ( 'NONE', #1733, #926 ) ;
#1084 = SURFACE_STYLE_FILL_AREA ( #2012 ) ;
#1085 = DIRECTION ( 'NONE',  ( -1.000000000000000000, 0.000000000000000000, 1.869314090492260645E-16 ) ) ;
#1086 = EDGE_LOOP ( 'NONE', ( #1548, #31, #1042, #540 ) ) ;
#1087 = DIRECTION ( 'NONE',  ( 0.000000000000000000, -0.000000000000000000, -1.000000000000000000 ) ) ;
#1088 = FILL_AREA_STYLE_COLOUR ( '', #2081 ) ;
#1089 = EDGE_CURVE ( 'NONE', #1496, #23, #1891, .T. ) ;
#1090 = EDGE_CURVE ( 'NONE', #956, #467, #648, .T. ) ;
#1091 = ORIENTED_EDGE ( 'NONE', *, *, #1634, .F. ) ;
#1092 = PLANE ( 'NONE',  #1030 ) ;
#1093 = EDGE_CURVE ( 'NONE', #777, #512, #1795, .T. ) ;
#1094 = AXIS2_PLACEMENT_3D ( 'NONE', #47, #374, #1318 ) ;
#1095 = PLANE ( 'NONE',  #687 ) ;
#1096 = AXIS2_PLACEMENT_3D ( 'NONE', #1704, #2027, #552 ) ;
#1097 = EDGE_LOOP ( 'NONE', ( #69, #881, #42, #1454 ) ) ;
#1098 = LINE ( 'NONE', #613, #750 ) ;
#1099 = FILL_AREA_STYLE ('',( #258 ) ) ;
#1100 = AXIS2_PLACEMENT_3D ( 'NONE', #1887, #762, #577 ) ;
#1101 = EDGE_CURVE ( 'NONE', #1765, #1223, #690, .T. ) ;
#1102 = ORIENTED_EDGE ( 'NONE', *, *, #414, .T. ) ;
#1103 = DIRECTION ( 'NONE',  ( -0.000000000000000000, 1.000000000000000000, -0.000000000000000000 ) ) ;
#1104 = EDGE_LOOP ( 'NONE', ( #789, #1757, #379, #1378 ) ) ;
#1105 = CARTESIAN_POINT ( 'NONE',  ( -1.299999999999999156, 0.000000000000000000, -1.349999999999999645 ) ) ;
#1106 = EDGE_CURVE ( 'NONE', #184, #61, #1235, .T. ) ;
#1107 = ORIENTED_EDGE ( 'NONE', *, *, #1654, .F. ) ;
#1108 = CARTESIAN_POINT ( 'NONE',  ( -1.149999999999999911, -9.758333333333332860, 2.074999999999998401 ) ) ;
#1109 = DIRECTION ( 'NONE',  ( 0.000000000000000000, 0.000000000000000000, 1.000000000000000000 ) ) ;
#1110 = UNCERTAINTY_MEASURE_WITH_UNIT (LENGTH_MEASURE( 1.000000000000000082E-05 ), #1905, 'distance_accuracy_value', 'NONE');
#1111 =( NAMED_UNIT ( * ) PLANE_ANGLE_UNIT ( ) SI_UNIT ( $, .RADIAN. ) );
#1112 =( NAMED_UNIT ( * ) PLANE_ANGLE_UNIT ( ) SI_UNIT ( $, .RADIAN. ) );
#1113 = ORIENTED_EDGE ( 'NONE', *, *, #1545, .F. ) ;
#1114 = ORIENTED_EDGE ( 'NONE', *, *, #1458, .F. ) ;
#1115 = CARTESIAN_POINT ( 'NONE',  ( 1.339999999999995417, 1.699999999999999956, -1.049999999999999822 ) ) ;
#1116 = ADVANCED_FACE ( 'NONE', ( #188 ), #544, .T. ) ;
#1117 = ORIENTED_EDGE ( 'NONE', *, *, #767, .T. ) ;
#1118 = LINE ( 'NONE', #802, #46 ) ;
#1119 = AXIS2_PLACEMENT_3D ( 'NONE', #1661, #1369, #1360 ) ;
#1120 = VERTEX_POINT ( 'NONE', #996 ) ;
#1121 = LINE ( 'NONE', #1785, #1917 ) ;
#1122 = DIRECTION ( 'NONE',  ( 0.000000000000000000, 2.282530889443167515E-16, 1.000000000000000000 ) ) ;
#1123 = CARTESIAN_POINT ( 'NONE',  ( 1.339999999999995417, 1.499999999999999778, 1.049999999999999600 ) ) ;
#1124 = ORIENTED_EDGE ( 'NONE', *, *, #2107, .F. ) ;
#1125 = VERTEX_POINT ( 'NONE', #1013 ) ;
#1126 = LINE ( 'NONE', #125, #590 ) ;
#1127 = ORIENTED_EDGE ( 'NONE', *, *, #456, .T. ) ;
#1128 = CARTESIAN_POINT ( 'NONE',  ( -0.6500000000000000222, 0.4916666666666666408, 1.350000000000000311 ) ) ;
#1129 = CIRCLE ( 'NONE', #2063, 0.2500000000000002220 ) ;
#1130 = CARTESIAN_POINT ( 'NONE',  ( 1.149999999999999911, 0.3916666666666665519, 1.925000000000000044 ) ) ;
#1131 = PLANE ( 'NONE',  #64 ) ;
#1132 = AXIS2_PLACEMENT_3D ( 'NONE', #1281, #1758, #293 ) ;
#1133 = AXIS2_PLACEMENT_3D ( 'NONE', #765, #116, #1743 ) ;
#1134 = CARTESIAN_POINT ( 'NONE',  ( -1.699999999999999067, 0.000000000000000000, 1.350000000000000533 ) ) ;
#1135 = EDGE_CURVE ( 'NONE', #1933, #1618, #895, .T. ) ;
#1136 = VERTEX_POINT ( 'NONE', #847 ) ;
#1137 = ORIENTED_EDGE ( 'NONE', *, *, #1646, .T. ) ;
#1138 = LINE ( 'NONE', #215, #1426 ) ;
#1139 = ORIENTED_EDGE ( 'NONE', *, *, #994, .F. ) ;
#1140 = CARTESIAN_POINT ( 'NONE',  ( -1.339999999999995417, 1.499999999999999778, -0.8857359312880749291 ) ) ;
#1141 = ADVANCED_FACE ( 'NONE', ( #534 ), #1970, .F. ) ;
#1142 = DIRECTION ( 'NONE',  ( 0.000000000000000000, 0.000000000000000000, -1.000000000000000000 ) ) ;
#1143 = FACE_OUTER_BOUND ( 'NONE', #1299, .T. ) ;
#1144 = CARTESIAN_POINT ( 'NONE',  ( 0.6500000000000000222, -9.758333333333332860, 2.074999999999998401 ) ) ;
#1145 = DIRECTION ( 'NONE',  ( 1.000000000000000000, -0.000000000000000000, -0.000000000000000000 ) ) ;
#1146 = LINE ( 'NONE', #978, #1220 ) ;
#1147 = EDGE_CURVE ( 'NONE', #187, #768, #43, .T. ) ;
#1148 = CARTESIAN_POINT ( 'NONE',  ( -1.149999999999999911, 0.4916666666666665297, 1.825000000000000178 ) ) ;
#1149 = VERTEX_POINT ( 'NONE', #1506 ) ;
#1150 = ORIENTED_EDGE ( 'NONE', *, *, #1135, .T. ) ;
#1151 = DIRECTION ( 'NONE',  ( 0.000000000000000000, -1.495451272393799296E-16, -1.000000000000000000 ) ) ;
#1152 = LINE ( 'NONE', #824, #2093 ) ;
#1153 = ORIENTED_EDGE ( 'NONE', *, *, #674, .T. ) ;
#1154 = DIRECTION ( 'NONE',  ( -1.869314090492260645E-16, 0.000000000000000000, -1.000000000000000000 ) ) ;
#1155 = PLANE ( 'NONE',  #147 ) ;
#1156 = CARTESIAN_POINT ( 'NONE',  ( 0.6500000000000000222, 0.3916666666666665519, 1.825000000000000178 ) ) ;
#1157 = VECTOR ( 'NONE', #331, 1000.000000000000000 ) ;
#1158 = CARTESIAN_POINT ( 'NONE',  ( -1.699999999999999067, 1.699999999999999956, 1.350000000000000533 ) ) ;
#1159 = ADVANCED_FACE ( 'NONE', ( #826 ), #1020, .F. ) ;
#1160 = EDGE_LOOP ( 'NONE', ( #1835, #1846, #1948, #1286 ) ) ;
#1161 = ORIENTED_EDGE ( 'NONE', *, *, #1090, .F. ) ;
#1162 = ORIENTED_EDGE ( 'NONE', *, *, #1353, .T. ) ;
#1163 = CARTESIAN_POINT ( 'NONE',  ( -1.149999999999999911, -9.758333333333332860, -2.074999999999996625 ) ) ;
#1164 = CARTESIAN_POINT ( 'NONE',  ( -1.339999999999995417, 1.699999999999999956, -0.8857359312880749291 ) ) ;
#1165 = EDGE_CURVE ( 'NONE', #1004, #944, #491, .T. ) ;
#1166 = CARTESIAN_POINT ( 'NONE',  ( 1.149999999999999911, 0.4916666666666665297, 1.825000000000000178 ) ) ;
#1167 = DIRECTION ( 'NONE',  ( 0.000000000000000000, 0.000000000000000000, -1.000000000000000000 ) ) ;
#1168 = VECTOR ( 'NONE', #376, 1000.000000000000000 ) ;
#1169 = DIRECTION ( 'NONE',  ( 0.000000000000000000, 2.282530889443167515E-16, -1.000000000000000000 ) ) ;
#1170 = AXIS2_PLACEMENT_3D ( 'NONE', #915, #76, #1368 ) ;
#1171 = ADVANCED_FACE ( 'NONE', ( #1182 ), #680, .F. ) ;
#1172 = VECTOR ( 'NONE', #361, 1000.000000000000000 ) ;
#1173 = ORIENTED_EDGE ( 'NONE', *, *, #388, .T. ) ;
#1174 = ORIENTED_EDGE ( 'NONE', *, *, #2046, .T. ) ;
#1175 = CARTESIAN_POINT ( 'NONE',  ( -0.6500000000000000222, 0.3916666666666665519, 1.925000000000000044 ) ) ;
#1176 = DIRECTION ( 'NONE',  ( 0.000000000000000000, 1.000000000000000000, 0.000000000000000000 ) ) ;
#1177 = FACE_OUTER_BOUND ( 'NONE', #1321, .T. ) ;
#1178 = APPLICATION_CONTEXT ( 'automotive_design' ) ;
#1179 = DIRECTION ( 'NONE',  ( 0.000000000000000000, 1.000000000000000000, 0.000000000000000000 ) ) ;
#1180 = ORIENTED_EDGE ( 'NONE', *, *, #2013, .F. ) ;
#1181 = ORIENTED_EDGE ( 'NONE', *, *, #666, .T. ) ;
#1182 = FACE_OUTER_BOUND ( 'NONE', #775, .T. ) ;
#1183 = EDGE_CURVE ( 'NONE', #899, #822, #1806, .T. ) ;
#1184 = EDGE_CURVE ( 'NONE', #1618, #1384, #1350, .T. ) ;
#1185 = FACE_OUTER_BOUND ( 'NONE', #314, .T. ) ;
#1186 = CARTESIAN_POINT ( 'NONE',  ( 1.149999999999999911, -9.758333333333332860, -2.074999999999996625 ) ) ;
#1187 = PLANE ( 'NONE',  #1824 ) ;
#1188 = CARTESIAN_POINT ( 'NONE',  ( -0.6500000000000000222, 0.3916666666666665519, -1.924999999999998268 ) ) ;
#1189 = VECTOR ( 'NONE', #1050, 1000.000000000000000 ) ;
#1190 = EDGE_CURVE ( 'NONE', #1966, #1136, #1336, .T. ) ;
#1191 = VECTOR ( 'NONE', #1167, 1000.000000000000000 ) ;
#1192 = ORIENTED_EDGE ( 'NONE', *, *, #1523, .T. ) ;
#1193 = ORIENTED_EDGE ( 'NONE', *, *, #1850, .F. ) ;
#1194 = CARTESIAN_POINT ( 'NONE',  ( 0.6500000000000000222, 0.3916666666666665519, -1.824999999999998401 ) ) ;
#1195 = LINE ( 'NONE', #1849, #1609 ) ;
#1196 = DIRECTION ( 'NONE',  ( 0.7071067811865475727, -0.000000000000000000, 0.7071067811865475727 ) ) ;
#1197 = CARTESIAN_POINT ( 'NONE',  ( -0.6500000000000000222, 0.6416666666666664964, 1.825000000000000178 ) ) ;
#1198 = ORIENTED_EDGE ( 'NONE', *, *, #1766, .F. ) ;
#1199 = CARTESIAN_POINT ( 'NONE',  ( 1.339999999999995417, 1.499999999999999778, 1.049999999999999600 ) ) ;
#1200 = CARTESIAN_POINT ( 'NONE',  ( -0.6500000000000000222, 0.3916666666666665519, 1.825000000000000178 ) ) ;
#1201 = AXIS2_PLACEMENT_3D ( 'NONE', #307, #1145, #1599 ) ;
#1202 = ORIENTED_EDGE ( 'NONE', *, *, #567, .T. ) ;
#1203 = VECTOR ( 'NONE', #636, 1000.000000000000000 ) ;
#1204 = VERTEX_POINT ( 'NONE', #219 ) ;
#1205 = CARTESIAN_POINT ( 'NONE',  ( 1.149999999999999911, 0.3916666666666665519, -1.924999999999998268 ) ) ;
#1206 = DIRECTION ( 'NONE',  ( 0.000000000000000000, -1.000000000000000000, -2.282530889443167515E-16 ) ) ;
#1207 = FACE_OUTER_BOUND ( 'NONE', #444, .T. ) ;
#1208 = ORIENTED_EDGE ( 'NONE', *, *, #303, .T. ) ;
#1209 = CARTESIAN_POINT ( 'NONE',  ( 0.6500000000000000222, 0.4916666666666666408, 1.350000000000000311 ) ) ;
#1210 = DIRECTION ( 'NONE',  ( 0.000000000000000000, 2.136358960562570493E-16, -1.000000000000000000 ) ) ;
#1211 = EDGE_CURVE ( 'NONE', #1627, #89, #1517, .T. ) ;
#1212 = EDGE_CURVE ( 'NONE', #1125, #1617, #1343, .T. ) ;
#1213 = ORIENTED_EDGE ( 'NONE', *, *, #1345, .T. ) ;
#1214 = ORIENTED_EDGE ( 'NONE', *, *, #629, .T. ) ;
#1215 = CARTESIAN_POINT ( 'NONE',  ( 0.6500000000000000222, -9.758333333333332860, -2.074999999999996625 ) ) ;
#1216 = LINE ( 'NONE', #1552, #1266 ) ;
#1217 = PLANE ( 'NONE',  #606 ) ;
#1218 = EDGE_LOOP ( 'NONE', ( #2078, #302, #1914, #1250 ) ) ;
#1219 = FACE_OUTER_BOUND ( 'NONE', #298, .T. ) ;
#1220 = VECTOR ( 'NONE', #953, 1000.000000000000000 ) ;
#1221 = EDGE_CURVE ( 'NONE', #437, #1120, #1643, .T. ) ;
#1222 = AXIS2_PLACEMENT_3D ( 'NONE', #566, #77, #885 ) ;
#1223 = VERTEX_POINT ( 'NONE', #1982 ) ;
#1224 = FACE_OUTER_BOUND ( 'NONE', #1642, .T. ) ;
#1225 = DIRECTION ( 'NONE',  ( 0.000000000000000000, 0.000000000000000000, -1.000000000000000000 ) ) ;
#1226 = EDGE_CURVE ( 'NONE', #558, #1125, #516, .T. ) ;
#1227 = ORIENTED_EDGE ( 'NONE', *, *, #198, .F. ) ;
#1228 = DIRECTION ( 'NONE',  ( -1.000000000000000000, -0.000000000000000000, -0.000000000000000000 ) ) ;
#1229 = CARTESIAN_POINT ( 'NONE',  ( -0.6500000000000000222, -9.758333333333332860, 1.924999999999998490 ) ) ;
#1230 = CARTESIAN_POINT ( 'NONE',  ( 1.339999999999995417, 1.499999999999999778, -1.049999999999999822 ) ) ;
#1231 = EDGE_CURVE ( 'NONE', #429, #1583, #36, .T. ) ;
#1232 = VECTOR ( 'NONE', #464, 1000.000000000000000 ) ;
#1233 = ORIENTED_EDGE ( 'NONE', *, *, #1106, .T. ) ;
#1234 = DIRECTION ( 'NONE',  ( 1.000000000000000000, -0.000000000000000000, 0.000000000000000000 ) ) ;
#1235 = CIRCLE ( 'NONE', #1711, 0.2500000000000002220 ) ;
#1236 = CARTESIAN_POINT ( 'NONE',  ( -1.149999999999999911, -9.758333333333332860, 2.074999999999998401 ) ) ;
#1237 = ORIENTED_EDGE ( 'NONE', *, *, #1906, .F. ) ;
#1238 = PLANE ( 'NONE',  #1341 ) ;
#1239 = DIRECTION ( 'NONE',  ( 0.000000000000000000, 1.000000000000000000, 2.136358960562570493E-16 ) ) ;
#1240 = FACE_OUTER_BOUND ( 'NONE', #1097, .T. ) ;
#1241 = EDGE_LOOP ( 'NONE', ( #135, #1277, #1737, #1334 ) ) ;
#1242 = CARTESIAN_POINT ( 'NONE',  ( 0.6500000000000000222, -9.758333333333332860, 2.074999999999998401 ) ) ;
#1243 = LINE ( 'NONE', #745, #961 ) ;
#1244 = EDGE_CURVE ( 'NONE', #944, #836, #2050, .T. ) ;
#1245 = ADVANCED_FACE ( 'NONE', ( #1400 ), #229, .F. ) ;
#1246 = EDGE_LOOP ( 'NONE', ( #2070, #712, #2053, #1534, #1944, #290, #1731, #1592 ) ) ;
#1247 = PLANE ( 'NONE',  #523 ) ;
#1248 = LINE ( 'NONE', #1589, #1729 ) ;
#1249 = EDGE_CURVE ( 'NONE', #1918, #1640, #1033, .T. ) ;
#1250 = ORIENTED_EDGE ( 'NONE', *, *, #722, .T. ) ;
#1251 = DIRECTION ( 'NONE',  ( 0.000000000000000000, 0.000000000000000000, 1.000000000000000000 ) ) ;
#1252 = VECTOR ( 'NONE', #1762, 1000.000000000000000 ) ;
#1253 = VECTOR ( 'NONE', #202, 1000.000000000000000 ) ;
#1254 = DIRECTION ( 'NONE',  ( 0.000000000000000000, 0.000000000000000000, -1.000000000000000000 ) ) ;
#1255 = CARTESIAN_POINT ( 'NONE',  ( -1.149999999999999911, 0.6416666666666666075, 1.350000000000000311 ) ) ;
#1256 = CARTESIAN_POINT ( 'NONE',  ( 0.6500000000000000222, -9.758333333333332860, 2.074999999999998401 ) ) ;
#1257 = DIRECTION ( 'NONE',  ( 0.000000000000000000, -0.000000000000000000, 1.000000000000000000 ) ) ;
#1258 = PRESENTATION_STYLE_ASSIGNMENT (( #604 ) ) ;
#1259 = DIRECTION ( 'NONE',  ( 0.000000000000000000, 0.000000000000000000, -1.000000000000000000 ) ) ;
#1260 = VECTOR ( 'NONE', #2018, 1000.000000000000000 ) ;
#1261 =( LENGTH_UNIT ( ) NAMED_UNIT ( * ) SI_UNIT ( .MILLI., .METRE. ) );
#1262 = ORIENTED_EDGE ( 'NONE', *, *, #2023, .F. ) ;
#1263 = EDGE_CURVE ( 'NONE', #717, #1935, #733, .T. ) ;
#1264 = DIRECTION ( 'NONE',  ( -1.000000000000000000, 0.000000000000000000, 0.000000000000000000 ) ) ;
#1265 = AXIS2_PLACEMENT_3D ( 'NONE', #827, #363, #1819 ) ;
#1266 = VECTOR ( 'NONE', #1046, 1000.000000000000000 ) ;
#1267 = DIRECTION ( 'NONE',  ( -0.7071067811865477948, 0.000000000000000000, -0.7071067811865473507 ) ) ;
#1268 = VECTOR ( 'NONE', #430, 1000.000000000000000 ) ;
#1269 = FILL_AREA_STYLE_COLOUR ( '', #75 ) ;
#1270 = ORIENTED_EDGE ( 'NONE', *, *, #1226, .T. ) ;
#1271 = CARTESIAN_POINT ( 'NONE',  ( -1.339999999999995417, 1.699999999999999956, -0.8857359312880749291 ) ) ;
#1272 = DIRECTION ( 'NONE',  ( 1.000000000000000000, 0.000000000000000000, 0.000000000000000000 ) ) ;
#1273 = CIRCLE ( 'NONE', #527, 0.09999999999999982514 ) ;
#1274 =( LENGTH_UNIT ( ) NAMED_UNIT ( * ) SI_UNIT ( .MILLI., .METRE. ) );
#1275 = APPLICATION_PROTOCOL_DEFINITION ( 'draft international standard', 'automotive_design', 1998, #1178 ) ;
#1276 = ADVANCED_FACE ( 'NONE', ( #1713 ), #263, .T. ) ;
#1277 = ORIENTED_EDGE ( 'NONE', *, *, #563, .F. ) ;
#1278 = ORIENTED_EDGE ( 'NONE', *, *, #563, .T. ) ;
#1279 = DIRECTION ( 'NONE',  ( 0.000000000000000000, 0.000000000000000000, 1.000000000000000000 ) ) ;
#1280 = ORIENTED_EDGE ( 'NONE', *, *, #121, .F. ) ;
#1281 = CARTESIAN_POINT ( 'NONE',  ( -0.6500000000000000222, 0.3916666666666665519, 1.825000000000000178 ) ) ;
#1282 = ORIENTED_EDGE ( 'NONE', *, *, #542, .F. ) ;
#1283 = CARTESIAN_POINT ( 'NONE',  ( -0.6500000000000000222, 0.3916666666666665519, 2.075000000000000622 ) ) ;
#1284 = CARTESIAN_POINT ( 'NONE',  ( 1.149999999999999911, -9.758333333333332860, -2.074999999999996625 ) ) ;
#1285 = LINE ( 'NONE', #2092, #1 ) ;
#1286 = ORIENTED_EDGE ( 'NONE', *, *, #1837, .T. ) ;
#1287 = ORIENTED_EDGE ( 'NONE', *, *, #414, .F. ) ;
#1288 = LINE ( 'NONE', #1778, #1744 ) ;
#1289 = ORIENTED_EDGE ( 'NONE', *, *, #445, .T. ) ;
#1290 = AXIS2_PLACEMENT_3D ( 'NONE', #181, #628, #1477 ) ;
#1291 = CARTESIAN_POINT ( 'NONE',  ( 0.6500000000000000222, 0.4916666666666665297, 1.825000000000000178 ) ) ;
#1292 = CARTESIAN_POINT ( 'NONE',  ( -0.1800000000000026579, 1.699999999999999956, 1.049999999999999600 ) ) ;
#1293 = DIRECTION ( 'NONE',  ( 0.000000000000000000, -2.282530889443167515E-16, 1.000000000000000000 ) ) ;
#1294 = CARTESIAN_POINT ( 'NONE',  ( -0.1800000000000026579, 1.499999999999999778, 1.049999999999999600 ) ) ;
#1295 = EDGE_CURVE ( 'NONE', #367, #1760, #2058, .T. ) ;
#1296 = CARTESIAN_POINT ( 'NONE',  ( -0.6500000000000000222, 0.4916666666666666408, -1.349999999999998535 ) ) ;
#1297 = DIRECTION ( 'NONE',  ( 0.000000000000000000, -1.495451272393799296E-16, 1.000000000000000000 ) ) ;
#1298 = AXIS2_PLACEMENT_3D ( 'NONE', #411, #532, #368 ) ;
#1299 = EDGE_LOOP ( 'NONE', ( #679, #479, #1102, #624 ) ) ;
#1300 = EDGE_CURVE ( 'NONE', #1120, #136, #1549, .T. ) ;
#1301 = ORIENTED_EDGE ( 'NONE', *, *, #1518, .T. ) ;
#1302 = CARTESIAN_POINT ( 'NONE',  ( -0.6500000000000000222, 0.3916666666666665519, -2.074999999999998845 ) ) ;
#1303 = ORIENTED_EDGE ( 'NONE', *, *, #1190, .F. ) ;
#1304 = CARTESIAN_POINT ( 'NONE',  ( -1.339999999999995417, 1.699999999999999956, -0.8857359312880749291 ) ) ;
#1305 = DIRECTION ( 'NONE',  ( -0.000000000000000000, -0.000000000000000000, 1.000000000000000000 ) ) ;
#1306 = LINE ( 'NONE', #952, #422 ) ;
#1307 = LINE ( 'NONE', #1963, #1907 ) ;
#1308 = VECTOR ( 'NONE', #1911, 1000.000000000000000 ) ;
#1309 = STYLED_ITEM ( 'NONE', ( #950 ), #170 ) ;
#1310 = PLANE ( 'NONE',  #2019 ) ;
#1311 = ORIENTED_EDGE ( 'NONE', *, *, #321, .F. ) ;
#1312 = ORIENTED_EDGE ( 'NONE', *, *, #867, .F. ) ;
#1313 = FACE_OUTER_BOUND ( 'NONE', #183, .T. ) ;
#1314 = ORIENTED_EDGE ( 'NONE', *, *, #1212, .F. ) ;
#1315 = DIRECTION ( 'NONE',  ( 0.000000000000000000, 0.000000000000000000, -1.000000000000000000 ) ) ;
#1316 = ADVANCED_FACE ( 'NONE', ( #1537 ), #903, .T. ) ;
#1317 = CARTESIAN_POINT ( 'NONE',  ( 0.1800000000000026579, 1.699999999999999956, -1.049999999999999600 ) ) ;
#1318 = DIRECTION ( 'NONE',  ( 0.000000000000000000, 0.000000000000000000, 1.000000000000000000 ) ) ;
#1319 = DIRECTION ( 'NONE',  ( 0.000000000000000000, 0.000000000000000000, 1.000000000000000000 ) ) ;
#1320 = FACE_OUTER_BOUND ( 'NONE', #886, .T. ) ;
#1321 = EDGE_LOOP ( 'NONE', ( #280, #1322, #586, #1937, #276, #488, #972, #1978 ) ) ;
#1322 = ORIENTED_EDGE ( 'NONE', *, *, #779, .T. ) ;
#1323 = DIRECTION ( 'NONE',  ( 1.000000000000000000, 0.000000000000000000, 0.000000000000000000 ) ) ;
#1324 = ORIENTED_EDGE ( 'NONE', *, *, #1075, .F. ) ;
#1325 = CARTESIAN_POINT ( 'NONE',  ( 0.6500000000000000222, 0.6416666666666666075, -1.349999999999998535 ) ) ;
#1326 = AXIS2_PLACEMENT_3D ( 'NONE', #508, #2104, #1467 ) ;
#1327 = DIRECTION ( 'NONE',  ( -1.000000000000000000, 0.000000000000000000, 0.000000000000000000 ) ) ;
#1328 = ADVANCED_FACE ( 'NONE', ( #1224 ), #1557, .T. ) ;
#1329 = DIRECTION ( 'NONE',  ( 0.000000000000000000, 0.000000000000000000, -1.000000000000000000 ) ) ;
#1330 = VECTOR ( 'NONE', #1481, 1000.000000000000000 ) ;
#1331 = AXIS2_PLACEMENT_3D ( 'NONE', #1753, #1931, #970 ) ;
#1332 = LINE ( 'NONE', #1855, #1714 ) ;
#1333 = ORIENTED_EDGE ( 'NONE', *, *, #1249, .T. ) ;
#1334 = ORIENTED_EDGE ( 'NONE', *, *, #301, .T. ) ;
#1335 = ORIENTED_EDGE ( 'NONE', *, *, #582, .T. ) ;
#1336 = LINE ( 'NONE', #1674, #1172 ) ;
#1337 = DIRECTION ( 'NONE',  ( -0.7071067811865474617, -0.000000000000000000, 0.7071067811865474617 ) ) ;
#1338 = CARTESIAN_POINT ( 'NONE',  ( 1.149999999999999911, 0.3916666666666665519, 1.825000000000000178 ) ) ;
#1339 = VECTOR ( 'NONE', #1039, 1000.000000000000000 ) ;
#1340 = CARTESIAN_POINT ( 'NONE',  ( -0.6500000000000000222, 0.6416666666666667185, 1.825000000000000178 ) ) ;
#1341 = AXIS2_PLACEMENT_3D ( 'NONE', #1081, #2044, #1087 ) ;
#1342 = AXIS2_PLACEMENT_3D ( 'NONE', #1533, #427, #1063 ) ;
#1343 = CIRCLE ( 'NONE', #49, 0.2500000000000002220 ) ;
#1344 = VERTEX_POINT ( 'NONE', #1215 ) ;
#1345 = EDGE_CURVE ( 'NONE', #547, #1462, #271, .T. ) ;
#1346 =( GEOMETRIC_REPRESENTATION_CONTEXT ( 3 ) GLOBAL_UNCERTAINTY_ASSIGNED_CONTEXT ( ( #353 ) ) GLOBAL_UNIT_ASSIGNED_CONTEXT ( ( #272, #1568, #1409 ) ) REPRESENTATION_CONTEXT ( 'NONE', 'WORKASPACE' ) );
#1347 = EDGE_CURVE ( 'NONE', #1136, #558, #1723, .T. ) ;
#1348 = VECTOR ( 'NONE', #1071, 1000.000000000000000 ) ;
#1349 = VERTEX_POINT ( 'NONE', #1057 ) ;
#1350 = LINE ( 'NONE', #371, #1002 ) ;
#1351 = DIRECTION ( 'NONE',  ( -0.000000000000000000, 1.000000000000000000, 1.495451272393799296E-16 ) ) ;
#1352 = CARTESIAN_POINT ( 'NONE',  ( 0.6500000000000000222, 0.4916666666666665297, -1.824999999999998401 ) ) ;
#1353 = EDGE_CURVE ( 'NONE', #822, #1765, #1566, .T. ) ;
#1354 = LINE ( 'NONE', #1000, #253 ) ;
#1355 = FACE_OUTER_BOUND ( 'NONE', #774, .T. ) ;
#1356 = VERTEX_POINT ( 'NONE', #1900 ) ;
#1357 = ORIENTED_EDGE ( 'NONE', *, *, #2064, .F. ) ;
#1358 = DIRECTION ( 'NONE',  ( 1.000000000000000000, 0.000000000000000000, -0.000000000000000000 ) ) ;
#1359 = CARTESIAN_POINT ( 'NONE',  ( -1.339999999999995417, 1.499999999999999778, 1.049999999999999600 ) ) ;
#1360 = DIRECTION ( 'NONE',  ( 0.000000000000000000, 0.000000000000000000, -1.000000000000000000 ) ) ;
#1361 = EDGE_CURVE ( 'NONE', #22, #2036, #1366, .T. ) ;
#1362 = FACE_OUTER_BOUND ( 'NONE', #1018, .T. ) ;
#1363 = STYLED_ITEM ( 'NONE', ( #110 ), #1629 ) ;
#1364 = EDGE_LOOP ( 'NONE', ( #974, #256, #95, #1464 ) ) ;
#1365 = EDGE_LOOP ( 'NONE', ( #1065, #748, #35, #2102, #270 ) ) ;
#1366 = LINE ( 'NONE', #1242, #362 ) ;
#1367 = DIRECTION ( 'NONE',  ( 0.000000000000000000, 1.000000000000000000, 2.282530889443167515E-16 ) ) ;
#1368 = DIRECTION ( 'NONE',  ( 0.000000000000000000, -1.000000000000000000, -1.495451272393799296E-16 ) ) ;
#1369 = DIRECTION ( 'NONE',  ( 1.000000000000000000, 0.000000000000000000, 0.000000000000000000 ) ) ;
#1370 = ADVANCED_FACE ( 'NONE', ( #1527 ), #63, .F. ) ;
#1371 = ORIENTED_EDGE ( 'NONE', *, *, #1221, .T. ) ;
#1372 = DIRECTION ( 'NONE',  ( -0.000000000000000000, -1.000000000000000000, -0.000000000000000000 ) ) ;
#1373 =( NAMED_UNIT ( * ) SI_UNIT ( $, .STERADIAN. ) SOLID_ANGLE_UNIT ( ) );
#1374 = CIRCLE ( 'NONE', #1509, 0.09999999999999982514 ) ;
#1375 = ORIENTED_EDGE ( 'NONE', *, *, #1212, .T. ) ;
#1376 = DIRECTION ( 'NONE',  ( -1.000000000000000000, 0.000000000000000000, -0.000000000000000000 ) ) ;
#1377 = VECTOR ( 'NONE', #634, 1000.000000000000000 ) ;
#1378 = ORIENTED_EDGE ( 'NONE', *, *, #629, .F. ) ;
#1379 = CARTESIAN_POINT ( 'NONE',  ( 1.149999999999999911, 0.6416666666666664964, 1.825000000000000178 ) ) ;
#1380 = AXIS2_PLACEMENT_3D ( 'NONE', #709, #1367, #1293 ) ;
#1381 = CARTESIAN_POINT ( 'NONE',  ( 1.339999999999995417, 1.499999999999999778, -1.049999999999999822 ) ) ;
#1382 = CARTESIAN_POINT ( 'NONE',  ( 0.6500000000000000222, -9.758333333333332860, -1.924999999999996714 ) ) ;
#1383 = DIRECTION ( 'NONE',  ( -1.000000000000000000, 0.000000000000000000, -2.177690165469870662E-16 ) ) ;
#1384 = VERTEX_POINT ( 'NONE', #1205 ) ;
#1385 = ADVANCED_FACE ( 'NONE', ( #1862 ), #1044, .T. ) ;
#1386 = FACE_BOUND ( 'NONE', #1104, .T. ) ;
#1387 = CARTESIAN_POINT ( 'NONE',  ( -1.175735931288070857, 1.499999999999999778, -1.049999999999999822 ) ) ;
#1388 = EDGE_LOOP ( 'NONE', ( #2020, #1791, #1708, #1672 ) ) ;
#1389 = ORIENTED_EDGE ( 'NONE', *, *, #1249, .F. ) ;
#1390 = EDGE_CURVE ( 'NONE', #2009, #1780, #720, .T. ) ;
#1391 = DIRECTION ( 'NONE',  ( 0.000000000000000000, -0.000000000000000000, -1.000000000000000000 ) ) ;
#1392 = LINE ( 'NONE', #1874, #153 ) ;
#1393 = DIRECTION ( 'NONE',  ( -0.000000000000000000, -1.000000000000000000, -0.000000000000000000 ) ) ;
#1394 = ORIENTED_EDGE ( 'NONE', *, *, #1994, .F. ) ;
#1395 = DIRECTION ( 'NONE',  ( 1.000000000000000000, 0.000000000000000000, 0.000000000000000000 ) ) ;
#1396 = CLOSED_SHELL ( 'NONE', ( #960, #1603, #1611, #521, #943, #983, #58, #497, #1949, #1055 ) ) ;
#1397 = PRESENTATION_LAYER_ASSIGNMENT (  '', '', ( #601 ) ) ;
#1398 = VECTOR ( 'NONE', #682, 1000.000000000000000 ) ;
#1399 = ORIENTED_EDGE ( 'NONE', *, *, #1947, .F. ) ;
#1400 = FACE_OUTER_BOUND ( 'NONE', #1870, .T. ) ;
#1401 = PLANE ( 'NONE',  #1779 ) ;
#1402 = ORIENTED_EDGE ( 'NONE', *, *, #1875, .T. ) ;
#1403 = FACE_OUTER_BOUND ( 'NONE', #1388, .T. ) ;
#1404 = CARTESIAN_POINT ( 'NONE',  ( 0.1800000000000026579, 1.499999999999999778, 1.049999999999999600 ) ) ;
#1405 = ORIENTED_EDGE ( 'NONE', *, *, #596, .F. ) ;
#1406 = ADVANCED_FACE ( 'NONE', ( #1424 ), #1092, .F. ) ;
#1407 = DIRECTION ( 'NONE',  ( 0.000000000000000000, -1.000000000000000000, 0.000000000000000000 ) ) ;
#1408 = ADVANCED_FACE ( 'NONE', ( #481 ), #313, .F. ) ;
#1409 =( NAMED_UNIT ( * ) SI_UNIT ( $, .STERADIAN. ) SOLID_ANGLE_UNIT ( ) );
#1410 = VECTOR ( 'NONE', #959, 1000.000000000000000 ) ;
#1411 =( NAMED_UNIT ( * ) SI_UNIT ( $, .STERADIAN. ) SOLID_ANGLE_UNIT ( ) );
#1412 = EDGE_LOOP ( 'NONE', ( #1262, #1702, #810, #731 ) ) ;
#1413 = CARTESIAN_POINT ( 'NONE',  ( 1.149999999999999911, -9.758333333333332860, 1.924999999999998490 ) ) ;
#1414 = EDGE_CURVE ( 'NONE', #669, #1790, #1910, .T. ) ;
#1415 = ORIENTED_EDGE ( 'NONE', *, *, #1523, .F. ) ;
#1416 = CARTESIAN_POINT ( 'NONE',  ( 1.339999999999995417, 1.699999999999999956, 1.049999999999999600 ) ) ;
#1417 = PLANE ( 'NONE',  #966 ) ;
#1418 = SURFACE_STYLE_FILL_AREA ( #1428 ) ;
#1419 = VERTEX_POINT ( 'NONE', #2086 ) ;
#1420 = CARTESIAN_POINT ( 'NONE',  ( 0.000000000000000000, 0.000000000000000000, 0.000000000000000000 ) ) ;
#1421 =( NAMED_UNIT ( * ) PLANE_ANGLE_UNIT ( ) SI_UNIT ( $, .RADIAN. ) );
#1422 = EDGE_CURVE ( 'NONE', #568, #1450, #291, .T. ) ;
#1423 = ORIENTED_EDGE ( 'NONE', *, *, #1947, .T. ) ;
#1424 = FACE_OUTER_BOUND ( 'NONE', #1470, .T. ) ;
#1425 = PRESENTATION_STYLE_ASSIGNMENT (( #292 ) ) ;
#1426 = VECTOR ( 'NONE', #1699, 1000.000000000000000 ) ;
#1427 = DIRECTION ( 'NONE',  ( 1.000000000000000000, 0.000000000000000000, 0.000000000000000000 ) ) ;
#1428 = FILL_AREA_STYLE ('',( #1269 ) ) ;
#1429 = PLANE ( 'NONE',  #1447 ) ;
#1430 = ORIENTED_EDGE ( 'NONE', *, *, #9, .F. ) ;
#1431 = CARTESIAN_POINT ( 'NONE',  ( -0.6500000000000000222, 0.4916666666666665297, -1.824999999999998401 ) ) ;
#1432 = CARTESIAN_POINT ( 'NONE',  ( -1.339999999999995417, 1.499999999999999778, 1.049999999999999600 ) ) ;
#1433 = EDGE_CURVE ( 'NONE', #433, #218, #1619, .T. ) ;
#1434 = EDGE_CURVE ( 'NONE', #1749, #184, #446, .T. ) ;
#1435 = CARTESIAN_POINT ( 'NONE',  ( 0.6500000000000000222, 0.3916666666666665519, -1.824999999999998401 ) ) ;
#1436 = ORIENTED_EDGE ( 'NONE', *, *, #2013, .T. ) ;
#1437 = VERTEX_POINT ( 'NONE', #1463 ) ;
#1438 = LINE ( 'NONE', #1584, #1070 ) ;
#1439 = VECTOR ( 'NONE', #1679, 1000.000000000000000 ) ;
#1440 = ORIENTED_EDGE ( 'NONE', *, *, #117, .F. ) ;
#1441 = VECTOR ( 'NONE', #1225, 1000.000000000000000 ) ;
#1442 = PLANE ( 'NONE',  #322 ) ;
#1443 = AXIS2_PLACEMENT_3D ( 'NONE', #883, #1234, #592 ) ;
#1444 = ORIENTED_EDGE ( 'NONE', *, *, #1884, .F. ) ;
#1445 = DIRECTION ( 'NONE',  ( 0.000000000000000000, -1.000000000000000000, 1.495451272393799296E-16 ) ) ;
#1446 = CARTESIAN_POINT ( 'NONE',  ( -1.339999999999995417, 1.499999999999999778, 1.049999999999999600 ) ) ;
#1447 = AXIS2_PLACEMENT_3D ( 'NONE', #1707, #1259, #730 ) ;
#1448 = EDGE_CURVE ( 'NONE', #108, #1933, #776, .T. ) ;
#1449 = DIRECTION ( 'NONE',  ( -1.000000000000000000, -0.000000000000000000, -2.177690165469870662E-16 ) ) ;
#1450 = VERTEX_POINT ( 'NONE', #599 ) ;
#1451 = EDGE_LOOP ( 'NONE', ( #515, #1515, #1440, #1174 ) ) ;
#1452 = DIRECTION ( 'NONE',  ( -0.000000000000000000, -2.282530889443167515E-16, 1.000000000000000000 ) ) ;
#1453 = ADVANCED_FACE ( 'NONE', ( #644 ), #1919, .F. ) ;
#1454 = ORIENTED_EDGE ( 'NONE', *, *, #432, .T. ) ;
#1455 = DIRECTION ( 'NONE',  ( 0.000000000000000000, 0.000000000000000000, 1.000000000000000000 ) ) ;
#1456 = DIRECTION ( 'NONE',  ( -0.000000000000000000, 1.000000000000000000, -0.000000000000000000 ) ) ;
#1457 = CARTESIAN_POINT ( 'NONE',  ( -0.1800000000000026579, 1.699999999999999956, -1.049999999999999600 ) ) ;
#1458 = EDGE_CURVE ( 'NONE', #2002, #1777, #1126, .T. ) ;
#1459 = LINE ( 'NONE', #1639, #1330 ) ;
#1460 = SURFACE_SIDE_STYLE ('',( #1602 ) ) ;
#1461 = EDGE_LOOP ( 'NONE', ( #798, #468, #1289, #1278 ) ) ;
#1462 = VERTEX_POINT ( 'NONE', #1302 ) ;
#1463 = CARTESIAN_POINT ( 'NONE',  ( 1.149999999999999911, 0.3916666666666665519, -2.074999999999998845 ) ) ;
#1464 = ORIENTED_EDGE ( 'NONE', *, *, #1930, .T. ) ;
#1465 = DIRECTION ( 'NONE',  ( 0.000000000000000000, -1.000000000000000000, 2.282530889443167515E-16 ) ) ;
#1466 = LINE ( 'NONE', #1636, #615 ) ;
#1467 = DIRECTION ( 'NONE',  ( 0.000000000000000000, 0.000000000000000000, -1.000000000000000000 ) ) ;
#1468 = DIRECTION ( 'NONE',  ( 0.000000000000000000, 0.000000000000000000, -1.000000000000000000 ) ) ;
#1469 = ORIENTED_EDGE ( 'NONE', *, *, #1930, .F. ) ;
#1470 = EDGE_LOOP ( 'NONE', ( #216, #2117, #524, #501 ) ) ;
#1471 = EDGE_CURVE ( 'NONE', #2036, #463, #1083, .T. ) ;
#1472 = ORIENTED_EDGE ( 'NONE', *, *, #1850, .T. ) ;
#1473 = EDGE_CURVE ( 'NONE', #2095, #551, #1438, .T. ) ;
#1474 = DIRECTION ( 'NONE',  ( 1.000000000000000000, -0.000000000000000000, -0.000000000000000000 ) ) ;
#1475 = VECTOR ( 'NONE', #1337, 1000.000000000000114 ) ;
#1476 = DIRECTION ( 'NONE',  ( -1.000000000000000000, -0.000000000000000000, -0.000000000000000000 ) ) ;
#1477 = DIRECTION ( 'NONE',  ( 0.000000000000000000, -2.282530889443167515E-16, -1.000000000000000000 ) ) ;
#1478 = VECTOR ( 'NONE', #1066, 1000.000000000000000 ) ;
#1479 = EDGE_CURVE ( 'NONE', #1356, #1760, #2097, .T. ) ;
#1480 = VECTOR ( 'NONE', #1829, 1000.000000000000000 ) ;
#1481 = DIRECTION ( 'NONE',  ( -1.000000000000000000, -0.000000000000000000, -2.177690165469870662E-16 ) ) ;
#1482 = PRODUCT_DEFINITION_SHAPE ( 'NONE', 'NONE',  #431 ) ;
#1483 = ORIENTED_EDGE ( 'NONE', *, *, #1101, .F. ) ;
#1484 = EDGE_LOOP ( 'NONE', ( #1942, #1124, #2048, #196 ) ) ;
#1485 = LINE ( 'NONE', #1979, #718 ) ;
#1486 = EDGE_CURVE ( 'NONE', #1223, #1384, #1784, .T. ) ;
#1487 = ORIENTED_EDGE ( 'NONE', *, *, #369, .F. ) ;
#1488 = CARTESIAN_POINT ( 'NONE',  ( 1.339999999999995417, 1.699999999999999956, 1.049999999999999600 ) ) ;
#1489 = CARTESIAN_POINT ( 'NONE',  ( -0.6500000000000000222, 0.3916666666666665519, 1.825000000000000178 ) ) ;
#1490 = SURFACE_STYLE_FILL_AREA ( #1772 ) ;
#1491 = CARTESIAN_POINT ( 'NONE',  ( -0.6500000000000000222, 0.3916666666666665519, 2.075000000000000622 ) ) ;
#1492 = CARTESIAN_POINT ( 'NONE',  ( -0.6500000000000000222, 0.6416666666666664964, -1.824999999999998401 ) ) ;
#1493 = EDGE_CURVE ( 'NONE', #1967, #227, #300, .T. ) ;
#1494 = VERTEX_POINT ( 'NONE', #1576 ) ;
#1495 = ORIENTED_EDGE ( 'NONE', *, *, #1390, .F. ) ;
#1496 = VERTEX_POINT ( 'NONE', #957 ) ;
#1497 = CARTESIAN_POINT ( 'NONE',  ( 1.149999999999999911, 0.4916666666666666408, -1.349999999999998535 ) ) ;
#1498 = LINE ( 'NONE', #1164, #1480 ) ;
#1499 = AXIS2_PLACEMENT_3D ( 'NONE', #502, #1956, #888 ) ;
#1500 = CARTESIAN_POINT ( 'NONE',  ( -1.699999999999999067, 1.699999999999999956, -0.9499999999999996225 ) ) ;
#1501 = LINE ( 'NONE', #1986, #1807 ) ;
#1502 = EDGE_CURVE ( 'NONE', #1653, #429, #2110, .T. ) ;
#1503 = CARTESIAN_POINT ( 'NONE',  ( 1.149999999999999911, 0.6416666666666666075, 1.350000000000000311 ) ) ;
#1504 = EDGE_LOOP ( 'NONE', ( #1483, #387, #799, #2066 ) ) ;
#1505 = ORIENTED_EDGE ( 'NONE', *, *, #9, .T. ) ;
#1506 = CARTESIAN_POINT ( 'NONE',  ( -0.6500000000000000222, 0.4916666666666665297, 1.825000000000000178 ) ) ;
#1507 = CARTESIAN_POINT ( 'NONE',  ( -1.149999999999999911, 0.3916666666666665519, 1.925000000000000044 ) ) ;
#1508 = FACE_OUTER_BOUND ( 'NONE', #764, .T. ) ;
#1509 = AXIS2_PLACEMENT_3D ( 'NONE', #887, #1542, #569 ) ;
#1510 = CARTESIAN_POINT ( 'NONE',  ( 0.6500000000000000222, 0.6416666666666666075, 1.350000000000000311 ) ) ;
#1511 = FACE_OUTER_BOUND ( 'NONE', #2010, .T. ) ;
#1512 = VECTOR ( 'NONE', #164, 1000.000000000000000 ) ;
#1513 = DIRECTION ( 'NONE',  ( -0.000000000000000000, -1.000000000000000000, -0.000000000000000000 ) ) ;
#1514 = AXIS2_PLACEMENT_3D ( 'NONE', #1694, #240, #74 ) ;
#1515 = ORIENTED_EDGE ( 'NONE', *, *, #2059, .F. ) ;
#1516 = ORIENTED_EDGE ( 'NONE', *, *, #1814, .F. ) ;
#1517 = LINE ( 'NONE', #14, #1612 ) ;
#1518 = EDGE_CURVE ( 'NONE', #1419, #660, #2074, .T. ) ;
#1519 = CARTESIAN_POINT ( 'NONE',  ( -1.699999999999999067, 0.000000000000000000, -0.9499999999999996225 ) ) ;
#1520 = DIRECTION ( 'NONE',  ( 0.000000000000000000, 0.000000000000000000, 1.000000000000000000 ) ) ;
#1521 = DIRECTION ( 'NONE',  ( 0.000000000000000000, -1.495451272393799296E-16, -1.000000000000000000 ) ) ;
#1522 = DIRECTION ( 'NONE',  ( -0.000000000000000000, 0.000000000000000000, 1.000000000000000000 ) ) ;
#1523 = EDGE_CURVE ( 'NONE', #1687, #777, #1288, .T. ) ;
#1524 = ORIENTED_EDGE ( 'NONE', *, *, #33, .T. ) ;
#1525 = ORIENTED_EDGE ( 'NONE', *, *, #279, .F. ) ;
#1526 = EDGE_CURVE ( 'NONE', #689, #2057, #1968, .T. ) ;
#1527 = FACE_OUTER_BOUND ( 'NONE', #1504, .T. ) ;
#1528 = FACE_OUTER_BOUND ( 'NONE', #138, .T. ) ;
#1529 = CARTESIAN_POINT ( 'NONE',  ( 0.6500000000000000222, 0.6416666666666666075, 1.350000000000000311 ) ) ;
#1530 = ORIENTED_EDGE ( 'NONE', *, *, #1183, .F. ) ;
#1531 = LINE ( 'NONE', #2000, #930 ) ;
#1532 = PLANE ( 'NONE',  #573 ) ;
#1533 = CARTESIAN_POINT ( 'NONE',  ( -0.6500000000000000222, -9.758333333333332860, -2.074999999999996625 ) ) ;
#1534 = ORIENTED_EDGE ( 'NONE', *, *, #1045, .F. ) ;
#1535 = ORIENTED_EDGE ( 'NONE', *, *, #329, .F. ) ;
#1536 = UNCERTAINTY_MEASURE_WITH_UNIT (LENGTH_MEASURE( 1.000000000000000082E-05 ), #1582, 'distance_accuracy_value', 'NONE');
#1537 = FACE_OUTER_BOUND ( 'NONE', #1553, .T. ) ;
#1538 = EDGE_CURVE ( 'NONE', #642, #732, #476, .T. ) ;
#1539 = FILL_AREA_STYLE_COLOUR ( '', #287 ) ;
#1540 = PLANE ( 'NONE',  #1222 ) ;
#1541 = ORIENTED_EDGE ( 'NONE', *, *, #911, .F. ) ;
#1542 = DIRECTION ( 'NONE',  ( -1.000000000000000000, -0.000000000000000000, 0.000000000000000000 ) ) ;
#1543 = CARTESIAN_POINT ( 'NONE',  ( -1.299999999999999156, 1.699999999999999956, -1.349999999999999645 ) ) ;
#1544 = VECTOR ( 'NONE', #1372, 1000.000000000000000 ) ;
#1545 = EDGE_CURVE ( 'NONE', #1780, #608, #1631, .T. ) ;
#1546 = VECTOR ( 'NONE', #1554, 1000.000000000000000 ) ;
#1547 = ORIENTED_EDGE ( 'NONE', *, *, #16, .F. ) ;
#1548 = ORIENTED_EDGE ( 'NONE', *, *, #294, .T. ) ;
#1549 = LINE ( 'NONE', #409, #454 ) ;
#1550 = VECTOR ( 'NONE', #397, 1000.000000000000000 ) ;
#1551 = ADVANCED_FACE ( 'NONE', ( #658 ), #714, .F. ) ;
#1552 = CARTESIAN_POINT ( 'NONE',  ( -1.339999999999995417, 1.699999999999999956, 1.049999999999999600 ) ) ;
#1553 = EDGE_LOOP ( 'NONE', ( #1444, #401, #346, #323, #1180 ) ) ;
#1554 = DIRECTION ( 'NONE',  ( 1.000000000000000000, -0.000000000000000000, -0.000000000000000000 ) ) ;
#1555 = FACE_OUTER_BOUND ( 'NONE', #1086, .T. ) ;
#1556 = ORIENTED_EDGE ( 'NONE', *, *, #911, .T. ) ;
#1557 = CYLINDRICAL_SURFACE ( 'NONE', #1034, 0.2500000000000002220 ) ;
#1558 = DIRECTION ( 'NONE',  ( -1.000000000000000000, 0.000000000000000000, -0.000000000000000000 ) ) ;
#1559 = DIRECTION ( 'NONE',  ( 1.000000000000000000, -0.000000000000000000, -0.000000000000000000 ) ) ;
#1560 = DIRECTION ( 'NONE',  ( 0.000000000000000000, 2.282530889443167515E-16, 1.000000000000000000 ) ) ;
#1561 = FACE_OUTER_BOUND ( 'NONE', #8, .T. ) ;
#1562 = EDGE_CURVE ( 'NONE', #108, #1765, #1138, .T. ) ;
#1563 = ADVANCED_FACE ( 'NONE', ( #1511 ), #1857, .F. ) ;
#1564 = AXIS2_PLACEMENT_3D ( 'NONE', #1156, #999, #19 ) ;
#1565 = EDGE_LOOP ( 'NONE', ( #1335, #1311, #1091, #1031 ) ) ;
#1566 = LINE ( 'NONE', #106, #2034 ) ;
#1567 = FILL_AREA_STYLE_COLOUR ( '', #780 ) ;
#1568 =( NAMED_UNIT ( * ) PLANE_ANGLE_UNIT ( ) SI_UNIT ( $, .RADIAN. ) );
#1569 = EDGE_CURVE ( 'NONE', #1004, #1437, #1040, .T. ) ;
#1570 = FACE_OUTER_BOUND ( 'NONE', #1990, .T. ) ;
#1571 = LINE ( 'NONE', #594, #1871 ) ;
#1572 = LINE ( 'NONE', #2079, #359 ) ;
#1573 = SURFACE_STYLE_USAGE ( .BOTH. , #738 ) ;
#1574 =( GEOMETRIC_REPRESENTATION_CONTEXT ( 3 ) GLOBAL_UNCERTAINTY_ASSIGNED_CONTEXT ( ( #133 ) ) GLOBAL_UNIT_ASSIGNED_CONTEXT ( ( #1894, #1059, #1411 ) ) REPRESENTATION_CONTEXT ( 'NONE', 'WORKASPACE' ) );
#1575 = ORIENTED_EDGE ( 'NONE', *, *, #1690, .T. ) ;
#1576 = CARTESIAN_POINT ( 'NONE',  ( -1.339999999999995417, 1.499999999999999778, -0.8857359312880749291 ) ) ;
#1577 = VECTOR ( 'NONE', #1945, 1000.000000000000000 ) ;
#1578 = AXIS2_PLACEMENT_3D ( 'NONE', #2021, #548, #675 ) ;
#1579 = ADVANCED_FACE ( 'NONE', ( #1833 ), #60, .F. ) ;
#1580 = ORIENTED_EDGE ( 'NONE', *, *, #773, .T. ) ;
#1581 = CARTESIAN_POINT ( 'NONE',  ( -0.1800000000000026579, 1.499999999999999778, 1.049999999999999600 ) ) ;
#1582 =( LENGTH_UNIT ( ) NAMED_UNIT ( * ) SI_UNIT ( .MILLI., .METRE. ) );
#1583 = VERTEX_POINT ( 'NONE', #2008 ) ;
#1584 = CARTESIAN_POINT ( 'NONE',  ( -1.299999999999999156, 1.699999999999999956, -1.349999999999999645 ) ) ;
#1585 = ADVANCED_FACE ( 'NONE', ( #1313 ), #703, .F. ) ;
#1586 = CARTESIAN_POINT ( 'NONE',  ( -0.6500000000000000222, -9.758333333333332860, 2.074999999999998401 ) ) ;
#1587 = ORIENTED_EDGE ( 'NONE', *, *, #1414, .T. ) ;
#1588 = DIRECTION ( 'NONE',  ( 0.000000000000000000, 1.000000000000000000, 0.000000000000000000 ) ) ;
#1589 = CARTESIAN_POINT ( 'NONE',  ( -1.339999999999995417, 1.499999999999999778, 1.049999999999999600 ) ) ;
#1590 = MANIFOLD_SOLID_BREP ( 'Boss-Extrude2[1]', #1834 ) ;
#1591 = AXIS2_PLACEMENT_3D ( 'NONE', #490, #1522, #1792 ) ;
#1592 = ORIENTED_EDGE ( 'NONE', *, *, #1690, .F. ) ;
#1593 = ORIENTED_EDGE ( 'NONE', *, *, #132, .F. ) ;
#1594 = CARTESIAN_POINT ( 'NONE',  ( 0.6500000000000000222, -9.758333333333332860, 1.924999999999998490 ) ) ;
#1595 = VERTEX_POINT ( 'NONE', #695 ) ;
#1596 = DIRECTION ( 'NONE',  ( -0.000000000000000000, -1.000000000000000000, -2.136358960562570493E-16 ) ) ;
#1597 = CARTESIAN_POINT ( 'NONE',  ( -1.149999999999999911, 0.3916666666666665519, -1.924999999999998268 ) ) ;
#1598 = ORIENTED_EDGE ( 'NONE', *, *, #938, .T. ) ;
#1599 = DIRECTION ( 'NONE',  ( 0.000000000000000000, 0.000000000000000000, 1.000000000000000000 ) ) ;
#1600 = DIRECTION ( 'NONE',  ( -1.000000000000000000, -0.000000000000000000, -0.000000000000000000 ) ) ;
#1601 = PLANE ( 'NONE',  #1056 ) ;
#1602 = SURFACE_STYLE_FILL_AREA ( #1775 ) ;
#1603 = ADVANCED_FACE ( 'NONE', ( #1355 ), #549, .T. ) ;
#1604 = ORIENTED_EDGE ( 'NONE', *, *, #1244, .T. ) ;
#1605 = EDGE_LOOP ( 'NONE', ( #936, #1535, #173, #1899 ) ) ;
#1606 = DIRECTION ( 'NONE',  ( 0.000000000000000000, -1.000000000000000000, 0.000000000000000000 ) ) ;
#1607 = VECTOR ( 'NONE', #692, 1000.000000000000000 ) ;
#1608 = ORIENTED_EDGE ( 'NONE', *, *, #1361, .T. ) ;
#1609 = VECTOR ( 'NONE', #1808, 1000.000000000000000 ) ;
#1610 = LINE ( 'NONE', #493, #1512 ) ;
#1611 = ADVANCED_FACE ( 'NONE', ( #1689 ), #1532, .F. ) ;
#1612 = VECTOR ( 'NONE', #55, 1000.000000000000000 ) ;
#1613 = DIRECTION ( 'NONE',  ( -0.000000000000000000, -1.000000000000000000, -2.136358960562570493E-16 ) ) ;
#1614 = DIRECTION ( 'NONE',  ( 0.000000000000000000, -2.282530889443167515E-16, -1.000000000000000000 ) ) ;
#1615 = AXIS2_PLACEMENT_3D ( 'NONE', #1660, #998, #977 ) ;
#1616 = CARTESIAN_POINT ( 'NONE',  ( -0.1800000000000026579, 1.499999999999999778, 1.049999999999999600 ) ) ;
#1617 = VERTEX_POINT ( 'NONE', #2055 ) ;
#1618 = VERTEX_POINT ( 'NONE', #443 ) ;
#1619 = LINE ( 'NONE', #281, #2065 ) ;
#1620 = EDGE_LOOP ( 'NONE', ( #1357, #1389, #1436, #159 ) ) ;
#1621 = FACE_OUTER_BOUND ( 'NONE', #561, .T. ) ;
#1622 = LINE ( 'NONE', #484, #583 ) ;
#1623 = CARTESIAN_POINT ( 'NONE',  ( 0.6500000000000000222, 0.6416666666666666075, -1.349999999999998535 ) ) ;
#1624 = MANIFOLD_SOLID_BREP ( 'Mirror1[1]', #94 ) ;
#1625 = PLANE ( 'NONE',  #1701 ) ;
#1626 = EDGE_CURVE ( 'NONE', #1494, #2089, #1248, .T. ) ;
#1627 = VERTEX_POINT ( 'NONE', #1387 ) ;
#1628 = ORIENTED_EDGE ( 'NONE', *, *, #580, .F. ) ;
#1629 = MANIFOLD_SOLID_BREP ( 'Boss-Extrude3[1]', #1396 ) ;
#1630 = ORIENTED_EDGE ( 'NONE', *, *, #282, .T. ) ;
#1631 = CIRCLE ( 'NONE', #1499, 0.2500000000000002220 ) ;
#1632 = CARTESIAN_POINT ( 'NONE',  ( 1.339999999999995417, 1.499999999999999778, -1.049999999999999822 ) ) ;
#1633 = CARTESIAN_POINT ( 'NONE',  ( -1.699999999999999067, 0.000000000000000000, 1.350000000000000533 ) ) ;
#1634 = EDGE_CURVE ( 'NONE', #1356, #1349, #920, .T. ) ;
#1635 = AXIS2_PLACEMENT_3D ( 'NONE', #1668, #67, #1520 ) ;
#1636 = CARTESIAN_POINT ( 'NONE',  ( 1.339999999999995417, 1.499999999999999778, 1.049999999999999600 ) ) ;
#1637 = CYLINDRICAL_SURFACE ( 'NONE', #1615, 0.09999999999999982514 ) ;
#1638 = DIRECTION ( 'NONE',  ( 1.000000000000000000, 0.000000000000000000, -0.000000000000000000 ) ) ;
#1639 = CARTESIAN_POINT ( 'NONE',  ( -1.175735931288070857, 1.699999999999999956, -1.049999999999999822 ) ) ;
#1640 = VERTEX_POINT ( 'NONE', #589 ) ;
#1641 = ORIENTED_EDGE ( 'NONE', *, *, #474, .T. ) ;
#1642 = EDGE_LOOP ( 'NONE', ( #1113, #1683, #746, #1505 ) ) ;
#1643 = LINE ( 'NONE', #1488, #189 ) ;
#1644 = VECTOR ( 'NONE', #1902, 1000.000000000000000 ) ;
#1645 = DIRECTION ( 'NONE',  ( 0.000000000000000000, 2.136358960562570493E-16, 1.000000000000000000 ) ) ;
#1646 = EDGE_CURVE ( 'NONE', #441, #1780, #578, .T. ) ;
#1647 = LINE ( 'NONE', #318, #1157 ) ;
#1648 = AXIS2_PLACEMENT_3D ( 'NONE', #1632, #1154, #1839 ) ;
#1650 = AXIS2_PLACEMENT_3D ( 'NONE', #1715, #904, #1558 ) ;
#1649 = UNCERTAINTY_MEASURE_WITH_UNIT (LENGTH_MEASURE( 1.000000000000000082E-05 ), #1920, 'distance_accuracy_value', 'NONE');
#1651 = DIRECTION ( 'NONE',  ( -1.000000000000000000, -0.000000000000000000, -0.000000000000000000 ) ) ;
#1652 = ORIENTED_EDGE ( 'NONE', *, *, #372, .T. ) ;
#1653 = VERTEX_POINT ( 'NONE', #1230 ) ;
#1654 = EDGE_CURVE ( 'NONE', #463, #642, #1062, .T. ) ;
#1655 = ORIENTED_EDGE ( 'NONE', *, *, #2076, .F. ) ;
#1656 = CARTESIAN_POINT ( 'NONE',  ( -1.149999999999999911, 0.3916666666666665519, -1.824999999999998401 ) ) ;
#1657 = EDGE_CURVE ( 'NONE', #768, #105, #901, .T. ) ;
#1658 = EDGE_CURVE ( 'NONE', #204, #1687, #93, .T. ) ;
#1659 = LINE ( 'NONE', #1985, #553 ) ;
#1660 = CARTESIAN_POINT ( 'NONE',  ( 0.6500000000000000222, 0.3916666666666665519, -1.824999999999998401 ) ) ;
#1661 = CARTESIAN_POINT ( 'NONE',  ( -0.6500000000000000222, 0.3916666666666665519, -1.824999999999998401 ) ) ;
#1662 = DIRECTION ( 'NONE',  ( -0.000000000000000000, 1.000000000000000000, -0.000000000000000000 ) ) ;
#1663 = ORIENTED_EDGE ( 'NONE', *, *, #779, .F. ) ;
#1664 = ORIENTED_EDGE ( 'NONE', *, *, #567, .F. ) ;
#1665 = DIRECTION ( 'NONE',  ( 0.000000000000000000, 0.000000000000000000, 1.000000000000000000 ) ) ;
#1666 = CLOSED_SHELL ( 'NONE', ( #480, #1328, #145, #1453, #2083, #696, #210, #1406, #2047, #1865 ) ) ;
#1667 = CARTESIAN_POINT ( 'NONE',  ( 0.1800000000000026579, 1.499999999999999778, 1.049999999999999600 ) ) ;
#1668 = CARTESIAN_POINT ( 'NONE',  ( 1.700000000000000844, 1.699999999999999956, 1.350000000000000533 ) ) ;
#1669 = EDGE_CURVE ( 'NONE', #1933, #1223, #1727, .T. ) ;
#1670 = VECTOR ( 'NONE', #1788, 1000.000000000000000 ) ;
#1671 = LINE ( 'NONE', #1492, #1064 ) ;
#1672 = ORIENTED_EDGE ( 'NONE', *, *, #1783, .T. ) ;
#1673 = ORIENTED_EDGE ( 'NONE', *, *, #282, .F. ) ;
#1674 = CARTESIAN_POINT ( 'NONE',  ( -0.6500000000000000222, -9.758333333333332860, -1.924999999999996714 ) ) ;
#1675 = DIRECTION ( 'NONE',  ( 0.000000000000000000, 2.282530889443167515E-16, -1.000000000000000000 ) ) ;
#1676 = EDGE_CURVE ( 'NONE', #899, #108, #286, .T. ) ;
#1677 = CARTESIAN_POINT ( 'NONE',  ( 0.6500000000000000222, 0.6416666666666664964, 1.825000000000000178 ) ) ;
#1678 = VECTOR ( 'NONE', #142, 1000.000000000000000 ) ;
#1679 = DIRECTION ( 'NONE',  ( 0.000000000000000000, 1.000000000000000000, -2.136358960562570493E-16 ) ) ;
#1680 = DIRECTION ( 'NONE',  ( 0.000000000000000000, 0.000000000000000000, -1.000000000000000000 ) ) ;
#1681 = VECTOR ( 'NONE', #1816, 1000.000000000000000 ) ;
#1682 = ORIENTED_EDGE ( 'NONE', *, *, #1190, .T. ) ;
#1683 = ORIENTED_EDGE ( 'NONE', *, *, #1646, .F. ) ;
#1684 = DIRECTION ( 'NONE',  ( 1.000000000000000000, -0.000000000000000000, -0.000000000000000000 ) ) ;
#1685 = LINE ( 'NONE', #1014, #1607 ) ;
#1686 = CARTESIAN_POINT ( 'NONE',  ( -0.1800000000000026579, 1.499999999999999778, -1.049999999999999600 ) ) ;
#1687 = VERTEX_POINT ( 'NONE', #1952 ) ;
#1688 = DIRECTION ( 'NONE',  ( 0.000000000000000000, 1.000000000000000000, 0.000000000000000000 ) ) ;
#1689 = FACE_OUTER_BOUND ( 'NONE', #389, .T. ) ;
#1690 = EDGE_CURVE ( 'NONE', #944, #899, #770, .T. ) ;
#1691 = ORIENTED_EDGE ( 'NONE', *, *, #1740, .T. ) ;
#1692 = CARTESIAN_POINT ( 'NONE',  ( -1.339999999999995417, 1.499999999999999778, 1.049999999999999600 ) ) ;
#1693 = ORIENTED_EDGE ( 'NONE', *, *, #2064, .T. ) ;
#1694 = CARTESIAN_POINT ( 'NONE',  ( 0.000000000000000000, 1.499999999999999778, 0.000000000000000000 ) ) ;
#1695 = SURFACE_SIDE_STYLE ('',( #555 ) ) ;
#1696 = DIRECTION ( 'NONE',  ( -0.000000000000000000, 1.000000000000000000, -0.000000000000000000 ) ) ;
#1697 = ORIENTED_EDGE ( 'NONE', *, *, #1300, .T. ) ;
#1698 = PLANE ( 'NONE',  #320 ) ;
#1699 = DIRECTION ( 'NONE',  ( 1.000000000000000000, -0.000000000000000000, -0.000000000000000000 ) ) ;
#1700 = PRESENTATION_LAYER_ASSIGNMENT (  '', '', ( #541 ) ) ;
#1701 = AXIS2_PLACEMENT_3D ( 'NONE', #795, #169, #509 ) ;
#1702 = ORIENTED_EDGE ( 'NONE', *, *, #1184, .F. ) ;
#1703 = ORIENTED_EDGE ( 'NONE', *, *, #1569, .F. ) ;
#1704 = CARTESIAN_POINT ( 'NONE',  ( 0.6500000000000000222, 0.4916666666666666408, -1.349999999999998535 ) ) ;
#1705 = CARTESIAN_POINT ( 'NONE',  ( -1.175735931288070857, 1.699999999999999956, -1.049999999999999822 ) ) ;
#1706 = SURFACE_STYLE_USAGE ( .BOTH. , #1695 ) ;
#1707 = CARTESIAN_POINT ( 'NONE',  ( 0.6500000000000000222, 0.6416666666666666075, -1.349999999999998535 ) ) ;
#1708 = ORIENTED_EDGE ( 'NONE', *, *, #168, .F. ) ;
#1709 = CARTESIAN_POINT ( 'NONE',  ( 1.339999999999995417, 1.699999999999999956, 1.049999999999999600 ) ) ;
#1710 = AXIS2_PLACEMENT_3D ( 'NONE', #1140, #1267, #337 ) ;
#1711 = AXIS2_PLACEMENT_3D ( 'NONE', #2011, #525, #2004 ) ;
#1712 = ORIENTED_EDGE ( 'NONE', *, *, #867, .T. ) ;
#1713 = FACE_OUTER_BOUND ( 'NONE', #1605, .T. ) ;
#1714 = VECTOR ( 'NONE', #1169, 1000.000000000000000 ) ;
#1715 = CARTESIAN_POINT ( 'NONE',  ( -1.699999999999999067, 1.699999999999999956, 1.350000000000000533 ) ) ;
#1716 = DIRECTION ( 'NONE',  ( -0.7071067811865477948, 0.000000000000000000, -0.7071067811865473507 ) ) ;
#1717 = EDGE_CURVE ( 'NONE', #669, #717, #352, .T. ) ;
#1718 = EDGE_CURVE ( 'NONE', #836, #822, #157, .T. ) ;
#1719 = ORIENTED_EDGE ( 'NONE', *, *, #758, .F. ) ;
#1720 = FACE_OUTER_BOUND ( 'NONE', #2003, .T. ) ;
#1721 = FILL_AREA_STYLE ('',( #1088 ) ) ;
#1722 = ORIENTED_EDGE ( 'NONE', *, *, #369, .T. ) ;
#1723 = LINE ( 'NONE', #912, #326 ) ;
#1724 = FACE_OUTER_BOUND ( 'NONE', #1451, .T. ) ;
#1725 = ORIENTED_EDGE ( 'NONE', *, *, #1471, .T. ) ;
#1726 = DIRECTION ( 'NONE',  ( -0.000000000000000000, 1.000000000000000000, -0.000000000000000000 ) ) ;
#1727 = LINE ( 'NONE', #278, #440 ) ;
#1728 = DIRECTION ( 'NONE',  ( 1.000000000000000000, 0.000000000000000000, 0.000000000000000000 ) ) ;
#1729 = VECTOR ( 'NONE', #939, 1000.000000000000000 ) ;
#1730 = VECTOR ( 'NONE', #1449, 1000.000000000000000 ) ;
#1731 = ORIENTED_EDGE ( 'NONE', *, *, #1676, .F. ) ;
#1732 = EDGE_CURVE ( 'NONE', #2089, #1204, #465, .T. ) ;
#1733 = CARTESIAN_POINT ( 'NONE',  ( 1.149999999999999911, -9.758333333333332860, 1.924999999999998490 ) ) ;
#1734 = DIRECTION ( 'NONE',  ( 1.000000000000000000, 0.000000000000000000, 0.000000000000000000 ) ) ;
#1735 = LINE ( 'NONE', #925, #787 ) ;
#1736 = EDGE_CURVE ( 'NONE', #148, #632, #1647, .T. ) ;
#1737 = ORIENTED_EDGE ( 'NONE', *, *, #1626, .T. ) ;
#1738 = FACE_OUTER_BOUND ( 'NONE', #73, .T. ) ;
#1739 = CARTESIAN_POINT ( 'NONE',  ( -1.175735931288070857, 1.499999999999999778, -1.049999999999999822 ) ) ;
#1740 = EDGE_CURVE ( 'NONE', #1462, #533, #1017, .T. ) ;
#1741 = AXIS2_PLACEMENT_3D ( 'NONE', #997, #1645, #1007 ) ;
#1742 = ORIENTED_EDGE ( 'NONE', *, *, #542, .T. ) ;
#1743 = DIRECTION ( 'NONE',  ( 0.000000000000000000, -0.000000000000000000, 1.000000000000000000 ) ) ;
#1744 = VECTOR ( 'NONE', #325, 1000.000000000000000 ) ;
#1745 = VECTOR ( 'NONE', #1726, 1000.000000000000000 ) ;
#1746 =( LENGTH_UNIT ( ) NAMED_UNIT ( * ) SI_UNIT ( .MILLI., .METRE. ) );
#1747 = FACE_OUTER_BOUND ( 'NONE', #543, .T. ) ;
#1748 = ADVANCED_BREP_SHAPE_REPRESENTATION ( 'REFLECTIVE RECTANGULAR THROUGH HOLE_100AQ', ( #226, #1590, #170, #1629, #919, #1624, #195, #1331 ), #513 ) ;
#1749 = VERTEX_POINT ( 'NONE', #1773 ) ;
#1750 = LINE ( 'NONE', #156, #220 ) ;
#1751 = DIRECTION ( 'NONE',  ( 1.000000000000000000, -0.000000000000000000, -0.000000000000000000 ) ) ;
#1752 = UNCERTAINTY_MEASURE_WITH_UNIT (LENGTH_MEASURE( 1.000000000000000082E-05 ), #982, 'distance_accuracy_value', 'NONE');
#1753 = CARTESIAN_POINT ( 'NONE',  ( 0.000000000000000000, 0.000000000000000000, 0.000000000000000000 ) ) ;
#1754 = EDGE_LOOP ( 'NONE', ( #500, #1703, #62, #1604 ) ) ;
#1755 = ADVANCED_FACE ( 'NONE', ( #1809 ), #664, .T. ) ;
#1756 = CARTESIAN_POINT ( 'NONE',  ( 1.149999999999999911, 0.3916666666666665519, -1.824999999999998401 ) ) ;
#1757 = ORIENTED_EDGE ( 'NONE', *, *, #294, .F. ) ;
#1758 = DIRECTION ( 'NONE',  ( -1.000000000000000000, -0.000000000000000000, -0.000000000000000000 ) ) ;
#1759 = SURFACE_STYLE_USAGE ( .BOTH. , #2077 ) ;
#1760 = VERTEX_POINT ( 'NONE', #1457 ) ;
#1761 = DIRECTION ( 'NONE',  ( 0.000000000000000000, 0.000000000000000000, -1.000000000000000000 ) ) ;
#1762 = DIRECTION ( 'NONE',  ( -0.000000000000000000, -1.000000000000000000, -0.000000000000000000 ) ) ;
#1763 = CYLINDRICAL_SURFACE ( 'NONE', #744, 0.2500000000000000000 ) ;
#1764 = VECTOR ( 'NONE', #2062, 1000.000000000000000 ) ;
#1765 = VERTEX_POINT ( 'NONE', #783 ) ;
#1766 = EDGE_CURVE ( 'NONE', #1790, #1496, #963, .T. ) ;
#1767 = DIRECTION ( 'NONE',  ( -1.000000000000000000, 0.000000000000000000, 1.869314090492260645E-16 ) ) ;
#1768 = MECHANICAL_DESIGN_GEOMETRIC_PRESENTATION_REPRESENTATION (  '', ( #574 ), #914 ) ;
#1769 = EDGE_LOOP ( 'NONE', ( #408, #1664, #1198, #119 ) ) ;
#1770 = DIRECTION ( 'NONE',  ( -0.000000000000000000, -2.282530889443167515E-16, -1.000000000000000000 ) ) ;
#1771 = CARTESIAN_POINT ( 'NONE',  ( -0.6500000000000000222, 0.4916666666666666408, -1.349999999999998535 ) ) ;
#1772 = FILL_AREA_STYLE ('',( #351 ) ) ;
#1773 = CARTESIAN_POINT ( 'NONE',  ( -1.149999999999999911, 0.6416666666666666075, 1.350000000000000311 ) ) ;
#1774 = DIRECTION ( 'NONE',  ( 1.000000000000000000, -0.000000000000000000, -0.000000000000000000 ) ) ;
#1775 = FILL_AREA_STYLE ('',( #2082 ) ) ;
#1776 = ORIENTED_EDGE ( 'NONE', *, *, #1433, .F. ) ;
#1777 = VERTEX_POINT ( 'NONE', #638 ) ;
#1778 = CARTESIAN_POINT ( 'NONE',  ( 0.1800000000000026579, 1.499999999999999778, 1.049999999999999600 ) ) ;
#1779 = AXIS2_PLACEMENT_3D ( 'NONE', #265, #1716, #896 ) ;
#1780 = VERTEX_POINT ( 'NONE', #6 ) ;
#1781 = VECTOR ( 'NONE', #1596, 1000.000000000000000 ) ;
#1782 = DIRECTION ( 'NONE',  ( 0.000000000000000000, -0.000000000000000000, -1.000000000000000000 ) ) ;
#1783 = EDGE_CURVE ( 'NONE', #2039, #114, #1786, .T. ) ;
#1784 = CIRCLE ( 'NONE', #691, 0.09999999999999982514 ) ;
#1785 = CARTESIAN_POINT ( 'NONE',  ( 0.1800000000000026579, 1.499999999999999778, -1.049999999999999600 ) ) ;
#1786 = LINE ( 'NONE', #817, #1878 ) ;
#1787 = EDGE_CURVE ( 'NONE', #360, #187, #1146, .T. ) ;
#1788 = DIRECTION ( 'NONE',  ( 0.000000000000000000, -1.000000000000000000, 1.495451272393799296E-16 ) ) ;
#1789 = SHAPE_DEFINITION_REPRESENTATION ( #1482, #1748 ) ;
#1790 = VERTEX_POINT ( 'NONE', #1296 ) ;
#1791 = ORIENTED_EDGE ( 'NONE', *, *, #2046, .F. ) ;
#1792 = DIRECTION ( 'NONE',  ( 1.000000000000000000, 0.000000000000000000, 0.000000000000000000 ) ) ;
#1793 = ADVANCED_FACE ( 'NONE', ( #1973 ), #1131, .T. ) ;
#1794 = ORIENTED_EDGE ( 'NONE', *, *, #1658, .T. ) ;
#1795 = LINE ( 'NONE', #1950, #1308 ) ;
#1796 = DIRECTION ( 'NONE',  ( 0.000000000000000000, 2.136358960562570493E-16, -1.000000000000000000 ) ) ;
#1797 = DIRECTION ( 'NONE',  ( 0.000000000000000000, 0.000000000000000000, -1.000000000000000000 ) ) ;
#1798 = DIRECTION ( 'NONE',  ( 0.000000000000000000, -1.000000000000000000, 1.495451272393799296E-16 ) ) ;
#1799 = LINE ( 'NONE', #1810, #2084 ) ;
#1800 = ORIENTED_EDGE ( 'NONE', *, *, #674, .F. ) ;
#1801 = EDGE_LOOP ( 'NONE', ( #756, #1541, #2109, #1202 ) ) ;
#1802 = SURFACE_STYLE_USAGE ( .BOTH. , #816 ) ;
#1803 = EDGE_CURVE ( 'NONE', #23, #1966, #1307, .T. ) ;
#1804 = ORIENTED_EDGE ( 'NONE', *, *, #850, .F. ) ;
#1805 = VECTOR ( 'NONE', #1074, 1000.000000000000000 ) ;
#1806 = LINE ( 'NONE', #1325, #1961 ) ;
#1807 = VECTOR ( 'NONE', #1997, 1000.000000000000000 ) ;
#1808 = DIRECTION ( 'NONE',  ( 1.000000000000000000, -0.000000000000000000, -0.000000000000000000 ) ) ;
#1809 = FACE_OUTER_BOUND ( 'NONE', #1218, .T. ) ;
#1810 = CARTESIAN_POINT ( 'NONE',  ( -1.339999999999995417, 1.499999999999999778, 1.049999999999999600 ) ) ;
#1811 = ORIENTED_EDGE ( 'NONE', *, *, #605, .T. ) ;
#1812 = EDGE_LOOP ( 'NONE', ( #1977, #1114, #726, #10 ) ) ;
#1813 = ADVANCED_FACE ( 'NONE', ( #987 ), #143, .F. ) ;
#1814 = EDGE_CURVE ( 'NONE', #441, #13, #380, .T. ) ;
#1815 = ORIENTED_EDGE ( 'NONE', *, *, #1347, .T. ) ;
#1816 = DIRECTION ( 'NONE',  ( 0.000000000000000000, 1.000000000000000000, -2.136358960562570493E-16 ) ) ;
#1817 = VECTOR ( 'NONE', #1913, 1000.000000000000000 ) ;
#1818 = AXIS2_PLACEMENT_3D ( 'NONE', #849, #1327, #1021 ) ;
#1819 = DIRECTION ( 'NONE',  ( -1.000000000000000000, 0.000000000000000000, -2.177690165469870662E-16 ) ) ;
#1820 = LINE ( 'NONE', #1500, #421 ) ;
#1821 = CARTESIAN_POINT ( 'NONE',  ( 0.1800000000000026579, 1.699999999999999956, 1.049999999999999600 ) ) ;
#1822 = VECTOR ( 'NONE', #1606, 1000.000000000000000 ) ;
#1824 = AXIS2_PLACEMENT_3D ( 'NONE', #864, #1521, #213 ) ;
#1823 = PRODUCT_DEFINITION_CONTEXT ( 'detailed design', #889, 'design' ) ;
#1825 = CARTESIAN_POINT ( 'NONE',  ( -1.699999999999999067, 1.699999999999999956, -0.9499999999999996225 ) ) ;
#1826 = ORIENTED_EDGE ( 'NONE', *, *, #2076, .T. ) ;
#1827 = ORIENTED_EDGE ( 'NONE', *, *, #684, .F. ) ;
#1828 = DIRECTION ( 'NONE',  ( 0.000000000000000000, 0.000000000000000000, 1.000000000000000000 ) ) ;
#1829 = DIRECTION ( 'NONE',  ( -0.7071067811865473507, -0.000000000000000000, 0.7071067811865477948 ) ) ;
#1830 = LINE ( 'NONE', #2068, #1644 ) ;
#1831 = LINE ( 'NONE', #1529, #807 ) ;
#1832 = LINE ( 'NONE', #1843, #1439 ) ;
#1833 = FACE_OUTER_BOUND ( 'NONE', #980, .T. ) ;
#1834 = CLOSED_SHELL ( 'NONE', ( #399, #1755, #829, #965, #275, #1316, #1245 ) ) ;
#1835 = ORIENTED_EDGE ( 'NONE', *, *, #1024, .T. ) ;
#1836 = CARTESIAN_POINT ( 'NONE',  ( 0.6500000000000000222, 0.4916666666666666408, -1.349999999999998535 ) ) ;
#1837 = EDGE_CURVE ( 'NONE', #2095, #892, #614, .T. ) ;
#1838 = ORIENTED_EDGE ( 'NONE', *, *, #1766, .T. ) ;
#1839 = DIRECTION ( 'NONE',  ( -1.000000000000000000, 0.000000000000000000, 1.869314090492260645E-16 ) ) ;
#1840 = DIRECTION ( 'NONE',  ( 0.000000000000000000, 0.000000000000000000, -1.000000000000000000 ) ) ;
#1841 = CARTESIAN_POINT ( 'NONE',  ( 0.6500000000000000222, 0.4916666666666665297, 1.825000000000000178 ) ) ;
#1842 = PRESENTATION_LAYER_ASSIGNMENT (  '', '', ( #574 ) ) ;
#1843 = CARTESIAN_POINT ( 'NONE',  ( 0.6500000000000000222, -9.758333333333332860, -2.074999999999996625 ) ) ;
#1844 = CARTESIAN_POINT ( 'NONE',  ( 0.6500000000000000222, 0.3916666666666665519, -2.074999999999998845 ) ) ;
#1845 = ORIENTED_EDGE ( 'NONE', *, *, #1345, .F. ) ;
#1846 = ORIENTED_EDGE ( 'NONE', *, *, #938, .F. ) ;
#1847 = DIRECTION ( 'NONE',  ( 1.000000000000000000, -0.000000000000000000, -0.000000000000000000 ) ) ;
#1848 = FACE_OUTER_BOUND ( 'NONE', #1769, .T. ) ;
#1849 = CARTESIAN_POINT ( 'NONE',  ( 0.6500000000000000222, -9.758333333333332860, 1.924999999999998490 ) ) ;
#1850 = EDGE_CURVE ( 'NONE', #1955, #1437, #308, .T. ) ;
#1851 = LINE ( 'NONE', #1841, #844 ) ;
#1852 = VECTOR ( 'NONE', #1176, 1000.000000000000000 ) ;
#1853 = ORIENTED_EDGE ( 'NONE', *, *, #432, .F. ) ;
#1854 = ADVANCED_FACE ( 'NONE', ( #475 ), #529, .T. ) ;
#1855 = CARTESIAN_POINT ( 'NONE',  ( 0.6500000000000000222, 0.4916666666666666408, 1.350000000000000311 ) ) ;
#1856 = EDGE_CURVE ( 'NONE', #370, #441, #701, .T. ) ;
#1857 = PLANE ( 'NONE',  #988 ) ;
#1858 = AXIS2_PLACEMENT_3D ( 'NONE', #436, #1728, #123 ) ;
#1859 = VECTOR ( 'NONE', #1688, 1000.000000000000000 ) ;
#1860 = VERTEX_POINT ( 'NONE', #1491 ) ;
#1861 = ORIENTED_EDGE ( 'NONE', *, *, #1856, .F. ) ;
#1862 = FACE_OUTER_BOUND ( 'NONE', #124, .T. ) ;
#1863 = LINE ( 'NONE', #1876, #1441 ) ;
#1864 = CARTESIAN_POINT ( 'NONE',  ( -0.6500000000000000222, -9.758333333333332860, 1.924999999999998490 ) ) ;
#1865 = ADVANCED_FACE ( 'NONE', ( #673 ), #375, .F. ) ;
#1866 = EDGE_LOOP ( 'NONE', ( #1861, #1804, #1287, #1280, #1776, #874, #856, #1516 ) ) ;
#1867 = LINE ( 'NONE', #530, #1339 ) ;
#1868 =( NAMED_UNIT ( * ) PLANE_ANGLE_UNIT ( ) SI_UNIT ( $, .RADIAN. ) );
#1869 = CARTESIAN_POINT ( 'NONE',  ( -0.6500000000000000222, 0.4916666666666666408, 1.350000000000000311 ) ) ;
#1870 = EDGE_LOOP ( 'NONE', ( #686, #1693, #1903, #1011, #344 ) ) ;
#1871 = VECTOR ( 'NONE', #602, 1000.000000000000000 ) ;
#1872 = ORIENTED_EDGE ( 'NONE', *, *, #1718, .T. ) ;
#1873 = DIRECTION ( 'NONE',  ( 0.000000000000000000, -1.000000000000000000, 0.000000000000000000 ) ) ;
#1874 = CARTESIAN_POINT ( 'NONE',  ( -0.6500000000000000222, -9.758333333333332860, 2.074999999999998401 ) ) ;
#1875 = EDGE_CURVE ( 'NONE', #13, #22, #1501, .T. ) ;
#1876 = CARTESIAN_POINT ( 'NONE',  ( 1.700000000000000844, 1.699999999999999956, 1.350000000000000533 ) ) ;
#1877 = FACE_OUTER_BOUND ( 'NONE', #1565, .T. ) ;
#1878 = VECTOR ( 'NONE', #2091, 1000.000000000000000 ) ;
#1879 = VERTEX_POINT ( 'NONE', #222 ) ;
#1880 = CARTESIAN_POINT ( 'NONE',  ( -0.6500000000000000222, 0.6416666666666666075, 1.350000000000000311 ) ) ;
#1881 = ORIENTED_EDGE ( 'NONE', *, *, #1562, .T. ) ;
#1882 = EDGE_CURVE ( 'NONE', #1060, #732, #1851, .T. ) ;
#1883 = DIRECTION ( 'NONE',  ( 0.000000000000000000, -0.000000000000000000, -1.000000000000000000 ) ) ;
#1884 = EDGE_CURVE ( 'NONE', #1204, #1918, #1015, .T. ) ;
#1885 = CARTESIAN_POINT ( 'NONE',  ( -1.299999999999999156, 1.699999999999999956, -1.349999999999999645 ) ) ;
#1886 = ORIENTED_EDGE ( 'NONE', *, *, #321, .T. ) ;
#1887 = CARTESIAN_POINT ( 'NONE',  ( 1.339999999999995417, 1.499999999999999778, 1.049999999999999600 ) ) ;
#1888 = AXIS2_PLACEMENT_3D ( 'NONE', #254, #593, #1085 ) ;
#1889 = DIRECTION ( 'NONE',  ( -0.7071067811865473507, -0.000000000000000000, 0.7071067811865477948 ) ) ;
#1890 = VECTOR ( 'NONE', #483, 1000.000000000000000 ) ;
#1891 = CIRCLE ( 'NONE', #526, 0.09999999999999982514 ) ;
#1892 = ORIENTED_EDGE ( 'NONE', *, *, #498, .T. ) ;
#1893 = DIRECTION ( 'NONE',  ( 0.000000000000000000, -1.000000000000000000, 0.000000000000000000 ) ) ;
#1894 =( LENGTH_UNIT ( ) NAMED_UNIT ( * ) SI_UNIT ( .MILLI., .METRE. ) );
#1895 = ORIENTED_EDGE ( 'NONE', *, *, #1736, .T. ) ;
#1896 = LINE ( 'NONE', #1581, #1745 ) ;
#1897 = PLANE ( 'NONE',  #1858 ) ;
#1898 = EDGE_CURVE ( 'NONE', #136, #512, #384, .T. ) ;
#1899 = ORIENTED_EDGE ( 'NONE', *, *, #994, .T. ) ;
#1900 = CARTESIAN_POINT ( 'NONE',  ( -0.1800000000000026579, 1.499999999999999778, -1.049999999999999600 ) ) ;
#1901 = EDGE_CURVE ( 'NONE', #370, #2009, #1831, .T. ) ;
#1902 = DIRECTION ( 'NONE',  ( -0.000000000000000000, -0.000000000000000000, -1.000000000000000000 ) ) ;
#1903 = ORIENTED_EDGE ( 'NONE', *, *, #214, .T. ) ;
#1904 = FACE_BOUND ( 'NONE', #1076, .T. ) ;
#1905 =( LENGTH_UNIT ( ) NAMED_UNIT ( * ) SI_UNIT ( .MILLI., .METRE. ) );
#1906 = EDGE_CURVE ( 'NONE', #105, #2096, #1984, .T. ) ;
#1907 = VECTOR ( 'NONE', #1798, 1000.000000000000000 ) ;
#1908 = VECTOR ( 'NONE', #840, 1000.000000000000000 ) ;
#1909 = ORIENTED_EDGE ( 'NONE', *, *, #162, .F. ) ;
#1910 = LINE ( 'NONE', #622, #1822 ) ;
#1911 = DIRECTION ( 'NONE',  ( 0.000000000000000000, 1.000000000000000000, 0.000000000000000000 ) ) ;
#1912 = CARTESIAN_POINT ( 'NONE',  ( 1.700000000000000844, 0.000000000000000000, 1.350000000000000533 ) ) ;
#1913 = DIRECTION ( 'NONE',  ( -0.000000000000000000, 1.000000000000000000, -0.000000000000000000 ) ) ;
#1914 = ORIENTED_EDGE ( 'NONE', *, *, #1732, .T. ) ;
#1915 = CARTESIAN_POINT ( 'NONE',  ( 0.1800000000000026579, 1.699999999999999956, -1.049999999999999600 ) ) ;
#1916 = STYLED_ITEM ( 'NONE', ( #1425 ), #226 ) ;
#1917 = VECTOR ( 'NONE', #165, 1000.000000000000000 ) ;
#1918 = VERTEX_POINT ( 'NONE', #1686 ) ;
#1919 = PLANE ( 'NONE',  #655 ) ;
#1920 =( LENGTH_UNIT ( ) NAMED_UNIT ( * ) SI_UNIT ( .MILLI., .METRE. ) );
#1921 = AXIS2_PLACEMENT_3D ( 'NONE', #813, #1665, #1358 ) ;
#1922 = EDGE_CURVE ( 'NONE', #467, #1955, #365, .T. ) ;
#1923 = COLOUR_RGB ( '',0.7921568627450980005, 0.8196078431372548767, 0.9333333333333333481 ) ;
#1924 = CARTESIAN_POINT ( 'NONE',  ( -1.149999999999999911, 0.3916666666666665519, 1.825000000000000178 ) ) ;
#1925 = DIRECTION ( 'NONE',  ( -0.000000000000000000, 1.000000000000000000, -0.000000000000000000 ) ) ;
#1926 = ORIENTED_EDGE ( 'NONE', *, *, #1502, .F. ) ;
#1927 = DIRECTION ( 'NONE',  ( -1.000000000000000000, -0.000000000000000000, -0.000000000000000000 ) ) ;
#1928 = CARTESIAN_POINT ( 'NONE',  ( -1.149999999999999911, 0.6416666666666667185, 1.825000000000000178 ) ) ;
#1929 = CARTESIAN_POINT ( 'NONE',  ( 1.700000000000000844, 1.699999999999999956, -1.349999999999999645 ) ) ;
#1930 = EDGE_CURVE ( 'NONE', #187, #336, #851, .T. ) ;
#1931 = DIRECTION ( 'NONE',  ( 0.000000000000000000, 0.000000000000000000, 1.000000000000000000 ) ) ;
#1932 = ORIENTED_EDGE ( 'NONE', *, *, #1634, .T. ) ;
#1933 = VERTEX_POINT ( 'NONE', #1352 ) ;
#1934 = DIRECTION ( 'NONE',  ( -0.000000000000000000, -1.000000000000000000, -0.000000000000000000 ) ) ;
#1935 = VERTEX_POINT ( 'NONE', #39 ) ;
#1936 = CARTESIAN_POINT ( 'NONE',  ( -1.299999999999999156, 0.000000000000000000, -1.349999999999999645 ) ) ;
#1937 = ORIENTED_EDGE ( 'NONE', *, *, #1787, .T. ) ;
#1938 = DIRECTION ( 'NONE',  ( 0.000000000000000000, 0.000000000000000000, -1.000000000000000000 ) ) ;
#1939 = DIRECTION ( 'NONE',  ( 0.000000000000000000, 1.000000000000000000, -2.136358960562570493E-16 ) ) ;
#1940 = CARTESIAN_POINT ( 'NONE',  ( 1.149999999999999911, 0.3916666666666665519, -1.924999999999998268 ) ) ;
#1941 = VECTOR ( 'NONE', #1600, 1000.000000000000000 ) ;
#1942 = ORIENTED_EDGE ( 'NONE', *, *, #16, .T. ) ;
#1943 = ADVANCED_FACE ( 'NONE', ( #1508 ), #863, .F. ) ;
#1944 = ORIENTED_EDGE ( 'NONE', *, *, #1135, .F. ) ;
#1945 = DIRECTION ( 'NONE',  ( -0.000000000000000000, -0.000000000000000000, 1.000000000000000000 ) ) ;
#1946 = VECTOR ( 'NONE', #536, 1000.000000000000000 ) ;
#1947 = EDGE_CURVE ( 'NONE', #608, #2036, #711, .T. ) ;
#1948 = ORIENTED_EDGE ( 'NONE', *, *, #1473, .F. ) ;
#1949 = ADVANCED_FACE ( 'NONE', ( #1177 ), #48, .T. ) ;
#1950 = CARTESIAN_POINT ( 'NONE',  ( 0.1800000000000026579, 1.499999999999999778, 1.049999999999999600 ) ) ;
#1951 = LINE ( 'NONE', #1108, #1067 ) ;
#1952 = CARTESIAN_POINT ( 'NONE',  ( 0.1800000000000026579, 1.499999999999999778, -1.049999999999999600 ) ) ;
#1953 = CARTESIAN_POINT ( 'NONE',  ( 1.700000000000000844, 1.699999999999999956, -1.349999999999999645 ) ) ;
#1954 = ORIENTED_EDGE ( 'NONE', *, *, #1093, .F. ) ;
#1955 = VERTEX_POINT ( 'NONE', #1186 ) ;
#1956 = DIRECTION ( 'NONE',  ( 1.000000000000000000, -0.000000000000000000, -0.000000000000000000 ) ) ;
#1957 = CIRCLE ( 'NONE', #685, 0.2500000000000002220 ) ;
#1958 = VERTEX_POINT ( 'NONE', #57 ) ;
#1959 = CARTESIAN_POINT ( 'NONE',  ( 0.6500000000000000222, -9.758333333333332860, -1.924999999999996714 ) ) ;
#1960 = VECTOR ( 'NONE', #161, 1000.000000000000000 ) ;
#1961 = VECTOR ( 'NONE', #1474, 1000.000000000000000 ) ;
#1962 = CARTESIAN_POINT ( 'NONE',  ( -1.339999999999995417, 1.499999999999999778, 1.049999999999999600 ) ) ;
#1963 = CARTESIAN_POINT ( 'NONE',  ( -0.6500000000000000222, 0.3916666666666665519, -1.924999999999998268 ) ) ;
#1964 = CARTESIAN_POINT ( 'NONE',  ( -1.339999999999995417, 1.499999999999999778, 1.049999999999999600 ) ) ;
#1965 = ADVANCED_FACE ( 'NONE', ( #2017 ), #192, .F. ) ;
#1966 = VERTEX_POINT ( 'NONE', #1037 ) ;
#1967 = VERTEX_POINT ( 'NONE', #832 ) ;
#1968 = LINE ( 'NONE', #247, #843 ) ;
#1969 = ORIENTED_EDGE ( 'NONE', *, *, #588, .T. ) ;
#1970 = PLANE ( 'NONE',  #1921 ) ;
#1971 = FACE_OUTER_BOUND ( 'NONE', #54, .T. ) ;
#1972 = CARTESIAN_POINT ( 'NONE',  ( -1.339999999999995417, 1.699999999999999956, 1.049999999999999600 ) ) ;
#1973 = FACE_OUTER_BOUND ( 'NONE', #837, .T. ) ;
#1974 = FACE_OUTER_BOUND ( 'NONE', #1620, .T. ) ;
#1975 = ADVANCED_FACE ( 'NONE', ( #1207 ), #1540, .T. ) ;
#1976 = DIRECTION ( 'NONE',  ( -0.000000000000000000, -1.000000000000000000, -1.495451272393799296E-16 ) ) ;
#1977 = ORIENTED_EDGE ( 'NONE', *, *, #239, .T. ) ;
#1978 = ORIENTED_EDGE ( 'NONE', *, *, #168, .T. ) ;
#1979 = CARTESIAN_POINT ( 'NONE',  ( 0.6500000000000000222, -9.758333333333332860, 1.924999999999998490 ) ) ;
#1980 = ORIENTED_EDGE ( 'NONE', *, *, #121, .T. ) ;
#1981 = MECHANICAL_DESIGN_GEOMETRIC_PRESENTATION_REPRESENTATION (  '', ( #541 ), #171 ) ;
#1982 = CARTESIAN_POINT ( 'NONE',  ( 1.149999999999999911, 0.4916666666666665297, -1.824999999999998401 ) ) ;
#1983 = DIRECTION ( 'NONE',  ( 0.000000000000000000, 1.000000000000000000, 2.136358960562570493E-16 ) ) ;
#1984 = CIRCLE ( 'NONE', #771, 0.09999999999999982514 ) ;
#1985 = CARTESIAN_POINT ( 'NONE',  ( 1.339999999999995417, 1.499999999999999778, -1.049999999999999822 ) ) ;
#1986 = CARTESIAN_POINT ( 'NONE',  ( 0.6500000000000000222, -9.758333333333332860, 2.074999999999998401 ) ) ;
#1987 = DIRECTION ( 'NONE',  ( 1.000000000000000000, -0.000000000000000000, -0.000000000000000000 ) ) ;
#1988 = ADVANCED_FACE ( 'NONE', ( #1877 ), #1217, .F. ) ;
#1989 = ORIENTED_EDGE ( 'NONE', *, *, #1717, .F. ) ;
#1990 = EDGE_LOOP ( 'NONE', ( #91, #1139, #1794, #858 ) ) ;
#1991 = CARTESIAN_POINT ( 'NONE',  ( 0.1800000000000026579, 1.499999999999999778, 1.049999999999999600 ) ) ;
#1992 = STYLED_ITEM ( 'NONE', ( #993 ), #195 ) ;
#1993 = PLANE ( 'NONE',  #1298 ) ;
#1994 = EDGE_CURVE ( 'NONE', #429, #660, #2042, .T. ) ;
#1995 = VECTOR ( 'NONE', #330, 1000.000000000000000 ) ;
#1996 = CARTESIAN_POINT ( 'NONE',  ( 0.6500000000000000222, 0.6416666666666666075, 1.350000000000000311 ) ) ;
#1997 = DIRECTION ( 'NONE',  ( 0.000000000000000000, -1.000000000000000000, -2.136358960562570493E-16 ) ) ;
#1998 = VECTOR ( 'NONE', #1452, 1000.000000000000000 ) ;
#1999 = PRESENTATION_LAYER_ASSIGNMENT (  '', '', ( #1309 ) ) ;
#2000 = CARTESIAN_POINT ( 'NONE',  ( -1.175735931288070857, 1.499999999999999778, -1.049999999999999822 ) ) ;
#2001 = EDGE_CURVE ( 'NONE', #1958, #227, #146, .T. ) ;
#2002 = VERTEX_POINT ( 'NONE', #954 ) ;
#2003 = EDGE_LOOP ( 'NONE', ( #1495, #635, #845, #1137 ) ) ;
#2004 = DIRECTION ( 'NONE',  ( 0.000000000000000000, 0.000000000000000000, 1.000000000000000000 ) ) ;
#2005 = PLANE ( 'NONE',  #1028 ) ;
#2006 = DIRECTION ( 'NONE',  ( 0.000000000000000000, 0.000000000000000000, -1.000000000000000000 ) ) ;
#2007 = CARTESIAN_POINT ( 'NONE',  ( -0.6500000000000000222, -9.758333333333332860, -2.074999999999996625 ) ) ;
#2008 = CARTESIAN_POINT ( 'NONE',  ( 0.1800000000000026579, 1.499999999999999778, 1.049999999999999600 ) ) ;
#2009 = VERTEX_POINT ( 'NONE', #21 ) ;
#2010 = EDGE_LOOP ( 'NONE', ( #1811, #1303, #825, #1556 ) ) ;
#2011 = CARTESIAN_POINT ( 'NONE',  ( -1.149999999999999911, 0.3916666666666665519, 1.825000000000000178 ) ) ;
#2012 = FILL_AREA_STYLE ('',( #1567 ) ) ;
#2013 = EDGE_CURVE ( 'NONE', #1918, #1627, #310, .T. ) ;
#2014 = ADVANCED_FACE ( 'NONE', ( #1320 ), #979, .F. ) ;
#2015 = AXIS2_PLACEMENT_3D ( 'NONE', #1543, #865, #234 ) ;
#2016 = DIRECTION ( 'NONE',  ( -1.000000000000000000, 0.000000000000000000, 0.000000000000000000 ) ) ;
#2017 = FACE_OUTER_BOUND ( 'NONE', #177, .T. ) ;
#2018 = DIRECTION ( 'NONE',  ( -0.000000000000000000, -2.282530889443167515E-16, 1.000000000000000000 ) ) ;
#2019 = AXIS2_PLACEMENT_3D ( 'NONE', #665, #1297, #1976 ) ;
#2020 = ORIENTED_EDGE ( 'NONE', *, *, #162, .T. ) ;
#2021 = CARTESIAN_POINT ( 'NONE',  ( -0.1800000000000026579, 1.499999999999999778, 1.049999999999999600 ) ) ;
#2022 = PLANE ( 'NONE',  #81 ) ;
#2023 = EDGE_CURVE ( 'NONE', #1384, #467, #7, .T. ) ;
#2024 = EDGE_LOOP ( 'NONE', ( #678, #1043, #991, #459 ) ) ;
#2025 = FACE_OUTER_BOUND ( 'NONE', #1484, .T. ) ;
#2026 = ORIENTED_EDGE ( 'NONE', *, *, #1922, .F. ) ;
#2027 = DIRECTION ( 'NONE',  ( 0.000000000000000000, 1.000000000000000000, -2.282530889443167515E-16 ) ) ;
#2028 = CARTESIAN_POINT ( 'NONE',  ( -0.6500000000000000222, 0.6416666666666664964, 1.825000000000000178 ) ) ;
#2029 = DIRECTION ( 'NONE',  ( 1.000000000000000000, -0.000000000000000000, -0.000000000000000000 ) ) ;
#2030 = AXIS2_PLACEMENT_3D ( 'NONE', #1420, #82, #737 ) ;
#2031 = ORIENTED_EDGE ( 'NONE', *, *, #647, .T. ) ;
#2032 = CARTESIAN_POINT ( 'NONE',  ( 0.1800000000000026579, 1.499999999999999778, 1.049999999999999600 ) ) ;
#2033 = DIRECTION ( 'NONE',  ( 1.000000000000000000, 0.000000000000000000, 0.000000000000000000 ) ) ;
#2034 = VECTOR ( 'NONE', #1407, 1000.000000000000000 ) ;
#2035 = VECTOR ( 'NONE', #1228, 1000.000000000000000 ) ;
#2036 = VERTEX_POINT ( 'NONE', #332 ) ;
#2037 = ADVANCED_FACE ( 'NONE', ( #478 ), #1763, .T. ) ;
#2038 = LINE ( 'NONE', #1197, #1260 ) ;
#2039 = VERTEX_POINT ( 'NONE', #818 ) ;
#2040 = DIRECTION ( 'NONE',  ( -1.000000000000000000, 0.000000000000000000, 1.869314090492260645E-16 ) ) ;
#2041 = DIRECTION ( 'NONE',  ( 0.000000000000000000, 2.282530889443167515E-16, -1.000000000000000000 ) ) ;
#2042 = LINE ( 'NONE', #413, #244 ) ;
#2043 = ORIENTED_EDGE ( 'NONE', *, *, #1803, .T. ) ;
#2044 = DIRECTION ( 'NONE',  ( 0.000000000000000000, -1.000000000000000000, 0.000000000000000000 ) ) ;
#2045 = DIRECTION ( 'NONE',  ( -0.000000000000000000, 0.000000000000000000, 1.000000000000000000 ) ) ;
#2046 = EDGE_CURVE ( 'NONE', #295, #1749, #1285, .T. ) ;
#2047 = ADVANCED_FACE ( 'NONE', ( #969 ), #1625, .T. ) ;
#2048 = ORIENTED_EDGE ( 'NONE', *, *, #773, .F. ) ;
#2049 = ORIENTED_EDGE ( 'NONE', *, *, #666, .F. ) ;
#2050 = LINE ( 'NONE', #1077, #754 ) ;
#2051 = CARTESIAN_POINT ( 'NONE',  ( 0.6500000000000000222, 0.6416666666666666075, -1.349999999999998535 ) ) ;
#2052 = VECTOR ( 'NONE', #805, 1000.000000000000000 ) ;
#2053 = ORIENTED_EDGE ( 'NONE', *, *, #676, .F. ) ;
#2054 = CARTESIAN_POINT ( 'NONE',  ( 0.6500000000000000222, 0.6416666666666667185, 1.825000000000000178 ) ) ;
#2055 = CARTESIAN_POINT ( 'NONE',  ( -1.149999999999999911, 0.6416666666666664964, -1.824999999999998401 ) ) ;
#2056 = AXIS2_PLACEMENT_3D ( 'NONE', #546, #1196, #556 ) ;
#2057 = VERTEX_POINT ( 'NONE', #1616 ) ;
#2058 = LINE ( 'NONE', #402, #151 ) ;
#2059 = EDGE_CURVE ( 'NONE', #312, #184, #990, .T. ) ;
#2060 = ORIENTED_EDGE ( 'NONE', *, *, #1486, .T. ) ;
#2061 = CARTESIAN_POINT ( 'NONE',  ( 0.1800000000000026579, 1.699999999999999956, 1.049999999999999600 ) ) ;
#2062 = DIRECTION ( 'NONE',  ( -1.000000000000000000, -0.000000000000000000, -2.177690165469870662E-16 ) ) ;
#2063 = AXIS2_PLACEMENT_3D ( 'NONE', #2103, #814, #769 ) ;
#2064 = EDGE_CURVE ( 'NONE', #1640, #89, #1459, .T. ) ;
#2065 = VECTOR ( 'NONE', #2119, 1000.000000000000000 ) ;
#2066 = ORIENTED_EDGE ( 'NONE', *, *, #1669, .T. ) ;
#2067 = DIRECTION ( 'NONE',  ( 0.000000000000000000, 0.000000000000000000, -1.000000000000000000 ) ) ;
#2068 = CARTESIAN_POINT ( 'NONE',  ( -1.149999999999999911, -9.758333333333332860, 1.924999999999998490 ) ) ;
#2069 = DIRECTION ( 'NONE',  ( -1.000000000000000000, -0.000000000000000000, -0.000000000000000000 ) ) ;
#2070 = ORIENTED_EDGE ( 'NONE', *, *, #1165, .F. ) ;
#2071 = CARTESIAN_POINT ( 'NONE',  ( 0.6500000000000000222, -9.758333333333332860, 1.924999999999998490 ) ) ;
#2072 = PLANE ( 'NONE',  #645 ) ;
#2073 = ORIENTED_EDGE ( 'NONE', *, *, #676, .T. ) ;
#2074 = LINE ( 'NONE', #1115, #554 ) ;
#2075 = DIRECTION ( 'NONE',  ( 0.000000000000000000, 0.000000000000000000, -1.000000000000000000 ) ) ;
#2076 = EDGE_CURVE ( 'NONE', #821, #367, #340, .T. ) ;
#2077 = SURFACE_SIDE_STYLE ('',( #1418 ) ) ;
#2078 = ORIENTED_EDGE ( 'NONE', *, *, #931, .F. ) ;
#2079 = CARTESIAN_POINT ( 'NONE',  ( -0.1800000000000026579, 1.499999999999999778, 1.049999999999999600 ) ) ;
#2080 = CARTESIAN_POINT ( 'NONE',  ( 1.149999999999999911, 0.3916666666666665519, 1.925000000000000044 ) ) ;
#2081 = COLOUR_RGB ( '',0.7921568627450980005, 0.8196078431372548767, 0.9333333333333333481 ) ;
#2082 = FILL_AREA_STYLE_COLOUR ( '', #176 ) ;
#2083 = ADVANCED_FACE ( 'NONE', ( #653 ), #1310, .F. ) ;
#2084 = VECTOR ( 'NONE', #354, 1000.000000000000000 ) ;
#2085 = ORIENTED_EDGE ( 'NONE', *, *, #1502, .T. ) ;
#2086 = CARTESIAN_POINT ( 'NONE',  ( 1.339999999999995417, 1.699999999999999956, -1.049999999999999822 ) ) ;
#2087 = DIRECTION ( 'NONE',  ( -1.000000000000000000, -0.000000000000000000, -0.000000000000000000 ) ) ;
#2088 = ADVANCED_FACE ( 'NONE', ( #2106 ), #1601, .F. ) ;
#2089 = VERTEX_POINT ( 'NONE', #1964 ) ;
#2090 = CARTESIAN_POINT ( 'NONE',  ( -1.339999999999995417, 1.499999999999999778, -0.8857359312880749291 ) ) ;
#2091 = DIRECTION ( 'NONE',  ( -1.000000000000000000, -0.000000000000000000, -0.000000000000000000 ) ) ;
#2092 = CARTESIAN_POINT ( 'NONE',  ( -0.6500000000000000222, 0.6416666666666666075, 1.350000000000000311 ) ) ;
#2093 = VECTOR ( 'NONE', #1323, 1000.000000000000000 ) ;
#2094 = VECTOR ( 'NONE', #1393, 1000.000000000000000 ) ;
#2095 = VERTEX_POINT ( 'NONE', #1953 ) ;
#2096 = VERTEX_POINT ( 'NONE', #1148 ) ;
#2097 = LINE ( 'NONE', #150, #426 ) ;
#2098 = VECTOR ( 'NONE', #699, 1000.000000000000000 ) ;
#2099 = VERTEX_POINT ( 'NONE', #1134 ) ;
#2100 = PRESENTATION_LAYER_ASSIGNMENT (  '', '', ( #1916 ) ) ;
#2101 = CARTESIAN_POINT ( 'NONE',  ( -0.6500000000000000222, 0.3916666666666665519, -1.824999999999998401 ) ) ;
#2102 = ORIENTED_EDGE ( 'NONE', *, *, #815, .F. ) ;
#2103 = CARTESIAN_POINT ( 'NONE',  ( 1.149999999999999911, 0.3916666666666665519, -1.824999999999998401 ) ) ;
#2104 = DIRECTION ( 'NONE',  ( 1.000000000000000000, 0.000000000000000000, 0.000000000000000000 ) ) ;
#2105 = UNCERTAINTY_MEASURE_WITH_UNIT (LENGTH_MEASURE( 1.000000000000000082E-05 ), #1274, 'distance_accuracy_value', 'NONE');
#2106 = FACE_OUTER_BOUND ( 'NONE', #2024, .T. ) ;
#2107 = EDGE_CURVE ( 'NONE', #689, #821, #1799, .T. ) ;
#2108 = ORIENTED_EDGE ( 'NONE', *, *, #252, .T. ) ;
#2109 = ORIENTED_EDGE ( 'NONE', *, *, #1089, .F. ) ;
#2110 = LINE ( 'NONE', #757, #1377 ) ;
#2111 = ORIENTED_EDGE ( 'NONE', *, *, #1353, .F. ) ;
#2112 = LINE ( 'NONE', #1128, #1890 ) ;
#2113 = LINE ( 'NONE', #1294, #12 ) ;
#2114 = CARTESIAN_POINT ( 'NONE',  ( -0.6500000000000000222, 0.4916666666666666408, -1.349999999999998535 ) ) ;
#2115 = DIRECTION ( 'NONE',  ( 1.000000000000000000, 0.000000000000000000, 0.000000000000000000 ) ) ;
#2116 = PRESENTATION_LAYER_ASSIGNMENT (  '', '', ( #1363 ) ) ;
#2117 = ORIENTED_EDGE ( 'NONE', *, *, #355, .F. ) ;
#2118 = EDGE_LOOP ( 'NONE', ( #626, #741, #232, #1886 ) ) ;
#2119 = DIRECTION ( 'NONE',  ( 0.000000000000000000, 1.000000000000000000, 1.495451272393799296E-16 ) ) ;
ENDSEC;
END-ISO-10303-21;
