ISO-10303-21;
HEADER;
FILE_DESCRIPTION(('KiCad electronic assembly'),'2;1');
FILE_NAME('Spii.step','2026-01-13T00:43:54',('Pcbnew'),('Kicad'),
  'Open CASCADE STEP processor 7.9','KiCad to STEP converter','Unknown'
  );
FILE_SCHEMA(('AUTOMOTIVE_DESIGN { 1 0 10303 214 1 1 1 1 }'));
ENDSEC;
DATA;
#1 = APPLICATION_PROTOCOL_DEFINITION('international standard',
  'automotive_design',2000,#2);
#2 = APPLICATION_CONTEXT(
  'core data for automotive mechanical design processes');
#3 = SHAPE_DEFINITION_REPRESENTATION(#4,#10);
#4 = PRODUCT_DEFINITION_SHAPE('','',#5);
#5 = PRODUCT_DEFINITION('design','',#6,#9);
#6 = PRODUCT_DEFINITION_FORMATION('','',#7);
#7 = PRODUCT('Spii 1','Spii 1','',(#8));
#8 = PRODUCT_CONTEXT('',#2,'mechanical');
#9 = PRODUCT_DEFINITION_CONTEXT('part definition',#2,'design');
#10 = SHAPE_REPRESENTATION('',(#11,#15,#19,#23,#27,#31,#35,#39,#43,#47,
    #51,#55,#59,#63,#67,#71,#75,#79,#83,#87,#91,#95,#99),#103);
#11 = AXIS2_PLACEMENT_3D('',#12,#13,#14);
#12 = CARTESIAN_POINT('',(0.,0.,0.));
#13 = DIRECTION('',(0.,0.,1.));
#14 = DIRECTION('',(1.,0.,-0.));
#15 = AXIS2_PLACEMENT_3D('',#16,#17,#18);
#16 = CARTESIAN_POINT('',(231.25,-83.5,1.595));
#17 = DIRECTION('',(0.,0.,1.));
#18 = DIRECTION('',(-1.,1.224646799147E-16,0.));
#19 = AXIS2_PLACEMENT_3D('',#20,#21,#22);
#20 = CARTESIAN_POINT('',(146.75,-83.25,1.595));
#21 = DIRECTION('',(0.,0.,1.));
#22 = DIRECTION('',(-1.,1.224646799147E-16,0.));
#23 = AXIS2_PLACEMENT_3D('',#24,#25,#26);
#24 = CARTESIAN_POINT('',(173.146466,-116.078676,1.595));
#25 = DIRECTION('',(0.642787609687,-0.766044443119,1.110223024625E-16));
#26 = DIRECTION('',(0.766044443119,0.642787609687,0.));
#27 = AXIS2_PLACEMENT_3D('',#28,#29,#30);
#28 = CARTESIAN_POINT('',(231.25,-87.25,1.595));
#29 = DIRECTION('',(0.,0.,1.));
#30 = DIRECTION('',(-1.,1.224646799147E-16,0.));
#31 = AXIS2_PLACEMENT_3D('',#32,#33,#34);
#32 = CARTESIAN_POINT('',(191.75,-122.75,1.598));
#33 = DIRECTION('',(1.,-1.110223024625E-16,1.110223024625E-16));
#34 = DIRECTION('',(1.110223024625E-16,1.,0.));
#35 = AXIS2_PLACEMENT_3D('',#36,#37,#38);
#36 = CARTESIAN_POINT('',(189.,-142.75,1.595));
#37 = DIRECTION('',(0.,0.,1.));
#38 = DIRECTION('',(-1.,1.224646799147E-16,0.));
#39 = AXIS2_PLACEMENT_3D('',#40,#41,#42);
#40 = CARTESIAN_POINT('',(146.75,-87.,1.595));
#41 = DIRECTION('',(0.,0.,1.));
#42 = DIRECTION('',(-1.,1.224646799147E-16,0.));
#43 = AXIS2_PLACEMENT_3D('',#44,#45,#46);
#44 = CARTESIAN_POINT('',(174.,-123.45,1.595));
#45 = DIRECTION('',(0.,-1.,1.110223024625E-16));
#46 = DIRECTION('',(1.,0.,0.));
#47 = AXIS2_PLACEMENT_3D('',#48,#49,#50);
#48 = CARTESIAN_POINT('',(186.2,-114.75,1.595));
#49 = DIRECTION('',(1.,-1.110223024625E-16,1.110223024625E-16));
#50 = DIRECTION('',(1.110223024625E-16,1.,0.));
#51 = AXIS2_PLACEMENT_3D('',#52,#53,#54);
#52 = CARTESIAN_POINT('',(180.7,-116.25,1.595));
#53 = DIRECTION('',(1.,-1.110223024625E-16,1.110223024625E-16));
#54 = DIRECTION('',(1.110223024625E-16,1.,0.));
#55 = AXIS2_PLACEMENT_3D('',#56,#57,#58);
#56 = CARTESIAN_POINT('',(223.5,-86.,1.595));
#57 = DIRECTION('',(0.,0.,1.));
#58 = DIRECTION('',(-1.,1.224646799147E-16,0.));
#59 = AXIS2_PLACEMENT_3D('',#60,#61,#62);
#60 = CARTESIAN_POINT('',(154.5,-85.75,1.595));
#61 = DIRECTION('',(0.,0.,1.));
#62 = DIRECTION('',(-1.,1.224646799147E-16,0.));
#63 = AXIS2_PLACEMENT_3D('',#64,#65,#66);
#64 = CARTESIAN_POINT('',(191.75,-114.75,1.595));
#65 = DIRECTION('',(1.,-1.110223024625E-16,1.110223024625E-16));
#66 = DIRECTION('',(1.110223024625E-16,1.,0.));
#67 = AXIS2_PLACEMENT_3D('',#68,#69,#70);
#68 = CARTESIAN_POINT('',(186.2,-122.75,1.598));
#69 = DIRECTION('',(1.,-1.110223024625E-16,1.110223024625E-16));
#70 = DIRECTION('',(1.110223024625E-16,1.,0.));
#71 = AXIS2_PLACEMENT_3D('',#72,#73,#74);
#72 = CARTESIAN_POINT('',(197.2,-116.25,1.595));
#73 = DIRECTION('',(1.,-1.110223024625E-16,1.110223024625E-16));
#74 = DIRECTION('',(1.110223024625E-16,1.,0.));
#75 = AXIS2_PLACEMENT_3D('',#76,#77,#78);
#76 = CARTESIAN_POINT('',(189.,-146.5,1.595));
#77 = DIRECTION('',(0.,0.,1.));
#78 = DIRECTION('',(-1.,1.224646799147E-16,0.));
#79 = AXIS2_PLACEMENT_3D('',#80,#81,#82);
#80 = CARTESIAN_POINT('',(204.75,-116.,1.595));
#81 = DIRECTION('',(0.642787609687,0.766044443119,1.110223024625E-16));
#82 = DIRECTION('',(-0.766044443119,0.642787609687,0.));
#83 = AXIS2_PLACEMENT_3D('',#84,#85,#86);
#84 = CARTESIAN_POINT('',(204.,-123.45,1.595));
#85 = DIRECTION('',(0.,-1.,1.110223024625E-16));
#86 = DIRECTION('',(1.,0.,0.));
#87 = AXIS2_PLACEMENT_3D('',#88,#89,#90);
#88 = CARTESIAN_POINT('',(233.975,-78.6,-8.5E-02));
#89 = DIRECTION('',(-1.,1.110223024625E-16,-2.334869823773E-16));
#90 = DIRECTION('',(1.110223024625E-16,1.,0.));
#91 = AXIS2_PLACEMENT_3D('',#92,#93,#94);
#92 = CARTESIAN_POINT('',(189.,-146.,-8.5E-02));
#93 = DIRECTION('',(-1.,1.110223024625E-16,-2.334869823773E-16));
#94 = DIRECTION('',(1.110223024625E-16,1.,0.));
#95 = AXIS2_PLACEMENT_3D('',#96,#97,#98);
#96 = CARTESIAN_POINT('',(144.,-78.5,-8.5E-02));
#97 = DIRECTION('',(-1.,1.110223024625E-16,-2.334869823773E-16));
#98 = DIRECTION('',(1.110223024625E-16,1.,0.));
#99 = AXIS2_PLACEMENT_3D('',#100,#101,#102);
#100 = CARTESIAN_POINT('',(0.,0.,0.));
#101 = DIRECTION('',(0.,0.,1.));
#102 = DIRECTION('',(1.,0.,-0.));
#103 = ( GEOMETRIC_REPRESENTATION_CONTEXT(3) 
GLOBAL_UNCERTAINTY_ASSIGNED_CONTEXT((#107)) GLOBAL_UNIT_ASSIGNED_CONTEXT
((#104,#105,#106)) REPRESENTATION_CONTEXT('Context #1',
  '3D Context with UNIT and UNCERTAINTY') );
#104 = ( LENGTH_UNIT() NAMED_UNIT(*) SI_UNIT(.MILLI.,.METRE.) );
#105 = ( NAMED_UNIT(*) PLANE_ANGLE_UNIT() SI_UNIT($,.RADIAN.) );
#106 = ( NAMED_UNIT(*) SI_UNIT($,.STERADIAN.) SOLID_ANGLE_UNIT() );
#107 = UNCERTAINTY_MEASURE_WITH_UNIT(LENGTH_MEASURE(1.E-07),#104,
  'distance_accuracy_value','confusion accuracy');
#108 = PRODUCT_RELATED_PRODUCT_CATEGORY('part',$,(#7));
#109 = SHAPE_DEFINITION_REPRESENTATION(#110,#116);
#110 = PRODUCT_DEFINITION_SHAPE('','',#111);
#111 = PRODUCT_DEFINITION('design','',#112,#115);
#112 = PRODUCT_DEFINITION_FORMATION('','',#113);
#113 = PRODUCT('R_1206_3216Metric','R_1206_3216Metric','',(#114));
#114 = PRODUCT_CONTEXT('',#2,'mechanical');
#115 = PRODUCT_DEFINITION_CONTEXT('part definition',#2,'design');
#116 = ADVANCED_BREP_SHAPE_REPRESENTATION('',(#11,#117),#907);
#117 = MANIFOLD_SOLID_BREP('',#118);
#118 = CLOSED_SHELL('',(#119,#159,#242,#267,#292,#359,#376,#393,#442,
    #459,#476,#525,#542,#611,#642,#666,#735,#759,#776,#793,#810,#827,
    #844,#861,#878,#895));
#119 = ADVANCED_FACE('',(#120),#154,.F.);
#120 = FACE_BOUND('',#121,.F.);
#121 = EDGE_LOOP('',(#122,#132,#140,#148));
#122 = ORIENTED_EDGE('',*,*,#123,.F.);
#123 = EDGE_CURVE('',#124,#126,#128,.T.);
#124 = VERTEX_POINT('',#125);
#125 = CARTESIAN_POINT('',(-1.6,-0.8,5.5E-02));
#126 = VERTEX_POINT('',#127);
#127 = CARTESIAN_POINT('',(-1.6,-0.8,0.495));
#128 = LINE('',#129,#130);
#129 = CARTESIAN_POINT('',(-1.6,-0.8,0.));
#130 = VECTOR('',#131,1.);
#131 = DIRECTION('',(0.,0.,1.));
#132 = ORIENTED_EDGE('',*,*,#133,.T.);
#133 = EDGE_CURVE('',#124,#134,#136,.T.);
#134 = VERTEX_POINT('',#135);
#135 = CARTESIAN_POINT('',(-1.6,0.8,5.5E-02));
#136 = LINE('',#137,#138);
#137 = CARTESIAN_POINT('',(-1.6,-0.8,5.5E-02));
#138 = VECTOR('',#139,1.);
#139 = DIRECTION('',(0.,1.,0.));
#140 = ORIENTED_EDGE('',*,*,#141,.T.);
#141 = EDGE_CURVE('',#134,#142,#144,.T.);
#142 = VERTEX_POINT('',#143);
#143 = CARTESIAN_POINT('',(-1.6,0.8,0.495));
#144 = LINE('',#145,#146);
#145 = CARTESIAN_POINT('',(-1.6,0.8,0.));
#146 = VECTOR('',#147,1.);
#147 = DIRECTION('',(0.,0.,1.));
#148 = ORIENTED_EDGE('',*,*,#149,.F.);
#149 = EDGE_CURVE('',#126,#142,#150,.T.);
#150 = LINE('',#151,#152);
#151 = CARTESIAN_POINT('',(-1.6,-0.8,0.495));
#152 = VECTOR('',#153,1.);
#153 = DIRECTION('',(0.,1.,0.));
#154 = PLANE('',#155);
#155 = AXIS2_PLACEMENT_3D('',#156,#157,#158);
#156 = CARTESIAN_POINT('',(-1.6,-0.8,0.));
#157 = DIRECTION('',(1.,0.,0.));
#158 = DIRECTION('',(0.,0.,1.));
#159 = ADVANCED_FACE('',(#160),#237,.F.);
#160 = FACE_BOUND('',#161,.F.);
#161 = EDGE_LOOP('',(#162,#172,#179,#180,#189,#197,#206,#214,#222,#230)
  );
#162 = ORIENTED_EDGE('',*,*,#163,.F.);
#163 = EDGE_CURVE('',#164,#166,#168,.T.);
#164 = VERTEX_POINT('',#165);
#165 = CARTESIAN_POINT('',(-1.545,-0.8,0.));
#166 = VERTEX_POINT('',#167);
#167 = CARTESIAN_POINT('',(-1.255,-0.8,0.));
#168 = LINE('',#169,#170);
#169 = CARTESIAN_POINT('',(-1.6,-0.8,0.));
#170 = VECTOR('',#171,1.);
#171 = DIRECTION('',(1.,0.,0.));
#172 = ORIENTED_EDGE('',*,*,#173,.F.);
#173 = EDGE_CURVE('',#124,#164,#174,.T.);
#174 = CIRCLE('',#175,5.5E-02);
#175 = AXIS2_PLACEMENT_3D('',#176,#177,#178);
#176 = CARTESIAN_POINT('',(-1.545,-0.8,5.5E-02));
#177 = DIRECTION('',(0.,-1.,0.));
#178 = DIRECTION('',(0.,0.,1.));
#179 = ORIENTED_EDGE('',*,*,#123,.T.);
#180 = ORIENTED_EDGE('',*,*,#181,.T.);
#181 = EDGE_CURVE('',#126,#182,#184,.T.);
#182 = VERTEX_POINT('',#183);
#183 = CARTESIAN_POINT('',(-1.545,-0.8,0.55));
#184 = CIRCLE('',#185,5.5E-02);
#185 = AXIS2_PLACEMENT_3D('',#186,#187,#188);
#186 = CARTESIAN_POINT('',(-1.545,-0.8,0.495));
#187 = DIRECTION('',(0.,1.,0.));
#188 = DIRECTION('',(0.,-0.,1.));
#189 = ORIENTED_EDGE('',*,*,#190,.T.);
#190 = EDGE_CURVE('',#182,#191,#193,.T.);
#191 = VERTEX_POINT('',#192);
#192 = CARTESIAN_POINT('',(-1.255,-0.8,0.55));
#193 = LINE('',#194,#195);
#194 = CARTESIAN_POINT('',(-1.6,-0.8,0.55));
#195 = VECTOR('',#196,1.);
#196 = DIRECTION('',(1.,0.,0.));
#197 = ORIENTED_EDGE('',*,*,#198,.F.);
#198 = EDGE_CURVE('',#199,#191,#201,.T.);
#199 = VERTEX_POINT('',#200);
#200 = CARTESIAN_POINT('',(-1.2,-0.8,0.495));
#201 = CIRCLE('',#202,5.5E-02);
#202 = AXIS2_PLACEMENT_3D('',#203,#204,#205);
#203 = CARTESIAN_POINT('',(-1.255,-0.8,0.495));
#204 = DIRECTION('',(0.,-1.,0.));
#205 = DIRECTION('',(0.,0.,1.));
#206 = ORIENTED_EDGE('',*,*,#207,.F.);
#207 = EDGE_CURVE('',#208,#199,#210,.T.);
#208 = VERTEX_POINT('',#209);
#209 = CARTESIAN_POINT('',(-1.545,-0.8,0.495));
#210 = LINE('',#211,#212);
#211 = CARTESIAN_POINT('',(-1.545,-0.8,0.495));
#212 = VECTOR('',#213,1.);
#213 = DIRECTION('',(1.,0.,0.));
#214 = ORIENTED_EDGE('',*,*,#215,.F.);
#215 = EDGE_CURVE('',#216,#208,#218,.T.);
#216 = VERTEX_POINT('',#217);
#217 = CARTESIAN_POINT('',(-1.545,-0.8,5.5E-02));
#218 = LINE('',#219,#220);
#219 = CARTESIAN_POINT('',(-1.545,-0.8,5.5E-02));
#220 = VECTOR('',#221,1.);
#221 = DIRECTION('',(0.,0.,1.));
#222 = ORIENTED_EDGE('',*,*,#223,.T.);
#223 = EDGE_CURVE('',#216,#224,#226,.T.);
#224 = VERTEX_POINT('',#225);
#225 = CARTESIAN_POINT('',(-1.2,-0.8,5.5E-02));
#226 = LINE('',#227,#228);
#227 = CARTESIAN_POINT('',(-1.545,-0.8,5.5E-02));
#228 = VECTOR('',#229,1.);
#229 = DIRECTION('',(1.,0.,0.));
#230 = ORIENTED_EDGE('',*,*,#231,.T.);
#231 = EDGE_CURVE('',#224,#166,#232,.T.);
#232 = CIRCLE('',#233,5.5E-02);
#233 = AXIS2_PLACEMENT_3D('',#234,#235,#236);
#234 = CARTESIAN_POINT('',(-1.255,-0.8,5.5E-02));
#235 = DIRECTION('',(0.,1.,0.));
#236 = DIRECTION('',(0.,-0.,1.));
#237 = PLANE('',#238);
#238 = AXIS2_PLACEMENT_3D('',#239,#240,#241);
#239 = CARTESIAN_POINT('',(-1.6,-0.8,0.));
#240 = DIRECTION('',(0.,1.,0.));
#241 = DIRECTION('',(0.,-0.,1.));
#242 = ADVANCED_FACE('',(#243),#262,.T.);
#243 = FACE_BOUND('',#244,.T.);
#244 = EDGE_LOOP('',(#245,#246,#255,#261));
#245 = ORIENTED_EDGE('',*,*,#133,.T.);
#246 = ORIENTED_EDGE('',*,*,#247,.T.);
#247 = EDGE_CURVE('',#134,#248,#250,.T.);
#248 = VERTEX_POINT('',#249);
#249 = CARTESIAN_POINT('',(-1.545,0.8,0.));
#250 = CIRCLE('',#251,5.5E-02);
#251 = AXIS2_PLACEMENT_3D('',#252,#253,#254);
#252 = CARTESIAN_POINT('',(-1.545,0.8,5.5E-02));
#253 = DIRECTION('',(0.,-1.,0.));
#254 = DIRECTION('',(0.,0.,1.));
#255 = ORIENTED_EDGE('',*,*,#256,.F.);
#256 = EDGE_CURVE('',#164,#248,#257,.T.);
#257 = LINE('',#258,#259);
#258 = CARTESIAN_POINT('',(-1.545,-0.8,0.));
#259 = VECTOR('',#260,1.);
#260 = DIRECTION('',(0.,1.,0.));
#261 = ORIENTED_EDGE('',*,*,#173,.F.);
#262 = CYLINDRICAL_SURFACE('',#263,5.5E-02);
#263 = AXIS2_PLACEMENT_3D('',#264,#265,#266);
#264 = CARTESIAN_POINT('',(-1.545,-0.8,5.5E-02));
#265 = DIRECTION('',(0.,1.,0.));
#266 = DIRECTION('',(-1.,0.,0.));
#267 = ADVANCED_FACE('',(#268),#287,.T.);
#268 = FACE_BOUND('',#269,.T.);
#269 = EDGE_LOOP('',(#270,#271,#279,#286));
#270 = ORIENTED_EDGE('',*,*,#181,.T.);
#271 = ORIENTED_EDGE('',*,*,#272,.T.);
#272 = EDGE_CURVE('',#182,#273,#275,.T.);
#273 = VERTEX_POINT('',#274);
#274 = CARTESIAN_POINT('',(-1.545,0.8,0.55));
#275 = LINE('',#276,#277);
#276 = CARTESIAN_POINT('',(-1.545,-0.8,0.55));
#277 = VECTOR('',#278,1.);
#278 = DIRECTION('',(0.,1.,0.));
#279 = ORIENTED_EDGE('',*,*,#280,.F.);
#280 = EDGE_CURVE('',#142,#273,#281,.T.);
#281 = CIRCLE('',#282,5.5E-02);
#282 = AXIS2_PLACEMENT_3D('',#283,#284,#285);
#283 = CARTESIAN_POINT('',(-1.545,0.8,0.495));
#284 = DIRECTION('',(0.,1.,0.));
#285 = DIRECTION('',(0.,-0.,1.));
#286 = ORIENTED_EDGE('',*,*,#149,.F.);
#287 = CYLINDRICAL_SURFACE('',#288,5.5E-02);
#288 = AXIS2_PLACEMENT_3D('',#289,#290,#291);
#289 = CARTESIAN_POINT('',(-1.545,-0.8,0.495));
#290 = DIRECTION('',(0.,1.,0.));
#291 = DIRECTION('',(-1.,0.,0.));
#292 = ADVANCED_FACE('',(#293),#354,.T.);
#293 = FACE_BOUND('',#294,.T.);
#294 = EDGE_LOOP('',(#295,#303,#304,#305,#306,#314,#323,#331,#339,#347)
  );
#295 = ORIENTED_EDGE('',*,*,#296,.F.);
#296 = EDGE_CURVE('',#248,#297,#299,.T.);
#297 = VERTEX_POINT('',#298);
#298 = CARTESIAN_POINT('',(-1.255,0.8,0.));
#299 = LINE('',#300,#301);
#300 = CARTESIAN_POINT('',(-1.6,0.8,0.));
#301 = VECTOR('',#302,1.);
#302 = DIRECTION('',(1.,0.,0.));
#303 = ORIENTED_EDGE('',*,*,#247,.F.);
#304 = ORIENTED_EDGE('',*,*,#141,.T.);
#305 = ORIENTED_EDGE('',*,*,#280,.T.);
#306 = ORIENTED_EDGE('',*,*,#307,.T.);
#307 = EDGE_CURVE('',#273,#308,#310,.T.);
#308 = VERTEX_POINT('',#309);
#309 = CARTESIAN_POINT('',(-1.255,0.8,0.55));
#310 = LINE('',#311,#312);
#311 = CARTESIAN_POINT('',(-1.6,0.8,0.55));
#312 = VECTOR('',#313,1.);
#313 = DIRECTION('',(1.,0.,0.));
#314 = ORIENTED_EDGE('',*,*,#315,.F.);
#315 = EDGE_CURVE('',#316,#308,#318,.T.);
#316 = VERTEX_POINT('',#317);
#317 = CARTESIAN_POINT('',(-1.2,0.8,0.495));
#318 = CIRCLE('',#319,5.5E-02);
#319 = AXIS2_PLACEMENT_3D('',#320,#321,#322);
#320 = CARTESIAN_POINT('',(-1.255,0.8,0.495));
#321 = DIRECTION('',(0.,-1.,0.));
#322 = DIRECTION('',(0.,0.,1.));
#323 = ORIENTED_EDGE('',*,*,#324,.F.);
#324 = EDGE_CURVE('',#325,#316,#327,.T.);
#325 = VERTEX_POINT('',#326);
#326 = CARTESIAN_POINT('',(-1.545,0.8,0.495));
#327 = LINE('',#328,#329);
#328 = CARTESIAN_POINT('',(-1.545,0.8,0.495));
#329 = VECTOR('',#330,1.);
#330 = DIRECTION('',(1.,0.,0.));
#331 = ORIENTED_EDGE('',*,*,#332,.F.);
#332 = EDGE_CURVE('',#333,#325,#335,.T.);
#333 = VERTEX_POINT('',#334);
#334 = CARTESIAN_POINT('',(-1.545,0.8,5.5E-02));
#335 = LINE('',#336,#337);
#336 = CARTESIAN_POINT('',(-1.545,0.8,5.5E-02));
#337 = VECTOR('',#338,1.);
#338 = DIRECTION('',(0.,0.,1.));
#339 = ORIENTED_EDGE('',*,*,#340,.T.);
#340 = EDGE_CURVE('',#333,#341,#343,.T.);
#341 = VERTEX_POINT('',#342);
#342 = CARTESIAN_POINT('',(-1.2,0.8,5.5E-02));
#343 = LINE('',#344,#345);
#344 = CARTESIAN_POINT('',(-1.545,0.8,5.5E-02));
#345 = VECTOR('',#346,1.);
#346 = DIRECTION('',(1.,0.,0.));
#347 = ORIENTED_EDGE('',*,*,#348,.T.);
#348 = EDGE_CURVE('',#341,#297,#349,.T.);
#349 = CIRCLE('',#350,5.5E-02);
#350 = AXIS2_PLACEMENT_3D('',#351,#352,#353);
#351 = CARTESIAN_POINT('',(-1.255,0.8,5.5E-02));
#352 = DIRECTION('',(0.,1.,0.));
#353 = DIRECTION('',(0.,-0.,1.));
#354 = PLANE('',#355);
#355 = AXIS2_PLACEMENT_3D('',#356,#357,#358);
#356 = CARTESIAN_POINT('',(-1.6,0.8,0.));
#357 = DIRECTION('',(0.,1.,0.));
#358 = DIRECTION('',(0.,-0.,1.));
#359 = ADVANCED_FACE('',(#360),#371,.F.);
#360 = FACE_BOUND('',#361,.F.);
#361 = EDGE_LOOP('',(#362,#363,#364,#365));
#362 = ORIENTED_EDGE('',*,*,#296,.F.);
#363 = ORIENTED_EDGE('',*,*,#256,.F.);
#364 = ORIENTED_EDGE('',*,*,#163,.T.);
#365 = ORIENTED_EDGE('',*,*,#366,.T.);
#366 = EDGE_CURVE('',#166,#297,#367,.T.);
#367 = LINE('',#368,#369);
#368 = CARTESIAN_POINT('',(-1.255,-0.8,0.));
#369 = VECTOR('',#370,1.);
#370 = DIRECTION('',(0.,1.,0.));
#371 = PLANE('',#372);
#372 = AXIS2_PLACEMENT_3D('',#373,#374,#375);
#373 = CARTESIAN_POINT('',(-1.6,-0.8,0.));
#374 = DIRECTION('',(0.,0.,1.));
#375 = DIRECTION('',(1.,0.,-0.));
#376 = ADVANCED_FACE('',(#377),#388,.T.);
#377 = FACE_BOUND('',#378,.T.);
#378 = EDGE_LOOP('',(#379,#380,#381,#382));
#379 = ORIENTED_EDGE('',*,*,#231,.T.);
#380 = ORIENTED_EDGE('',*,*,#366,.T.);
#381 = ORIENTED_EDGE('',*,*,#348,.F.);
#382 = ORIENTED_EDGE('',*,*,#383,.F.);
#383 = EDGE_CURVE('',#224,#341,#384,.T.);
#384 = LINE('',#385,#386);
#385 = CARTESIAN_POINT('',(-1.2,-0.8,5.5E-02));
#386 = VECTOR('',#387,1.);
#387 = DIRECTION('',(0.,1.,0.));
#388 = CYLINDRICAL_SURFACE('',#389,5.5E-02);
#389 = AXIS2_PLACEMENT_3D('',#390,#391,#392);
#390 = CARTESIAN_POINT('',(-1.255,-0.8,5.5E-02));
#391 = DIRECTION('',(0.,1.,0.));
#392 = DIRECTION('',(1.,0.,0.));
#393 = ADVANCED_FACE('',(#394),#437,.F.);
#394 = FACE_BOUND('',#395,.F.);
#395 = EDGE_LOOP('',(#396,#397,#398,#399,#407,#415,#423,#431));
#396 = ORIENTED_EDGE('',*,*,#223,.F.);
#397 = ORIENTED_EDGE('',*,*,#215,.T.);
#398 = ORIENTED_EDGE('',*,*,#207,.T.);
#399 = ORIENTED_EDGE('',*,*,#400,.T.);
#400 = EDGE_CURVE('',#199,#401,#403,.T.);
#401 = VERTEX_POINT('',#402);
#402 = CARTESIAN_POINT('',(1.2,-0.8,0.495));
#403 = LINE('',#404,#405);
#404 = CARTESIAN_POINT('',(-1.2,-0.8,0.495));
#405 = VECTOR('',#406,1.);
#406 = DIRECTION('',(1.,0.,0.));
#407 = ORIENTED_EDGE('',*,*,#408,.T.);
#408 = EDGE_CURVE('',#401,#409,#411,.T.);
#409 = VERTEX_POINT('',#410);
#410 = CARTESIAN_POINT('',(1.545,-0.8,0.495));
#411 = LINE('',#412,#413);
#412 = CARTESIAN_POINT('',(-1.545,-0.8,0.495));
#413 = VECTOR('',#414,1.);
#414 = DIRECTION('',(1.,0.,0.));
#415 = ORIENTED_EDGE('',*,*,#416,.F.);
#416 = EDGE_CURVE('',#417,#409,#419,.T.);
#417 = VERTEX_POINT('',#418);
#418 = CARTESIAN_POINT('',(1.545,-0.8,5.5E-02));
#419 = LINE('',#420,#421);
#420 = CARTESIAN_POINT('',(1.545,-0.8,5.5E-02));
#421 = VECTOR('',#422,1.);
#422 = DIRECTION('',(0.,0.,1.));
#423 = ORIENTED_EDGE('',*,*,#424,.F.);
#424 = EDGE_CURVE('',#425,#417,#427,.T.);
#425 = VERTEX_POINT('',#426);
#426 = CARTESIAN_POINT('',(1.2,-0.8,5.5E-02));
#427 = LINE('',#428,#429);
#428 = CARTESIAN_POINT('',(-1.545,-0.8,5.5E-02));
#429 = VECTOR('',#430,1.);
#430 = DIRECTION('',(1.,0.,0.));
#431 = ORIENTED_EDGE('',*,*,#432,.F.);
#432 = EDGE_CURVE('',#224,#425,#433,.T.);
#433 = LINE('',#434,#435);
#434 = CARTESIAN_POINT('',(-1.545,-0.8,5.5E-02));
#435 = VECTOR('',#436,1.);
#436 = DIRECTION('',(1.,0.,0.));
#437 = PLANE('',#438);
#438 = AXIS2_PLACEMENT_3D('',#439,#440,#441);
#439 = CARTESIAN_POINT('',(-1.545,-0.8,5.5E-02));
#440 = DIRECTION('',(0.,1.,0.));
#441 = DIRECTION('',(0.,-0.,1.));
#442 = ADVANCED_FACE('',(#443),#454,.T.);
#443 = FACE_BOUND('',#444,.T.);
#444 = EDGE_LOOP('',(#445,#446,#447,#448));
#445 = ORIENTED_EDGE('',*,*,#307,.F.);
#446 = ORIENTED_EDGE('',*,*,#272,.F.);
#447 = ORIENTED_EDGE('',*,*,#190,.T.);
#448 = ORIENTED_EDGE('',*,*,#449,.T.);
#449 = EDGE_CURVE('',#191,#308,#450,.T.);
#450 = LINE('',#451,#452);
#451 = CARTESIAN_POINT('',(-1.255,-0.8,0.55));
#452 = VECTOR('',#453,1.);
#453 = DIRECTION('',(0.,1.,0.));
#454 = PLANE('',#455);
#455 = AXIS2_PLACEMENT_3D('',#456,#457,#458);
#456 = CARTESIAN_POINT('',(-1.6,-0.8,0.55));
#457 = DIRECTION('',(0.,0.,1.));
#458 = DIRECTION('',(1.,0.,-0.));
#459 = ADVANCED_FACE('',(#460),#471,.T.);
#460 = FACE_BOUND('',#461,.T.);
#461 = EDGE_LOOP('',(#462,#468,#469,#470));
#462 = ORIENTED_EDGE('',*,*,#463,.T.);
#463 = EDGE_CURVE('',#199,#316,#464,.T.);
#464 = LINE('',#465,#466);
#465 = CARTESIAN_POINT('',(-1.2,-0.8,0.495));
#466 = VECTOR('',#467,1.);
#467 = DIRECTION('',(0.,1.,0.));
#468 = ORIENTED_EDGE('',*,*,#315,.T.);
#469 = ORIENTED_EDGE('',*,*,#449,.F.);
#470 = ORIENTED_EDGE('',*,*,#198,.F.);
#471 = CYLINDRICAL_SURFACE('',#472,5.5E-02);
#472 = AXIS2_PLACEMENT_3D('',#473,#474,#475);
#473 = CARTESIAN_POINT('',(-1.255,-0.8,0.495));
#474 = DIRECTION('',(0.,1.,0.));
#475 = DIRECTION('',(1.,0.,0.));
#476 = ADVANCED_FACE('',(#477),#520,.T.);
#477 = FACE_BOUND('',#478,.T.);
#478 = EDGE_LOOP('',(#479,#480,#481,#482,#490,#498,#506,#514));
#479 = ORIENTED_EDGE('',*,*,#340,.F.);
#480 = ORIENTED_EDGE('',*,*,#332,.T.);
#481 = ORIENTED_EDGE('',*,*,#324,.T.);
#482 = ORIENTED_EDGE('',*,*,#483,.T.);
#483 = EDGE_CURVE('',#316,#484,#486,.T.);
#484 = VERTEX_POINT('',#485);
#485 = CARTESIAN_POINT('',(1.2,0.8,0.495));
#486 = LINE('',#487,#488);
#487 = CARTESIAN_POINT('',(-1.2,0.8,0.495));
#488 = VECTOR('',#489,1.);
#489 = DIRECTION('',(1.,0.,0.));
#490 = ORIENTED_EDGE('',*,*,#491,.T.);
#491 = EDGE_CURVE('',#484,#492,#494,.T.);
#492 = VERTEX_POINT('',#493);
#493 = CARTESIAN_POINT('',(1.545,0.8,0.495));
#494 = LINE('',#495,#496);
#495 = CARTESIAN_POINT('',(-1.545,0.8,0.495));
#496 = VECTOR('',#497,1.);
#497 = DIRECTION('',(1.,0.,0.));
#498 = ORIENTED_EDGE('',*,*,#499,.F.);
#499 = EDGE_CURVE('',#500,#492,#502,.T.);
#500 = VERTEX_POINT('',#501);
#501 = CARTESIAN_POINT('',(1.545,0.8,5.5E-02));
#502 = LINE('',#503,#504);
#503 = CARTESIAN_POINT('',(1.545,0.8,5.5E-02));
#504 = VECTOR('',#505,1.);
#505 = DIRECTION('',(0.,0.,1.));
#506 = ORIENTED_EDGE('',*,*,#507,.F.);
#507 = EDGE_CURVE('',#508,#500,#510,.T.);
#508 = VERTEX_POINT('',#509);
#509 = CARTESIAN_POINT('',(1.2,0.8,5.5E-02));
#510 = LINE('',#511,#512);
#511 = CARTESIAN_POINT('',(-1.545,0.8,5.5E-02));
#512 = VECTOR('',#513,1.);
#513 = DIRECTION('',(1.,0.,0.));
#514 = ORIENTED_EDGE('',*,*,#515,.F.);
#515 = EDGE_CURVE('',#341,#508,#516,.T.);
#516 = LINE('',#517,#518);
#517 = CARTESIAN_POINT('',(-1.545,0.8,5.5E-02));
#518 = VECTOR('',#519,1.);
#519 = DIRECTION('',(1.,0.,0.));
#520 = PLANE('',#521);
#521 = AXIS2_PLACEMENT_3D('',#522,#523,#524);
#522 = CARTESIAN_POINT('',(-1.545,0.8,5.5E-02));
#523 = DIRECTION('',(0.,1.,0.));
#524 = DIRECTION('',(0.,-0.,1.));
#525 = ADVANCED_FACE('',(#526),#537,.F.);
#526 = FACE_BOUND('',#527,.F.);
#527 = EDGE_LOOP('',(#528,#529,#530,#536));
#528 = ORIENTED_EDGE('',*,*,#383,.F.);
#529 = ORIENTED_EDGE('',*,*,#432,.T.);
#530 = ORIENTED_EDGE('',*,*,#531,.T.);
#531 = EDGE_CURVE('',#425,#508,#532,.T.);
#532 = LINE('',#533,#534);
#533 = CARTESIAN_POINT('',(1.2,-0.8,5.5E-02));
#534 = VECTOR('',#535,1.);
#535 = DIRECTION('',(0.,1.,0.));
#536 = ORIENTED_EDGE('',*,*,#515,.F.);
#537 = PLANE('',#538);
#538 = AXIS2_PLACEMENT_3D('',#539,#540,#541);
#539 = CARTESIAN_POINT('',(-1.545,-0.8,5.5E-02));
#540 = DIRECTION('',(0.,0.,1.));
#541 = DIRECTION('',(1.,0.,-0.));
#542 = ADVANCED_FACE('',(#543),#606,.F.);
#543 = FACE_BOUND('',#544,.F.);
#544 = EDGE_LOOP('',(#545,#555,#562,#563,#564,#565,#574,#582,#591,#599)
  );
#545 = ORIENTED_EDGE('',*,*,#546,.F.);
#546 = EDGE_CURVE('',#547,#549,#551,.T.);
#547 = VERTEX_POINT('',#548);
#548 = CARTESIAN_POINT('',(1.255,-0.8,0.));
#549 = VERTEX_POINT('',#550);
#550 = CARTESIAN_POINT('',(1.545,-0.8,0.));
#551 = LINE('',#552,#553);
#552 = CARTESIAN_POINT('',(1.2,-0.8,0.));
#553 = VECTOR('',#554,1.);
#554 = DIRECTION('',(1.,0.,0.));
#555 = ORIENTED_EDGE('',*,*,#556,.F.);
#556 = EDGE_CURVE('',#425,#547,#557,.T.);
#557 = CIRCLE('',#558,5.5E-02);
#558 = AXIS2_PLACEMENT_3D('',#559,#560,#561);
#559 = CARTESIAN_POINT('',(1.255,-0.8,5.5E-02));
#560 = DIRECTION('',(0.,-1.,0.));
#561 = DIRECTION('',(0.,0.,1.));
#562 = ORIENTED_EDGE('',*,*,#424,.T.);
#563 = ORIENTED_EDGE('',*,*,#416,.T.);
#564 = ORIENTED_EDGE('',*,*,#408,.F.);
#565 = ORIENTED_EDGE('',*,*,#566,.T.);
#566 = EDGE_CURVE('',#401,#567,#569,.T.);
#567 = VERTEX_POINT('',#568);
#568 = CARTESIAN_POINT('',(1.255,-0.8,0.55));
#569 = CIRCLE('',#570,5.5E-02);
#570 = AXIS2_PLACEMENT_3D('',#571,#572,#573);
#571 = CARTESIAN_POINT('',(1.255,-0.8,0.495));
#572 = DIRECTION('',(0.,1.,0.));
#573 = DIRECTION('',(0.,-0.,1.));
#574 = ORIENTED_EDGE('',*,*,#575,.T.);
#575 = EDGE_CURVE('',#567,#576,#578,.T.);
#576 = VERTEX_POINT('',#577);
#577 = CARTESIAN_POINT('',(1.545,-0.8,0.55));
#578 = LINE('',#579,#580);
#579 = CARTESIAN_POINT('',(1.2,-0.8,0.55));
#580 = VECTOR('',#581,1.);
#581 = DIRECTION('',(1.,0.,0.));
#582 = ORIENTED_EDGE('',*,*,#583,.F.);
#583 = EDGE_CURVE('',#584,#576,#586,.T.);
#584 = VERTEX_POINT('',#585);
#585 = CARTESIAN_POINT('',(1.6,-0.8,0.495));
#586 = CIRCLE('',#587,5.5E-02);
#587 = AXIS2_PLACEMENT_3D('',#588,#589,#590);
#588 = CARTESIAN_POINT('',(1.545,-0.8,0.495));
#589 = DIRECTION('',(0.,-1.,0.));
#590 = DIRECTION('',(0.,0.,1.));
#591 = ORIENTED_EDGE('',*,*,#592,.F.);
#592 = EDGE_CURVE('',#593,#584,#595,.T.);
#593 = VERTEX_POINT('',#594);
#594 = CARTESIAN_POINT('',(1.6,-0.8,5.5E-02));
#595 = LINE('',#596,#597);
#596 = CARTESIAN_POINT('',(1.6,-0.8,0.));
#597 = VECTOR('',#598,1.);
#598 = DIRECTION('',(0.,0.,1.));
#599 = ORIENTED_EDGE('',*,*,#600,.T.);
#600 = EDGE_CURVE('',#593,#549,#601,.T.);
#601 = CIRCLE('',#602,5.5E-02);
#602 = AXIS2_PLACEMENT_3D('',#603,#604,#605);
#603 = CARTESIAN_POINT('',(1.545,-0.8,5.5E-02));
#604 = DIRECTION('',(0.,1.,0.));
#605 = DIRECTION('',(0.,-0.,1.));
#606 = PLANE('',#607);
#607 = AXIS2_PLACEMENT_3D('',#608,#609,#610);
#608 = CARTESIAN_POINT('',(1.2,-0.8,0.));
#609 = DIRECTION('',(0.,1.,0.));
#610 = DIRECTION('',(0.,-0.,1.));
#611 = ADVANCED_FACE('',(#612),#637,.F.);
#612 = FACE_BOUND('',#613,.F.);
#613 = EDGE_LOOP('',(#614,#615,#623,#631));
#614 = ORIENTED_EDGE('',*,*,#400,.F.);
#615 = ORIENTED_EDGE('',*,*,#616,.T.);
#616 = EDGE_CURVE('',#199,#617,#619,.T.);
#617 = VERTEX_POINT('',#618);
#618 = CARTESIAN_POINT('',(-1.2,-0.8,0.55));
#619 = LINE('',#620,#621);
#620 = CARTESIAN_POINT('',(-1.2,-0.8,0.495));
#621 = VECTOR('',#622,1.);
#622 = DIRECTION('',(0.,0.,1.));
#623 = ORIENTED_EDGE('',*,*,#624,.T.);
#624 = EDGE_CURVE('',#617,#625,#627,.T.);
#625 = VERTEX_POINT('',#626);
#626 = CARTESIAN_POINT('',(1.2,-0.8,0.55));
#627 = LINE('',#628,#629);
#628 = CARTESIAN_POINT('',(-1.2,-0.8,0.55));
#629 = VECTOR('',#630,1.);
#630 = DIRECTION('',(1.,0.,0.));
#631 = ORIENTED_EDGE('',*,*,#632,.F.);
#632 = EDGE_CURVE('',#401,#625,#633,.T.);
#633 = LINE('',#634,#635);
#634 = CARTESIAN_POINT('',(1.2,-0.8,0.495));
#635 = VECTOR('',#636,1.);
#636 = DIRECTION('',(0.,0.,1.));
#637 = PLANE('',#638);
#638 = AXIS2_PLACEMENT_3D('',#639,#640,#641);
#639 = CARTESIAN_POINT('',(-1.2,-0.8,0.495));
#640 = DIRECTION('',(0.,1.,0.));
#641 = DIRECTION('',(0.,-0.,1.));
#642 = ADVANCED_FACE('',(#643),#661,.F.);
#643 = FACE_BOUND('',#644,.F.);
#644 = EDGE_LOOP('',(#645,#646,#647,#655));
#645 = ORIENTED_EDGE('',*,*,#616,.F.);
#646 = ORIENTED_EDGE('',*,*,#463,.T.);
#647 = ORIENTED_EDGE('',*,*,#648,.T.);
#648 = EDGE_CURVE('',#316,#649,#651,.T.);
#649 = VERTEX_POINT('',#650);
#650 = CARTESIAN_POINT('',(-1.2,0.8,0.55));
#651 = LINE('',#652,#653);
#652 = CARTESIAN_POINT('',(-1.2,0.8,0.495));
#653 = VECTOR('',#654,1.);
#654 = DIRECTION('',(0.,0.,1.));
#655 = ORIENTED_EDGE('',*,*,#656,.F.);
#656 = EDGE_CURVE('',#617,#649,#657,.T.);
#657 = LINE('',#658,#659);
#658 = CARTESIAN_POINT('',(-1.2,-0.8,0.55));
#659 = VECTOR('',#660,1.);
#660 = DIRECTION('',(0.,1.,0.));
#661 = PLANE('',#662);
#662 = AXIS2_PLACEMENT_3D('',#663,#664,#665);
#663 = CARTESIAN_POINT('',(-1.2,-0.8,0.495));
#664 = DIRECTION('',(1.,0.,0.));
#665 = DIRECTION('',(0.,0.,1.));
#666 = ADVANCED_FACE('',(#667),#730,.T.);
#667 = FACE_BOUND('',#668,.T.);
#668 = EDGE_LOOP('',(#669,#679,#686,#687,#688,#689,#698,#706,#715,#723)
  );
#669 = ORIENTED_EDGE('',*,*,#670,.F.);
#670 = EDGE_CURVE('',#671,#673,#675,.T.);
#671 = VERTEX_POINT('',#672);
#672 = CARTESIAN_POINT('',(1.255,0.8,0.));
#673 = VERTEX_POINT('',#674);
#674 = CARTESIAN_POINT('',(1.545,0.8,0.));
#675 = LINE('',#676,#677);
#676 = CARTESIAN_POINT('',(1.2,0.8,0.));
#677 = VECTOR('',#678,1.);
#678 = DIRECTION('',(1.,0.,0.));
#679 = ORIENTED_EDGE('',*,*,#680,.F.);
#680 = EDGE_CURVE('',#508,#671,#681,.T.);
#681 = CIRCLE('',#682,5.5E-02);
#682 = AXIS2_PLACEMENT_3D('',#683,#684,#685);
#683 = CARTESIAN_POINT('',(1.255,0.8,5.5E-02));
#684 = DIRECTION('',(0.,-1.,0.));
#685 = DIRECTION('',(0.,0.,1.));
#686 = ORIENTED_EDGE('',*,*,#507,.T.);
#687 = ORIENTED_EDGE('',*,*,#499,.T.);
#688 = ORIENTED_EDGE('',*,*,#491,.F.);
#689 = ORIENTED_EDGE('',*,*,#690,.T.);
#690 = EDGE_CURVE('',#484,#691,#693,.T.);
#691 = VERTEX_POINT('',#692);
#692 = CARTESIAN_POINT('',(1.255,0.8,0.55));
#693 = CIRCLE('',#694,5.5E-02);
#694 = AXIS2_PLACEMENT_3D('',#695,#696,#697);
#695 = CARTESIAN_POINT('',(1.255,0.8,0.495));
#696 = DIRECTION('',(0.,1.,0.));
#697 = DIRECTION('',(0.,-0.,1.));
#698 = ORIENTED_EDGE('',*,*,#699,.T.);
#699 = EDGE_CURVE('',#691,#700,#702,.T.);
#700 = VERTEX_POINT('',#701);
#701 = CARTESIAN_POINT('',(1.545,0.8,0.55));
#702 = LINE('',#703,#704);
#703 = CARTESIAN_POINT('',(1.2,0.8,0.55));
#704 = VECTOR('',#705,1.);
#705 = DIRECTION('',(1.,0.,0.));
#706 = ORIENTED_EDGE('',*,*,#707,.F.);
#707 = EDGE_CURVE('',#708,#700,#710,.T.);
#708 = VERTEX_POINT('',#709);
#709 = CARTESIAN_POINT('',(1.6,0.8,0.495));
#710 = CIRCLE('',#711,5.5E-02);
#711 = AXIS2_PLACEMENT_3D('',#712,#713,#714);
#712 = CARTESIAN_POINT('',(1.545,0.8,0.495));
#713 = DIRECTION('',(0.,-1.,0.));
#714 = DIRECTION('',(0.,0.,1.));
#715 = ORIENTED_EDGE('',*,*,#716,.F.);
#716 = EDGE_CURVE('',#717,#708,#719,.T.);
#717 = VERTEX_POINT('',#718);
#718 = CARTESIAN_POINT('',(1.6,0.8,5.5E-02));
#719 = LINE('',#720,#721);
#720 = CARTESIAN_POINT('',(1.6,0.8,0.));
#721 = VECTOR('',#722,1.);
#722 = DIRECTION('',(0.,0.,1.));
#723 = ORIENTED_EDGE('',*,*,#724,.T.);
#724 = EDGE_CURVE('',#717,#673,#725,.T.);
#725 = CIRCLE('',#726,5.5E-02);
#726 = AXIS2_PLACEMENT_3D('',#727,#728,#729);
#727 = CARTESIAN_POINT('',(1.545,0.8,5.5E-02));
#728 = DIRECTION('',(0.,1.,0.));
#729 = DIRECTION('',(0.,-0.,1.));
#730 = PLANE('',#731);
#731 = AXIS2_PLACEMENT_3D('',#732,#733,#734);
#732 = CARTESIAN_POINT('',(1.2,0.8,0.));
#733 = DIRECTION('',(0.,1.,0.));
#734 = DIRECTION('',(0.,-0.,1.));
#735 = ADVANCED_FACE('',(#736),#754,.T.);
#736 = FACE_BOUND('',#737,.T.);
#737 = EDGE_LOOP('',(#738,#739,#740,#748));
#738 = ORIENTED_EDGE('',*,*,#483,.F.);
#739 = ORIENTED_EDGE('',*,*,#648,.T.);
#740 = ORIENTED_EDGE('',*,*,#741,.T.);
#741 = EDGE_CURVE('',#649,#742,#744,.T.);
#742 = VERTEX_POINT('',#743);
#743 = CARTESIAN_POINT('',(1.2,0.8,0.55));
#744 = LINE('',#745,#746);
#745 = CARTESIAN_POINT('',(-1.2,0.8,0.55));
#746 = VECTOR('',#747,1.);
#747 = DIRECTION('',(1.,0.,0.));
#748 = ORIENTED_EDGE('',*,*,#749,.F.);
#749 = EDGE_CURVE('',#484,#742,#750,.T.);
#750 = LINE('',#751,#752);
#751 = CARTESIAN_POINT('',(1.2,0.8,0.495));
#752 = VECTOR('',#753,1.);
#753 = DIRECTION('',(0.,0.,1.));
#754 = PLANE('',#755);
#755 = AXIS2_PLACEMENT_3D('',#756,#757,#758);
#756 = CARTESIAN_POINT('',(-1.2,0.8,0.495));
#757 = DIRECTION('',(0.,1.,0.));
#758 = DIRECTION('',(0.,-0.,1.));
#759 = ADVANCED_FACE('',(#760),#771,.T.);
#760 = FACE_BOUND('',#761,.T.);
#761 = EDGE_LOOP('',(#762,#763,#764,#770));
#762 = ORIENTED_EDGE('',*,*,#531,.T.);
#763 = ORIENTED_EDGE('',*,*,#680,.T.);
#764 = ORIENTED_EDGE('',*,*,#765,.F.);
#765 = EDGE_CURVE('',#547,#671,#766,.T.);
#766 = LINE('',#767,#768);
#767 = CARTESIAN_POINT('',(1.255,-0.8,0.));
#768 = VECTOR('',#769,1.);
#769 = DIRECTION('',(0.,1.,0.));
#770 = ORIENTED_EDGE('',*,*,#556,.F.);
#771 = CYLINDRICAL_SURFACE('',#772,5.5E-02);
#772 = AXIS2_PLACEMENT_3D('',#773,#774,#775);
#773 = CARTESIAN_POINT('',(1.255,-0.8,5.5E-02));
#774 = DIRECTION('',(0.,1.,0.));
#775 = DIRECTION('',(-1.,0.,0.));
#776 = ADVANCED_FACE('',(#777),#788,.F.);
#777 = FACE_BOUND('',#778,.F.);
#778 = EDGE_LOOP('',(#779,#780,#781,#782));
#779 = ORIENTED_EDGE('',*,*,#670,.F.);
#780 = ORIENTED_EDGE('',*,*,#765,.F.);
#781 = ORIENTED_EDGE('',*,*,#546,.T.);
#782 = ORIENTED_EDGE('',*,*,#783,.T.);
#783 = EDGE_CURVE('',#549,#673,#784,.T.);
#784 = LINE('',#785,#786);
#785 = CARTESIAN_POINT('',(1.545,-0.8,0.));
#786 = VECTOR('',#787,1.);
#787 = DIRECTION('',(0.,1.,0.));
#788 = PLANE('',#789);
#789 = AXIS2_PLACEMENT_3D('',#790,#791,#792);
#790 = CARTESIAN_POINT('',(1.2,-0.8,0.));
#791 = DIRECTION('',(0.,0.,1.));
#792 = DIRECTION('',(1.,0.,-0.));
#793 = ADVANCED_FACE('',(#794),#805,.T.);
#794 = FACE_BOUND('',#795,.T.);
#795 = EDGE_LOOP('',(#796,#797,#798,#799));
#796 = ORIENTED_EDGE('',*,*,#600,.T.);
#797 = ORIENTED_EDGE('',*,*,#783,.T.);
#798 = ORIENTED_EDGE('',*,*,#724,.F.);
#799 = ORIENTED_EDGE('',*,*,#800,.F.);
#800 = EDGE_CURVE('',#593,#717,#801,.T.);
#801 = LINE('',#802,#803);
#802 = CARTESIAN_POINT('',(1.6,-0.8,5.5E-02));
#803 = VECTOR('',#804,1.);
#804 = DIRECTION('',(0.,1.,0.));
#805 = CYLINDRICAL_SURFACE('',#806,5.5E-02);
#806 = AXIS2_PLACEMENT_3D('',#807,#808,#809);
#807 = CARTESIAN_POINT('',(1.545,-0.8,5.5E-02));
#808 = DIRECTION('',(0.,1.,0.));
#809 = DIRECTION('',(1.,0.,0.));
#810 = ADVANCED_FACE('',(#811),#822,.T.);
#811 = FACE_BOUND('',#812,.T.);
#812 = EDGE_LOOP('',(#813,#814,#815,#816));
#813 = ORIENTED_EDGE('',*,*,#592,.F.);
#814 = ORIENTED_EDGE('',*,*,#800,.T.);
#815 = ORIENTED_EDGE('',*,*,#716,.T.);
#816 = ORIENTED_EDGE('',*,*,#817,.F.);
#817 = EDGE_CURVE('',#584,#708,#818,.T.);
#818 = LINE('',#819,#820);
#819 = CARTESIAN_POINT('',(1.6,-0.8,0.495));
#820 = VECTOR('',#821,1.);
#821 = DIRECTION('',(0.,1.,0.));
#822 = PLANE('',#823);
#823 = AXIS2_PLACEMENT_3D('',#824,#825,#826);
#824 = CARTESIAN_POINT('',(1.6,-0.8,0.));
#825 = DIRECTION('',(1.,0.,0.));
#826 = DIRECTION('',(0.,0.,1.));
#827 = ADVANCED_FACE('',(#828),#839,.T.);
#828 = FACE_BOUND('',#829,.T.);
#829 = EDGE_LOOP('',(#830,#831,#832,#838));
#830 = ORIENTED_EDGE('',*,*,#817,.T.);
#831 = ORIENTED_EDGE('',*,*,#707,.T.);
#832 = ORIENTED_EDGE('',*,*,#833,.F.);
#833 = EDGE_CURVE('',#576,#700,#834,.T.);
#834 = LINE('',#835,#836);
#835 = CARTESIAN_POINT('',(1.545,-0.8,0.55));
#836 = VECTOR('',#837,1.);
#837 = DIRECTION('',(0.,1.,0.));
#838 = ORIENTED_EDGE('',*,*,#583,.F.);
#839 = CYLINDRICAL_SURFACE('',#840,5.5E-02);
#840 = AXIS2_PLACEMENT_3D('',#841,#842,#843);
#841 = CARTESIAN_POINT('',(1.545,-0.8,0.495));
#842 = DIRECTION('',(0.,1.,0.));
#843 = DIRECTION('',(1.,0.,0.));
#844 = ADVANCED_FACE('',(#845),#856,.T.);
#845 = FACE_BOUND('',#846,.T.);
#846 = EDGE_LOOP('',(#847,#848,#854,#855));
#847 = ORIENTED_EDGE('',*,*,#699,.F.);
#848 = ORIENTED_EDGE('',*,*,#849,.F.);
#849 = EDGE_CURVE('',#567,#691,#850,.T.);
#850 = LINE('',#851,#852);
#851 = CARTESIAN_POINT('',(1.255,-0.8,0.55));
#852 = VECTOR('',#853,1.);
#853 = DIRECTION('',(0.,1.,0.));
#854 = ORIENTED_EDGE('',*,*,#575,.T.);
#855 = ORIENTED_EDGE('',*,*,#833,.T.);
#856 = PLANE('',#857);
#857 = AXIS2_PLACEMENT_3D('',#858,#859,#860);
#858 = CARTESIAN_POINT('',(1.2,-0.8,0.55));
#859 = DIRECTION('',(0.,0.,1.));
#860 = DIRECTION('',(1.,0.,-0.));
#861 = ADVANCED_FACE('',(#862),#873,.T.);
#862 = FACE_BOUND('',#863,.T.);
#863 = EDGE_LOOP('',(#864,#865,#866,#867));
#864 = ORIENTED_EDGE('',*,*,#566,.T.);
#865 = ORIENTED_EDGE('',*,*,#849,.T.);
#866 = ORIENTED_EDGE('',*,*,#690,.F.);
#867 = ORIENTED_EDGE('',*,*,#868,.F.);
#868 = EDGE_CURVE('',#401,#484,#869,.T.);
#869 = LINE('',#870,#871);
#870 = CARTESIAN_POINT('',(1.2,-0.8,0.495));
#871 = VECTOR('',#872,1.);
#872 = DIRECTION('',(0.,1.,0.));
#873 = CYLINDRICAL_SURFACE('',#874,5.5E-02);
#874 = AXIS2_PLACEMENT_3D('',#875,#876,#877);
#875 = CARTESIAN_POINT('',(1.255,-0.8,0.495));
#876 = DIRECTION('',(0.,1.,0.));
#877 = DIRECTION('',(-1.,0.,0.));
#878 = ADVANCED_FACE('',(#879),#890,.T.);
#879 = FACE_BOUND('',#880,.T.);
#880 = EDGE_LOOP('',(#881,#882,#883,#884));
#881 = ORIENTED_EDGE('',*,*,#632,.F.);
#882 = ORIENTED_EDGE('',*,*,#868,.T.);
#883 = ORIENTED_EDGE('',*,*,#749,.T.);
#884 = ORIENTED_EDGE('',*,*,#885,.F.);
#885 = EDGE_CURVE('',#625,#742,#886,.T.);
#886 = LINE('',#887,#888);
#887 = CARTESIAN_POINT('',(1.2,-0.8,0.55));
#888 = VECTOR('',#889,1.);
#889 = DIRECTION('',(0.,1.,0.));
#890 = PLANE('',#891);
#891 = AXIS2_PLACEMENT_3D('',#892,#893,#894);
#892 = CARTESIAN_POINT('',(1.2,-0.8,0.495));
#893 = DIRECTION('',(1.,0.,0.));
#894 = DIRECTION('',(0.,0.,1.));
#895 = ADVANCED_FACE('',(#896),#902,.T.);
#896 = FACE_BOUND('',#897,.T.);
#897 = EDGE_LOOP('',(#898,#899,#900,#901));
#898 = ORIENTED_EDGE('',*,*,#656,.F.);
#899 = ORIENTED_EDGE('',*,*,#624,.T.);
#900 = ORIENTED_EDGE('',*,*,#885,.T.);
#901 = ORIENTED_EDGE('',*,*,#741,.F.);
#902 = PLANE('',#903);
#903 = AXIS2_PLACEMENT_3D('',#904,#905,#906);
#904 = CARTESIAN_POINT('',(-1.2,-0.8,0.55));
#905 = DIRECTION('',(0.,0.,1.));
#906 = DIRECTION('',(1.,0.,-0.));
#907 = ( GEOMETRIC_REPRESENTATION_CONTEXT(3) 
GLOBAL_UNCERTAINTY_ASSIGNED_CONTEXT((#911)) GLOBAL_UNIT_ASSIGNED_CONTEXT
((#908,#909,#910)) REPRESENTATION_CONTEXT('Context #1',
  '3D Context with UNIT and UNCERTAINTY') );
#908 = ( LENGTH_UNIT() NAMED_UNIT(*) SI_UNIT(.MILLI.,.METRE.) );
#909 = ( NAMED_UNIT(*) PLANE_ANGLE_UNIT() SI_UNIT($,.RADIAN.) );
#910 = ( NAMED_UNIT(*) SI_UNIT($,.STERADIAN.) SOLID_ANGLE_UNIT() );
#911 = UNCERTAINTY_MEASURE_WITH_UNIT(LENGTH_MEASURE(1.E-07),#908,
  'distance_accuracy_value','confusion accuracy');
#912 = CONTEXT_DEPENDENT_SHAPE_REPRESENTATION(#913,#915);
#913 = ( REPRESENTATION_RELATIONSHIP('','',#116,#10) 
REPRESENTATION_RELATIONSHIP_WITH_TRANSFORMATION(#914) 
SHAPE_REPRESENTATION_RELATIONSHIP() );
#914 = ITEM_DEFINED_TRANSFORMATION('','',#11,#15);
#915 = PRODUCT_DEFINITION_SHAPE('Placement','Placement of an item',#916
  );
#916 = NEXT_ASSEMBLY_USAGE_OCCURRENCE('1','220_R1','',#5,#111,$);
#917 = PRODUCT_RELATED_PRODUCT_CATEGORY('part',$,(#113));
#918 = CONTEXT_DEPENDENT_SHAPE_REPRESENTATION(#919,#921);
#919 = ( REPRESENTATION_RELATIONSHIP('','',#116,#10) 
REPRESENTATION_RELATIONSHIP_WITH_TRANSFORMATION(#920) 
SHAPE_REPRESENTATION_RELATIONSHIP() );
#920 = ITEM_DEFINED_TRANSFORMATION('','',#11,#19);
#921 = PRODUCT_DEFINITION_SHAPE('Placement','Placement of an item',#922
  );
#922 = NEXT_ASSEMBLY_USAGE_OCCURRENCE('2','220_R3','',#5,#111,$);
#923 = SHAPE_DEFINITION_REPRESENTATION(#924,#930);
#924 = PRODUCT_DEFINITION_SHAPE('','',#925);
#925 = PRODUCT_DEFINITION('design','',#926,#929);
#926 = PRODUCT_DEFINITION_FORMATION('','',#927);
#927 = PRODUCT('B3B-PH-K-S','B3B-PH-K-S','',(#928));
#928 = PRODUCT_CONTEXT('',#2,'mechanical');
#929 = PRODUCT_DEFINITION_CONTEXT('part definition',#2,'design');
#930 = SHAPE_REPRESENTATION('',(#11,#931,#935,#939,#943),#947);
#931 = AXIS2_PLACEMENT_3D('',#932,#933,#934);
#932 = CARTESIAN_POINT('',(0.,0.,0.));
#933 = DIRECTION('',(0.,0.,1.));
#934 = DIRECTION('',(1.,0.,0.));
#935 = AXIS2_PLACEMENT_3D('',#936,#937,#938);
#936 = CARTESIAN_POINT('',(7.,0.,0.));
#937 = DIRECTION('',(0.,0.,1.));
#938 = DIRECTION('',(1.,0.,0.));
#939 = AXIS2_PLACEMENT_3D('',#940,#941,#942);
#940 = CARTESIAN_POINT('',(3.,0.,0.));
#941 = DIRECTION('',(0.,0.,1.));
#942 = DIRECTION('',(1.,0.,0.));
#943 = AXIS2_PLACEMENT_3D('',#944,#945,#946);
#944 = CARTESIAN_POINT('',(-5.,-2.168404344971E-16,1.1));
#945 = DIRECTION('',(-6.982962677686E-15,0.,-1.));
#946 = DIRECTION('',(-1.,0.,6.982962677686E-15));
#947 = ( GEOMETRIC_REPRESENTATION_CONTEXT(3) 
GLOBAL_UNCERTAINTY_ASSIGNED_CONTEXT((#951)) GLOBAL_UNIT_ASSIGNED_CONTEXT
((#948,#949,#950)) REPRESENTATION_CONTEXT('Context #1',
  '3D Context with UNIT and UNCERTAINTY') );
#948 = ( LENGTH_UNIT() NAMED_UNIT(*) SI_UNIT(.MILLI.,.METRE.) );
#949 = ( NAMED_UNIT(*) PLANE_ANGLE_UNIT() SI_UNIT($,.RADIAN.) );
#950 = ( NAMED_UNIT(*) SI_UNIT($,.STERADIAN.) SOLID_ANGLE_UNIT() );
#951 = UNCERTAINTY_MEASURE_WITH_UNIT(LENGTH_MEASURE(1.E-07),#948,
  'distance_accuracy_value','confusion accuracy');
#952 = CONTEXT_DEPENDENT_SHAPE_REPRESENTATION(#953,#955);
#953 = ( REPRESENTATION_RELATIONSHIP('','',#930,#10) 
REPRESENTATION_RELATIONSHIP_WITH_TRANSFORMATION(#954) 
SHAPE_REPRESENTATION_RELATIONSHIP() );
#954 = ITEM_DEFINED_TRANSFORMATION('','',#11,#23);
#955 = PRODUCT_DEFINITION_SHAPE('Placement','Placement of an item',#956
  );
#956 = NEXT_ASSEMBLY_USAGE_OCCURRENCE('7','L_90_IR_1','',#5,#925,$);
#957 = PRODUCT_RELATED_PRODUCT_CATEGORY('part',$,(#927));
#958 = SHAPE_DEFINITION_REPRESENTATION(#959,#965);
#959 = PRODUCT_DEFINITION_SHAPE('','',#960);
#960 = PRODUCT_DEFINITION('design','',#961,#964);
#961 = PRODUCT_DEFINITION_FORMATION('','',#962);
#962 = PRODUCT('body_3','body_3','',(#963));
#963 = PRODUCT_CONTEXT('',#2,'mechanical');
#964 = PRODUCT_DEFINITION_CONTEXT('part definition',#2,'design');
#965 = ADVANCED_BREP_SHAPE_REPRESENTATION('',(#11,#966),#3140);
#966 = MANIFOLD_SOLID_BREP('',#967);
#967 = CLOSED_SHELL('',(#968,#1008,#1050,#1081,#1111,#1176,#1216,#1247,
    #1278,#1300,#1339,#1475,#1508,#1533,#1663,#1691,#1715,#1762,#1786,
    #1803,#1834,#1858,#1882,#1899,#2002,#2033,#2064,#2095,#2119,#2149,
    #2173,#2197,#2229,#2253,#2338,#2390,#2421,#2445,#2469,#2486,#2508,
    #2525,#2548,#2560,#2600,#2640,#2671,#2701,#2726,#2764,#2788,#2812,
    #2836,#2853,#2876,#2901,#2918,#2974,#2991,#3003,#3015,#3036,#3059,
    #3072,#3094,#3111,#3128));
#968 = ADVANCED_FACE('',(#969),#1003,.F.);
#969 = FACE_BOUND('',#970,.T.);
#970 = EDGE_LOOP('',(#971,#981,#989,#997));
#971 = ORIENTED_EDGE('',*,*,#972,.T.);
#972 = EDGE_CURVE('',#973,#975,#977,.T.);
#973 = VERTEX_POINT('',#974);
#974 = CARTESIAN_POINT('',(-3.3,5.75,1.65));
#975 = VERTEX_POINT('',#976);
#976 = CARTESIAN_POINT('',(-3.55,6.,1.9));
#977 = LINE('',#978,#979);
#978 = CARTESIAN_POINT('',(-3.3,5.75,1.65));
#979 = VECTOR('',#980,1.);
#980 = DIRECTION('',(-0.57735026919,0.57735026919,0.57735026919));
#981 = ORIENTED_EDGE('',*,*,#982,.F.);
#982 = EDGE_CURVE('',#983,#975,#985,.T.);
#983 = VERTEX_POINT('',#984);
#984 = CARTESIAN_POINT('',(-1.225,6.,1.9));
#985 = LINE('',#986,#987);
#986 = CARTESIAN_POINT('',(1.95,6.,1.9));
#987 = VECTOR('',#988,1.);
#988 = DIRECTION('',(-1.,-4.476652557876E-32,1.41417674672E-16));
#989 = ORIENTED_EDGE('',*,*,#990,.F.);
#990 = EDGE_CURVE('',#991,#983,#993,.T.);
#991 = VERTEX_POINT('',#992);
#992 = CARTESIAN_POINT('',(-1.225,5.75,1.65));
#993 = LINE('',#994,#995);
#994 = CARTESIAN_POINT('',(-1.225,5.75,1.65));
#995 = VECTOR('',#996,1.);
#996 = DIRECTION('',(0.,0.707106781187,0.707106781187));
#997 = ORIENTED_EDGE('',*,*,#998,.F.);
#998 = EDGE_CURVE('',#973,#991,#999,.T.);
#999 = LINE('',#1000,#1001);
#1000 = CARTESIAN_POINT('',(-3.3,5.75,1.65));
#1001 = VECTOR('',#1002,1.);
#1002 = DIRECTION('',(1.,4.476652557876E-32,-1.41417674672E-16));
#1003 = PLANE('',#1004);
#1004 = AXIS2_PLACEMENT_3D('',#1005,#1006,#1007);
#1005 = CARTESIAN_POINT('',(-3.3,5.75,1.65));
#1006 = DIRECTION('',(9.999739674022E-17,-0.707106781187,0.707106781187)
  );
#1007 = DIRECTION('',(-1.,-1.41417674672E-16,0.));
#1008 = ADVANCED_FACE('',(#1009),#1045,.F.);
#1009 = FACE_BOUND('',#1010,.F.);
#1010 = EDGE_LOOP('',(#1011,#1022,#1030,#1039));
#1011 = ORIENTED_EDGE('',*,*,#1012,.F.);
#1012 = EDGE_CURVE('',#1013,#1015,#1017,.T.);
#1013 = VERTEX_POINT('',#1014);
#1014 = CARTESIAN_POINT('',(-3.95,4.5,-0.12));
#1015 = VERTEX_POINT('',#1016);
#1016 = CARTESIAN_POINT('',(-3.95,4.5,0.88));
#1017 = CIRCLE('',#1018,0.5);
#1018 = AXIS2_PLACEMENT_3D('',#1019,#1020,#1021);
#1019 = CARTESIAN_POINT('',(-3.95,4.5,0.38));
#1020 = DIRECTION('',(-1.,0.,0.));
#1021 = DIRECTION('',(0.,0.,-1.));
#1022 = ORIENTED_EDGE('',*,*,#1023,.F.);
#1023 = EDGE_CURVE('',#1024,#1013,#1026,.T.);
#1024 = VERTEX_POINT('',#1025);
#1025 = CARTESIAN_POINT('',(-3.3,4.5,-0.12));
#1026 = LINE('',#1027,#1028);
#1027 = CARTESIAN_POINT('',(1.95,4.5,-0.12));
#1028 = VECTOR('',#1029,1.);
#1029 = DIRECTION('',(-1.,0.,0.));
#1030 = ORIENTED_EDGE('',*,*,#1031,.F.);
#1031 = EDGE_CURVE('',#1032,#1024,#1034,.T.);
#1032 = VERTEX_POINT('',#1033);
#1033 = CARTESIAN_POINT('',(-3.3,4.5,0.88));
#1034 = CIRCLE('',#1035,0.5);
#1035 = AXIS2_PLACEMENT_3D('',#1036,#1037,#1038);
#1036 = CARTESIAN_POINT('',(-3.3,4.5,0.38));
#1037 = DIRECTION('',(1.,2.522858432348E-32,0.));
#1038 = DIRECTION('',(0.,-0.,1.));
#1039 = ORIENTED_EDGE('',*,*,#1040,.T.);
#1040 = EDGE_CURVE('',#1032,#1015,#1041,.T.);
#1041 = LINE('',#1042,#1043);
#1042 = CARTESIAN_POINT('',(1.95,4.5,0.88));
#1043 = VECTOR('',#1044,1.);
#1044 = DIRECTION('',(-1.,0.,0.));
#1045 = CYLINDRICAL_SURFACE('',#1046,0.5);
#1046 = AXIS2_PLACEMENT_3D('',#1047,#1048,#1049);
#1047 = CARTESIAN_POINT('',(1.95,4.5,0.38));
#1048 = DIRECTION('',(-1.,0.,0.));
#1049 = DIRECTION('',(0.,0.,1.));
#1050 = ADVANCED_FACE('',(#1051),#1076,.F.);
#1051 = FACE_BOUND('',#1052,.T.);
#1052 = EDGE_LOOP('',(#1053,#1063,#1069,#1070));
#1053 = ORIENTED_EDGE('',*,*,#1054,.F.);
#1054 = EDGE_CURVE('',#1055,#1057,#1059,.T.);
#1055 = VERTEX_POINT('',#1056);
#1056 = CARTESIAN_POINT('',(-3.55,6.,0.88));
#1057 = VERTEX_POINT('',#1058);
#1058 = CARTESIAN_POINT('',(-3.3,5.75,0.88));
#1059 = LINE('',#1060,#1061);
#1060 = CARTESIAN_POINT('',(-3.55,6.,0.88));
#1061 = VECTOR('',#1062,1.);
#1062 = DIRECTION('',(0.707106781187,-0.707106781187,0.));
#1063 = ORIENTED_EDGE('',*,*,#1064,.F.);
#1064 = EDGE_CURVE('',#975,#1055,#1065,.T.);
#1065 = LINE('',#1066,#1067);
#1066 = CARTESIAN_POINT('',(-3.55,6.,0.88));
#1067 = VECTOR('',#1068,1.);
#1068 = DIRECTION('',(-1.239088197126E-16,3.165553788279E-16,-1.));
#1069 = ORIENTED_EDGE('',*,*,#972,.F.);
#1070 = ORIENTED_EDGE('',*,*,#1071,.F.);
#1071 = EDGE_CURVE('',#1057,#973,#1072,.T.);
#1072 = LINE('',#1073,#1074);
#1073 = CARTESIAN_POINT('',(-3.3,5.75,-1.85));
#1074 = VECTOR('',#1075,1.);
#1075 = DIRECTION('',(1.239088197126E-16,-3.165553788279E-16,1.));
#1076 = PLANE('',#1077);
#1077 = AXIS2_PLACEMENT_3D('',#1078,#1079,#1080);
#1078 = CARTESIAN_POINT('',(-3.55,6.,0.88));
#1079 = DIRECTION('',(-0.707106781187,-0.707106781187,
    -1.362216883227E-16));
#1080 = DIRECTION('',(-0.707106781187,0.707106781187,0.));
#1081 = ADVANCED_FACE('',(#1082),#1106,.F.);
#1082 = FACE_BOUND('',#1083,.T.);
#1083 = EDGE_LOOP('',(#1084,#1092,#1093,#1099,#1100));
#1084 = ORIENTED_EDGE('',*,*,#1085,.F.);
#1085 = EDGE_CURVE('',#1055,#1086,#1088,.T.);
#1086 = VERTEX_POINT('',#1087);
#1087 = CARTESIAN_POINT('',(-3.95,6.,0.88));
#1088 = LINE('',#1089,#1090);
#1089 = CARTESIAN_POINT('',(1.95,6.,0.88));
#1090 = VECTOR('',#1091,1.);
#1091 = DIRECTION('',(-1.,0.,0.));
#1092 = ORIENTED_EDGE('',*,*,#1054,.T.);
#1093 = ORIENTED_EDGE('',*,*,#1094,.T.);
#1094 = EDGE_CURVE('',#1057,#1032,#1095,.T.);
#1095 = LINE('',#1096,#1097);
#1096 = CARTESIAN_POINT('',(-3.3,6.,0.88));
#1097 = VECTOR('',#1098,1.);
#1098 = DIRECTION('',(2.522858432348E-32,-1.,0.));
#1099 = ORIENTED_EDGE('',*,*,#1040,.T.);
#1100 = ORIENTED_EDGE('',*,*,#1101,.T.);
#1101 = EDGE_CURVE('',#1015,#1086,#1102,.T.);
#1102 = LINE('',#1103,#1104);
#1103 = CARTESIAN_POINT('',(-3.95,6.,0.88));
#1104 = VECTOR('',#1105,1.);
#1105 = DIRECTION('',(0.,1.,0.));
#1106 = PLANE('',#1107);
#1107 = AXIS2_PLACEMENT_3D('',#1108,#1109,#1110);
#1108 = CARTESIAN_POINT('',(1.95,6.,0.88));
#1109 = DIRECTION('',(0.,0.,1.));
#1110 = DIRECTION('',(1.,0.,-0.));
#1111 = ADVANCED_FACE('',(#1112,#1146),#1171,.F.);
#1112 = FACE_BOUND('',#1113,.T.);
#1113 = EDGE_LOOP('',(#1114,#1124,#1132,#1140));
#1114 = ORIENTED_EDGE('',*,*,#1115,.F.);
#1115 = EDGE_CURVE('',#1116,#1118,#1120,.T.);
#1116 = VERTEX_POINT('',#1117);
#1117 = CARTESIAN_POINT('',(-3.2,4.25,1.65));
#1118 = VERTEX_POINT('',#1119);
#1119 = CARTESIAN_POINT('',(-2.25,4.25,1.65));
#1120 = LINE('',#1121,#1122);
#1121 = CARTESIAN_POINT('',(-3.2,4.25,1.65));
#1122 = VECTOR('',#1123,1.);
#1123 = DIRECTION('',(1.,0.,-1.41417674672E-16));
#1124 = ORIENTED_EDGE('',*,*,#1125,.F.);
#1125 = EDGE_CURVE('',#1126,#1116,#1128,.T.);
#1126 = VERTEX_POINT('',#1127);
#1127 = CARTESIAN_POINT('',(-3.2,2.25,1.65));
#1128 = LINE('',#1129,#1130);
#1129 = CARTESIAN_POINT('',(-3.2,4.25,1.65));
#1130 = VECTOR('',#1131,1.);
#1131 = DIRECTION('',(-4.336808689942E-16,1.,2.036060417813E-16));
#1132 = ORIENTED_EDGE('',*,*,#1133,.F.);
#1133 = EDGE_CURVE('',#1134,#1126,#1136,.T.);
#1134 = VERTEX_POINT('',#1135);
#1135 = CARTESIAN_POINT('',(-2.25,2.25,1.65));
#1136 = LINE('',#1137,#1138);
#1137 = CARTESIAN_POINT('',(-3.2,2.25,1.65));
#1138 = VECTOR('',#1139,1.);
#1139 = DIRECTION('',(-1.,0.,1.41417674672E-16));
#1140 = ORIENTED_EDGE('',*,*,#1141,.F.);
#1141 = EDGE_CURVE('',#1118,#1134,#1142,.T.);
#1142 = LINE('',#1143,#1144);
#1143 = CARTESIAN_POINT('',(-2.25,4.25,1.65));
#1144 = VECTOR('',#1145,1.);
#1145 = DIRECTION('',(1.084202172486E-16,-1.,-2.036060417813E-16));
#1146 = FACE_BOUND('',#1147,.T.);
#1147 = EDGE_LOOP('',(#1148,#1156,#1157,#1165));
#1148 = ORIENTED_EDGE('',*,*,#1149,.T.);
#1149 = EDGE_CURVE('',#1150,#973,#1152,.T.);
#1150 = VERTEX_POINT('',#1151);
#1151 = CARTESIAN_POINT('',(-3.3,1.75,1.65));
#1152 = LINE('',#1153,#1154);
#1153 = CARTESIAN_POINT('',(-3.3,1.75,1.65));
#1154 = VECTOR('',#1155,1.);
#1155 = DIRECTION('',(0.,1.,2.036060417813E-16));
#1156 = ORIENTED_EDGE('',*,*,#998,.T.);
#1157 = ORIENTED_EDGE('',*,*,#1158,.F.);
#1158 = EDGE_CURVE('',#1159,#991,#1161,.T.);
#1159 = VERTEX_POINT('',#1160);
#1160 = CARTESIAN_POINT('',(-1.225,1.75,1.65));
#1161 = LINE('',#1162,#1163);
#1162 = CARTESIAN_POINT('',(-1.225,1.75,1.65));
#1163 = VECTOR('',#1164,1.);
#1164 = DIRECTION('',(0.,1.,2.036060417813E-16));
#1165 = ORIENTED_EDGE('',*,*,#1166,.F.);
#1166 = EDGE_CURVE('',#1150,#1159,#1167,.T.);
#1167 = LINE('',#1168,#1169);
#1168 = CARTESIAN_POINT('',(-3.3,1.75,1.65));
#1169 = VECTOR('',#1170,1.);
#1170 = DIRECTION('',(1.,0.,-1.41417674672E-16));
#1171 = PLANE('',#1172);
#1172 = AXIS2_PLACEMENT_3D('',#1173,#1174,#1175);
#1173 = CARTESIAN_POINT('',(-3.3,1.75,1.65));
#1174 = DIRECTION('',(1.41417674672E-16,-2.036060417813E-16,1.));
#1175 = DIRECTION('',(0.,-1.,-2.036060417813E-16));
#1176 = ADVANCED_FACE('',(#1177),#1211,.F.);
#1177 = FACE_BOUND('',#1178,.T.);
#1178 = EDGE_LOOP('',(#1179,#1189,#1197,#1205));
#1179 = ORIENTED_EDGE('',*,*,#1180,.T.);
#1180 = EDGE_CURVE('',#1181,#1183,#1185,.T.);
#1181 = VERTEX_POINT('',#1182);
#1182 = CARTESIAN_POINT('',(-1.75,1.75,0.3));
#1183 = VERTEX_POINT('',#1184);
#1184 = CARTESIAN_POINT('',(-2.25,1.75,0.3));
#1185 = LINE('',#1186,#1187);
#1186 = CARTESIAN_POINT('',(-1.,1.75,0.3));
#1187 = VECTOR('',#1188,1.);
#1188 = DIRECTION('',(-1.,-1.869109029879E-32,2.168404344971E-16));
#1189 = ORIENTED_EDGE('',*,*,#1190,.T.);
#1190 = EDGE_CURVE('',#1183,#1191,#1193,.T.);
#1191 = VERTEX_POINT('',#1192);
#1192 = CARTESIAN_POINT('',(-2.25,0.2,0.3));
#1193 = LINE('',#1194,#1195);
#1194 = CARTESIAN_POINT('',(-2.25,6.,0.3));
#1195 = VECTOR('',#1196,1.);
#1196 = DIRECTION('',(0.,-1.,0.));
#1197 = ORIENTED_EDGE('',*,*,#1198,.F.);
#1198 = EDGE_CURVE('',#1199,#1191,#1201,.T.);
#1199 = VERTEX_POINT('',#1200);
#1200 = CARTESIAN_POINT('',(-1.75,0.2,0.3));
#1201 = LINE('',#1202,#1203);
#1202 = CARTESIAN_POINT('',(-1.2,0.2,0.3));
#1203 = VECTOR('',#1204,1.);
#1204 = DIRECTION('',(-1.,2.710505431214E-16,2.168404344971E-16));
#1205 = ORIENTED_EDGE('',*,*,#1206,.F.);
#1206 = EDGE_CURVE('',#1181,#1199,#1207,.T.);
#1207 = LINE('',#1208,#1209);
#1208 = CARTESIAN_POINT('',(-1.75,6.,0.3));
#1209 = VECTOR('',#1210,1.);
#1210 = DIRECTION('',(0.,-1.,0.));
#1211 = PLANE('',#1212);
#1212 = AXIS2_PLACEMENT_3D('',#1213,#1214,#1215);
#1213 = CARTESIAN_POINT('',(-2.25,6.,0.3));
#1214 = DIRECTION('',(-2.168404344971E-16,0.,-1.));
#1215 = DIRECTION('',(-1.,0.,2.168404344971E-16));
#1216 = ADVANCED_FACE('',(#1217),#1242,.F.);
#1217 = FACE_BOUND('',#1218,.T.);
#1218 = EDGE_LOOP('',(#1219,#1227,#1235,#1241));
#1219 = ORIENTED_EDGE('',*,*,#1220,.T.);
#1220 = EDGE_CURVE('',#1183,#1221,#1223,.T.);
#1221 = VERTEX_POINT('',#1222);
#1222 = CARTESIAN_POINT('',(-2.25,1.75,0.8));
#1223 = LINE('',#1224,#1225);
#1224 = CARTESIAN_POINT('',(-2.25,1.75,8.900492683583E-16));
#1225 = VECTOR('',#1226,1.);
#1226 = DIRECTION('',(0.,-2.478176394253E-16,1.));
#1227 = ORIENTED_EDGE('',*,*,#1228,.T.);
#1228 = EDGE_CURVE('',#1221,#1229,#1231,.T.);
#1229 = VERTEX_POINT('',#1230);
#1230 = CARTESIAN_POINT('',(-2.25,0.2,0.8));
#1231 = LINE('',#1232,#1233);
#1232 = CARTESIAN_POINT('',(-2.25,6.,0.8));
#1233 = VECTOR('',#1234,1.);
#1234 = DIRECTION('',(0.,-1.,0.));
#1235 = ORIENTED_EDGE('',*,*,#1236,.F.);
#1236 = EDGE_CURVE('',#1191,#1229,#1237,.T.);
#1237 = LINE('',#1238,#1239);
#1238 = CARTESIAN_POINT('',(-2.25,0.2,-2.25));
#1239 = VECTOR('',#1240,1.);
#1240 = DIRECTION('',(0.,0.,1.));
#1241 = ORIENTED_EDGE('',*,*,#1190,.F.);
#1242 = PLANE('',#1243);
#1243 = AXIS2_PLACEMENT_3D('',#1244,#1245,#1246);
#1244 = CARTESIAN_POINT('',(-2.25,6.,0.8));
#1245 = DIRECTION('',(-1.,0.,0.));
#1246 = DIRECTION('',(0.,0.,1.));
#1247 = ADVANCED_FACE('',(#1248),#1273,.F.);
#1248 = FACE_BOUND('',#1249,.T.);
#1249 = EDGE_LOOP('',(#1250,#1258,#1266,#1272));
#1250 = ORIENTED_EDGE('',*,*,#1251,.T.);
#1251 = EDGE_CURVE('',#1221,#1252,#1254,.T.);
#1252 = VERTEX_POINT('',#1253);
#1253 = CARTESIAN_POINT('',(-1.75,1.75,0.8));
#1254 = LINE('',#1255,#1256);
#1255 = CARTESIAN_POINT('',(-1.,1.75,0.8));
#1256 = VECTOR('',#1257,1.);
#1257 = DIRECTION('',(1.,-3.504579431023E-32,0.));
#1258 = ORIENTED_EDGE('',*,*,#1259,.T.);
#1259 = EDGE_CURVE('',#1252,#1260,#1262,.T.);
#1260 = VERTEX_POINT('',#1261);
#1261 = CARTESIAN_POINT('',(-1.75,0.2,0.8));
#1262 = LINE('',#1263,#1264);
#1263 = CARTESIAN_POINT('',(-1.75,6.,0.8));
#1264 = VECTOR('',#1265,1.);
#1265 = DIRECTION('',(0.,-1.,0.));
#1266 = ORIENTED_EDGE('',*,*,#1267,.F.);
#1267 = EDGE_CURVE('',#1229,#1260,#1268,.T.);
#1268 = LINE('',#1269,#1270);
#1269 = CARTESIAN_POINT('',(-1.2,0.2,0.8));
#1270 = VECTOR('',#1271,1.);
#1271 = DIRECTION('',(1.,-2.710505431214E-16,0.));
#1272 = ORIENTED_EDGE('',*,*,#1228,.F.);
#1273 = PLANE('',#1274);
#1274 = AXIS2_PLACEMENT_3D('',#1275,#1276,#1277);
#1275 = CARTESIAN_POINT('',(-2.25,6.,0.8));
#1276 = DIRECTION('',(0.,0.,1.));
#1277 = DIRECTION('',(1.,0.,-0.));
#1278 = ADVANCED_FACE('',(#1279),#1295,.F.);
#1279 = FACE_BOUND('',#1280,.T.);
#1280 = EDGE_LOOP('',(#1281,#1287,#1288,#1294));
#1281 = ORIENTED_EDGE('',*,*,#1282,.T.);
#1282 = EDGE_CURVE('',#1252,#1181,#1283,.T.);
#1283 = LINE('',#1284,#1285);
#1284 = CARTESIAN_POINT('',(-1.75,1.75,7.274189424855E-16));
#1285 = VECTOR('',#1286,1.);
#1286 = DIRECTION('',(2.168404344971E-16,2.478176394253E-16,-1.));
#1287 = ORIENTED_EDGE('',*,*,#1206,.T.);
#1288 = ORIENTED_EDGE('',*,*,#1289,.F.);
#1289 = EDGE_CURVE('',#1260,#1199,#1290,.T.);
#1290 = LINE('',#1291,#1292);
#1291 = CARTESIAN_POINT('',(-1.75,0.2,-2.25));
#1292 = VECTOR('',#1293,1.);
#1293 = DIRECTION('',(2.168404344971E-16,-5.877471754111E-32,-1.));
#1294 = ORIENTED_EDGE('',*,*,#1259,.F.);
#1295 = PLANE('',#1296);
#1296 = AXIS2_PLACEMENT_3D('',#1297,#1298,#1299);
#1297 = CARTESIAN_POINT('',(-1.75,6.,0.8));
#1298 = DIRECTION('',(1.,0.,2.168404344971E-16));
#1299 = DIRECTION('',(-2.168404344971E-16,0.,1.));
#1300 = ADVANCED_FACE('',(#1301),#1334,.F.);
#1301 = FACE_BOUND('',#1302,.T.);
#1302 = EDGE_LOOP('',(#1303,#1311,#1319,#1327,#1333));
#1303 = ORIENTED_EDGE('',*,*,#1304,.T.);
#1304 = EDGE_CURVE('',#1024,#1305,#1307,.T.);
#1305 = VERTEX_POINT('',#1306);
#1306 = CARTESIAN_POINT('',(-3.3,5.75,-0.12));
#1307 = LINE('',#1308,#1309);
#1308 = CARTESIAN_POINT('',(-3.3,4.5,-0.12));
#1309 = VECTOR('',#1310,1.);
#1310 = DIRECTION('',(-2.522858432348E-32,1.,0.));
#1311 = ORIENTED_EDGE('',*,*,#1312,.T.);
#1312 = EDGE_CURVE('',#1305,#1313,#1315,.T.);
#1313 = VERTEX_POINT('',#1314);
#1314 = CARTESIAN_POINT('',(-3.55,6.,-0.12));
#1315 = LINE('',#1316,#1317);
#1316 = CARTESIAN_POINT('',(-3.3,5.75,-0.12));
#1317 = VECTOR('',#1318,1.);
#1318 = DIRECTION('',(-0.707106781187,0.707106781187,0.));
#1319 = ORIENTED_EDGE('',*,*,#1320,.T.);
#1320 = EDGE_CURVE('',#1313,#1321,#1323,.T.);
#1321 = VERTEX_POINT('',#1322);
#1322 = CARTESIAN_POINT('',(-3.95,6.,-0.12));
#1323 = LINE('',#1324,#1325);
#1324 = CARTESIAN_POINT('',(1.95,6.,-0.12));
#1325 = VECTOR('',#1326,1.);
#1326 = DIRECTION('',(-1.,0.,0.));
#1327 = ORIENTED_EDGE('',*,*,#1328,.T.);
#1328 = EDGE_CURVE('',#1321,#1013,#1329,.T.);
#1329 = LINE('',#1330,#1331);
#1330 = CARTESIAN_POINT('',(-3.95,4.5,-0.12));
#1331 = VECTOR('',#1332,1.);
#1332 = DIRECTION('',(0.,-1.,0.));
#1333 = ORIENTED_EDGE('',*,*,#1023,.F.);
#1334 = PLANE('',#1335);
#1335 = AXIS2_PLACEMENT_3D('',#1336,#1337,#1338);
#1336 = CARTESIAN_POINT('',(1.95,4.5,-0.12));
#1337 = DIRECTION('',(0.,0.,-1.));
#1338 = DIRECTION('',(0.,-1.,0.));
#1339 = ADVANCED_FACE('',(#1340),#1470,.F.);
#1340 = FACE_BOUND('',#1341,.T.);
#1341 = EDGE_LOOP('',(#1342,#1352,#1360,#1368,#1376,#1384,#1392,#1400,
    #1408,#1416,#1424,#1432,#1440,#1448,#1456,#1464));
#1342 = ORIENTED_EDGE('',*,*,#1343,.T.);
#1343 = EDGE_CURVE('',#1344,#1346,#1348,.T.);
#1344 = VERTEX_POINT('',#1345);
#1345 = CARTESIAN_POINT('',(-3.95,4.336808689942E-16,-2.25));
#1346 = VERTEX_POINT('',#1347);
#1347 = CARTESIAN_POINT('',(-3.95,6.,-2.25));
#1348 = LINE('',#1349,#1350);
#1349 = CARTESIAN_POINT('',(-3.95,4.336808689942E-16,-2.25));
#1350 = VECTOR('',#1351,1.);
#1351 = DIRECTION('',(0.,1.,0.));
#1352 = ORIENTED_EDGE('',*,*,#1353,.F.);
#1353 = EDGE_CURVE('',#1354,#1346,#1356,.T.);
#1354 = VERTEX_POINT('',#1355);
#1355 = CARTESIAN_POINT('',(3.95,6.,-2.25));
#1356 = LINE('',#1357,#1358);
#1357 = CARTESIAN_POINT('',(1.95,6.,-2.25));
#1358 = VECTOR('',#1359,1.);
#1359 = DIRECTION('',(-1.,0.,0.));
#1360 = ORIENTED_EDGE('',*,*,#1361,.F.);
#1361 = EDGE_CURVE('',#1362,#1354,#1364,.T.);
#1362 = VERTEX_POINT('',#1363);
#1363 = CARTESIAN_POINT('',(3.95,4.336808689942E-16,-2.25));
#1364 = LINE('',#1365,#1366);
#1365 = CARTESIAN_POINT('',(3.95,4.336808689942E-16,-2.25));
#1366 = VECTOR('',#1367,1.);
#1367 = DIRECTION('',(0.,1.,0.));
#1368 = ORIENTED_EDGE('',*,*,#1369,.T.);
#1369 = EDGE_CURVE('',#1362,#1370,#1372,.T.);
#1370 = VERTEX_POINT('',#1371);
#1371 = CARTESIAN_POINT('',(2.8,4.336808689942E-16,-2.25));
#1372 = LINE('',#1373,#1374);
#1373 = CARTESIAN_POINT('',(3.95,4.336808689942E-16,-2.25));
#1374 = VECTOR('',#1375,1.);
#1375 = DIRECTION('',(-1.,0.,0.));
#1376 = ORIENTED_EDGE('',*,*,#1377,.T.);
#1377 = EDGE_CURVE('',#1370,#1378,#1380,.T.);
#1378 = VERTEX_POINT('',#1379);
#1379 = CARTESIAN_POINT('',(2.8,0.2,-2.25));
#1380 = LINE('',#1381,#1382);
#1381 = CARTESIAN_POINT('',(2.8,0.2,-2.25));
#1382 = VECTOR('',#1383,1.);
#1383 = DIRECTION('',(0.,1.,0.));
#1384 = ORIENTED_EDGE('',*,*,#1385,.T.);
#1385 = EDGE_CURVE('',#1378,#1386,#1388,.T.);
#1386 = VERTEX_POINT('',#1387);
#1387 = CARTESIAN_POINT('',(1.2,0.2,-2.25));
#1388 = LINE('',#1389,#1390);
#1389 = CARTESIAN_POINT('',(1.2,0.2,-2.25));
#1390 = VECTOR('',#1391,1.);
#1391 = DIRECTION('',(-1.,-2.710505431214E-16,0.));
#1392 = ORIENTED_EDGE('',*,*,#1393,.T.);
#1393 = EDGE_CURVE('',#1386,#1394,#1396,.T.);
#1394 = VERTEX_POINT('',#1395);
#1395 = CARTESIAN_POINT('',(1.2,-4.336808689942E-16,-2.25));
#1396 = LINE('',#1397,#1398);
#1397 = CARTESIAN_POINT('',(1.2,0.2,-2.25));
#1398 = VECTOR('',#1399,1.);
#1399 = DIRECTION('',(-1.355252715607E-16,-1.,0.));
#1400 = ORIENTED_EDGE('',*,*,#1401,.T.);
#1401 = EDGE_CURVE('',#1394,#1402,#1404,.T.);
#1402 = VERTEX_POINT('',#1403);
#1403 = CARTESIAN_POINT('',(0.8,-4.336808689942E-16,-2.25));
#1404 = LINE('',#1405,#1406);
#1405 = CARTESIAN_POINT('',(1.95,4.336808689942E-16,-2.25));
#1406 = VECTOR('',#1407,1.);
#1407 = DIRECTION('',(-1.,0.,0.));
#1408 = ORIENTED_EDGE('',*,*,#1409,.T.);
#1409 = EDGE_CURVE('',#1402,#1410,#1412,.T.);
#1410 = VERTEX_POINT('',#1411);
#1411 = CARTESIAN_POINT('',(0.8,0.2,-2.25));
#1412 = LINE('',#1413,#1414);
#1413 = CARTESIAN_POINT('',(0.8,0.2,-2.25));
#1414 = VECTOR('',#1415,1.);
#1415 = DIRECTION('',(0.,1.,0.));
#1416 = ORIENTED_EDGE('',*,*,#1417,.T.);
#1417 = EDGE_CURVE('',#1410,#1418,#1420,.T.);
#1418 = VERTEX_POINT('',#1419);
#1419 = CARTESIAN_POINT('',(-0.8,0.2,-2.25));
#1420 = LINE('',#1421,#1422);
#1421 = CARTESIAN_POINT('',(-0.8,0.2,-2.25));
#1422 = VECTOR('',#1423,1.);
#1423 = DIRECTION('',(-1.,0.,0.));
#1424 = ORIENTED_EDGE('',*,*,#1425,.T.);
#1425 = EDGE_CURVE('',#1418,#1426,#1428,.T.);
#1426 = VERTEX_POINT('',#1427);
#1427 = CARTESIAN_POINT('',(-0.8,-4.336808689942E-16,-2.25));
#1428 = LINE('',#1429,#1430);
#1429 = CARTESIAN_POINT('',(-0.8,0.2,-2.25));
#1430 = VECTOR('',#1431,1.);
#1431 = DIRECTION('',(0.,-1.,0.));
#1432 = ORIENTED_EDGE('',*,*,#1433,.T.);
#1433 = EDGE_CURVE('',#1426,#1434,#1436,.T.);
#1434 = VERTEX_POINT('',#1435);
#1435 = CARTESIAN_POINT('',(-1.2,4.336808689942E-16,-2.25));
#1436 = LINE('',#1437,#1438);
#1437 = CARTESIAN_POINT('',(1.95,4.336808689942E-16,-2.25));
#1438 = VECTOR('',#1439,1.);
#1439 = DIRECTION('',(-1.,0.,0.));
#1440 = ORIENTED_EDGE('',*,*,#1441,.T.);
#1441 = EDGE_CURVE('',#1434,#1442,#1444,.T.);
#1442 = VERTEX_POINT('',#1443);
#1443 = CARTESIAN_POINT('',(-1.2,0.2,-2.25));
#1444 = LINE('',#1445,#1446);
#1445 = CARTESIAN_POINT('',(-1.2,0.2,-2.25));
#1446 = VECTOR('',#1447,1.);
#1447 = DIRECTION('',(-1.355252715607E-16,1.,0.));
#1448 = ORIENTED_EDGE('',*,*,#1449,.T.);
#1449 = EDGE_CURVE('',#1442,#1450,#1452,.T.);
#1450 = VERTEX_POINT('',#1451);
#1451 = CARTESIAN_POINT('',(-2.8,0.2,-2.25));
#1452 = LINE('',#1453,#1454);
#1453 = CARTESIAN_POINT('',(-1.2,0.2,-2.25));
#1454 = VECTOR('',#1455,1.);
#1455 = DIRECTION('',(-1.,2.710505431214E-16,0.));
#1456 = ORIENTED_EDGE('',*,*,#1457,.T.);
#1457 = EDGE_CURVE('',#1450,#1458,#1460,.T.);
#1458 = VERTEX_POINT('',#1459);
#1459 = CARTESIAN_POINT('',(-2.8,-4.336808689942E-16,-2.25));
#1460 = LINE('',#1461,#1462);
#1461 = CARTESIAN_POINT('',(-2.8,0.2,-2.25));
#1462 = VECTOR('',#1463,1.);
#1463 = DIRECTION('',(0.,-1.,0.));
#1464 = ORIENTED_EDGE('',*,*,#1465,.T.);
#1465 = EDGE_CURVE('',#1458,#1344,#1466,.T.);
#1466 = LINE('',#1467,#1468);
#1467 = CARTESIAN_POINT('',(1.95,4.336808689942E-16,-2.25));
#1468 = VECTOR('',#1469,1.);
#1469 = DIRECTION('',(-1.,0.,0.));
#1470 = PLANE('',#1471);
#1471 = AXIS2_PLACEMENT_3D('',#1472,#1473,#1474);
#1472 = CARTESIAN_POINT('',(1.95,4.336808689942E-16,-2.25));
#1473 = DIRECTION('',(0.,0.,1.));
#1474 = DIRECTION('',(1.,0.,-0.));
#1475 = ADVANCED_FACE('',(#1476),#1503,.F.);
#1476 = FACE_BOUND('',#1477,.T.);
#1477 = EDGE_LOOP('',(#1478,#1486,#1487,#1488,#1489,#1497));
#1478 = ORIENTED_EDGE('',*,*,#1479,.F.);
#1479 = EDGE_CURVE('',#983,#1480,#1482,.T.);
#1480 = VERTEX_POINT('',#1481);
#1481 = CARTESIAN_POINT('',(-1.225,6.,2.25));
#1482 = LINE('',#1483,#1484);
#1483 = CARTESIAN_POINT('',(-1.225,6.,-2.623757129272));
#1484 = VECTOR('',#1485,1.);
#1485 = DIRECTION('',(0.,0.,1.));
#1486 = ORIENTED_EDGE('',*,*,#982,.T.);
#1487 = ORIENTED_EDGE('',*,*,#1064,.T.);
#1488 = ORIENTED_EDGE('',*,*,#1085,.T.);
#1489 = ORIENTED_EDGE('',*,*,#1490,.T.);
#1490 = EDGE_CURVE('',#1086,#1491,#1493,.T.);
#1491 = VERTEX_POINT('',#1492);
#1492 = CARTESIAN_POINT('',(-3.95,6.,2.25));
#1493 = LINE('',#1494,#1495);
#1494 = CARTESIAN_POINT('',(-3.95,6.,0.88));
#1495 = VECTOR('',#1496,1.);
#1496 = DIRECTION('',(0.,-3.165553788279E-16,1.));
#1497 = ORIENTED_EDGE('',*,*,#1498,.F.);
#1498 = EDGE_CURVE('',#1480,#1491,#1499,.T.);
#1499 = LINE('',#1500,#1501);
#1500 = CARTESIAN_POINT('',(1.95,6.,2.25));
#1501 = VECTOR('',#1502,1.);
#1502 = DIRECTION('',(-1.,0.,0.));
#1503 = PLANE('',#1504);
#1504 = AXIS2_PLACEMENT_3D('',#1505,#1506,#1507);
#1505 = CARTESIAN_POINT('',(1.95,6.,0.88));
#1506 = DIRECTION('',(0.,-1.,-3.165553788279E-16));
#1507 = DIRECTION('',(0.,3.165553788279E-16,-1.));
#1508 = ADVANCED_FACE('',(#1509),#1528,.F.);
#1509 = FACE_BOUND('',#1510,.T.);
#1510 = EDGE_LOOP('',(#1511,#1512,#1513,#1514,#1522));
#1511 = ORIENTED_EDGE('',*,*,#1158,.T.);
#1512 = ORIENTED_EDGE('',*,*,#990,.T.);
#1513 = ORIENTED_EDGE('',*,*,#1479,.T.);
#1514 = ORIENTED_EDGE('',*,*,#1515,.T.);
#1515 = EDGE_CURVE('',#1480,#1516,#1518,.T.);
#1516 = VERTEX_POINT('',#1517);
#1517 = CARTESIAN_POINT('',(-1.225,1.75,2.25));
#1518 = LINE('',#1519,#1520);
#1519 = CARTESIAN_POINT('',(-1.225,1.75,2.25));
#1520 = VECTOR('',#1521,1.);
#1521 = DIRECTION('',(0.,-1.,0.));
#1522 = ORIENTED_EDGE('',*,*,#1523,.F.);
#1523 = EDGE_CURVE('',#1159,#1516,#1524,.T.);
#1524 = LINE('',#1525,#1526);
#1525 = CARTESIAN_POINT('',(-1.225,1.75,-2.623757129272));
#1526 = VECTOR('',#1527,1.);
#1527 = DIRECTION('',(0.,0.,1.));
#1528 = PLANE('',#1529);
#1529 = AXIS2_PLACEMENT_3D('',#1530,#1531,#1532);
#1530 = CARTESIAN_POINT('',(-1.225,1.75,-2.623757129272));
#1531 = DIRECTION('',(-1.,0.,0.));
#1532 = DIRECTION('',(0.,0.,1.));
#1533 = ADVANCED_FACE('',(#1534,#1584,#1590,#1624),#1658,.T.);
#1534 = FACE_BOUND('',#1535,.T.);
#1535 = EDGE_LOOP('',(#1536,#1544,#1552,#1560,#1568,#1576,#1582,#1583));
#1536 = ORIENTED_EDGE('',*,*,#1537,.T.);
#1537 = EDGE_CURVE('',#1516,#1538,#1540,.T.);
#1538 = VERTEX_POINT('',#1539);
#1539 = CARTESIAN_POINT('',(1.225,1.75,2.25));
#1540 = LINE('',#1541,#1542);
#1541 = CARTESIAN_POINT('',(-0.775,1.75,2.25));
#1542 = VECTOR('',#1543,1.);
#1543 = DIRECTION('',(1.,0.,0.));
#1544 = ORIENTED_EDGE('',*,*,#1545,.F.);
#1545 = EDGE_CURVE('',#1546,#1538,#1548,.T.);
#1546 = VERTEX_POINT('',#1547);
#1547 = CARTESIAN_POINT('',(1.225,1.75,1.65));
#1548 = LINE('',#1549,#1550);
#1549 = CARTESIAN_POINT('',(1.225,1.75,-2.623757129272));
#1550 = VECTOR('',#1551,1.);
#1551 = DIRECTION('',(0.,0.,1.));
#1552 = ORIENTED_EDGE('',*,*,#1553,.T.);
#1553 = EDGE_CURVE('',#1546,#1554,#1556,.T.);
#1554 = VERTEX_POINT('',#1555);
#1555 = CARTESIAN_POINT('',(3.3,1.75,1.65));
#1556 = LINE('',#1557,#1558);
#1557 = CARTESIAN_POINT('',(-1.3,1.75,1.65));
#1558 = VECTOR('',#1559,1.);
#1559 = DIRECTION('',(1.,0.,-1.41417674672E-16));
#1560 = ORIENTED_EDGE('',*,*,#1561,.T.);
#1561 = EDGE_CURVE('',#1554,#1562,#1564,.T.);
#1562 = VERTEX_POINT('',#1563);
#1563 = CARTESIAN_POINT('',(3.3,1.75,-1.85));
#1564 = LINE('',#1565,#1566);
#1565 = CARTESIAN_POINT('',(3.3,1.75,-1.85));
#1566 = VECTOR('',#1567,1.);
#1567 = DIRECTION('',(-1.239088197126E-16,2.478176394253E-16,-1.));
#1568 = ORIENTED_EDGE('',*,*,#1569,.T.);
#1569 = EDGE_CURVE('',#1562,#1570,#1572,.T.);
#1570 = VERTEX_POINT('',#1571);
#1571 = CARTESIAN_POINT('',(-3.3,1.75,-1.85));
#1572 = LINE('',#1573,#1574);
#1573 = CARTESIAN_POINT('',(-3.3,1.75,-1.85));
#1574 = VECTOR('',#1575,1.);
#1575 = DIRECTION('',(-1.,0.,1.41417674672E-16));
#1576 = ORIENTED_EDGE('',*,*,#1577,.T.);
#1577 = EDGE_CURVE('',#1570,#1150,#1578,.T.);
#1578 = LINE('',#1579,#1580);
#1579 = CARTESIAN_POINT('',(-3.3,1.75,-1.85));
#1580 = VECTOR('',#1581,1.);
#1581 = DIRECTION('',(1.239088197126E-16,-2.478176394253E-16,1.));
#1582 = ORIENTED_EDGE('',*,*,#1166,.T.);
#1583 = ORIENTED_EDGE('',*,*,#1523,.T.);
#1584 = FACE_BOUND('',#1585,.T.);
#1585 = EDGE_LOOP('',(#1586,#1587,#1588,#1589));
#1586 = ORIENTED_EDGE('',*,*,#1282,.F.);
#1587 = ORIENTED_EDGE('',*,*,#1251,.F.);
#1588 = ORIENTED_EDGE('',*,*,#1220,.F.);
#1589 = ORIENTED_EDGE('',*,*,#1180,.F.);
#1590 = FACE_BOUND('',#1591,.T.);
#1591 = EDGE_LOOP('',(#1592,#1602,#1610,#1618));
#1592 = ORIENTED_EDGE('',*,*,#1593,.F.);
#1593 = EDGE_CURVE('',#1594,#1596,#1598,.T.);
#1594 = VERTEX_POINT('',#1595);
#1595 = CARTESIAN_POINT('',(0.25,1.75,0.3));
#1596 = VERTEX_POINT('',#1597);
#1597 = CARTESIAN_POINT('',(-0.25,1.75,0.3));
#1598 = LINE('',#1599,#1600);
#1599 = CARTESIAN_POINT('',(-0.25,1.75,0.3));
#1600 = VECTOR('',#1601,1.);
#1601 = DIRECTION('',(-1.,0.,0.));
#1602 = ORIENTED_EDGE('',*,*,#1603,.F.);
#1603 = EDGE_CURVE('',#1604,#1594,#1606,.T.);
#1604 = VERTEX_POINT('',#1605);
#1605 = CARTESIAN_POINT('',(0.25,1.75,0.8));
#1606 = LINE('',#1607,#1608);
#1607 = CARTESIAN_POINT('',(0.25,1.75,0.3));
#1608 = VECTOR('',#1609,1.);
#1609 = DIRECTION('',(0.,4.336808689942E-16,-1.));
#1610 = ORIENTED_EDGE('',*,*,#1611,.F.);
#1611 = EDGE_CURVE('',#1612,#1604,#1614,.T.);
#1612 = VERTEX_POINT('',#1613);
#1613 = CARTESIAN_POINT('',(-0.25,1.75,0.8));
#1614 = LINE('',#1615,#1616);
#1615 = CARTESIAN_POINT('',(-0.25,1.75,0.8));
#1616 = VECTOR('',#1617,1.);
#1617 = DIRECTION('',(1.,0.,0.));
#1618 = ORIENTED_EDGE('',*,*,#1619,.F.);
#1619 = EDGE_CURVE('',#1596,#1612,#1620,.T.);
#1620 = LINE('',#1621,#1622);
#1621 = CARTESIAN_POINT('',(-0.25,1.75,0.3));
#1622 = VECTOR('',#1623,1.);
#1623 = DIRECTION('',(0.,-4.336808689942E-16,1.));
#1624 = FACE_BOUND('',#1625,.T.);
#1625 = EDGE_LOOP('',(#1626,#1636,#1644,#1652));
#1626 = ORIENTED_EDGE('',*,*,#1627,.T.);
#1627 = EDGE_CURVE('',#1628,#1630,#1632,.T.);
#1628 = VERTEX_POINT('',#1629);
#1629 = CARTESIAN_POINT('',(2.25,1.75,0.8));
#1630 = VERTEX_POINT('',#1631);
#1631 = CARTESIAN_POINT('',(1.75,1.75,0.8));
#1632 = LINE('',#1633,#1634);
#1633 = CARTESIAN_POINT('',(1.,1.75,0.8));
#1634 = VECTOR('',#1635,1.);
#1635 = DIRECTION('',(-1.,3.504579431023E-32,0.));
#1636 = ORIENTED_EDGE('',*,*,#1637,.T.);
#1637 = EDGE_CURVE('',#1630,#1638,#1640,.T.);
#1638 = VERTEX_POINT('',#1639);
#1639 = CARTESIAN_POINT('',(1.75,1.75,0.3));
#1640 = LINE('',#1641,#1642);
#1641 = CARTESIAN_POINT('',(1.75,1.75,7.274189424855E-16));
#1642 = VECTOR('',#1643,1.);
#1643 = DIRECTION('',(-2.168404344971E-16,2.478176394253E-16,-1.));
#1644 = ORIENTED_EDGE('',*,*,#1645,.T.);
#1645 = EDGE_CURVE('',#1638,#1646,#1648,.T.);
#1646 = VERTEX_POINT('',#1647);
#1647 = CARTESIAN_POINT('',(2.25,1.75,0.3));
#1648 = LINE('',#1649,#1650);
#1649 = CARTESIAN_POINT('',(1.,1.75,0.3));
#1650 = VECTOR('',#1651,1.);
#1651 = DIRECTION('',(1.,-8.878267891925E-32,2.168404344971E-16));
#1652 = ORIENTED_EDGE('',*,*,#1653,.T.);
#1653 = EDGE_CURVE('',#1646,#1628,#1654,.T.);
#1654 = LINE('',#1655,#1656);
#1655 = CARTESIAN_POINT('',(2.25,1.75,8.900492683583E-16));
#1656 = VECTOR('',#1657,1.);
#1657 = DIRECTION('',(0.,-2.478176394253E-16,1.));
#1658 = PLANE('',#1659);
#1659 = AXIS2_PLACEMENT_3D('',#1660,#1661,#1662);
#1660 = CARTESIAN_POINT('',(-1.,1.75,8.900492683583E-16));
#1661 = DIRECTION('',(3.504579431023E-32,1.,2.478176394253E-16));
#1662 = DIRECTION('',(0.,2.478176394253E-16,-1.));
#1663 = ADVANCED_FACE('',(#1664),#1686,.F.);
#1664 = FACE_BOUND('',#1665,.T.);
#1665 = EDGE_LOOP('',(#1666,#1667,#1668,#1669,#1670,#1678,#1684,#1685));
#1666 = ORIENTED_EDGE('',*,*,#1094,.F.);
#1667 = ORIENTED_EDGE('',*,*,#1071,.T.);
#1668 = ORIENTED_EDGE('',*,*,#1149,.F.);
#1669 = ORIENTED_EDGE('',*,*,#1577,.F.);
#1670 = ORIENTED_EDGE('',*,*,#1671,.T.);
#1671 = EDGE_CURVE('',#1570,#1672,#1674,.T.);
#1672 = VERTEX_POINT('',#1673);
#1673 = CARTESIAN_POINT('',(-3.3,5.75,-1.85));
#1674 = LINE('',#1675,#1676);
#1675 = CARTESIAN_POINT('',(-3.3,1.75,-1.85));
#1676 = VECTOR('',#1677,1.);
#1677 = DIRECTION('',(0.,1.,2.036060417813E-16));
#1678 = ORIENTED_EDGE('',*,*,#1679,.T.);
#1679 = EDGE_CURVE('',#1672,#1305,#1680,.T.);
#1680 = LINE('',#1681,#1682);
#1681 = CARTESIAN_POINT('',(-3.3,5.75,-1.85));
#1682 = VECTOR('',#1683,1.);
#1683 = DIRECTION('',(1.239088197126E-16,-2.036060417813E-16,1.));
#1684 = ORIENTED_EDGE('',*,*,#1304,.F.);
#1685 = ORIENTED_EDGE('',*,*,#1031,.F.);
#1686 = PLANE('',#1687);
#1687 = AXIS2_PLACEMENT_3D('',#1688,#1689,#1690);
#1688 = CARTESIAN_POINT('',(-3.3,1.75,-1.85));
#1689 = DIRECTION('',(-1.,-2.522858432348E-32,1.239088197126E-16));
#1690 = DIRECTION('',(-2.522858432348E-32,1.,0.));
#1691 = ADVANCED_FACE('',(#1692),#1710,.F.);
#1692 = FACE_BOUND('',#1693,.T.);
#1693 = EDGE_LOOP('',(#1694,#1695,#1696,#1704));
#1694 = ORIENTED_EDGE('',*,*,#1312,.F.);
#1695 = ORIENTED_EDGE('',*,*,#1679,.F.);
#1696 = ORIENTED_EDGE('',*,*,#1697,.F.);
#1697 = EDGE_CURVE('',#1698,#1672,#1700,.T.);
#1698 = VERTEX_POINT('',#1699);
#1699 = CARTESIAN_POINT('',(-3.55,6.,-2.1));
#1700 = LINE('',#1701,#1702);
#1701 = CARTESIAN_POINT('',(-3.3,5.75,-1.85));
#1702 = VECTOR('',#1703,1.);
#1703 = DIRECTION('',(0.57735026919,-0.57735026919,0.57735026919));
#1704 = ORIENTED_EDGE('',*,*,#1705,.F.);
#1705 = EDGE_CURVE('',#1313,#1698,#1706,.T.);
#1706 = LINE('',#1707,#1708);
#1707 = CARTESIAN_POINT('',(-3.55,6.,-2.25));
#1708 = VECTOR('',#1709,1.);
#1709 = DIRECTION('',(-1.239088197126E-16,2.036060417813E-16,-1.));
#1710 = PLANE('',#1711);
#1711 = AXIS2_PLACEMENT_3D('',#1712,#1713,#1714);
#1712 = CARTESIAN_POINT('',(-3.3,5.75,-1.85));
#1713 = DIRECTION('',(-0.707106781187,-0.707106781187,-5.63544461665E-17
    ));
#1714 = DIRECTION('',(-0.707106781187,0.707106781187,6.162975822039E-33)
  );
#1715 = ADVANCED_FACE('',(#1716),#1757,.F.);
#1716 = FACE_BOUND('',#1717,.T.);
#1717 = EDGE_LOOP('',(#1718,#1726,#1734,#1742,#1748,#1749,#1755,#1756));
#1718 = ORIENTED_EDGE('',*,*,#1719,.T.);
#1719 = EDGE_CURVE('',#1698,#1720,#1722,.T.);
#1720 = VERTEX_POINT('',#1721);
#1721 = CARTESIAN_POINT('',(3.55,6.,-2.1));
#1722 = LINE('',#1723,#1724);
#1723 = CARTESIAN_POINT('',(1.95,6.,-2.1));
#1724 = VECTOR('',#1725,1.);
#1725 = DIRECTION('',(1.,2.879349297789E-32,-1.41417674672E-16));
#1726 = ORIENTED_EDGE('',*,*,#1727,.T.);
#1727 = EDGE_CURVE('',#1720,#1728,#1730,.T.);
#1728 = VERTEX_POINT('',#1729);
#1729 = CARTESIAN_POINT('',(3.55,6.,-0.12));
#1730 = LINE('',#1731,#1732);
#1731 = CARTESIAN_POINT('',(3.55,6.,-2.25));
#1732 = VECTOR('',#1733,1.);
#1733 = DIRECTION('',(1.239088197126E-16,-2.036060417813E-16,1.));
#1734 = ORIENTED_EDGE('',*,*,#1735,.F.);
#1735 = EDGE_CURVE('',#1736,#1728,#1738,.T.);
#1736 = VERTEX_POINT('',#1737);
#1737 = CARTESIAN_POINT('',(3.95,6.,-0.12));
#1738 = LINE('',#1739,#1740);
#1739 = CARTESIAN_POINT('',(3.95,6.,-0.12));
#1740 = VECTOR('',#1741,1.);
#1741 = DIRECTION('',(-1.,0.,0.));
#1742 = ORIENTED_EDGE('',*,*,#1743,.F.);
#1743 = EDGE_CURVE('',#1354,#1736,#1744,.T.);
#1744 = LINE('',#1745,#1746);
#1745 = CARTESIAN_POINT('',(3.95,6.,-2.25));
#1746 = VECTOR('',#1747,1.);
#1747 = DIRECTION('',(0.,-2.036060417813E-16,1.));
#1748 = ORIENTED_EDGE('',*,*,#1353,.T.);
#1749 = ORIENTED_EDGE('',*,*,#1750,.T.);
#1750 = EDGE_CURVE('',#1346,#1321,#1751,.T.);
#1751 = LINE('',#1752,#1753);
#1752 = CARTESIAN_POINT('',(-3.95,6.,-2.25));
#1753 = VECTOR('',#1754,1.);
#1754 = DIRECTION('',(0.,-2.036060417813E-16,1.));
#1755 = ORIENTED_EDGE('',*,*,#1320,.F.);
#1756 = ORIENTED_EDGE('',*,*,#1705,.T.);
#1757 = PLANE('',#1758);
#1758 = AXIS2_PLACEMENT_3D('',#1759,#1760,#1761);
#1759 = CARTESIAN_POINT('',(1.95,6.,-2.25));
#1760 = DIRECTION('',(0.,-1.,-2.036060417813E-16));
#1761 = DIRECTION('',(0.,2.036060417813E-16,-1.));
#1762 = ADVANCED_FACE('',(#1763),#1781,.F.);
#1763 = FACE_BOUND('',#1764,.T.);
#1764 = EDGE_LOOP('',(#1765,#1766,#1767,#1775));
#1765 = ORIENTED_EDGE('',*,*,#1671,.F.);
#1766 = ORIENTED_EDGE('',*,*,#1569,.F.);
#1767 = ORIENTED_EDGE('',*,*,#1768,.T.);
#1768 = EDGE_CURVE('',#1562,#1769,#1771,.T.);
#1769 = VERTEX_POINT('',#1770);
#1770 = CARTESIAN_POINT('',(3.3,5.75,-1.85));
#1771 = LINE('',#1772,#1773);
#1772 = CARTESIAN_POINT('',(3.3,1.75,-1.85));
#1773 = VECTOR('',#1774,1.);
#1774 = DIRECTION('',(0.,1.,2.036060417813E-16));
#1775 = ORIENTED_EDGE('',*,*,#1776,.T.);
#1776 = EDGE_CURVE('',#1769,#1672,#1777,.T.);
#1777 = LINE('',#1778,#1779);
#1778 = CARTESIAN_POINT('',(-3.3,5.75,-1.85));
#1779 = VECTOR('',#1780,1.);
#1780 = DIRECTION('',(-1.,-2.879349297789E-32,1.41417674672E-16));
#1781 = PLANE('',#1782);
#1782 = AXIS2_PLACEMENT_3D('',#1783,#1784,#1785);
#1783 = CARTESIAN_POINT('',(-3.3,1.75,-1.85));
#1784 = DIRECTION('',(-1.41417674672E-16,2.036060417813E-16,-1.));
#1785 = DIRECTION('',(-1.,0.,1.41417674672E-16));
#1786 = ADVANCED_FACE('',(#1787),#1798,.F.);
#1787 = FACE_BOUND('',#1788,.T.);
#1788 = EDGE_LOOP('',(#1789,#1790,#1791,#1797));
#1789 = ORIENTED_EDGE('',*,*,#1697,.T.);
#1790 = ORIENTED_EDGE('',*,*,#1776,.F.);
#1791 = ORIENTED_EDGE('',*,*,#1792,.F.);
#1792 = EDGE_CURVE('',#1720,#1769,#1793,.T.);
#1793 = LINE('',#1794,#1795);
#1794 = CARTESIAN_POINT('',(3.3,5.75,-1.85));
#1795 = VECTOR('',#1796,1.);
#1796 = DIRECTION('',(-0.57735026919,-0.57735026919,0.57735026919));
#1797 = ORIENTED_EDGE('',*,*,#1719,.F.);
#1798 = PLANE('',#1799);
#1799 = AXIS2_PLACEMENT_3D('',#1800,#1801,#1802);
#1800 = CARTESIAN_POINT('',(-3.3,5.75,-1.85));
#1801 = DIRECTION('',(-9.999739674022E-17,-0.707106781187,
    -0.707106781187));
#1802 = DIRECTION('',(0.,0.707106781187,-0.707106781187));
#1803 = ADVANCED_FACE('',(#1804),#1829,.F.);
#1804 = FACE_BOUND('',#1805,.T.);
#1805 = EDGE_LOOP('',(#1806,#1807,#1815,#1823));
#1806 = ORIENTED_EDGE('',*,*,#1141,.T.);
#1807 = ORIENTED_EDGE('',*,*,#1808,.T.);
#1808 = EDGE_CURVE('',#1134,#1809,#1811,.T.);
#1809 = VERTEX_POINT('',#1810);
#1810 = CARTESIAN_POINT('',(-2.25,2.25,2.25));
#1811 = LINE('',#1812,#1813);
#1812 = CARTESIAN_POINT('',(-2.25,2.25,-2.623757129272));
#1813 = VECTOR('',#1814,1.);
#1814 = DIRECTION('',(0.,0.,1.));
#1815 = ORIENTED_EDGE('',*,*,#1816,.T.);
#1816 = EDGE_CURVE('',#1809,#1817,#1819,.T.);
#1817 = VERTEX_POINT('',#1818);
#1818 = CARTESIAN_POINT('',(-2.25,4.25,2.25));
#1819 = LINE('',#1820,#1821);
#1820 = CARTESIAN_POINT('',(-2.25,4.25,2.25));
#1821 = VECTOR('',#1822,1.);
#1822 = DIRECTION('',(-1.084202172486E-16,1.,0.));
#1823 = ORIENTED_EDGE('',*,*,#1824,.F.);
#1824 = EDGE_CURVE('',#1118,#1817,#1825,.T.);
#1825 = LINE('',#1826,#1827);
#1826 = CARTESIAN_POINT('',(-2.25,4.25,-2.623757129272));
#1827 = VECTOR('',#1828,1.);
#1828 = DIRECTION('',(0.,0.,1.));
#1829 = PLANE('',#1830);
#1830 = AXIS2_PLACEMENT_3D('',#1831,#1832,#1833);
#1831 = CARTESIAN_POINT('',(-2.25,4.25,-2.623757129272));
#1832 = DIRECTION('',(1.,1.084202172486E-16,0.));
#1833 = DIRECTION('',(-1.084202172486E-16,1.,0.));
#1834 = ADVANCED_FACE('',(#1835),#1853,.F.);
#1835 = FACE_BOUND('',#1836,.T.);
#1836 = EDGE_LOOP('',(#1837,#1838,#1839,#1847));
#1837 = ORIENTED_EDGE('',*,*,#1115,.T.);
#1838 = ORIENTED_EDGE('',*,*,#1824,.T.);
#1839 = ORIENTED_EDGE('',*,*,#1840,.T.);
#1840 = EDGE_CURVE('',#1817,#1841,#1843,.T.);
#1841 = VERTEX_POINT('',#1842);
#1842 = CARTESIAN_POINT('',(-3.2,4.25,2.25));
#1843 = LINE('',#1844,#1845);
#1844 = CARTESIAN_POINT('',(-3.2,4.25,2.25));
#1845 = VECTOR('',#1846,1.);
#1846 = DIRECTION('',(-1.,0.,0.));
#1847 = ORIENTED_EDGE('',*,*,#1848,.F.);
#1848 = EDGE_CURVE('',#1116,#1841,#1849,.T.);
#1849 = LINE('',#1850,#1851);
#1850 = CARTESIAN_POINT('',(-3.2,4.25,-2.623757129272));
#1851 = VECTOR('',#1852,1.);
#1852 = DIRECTION('',(0.,0.,1.));
#1853 = PLANE('',#1854);
#1854 = AXIS2_PLACEMENT_3D('',#1855,#1856,#1857);
#1855 = CARTESIAN_POINT('',(-3.2,4.25,-2.623757129272));
#1856 = DIRECTION('',(-0.,1.,0.));
#1857 = DIRECTION('',(1.,0.,0.));
#1858 = ADVANCED_FACE('',(#1859),#1877,.F.);
#1859 = FACE_BOUND('',#1860,.T.);
#1860 = EDGE_LOOP('',(#1861,#1862,#1863,#1871));
#1861 = ORIENTED_EDGE('',*,*,#1125,.T.);
#1862 = ORIENTED_EDGE('',*,*,#1848,.T.);
#1863 = ORIENTED_EDGE('',*,*,#1864,.T.);
#1864 = EDGE_CURVE('',#1841,#1865,#1867,.T.);
#1865 = VERTEX_POINT('',#1866);
#1866 = CARTESIAN_POINT('',(-3.2,2.25,2.25));
#1867 = LINE('',#1868,#1869);
#1868 = CARTESIAN_POINT('',(-3.2,4.25,2.25));
#1869 = VECTOR('',#1870,1.);
#1870 = DIRECTION('',(4.336808689942E-16,-1.,0.));
#1871 = ORIENTED_EDGE('',*,*,#1872,.F.);
#1872 = EDGE_CURVE('',#1126,#1865,#1873,.T.);
#1873 = LINE('',#1874,#1875);
#1874 = CARTESIAN_POINT('',(-3.2,2.25,-2.623757129272));
#1875 = VECTOR('',#1876,1.);
#1876 = DIRECTION('',(0.,0.,1.));
#1877 = PLANE('',#1878);
#1878 = AXIS2_PLACEMENT_3D('',#1879,#1880,#1881);
#1879 = CARTESIAN_POINT('',(-3.2,4.25,-2.623757129272));
#1880 = DIRECTION('',(-1.,-4.336808689942E-16,0.));
#1881 = DIRECTION('',(-4.336808689942E-16,1.,0.));
#1882 = ADVANCED_FACE('',(#1883),#1894,.F.);
#1883 = FACE_BOUND('',#1884,.T.);
#1884 = EDGE_LOOP('',(#1885,#1886,#1887,#1893));
#1885 = ORIENTED_EDGE('',*,*,#1133,.T.);
#1886 = ORIENTED_EDGE('',*,*,#1872,.T.);
#1887 = ORIENTED_EDGE('',*,*,#1888,.T.);
#1888 = EDGE_CURVE('',#1865,#1809,#1889,.T.);
#1889 = LINE('',#1890,#1891);
#1890 = CARTESIAN_POINT('',(-3.2,2.25,2.25));
#1891 = VECTOR('',#1892,1.);
#1892 = DIRECTION('',(1.,0.,0.));
#1893 = ORIENTED_EDGE('',*,*,#1808,.F.);
#1894 = PLANE('',#1895);
#1895 = AXIS2_PLACEMENT_3D('',#1896,#1897,#1898);
#1896 = CARTESIAN_POINT('',(-3.2,2.25,-2.623757129272));
#1897 = DIRECTION('',(0.,-1.,0.));
#1898 = DIRECTION('',(0.,0.,-1.));
#1899 = ADVANCED_FACE('',(#1900,#1991),#1997,.F.);
#1900 = FACE_BOUND('',#1901,.T.);
#1901 = EDGE_LOOP('',(#1902,#1910,#1918,#1926,#1934,#1942,#1950,#1958,
    #1966,#1974,#1982,#1988,#1989,#1990));
#1902 = ORIENTED_EDGE('',*,*,#1903,.T.);
#1903 = EDGE_CURVE('',#1491,#1904,#1906,.T.);
#1904 = VERTEX_POINT('',#1905);
#1905 = CARTESIAN_POINT('',(-3.95,1.39,2.25));
#1906 = LINE('',#1907,#1908);
#1907 = CARTESIAN_POINT('',(-3.95,6.,2.25));
#1908 = VECTOR('',#1909,1.);
#1909 = DIRECTION('',(0.,-1.,9.407394121349E-17));
#1910 = ORIENTED_EDGE('',*,*,#1911,.F.);
#1911 = EDGE_CURVE('',#1912,#1904,#1914,.T.);
#1912 = VERTEX_POINT('',#1913);
#1913 = CARTESIAN_POINT('',(3.95,1.39,2.25));
#1914 = LINE('',#1915,#1916);
#1915 = CARTESIAN_POINT('',(1.95,1.39,2.25));
#1916 = VECTOR('',#1917,1.);
#1917 = DIRECTION('',(-1.,0.,0.));
#1918 = ORIENTED_EDGE('',*,*,#1919,.F.);
#1919 = EDGE_CURVE('',#1920,#1912,#1922,.T.);
#1920 = VERTEX_POINT('',#1921);
#1921 = CARTESIAN_POINT('',(3.95,6.,2.25));
#1922 = LINE('',#1923,#1924);
#1923 = CARTESIAN_POINT('',(3.95,1.39,2.25));
#1924 = VECTOR('',#1925,1.);
#1925 = DIRECTION('',(-0.,-1.,-0.));
#1926 = ORIENTED_EDGE('',*,*,#1927,.T.);
#1927 = EDGE_CURVE('',#1920,#1928,#1930,.T.);
#1928 = VERTEX_POINT('',#1929);
#1929 = CARTESIAN_POINT('',(2.725,6.,2.25));
#1930 = LINE('',#1931,#1932);
#1931 = CARTESIAN_POINT('',(3.95,6.,2.25));
#1932 = VECTOR('',#1933,1.);
#1933 = DIRECTION('',(-1.,0.,0.));
#1934 = ORIENTED_EDGE('',*,*,#1935,.F.);
#1935 = EDGE_CURVE('',#1936,#1928,#1938,.T.);
#1936 = VERTEX_POINT('',#1937);
#1937 = CARTESIAN_POINT('',(2.725,4.25,2.25));
#1938 = LINE('',#1939,#1940);
#1939 = CARTESIAN_POINT('',(2.725,4.25,2.25));
#1940 = VECTOR('',#1941,1.);
#1941 = DIRECTION('',(0.,1.,0.));
#1942 = ORIENTED_EDGE('',*,*,#1943,.F.);
#1943 = EDGE_CURVE('',#1944,#1936,#1946,.T.);
#1944 = VERTEX_POINT('',#1945);
#1945 = CARTESIAN_POINT('',(3.2,4.25,2.25));
#1946 = LINE('',#1947,#1948);
#1947 = CARTESIAN_POINT('',(3.2,4.25,2.25));
#1948 = VECTOR('',#1949,1.);
#1949 = DIRECTION('',(-1.,0.,0.));
#1950 = ORIENTED_EDGE('',*,*,#1951,.F.);
#1951 = EDGE_CURVE('',#1952,#1944,#1954,.T.);
#1952 = VERTEX_POINT('',#1953);
#1953 = CARTESIAN_POINT('',(3.2,2.25,2.25));
#1954 = LINE('',#1955,#1956);
#1955 = CARTESIAN_POINT('',(3.2,4.25,2.25));
#1956 = VECTOR('',#1957,1.);
#1957 = DIRECTION('',(4.336808689942E-16,1.,0.));
#1958 = ORIENTED_EDGE('',*,*,#1959,.F.);
#1959 = EDGE_CURVE('',#1960,#1952,#1962,.T.);
#1960 = VERTEX_POINT('',#1961);
#1961 = CARTESIAN_POINT('',(2.25,2.25,2.25));
#1962 = LINE('',#1963,#1964);
#1963 = CARTESIAN_POINT('',(3.2,2.25,2.25));
#1964 = VECTOR('',#1965,1.);
#1965 = DIRECTION('',(1.,0.,0.));
#1966 = ORIENTED_EDGE('',*,*,#1967,.F.);
#1967 = EDGE_CURVE('',#1968,#1960,#1970,.T.);
#1968 = VERTEX_POINT('',#1969);
#1969 = CARTESIAN_POINT('',(2.25,6.,2.25));
#1970 = LINE('',#1971,#1972);
#1971 = CARTESIAN_POINT('',(2.25,4.25,2.25));
#1972 = VECTOR('',#1973,1.);
#1973 = DIRECTION('',(-1.084202172486E-16,-1.,0.));
#1974 = ORIENTED_EDGE('',*,*,#1975,.T.);
#1975 = EDGE_CURVE('',#1968,#1976,#1978,.T.);
#1976 = VERTEX_POINT('',#1977);
#1977 = CARTESIAN_POINT('',(1.225,6.,2.25));
#1978 = LINE('',#1979,#1980);
#1979 = CARTESIAN_POINT('',(3.95,6.,2.25));
#1980 = VECTOR('',#1981,1.);
#1981 = DIRECTION('',(-1.,0.,0.));
#1982 = ORIENTED_EDGE('',*,*,#1983,.F.);
#1983 = EDGE_CURVE('',#1538,#1976,#1984,.T.);
#1984 = LINE('',#1985,#1986);
#1985 = CARTESIAN_POINT('',(1.225,1.75,2.25));
#1986 = VECTOR('',#1987,1.);
#1987 = DIRECTION('',(0.,1.,0.));
#1988 = ORIENTED_EDGE('',*,*,#1537,.F.);
#1989 = ORIENTED_EDGE('',*,*,#1515,.F.);
#1990 = ORIENTED_EDGE('',*,*,#1498,.T.);
#1991 = FACE_BOUND('',#1992,.T.);
#1992 = EDGE_LOOP('',(#1993,#1994,#1995,#1996));
#1993 = ORIENTED_EDGE('',*,*,#1888,.F.);
#1994 = ORIENTED_EDGE('',*,*,#1864,.F.);
#1995 = ORIENTED_EDGE('',*,*,#1840,.F.);
#1996 = ORIENTED_EDGE('',*,*,#1816,.F.);
#1997 = PLANE('',#1998);
#1998 = AXIS2_PLACEMENT_3D('',#1999,#2000,#2001);
#1999 = CARTESIAN_POINT('',(1.95,6.,2.25));
#2000 = DIRECTION('',(0.,-9.407394121349E-17,-1.));
#2001 = DIRECTION('',(0.,-1.,9.407394121349E-17));
#2002 = ADVANCED_FACE('',(#2003),#2028,.F.);
#2003 = FACE_BOUND('',#2004,.T.);
#2004 = EDGE_LOOP('',(#2005,#2013,#2021,#2027));
#2005 = ORIENTED_EDGE('',*,*,#2006,.T.);
#2006 = EDGE_CURVE('',#1904,#2007,#2009,.T.);
#2007 = VERTEX_POINT('',#2008);
#2008 = CARTESIAN_POINT('',(-3.95,1.39,1.85));
#2009 = LINE('',#2010,#2011);
#2010 = CARTESIAN_POINT('',(-3.95,1.39,2.25));
#2011 = VECTOR('',#2012,1.);
#2012 = DIRECTION('',(0.,0.,-1.));
#2013 = ORIENTED_EDGE('',*,*,#2014,.F.);
#2014 = EDGE_CURVE('',#2015,#2007,#2017,.T.);
#2015 = VERTEX_POINT('',#2016);
#2016 = CARTESIAN_POINT('',(3.95,1.39,1.85));
#2017 = LINE('',#2018,#2019);
#2018 = CARTESIAN_POINT('',(1.95,1.39,1.85));
#2019 = VECTOR('',#2020,1.);
#2020 = DIRECTION('',(-1.,0.,0.));
#2021 = ORIENTED_EDGE('',*,*,#2022,.F.);
#2022 = EDGE_CURVE('',#1912,#2015,#2023,.T.);
#2023 = LINE('',#2024,#2025);
#2024 = CARTESIAN_POINT('',(3.95,1.39,2.25));
#2025 = VECTOR('',#2026,1.);
#2026 = DIRECTION('',(0.,0.,-1.));
#2027 = ORIENTED_EDGE('',*,*,#1911,.T.);
#2028 = PLANE('',#2029);
#2029 = AXIS2_PLACEMENT_3D('',#2030,#2031,#2032);
#2030 = CARTESIAN_POINT('',(1.95,1.39,2.25));
#2031 = DIRECTION('',(-0.,1.,0.));
#2032 = DIRECTION('',(1.,0.,0.));
#2033 = ADVANCED_FACE('',(#2034),#2059,.F.);
#2034 = FACE_BOUND('',#2035,.T.);
#2035 = EDGE_LOOP('',(#2036,#2044,#2052,#2058));
#2036 = ORIENTED_EDGE('',*,*,#2037,.T.);
#2037 = EDGE_CURVE('',#2007,#2038,#2040,.T.);
#2038 = VERTEX_POINT('',#2039);
#2039 = CARTESIAN_POINT('',(-3.95,0.83,1.85));
#2040 = LINE('',#2041,#2042);
#2041 = CARTESIAN_POINT('',(-3.95,1.39,1.85));
#2042 = VECTOR('',#2043,1.);
#2043 = DIRECTION('',(0.,-1.,-3.87215061602E-16));
#2044 = ORIENTED_EDGE('',*,*,#2045,.F.);
#2045 = EDGE_CURVE('',#2046,#2038,#2048,.T.);
#2046 = VERTEX_POINT('',#2047);
#2047 = CARTESIAN_POINT('',(3.95,0.83,1.85));
#2048 = LINE('',#2049,#2050);
#2049 = CARTESIAN_POINT('',(1.95,0.83,1.85));
#2050 = VECTOR('',#2051,1.);
#2051 = DIRECTION('',(-1.,0.,0.));
#2052 = ORIENTED_EDGE('',*,*,#2053,.F.);
#2053 = EDGE_CURVE('',#2015,#2046,#2054,.T.);
#2054 = LINE('',#2055,#2056);
#2055 = CARTESIAN_POINT('',(3.95,1.39,1.85));
#2056 = VECTOR('',#2057,1.);
#2057 = DIRECTION('',(0.,-1.,-3.87215061602E-16));
#2058 = ORIENTED_EDGE('',*,*,#2014,.T.);
#2059 = PLANE('',#2060);
#2060 = AXIS2_PLACEMENT_3D('',#2061,#2062,#2063);
#2061 = CARTESIAN_POINT('',(1.95,1.39,1.85));
#2062 = DIRECTION('',(0.,3.87215061602E-16,-1.));
#2063 = DIRECTION('',(-1.,0.,0.));
#2064 = ADVANCED_FACE('',(#2065),#2090,.F.);
#2065 = FACE_BOUND('',#2066,.T.);
#2066 = EDGE_LOOP('',(#2067,#2068,#2076,#2084));
#2067 = ORIENTED_EDGE('',*,*,#1433,.F.);
#2068 = ORIENTED_EDGE('',*,*,#2069,.T.);
#2069 = EDGE_CURVE('',#1426,#2070,#2072,.T.);
#2070 = VERTEX_POINT('',#2071);
#2071 = CARTESIAN_POINT('',(-0.8,-4.336808689942E-16,2.25));
#2072 = LINE('',#2073,#2074);
#2073 = CARTESIAN_POINT('',(-0.8,-4.336808689942E-16,-2.25));
#2074 = VECTOR('',#2075,1.);
#2075 = DIRECTION('',(0.,0.,1.));
#2076 = ORIENTED_EDGE('',*,*,#2077,.T.);
#2077 = EDGE_CURVE('',#2070,#2078,#2080,.T.);
#2078 = VERTEX_POINT('',#2079);
#2079 = CARTESIAN_POINT('',(-1.2,-4.336808689942E-16,2.25));
#2080 = LINE('',#2081,#2082);
#2081 = CARTESIAN_POINT('',(1.95,-4.336808689942E-16,2.25));
#2082 = VECTOR('',#2083,1.);
#2083 = DIRECTION('',(-1.,0.,0.));
#2084 = ORIENTED_EDGE('',*,*,#2085,.F.);
#2085 = EDGE_CURVE('',#1434,#2078,#2086,.T.);
#2086 = LINE('',#2087,#2088);
#2087 = CARTESIAN_POINT('',(-1.2,-4.336808689942E-16,-2.25));
#2088 = VECTOR('',#2089,1.);
#2089 = DIRECTION('',(0.,0.,1.));
#2090 = PLANE('',#2091);
#2091 = AXIS2_PLACEMENT_3D('',#2092,#2093,#2094);
#2092 = CARTESIAN_POINT('',(1.95,-4.336808689942E-16,2.25));
#2093 = DIRECTION('',(0.,1.,1.927470528863E-16));
#2094 = DIRECTION('',(0.,1.927470528863E-16,-1.));
#2095 = ADVANCED_FACE('',(#2096),#2114,.F.);
#2096 = FACE_BOUND('',#2097,.T.);
#2097 = EDGE_LOOP('',(#2098,#2106,#2112,#2113));
#2098 = ORIENTED_EDGE('',*,*,#2099,.T.);
#2099 = EDGE_CURVE('',#2078,#2100,#2102,.T.);
#2100 = VERTEX_POINT('',#2101);
#2101 = CARTESIAN_POINT('',(-1.2,0.2,2.25));
#2102 = LINE('',#2103,#2104);
#2103 = CARTESIAN_POINT('',(-1.2,0.2,2.25));
#2104 = VECTOR('',#2105,1.);
#2105 = DIRECTION('',(-1.355252715607E-16,1.,0.));
#2106 = ORIENTED_EDGE('',*,*,#2107,.F.);
#2107 = EDGE_CURVE('',#1442,#2100,#2108,.T.);
#2108 = LINE('',#2109,#2110);
#2109 = CARTESIAN_POINT('',(-1.2,0.2,-2.25));
#2110 = VECTOR('',#2111,1.);
#2111 = DIRECTION('',(0.,0.,1.));
#2112 = ORIENTED_EDGE('',*,*,#1441,.F.);
#2113 = ORIENTED_EDGE('',*,*,#2085,.T.);
#2114 = PLANE('',#2115);
#2115 = AXIS2_PLACEMENT_3D('',#2116,#2117,#2118);
#2116 = CARTESIAN_POINT('',(-1.2,0.2,-2.25));
#2117 = DIRECTION('',(1.,1.355252715607E-16,0.));
#2118 = DIRECTION('',(-1.355252715607E-16,1.,0.));
#2119 = ADVANCED_FACE('',(#2120,#2126),#2144,.F.);
#2120 = FACE_BOUND('',#2121,.T.);
#2121 = EDGE_LOOP('',(#2122,#2123,#2124,#2125));
#2122 = ORIENTED_EDGE('',*,*,#1267,.T.);
#2123 = ORIENTED_EDGE('',*,*,#1289,.T.);
#2124 = ORIENTED_EDGE('',*,*,#1198,.T.);
#2125 = ORIENTED_EDGE('',*,*,#1236,.T.);
#2126 = FACE_BOUND('',#2127,.T.);
#2127 = EDGE_LOOP('',(#2128,#2136,#2142,#2143));
#2128 = ORIENTED_EDGE('',*,*,#2129,.T.);
#2129 = EDGE_CURVE('',#2100,#2130,#2132,.T.);
#2130 = VERTEX_POINT('',#2131);
#2131 = CARTESIAN_POINT('',(-2.8,0.2,2.25));
#2132 = LINE('',#2133,#2134);
#2133 = CARTESIAN_POINT('',(-1.2,0.2,2.25));
#2134 = VECTOR('',#2135,1.);
#2135 = DIRECTION('',(-1.,2.710505431214E-16,0.));
#2136 = ORIENTED_EDGE('',*,*,#2137,.F.);
#2137 = EDGE_CURVE('',#1450,#2130,#2138,.T.);
#2138 = LINE('',#2139,#2140);
#2139 = CARTESIAN_POINT('',(-2.8,0.2,-2.25));
#2140 = VECTOR('',#2141,1.);
#2141 = DIRECTION('',(0.,0.,1.));
#2142 = ORIENTED_EDGE('',*,*,#1449,.F.);
#2143 = ORIENTED_EDGE('',*,*,#2107,.T.);
#2144 = PLANE('',#2145);
#2145 = AXIS2_PLACEMENT_3D('',#2146,#2147,#2148);
#2146 = CARTESIAN_POINT('',(-1.2,0.2,-2.25));
#2147 = DIRECTION('',(2.710505431214E-16,1.,0.));
#2148 = DIRECTION('',(1.,-2.710505431214E-16,0.));
#2149 = ADVANCED_FACE('',(#2150),#2168,.F.);
#2150 = FACE_BOUND('',#2151,.T.);
#2151 = EDGE_LOOP('',(#2152,#2160,#2166,#2167));
#2152 = ORIENTED_EDGE('',*,*,#2153,.T.);
#2153 = EDGE_CURVE('',#2130,#2154,#2156,.T.);
#2154 = VERTEX_POINT('',#2155);
#2155 = CARTESIAN_POINT('',(-2.8,-4.336808689942E-16,2.25));
#2156 = LINE('',#2157,#2158);
#2157 = CARTESIAN_POINT('',(-2.8,0.2,2.25));
#2158 = VECTOR('',#2159,1.);
#2159 = DIRECTION('',(0.,-1.,0.));
#2160 = ORIENTED_EDGE('',*,*,#2161,.F.);
#2161 = EDGE_CURVE('',#1458,#2154,#2162,.T.);
#2162 = LINE('',#2163,#2164);
#2163 = CARTESIAN_POINT('',(-2.8,-4.336808689942E-16,-2.25));
#2164 = VECTOR('',#2165,1.);
#2165 = DIRECTION('',(0.,0.,1.));
#2166 = ORIENTED_EDGE('',*,*,#1457,.F.);
#2167 = ORIENTED_EDGE('',*,*,#2137,.T.);
#2168 = PLANE('',#2169);
#2169 = AXIS2_PLACEMENT_3D('',#2170,#2171,#2172);
#2170 = CARTESIAN_POINT('',(-2.8,0.2,-2.25));
#2171 = DIRECTION('',(-1.,0.,0.));
#2172 = DIRECTION('',(0.,0.,1.));
#2173 = ADVANCED_FACE('',(#2174),#2192,.F.);
#2174 = FACE_BOUND('',#2175,.T.);
#2175 = EDGE_LOOP('',(#2176,#2177,#2178,#2186));
#2176 = ORIENTED_EDGE('',*,*,#1465,.F.);
#2177 = ORIENTED_EDGE('',*,*,#2161,.T.);
#2178 = ORIENTED_EDGE('',*,*,#2179,.T.);
#2179 = EDGE_CURVE('',#2154,#2180,#2182,.T.);
#2180 = VERTEX_POINT('',#2181);
#2181 = CARTESIAN_POINT('',(-3.95,-4.336808689942E-16,2.25));
#2182 = LINE('',#2183,#2184);
#2183 = CARTESIAN_POINT('',(1.95,-4.336808689942E-16,2.25));
#2184 = VECTOR('',#2185,1.);
#2185 = DIRECTION('',(-1.,0.,0.));
#2186 = ORIENTED_EDGE('',*,*,#2187,.T.);
#2187 = EDGE_CURVE('',#2180,#1344,#2188,.T.);
#2188 = LINE('',#2189,#2190);
#2189 = CARTESIAN_POINT('',(-3.95,-4.336808689942E-16,2.25));
#2190 = VECTOR('',#2191,1.);
#2191 = DIRECTION('',(0.,1.927470528863E-16,-1.));
#2192 = PLANE('',#2193);
#2193 = AXIS2_PLACEMENT_3D('',#2194,#2195,#2196);
#2194 = CARTESIAN_POINT('',(1.95,-4.336808689942E-16,2.25));
#2195 = DIRECTION('',(0.,1.,1.927470528863E-16));
#2196 = DIRECTION('',(0.,1.927470528863E-16,-1.));
#2197 = ADVANCED_FACE('',(#2198),#2224,.F.);
#2198 = FACE_BOUND('',#2199,.T.);
#2199 = EDGE_LOOP('',(#2200,#2201,#2202,#2210,#2216,#2217,#2218,#2219,
    #2220,#2221,#2222,#2223));
#2200 = ORIENTED_EDGE('',*,*,#1343,.F.);
#2201 = ORIENTED_EDGE('',*,*,#2187,.F.);
#2202 = ORIENTED_EDGE('',*,*,#2203,.F.);
#2203 = EDGE_CURVE('',#2204,#2180,#2206,.T.);
#2204 = VERTEX_POINT('',#2205);
#2205 = CARTESIAN_POINT('',(-3.95,0.83,2.25));
#2206 = LINE('',#2207,#2208);
#2207 = CARTESIAN_POINT('',(-3.95,0.83,2.25));
#2208 = VECTOR('',#2209,1.);
#2209 = DIRECTION('',(0.,-1.,0.));
#2210 = ORIENTED_EDGE('',*,*,#2211,.F.);
#2211 = EDGE_CURVE('',#2038,#2204,#2212,.T.);
#2212 = LINE('',#2213,#2214);
#2213 = CARTESIAN_POINT('',(-3.95,0.83,1.85));
#2214 = VECTOR('',#2215,1.);
#2215 = DIRECTION('',(0.,0.,1.));
#2216 = ORIENTED_EDGE('',*,*,#2037,.F.);
#2217 = ORIENTED_EDGE('',*,*,#2006,.F.);
#2218 = ORIENTED_EDGE('',*,*,#1903,.F.);
#2219 = ORIENTED_EDGE('',*,*,#1490,.F.);
#2220 = ORIENTED_EDGE('',*,*,#1101,.F.);
#2221 = ORIENTED_EDGE('',*,*,#1012,.F.);
#2222 = ORIENTED_EDGE('',*,*,#1328,.F.);
#2223 = ORIENTED_EDGE('',*,*,#1750,.F.);
#2224 = PLANE('',#2225);
#2225 = AXIS2_PLACEMENT_3D('',#2226,#2227,#2228);
#2226 = CARTESIAN_POINT('',(-3.95,4.5,0.38));
#2227 = DIRECTION('',(1.,0.,0.));
#2228 = DIRECTION('',(-0.,1.,0.));
#2229 = ADVANCED_FACE('',(#2230),#2248,.F.);
#2230 = FACE_BOUND('',#2231,.T.);
#2231 = EDGE_LOOP('',(#2232,#2233,#2241,#2247));
#2232 = ORIENTED_EDGE('',*,*,#2211,.T.);
#2233 = ORIENTED_EDGE('',*,*,#2234,.F.);
#2234 = EDGE_CURVE('',#2235,#2204,#2237,.T.);
#2235 = VERTEX_POINT('',#2236);
#2236 = CARTESIAN_POINT('',(3.95,0.83,2.25));
#2237 = LINE('',#2238,#2239);
#2238 = CARTESIAN_POINT('',(1.95,0.83,2.25));
#2239 = VECTOR('',#2240,1.);
#2240 = DIRECTION('',(-1.,0.,0.));
#2241 = ORIENTED_EDGE('',*,*,#2242,.F.);
#2242 = EDGE_CURVE('',#2046,#2235,#2243,.T.);
#2243 = LINE('',#2244,#2245);
#2244 = CARTESIAN_POINT('',(3.95,0.83,1.85));
#2245 = VECTOR('',#2246,1.);
#2246 = DIRECTION('',(0.,0.,1.));
#2247 = ORIENTED_EDGE('',*,*,#2045,.T.);
#2248 = PLANE('',#2249);
#2249 = AXIS2_PLACEMENT_3D('',#2250,#2251,#2252);
#2250 = CARTESIAN_POINT('',(1.95,0.83,1.85));
#2251 = DIRECTION('',(0.,-1.,0.));
#2252 = DIRECTION('',(0.,0.,-1.));
#2253 = ADVANCED_FACE('',(#2254),#2333,.F.);
#2254 = FACE_BOUND('',#2255,.T.);
#2255 = EDGE_LOOP('',(#2256,#2266,#2274,#2282,#2290,#2298,#2306,#2312,
    #2313,#2314,#2315,#2316,#2317,#2318,#2319,#2327));
#2256 = ORIENTED_EDGE('',*,*,#2257,.F.);
#2257 = EDGE_CURVE('',#2258,#2260,#2262,.T.);
#2258 = VERTEX_POINT('',#2259);
#2259 = CARTESIAN_POINT('',(0.8,-4.336808689942E-16,2.25));
#2260 = VERTEX_POINT('',#2261);
#2261 = CARTESIAN_POINT('',(0.8,0.2,2.25));
#2262 = LINE('',#2263,#2264);
#2263 = CARTESIAN_POINT('',(0.8,0.2,2.25));
#2264 = VECTOR('',#2265,1.);
#2265 = DIRECTION('',(0.,1.,0.));
#2266 = ORIENTED_EDGE('',*,*,#2267,.F.);
#2267 = EDGE_CURVE('',#2268,#2258,#2270,.T.);
#2268 = VERTEX_POINT('',#2269);
#2269 = CARTESIAN_POINT('',(1.2,-4.336808689942E-16,2.25));
#2270 = LINE('',#2271,#2272);
#2271 = CARTESIAN_POINT('',(1.95,-4.336808689942E-16,2.25));
#2272 = VECTOR('',#2273,1.);
#2273 = DIRECTION('',(-1.,0.,0.));
#2274 = ORIENTED_EDGE('',*,*,#2275,.F.);
#2275 = EDGE_CURVE('',#2276,#2268,#2278,.T.);
#2276 = VERTEX_POINT('',#2277);
#2277 = CARTESIAN_POINT('',(1.2,0.2,2.25));
#2278 = LINE('',#2279,#2280);
#2279 = CARTESIAN_POINT('',(1.2,0.2,2.25));
#2280 = VECTOR('',#2281,1.);
#2281 = DIRECTION('',(-1.355252715607E-16,-1.,0.));
#2282 = ORIENTED_EDGE('',*,*,#2283,.F.);
#2283 = EDGE_CURVE('',#2284,#2276,#2286,.T.);
#2284 = VERTEX_POINT('',#2285);
#2285 = CARTESIAN_POINT('',(2.8,0.2,2.25));
#2286 = LINE('',#2287,#2288);
#2287 = CARTESIAN_POINT('',(1.2,0.2,2.25));
#2288 = VECTOR('',#2289,1.);
#2289 = DIRECTION('',(-1.,-2.710505431214E-16,0.));
#2290 = ORIENTED_EDGE('',*,*,#2291,.F.);
#2291 = EDGE_CURVE('',#2292,#2284,#2294,.T.);
#2292 = VERTEX_POINT('',#2293);
#2293 = CARTESIAN_POINT('',(2.8,-4.336808689942E-16,2.25));
#2294 = LINE('',#2295,#2296);
#2295 = CARTESIAN_POINT('',(2.8,0.2,2.25));
#2296 = VECTOR('',#2297,1.);
#2297 = DIRECTION('',(0.,1.,0.));
#2298 = ORIENTED_EDGE('',*,*,#2299,.F.);
#2299 = EDGE_CURVE('',#2300,#2292,#2302,.T.);
#2300 = VERTEX_POINT('',#2301);
#2301 = CARTESIAN_POINT('',(3.95,-4.336808689942E-16,2.25));
#2302 = LINE('',#2303,#2304);
#2303 = CARTESIAN_POINT('',(3.95,-4.336808689942E-16,2.25));
#2304 = VECTOR('',#2305,1.);
#2305 = DIRECTION('',(-1.,0.,0.));
#2306 = ORIENTED_EDGE('',*,*,#2307,.F.);
#2307 = EDGE_CURVE('',#2235,#2300,#2308,.T.);
#2308 = LINE('',#2309,#2310);
#2309 = CARTESIAN_POINT('',(3.95,0.83,2.25));
#2310 = VECTOR('',#2311,1.);
#2311 = DIRECTION('',(0.,-1.,0.));
#2312 = ORIENTED_EDGE('',*,*,#2234,.T.);
#2313 = ORIENTED_EDGE('',*,*,#2203,.T.);
#2314 = ORIENTED_EDGE('',*,*,#2179,.F.);
#2315 = ORIENTED_EDGE('',*,*,#2153,.F.);
#2316 = ORIENTED_EDGE('',*,*,#2129,.F.);
#2317 = ORIENTED_EDGE('',*,*,#2099,.F.);
#2318 = ORIENTED_EDGE('',*,*,#2077,.F.);
#2319 = ORIENTED_EDGE('',*,*,#2320,.F.);
#2320 = EDGE_CURVE('',#2321,#2070,#2323,.T.);
#2321 = VERTEX_POINT('',#2322);
#2322 = CARTESIAN_POINT('',(-0.8,0.2,2.25));
#2323 = LINE('',#2324,#2325);
#2324 = CARTESIAN_POINT('',(-0.8,0.2,2.25));
#2325 = VECTOR('',#2326,1.);
#2326 = DIRECTION('',(0.,-1.,0.));
#2327 = ORIENTED_EDGE('',*,*,#2328,.F.);
#2328 = EDGE_CURVE('',#2260,#2321,#2329,.T.);
#2329 = LINE('',#2330,#2331);
#2330 = CARTESIAN_POINT('',(-0.8,0.2,2.25));
#2331 = VECTOR('',#2332,1.);
#2332 = DIRECTION('',(-1.,0.,0.));
#2333 = PLANE('',#2334);
#2334 = AXIS2_PLACEMENT_3D('',#2335,#2336,#2337);
#2335 = CARTESIAN_POINT('',(1.95,0.83,2.25));
#2336 = DIRECTION('',(0.,0.,-1.));
#2337 = DIRECTION('',(0.,-1.,0.));
#2338 = ADVANCED_FACE('',(#2339),#2385,.F.);
#2339 = FACE_BOUND('',#2340,.T.);
#2340 = EDGE_LOOP('',(#2341,#2342,#2343,#2344,#2345,#2346,#2352,#2353,
    #2354,#2362,#2371,#2379));
#2341 = ORIENTED_EDGE('',*,*,#1919,.T.);
#2342 = ORIENTED_EDGE('',*,*,#2022,.T.);
#2343 = ORIENTED_EDGE('',*,*,#2053,.T.);
#2344 = ORIENTED_EDGE('',*,*,#2242,.T.);
#2345 = ORIENTED_EDGE('',*,*,#2307,.T.);
#2346 = ORIENTED_EDGE('',*,*,#2347,.T.);
#2347 = EDGE_CURVE('',#2300,#1362,#2348,.T.);
#2348 = LINE('',#2349,#2350);
#2349 = CARTESIAN_POINT('',(3.95,-4.336808689942E-16,2.25));
#2350 = VECTOR('',#2351,1.);
#2351 = DIRECTION('',(0.,1.927470528863E-16,-1.));
#2352 = ORIENTED_EDGE('',*,*,#1361,.T.);
#2353 = ORIENTED_EDGE('',*,*,#1743,.T.);
#2354 = ORIENTED_EDGE('',*,*,#2355,.T.);
#2355 = EDGE_CURVE('',#1736,#2356,#2358,.T.);
#2356 = VERTEX_POINT('',#2357);
#2357 = CARTESIAN_POINT('',(3.95,4.5,-0.12));
#2358 = LINE('',#2359,#2360);
#2359 = CARTESIAN_POINT('',(3.95,4.5,-0.12));
#2360 = VECTOR('',#2361,1.);
#2361 = DIRECTION('',(0.,-1.,0.));
#2362 = ORIENTED_EDGE('',*,*,#2363,.T.);
#2363 = EDGE_CURVE('',#2356,#2364,#2366,.T.);
#2364 = VERTEX_POINT('',#2365);
#2365 = CARTESIAN_POINT('',(3.95,4.5,0.88));
#2366 = CIRCLE('',#2367,0.5);
#2367 = AXIS2_PLACEMENT_3D('',#2368,#2369,#2370);
#2368 = CARTESIAN_POINT('',(3.95,4.5,0.38));
#2369 = DIRECTION('',(-1.,0.,0.));
#2370 = DIRECTION('',(0.,0.,-1.));
#2371 = ORIENTED_EDGE('',*,*,#2372,.T.);
#2372 = EDGE_CURVE('',#2364,#2373,#2375,.T.);
#2373 = VERTEX_POINT('',#2374);
#2374 = CARTESIAN_POINT('',(3.95,6.,0.88));
#2375 = LINE('',#2376,#2377);
#2376 = CARTESIAN_POINT('',(3.95,6.,0.88));
#2377 = VECTOR('',#2378,1.);
#2378 = DIRECTION('',(0.,1.,0.));
#2379 = ORIENTED_EDGE('',*,*,#2380,.T.);
#2380 = EDGE_CURVE('',#2373,#1920,#2381,.T.);
#2381 = LINE('',#2382,#2383);
#2382 = CARTESIAN_POINT('',(3.95,6.,0.88));
#2383 = VECTOR('',#2384,1.);
#2384 = DIRECTION('',(0.,-3.165553788279E-16,1.));
#2385 = PLANE('',#2386);
#2386 = AXIS2_PLACEMENT_3D('',#2387,#2388,#2389);
#2387 = CARTESIAN_POINT('',(3.95,0.,0.));
#2388 = DIRECTION('',(-1.,0.,0.));
#2389 = DIRECTION('',(0.,0.,1.));
#2390 = ADVANCED_FACE('',(#2391),#2416,.F.);
#2391 = FACE_BOUND('',#2392,.T.);
#2392 = EDGE_LOOP('',(#2393,#2401,#2402,#2410));
#2393 = ORIENTED_EDGE('',*,*,#2394,.T.);
#2394 = EDGE_CURVE('',#2395,#1594,#2397,.T.);
#2395 = VERTEX_POINT('',#2396);
#2396 = CARTESIAN_POINT('',(0.25,0.2,0.3));
#2397 = LINE('',#2398,#2399);
#2398 = CARTESIAN_POINT('',(0.25,-3.4,0.3));
#2399 = VECTOR('',#2400,1.);
#2400 = DIRECTION('',(3.504579431023E-32,1.,2.478176394253E-16));
#2401 = ORIENTED_EDGE('',*,*,#1593,.T.);
#2402 = ORIENTED_EDGE('',*,*,#2403,.F.);
#2403 = EDGE_CURVE('',#2404,#1596,#2406,.T.);
#2404 = VERTEX_POINT('',#2405);
#2405 = CARTESIAN_POINT('',(-0.25,0.2,0.3));
#2406 = LINE('',#2407,#2408);
#2407 = CARTESIAN_POINT('',(-0.25,-3.4,0.3));
#2408 = VECTOR('',#2409,1.);
#2409 = DIRECTION('',(3.504579431023E-32,1.,2.478176394253E-16));
#2410 = ORIENTED_EDGE('',*,*,#2411,.F.);
#2411 = EDGE_CURVE('',#2395,#2404,#2412,.T.);
#2412 = LINE('',#2413,#2414);
#2413 = CARTESIAN_POINT('',(-0.8,0.2,0.3));
#2414 = VECTOR('',#2415,1.);
#2415 = DIRECTION('',(-1.,0.,0.));
#2416 = PLANE('',#2417);
#2417 = AXIS2_PLACEMENT_3D('',#2418,#2419,#2420);
#2418 = CARTESIAN_POINT('',(-0.25,-3.4,0.3));
#2419 = DIRECTION('',(0.,2.478176394253E-16,-1.));
#2420 = DIRECTION('',(-1.,0.,0.));
#2421 = ADVANCED_FACE('',(#2422),#2440,.F.);
#2422 = FACE_BOUND('',#2423,.T.);
#2423 = EDGE_LOOP('',(#2424,#2432,#2433,#2434));
#2424 = ORIENTED_EDGE('',*,*,#2425,.T.);
#2425 = EDGE_CURVE('',#2426,#1604,#2428,.T.);
#2426 = VERTEX_POINT('',#2427);
#2427 = CARTESIAN_POINT('',(0.25,0.2,0.8));
#2428 = LINE('',#2429,#2430);
#2429 = CARTESIAN_POINT('',(0.25,-3.4,0.8));
#2430 = VECTOR('',#2431,1.);
#2431 = DIRECTION('',(3.504579431023E-32,1.,2.478176394253E-16));
#2432 = ORIENTED_EDGE('',*,*,#1603,.T.);
#2433 = ORIENTED_EDGE('',*,*,#2394,.F.);
#2434 = ORIENTED_EDGE('',*,*,#2435,.F.);
#2435 = EDGE_CURVE('',#2426,#2395,#2436,.T.);
#2436 = LINE('',#2437,#2438);
#2437 = CARTESIAN_POINT('',(0.25,0.2,-2.25));
#2438 = VECTOR('',#2439,1.);
#2439 = DIRECTION('',(-1.519869053105E-47,0.,-1.));
#2440 = PLANE('',#2441);
#2441 = AXIS2_PLACEMENT_3D('',#2442,#2443,#2444);
#2442 = CARTESIAN_POINT('',(0.25,-3.4,0.3));
#2443 = DIRECTION('',(1.,-3.504579431023E-32,-1.519869053105E-47));
#2444 = DIRECTION('',(-3.504579431023E-32,-1.,0.));
#2445 = ADVANCED_FACE('',(#2446),#2464,.F.);
#2446 = FACE_BOUND('',#2447,.T.);
#2447 = EDGE_LOOP('',(#2448,#2456,#2457,#2458));
#2448 = ORIENTED_EDGE('',*,*,#2449,.T.);
#2449 = EDGE_CURVE('',#2450,#1612,#2452,.T.);
#2450 = VERTEX_POINT('',#2451);
#2451 = CARTESIAN_POINT('',(-0.25,0.2,0.8));
#2452 = LINE('',#2453,#2454);
#2453 = CARTESIAN_POINT('',(-0.25,-3.4,0.8));
#2454 = VECTOR('',#2455,1.);
#2455 = DIRECTION('',(3.504579431023E-32,1.,2.478176394253E-16));
#2456 = ORIENTED_EDGE('',*,*,#1611,.T.);
#2457 = ORIENTED_EDGE('',*,*,#2425,.F.);
#2458 = ORIENTED_EDGE('',*,*,#2459,.F.);
#2459 = EDGE_CURVE('',#2450,#2426,#2460,.T.);
#2460 = LINE('',#2461,#2462);
#2461 = CARTESIAN_POINT('',(-0.8,0.2,0.8));
#2462 = VECTOR('',#2463,1.);
#2463 = DIRECTION('',(1.,0.,0.));
#2464 = PLANE('',#2465);
#2465 = AXIS2_PLACEMENT_3D('',#2466,#2467,#2468);
#2466 = CARTESIAN_POINT('',(-0.25,-3.4,0.8));
#2467 = DIRECTION('',(0.,-2.478176394253E-16,1.));
#2468 = DIRECTION('',(0.,-1.,-2.478176394253E-16));
#2469 = ADVANCED_FACE('',(#2470),#2481,.F.);
#2470 = FACE_BOUND('',#2471,.T.);
#2471 = EDGE_LOOP('',(#2472,#2473,#2474,#2475));
#2472 = ORIENTED_EDGE('',*,*,#2403,.T.);
#2473 = ORIENTED_EDGE('',*,*,#1619,.T.);
#2474 = ORIENTED_EDGE('',*,*,#2449,.F.);
#2475 = ORIENTED_EDGE('',*,*,#2476,.F.);
#2476 = EDGE_CURVE('',#2404,#2450,#2477,.T.);
#2477 = LINE('',#2478,#2479);
#2478 = CARTESIAN_POINT('',(-0.25,0.2,-2.25));
#2479 = VECTOR('',#2480,1.);
#2480 = DIRECTION('',(1.519869053105E-47,0.,1.));
#2481 = PLANE('',#2482);
#2482 = AXIS2_PLACEMENT_3D('',#2483,#2484,#2485);
#2483 = CARTESIAN_POINT('',(-0.25,-3.4,0.3));
#2484 = DIRECTION('',(-1.,3.504579431023E-32,1.519869053105E-47));
#2485 = DIRECTION('',(1.519869053105E-47,0.,1.));
#2486 = ADVANCED_FACE('',(#2487),#2503,.F.);
#2487 = FACE_BOUND('',#2488,.T.);
#2488 = EDGE_LOOP('',(#2489,#2495,#2496,#2502));
#2489 = ORIENTED_EDGE('',*,*,#2490,.F.);
#2490 = EDGE_CURVE('',#1402,#2258,#2491,.T.);
#2491 = LINE('',#2492,#2493);
#2492 = CARTESIAN_POINT('',(0.8,-4.336808689942E-16,-2.25));
#2493 = VECTOR('',#2494,1.);
#2494 = DIRECTION('',(0.,0.,1.));
#2495 = ORIENTED_EDGE('',*,*,#1401,.F.);
#2496 = ORIENTED_EDGE('',*,*,#2497,.T.);
#2497 = EDGE_CURVE('',#1394,#2268,#2498,.T.);
#2498 = LINE('',#2499,#2500);
#2499 = CARTESIAN_POINT('',(1.2,-4.336808689942E-16,-2.25));
#2500 = VECTOR('',#2501,1.);
#2501 = DIRECTION('',(0.,0.,1.));
#2502 = ORIENTED_EDGE('',*,*,#2267,.T.);
#2503 = PLANE('',#2504);
#2504 = AXIS2_PLACEMENT_3D('',#2505,#2506,#2507);
#2505 = CARTESIAN_POINT('',(1.95,-4.336808689942E-16,2.25));
#2506 = DIRECTION('',(0.,1.,1.927470528863E-16));
#2507 = DIRECTION('',(0.,1.927470528863E-16,-1.));
#2508 = ADVANCED_FACE('',(#2509),#2520,.F.);
#2509 = FACE_BOUND('',#2510,.T.);
#2510 = EDGE_LOOP('',(#2511,#2512,#2518,#2519));
#2511 = ORIENTED_EDGE('',*,*,#2257,.T.);
#2512 = ORIENTED_EDGE('',*,*,#2513,.F.);
#2513 = EDGE_CURVE('',#1410,#2260,#2514,.T.);
#2514 = LINE('',#2515,#2516);
#2515 = CARTESIAN_POINT('',(0.8,0.2,-2.25));
#2516 = VECTOR('',#2517,1.);
#2517 = DIRECTION('',(0.,0.,1.));
#2518 = ORIENTED_EDGE('',*,*,#1409,.F.);
#2519 = ORIENTED_EDGE('',*,*,#2490,.T.);
#2520 = PLANE('',#2521);
#2521 = AXIS2_PLACEMENT_3D('',#2522,#2523,#2524);
#2522 = CARTESIAN_POINT('',(0.8,0.2,-2.25));
#2523 = DIRECTION('',(1.,0.,0.));
#2524 = DIRECTION('',(-0.,1.,0.));
#2525 = ADVANCED_FACE('',(#2526,#2532),#2543,.F.);
#2526 = FACE_BOUND('',#2527,.T.);
#2527 = EDGE_LOOP('',(#2528,#2529,#2530,#2531));
#2528 = ORIENTED_EDGE('',*,*,#2435,.T.);
#2529 = ORIENTED_EDGE('',*,*,#2411,.T.);
#2530 = ORIENTED_EDGE('',*,*,#2476,.T.);
#2531 = ORIENTED_EDGE('',*,*,#2459,.T.);
#2532 = FACE_BOUND('',#2533,.T.);
#2533 = EDGE_LOOP('',(#2534,#2535,#2541,#2542));
#2534 = ORIENTED_EDGE('',*,*,#2328,.T.);
#2535 = ORIENTED_EDGE('',*,*,#2536,.F.);
#2536 = EDGE_CURVE('',#1418,#2321,#2537,.T.);
#2537 = LINE('',#2538,#2539);
#2538 = CARTESIAN_POINT('',(-0.8,0.2,-2.25));
#2539 = VECTOR('',#2540,1.);
#2540 = DIRECTION('',(0.,0.,1.));
#2541 = ORIENTED_EDGE('',*,*,#1417,.F.);
#2542 = ORIENTED_EDGE('',*,*,#2513,.T.);
#2543 = PLANE('',#2544);
#2544 = AXIS2_PLACEMENT_3D('',#2545,#2546,#2547);
#2545 = CARTESIAN_POINT('',(-0.8,0.2,-2.25));
#2546 = DIRECTION('',(-0.,1.,0.));
#2547 = DIRECTION('',(1.,0.,0.));
#2548 = ADVANCED_FACE('',(#2549),#2555,.F.);
#2549 = FACE_BOUND('',#2550,.T.);
#2550 = EDGE_LOOP('',(#2551,#2552,#2553,#2554));
#2551 = ORIENTED_EDGE('',*,*,#2320,.T.);
#2552 = ORIENTED_EDGE('',*,*,#2069,.F.);
#2553 = ORIENTED_EDGE('',*,*,#1425,.F.);
#2554 = ORIENTED_EDGE('',*,*,#2536,.T.);
#2555 = PLANE('',#2556);
#2556 = AXIS2_PLACEMENT_3D('',#2557,#2558,#2559);
#2557 = CARTESIAN_POINT('',(-0.8,0.2,-2.25));
#2558 = DIRECTION('',(-1.,0.,0.));
#2559 = DIRECTION('',(0.,0.,1.));
#2560 = ADVANCED_FACE('',(#2561),#2595,.F.);
#2561 = FACE_BOUND('',#2562,.T.);
#2562 = EDGE_LOOP('',(#2563,#2573,#2581,#2589));
#2563 = ORIENTED_EDGE('',*,*,#2564,.T.);
#2564 = EDGE_CURVE('',#2565,#2567,#2569,.T.);
#2565 = VERTEX_POINT('',#2566);
#2566 = CARTESIAN_POINT('',(2.25,6.,2.15));
#2567 = VERTEX_POINT('',#2568);
#2568 = CARTESIAN_POINT('',(2.25,4.25,2.15));
#2569 = LINE('',#2570,#2571);
#2570 = CARTESIAN_POINT('',(2.25,4.25,2.15));
#2571 = VECTOR('',#2572,1.);
#2572 = DIRECTION('',(0.,-1.,0.));
#2573 = ORIENTED_EDGE('',*,*,#2574,.T.);
#2574 = EDGE_CURVE('',#2567,#2575,#2577,.T.);
#2575 = VERTEX_POINT('',#2576);
#2576 = CARTESIAN_POINT('',(2.725,4.25,2.15));
#2577 = LINE('',#2578,#2579);
#2578 = CARTESIAN_POINT('',(2.25,4.25,2.15));
#2579 = VECTOR('',#2580,1.);
#2580 = DIRECTION('',(1.,0.,0.));
#2581 = ORIENTED_EDGE('',*,*,#2582,.T.);
#2582 = EDGE_CURVE('',#2575,#2583,#2585,.T.);
#2583 = VERTEX_POINT('',#2584);
#2584 = CARTESIAN_POINT('',(2.725,6.,2.15));
#2585 = LINE('',#2586,#2587);
#2586 = CARTESIAN_POINT('',(2.725,4.25,2.15));
#2587 = VECTOR('',#2588,1.);
#2588 = DIRECTION('',(0.,1.,0.));
#2589 = ORIENTED_EDGE('',*,*,#2590,.T.);
#2590 = EDGE_CURVE('',#2583,#2565,#2591,.T.);
#2591 = LINE('',#2592,#2593);
#2592 = CARTESIAN_POINT('',(2.25,6.,2.15));
#2593 = VECTOR('',#2594,1.);
#2594 = DIRECTION('',(-1.,0.,0.));
#2595 = PLANE('',#2596);
#2596 = AXIS2_PLACEMENT_3D('',#2597,#2598,#2599);
#2597 = CARTESIAN_POINT('',(1.,3.,2.15));
#2598 = DIRECTION('',(0.,0.,-1.));
#2599 = DIRECTION('',(0.,-1.,0.));
#2600 = ADVANCED_FACE('',(#2601),#2635,.F.);
#2601 = FACE_BOUND('',#2602,.T.);
#2602 = EDGE_LOOP('',(#2603,#2613,#2621,#2629));
#2603 = ORIENTED_EDGE('',*,*,#2604,.T.);
#2604 = EDGE_CURVE('',#2605,#2607,#2609,.T.);
#2605 = VERTEX_POINT('',#2606);
#2606 = CARTESIAN_POINT('',(3.3,5.75,1.65));
#2607 = VERTEX_POINT('',#2608);
#2608 = CARTESIAN_POINT('',(3.55,6.,1.9));
#2609 = LINE('',#2610,#2611);
#2610 = CARTESIAN_POINT('',(2.133333333333,4.583333333333,0.483333333333
    ));
#2611 = VECTOR('',#2612,1.);
#2612 = DIRECTION('',(0.57735026919,0.57735026919,0.57735026919));
#2613 = ORIENTED_EDGE('',*,*,#2614,.F.);
#2614 = EDGE_CURVE('',#2615,#2607,#2617,.T.);
#2615 = VERTEX_POINT('',#2616);
#2616 = CARTESIAN_POINT('',(3.55,6.,0.88));
#2617 = LINE('',#2618,#2619);
#2618 = CARTESIAN_POINT('',(3.55,6.,0.88));
#2619 = VECTOR('',#2620,1.);
#2620 = DIRECTION('',(1.239088197126E-16,-3.165553788279E-16,1.));
#2621 = ORIENTED_EDGE('',*,*,#2622,.F.);
#2622 = EDGE_CURVE('',#2623,#2615,#2625,.T.);
#2623 = VERTEX_POINT('',#2624);
#2624 = CARTESIAN_POINT('',(3.3,5.75,0.88));
#2625 = LINE('',#2626,#2627);
#2626 = CARTESIAN_POINT('',(3.3,5.75,0.88));
#2627 = VECTOR('',#2628,1.);
#2628 = DIRECTION('',(0.707106781187,0.707106781187,0.));
#2629 = ORIENTED_EDGE('',*,*,#2630,.F.);
#2630 = EDGE_CURVE('',#2605,#2623,#2631,.T.);
#2631 = LINE('',#2632,#2633);
#2632 = CARTESIAN_POINT('',(3.3,5.75,-1.85));
#2633 = VECTOR('',#2634,1.);
#2634 = DIRECTION('',(-1.239088197126E-16,3.165553788279E-16,-1.));
#2635 = PLANE('',#2636);
#2636 = AXIS2_PLACEMENT_3D('',#2637,#2638,#2639);
#2637 = CARTESIAN_POINT('',(3.3,5.75,-1.85));
#2638 = DIRECTION('',(0.707106781187,-0.707106781187,-3.114552216579E-16
    ));
#2639 = DIRECTION('',(2.465190328816E-32,4.404641985405E-16,-1.));
#2640 = ADVANCED_FACE('',(#2641),#2666,.F.);
#2641 = FACE_BOUND('',#2642,.T.);
#2642 = EDGE_LOOP('',(#2643,#2653,#2659,#2660));
#2643 = ORIENTED_EDGE('',*,*,#2644,.F.);
#2644 = EDGE_CURVE('',#2645,#2647,#2649,.T.);
#2645 = VERTEX_POINT('',#2646);
#2646 = CARTESIAN_POINT('',(1.225,6.,1.9));
#2647 = VERTEX_POINT('',#2648);
#2648 = CARTESIAN_POINT('',(1.225,5.75,1.65));
#2649 = LINE('',#2650,#2651);
#2650 = CARTESIAN_POINT('',(1.225,5.75,1.65));
#2651 = VECTOR('',#2652,1.);
#2652 = DIRECTION('',(0.,-0.707106781187,-0.707106781187));
#2653 = ORIENTED_EDGE('',*,*,#2654,.F.);
#2654 = EDGE_CURVE('',#2607,#2645,#2655,.T.);
#2655 = LINE('',#2656,#2657);
#2656 = CARTESIAN_POINT('',(3.95,6.,1.9));
#2657 = VECTOR('',#2658,1.);
#2658 = DIRECTION('',(-1.,-4.476652557876E-32,1.41417674672E-16));
#2659 = ORIENTED_EDGE('',*,*,#2604,.F.);
#2660 = ORIENTED_EDGE('',*,*,#2661,.F.);
#2661 = EDGE_CURVE('',#2647,#2605,#2662,.T.);
#2662 = LINE('',#2663,#2664);
#2663 = CARTESIAN_POINT('',(-1.3,5.75,1.65));
#2664 = VECTOR('',#2665,1.);
#2665 = DIRECTION('',(1.,4.476652557876E-32,-1.41417674672E-16));
#2666 = PLANE('',#2667);
#2667 = AXIS2_PLACEMENT_3D('',#2668,#2669,#2670);
#2668 = CARTESIAN_POINT('',(-1.3,5.75,1.65));
#2669 = DIRECTION('',(9.999739674022E-17,-0.707106781187,0.707106781187)
  );
#2670 = DIRECTION('',(-1.,-1.41417674672E-16,0.));
#2671 = ADVANCED_FACE('',(#2672),#2696,.F.);
#2672 = FACE_BOUND('',#2673,.T.);
#2673 = EDGE_LOOP('',(#2674,#2682,#2683,#2689,#2690));
#2674 = ORIENTED_EDGE('',*,*,#2675,.T.);
#2675 = EDGE_CURVE('',#2676,#2623,#2678,.T.);
#2676 = VERTEX_POINT('',#2677);
#2677 = CARTESIAN_POINT('',(3.3,4.5,0.88));
#2678 = LINE('',#2679,#2680);
#2679 = CARTESIAN_POINT('',(3.3,6.,0.88));
#2680 = VECTOR('',#2681,1.);
#2681 = DIRECTION('',(-2.522858432348E-32,1.,0.));
#2682 = ORIENTED_EDGE('',*,*,#2622,.T.);
#2683 = ORIENTED_EDGE('',*,*,#2684,.F.);
#2684 = EDGE_CURVE('',#2373,#2615,#2685,.T.);
#2685 = LINE('',#2686,#2687);
#2686 = CARTESIAN_POINT('',(3.95,6.,0.88));
#2687 = VECTOR('',#2688,1.);
#2688 = DIRECTION('',(-1.,0.,0.));
#2689 = ORIENTED_EDGE('',*,*,#2372,.F.);
#2690 = ORIENTED_EDGE('',*,*,#2691,.T.);
#2691 = EDGE_CURVE('',#2364,#2676,#2692,.T.);
#2692 = LINE('',#2693,#2694);
#2693 = CARTESIAN_POINT('',(3.95,4.5,0.88));
#2694 = VECTOR('',#2695,1.);
#2695 = DIRECTION('',(-1.,0.,0.));
#2696 = PLANE('',#2697);
#2697 = AXIS2_PLACEMENT_3D('',#2698,#2699,#2700);
#2698 = CARTESIAN_POINT('',(3.95,6.,0.88));
#2699 = DIRECTION('',(0.,0.,1.));
#2700 = DIRECTION('',(1.,0.,-0.));
#2701 = ADVANCED_FACE('',(#2702),#2721,.F.);
#2702 = FACE_BOUND('',#2703,.F.);
#2703 = EDGE_LOOP('',(#2704,#2705,#2706,#2715));
#2704 = ORIENTED_EDGE('',*,*,#2363,.T.);
#2705 = ORIENTED_EDGE('',*,*,#2691,.T.);
#2706 = ORIENTED_EDGE('',*,*,#2707,.F.);
#2707 = EDGE_CURVE('',#2708,#2676,#2710,.T.);
#2708 = VERTEX_POINT('',#2709);
#2709 = CARTESIAN_POINT('',(3.3,4.5,-0.12));
#2710 = CIRCLE('',#2711,0.5);
#2711 = AXIS2_PLACEMENT_3D('',#2712,#2713,#2714);
#2712 = CARTESIAN_POINT('',(3.3,4.5,0.38));
#2713 = DIRECTION('',(-1.,-2.522858432348E-32,0.));
#2714 = DIRECTION('',(-0.,0.,-1.));
#2715 = ORIENTED_EDGE('',*,*,#2716,.F.);
#2716 = EDGE_CURVE('',#2356,#2708,#2717,.T.);
#2717 = LINE('',#2718,#2719);
#2718 = CARTESIAN_POINT('',(3.95,4.5,-0.12));
#2719 = VECTOR('',#2720,1.);
#2720 = DIRECTION('',(-1.,0.,0.));
#2721 = CYLINDRICAL_SURFACE('',#2722,0.5);
#2722 = AXIS2_PLACEMENT_3D('',#2723,#2724,#2725);
#2723 = CARTESIAN_POINT('',(3.95,4.5,0.38));
#2724 = DIRECTION('',(-1.,0.,0.));
#2725 = DIRECTION('',(0.,0.,1.));
#2726 = ADVANCED_FACE('',(#2727),#2759,.F.);
#2727 = FACE_BOUND('',#2728,.T.);
#2728 = EDGE_LOOP('',(#2729,#2739,#2745,#2746,#2752,#2753));
#2729 = ORIENTED_EDGE('',*,*,#2730,.T.);
#2730 = EDGE_CURVE('',#2731,#2733,#2735,.T.);
#2731 = VERTEX_POINT('',#2732);
#2732 = CARTESIAN_POINT('',(2.25,2.25,1.65));
#2733 = VERTEX_POINT('',#2734);
#2734 = CARTESIAN_POINT('',(2.25,4.25,1.65));
#2735 = LINE('',#2736,#2737);
#2736 = CARTESIAN_POINT('',(2.25,4.25,1.65));
#2737 = VECTOR('',#2738,1.);
#2738 = DIRECTION('',(1.084202172486E-16,1.,2.036060417813E-16));
#2739 = ORIENTED_EDGE('',*,*,#2740,.T.);
#2740 = EDGE_CURVE('',#2733,#2567,#2741,.T.);
#2741 = LINE('',#2742,#2743);
#2742 = CARTESIAN_POINT('',(2.25,4.25,-2.623757129272));
#2743 = VECTOR('',#2744,1.);
#2744 = DIRECTION('',(0.,0.,1.));
#2745 = ORIENTED_EDGE('',*,*,#2564,.F.);
#2746 = ORIENTED_EDGE('',*,*,#2747,.T.);
#2747 = EDGE_CURVE('',#2565,#1968,#2748,.T.);
#2748 = LINE('',#2749,#2750);
#2749 = CARTESIAN_POINT('',(2.25,6.,2.15));
#2750 = VECTOR('',#2751,1.);
#2751 = DIRECTION('',(0.,0.,1.));
#2752 = ORIENTED_EDGE('',*,*,#1967,.T.);
#2753 = ORIENTED_EDGE('',*,*,#2754,.F.);
#2754 = EDGE_CURVE('',#2731,#1960,#2755,.T.);
#2755 = LINE('',#2756,#2757);
#2756 = CARTESIAN_POINT('',(2.25,2.25,-2.623757129272));
#2757 = VECTOR('',#2758,1.);
#2758 = DIRECTION('',(0.,0.,1.));
#2759 = PLANE('',#2760);
#2760 = AXIS2_PLACEMENT_3D('',#2761,#2762,#2763);
#2761 = CARTESIAN_POINT('',(2.25,4.25,-2.623757129272));
#2762 = DIRECTION('',(-1.,1.084202172486E-16,0.));
#2763 = DIRECTION('',(0.,0.,1.));
#2764 = ADVANCED_FACE('',(#2765),#2783,.F.);
#2765 = FACE_BOUND('',#2766,.T.);
#2766 = EDGE_LOOP('',(#2767,#2775,#2776,#2777));
#2767 = ORIENTED_EDGE('',*,*,#2768,.T.);
#2768 = EDGE_CURVE('',#2769,#2731,#2771,.T.);
#2769 = VERTEX_POINT('',#2770);
#2770 = CARTESIAN_POINT('',(3.2,2.25,1.65));
#2771 = LINE('',#2772,#2773);
#2772 = CARTESIAN_POINT('',(3.2,2.25,1.65));
#2773 = VECTOR('',#2774,1.);
#2774 = DIRECTION('',(-1.,0.,1.41417674672E-16));
#2775 = ORIENTED_EDGE('',*,*,#2754,.T.);
#2776 = ORIENTED_EDGE('',*,*,#1959,.T.);
#2777 = ORIENTED_EDGE('',*,*,#2778,.F.);
#2778 = EDGE_CURVE('',#2769,#1952,#2779,.T.);
#2779 = LINE('',#2780,#2781);
#2780 = CARTESIAN_POINT('',(3.2,2.25,-2.623757129272));
#2781 = VECTOR('',#2782,1.);
#2782 = DIRECTION('',(0.,0.,1.));
#2783 = PLANE('',#2784);
#2784 = AXIS2_PLACEMENT_3D('',#2785,#2786,#2787);
#2785 = CARTESIAN_POINT('',(3.2,2.25,-2.623757129272));
#2786 = DIRECTION('',(0.,-1.,0.));
#2787 = DIRECTION('',(0.,0.,-1.));
#2788 = ADVANCED_FACE('',(#2789),#2807,.F.);
#2789 = FACE_BOUND('',#2790,.T.);
#2790 = EDGE_LOOP('',(#2791,#2799,#2800,#2801));
#2791 = ORIENTED_EDGE('',*,*,#2792,.T.);
#2792 = EDGE_CURVE('',#2793,#2769,#2795,.T.);
#2793 = VERTEX_POINT('',#2794);
#2794 = CARTESIAN_POINT('',(3.2,4.25,1.65));
#2795 = LINE('',#2796,#2797);
#2796 = CARTESIAN_POINT('',(3.2,4.25,1.65));
#2797 = VECTOR('',#2798,1.);
#2798 = DIRECTION('',(-4.336808689942E-16,-1.,-2.036060417813E-16));
#2799 = ORIENTED_EDGE('',*,*,#2778,.T.);
#2800 = ORIENTED_EDGE('',*,*,#1951,.T.);
#2801 = ORIENTED_EDGE('',*,*,#2802,.F.);
#2802 = EDGE_CURVE('',#2793,#1944,#2803,.T.);
#2803 = LINE('',#2804,#2805);
#2804 = CARTESIAN_POINT('',(3.2,4.25,-2.623757129272));
#2805 = VECTOR('',#2806,1.);
#2806 = DIRECTION('',(0.,0.,1.));
#2807 = PLANE('',#2808);
#2808 = AXIS2_PLACEMENT_3D('',#2809,#2810,#2811);
#2809 = CARTESIAN_POINT('',(3.2,4.25,-2.623757129272));
#2810 = DIRECTION('',(1.,-4.336808689942E-16,0.));
#2811 = DIRECTION('',(-4.336808689942E-16,-1.,0.));
#2812 = ADVANCED_FACE('',(#2813),#2831,.F.);
#2813 = FACE_BOUND('',#2814,.T.);
#2814 = EDGE_LOOP('',(#2815,#2816,#2822,#2823,#2824,#2830));
#2815 = ORIENTED_EDGE('',*,*,#1943,.T.);
#2816 = ORIENTED_EDGE('',*,*,#2817,.F.);
#2817 = EDGE_CURVE('',#2575,#1936,#2818,.T.);
#2818 = LINE('',#2819,#2820);
#2819 = CARTESIAN_POINT('',(2.725,4.25,2.15));
#2820 = VECTOR('',#2821,1.);
#2821 = DIRECTION('',(0.,0.,1.));
#2822 = ORIENTED_EDGE('',*,*,#2574,.F.);
#2823 = ORIENTED_EDGE('',*,*,#2740,.F.);
#2824 = ORIENTED_EDGE('',*,*,#2825,.T.);
#2825 = EDGE_CURVE('',#2733,#2793,#2826,.T.);
#2826 = LINE('',#2827,#2828);
#2827 = CARTESIAN_POINT('',(3.2,4.25,1.65));
#2828 = VECTOR('',#2829,1.);
#2829 = DIRECTION('',(1.,0.,-1.41417674672E-16));
#2830 = ORIENTED_EDGE('',*,*,#2802,.T.);
#2831 = PLANE('',#2832);
#2832 = AXIS2_PLACEMENT_3D('',#2833,#2834,#2835);
#2833 = CARTESIAN_POINT('',(3.2,4.25,-2.623757129272));
#2834 = DIRECTION('',(-0.,1.,0.));
#2835 = DIRECTION('',(1.,0.,0.));
#2836 = ADVANCED_FACE('',(#2837),#2848,.F.);
#2837 = FACE_BOUND('',#2838,.T.);
#2838 = EDGE_LOOP('',(#2839,#2840,#2846,#2847));
#2839 = ORIENTED_EDGE('',*,*,#1935,.T.);
#2840 = ORIENTED_EDGE('',*,*,#2841,.F.);
#2841 = EDGE_CURVE('',#2583,#1928,#2842,.T.);
#2842 = LINE('',#2843,#2844);
#2843 = CARTESIAN_POINT('',(2.725,6.,2.15));
#2844 = VECTOR('',#2845,1.);
#2845 = DIRECTION('',(0.,0.,1.));
#2846 = ORIENTED_EDGE('',*,*,#2582,.F.);
#2847 = ORIENTED_EDGE('',*,*,#2817,.T.);
#2848 = PLANE('',#2849);
#2849 = AXIS2_PLACEMENT_3D('',#2850,#2851,#2852);
#2850 = CARTESIAN_POINT('',(2.725,4.25,2.15));
#2851 = DIRECTION('',(1.,0.,0.));
#2852 = DIRECTION('',(-0.,1.,0.));
#2853 = ADVANCED_FACE('',(#2854),#2871,.F.);
#2854 = FACE_BOUND('',#2855,.T.);
#2855 = EDGE_LOOP('',(#2856,#2857,#2858,#2859,#2865,#2866,#2867,#2868,
    #2869,#2870));
#2856 = ORIENTED_EDGE('',*,*,#2684,.T.);
#2857 = ORIENTED_EDGE('',*,*,#2614,.T.);
#2858 = ORIENTED_EDGE('',*,*,#2654,.T.);
#2859 = ORIENTED_EDGE('',*,*,#2860,.T.);
#2860 = EDGE_CURVE('',#2645,#1976,#2861,.T.);
#2861 = LINE('',#2862,#2863);
#2862 = CARTESIAN_POINT('',(1.225,6.,-2.623757129272));
#2863 = VECTOR('',#2864,1.);
#2864 = DIRECTION('',(0.,0.,1.));
#2865 = ORIENTED_EDGE('',*,*,#1975,.F.);
#2866 = ORIENTED_EDGE('',*,*,#2747,.F.);
#2867 = ORIENTED_EDGE('',*,*,#2590,.F.);
#2868 = ORIENTED_EDGE('',*,*,#2841,.T.);
#2869 = ORIENTED_EDGE('',*,*,#1927,.F.);
#2870 = ORIENTED_EDGE('',*,*,#2380,.F.);
#2871 = PLANE('',#2872);
#2872 = AXIS2_PLACEMENT_3D('',#2873,#2874,#2875);
#2873 = CARTESIAN_POINT('',(3.95,6.,0.88));
#2874 = DIRECTION('',(0.,-1.,-3.165553788279E-16));
#2875 = DIRECTION('',(0.,3.165553788279E-16,-1.));
#2876 = ADVANCED_FACE('',(#2877),#2896,.F.);
#2877 = FACE_BOUND('',#2878,.T.);
#2878 = EDGE_LOOP('',(#2879,#2880,#2888,#2894,#2895));
#2879 = ORIENTED_EDGE('',*,*,#1735,.T.);
#2880 = ORIENTED_EDGE('',*,*,#2881,.T.);
#2881 = EDGE_CURVE('',#1728,#2882,#2884,.T.);
#2882 = VERTEX_POINT('',#2883);
#2883 = CARTESIAN_POINT('',(3.3,5.75,-0.12));
#2884 = LINE('',#2885,#2886);
#2885 = CARTESIAN_POINT('',(3.3,5.75,-0.12));
#2886 = VECTOR('',#2887,1.);
#2887 = DIRECTION('',(-0.707106781187,-0.707106781187,0.));
#2888 = ORIENTED_EDGE('',*,*,#2889,.T.);
#2889 = EDGE_CURVE('',#2882,#2708,#2890,.T.);
#2890 = LINE('',#2891,#2892);
#2891 = CARTESIAN_POINT('',(3.3,4.5,-0.12));
#2892 = VECTOR('',#2893,1.);
#2893 = DIRECTION('',(2.522858432348E-32,-1.,0.));
#2894 = ORIENTED_EDGE('',*,*,#2716,.F.);
#2895 = ORIENTED_EDGE('',*,*,#2355,.F.);
#2896 = PLANE('',#2897);
#2897 = AXIS2_PLACEMENT_3D('',#2898,#2899,#2900);
#2898 = CARTESIAN_POINT('',(3.95,4.5,-0.12));
#2899 = DIRECTION('',(0.,0.,-1.));
#2900 = DIRECTION('',(0.,-1.,0.));
#2901 = ADVANCED_FACE('',(#2902),#2913,.F.);
#2902 = FACE_BOUND('',#2903,.T.);
#2903 = EDGE_LOOP('',(#2904,#2905,#2906,#2907));
#2904 = ORIENTED_EDGE('',*,*,#2881,.F.);
#2905 = ORIENTED_EDGE('',*,*,#1727,.F.);
#2906 = ORIENTED_EDGE('',*,*,#1792,.T.);
#2907 = ORIENTED_EDGE('',*,*,#2908,.F.);
#2908 = EDGE_CURVE('',#2882,#1769,#2909,.T.);
#2909 = LINE('',#2910,#2911);
#2910 = CARTESIAN_POINT('',(3.3,5.75,-1.85));
#2911 = VECTOR('',#2912,1.);
#2912 = DIRECTION('',(-1.239088197126E-16,2.036060417813E-16,-1.));
#2913 = PLANE('',#2914);
#2914 = AXIS2_PLACEMENT_3D('',#2915,#2916,#2917);
#2915 = CARTESIAN_POINT('',(3.3,5.75,-1.85));
#2916 = DIRECTION('',(0.707106781187,-0.707106781187,-2.315879795017E-16
    ));
#2917 = DIRECTION('',(2.465190328816E-32,3.275148614939E-16,-1.));
#2918 = ADVANCED_FACE('',(#2919,#2953),#2969,.F.);
#2919 = FACE_BOUND('',#2920,.T.);
#2920 = EDGE_LOOP('',(#2921,#2931,#2939,#2947));
#2921 = ORIENTED_EDGE('',*,*,#2922,.F.);
#2922 = EDGE_CURVE('',#2923,#2925,#2927,.T.);
#2923 = VERTEX_POINT('',#2924);
#2924 = CARTESIAN_POINT('',(1.75,0.2,0.8));
#2925 = VERTEX_POINT('',#2926);
#2926 = CARTESIAN_POINT('',(1.75,0.2,0.3));
#2927 = LINE('',#2928,#2929);
#2928 = CARTESIAN_POINT('',(1.75,0.2,-2.25));
#2929 = VECTOR('',#2930,1.);
#2930 = DIRECTION('',(-2.168404344971E-16,-5.877471754111E-32,-1.));
#2931 = ORIENTED_EDGE('',*,*,#2932,.F.);
#2932 = EDGE_CURVE('',#2933,#2923,#2935,.T.);
#2933 = VERTEX_POINT('',#2934);
#2934 = CARTESIAN_POINT('',(2.25,0.2,0.8));
#2935 = LINE('',#2936,#2937);
#2936 = CARTESIAN_POINT('',(1.2,0.2,0.8));
#2937 = VECTOR('',#2938,1.);
#2938 = DIRECTION('',(-1.,-2.710505431214E-16,0.));
#2939 = ORIENTED_EDGE('',*,*,#2940,.F.);
#2940 = EDGE_CURVE('',#2941,#2933,#2943,.T.);
#2941 = VERTEX_POINT('',#2942);
#2942 = CARTESIAN_POINT('',(2.25,0.2,0.3));
#2943 = LINE('',#2944,#2945);
#2944 = CARTESIAN_POINT('',(2.25,0.2,-2.25));
#2945 = VECTOR('',#2946,1.);
#2946 = DIRECTION('',(0.,0.,1.));
#2947 = ORIENTED_EDGE('',*,*,#2948,.F.);
#2948 = EDGE_CURVE('',#2925,#2941,#2949,.T.);
#2949 = LINE('',#2950,#2951);
#2950 = CARTESIAN_POINT('',(1.2,0.2,0.3));
#2951 = VECTOR('',#2952,1.);
#2952 = DIRECTION('',(1.,2.710505431214E-16,2.168404344971E-16));
#2953 = FACE_BOUND('',#2954,.T.);
#2954 = EDGE_LOOP('',(#2955,#2956,#2962,#2963));
#2955 = ORIENTED_EDGE('',*,*,#2283,.T.);
#2956 = ORIENTED_EDGE('',*,*,#2957,.F.);
#2957 = EDGE_CURVE('',#1386,#2276,#2958,.T.);
#2958 = LINE('',#2959,#2960);
#2959 = CARTESIAN_POINT('',(1.2,0.2,-2.25));
#2960 = VECTOR('',#2961,1.);
#2961 = DIRECTION('',(0.,0.,1.));
#2962 = ORIENTED_EDGE('',*,*,#1385,.F.);
#2963 = ORIENTED_EDGE('',*,*,#2964,.T.);
#2964 = EDGE_CURVE('',#1378,#2284,#2965,.T.);
#2965 = LINE('',#2966,#2967);
#2966 = CARTESIAN_POINT('',(2.8,0.2,-2.25));
#2967 = VECTOR('',#2968,1.);
#2968 = DIRECTION('',(0.,0.,1.));
#2969 = PLANE('',#2970);
#2970 = AXIS2_PLACEMENT_3D('',#2971,#2972,#2973);
#2971 = CARTESIAN_POINT('',(1.2,0.2,-2.25));
#2972 = DIRECTION('',(-2.710505431214E-16,1.,0.));
#2973 = DIRECTION('',(1.,2.710505431214E-16,0.));
#2974 = ADVANCED_FACE('',(#2975),#2986,.F.);
#2975 = FACE_BOUND('',#2976,.T.);
#2976 = EDGE_LOOP('',(#2977,#2978,#2979,#2980));
#2977 = ORIENTED_EDGE('',*,*,#2291,.T.);
#2978 = ORIENTED_EDGE('',*,*,#2964,.F.);
#2979 = ORIENTED_EDGE('',*,*,#1377,.F.);
#2980 = ORIENTED_EDGE('',*,*,#2981,.T.);
#2981 = EDGE_CURVE('',#1370,#2292,#2982,.T.);
#2982 = LINE('',#2983,#2984);
#2983 = CARTESIAN_POINT('',(2.8,-4.336808689942E-16,-2.25));
#2984 = VECTOR('',#2985,1.);
#2985 = DIRECTION('',(0.,0.,1.));
#2986 = PLANE('',#2987);
#2987 = AXIS2_PLACEMENT_3D('',#2988,#2989,#2990);
#2988 = CARTESIAN_POINT('',(2.8,0.2,-2.25));
#2989 = DIRECTION('',(1.,0.,0.));
#2990 = DIRECTION('',(-0.,1.,0.));
#2991 = ADVANCED_FACE('',(#2992),#2998,.F.);
#2992 = FACE_BOUND('',#2993,.T.);
#2993 = EDGE_LOOP('',(#2994,#2995,#2996,#2997));
#2994 = ORIENTED_EDGE('',*,*,#2981,.F.);
#2995 = ORIENTED_EDGE('',*,*,#1369,.F.);
#2996 = ORIENTED_EDGE('',*,*,#2347,.F.);
#2997 = ORIENTED_EDGE('',*,*,#2299,.T.);
#2998 = PLANE('',#2999);
#2999 = AXIS2_PLACEMENT_3D('',#3000,#3001,#3002);
#3000 = CARTESIAN_POINT('',(3.95,-4.336808689942E-16,2.25));
#3001 = DIRECTION('',(0.,1.,1.927470528863E-16));
#3002 = DIRECTION('',(0.,1.927470528863E-16,-1.));
#3003 = ADVANCED_FACE('',(#3004),#3010,.F.);
#3004 = FACE_BOUND('',#3005,.T.);
#3005 = EDGE_LOOP('',(#3006,#3007,#3008,#3009));
#3006 = ORIENTED_EDGE('',*,*,#2275,.T.);
#3007 = ORIENTED_EDGE('',*,*,#2497,.F.);
#3008 = ORIENTED_EDGE('',*,*,#1393,.F.);
#3009 = ORIENTED_EDGE('',*,*,#2957,.T.);
#3010 = PLANE('',#3011);
#3011 = AXIS2_PLACEMENT_3D('',#3012,#3013,#3014);
#3012 = CARTESIAN_POINT('',(1.2,0.2,-2.25));
#3013 = DIRECTION('',(-1.,1.355252715607E-16,0.));
#3014 = DIRECTION('',(0.,0.,1.));
#3015 = ADVANCED_FACE('',(#3016),#3031,.F.);
#3016 = FACE_BOUND('',#3017,.T.);
#3017 = EDGE_LOOP('',(#3018,#3024,#3025,#3026,#3027,#3028,#3029,#3030));
#3018 = ORIENTED_EDGE('',*,*,#3019,.T.);
#3019 = EDGE_CURVE('',#1554,#2605,#3020,.T.);
#3020 = LINE('',#3021,#3022);
#3021 = CARTESIAN_POINT('',(3.3,1.75,1.65));
#3022 = VECTOR('',#3023,1.);
#3023 = DIRECTION('',(0.,1.,2.036060417813E-16));
#3024 = ORIENTED_EDGE('',*,*,#2630,.T.);
#3025 = ORIENTED_EDGE('',*,*,#2675,.F.);
#3026 = ORIENTED_EDGE('',*,*,#2707,.F.);
#3027 = ORIENTED_EDGE('',*,*,#2889,.F.);
#3028 = ORIENTED_EDGE('',*,*,#2908,.T.);
#3029 = ORIENTED_EDGE('',*,*,#1768,.F.);
#3030 = ORIENTED_EDGE('',*,*,#1561,.F.);
#3031 = PLANE('',#3032);
#3032 = AXIS2_PLACEMENT_3D('',#3033,#3034,#3035);
#3033 = CARTESIAN_POINT('',(3.3,1.75,-1.85));
#3034 = DIRECTION('',(1.,2.522858432348E-32,-1.239088197126E-16));
#3035 = DIRECTION('',(-1.239088197126E-16,0.,-1.));
#3036 = ADVANCED_FACE('',(#3037,#3043),#3054,.F.);
#3037 = FACE_BOUND('',#3038,.T.);
#3038 = EDGE_LOOP('',(#3039,#3040,#3041,#3042));
#3039 = ORIENTED_EDGE('',*,*,#2768,.F.);
#3040 = ORIENTED_EDGE('',*,*,#2792,.F.);
#3041 = ORIENTED_EDGE('',*,*,#2825,.F.);
#3042 = ORIENTED_EDGE('',*,*,#2730,.F.);
#3043 = FACE_BOUND('',#3044,.T.);
#3044 = EDGE_LOOP('',(#3045,#3051,#3052,#3053));
#3045 = ORIENTED_EDGE('',*,*,#3046,.F.);
#3046 = EDGE_CURVE('',#2647,#1546,#3047,.T.);
#3047 = LINE('',#3048,#3049);
#3048 = CARTESIAN_POINT('',(1.225,1.75,1.65));
#3049 = VECTOR('',#3050,1.);
#3050 = DIRECTION('',(0.,-1.,-2.036060417813E-16));
#3051 = ORIENTED_EDGE('',*,*,#2661,.T.);
#3052 = ORIENTED_EDGE('',*,*,#3019,.F.);
#3053 = ORIENTED_EDGE('',*,*,#1553,.F.);
#3054 = PLANE('',#3055);
#3055 = AXIS2_PLACEMENT_3D('',#3056,#3057,#3058);
#3056 = CARTESIAN_POINT('',(-1.3,1.75,1.65));
#3057 = DIRECTION('',(1.41417674672E-16,-2.036060417813E-16,1.));
#3058 = DIRECTION('',(0.,-1.,-2.036060417813E-16));
#3059 = ADVANCED_FACE('',(#3060),#3067,.F.);
#3060 = FACE_BOUND('',#3061,.T.);
#3061 = EDGE_LOOP('',(#3062,#3063,#3064,#3065,#3066));
#3062 = ORIENTED_EDGE('',*,*,#2860,.F.);
#3063 = ORIENTED_EDGE('',*,*,#2644,.T.);
#3064 = ORIENTED_EDGE('',*,*,#3046,.T.);
#3065 = ORIENTED_EDGE('',*,*,#1545,.T.);
#3066 = ORIENTED_EDGE('',*,*,#1983,.T.);
#3067 = PLANE('',#3068);
#3068 = AXIS2_PLACEMENT_3D('',#3069,#3070,#3071);
#3069 = CARTESIAN_POINT('',(1.225,1.75,-2.623757129272));
#3070 = DIRECTION('',(1.,0.,0.));
#3071 = DIRECTION('',(-0.,1.,0.));
#3072 = ADVANCED_FACE('',(#3073),#3089,.T.);
#3073 = FACE_BOUND('',#3074,.T.);
#3074 = EDGE_LOOP('',(#3075,#3076,#3082,#3083));
#3075 = ORIENTED_EDGE('',*,*,#2940,.T.);
#3076 = ORIENTED_EDGE('',*,*,#3077,.F.);
#3077 = EDGE_CURVE('',#1628,#2933,#3078,.T.);
#3078 = LINE('',#3079,#3080);
#3079 = CARTESIAN_POINT('',(2.25,6.,0.8));
#3080 = VECTOR('',#3081,1.);
#3081 = DIRECTION('',(0.,-1.,0.));
#3082 = ORIENTED_EDGE('',*,*,#1653,.F.);
#3083 = ORIENTED_EDGE('',*,*,#3084,.T.);
#3084 = EDGE_CURVE('',#1646,#2941,#3085,.T.);
#3085 = LINE('',#3086,#3087);
#3086 = CARTESIAN_POINT('',(2.25,6.,0.3));
#3087 = VECTOR('',#3088,1.);
#3088 = DIRECTION('',(0.,-1.,0.));
#3089 = PLANE('',#3090);
#3090 = AXIS2_PLACEMENT_3D('',#3091,#3092,#3093);
#3091 = CARTESIAN_POINT('',(2.25,6.,0.8));
#3092 = DIRECTION('',(-1.,0.,0.));
#3093 = DIRECTION('',(0.,0.,1.));
#3094 = ADVANCED_FACE('',(#3095),#3106,.T.);
#3095 = FACE_BOUND('',#3096,.T.);
#3096 = EDGE_LOOP('',(#3097,#3098,#3099,#3100));
#3097 = ORIENTED_EDGE('',*,*,#2948,.T.);
#3098 = ORIENTED_EDGE('',*,*,#3084,.F.);
#3099 = ORIENTED_EDGE('',*,*,#1645,.F.);
#3100 = ORIENTED_EDGE('',*,*,#3101,.T.);
#3101 = EDGE_CURVE('',#1638,#2925,#3102,.T.);
#3102 = LINE('',#3103,#3104);
#3103 = CARTESIAN_POINT('',(1.75,6.,0.3));
#3104 = VECTOR('',#3105,1.);
#3105 = DIRECTION('',(0.,-1.,0.));
#3106 = PLANE('',#3107);
#3107 = AXIS2_PLACEMENT_3D('',#3108,#3109,#3110);
#3108 = CARTESIAN_POINT('',(2.25,6.,0.3));
#3109 = DIRECTION('',(-2.168404344971E-16,0.,1.));
#3110 = DIRECTION('',(1.,0.,2.168404344971E-16));
#3111 = ADVANCED_FACE('',(#3112),#3123,.T.);
#3112 = FACE_BOUND('',#3113,.T.);
#3113 = EDGE_LOOP('',(#3114,#3115,#3116,#3117));
#3114 = ORIENTED_EDGE('',*,*,#2922,.T.);
#3115 = ORIENTED_EDGE('',*,*,#3101,.F.);
#3116 = ORIENTED_EDGE('',*,*,#1637,.F.);
#3117 = ORIENTED_EDGE('',*,*,#3118,.T.);
#3118 = EDGE_CURVE('',#1630,#2923,#3119,.T.);
#3119 = LINE('',#3120,#3121);
#3120 = CARTESIAN_POINT('',(1.75,6.,0.8));
#3121 = VECTOR('',#3122,1.);
#3122 = DIRECTION('',(0.,-1.,0.));
#3123 = PLANE('',#3124);
#3124 = AXIS2_PLACEMENT_3D('',#3125,#3126,#3127);
#3125 = CARTESIAN_POINT('',(1.75,6.,0.8));
#3126 = DIRECTION('',(1.,0.,-2.168404344971E-16));
#3127 = DIRECTION('',(-2.168404344971E-16,0.,-1.));
#3128 = ADVANCED_FACE('',(#3129),#3135,.T.);
#3129 = FACE_BOUND('',#3130,.T.);
#3130 = EDGE_LOOP('',(#3131,#3132,#3133,#3134));
#3131 = ORIENTED_EDGE('',*,*,#2932,.T.);
#3132 = ORIENTED_EDGE('',*,*,#3118,.F.);
#3133 = ORIENTED_EDGE('',*,*,#1627,.F.);
#3134 = ORIENTED_EDGE('',*,*,#3077,.T.);
#3135 = PLANE('',#3136);
#3136 = AXIS2_PLACEMENT_3D('',#3137,#3138,#3139);
#3137 = CARTESIAN_POINT('',(2.25,6.,0.8));
#3138 = DIRECTION('',(0.,0.,-1.));
#3139 = DIRECTION('',(0.,-1.,0.));
#3140 = ( GEOMETRIC_REPRESENTATION_CONTEXT(3) 
GLOBAL_UNCERTAINTY_ASSIGNED_CONTEXT((#3144)) 
GLOBAL_UNIT_ASSIGNED_CONTEXT((#3141,#3142,#3143)) REPRESENTATION_CONTEXT
('Context #1','3D Context with UNIT and UNCERTAINTY') );
#3141 = ( LENGTH_UNIT() NAMED_UNIT(*) SI_UNIT(.MILLI.,.METRE.) );
#3142 = ( NAMED_UNIT(*) PLANE_ANGLE_UNIT() SI_UNIT($,.RADIAN.) );
#3143 = ( NAMED_UNIT(*) SI_UNIT($,.STERADIAN.) SOLID_ANGLE_UNIT() );
#3144 = UNCERTAINTY_MEASURE_WITH_UNIT(LENGTH_MEASURE(1.E-07),#3141,
  'distance_accuracy_value','confusion accuracy');
#3145 = CONTEXT_DEPENDENT_SHAPE_REPRESENTATION(#3146,#3148);
#3146 = ( REPRESENTATION_RELATIONSHIP('','',#965,#930) 
REPRESENTATION_RELATIONSHIP_WITH_TRANSFORMATION(#3147) 
SHAPE_REPRESENTATION_RELATIONSHIP() );
#3147 = ITEM_DEFINED_TRANSFORMATION('','',#11,#931);
#3148 = PRODUCT_DEFINITION_SHAPE('Placement','Placement of an item',
  #3149);
#3149 = NEXT_ASSEMBLY_USAGE_OCCURRENCE('3','NAUO1','',#925,#960,$);
#3150 = PRODUCT_RELATED_PRODUCT_CATEGORY('part',$,(#962));
#3151 = SHAPE_DEFINITION_REPRESENTATION(#3152,#3158);
#3152 = PRODUCT_DEFINITION_SHAPE('','',#3153);
#3153 = PRODUCT_DEFINITION('design','',#3154,#3157);
#3154 = PRODUCT_DEFINITION_FORMATION('','',#3155);
#3155 = PRODUCT('pin','pin','',(#3156));
#3156 = PRODUCT_CONTEXT('',#2,'mechanical');
#3157 = PRODUCT_DEFINITION_CONTEXT('part definition',#2,'design');
#3158 = ADVANCED_BREP_SHAPE_REPRESENTATION('',(#11,#3159),#4089);
#3159 = MANIFOLD_SOLID_BREP('',#3160);
#3160 = CLOSED_SHELL('',(#3161,#3201,#3232,#3263,#3285,#3325,#3356,#3387
    ,#3409,#3440,#3464,#3488,#3505,#3538,#3563,#3588,#3605,#3636,#3660,
    #3684,#3701,#3734,#3759,#3784,#3801,#3832,#3856,#3880,#3897,#3930,
    #3955,#3980,#3997,#4019,#4036,#4053,#4065,#4077));
#3161 = ADVANCED_FACE('',(#3162),#3196,.T.);
#3162 = FACE_BOUND('',#3163,.T.);
#3163 = EDGE_LOOP('',(#3164,#3174,#3182,#3190));
#3164 = ORIENTED_EDGE('',*,*,#3165,.F.);
#3165 = EDGE_CURVE('',#3166,#3168,#3170,.T.);
#3166 = VERTEX_POINT('',#3167);
#3167 = CARTESIAN_POINT('',(-5.14080892972,5.,0.40919107028));
#3168 = VERTEX_POINT('',#3169);
#3169 = CARTESIAN_POINT('',(-5.25,4.7,0.3));
#3170 = LINE('',#3171,#3172);
#3171 = CARTESIAN_POINT('',(-5.183662300023,4.882261332747,
    0.366337699977));
#3172 = VECTOR('',#3173,1.);
#3173 = DIRECTION('',(-0.323615577118,-0.889126490716,-0.323615577118));
#3174 = ORIENTED_EDGE('',*,*,#3175,.T.);
#3175 = EDGE_CURVE('',#3166,#3176,#3178,.T.);
#3176 = VERTEX_POINT('',#3177);
#3177 = CARTESIAN_POINT('',(-4.85919107028,5.,0.40919107028));
#3178 = LINE('',#3179,#3180);
#3179 = CARTESIAN_POINT('',(-4.75,5.,0.40919107028));
#3180 = VECTOR('',#3181,1.);
#3181 = DIRECTION('',(1.,0.,-2.168404344971E-16));
#3182 = ORIENTED_EDGE('',*,*,#3183,.F.);
#3183 = EDGE_CURVE('',#3184,#3176,#3186,.T.);
#3184 = VERTEX_POINT('',#3185);
#3185 = CARTESIAN_POINT('',(-4.75,4.7,0.3));
#3186 = LINE('',#3187,#3188);
#3187 = CARTESIAN_POINT('',(-4.816337699977,4.882261332747,
    0.366337699977));
#3188 = VECTOR('',#3189,1.);
#3189 = DIRECTION('',(-0.323615577118,0.889126490716,0.323615577118));
#3190 = ORIENTED_EDGE('',*,*,#3191,.T.);
#3191 = EDGE_CURVE('',#3184,#3168,#3192,.T.);
#3192 = LINE('',#3193,#3194);
#3193 = CARTESIAN_POINT('',(-5.25,4.7,0.3));
#3194 = VECTOR('',#3195,1.);
#3195 = DIRECTION('',(-1.,0.,2.168404344971E-16));
#3196 = PLANE('',#3197);
#3197 = AXIS2_PLACEMENT_3D('',#3198,#3199,#3200);
#3198 = CARTESIAN_POINT('',(-4.,5.,0.40919107028));
#3199 = DIRECTION('',(-2.037633561849E-16,0.342020143326,-0.939692620786
    ));
#3200 = DIRECTION('',(-1.,0.,2.168404344971E-16));
#3201 = ADVANCED_FACE('',(#3202),#3227,.T.);
#3202 = FACE_BOUND('',#3203,.T.);
#3203 = EDGE_LOOP('',(#3204,#3214,#3220,#3221));
#3204 = ORIENTED_EDGE('',*,*,#3205,.F.);
#3205 = EDGE_CURVE('',#3206,#3208,#3210,.T.);
#3206 = VERTEX_POINT('',#3207);
#3207 = CARTESIAN_POINT('',(-4.75,4.7,0.8));
#3208 = VERTEX_POINT('',#3209);
#3209 = CARTESIAN_POINT('',(-4.85919107028,5.,0.69080892972));
#3210 = LINE('',#3211,#3212);
#3211 = CARTESIAN_POINT('',(-4.931537445906,5.198770033413,
    0.618462554094));
#3212 = VECTOR('',#3213,1.);
#3213 = DIRECTION('',(-0.323615577118,0.889126490716,-0.323615577118));
#3214 = ORIENTED_EDGE('',*,*,#3215,.T.);
#3215 = EDGE_CURVE('',#3206,#3184,#3216,.T.);
#3216 = LINE('',#3217,#3218);
#3217 = CARTESIAN_POINT('',(-4.75,4.7,0.3));
#3218 = VECTOR('',#3219,1.);
#3219 = DIRECTION('',(2.168404344971E-16,0.,-1.));
#3220 = ORIENTED_EDGE('',*,*,#3183,.T.);
#3221 = ORIENTED_EDGE('',*,*,#3222,.T.);
#3222 = EDGE_CURVE('',#3176,#3208,#3223,.T.);
#3223 = LINE('',#3224,#3225);
#3224 = CARTESIAN_POINT('',(-4.85919107028,5.,0.8));
#3225 = VECTOR('',#3226,1.);
#3226 = DIRECTION('',(-2.168404344971E-16,0.,1.));
#3227 = PLANE('',#3228);
#3228 = AXIS2_PLACEMENT_3D('',#3229,#3230,#3231);
#3229 = CARTESIAN_POINT('',(-4.85919107028,5.,5.00354010912E-16));
#3230 = DIRECTION('',(0.939692620786,0.342020143326,2.037633561849E-16)
  );
#3231 = DIRECTION('',(0.,5.957641974055E-16,-1.));
#3232 = ADVANCED_FACE('',(#3233),#3258,.T.);
#3233 = FACE_BOUND('',#3234,.T.);
#3234 = EDGE_LOOP('',(#3235,#3245,#3251,#3252));
#3235 = ORIENTED_EDGE('',*,*,#3236,.F.);
#3236 = EDGE_CURVE('',#3237,#3239,#3241,.T.);
#3237 = VERTEX_POINT('',#3238);
#3238 = CARTESIAN_POINT('',(-5.14080892972,5.,0.69080892972));
#3239 = VERTEX_POINT('',#3240);
#3240 = CARTESIAN_POINT('',(-5.25,4.7,0.8));
#3241 = LINE('',#3242,#3243);
#3242 = CARTESIAN_POINT('',(-5.021335385305,5.328250865504,
    0.571335385305));
#3243 = VECTOR('',#3244,1.);
#3244 = DIRECTION('',(-0.323615577118,-0.889126490716,0.323615577118));
#3245 = ORIENTED_EDGE('',*,*,#3246,.T.);
#3246 = EDGE_CURVE('',#3237,#3166,#3247,.T.);
#3247 = LINE('',#3248,#3249);
#3248 = CARTESIAN_POINT('',(-5.14080892972,5.,0.3));
#3249 = VECTOR('',#3250,1.);
#3250 = DIRECTION('',(0.,0.,-1.));
#3251 = ORIENTED_EDGE('',*,*,#3165,.T.);
#3252 = ORIENTED_EDGE('',*,*,#3253,.T.);
#3253 = EDGE_CURVE('',#3168,#3239,#3254,.T.);
#3254 = LINE('',#3255,#3256);
#3255 = CARTESIAN_POINT('',(-5.25,4.7,0.8));
#3256 = VECTOR('',#3257,1.);
#3257 = DIRECTION('',(0.,0.,1.));
#3258 = PLANE('',#3259);
#3259 = AXIS2_PLACEMENT_3D('',#3260,#3261,#3262);
#3260 = CARTESIAN_POINT('',(-5.14080892972,5.,6.866613759075E-16));
#3261 = DIRECTION('',(-0.939692620786,0.342020143326,0.));
#3262 = DIRECTION('',(0.,0.,1.));
#3263 = ADVANCED_FACE('',(#3264),#3280,.T.);
#3264 = FACE_BOUND('',#3265,.T.);
#3265 = EDGE_LOOP('',(#3266,#3267,#3273,#3274));
#3266 = ORIENTED_EDGE('',*,*,#3205,.T.);
#3267 = ORIENTED_EDGE('',*,*,#3268,.T.);
#3268 = EDGE_CURVE('',#3208,#3237,#3269,.T.);
#3269 = LINE('',#3270,#3271);
#3270 = CARTESIAN_POINT('',(-5.25,5.,0.69080892972));
#3271 = VECTOR('',#3272,1.);
#3272 = DIRECTION('',(-1.,0.,0.));
#3273 = ORIENTED_EDGE('',*,*,#3236,.T.);
#3274 = ORIENTED_EDGE('',*,*,#3275,.T.);
#3275 = EDGE_CURVE('',#3239,#3206,#3276,.T.);
#3276 = LINE('',#3277,#3278);
#3277 = CARTESIAN_POINT('',(-4.75,4.7,0.8));
#3278 = VECTOR('',#3279,1.);
#3279 = DIRECTION('',(1.,0.,0.));
#3280 = PLANE('',#3281);
#3281 = AXIS2_PLACEMENT_3D('',#3282,#3283,#3284);
#3282 = CARTESIAN_POINT('',(-4.,5.,0.69080892972));
#3283 = DIRECTION('',(-0.,0.342020143326,0.939692620786));
#3284 = DIRECTION('',(1.,0.,0.));
#3285 = ADVANCED_FACE('',(#3286),#3320,.F.);
#3286 = FACE_BOUND('',#3287,.T.);
#3287 = EDGE_LOOP('',(#3288,#3298,#3306,#3314));
#3288 = ORIENTED_EDGE('',*,*,#3289,.F.);
#3289 = EDGE_CURVE('',#3290,#3292,#3294,.T.);
#3290 = VERTEX_POINT('',#3291);
#3291 = CARTESIAN_POINT('',(-4.75,-3.1,0.8));
#3292 = VERTEX_POINT('',#3293);
#3293 = CARTESIAN_POINT('',(-4.85919107028,-3.4,0.69080892972));
#3294 = LINE('',#3295,#3296);
#3295 = CARTESIAN_POINT('',(-4.75,-3.1,0.8));
#3296 = VECTOR('',#3297,1.);
#3297 = DIRECTION('',(-0.323615577118,-0.889126490716,-0.323615577118));
#3298 = ORIENTED_EDGE('',*,*,#3299,.T.);
#3299 = EDGE_CURVE('',#3290,#3300,#3302,.T.);
#3300 = VERTEX_POINT('',#3301);
#3301 = CARTESIAN_POINT('',(-5.25,-3.1,0.8));
#3302 = LINE('',#3303,#3304);
#3303 = CARTESIAN_POINT('',(-5.25,-3.1,0.8));
#3304 = VECTOR('',#3305,1.);
#3305 = DIRECTION('',(-1.,0.,0.));
#3306 = ORIENTED_EDGE('',*,*,#3307,.F.);
#3307 = EDGE_CURVE('',#3308,#3300,#3310,.T.);
#3308 = VERTEX_POINT('',#3309);
#3309 = CARTESIAN_POINT('',(-5.14080892972,-3.4,0.69080892972));
#3310 = LINE('',#3311,#3312);
#3311 = CARTESIAN_POINT('',(-5.25,-3.1,0.8));
#3312 = VECTOR('',#3313,1.);
#3313 = DIRECTION('',(-0.323615577118,0.889126490716,0.323615577118));
#3314 = ORIENTED_EDGE('',*,*,#3315,.T.);
#3315 = EDGE_CURVE('',#3308,#3292,#3316,.T.);
#3316 = LINE('',#3317,#3318);
#3317 = CARTESIAN_POINT('',(-4.,-3.4,0.69080892972));
#3318 = VECTOR('',#3319,1.);
#3319 = DIRECTION('',(1.,0.,0.));
#3320 = PLANE('',#3321);
#3321 = AXIS2_PLACEMENT_3D('',#3322,#3323,#3324);
#3322 = CARTESIAN_POINT('',(-5.25,-3.1,0.8));
#3323 = DIRECTION('',(0.,0.342020143326,-0.939692620786));
#3324 = DIRECTION('',(-1.,0.,0.));
#3325 = ADVANCED_FACE('',(#3326),#3351,.F.);
#3326 = FACE_BOUND('',#3327,.T.);
#3327 = EDGE_LOOP('',(#3328,#3338,#3344,#3345));
#3328 = ORIENTED_EDGE('',*,*,#3329,.F.);
#3329 = EDGE_CURVE('',#3330,#3332,#3334,.T.);
#3330 = VERTEX_POINT('',#3331);
#3331 = CARTESIAN_POINT('',(-5.14080892972,-3.4,0.40919107028));
#3332 = VERTEX_POINT('',#3333);
#3333 = CARTESIAN_POINT('',(-5.25,-3.1,0.3));
#3334 = LINE('',#3335,#3336);
#3335 = CARTESIAN_POINT('',(-5.25,-3.1,0.3));
#3336 = VECTOR('',#3337,1.);
#3337 = DIRECTION('',(-0.323615577118,0.889126490716,-0.323615577118));
#3338 = ORIENTED_EDGE('',*,*,#3339,.T.);
#3339 = EDGE_CURVE('',#3330,#3308,#3340,.T.);
#3340 = LINE('',#3341,#3342);
#3341 = CARTESIAN_POINT('',(-5.14080892972,-3.4,1.011922027653E-15));
#3342 = VECTOR('',#3343,1.);
#3343 = DIRECTION('',(0.,0.,1.));
#3344 = ORIENTED_EDGE('',*,*,#3307,.T.);
#3345 = ORIENTED_EDGE('',*,*,#3346,.T.);
#3346 = EDGE_CURVE('',#3300,#3332,#3347,.T.);
#3347 = LINE('',#3348,#3349);
#3348 = CARTESIAN_POINT('',(-5.25,-3.1,0.8));
#3349 = VECTOR('',#3350,1.);
#3350 = DIRECTION('',(0.,0.,-1.));
#3351 = PLANE('',#3352);
#3352 = AXIS2_PLACEMENT_3D('',#3353,#3354,#3355);
#3353 = CARTESIAN_POINT('',(-5.25,-3.1,0.8));
#3354 = DIRECTION('',(0.939692620786,0.342020143326,0.));
#3355 = DIRECTION('',(0.,0.,-1.));
#3356 = ADVANCED_FACE('',(#3357),#3382,.F.);
#3357 = FACE_BOUND('',#3358,.T.);
#3358 = EDGE_LOOP('',(#3359,#3369,#3375,#3376));
#3359 = ORIENTED_EDGE('',*,*,#3360,.F.);
#3360 = EDGE_CURVE('',#3361,#3363,#3365,.T.);
#3361 = VERTEX_POINT('',#3362);
#3362 = CARTESIAN_POINT('',(-4.75,-3.1,0.3));
#3363 = VERTEX_POINT('',#3364);
#3364 = CARTESIAN_POINT('',(-4.85919107028,-3.4,0.40919107028));
#3365 = LINE('',#3366,#3367);
#3366 = CARTESIAN_POINT('',(-4.802363520877,-3.243867591212,
    0.352363520877));
#3367 = VECTOR('',#3368,1.);
#3368 = DIRECTION('',(-0.323615577118,-0.889126490716,0.323615577118));
#3369 = ORIENTED_EDGE('',*,*,#3370,.T.);
#3370 = EDGE_CURVE('',#3361,#3290,#3371,.T.);
#3371 = LINE('',#3372,#3373);
#3372 = CARTESIAN_POINT('',(-4.75,-3.1,0.8));
#3373 = VECTOR('',#3374,1.);
#3374 = DIRECTION('',(-2.168404344971E-16,0.,1.));
#3375 = ORIENTED_EDGE('',*,*,#3289,.T.);
#3376 = ORIENTED_EDGE('',*,*,#3377,.T.);
#3377 = EDGE_CURVE('',#3292,#3363,#3378,.T.);
#3378 = LINE('',#3379,#3380);
#3379 = CARTESIAN_POINT('',(-4.85919107028,-3.4,8.256146626576E-16));
#3380 = VECTOR('',#3381,1.);
#3381 = DIRECTION('',(2.168404344971E-16,0.,-1.));
#3382 = PLANE('',#3383);
#3383 = AXIS2_PLACEMENT_3D('',#3384,#3385,#3386);
#3384 = CARTESIAN_POINT('',(-4.75,-3.1,0.8));
#3385 = DIRECTION('',(-0.939692620786,0.342020143326,-2.037633561849E-16
    ));
#3386 = DIRECTION('',(-2.168404344971E-16,0.,1.));
#3387 = ADVANCED_FACE('',(#3388),#3404,.F.);
#3388 = FACE_BOUND('',#3389,.T.);
#3389 = EDGE_LOOP('',(#3390,#3391,#3397,#3398));
#3390 = ORIENTED_EDGE('',*,*,#3329,.T.);
#3391 = ORIENTED_EDGE('',*,*,#3392,.T.);
#3392 = EDGE_CURVE('',#3332,#3361,#3393,.T.);
#3393 = LINE('',#3394,#3395);
#3394 = CARTESIAN_POINT('',(-5.25,-3.1,0.3));
#3395 = VECTOR('',#3396,1.);
#3396 = DIRECTION('',(1.,0.,-2.168404344971E-16));
#3397 = ORIENTED_EDGE('',*,*,#3360,.T.);
#3398 = ORIENTED_EDGE('',*,*,#3399,.T.);
#3399 = EDGE_CURVE('',#3363,#3330,#3400,.T.);
#3400 = LINE('',#3401,#3402);
#3401 = CARTESIAN_POINT('',(-4.,-3.4,0.40919107028));
#3402 = VECTOR('',#3403,1.);
#3403 = DIRECTION('',(-1.,0.,2.168404344971E-16));
#3404 = PLANE('',#3405);
#3405 = AXIS2_PLACEMENT_3D('',#3406,#3407,#3408);
#3406 = CARTESIAN_POINT('',(-5.25,-3.1,0.3));
#3407 = DIRECTION('',(2.037633561849E-16,0.342020143326,0.939692620786)
  );
#3408 = DIRECTION('',(1.,-5.957641974055E-16,0.));
#3409 = ADVANCED_FACE('',(#3410),#3435,.F.);
#3410 = FACE_BOUND('',#3411,.T.);
#3411 = EDGE_LOOP('',(#3412,#3420,#3428,#3434));
#3412 = ORIENTED_EDGE('',*,*,#3413,.F.);
#3413 = EDGE_CURVE('',#3414,#3290,#3416,.T.);
#3414 = VERTEX_POINT('',#3415);
#3415 = CARTESIAN_POINT('',(-4.75,-2.419911892563,0.8));
#3416 = LINE('',#3417,#3418);
#3417 = CARTESIAN_POINT('',(-4.75,-2.419911892563,0.8));
#3418 = VECTOR('',#3419,1.);
#3419 = DIRECTION('',(0.,-1.,-3.318687873852E-16));
#3420 = ORIENTED_EDGE('',*,*,#3421,.T.);
#3421 = EDGE_CURVE('',#3414,#3422,#3424,.T.);
#3422 = VERTEX_POINT('',#3423);
#3423 = CARTESIAN_POINT('',(-5.25,-2.419911892563,0.8));
#3424 = LINE('',#3425,#3426);
#3425 = CARTESIAN_POINT('',(-5.25,-2.419911892563,0.8));
#3426 = VECTOR('',#3427,1.);
#3427 = DIRECTION('',(-1.,0.,0.));
#3428 = ORIENTED_EDGE('',*,*,#3429,.T.);
#3429 = EDGE_CURVE('',#3422,#3300,#3430,.T.);
#3430 = LINE('',#3431,#3432);
#3431 = CARTESIAN_POINT('',(-5.25,-2.419911892563,0.8));
#3432 = VECTOR('',#3433,1.);
#3433 = DIRECTION('',(0.,-1.,-3.318687873852E-16));
#3434 = ORIENTED_EDGE('',*,*,#3299,.F.);
#3435 = PLANE('',#3436);
#3436 = AXIS2_PLACEMENT_3D('',#3437,#3438,#3439);
#3437 = CARTESIAN_POINT('',(-5.25,-2.419911892563,0.8));
#3438 = DIRECTION('',(0.,3.318687873852E-16,-1.));
#3439 = DIRECTION('',(-1.,0.,0.));
#3440 = ADVANCED_FACE('',(#3441),#3459,.F.);
#3441 = FACE_BOUND('',#3442,.T.);
#3442 = EDGE_LOOP('',(#3443,#3451,#3457,#3458));
#3443 = ORIENTED_EDGE('',*,*,#3444,.F.);
#3444 = EDGE_CURVE('',#3445,#3361,#3447,.T.);
#3445 = VERTEX_POINT('',#3446);
#3446 = CARTESIAN_POINT('',(-4.75,-2.419911892563,0.3));
#3447 = LINE('',#3448,#3449);
#3448 = CARTESIAN_POINT('',(-4.75,-2.419911892563,0.3));
#3449 = VECTOR('',#3450,1.);
#3450 = DIRECTION('',(0.,-1.,-3.318687873852E-16));
#3451 = ORIENTED_EDGE('',*,*,#3452,.T.);
#3452 = EDGE_CURVE('',#3445,#3414,#3453,.T.);
#3453 = LINE('',#3454,#3455);
#3454 = CARTESIAN_POINT('',(-4.75,-2.419911892563,0.8));
#3455 = VECTOR('',#3456,1.);
#3456 = DIRECTION('',(-2.168404344971E-16,0.,1.));
#3457 = ORIENTED_EDGE('',*,*,#3413,.T.);
#3458 = ORIENTED_EDGE('',*,*,#3370,.F.);
#3459 = PLANE('',#3460);
#3460 = AXIS2_PLACEMENT_3D('',#3461,#3462,#3463);
#3461 = CARTESIAN_POINT('',(-4.75,-2.419911892563,0.8));
#3462 = DIRECTION('',(-1.,7.196257205262E-32,-2.168404344971E-16));
#3463 = DIRECTION('',(-2.168404344971E-16,0.,1.));
#3464 = ADVANCED_FACE('',(#3465),#3483,.F.);
#3465 = FACE_BOUND('',#3466,.T.);
#3466 = EDGE_LOOP('',(#3467,#3475,#3481,#3482));
#3467 = ORIENTED_EDGE('',*,*,#3468,.F.);
#3468 = EDGE_CURVE('',#3469,#3332,#3471,.T.);
#3469 = VERTEX_POINT('',#3470);
#3470 = CARTESIAN_POINT('',(-5.25,-2.419911892563,0.3));
#3471 = LINE('',#3472,#3473);
#3472 = CARTESIAN_POINT('',(-5.25,-2.419911892563,0.3));
#3473 = VECTOR('',#3474,1.);
#3474 = DIRECTION('',(0.,-1.,-3.318687873852E-16));
#3475 = ORIENTED_EDGE('',*,*,#3476,.T.);
#3476 = EDGE_CURVE('',#3469,#3445,#3477,.T.);
#3477 = LINE('',#3478,#3479);
#3478 = CARTESIAN_POINT('',(-5.25,-2.419911892563,0.3));
#3479 = VECTOR('',#3480,1.);
#3480 = DIRECTION('',(1.,0.,-2.168404344971E-16));
#3481 = ORIENTED_EDGE('',*,*,#3444,.T.);
#3482 = ORIENTED_EDGE('',*,*,#3392,.F.);
#3483 = PLANE('',#3484);
#3484 = AXIS2_PLACEMENT_3D('',#3485,#3486,#3487);
#3485 = CARTESIAN_POINT('',(-5.25,-2.419911892563,0.3));
#3486 = DIRECTION('',(2.168404344971E-16,-3.318687873852E-16,1.));
#3487 = DIRECTION('',(0.,-1.,-3.318687873852E-16));
#3488 = ADVANCED_FACE('',(#3489),#3500,.F.);
#3489 = FACE_BOUND('',#3490,.T.);
#3490 = EDGE_LOOP('',(#3491,#3492,#3498,#3499));
#3491 = ORIENTED_EDGE('',*,*,#3429,.F.);
#3492 = ORIENTED_EDGE('',*,*,#3493,.T.);
#3493 = EDGE_CURVE('',#3422,#3469,#3494,.T.);
#3494 = LINE('',#3495,#3496);
#3495 = CARTESIAN_POINT('',(-5.25,-2.419911892563,0.8));
#3496 = VECTOR('',#3497,1.);
#3497 = DIRECTION('',(0.,0.,-1.));
#3498 = ORIENTED_EDGE('',*,*,#3468,.T.);
#3499 = ORIENTED_EDGE('',*,*,#3346,.F.);
#3500 = PLANE('',#3501);
#3501 = AXIS2_PLACEMENT_3D('',#3502,#3503,#3504);
#3502 = CARTESIAN_POINT('',(-5.25,-2.419911892563,0.8));
#3503 = DIRECTION('',(1.,0.,0.));
#3504 = DIRECTION('',(-0.,1.,0.));
#3505 = ADVANCED_FACE('',(#3506),#3533,.T.);
#3506 = FACE_BOUND('',#3507,.T.);
#3507 = EDGE_LOOP('',(#3508,#3509,#3518,#3526));
#3508 = ORIENTED_EDGE('',*,*,#3421,.F.);
#3509 = ORIENTED_EDGE('',*,*,#3510,.F.);
#3510 = EDGE_CURVE('',#3511,#3414,#3513,.T.);
#3511 = VERTEX_POINT('',#3512);
#3512 = CARTESIAN_POINT('',(-4.75,-2.347221846513,0.795175345375));
#3513 = CIRCLE('',#3514,0.55);
#3514 = AXIS2_PLACEMENT_3D('',#3515,#3516,#3517);
#3515 = CARTESIAN_POINT('',(-4.75,-2.419911892563,0.25));
#3516 = DIRECTION('',(1.,0.,0.));
#3517 = DIRECTION('',(-0.,0.132163720091,0.991227900683));
#3518 = ORIENTED_EDGE('',*,*,#3519,.T.);
#3519 = EDGE_CURVE('',#3511,#3520,#3522,.T.);
#3520 = VERTEX_POINT('',#3521);
#3521 = CARTESIAN_POINT('',(-5.25,-2.347221846513,0.795175345375));
#3522 = LINE('',#3523,#3524);
#3523 = CARTESIAN_POINT('',(-5.25,-2.347221846513,0.795175345375));
#3524 = VECTOR('',#3525,1.);
#3525 = DIRECTION('',(-1.,0.,0.));
#3526 = ORIENTED_EDGE('',*,*,#3527,.T.);
#3527 = EDGE_CURVE('',#3520,#3422,#3528,.T.);
#3528 = CIRCLE('',#3529,0.55);
#3529 = AXIS2_PLACEMENT_3D('',#3530,#3531,#3532);
#3530 = CARTESIAN_POINT('',(-5.25,-2.419911892563,0.25));
#3531 = DIRECTION('',(1.,0.,0.));
#3532 = DIRECTION('',(-0.,0.132163720091,0.991227900683));
#3533 = CYLINDRICAL_SURFACE('',#3534,0.55);
#3534 = AXIS2_PLACEMENT_3D('',#3535,#3536,#3537);
#3535 = CARTESIAN_POINT('',(-5.,-2.419911892563,0.25));
#3536 = DIRECTION('',(-1.,0.,0.));
#3537 = DIRECTION('',(0.,0.,-1.));
#3538 = ADVANCED_FACE('',(#3539),#3558,.F.);
#3539 = FACE_BOUND('',#3540,.T.);
#3540 = EDGE_LOOP('',(#3541,#3542,#3543,#3552));
#3541 = ORIENTED_EDGE('',*,*,#3510,.T.);
#3542 = ORIENTED_EDGE('',*,*,#3452,.F.);
#3543 = ORIENTED_EDGE('',*,*,#3544,.F.);
#3544 = EDGE_CURVE('',#3545,#3445,#3547,.T.);
#3545 = VERTEX_POINT('',#3546);
#3546 = CARTESIAN_POINT('',(-4.75,-2.413303706559,0.299561395034));
#3547 = CIRCLE('',#3548,5.E-02);
#3548 = AXIS2_PLACEMENT_3D('',#3549,#3550,#3551);
#3549 = CARTESIAN_POINT('',(-4.75,-2.419911892563,0.25));
#3550 = DIRECTION('',(1.,0.,0.));
#3551 = DIRECTION('',(-0.,0.132163720091,0.991227900683));
#3552 = ORIENTED_EDGE('',*,*,#3553,.T.);
#3553 = EDGE_CURVE('',#3545,#3511,#3554,.T.);
#3554 = LINE('',#3555,#3556);
#3555 = CARTESIAN_POINT('',(-4.75,-2.347221846513,0.795175345375));
#3556 = VECTOR('',#3557,1.);
#3557 = DIRECTION('',(-2.168404344971E-16,0.132163720091,0.991227900683)
  );
#3558 = PLANE('',#3559);
#3559 = AXIS2_PLACEMENT_3D('',#3560,#3561,#3562);
#3560 = CARTESIAN_POINT('',(-4.75,-2.347221846513,0.795175345375));
#3561 = DIRECTION('',(-1.,0.,0.));
#3562 = DIRECTION('',(0.,0.,1.));
#3563 = ADVANCED_FACE('',(#3564),#3583,.F.);
#3564 = FACE_BOUND('',#3565,.F.);
#3565 = EDGE_LOOP('',(#3566,#3574,#3581,#3582));
#3566 = ORIENTED_EDGE('',*,*,#3567,.F.);
#3567 = EDGE_CURVE('',#3568,#3545,#3570,.T.);
#3568 = VERTEX_POINT('',#3569);
#3569 = CARTESIAN_POINT('',(-5.25,-2.413303706559,0.299561395034));
#3570 = LINE('',#3571,#3572);
#3571 = CARTESIAN_POINT('',(-5.25,-2.413303706559,0.299561395034));
#3572 = VECTOR('',#3573,1.);
#3573 = DIRECTION('',(1.,-2.865843848929E-17,-2.149382886697E-16));
#3574 = ORIENTED_EDGE('',*,*,#3575,.T.);
#3575 = EDGE_CURVE('',#3568,#3469,#3576,.T.);
#3576 = CIRCLE('',#3577,5.E-02);
#3577 = AXIS2_PLACEMENT_3D('',#3578,#3579,#3580);
#3578 = CARTESIAN_POINT('',(-5.25,-2.419911892563,0.25));
#3579 = DIRECTION('',(1.,0.,0.));
#3580 = DIRECTION('',(-0.,0.132163720091,0.991227900683));
#3581 = ORIENTED_EDGE('',*,*,#3476,.T.);
#3582 = ORIENTED_EDGE('',*,*,#3544,.F.);
#3583 = CYLINDRICAL_SURFACE('',#3584,5.E-02);
#3584 = AXIS2_PLACEMENT_3D('',#3585,#3586,#3587);
#3585 = CARTESIAN_POINT('',(-5.,-2.419911892563,0.25));
#3586 = DIRECTION('',(-1.,0.,0.));
#3587 = DIRECTION('',(0.,0.,-1.));
#3588 = ADVANCED_FACE('',(#3589),#3600,.F.);
#3589 = FACE_BOUND('',#3590,.T.);
#3590 = EDGE_LOOP('',(#3591,#3592,#3593,#3594));
#3591 = ORIENTED_EDGE('',*,*,#3575,.T.);
#3592 = ORIENTED_EDGE('',*,*,#3493,.F.);
#3593 = ORIENTED_EDGE('',*,*,#3527,.F.);
#3594 = ORIENTED_EDGE('',*,*,#3595,.T.);
#3595 = EDGE_CURVE('',#3520,#3568,#3596,.T.);
#3596 = LINE('',#3597,#3598);
#3597 = CARTESIAN_POINT('',(-5.25,-2.347221846513,0.795175345375));
#3598 = VECTOR('',#3599,1.);
#3599 = DIRECTION('',(0.,-0.132163720091,-0.991227900683));
#3600 = PLANE('',#3601);
#3601 = AXIS2_PLACEMENT_3D('',#3602,#3603,#3604);
#3602 = CARTESIAN_POINT('',(-5.25,-2.347221846513,0.795175345375));
#3603 = DIRECTION('',(1.,0.,0.));
#3604 = DIRECTION('',(-0.,1.,0.));
#3605 = ADVANCED_FACE('',(#3606),#3631,.F.);
#3606 = FACE_BOUND('',#3607,.T.);
#3607 = EDGE_LOOP('',(#3608,#3609,#3617,#3625));
#3608 = ORIENTED_EDGE('',*,*,#3519,.F.);
#3609 = ORIENTED_EDGE('',*,*,#3610,.F.);
#3610 = EDGE_CURVE('',#3611,#3511,#3613,.T.);
#3611 = VERTEX_POINT('',#3612);
#3612 = CARTESIAN_POINT('',(-4.75,-0.958327045399,0.609989371894));
#3613 = LINE('',#3614,#3615);
#3614 = CARTESIAN_POINT('',(-4.75,-0.958327045399,0.609989371894));
#3615 = VECTOR('',#3616,1.);
#3616 = DIRECTION('',(0.,-0.991227900683,0.132163720091));
#3617 = ORIENTED_EDGE('',*,*,#3618,.T.);
#3618 = EDGE_CURVE('',#3611,#3619,#3621,.T.);
#3619 = VERTEX_POINT('',#3620);
#3620 = CARTESIAN_POINT('',(-5.25,-0.958327045399,0.609989371894));
#3621 = LINE('',#3622,#3623);
#3622 = CARTESIAN_POINT('',(-5.25,-0.958327045399,0.609989371894));
#3623 = VECTOR('',#3624,1.);
#3624 = DIRECTION('',(-1.,0.,0.));
#3625 = ORIENTED_EDGE('',*,*,#3626,.T.);
#3626 = EDGE_CURVE('',#3619,#3520,#3627,.T.);
#3627 = LINE('',#3628,#3629);
#3628 = CARTESIAN_POINT('',(-5.25,-0.958327045399,0.609989371894));
#3629 = VECTOR('',#3630,1.);
#3630 = DIRECTION('',(0.,-0.991227900683,0.132163720091));
#3631 = PLANE('',#3632);
#3632 = AXIS2_PLACEMENT_3D('',#3633,#3634,#3635);
#3633 = CARTESIAN_POINT('',(-5.25,-0.958327045399,0.609989371894));
#3634 = DIRECTION('',(0.,-0.132163720091,-0.991227900683));
#3635 = DIRECTION('',(0.,-0.991227900683,0.132163720091));
#3636 = ADVANCED_FACE('',(#3637),#3655,.F.);
#3637 = FACE_BOUND('',#3638,.T.);
#3638 = EDGE_LOOP('',(#3639,#3640,#3641,#3649));
#3639 = ORIENTED_EDGE('',*,*,#3610,.T.);
#3640 = ORIENTED_EDGE('',*,*,#3553,.F.);
#3641 = ORIENTED_EDGE('',*,*,#3642,.F.);
#3642 = EDGE_CURVE('',#3643,#3545,#3645,.T.);
#3643 = VERTEX_POINT('',#3644);
#3644 = CARTESIAN_POINT('',(-4.75,-1.024408905445,0.114375421552));
#3645 = LINE('',#3646,#3647);
#3646 = CARTESIAN_POINT('',(-4.75,-1.024408905445,0.114375421552));
#3647 = VECTOR('',#3648,1.);
#3648 = DIRECTION('',(0.,-0.991227900683,0.132163720091));
#3649 = ORIENTED_EDGE('',*,*,#3650,.T.);
#3650 = EDGE_CURVE('',#3643,#3611,#3651,.T.);
#3651 = LINE('',#3652,#3653);
#3652 = CARTESIAN_POINT('',(-4.75,-0.958327045399,0.609989371894));
#3653 = VECTOR('',#3654,1.);
#3654 = DIRECTION('',(-2.168404344971E-16,0.132163720091,0.991227900683)
  );
#3655 = PLANE('',#3656);
#3656 = AXIS2_PLACEMENT_3D('',#3657,#3658,#3659);
#3657 = CARTESIAN_POINT('',(-4.75,-0.958327045399,0.609989371894));
#3658 = DIRECTION('',(-1.,-2.865843848929E-17,-2.149382886697E-16));
#3659 = DIRECTION('',(-2.149382886697E-16,0.,1.));
#3660 = ADVANCED_FACE('',(#3661),#3679,.F.);
#3661 = FACE_BOUND('',#3662,.T.);
#3662 = EDGE_LOOP('',(#3663,#3664,#3665,#3673));
#3663 = ORIENTED_EDGE('',*,*,#3642,.T.);
#3664 = ORIENTED_EDGE('',*,*,#3567,.F.);
#3665 = ORIENTED_EDGE('',*,*,#3666,.F.);
#3666 = EDGE_CURVE('',#3667,#3568,#3669,.T.);
#3667 = VERTEX_POINT('',#3668);
#3668 = CARTESIAN_POINT('',(-5.25,-1.024408905445,0.114375421552));
#3669 = LINE('',#3670,#3671);
#3670 = CARTESIAN_POINT('',(-5.25,-1.024408905445,0.114375421552));
#3671 = VECTOR('',#3672,1.);
#3672 = DIRECTION('',(0.,-0.991227900683,0.132163720091));
#3673 = ORIENTED_EDGE('',*,*,#3674,.T.);
#3674 = EDGE_CURVE('',#3667,#3643,#3675,.T.);
#3675 = LINE('',#3676,#3677);
#3676 = CARTESIAN_POINT('',(-5.25,-1.024408905445,0.114375421552));
#3677 = VECTOR('',#3678,1.);
#3678 = DIRECTION('',(1.,-2.865843848929E-17,-2.149382886697E-16));
#3679 = PLANE('',#3680);
#3680 = AXIS2_PLACEMENT_3D('',#3681,#3682,#3683);
#3681 = CARTESIAN_POINT('',(-5.25,-1.024408905445,0.114375421552));
#3682 = DIRECTION('',(2.168404344971E-16,0.132163720091,0.991227900683)
  );
#3683 = DIRECTION('',(1.,-1.640695603512E-15,0.));
#3684 = ADVANCED_FACE('',(#3685),#3696,.F.);
#3685 = FACE_BOUND('',#3686,.T.);
#3686 = EDGE_LOOP('',(#3687,#3688,#3689,#3690));
#3687 = ORIENTED_EDGE('',*,*,#3666,.T.);
#3688 = ORIENTED_EDGE('',*,*,#3595,.F.);
#3689 = ORIENTED_EDGE('',*,*,#3626,.F.);
#3690 = ORIENTED_EDGE('',*,*,#3691,.T.);
#3691 = EDGE_CURVE('',#3619,#3667,#3692,.T.);
#3692 = LINE('',#3693,#3694);
#3693 = CARTESIAN_POINT('',(-5.25,-0.958327045399,0.609989371894));
#3694 = VECTOR('',#3695,1.);
#3695 = DIRECTION('',(0.,-0.132163720091,-0.991227900683));
#3696 = PLANE('',#3697);
#3697 = AXIS2_PLACEMENT_3D('',#3698,#3699,#3700);
#3698 = CARTESIAN_POINT('',(-5.25,-0.958327045399,0.609989371894));
#3699 = DIRECTION('',(1.,0.,0.));
#3700 = DIRECTION('',(-0.,1.,0.));
#3701 = ADVANCED_FACE('',(#3702),#3729,.F.);
#3702 = FACE_BOUND('',#3703,.F.);
#3703 = EDGE_LOOP('',(#3704,#3713,#3721,#3728));
#3704 = ORIENTED_EDGE('',*,*,#3705,.F.);
#3705 = EDGE_CURVE('',#3706,#3619,#3708,.T.);
#3706 = VERTEX_POINT('',#3707);
#3707 = CARTESIAN_POINT('',(-5.25,-0.92935817962,0.614829407378));
#3708 = CIRCLE('',#3709,5.E-02);
#3709 = AXIS2_PLACEMENT_3D('',#3710,#3711,#3712);
#3710 = CARTESIAN_POINT('',(-5.25,-0.951718859395,0.659550766928));
#3711 = DIRECTION('',(-1.,0.,0.));
#3712 = DIRECTION('',(0.,0.4472135955,-0.894427191));
#3713 = ORIENTED_EDGE('',*,*,#3714,.F.);
#3714 = EDGE_CURVE('',#3715,#3706,#3717,.T.);
#3715 = VERTEX_POINT('',#3716);
#3716 = CARTESIAN_POINT('',(-4.75,-0.92935817962,0.614829407378));
#3717 = LINE('',#3718,#3719);
#3718 = CARTESIAN_POINT('',(-5.25,-0.92935817962,0.614829407378));
#3719 = VECTOR('',#3720,1.);
#3720 = DIRECTION('',(-1.,0.,0.));
#3721 = ORIENTED_EDGE('',*,*,#3722,.T.);
#3722 = EDGE_CURVE('',#3715,#3611,#3723,.T.);
#3723 = CIRCLE('',#3724,5.E-02);
#3724 = AXIS2_PLACEMENT_3D('',#3725,#3726,#3727);
#3725 = CARTESIAN_POINT('',(-4.75,-0.951718859395,0.659550766928));
#3726 = DIRECTION('',(-1.,0.,0.));
#3727 = DIRECTION('',(0.,0.4472135955,-0.894427191));
#3728 = ORIENTED_EDGE('',*,*,#3618,.T.);
#3729 = CYLINDRICAL_SURFACE('',#3730,5.E-02);
#3730 = AXIS2_PLACEMENT_3D('',#3731,#3732,#3733);
#3731 = CARTESIAN_POINT('',(-5.,-0.951718859395,0.659550766928));
#3732 = DIRECTION('',(1.,0.,0.));
#3733 = DIRECTION('',(0.,0.,1.));
#3734 = ADVANCED_FACE('',(#3735),#3754,.F.);
#3735 = FACE_BOUND('',#3736,.T.);
#3736 = EDGE_LOOP('',(#3737,#3738,#3739,#3748));
#3737 = ORIENTED_EDGE('',*,*,#3722,.T.);
#3738 = ORIENTED_EDGE('',*,*,#3650,.F.);
#3739 = ORIENTED_EDGE('',*,*,#3740,.F.);
#3740 = EDGE_CURVE('',#3741,#3643,#3743,.T.);
#3741 = VERTEX_POINT('',#3742);
#3742 = CARTESIAN_POINT('',(-4.75,-0.70575138187,0.167615811878));
#3743 = CIRCLE('',#3744,0.55);
#3744 = AXIS2_PLACEMENT_3D('',#3745,#3746,#3747);
#3745 = CARTESIAN_POINT('',(-4.75,-0.951718859395,0.659550766928));
#3746 = DIRECTION('',(-1.,0.,0.));
#3747 = DIRECTION('',(0.,0.4472135955,-0.894427191));
#3748 = ORIENTED_EDGE('',*,*,#3749,.T.);
#3749 = EDGE_CURVE('',#3741,#3715,#3750,.T.);
#3750 = LINE('',#3751,#3752);
#3751 = CARTESIAN_POINT('',(-4.75,-0.92935817962,0.614829407378));
#3752 = VECTOR('',#3753,1.);
#3753 = DIRECTION('',(-2.168404344971E-16,-0.4472135955,0.894427191));
#3754 = PLANE('',#3755);
#3755 = AXIS2_PLACEMENT_3D('',#3756,#3757,#3758);
#3756 = CARTESIAN_POINT('',(-4.75,-0.92935817962,0.614829407378));
#3757 = DIRECTION('',(-1.,0.,0.));
#3758 = DIRECTION('',(0.,0.,1.));
#3759 = ADVANCED_FACE('',(#3760),#3779,.T.);
#3760 = FACE_BOUND('',#3761,.T.);
#3761 = EDGE_LOOP('',(#3762,#3763,#3764,#3773));
#3762 = ORIENTED_EDGE('',*,*,#3740,.T.);
#3763 = ORIENTED_EDGE('',*,*,#3674,.F.);
#3764 = ORIENTED_EDGE('',*,*,#3765,.F.);
#3765 = EDGE_CURVE('',#3766,#3667,#3768,.T.);
#3766 = VERTEX_POINT('',#3767);
#3767 = CARTESIAN_POINT('',(-5.25,-0.70575138187,0.167615811878));
#3768 = CIRCLE('',#3769,0.55);
#3769 = AXIS2_PLACEMENT_3D('',#3770,#3771,#3772);
#3770 = CARTESIAN_POINT('',(-5.25,-0.951718859395,0.659550766928));
#3771 = DIRECTION('',(-1.,0.,0.));
#3772 = DIRECTION('',(0.,0.4472135955,-0.894427191));
#3773 = ORIENTED_EDGE('',*,*,#3774,.T.);
#3774 = EDGE_CURVE('',#3766,#3741,#3775,.T.);
#3775 = LINE('',#3776,#3777);
#3776 = CARTESIAN_POINT('',(-5.25,-0.70575138187,0.167615811878));
#3777 = VECTOR('',#3778,1.);
#3778 = DIRECTION('',(1.,9.697399036122E-17,-1.939479807224E-16));
#3779 = CYLINDRICAL_SURFACE('',#3780,0.55);
#3780 = AXIS2_PLACEMENT_3D('',#3781,#3782,#3783);
#3781 = CARTESIAN_POINT('',(-5.,-0.951718859395,0.659550766928));
#3782 = DIRECTION('',(1.,0.,0.));
#3783 = DIRECTION('',(0.,0.,1.));
#3784 = ADVANCED_FACE('',(#3785),#3796,.F.);
#3785 = FACE_BOUND('',#3786,.T.);
#3786 = EDGE_LOOP('',(#3787,#3788,#3789,#3790));
#3787 = ORIENTED_EDGE('',*,*,#3765,.T.);
#3788 = ORIENTED_EDGE('',*,*,#3691,.F.);
#3789 = ORIENTED_EDGE('',*,*,#3705,.F.);
#3790 = ORIENTED_EDGE('',*,*,#3791,.T.);
#3791 = EDGE_CURVE('',#3706,#3766,#3792,.T.);
#3792 = LINE('',#3793,#3794);
#3793 = CARTESIAN_POINT('',(-5.25,-0.92935817962,0.614829407378));
#3794 = VECTOR('',#3795,1.);
#3795 = DIRECTION('',(0.,0.4472135955,-0.894427191));
#3796 = PLANE('',#3797);
#3797 = AXIS2_PLACEMENT_3D('',#3798,#3799,#3800);
#3798 = CARTESIAN_POINT('',(-5.25,-0.92935817962,0.614829407378));
#3799 = DIRECTION('',(1.,0.,0.));
#3800 = DIRECTION('',(-0.,1.,0.));
#3801 = ADVANCED_FACE('',(#3802),#3827,.F.);
#3802 = FACE_BOUND('',#3803,.T.);
#3803 = EDGE_LOOP('',(#3804,#3805,#3813,#3821));
#3804 = ORIENTED_EDGE('',*,*,#3714,.F.);
#3805 = ORIENTED_EDGE('',*,*,#3806,.F.);
#3806 = EDGE_CURVE('',#3807,#3715,#3809,.T.);
#3807 = VERTEX_POINT('',#3808);
#3808 = CARTESIAN_POINT('',(-4.75,-0.675147084275,0.74193495505));
#3809 = LINE('',#3810,#3811);
#3810 = CARTESIAN_POINT('',(-4.75,-0.675147084275,0.74193495505));
#3811 = VECTOR('',#3812,1.);
#3812 = DIRECTION('',(0.,-0.894427191,-0.4472135955));
#3813 = ORIENTED_EDGE('',*,*,#3814,.T.);
#3814 = EDGE_CURVE('',#3807,#3815,#3817,.T.);
#3815 = VERTEX_POINT('',#3816);
#3816 = CARTESIAN_POINT('',(-5.25,-0.675147084275,0.74193495505));
#3817 = LINE('',#3818,#3819);
#3818 = CARTESIAN_POINT('',(-5.25,-0.675147084275,0.74193495505));
#3819 = VECTOR('',#3820,1.);
#3820 = DIRECTION('',(-1.,0.,0.));
#3821 = ORIENTED_EDGE('',*,*,#3822,.T.);
#3822 = EDGE_CURVE('',#3815,#3706,#3823,.T.);
#3823 = LINE('',#3824,#3825);
#3824 = CARTESIAN_POINT('',(-5.25,-0.675147084275,0.74193495505));
#3825 = VECTOR('',#3826,1.);
#3826 = DIRECTION('',(0.,-0.894427191,-0.4472135955));
#3827 = PLANE('',#3828);
#3828 = AXIS2_PLACEMENT_3D('',#3829,#3830,#3831);
#3829 = CARTESIAN_POINT('',(-5.25,-0.675147084275,0.74193495505));
#3830 = DIRECTION('',(0.,0.4472135955,-0.894427191));
#3831 = DIRECTION('',(-1.,0.,0.));
#3832 = ADVANCED_FACE('',(#3833),#3851,.F.);
#3833 = FACE_BOUND('',#3834,.T.);
#3834 = EDGE_LOOP('',(#3835,#3836,#3837,#3845));
#3835 = ORIENTED_EDGE('',*,*,#3806,.T.);
#3836 = ORIENTED_EDGE('',*,*,#3749,.F.);
#3837 = ORIENTED_EDGE('',*,*,#3838,.F.);
#3838 = EDGE_CURVE('',#3839,#3741,#3841,.T.);
#3839 = VERTEX_POINT('',#3840);
#3840 = CARTESIAN_POINT('',(-4.75,-0.451540286525,0.29472135955));
#3841 = LINE('',#3842,#3843);
#3842 = CARTESIAN_POINT('',(-4.75,-0.451540286525,0.29472135955));
#3843 = VECTOR('',#3844,1.);
#3844 = DIRECTION('',(0.,-0.894427191,-0.4472135955));
#3845 = ORIENTED_EDGE('',*,*,#3846,.T.);
#3846 = EDGE_CURVE('',#3839,#3807,#3847,.T.);
#3847 = LINE('',#3848,#3849);
#3848 = CARTESIAN_POINT('',(-4.75,-0.675147084275,0.74193495505));
#3849 = VECTOR('',#3850,1.);
#3850 = DIRECTION('',(-2.168404344971E-16,-0.4472135955,0.894427191));
#3851 = PLANE('',#3852);
#3852 = AXIS2_PLACEMENT_3D('',#3853,#3854,#3855);
#3853 = CARTESIAN_POINT('',(-4.75,-0.675147084275,0.74193495505));
#3854 = DIRECTION('',(-1.,9.697399036122E-17,-1.939479807224E-16));
#3855 = DIRECTION('',(-1.939479807224E-16,0.,1.));
#3856 = ADVANCED_FACE('',(#3857),#3875,.F.);
#3857 = FACE_BOUND('',#3858,.T.);
#3858 = EDGE_LOOP('',(#3859,#3860,#3861,#3869));
#3859 = ORIENTED_EDGE('',*,*,#3838,.T.);
#3860 = ORIENTED_EDGE('',*,*,#3774,.F.);
#3861 = ORIENTED_EDGE('',*,*,#3862,.F.);
#3862 = EDGE_CURVE('',#3863,#3766,#3865,.T.);
#3863 = VERTEX_POINT('',#3864);
#3864 = CARTESIAN_POINT('',(-5.25,-0.451540286525,0.29472135955));
#3865 = LINE('',#3866,#3867);
#3866 = CARTESIAN_POINT('',(-5.25,-0.451540286525,0.29472135955));
#3867 = VECTOR('',#3868,1.);
#3868 = DIRECTION('',(0.,-0.894427191,-0.4472135955));
#3869 = ORIENTED_EDGE('',*,*,#3870,.T.);
#3870 = EDGE_CURVE('',#3863,#3839,#3871,.T.);
#3871 = LINE('',#3872,#3873);
#3872 = CARTESIAN_POINT('',(-5.25,-0.451540286525,0.29472135955));
#3873 = VECTOR('',#3874,1.);
#3874 = DIRECTION('',(1.,9.697399036122E-17,-1.939479807224E-16));
#3875 = PLANE('',#3876);
#3876 = AXIS2_PLACEMENT_3D('',#3877,#3878,#3879);
#3877 = CARTESIAN_POINT('',(-5.25,-0.451540286525,0.29472135955));
#3878 = DIRECTION('',(2.168404344971E-16,-0.4472135955,0.894427191));
#3879 = DIRECTION('',(-1.,-4.848699518061E-16,0.));
#3880 = ADVANCED_FACE('',(#3881),#3892,.F.);
#3881 = FACE_BOUND('',#3882,.T.);
#3882 = EDGE_LOOP('',(#3883,#3884,#3885,#3886));
#3883 = ORIENTED_EDGE('',*,*,#3862,.T.);
#3884 = ORIENTED_EDGE('',*,*,#3791,.F.);
#3885 = ORIENTED_EDGE('',*,*,#3822,.F.);
#3886 = ORIENTED_EDGE('',*,*,#3887,.T.);
#3887 = EDGE_CURVE('',#3815,#3863,#3888,.T.);
#3888 = LINE('',#3889,#3890);
#3889 = CARTESIAN_POINT('',(-5.25,-0.675147084275,0.74193495505));
#3890 = VECTOR('',#3891,1.);
#3891 = DIRECTION('',(0.,0.4472135955,-0.894427191));
#3892 = PLANE('',#3893);
#3893 = AXIS2_PLACEMENT_3D('',#3894,#3895,#3896);
#3894 = CARTESIAN_POINT('',(-5.25,-0.675147084275,0.74193495505));
#3895 = DIRECTION('',(1.,0.,0.));
#3896 = DIRECTION('',(-0.,1.,0.));
#3897 = ADVANCED_FACE('',(#3898),#3925,.T.);
#3898 = FACE_BOUND('',#3899,.T.);
#3899 = EDGE_LOOP('',(#3900,#3901,#3910,#3918));
#3900 = ORIENTED_EDGE('',*,*,#3814,.F.);
#3901 = ORIENTED_EDGE('',*,*,#3902,.F.);
#3902 = EDGE_CURVE('',#3903,#3807,#3905,.T.);
#3903 = VERTEX_POINT('',#3904);
#3904 = CARTESIAN_POINT('',(-4.75,-0.42917960675,0.8));
#3905 = CIRCLE('',#3906,0.55);
#3906 = AXIS2_PLACEMENT_3D('',#3907,#3908,#3909);
#3907 = CARTESIAN_POINT('',(-4.75,-0.42917960675,0.25));
#3908 = DIRECTION('',(1.,0.,0.));
#3909 = DIRECTION('',(0.,-1.577021341797E-15,1.));
#3910 = ORIENTED_EDGE('',*,*,#3911,.T.);
#3911 = EDGE_CURVE('',#3903,#3912,#3914,.T.);
#3912 = VERTEX_POINT('',#3913);
#3913 = CARTESIAN_POINT('',(-5.25,-0.42917960675,0.8));
#3914 = LINE('',#3915,#3916);
#3915 = CARTESIAN_POINT('',(-5.25,-0.42917960675,0.8));
#3916 = VECTOR('',#3917,1.);
#3917 = DIRECTION('',(-1.,0.,0.));
#3918 = ORIENTED_EDGE('',*,*,#3919,.T.);
#3919 = EDGE_CURVE('',#3912,#3815,#3920,.T.);
#3920 = CIRCLE('',#3921,0.55);
#3921 = AXIS2_PLACEMENT_3D('',#3922,#3923,#3924);
#3922 = CARTESIAN_POINT('',(-5.25,-0.42917960675,0.25));
#3923 = DIRECTION('',(1.,0.,0.));
#3924 = DIRECTION('',(0.,-1.577021341797E-15,1.));
#3925 = CYLINDRICAL_SURFACE('',#3926,0.55);
#3926 = AXIS2_PLACEMENT_3D('',#3927,#3928,#3929);
#3927 = CARTESIAN_POINT('',(-5.,-0.42917960675,0.25));
#3928 = DIRECTION('',(-1.,0.,0.));
#3929 = DIRECTION('',(0.,0.,-1.));
#3930 = ADVANCED_FACE('',(#3931),#3950,.F.);
#3931 = FACE_BOUND('',#3932,.T.);
#3932 = EDGE_LOOP('',(#3933,#3934,#3935,#3944));
#3933 = ORIENTED_EDGE('',*,*,#3902,.T.);
#3934 = ORIENTED_EDGE('',*,*,#3846,.F.);
#3935 = ORIENTED_EDGE('',*,*,#3936,.F.);
#3936 = EDGE_CURVE('',#3937,#3839,#3939,.T.);
#3937 = VERTEX_POINT('',#3938);
#3938 = CARTESIAN_POINT('',(-4.75,-0.42917960675,0.3));
#3939 = CIRCLE('',#3940,4.999999999998E-02);
#3940 = AXIS2_PLACEMENT_3D('',#3941,#3942,#3943);
#3941 = CARTESIAN_POINT('',(-4.75,-0.42917960675,0.25));
#3942 = DIRECTION('',(1.,0.,0.));
#3943 = DIRECTION('',(0.,-1.734723475978E-14,1.));
#3944 = ORIENTED_EDGE('',*,*,#3945,.T.);
#3945 = EDGE_CURVE('',#3937,#3903,#3946,.T.);
#3946 = LINE('',#3947,#3948);
#3947 = CARTESIAN_POINT('',(-4.75,-0.42917960675,0.8));
#3948 = VECTOR('',#3949,1.);
#3949 = DIRECTION('',(-2.168404344971E-16,0.,1.));
#3950 = PLANE('',#3951);
#3951 = AXIS2_PLACEMENT_3D('',#3952,#3953,#3954);
#3952 = CARTESIAN_POINT('',(-4.75,-0.42917960675,0.8));
#3953 = DIRECTION('',(-1.,0.,0.));
#3954 = DIRECTION('',(0.,0.,1.));
#3955 = ADVANCED_FACE('',(#3956),#3975,.F.);
#3956 = FACE_BOUND('',#3957,.F.);
#3957 = EDGE_LOOP('',(#3958,#3966,#3973,#3974));
#3958 = ORIENTED_EDGE('',*,*,#3959,.F.);
#3959 = EDGE_CURVE('',#3960,#3937,#3962,.T.);
#3960 = VERTEX_POINT('',#3961);
#3961 = CARTESIAN_POINT('',(-5.25,-0.42917960675,0.3));
#3962 = LINE('',#3963,#3964);
#3963 = CARTESIAN_POINT('',(-5.25,-0.42917960675,0.3));
#3964 = VECTOR('',#3965,1.);
#3965 = DIRECTION('',(1.,0.,-2.168404344971E-16));
#3966 = ORIENTED_EDGE('',*,*,#3967,.T.);
#3967 = EDGE_CURVE('',#3960,#3863,#3968,.T.);
#3968 = CIRCLE('',#3969,4.999999999998E-02);
#3969 = AXIS2_PLACEMENT_3D('',#3970,#3971,#3972);
#3970 = CARTESIAN_POINT('',(-5.25,-0.42917960675,0.25));
#3971 = DIRECTION('',(1.,0.,0.));
#3972 = DIRECTION('',(0.,-1.734723475978E-14,1.));
#3973 = ORIENTED_EDGE('',*,*,#3870,.T.);
#3974 = ORIENTED_EDGE('',*,*,#3936,.F.);
#3975 = CYLINDRICAL_SURFACE('',#3976,4.999999999998E-02);
#3976 = AXIS2_PLACEMENT_3D('',#3977,#3978,#3979);
#3977 = CARTESIAN_POINT('',(-5.,-0.42917960675,0.25));
#3978 = DIRECTION('',(-1.,0.,0.));
#3979 = DIRECTION('',(0.,0.,-1.));
#3980 = ADVANCED_FACE('',(#3981),#3992,.F.);
#3981 = FACE_BOUND('',#3982,.T.);
#3982 = EDGE_LOOP('',(#3983,#3984,#3985,#3986));
#3983 = ORIENTED_EDGE('',*,*,#3967,.T.);
#3984 = ORIENTED_EDGE('',*,*,#3887,.F.);
#3985 = ORIENTED_EDGE('',*,*,#3919,.F.);
#3986 = ORIENTED_EDGE('',*,*,#3987,.T.);
#3987 = EDGE_CURVE('',#3912,#3960,#3988,.T.);
#3988 = LINE('',#3989,#3990);
#3989 = CARTESIAN_POINT('',(-5.25,-0.42917960675,0.8));
#3990 = VECTOR('',#3991,1.);
#3991 = DIRECTION('',(0.,0.,-1.));
#3992 = PLANE('',#3993);
#3993 = AXIS2_PLACEMENT_3D('',#3994,#3995,#3996);
#3994 = CARTESIAN_POINT('',(-5.25,-0.42917960675,0.8));
#3995 = DIRECTION('',(1.,0.,0.));
#3996 = DIRECTION('',(-0.,1.,0.));
#3997 = ADVANCED_FACE('',(#3998),#4014,.F.);
#3998 = FACE_BOUND('',#3999,.T.);
#3999 = EDGE_LOOP('',(#4000,#4006,#4007,#4013));
#4000 = ORIENTED_EDGE('',*,*,#4001,.T.);
#4001 = EDGE_CURVE('',#3239,#3912,#4002,.T.);
#4002 = LINE('',#4003,#4004);
#4003 = CARTESIAN_POINT('',(-5.25,5.,0.8));
#4004 = VECTOR('',#4005,1.);
#4005 = DIRECTION('',(0.,-1.,-1.198194479848E-16));
#4006 = ORIENTED_EDGE('',*,*,#3911,.F.);
#4007 = ORIENTED_EDGE('',*,*,#4008,.F.);
#4008 = EDGE_CURVE('',#3206,#3903,#4009,.T.);
#4009 = LINE('',#4010,#4011);
#4010 = CARTESIAN_POINT('',(-4.75,5.,0.8));
#4011 = VECTOR('',#4012,1.);
#4012 = DIRECTION('',(0.,-1.,-1.198194479848E-16));
#4013 = ORIENTED_EDGE('',*,*,#3275,.F.);
#4014 = PLANE('',#4015);
#4015 = AXIS2_PLACEMENT_3D('',#4016,#4017,#4018);
#4016 = CARTESIAN_POINT('',(-5.25,5.,0.8));
#4017 = DIRECTION('',(0.,1.198194479848E-16,-1.));
#4018 = DIRECTION('',(-1.,0.,0.));
#4019 = ADVANCED_FACE('',(#4020),#4031,.F.);
#4020 = FACE_BOUND('',#4021,.T.);
#4021 = EDGE_LOOP('',(#4022,#4023,#4024,#4030));
#4022 = ORIENTED_EDGE('',*,*,#4008,.T.);
#4023 = ORIENTED_EDGE('',*,*,#3945,.F.);
#4024 = ORIENTED_EDGE('',*,*,#4025,.F.);
#4025 = EDGE_CURVE('',#3184,#3937,#4026,.T.);
#4026 = LINE('',#4027,#4028);
#4027 = CARTESIAN_POINT('',(-4.75,5.,0.3));
#4028 = VECTOR('',#4029,1.);
#4029 = DIRECTION('',(0.,-1.,-1.198194479848E-16));
#4030 = ORIENTED_EDGE('',*,*,#3215,.F.);
#4031 = PLANE('',#4032);
#4032 = AXIS2_PLACEMENT_3D('',#4033,#4034,#4035);
#4033 = CARTESIAN_POINT('',(-4.75,5.,0.8));
#4034 = DIRECTION('',(-1.,2.598170116223E-32,-2.168404344971E-16));
#4035 = DIRECTION('',(-2.168404344971E-16,0.,1.));
#4036 = ADVANCED_FACE('',(#4037),#4048,.F.);
#4037 = FACE_BOUND('',#4038,.T.);
#4038 = EDGE_LOOP('',(#4039,#4040,#4041,#4047));
#4039 = ORIENTED_EDGE('',*,*,#4025,.T.);
#4040 = ORIENTED_EDGE('',*,*,#3959,.F.);
#4041 = ORIENTED_EDGE('',*,*,#4042,.F.);
#4042 = EDGE_CURVE('',#3168,#3960,#4043,.T.);
#4043 = LINE('',#4044,#4045);
#4044 = CARTESIAN_POINT('',(-5.25,5.,0.3));
#4045 = VECTOR('',#4046,1.);
#4046 = DIRECTION('',(0.,-1.,-1.198194479848E-16));
#4047 = ORIENTED_EDGE('',*,*,#3191,.F.);
#4048 = PLANE('',#4049);
#4049 = AXIS2_PLACEMENT_3D('',#4050,#4051,#4052);
#4050 = CARTESIAN_POINT('',(-5.25,5.,0.3));
#4051 = DIRECTION('',(2.168404344971E-16,-1.198194479848E-16,1.));
#4052 = DIRECTION('',(1.,0.,-2.168404344971E-16));
#4053 = ADVANCED_FACE('',(#4054),#4060,.F.);
#4054 = FACE_BOUND('',#4055,.T.);
#4055 = EDGE_LOOP('',(#4056,#4057,#4058,#4059));
#4056 = ORIENTED_EDGE('',*,*,#4042,.T.);
#4057 = ORIENTED_EDGE('',*,*,#3987,.F.);
#4058 = ORIENTED_EDGE('',*,*,#4001,.F.);
#4059 = ORIENTED_EDGE('',*,*,#3253,.F.);
#4060 = PLANE('',#4061);
#4061 = AXIS2_PLACEMENT_3D('',#4062,#4063,#4064);
#4062 = CARTESIAN_POINT('',(-5.25,5.,0.8));
#4063 = DIRECTION('',(1.,0.,0.));
#4064 = DIRECTION('',(-0.,1.,0.));
#4065 = ADVANCED_FACE('',(#4066),#4072,.F.);
#4066 = FACE_BOUND('',#4067,.T.);
#4067 = EDGE_LOOP('',(#4068,#4069,#4070,#4071));
#4068 = ORIENTED_EDGE('',*,*,#3339,.F.);
#4069 = ORIENTED_EDGE('',*,*,#3399,.F.);
#4070 = ORIENTED_EDGE('',*,*,#3377,.F.);
#4071 = ORIENTED_EDGE('',*,*,#3315,.F.);
#4072 = PLANE('',#4073);
#4073 = AXIS2_PLACEMENT_3D('',#4074,#4075,#4076);
#4074 = CARTESIAN_POINT('',(-4.,-3.4,1.011922027653E-15));
#4075 = DIRECTION('',(-0.,1.,0.));
#4076 = DIRECTION('',(1.,0.,0.));
#4077 = ADVANCED_FACE('',(#4078),#4084,.T.);
#4078 = FACE_BOUND('',#4079,.T.);
#4079 = EDGE_LOOP('',(#4080,#4081,#4082,#4083));
#4080 = ORIENTED_EDGE('',*,*,#3246,.F.);
#4081 = ORIENTED_EDGE('',*,*,#3268,.F.);
#4082 = ORIENTED_EDGE('',*,*,#3222,.F.);
#4083 = ORIENTED_EDGE('',*,*,#3175,.F.);
#4084 = PLANE('',#4085);
#4085 = AXIS2_PLACEMENT_3D('',#4086,#4087,#4088);
#4086 = CARTESIAN_POINT('',(-4.,5.,6.866613759075E-16));
#4087 = DIRECTION('',(-0.,1.,0.));
#4088 = DIRECTION('',(1.,0.,0.));
#4089 = ( GEOMETRIC_REPRESENTATION_CONTEXT(3) 
GLOBAL_UNCERTAINTY_ASSIGNED_CONTEXT((#4093)) 
GLOBAL_UNIT_ASSIGNED_CONTEXT((#4090,#4091,#4092)) REPRESENTATION_CONTEXT
('Context #1','3D Context with UNIT and UNCERTAINTY') );
#4090 = ( LENGTH_UNIT() NAMED_UNIT(*) SI_UNIT(.MILLI.,.METRE.) );
#4091 = ( NAMED_UNIT(*) PLANE_ANGLE_UNIT() SI_UNIT($,.RADIAN.) );
#4092 = ( NAMED_UNIT(*) SI_UNIT($,.STERADIAN.) SOLID_ANGLE_UNIT() );
#4093 = UNCERTAINTY_MEASURE_WITH_UNIT(LENGTH_MEASURE(1.E-07),#4090,
  'distance_accuracy_value','confusion accuracy');
#4094 = CONTEXT_DEPENDENT_SHAPE_REPRESENTATION(#4095,#4097);
#4095 = ( REPRESENTATION_RELATIONSHIP('','',#3158,#930) 
REPRESENTATION_RELATIONSHIP_WITH_TRANSFORMATION(#4096) 
SHAPE_REPRESENTATION_RELATIONSHIP() );
#4096 = ITEM_DEFINED_TRANSFORMATION('','',#11,#935);
#4097 = PRODUCT_DEFINITION_SHAPE('Placement','Placement of an item',
  #4098);
#4098 = NEXT_ASSEMBLY_USAGE_OCCURRENCE('4','NAUO2','',#925,#3153,$);
#4099 = PRODUCT_RELATED_PRODUCT_CATEGORY('part',$,(#3155));
#4100 = CONTEXT_DEPENDENT_SHAPE_REPRESENTATION(#4101,#4103);
#4101 = ( REPRESENTATION_RELATIONSHIP('','',#3158,#930) 
REPRESENTATION_RELATIONSHIP_WITH_TRANSFORMATION(#4102) 
SHAPE_REPRESENTATION_RELATIONSHIP() );
#4102 = ITEM_DEFINED_TRANSFORMATION('','',#11,#939);
#4103 = PRODUCT_DEFINITION_SHAPE('Placement','Placement of an item',
  #4104);
#4104 = NEXT_ASSEMBLY_USAGE_OCCURRENCE('5','NAUO3','',#925,#3153,$);
#4105 = CONTEXT_DEPENDENT_SHAPE_REPRESENTATION(#4106,#4108);
#4106 = ( REPRESENTATION_RELATIONSHIP('','',#3158,#930) 
REPRESENTATION_RELATIONSHIP_WITH_TRANSFORMATION(#4107) 
SHAPE_REPRESENTATION_RELATIONSHIP() );
#4107 = ITEM_DEFINED_TRANSFORMATION('','',#11,#943);
#4108 = PRODUCT_DEFINITION_SHAPE('Placement','Placement of an item',
  #4109);
#4109 = NEXT_ASSEMBLY_USAGE_OCCURRENCE('6','NAUO4','',#925,#3153,$);
#4110 = CONTEXT_DEPENDENT_SHAPE_REPRESENTATION(#4111,#4113);
#4111 = ( REPRESENTATION_RELATIONSHIP('','',#116,#10) 
REPRESENTATION_RELATIONSHIP_WITH_TRANSFORMATION(#4112) 
SHAPE_REPRESENTATION_RELATIONSHIP() );
#4112 = ITEM_DEFINED_TRANSFORMATION('','',#11,#27);
#4113 = PRODUCT_DEFINITION_SHAPE('Placement','Placement of an item',
  #4114);
#4114 = NEXT_ASSEMBLY_USAGE_OCCURRENCE('8','47k_R2','',#5,#111,$);
#4115 = SHAPE_DEFINITION_REPRESENTATION(#4116,#4122);
#4116 = PRODUCT_DEFINITION_SHAPE('','',#4117);
#4117 = PRODUCT_DEFINITION('design','',#4118,#4121);
#4118 = PRODUCT_DEFINITION_FORMATION('','',#4119);
#4119 = PRODUCT('Spii 1.5','Spii 1.5','',(#4120));
#4120 = PRODUCT_CONTEXT('',#2,'mechanical');
#4121 = PRODUCT_DEFINITION_CONTEXT('part definition',#2,'design');
#4122 = SHAPE_REPRESENTATION('',(#11,#4123,#6029,#6987),#7945);
#4123 = MANIFOLD_SOLID_BREP('',#4124);
#4124 = CLOSED_SHELL('',(#4125,#4199,#4339,#4395,#4460,#4508,#4541,#4571
    ,#4611,#4651,#4728,#4782,#4821,#4854,#4893,#4972,#5090,#5121,#5152,
    #5183,#5251,#5273,#5293,#5313,#5325,#5337,#5354,#5405,#5417,#5450,
    #5490,#5507,#5565,#5583,#5601,#5623,#5640,#5657,#5669,#5691,#5708,
    #5734,#5760,#5777,#5789,#5806,#5818,#5835,#5847,#5864,#5881,#5893,
    #5915,#5932,#5949,#5961,#5983,#6000,#6017));
#4125 = ADVANCED_FACE('',(#4126,#4160),#4194,.F.);
#4126 = FACE_BOUND('',#4127,.T.);
#4127 = EDGE_LOOP('',(#4128,#4138,#4146,#4154));
#4128 = ORIENTED_EDGE('',*,*,#4129,.T.);
#4129 = EDGE_CURVE('',#4130,#4132,#4134,.T.);
#4130 = VERTEX_POINT('',#4131);
#4131 = CARTESIAN_POINT('',(1.8,0.2,2.25));
#4132 = VERTEX_POINT('',#4133);
#4133 = CARTESIAN_POINT('',(0.2,0.2,2.25));
#4134 = LINE('',#4135,#4136);
#4135 = CARTESIAN_POINT('',(0.2,0.2,2.25));
#4136 = VECTOR('',#4137,1.);
#4137 = DIRECTION('',(-1.,-2.710505431214E-16,-0.));
#4138 = ORIENTED_EDGE('',*,*,#4139,.F.);
#4139 = EDGE_CURVE('',#4140,#4132,#4142,.T.);
#4140 = VERTEX_POINT('',#4141);
#4141 = CARTESIAN_POINT('',(0.2,0.2,-2.25));
#4142 = LINE('',#4143,#4144);
#4143 = CARTESIAN_POINT('',(0.2,0.2,-2.25));
#4144 = VECTOR('',#4145,1.);
#4145 = DIRECTION('',(-0.,-0.,1.));
#4146 = ORIENTED_EDGE('',*,*,#4147,.F.);
#4147 = EDGE_CURVE('',#4148,#4140,#4150,.T.);
#4148 = VERTEX_POINT('',#4149);
#4149 = CARTESIAN_POINT('',(1.8,0.2,-2.25));
#4150 = LINE('',#4151,#4152);
#4151 = CARTESIAN_POINT('',(0.2,0.2,-2.25));
#4152 = VECTOR('',#4153,1.);
#4153 = DIRECTION('',(-1.,-2.710505431214E-16,-0.));
#4154 = ORIENTED_EDGE('',*,*,#4155,.T.);
#4155 = EDGE_CURVE('',#4148,#4130,#4156,.T.);
#4156 = LINE('',#4157,#4158);
#4157 = CARTESIAN_POINT('',(1.8,0.2,-2.25));
#4158 = VECTOR('',#4159,1.);
#4159 = DIRECTION('',(-0.,-0.,1.));
#4160 = FACE_BOUND('',#4161,.T.);
#4161 = EDGE_LOOP('',(#4162,#4172,#4180,#4188));
#4162 = ORIENTED_EDGE('',*,*,#4163,.F.);
#4163 = EDGE_CURVE('',#4164,#4166,#4168,.T.);
#4164 = VERTEX_POINT('',#4165);
#4165 = CARTESIAN_POINT('',(0.75,0.2,0.8));
#4166 = VERTEX_POINT('',#4167);
#4167 = CARTESIAN_POINT('',(0.75,0.2,0.3));
#4168 = LINE('',#4169,#4170);
#4169 = CARTESIAN_POINT('',(0.75,0.2,-2.25));
#4170 = VECTOR('',#4171,1.);
#4171 = DIRECTION('',(-2.168404344971E-16,-5.877471754111E-32,-1.));
#4172 = ORIENTED_EDGE('',*,*,#4173,.F.);
#4173 = EDGE_CURVE('',#4174,#4164,#4176,.T.);
#4174 = VERTEX_POINT('',#4175);
#4175 = CARTESIAN_POINT('',(1.25,0.2,0.8));
#4176 = LINE('',#4177,#4178);
#4177 = CARTESIAN_POINT('',(0.2,0.2,0.8));
#4178 = VECTOR('',#4179,1.);
#4179 = DIRECTION('',(-1.,-2.710505431214E-16,0.));
#4180 = ORIENTED_EDGE('',*,*,#4181,.F.);
#4181 = EDGE_CURVE('',#4182,#4174,#4184,.T.);
#4182 = VERTEX_POINT('',#4183);
#4183 = CARTESIAN_POINT('',(1.25,0.2,0.3));
#4184 = LINE('',#4185,#4186);
#4185 = CARTESIAN_POINT('',(1.25,0.2,-2.25));
#4186 = VECTOR('',#4187,1.);
#4187 = DIRECTION('',(0.,0.,1.));
#4188 = ORIENTED_EDGE('',*,*,#4189,.F.);
#4189 = EDGE_CURVE('',#4166,#4182,#4190,.T.);
#4190 = LINE('',#4191,#4192);
#4191 = CARTESIAN_POINT('',(0.2,0.2,0.3));
#4192 = VECTOR('',#4193,1.);
#4193 = DIRECTION('',(1.,2.710505431214E-16,2.168404344971E-16));
#4194 = PLANE('',#4195);
#4195 = AXIS2_PLACEMENT_3D('',#4196,#4197,#4198);
#4196 = CARTESIAN_POINT('',(0.2,0.2,-2.25));
#4197 = DIRECTION('',(-2.710505431214E-16,1.,0.));
#4198 = DIRECTION('',(-1.,-2.710505431214E-16,0.));
#4199 = ADVANCED_FACE('',(#4200,#4234,#4300),#4334,.T.);
#4200 = FACE_BOUND('',#4201,.T.);
#4201 = EDGE_LOOP('',(#4202,#4212,#4220,#4228));
#4202 = ORIENTED_EDGE('',*,*,#4203,.F.);
#4203 = EDGE_CURVE('',#4204,#4206,#4208,.T.);
#4204 = VERTEX_POINT('',#4205);
#4205 = CARTESIAN_POINT('',(-0.75,1.75,0.8));
#4206 = VERTEX_POINT('',#4207);
#4207 = CARTESIAN_POINT('',(-0.75,1.75,0.3));
#4208 = LINE('',#4209,#4210);
#4209 = CARTESIAN_POINT('',(-0.75,1.75,2.937380734913E-16));
#4210 = VECTOR('',#4211,1.);
#4211 = DIRECTION('',(2.168404344971E-16,2.478176394253E-16,-1.));
#4212 = ORIENTED_EDGE('',*,*,#4213,.F.);
#4213 = EDGE_CURVE('',#4214,#4204,#4216,.T.);
#4214 = VERTEX_POINT('',#4215);
#4215 = CARTESIAN_POINT('',(-1.25,1.75,0.8));
#4216 = LINE('',#4217,#4218);
#4217 = CARTESIAN_POINT('',(1.051373829307E-31,1.75,0.8));
#4218 = VECTOR('',#4219,1.);
#4219 = DIRECTION('',(1.,-3.504579431023E-32,0.));
#4220 = ORIENTED_EDGE('',*,*,#4221,.F.);
#4221 = EDGE_CURVE('',#4222,#4214,#4224,.T.);
#4222 = VERTEX_POINT('',#4223);
#4223 = CARTESIAN_POINT('',(-1.25,1.75,0.3));
#4224 = LINE('',#4225,#4226);
#4225 = CARTESIAN_POINT('',(-1.25,1.75,4.563683993641E-16));
#4226 = VECTOR('',#4227,1.);
#4227 = DIRECTION('',(0.,-2.478176394253E-16,1.));
#4228 = ORIENTED_EDGE('',*,*,#4229,.F.);
#4229 = EDGE_CURVE('',#4206,#4222,#4230,.T.);
#4230 = LINE('',#4231,#4232);
#4231 = CARTESIAN_POINT('',(6.505213034913E-17,1.75,0.3));
#4232 = VECTOR('',#4233,1.);
#4233 = DIRECTION('',(-1.,-1.869109029879E-32,2.168404344971E-16));
#4234 = FACE_BOUND('',#4235,.T.);
#4235 = EDGE_LOOP('',(#4236,#4246,#4254,#4262,#4270,#4278,#4286,#4294));
#4236 = ORIENTED_EDGE('',*,*,#4237,.T.);
#4237 = EDGE_CURVE('',#4238,#4240,#4242,.T.);
#4238 = VERTEX_POINT('',#4239);
#4239 = CARTESIAN_POINT('',(-2.3,1.75,-1.85));
#4240 = VERTEX_POINT('',#4241);
#4241 = CARTESIAN_POINT('',(-2.3,1.75,1.65));
#4242 = LINE('',#4243,#4244);
#4243 = CARTESIAN_POINT('',(-2.3,1.75,-1.85));
#4244 = VECTOR('',#4245,1.);
#4245 = DIRECTION('',(1.239088197126E-16,-2.478176394253E-16,1.));
#4246 = ORIENTED_EDGE('',*,*,#4247,.T.);
#4247 = EDGE_CURVE('',#4240,#4248,#4250,.T.);
#4248 = VERTEX_POINT('',#4249);
#4249 = CARTESIAN_POINT('',(-0.225,1.75,1.65));
#4250 = LINE('',#4251,#4252);
#4251 = CARTESIAN_POINT('',(-2.3,1.75,1.65));
#4252 = VECTOR('',#4253,1.);
#4253 = DIRECTION('',(1.,0.,-1.41417674672E-16));
#4254 = ORIENTED_EDGE('',*,*,#4255,.T.);
#4255 = EDGE_CURVE('',#4248,#4256,#4258,.T.);
#4256 = VERTEX_POINT('',#4257);
#4257 = CARTESIAN_POINT('',(-0.225,1.75,2.25));
#4258 = LINE('',#4259,#4260);
#4259 = CARTESIAN_POINT('',(-0.225,1.75,-2.623757129272));
#4260 = VECTOR('',#4261,1.);
#4261 = DIRECTION('',(-0.,-0.,1.));
#4262 = ORIENTED_EDGE('',*,*,#4263,.T.);
#4263 = EDGE_CURVE('',#4256,#4264,#4266,.T.);
#4264 = VERTEX_POINT('',#4265);
#4265 = CARTESIAN_POINT('',(0.225,1.75,2.25));
#4266 = LINE('',#4267,#4268);
#4267 = CARTESIAN_POINT('',(0.225,1.75,2.25));
#4268 = VECTOR('',#4269,1.);
#4269 = DIRECTION('',(1.,-0.,-0.));
#4270 = ORIENTED_EDGE('',*,*,#4271,.F.);
#4271 = EDGE_CURVE('',#4272,#4264,#4274,.T.);
#4272 = VERTEX_POINT('',#4273);
#4273 = CARTESIAN_POINT('',(0.225,1.75,1.65));
#4274 = LINE('',#4275,#4276);
#4275 = CARTESIAN_POINT('',(0.225,1.75,-2.623757129272));
#4276 = VECTOR('',#4277,1.);
#4277 = DIRECTION('',(-0.,-0.,1.));
#4278 = ORIENTED_EDGE('',*,*,#4279,.T.);
#4279 = EDGE_CURVE('',#4272,#4280,#4282,.T.);
#4280 = VERTEX_POINT('',#4281);
#4281 = CARTESIAN_POINT('',(2.3,1.75,1.65));
#4282 = LINE('',#4283,#4284);
#4283 = CARTESIAN_POINT('',(-2.3,1.75,1.65));
#4284 = VECTOR('',#4285,1.);
#4285 = DIRECTION('',(1.,0.,-1.41417674672E-16));
#4286 = ORIENTED_EDGE('',*,*,#4287,.T.);
#4287 = EDGE_CURVE('',#4280,#4288,#4290,.T.);
#4288 = VERTEX_POINT('',#4289);
#4289 = CARTESIAN_POINT('',(2.3,1.75,-1.85));
#4290 = LINE('',#4291,#4292);
#4291 = CARTESIAN_POINT('',(2.3,1.75,-1.85));
#4292 = VECTOR('',#4293,1.);
#4293 = DIRECTION('',(-1.239088197126E-16,2.478176394253E-16,-1.));
#4294 = ORIENTED_EDGE('',*,*,#4295,.T.);
#4295 = EDGE_CURVE('',#4288,#4238,#4296,.T.);
#4296 = LINE('',#4297,#4298);
#4297 = CARTESIAN_POINT('',(-2.3,1.75,-1.85));
#4298 = VECTOR('',#4299,1.);
#4299 = DIRECTION('',(-1.,-0.,1.41417674672E-16));
#4300 = FACE_BOUND('',#4301,.T.);
#4301 = EDGE_LOOP('',(#4302,#4312,#4320,#4328));
#4302 = ORIENTED_EDGE('',*,*,#4303,.T.);
#4303 = EDGE_CURVE('',#4304,#4306,#4308,.T.);
#4304 = VERTEX_POINT('',#4305);
#4305 = CARTESIAN_POINT('',(1.25,1.75,0.8));
#4306 = VERTEX_POINT('',#4307);
#4307 = CARTESIAN_POINT('',(0.75,1.75,0.8));
#4308 = LINE('',#4309,#4310);
#4309 = CARTESIAN_POINT('',(1.051373829307E-31,1.75,0.8));
#4310 = VECTOR('',#4311,1.);
#4311 = DIRECTION('',(-1.,3.504579431023E-32,0.));
#4312 = ORIENTED_EDGE('',*,*,#4313,.T.);
#4313 = EDGE_CURVE('',#4306,#4314,#4316,.T.);
#4314 = VERTEX_POINT('',#4315);
#4315 = CARTESIAN_POINT('',(0.75,1.75,0.3));
#4316 = LINE('',#4317,#4318);
#4317 = CARTESIAN_POINT('',(0.75,1.75,2.937380734913E-16));
#4318 = VECTOR('',#4319,1.);
#4319 = DIRECTION('',(-2.168404344971E-16,2.478176394253E-16,-1.));
#4320 = ORIENTED_EDGE('',*,*,#4321,.T.);
#4321 = EDGE_CURVE('',#4314,#4322,#4324,.T.);
#4322 = VERTEX_POINT('',#4323);
#4323 = CARTESIAN_POINT('',(1.25,1.75,0.3));
#4324 = LINE('',#4325,#4326);
#4325 = CARTESIAN_POINT('',(-6.505213034913E-17,1.75,0.3));
#4326 = VECTOR('',#4327,1.);
#4327 = DIRECTION('',(1.,-8.878267891925E-32,2.168404344971E-16));
#4328 = ORIENTED_EDGE('',*,*,#4329,.T.);
#4329 = EDGE_CURVE('',#4322,#4304,#4330,.T.);
#4330 = LINE('',#4331,#4332);
#4331 = CARTESIAN_POINT('',(1.25,1.75,4.563683993641E-16));
#4332 = VECTOR('',#4333,1.);
#4333 = DIRECTION('',(0.,-2.478176394253E-16,1.));
#4334 = PLANE('',#4335);
#4335 = AXIS2_PLACEMENT_3D('',#4336,#4337,#4338);
#4336 = CARTESIAN_POINT('',(1.051373829307E-31,1.75,4.563683993641E-16)
  );
#4337 = DIRECTION('',(3.504579431023E-32,1.,2.478176394253E-16));
#4338 = DIRECTION('',(0.,-2.478176394253E-16,1.));
#4339 = ADVANCED_FACE('',(#4340),#4390,.F.);
#4340 = FACE_BOUND('',#4341,.T.);
#4341 = EDGE_LOOP('',(#4342,#4352,#4360,#4368,#4376,#4384));
#4342 = ORIENTED_EDGE('',*,*,#4343,.F.);
#4343 = EDGE_CURVE('',#4344,#4346,#4348,.T.);
#4344 = VERTEX_POINT('',#4345);
#4345 = CARTESIAN_POINT('',(-0.225,6.,1.9));
#4346 = VERTEX_POINT('',#4347);
#4347 = CARTESIAN_POINT('',(-0.225,6.,2.25));
#4348 = LINE('',#4349,#4350);
#4349 = CARTESIAN_POINT('',(-0.225,6.,-2.623757129272));
#4350 = VECTOR('',#4351,1.);
#4351 = DIRECTION('',(-0.,-0.,1.));
#4352 = ORIENTED_EDGE('',*,*,#4353,.T.);
#4353 = EDGE_CURVE('',#4344,#4354,#4356,.T.);
#4354 = VERTEX_POINT('',#4355);
#4355 = CARTESIAN_POINT('',(-2.55,6.,1.9));
#4356 = LINE('',#4357,#4358);
#4357 = CARTESIAN_POINT('',(2.95,6.,1.9));
#4358 = VECTOR('',#4359,1.);
#4359 = DIRECTION('',(-1.,-4.476652557876E-32,1.41417674672E-16));
#4360 = ORIENTED_EDGE('',*,*,#4361,.T.);
#4361 = EDGE_CURVE('',#4354,#4362,#4364,.T.);
#4362 = VERTEX_POINT('',#4363);
#4363 = CARTESIAN_POINT('',(-2.55,6.,0.88));
#4364 = LINE('',#4365,#4366);
#4365 = CARTESIAN_POINT('',(-2.55,6.,0.88));
#4366 = VECTOR('',#4367,1.);
#4367 = DIRECTION('',(-1.239088197126E-16,3.165553788279E-16,-1.));
#4368 = ORIENTED_EDGE('',*,*,#4369,.T.);
#4369 = EDGE_CURVE('',#4362,#4370,#4372,.T.);
#4370 = VERTEX_POINT('',#4371);
#4371 = CARTESIAN_POINT('',(-2.95,6.,0.88));
#4372 = LINE('',#4373,#4374);
#4373 = CARTESIAN_POINT('',(2.95,6.,0.88));
#4374 = VECTOR('',#4375,1.);
#4375 = DIRECTION('',(-1.,-0.,-0.));
#4376 = ORIENTED_EDGE('',*,*,#4377,.T.);
#4377 = EDGE_CURVE('',#4370,#4378,#4380,.T.);
#4378 = VERTEX_POINT('',#4379);
#4379 = CARTESIAN_POINT('',(-2.95,6.,2.25));
#4380 = LINE('',#4381,#4382);
#4381 = CARTESIAN_POINT('',(-2.95,6.,0.88));
#4382 = VECTOR('',#4383,1.);
#4383 = DIRECTION('',(0.,-3.165553788279E-16,1.));
#4384 = ORIENTED_EDGE('',*,*,#4385,.F.);
#4385 = EDGE_CURVE('',#4346,#4378,#4386,.T.);
#4386 = LINE('',#4387,#4388);
#4387 = CARTESIAN_POINT('',(2.95,6.,2.25));
#4388 = VECTOR('',#4389,1.);
#4389 = DIRECTION('',(-1.,-0.,-0.));
#4390 = PLANE('',#4391);
#4391 = AXIS2_PLACEMENT_3D('',#4392,#4393,#4394);
#4392 = CARTESIAN_POINT('',(2.95,6.,0.88));
#4393 = DIRECTION('',(0.,-1.,-3.165553788279E-16));
#4394 = DIRECTION('',(0.,3.165553788279E-16,-1.));
#4395 = ADVANCED_FACE('',(#4396,#4430),#4455,.F.);
#4396 = FACE_BOUND('',#4397,.T.);
#4397 = EDGE_LOOP('',(#4398,#4408,#4416,#4424));
#4398 = ORIENTED_EDGE('',*,*,#4399,.F.);
#4399 = EDGE_CURVE('',#4400,#4402,#4404,.T.);
#4400 = VERTEX_POINT('',#4401);
#4401 = CARTESIAN_POINT('',(-2.2,4.25,1.65));
#4402 = VERTEX_POINT('',#4403);
#4403 = CARTESIAN_POINT('',(-1.25,4.25,1.65));
#4404 = LINE('',#4405,#4406);
#4405 = CARTESIAN_POINT('',(-2.2,4.25,1.65));
#4406 = VECTOR('',#4407,1.);
#4407 = DIRECTION('',(1.,0.,-1.41417674672E-16));
#4408 = ORIENTED_EDGE('',*,*,#4409,.F.);
#4409 = EDGE_CURVE('',#4410,#4400,#4412,.T.);
#4410 = VERTEX_POINT('',#4411);
#4411 = CARTESIAN_POINT('',(-2.2,2.25,1.65));
#4412 = LINE('',#4413,#4414);
#4413 = CARTESIAN_POINT('',(-2.2,4.25,1.65));
#4414 = VECTOR('',#4415,1.);
#4415 = DIRECTION('',(-4.336808689942E-16,1.,2.036060417813E-16));
#4416 = ORIENTED_EDGE('',*,*,#4417,.F.);
#4417 = EDGE_CURVE('',#4418,#4410,#4420,.T.);
#4418 = VERTEX_POINT('',#4419);
#4419 = CARTESIAN_POINT('',(-1.25,2.25,1.65));
#4420 = LINE('',#4421,#4422);
#4421 = CARTESIAN_POINT('',(-2.2,2.25,1.65));
#4422 = VECTOR('',#4423,1.);
#4423 = DIRECTION('',(-1.,0.,1.41417674672E-16));
#4424 = ORIENTED_EDGE('',*,*,#4425,.F.);
#4425 = EDGE_CURVE('',#4402,#4418,#4426,.T.);
#4426 = LINE('',#4427,#4428);
#4427 = CARTESIAN_POINT('',(-1.25,4.25,1.65));
#4428 = VECTOR('',#4429,1.);
#4429 = DIRECTION('',(1.084202172486E-16,-1.,-2.036060417813E-16));
#4430 = FACE_BOUND('',#4431,.T.);
#4431 = EDGE_LOOP('',(#4432,#4440,#4448,#4454));
#4432 = ORIENTED_EDGE('',*,*,#4433,.T.);
#4433 = EDGE_CURVE('',#4240,#4434,#4436,.T.);
#4434 = VERTEX_POINT('',#4435);
#4435 = CARTESIAN_POINT('',(-2.3,5.75,1.65));
#4436 = LINE('',#4437,#4438);
#4437 = CARTESIAN_POINT('',(-2.3,1.75,1.65));
#4438 = VECTOR('',#4439,1.);
#4439 = DIRECTION('',(-0.,1.,2.036060417813E-16));
#4440 = ORIENTED_EDGE('',*,*,#4441,.T.);
#4441 = EDGE_CURVE('',#4434,#4442,#4444,.T.);
#4442 = VERTEX_POINT('',#4443);
#4443 = CARTESIAN_POINT('',(-0.225,5.75,1.65));
#4444 = LINE('',#4445,#4446);
#4445 = CARTESIAN_POINT('',(-2.3,5.75,1.65));
#4446 = VECTOR('',#4447,1.);
#4447 = DIRECTION('',(1.,4.476652557876E-32,-1.41417674672E-16));
#4448 = ORIENTED_EDGE('',*,*,#4449,.F.);
#4449 = EDGE_CURVE('',#4248,#4442,#4450,.T.);
#4450 = LINE('',#4451,#4452);
#4451 = CARTESIAN_POINT('',(-0.225,1.75,1.65));
#4452 = VECTOR('',#4453,1.);
#4453 = DIRECTION('',(0.,1.,2.036060417813E-16));
#4454 = ORIENTED_EDGE('',*,*,#4247,.F.);
#4455 = PLANE('',#4456);
#4456 = AXIS2_PLACEMENT_3D('',#4457,#4458,#4459);
#4457 = CARTESIAN_POINT('',(-2.3,1.75,1.65));
#4458 = DIRECTION('',(1.41417674672E-16,-2.036060417813E-16,1.));
#4459 = DIRECTION('',(0.,-1.,-2.036060417813E-16));
#4460 = ADVANCED_FACE('',(#4461),#4503,.F.);
#4461 = FACE_BOUND('',#4462,.T.);
#4462 = EDGE_LOOP('',(#4463,#4473,#4481,#4489,#4497));
#4463 = ORIENTED_EDGE('',*,*,#4464,.T.);
#4464 = EDGE_CURVE('',#4465,#4467,#4469,.T.);
#4465 = VERTEX_POINT('',#4466);
#4466 = CARTESIAN_POINT('',(-2.3,4.5,-0.12));
#4467 = VERTEX_POINT('',#4468);
#4468 = CARTESIAN_POINT('',(-2.3,5.75,-0.12));
#4469 = LINE('',#4470,#4471);
#4470 = CARTESIAN_POINT('',(-2.3,4.5,-0.12));
#4471 = VECTOR('',#4472,1.);
#4472 = DIRECTION('',(-2.522858432348E-32,1.,0.));
#4473 = ORIENTED_EDGE('',*,*,#4474,.T.);
#4474 = EDGE_CURVE('',#4467,#4475,#4477,.T.);
#4475 = VERTEX_POINT('',#4476);
#4476 = CARTESIAN_POINT('',(-2.55,6.,-0.12));
#4477 = LINE('',#4478,#4479);
#4478 = CARTESIAN_POINT('',(-2.3,5.75,-0.12));
#4479 = VECTOR('',#4480,1.);
#4480 = DIRECTION('',(-0.707106781187,0.707106781187,-0.));
#4481 = ORIENTED_EDGE('',*,*,#4482,.T.);
#4482 = EDGE_CURVE('',#4475,#4483,#4485,.T.);
#4483 = VERTEX_POINT('',#4484);
#4484 = CARTESIAN_POINT('',(-2.95,6.,-0.12));
#4485 = LINE('',#4486,#4487);
#4486 = CARTESIAN_POINT('',(2.95,6.,-0.12));
#4487 = VECTOR('',#4488,1.);
#4488 = DIRECTION('',(-1.,-0.,-0.));
#4489 = ORIENTED_EDGE('',*,*,#4490,.T.);
#4490 = EDGE_CURVE('',#4483,#4491,#4493,.T.);
#4491 = VERTEX_POINT('',#4492);
#4492 = CARTESIAN_POINT('',(-2.95,4.5,-0.12));
#4493 = LINE('',#4494,#4495);
#4494 = CARTESIAN_POINT('',(-2.95,4.5,-0.12));
#4495 = VECTOR('',#4496,1.);
#4496 = DIRECTION('',(-0.,-1.,-0.));
#4497 = ORIENTED_EDGE('',*,*,#4498,.F.);
#4498 = EDGE_CURVE('',#4465,#4491,#4499,.T.);
#4499 = LINE('',#4500,#4501);
#4500 = CARTESIAN_POINT('',(2.95,4.5,-0.12));
#4501 = VECTOR('',#4502,1.);
#4502 = DIRECTION('',(-1.,-0.,-0.));
#4503 = PLANE('',#4504);
#4504 = AXIS2_PLACEMENT_3D('',#4505,#4506,#4507);
#4505 = CARTESIAN_POINT('',(2.95,4.5,-0.12));
#4506 = DIRECTION('',(0.,0.,-1.));
#4507 = DIRECTION('',(-1.,0.,-0.));
#4508 = ADVANCED_FACE('',(#4509),#4536,.F.);
#4509 = FACE_BOUND('',#4510,.F.);
#4510 = EDGE_LOOP('',(#4511,#4520,#4521,#4530));
#4511 = ORIENTED_EDGE('',*,*,#4512,.F.);
#4512 = EDGE_CURVE('',#4491,#4513,#4515,.T.);
#4513 = VERTEX_POINT('',#4514);
#4514 = CARTESIAN_POINT('',(-2.95,4.5,0.88));
#4515 = CIRCLE('',#4516,0.5);
#4516 = AXIS2_PLACEMENT_3D('',#4517,#4518,#4519);
#4517 = CARTESIAN_POINT('',(-2.95,4.5,0.38));
#4518 = DIRECTION('',(-1.,-0.,-0.));
#4519 = DIRECTION('',(0.,0.,-1.));
#4520 = ORIENTED_EDGE('',*,*,#4498,.F.);
#4521 = ORIENTED_EDGE('',*,*,#4522,.F.);
#4522 = EDGE_CURVE('',#4523,#4465,#4525,.T.);
#4523 = VERTEX_POINT('',#4524);
#4524 = CARTESIAN_POINT('',(-2.3,4.5,0.88));
#4525 = CIRCLE('',#4526,0.5);
#4526 = AXIS2_PLACEMENT_3D('',#4527,#4528,#4529);
#4527 = CARTESIAN_POINT('',(-2.3,4.5,0.38));
#4528 = DIRECTION('',(1.,2.522858432348E-32,-1.239088197126E-16));
#4529 = DIRECTION('',(1.239088197126E-16,3.126044106543E-48,1.));
#4530 = ORIENTED_EDGE('',*,*,#4531,.T.);
#4531 = EDGE_CURVE('',#4523,#4513,#4532,.T.);
#4532 = LINE('',#4533,#4534);
#4533 = CARTESIAN_POINT('',(2.95,4.5,0.88));
#4534 = VECTOR('',#4535,1.);
#4535 = DIRECTION('',(-1.,-0.,-0.));
#4536 = CYLINDRICAL_SURFACE('',#4537,0.5);
#4537 = AXIS2_PLACEMENT_3D('',#4538,#4539,#4540);
#4538 = CARTESIAN_POINT('',(2.95,4.5,0.38));
#4539 = DIRECTION('',(-1.,-0.,-0.));
#4540 = DIRECTION('',(-0.,0.,1.));
#4541 = ADVANCED_FACE('',(#4542),#4566,.F.);
#4542 = FACE_BOUND('',#4543,.T.);
#4543 = EDGE_LOOP('',(#4544,#4545,#4553,#4559,#4560));
#4544 = ORIENTED_EDGE('',*,*,#4369,.F.);
#4545 = ORIENTED_EDGE('',*,*,#4546,.T.);
#4546 = EDGE_CURVE('',#4362,#4547,#4549,.T.);
#4547 = VERTEX_POINT('',#4548);
#4548 = CARTESIAN_POINT('',(-2.3,5.75,0.88));
#4549 = LINE('',#4550,#4551);
#4550 = CARTESIAN_POINT('',(-2.55,6.,0.88));
#4551 = VECTOR('',#4552,1.);
#4552 = DIRECTION('',(0.707106781187,-0.707106781187,-0.));
#4553 = ORIENTED_EDGE('',*,*,#4554,.T.);
#4554 = EDGE_CURVE('',#4547,#4523,#4555,.T.);
#4555 = LINE('',#4556,#4557);
#4556 = CARTESIAN_POINT('',(-2.3,6.,0.88));
#4557 = VECTOR('',#4558,1.);
#4558 = DIRECTION('',(2.522858432348E-32,-1.,0.));
#4559 = ORIENTED_EDGE('',*,*,#4531,.T.);
#4560 = ORIENTED_EDGE('',*,*,#4561,.T.);
#4561 = EDGE_CURVE('',#4513,#4370,#4562,.T.);
#4562 = LINE('',#4563,#4564);
#4563 = CARTESIAN_POINT('',(-2.95,6.,0.88));
#4564 = VECTOR('',#4565,1.);
#4565 = DIRECTION('',(-0.,1.,-0.));
#4566 = PLANE('',#4567);
#4567 = AXIS2_PLACEMENT_3D('',#4568,#4569,#4570);
#4568 = CARTESIAN_POINT('',(2.95,6.,0.88));
#4569 = DIRECTION('',(-0.,0.,1.));
#4570 = DIRECTION('',(1.,0.,0.));
#4571 = ADVANCED_FACE('',(#4572),#4606,.F.);
#4572 = FACE_BOUND('',#4573,.T.);
#4573 = EDGE_LOOP('',(#4574,#4584,#4592,#4600));
#4574 = ORIENTED_EDGE('',*,*,#4575,.F.);
#4575 = EDGE_CURVE('',#4576,#4578,#4580,.T.);
#4576 = VERTEX_POINT('',#4577);
#4577 = CARTESIAN_POINT('',(-1.8,-4.336808689942E-16,-2.25));
#4578 = VERTEX_POINT('',#4579);
#4579 = CARTESIAN_POINT('',(-2.95,4.336808689942E-16,-2.25));
#4580 = LINE('',#4581,#4582);
#4581 = CARTESIAN_POINT('',(2.95,4.336808689942E-16,-2.25));
#4582 = VECTOR('',#4583,1.);
#4583 = DIRECTION('',(-1.,-0.,-0.));
#4584 = ORIENTED_EDGE('',*,*,#4585,.T.);
#4585 = EDGE_CURVE('',#4576,#4586,#4588,.T.);
#4586 = VERTEX_POINT('',#4587);
#4587 = CARTESIAN_POINT('',(-1.8,-4.336808689942E-16,2.25));
#4588 = LINE('',#4589,#4590);
#4589 = CARTESIAN_POINT('',(-1.8,-4.336808689942E-16,-2.25));
#4590 = VECTOR('',#4591,1.);
#4591 = DIRECTION('',(-0.,-0.,1.));
#4592 = ORIENTED_EDGE('',*,*,#4593,.T.);
#4593 = EDGE_CURVE('',#4586,#4594,#4596,.T.);
#4594 = VERTEX_POINT('',#4595);
#4595 = CARTESIAN_POINT('',(-2.95,-4.336808689942E-16,2.25));
#4596 = LINE('',#4597,#4598);
#4597 = CARTESIAN_POINT('',(2.95,-4.336808689942E-16,2.25));
#4598 = VECTOR('',#4599,1.);
#4599 = DIRECTION('',(-1.,-0.,-0.));
#4600 = ORIENTED_EDGE('',*,*,#4601,.T.);
#4601 = EDGE_CURVE('',#4594,#4578,#4602,.T.);
#4602 = LINE('',#4603,#4604);
#4603 = CARTESIAN_POINT('',(-2.95,-4.336808689942E-16,2.25));
#4604 = VECTOR('',#4605,1.);
#4605 = DIRECTION('',(0.,1.927470528863E-16,-1.));
#4606 = PLANE('',#4607);
#4607 = AXIS2_PLACEMENT_3D('',#4608,#4609,#4610);
#4608 = CARTESIAN_POINT('',(2.95,-4.336808689942E-16,2.25));
#4609 = DIRECTION('',(-0.,1.,1.927470528863E-16));
#4610 = DIRECTION('',(0.,-1.927470528863E-16,1.));
#4611 = ADVANCED_FACE('',(#4612),#4646,.F.);
#4612 = FACE_BOUND('',#4613,.T.);
#4613 = EDGE_LOOP('',(#4614,#4624,#4632,#4640));
#4614 = ORIENTED_EDGE('',*,*,#4615,.T.);
#4615 = EDGE_CURVE('',#4616,#4618,#4620,.T.);
#4616 = VERTEX_POINT('',#4617);
#4617 = CARTESIAN_POINT('',(0.2,-4.336808689942E-16,2.25));
#4618 = VERTEX_POINT('',#4619);
#4619 = CARTESIAN_POINT('',(-0.2,-4.336808689942E-16,2.25));
#4620 = LINE('',#4621,#4622);
#4621 = CARTESIAN_POINT('',(2.95,-4.336808689942E-16,2.25));
#4622 = VECTOR('',#4623,1.);
#4623 = DIRECTION('',(-1.,-0.,-0.));
#4624 = ORIENTED_EDGE('',*,*,#4625,.F.);
#4625 = EDGE_CURVE('',#4626,#4618,#4628,.T.);
#4626 = VERTEX_POINT('',#4627);
#4627 = CARTESIAN_POINT('',(-0.2,4.336808689942E-16,-2.25));
#4628 = LINE('',#4629,#4630);
#4629 = CARTESIAN_POINT('',(-0.2,-4.336808689942E-16,-2.25));
#4630 = VECTOR('',#4631,1.);
#4631 = DIRECTION('',(-0.,-0.,1.));
#4632 = ORIENTED_EDGE('',*,*,#4633,.F.);
#4633 = EDGE_CURVE('',#4634,#4626,#4636,.T.);
#4634 = VERTEX_POINT('',#4635);
#4635 = CARTESIAN_POINT('',(0.2,-4.336808689942E-16,-2.25));
#4636 = LINE('',#4637,#4638);
#4637 = CARTESIAN_POINT('',(2.95,4.336808689942E-16,-2.25));
#4638 = VECTOR('',#4639,1.);
#4639 = DIRECTION('',(-1.,-0.,-0.));
#4640 = ORIENTED_EDGE('',*,*,#4641,.T.);
#4641 = EDGE_CURVE('',#4634,#4616,#4642,.T.);
#4642 = LINE('',#4643,#4644);
#4643 = CARTESIAN_POINT('',(0.2,-4.336808689942E-16,-2.25));
#4644 = VECTOR('',#4645,1.);
#4645 = DIRECTION('',(-0.,-0.,1.));
#4646 = PLANE('',#4647);
#4647 = AXIS2_PLACEMENT_3D('',#4648,#4649,#4650);
#4648 = CARTESIAN_POINT('',(2.95,-4.336808689942E-16,2.25));
#4649 = DIRECTION('',(-0.,1.,1.927470528863E-16));
#4650 = DIRECTION('',(0.,-1.927470528863E-16,1.));
#4651 = ADVANCED_FACE('',(#4652),#4723,.F.);
#4652 = FACE_BOUND('',#4653,.T.);
#4653 = EDGE_LOOP('',(#4654,#4664,#4670,#4671,#4679,#4687,#4695,#4703,
    #4709,#4710,#4716,#4717));
#4654 = ORIENTED_EDGE('',*,*,#4655,.T.);
#4655 = EDGE_CURVE('',#4656,#4658,#4660,.T.);
#4656 = VERTEX_POINT('',#4657);
#4657 = CARTESIAN_POINT('',(-0.2,0.2,-2.25));
#4658 = VERTEX_POINT('',#4659);
#4659 = CARTESIAN_POINT('',(-1.8,0.2,-2.25));
#4660 = LINE('',#4661,#4662);
#4661 = CARTESIAN_POINT('',(-0.2,0.2,-2.25));
#4662 = VECTOR('',#4663,1.);
#4663 = DIRECTION('',(-1.,2.710505431214E-16,0.));
#4664 = ORIENTED_EDGE('',*,*,#4665,.T.);
#4665 = EDGE_CURVE('',#4658,#4576,#4666,.T.);
#4666 = LINE('',#4667,#4668);
#4667 = CARTESIAN_POINT('',(-1.8,0.2,-2.25));
#4668 = VECTOR('',#4669,1.);
#4669 = DIRECTION('',(0.,-1.,0.));
#4670 = ORIENTED_EDGE('',*,*,#4575,.T.);
#4671 = ORIENTED_EDGE('',*,*,#4672,.T.);
#4672 = EDGE_CURVE('',#4578,#4673,#4675,.T.);
#4673 = VERTEX_POINT('',#4674);
#4674 = CARTESIAN_POINT('',(-2.95,6.,-2.25));
#4675 = LINE('',#4676,#4677);
#4676 = CARTESIAN_POINT('',(-2.95,4.336808689942E-16,-2.25));
#4677 = VECTOR('',#4678,1.);
#4678 = DIRECTION('',(0.,1.,0.));
#4679 = ORIENTED_EDGE('',*,*,#4680,.F.);
#4680 = EDGE_CURVE('',#4681,#4673,#4683,.T.);
#4681 = VERTEX_POINT('',#4682);
#4682 = CARTESIAN_POINT('',(2.95,6.,-2.25));
#4683 = LINE('',#4684,#4685);
#4684 = CARTESIAN_POINT('',(2.95,6.,-2.25));
#4685 = VECTOR('',#4686,1.);
#4686 = DIRECTION('',(-1.,-0.,-0.));
#4687 = ORIENTED_EDGE('',*,*,#4688,.F.);
#4688 = EDGE_CURVE('',#4689,#4681,#4691,.T.);
#4689 = VERTEX_POINT('',#4690);
#4690 = CARTESIAN_POINT('',(2.95,4.336808689942E-16,-2.25));
#4691 = LINE('',#4692,#4693);
#4692 = CARTESIAN_POINT('',(2.95,4.336808689942E-16,-2.25));
#4693 = VECTOR('',#4694,1.);
#4694 = DIRECTION('',(0.,1.,0.));
#4695 = ORIENTED_EDGE('',*,*,#4696,.T.);
#4696 = EDGE_CURVE('',#4689,#4697,#4699,.T.);
#4697 = VERTEX_POINT('',#4698);
#4698 = CARTESIAN_POINT('',(1.8,4.336808689942E-16,-2.25));
#4699 = LINE('',#4700,#4701);
#4700 = CARTESIAN_POINT('',(2.95,4.336808689942E-16,-2.25));
#4701 = VECTOR('',#4702,1.);
#4702 = DIRECTION('',(-1.,-0.,-0.));
#4703 = ORIENTED_EDGE('',*,*,#4704,.T.);
#4704 = EDGE_CURVE('',#4697,#4148,#4705,.T.);
#4705 = LINE('',#4706,#4707);
#4706 = CARTESIAN_POINT('',(1.8,0.2,-2.25));
#4707 = VECTOR('',#4708,1.);
#4708 = DIRECTION('',(-0.,1.,-0.));
#4709 = ORIENTED_EDGE('',*,*,#4147,.T.);
#4710 = ORIENTED_EDGE('',*,*,#4711,.T.);
#4711 = EDGE_CURVE('',#4140,#4634,#4712,.T.);
#4712 = LINE('',#4713,#4714);
#4713 = CARTESIAN_POINT('',(0.2,0.2,-2.25));
#4714 = VECTOR('',#4715,1.);
#4715 = DIRECTION('',(-1.355252715607E-16,-1.,0.));
#4716 = ORIENTED_EDGE('',*,*,#4633,.T.);
#4717 = ORIENTED_EDGE('',*,*,#4718,.T.);
#4718 = EDGE_CURVE('',#4626,#4656,#4719,.T.);
#4719 = LINE('',#4720,#4721);
#4720 = CARTESIAN_POINT('',(-0.2,0.2,-2.25));
#4721 = VECTOR('',#4722,1.);
#4722 = DIRECTION('',(-1.355252715607E-16,1.,-0.));
#4723 = PLANE('',#4724);
#4724 = AXIS2_PLACEMENT_3D('',#4725,#4726,#4727);
#4725 = CARTESIAN_POINT('',(2.95,4.336808689942E-16,-2.25));
#4726 = DIRECTION('',(0.,0.,1.));
#4727 = DIRECTION('',(1.,0.,-0.));
#4728 = ADVANCED_FACE('',(#4729),#4777,.F.);
#4729 = FACE_BOUND('',#4730,.T.);
#4730 = EDGE_LOOP('',(#4731,#4741,#4749,#4757,#4763,#4764,#4770,#4771));
#4731 = ORIENTED_EDGE('',*,*,#4732,.T.);
#4732 = EDGE_CURVE('',#4733,#4735,#4737,.T.);
#4733 = VERTEX_POINT('',#4734);
#4734 = CARTESIAN_POINT('',(-2.55,6.,-2.1));
#4735 = VERTEX_POINT('',#4736);
#4736 = CARTESIAN_POINT('',(2.55,6.,-2.1));
#4737 = LINE('',#4738,#4739);
#4738 = CARTESIAN_POINT('',(2.95,6.,-2.1));
#4739 = VECTOR('',#4740,1.);
#4740 = DIRECTION('',(1.,2.879349297789E-32,-1.41417674672E-16));
#4741 = ORIENTED_EDGE('',*,*,#4742,.T.);
#4742 = EDGE_CURVE('',#4735,#4743,#4745,.T.);
#4743 = VERTEX_POINT('',#4744);
#4744 = CARTESIAN_POINT('',(2.55,6.,-0.12));
#4745 = LINE('',#4746,#4747);
#4746 = CARTESIAN_POINT('',(2.55,6.,-2.25));
#4747 = VECTOR('',#4748,1.);
#4748 = DIRECTION('',(1.239088197126E-16,-2.036060417813E-16,1.));
#4749 = ORIENTED_EDGE('',*,*,#4750,.F.);
#4750 = EDGE_CURVE('',#4751,#4743,#4753,.T.);
#4751 = VERTEX_POINT('',#4752);
#4752 = CARTESIAN_POINT('',(2.95,6.,-0.12));
#4753 = LINE('',#4754,#4755);
#4754 = CARTESIAN_POINT('',(2.95,6.,-0.12));
#4755 = VECTOR('',#4756,1.);
#4756 = DIRECTION('',(-1.,-0.,-0.));
#4757 = ORIENTED_EDGE('',*,*,#4758,.F.);
#4758 = EDGE_CURVE('',#4681,#4751,#4759,.T.);
#4759 = LINE('',#4760,#4761);
#4760 = CARTESIAN_POINT('',(2.95,6.,-2.25));
#4761 = VECTOR('',#4762,1.);
#4762 = DIRECTION('',(0.,-2.036060417813E-16,1.));
#4763 = ORIENTED_EDGE('',*,*,#4680,.T.);
#4764 = ORIENTED_EDGE('',*,*,#4765,.T.);
#4765 = EDGE_CURVE('',#4673,#4483,#4766,.T.);
#4766 = LINE('',#4767,#4768);
#4767 = CARTESIAN_POINT('',(-2.95,6.,-2.25));
#4768 = VECTOR('',#4769,1.);
#4769 = DIRECTION('',(0.,-2.036060417813E-16,1.));
#4770 = ORIENTED_EDGE('',*,*,#4482,.F.);
#4771 = ORIENTED_EDGE('',*,*,#4772,.T.);
#4772 = EDGE_CURVE('',#4475,#4733,#4773,.T.);
#4773 = LINE('',#4774,#4775);
#4774 = CARTESIAN_POINT('',(-2.55,6.,-2.25));
#4775 = VECTOR('',#4776,1.);
#4776 = DIRECTION('',(-1.239088197126E-16,2.036060417813E-16,-1.));
#4777 = PLANE('',#4778);
#4778 = AXIS2_PLACEMENT_3D('',#4779,#4780,#4781);
#4779 = CARTESIAN_POINT('',(2.95,6.,-2.25));
#4780 = DIRECTION('',(0.,-1.,-2.036060417813E-16));
#4781 = DIRECTION('',(0.,2.036060417813E-16,-1.));
#4782 = ADVANCED_FACE('',(#4783),#4816,.F.);
#4783 = FACE_BOUND('',#4784,.T.);
#4784 = EDGE_LOOP('',(#4785,#4786,#4794,#4802,#4810));
#4785 = ORIENTED_EDGE('',*,*,#4750,.T.);
#4786 = ORIENTED_EDGE('',*,*,#4787,.T.);
#4787 = EDGE_CURVE('',#4743,#4788,#4790,.T.);
#4788 = VERTEX_POINT('',#4789);
#4789 = CARTESIAN_POINT('',(2.3,5.75,-0.12));
#4790 = LINE('',#4791,#4792);
#4791 = CARTESIAN_POINT('',(2.3,5.75,-0.12));
#4792 = VECTOR('',#4793,1.);
#4793 = DIRECTION('',(-0.707106781187,-0.707106781187,-0.));
#4794 = ORIENTED_EDGE('',*,*,#4795,.T.);
#4795 = EDGE_CURVE('',#4788,#4796,#4798,.T.);
#4796 = VERTEX_POINT('',#4797);
#4797 = CARTESIAN_POINT('',(2.3,4.5,-0.12));
#4798 = LINE('',#4799,#4800);
#4799 = CARTESIAN_POINT('',(2.3,4.5,-0.12));
#4800 = VECTOR('',#4801,1.);
#4801 = DIRECTION('',(2.522858432348E-32,-1.,0.));
#4802 = ORIENTED_EDGE('',*,*,#4803,.F.);
#4803 = EDGE_CURVE('',#4804,#4796,#4806,.T.);
#4804 = VERTEX_POINT('',#4805);
#4805 = CARTESIAN_POINT('',(2.95,4.5,-0.12));
#4806 = LINE('',#4807,#4808);
#4807 = CARTESIAN_POINT('',(2.95,4.5,-0.12));
#4808 = VECTOR('',#4809,1.);
#4809 = DIRECTION('',(-1.,-0.,-0.));
#4810 = ORIENTED_EDGE('',*,*,#4811,.F.);
#4811 = EDGE_CURVE('',#4751,#4804,#4812,.T.);
#4812 = LINE('',#4813,#4814);
#4813 = CARTESIAN_POINT('',(2.95,4.5,-0.12));
#4814 = VECTOR('',#4815,1.);
#4815 = DIRECTION('',(-0.,-1.,-0.));
#4816 = PLANE('',#4817);
#4817 = AXIS2_PLACEMENT_3D('',#4818,#4819,#4820);
#4818 = CARTESIAN_POINT('',(2.95,4.5,-0.12));
#4819 = DIRECTION('',(0.,0.,-1.));
#4820 = DIRECTION('',(-1.,0.,-0.));
#4821 = ADVANCED_FACE('',(#4822),#4849,.F.);
#4822 = FACE_BOUND('',#4823,.F.);
#4823 = EDGE_LOOP('',(#4824,#4833,#4841,#4848));
#4824 = ORIENTED_EDGE('',*,*,#4825,.T.);
#4825 = EDGE_CURVE('',#4804,#4826,#4828,.T.);
#4826 = VERTEX_POINT('',#4827);
#4827 = CARTESIAN_POINT('',(2.95,4.5,0.88));
#4828 = CIRCLE('',#4829,0.5);
#4829 = AXIS2_PLACEMENT_3D('',#4830,#4831,#4832);
#4830 = CARTESIAN_POINT('',(2.95,4.5,0.38));
#4831 = DIRECTION('',(-1.,-0.,-0.));
#4832 = DIRECTION('',(0.,0.,-1.));
#4833 = ORIENTED_EDGE('',*,*,#4834,.T.);
#4834 = EDGE_CURVE('',#4826,#4835,#4837,.T.);
#4835 = VERTEX_POINT('',#4836);
#4836 = CARTESIAN_POINT('',(2.3,4.5,0.88));
#4837 = LINE('',#4838,#4839);
#4838 = CARTESIAN_POINT('',(2.95,4.5,0.88));
#4839 = VECTOR('',#4840,1.);
#4840 = DIRECTION('',(-1.,-0.,-0.));
#4841 = ORIENTED_EDGE('',*,*,#4842,.F.);
#4842 = EDGE_CURVE('',#4796,#4835,#4843,.T.);
#4843 = CIRCLE('',#4844,0.5);
#4844 = AXIS2_PLACEMENT_3D('',#4845,#4846,#4847);
#4845 = CARTESIAN_POINT('',(2.3,4.5,0.38));
#4846 = DIRECTION('',(-1.,-2.522858432348E-32,1.239088197126E-16));
#4847 = DIRECTION('',(-1.239088197126E-16,-3.126044106543E-48,-1.));
#4848 = ORIENTED_EDGE('',*,*,#4803,.F.);
#4849 = CYLINDRICAL_SURFACE('',#4850,0.5);
#4850 = AXIS2_PLACEMENT_3D('',#4851,#4852,#4853);
#4851 = CARTESIAN_POINT('',(2.95,4.5,0.38));
#4852 = DIRECTION('',(-1.,-0.,-0.));
#4853 = DIRECTION('',(-0.,0.,1.));
#4854 = ADVANCED_FACE('',(#4855),#4888,.F.);
#4855 = FACE_BOUND('',#4856,.T.);
#4856 = EDGE_LOOP('',(#4857,#4865,#4873,#4881,#4887));
#4857 = ORIENTED_EDGE('',*,*,#4858,.T.);
#4858 = EDGE_CURVE('',#4835,#4859,#4861,.T.);
#4859 = VERTEX_POINT('',#4860);
#4860 = CARTESIAN_POINT('',(2.3,5.75,0.88));
#4861 = LINE('',#4862,#4863);
#4862 = CARTESIAN_POINT('',(2.3,6.,0.88));
#4863 = VECTOR('',#4864,1.);
#4864 = DIRECTION('',(-2.522858432348E-32,1.,0.));
#4865 = ORIENTED_EDGE('',*,*,#4866,.T.);
#4866 = EDGE_CURVE('',#4859,#4867,#4869,.T.);
#4867 = VERTEX_POINT('',#4868);
#4868 = CARTESIAN_POINT('',(2.55,6.,0.88));
#4869 = LINE('',#4870,#4871);
#4870 = CARTESIAN_POINT('',(2.3,5.75,0.88));
#4871 = VECTOR('',#4872,1.);
#4872 = DIRECTION('',(0.707106781187,0.707106781187,-0.));
#4873 = ORIENTED_EDGE('',*,*,#4874,.F.);
#4874 = EDGE_CURVE('',#4875,#4867,#4877,.T.);
#4875 = VERTEX_POINT('',#4876);
#4876 = CARTESIAN_POINT('',(2.95,6.,0.88));
#4877 = LINE('',#4878,#4879);
#4878 = CARTESIAN_POINT('',(2.95,6.,0.88));
#4879 = VECTOR('',#4880,1.);
#4880 = DIRECTION('',(-1.,-0.,-0.));
#4881 = ORIENTED_EDGE('',*,*,#4882,.F.);
#4882 = EDGE_CURVE('',#4826,#4875,#4883,.T.);
#4883 = LINE('',#4884,#4885);
#4884 = CARTESIAN_POINT('',(2.95,6.,0.88));
#4885 = VECTOR('',#4886,1.);
#4886 = DIRECTION('',(-0.,1.,-0.));
#4887 = ORIENTED_EDGE('',*,*,#4834,.T.);
#4888 = PLANE('',#4889);
#4889 = AXIS2_PLACEMENT_3D('',#4890,#4891,#4892);
#4890 = CARTESIAN_POINT('',(2.95,6.,0.88));
#4891 = DIRECTION('',(-0.,0.,1.));
#4892 = DIRECTION('',(1.,0.,0.));
#4893 = ADVANCED_FACE('',(#4894),#4967,.F.);
#4894 = FACE_BOUND('',#4895,.T.);
#4895 = EDGE_LOOP('',(#4896,#4897,#4905,#4913,#4921,#4929,#4937,#4945,
    #4953,#4961));
#4896 = ORIENTED_EDGE('',*,*,#4874,.T.);
#4897 = ORIENTED_EDGE('',*,*,#4898,.T.);
#4898 = EDGE_CURVE('',#4867,#4899,#4901,.T.);
#4899 = VERTEX_POINT('',#4900);
#4900 = CARTESIAN_POINT('',(2.55,6.,1.9));
#4901 = LINE('',#4902,#4903);
#4902 = CARTESIAN_POINT('',(2.55,6.,0.88));
#4903 = VECTOR('',#4904,1.);
#4904 = DIRECTION('',(1.239088197126E-16,-3.165553788279E-16,1.));
#4905 = ORIENTED_EDGE('',*,*,#4906,.T.);
#4906 = EDGE_CURVE('',#4899,#4907,#4909,.T.);
#4907 = VERTEX_POINT('',#4908);
#4908 = CARTESIAN_POINT('',(0.225,6.,1.9));
#4909 = LINE('',#4910,#4911);
#4910 = CARTESIAN_POINT('',(2.95,6.,1.9));
#4911 = VECTOR('',#4912,1.);
#4912 = DIRECTION('',(-1.,-4.476652557876E-32,1.41417674672E-16));
#4913 = ORIENTED_EDGE('',*,*,#4914,.T.);
#4914 = EDGE_CURVE('',#4907,#4915,#4917,.T.);
#4915 = VERTEX_POINT('',#4916);
#4916 = CARTESIAN_POINT('',(0.225,6.,2.25));
#4917 = LINE('',#4918,#4919);
#4918 = CARTESIAN_POINT('',(0.225,6.,-2.623757129272));
#4919 = VECTOR('',#4920,1.);
#4920 = DIRECTION('',(-0.,-0.,1.));
#4921 = ORIENTED_EDGE('',*,*,#4922,.F.);
#4922 = EDGE_CURVE('',#4923,#4915,#4925,.T.);
#4923 = VERTEX_POINT('',#4924);
#4924 = CARTESIAN_POINT('',(1.25,6.,2.25));
#4925 = LINE('',#4926,#4927);
#4926 = CARTESIAN_POINT('',(2.95,6.,2.25));
#4927 = VECTOR('',#4928,1.);
#4928 = DIRECTION('',(-1.,-0.,-0.));
#4929 = ORIENTED_EDGE('',*,*,#4930,.F.);
#4930 = EDGE_CURVE('',#4931,#4923,#4933,.T.);
#4931 = VERTEX_POINT('',#4932);
#4932 = CARTESIAN_POINT('',(1.25,6.,2.15));
#4933 = LINE('',#4934,#4935);
#4934 = CARTESIAN_POINT('',(1.25,6.,2.15));
#4935 = VECTOR('',#4936,1.);
#4936 = DIRECTION('',(-0.,-0.,1.));
#4937 = ORIENTED_EDGE('',*,*,#4938,.F.);
#4938 = EDGE_CURVE('',#4939,#4931,#4941,.T.);
#4939 = VERTEX_POINT('',#4940);
#4940 = CARTESIAN_POINT('',(1.725,6.,2.15));
#4941 = LINE('',#4942,#4943);
#4942 = CARTESIAN_POINT('',(1.25,6.,2.15));
#4943 = VECTOR('',#4944,1.);
#4944 = DIRECTION('',(-1.,-0.,-0.));
#4945 = ORIENTED_EDGE('',*,*,#4946,.T.);
#4946 = EDGE_CURVE('',#4939,#4947,#4949,.T.);
#4947 = VERTEX_POINT('',#4948);
#4948 = CARTESIAN_POINT('',(1.725,6.,2.25));
#4949 = LINE('',#4950,#4951);
#4950 = CARTESIAN_POINT('',(1.725,6.,2.15));
#4951 = VECTOR('',#4952,1.);
#4952 = DIRECTION('',(-0.,-0.,1.));
#4953 = ORIENTED_EDGE('',*,*,#4954,.F.);
#4954 = EDGE_CURVE('',#4955,#4947,#4957,.T.);
#4955 = VERTEX_POINT('',#4956);
#4956 = CARTESIAN_POINT('',(2.95,6.,2.25));
#4957 = LINE('',#4958,#4959);
#4958 = CARTESIAN_POINT('',(2.95,6.,2.25));
#4959 = VECTOR('',#4960,1.);
#4960 = DIRECTION('',(-1.,-0.,-0.));
#4961 = ORIENTED_EDGE('',*,*,#4962,.F.);
#4962 = EDGE_CURVE('',#4875,#4955,#4963,.T.);
#4963 = LINE('',#4964,#4965);
#4964 = CARTESIAN_POINT('',(2.95,6.,0.88));
#4965 = VECTOR('',#4966,1.);
#4966 = DIRECTION('',(0.,-3.165553788279E-16,1.));
#4967 = PLANE('',#4968);
#4968 = AXIS2_PLACEMENT_3D('',#4969,#4970,#4971);
#4969 = CARTESIAN_POINT('',(2.95,6.,0.88));
#4970 = DIRECTION('',(0.,-1.,-3.165553788279E-16));
#4971 = DIRECTION('',(0.,3.165553788279E-16,-1.));
#4972 = ADVANCED_FACE('',(#4973,#5007),#5085,.F.);
#4973 = FACE_BOUND('',#4974,.T.);
#4974 = EDGE_LOOP('',(#4975,#4985,#4993,#5001));
#4975 = ORIENTED_EDGE('',*,*,#4976,.F.);
#4976 = EDGE_CURVE('',#4977,#4979,#4981,.T.);
#4977 = VERTEX_POINT('',#4978);
#4978 = CARTESIAN_POINT('',(-2.2,2.25,2.25));
#4979 = VERTEX_POINT('',#4980);
#4980 = CARTESIAN_POINT('',(-1.25,2.25,2.25));
#4981 = LINE('',#4982,#4983);
#4982 = CARTESIAN_POINT('',(-2.2,2.25,2.25));
#4983 = VECTOR('',#4984,1.);
#4984 = DIRECTION('',(1.,0.,0.));
#4985 = ORIENTED_EDGE('',*,*,#4986,.F.);
#4986 = EDGE_CURVE('',#4987,#4977,#4989,.T.);
#4987 = VERTEX_POINT('',#4988);
#4988 = CARTESIAN_POINT('',(-2.2,4.25,2.25));
#4989 = LINE('',#4990,#4991);
#4990 = CARTESIAN_POINT('',(-2.2,4.25,2.25));
#4991 = VECTOR('',#4992,1.);
#4992 = DIRECTION('',(4.336808689942E-16,-1.,0.));
#4993 = ORIENTED_EDGE('',*,*,#4994,.F.);
#4994 = EDGE_CURVE('',#4995,#4987,#4997,.T.);
#4995 = VERTEX_POINT('',#4996);
#4996 = CARTESIAN_POINT('',(-1.25,4.25,2.25));
#4997 = LINE('',#4998,#4999);
#4998 = CARTESIAN_POINT('',(-2.2,4.25,2.25));
#4999 = VECTOR('',#5000,1.);
#5000 = DIRECTION('',(-1.,-0.,-0.));
#5001 = ORIENTED_EDGE('',*,*,#5002,.F.);
#5002 = EDGE_CURVE('',#4979,#4995,#5003,.T.);
#5003 = LINE('',#5004,#5005);
#5004 = CARTESIAN_POINT('',(-1.25,4.25,2.25));
#5005 = VECTOR('',#5006,1.);
#5006 = DIRECTION('',(-1.084202172486E-16,1.,-0.));
#5007 = FACE_BOUND('',#5008,.T.);
#5008 = EDGE_LOOP('',(#5009,#5017,#5018,#5024,#5025,#5031,#5032,#5040,
    #5048,#5054,#5055,#5063,#5071,#5079));
#5009 = ORIENTED_EDGE('',*,*,#5010,.F.);
#5010 = EDGE_CURVE('',#4923,#5011,#5013,.T.);
#5011 = VERTEX_POINT('',#5012);
#5012 = CARTESIAN_POINT('',(1.25,2.25,2.25));
#5013 = LINE('',#5014,#5015);
#5014 = CARTESIAN_POINT('',(1.25,4.25,2.25));
#5015 = VECTOR('',#5016,1.);
#5016 = DIRECTION('',(-1.084202172486E-16,-1.,0.));
#5017 = ORIENTED_EDGE('',*,*,#4922,.T.);
#5018 = ORIENTED_EDGE('',*,*,#5019,.F.);
#5019 = EDGE_CURVE('',#4264,#4915,#5020,.T.);
#5020 = LINE('',#5021,#5022);
#5021 = CARTESIAN_POINT('',(0.225,1.75,2.25));
#5022 = VECTOR('',#5023,1.);
#5023 = DIRECTION('',(0.,1.,0.));
#5024 = ORIENTED_EDGE('',*,*,#4263,.F.);
#5025 = ORIENTED_EDGE('',*,*,#5026,.F.);
#5026 = EDGE_CURVE('',#4346,#4256,#5027,.T.);
#5027 = LINE('',#5028,#5029);
#5028 = CARTESIAN_POINT('',(-0.225,1.75,2.25));
#5029 = VECTOR('',#5030,1.);
#5030 = DIRECTION('',(-0.,-1.,-0.));
#5031 = ORIENTED_EDGE('',*,*,#4385,.T.);
#5032 = ORIENTED_EDGE('',*,*,#5033,.T.);
#5033 = EDGE_CURVE('',#4378,#5034,#5036,.T.);
#5034 = VERTEX_POINT('',#5035);
#5035 = CARTESIAN_POINT('',(-2.95,1.39,2.25));
#5036 = LINE('',#5037,#5038);
#5037 = CARTESIAN_POINT('',(-2.95,6.,2.25));
#5038 = VECTOR('',#5039,1.);
#5039 = DIRECTION('',(0.,-1.,9.407394121349E-17));
#5040 = ORIENTED_EDGE('',*,*,#5041,.F.);
#5041 = EDGE_CURVE('',#5042,#5034,#5044,.T.);
#5042 = VERTEX_POINT('',#5043);
#5043 = CARTESIAN_POINT('',(2.95,1.39,2.25));
#5044 = LINE('',#5045,#5046);
#5045 = CARTESIAN_POINT('',(2.95,1.39,2.25));
#5046 = VECTOR('',#5047,1.);
#5047 = DIRECTION('',(-1.,-0.,-0.));
#5048 = ORIENTED_EDGE('',*,*,#5049,.F.);
#5049 = EDGE_CURVE('',#4955,#5042,#5050,.T.);
#5050 = LINE('',#5051,#5052);
#5051 = CARTESIAN_POINT('',(2.95,6.,2.25));
#5052 = VECTOR('',#5053,1.);
#5053 = DIRECTION('',(0.,-1.,9.407394121349E-17));
#5054 = ORIENTED_EDGE('',*,*,#4954,.T.);
#5055 = ORIENTED_EDGE('',*,*,#5056,.F.);
#5056 = EDGE_CURVE('',#5057,#4947,#5059,.T.);
#5057 = VERTEX_POINT('',#5058);
#5058 = CARTESIAN_POINT('',(1.725,4.25,2.25));
#5059 = LINE('',#5060,#5061);
#5060 = CARTESIAN_POINT('',(1.725,4.25,2.25));
#5061 = VECTOR('',#5062,1.);
#5062 = DIRECTION('',(0.,1.,0.));
#5063 = ORIENTED_EDGE('',*,*,#5064,.F.);
#5064 = EDGE_CURVE('',#5065,#5057,#5067,.T.);
#5065 = VERTEX_POINT('',#5066);
#5066 = CARTESIAN_POINT('',(2.2,4.25,2.25));
#5067 = LINE('',#5068,#5069);
#5068 = CARTESIAN_POINT('',(2.2,4.25,2.25));
#5069 = VECTOR('',#5070,1.);
#5070 = DIRECTION('',(-1.,0.,0.));
#5071 = ORIENTED_EDGE('',*,*,#5072,.F.);
#5072 = EDGE_CURVE('',#5073,#5065,#5075,.T.);
#5073 = VERTEX_POINT('',#5074);
#5074 = CARTESIAN_POINT('',(2.2,2.25,2.25));
#5075 = LINE('',#5076,#5077);
#5076 = CARTESIAN_POINT('',(2.2,4.25,2.25));
#5077 = VECTOR('',#5078,1.);
#5078 = DIRECTION('',(4.336808689942E-16,1.,-0.));
#5079 = ORIENTED_EDGE('',*,*,#5080,.F.);
#5080 = EDGE_CURVE('',#5011,#5073,#5081,.T.);
#5081 = LINE('',#5082,#5083);
#5082 = CARTESIAN_POINT('',(2.2,2.25,2.25));
#5083 = VECTOR('',#5084,1.);
#5084 = DIRECTION('',(1.,-0.,-0.));
#5085 = PLANE('',#5086);
#5086 = AXIS2_PLACEMENT_3D('',#5087,#5088,#5089);
#5087 = CARTESIAN_POINT('',(2.95,6.,2.25));
#5088 = DIRECTION('',(0.,-9.407394121349E-17,-1.));
#5089 = DIRECTION('',(0.,1.,-9.407394121349E-17));
#5090 = ADVANCED_FACE('',(#5091),#5116,.F.);
#5091 = FACE_BOUND('',#5092,.T.);
#5092 = EDGE_LOOP('',(#5093,#5101,#5109,#5115));
#5093 = ORIENTED_EDGE('',*,*,#5094,.T.);
#5094 = EDGE_CURVE('',#5034,#5095,#5097,.T.);
#5095 = VERTEX_POINT('',#5096);
#5096 = CARTESIAN_POINT('',(-2.95,1.39,1.85));
#5097 = LINE('',#5098,#5099);
#5098 = CARTESIAN_POINT('',(-2.95,1.39,2.25));
#5099 = VECTOR('',#5100,1.);
#5100 = DIRECTION('',(0.,0.,-1.));
#5101 = ORIENTED_EDGE('',*,*,#5102,.F.);
#5102 = EDGE_CURVE('',#5103,#5095,#5105,.T.);
#5103 = VERTEX_POINT('',#5104);
#5104 = CARTESIAN_POINT('',(2.95,1.39,1.85));
#5105 = LINE('',#5106,#5107);
#5106 = CARTESIAN_POINT('',(2.95,1.39,1.85));
#5107 = VECTOR('',#5108,1.);
#5108 = DIRECTION('',(-1.,-0.,-0.));
#5109 = ORIENTED_EDGE('',*,*,#5110,.F.);
#5110 = EDGE_CURVE('',#5042,#5103,#5111,.T.);
#5111 = LINE('',#5112,#5113);
#5112 = CARTESIAN_POINT('',(2.95,1.39,2.25));
#5113 = VECTOR('',#5114,1.);
#5114 = DIRECTION('',(0.,0.,-1.));
#5115 = ORIENTED_EDGE('',*,*,#5041,.T.);
#5116 = PLANE('',#5117);
#5117 = AXIS2_PLACEMENT_3D('',#5118,#5119,#5120);
#5118 = CARTESIAN_POINT('',(2.95,1.39,2.25));
#5119 = DIRECTION('',(-0.,1.,0.));
#5120 = DIRECTION('',(0.,0.,1.));
#5121 = ADVANCED_FACE('',(#5122),#5147,.F.);
#5122 = FACE_BOUND('',#5123,.T.);
#5123 = EDGE_LOOP('',(#5124,#5132,#5140,#5146));
#5124 = ORIENTED_EDGE('',*,*,#5125,.T.);
#5125 = EDGE_CURVE('',#5095,#5126,#5128,.T.);
#5126 = VERTEX_POINT('',#5127);
#5127 = CARTESIAN_POINT('',(-2.95,0.83,1.85));
#5128 = LINE('',#5129,#5130);
#5129 = CARTESIAN_POINT('',(-2.95,1.39,1.85));
#5130 = VECTOR('',#5131,1.);
#5131 = DIRECTION('',(0.,-1.,-3.87215061602E-16));
#5132 = ORIENTED_EDGE('',*,*,#5133,.F.);
#5133 = EDGE_CURVE('',#5134,#5126,#5136,.T.);
#5134 = VERTEX_POINT('',#5135);
#5135 = CARTESIAN_POINT('',(2.95,0.83,1.85));
#5136 = LINE('',#5137,#5138);
#5137 = CARTESIAN_POINT('',(2.95,0.83,1.85));
#5138 = VECTOR('',#5139,1.);
#5139 = DIRECTION('',(-1.,-0.,-0.));
#5140 = ORIENTED_EDGE('',*,*,#5141,.F.);
#5141 = EDGE_CURVE('',#5103,#5134,#5142,.T.);
#5142 = LINE('',#5143,#5144);
#5143 = CARTESIAN_POINT('',(2.95,1.39,1.85));
#5144 = VECTOR('',#5145,1.);
#5145 = DIRECTION('',(0.,-1.,-3.87215061602E-16));
#5146 = ORIENTED_EDGE('',*,*,#5102,.T.);
#5147 = PLANE('',#5148);
#5148 = AXIS2_PLACEMENT_3D('',#5149,#5150,#5151);
#5149 = CARTESIAN_POINT('',(2.95,1.39,1.85));
#5150 = DIRECTION('',(0.,3.87215061602E-16,-1.));
#5151 = DIRECTION('',(0.,1.,3.87215061602E-16));
#5152 = ADVANCED_FACE('',(#5153),#5178,.F.);
#5153 = FACE_BOUND('',#5154,.T.);
#5154 = EDGE_LOOP('',(#5155,#5163,#5171,#5177));
#5155 = ORIENTED_EDGE('',*,*,#5156,.T.);
#5156 = EDGE_CURVE('',#5126,#5157,#5159,.T.);
#5157 = VERTEX_POINT('',#5158);
#5158 = CARTESIAN_POINT('',(-2.95,0.83,2.25));
#5159 = LINE('',#5160,#5161);
#5160 = CARTESIAN_POINT('',(-2.95,0.83,1.85));
#5161 = VECTOR('',#5162,1.);
#5162 = DIRECTION('',(0.,0.,1.));
#5163 = ORIENTED_EDGE('',*,*,#5164,.F.);
#5164 = EDGE_CURVE('',#5165,#5157,#5167,.T.);
#5165 = VERTEX_POINT('',#5166);
#5166 = CARTESIAN_POINT('',(2.95,0.83,2.25));
#5167 = LINE('',#5168,#5169);
#5168 = CARTESIAN_POINT('',(2.95,0.83,2.25));
#5169 = VECTOR('',#5170,1.);
#5170 = DIRECTION('',(-1.,-0.,-0.));
#5171 = ORIENTED_EDGE('',*,*,#5172,.F.);
#5172 = EDGE_CURVE('',#5134,#5165,#5173,.T.);
#5173 = LINE('',#5174,#5175);
#5174 = CARTESIAN_POINT('',(2.95,0.83,1.85));
#5175 = VECTOR('',#5176,1.);
#5176 = DIRECTION('',(0.,0.,1.));
#5177 = ORIENTED_EDGE('',*,*,#5133,.T.);
#5178 = PLANE('',#5179);
#5179 = AXIS2_PLACEMENT_3D('',#5180,#5181,#5182);
#5180 = CARTESIAN_POINT('',(2.95,0.83,1.85));
#5181 = DIRECTION('',(0.,-1.,0.));
#5182 = DIRECTION('',(0.,-0.,-1.));
#5183 = ADVANCED_FACE('',(#5184),#5246,.F.);
#5184 = FACE_BOUND('',#5185,.T.);
#5185 = EDGE_LOOP('',(#5186,#5187,#5195,#5203,#5209,#5210,#5216,#5217,
    #5225,#5233,#5239,#5240));
#5186 = ORIENTED_EDGE('',*,*,#4593,.F.);
#5187 = ORIENTED_EDGE('',*,*,#5188,.F.);
#5188 = EDGE_CURVE('',#5189,#4586,#5191,.T.);
#5189 = VERTEX_POINT('',#5190);
#5190 = CARTESIAN_POINT('',(-1.8,0.2,2.25));
#5191 = LINE('',#5192,#5193);
#5192 = CARTESIAN_POINT('',(-1.8,0.2,2.25));
#5193 = VECTOR('',#5194,1.);
#5194 = DIRECTION('',(0.,-1.,0.));
#5195 = ORIENTED_EDGE('',*,*,#5196,.F.);
#5196 = EDGE_CURVE('',#5197,#5189,#5199,.T.);
#5197 = VERTEX_POINT('',#5198);
#5198 = CARTESIAN_POINT('',(-0.2,0.2,2.25));
#5199 = LINE('',#5200,#5201);
#5200 = CARTESIAN_POINT('',(-0.2,0.2,2.25));
#5201 = VECTOR('',#5202,1.);
#5202 = DIRECTION('',(-1.,2.710505431214E-16,0.));
#5203 = ORIENTED_EDGE('',*,*,#5204,.F.);
#5204 = EDGE_CURVE('',#4618,#5197,#5205,.T.);
#5205 = LINE('',#5206,#5207);
#5206 = CARTESIAN_POINT('',(-0.2,0.2,2.25));
#5207 = VECTOR('',#5208,1.);
#5208 = DIRECTION('',(-1.355252715607E-16,1.,-0.));
#5209 = ORIENTED_EDGE('',*,*,#4615,.F.);
#5210 = ORIENTED_EDGE('',*,*,#5211,.F.);
#5211 = EDGE_CURVE('',#4132,#4616,#5212,.T.);
#5212 = LINE('',#5213,#5214);
#5213 = CARTESIAN_POINT('',(0.2,0.2,2.25));
#5214 = VECTOR('',#5215,1.);
#5215 = DIRECTION('',(-1.355252715607E-16,-1.,0.));
#5216 = ORIENTED_EDGE('',*,*,#4129,.F.);
#5217 = ORIENTED_EDGE('',*,*,#5218,.F.);
#5218 = EDGE_CURVE('',#5219,#4130,#5221,.T.);
#5219 = VERTEX_POINT('',#5220);
#5220 = CARTESIAN_POINT('',(1.8,-4.336808689942E-16,2.25));
#5221 = LINE('',#5222,#5223);
#5222 = CARTESIAN_POINT('',(1.8,0.2,2.25));
#5223 = VECTOR('',#5224,1.);
#5224 = DIRECTION('',(-0.,1.,-0.));
#5225 = ORIENTED_EDGE('',*,*,#5226,.F.);
#5226 = EDGE_CURVE('',#5227,#5219,#5229,.T.);
#5227 = VERTEX_POINT('',#5228);
#5228 = CARTESIAN_POINT('',(2.95,-4.336808689942E-16,2.25));
#5229 = LINE('',#5230,#5231);
#5230 = CARTESIAN_POINT('',(2.95,-4.336808689942E-16,2.25));
#5231 = VECTOR('',#5232,1.);
#5232 = DIRECTION('',(-1.,-0.,-0.));
#5233 = ORIENTED_EDGE('',*,*,#5234,.F.);
#5234 = EDGE_CURVE('',#5165,#5227,#5235,.T.);
#5235 = LINE('',#5236,#5237);
#5236 = CARTESIAN_POINT('',(2.95,0.83,2.25));
#5237 = VECTOR('',#5238,1.);
#5238 = DIRECTION('',(0.,-1.,0.));
#5239 = ORIENTED_EDGE('',*,*,#5164,.T.);
#5240 = ORIENTED_EDGE('',*,*,#5241,.T.);
#5241 = EDGE_CURVE('',#5157,#4594,#5242,.T.);
#5242 = LINE('',#5243,#5244);
#5243 = CARTESIAN_POINT('',(-2.95,0.83,2.25));
#5244 = VECTOR('',#5245,1.);
#5245 = DIRECTION('',(0.,-1.,0.));
#5246 = PLANE('',#5247);
#5247 = AXIS2_PLACEMENT_3D('',#5248,#5249,#5250);
#5248 = CARTESIAN_POINT('',(2.95,0.83,2.25));
#5249 = DIRECTION('',(0.,0.,-1.));
#5250 = DIRECTION('',(-1.,0.,-0.));
#5251 = ADVANCED_FACE('',(#5252),#5268,.F.);
#5252 = FACE_BOUND('',#5253,.T.);
#5253 = EDGE_LOOP('',(#5254,#5255,#5261,#5262));
#5254 = ORIENTED_EDGE('',*,*,#5226,.T.);
#5255 = ORIENTED_EDGE('',*,*,#5256,.F.);
#5256 = EDGE_CURVE('',#4697,#5219,#5257,.T.);
#5257 = LINE('',#5258,#5259);
#5258 = CARTESIAN_POINT('',(1.8,-4.336808689942E-16,-2.25));
#5259 = VECTOR('',#5260,1.);
#5260 = DIRECTION('',(-0.,-0.,1.));
#5261 = ORIENTED_EDGE('',*,*,#4696,.F.);
#5262 = ORIENTED_EDGE('',*,*,#5263,.F.);
#5263 = EDGE_CURVE('',#5227,#4689,#5264,.T.);
#5264 = LINE('',#5265,#5266);
#5265 = CARTESIAN_POINT('',(2.95,-4.336808689942E-16,2.25));
#5266 = VECTOR('',#5267,1.);
#5267 = DIRECTION('',(0.,1.927470528863E-16,-1.));
#5268 = PLANE('',#5269);
#5269 = AXIS2_PLACEMENT_3D('',#5270,#5271,#5272);
#5270 = CARTESIAN_POINT('',(2.95,-4.336808689942E-16,2.25));
#5271 = DIRECTION('',(-0.,1.,1.927470528863E-16));
#5272 = DIRECTION('',(0.,-1.927470528863E-16,1.));
#5273 = ADVANCED_FACE('',(#5274),#5288,.T.);
#5274 = FACE_BOUND('',#5275,.T.);
#5275 = EDGE_LOOP('',(#5276,#5277,#5278,#5279,#5280,#5281,#5282,#5283,
    #5284,#5285,#5286,#5287));
#5276 = ORIENTED_EDGE('',*,*,#4688,.T.);
#5277 = ORIENTED_EDGE('',*,*,#4758,.T.);
#5278 = ORIENTED_EDGE('',*,*,#4811,.T.);
#5279 = ORIENTED_EDGE('',*,*,#4825,.T.);
#5280 = ORIENTED_EDGE('',*,*,#4882,.T.);
#5281 = ORIENTED_EDGE('',*,*,#4962,.T.);
#5282 = ORIENTED_EDGE('',*,*,#5049,.T.);
#5283 = ORIENTED_EDGE('',*,*,#5110,.T.);
#5284 = ORIENTED_EDGE('',*,*,#5141,.T.);
#5285 = ORIENTED_EDGE('',*,*,#5172,.T.);
#5286 = ORIENTED_EDGE('',*,*,#5234,.T.);
#5287 = ORIENTED_EDGE('',*,*,#5263,.T.);
#5288 = PLANE('',#5289);
#5289 = AXIS2_PLACEMENT_3D('',#5290,#5291,#5292);
#5290 = CARTESIAN_POINT('',(2.95,4.5,0.38));
#5291 = DIRECTION('',(1.,0.,0.));
#5292 = DIRECTION('',(0.,0.,-1.));
#5293 = ADVANCED_FACE('',(#5294),#5308,.F.);
#5294 = FACE_BOUND('',#5295,.T.);
#5295 = EDGE_LOOP('',(#5296,#5297,#5298,#5299,#5300,#5301,#5302,#5303,
    #5304,#5305,#5306,#5307));
#5296 = ORIENTED_EDGE('',*,*,#4672,.F.);
#5297 = ORIENTED_EDGE('',*,*,#4601,.F.);
#5298 = ORIENTED_EDGE('',*,*,#5241,.F.);
#5299 = ORIENTED_EDGE('',*,*,#5156,.F.);
#5300 = ORIENTED_EDGE('',*,*,#5125,.F.);
#5301 = ORIENTED_EDGE('',*,*,#5094,.F.);
#5302 = ORIENTED_EDGE('',*,*,#5033,.F.);
#5303 = ORIENTED_EDGE('',*,*,#4377,.F.);
#5304 = ORIENTED_EDGE('',*,*,#4561,.F.);
#5305 = ORIENTED_EDGE('',*,*,#4512,.F.);
#5306 = ORIENTED_EDGE('',*,*,#4490,.F.);
#5307 = ORIENTED_EDGE('',*,*,#4765,.F.);
#5308 = PLANE('',#5309);
#5309 = AXIS2_PLACEMENT_3D('',#5310,#5311,#5312);
#5310 = CARTESIAN_POINT('',(-2.95,4.5,0.38));
#5311 = DIRECTION('',(1.,0.,0.));
#5312 = DIRECTION('',(0.,0.,-1.));
#5313 = ADVANCED_FACE('',(#5314),#5320,.F.);
#5314 = FACE_BOUND('',#5315,.T.);
#5315 = EDGE_LOOP('',(#5316,#5317,#5318,#5319));
#5316 = ORIENTED_EDGE('',*,*,#5211,.T.);
#5317 = ORIENTED_EDGE('',*,*,#4641,.F.);
#5318 = ORIENTED_EDGE('',*,*,#4711,.F.);
#5319 = ORIENTED_EDGE('',*,*,#4139,.T.);
#5320 = PLANE('',#5321);
#5321 = AXIS2_PLACEMENT_3D('',#5322,#5323,#5324);
#5322 = CARTESIAN_POINT('',(0.2,0.2,-2.25));
#5323 = DIRECTION('',(-1.,1.355252715607E-16,0.));
#5324 = DIRECTION('',(-1.355252715607E-16,-1.,0.));
#5325 = ADVANCED_FACE('',(#5326),#5332,.F.);
#5326 = FACE_BOUND('',#5327,.T.);
#5327 = EDGE_LOOP('',(#5328,#5329,#5330,#5331));
#5328 = ORIENTED_EDGE('',*,*,#5218,.T.);
#5329 = ORIENTED_EDGE('',*,*,#4155,.F.);
#5330 = ORIENTED_EDGE('',*,*,#4704,.F.);
#5331 = ORIENTED_EDGE('',*,*,#5256,.T.);
#5332 = PLANE('',#5333);
#5333 = AXIS2_PLACEMENT_3D('',#5334,#5335,#5336);
#5334 = CARTESIAN_POINT('',(1.8,0.2,-2.25));
#5335 = DIRECTION('',(1.,0.,0.));
#5336 = DIRECTION('',(0.,0.,-1.));
#5337 = ADVANCED_FACE('',(#5338),#5349,.F.);
#5338 = FACE_BOUND('',#5339,.T.);
#5339 = EDGE_LOOP('',(#5340,#5341,#5342,#5343));
#5340 = ORIENTED_EDGE('',*,*,#5188,.T.);
#5341 = ORIENTED_EDGE('',*,*,#4585,.F.);
#5342 = ORIENTED_EDGE('',*,*,#4665,.F.);
#5343 = ORIENTED_EDGE('',*,*,#5344,.T.);
#5344 = EDGE_CURVE('',#4658,#5189,#5345,.T.);
#5345 = LINE('',#5346,#5347);
#5346 = CARTESIAN_POINT('',(-1.8,0.2,-2.25));
#5347 = VECTOR('',#5348,1.);
#5348 = DIRECTION('',(-0.,-0.,1.));
#5349 = PLANE('',#5350);
#5350 = AXIS2_PLACEMENT_3D('',#5351,#5352,#5353);
#5351 = CARTESIAN_POINT('',(-1.8,0.2,-2.25));
#5352 = DIRECTION('',(-1.,0.,-0.));
#5353 = DIRECTION('',(0.,0.,1.));
#5354 = ADVANCED_FACE('',(#5355,#5389),#5400,.F.);
#5355 = FACE_BOUND('',#5356,.T.);
#5356 = EDGE_LOOP('',(#5357,#5367,#5375,#5383));
#5357 = ORIENTED_EDGE('',*,*,#5358,.T.);
#5358 = EDGE_CURVE('',#5359,#5361,#5363,.T.);
#5359 = VERTEX_POINT('',#5360);
#5360 = CARTESIAN_POINT('',(-1.25,0.2,0.8));
#5361 = VERTEX_POINT('',#5362);
#5362 = CARTESIAN_POINT('',(-0.75,0.2,0.8));
#5363 = LINE('',#5364,#5365);
#5364 = CARTESIAN_POINT('',(-0.2,0.2,0.8));
#5365 = VECTOR('',#5366,1.);
#5366 = DIRECTION('',(1.,-2.710505431214E-16,0.));
#5367 = ORIENTED_EDGE('',*,*,#5368,.T.);
#5368 = EDGE_CURVE('',#5361,#5369,#5371,.T.);
#5369 = VERTEX_POINT('',#5370);
#5370 = CARTESIAN_POINT('',(-0.75,0.2,0.3));
#5371 = LINE('',#5372,#5373);
#5372 = CARTESIAN_POINT('',(-0.75,0.2,-2.25));
#5373 = VECTOR('',#5374,1.);
#5374 = DIRECTION('',(2.168404344971E-16,-5.877471754111E-32,-1.));
#5375 = ORIENTED_EDGE('',*,*,#5376,.T.);
#5376 = EDGE_CURVE('',#5369,#5377,#5379,.T.);
#5377 = VERTEX_POINT('',#5378);
#5378 = CARTESIAN_POINT('',(-1.25,0.2,0.3));
#5379 = LINE('',#5380,#5381);
#5380 = CARTESIAN_POINT('',(-0.2,0.2,0.3));
#5381 = VECTOR('',#5382,1.);
#5382 = DIRECTION('',(-1.,2.710505431214E-16,2.168404344971E-16));
#5383 = ORIENTED_EDGE('',*,*,#5384,.T.);
#5384 = EDGE_CURVE('',#5377,#5359,#5385,.T.);
#5385 = LINE('',#5386,#5387);
#5386 = CARTESIAN_POINT('',(-1.25,0.2,-2.25));
#5387 = VECTOR('',#5388,1.);
#5388 = DIRECTION('',(0.,0.,1.));
#5389 = FACE_BOUND('',#5390,.T.);
#5390 = EDGE_LOOP('',(#5391,#5392,#5393,#5394));
#5391 = ORIENTED_EDGE('',*,*,#5196,.T.);
#5392 = ORIENTED_EDGE('',*,*,#5344,.F.);
#5393 = ORIENTED_EDGE('',*,*,#4655,.F.);
#5394 = ORIENTED_EDGE('',*,*,#5395,.T.);
#5395 = EDGE_CURVE('',#4656,#5197,#5396,.T.);
#5396 = LINE('',#5397,#5398);
#5397 = CARTESIAN_POINT('',(-0.2,0.2,-2.25));
#5398 = VECTOR('',#5399,1.);
#5399 = DIRECTION('',(-0.,-0.,1.));
#5400 = PLANE('',#5401);
#5401 = AXIS2_PLACEMENT_3D('',#5402,#5403,#5404);
#5402 = CARTESIAN_POINT('',(-0.2,0.2,-2.25));
#5403 = DIRECTION('',(2.710505431214E-16,1.,0.));
#5404 = DIRECTION('',(-1.,2.710505431214E-16,0.));
#5405 = ADVANCED_FACE('',(#5406),#5412,.F.);
#5406 = FACE_BOUND('',#5407,.T.);
#5407 = EDGE_LOOP('',(#5408,#5409,#5410,#5411));
#5408 = ORIENTED_EDGE('',*,*,#5204,.T.);
#5409 = ORIENTED_EDGE('',*,*,#5395,.F.);
#5410 = ORIENTED_EDGE('',*,*,#4718,.F.);
#5411 = ORIENTED_EDGE('',*,*,#4625,.T.);
#5412 = PLANE('',#5413);
#5413 = AXIS2_PLACEMENT_3D('',#5414,#5415,#5416);
#5414 = CARTESIAN_POINT('',(-0.2,0.2,-2.25));
#5415 = DIRECTION('',(1.,1.355252715607E-16,0.));
#5416 = DIRECTION('',(-1.355252715607E-16,1.,0.));
#5417 = ADVANCED_FACE('',(#5418),#5445,.F.);
#5418 = FACE_BOUND('',#5419,.T.);
#5419 = EDGE_LOOP('',(#5420,#5421,#5427,#5428,#5429,#5437,#5443,#5444));
#5420 = ORIENTED_EDGE('',*,*,#4554,.F.);
#5421 = ORIENTED_EDGE('',*,*,#5422,.T.);
#5422 = EDGE_CURVE('',#4547,#4434,#5423,.T.);
#5423 = LINE('',#5424,#5425);
#5424 = CARTESIAN_POINT('',(-2.3,5.75,-1.85));
#5425 = VECTOR('',#5426,1.);
#5426 = DIRECTION('',(1.239088197126E-16,-3.165553788279E-16,1.));
#5427 = ORIENTED_EDGE('',*,*,#4433,.F.);
#5428 = ORIENTED_EDGE('',*,*,#4237,.F.);
#5429 = ORIENTED_EDGE('',*,*,#5430,.T.);
#5430 = EDGE_CURVE('',#4238,#5431,#5433,.T.);
#5431 = VERTEX_POINT('',#5432);
#5432 = CARTESIAN_POINT('',(-2.3,5.75,-1.85));
#5433 = LINE('',#5434,#5435);
#5434 = CARTESIAN_POINT('',(-2.3,1.75,-1.85));
#5435 = VECTOR('',#5436,1.);
#5436 = DIRECTION('',(-0.,1.,2.036060417813E-16));
#5437 = ORIENTED_EDGE('',*,*,#5438,.T.);
#5438 = EDGE_CURVE('',#5431,#4467,#5439,.T.);
#5439 = LINE('',#5440,#5441);
#5440 = CARTESIAN_POINT('',(-2.3,5.75,-1.85));
#5441 = VECTOR('',#5442,1.);
#5442 = DIRECTION('',(1.239088197126E-16,-2.036060417813E-16,1.));
#5443 = ORIENTED_EDGE('',*,*,#4464,.F.);
#5444 = ORIENTED_EDGE('',*,*,#4522,.F.);
#5445 = PLANE('',#5446);
#5446 = AXIS2_PLACEMENT_3D('',#5447,#5448,#5449);
#5447 = CARTESIAN_POINT('',(-2.3,1.75,-1.85));
#5448 = DIRECTION('',(-1.,-2.522858432348E-32,1.239088197126E-16));
#5449 = DIRECTION('',(1.239088197126E-16,0.,1.));
#5450 = ADVANCED_FACE('',(#5451),#5485,.F.);
#5451 = FACE_BOUND('',#5452,.T.);
#5452 = EDGE_LOOP('',(#5453,#5461,#5467,#5468,#5469,#5470,#5478,#5484));
#5453 = ORIENTED_EDGE('',*,*,#5454,.T.);
#5454 = EDGE_CURVE('',#4280,#5455,#5457,.T.);
#5455 = VERTEX_POINT('',#5456);
#5456 = CARTESIAN_POINT('',(2.3,5.75,1.65));
#5457 = LINE('',#5458,#5459);
#5458 = CARTESIAN_POINT('',(2.3,1.75,1.65));
#5459 = VECTOR('',#5460,1.);
#5460 = DIRECTION('',(-0.,1.,2.036060417813E-16));
#5461 = ORIENTED_EDGE('',*,*,#5462,.T.);
#5462 = EDGE_CURVE('',#5455,#4859,#5463,.T.);
#5463 = LINE('',#5464,#5465);
#5464 = CARTESIAN_POINT('',(2.3,5.75,-1.85));
#5465 = VECTOR('',#5466,1.);
#5466 = DIRECTION('',(-1.239088197126E-16,3.165553788279E-16,-1.));
#5467 = ORIENTED_EDGE('',*,*,#4858,.F.);
#5468 = ORIENTED_EDGE('',*,*,#4842,.F.);
#5469 = ORIENTED_EDGE('',*,*,#4795,.F.);
#5470 = ORIENTED_EDGE('',*,*,#5471,.T.);
#5471 = EDGE_CURVE('',#4788,#5472,#5474,.T.);
#5472 = VERTEX_POINT('',#5473);
#5473 = CARTESIAN_POINT('',(2.3,5.75,-1.85));
#5474 = LINE('',#5475,#5476);
#5475 = CARTESIAN_POINT('',(2.3,5.75,-1.85));
#5476 = VECTOR('',#5477,1.);
#5477 = DIRECTION('',(-1.239088197126E-16,2.036060417813E-16,-1.));
#5478 = ORIENTED_EDGE('',*,*,#5479,.F.);
#5479 = EDGE_CURVE('',#4288,#5472,#5480,.T.);
#5480 = LINE('',#5481,#5482);
#5481 = CARTESIAN_POINT('',(2.3,1.75,-1.85));
#5482 = VECTOR('',#5483,1.);
#5483 = DIRECTION('',(-0.,1.,2.036060417813E-16));
#5484 = ORIENTED_EDGE('',*,*,#4287,.F.);
#5485 = PLANE('',#5486);
#5486 = AXIS2_PLACEMENT_3D('',#5487,#5488,#5489);
#5487 = CARTESIAN_POINT('',(2.3,1.75,-1.85));
#5488 = DIRECTION('',(1.,2.522858432348E-32,-1.239088197126E-16));
#5489 = DIRECTION('',(-1.239088197126E-16,0.,-1.));
#5490 = ADVANCED_FACE('',(#5491),#5502,.F.);
#5491 = FACE_BOUND('',#5492,.T.);
#5492 = EDGE_LOOP('',(#5493,#5494,#5500,#5501));
#5493 = ORIENTED_EDGE('',*,*,#5479,.T.);
#5494 = ORIENTED_EDGE('',*,*,#5495,.T.);
#5495 = EDGE_CURVE('',#5472,#5431,#5496,.T.);
#5496 = LINE('',#5497,#5498);
#5497 = CARTESIAN_POINT('',(-2.3,5.75,-1.85));
#5498 = VECTOR('',#5499,1.);
#5499 = DIRECTION('',(-1.,-2.879349297789E-32,1.41417674672E-16));
#5500 = ORIENTED_EDGE('',*,*,#5430,.F.);
#5501 = ORIENTED_EDGE('',*,*,#4295,.F.);
#5502 = PLANE('',#5503);
#5503 = AXIS2_PLACEMENT_3D('',#5504,#5505,#5506);
#5504 = CARTESIAN_POINT('',(-2.3,1.75,-1.85));
#5505 = DIRECTION('',(-1.41417674672E-16,2.036060417813E-16,-1.));
#5506 = DIRECTION('',(0.,1.,2.036060417813E-16));
#5507 = ADVANCED_FACE('',(#5508,#5542),#5560,.F.);
#5508 = FACE_BOUND('',#5509,.T.);
#5509 = EDGE_LOOP('',(#5510,#5520,#5528,#5536));
#5510 = ORIENTED_EDGE('',*,*,#5511,.F.);
#5511 = EDGE_CURVE('',#5512,#5514,#5516,.T.);
#5512 = VERTEX_POINT('',#5513);
#5513 = CARTESIAN_POINT('',(2.2,2.25,1.65));
#5514 = VERTEX_POINT('',#5515);
#5515 = CARTESIAN_POINT('',(1.25,2.25,1.65));
#5516 = LINE('',#5517,#5518);
#5517 = CARTESIAN_POINT('',(2.2,2.25,1.65));
#5518 = VECTOR('',#5519,1.);
#5519 = DIRECTION('',(-1.,0.,1.41417674672E-16));
#5520 = ORIENTED_EDGE('',*,*,#5521,.F.);
#5521 = EDGE_CURVE('',#5522,#5512,#5524,.T.);
#5522 = VERTEX_POINT('',#5523);
#5523 = CARTESIAN_POINT('',(2.2,4.25,1.65));
#5524 = LINE('',#5525,#5526);
#5525 = CARTESIAN_POINT('',(2.2,4.25,1.65));
#5526 = VECTOR('',#5527,1.);
#5527 = DIRECTION('',(-4.336808689942E-16,-1.,-2.036060417813E-16));
#5528 = ORIENTED_EDGE('',*,*,#5529,.F.);
#5529 = EDGE_CURVE('',#5530,#5522,#5532,.T.);
#5530 = VERTEX_POINT('',#5531);
#5531 = CARTESIAN_POINT('',(1.25,4.25,1.65));
#5532 = LINE('',#5533,#5534);
#5533 = CARTESIAN_POINT('',(2.2,4.25,1.65));
#5534 = VECTOR('',#5535,1.);
#5535 = DIRECTION('',(1.,0.,-1.41417674672E-16));
#5536 = ORIENTED_EDGE('',*,*,#5537,.F.);
#5537 = EDGE_CURVE('',#5514,#5530,#5538,.T.);
#5538 = LINE('',#5539,#5540);
#5539 = CARTESIAN_POINT('',(1.25,4.25,1.65));
#5540 = VECTOR('',#5541,1.);
#5541 = DIRECTION('',(1.084202172486E-16,1.,2.036060417813E-16));
#5542 = FACE_BOUND('',#5543,.T.);
#5543 = EDGE_LOOP('',(#5544,#5552,#5558,#5559));
#5544 = ORIENTED_EDGE('',*,*,#5545,.F.);
#5545 = EDGE_CURVE('',#5546,#4272,#5548,.T.);
#5546 = VERTEX_POINT('',#5547);
#5547 = CARTESIAN_POINT('',(0.225,5.75,1.65));
#5548 = LINE('',#5549,#5550);
#5549 = CARTESIAN_POINT('',(0.225,1.75,1.65));
#5550 = VECTOR('',#5551,1.);
#5551 = DIRECTION('',(0.,-1.,-2.036060417813E-16));
#5552 = ORIENTED_EDGE('',*,*,#5553,.T.);
#5553 = EDGE_CURVE('',#5546,#5455,#5554,.T.);
#5554 = LINE('',#5555,#5556);
#5555 = CARTESIAN_POINT('',(-2.3,5.75,1.65));
#5556 = VECTOR('',#5557,1.);
#5557 = DIRECTION('',(1.,4.476652557876E-32,-1.41417674672E-16));
#5558 = ORIENTED_EDGE('',*,*,#5454,.F.);
#5559 = ORIENTED_EDGE('',*,*,#4279,.F.);
#5560 = PLANE('',#5561);
#5561 = AXIS2_PLACEMENT_3D('',#5562,#5563,#5564);
#5562 = CARTESIAN_POINT('',(-2.3,1.75,1.65));
#5563 = DIRECTION('',(1.41417674672E-16,-2.036060417813E-16,1.));
#5564 = DIRECTION('',(0.,-1.,-2.036060417813E-16));
#5565 = ADVANCED_FACE('',(#5566),#5578,.F.);
#5566 = FACE_BOUND('',#5567,.T.);
#5567 = EDGE_LOOP('',(#5568,#5569,#5575,#5576,#5577));
#5568 = ORIENTED_EDGE('',*,*,#4449,.T.);
#5569 = ORIENTED_EDGE('',*,*,#5570,.T.);
#5570 = EDGE_CURVE('',#4442,#4344,#5571,.T.);
#5571 = LINE('',#5572,#5573);
#5572 = CARTESIAN_POINT('',(-0.225,5.75,1.65));
#5573 = VECTOR('',#5574,1.);
#5574 = DIRECTION('',(-0.,0.707106781187,0.707106781187));
#5575 = ORIENTED_EDGE('',*,*,#4343,.T.);
#5576 = ORIENTED_EDGE('',*,*,#5026,.T.);
#5577 = ORIENTED_EDGE('',*,*,#4255,.F.);
#5578 = PLANE('',#5579);
#5579 = AXIS2_PLACEMENT_3D('',#5580,#5581,#5582);
#5580 = CARTESIAN_POINT('',(-0.225,1.75,-2.623757129272));
#5581 = DIRECTION('',(-1.,0.,0.));
#5582 = DIRECTION('',(0.,0.,1.));
#5583 = ADVANCED_FACE('',(#5584),#5596,.F.);
#5584 = FACE_BOUND('',#5585,.T.);
#5585 = EDGE_LOOP('',(#5586,#5587,#5593,#5594,#5595));
#5586 = ORIENTED_EDGE('',*,*,#4914,.F.);
#5587 = ORIENTED_EDGE('',*,*,#5588,.T.);
#5588 = EDGE_CURVE('',#4907,#5546,#5589,.T.);
#5589 = LINE('',#5590,#5591);
#5590 = CARTESIAN_POINT('',(0.225,5.75,1.65));
#5591 = VECTOR('',#5592,1.);
#5592 = DIRECTION('',(-0.,-0.707106781187,-0.707106781187));
#5593 = ORIENTED_EDGE('',*,*,#5545,.T.);
#5594 = ORIENTED_EDGE('',*,*,#4271,.T.);
#5595 = ORIENTED_EDGE('',*,*,#5019,.T.);
#5596 = PLANE('',#5597);
#5597 = AXIS2_PLACEMENT_3D('',#5598,#5599,#5600);
#5598 = CARTESIAN_POINT('',(0.225,1.75,-2.623757129272));
#5599 = DIRECTION('',(1.,-0.,0.));
#5600 = DIRECTION('',(0.,0.,-1.));
#5601 = ADVANCED_FACE('',(#5602),#5618,.F.);
#5602 = FACE_BOUND('',#5603,.T.);
#5603 = EDGE_LOOP('',(#5604,#5605,#5611,#5612));
#5604 = ORIENTED_EDGE('',*,*,#4409,.T.);
#5605 = ORIENTED_EDGE('',*,*,#5606,.T.);
#5606 = EDGE_CURVE('',#4400,#4987,#5607,.T.);
#5607 = LINE('',#5608,#5609);
#5608 = CARTESIAN_POINT('',(-2.2,4.25,-2.623757129272));
#5609 = VECTOR('',#5610,1.);
#5610 = DIRECTION('',(-0.,-0.,1.));
#5611 = ORIENTED_EDGE('',*,*,#4986,.T.);
#5612 = ORIENTED_EDGE('',*,*,#5613,.F.);
#5613 = EDGE_CURVE('',#4410,#4977,#5614,.T.);
#5614 = LINE('',#5615,#5616);
#5615 = CARTESIAN_POINT('',(-2.2,2.25,-2.623757129272));
#5616 = VECTOR('',#5617,1.);
#5617 = DIRECTION('',(-0.,-0.,1.));
#5618 = PLANE('',#5619);
#5619 = AXIS2_PLACEMENT_3D('',#5620,#5621,#5622);
#5620 = CARTESIAN_POINT('',(-2.2,4.25,-2.623757129272));
#5621 = DIRECTION('',(-1.,-4.336808689942E-16,0.));
#5622 = DIRECTION('',(4.336808689942E-16,-1.,0.));
#5623 = ADVANCED_FACE('',(#5624),#5635,.F.);
#5624 = FACE_BOUND('',#5625,.T.);
#5625 = EDGE_LOOP('',(#5626,#5627,#5633,#5634));
#5626 = ORIENTED_EDGE('',*,*,#4399,.T.);
#5627 = ORIENTED_EDGE('',*,*,#5628,.T.);
#5628 = EDGE_CURVE('',#4402,#4995,#5629,.T.);
#5629 = LINE('',#5630,#5631);
#5630 = CARTESIAN_POINT('',(-1.25,4.25,-2.623757129272));
#5631 = VECTOR('',#5632,1.);
#5632 = DIRECTION('',(-0.,-0.,1.));
#5633 = ORIENTED_EDGE('',*,*,#4994,.T.);
#5634 = ORIENTED_EDGE('',*,*,#5606,.F.);
#5635 = PLANE('',#5636);
#5636 = AXIS2_PLACEMENT_3D('',#5637,#5638,#5639);
#5637 = CARTESIAN_POINT('',(-2.2,4.25,-2.623757129272));
#5638 = DIRECTION('',(-0.,1.,0.));
#5639 = DIRECTION('',(0.,0.,1.));
#5640 = ADVANCED_FACE('',(#5641),#5652,.F.);
#5641 = FACE_BOUND('',#5642,.T.);
#5642 = EDGE_LOOP('',(#5643,#5644,#5650,#5651));
#5643 = ORIENTED_EDGE('',*,*,#4425,.T.);
#5644 = ORIENTED_EDGE('',*,*,#5645,.T.);
#5645 = EDGE_CURVE('',#4418,#4979,#5646,.T.);
#5646 = LINE('',#5647,#5648);
#5647 = CARTESIAN_POINT('',(-1.25,2.25,-2.623757129272));
#5648 = VECTOR('',#5649,1.);
#5649 = DIRECTION('',(-0.,-0.,1.));
#5650 = ORIENTED_EDGE('',*,*,#5002,.T.);
#5651 = ORIENTED_EDGE('',*,*,#5628,.F.);
#5652 = PLANE('',#5653);
#5653 = AXIS2_PLACEMENT_3D('',#5654,#5655,#5656);
#5654 = CARTESIAN_POINT('',(-1.25,4.25,-2.623757129272));
#5655 = DIRECTION('',(1.,1.084202172486E-16,0.));
#5656 = DIRECTION('',(-1.084202172486E-16,1.,0.));
#5657 = ADVANCED_FACE('',(#5658),#5664,.F.);
#5658 = FACE_BOUND('',#5659,.T.);
#5659 = EDGE_LOOP('',(#5660,#5661,#5662,#5663));
#5660 = ORIENTED_EDGE('',*,*,#4417,.T.);
#5661 = ORIENTED_EDGE('',*,*,#5613,.T.);
#5662 = ORIENTED_EDGE('',*,*,#4976,.T.);
#5663 = ORIENTED_EDGE('',*,*,#5645,.F.);
#5664 = PLANE('',#5665);
#5665 = AXIS2_PLACEMENT_3D('',#5666,#5667,#5668);
#5666 = CARTESIAN_POINT('',(-2.2,2.25,-2.623757129272));
#5667 = DIRECTION('',(0.,-1.,0.));
#5668 = DIRECTION('',(0.,-0.,-1.));
#5669 = ADVANCED_FACE('',(#5670),#5686,.F.);
#5670 = FACE_BOUND('',#5671,.T.);
#5671 = EDGE_LOOP('',(#5672,#5673,#5679,#5680));
#5672 = ORIENTED_EDGE('',*,*,#5521,.T.);
#5673 = ORIENTED_EDGE('',*,*,#5674,.T.);
#5674 = EDGE_CURVE('',#5512,#5073,#5675,.T.);
#5675 = LINE('',#5676,#5677);
#5676 = CARTESIAN_POINT('',(2.2,2.25,-2.623757129272));
#5677 = VECTOR('',#5678,1.);
#5678 = DIRECTION('',(-0.,-0.,1.));
#5679 = ORIENTED_EDGE('',*,*,#5072,.T.);
#5680 = ORIENTED_EDGE('',*,*,#5681,.F.);
#5681 = EDGE_CURVE('',#5522,#5065,#5682,.T.);
#5682 = LINE('',#5683,#5684);
#5683 = CARTESIAN_POINT('',(2.2,4.25,-2.623757129272));
#5684 = VECTOR('',#5685,1.);
#5685 = DIRECTION('',(-0.,-0.,1.));
#5686 = PLANE('',#5687);
#5687 = AXIS2_PLACEMENT_3D('',#5688,#5689,#5690);
#5688 = CARTESIAN_POINT('',(2.2,4.25,-2.623757129272));
#5689 = DIRECTION('',(1.,-4.336808689942E-16,0.));
#5690 = DIRECTION('',(4.336808689942E-16,1.,0.));
#5691 = ADVANCED_FACE('',(#5692),#5703,.F.);
#5692 = FACE_BOUND('',#5693,.T.);
#5693 = EDGE_LOOP('',(#5694,#5695,#5701,#5702));
#5694 = ORIENTED_EDGE('',*,*,#5511,.T.);
#5695 = ORIENTED_EDGE('',*,*,#5696,.T.);
#5696 = EDGE_CURVE('',#5514,#5011,#5697,.T.);
#5697 = LINE('',#5698,#5699);
#5698 = CARTESIAN_POINT('',(1.25,2.25,-2.623757129272));
#5699 = VECTOR('',#5700,1.);
#5700 = DIRECTION('',(-0.,-0.,1.));
#5701 = ORIENTED_EDGE('',*,*,#5080,.T.);
#5702 = ORIENTED_EDGE('',*,*,#5674,.F.);
#5703 = PLANE('',#5704);
#5704 = AXIS2_PLACEMENT_3D('',#5705,#5706,#5707);
#5705 = CARTESIAN_POINT('',(2.2,2.25,-2.623757129272));
#5706 = DIRECTION('',(0.,-1.,-0.));
#5707 = DIRECTION('',(0.,0.,-1.));
#5708 = ADVANCED_FACE('',(#5709),#5729,.F.);
#5709 = FACE_BOUND('',#5710,.T.);
#5710 = EDGE_LOOP('',(#5711,#5712,#5720,#5726,#5727,#5728));
#5711 = ORIENTED_EDGE('',*,*,#5537,.T.);
#5712 = ORIENTED_EDGE('',*,*,#5713,.T.);
#5713 = EDGE_CURVE('',#5530,#5714,#5716,.T.);
#5714 = VERTEX_POINT('',#5715);
#5715 = CARTESIAN_POINT('',(1.25,4.25,2.15));
#5716 = LINE('',#5717,#5718);
#5717 = CARTESIAN_POINT('',(1.25,4.25,-2.623757129272));
#5718 = VECTOR('',#5719,1.);
#5719 = DIRECTION('',(-0.,-0.,1.));
#5720 = ORIENTED_EDGE('',*,*,#5721,.F.);
#5721 = EDGE_CURVE('',#4931,#5714,#5722,.T.);
#5722 = LINE('',#5723,#5724);
#5723 = CARTESIAN_POINT('',(1.25,4.25,2.15));
#5724 = VECTOR('',#5725,1.);
#5725 = DIRECTION('',(-0.,-1.,-0.));
#5726 = ORIENTED_EDGE('',*,*,#4930,.T.);
#5727 = ORIENTED_EDGE('',*,*,#5010,.T.);
#5728 = ORIENTED_EDGE('',*,*,#5696,.F.);
#5729 = PLANE('',#5730);
#5730 = AXIS2_PLACEMENT_3D('',#5731,#5732,#5733);
#5731 = CARTESIAN_POINT('',(1.25,4.25,-2.623757129272));
#5732 = DIRECTION('',(-1.,1.084202172486E-16,0.));
#5733 = DIRECTION('',(-1.084202172486E-16,-1.,0.));
#5734 = ADVANCED_FACE('',(#5735),#5755,.F.);
#5735 = FACE_BOUND('',#5736,.T.);
#5736 = EDGE_LOOP('',(#5737,#5738,#5746,#5752,#5753,#5754));
#5737 = ORIENTED_EDGE('',*,*,#5064,.T.);
#5738 = ORIENTED_EDGE('',*,*,#5739,.F.);
#5739 = EDGE_CURVE('',#5740,#5057,#5742,.T.);
#5740 = VERTEX_POINT('',#5741);
#5741 = CARTESIAN_POINT('',(1.725,4.25,2.15));
#5742 = LINE('',#5743,#5744);
#5743 = CARTESIAN_POINT('',(1.725,4.25,2.15));
#5744 = VECTOR('',#5745,1.);
#5745 = DIRECTION('',(-0.,-0.,1.));
#5746 = ORIENTED_EDGE('',*,*,#5747,.F.);
#5747 = EDGE_CURVE('',#5714,#5740,#5748,.T.);
#5748 = LINE('',#5749,#5750);
#5749 = CARTESIAN_POINT('',(1.25,4.25,2.15));
#5750 = VECTOR('',#5751,1.);
#5751 = DIRECTION('',(1.,0.,0.));
#5752 = ORIENTED_EDGE('',*,*,#5713,.F.);
#5753 = ORIENTED_EDGE('',*,*,#5529,.T.);
#5754 = ORIENTED_EDGE('',*,*,#5681,.T.);
#5755 = PLANE('',#5756);
#5756 = AXIS2_PLACEMENT_3D('',#5757,#5758,#5759);
#5757 = CARTESIAN_POINT('',(2.2,4.25,-2.623757129272));
#5758 = DIRECTION('',(0.,1.,0.));
#5759 = DIRECTION('',(0.,-0.,1.));
#5760 = ADVANCED_FACE('',(#5761),#5772,.F.);
#5761 = FACE_BOUND('',#5762,.T.);
#5762 = EDGE_LOOP('',(#5763,#5764,#5765,#5771));
#5763 = ORIENTED_EDGE('',*,*,#5056,.T.);
#5764 = ORIENTED_EDGE('',*,*,#4946,.F.);
#5765 = ORIENTED_EDGE('',*,*,#5766,.F.);
#5766 = EDGE_CURVE('',#5740,#4939,#5767,.T.);
#5767 = LINE('',#5768,#5769);
#5768 = CARTESIAN_POINT('',(1.725,4.25,2.15));
#5769 = VECTOR('',#5770,1.);
#5770 = DIRECTION('',(0.,1.,0.));
#5771 = ORIENTED_EDGE('',*,*,#5739,.T.);
#5772 = PLANE('',#5773);
#5773 = AXIS2_PLACEMENT_3D('',#5774,#5775,#5776);
#5774 = CARTESIAN_POINT('',(1.725,4.25,2.15));
#5775 = DIRECTION('',(1.,-0.,0.));
#5776 = DIRECTION('',(0.,0.,-1.));
#5777 = ADVANCED_FACE('',(#5778),#5784,.F.);
#5778 = FACE_BOUND('',#5779,.T.);
#5779 = EDGE_LOOP('',(#5780,#5781,#5782,#5783));
#5780 = ORIENTED_EDGE('',*,*,#5721,.T.);
#5781 = ORIENTED_EDGE('',*,*,#5747,.T.);
#5782 = ORIENTED_EDGE('',*,*,#5766,.T.);
#5783 = ORIENTED_EDGE('',*,*,#4938,.T.);
#5784 = PLANE('',#5785);
#5785 = AXIS2_PLACEMENT_3D('',#5786,#5787,#5788);
#5786 = CARTESIAN_POINT('',(0.,3.,2.15));
#5787 = DIRECTION('',(0.,0.,-1.));
#5788 = DIRECTION('',(-1.,0.,-0.));
#5789 = ADVANCED_FACE('',(#5790),#5801,.F.);
#5790 = FACE_BOUND('',#5791,.T.);
#5791 = EDGE_LOOP('',(#5792,#5793,#5794,#5800));
#5792 = ORIENTED_EDGE('',*,*,#5588,.F.);
#5793 = ORIENTED_EDGE('',*,*,#4906,.F.);
#5794 = ORIENTED_EDGE('',*,*,#5795,.F.);
#5795 = EDGE_CURVE('',#5455,#4899,#5796,.T.);
#5796 = LINE('',#5797,#5798);
#5797 = CARTESIAN_POINT('',(1.133333333333,4.583333333333,0.483333333333
    ));
#5798 = VECTOR('',#5799,1.);
#5799 = DIRECTION('',(0.57735026919,0.57735026919,0.57735026919));
#5800 = ORIENTED_EDGE('',*,*,#5553,.F.);
#5801 = PLANE('',#5802);
#5802 = AXIS2_PLACEMENT_3D('',#5803,#5804,#5805);
#5803 = CARTESIAN_POINT('',(-2.3,5.75,1.65));
#5804 = DIRECTION('',(9.999739674022E-17,-0.707106781187,0.707106781187)
  );
#5805 = DIRECTION('',(1.,4.930380657631E-32,-1.41417674672E-16));
#5806 = ADVANCED_FACE('',(#5807),#5813,.F.);
#5807 = FACE_BOUND('',#5808,.T.);
#5808 = EDGE_LOOP('',(#5809,#5810,#5811,#5812));
#5809 = ORIENTED_EDGE('',*,*,#5795,.T.);
#5810 = ORIENTED_EDGE('',*,*,#4898,.F.);
#5811 = ORIENTED_EDGE('',*,*,#4866,.F.);
#5812 = ORIENTED_EDGE('',*,*,#5462,.F.);
#5813 = PLANE('',#5814);
#5814 = AXIS2_PLACEMENT_3D('',#5815,#5816,#5817);
#5815 = CARTESIAN_POINT('',(2.3,5.75,-1.85));
#5816 = DIRECTION('',(0.707106781187,-0.707106781187,-3.114552216579E-16
    ));
#5817 = DIRECTION('',(-1.239088197126E-16,3.165553788279E-16,-1.));
#5818 = ADVANCED_FACE('',(#5819),#5830,.F.);
#5819 = FACE_BOUND('',#5820,.T.);
#5820 = EDGE_LOOP('',(#5821,#5822,#5823,#5829));
#5821 = ORIENTED_EDGE('',*,*,#4546,.F.);
#5822 = ORIENTED_EDGE('',*,*,#4361,.F.);
#5823 = ORIENTED_EDGE('',*,*,#5824,.F.);
#5824 = EDGE_CURVE('',#4434,#4354,#5825,.T.);
#5825 = LINE('',#5826,#5827);
#5826 = CARTESIAN_POINT('',(-2.3,5.75,1.65));
#5827 = VECTOR('',#5828,1.);
#5828 = DIRECTION('',(-0.57735026919,0.57735026919,0.57735026919));
#5829 = ORIENTED_EDGE('',*,*,#5422,.F.);
#5830 = PLANE('',#5831);
#5831 = AXIS2_PLACEMENT_3D('',#5832,#5833,#5834);
#5832 = CARTESIAN_POINT('',(-2.55,6.,0.88));
#5833 = DIRECTION('',(-0.707106781187,-0.707106781187,
    -1.362216883227E-16));
#5834 = DIRECTION('',(-1.239088197126E-16,3.165553788279E-16,-1.));
#5835 = ADVANCED_FACE('',(#5836),#5842,.F.);
#5836 = FACE_BOUND('',#5837,.T.);
#5837 = EDGE_LOOP('',(#5838,#5839,#5840,#5841));
#5838 = ORIENTED_EDGE('',*,*,#5824,.T.);
#5839 = ORIENTED_EDGE('',*,*,#4353,.F.);
#5840 = ORIENTED_EDGE('',*,*,#5570,.F.);
#5841 = ORIENTED_EDGE('',*,*,#4441,.F.);
#5842 = PLANE('',#5843);
#5843 = AXIS2_PLACEMENT_3D('',#5844,#5845,#5846);
#5844 = CARTESIAN_POINT('',(-2.3,5.75,1.65));
#5845 = DIRECTION('',(9.999739674022E-17,-0.707106781187,0.707106781187)
  );
#5846 = DIRECTION('',(1.,4.930380657631E-32,-1.41417674672E-16));
#5847 = ADVANCED_FACE('',(#5848),#5859,.F.);
#5848 = FACE_BOUND('',#5849,.T.);
#5849 = EDGE_LOOP('',(#5850,#5851,#5852,#5858));
#5850 = ORIENTED_EDGE('',*,*,#4474,.F.);
#5851 = ORIENTED_EDGE('',*,*,#5438,.F.);
#5852 = ORIENTED_EDGE('',*,*,#5853,.F.);
#5853 = EDGE_CURVE('',#4733,#5431,#5854,.T.);
#5854 = LINE('',#5855,#5856);
#5855 = CARTESIAN_POINT('',(-2.3,5.75,-1.85));
#5856 = VECTOR('',#5857,1.);
#5857 = DIRECTION('',(0.57735026919,-0.57735026919,0.57735026919));
#5858 = ORIENTED_EDGE('',*,*,#4772,.F.);
#5859 = PLANE('',#5860);
#5860 = AXIS2_PLACEMENT_3D('',#5861,#5862,#5863);
#5861 = CARTESIAN_POINT('',(-2.3,5.75,-1.85));
#5862 = DIRECTION('',(-0.707106781187,-0.707106781187,-5.63544461665E-17
    ));
#5863 = DIRECTION('',(1.239088197126E-16,-2.036060417813E-16,1.));
#5864 = ADVANCED_FACE('',(#5865),#5876,.F.);
#5865 = FACE_BOUND('',#5866,.T.);
#5866 = EDGE_LOOP('',(#5867,#5868,#5869,#5875));
#5867 = ORIENTED_EDGE('',*,*,#5853,.T.);
#5868 = ORIENTED_EDGE('',*,*,#5495,.F.);
#5869 = ORIENTED_EDGE('',*,*,#5870,.F.);
#5870 = EDGE_CURVE('',#4735,#5472,#5871,.T.);
#5871 = LINE('',#5872,#5873);
#5872 = CARTESIAN_POINT('',(2.3,5.75,-1.85));
#5873 = VECTOR('',#5874,1.);
#5874 = DIRECTION('',(-0.57735026919,-0.57735026919,0.57735026919));
#5875 = ORIENTED_EDGE('',*,*,#4732,.F.);
#5876 = PLANE('',#5877);
#5877 = AXIS2_PLACEMENT_3D('',#5878,#5879,#5880);
#5878 = CARTESIAN_POINT('',(-2.3,5.75,-1.85));
#5879 = DIRECTION('',(-9.999739674022E-17,-0.707106781187,
    -0.707106781187));
#5880 = DIRECTION('',(-1.,-1.232595164408E-32,1.41417674672E-16));
#5881 = ADVANCED_FACE('',(#5882),#5888,.F.);
#5882 = FACE_BOUND('',#5883,.T.);
#5883 = EDGE_LOOP('',(#5884,#5885,#5886,#5887));
#5884 = ORIENTED_EDGE('',*,*,#4787,.F.);
#5885 = ORIENTED_EDGE('',*,*,#4742,.F.);
#5886 = ORIENTED_EDGE('',*,*,#5870,.T.);
#5887 = ORIENTED_EDGE('',*,*,#5471,.F.);
#5888 = PLANE('',#5889);
#5889 = AXIS2_PLACEMENT_3D('',#5890,#5891,#5892);
#5890 = CARTESIAN_POINT('',(2.3,5.75,-1.85));
#5891 = DIRECTION('',(0.707106781187,-0.707106781187,-2.315879795017E-16
    ));
#5892 = DIRECTION('',(-1.239088197126E-16,2.036060417813E-16,-1.));
#5893 = ADVANCED_FACE('',(#5894),#5910,.T.);
#5894 = FACE_BOUND('',#5895,.T.);
#5895 = EDGE_LOOP('',(#5896,#5897,#5903,#5904));
#5896 = ORIENTED_EDGE('',*,*,#4163,.T.);
#5897 = ORIENTED_EDGE('',*,*,#5898,.F.);
#5898 = EDGE_CURVE('',#4314,#4166,#5899,.T.);
#5899 = LINE('',#5900,#5901);
#5900 = CARTESIAN_POINT('',(0.75,6.,0.3));
#5901 = VECTOR('',#5902,1.);
#5902 = DIRECTION('',(0.,-1.,0.));
#5903 = ORIENTED_EDGE('',*,*,#4313,.F.);
#5904 = ORIENTED_EDGE('',*,*,#5905,.T.);
#5905 = EDGE_CURVE('',#4306,#4164,#5906,.T.);
#5906 = LINE('',#5907,#5908);
#5907 = CARTESIAN_POINT('',(0.75,6.,0.8));
#5908 = VECTOR('',#5909,1.);
#5909 = DIRECTION('',(0.,-1.,0.));
#5910 = PLANE('',#5911);
#5911 = AXIS2_PLACEMENT_3D('',#5912,#5913,#5914);
#5912 = CARTESIAN_POINT('',(0.75,6.,0.8));
#5913 = DIRECTION('',(1.,0.,-2.168404344971E-16));
#5914 = DIRECTION('',(-2.168404344971E-16,0.,-1.));
#5915 = ADVANCED_FACE('',(#5916),#5927,.T.);
#5916 = FACE_BOUND('',#5917,.T.);
#5917 = EDGE_LOOP('',(#5918,#5919,#5920,#5921));
#5918 = ORIENTED_EDGE('',*,*,#4173,.T.);
#5919 = ORIENTED_EDGE('',*,*,#5905,.F.);
#5920 = ORIENTED_EDGE('',*,*,#4303,.F.);
#5921 = ORIENTED_EDGE('',*,*,#5922,.T.);
#5922 = EDGE_CURVE('',#4304,#4174,#5923,.T.);
#5923 = LINE('',#5924,#5925);
#5924 = CARTESIAN_POINT('',(1.25,6.,0.8));
#5925 = VECTOR('',#5926,1.);
#5926 = DIRECTION('',(0.,-1.,0.));
#5927 = PLANE('',#5928);
#5928 = AXIS2_PLACEMENT_3D('',#5929,#5930,#5931);
#5929 = CARTESIAN_POINT('',(1.25,6.,0.8));
#5930 = DIRECTION('',(-0.,0.,-1.));
#5931 = DIRECTION('',(-1.,0.,0.));
#5932 = ADVANCED_FACE('',(#5933),#5944,.T.);
#5933 = FACE_BOUND('',#5934,.T.);
#5934 = EDGE_LOOP('',(#5935,#5936,#5937,#5938));
#5935 = ORIENTED_EDGE('',*,*,#4181,.T.);
#5936 = ORIENTED_EDGE('',*,*,#5922,.F.);
#5937 = ORIENTED_EDGE('',*,*,#4329,.F.);
#5938 = ORIENTED_EDGE('',*,*,#5939,.T.);
#5939 = EDGE_CURVE('',#4322,#4182,#5940,.T.);
#5940 = LINE('',#5941,#5942);
#5941 = CARTESIAN_POINT('',(1.25,6.,0.3));
#5942 = VECTOR('',#5943,1.);
#5943 = DIRECTION('',(0.,-1.,0.));
#5944 = PLANE('',#5945);
#5945 = AXIS2_PLACEMENT_3D('',#5946,#5947,#5948);
#5946 = CARTESIAN_POINT('',(1.25,6.,0.8));
#5947 = DIRECTION('',(-1.,0.,-0.));
#5948 = DIRECTION('',(0.,0.,1.));
#5949 = ADVANCED_FACE('',(#5950),#5956,.T.);
#5950 = FACE_BOUND('',#5951,.T.);
#5951 = EDGE_LOOP('',(#5952,#5953,#5954,#5955));
#5952 = ORIENTED_EDGE('',*,*,#4189,.T.);
#5953 = ORIENTED_EDGE('',*,*,#5939,.F.);
#5954 = ORIENTED_EDGE('',*,*,#4321,.F.);
#5955 = ORIENTED_EDGE('',*,*,#5898,.T.);
#5956 = PLANE('',#5957);
#5957 = AXIS2_PLACEMENT_3D('',#5958,#5959,#5960);
#5958 = CARTESIAN_POINT('',(1.25,6.,0.3));
#5959 = DIRECTION('',(-2.168404344971E-16,0.,1.));
#5960 = DIRECTION('',(1.,0.,2.168404344971E-16));
#5961 = ADVANCED_FACE('',(#5962),#5978,.F.);
#5962 = FACE_BOUND('',#5963,.T.);
#5963 = EDGE_LOOP('',(#5964,#5965,#5971,#5972));
#5964 = ORIENTED_EDGE('',*,*,#4203,.T.);
#5965 = ORIENTED_EDGE('',*,*,#5966,.T.);
#5966 = EDGE_CURVE('',#4206,#5369,#5967,.T.);
#5967 = LINE('',#5968,#5969);
#5968 = CARTESIAN_POINT('',(-0.75,6.,0.3));
#5969 = VECTOR('',#5970,1.);
#5970 = DIRECTION('',(0.,-1.,0.));
#5971 = ORIENTED_EDGE('',*,*,#5368,.F.);
#5972 = ORIENTED_EDGE('',*,*,#5973,.F.);
#5973 = EDGE_CURVE('',#4204,#5361,#5974,.T.);
#5974 = LINE('',#5975,#5976);
#5975 = CARTESIAN_POINT('',(-0.75,6.,0.8));
#5976 = VECTOR('',#5977,1.);
#5977 = DIRECTION('',(0.,-1.,0.));
#5978 = PLANE('',#5979);
#5979 = AXIS2_PLACEMENT_3D('',#5980,#5981,#5982);
#5980 = CARTESIAN_POINT('',(-0.75,6.,0.8));
#5981 = DIRECTION('',(1.,0.,2.168404344971E-16));
#5982 = DIRECTION('',(2.168404344971E-16,0.,-1.));
#5983 = ADVANCED_FACE('',(#5984),#5995,.F.);
#5984 = FACE_BOUND('',#5985,.T.);
#5985 = EDGE_LOOP('',(#5986,#5987,#5993,#5994));
#5986 = ORIENTED_EDGE('',*,*,#4229,.T.);
#5987 = ORIENTED_EDGE('',*,*,#5988,.T.);
#5988 = EDGE_CURVE('',#4222,#5377,#5989,.T.);
#5989 = LINE('',#5990,#5991);
#5990 = CARTESIAN_POINT('',(-1.25,6.,0.3));
#5991 = VECTOR('',#5992,1.);
#5992 = DIRECTION('',(0.,-1.,0.));
#5993 = ORIENTED_EDGE('',*,*,#5376,.F.);
#5994 = ORIENTED_EDGE('',*,*,#5966,.F.);
#5995 = PLANE('',#5996);
#5996 = AXIS2_PLACEMENT_3D('',#5997,#5998,#5999);
#5997 = CARTESIAN_POINT('',(-1.25,6.,0.3));
#5998 = DIRECTION('',(-2.168404344971E-16,0.,-1.));
#5999 = DIRECTION('',(-1.,0.,2.168404344971E-16));
#6000 = ADVANCED_FACE('',(#6001),#6012,.F.);
#6001 = FACE_BOUND('',#6002,.T.);
#6002 = EDGE_LOOP('',(#6003,#6004,#6010,#6011));
#6003 = ORIENTED_EDGE('',*,*,#4221,.T.);
#6004 = ORIENTED_EDGE('',*,*,#6005,.T.);
#6005 = EDGE_CURVE('',#4214,#5359,#6006,.T.);
#6006 = LINE('',#6007,#6008);
#6007 = CARTESIAN_POINT('',(-1.25,6.,0.8));
#6008 = VECTOR('',#6009,1.);
#6009 = DIRECTION('',(0.,-1.,0.));
#6010 = ORIENTED_EDGE('',*,*,#5384,.F.);
#6011 = ORIENTED_EDGE('',*,*,#5988,.F.);
#6012 = PLANE('',#6013);
#6013 = AXIS2_PLACEMENT_3D('',#6014,#6015,#6016);
#6014 = CARTESIAN_POINT('',(-1.25,6.,0.8));
#6015 = DIRECTION('',(-1.,0.,-0.));
#6016 = DIRECTION('',(0.,0.,1.));
#6017 = ADVANCED_FACE('',(#6018),#6024,.F.);
#6018 = FACE_BOUND('',#6019,.T.);
#6019 = EDGE_LOOP('',(#6020,#6021,#6022,#6023));
#6020 = ORIENTED_EDGE('',*,*,#4213,.T.);
#6021 = ORIENTED_EDGE('',*,*,#5973,.T.);
#6022 = ORIENTED_EDGE('',*,*,#5358,.F.);
#6023 = ORIENTED_EDGE('',*,*,#6005,.F.);
#6024 = PLANE('',#6025);
#6025 = AXIS2_PLACEMENT_3D('',#6026,#6027,#6028);
#6026 = CARTESIAN_POINT('',(-1.25,6.,0.8));
#6027 = DIRECTION('',(0.,0.,1.));
#6028 = DIRECTION('',(1.,0.,-0.));
#6029 = MANIFOLD_SOLID_BREP('',#6030);
#6030 = CLOSED_SHELL('',(#6031,#6071,#6111,#6151,#6191,#6229,#6260,#6359
    ,#6381,#6398,#6415,#6427,#6449,#6466,#6483,#6495,#6526,#6557,#6579,
    #6591,#6603,#6643,#6676,#6701,#6726,#6751,#6776,#6801,#6826,#6843,
    #6867,#6885,#6903,#6921,#6939,#6957,#6975));
#6031 = ADVANCED_FACE('',(#6032),#6066,.F.);
#6032 = FACE_BOUND('',#6033,.T.);
#6033 = EDGE_LOOP('',(#6034,#6044,#6052,#6060));
#6034 = ORIENTED_EDGE('',*,*,#6035,.T.);
#6035 = EDGE_CURVE('',#6036,#6038,#6040,.T.);
#6036 = VERTEX_POINT('',#6037);
#6037 = CARTESIAN_POINT('',(-1.25,-0.3,0.3));
#6038 = VERTEX_POINT('',#6039);
#6039 = CARTESIAN_POINT('',(-1.25,-0.3,0.8));
#6040 = LINE('',#6041,#6042);
#6041 = CARTESIAN_POINT('',(-1.25,-0.3,-1.005995788661));
#6042 = VECTOR('',#6043,1.);
#6043 = DIRECTION('',(0.,0.,1.));
#6044 = ORIENTED_EDGE('',*,*,#6045,.F.);
#6045 = EDGE_CURVE('',#6046,#6038,#6048,.T.);
#6046 = VERTEX_POINT('',#6047);
#6047 = CARTESIAN_POINT('',(-1.25,4.7,0.8));
#6048 = LINE('',#6049,#6050);
#6049 = CARTESIAN_POINT('',(-1.25,5.,0.8));
#6050 = VECTOR('',#6051,1.);
#6051 = DIRECTION('',(-0.,-1.,-1.290716872007E-16));
#6052 = ORIENTED_EDGE('',*,*,#6053,.F.);
#6053 = EDGE_CURVE('',#6054,#6046,#6056,.T.);
#6054 = VERTEX_POINT('',#6055);
#6055 = CARTESIAN_POINT('',(-1.25,4.7,0.3));
#6056 = LINE('',#6057,#6058);
#6057 = CARTESIAN_POINT('',(-1.25,4.7,0.8));
#6058 = VECTOR('',#6059,1.);
#6059 = DIRECTION('',(0.,0.,1.));
#6060 = ORIENTED_EDGE('',*,*,#6061,.T.);
#6061 = EDGE_CURVE('',#6054,#6036,#6062,.T.);
#6062 = LINE('',#6063,#6064);
#6063 = CARTESIAN_POINT('',(-1.25,5.,0.3));
#6064 = VECTOR('',#6065,1.);
#6065 = DIRECTION('',(-0.,-1.,-1.290716872007E-16));
#6066 = PLANE('',#6067);
#6067 = AXIS2_PLACEMENT_3D('',#6068,#6069,#6070);
#6068 = CARTESIAN_POINT('',(-1.25,5.,0.8));
#6069 = DIRECTION('',(1.,0.,-0.));
#6070 = DIRECTION('',(0.,0.,1.));
#6071 = ADVANCED_FACE('',(#6072),#6106,.T.);
#6072 = FACE_BOUND('',#6073,.T.);
#6073 = EDGE_LOOP('',(#6074,#6084,#6092,#6100));
#6074 = ORIENTED_EDGE('',*,*,#6075,.F.);
#6075 = EDGE_CURVE('',#6076,#6078,#6080,.T.);
#6076 = VERTEX_POINT('',#6077);
#6077 = CARTESIAN_POINT('',(-1.14080892972,5.,0.69080892972));
#6078 = VERTEX_POINT('',#6079);
#6079 = CARTESIAN_POINT('',(-1.14080892972,5.,0.40919107028));
#6080 = LINE('',#6081,#6082);
#6081 = CARTESIAN_POINT('',(-1.14080892972,5.,0.3));
#6082 = VECTOR('',#6083,1.);
#6083 = DIRECTION('',(0.,0.,-1.));
#6084 = ORIENTED_EDGE('',*,*,#6085,.F.);
#6085 = EDGE_CURVE('',#6086,#6076,#6088,.T.);
#6086 = VERTEX_POINT('',#6087);
#6087 = CARTESIAN_POINT('',(-0.85919107028,5.,0.69080892972));
#6088 = LINE('',#6089,#6090);
#6089 = CARTESIAN_POINT('',(-1.25,5.,0.69080892972));
#6090 = VECTOR('',#6091,1.);
#6091 = DIRECTION('',(-1.,0.,0.));
#6092 = ORIENTED_EDGE('',*,*,#6093,.F.);
#6093 = EDGE_CURVE('',#6094,#6086,#6096,.T.);
#6094 = VERTEX_POINT('',#6095);
#6095 = CARTESIAN_POINT('',(-0.85919107028,5.,0.40919107028));
#6096 = LINE('',#6097,#6098);
#6097 = CARTESIAN_POINT('',(-0.85919107028,5.,0.8));
#6098 = VECTOR('',#6099,1.);
#6099 = DIRECTION('',(-2.168404344971E-16,0.,1.));
#6100 = ORIENTED_EDGE('',*,*,#6101,.F.);
#6101 = EDGE_CURVE('',#6078,#6094,#6102,.T.);
#6102 = LINE('',#6103,#6104);
#6103 = CARTESIAN_POINT('',(-0.75,5.,0.40919107028));
#6104 = VECTOR('',#6105,1.);
#6105 = DIRECTION('',(1.,0.,-2.168404344971E-16));
#6106 = PLANE('',#6107);
#6107 = AXIS2_PLACEMENT_3D('',#6108,#6109,#6110);
#6108 = CARTESIAN_POINT('',(0.,5.,1.662443331144E-15));
#6109 = DIRECTION('',(0.,1.,0.));
#6110 = DIRECTION('',(0.,-0.,1.));
#6111 = ADVANCED_FACE('',(#6112),#6146,.F.);
#6112 = FACE_BOUND('',#6113,.T.);
#6113 = EDGE_LOOP('',(#6114,#6124,#6132,#6140));
#6114 = ORIENTED_EDGE('',*,*,#6115,.F.);
#6115 = EDGE_CURVE('',#6116,#6118,#6120,.T.);
#6116 = VERTEX_POINT('',#6117);
#6117 = CARTESIAN_POINT('',(-1.14080892972,-3.4,0.40919107028));
#6118 = VERTEX_POINT('',#6119);
#6119 = CARTESIAN_POINT('',(-1.14080892972,-3.4,0.69080892972));
#6120 = LINE('',#6121,#6122);
#6121 = CARTESIAN_POINT('',(-1.14080892972,-3.4,5.782411586589E-16));
#6122 = VECTOR('',#6123,1.);
#6123 = DIRECTION('',(0.,0.,1.));
#6124 = ORIENTED_EDGE('',*,*,#6125,.F.);
#6125 = EDGE_CURVE('',#6126,#6116,#6128,.T.);
#6126 = VERTEX_POINT('',#6127);
#6127 = CARTESIAN_POINT('',(-0.85919107028,-3.4,0.40919107028));
#6128 = LINE('',#6129,#6130);
#6129 = CARTESIAN_POINT('',(8.872916947182E-17,-3.4,0.40919107028));
#6130 = VECTOR('',#6131,1.);
#6131 = DIRECTION('',(-1.,0.,2.168404344971E-16));
#6132 = ORIENTED_EDGE('',*,*,#6133,.F.);
#6133 = EDGE_CURVE('',#6134,#6126,#6136,.T.);
#6134 = VERTEX_POINT('',#6135);
#6135 = CARTESIAN_POINT('',(-0.85919107028,-3.4,0.69080892972));
#6136 = LINE('',#6137,#6138);
#6137 = CARTESIAN_POINT('',(-0.85919107028,-3.4,3.919337936634E-16));
#6138 = VECTOR('',#6139,1.);
#6139 = DIRECTION('',(2.168404344971E-16,0.,-1.));
#6140 = ORIENTED_EDGE('',*,*,#6141,.F.);
#6141 = EDGE_CURVE('',#6118,#6134,#6142,.T.);
#6142 = LINE('',#6143,#6144);
#6143 = CARTESIAN_POINT('',(0.,-3.4,0.69080892972));
#6144 = VECTOR('',#6145,1.);
#6145 = DIRECTION('',(1.,0.,0.));
#6146 = PLANE('',#6147);
#6147 = AXIS2_PLACEMENT_3D('',#6148,#6149,#6150);
#6148 = CARTESIAN_POINT('',(0.,-3.4,5.782411586589E-16));
#6149 = DIRECTION('',(0.,1.,0.));
#6150 = DIRECTION('',(0.,-0.,1.));
#6151 = ADVANCED_FACE('',(#6152),#6186,.F.);
#6152 = FACE_BOUND('',#6153,.T.);
#6153 = EDGE_LOOP('',(#6154,#6164,#6172,#6180));
#6154 = ORIENTED_EDGE('',*,*,#6155,.T.);
#6155 = EDGE_CURVE('',#6156,#6158,#6160,.T.);
#6156 = VERTEX_POINT('',#6157);
#6157 = CARTESIAN_POINT('',(-1.25,-1.6,0.3));
#6158 = VERTEX_POINT('',#6159);
#6159 = CARTESIAN_POINT('',(-1.25,-3.1,0.3));
#6160 = LINE('',#6161,#6162);
#6161 = CARTESIAN_POINT('',(-1.25,5.,0.3));
#6162 = VECTOR('',#6163,1.);
#6163 = DIRECTION('',(-0.,-1.,-1.290716872007E-16));
#6164 = ORIENTED_EDGE('',*,*,#6165,.F.);
#6165 = EDGE_CURVE('',#6166,#6158,#6168,.T.);
#6166 = VERTEX_POINT('',#6167);
#6167 = CARTESIAN_POINT('',(-1.25,-3.1,0.8));
#6168 = LINE('',#6169,#6170);
#6169 = CARTESIAN_POINT('',(-1.25,-3.1,0.8));
#6170 = VECTOR('',#6171,1.);
#6171 = DIRECTION('',(0.,0.,-1.));
#6172 = ORIENTED_EDGE('',*,*,#6173,.F.);
#6173 = EDGE_CURVE('',#6174,#6166,#6176,.T.);
#6174 = VERTEX_POINT('',#6175);
#6175 = CARTESIAN_POINT('',(-1.25,-1.6,0.8));
#6176 = LINE('',#6177,#6178);
#6177 = CARTESIAN_POINT('',(-1.25,5.,0.8));
#6178 = VECTOR('',#6179,1.);
#6179 = DIRECTION('',(-0.,-1.,-1.290716872007E-16));
#6180 = ORIENTED_EDGE('',*,*,#6181,.F.);
#6181 = EDGE_CURVE('',#6156,#6174,#6182,.T.);
#6182 = LINE('',#6183,#6184);
#6183 = CARTESIAN_POINT('',(-1.25,-1.6,-1.005995788661));
#6184 = VECTOR('',#6185,1.);
#6185 = DIRECTION('',(0.,0.,1.));
#6186 = PLANE('',#6187);
#6187 = AXIS2_PLACEMENT_3D('',#6188,#6189,#6190);
#6188 = CARTESIAN_POINT('',(-1.25,5.,0.8));
#6189 = DIRECTION('',(1.,0.,-0.));
#6190 = DIRECTION('',(0.,0.,1.));
#6191 = ADVANCED_FACE('',(#6192),#6224,.F.);
#6192 = FACE_BOUND('',#6193,.T.);
#6193 = EDGE_LOOP('',(#6194,#6195,#6203,#6211,#6217,#6218));
#6194 = ORIENTED_EDGE('',*,*,#6061,.F.);
#6195 = ORIENTED_EDGE('',*,*,#6196,.F.);
#6196 = EDGE_CURVE('',#6197,#6054,#6199,.T.);
#6197 = VERTEX_POINT('',#6198);
#6198 = CARTESIAN_POINT('',(-0.75,4.7,0.3));
#6199 = LINE('',#6200,#6201);
#6200 = CARTESIAN_POINT('',(-1.25,4.7,0.3));
#6201 = VECTOR('',#6202,1.);
#6202 = DIRECTION('',(-1.,0.,2.168404344971E-16));
#6203 = ORIENTED_EDGE('',*,*,#6204,.T.);
#6204 = EDGE_CURVE('',#6197,#6205,#6207,.T.);
#6205 = VERTEX_POINT('',#6206);
#6206 = CARTESIAN_POINT('',(-0.75,-3.1,0.3));
#6207 = LINE('',#6208,#6209);
#6208 = CARTESIAN_POINT('',(-0.75,5.,0.3));
#6209 = VECTOR('',#6210,1.);
#6210 = DIRECTION('',(-0.,-1.,-1.290716872007E-16));
#6211 = ORIENTED_EDGE('',*,*,#6212,.F.);
#6212 = EDGE_CURVE('',#6158,#6205,#6213,.T.);
#6213 = LINE('',#6214,#6215);
#6214 = CARTESIAN_POINT('',(-1.25,-3.1,0.3));
#6215 = VECTOR('',#6216,1.);
#6216 = DIRECTION('',(1.,0.,-2.168404344971E-16));
#6217 = ORIENTED_EDGE('',*,*,#6155,.F.);
#6218 = ORIENTED_EDGE('',*,*,#6219,.F.);
#6219 = EDGE_CURVE('',#6036,#6156,#6220,.T.);
#6220 = LINE('',#6221,#6222);
#6221 = CARTESIAN_POINT('',(-1.25,-1.475,0.3));
#6222 = VECTOR('',#6223,1.);
#6223 = DIRECTION('',(-2.06514699521E-16,-1.,-1.290716872007E-16));
#6224 = PLANE('',#6225);
#6225 = AXIS2_PLACEMENT_3D('',#6226,#6227,#6228);
#6226 = CARTESIAN_POINT('',(-1.25,5.,0.3));
#6227 = DIRECTION('',(2.168404344971E-16,-1.290716872007E-16,1.));
#6228 = DIRECTION('',(-1.,0.,2.168404344971E-16));
#6229 = ADVANCED_FACE('',(#6230),#6255,.F.);
#6230 = FACE_BOUND('',#6231,.T.);
#6231 = EDGE_LOOP('',(#6232,#6233,#6241,#6249));
#6232 = ORIENTED_EDGE('',*,*,#6204,.F.);
#6233 = ORIENTED_EDGE('',*,*,#6234,.F.);
#6234 = EDGE_CURVE('',#6235,#6197,#6237,.T.);
#6235 = VERTEX_POINT('',#6236);
#6236 = CARTESIAN_POINT('',(-0.75,4.7,0.8));
#6237 = LINE('',#6238,#6239);
#6238 = CARTESIAN_POINT('',(-0.75,4.7,0.3));
#6239 = VECTOR('',#6240,1.);
#6240 = DIRECTION('',(2.168404344971E-16,0.,-1.));
#6241 = ORIENTED_EDGE('',*,*,#6242,.T.);
#6242 = EDGE_CURVE('',#6235,#6243,#6245,.T.);
#6243 = VERTEX_POINT('',#6244);
#6244 = CARTESIAN_POINT('',(-0.75,-3.1,0.8));
#6245 = LINE('',#6246,#6247);
#6246 = CARTESIAN_POINT('',(-0.75,5.,0.8));
#6247 = VECTOR('',#6248,1.);
#6248 = DIRECTION('',(-0.,-1.,-1.290716872007E-16));
#6249 = ORIENTED_EDGE('',*,*,#6250,.F.);
#6250 = EDGE_CURVE('',#6205,#6243,#6251,.T.);
#6251 = LINE('',#6252,#6253);
#6252 = CARTESIAN_POINT('',(-0.75,-3.1,0.8));
#6253 = VECTOR('',#6254,1.);
#6254 = DIRECTION('',(-2.168404344971E-16,0.,1.));
#6255 = PLANE('',#6256);
#6256 = AXIS2_PLACEMENT_3D('',#6257,#6258,#6259);
#6257 = CARTESIAN_POINT('',(-0.75,5.,0.8));
#6258 = DIRECTION('',(-1.,2.798796073386E-32,-2.168404344971E-16));
#6259 = DIRECTION('',(2.168404344971E-16,0.,-1.));
#6260 = ADVANCED_FACE('',(#6261,#6331),#6354,.F.);
#6261 = FACE_BOUND('',#6262,.T.);
#6262 = EDGE_LOOP('',(#6263,#6273,#6282,#6290,#6299,#6307,#6316,#6324));
#6263 = ORIENTED_EDGE('',*,*,#6264,.F.);
#6264 = EDGE_CURVE('',#6265,#6267,#6269,.T.);
#6265 = VERTEX_POINT('',#6266);
#6266 = CARTESIAN_POINT('',(-0.801794919243,-1.4,0.8));
#6267 = VERTEX_POINT('',#6268);
#6268 = CARTESIAN_POINT('',(-0.801794919243,-0.5,0.8));
#6269 = LINE('',#6270,#6271);
#6270 = CARTESIAN_POINT('',(-0.801794919243,5.,0.8));
#6271 = VECTOR('',#6272,1.);
#6272 = DIRECTION('',(9.856383386232E-17,1.,1.290716872007E-16));
#6273 = ORIENTED_EDGE('',*,*,#6274,.F.);
#6274 = EDGE_CURVE('',#6275,#6265,#6277,.T.);
#6275 = VERTEX_POINT('',#6276);
#6276 = CARTESIAN_POINT('',(-0.975,-1.573205080757,0.8));
#6277 = CIRCLE('',#6278,0.173205080757);
#6278 = AXIS2_PLACEMENT_3D('',#6279,#6280,#6281);
#6279 = CARTESIAN_POINT('',(-0.975,-1.4,0.8));
#6280 = DIRECTION('',(0.,-1.290716872007E-16,1.));
#6281 = DIRECTION('',(0.,1.,1.290716872007E-16));
#6282 = ORIENTED_EDGE('',*,*,#6283,.F.);
#6283 = EDGE_CURVE('',#6284,#6275,#6286,.T.);
#6284 = VERTEX_POINT('',#6285);
#6285 = CARTESIAN_POINT('',(-1.025,-1.573205080757,0.8));
#6286 = LINE('',#6287,#6288);
#6287 = CARTESIAN_POINT('',(-1.25,-1.573205080757,0.8));
#6288 = VECTOR('',#6289,1.);
#6289 = DIRECTION('',(1.,-0.,-0.));
#6290 = ORIENTED_EDGE('',*,*,#6291,.F.);
#6291 = EDGE_CURVE('',#6292,#6284,#6294,.T.);
#6292 = VERTEX_POINT('',#6293);
#6293 = CARTESIAN_POINT('',(-1.198205080757,-1.4,0.8));
#6294 = CIRCLE('',#6295,0.173205080757);
#6295 = AXIS2_PLACEMENT_3D('',#6296,#6297,#6298);
#6296 = CARTESIAN_POINT('',(-1.025,-1.4,0.8));
#6297 = DIRECTION('',(0.,-1.290716872007E-16,1.));
#6298 = DIRECTION('',(0.,1.,1.290716872007E-16));
#6299 = ORIENTED_EDGE('',*,*,#6300,.F.);
#6300 = EDGE_CURVE('',#6301,#6292,#6303,.T.);
#6301 = VERTEX_POINT('',#6302);
#6302 = CARTESIAN_POINT('',(-1.198205080757,-0.5,0.8));
#6303 = LINE('',#6304,#6305);
#6304 = CARTESIAN_POINT('',(-1.198205080757,5.,0.8));
#6305 = VECTOR('',#6306,1.);
#6306 = DIRECTION('',(-0.,-1.,-1.290716872007E-16));
#6307 = ORIENTED_EDGE('',*,*,#6308,.F.);
#6308 = EDGE_CURVE('',#6309,#6301,#6311,.T.);
#6309 = VERTEX_POINT('',#6310);
#6310 = CARTESIAN_POINT('',(-1.025,-0.326794919243,0.8));
#6311 = CIRCLE('',#6312,0.173205080757);
#6312 = AXIS2_PLACEMENT_3D('',#6313,#6314,#6315);
#6313 = CARTESIAN_POINT('',(-1.025,-0.5,0.8));
#6314 = DIRECTION('',(0.,-1.290716872007E-16,1.));
#6315 = DIRECTION('',(0.,1.,1.290716872007E-16));
#6316 = ORIENTED_EDGE('',*,*,#6317,.F.);
#6317 = EDGE_CURVE('',#6318,#6309,#6320,.T.);
#6318 = VERTEX_POINT('',#6319);
#6319 = CARTESIAN_POINT('',(-0.975,-0.326794919243,0.8));
#6320 = LINE('',#6321,#6322);
#6321 = CARTESIAN_POINT('',(-1.25,-0.326794919243,0.8));
#6322 = VECTOR('',#6323,1.);
#6323 = DIRECTION('',(-1.,-0.,-0.));
#6324 = ORIENTED_EDGE('',*,*,#6325,.F.);
#6325 = EDGE_CURVE('',#6267,#6318,#6326,.T.);
#6326 = CIRCLE('',#6327,0.173205080757);
#6327 = AXIS2_PLACEMENT_3D('',#6328,#6329,#6330);
#6328 = CARTESIAN_POINT('',(-0.975,-0.5,0.8));
#6329 = DIRECTION('',(0.,-1.290716872007E-16,1.));
#6330 = DIRECTION('',(0.,1.,1.290716872007E-16));
#6331 = FACE_BOUND('',#6332,.T.);
#6332 = EDGE_LOOP('',(#6333,#6334,#6340,#6341,#6347,#6348));
#6333 = ORIENTED_EDGE('',*,*,#6173,.T.);
#6334 = ORIENTED_EDGE('',*,*,#6335,.F.);
#6335 = EDGE_CURVE('',#6243,#6166,#6336,.T.);
#6336 = LINE('',#6337,#6338);
#6337 = CARTESIAN_POINT('',(-1.25,-3.1,0.8));
#6338 = VECTOR('',#6339,1.);
#6339 = DIRECTION('',(-1.,0.,0.));
#6340 = ORIENTED_EDGE('',*,*,#6242,.F.);
#6341 = ORIENTED_EDGE('',*,*,#6342,.F.);
#6342 = EDGE_CURVE('',#6046,#6235,#6343,.T.);
#6343 = LINE('',#6344,#6345);
#6344 = CARTESIAN_POINT('',(-0.75,4.7,0.8));
#6345 = VECTOR('',#6346,1.);
#6346 = DIRECTION('',(1.,0.,0.));
#6347 = ORIENTED_EDGE('',*,*,#6045,.T.);
#6348 = ORIENTED_EDGE('',*,*,#6349,.F.);
#6349 = EDGE_CURVE('',#6174,#6038,#6350,.T.);
#6350 = LINE('',#6351,#6352);
#6351 = CARTESIAN_POINT('',(-1.25,-0.425,0.8));
#6352 = VECTOR('',#6353,1.);
#6353 = DIRECTION('',(2.06514699521E-16,1.,1.290716872007E-16));
#6354 = PLANE('',#6355);
#6355 = AXIS2_PLACEMENT_3D('',#6356,#6357,#6358);
#6356 = CARTESIAN_POINT('',(-1.25,5.,0.8));
#6357 = DIRECTION('',(0.,1.290716872007E-16,-1.));
#6358 = DIRECTION('',(0.,1.,1.290716872007E-16));
#6359 = ADVANCED_FACE('',(#6360),#6376,.F.);
#6360 = FACE_BOUND('',#6361,.T.);
#6361 = EDGE_LOOP('',(#6362,#6368,#6369,#6375));
#6362 = ORIENTED_EDGE('',*,*,#6363,.T.);
#6363 = EDGE_CURVE('',#6116,#6158,#6364,.T.);
#6364 = LINE('',#6365,#6366);
#6365 = CARTESIAN_POINT('',(-1.25,-3.1,0.3));
#6366 = VECTOR('',#6367,1.);
#6367 = DIRECTION('',(-0.323615577118,0.889126490716,-0.323615577118));
#6368 = ORIENTED_EDGE('',*,*,#6212,.T.);
#6369 = ORIENTED_EDGE('',*,*,#6370,.T.);
#6370 = EDGE_CURVE('',#6205,#6126,#6371,.T.);
#6371 = LINE('',#6372,#6373);
#6372 = CARTESIAN_POINT('',(-0.802363520877,-3.243867591212,
    0.352363520877));
#6373 = VECTOR('',#6374,1.);
#6374 = DIRECTION('',(-0.323615577118,-0.889126490716,0.323615577118));
#6375 = ORIENTED_EDGE('',*,*,#6125,.T.);
#6376 = PLANE('',#6377);
#6377 = AXIS2_PLACEMENT_3D('',#6378,#6379,#6380);
#6378 = CARTESIAN_POINT('',(-1.25,-3.1,0.3));
#6379 = DIRECTION('',(2.037633561849E-16,0.342020143326,0.939692620786)
  );
#6380 = DIRECTION('',(1.,-2.465190328816E-32,-2.168404344971E-16));
#6381 = ADVANCED_FACE('',(#6382),#6393,.F.);
#6382 = FACE_BOUND('',#6383,.T.);
#6383 = EDGE_LOOP('',(#6384,#6385,#6386,#6392));
#6384 = ORIENTED_EDGE('',*,*,#6370,.F.);
#6385 = ORIENTED_EDGE('',*,*,#6250,.T.);
#6386 = ORIENTED_EDGE('',*,*,#6387,.T.);
#6387 = EDGE_CURVE('',#6243,#6134,#6388,.T.);
#6388 = LINE('',#6389,#6390);
#6389 = CARTESIAN_POINT('',(-0.75,-3.1,0.8));
#6390 = VECTOR('',#6391,1.);
#6391 = DIRECTION('',(-0.323615577118,-0.889126490716,-0.323615577118));
#6392 = ORIENTED_EDGE('',*,*,#6133,.T.);
#6393 = PLANE('',#6394);
#6394 = AXIS2_PLACEMENT_3D('',#6395,#6396,#6397);
#6395 = CARTESIAN_POINT('',(-0.75,-3.1,0.8));
#6396 = DIRECTION('',(-0.939692620786,0.342020143326,-2.037633561849E-16
    ));
#6397 = DIRECTION('',(-2.168404344971E-16,0.,1.));
#6398 = ADVANCED_FACE('',(#6399),#6410,.F.);
#6399 = FACE_BOUND('',#6400,.T.);
#6400 = EDGE_LOOP('',(#6401,#6402,#6403,#6409));
#6401 = ORIENTED_EDGE('',*,*,#6363,.F.);
#6402 = ORIENTED_EDGE('',*,*,#6115,.T.);
#6403 = ORIENTED_EDGE('',*,*,#6404,.T.);
#6404 = EDGE_CURVE('',#6118,#6166,#6405,.T.);
#6405 = LINE('',#6406,#6407);
#6406 = CARTESIAN_POINT('',(-1.25,-3.1,0.8));
#6407 = VECTOR('',#6408,1.);
#6408 = DIRECTION('',(-0.323615577118,0.889126490716,0.323615577118));
#6409 = ORIENTED_EDGE('',*,*,#6165,.T.);
#6410 = PLANE('',#6411);
#6411 = AXIS2_PLACEMENT_3D('',#6412,#6413,#6414);
#6412 = CARTESIAN_POINT('',(-1.25,-3.1,0.8));
#6413 = DIRECTION('',(0.939692620786,0.342020143326,0.));
#6414 = DIRECTION('',(0.,0.,-1.));
#6415 = ADVANCED_FACE('',(#6416),#6422,.F.);
#6416 = FACE_BOUND('',#6417,.T.);
#6417 = EDGE_LOOP('',(#6418,#6419,#6420,#6421));
#6418 = ORIENTED_EDGE('',*,*,#6387,.F.);
#6419 = ORIENTED_EDGE('',*,*,#6335,.T.);
#6420 = ORIENTED_EDGE('',*,*,#6404,.F.);
#6421 = ORIENTED_EDGE('',*,*,#6141,.T.);
#6422 = PLANE('',#6423);
#6423 = AXIS2_PLACEMENT_3D('',#6424,#6425,#6426);
#6424 = CARTESIAN_POINT('',(-1.25,-3.1,0.8));
#6425 = DIRECTION('',(0.,0.342020143326,-0.939692620786));
#6426 = DIRECTION('',(-1.,0.,0.));
#6427 = ADVANCED_FACE('',(#6428),#6444,.T.);
#6428 = FACE_BOUND('',#6429,.T.);
#6429 = EDGE_LOOP('',(#6430,#6436,#6437,#6443));
#6430 = ORIENTED_EDGE('',*,*,#6431,.T.);
#6431 = EDGE_CURVE('',#6235,#6086,#6432,.T.);
#6432 = LINE('',#6433,#6434);
#6433 = CARTESIAN_POINT('',(-0.931537445906,5.198770033413,
    0.618462554094));
#6434 = VECTOR('',#6435,1.);
#6435 = DIRECTION('',(-0.323615577118,0.889126490716,-0.323615577118));
#6436 = ORIENTED_EDGE('',*,*,#6085,.T.);
#6437 = ORIENTED_EDGE('',*,*,#6438,.T.);
#6438 = EDGE_CURVE('',#6076,#6046,#6439,.T.);
#6439 = LINE('',#6440,#6441);
#6440 = CARTESIAN_POINT('',(-1.021335385305,5.328250865504,
    0.571335385305));
#6441 = VECTOR('',#6442,1.);
#6442 = DIRECTION('',(-0.323615577118,-0.889126490716,0.323615577118));
#6443 = ORIENTED_EDGE('',*,*,#6342,.T.);
#6444 = PLANE('',#6445);
#6445 = AXIS2_PLACEMENT_3D('',#6446,#6447,#6448);
#6446 = CARTESIAN_POINT('',(0.,5.,0.69080892972));
#6447 = DIRECTION('',(-0.,0.342020143326,0.939692620786));
#6448 = DIRECTION('',(1.,0.,0.));
#6449 = ADVANCED_FACE('',(#6450),#6461,.T.);
#6450 = FACE_BOUND('',#6451,.T.);
#6451 = EDGE_LOOP('',(#6452,#6453,#6454,#6460));
#6452 = ORIENTED_EDGE('',*,*,#6438,.F.);
#6453 = ORIENTED_EDGE('',*,*,#6075,.T.);
#6454 = ORIENTED_EDGE('',*,*,#6455,.T.);
#6455 = EDGE_CURVE('',#6078,#6054,#6456,.T.);
#6456 = LINE('',#6457,#6458);
#6457 = CARTESIAN_POINT('',(-1.183662300023,4.882261332747,
    0.366337699977));
#6458 = VECTOR('',#6459,1.);
#6459 = DIRECTION('',(-0.323615577118,-0.889126490716,-0.323615577118));
#6460 = ORIENTED_EDGE('',*,*,#6053,.T.);
#6461 = PLANE('',#6462);
#6462 = AXIS2_PLACEMENT_3D('',#6463,#6464,#6465);
#6463 = CARTESIAN_POINT('',(-1.14080892972,5.,1.662443331144E-15));
#6464 = DIRECTION('',(-0.939692620786,0.342020143326,0.));
#6465 = DIRECTION('',(0.,0.,1.));
#6466 = ADVANCED_FACE('',(#6467),#6478,.T.);
#6467 = FACE_BOUND('',#6468,.T.);
#6468 = EDGE_LOOP('',(#6469,#6470,#6471,#6477));
#6469 = ORIENTED_EDGE('',*,*,#6431,.F.);
#6470 = ORIENTED_EDGE('',*,*,#6234,.T.);
#6471 = ORIENTED_EDGE('',*,*,#6472,.T.);
#6472 = EDGE_CURVE('',#6197,#6094,#6473,.T.);
#6473 = LINE('',#6474,#6475);
#6474 = CARTESIAN_POINT('',(-0.816337699977,4.882261332747,
    0.366337699977));
#6475 = VECTOR('',#6476,1.);
#6476 = DIRECTION('',(-0.323615577118,0.889126490716,0.323615577118));
#6477 = ORIENTED_EDGE('',*,*,#6093,.T.);
#6478 = PLANE('',#6479);
#6479 = AXIS2_PLACEMENT_3D('',#6480,#6481,#6482);
#6480 = CARTESIAN_POINT('',(-0.85919107028,5.,1.476135966149E-15));
#6481 = DIRECTION('',(0.939692620786,0.342020143326,2.037633561849E-16)
  );
#6482 = DIRECTION('',(2.168404344971E-16,0.,-1.));
#6483 = ADVANCED_FACE('',(#6484),#6490,.T.);
#6484 = FACE_BOUND('',#6485,.T.);
#6485 = EDGE_LOOP('',(#6486,#6487,#6488,#6489));
#6486 = ORIENTED_EDGE('',*,*,#6455,.F.);
#6487 = ORIENTED_EDGE('',*,*,#6101,.T.);
#6488 = ORIENTED_EDGE('',*,*,#6472,.F.);
#6489 = ORIENTED_EDGE('',*,*,#6196,.T.);
#6490 = PLANE('',#6491);
#6491 = AXIS2_PLACEMENT_3D('',#6492,#6493,#6494);
#6492 = CARTESIAN_POINT('',(8.872916947182E-17,5.,0.40919107028));
#6493 = DIRECTION('',(-2.037633561849E-16,0.342020143326,-0.939692620786
    ));
#6494 = DIRECTION('',(-1.,-2.465190328816E-32,2.168404344971E-16));
#6495 = ADVANCED_FACE('',(#6496),#6521,.T.);
#6496 = FACE_BOUND('',#6497,.T.);
#6497 = EDGE_LOOP('',(#6498,#6508,#6514,#6515));
#6498 = ORIENTED_EDGE('',*,*,#6499,.T.);
#6499 = EDGE_CURVE('',#6500,#6502,#6504,.T.);
#6500 = VERTEX_POINT('',#6501);
#6501 = CARTESIAN_POINT('',(-1.375,-0.425,0.425));
#6502 = VERTEX_POINT('',#6503);
#6503 = CARTESIAN_POINT('',(-1.375,-0.425,0.675));
#6504 = LINE('',#6505,#6506);
#6505 = CARTESIAN_POINT('',(-1.375,-0.425,-1.005995788661));
#6506 = VECTOR('',#6507,1.);
#6507 = DIRECTION('',(0.,0.,1.));
#6508 = ORIENTED_EDGE('',*,*,#6509,.F.);
#6509 = EDGE_CURVE('',#6038,#6502,#6510,.T.);
#6510 = LINE('',#6511,#6512);
#6511 = CARTESIAN_POINT('',(-1.85199859622,-0.90199859622,0.19800140378)
  );
#6512 = VECTOR('',#6513,1.);
#6513 = DIRECTION('',(-0.57735026919,-0.57735026919,-0.57735026919));
#6514 = ORIENTED_EDGE('',*,*,#6035,.F.);
#6515 = ORIENTED_EDGE('',*,*,#6516,.F.);
#6516 = EDGE_CURVE('',#6500,#6036,#6517,.T.);
#6517 = LINE('',#6518,#6519);
#6518 = CARTESIAN_POINT('',(-0.814668070446,0.135331929554,
    -0.135331929554));
#6519 = VECTOR('',#6520,1.);
#6520 = DIRECTION('',(0.57735026919,0.57735026919,-0.57735026919));
#6521 = PLANE('',#6522);
#6522 = AXIS2_PLACEMENT_3D('',#6523,#6524,#6525);
#6523 = CARTESIAN_POINT('',(-1.25,-0.3,-1.005995788661));
#6524 = DIRECTION('',(-0.707106781187,0.707106781187,0.));
#6525 = DIRECTION('',(0.707106781187,0.707106781187,0.));
#6526 = ADVANCED_FACE('',(#6527),#6552,.T.);
#6527 = FACE_BOUND('',#6528,.T.);
#6528 = EDGE_LOOP('',(#6529,#6539,#6545,#6546));
#6529 = ORIENTED_EDGE('',*,*,#6530,.T.);
#6530 = EDGE_CURVE('',#6531,#6533,#6535,.T.);
#6531 = VERTEX_POINT('',#6532);
#6532 = CARTESIAN_POINT('',(-1.375,-1.475,0.425));
#6533 = VERTEX_POINT('',#6534);
#6534 = CARTESIAN_POINT('',(-1.375,-1.475,0.675));
#6535 = LINE('',#6536,#6537);
#6536 = CARTESIAN_POINT('',(-1.375,-1.475,-1.005995788661));
#6537 = VECTOR('',#6538,1.);
#6538 = DIRECTION('',(0.,0.,1.));
#6539 = ORIENTED_EDGE('',*,*,#6540,.F.);
#6540 = EDGE_CURVE('',#6502,#6533,#6541,.T.);
#6541 = LINE('',#6542,#6543);
#6542 = CARTESIAN_POINT('',(-1.375,-1.475,0.675));
#6543 = VECTOR('',#6544,1.);
#6544 = DIRECTION('',(-2.06514699521E-16,-1.,-1.290716872007E-16));
#6545 = ORIENTED_EDGE('',*,*,#6499,.F.);
#6546 = ORIENTED_EDGE('',*,*,#6547,.F.);
#6547 = EDGE_CURVE('',#6531,#6500,#6548,.T.);
#6548 = LINE('',#6549,#6550);
#6549 = CARTESIAN_POINT('',(-1.375,-0.425,0.425));
#6550 = VECTOR('',#6551,1.);
#6551 = DIRECTION('',(2.06514699521E-16,1.,1.290716872007E-16));
#6552 = PLANE('',#6553);
#6553 = AXIS2_PLACEMENT_3D('',#6554,#6555,#6556);
#6554 = CARTESIAN_POINT('',(-1.375,-0.425,-1.005995788661));
#6555 = DIRECTION('',(-1.,2.06514699521E-16,0.));
#6556 = DIRECTION('',(2.06514699521E-16,1.,0.));
#6557 = ADVANCED_FACE('',(#6558),#6574,.T.);
#6558 = FACE_BOUND('',#6559,.T.);
#6559 = EDGE_LOOP('',(#6560,#6561,#6567,#6568));
#6560 = ORIENTED_EDGE('',*,*,#6181,.T.);
#6561 = ORIENTED_EDGE('',*,*,#6562,.F.);
#6562 = EDGE_CURVE('',#6533,#6174,#6563,.T.);
#6563 = LINE('',#6564,#6565);
#6564 = CARTESIAN_POINT('',(-1.85199859622,-0.99800140378,0.19800140378)
  );
#6565 = VECTOR('',#6566,1.);
#6566 = DIRECTION('',(0.57735026919,-0.57735026919,0.57735026919));
#6567 = ORIENTED_EDGE('',*,*,#6530,.F.);
#6568 = ORIENTED_EDGE('',*,*,#6569,.F.);
#6569 = EDGE_CURVE('',#6156,#6531,#6570,.T.);
#6570 = LINE('',#6571,#6572);
#6571 = CARTESIAN_POINT('',(-0.814668070446,-2.035331929554,
    -0.135331929554));
#6572 = VECTOR('',#6573,1.);
#6573 = DIRECTION('',(-0.57735026919,0.57735026919,0.57735026919));
#6574 = PLANE('',#6575);
#6575 = AXIS2_PLACEMENT_3D('',#6576,#6577,#6578);
#6576 = CARTESIAN_POINT('',(-1.25,-1.6,-1.005995788661));
#6577 = DIRECTION('',(-0.707106781187,-0.707106781187,0.));
#6578 = DIRECTION('',(-0.707106781187,0.707106781187,0.));
#6579 = ADVANCED_FACE('',(#6580),#6586,.T.);
#6580 = FACE_BOUND('',#6581,.T.);
#6581 = EDGE_LOOP('',(#6582,#6583,#6584,#6585));
#6582 = ORIENTED_EDGE('',*,*,#6516,.T.);
#6583 = ORIENTED_EDGE('',*,*,#6219,.T.);
#6584 = ORIENTED_EDGE('',*,*,#6569,.T.);
#6585 = ORIENTED_EDGE('',*,*,#6547,.T.);
#6586 = PLANE('',#6587);
#6587 = AXIS2_PLACEMENT_3D('',#6588,#6589,#6590);
#6588 = CARTESIAN_POINT('',(-1.25,5.,0.3));
#6589 = DIRECTION('',(-0.707106781187,2.372954097248E-16,-0.707106781187
    ));
#6590 = DIRECTION('',(2.06514699521E-16,1.,1.290716872007E-16));
#6591 = ADVANCED_FACE('',(#6592),#6598,.T.);
#6592 = FACE_BOUND('',#6593,.T.);
#6593 = EDGE_LOOP('',(#6594,#6595,#6596,#6597));
#6594 = ORIENTED_EDGE('',*,*,#6562,.T.);
#6595 = ORIENTED_EDGE('',*,*,#6349,.T.);
#6596 = ORIENTED_EDGE('',*,*,#6509,.T.);
#6597 = ORIENTED_EDGE('',*,*,#6540,.T.);
#6598 = PLANE('',#6599);
#6599 = AXIS2_PLACEMENT_3D('',#6600,#6601,#6602);
#6600 = CARTESIAN_POINT('',(-1.25,5.,0.8));
#6601 = DIRECTION('',(-0.707106781187,5.476047916726E-17,0.707106781187)
  );
#6602 = DIRECTION('',(-2.06514699521E-16,-1.,-1.290716872007E-16));
#6603 = ADVANCED_FACE('',(#6604),#6638,.T.);
#6604 = FACE_BOUND('',#6605,.T.);
#6605 = EDGE_LOOP('',(#6606,#6616,#6624,#6632));
#6606 = ORIENTED_EDGE('',*,*,#6607,.F.);
#6607 = EDGE_CURVE('',#6608,#6610,#6612,.T.);
#6608 = VERTEX_POINT('',#6609);
#6609 = CARTESIAN_POINT('',(-1.025,-1.4,0.7));
#6610 = VERTEX_POINT('',#6611);
#6611 = CARTESIAN_POINT('',(-1.025,-0.5,0.7));
#6612 = LINE('',#6613,#6614);
#6613 = CARTESIAN_POINT('',(-1.025,3.,0.7));
#6614 = VECTOR('',#6615,1.);
#6615 = DIRECTION('',(0.,1.,0.));
#6616 = ORIENTED_EDGE('',*,*,#6617,.F.);
#6617 = EDGE_CURVE('',#6618,#6608,#6620,.T.);
#6618 = VERTEX_POINT('',#6619);
#6619 = CARTESIAN_POINT('',(-0.975,-1.4,0.7));
#6620 = LINE('',#6621,#6622);
#6621 = CARTESIAN_POINT('',(0.,-1.4,0.7));
#6622 = VECTOR('',#6623,1.);
#6623 = DIRECTION('',(-1.,0.,0.));
#6624 = ORIENTED_EDGE('',*,*,#6625,.F.);
#6625 = EDGE_CURVE('',#6626,#6618,#6628,.T.);
#6626 = VERTEX_POINT('',#6627);
#6627 = CARTESIAN_POINT('',(-0.975,-0.5,0.7));
#6628 = LINE('',#6629,#6630);
#6629 = CARTESIAN_POINT('',(-0.975,3.,0.7));
#6630 = VECTOR('',#6631,1.);
#6631 = DIRECTION('',(-9.856383386232E-17,-1.,0.));
#6632 = ORIENTED_EDGE('',*,*,#6633,.F.);
#6633 = EDGE_CURVE('',#6610,#6626,#6634,.T.);
#6634 = LINE('',#6635,#6636);
#6635 = CARTESIAN_POINT('',(0.,-0.5,0.7));
#6636 = VECTOR('',#6637,1.);
#6637 = DIRECTION('',(1.,0.,0.));
#6638 = PLANE('',#6639);
#6639 = AXIS2_PLACEMENT_3D('',#6640,#6641,#6642);
#6640 = CARTESIAN_POINT('',(0.,3.,0.7));
#6641 = DIRECTION('',(0.,0.,1.));
#6642 = DIRECTION('',(-1.,0.,0.));
#6643 = ADVANCED_FACE('',(#6644),#6671,.F.);
#6644 = FACE_BOUND('',#6645,.F.);
#6645 = EDGE_LOOP('',(#6646,#6656,#6663,#6664));
#6646 = ORIENTED_EDGE('',*,*,#6647,.T.);
#6647 = EDGE_CURVE('',#6648,#6650,#6652,.T.);
#6648 = VERTEX_POINT('',#6649);
#6649 = CARTESIAN_POINT('',(-0.975,-1.486602540378,0.75));
#6650 = VERTEX_POINT('',#6651);
#6651 = CARTESIAN_POINT('',(-1.025,-1.486602540378,0.75));
#6652 = LINE('',#6653,#6654);
#6653 = CARTESIAN_POINT('',(0.,-1.486602540378,0.75));
#6654 = VECTOR('',#6655,1.);
#6655 = DIRECTION('',(-1.,0.,0.));
#6656 = ORIENTED_EDGE('',*,*,#6657,.F.);
#6657 = EDGE_CURVE('',#6608,#6650,#6658,.T.);
#6658 = CIRCLE('',#6659,0.1);
#6659 = AXIS2_PLACEMENT_3D('',#6660,#6661,#6662);
#6660 = CARTESIAN_POINT('',(-1.025,-1.4,0.8));
#6661 = DIRECTION('',(-1.,0.,0.));
#6662 = DIRECTION('',(0.,0.,1.));
#6663 = ORIENTED_EDGE('',*,*,#6617,.F.);
#6664 = ORIENTED_EDGE('',*,*,#6665,.F.);
#6665 = EDGE_CURVE('',#6648,#6618,#6666,.T.);
#6666 = CIRCLE('',#6667,0.1);
#6667 = AXIS2_PLACEMENT_3D('',#6668,#6669,#6670);
#6668 = CARTESIAN_POINT('',(-0.975,-1.4,0.8));
#6669 = DIRECTION('',(1.,-0.,0.));
#6670 = DIRECTION('',(0.,0.,-1.));
#6671 = CYLINDRICAL_SURFACE('',#6672,0.1);
#6672 = AXIS2_PLACEMENT_3D('',#6673,#6674,#6675);
#6673 = CARTESIAN_POINT('',(0.,-1.4,0.8));
#6674 = DIRECTION('',(-1.,0.,0.));
#6675 = DIRECTION('',(0.,0.,-1.));
#6676 = ADVANCED_FACE('',(#6677),#6696,.F.);
#6677 = FACE_BOUND('',#6678,.F.);
#6678 = EDGE_LOOP('',(#6679,#6688,#6695));
#6679 = ORIENTED_EDGE('',*,*,#6680,.T.);
#6680 = EDGE_CURVE('',#6650,#6681,#6683,.T.);
#6681 = VERTEX_POINT('',#6682);
#6682 = CARTESIAN_POINT('',(-1.111602540378,-1.4,0.75));
#6683 = CIRCLE('',#6684,8.660254037844E-02);
#6684 = AXIS2_PLACEMENT_3D('',#6685,#6686,#6687);
#6685 = CARTESIAN_POINT('',(-1.025,-1.4,0.75));
#6686 = DIRECTION('',(-0.,1.290716872007E-16,-1.));
#6687 = DIRECTION('',(0.,-1.,-1.290716872007E-16));
#6688 = ORIENTED_EDGE('',*,*,#6689,.F.);
#6689 = EDGE_CURVE('',#6608,#6681,#6690,.T.);
#6690 = CIRCLE('',#6691,0.1);
#6691 = AXIS2_PLACEMENT_3D('',#6692,#6693,#6694);
#6692 = CARTESIAN_POINT('',(-1.025,-1.4,0.8));
#6693 = DIRECTION('',(0.,1.,0.));
#6694 = DIRECTION('',(0.,-0.,1.));
#6695 = ORIENTED_EDGE('',*,*,#6657,.T.);
#6696 = SPHERICAL_SURFACE('',#6697,0.1);
#6697 = AXIS2_PLACEMENT_3D('',#6698,#6699,#6700);
#6698 = CARTESIAN_POINT('',(-1.025,-1.4,0.8));
#6699 = DIRECTION('',(0.,-1.,0.));
#6700 = DIRECTION('',(-1.,0.,0.));
#6701 = ADVANCED_FACE('',(#6702),#6721,.F.);
#6702 = FACE_BOUND('',#6703,.F.);
#6703 = EDGE_LOOP('',(#6704,#6713,#6714));
#6704 = ORIENTED_EDGE('',*,*,#6705,.T.);
#6705 = EDGE_CURVE('',#6706,#6648,#6708,.T.);
#6706 = VERTEX_POINT('',#6707);
#6707 = CARTESIAN_POINT('',(-0.888397459622,-1.4,0.75));
#6708 = CIRCLE('',#6709,8.660254037844E-02);
#6709 = AXIS2_PLACEMENT_3D('',#6710,#6711,#6712);
#6710 = CARTESIAN_POINT('',(-0.975,-1.4,0.75));
#6711 = DIRECTION('',(-0.,1.290716872007E-16,-1.));
#6712 = DIRECTION('',(0.,-1.,-1.290716872007E-16));
#6713 = ORIENTED_EDGE('',*,*,#6665,.T.);
#6714 = ORIENTED_EDGE('',*,*,#6715,.F.);
#6715 = EDGE_CURVE('',#6706,#6618,#6716,.T.);
#6716 = CIRCLE('',#6717,0.1);
#6717 = AXIS2_PLACEMENT_3D('',#6718,#6719,#6720);
#6718 = CARTESIAN_POINT('',(-0.975,-1.4,0.8));
#6719 = DIRECTION('',(0.,1.,0.));
#6720 = DIRECTION('',(0.,-0.,1.));
#6721 = SPHERICAL_SURFACE('',#6722,0.1);
#6722 = AXIS2_PLACEMENT_3D('',#6723,#6724,#6725);
#6723 = CARTESIAN_POINT('',(-0.975,-1.4,0.8));
#6724 = DIRECTION('',(0.,-1.,0.));
#6725 = DIRECTION('',(-1.,0.,0.));
#6726 = ADVANCED_FACE('',(#6727),#6746,.F.);
#6727 = FACE_BOUND('',#6728,.F.);
#6728 = EDGE_LOOP('',(#6729,#6737,#6744,#6745));
#6729 = ORIENTED_EDGE('',*,*,#6730,.T.);
#6730 = EDGE_CURVE('',#6681,#6731,#6733,.T.);
#6731 = VERTEX_POINT('',#6732);
#6732 = CARTESIAN_POINT('',(-1.111602540378,-0.5,0.75));
#6733 = LINE('',#6734,#6735);
#6734 = CARTESIAN_POINT('',(-1.111602540378,3.,0.75));
#6735 = VECTOR('',#6736,1.);
#6736 = DIRECTION('',(0.,1.,0.));
#6737 = ORIENTED_EDGE('',*,*,#6738,.F.);
#6738 = EDGE_CURVE('',#6610,#6731,#6739,.T.);
#6739 = CIRCLE('',#6740,0.1);
#6740 = AXIS2_PLACEMENT_3D('',#6741,#6742,#6743);
#6741 = CARTESIAN_POINT('',(-1.025,-0.5,0.8));
#6742 = DIRECTION('',(-0.,1.,0.));
#6743 = DIRECTION('',(0.,0.,-1.));
#6744 = ORIENTED_EDGE('',*,*,#6607,.F.);
#6745 = ORIENTED_EDGE('',*,*,#6689,.T.);
#6746 = CYLINDRICAL_SURFACE('',#6747,0.1);
#6747 = AXIS2_PLACEMENT_3D('',#6748,#6749,#6750);
#6748 = CARTESIAN_POINT('',(-1.025,3.,0.8));
#6749 = DIRECTION('',(0.,1.,0.));
#6750 = DIRECTION('',(0.,-0.,1.));
#6751 = ADVANCED_FACE('',(#6752),#6771,.F.);
#6752 = FACE_BOUND('',#6753,.F.);
#6753 = EDGE_LOOP('',(#6754,#6762,#6763,#6764));
#6754 = ORIENTED_EDGE('',*,*,#6755,.T.);
#6755 = EDGE_CURVE('',#6756,#6706,#6758,.T.);
#6756 = VERTEX_POINT('',#6757);
#6757 = CARTESIAN_POINT('',(-0.888397459622,-0.5,0.75));
#6758 = LINE('',#6759,#6760);
#6759 = CARTESIAN_POINT('',(-0.888397459622,3.,0.75));
#6760 = VECTOR('',#6761,1.);
#6761 = DIRECTION('',(-9.856383386232E-17,-1.,0.));
#6762 = ORIENTED_EDGE('',*,*,#6715,.T.);
#6763 = ORIENTED_EDGE('',*,*,#6625,.F.);
#6764 = ORIENTED_EDGE('',*,*,#6765,.F.);
#6765 = EDGE_CURVE('',#6756,#6626,#6766,.T.);
#6766 = CIRCLE('',#6767,0.1);
#6767 = AXIS2_PLACEMENT_3D('',#6768,#6769,#6770);
#6768 = CARTESIAN_POINT('',(-0.975,-0.5,0.8));
#6769 = DIRECTION('',(0.,1.,0.));
#6770 = DIRECTION('',(0.,0.,-1.));
#6771 = CYLINDRICAL_SURFACE('',#6772,1.E-01);
#6772 = AXIS2_PLACEMENT_3D('',#6773,#6774,#6775);
#6773 = CARTESIAN_POINT('',(-0.975,3.,0.8));
#6774 = DIRECTION('',(-9.856383386232E-17,-1.,0.));
#6775 = DIRECTION('',(-1.,9.856383386232E-17,0.));
#6776 = ADVANCED_FACE('',(#6777),#6796,.F.);
#6777 = FACE_BOUND('',#6778,.F.);
#6778 = EDGE_LOOP('',(#6779,#6788,#6795));
#6779 = ORIENTED_EDGE('',*,*,#6780,.T.);
#6780 = EDGE_CURVE('',#6731,#6781,#6783,.T.);
#6781 = VERTEX_POINT('',#6782);
#6782 = CARTESIAN_POINT('',(-1.025,-0.413397459622,0.75));
#6783 = CIRCLE('',#6784,8.660254037844E-02);
#6784 = AXIS2_PLACEMENT_3D('',#6785,#6786,#6787);
#6785 = CARTESIAN_POINT('',(-1.025,-0.5,0.75));
#6786 = DIRECTION('',(-0.,1.290716872007E-16,-1.));
#6787 = DIRECTION('',(0.,-1.,-1.290716872007E-16));
#6788 = ORIENTED_EDGE('',*,*,#6789,.F.);
#6789 = EDGE_CURVE('',#6610,#6781,#6790,.T.);
#6790 = CIRCLE('',#6791,0.1);
#6791 = AXIS2_PLACEMENT_3D('',#6792,#6793,#6794);
#6792 = CARTESIAN_POINT('',(-1.025,-0.5,0.8));
#6793 = DIRECTION('',(1.,0.,-0.));
#6794 = DIRECTION('',(0.,0.,1.));
#6795 = ORIENTED_EDGE('',*,*,#6738,.T.);
#6796 = SPHERICAL_SURFACE('',#6797,0.1);
#6797 = AXIS2_PLACEMENT_3D('',#6798,#6799,#6800);
#6798 = CARTESIAN_POINT('',(-1.025,-0.5,0.8));
#6799 = DIRECTION('',(0.,-1.,0.));
#6800 = DIRECTION('',(-1.,0.,0.));
#6801 = ADVANCED_FACE('',(#6802),#6821,.F.);
#6802 = FACE_BOUND('',#6803,.F.);
#6803 = EDGE_LOOP('',(#6804,#6813,#6814));
#6804 = ORIENTED_EDGE('',*,*,#6805,.T.);
#6805 = EDGE_CURVE('',#6806,#6756,#6808,.T.);
#6806 = VERTEX_POINT('',#6807);
#6807 = CARTESIAN_POINT('',(-0.975,-0.413397459622,0.75));
#6808 = CIRCLE('',#6809,8.660254037844E-02);
#6809 = AXIS2_PLACEMENT_3D('',#6810,#6811,#6812);
#6810 = CARTESIAN_POINT('',(-0.975,-0.5,0.75));
#6811 = DIRECTION('',(-0.,1.290716872007E-16,-1.));
#6812 = DIRECTION('',(0.,-1.,-1.290716872007E-16));
#6813 = ORIENTED_EDGE('',*,*,#6765,.T.);
#6814 = ORIENTED_EDGE('',*,*,#6815,.F.);
#6815 = EDGE_CURVE('',#6806,#6626,#6816,.T.);
#6816 = CIRCLE('',#6817,0.1);
#6817 = AXIS2_PLACEMENT_3D('',#6818,#6819,#6820);
#6818 = CARTESIAN_POINT('',(-0.975,-0.5,0.8));
#6819 = DIRECTION('',(-1.,0.,0.));
#6820 = DIRECTION('',(0.,0.,-1.));
#6821 = SPHERICAL_SURFACE('',#6822,0.1);
#6822 = AXIS2_PLACEMENT_3D('',#6823,#6824,#6825);
#6823 = CARTESIAN_POINT('',(-0.975,-0.5,0.8));
#6824 = DIRECTION('',(0.,-1.,0.));
#6825 = DIRECTION('',(-1.,0.,0.));
#6826 = ADVANCED_FACE('',(#6827),#6838,.F.);
#6827 = FACE_BOUND('',#6828,.F.);
#6828 = EDGE_LOOP('',(#6829,#6835,#6836,#6837));
#6829 = ORIENTED_EDGE('',*,*,#6830,.T.);
#6830 = EDGE_CURVE('',#6781,#6806,#6831,.T.);
#6831 = LINE('',#6832,#6833);
#6832 = CARTESIAN_POINT('',(0.,-0.413397459622,0.75));
#6833 = VECTOR('',#6834,1.);
#6834 = DIRECTION('',(1.,0.,0.));
#6835 = ORIENTED_EDGE('',*,*,#6815,.T.);
#6836 = ORIENTED_EDGE('',*,*,#6633,.F.);
#6837 = ORIENTED_EDGE('',*,*,#6789,.T.);
#6838 = CYLINDRICAL_SURFACE('',#6839,0.1);
#6839 = AXIS2_PLACEMENT_3D('',#6840,#6841,#6842);
#6840 = CARTESIAN_POINT('',(0.,-0.5,0.8));
#6841 = DIRECTION('',(1.,0.,0.));
#6842 = DIRECTION('',(0.,0.,1.));
#6843 = ADVANCED_FACE('',(#6844),#6862,.T.);
#6844 = FACE_BOUND('',#6845,.T.);
#6845 = EDGE_LOOP('',(#6846,#6853,#6854,#6861));
#6846 = ORIENTED_EDGE('',*,*,#6847,.T.);
#6847 = EDGE_CURVE('',#6681,#6292,#6848,.T.);
#6848 = CIRCLE('',#6849,0.1);
#6849 = AXIS2_PLACEMENT_3D('',#6850,#6851,#6852);
#6850 = CARTESIAN_POINT('',(-1.198205080757,-1.4,0.7));
#6851 = DIRECTION('',(0.,-1.,0.));
#6852 = DIRECTION('',(0.,0.,1.));
#6853 = ORIENTED_EDGE('',*,*,#6291,.T.);
#6854 = ORIENTED_EDGE('',*,*,#6855,.T.);
#6855 = EDGE_CURVE('',#6284,#6650,#6856,.T.);
#6856 = CIRCLE('',#6857,0.1);
#6857 = AXIS2_PLACEMENT_3D('',#6858,#6859,#6860);
#6858 = CARTESIAN_POINT('',(-1.025,-1.573205080757,0.7));
#6859 = DIRECTION('',(-1.,0.,-0.));
#6860 = DIRECTION('',(-0.,0.,1.));
#6861 = ORIENTED_EDGE('',*,*,#6680,.T.);
#6862 = TOROIDAL_SURFACE('',#6863,0.173205080757,0.1);
#6863 = AXIS2_PLACEMENT_3D('',#6864,#6865,#6866);
#6864 = CARTESIAN_POINT('',(-1.025,-1.4,0.7));
#6865 = DIRECTION('',(0.,1.290716872007E-16,-1.));
#6866 = DIRECTION('',(0.,1.,1.290716872007E-16));
#6867 = ADVANCED_FACE('',(#6868),#6880,.T.);
#6868 = FACE_BOUND('',#6869,.T.);
#6869 = EDGE_LOOP('',(#6870,#6871,#6872,#6879));
#6870 = ORIENTED_EDGE('',*,*,#6855,.F.);
#6871 = ORIENTED_EDGE('',*,*,#6283,.T.);
#6872 = ORIENTED_EDGE('',*,*,#6873,.T.);
#6873 = EDGE_CURVE('',#6275,#6648,#6874,.T.);
#6874 = CIRCLE('',#6875,0.1);
#6875 = AXIS2_PLACEMENT_3D('',#6876,#6877,#6878);
#6876 = CARTESIAN_POINT('',(-0.975,-1.573205080757,0.7));
#6877 = DIRECTION('',(-1.,0.,-0.));
#6878 = DIRECTION('',(-0.,0.,1.));
#6879 = ORIENTED_EDGE('',*,*,#6647,.T.);
#6880 = CYLINDRICAL_SURFACE('',#6881,0.1);
#6881 = AXIS2_PLACEMENT_3D('',#6882,#6883,#6884);
#6882 = CARTESIAN_POINT('',(0.,-1.573205080757,0.7));
#6883 = DIRECTION('',(-1.,0.,0.));
#6884 = DIRECTION('',(0.,0.,-1.));
#6885 = ADVANCED_FACE('',(#6886),#6898,.T.);
#6886 = FACE_BOUND('',#6887,.T.);
#6887 = EDGE_LOOP('',(#6888,#6889,#6890,#6897));
#6888 = ORIENTED_EDGE('',*,*,#6847,.F.);
#6889 = ORIENTED_EDGE('',*,*,#6730,.T.);
#6890 = ORIENTED_EDGE('',*,*,#6891,.T.);
#6891 = EDGE_CURVE('',#6731,#6301,#6892,.T.);
#6892 = CIRCLE('',#6893,0.1);
#6893 = AXIS2_PLACEMENT_3D('',#6894,#6895,#6896);
#6894 = CARTESIAN_POINT('',(-1.198205080757,-0.5,0.7));
#6895 = DIRECTION('',(0.,-1.,0.));
#6896 = DIRECTION('',(0.,0.,1.));
#6897 = ORIENTED_EDGE('',*,*,#6300,.T.);
#6898 = CYLINDRICAL_SURFACE('',#6899,0.1);
#6899 = AXIS2_PLACEMENT_3D('',#6900,#6901,#6902);
#6900 = CARTESIAN_POINT('',(-1.198205080757,3.,0.7));
#6901 = DIRECTION('',(0.,1.,0.));
#6902 = DIRECTION('',(0.,-0.,1.));
#6903 = ADVANCED_FACE('',(#6904),#6916,.T.);
#6904 = FACE_BOUND('',#6905,.T.);
#6905 = EDGE_LOOP('',(#6906,#6907,#6908,#6915));
#6906 = ORIENTED_EDGE('',*,*,#6873,.F.);
#6907 = ORIENTED_EDGE('',*,*,#6274,.T.);
#6908 = ORIENTED_EDGE('',*,*,#6909,.T.);
#6909 = EDGE_CURVE('',#6265,#6706,#6910,.T.);
#6910 = CIRCLE('',#6911,0.1);
#6911 = AXIS2_PLACEMENT_3D('',#6912,#6913,#6914);
#6912 = CARTESIAN_POINT('',(-0.801794919243,-1.4,0.7));
#6913 = DIRECTION('',(0.,-1.,0.));
#6914 = DIRECTION('',(0.,0.,1.));
#6915 = ORIENTED_EDGE('',*,*,#6705,.T.);
#6916 = TOROIDAL_SURFACE('',#6917,0.173205080757,0.1);
#6917 = AXIS2_PLACEMENT_3D('',#6918,#6919,#6920);
#6918 = CARTESIAN_POINT('',(-0.975,-1.4,0.7));
#6919 = DIRECTION('',(0.,1.290716872007E-16,-1.));
#6920 = DIRECTION('',(0.,1.,1.290716872007E-16));
#6921 = ADVANCED_FACE('',(#6922),#6934,.T.);
#6922 = FACE_BOUND('',#6923,.T.);
#6923 = EDGE_LOOP('',(#6924,#6925,#6926,#6933));
#6924 = ORIENTED_EDGE('',*,*,#6891,.F.);
#6925 = ORIENTED_EDGE('',*,*,#6780,.T.);
#6926 = ORIENTED_EDGE('',*,*,#6927,.T.);
#6927 = EDGE_CURVE('',#6781,#6309,#6928,.T.);
#6928 = CIRCLE('',#6929,0.1);
#6929 = AXIS2_PLACEMENT_3D('',#6930,#6931,#6932);
#6930 = CARTESIAN_POINT('',(-1.025,-0.326794919243,0.7));
#6931 = DIRECTION('',(-1.,0.,-0.));
#6932 = DIRECTION('',(-0.,0.,1.));
#6933 = ORIENTED_EDGE('',*,*,#6308,.T.);
#6934 = TOROIDAL_SURFACE('',#6935,0.173205080757,0.1);
#6935 = AXIS2_PLACEMENT_3D('',#6936,#6937,#6938);
#6936 = CARTESIAN_POINT('',(-1.025,-0.5,0.7));
#6937 = DIRECTION('',(0.,1.290716872007E-16,-1.));
#6938 = DIRECTION('',(0.,1.,1.290716872007E-16));
#6939 = ADVANCED_FACE('',(#6940),#6952,.T.);
#6940 = FACE_BOUND('',#6941,.T.);
#6941 = EDGE_LOOP('',(#6942,#6943,#6944,#6951));
#6942 = ORIENTED_EDGE('',*,*,#6909,.F.);
#6943 = ORIENTED_EDGE('',*,*,#6264,.T.);
#6944 = ORIENTED_EDGE('',*,*,#6945,.T.);
#6945 = EDGE_CURVE('',#6267,#6756,#6946,.T.);
#6946 = CIRCLE('',#6947,0.1);
#6947 = AXIS2_PLACEMENT_3D('',#6948,#6949,#6950);
#6948 = CARTESIAN_POINT('',(-0.801794919243,-0.5,0.7));
#6949 = DIRECTION('',(0.,-1.,0.));
#6950 = DIRECTION('',(0.,0.,1.));
#6951 = ORIENTED_EDGE('',*,*,#6755,.T.);
#6952 = CYLINDRICAL_SURFACE('',#6953,0.1);
#6953 = AXIS2_PLACEMENT_3D('',#6954,#6955,#6956);
#6954 = CARTESIAN_POINT('',(-0.801794919243,3.,0.7));
#6955 = DIRECTION('',(-9.856383386232E-17,-1.,0.));
#6956 = DIRECTION('',(-1.,9.856383386232E-17,0.));
#6957 = ADVANCED_FACE('',(#6958),#6970,.T.);
#6958 = FACE_BOUND('',#6959,.T.);
#6959 = EDGE_LOOP('',(#6960,#6961,#6962,#6969));
#6960 = ORIENTED_EDGE('',*,*,#6927,.F.);
#6961 = ORIENTED_EDGE('',*,*,#6830,.T.);
#6962 = ORIENTED_EDGE('',*,*,#6963,.T.);
#6963 = EDGE_CURVE('',#6806,#6318,#6964,.T.);
#6964 = CIRCLE('',#6965,0.1);
#6965 = AXIS2_PLACEMENT_3D('',#6966,#6967,#6968);
#6966 = CARTESIAN_POINT('',(-0.975,-0.326794919243,0.7));
#6967 = DIRECTION('',(-1.,0.,-0.));
#6968 = DIRECTION('',(-0.,0.,1.));
#6969 = ORIENTED_EDGE('',*,*,#6317,.T.);
#6970 = CYLINDRICAL_SURFACE('',#6971,0.1);
#6971 = AXIS2_PLACEMENT_3D('',#6972,#6973,#6974);
#6972 = CARTESIAN_POINT('',(0.,-0.326794919243,0.7));
#6973 = DIRECTION('',(1.,0.,0.));
#6974 = DIRECTION('',(0.,0.,1.));
#6975 = ADVANCED_FACE('',(#6976),#6982,.T.);
#6976 = FACE_BOUND('',#6977,.T.);
#6977 = EDGE_LOOP('',(#6978,#6979,#6980,#6981));
#6978 = ORIENTED_EDGE('',*,*,#6945,.F.);
#6979 = ORIENTED_EDGE('',*,*,#6325,.T.);
#6980 = ORIENTED_EDGE('',*,*,#6963,.F.);
#6981 = ORIENTED_EDGE('',*,*,#6805,.T.);
#6982 = TOROIDAL_SURFACE('',#6983,0.173205080757,0.1);
#6983 = AXIS2_PLACEMENT_3D('',#6984,#6985,#6986);
#6984 = CARTESIAN_POINT('',(-0.975,-0.5,0.7));
#6985 = DIRECTION('',(0.,1.290716872007E-16,-1.));
#6986 = DIRECTION('',(0.,1.,1.290716872007E-16));
#6987 = MANIFOLD_SOLID_BREP('',#6988);
#6988 = CLOSED_SHELL('',(#6989,#7029,#7146,#7177,#7215,#7237,#7277,#7317
    ,#7339,#7356,#7373,#7385,#7407,#7424,#7441,#7453,#7484,#7515,#7537,
    #7549,#7561,#7601,#7634,#7659,#7684,#7709,#7734,#7759,#7784,#7801,
    #7825,#7843,#7861,#7879,#7897,#7915,#7933));
#6989 = ADVANCED_FACE('',(#6990),#7024,.F.);
#6990 = FACE_BOUND('',#6991,.T.);
#6991 = EDGE_LOOP('',(#6992,#7002,#7010,#7018));
#6992 = ORIENTED_EDGE('',*,*,#6993,.F.);
#6993 = EDGE_CURVE('',#6994,#6996,#6998,.T.);
#6994 = VERTEX_POINT('',#6995);
#6995 = CARTESIAN_POINT('',(1.25,-0.3,0.3));
#6996 = VERTEX_POINT('',#6997);
#6997 = CARTESIAN_POINT('',(1.25,-0.3,0.8));
#6998 = LINE('',#6999,#7000);
#6999 = CARTESIAN_POINT('',(1.25,-0.3,-1.005995788661));
#7000 = VECTOR('',#7001,1.);
#7001 = DIRECTION('',(0.,0.,1.));
#7002 = ORIENTED_EDGE('',*,*,#7003,.F.);
#7003 = EDGE_CURVE('',#7004,#6994,#7006,.T.);
#7004 = VERTEX_POINT('',#7005);
#7005 = CARTESIAN_POINT('',(1.25,4.7,0.3));
#7006 = LINE('',#7007,#7008);
#7007 = CARTESIAN_POINT('',(1.25,5.,0.3));
#7008 = VECTOR('',#7009,1.);
#7009 = DIRECTION('',(0.,-1.,-1.290716872007E-16));
#7010 = ORIENTED_EDGE('',*,*,#7011,.T.);
#7011 = EDGE_CURVE('',#7004,#7012,#7014,.T.);
#7012 = VERTEX_POINT('',#7013);
#7013 = CARTESIAN_POINT('',(1.25,4.7,0.8));
#7014 = LINE('',#7015,#7016);
#7015 = CARTESIAN_POINT('',(1.25,4.7,0.8));
#7016 = VECTOR('',#7017,1.);
#7017 = DIRECTION('',(0.,0.,1.));
#7018 = ORIENTED_EDGE('',*,*,#7019,.T.);
#7019 = EDGE_CURVE('',#7012,#6996,#7020,.T.);
#7020 = LINE('',#7021,#7022);
#7021 = CARTESIAN_POINT('',(1.25,5.,0.8));
#7022 = VECTOR('',#7023,1.);
#7023 = DIRECTION('',(0.,-1.,-1.290716872007E-16));
#7024 = PLANE('',#7025);
#7025 = AXIS2_PLACEMENT_3D('',#7026,#7027,#7028);
#7026 = CARTESIAN_POINT('',(1.25,5.,0.8));
#7027 = DIRECTION('',(-1.,0.,-0.));
#7028 = DIRECTION('',(0.,0.,1.));
#7029 = ADVANCED_FACE('',(#7030,#7100),#7141,.F.);
#7030 = FACE_BOUND('',#7031,.T.);
#7031 = EDGE_LOOP('',(#7032,#7042,#7051,#7059,#7068,#7076,#7085,#7093));
#7032 = ORIENTED_EDGE('',*,*,#7033,.T.);
#7033 = EDGE_CURVE('',#7034,#7036,#7038,.T.);
#7034 = VERTEX_POINT('',#7035);
#7035 = CARTESIAN_POINT('',(0.801794919243,-1.4,0.8));
#7036 = VERTEX_POINT('',#7037);
#7037 = CARTESIAN_POINT('',(0.801794919243,-0.5,0.8));
#7038 = LINE('',#7039,#7040);
#7039 = CARTESIAN_POINT('',(0.801794919243,5.,0.8));
#7040 = VECTOR('',#7041,1.);
#7041 = DIRECTION('',(-9.856383386232E-17,1.,1.290716872007E-16));
#7042 = ORIENTED_EDGE('',*,*,#7043,.T.);
#7043 = EDGE_CURVE('',#7036,#7044,#7046,.T.);
#7044 = VERTEX_POINT('',#7045);
#7045 = CARTESIAN_POINT('',(0.975,-0.326794919243,0.8));
#7046 = CIRCLE('',#7047,0.173205080757);
#7047 = AXIS2_PLACEMENT_3D('',#7048,#7049,#7050);
#7048 = CARTESIAN_POINT('',(0.975,-0.5,0.8));
#7049 = DIRECTION('',(0.,1.290716872007E-16,-1.));
#7050 = DIRECTION('',(0.,1.,1.290716872007E-16));
#7051 = ORIENTED_EDGE('',*,*,#7052,.T.);
#7052 = EDGE_CURVE('',#7044,#7053,#7055,.T.);
#7053 = VERTEX_POINT('',#7054);
#7054 = CARTESIAN_POINT('',(1.025,-0.326794919243,0.8));
#7055 = LINE('',#7056,#7057);
#7056 = CARTESIAN_POINT('',(1.25,-0.326794919243,0.8));
#7057 = VECTOR('',#7058,1.);
#7058 = DIRECTION('',(1.,-0.,-0.));
#7059 = ORIENTED_EDGE('',*,*,#7060,.T.);
#7060 = EDGE_CURVE('',#7053,#7061,#7063,.T.);
#7061 = VERTEX_POINT('',#7062);
#7062 = CARTESIAN_POINT('',(1.198205080757,-0.5,0.8));
#7063 = CIRCLE('',#7064,0.173205080757);
#7064 = AXIS2_PLACEMENT_3D('',#7065,#7066,#7067);
#7065 = CARTESIAN_POINT('',(1.025,-0.5,0.8));
#7066 = DIRECTION('',(0.,1.290716872007E-16,-1.));
#7067 = DIRECTION('',(0.,1.,1.290716872007E-16));
#7068 = ORIENTED_EDGE('',*,*,#7069,.T.);
#7069 = EDGE_CURVE('',#7061,#7070,#7072,.T.);
#7070 = VERTEX_POINT('',#7071);
#7071 = CARTESIAN_POINT('',(1.198205080757,-1.4,0.8));
#7072 = LINE('',#7073,#7074);
#7073 = CARTESIAN_POINT('',(1.198205080757,5.,0.8));
#7074 = VECTOR('',#7075,1.);
#7075 = DIRECTION('',(-0.,-1.,-1.290716872007E-16));
#7076 = ORIENTED_EDGE('',*,*,#7077,.T.);
#7077 = EDGE_CURVE('',#7070,#7078,#7080,.T.);
#7078 = VERTEX_POINT('',#7079);
#7079 = CARTESIAN_POINT('',(1.025,-1.573205080757,0.8));
#7080 = CIRCLE('',#7081,0.173205080757);
#7081 = AXIS2_PLACEMENT_3D('',#7082,#7083,#7084);
#7082 = CARTESIAN_POINT('',(1.025,-1.4,0.8));
#7083 = DIRECTION('',(0.,1.290716872007E-16,-1.));
#7084 = DIRECTION('',(0.,1.,1.290716872007E-16));
#7085 = ORIENTED_EDGE('',*,*,#7086,.T.);
#7086 = EDGE_CURVE('',#7078,#7087,#7089,.T.);
#7087 = VERTEX_POINT('',#7088);
#7088 = CARTESIAN_POINT('',(0.975,-1.573205080757,0.8));
#7089 = LINE('',#7090,#7091);
#7090 = CARTESIAN_POINT('',(1.25,-1.573205080757,0.8));
#7091 = VECTOR('',#7092,1.);
#7092 = DIRECTION('',(-1.,-0.,-0.));
#7093 = ORIENTED_EDGE('',*,*,#7094,.T.);
#7094 = EDGE_CURVE('',#7087,#7034,#7095,.T.);
#7095 = CIRCLE('',#7096,0.173205080757);
#7096 = AXIS2_PLACEMENT_3D('',#7097,#7098,#7099);
#7097 = CARTESIAN_POINT('',(0.975,-1.4,0.8));
#7098 = DIRECTION('',(0.,1.290716872007E-16,-1.));
#7099 = DIRECTION('',(0.,1.,1.290716872007E-16));
#7100 = FACE_BOUND('',#7101,.T.);
#7101 = EDGE_LOOP('',(#7102,#7112,#7118,#7119,#7127,#7135));
#7102 = ORIENTED_EDGE('',*,*,#7103,.F.);
#7103 = EDGE_CURVE('',#7104,#7106,#7108,.T.);
#7104 = VERTEX_POINT('',#7105);
#7105 = CARTESIAN_POINT('',(1.25,-1.6,0.8));
#7106 = VERTEX_POINT('',#7107);
#7107 = CARTESIAN_POINT('',(1.25,-3.1,0.8));
#7108 = LINE('',#7109,#7110);
#7109 = CARTESIAN_POINT('',(1.25,5.,0.8));
#7110 = VECTOR('',#7111,1.);
#7111 = DIRECTION('',(0.,-1.,-1.290716872007E-16));
#7112 = ORIENTED_EDGE('',*,*,#7113,.T.);
#7113 = EDGE_CURVE('',#7104,#6996,#7114,.T.);
#7114 = LINE('',#7115,#7116);
#7115 = CARTESIAN_POINT('',(1.25,-0.425,0.8));
#7116 = VECTOR('',#7117,1.);
#7117 = DIRECTION('',(-2.06514699521E-16,1.,1.290716872007E-16));
#7118 = ORIENTED_EDGE('',*,*,#7019,.F.);
#7119 = ORIENTED_EDGE('',*,*,#7120,.T.);
#7120 = EDGE_CURVE('',#7012,#7121,#7123,.T.);
#7121 = VERTEX_POINT('',#7122);
#7122 = CARTESIAN_POINT('',(0.75,4.7,0.8));
#7123 = LINE('',#7124,#7125);
#7124 = CARTESIAN_POINT('',(0.75,4.7,0.8));
#7125 = VECTOR('',#7126,1.);
#7126 = DIRECTION('',(-1.,0.,0.));
#7127 = ORIENTED_EDGE('',*,*,#7128,.T.);
#7128 = EDGE_CURVE('',#7121,#7129,#7131,.T.);
#7129 = VERTEX_POINT('',#7130);
#7130 = CARTESIAN_POINT('',(0.75,-3.1,0.8));
#7131 = LINE('',#7132,#7133);
#7132 = CARTESIAN_POINT('',(0.75,5.,0.8));
#7133 = VECTOR('',#7134,1.);
#7134 = DIRECTION('',(0.,-1.,-1.290716872007E-16));
#7135 = ORIENTED_EDGE('',*,*,#7136,.T.);
#7136 = EDGE_CURVE('',#7129,#7106,#7137,.T.);
#7137 = LINE('',#7138,#7139);
#7138 = CARTESIAN_POINT('',(1.25,-3.1,0.8));
#7139 = VECTOR('',#7140,1.);
#7140 = DIRECTION('',(1.,0.,0.));
#7141 = PLANE('',#7142);
#7142 = AXIS2_PLACEMENT_3D('',#7143,#7144,#7145);
#7143 = CARTESIAN_POINT('',(1.25,5.,0.8));
#7144 = DIRECTION('',(0.,1.290716872007E-16,-1.));
#7145 = DIRECTION('',(0.,1.,1.290716872007E-16));
#7146 = ADVANCED_FACE('',(#7147),#7172,.F.);
#7147 = FACE_BOUND('',#7148,.T.);
#7148 = EDGE_LOOP('',(#7149,#7159,#7165,#7166));
#7149 = ORIENTED_EDGE('',*,*,#7150,.T.);
#7150 = EDGE_CURVE('',#7151,#7153,#7155,.T.);
#7151 = VERTEX_POINT('',#7152);
#7152 = CARTESIAN_POINT('',(0.75,4.7,0.3));
#7153 = VERTEX_POINT('',#7154);
#7154 = CARTESIAN_POINT('',(0.75,-3.1,0.3));
#7155 = LINE('',#7156,#7157);
#7156 = CARTESIAN_POINT('',(0.75,5.,0.3));
#7157 = VECTOR('',#7158,1.);
#7158 = DIRECTION('',(0.,-1.,-1.290716872007E-16));
#7159 = ORIENTED_EDGE('',*,*,#7160,.T.);
#7160 = EDGE_CURVE('',#7153,#7129,#7161,.T.);
#7161 = LINE('',#7162,#7163);
#7162 = CARTESIAN_POINT('',(0.75,-3.1,0.8));
#7163 = VECTOR('',#7164,1.);
#7164 = DIRECTION('',(2.168404344971E-16,0.,1.));
#7165 = ORIENTED_EDGE('',*,*,#7128,.F.);
#7166 = ORIENTED_EDGE('',*,*,#7167,.T.);
#7167 = EDGE_CURVE('',#7121,#7151,#7168,.T.);
#7168 = LINE('',#7169,#7170);
#7169 = CARTESIAN_POINT('',(0.75,4.7,0.3));
#7170 = VECTOR('',#7171,1.);
#7171 = DIRECTION('',(-2.168404344971E-16,0.,-1.));
#7172 = PLANE('',#7173);
#7173 = AXIS2_PLACEMENT_3D('',#7174,#7175,#7176);
#7174 = CARTESIAN_POINT('',(0.75,5.,0.8));
#7175 = DIRECTION('',(1.,2.798796073386E-32,-2.168404344971E-16));
#7176 = DIRECTION('',(-2.168404344971E-16,0.,-1.));
#7177 = ADVANCED_FACE('',(#7178),#7210,.F.);
#7178 = FACE_BOUND('',#7179,.T.);
#7179 = EDGE_LOOP('',(#7180,#7181,#7189,#7197,#7203,#7204));
#7180 = ORIENTED_EDGE('',*,*,#7003,.T.);
#7181 = ORIENTED_EDGE('',*,*,#7182,.T.);
#7182 = EDGE_CURVE('',#6994,#7183,#7185,.T.);
#7183 = VERTEX_POINT('',#7184);
#7184 = CARTESIAN_POINT('',(1.25,-1.6,0.3));
#7185 = LINE('',#7186,#7187);
#7186 = CARTESIAN_POINT('',(1.25,-1.475,0.3));
#7187 = VECTOR('',#7188,1.);
#7188 = DIRECTION('',(2.06514699521E-16,-1.,-1.290716872007E-16));
#7189 = ORIENTED_EDGE('',*,*,#7190,.T.);
#7190 = EDGE_CURVE('',#7183,#7191,#7193,.T.);
#7191 = VERTEX_POINT('',#7192);
#7192 = CARTESIAN_POINT('',(1.25,-3.1,0.3));
#7193 = LINE('',#7194,#7195);
#7194 = CARTESIAN_POINT('',(1.25,5.,0.3));
#7195 = VECTOR('',#7196,1.);
#7196 = DIRECTION('',(0.,-1.,-1.290716872007E-16));
#7197 = ORIENTED_EDGE('',*,*,#7198,.T.);
#7198 = EDGE_CURVE('',#7191,#7153,#7199,.T.);
#7199 = LINE('',#7200,#7201);
#7200 = CARTESIAN_POINT('',(1.25,-3.1,0.3));
#7201 = VECTOR('',#7202,1.);
#7202 = DIRECTION('',(-1.,0.,-2.168404344971E-16));
#7203 = ORIENTED_EDGE('',*,*,#7150,.F.);
#7204 = ORIENTED_EDGE('',*,*,#7205,.T.);
#7205 = EDGE_CURVE('',#7151,#7004,#7206,.T.);
#7206 = LINE('',#7207,#7208);
#7207 = CARTESIAN_POINT('',(1.25,4.7,0.3));
#7208 = VECTOR('',#7209,1.);
#7209 = DIRECTION('',(1.,0.,2.168404344971E-16));
#7210 = PLANE('',#7211);
#7211 = AXIS2_PLACEMENT_3D('',#7212,#7213,#7214);
#7212 = CARTESIAN_POINT('',(1.25,5.,0.3));
#7213 = DIRECTION('',(-2.168404344971E-16,-1.290716872007E-16,1.));
#7214 = DIRECTION('',(1.,0.,2.168404344971E-16));
#7215 = ADVANCED_FACE('',(#7216),#7232,.F.);
#7216 = FACE_BOUND('',#7217,.T.);
#7217 = EDGE_LOOP('',(#7218,#7219,#7225,#7226));
#7218 = ORIENTED_EDGE('',*,*,#7190,.F.);
#7219 = ORIENTED_EDGE('',*,*,#7220,.T.);
#7220 = EDGE_CURVE('',#7183,#7104,#7221,.T.);
#7221 = LINE('',#7222,#7223);
#7222 = CARTESIAN_POINT('',(1.25,-1.6,-1.005995788661));
#7223 = VECTOR('',#7224,1.);
#7224 = DIRECTION('',(0.,0.,1.));
#7225 = ORIENTED_EDGE('',*,*,#7103,.T.);
#7226 = ORIENTED_EDGE('',*,*,#7227,.T.);
#7227 = EDGE_CURVE('',#7106,#7191,#7228,.T.);
#7228 = LINE('',#7229,#7230);
#7229 = CARTESIAN_POINT('',(1.25,-3.1,0.8));
#7230 = VECTOR('',#7231,1.);
#7231 = DIRECTION('',(0.,0.,-1.));
#7232 = PLANE('',#7233);
#7233 = AXIS2_PLACEMENT_3D('',#7234,#7235,#7236);
#7234 = CARTESIAN_POINT('',(1.25,5.,0.8));
#7235 = DIRECTION('',(-1.,0.,-0.));
#7236 = DIRECTION('',(0.,0.,1.));
#7237 = ADVANCED_FACE('',(#7238),#7272,.F.);
#7238 = FACE_BOUND('',#7239,.T.);
#7239 = EDGE_LOOP('',(#7240,#7250,#7258,#7266));
#7240 = ORIENTED_EDGE('',*,*,#7241,.T.);
#7241 = EDGE_CURVE('',#7242,#7244,#7246,.T.);
#7242 = VERTEX_POINT('',#7243);
#7243 = CARTESIAN_POINT('',(1.14080892972,-3.4,0.40919107028));
#7244 = VERTEX_POINT('',#7245);
#7245 = CARTESIAN_POINT('',(1.14080892972,-3.4,0.69080892972));
#7246 = LINE('',#7247,#7248);
#7247 = CARTESIAN_POINT('',(1.14080892972,-3.4,5.782411586589E-16));
#7248 = VECTOR('',#7249,1.);
#7249 = DIRECTION('',(0.,0.,1.));
#7250 = ORIENTED_EDGE('',*,*,#7251,.T.);
#7251 = EDGE_CURVE('',#7244,#7252,#7254,.T.);
#7252 = VERTEX_POINT('',#7253);
#7253 = CARTESIAN_POINT('',(0.85919107028,-3.4,0.69080892972));
#7254 = LINE('',#7255,#7256);
#7255 = CARTESIAN_POINT('',(-0.,-3.4,0.69080892972));
#7256 = VECTOR('',#7257,1.);
#7257 = DIRECTION('',(-1.,0.,0.));
#7258 = ORIENTED_EDGE('',*,*,#7259,.T.);
#7259 = EDGE_CURVE('',#7252,#7260,#7262,.T.);
#7260 = VERTEX_POINT('',#7261);
#7261 = CARTESIAN_POINT('',(0.85919107028,-3.4,0.40919107028));
#7262 = LINE('',#7263,#7264);
#7263 = CARTESIAN_POINT('',(0.85919107028,-3.4,3.919337936634E-16));
#7264 = VECTOR('',#7265,1.);
#7265 = DIRECTION('',(-2.168404344971E-16,0.,-1.));
#7266 = ORIENTED_EDGE('',*,*,#7267,.T.);
#7267 = EDGE_CURVE('',#7260,#7242,#7268,.T.);
#7268 = LINE('',#7269,#7270);
#7269 = CARTESIAN_POINT('',(-8.872916947182E-17,-3.4,0.40919107028));
#7270 = VECTOR('',#7271,1.);
#7271 = DIRECTION('',(1.,0.,2.168404344971E-16));
#7272 = PLANE('',#7273);
#7273 = AXIS2_PLACEMENT_3D('',#7274,#7275,#7276);
#7274 = CARTESIAN_POINT('',(0.,-3.4,5.782411586589E-16));
#7275 = DIRECTION('',(0.,1.,0.));
#7276 = DIRECTION('',(0.,-0.,1.));
#7277 = ADVANCED_FACE('',(#7278),#7312,.T.);
#7278 = FACE_BOUND('',#7279,.T.);
#7279 = EDGE_LOOP('',(#7280,#7290,#7298,#7306));
#7280 = ORIENTED_EDGE('',*,*,#7281,.T.);
#7281 = EDGE_CURVE('',#7282,#7284,#7286,.T.);
#7282 = VERTEX_POINT('',#7283);
#7283 = CARTESIAN_POINT('',(1.14080892972,5.,0.69080892972));
#7284 = VERTEX_POINT('',#7285);
#7285 = CARTESIAN_POINT('',(1.14080892972,5.,0.40919107028));
#7286 = LINE('',#7287,#7288);
#7287 = CARTESIAN_POINT('',(1.14080892972,5.,0.3));
#7288 = VECTOR('',#7289,1.);
#7289 = DIRECTION('',(0.,0.,-1.));
#7290 = ORIENTED_EDGE('',*,*,#7291,.T.);
#7291 = EDGE_CURVE('',#7284,#7292,#7294,.T.);
#7292 = VERTEX_POINT('',#7293);
#7293 = CARTESIAN_POINT('',(0.85919107028,5.,0.40919107028));
#7294 = LINE('',#7295,#7296);
#7295 = CARTESIAN_POINT('',(0.75,5.,0.40919107028));
#7296 = VECTOR('',#7297,1.);
#7297 = DIRECTION('',(-1.,0.,-2.168404344971E-16));
#7298 = ORIENTED_EDGE('',*,*,#7299,.T.);
#7299 = EDGE_CURVE('',#7292,#7300,#7302,.T.);
#7300 = VERTEX_POINT('',#7301);
#7301 = CARTESIAN_POINT('',(0.85919107028,5.,0.69080892972));
#7302 = LINE('',#7303,#7304);
#7303 = CARTESIAN_POINT('',(0.85919107028,5.,0.8));
#7304 = VECTOR('',#7305,1.);
#7305 = DIRECTION('',(2.168404344971E-16,0.,1.));
#7306 = ORIENTED_EDGE('',*,*,#7307,.T.);
#7307 = EDGE_CURVE('',#7300,#7282,#7308,.T.);
#7308 = LINE('',#7309,#7310);
#7309 = CARTESIAN_POINT('',(1.25,5.,0.69080892972));
#7310 = VECTOR('',#7311,1.);
#7311 = DIRECTION('',(1.,0.,0.));
#7312 = PLANE('',#7313);
#7313 = AXIS2_PLACEMENT_3D('',#7314,#7315,#7316);
#7314 = CARTESIAN_POINT('',(0.,5.,1.662443331144E-15));
#7315 = DIRECTION('',(0.,1.,0.));
#7316 = DIRECTION('',(0.,-0.,1.));
#7317 = ADVANCED_FACE('',(#7318),#7334,.F.);
#7318 = FACE_BOUND('',#7319,.T.);
#7319 = EDGE_LOOP('',(#7320,#7326,#7327,#7333));
#7320 = ORIENTED_EDGE('',*,*,#7321,.F.);
#7321 = EDGE_CURVE('',#7242,#7191,#7322,.T.);
#7322 = LINE('',#7323,#7324);
#7323 = CARTESIAN_POINT('',(1.25,-3.1,0.3));
#7324 = VECTOR('',#7325,1.);
#7325 = DIRECTION('',(0.323615577118,0.889126490716,-0.323615577118));
#7326 = ORIENTED_EDGE('',*,*,#7267,.F.);
#7327 = ORIENTED_EDGE('',*,*,#7328,.F.);
#7328 = EDGE_CURVE('',#7153,#7260,#7329,.T.);
#7329 = LINE('',#7330,#7331);
#7330 = CARTESIAN_POINT('',(0.802363520877,-3.243867591212,
    0.352363520877));
#7331 = VECTOR('',#7332,1.);
#7332 = DIRECTION('',(0.323615577118,-0.889126490716,0.323615577118));
#7333 = ORIENTED_EDGE('',*,*,#7198,.F.);
#7334 = PLANE('',#7335);
#7335 = AXIS2_PLACEMENT_3D('',#7336,#7337,#7338);
#7336 = CARTESIAN_POINT('',(1.25,-3.1,0.3));
#7337 = DIRECTION('',(-2.037633561849E-16,0.342020143326,0.939692620786)
  );
#7338 = DIRECTION('',(-1.,-2.465190328816E-32,-2.168404344971E-16));
#7339 = ADVANCED_FACE('',(#7340),#7351,.F.);
#7340 = FACE_BOUND('',#7341,.T.);
#7341 = EDGE_LOOP('',(#7342,#7343,#7344,#7350));
#7342 = ORIENTED_EDGE('',*,*,#7328,.T.);
#7343 = ORIENTED_EDGE('',*,*,#7259,.F.);
#7344 = ORIENTED_EDGE('',*,*,#7345,.F.);
#7345 = EDGE_CURVE('',#7129,#7252,#7346,.T.);
#7346 = LINE('',#7347,#7348);
#7347 = CARTESIAN_POINT('',(0.75,-3.1,0.8));
#7348 = VECTOR('',#7349,1.);
#7349 = DIRECTION('',(0.323615577118,-0.889126490716,-0.323615577118));
#7350 = ORIENTED_EDGE('',*,*,#7160,.F.);
#7351 = PLANE('',#7352);
#7352 = AXIS2_PLACEMENT_3D('',#7353,#7354,#7355);
#7353 = CARTESIAN_POINT('',(0.75,-3.1,0.8));
#7354 = DIRECTION('',(0.939692620786,0.342020143326,-2.037633561849E-16)
  );
#7355 = DIRECTION('',(2.168404344971E-16,0.,1.));
#7356 = ADVANCED_FACE('',(#7357),#7368,.F.);
#7357 = FACE_BOUND('',#7358,.T.);
#7358 = EDGE_LOOP('',(#7359,#7360,#7361,#7367));
#7359 = ORIENTED_EDGE('',*,*,#7321,.T.);
#7360 = ORIENTED_EDGE('',*,*,#7227,.F.);
#7361 = ORIENTED_EDGE('',*,*,#7362,.F.);
#7362 = EDGE_CURVE('',#7244,#7106,#7363,.T.);
#7363 = LINE('',#7364,#7365);
#7364 = CARTESIAN_POINT('',(1.25,-3.1,0.8));
#7365 = VECTOR('',#7366,1.);
#7366 = DIRECTION('',(0.323615577118,0.889126490716,0.323615577118));
#7367 = ORIENTED_EDGE('',*,*,#7241,.F.);
#7368 = PLANE('',#7369);
#7369 = AXIS2_PLACEMENT_3D('',#7370,#7371,#7372);
#7370 = CARTESIAN_POINT('',(1.25,-3.1,0.8));
#7371 = DIRECTION('',(-0.939692620786,0.342020143326,0.));
#7372 = DIRECTION('',(0.,0.,-1.));
#7373 = ADVANCED_FACE('',(#7374),#7380,.F.);
#7374 = FACE_BOUND('',#7375,.T.);
#7375 = EDGE_LOOP('',(#7376,#7377,#7378,#7379));
#7376 = ORIENTED_EDGE('',*,*,#7345,.T.);
#7377 = ORIENTED_EDGE('',*,*,#7251,.F.);
#7378 = ORIENTED_EDGE('',*,*,#7362,.T.);
#7379 = ORIENTED_EDGE('',*,*,#7136,.F.);
#7380 = PLANE('',#7381);
#7381 = AXIS2_PLACEMENT_3D('',#7382,#7383,#7384);
#7382 = CARTESIAN_POINT('',(1.25,-3.1,0.8));
#7383 = DIRECTION('',(0.,0.342020143326,-0.939692620786));
#7384 = DIRECTION('',(1.,-0.,0.));
#7385 = ADVANCED_FACE('',(#7386),#7402,.T.);
#7386 = FACE_BOUND('',#7387,.T.);
#7387 = EDGE_LOOP('',(#7388,#7394,#7395,#7401));
#7388 = ORIENTED_EDGE('',*,*,#7389,.F.);
#7389 = EDGE_CURVE('',#7121,#7300,#7390,.T.);
#7390 = LINE('',#7391,#7392);
#7391 = CARTESIAN_POINT('',(0.931537445906,5.198770033413,0.618462554094
    ));
#7392 = VECTOR('',#7393,1.);
#7393 = DIRECTION('',(0.323615577118,0.889126490716,-0.323615577118));
#7394 = ORIENTED_EDGE('',*,*,#7120,.F.);
#7395 = ORIENTED_EDGE('',*,*,#7396,.F.);
#7396 = EDGE_CURVE('',#7282,#7012,#7397,.T.);
#7397 = LINE('',#7398,#7399);
#7398 = CARTESIAN_POINT('',(1.021335385305,5.328250865504,0.571335385305
    ));
#7399 = VECTOR('',#7400,1.);
#7400 = DIRECTION('',(0.323615577118,-0.889126490716,0.323615577118));
#7401 = ORIENTED_EDGE('',*,*,#7307,.F.);
#7402 = PLANE('',#7403);
#7403 = AXIS2_PLACEMENT_3D('',#7404,#7405,#7406);
#7404 = CARTESIAN_POINT('',(0.,5.,0.69080892972));
#7405 = DIRECTION('',(0.,0.342020143326,0.939692620786));
#7406 = DIRECTION('',(-1.,0.,0.));
#7407 = ADVANCED_FACE('',(#7408),#7419,.T.);
#7408 = FACE_BOUND('',#7409,.T.);
#7409 = EDGE_LOOP('',(#7410,#7411,#7412,#7418));
#7410 = ORIENTED_EDGE('',*,*,#7396,.T.);
#7411 = ORIENTED_EDGE('',*,*,#7011,.F.);
#7412 = ORIENTED_EDGE('',*,*,#7413,.F.);
#7413 = EDGE_CURVE('',#7284,#7004,#7414,.T.);
#7414 = LINE('',#7415,#7416);
#7415 = CARTESIAN_POINT('',(1.183662300023,4.882261332747,0.366337699977
    ));
#7416 = VECTOR('',#7417,1.);
#7417 = DIRECTION('',(0.323615577118,-0.889126490716,-0.323615577118));
#7418 = ORIENTED_EDGE('',*,*,#7281,.F.);
#7419 = PLANE('',#7420);
#7420 = AXIS2_PLACEMENT_3D('',#7421,#7422,#7423);
#7421 = CARTESIAN_POINT('',(1.14080892972,5.,1.662443331144E-15));
#7422 = DIRECTION('',(0.939692620786,0.342020143326,-0.));
#7423 = DIRECTION('',(0.,0.,1.));
#7424 = ADVANCED_FACE('',(#7425),#7436,.T.);
#7425 = FACE_BOUND('',#7426,.T.);
#7426 = EDGE_LOOP('',(#7427,#7428,#7429,#7435));
#7427 = ORIENTED_EDGE('',*,*,#7389,.T.);
#7428 = ORIENTED_EDGE('',*,*,#7299,.F.);
#7429 = ORIENTED_EDGE('',*,*,#7430,.F.);
#7430 = EDGE_CURVE('',#7151,#7292,#7431,.T.);
#7431 = LINE('',#7432,#7433);
#7432 = CARTESIAN_POINT('',(0.816337699977,4.882261332747,0.366337699977
    ));
#7433 = VECTOR('',#7434,1.);
#7434 = DIRECTION('',(0.323615577118,0.889126490716,0.323615577118));
#7435 = ORIENTED_EDGE('',*,*,#7167,.F.);
#7436 = PLANE('',#7437);
#7437 = AXIS2_PLACEMENT_3D('',#7438,#7439,#7440);
#7438 = CARTESIAN_POINT('',(0.85919107028,5.,1.476135966149E-15));
#7439 = DIRECTION('',(-0.939692620786,0.342020143326,2.037633561849E-16)
  );
#7440 = DIRECTION('',(-2.168404344971E-16,0.,-1.));
#7441 = ADVANCED_FACE('',(#7442),#7448,.T.);
#7442 = FACE_BOUND('',#7443,.T.);
#7443 = EDGE_LOOP('',(#7444,#7445,#7446,#7447));
#7444 = ORIENTED_EDGE('',*,*,#7413,.T.);
#7445 = ORIENTED_EDGE('',*,*,#7205,.F.);
#7446 = ORIENTED_EDGE('',*,*,#7430,.T.);
#7447 = ORIENTED_EDGE('',*,*,#7291,.F.);
#7448 = PLANE('',#7449);
#7449 = AXIS2_PLACEMENT_3D('',#7450,#7451,#7452);
#7450 = CARTESIAN_POINT('',(-8.872916947182E-17,5.,0.40919107028));
#7451 = DIRECTION('',(2.037633561849E-16,0.342020143326,-0.939692620786)
  );
#7452 = DIRECTION('',(1.,-2.465190328816E-32,2.168404344971E-16));
#7453 = ADVANCED_FACE('',(#7454),#7479,.T.);
#7454 = FACE_BOUND('',#7455,.T.);
#7455 = EDGE_LOOP('',(#7456,#7466,#7472,#7473));
#7456 = ORIENTED_EDGE('',*,*,#7457,.F.);
#7457 = EDGE_CURVE('',#7458,#7460,#7462,.T.);
#7458 = VERTEX_POINT('',#7459);
#7459 = CARTESIAN_POINT('',(1.375,-0.425,0.425));
#7460 = VERTEX_POINT('',#7461);
#7461 = CARTESIAN_POINT('',(1.375,-0.425,0.675));
#7462 = LINE('',#7463,#7464);
#7463 = CARTESIAN_POINT('',(1.375,-0.425,-1.005995788661));
#7464 = VECTOR('',#7465,1.);
#7465 = DIRECTION('',(0.,0.,1.));
#7466 = ORIENTED_EDGE('',*,*,#7467,.T.);
#7467 = EDGE_CURVE('',#7458,#6994,#7468,.T.);
#7468 = LINE('',#7469,#7470);
#7469 = CARTESIAN_POINT('',(0.814668070446,0.135331929554,
    -0.135331929554));
#7470 = VECTOR('',#7471,1.);
#7471 = DIRECTION('',(-0.57735026919,0.57735026919,-0.57735026919));
#7472 = ORIENTED_EDGE('',*,*,#6993,.T.);
#7473 = ORIENTED_EDGE('',*,*,#7474,.T.);
#7474 = EDGE_CURVE('',#6996,#7460,#7475,.T.);
#7475 = LINE('',#7476,#7477);
#7476 = CARTESIAN_POINT('',(1.85199859622,-0.90199859622,0.19800140378)
  );
#7477 = VECTOR('',#7478,1.);
#7478 = DIRECTION('',(0.57735026919,-0.57735026919,-0.57735026919));
#7479 = PLANE('',#7480);
#7480 = AXIS2_PLACEMENT_3D('',#7481,#7482,#7483);
#7481 = CARTESIAN_POINT('',(1.25,-0.3,-1.005995788661));
#7482 = DIRECTION('',(0.707106781187,0.707106781187,-0.));
#7483 = DIRECTION('',(-0.707106781187,0.707106781187,0.));
#7484 = ADVANCED_FACE('',(#7485),#7510,.T.);
#7485 = FACE_BOUND('',#7486,.T.);
#7486 = EDGE_LOOP('',(#7487,#7497,#7503,#7504));
#7487 = ORIENTED_EDGE('',*,*,#7488,.F.);
#7488 = EDGE_CURVE('',#7489,#7491,#7493,.T.);
#7489 = VERTEX_POINT('',#7490);
#7490 = CARTESIAN_POINT('',(1.375,-1.475,0.425));
#7491 = VERTEX_POINT('',#7492);
#7492 = CARTESIAN_POINT('',(1.375,-1.475,0.675));
#7493 = LINE('',#7494,#7495);
#7494 = CARTESIAN_POINT('',(1.375,-1.475,-1.005995788661));
#7495 = VECTOR('',#7496,1.);
#7496 = DIRECTION('',(0.,0.,1.));
#7497 = ORIENTED_EDGE('',*,*,#7498,.T.);
#7498 = EDGE_CURVE('',#7489,#7458,#7499,.T.);
#7499 = LINE('',#7500,#7501);
#7500 = CARTESIAN_POINT('',(1.375,-0.425,0.425));
#7501 = VECTOR('',#7502,1.);
#7502 = DIRECTION('',(-2.06514699521E-16,1.,1.290716872007E-16));
#7503 = ORIENTED_EDGE('',*,*,#7457,.T.);
#7504 = ORIENTED_EDGE('',*,*,#7505,.T.);
#7505 = EDGE_CURVE('',#7460,#7491,#7506,.T.);
#7506 = LINE('',#7507,#7508);
#7507 = CARTESIAN_POINT('',(1.375,-1.475,0.675));
#7508 = VECTOR('',#7509,1.);
#7509 = DIRECTION('',(2.06514699521E-16,-1.,-1.290716872007E-16));
#7510 = PLANE('',#7511);
#7511 = AXIS2_PLACEMENT_3D('',#7512,#7513,#7514);
#7512 = CARTESIAN_POINT('',(1.375,-0.425,-1.005995788661));
#7513 = DIRECTION('',(1.,2.06514699521E-16,-0.));
#7514 = DIRECTION('',(-2.06514699521E-16,1.,0.));
#7515 = ADVANCED_FACE('',(#7516),#7532,.T.);
#7516 = FACE_BOUND('',#7517,.T.);
#7517 = EDGE_LOOP('',(#7518,#7519,#7525,#7526));
#7518 = ORIENTED_EDGE('',*,*,#7220,.F.);
#7519 = ORIENTED_EDGE('',*,*,#7520,.T.);
#7520 = EDGE_CURVE('',#7183,#7489,#7521,.T.);
#7521 = LINE('',#7522,#7523);
#7522 = CARTESIAN_POINT('',(0.814668070446,-2.035331929554,
    -0.135331929554));
#7523 = VECTOR('',#7524,1.);
#7524 = DIRECTION('',(0.57735026919,0.57735026919,0.57735026919));
#7525 = ORIENTED_EDGE('',*,*,#7488,.T.);
#7526 = ORIENTED_EDGE('',*,*,#7527,.T.);
#7527 = EDGE_CURVE('',#7491,#7104,#7528,.T.);
#7528 = LINE('',#7529,#7530);
#7529 = CARTESIAN_POINT('',(1.85199859622,-0.99800140378,0.19800140378)
  );
#7530 = VECTOR('',#7531,1.);
#7531 = DIRECTION('',(-0.57735026919,-0.57735026919,0.57735026919));
#7532 = PLANE('',#7533);
#7533 = AXIS2_PLACEMENT_3D('',#7534,#7535,#7536);
#7534 = CARTESIAN_POINT('',(1.25,-1.6,-1.005995788661));
#7535 = DIRECTION('',(0.707106781187,-0.707106781187,0.));
#7536 = DIRECTION('',(0.707106781187,0.707106781187,0.));
#7537 = ADVANCED_FACE('',(#7538),#7544,.T.);
#7538 = FACE_BOUND('',#7539,.T.);
#7539 = EDGE_LOOP('',(#7540,#7541,#7542,#7543));
#7540 = ORIENTED_EDGE('',*,*,#7467,.F.);
#7541 = ORIENTED_EDGE('',*,*,#7498,.F.);
#7542 = ORIENTED_EDGE('',*,*,#7520,.F.);
#7543 = ORIENTED_EDGE('',*,*,#7182,.F.);
#7544 = PLANE('',#7545);
#7545 = AXIS2_PLACEMENT_3D('',#7546,#7547,#7548);
#7546 = CARTESIAN_POINT('',(1.25,5.,0.3));
#7547 = DIRECTION('',(0.707106781187,2.372954097248E-16,-0.707106781187)
  );
#7548 = DIRECTION('',(-2.06514699521E-16,1.,1.290716872007E-16));
#7549 = ADVANCED_FACE('',(#7550),#7556,.T.);
#7550 = FACE_BOUND('',#7551,.T.);
#7551 = EDGE_LOOP('',(#7552,#7553,#7554,#7555));
#7552 = ORIENTED_EDGE('',*,*,#7527,.F.);
#7553 = ORIENTED_EDGE('',*,*,#7505,.F.);
#7554 = ORIENTED_EDGE('',*,*,#7474,.F.);
#7555 = ORIENTED_EDGE('',*,*,#7113,.F.);
#7556 = PLANE('',#7557);
#7557 = AXIS2_PLACEMENT_3D('',#7558,#7559,#7560);
#7558 = CARTESIAN_POINT('',(1.25,5.,0.8));
#7559 = DIRECTION('',(0.707106781187,5.476047916726E-17,0.707106781187)
  );
#7560 = DIRECTION('',(2.06514699521E-16,-1.,-1.290716872007E-16));
#7561 = ADVANCED_FACE('',(#7562),#7596,.T.);
#7562 = FACE_BOUND('',#7563,.T.);
#7563 = EDGE_LOOP('',(#7564,#7574,#7582,#7590));
#7564 = ORIENTED_EDGE('',*,*,#7565,.T.);
#7565 = EDGE_CURVE('',#7566,#7568,#7570,.T.);
#7566 = VERTEX_POINT('',#7567);
#7567 = CARTESIAN_POINT('',(1.025,-1.4,0.7));
#7568 = VERTEX_POINT('',#7569);
#7569 = CARTESIAN_POINT('',(1.025,-0.5,0.7));
#7570 = LINE('',#7571,#7572);
#7571 = CARTESIAN_POINT('',(1.025,3.,0.7));
#7572 = VECTOR('',#7573,1.);
#7573 = DIRECTION('',(0.,1.,0.));
#7574 = ORIENTED_EDGE('',*,*,#7575,.T.);
#7575 = EDGE_CURVE('',#7568,#7576,#7578,.T.);
#7576 = VERTEX_POINT('',#7577);
#7577 = CARTESIAN_POINT('',(0.975,-0.5,0.7));
#7578 = LINE('',#7579,#7580);
#7579 = CARTESIAN_POINT('',(0.,-0.5,0.7));
#7580 = VECTOR('',#7581,1.);
#7581 = DIRECTION('',(-1.,0.,-0.));
#7582 = ORIENTED_EDGE('',*,*,#7583,.T.);
#7583 = EDGE_CURVE('',#7576,#7584,#7586,.T.);
#7584 = VERTEX_POINT('',#7585);
#7585 = CARTESIAN_POINT('',(0.975,-1.4,0.7));
#7586 = LINE('',#7587,#7588);
#7587 = CARTESIAN_POINT('',(0.975,3.,0.7));
#7588 = VECTOR('',#7589,1.);
#7589 = DIRECTION('',(9.856383386232E-17,-1.,0.));
#7590 = ORIENTED_EDGE('',*,*,#7591,.T.);
#7591 = EDGE_CURVE('',#7584,#7566,#7592,.T.);
#7592 = LINE('',#7593,#7594);
#7593 = CARTESIAN_POINT('',(0.,-1.4,0.7));
#7594 = VECTOR('',#7595,1.);
#7595 = DIRECTION('',(1.,0.,0.));
#7596 = PLANE('',#7597);
#7597 = AXIS2_PLACEMENT_3D('',#7598,#7599,#7600);
#7598 = CARTESIAN_POINT('',(0.,3.,0.7));
#7599 = DIRECTION('',(-0.,0.,1.));
#7600 = DIRECTION('',(1.,0.,0.));
#7601 = ADVANCED_FACE('',(#7602),#7629,.F.);
#7602 = FACE_BOUND('',#7603,.F.);
#7603 = EDGE_LOOP('',(#7604,#7605,#7614,#7622));
#7604 = ORIENTED_EDGE('',*,*,#7591,.T.);
#7605 = ORIENTED_EDGE('',*,*,#7606,.T.);
#7606 = EDGE_CURVE('',#7566,#7607,#7609,.T.);
#7607 = VERTEX_POINT('',#7608);
#7608 = CARTESIAN_POINT('',(1.025,-1.486602540378,0.75));
#7609 = CIRCLE('',#7610,0.1);
#7610 = AXIS2_PLACEMENT_3D('',#7611,#7612,#7613);
#7611 = CARTESIAN_POINT('',(1.025,-1.4,0.8));
#7612 = DIRECTION('',(-1.,0.,-0.));
#7613 = DIRECTION('',(-0.,0.,1.));
#7614 = ORIENTED_EDGE('',*,*,#7615,.F.);
#7615 = EDGE_CURVE('',#7616,#7607,#7618,.T.);
#7616 = VERTEX_POINT('',#7617);
#7617 = CARTESIAN_POINT('',(0.975,-1.486602540378,0.75));
#7618 = LINE('',#7619,#7620);
#7619 = CARTESIAN_POINT('',(0.,-1.486602540378,0.75));
#7620 = VECTOR('',#7621,1.);
#7621 = DIRECTION('',(1.,0.,0.));
#7622 = ORIENTED_EDGE('',*,*,#7623,.T.);
#7623 = EDGE_CURVE('',#7616,#7584,#7624,.T.);
#7624 = CIRCLE('',#7625,0.1);
#7625 = AXIS2_PLACEMENT_3D('',#7626,#7627,#7628);
#7626 = CARTESIAN_POINT('',(0.975,-1.4,0.8));
#7627 = DIRECTION('',(1.,0.,0.));
#7628 = DIRECTION('',(0.,0.,-1.));
#7629 = CYLINDRICAL_SURFACE('',#7630,0.1);
#7630 = AXIS2_PLACEMENT_3D('',#7631,#7632,#7633);
#7631 = CARTESIAN_POINT('',(0.,-1.4,0.8));
#7632 = DIRECTION('',(1.,0.,0.));
#7633 = DIRECTION('',(0.,0.,-1.));
#7634 = ADVANCED_FACE('',(#7635),#7654,.F.);
#7635 = FACE_BOUND('',#7636,.F.);
#7636 = EDGE_LOOP('',(#7637,#7646,#7653));
#7637 = ORIENTED_EDGE('',*,*,#7638,.T.);
#7638 = EDGE_CURVE('',#7566,#7639,#7641,.T.);
#7639 = VERTEX_POINT('',#7640);
#7640 = CARTESIAN_POINT('',(1.111602540378,-1.4,0.75));
#7641 = CIRCLE('',#7642,0.1);
#7642 = AXIS2_PLACEMENT_3D('',#7643,#7644,#7645);
#7643 = CARTESIAN_POINT('',(1.025,-1.4,0.8));
#7644 = DIRECTION('',(0.,-1.,0.));
#7645 = DIRECTION('',(0.,0.,1.));
#7646 = ORIENTED_EDGE('',*,*,#7647,.F.);
#7647 = EDGE_CURVE('',#7607,#7639,#7648,.T.);
#7648 = CIRCLE('',#7649,8.660254037844E-02);
#7649 = AXIS2_PLACEMENT_3D('',#7650,#7651,#7652);
#7650 = CARTESIAN_POINT('',(1.025,-1.4,0.75));
#7651 = DIRECTION('',(0.,-1.290716872007E-16,1.));
#7652 = DIRECTION('',(0.,-1.,-1.290716872007E-16));
#7653 = ORIENTED_EDGE('',*,*,#7606,.F.);
#7654 = SPHERICAL_SURFACE('',#7655,0.1);
#7655 = AXIS2_PLACEMENT_3D('',#7656,#7657,#7658);
#7656 = CARTESIAN_POINT('',(1.025,-1.4,0.8));
#7657 = DIRECTION('',(0.,1.,0.));
#7658 = DIRECTION('',(1.,0.,0.));
#7659 = ADVANCED_FACE('',(#7660),#7679,.F.);
#7660 = FACE_BOUND('',#7661,.F.);
#7661 = EDGE_LOOP('',(#7662,#7663,#7672));
#7662 = ORIENTED_EDGE('',*,*,#7623,.F.);
#7663 = ORIENTED_EDGE('',*,*,#7664,.F.);
#7664 = EDGE_CURVE('',#7665,#7616,#7667,.T.);
#7665 = VERTEX_POINT('',#7666);
#7666 = CARTESIAN_POINT('',(0.888397459622,-1.4,0.75));
#7667 = CIRCLE('',#7668,8.660254037844E-02);
#7668 = AXIS2_PLACEMENT_3D('',#7669,#7670,#7671);
#7669 = CARTESIAN_POINT('',(0.975,-1.4,0.75));
#7670 = DIRECTION('',(0.,-1.290716872007E-16,1.));
#7671 = DIRECTION('',(0.,-1.,-1.290716872007E-16));
#7672 = ORIENTED_EDGE('',*,*,#7673,.T.);
#7673 = EDGE_CURVE('',#7665,#7584,#7674,.T.);
#7674 = CIRCLE('',#7675,0.1);
#7675 = AXIS2_PLACEMENT_3D('',#7676,#7677,#7678);
#7676 = CARTESIAN_POINT('',(0.975,-1.4,0.8));
#7677 = DIRECTION('',(0.,-1.,0.));
#7678 = DIRECTION('',(0.,0.,1.));
#7679 = SPHERICAL_SURFACE('',#7680,0.1);
#7680 = AXIS2_PLACEMENT_3D('',#7681,#7682,#7683);
#7681 = CARTESIAN_POINT('',(0.975,-1.4,0.8));
#7682 = DIRECTION('',(0.,1.,0.));
#7683 = DIRECTION('',(1.,0.,0.));
#7684 = ADVANCED_FACE('',(#7685),#7704,.F.);
#7685 = FACE_BOUND('',#7686,.F.);
#7686 = EDGE_LOOP('',(#7687,#7688,#7697,#7703));
#7687 = ORIENTED_EDGE('',*,*,#7565,.T.);
#7688 = ORIENTED_EDGE('',*,*,#7689,.T.);
#7689 = EDGE_CURVE('',#7568,#7690,#7692,.T.);
#7690 = VERTEX_POINT('',#7691);
#7691 = CARTESIAN_POINT('',(1.111602540378,-0.5,0.75));
#7692 = CIRCLE('',#7693,0.1);
#7693 = AXIS2_PLACEMENT_3D('',#7694,#7695,#7696);
#7694 = CARTESIAN_POINT('',(1.025,-0.5,0.8));
#7695 = DIRECTION('',(0.,-1.,0.));
#7696 = DIRECTION('',(0.,0.,-1.));
#7697 = ORIENTED_EDGE('',*,*,#7698,.F.);
#7698 = EDGE_CURVE('',#7639,#7690,#7699,.T.);
#7699 = LINE('',#7700,#7701);
#7700 = CARTESIAN_POINT('',(1.111602540378,3.,0.75));
#7701 = VECTOR('',#7702,1.);
#7702 = DIRECTION('',(0.,1.,0.));
#7703 = ORIENTED_EDGE('',*,*,#7638,.F.);
#7704 = CYLINDRICAL_SURFACE('',#7705,0.1);
#7705 = AXIS2_PLACEMENT_3D('',#7706,#7707,#7708);
#7706 = CARTESIAN_POINT('',(1.025,3.,0.8));
#7707 = DIRECTION('',(0.,1.,0.));
#7708 = DIRECTION('',(0.,-0.,1.));
#7709 = ADVANCED_FACE('',(#7710),#7729,.F.);
#7710 = FACE_BOUND('',#7711,.F.);
#7711 = EDGE_LOOP('',(#7712,#7713,#7714,#7722));
#7712 = ORIENTED_EDGE('',*,*,#7583,.T.);
#7713 = ORIENTED_EDGE('',*,*,#7673,.F.);
#7714 = ORIENTED_EDGE('',*,*,#7715,.F.);
#7715 = EDGE_CURVE('',#7716,#7665,#7718,.T.);
#7716 = VERTEX_POINT('',#7717);
#7717 = CARTESIAN_POINT('',(0.888397459622,-0.5,0.75));
#7718 = LINE('',#7719,#7720);
#7719 = CARTESIAN_POINT('',(0.888397459622,3.,0.75));
#7720 = VECTOR('',#7721,1.);
#7721 = DIRECTION('',(9.856383386232E-17,-1.,0.));
#7722 = ORIENTED_EDGE('',*,*,#7723,.T.);
#7723 = EDGE_CURVE('',#7716,#7576,#7724,.T.);
#7724 = CIRCLE('',#7725,0.1);
#7725 = AXIS2_PLACEMENT_3D('',#7726,#7727,#7728);
#7726 = CARTESIAN_POINT('',(0.975,-0.5,0.8));
#7727 = DIRECTION('',(0.,-1.,-0.));
#7728 = DIRECTION('',(0.,0.,-1.));
#7729 = CYLINDRICAL_SURFACE('',#7730,1.E-01);
#7730 = AXIS2_PLACEMENT_3D('',#7731,#7732,#7733);
#7731 = CARTESIAN_POINT('',(0.975,3.,0.8));
#7732 = DIRECTION('',(9.856383386232E-17,-1.,0.));
#7733 = DIRECTION('',(1.,9.856383386232E-17,0.));
#7734 = ADVANCED_FACE('',(#7735),#7754,.F.);
#7735 = FACE_BOUND('',#7736,.F.);
#7736 = EDGE_LOOP('',(#7737,#7746,#7753));
#7737 = ORIENTED_EDGE('',*,*,#7738,.T.);
#7738 = EDGE_CURVE('',#7568,#7739,#7741,.T.);
#7739 = VERTEX_POINT('',#7740);
#7740 = CARTESIAN_POINT('',(1.025,-0.413397459622,0.75));
#7741 = CIRCLE('',#7742,0.1);
#7742 = AXIS2_PLACEMENT_3D('',#7743,#7744,#7745);
#7743 = CARTESIAN_POINT('',(1.025,-0.5,0.8));
#7744 = DIRECTION('',(1.,0.,-0.));
#7745 = DIRECTION('',(0.,0.,1.));
#7746 = ORIENTED_EDGE('',*,*,#7747,.F.);
#7747 = EDGE_CURVE('',#7690,#7739,#7748,.T.);
#7748 = CIRCLE('',#7749,8.660254037844E-02);
#7749 = AXIS2_PLACEMENT_3D('',#7750,#7751,#7752);
#7750 = CARTESIAN_POINT('',(1.025,-0.5,0.75));
#7751 = DIRECTION('',(0.,-1.290716872007E-16,1.));
#7752 = DIRECTION('',(0.,-1.,-1.290716872007E-16));
#7753 = ORIENTED_EDGE('',*,*,#7689,.F.);
#7754 = SPHERICAL_SURFACE('',#7755,0.1);
#7755 = AXIS2_PLACEMENT_3D('',#7756,#7757,#7758);
#7756 = CARTESIAN_POINT('',(1.025,-0.5,0.8));
#7757 = DIRECTION('',(0.,1.,0.));
#7758 = DIRECTION('',(1.,0.,0.));
#7759 = ADVANCED_FACE('',(#7760),#7779,.F.);
#7760 = FACE_BOUND('',#7761,.F.);
#7761 = EDGE_LOOP('',(#7762,#7763,#7772));
#7762 = ORIENTED_EDGE('',*,*,#7723,.F.);
#7763 = ORIENTED_EDGE('',*,*,#7764,.F.);
#7764 = EDGE_CURVE('',#7765,#7716,#7767,.T.);
#7765 = VERTEX_POINT('',#7766);
#7766 = CARTESIAN_POINT('',(0.975,-0.413397459622,0.75));
#7767 = CIRCLE('',#7768,8.660254037844E-02);
#7768 = AXIS2_PLACEMENT_3D('',#7769,#7770,#7771);
#7769 = CARTESIAN_POINT('',(0.975,-0.5,0.75));
#7770 = DIRECTION('',(0.,-1.290716872007E-16,1.));
#7771 = DIRECTION('',(0.,-1.,-1.290716872007E-16));
#7772 = ORIENTED_EDGE('',*,*,#7773,.T.);
#7773 = EDGE_CURVE('',#7765,#7576,#7774,.T.);
#7774 = CIRCLE('',#7775,0.1);
#7775 = AXIS2_PLACEMENT_3D('',#7776,#7777,#7778);
#7776 = CARTESIAN_POINT('',(0.975,-0.5,0.8));
#7777 = DIRECTION('',(-1.,0.,-0.));
#7778 = DIRECTION('',(0.,0.,-1.));
#7779 = SPHERICAL_SURFACE('',#7780,0.1);
#7780 = AXIS2_PLACEMENT_3D('',#7781,#7782,#7783);
#7781 = CARTESIAN_POINT('',(0.975,-0.5,0.8));
#7782 = DIRECTION('',(0.,1.,0.));
#7783 = DIRECTION('',(1.,0.,0.));
#7784 = ADVANCED_FACE('',(#7785),#7796,.F.);
#7785 = FACE_BOUND('',#7786,.F.);
#7786 = EDGE_LOOP('',(#7787,#7788,#7789,#7795));
#7787 = ORIENTED_EDGE('',*,*,#7575,.T.);
#7788 = ORIENTED_EDGE('',*,*,#7773,.F.);
#7789 = ORIENTED_EDGE('',*,*,#7790,.F.);
#7790 = EDGE_CURVE('',#7739,#7765,#7791,.T.);
#7791 = LINE('',#7792,#7793);
#7792 = CARTESIAN_POINT('',(0.,-0.413397459622,0.75));
#7793 = VECTOR('',#7794,1.);
#7794 = DIRECTION('',(-1.,0.,0.));
#7795 = ORIENTED_EDGE('',*,*,#7738,.F.);
#7796 = CYLINDRICAL_SURFACE('',#7797,0.1);
#7797 = AXIS2_PLACEMENT_3D('',#7798,#7799,#7800);
#7798 = CARTESIAN_POINT('',(0.,-0.5,0.8));
#7799 = DIRECTION('',(-1.,0.,0.));
#7800 = DIRECTION('',(0.,0.,1.));
#7801 = ADVANCED_FACE('',(#7802),#7820,.T.);
#7802 = FACE_BOUND('',#7803,.T.);
#7803 = EDGE_LOOP('',(#7804,#7811,#7812,#7819));
#7804 = ORIENTED_EDGE('',*,*,#7805,.F.);
#7805 = EDGE_CURVE('',#7639,#7070,#7806,.T.);
#7806 = CIRCLE('',#7807,0.1);
#7807 = AXIS2_PLACEMENT_3D('',#7808,#7809,#7810);
#7808 = CARTESIAN_POINT('',(1.198205080757,-1.4,0.7));
#7809 = DIRECTION('',(0.,1.,-0.));
#7810 = DIRECTION('',(0.,0.,1.));
#7811 = ORIENTED_EDGE('',*,*,#7647,.F.);
#7812 = ORIENTED_EDGE('',*,*,#7813,.F.);
#7813 = EDGE_CURVE('',#7078,#7607,#7814,.T.);
#7814 = CIRCLE('',#7815,0.1);
#7815 = AXIS2_PLACEMENT_3D('',#7816,#7817,#7818);
#7816 = CARTESIAN_POINT('',(1.025,-1.573205080757,0.7));
#7817 = DIRECTION('',(-1.,0.,0.));
#7818 = DIRECTION('',(0.,0.,1.));
#7819 = ORIENTED_EDGE('',*,*,#7077,.F.);
#7820 = TOROIDAL_SURFACE('',#7821,0.173205080757,0.1);
#7821 = AXIS2_PLACEMENT_3D('',#7822,#7823,#7824);
#7822 = CARTESIAN_POINT('',(1.025,-1.4,0.7));
#7823 = DIRECTION('',(0.,1.290716872007E-16,-1.));
#7824 = DIRECTION('',(0.,1.,1.290716872007E-16));
#7825 = ADVANCED_FACE('',(#7826),#7838,.T.);
#7826 = FACE_BOUND('',#7827,.T.);
#7827 = EDGE_LOOP('',(#7828,#7829,#7830,#7837));
#7828 = ORIENTED_EDGE('',*,*,#7813,.T.);
#7829 = ORIENTED_EDGE('',*,*,#7615,.F.);
#7830 = ORIENTED_EDGE('',*,*,#7831,.F.);
#7831 = EDGE_CURVE('',#7087,#7616,#7832,.T.);
#7832 = CIRCLE('',#7833,0.1);
#7833 = AXIS2_PLACEMENT_3D('',#7834,#7835,#7836);
#7834 = CARTESIAN_POINT('',(0.975,-1.573205080757,0.7));
#7835 = DIRECTION('',(-1.,0.,0.));
#7836 = DIRECTION('',(0.,0.,1.));
#7837 = ORIENTED_EDGE('',*,*,#7086,.F.);
#7838 = CYLINDRICAL_SURFACE('',#7839,0.1);
#7839 = AXIS2_PLACEMENT_3D('',#7840,#7841,#7842);
#7840 = CARTESIAN_POINT('',(0.,-1.573205080757,0.7));
#7841 = DIRECTION('',(1.,0.,0.));
#7842 = DIRECTION('',(0.,0.,-1.));
#7843 = ADVANCED_FACE('',(#7844),#7856,.T.);
#7844 = FACE_BOUND('',#7845,.T.);
#7845 = EDGE_LOOP('',(#7846,#7847,#7848,#7855));
#7846 = ORIENTED_EDGE('',*,*,#7805,.T.);
#7847 = ORIENTED_EDGE('',*,*,#7069,.F.);
#7848 = ORIENTED_EDGE('',*,*,#7849,.F.);
#7849 = EDGE_CURVE('',#7690,#7061,#7850,.T.);
#7850 = CIRCLE('',#7851,0.1);
#7851 = AXIS2_PLACEMENT_3D('',#7852,#7853,#7854);
#7852 = CARTESIAN_POINT('',(1.198205080757,-0.5,0.7));
#7853 = DIRECTION('',(0.,1.,-0.));
#7854 = DIRECTION('',(0.,0.,1.));
#7855 = ORIENTED_EDGE('',*,*,#7698,.F.);
#7856 = CYLINDRICAL_SURFACE('',#7857,0.1);
#7857 = AXIS2_PLACEMENT_3D('',#7858,#7859,#7860);
#7858 = CARTESIAN_POINT('',(1.198205080757,3.,0.7));
#7859 = DIRECTION('',(0.,1.,0.));
#7860 = DIRECTION('',(0.,-0.,1.));
#7861 = ADVANCED_FACE('',(#7862),#7874,.T.);
#7862 = FACE_BOUND('',#7863,.T.);
#7863 = EDGE_LOOP('',(#7864,#7865,#7866,#7873));
#7864 = ORIENTED_EDGE('',*,*,#7831,.T.);
#7865 = ORIENTED_EDGE('',*,*,#7664,.F.);
#7866 = ORIENTED_EDGE('',*,*,#7867,.F.);
#7867 = EDGE_CURVE('',#7034,#7665,#7868,.T.);
#7868 = CIRCLE('',#7869,0.1);
#7869 = AXIS2_PLACEMENT_3D('',#7870,#7871,#7872);
#7870 = CARTESIAN_POINT('',(0.801794919243,-1.4,0.7));
#7871 = DIRECTION('',(0.,1.,0.));
#7872 = DIRECTION('',(0.,-0.,1.));
#7873 = ORIENTED_EDGE('',*,*,#7094,.F.);
#7874 = TOROIDAL_SURFACE('',#7875,0.173205080757,0.1);
#7875 = AXIS2_PLACEMENT_3D('',#7876,#7877,#7878);
#7876 = CARTESIAN_POINT('',(0.975,-1.4,0.7));
#7877 = DIRECTION('',(0.,1.290716872007E-16,-1.));
#7878 = DIRECTION('',(0.,1.,1.290716872007E-16));
#7879 = ADVANCED_FACE('',(#7880),#7892,.T.);
#7880 = FACE_BOUND('',#7881,.T.);
#7881 = EDGE_LOOP('',(#7882,#7883,#7884,#7891));
#7882 = ORIENTED_EDGE('',*,*,#7849,.T.);
#7883 = ORIENTED_EDGE('',*,*,#7060,.F.);
#7884 = ORIENTED_EDGE('',*,*,#7885,.F.);
#7885 = EDGE_CURVE('',#7739,#7053,#7886,.T.);
#7886 = CIRCLE('',#7887,0.1);
#7887 = AXIS2_PLACEMENT_3D('',#7888,#7889,#7890);
#7888 = CARTESIAN_POINT('',(1.025,-0.326794919243,0.7));
#7889 = DIRECTION('',(-1.,0.,0.));
#7890 = DIRECTION('',(0.,0.,1.));
#7891 = ORIENTED_EDGE('',*,*,#7747,.F.);
#7892 = TOROIDAL_SURFACE('',#7893,0.173205080757,0.1);
#7893 = AXIS2_PLACEMENT_3D('',#7894,#7895,#7896);
#7894 = CARTESIAN_POINT('',(1.025,-0.5,0.7));
#7895 = DIRECTION('',(0.,1.290716872007E-16,-1.));
#7896 = DIRECTION('',(0.,1.,1.290716872007E-16));
#7897 = ADVANCED_FACE('',(#7898),#7910,.T.);
#7898 = FACE_BOUND('',#7899,.T.);
#7899 = EDGE_LOOP('',(#7900,#7901,#7902,#7909));
#7900 = ORIENTED_EDGE('',*,*,#7867,.T.);
#7901 = ORIENTED_EDGE('',*,*,#7715,.F.);
#7902 = ORIENTED_EDGE('',*,*,#7903,.F.);
#7903 = EDGE_CURVE('',#7036,#7716,#7904,.T.);
#7904 = CIRCLE('',#7905,0.1);
#7905 = AXIS2_PLACEMENT_3D('',#7906,#7907,#7908);
#7906 = CARTESIAN_POINT('',(0.801794919243,-0.5,0.7));
#7907 = DIRECTION('',(0.,1.,0.));
#7908 = DIRECTION('',(0.,-0.,1.));
#7909 = ORIENTED_EDGE('',*,*,#7033,.F.);
#7910 = CYLINDRICAL_SURFACE('',#7911,0.1);
#7911 = AXIS2_PLACEMENT_3D('',#7912,#7913,#7914);
#7912 = CARTESIAN_POINT('',(0.801794919243,3.,0.7));
#7913 = DIRECTION('',(9.856383386232E-17,-1.,0.));
#7914 = DIRECTION('',(1.,9.856383386232E-17,0.));
#7915 = ADVANCED_FACE('',(#7916),#7928,.T.);
#7916 = FACE_BOUND('',#7917,.T.);
#7917 = EDGE_LOOP('',(#7918,#7919,#7920,#7927));
#7918 = ORIENTED_EDGE('',*,*,#7885,.T.);
#7919 = ORIENTED_EDGE('',*,*,#7052,.F.);
#7920 = ORIENTED_EDGE('',*,*,#7921,.F.);
#7921 = EDGE_CURVE('',#7765,#7044,#7922,.T.);
#7922 = CIRCLE('',#7923,0.1);
#7923 = AXIS2_PLACEMENT_3D('',#7924,#7925,#7926);
#7924 = CARTESIAN_POINT('',(0.975,-0.326794919243,0.7));
#7925 = DIRECTION('',(-1.,0.,0.));
#7926 = DIRECTION('',(0.,0.,1.));
#7927 = ORIENTED_EDGE('',*,*,#7790,.F.);
#7928 = CYLINDRICAL_SURFACE('',#7929,0.1);
#7929 = AXIS2_PLACEMENT_3D('',#7930,#7931,#7932);
#7930 = CARTESIAN_POINT('',(0.,-0.326794919243,0.7));
#7931 = DIRECTION('',(-1.,0.,0.));
#7932 = DIRECTION('',(0.,0.,1.));
#7933 = ADVANCED_FACE('',(#7934),#7940,.T.);
#7934 = FACE_BOUND('',#7935,.T.);
#7935 = EDGE_LOOP('',(#7936,#7937,#7938,#7939));
#7936 = ORIENTED_EDGE('',*,*,#7903,.T.);
#7937 = ORIENTED_EDGE('',*,*,#7764,.F.);
#7938 = ORIENTED_EDGE('',*,*,#7921,.T.);
#7939 = ORIENTED_EDGE('',*,*,#7043,.F.);
#7940 = TOROIDAL_SURFACE('',#7941,0.173205080757,0.1);
#7941 = AXIS2_PLACEMENT_3D('',#7942,#7943,#7944);
#7942 = CARTESIAN_POINT('',(0.975,-0.5,0.7));
#7943 = DIRECTION('',(0.,1.290716872007E-16,-1.));
#7944 = DIRECTION('',(0.,1.,1.290716872007E-16));
#7945 = ( GEOMETRIC_REPRESENTATION_CONTEXT(3) 
GLOBAL_UNCERTAINTY_ASSIGNED_CONTEXT((#7949)) 
GLOBAL_UNIT_ASSIGNED_CONTEXT((#7946,#7947,#7948)) REPRESENTATION_CONTEXT
('Context #1','3D Context with UNIT and UNCERTAINTY') );
#7946 = ( LENGTH_UNIT() NAMED_UNIT(*) SI_UNIT(.MILLI.,.METRE.) );
#7947 = ( NAMED_UNIT(*) PLANE_ANGLE_UNIT() SI_UNIT($,.RADIAN.) );
#7948 = ( NAMED_UNIT(*) SI_UNIT($,.STERADIAN.) SOLID_ANGLE_UNIT() );
#7949 = UNCERTAINTY_MEASURE_WITH_UNIT(LENGTH_MEASURE(1.E-07),#7946,
  'distance_accuracy_value','confusion accuracy');
#7950 = CONTEXT_DEPENDENT_SHAPE_REPRESENTATION(#7951,#7953);
#7951 = ( REPRESENTATION_RELATIONSHIP('','',#4122,#10) 
REPRESENTATION_RELATIONSHIP_WITH_TRANSFORMATION(#7952) 
SHAPE_REPRESENTATION_RELATIONSHIP() );
#7952 = ITEM_DEFINED_TRANSFORMATION('','',#11,#31);
#7953 = PRODUCT_DEFINITION_SHAPE('Placement','Placement of an item',
  #7954);
#7954 = NEXT_ASSEMBLY_USAGE_OCCURRENCE('9','Right_Motor_1','',#5,#4117,$
  );
#7955 = PRODUCT_RELATED_PRODUCT_CATEGORY('part',$,(#4119));
#7956 = CONTEXT_DEPENDENT_SHAPE_REPRESENTATION(#7957,#7959);
#7957 = ( REPRESENTATION_RELATIONSHIP('','',#116,#10) 
REPRESENTATION_RELATIONSHIP_WITH_TRANSFORMATION(#7958) 
SHAPE_REPRESENTATION_RELATIONSHIP() );
#7958 = ITEM_DEFINED_TRANSFORMATION('','',#11,#35);
#7959 = PRODUCT_DEFINITION_SHAPE('Placement','Placement of an item',
  #7960);
#7960 = NEXT_ASSEMBLY_USAGE_OCCURRENCE('10','220_R5','',#5,#111,$);
#7961 = CONTEXT_DEPENDENT_SHAPE_REPRESENTATION(#7962,#7964);
#7962 = ( REPRESENTATION_RELATIONSHIP('','',#116,#10) 
REPRESENTATION_RELATIONSHIP_WITH_TRANSFORMATION(#7963) 
SHAPE_REPRESENTATION_RELATIONSHIP() );
#7963 = ITEM_DEFINED_TRANSFORMATION('','',#11,#39);
#7964 = PRODUCT_DEFINITION_SHAPE('Placement','Placement of an item',
  #7965);
#7965 = NEXT_ASSEMBLY_USAGE_OCCURRENCE('11','47k_R4','',#5,#111,$);
#7966 = SHAPE_DEFINITION_REPRESENTATION(#7967,#7973);
#7967 = PRODUCT_DEFINITION_SHAPE('','',#7968);
#7968 = PRODUCT_DEFINITION('design','',#7969,#7972);
#7969 = PRODUCT_DEFINITION_FORMATION('','',#7970);
#7970 = PRODUCT('B8B-PH-K-S','B8B-PH-K-S','',(#7971));
#7971 = PRODUCT_CONTEXT('',#2,'mechanical');
#7972 = PRODUCT_DEFINITION_CONTEXT('part definition',#2,'design');
#7973 = SHAPE_REPRESENTATION('',(#11,#7974,#7978,#7982,#7986,#7990,#7994
    ,#7998,#8002,#8006),#8010);
#7974 = AXIS2_PLACEMENT_3D('',#7975,#7976,#7977);
#7975 = CARTESIAN_POINT('',(0.,0.,0.));
#7976 = DIRECTION('',(0.,0.,1.));
#7977 = DIRECTION('',(1.,0.,0.));
#7978 = AXIS2_PLACEMENT_3D('',#7979,#7980,#7981);
#7979 = CARTESIAN_POINT('',(12.,0.,0.));
#7980 = DIRECTION('',(0.,0.,1.));
#7981 = DIRECTION('',(1.,0.,0.));
#7982 = AXIS2_PLACEMENT_3D('',#7983,#7984,#7985);
#7983 = CARTESIAN_POINT('',(-2.,0.,0.));
#7984 = DIRECTION('',(0.,0.,1.));
#7985 = DIRECTION('',(1.,0.,0.));
#7986 = AXIS2_PLACEMENT_3D('',#7987,#7988,#7989);
#7987 = CARTESIAN_POINT('',(8.673617379884E-15,-2.168404344971E-16,1.1)
  );
#7988 = DIRECTION('',(-6.982962677686E-15,0.,-1.));
#7989 = DIRECTION('',(-1.,0.,6.982962677686E-15));
#7990 = AXIS2_PLACEMENT_3D('',#7991,#7992,#7993);
#7991 = CARTESIAN_POINT('',(-2.,-2.168404344971E-16,1.1));
#7992 = DIRECTION('',(-6.982962677686E-15,0.,-1.));
#7993 = DIRECTION('',(-1.,0.,6.982962677686E-15));
#7994 = AXIS2_PLACEMENT_3D('',#7995,#7996,#7997);
#7995 = CARTESIAN_POINT('',(-4.,-2.168404344971E-16,1.1));
#7996 = DIRECTION('',(-6.982962677686E-15,0.,-1.));
#7997 = DIRECTION('',(-1.,0.,6.982962677686E-15));
#7998 = AXIS2_PLACEMENT_3D('',#7999,#8000,#8001);
#7999 = CARTESIAN_POINT('',(-6.,-2.168404344971E-16,1.1));
#8000 = DIRECTION('',(-6.982962677686E-15,0.,-1.));
#8001 = DIRECTION('',(-1.,0.,6.982962677686E-15));
#8002 = AXIS2_PLACEMENT_3D('',#8003,#8004,#8005);
#8003 = CARTESIAN_POINT('',(-8.,-2.168404344971E-16,1.1));
#8004 = DIRECTION('',(-6.982962677686E-15,0.,-1.));
#8005 = DIRECTION('',(-1.,0.,6.982962677686E-15));
#8006 = AXIS2_PLACEMENT_3D('',#8007,#8008,#8009);
#8007 = CARTESIAN_POINT('',(-10.,-2.168404344971E-16,1.1));
#8008 = DIRECTION('',(-6.982962677686E-15,0.,-1.));
#8009 = DIRECTION('',(-1.,0.,6.982962677686E-15));
#8010 = ( GEOMETRIC_REPRESENTATION_CONTEXT(3) 
GLOBAL_UNCERTAINTY_ASSIGNED_CONTEXT((#8014)) 
GLOBAL_UNIT_ASSIGNED_CONTEXT((#8011,#8012,#8013)) REPRESENTATION_CONTEXT
('Context #1','3D Context with UNIT and UNCERTAINTY') );
#8011 = ( LENGTH_UNIT() NAMED_UNIT(*) SI_UNIT(.MILLI.,.METRE.) );
#8012 = ( NAMED_UNIT(*) PLANE_ANGLE_UNIT() SI_UNIT($,.RADIAN.) );
#8013 = ( NAMED_UNIT(*) SI_UNIT($,.STERADIAN.) SOLID_ANGLE_UNIT() );
#8014 = UNCERTAINTY_MEASURE_WITH_UNIT(LENGTH_MEASURE(1.E-07),#8011,
  'distance_accuracy_value','confusion accuracy');
#8015 = CONTEXT_DEPENDENT_SHAPE_REPRESENTATION(#8016,#8018);
#8016 = ( REPRESENTATION_RELATIONSHIP('','',#7973,#10) 
REPRESENTATION_RELATIONSHIP_WITH_TRANSFORMATION(#8017) 
SHAPE_REPRESENTATION_RELATIONSHIP() );
#8017 = ITEM_DEFINED_TRANSFORMATION('','',#11,#43);
#8018 = PRODUCT_DEFINITION_SHAPE('Placement','Placement of an item',
  #8019);
#8019 = NEXT_ASSEMBLY_USAGE_OCCURRENCE('21','Power_Bus_1','',#5,#7968,$
  );
#8020 = PRODUCT_RELATED_PRODUCT_CATEGORY('part',$,(#7970));
#8021 = SHAPE_DEFINITION_REPRESENTATION(#8022,#8028);
#8022 = PRODUCT_DEFINITION_SHAPE('','',#8023);
#8023 = PRODUCT_DEFINITION('design','',#8024,#8027);
#8024 = PRODUCT_DEFINITION_FORMATION('','',#8025);
#8025 = PRODUCT('body_8','body_8','',(#8026));
#8026 = PRODUCT_CONTEXT('',#2,'mechanical');
#8027 = PRODUCT_DEFINITION_CONTEXT('part definition',#2,'design');
#8028 = ADVANCED_BREP_SHAPE_REPRESENTATION('',(#11,#8029),#11543);
#8029 = MANIFOLD_SOLID_BREP('',#8030);
#8030 = CLOSED_SHELL('',(#8031,#8071,#8113,#8144,#8174,#8239,#8279,#8310
    ,#8341,#8363,#8402,#8698,#8731,#8756,#9056,#9084,#9108,#9155,#9179,
    #9196,#9227,#9251,#9275,#9292,#9395,#9426,#9457,#9488,#9512,#9542,
    #9566,#9590,#9622,#9646,#9891,#9943,#9974,#9998,#10022,#10039,#10061
    ,#10078,#10101,#10113,#10153,#10193,#10224,#10254,#10279,#10317,
    #10341,#10365,#10389,#10406,#10429,#10454,#10471,#10527,#10544,
    #10556,#10573,#10590,#10611,#10634,#10647,#10669,#10686,#10703,
    #10715,#10746,#10770,#10794,#10811,#10833,#10850,#10873,#10885,
    #10916,#10940,#10964,#10981,#11003,#11020,#11043,#11055,#11086,
    #11110,#11134,#11151,#11173,#11190,#11213,#11225,#11256,#11280,
    #11304,#11321,#11343,#11360,#11383,#11395,#11426,#11450,#11474,
    #11491,#11508,#11531));
#8031 = ADVANCED_FACE('',(#8032),#8066,.F.);
#8032 = FACE_BOUND('',#8033,.T.);
#8033 = EDGE_LOOP('',(#8034,#8044,#8052,#8060));
#8034 = ORIENTED_EDGE('',*,*,#8035,.T.);
#8035 = EDGE_CURVE('',#8036,#8038,#8040,.T.);
#8036 = VERTEX_POINT('',#8037);
#8037 = CARTESIAN_POINT('',(-8.3,5.75,1.65));
#8038 = VERTEX_POINT('',#8039);
#8039 = CARTESIAN_POINT('',(-8.55,6.,1.9));
#8040 = LINE('',#8041,#8042);
#8041 = CARTESIAN_POINT('',(-8.3,5.75,1.65));
#8042 = VECTOR('',#8043,1.);
#8043 = DIRECTION('',(-0.57735026919,0.57735026919,0.57735026919));
#8044 = ORIENTED_EDGE('',*,*,#8045,.F.);
#8045 = EDGE_CURVE('',#8046,#8038,#8048,.T.);
#8046 = VERTEX_POINT('',#8047);
#8047 = CARTESIAN_POINT('',(-6.225,6.,1.9));
#8048 = LINE('',#8049,#8050);
#8049 = CARTESIAN_POINT('',(-3.05,6.,1.9));
#8050 = VECTOR('',#8051,1.);
#8051 = DIRECTION('',(-1.,-4.476652557876E-32,1.41417674672E-16));
#8052 = ORIENTED_EDGE('',*,*,#8053,.F.);
#8053 = EDGE_CURVE('',#8054,#8046,#8056,.T.);
#8054 = VERTEX_POINT('',#8055);
#8055 = CARTESIAN_POINT('',(-6.225,5.75,1.65));
#8056 = LINE('',#8057,#8058);
#8057 = CARTESIAN_POINT('',(-6.225,5.75,1.65));
#8058 = VECTOR('',#8059,1.);
#8059 = DIRECTION('',(0.,0.707106781187,0.707106781187));
#8060 = ORIENTED_EDGE('',*,*,#8061,.F.);
#8061 = EDGE_CURVE('',#8036,#8054,#8062,.T.);
#8062 = LINE('',#8063,#8064);
#8063 = CARTESIAN_POINT('',(-8.3,5.75,1.65));
#8064 = VECTOR('',#8065,1.);
#8065 = DIRECTION('',(1.,4.476652557876E-32,-1.41417674672E-16));
#8066 = PLANE('',#8067);
#8067 = AXIS2_PLACEMENT_3D('',#8068,#8069,#8070);
#8068 = CARTESIAN_POINT('',(-8.3,5.75,1.65));
#8069 = DIRECTION('',(9.999739674022E-17,-0.707106781187,0.707106781187)
  );
#8070 = DIRECTION('',(-1.,-1.41417674672E-16,0.));
#8071 = ADVANCED_FACE('',(#8072),#8108,.F.);
#8072 = FACE_BOUND('',#8073,.F.);
#8073 = EDGE_LOOP('',(#8074,#8085,#8093,#8102));
#8074 = ORIENTED_EDGE('',*,*,#8075,.F.);
#8075 = EDGE_CURVE('',#8076,#8078,#8080,.T.);
#8076 = VERTEX_POINT('',#8077);
#8077 = CARTESIAN_POINT('',(-8.95,4.5,-0.12));
#8078 = VERTEX_POINT('',#8079);
#8079 = CARTESIAN_POINT('',(-8.95,4.5,0.88));
#8080 = CIRCLE('',#8081,0.5);
#8081 = AXIS2_PLACEMENT_3D('',#8082,#8083,#8084);
#8082 = CARTESIAN_POINT('',(-8.95,4.5,0.38));
#8083 = DIRECTION('',(-1.,0.,0.));
#8084 = DIRECTION('',(0.,0.,-1.));
#8085 = ORIENTED_EDGE('',*,*,#8086,.F.);
#8086 = EDGE_CURVE('',#8087,#8076,#8089,.T.);
#8087 = VERTEX_POINT('',#8088);
#8088 = CARTESIAN_POINT('',(-8.3,4.5,-0.12));
#8089 = LINE('',#8090,#8091);
#8090 = CARTESIAN_POINT('',(-3.05,4.5,-0.12));
#8091 = VECTOR('',#8092,1.);
#8092 = DIRECTION('',(-1.,0.,0.));
#8093 = ORIENTED_EDGE('',*,*,#8094,.F.);
#8094 = EDGE_CURVE('',#8095,#8087,#8097,.T.);
#8095 = VERTEX_POINT('',#8096);
#8096 = CARTESIAN_POINT('',(-8.3,4.5,0.88));
#8097 = CIRCLE('',#8098,0.5);
#8098 = AXIS2_PLACEMENT_3D('',#8099,#8100,#8101);
#8099 = CARTESIAN_POINT('',(-8.3,4.5,0.38));
#8100 = DIRECTION('',(1.,2.522858432348E-32,0.));
#8101 = DIRECTION('',(0.,-0.,1.));
#8102 = ORIENTED_EDGE('',*,*,#8103,.T.);
#8103 = EDGE_CURVE('',#8095,#8078,#8104,.T.);
#8104 = LINE('',#8105,#8106);
#8105 = CARTESIAN_POINT('',(-3.05,4.5,0.88));
#8106 = VECTOR('',#8107,1.);
#8107 = DIRECTION('',(-1.,0.,0.));
#8108 = CYLINDRICAL_SURFACE('',#8109,0.5);
#8109 = AXIS2_PLACEMENT_3D('',#8110,#8111,#8112);
#8110 = CARTESIAN_POINT('',(-3.05,4.5,0.38));
#8111 = DIRECTION('',(-1.,0.,0.));
#8112 = DIRECTION('',(0.,0.,1.));
#8113 = ADVANCED_FACE('',(#8114),#8139,.F.);
#8114 = FACE_BOUND('',#8115,.T.);
#8115 = EDGE_LOOP('',(#8116,#8126,#8132,#8133));
#8116 = ORIENTED_EDGE('',*,*,#8117,.F.);
#8117 = EDGE_CURVE('',#8118,#8120,#8122,.T.);
#8118 = VERTEX_POINT('',#8119);
#8119 = CARTESIAN_POINT('',(-8.55,6.,0.88));
#8120 = VERTEX_POINT('',#8121);
#8121 = CARTESIAN_POINT('',(-8.3,5.75,0.88));
#8122 = LINE('',#8123,#8124);
#8123 = CARTESIAN_POINT('',(-8.55,6.,0.88));
#8124 = VECTOR('',#8125,1.);
#8125 = DIRECTION('',(0.707106781187,-0.707106781187,0.));
#8126 = ORIENTED_EDGE('',*,*,#8127,.F.);
#8127 = EDGE_CURVE('',#8038,#8118,#8128,.T.);
#8128 = LINE('',#8129,#8130);
#8129 = CARTESIAN_POINT('',(-8.55,6.,0.88));
#8130 = VECTOR('',#8131,1.);
#8131 = DIRECTION('',(-1.239088197126E-16,3.165553788279E-16,-1.));
#8132 = ORIENTED_EDGE('',*,*,#8035,.F.);
#8133 = ORIENTED_EDGE('',*,*,#8134,.F.);
#8134 = EDGE_CURVE('',#8120,#8036,#8135,.T.);
#8135 = LINE('',#8136,#8137);
#8136 = CARTESIAN_POINT('',(-8.3,5.75,-1.85));
#8137 = VECTOR('',#8138,1.);
#8138 = DIRECTION('',(1.239088197126E-16,-3.165553788279E-16,1.));
#8139 = PLANE('',#8140);
#8140 = AXIS2_PLACEMENT_3D('',#8141,#8142,#8143);
#8141 = CARTESIAN_POINT('',(-8.55,6.,0.88));
#8142 = DIRECTION('',(-0.707106781187,-0.707106781187,
    -1.362216883227E-16));
#8143 = DIRECTION('',(-0.707106781187,0.707106781187,0.));
#8144 = ADVANCED_FACE('',(#8145),#8169,.F.);
#8145 = FACE_BOUND('',#8146,.T.);
#8146 = EDGE_LOOP('',(#8147,#8155,#8156,#8162,#8163));
#8147 = ORIENTED_EDGE('',*,*,#8148,.F.);
#8148 = EDGE_CURVE('',#8118,#8149,#8151,.T.);
#8149 = VERTEX_POINT('',#8150);
#8150 = CARTESIAN_POINT('',(-8.95,6.,0.88));
#8151 = LINE('',#8152,#8153);
#8152 = CARTESIAN_POINT('',(-3.05,6.,0.88));
#8153 = VECTOR('',#8154,1.);
#8154 = DIRECTION('',(-1.,0.,0.));
#8155 = ORIENTED_EDGE('',*,*,#8117,.T.);
#8156 = ORIENTED_EDGE('',*,*,#8157,.T.);
#8157 = EDGE_CURVE('',#8120,#8095,#8158,.T.);
#8158 = LINE('',#8159,#8160);
#8159 = CARTESIAN_POINT('',(-8.3,6.,0.88));
#8160 = VECTOR('',#8161,1.);
#8161 = DIRECTION('',(2.522858432348E-32,-1.,0.));
#8162 = ORIENTED_EDGE('',*,*,#8103,.T.);
#8163 = ORIENTED_EDGE('',*,*,#8164,.T.);
#8164 = EDGE_CURVE('',#8078,#8149,#8165,.T.);
#8165 = LINE('',#8166,#8167);
#8166 = CARTESIAN_POINT('',(-8.95,6.,0.88));
#8167 = VECTOR('',#8168,1.);
#8168 = DIRECTION('',(0.,1.,0.));
#8169 = PLANE('',#8170);
#8170 = AXIS2_PLACEMENT_3D('',#8171,#8172,#8173);
#8171 = CARTESIAN_POINT('',(-3.05,6.,0.88));
#8172 = DIRECTION('',(0.,0.,1.));
#8173 = DIRECTION('',(1.,0.,-0.));
#8174 = ADVANCED_FACE('',(#8175,#8209),#8234,.F.);
#8175 = FACE_BOUND('',#8176,.T.);
#8176 = EDGE_LOOP('',(#8177,#8187,#8195,#8203));
#8177 = ORIENTED_EDGE('',*,*,#8178,.F.);
#8178 = EDGE_CURVE('',#8179,#8181,#8183,.T.);
#8179 = VERTEX_POINT('',#8180);
#8180 = CARTESIAN_POINT('',(-8.2,4.25,1.65));
#8181 = VERTEX_POINT('',#8182);
#8182 = CARTESIAN_POINT('',(-7.25,4.25,1.65));
#8183 = LINE('',#8184,#8185);
#8184 = CARTESIAN_POINT('',(-8.2,4.25,1.65));
#8185 = VECTOR('',#8186,1.);
#8186 = DIRECTION('',(1.,0.,-1.41417674672E-16));
#8187 = ORIENTED_EDGE('',*,*,#8188,.F.);
#8188 = EDGE_CURVE('',#8189,#8179,#8191,.T.);
#8189 = VERTEX_POINT('',#8190);
#8190 = CARTESIAN_POINT('',(-8.2,2.25,1.65));
#8191 = LINE('',#8192,#8193);
#8192 = CARTESIAN_POINT('',(-8.2,4.25,1.65));
#8193 = VECTOR('',#8194,1.);
#8194 = DIRECTION('',(-4.336808689942E-16,1.,2.036060417813E-16));
#8195 = ORIENTED_EDGE('',*,*,#8196,.F.);
#8196 = EDGE_CURVE('',#8197,#8189,#8199,.T.);
#8197 = VERTEX_POINT('',#8198);
#8198 = CARTESIAN_POINT('',(-7.25,2.25,1.65));
#8199 = LINE('',#8200,#8201);
#8200 = CARTESIAN_POINT('',(-8.2,2.25,1.65));
#8201 = VECTOR('',#8202,1.);
#8202 = DIRECTION('',(-1.,0.,1.41417674672E-16));
#8203 = ORIENTED_EDGE('',*,*,#8204,.F.);
#8204 = EDGE_CURVE('',#8181,#8197,#8205,.T.);
#8205 = LINE('',#8206,#8207);
#8206 = CARTESIAN_POINT('',(-7.25,4.25,1.65));
#8207 = VECTOR('',#8208,1.);
#8208 = DIRECTION('',(1.084202172486E-16,-1.,-2.036060417813E-16));
#8209 = FACE_BOUND('',#8210,.T.);
#8210 = EDGE_LOOP('',(#8211,#8219,#8220,#8228));
#8211 = ORIENTED_EDGE('',*,*,#8212,.T.);
#8212 = EDGE_CURVE('',#8213,#8036,#8215,.T.);
#8213 = VERTEX_POINT('',#8214);
#8214 = CARTESIAN_POINT('',(-8.3,1.75,1.65));
#8215 = LINE('',#8216,#8217);
#8216 = CARTESIAN_POINT('',(-8.3,1.75,1.65));
#8217 = VECTOR('',#8218,1.);
#8218 = DIRECTION('',(0.,1.,2.036060417813E-16));
#8219 = ORIENTED_EDGE('',*,*,#8061,.T.);
#8220 = ORIENTED_EDGE('',*,*,#8221,.F.);
#8221 = EDGE_CURVE('',#8222,#8054,#8224,.T.);
#8222 = VERTEX_POINT('',#8223);
#8223 = CARTESIAN_POINT('',(-6.225,1.75,1.65));
#8224 = LINE('',#8225,#8226);
#8225 = CARTESIAN_POINT('',(-6.225,1.75,1.65));
#8226 = VECTOR('',#8227,1.);
#8227 = DIRECTION('',(0.,1.,2.036060417813E-16));
#8228 = ORIENTED_EDGE('',*,*,#8229,.F.);
#8229 = EDGE_CURVE('',#8213,#8222,#8230,.T.);
#8230 = LINE('',#8231,#8232);
#8231 = CARTESIAN_POINT('',(-8.3,1.75,1.65));
#8232 = VECTOR('',#8233,1.);
#8233 = DIRECTION('',(1.,0.,-1.41417674672E-16));
#8234 = PLANE('',#8235);
#8235 = AXIS2_PLACEMENT_3D('',#8236,#8237,#8238);
#8236 = CARTESIAN_POINT('',(-8.3,1.75,1.65));
#8237 = DIRECTION('',(1.41417674672E-16,-2.036060417813E-16,1.));
#8238 = DIRECTION('',(0.,-1.,-2.036060417813E-16));
#8239 = ADVANCED_FACE('',(#8240),#8274,.F.);
#8240 = FACE_BOUND('',#8241,.T.);
#8241 = EDGE_LOOP('',(#8242,#8252,#8260,#8268));
#8242 = ORIENTED_EDGE('',*,*,#8243,.T.);
#8243 = EDGE_CURVE('',#8244,#8246,#8248,.T.);
#8244 = VERTEX_POINT('',#8245);
#8245 = CARTESIAN_POINT('',(-6.75,1.75,0.3));
#8246 = VERTEX_POINT('',#8247);
#8247 = CARTESIAN_POINT('',(-7.25,1.75,0.3));
#8248 = LINE('',#8249,#8250);
#8249 = CARTESIAN_POINT('',(-6.,1.75,0.3));
#8250 = VECTOR('',#8251,1.);
#8251 = DIRECTION('',(-1.,-1.869109029879E-32,2.168404344971E-16));
#8252 = ORIENTED_EDGE('',*,*,#8253,.T.);
#8253 = EDGE_CURVE('',#8246,#8254,#8256,.T.);
#8254 = VERTEX_POINT('',#8255);
#8255 = CARTESIAN_POINT('',(-7.25,0.2,0.3));
#8256 = LINE('',#8257,#8258);
#8257 = CARTESIAN_POINT('',(-7.25,6.,0.3));
#8258 = VECTOR('',#8259,1.);
#8259 = DIRECTION('',(0.,-1.,0.));
#8260 = ORIENTED_EDGE('',*,*,#8261,.F.);
#8261 = EDGE_CURVE('',#8262,#8254,#8264,.T.);
#8262 = VERTEX_POINT('',#8263);
#8263 = CARTESIAN_POINT('',(-6.75,0.2,0.3));
#8264 = LINE('',#8265,#8266);
#8265 = CARTESIAN_POINT('',(-6.2,0.2,0.3));
#8266 = VECTOR('',#8267,1.);
#8267 = DIRECTION('',(-1.,2.710505431214E-16,2.168404344971E-16));
#8268 = ORIENTED_EDGE('',*,*,#8269,.F.);
#8269 = EDGE_CURVE('',#8244,#8262,#8270,.T.);
#8270 = LINE('',#8271,#8272);
#8271 = CARTESIAN_POINT('',(-6.75,6.,0.3));
#8272 = VECTOR('',#8273,1.);
#8273 = DIRECTION('',(0.,-1.,0.));
#8274 = PLANE('',#8275);
#8275 = AXIS2_PLACEMENT_3D('',#8276,#8277,#8278);
#8276 = CARTESIAN_POINT('',(-7.25,6.,0.3));
#8277 = DIRECTION('',(-2.168404344971E-16,0.,-1.));
#8278 = DIRECTION('',(-1.,0.,2.168404344971E-16));
#8279 = ADVANCED_FACE('',(#8280),#8305,.F.);
#8280 = FACE_BOUND('',#8281,.T.);
#8281 = EDGE_LOOP('',(#8282,#8290,#8298,#8304));
#8282 = ORIENTED_EDGE('',*,*,#8283,.T.);
#8283 = EDGE_CURVE('',#8246,#8284,#8286,.T.);
#8284 = VERTEX_POINT('',#8285);
#8285 = CARTESIAN_POINT('',(-7.25,1.75,0.8));
#8286 = LINE('',#8287,#8288);
#8287 = CARTESIAN_POINT('',(-7.25,1.75,8.900492683583E-16));
#8288 = VECTOR('',#8289,1.);
#8289 = DIRECTION('',(0.,-2.478176394253E-16,1.));
#8290 = ORIENTED_EDGE('',*,*,#8291,.T.);
#8291 = EDGE_CURVE('',#8284,#8292,#8294,.T.);
#8292 = VERTEX_POINT('',#8293);
#8293 = CARTESIAN_POINT('',(-7.25,0.2,0.8));
#8294 = LINE('',#8295,#8296);
#8295 = CARTESIAN_POINT('',(-7.25,6.,0.8));
#8296 = VECTOR('',#8297,1.);
#8297 = DIRECTION('',(0.,-1.,0.));
#8298 = ORIENTED_EDGE('',*,*,#8299,.F.);
#8299 = EDGE_CURVE('',#8254,#8292,#8300,.T.);
#8300 = LINE('',#8301,#8302);
#8301 = CARTESIAN_POINT('',(-7.25,0.2,-2.25));
#8302 = VECTOR('',#8303,1.);
#8303 = DIRECTION('',(0.,0.,1.));
#8304 = ORIENTED_EDGE('',*,*,#8253,.F.);
#8305 = PLANE('',#8306);
#8306 = AXIS2_PLACEMENT_3D('',#8307,#8308,#8309);
#8307 = CARTESIAN_POINT('',(-7.25,6.,0.8));
#8308 = DIRECTION('',(-1.,0.,0.));
#8309 = DIRECTION('',(0.,0.,1.));
#8310 = ADVANCED_FACE('',(#8311),#8336,.F.);
#8311 = FACE_BOUND('',#8312,.T.);
#8312 = EDGE_LOOP('',(#8313,#8321,#8329,#8335));
#8313 = ORIENTED_EDGE('',*,*,#8314,.T.);
#8314 = EDGE_CURVE('',#8284,#8315,#8317,.T.);
#8315 = VERTEX_POINT('',#8316);
#8316 = CARTESIAN_POINT('',(-6.75,1.75,0.8));
#8317 = LINE('',#8318,#8319);
#8318 = CARTESIAN_POINT('',(-6.,1.75,0.8));
#8319 = VECTOR('',#8320,1.);
#8320 = DIRECTION('',(1.,-3.504579431023E-32,0.));
#8321 = ORIENTED_EDGE('',*,*,#8322,.T.);
#8322 = EDGE_CURVE('',#8315,#8323,#8325,.T.);
#8323 = VERTEX_POINT('',#8324);
#8324 = CARTESIAN_POINT('',(-6.75,0.2,0.8));
#8325 = LINE('',#8326,#8327);
#8326 = CARTESIAN_POINT('',(-6.75,6.,0.8));
#8327 = VECTOR('',#8328,1.);
#8328 = DIRECTION('',(0.,-1.,0.));
#8329 = ORIENTED_EDGE('',*,*,#8330,.F.);
#8330 = EDGE_CURVE('',#8292,#8323,#8331,.T.);
#8331 = LINE('',#8332,#8333);
#8332 = CARTESIAN_POINT('',(-6.2,0.2,0.8));
#8333 = VECTOR('',#8334,1.);
#8334 = DIRECTION('',(1.,-2.710505431214E-16,0.));
#8335 = ORIENTED_EDGE('',*,*,#8291,.F.);
#8336 = PLANE('',#8337);
#8337 = AXIS2_PLACEMENT_3D('',#8338,#8339,#8340);
#8338 = CARTESIAN_POINT('',(-7.25,6.,0.8));
#8339 = DIRECTION('',(0.,0.,1.));
#8340 = DIRECTION('',(1.,0.,-0.));
#8341 = ADVANCED_FACE('',(#8342),#8358,.F.);
#8342 = FACE_BOUND('',#8343,.T.);
#8343 = EDGE_LOOP('',(#8344,#8350,#8351,#8357));
#8344 = ORIENTED_EDGE('',*,*,#8345,.T.);
#8345 = EDGE_CURVE('',#8315,#8244,#8346,.T.);
#8346 = LINE('',#8347,#8348);
#8347 = CARTESIAN_POINT('',(-6.75,1.75,7.274189424855E-16));
#8348 = VECTOR('',#8349,1.);
#8349 = DIRECTION('',(2.168404344971E-16,2.478176394253E-16,-1.));
#8350 = ORIENTED_EDGE('',*,*,#8269,.T.);
#8351 = ORIENTED_EDGE('',*,*,#8352,.F.);
#8352 = EDGE_CURVE('',#8323,#8262,#8353,.T.);
#8353 = LINE('',#8354,#8355);
#8354 = CARTESIAN_POINT('',(-6.75,0.2,-2.25));
#8355 = VECTOR('',#8356,1.);
#8356 = DIRECTION('',(2.168404344971E-16,-5.877471754111E-32,-1.));
#8357 = ORIENTED_EDGE('',*,*,#8322,.F.);
#8358 = PLANE('',#8359);
#8359 = AXIS2_PLACEMENT_3D('',#8360,#8361,#8362);
#8360 = CARTESIAN_POINT('',(-6.75,6.,0.8));
#8361 = DIRECTION('',(1.,0.,2.168404344971E-16));
#8362 = DIRECTION('',(-2.168404344971E-16,0.,1.));
#8363 = ADVANCED_FACE('',(#8364),#8397,.F.);
#8364 = FACE_BOUND('',#8365,.T.);
#8365 = EDGE_LOOP('',(#8366,#8374,#8382,#8390,#8396));
#8366 = ORIENTED_EDGE('',*,*,#8367,.T.);
#8367 = EDGE_CURVE('',#8087,#8368,#8370,.T.);
#8368 = VERTEX_POINT('',#8369);
#8369 = CARTESIAN_POINT('',(-8.3,5.75,-0.12));
#8370 = LINE('',#8371,#8372);
#8371 = CARTESIAN_POINT('',(-8.3,4.5,-0.12));
#8372 = VECTOR('',#8373,1.);
#8373 = DIRECTION('',(-2.522858432348E-32,1.,0.));
#8374 = ORIENTED_EDGE('',*,*,#8375,.T.);
#8375 = EDGE_CURVE('',#8368,#8376,#8378,.T.);
#8376 = VERTEX_POINT('',#8377);
#8377 = CARTESIAN_POINT('',(-8.55,6.,-0.12));
#8378 = LINE('',#8379,#8380);
#8379 = CARTESIAN_POINT('',(-8.3,5.75,-0.12));
#8380 = VECTOR('',#8381,1.);
#8381 = DIRECTION('',(-0.707106781187,0.707106781187,0.));
#8382 = ORIENTED_EDGE('',*,*,#8383,.T.);
#8383 = EDGE_CURVE('',#8376,#8384,#8386,.T.);
#8384 = VERTEX_POINT('',#8385);
#8385 = CARTESIAN_POINT('',(-8.95,6.,-0.12));
#8386 = LINE('',#8387,#8388);
#8387 = CARTESIAN_POINT('',(-3.05,6.,-0.12));
#8388 = VECTOR('',#8389,1.);
#8389 = DIRECTION('',(-1.,0.,0.));
#8390 = ORIENTED_EDGE('',*,*,#8391,.T.);
#8391 = EDGE_CURVE('',#8384,#8076,#8392,.T.);
#8392 = LINE('',#8393,#8394);
#8393 = CARTESIAN_POINT('',(-8.95,4.5,-0.12));
#8394 = VECTOR('',#8395,1.);
#8395 = DIRECTION('',(0.,-1.,0.));
#8396 = ORIENTED_EDGE('',*,*,#8086,.F.);
#8397 = PLANE('',#8398);
#8398 = AXIS2_PLACEMENT_3D('',#8399,#8400,#8401);
#8399 = CARTESIAN_POINT('',(-3.05,4.5,-0.12));
#8400 = DIRECTION('',(0.,0.,-1.));
#8401 = DIRECTION('',(0.,-1.,0.));
#8402 = ADVANCED_FACE('',(#8403),#8693,.F.);
#8403 = FACE_BOUND('',#8404,.T.);
#8404 = EDGE_LOOP('',(#8405,#8415,#8423,#8431,#8439,#8447,#8455,#8463,
    #8471,#8479,#8487,#8495,#8503,#8511,#8519,#8527,#8535,#8543,#8551,
    #8559,#8567,#8575,#8583,#8591,#8599,#8607,#8615,#8623,#8631,#8639,
    #8647,#8655,#8663,#8671,#8679,#8687));
#8405 = ORIENTED_EDGE('',*,*,#8406,.F.);
#8406 = EDGE_CURVE('',#8407,#8409,#8411,.T.);
#8407 = VERTEX_POINT('',#8408);
#8408 = CARTESIAN_POINT('',(8.95,6.,-2.25));
#8409 = VERTEX_POINT('',#8410);
#8410 = CARTESIAN_POINT('',(-8.95,6.,-2.25));
#8411 = LINE('',#8412,#8413);
#8412 = CARTESIAN_POINT('',(-3.05,6.,-2.25));
#8413 = VECTOR('',#8414,1.);
#8414 = DIRECTION('',(-1.,0.,0.));
#8415 = ORIENTED_EDGE('',*,*,#8416,.F.);
#8416 = EDGE_CURVE('',#8417,#8407,#8419,.T.);
#8417 = VERTEX_POINT('',#8418);
#8418 = CARTESIAN_POINT('',(8.95,4.336808689942E-16,-2.25));
#8419 = LINE('',#8420,#8421);
#8420 = CARTESIAN_POINT('',(8.95,4.336808689942E-16,-2.25));
#8421 = VECTOR('',#8422,1.);
#8422 = DIRECTION('',(0.,1.,0.));
#8423 = ORIENTED_EDGE('',*,*,#8424,.T.);
#8424 = EDGE_CURVE('',#8417,#8425,#8427,.T.);
#8425 = VERTEX_POINT('',#8426);
#8426 = CARTESIAN_POINT('',(7.8,4.336808689942E-16,-2.25));
#8427 = LINE('',#8428,#8429);
#8428 = CARTESIAN_POINT('',(8.95,4.336808689942E-16,-2.25));
#8429 = VECTOR('',#8430,1.);
#8430 = DIRECTION('',(-1.,0.,0.));
#8431 = ORIENTED_EDGE('',*,*,#8432,.T.);
#8432 = EDGE_CURVE('',#8425,#8433,#8435,.T.);
#8433 = VERTEX_POINT('',#8434);
#8434 = CARTESIAN_POINT('',(7.8,0.2,-2.25));
#8435 = LINE('',#8436,#8437);
#8436 = CARTESIAN_POINT('',(7.8,0.2,-2.25));
#8437 = VECTOR('',#8438,1.);
#8438 = DIRECTION('',(0.,1.,0.));
#8439 = ORIENTED_EDGE('',*,*,#8440,.T.);
#8440 = EDGE_CURVE('',#8433,#8441,#8443,.T.);
#8441 = VERTEX_POINT('',#8442);
#8442 = CARTESIAN_POINT('',(6.2,0.2,-2.25));
#8443 = LINE('',#8444,#8445);
#8444 = CARTESIAN_POINT('',(6.2,0.2,-2.25));
#8445 = VECTOR('',#8446,1.);
#8446 = DIRECTION('',(-1.,-2.710505431214E-16,0.));
#8447 = ORIENTED_EDGE('',*,*,#8448,.T.);
#8448 = EDGE_CURVE('',#8441,#8449,#8451,.T.);
#8449 = VERTEX_POINT('',#8450);
#8450 = CARTESIAN_POINT('',(6.2,-4.336808689942E-16,-2.25));
#8451 = LINE('',#8452,#8453);
#8452 = CARTESIAN_POINT('',(6.2,0.2,-2.25));
#8453 = VECTOR('',#8454,1.);
#8454 = DIRECTION('',(-1.355252715607E-16,-1.,0.));
#8455 = ORIENTED_EDGE('',*,*,#8456,.T.);
#8456 = EDGE_CURVE('',#8449,#8457,#8459,.T.);
#8457 = VERTEX_POINT('',#8458);
#8458 = CARTESIAN_POINT('',(5.8,-4.336808689942E-16,-2.25));
#8459 = LINE('',#8460,#8461);
#8460 = CARTESIAN_POINT('',(0.95,4.336808689942E-16,-2.25));
#8461 = VECTOR('',#8462,1.);
#8462 = DIRECTION('',(-1.,0.,0.));
#8463 = ORIENTED_EDGE('',*,*,#8464,.T.);
#8464 = EDGE_CURVE('',#8457,#8465,#8467,.T.);
#8465 = VERTEX_POINT('',#8466);
#8466 = CARTESIAN_POINT('',(5.8,0.2,-2.25));
#8467 = LINE('',#8468,#8469);
#8468 = CARTESIAN_POINT('',(5.8,0.2,-2.25));
#8469 = VECTOR('',#8470,1.);
#8470 = DIRECTION('',(0.,1.,0.));
#8471 = ORIENTED_EDGE('',*,*,#8472,.T.);
#8472 = EDGE_CURVE('',#8465,#8473,#8475,.T.);
#8473 = VERTEX_POINT('',#8474);
#8474 = CARTESIAN_POINT('',(4.2,0.2,-2.25));
#8475 = LINE('',#8476,#8477);
#8476 = CARTESIAN_POINT('',(4.2,0.2,-2.25));
#8477 = VECTOR('',#8478,1.);
#8478 = DIRECTION('',(-1.,0.,0.));
#8479 = ORIENTED_EDGE('',*,*,#8480,.T.);
#8480 = EDGE_CURVE('',#8473,#8481,#8483,.T.);
#8481 = VERTEX_POINT('',#8482);
#8482 = CARTESIAN_POINT('',(4.2,-4.336808689942E-16,-2.25));
#8483 = LINE('',#8484,#8485);
#8484 = CARTESIAN_POINT('',(4.2,0.2,-2.25));
#8485 = VECTOR('',#8486,1.);
#8486 = DIRECTION('',(0.,-1.,0.));
#8487 = ORIENTED_EDGE('',*,*,#8488,.T.);
#8488 = EDGE_CURVE('',#8481,#8489,#8491,.T.);
#8489 = VERTEX_POINT('',#8490);
#8490 = CARTESIAN_POINT('',(3.8,-4.336808689942E-16,-2.25));
#8491 = LINE('',#8492,#8493);
#8492 = CARTESIAN_POINT('',(4.95,4.336808689942E-16,-2.25));
#8493 = VECTOR('',#8494,1.);
#8494 = DIRECTION('',(-1.,0.,0.));
#8495 = ORIENTED_EDGE('',*,*,#8496,.T.);
#8496 = EDGE_CURVE('',#8489,#8497,#8499,.T.);
#8497 = VERTEX_POINT('',#8498);
#8498 = CARTESIAN_POINT('',(3.8,0.2,-2.25));
#8499 = LINE('',#8500,#8501);
#8500 = CARTESIAN_POINT('',(3.8,0.2,-2.25));
#8501 = VECTOR('',#8502,1.);
#8502 = DIRECTION('',(0.,1.,0.));
#8503 = ORIENTED_EDGE('',*,*,#8504,.T.);
#8504 = EDGE_CURVE('',#8497,#8505,#8507,.T.);
#8505 = VERTEX_POINT('',#8506);
#8506 = CARTESIAN_POINT('',(2.2,0.2,-2.25));
#8507 = LINE('',#8508,#8509);
#8508 = CARTESIAN_POINT('',(2.2,0.2,-2.25));
#8509 = VECTOR('',#8510,1.);
#8510 = DIRECTION('',(-1.,0.,0.));
#8511 = ORIENTED_EDGE('',*,*,#8512,.T.);
#8512 = EDGE_CURVE('',#8505,#8513,#8515,.T.);
#8513 = VERTEX_POINT('',#8514);
#8514 = CARTESIAN_POINT('',(2.2,-4.336808689942E-16,-2.25));
#8515 = LINE('',#8516,#8517);
#8516 = CARTESIAN_POINT('',(2.2,0.2,-2.25));
#8517 = VECTOR('',#8518,1.);
#8518 = DIRECTION('',(0.,-1.,0.));
#8519 = ORIENTED_EDGE('',*,*,#8520,.T.);
#8520 = EDGE_CURVE('',#8513,#8521,#8523,.T.);
#8521 = VERTEX_POINT('',#8522);
#8522 = CARTESIAN_POINT('',(1.8,-4.336808689942E-16,-2.25));
#8523 = LINE('',#8524,#8525);
#8524 = CARTESIAN_POINT('',(2.95,4.336808689942E-16,-2.25));
#8525 = VECTOR('',#8526,1.);
#8526 = DIRECTION('',(-1.,0.,0.));
#8527 = ORIENTED_EDGE('',*,*,#8528,.T.);
#8528 = EDGE_CURVE('',#8521,#8529,#8531,.T.);
#8529 = VERTEX_POINT('',#8530);
#8530 = CARTESIAN_POINT('',(1.8,0.2,-2.25));
#8531 = LINE('',#8532,#8533);
#8532 = CARTESIAN_POINT('',(1.8,0.2,-2.25));
#8533 = VECTOR('',#8534,1.);
#8534 = DIRECTION('',(0.,1.,0.));
#8535 = ORIENTED_EDGE('',*,*,#8536,.T.);
#8536 = EDGE_CURVE('',#8529,#8537,#8539,.T.);
#8537 = VERTEX_POINT('',#8538);
#8538 = CARTESIAN_POINT('',(0.2,0.2,-2.25));
#8539 = LINE('',#8540,#8541);
#8540 = CARTESIAN_POINT('',(0.2,0.2,-2.25));
#8541 = VECTOR('',#8542,1.);
#8542 = DIRECTION('',(-1.,0.,0.));
#8543 = ORIENTED_EDGE('',*,*,#8544,.T.);
#8544 = EDGE_CURVE('',#8537,#8545,#8547,.T.);
#8545 = VERTEX_POINT('',#8546);
#8546 = CARTESIAN_POINT('',(0.2,-4.336808689942E-16,-2.25));
#8547 = LINE('',#8548,#8549);
#8548 = CARTESIAN_POINT('',(0.2,0.2,-2.25));
#8549 = VECTOR('',#8550,1.);
#8550 = DIRECTION('',(0.,-1.,0.));
#8551 = ORIENTED_EDGE('',*,*,#8552,.T.);
#8552 = EDGE_CURVE('',#8545,#8553,#8555,.T.);
#8553 = VERTEX_POINT('',#8554);
#8554 = CARTESIAN_POINT('',(-0.2,-4.336808689942E-16,-2.25));
#8555 = LINE('',#8556,#8557);
#8556 = CARTESIAN_POINT('',(0.95,4.336808689942E-16,-2.25));
#8557 = VECTOR('',#8558,1.);
#8558 = DIRECTION('',(-1.,0.,0.));
#8559 = ORIENTED_EDGE('',*,*,#8560,.T.);
#8560 = EDGE_CURVE('',#8553,#8561,#8563,.T.);
#8561 = VERTEX_POINT('',#8562);
#8562 = CARTESIAN_POINT('',(-0.2,0.2,-2.25));
#8563 = LINE('',#8564,#8565);
#8564 = CARTESIAN_POINT('',(-0.2,0.2,-2.25));
#8565 = VECTOR('',#8566,1.);
#8566 = DIRECTION('',(0.,1.,0.));
#8567 = ORIENTED_EDGE('',*,*,#8568,.T.);
#8568 = EDGE_CURVE('',#8561,#8569,#8571,.T.);
#8569 = VERTEX_POINT('',#8570);
#8570 = CARTESIAN_POINT('',(-1.8,0.2,-2.25));
#8571 = LINE('',#8572,#8573);
#8572 = CARTESIAN_POINT('',(-1.8,0.2,-2.25));
#8573 = VECTOR('',#8574,1.);
#8574 = DIRECTION('',(-1.,0.,0.));
#8575 = ORIENTED_EDGE('',*,*,#8576,.T.);
#8576 = EDGE_CURVE('',#8569,#8577,#8579,.T.);
#8577 = VERTEX_POINT('',#8578);
#8578 = CARTESIAN_POINT('',(-1.8,-4.336808689942E-16,-2.25));
#8579 = LINE('',#8580,#8581);
#8580 = CARTESIAN_POINT('',(-1.8,0.2,-2.25));
#8581 = VECTOR('',#8582,1.);
#8582 = DIRECTION('',(0.,-1.,0.));
#8583 = ORIENTED_EDGE('',*,*,#8584,.T.);
#8584 = EDGE_CURVE('',#8577,#8585,#8587,.T.);
#8585 = VERTEX_POINT('',#8586);
#8586 = CARTESIAN_POINT('',(-2.2,-4.336808689942E-16,-2.25));
#8587 = LINE('',#8588,#8589);
#8588 = CARTESIAN_POINT('',(-1.05,4.336808689942E-16,-2.25));
#8589 = VECTOR('',#8590,1.);
#8590 = DIRECTION('',(-1.,0.,0.));
#8591 = ORIENTED_EDGE('',*,*,#8592,.T.);
#8592 = EDGE_CURVE('',#8585,#8593,#8595,.T.);
#8593 = VERTEX_POINT('',#8594);
#8594 = CARTESIAN_POINT('',(-2.2,0.2,-2.25));
#8595 = LINE('',#8596,#8597);
#8596 = CARTESIAN_POINT('',(-2.2,0.2,-2.25));
#8597 = VECTOR('',#8598,1.);
#8598 = DIRECTION('',(0.,1.,0.));
#8599 = ORIENTED_EDGE('',*,*,#8600,.T.);
#8600 = EDGE_CURVE('',#8593,#8601,#8603,.T.);
#8601 = VERTEX_POINT('',#8602);
#8602 = CARTESIAN_POINT('',(-3.8,0.2,-2.25));
#8603 = LINE('',#8604,#8605);
#8604 = CARTESIAN_POINT('',(-3.8,0.2,-2.25));
#8605 = VECTOR('',#8606,1.);
#8606 = DIRECTION('',(-1.,0.,0.));
#8607 = ORIENTED_EDGE('',*,*,#8608,.T.);
#8608 = EDGE_CURVE('',#8601,#8609,#8611,.T.);
#8609 = VERTEX_POINT('',#8610);
#8610 = CARTESIAN_POINT('',(-3.8,-4.336808689942E-16,-2.25));
#8611 = LINE('',#8612,#8613);
#8612 = CARTESIAN_POINT('',(-3.8,0.2,-2.25));
#8613 = VECTOR('',#8614,1.);
#8614 = DIRECTION('',(0.,-1.,0.));
#8615 = ORIENTED_EDGE('',*,*,#8616,.T.);
#8616 = EDGE_CURVE('',#8609,#8617,#8619,.T.);
#8617 = VERTEX_POINT('',#8618);
#8618 = CARTESIAN_POINT('',(-4.2,-4.336808689942E-16,-2.25));
#8619 = LINE('',#8620,#8621);
#8620 = CARTESIAN_POINT('',(-3.05,4.336808689942E-16,-2.25));
#8621 = VECTOR('',#8622,1.);
#8622 = DIRECTION('',(-1.,0.,0.));
#8623 = ORIENTED_EDGE('',*,*,#8624,.T.);
#8624 = EDGE_CURVE('',#8617,#8625,#8627,.T.);
#8625 = VERTEX_POINT('',#8626);
#8626 = CARTESIAN_POINT('',(-4.2,0.2,-2.25));
#8627 = LINE('',#8628,#8629);
#8628 = CARTESIAN_POINT('',(-4.2,0.2,-2.25));
#8629 = VECTOR('',#8630,1.);
#8630 = DIRECTION('',(0.,1.,0.));
#8631 = ORIENTED_EDGE('',*,*,#8632,.T.);
#8632 = EDGE_CURVE('',#8625,#8633,#8635,.T.);
#8633 = VERTEX_POINT('',#8634);
#8634 = CARTESIAN_POINT('',(-5.8,0.2,-2.25));
#8635 = LINE('',#8636,#8637);
#8636 = CARTESIAN_POINT('',(-5.8,0.2,-2.25));
#8637 = VECTOR('',#8638,1.);
#8638 = DIRECTION('',(-1.,0.,0.));
#8639 = ORIENTED_EDGE('',*,*,#8640,.T.);
#8640 = EDGE_CURVE('',#8633,#8641,#8643,.T.);
#8641 = VERTEX_POINT('',#8642);
#8642 = CARTESIAN_POINT('',(-5.8,-4.336808689942E-16,-2.25));
#8643 = LINE('',#8644,#8645);
#8644 = CARTESIAN_POINT('',(-5.8,0.2,-2.25));
#8645 = VECTOR('',#8646,1.);
#8646 = DIRECTION('',(0.,-1.,0.));
#8647 = ORIENTED_EDGE('',*,*,#8648,.T.);
#8648 = EDGE_CURVE('',#8641,#8649,#8651,.T.);
#8649 = VERTEX_POINT('',#8650);
#8650 = CARTESIAN_POINT('',(-6.2,4.336808689942E-16,-2.25));
#8651 = LINE('',#8652,#8653);
#8652 = CARTESIAN_POINT('',(-3.05,4.336808689942E-16,-2.25));
#8653 = VECTOR('',#8654,1.);
#8654 = DIRECTION('',(-1.,0.,0.));
#8655 = ORIENTED_EDGE('',*,*,#8656,.T.);
#8656 = EDGE_CURVE('',#8649,#8657,#8659,.T.);
#8657 = VERTEX_POINT('',#8658);
#8658 = CARTESIAN_POINT('',(-6.2,0.2,-2.25));
#8659 = LINE('',#8660,#8661);
#8660 = CARTESIAN_POINT('',(-6.2,0.2,-2.25));
#8661 = VECTOR('',#8662,1.);
#8662 = DIRECTION('',(-1.355252715607E-16,1.,0.));
#8663 = ORIENTED_EDGE('',*,*,#8664,.T.);
#8664 = EDGE_CURVE('',#8657,#8665,#8667,.T.);
#8665 = VERTEX_POINT('',#8666);
#8666 = CARTESIAN_POINT('',(-7.8,0.2,-2.25));
#8667 = LINE('',#8668,#8669);
#8668 = CARTESIAN_POINT('',(-6.2,0.2,-2.25));
#8669 = VECTOR('',#8670,1.);
#8670 = DIRECTION('',(-1.,2.710505431214E-16,0.));
#8671 = ORIENTED_EDGE('',*,*,#8672,.T.);
#8672 = EDGE_CURVE('',#8665,#8673,#8675,.T.);
#8673 = VERTEX_POINT('',#8674);
#8674 = CARTESIAN_POINT('',(-7.8,-4.336808689942E-16,-2.25));
#8675 = LINE('',#8676,#8677);
#8676 = CARTESIAN_POINT('',(-7.8,0.2,-2.25));
#8677 = VECTOR('',#8678,1.);
#8678 = DIRECTION('',(0.,-1.,0.));
#8679 = ORIENTED_EDGE('',*,*,#8680,.T.);
#8680 = EDGE_CURVE('',#8673,#8681,#8683,.T.);
#8681 = VERTEX_POINT('',#8682);
#8682 = CARTESIAN_POINT('',(-8.95,4.336808689942E-16,-2.25));
#8683 = LINE('',#8684,#8685);
#8684 = CARTESIAN_POINT('',(-3.05,4.336808689942E-16,-2.25));
#8685 = VECTOR('',#8686,1.);
#8686 = DIRECTION('',(-1.,0.,0.));
#8687 = ORIENTED_EDGE('',*,*,#8688,.T.);
#8688 = EDGE_CURVE('',#8681,#8409,#8689,.T.);
#8689 = LINE('',#8690,#8691);
#8690 = CARTESIAN_POINT('',(-8.95,4.336808689942E-16,-2.25));
#8691 = VECTOR('',#8692,1.);
#8692 = DIRECTION('',(0.,1.,0.));
#8693 = PLANE('',#8694);
#8694 = AXIS2_PLACEMENT_3D('',#8695,#8696,#8697);
#8695 = CARTESIAN_POINT('',(-3.05,4.336808689942E-16,-2.25));
#8696 = DIRECTION('',(0.,0.,1.));
#8697 = DIRECTION('',(1.,0.,-0.));
#8698 = ADVANCED_FACE('',(#8699),#8726,.F.);
#8699 = FACE_BOUND('',#8700,.T.);
#8700 = EDGE_LOOP('',(#8701,#8709,#8710,#8711,#8712,#8720));
#8701 = ORIENTED_EDGE('',*,*,#8702,.F.);
#8702 = EDGE_CURVE('',#8046,#8703,#8705,.T.);
#8703 = VERTEX_POINT('',#8704);
#8704 = CARTESIAN_POINT('',(-6.225,6.,2.25));
#8705 = LINE('',#8706,#8707);
#8706 = CARTESIAN_POINT('',(-6.225,6.,-2.623757129272));
#8707 = VECTOR('',#8708,1.);
#8708 = DIRECTION('',(0.,0.,1.));
#8709 = ORIENTED_EDGE('',*,*,#8045,.T.);
#8710 = ORIENTED_EDGE('',*,*,#8127,.T.);
#8711 = ORIENTED_EDGE('',*,*,#8148,.T.);
#8712 = ORIENTED_EDGE('',*,*,#8713,.T.);
#8713 = EDGE_CURVE('',#8149,#8714,#8716,.T.);
#8714 = VERTEX_POINT('',#8715);
#8715 = CARTESIAN_POINT('',(-8.95,6.,2.25));
#8716 = LINE('',#8717,#8718);
#8717 = CARTESIAN_POINT('',(-8.95,6.,0.88));
#8718 = VECTOR('',#8719,1.);
#8719 = DIRECTION('',(0.,-3.165553788279E-16,1.));
#8720 = ORIENTED_EDGE('',*,*,#8721,.F.);
#8721 = EDGE_CURVE('',#8703,#8714,#8722,.T.);
#8722 = LINE('',#8723,#8724);
#8723 = CARTESIAN_POINT('',(-3.05,6.,2.25));
#8724 = VECTOR('',#8725,1.);
#8725 = DIRECTION('',(-1.,0.,0.));
#8726 = PLANE('',#8727);
#8727 = AXIS2_PLACEMENT_3D('',#8728,#8729,#8730);
#8728 = CARTESIAN_POINT('',(-3.05,6.,0.88));
#8729 = DIRECTION('',(0.,-1.,-3.165553788279E-16));
#8730 = DIRECTION('',(0.,3.165553788279E-16,-1.));
#8731 = ADVANCED_FACE('',(#8732),#8751,.F.);
#8732 = FACE_BOUND('',#8733,.T.);
#8733 = EDGE_LOOP('',(#8734,#8735,#8736,#8737,#8745));
#8734 = ORIENTED_EDGE('',*,*,#8221,.T.);
#8735 = ORIENTED_EDGE('',*,*,#8053,.T.);
#8736 = ORIENTED_EDGE('',*,*,#8702,.T.);
#8737 = ORIENTED_EDGE('',*,*,#8738,.T.);
#8738 = EDGE_CURVE('',#8703,#8739,#8741,.T.);
#8739 = VERTEX_POINT('',#8740);
#8740 = CARTESIAN_POINT('',(-6.225,1.75,2.25));
#8741 = LINE('',#8742,#8743);
#8742 = CARTESIAN_POINT('',(-6.225,1.75,2.25));
#8743 = VECTOR('',#8744,1.);
#8744 = DIRECTION('',(0.,-1.,0.));
#8745 = ORIENTED_EDGE('',*,*,#8746,.F.);
#8746 = EDGE_CURVE('',#8222,#8739,#8747,.T.);
#8747 = LINE('',#8748,#8749);
#8748 = CARTESIAN_POINT('',(-6.225,1.75,-2.623757129272));
#8749 = VECTOR('',#8750,1.);
#8750 = DIRECTION('',(0.,0.,1.));
#8751 = PLANE('',#8752);
#8752 = AXIS2_PLACEMENT_3D('',#8753,#8754,#8755);
#8753 = CARTESIAN_POINT('',(-6.225,1.75,-2.623757129272));
#8754 = DIRECTION('',(-1.,0.,0.));
#8755 = DIRECTION('',(0.,0.,1.));
#8756 = ADVANCED_FACE('',(#8757,#8807,#8813,#8847,#8881,#8915,#8949,
    #8983,#9017),#9051,.T.);
#8757 = FACE_BOUND('',#8758,.T.);
#8758 = EDGE_LOOP('',(#8759,#8767,#8775,#8783,#8791,#8799,#8805,#8806));
#8759 = ORIENTED_EDGE('',*,*,#8760,.T.);
#8760 = EDGE_CURVE('',#8739,#8761,#8763,.T.);
#8761 = VERTEX_POINT('',#8762);
#8762 = CARTESIAN_POINT('',(6.225,1.75,2.25));
#8763 = LINE('',#8764,#8765);
#8764 = CARTESIAN_POINT('',(-5.775,1.75,2.25));
#8765 = VECTOR('',#8766,1.);
#8766 = DIRECTION('',(1.,0.,0.));
#8767 = ORIENTED_EDGE('',*,*,#8768,.F.);
#8768 = EDGE_CURVE('',#8769,#8761,#8771,.T.);
#8769 = VERTEX_POINT('',#8770);
#8770 = CARTESIAN_POINT('',(6.225,1.75,1.65));
#8771 = LINE('',#8772,#8773);
#8772 = CARTESIAN_POINT('',(6.225,1.75,-2.623757129272));
#8773 = VECTOR('',#8774,1.);
#8774 = DIRECTION('',(0.,0.,1.));
#8775 = ORIENTED_EDGE('',*,*,#8776,.T.);
#8776 = EDGE_CURVE('',#8769,#8777,#8779,.T.);
#8777 = VERTEX_POINT('',#8778);
#8778 = CARTESIAN_POINT('',(8.3,1.75,1.65));
#8779 = LINE('',#8780,#8781);
#8780 = CARTESIAN_POINT('',(3.7,1.75,1.65));
#8781 = VECTOR('',#8782,1.);
#8782 = DIRECTION('',(1.,0.,-1.41417674672E-16));
#8783 = ORIENTED_EDGE('',*,*,#8784,.T.);
#8784 = EDGE_CURVE('',#8777,#8785,#8787,.T.);
#8785 = VERTEX_POINT('',#8786);
#8786 = CARTESIAN_POINT('',(8.3,1.75,-1.85));
#8787 = LINE('',#8788,#8789);
#8788 = CARTESIAN_POINT('',(8.3,1.75,-1.85));
#8789 = VECTOR('',#8790,1.);
#8790 = DIRECTION('',(-1.239088197126E-16,2.478176394253E-16,-1.));
#8791 = ORIENTED_EDGE('',*,*,#8792,.T.);
#8792 = EDGE_CURVE('',#8785,#8793,#8795,.T.);
#8793 = VERTEX_POINT('',#8794);
#8794 = CARTESIAN_POINT('',(-8.3,1.75,-1.85));
#8795 = LINE('',#8796,#8797);
#8796 = CARTESIAN_POINT('',(-8.3,1.75,-1.85));
#8797 = VECTOR('',#8798,1.);
#8798 = DIRECTION('',(-1.,0.,1.41417674672E-16));
#8799 = ORIENTED_EDGE('',*,*,#8800,.T.);
#8800 = EDGE_CURVE('',#8793,#8213,#8801,.T.);
#8801 = LINE('',#8802,#8803);
#8802 = CARTESIAN_POINT('',(-8.3,1.75,-1.85));
#8803 = VECTOR('',#8804,1.);
#8804 = DIRECTION('',(1.239088197126E-16,-2.478176394253E-16,1.));
#8805 = ORIENTED_EDGE('',*,*,#8229,.T.);
#8806 = ORIENTED_EDGE('',*,*,#8746,.T.);
#8807 = FACE_BOUND('',#8808,.T.);
#8808 = EDGE_LOOP('',(#8809,#8810,#8811,#8812));
#8809 = ORIENTED_EDGE('',*,*,#8345,.F.);
#8810 = ORIENTED_EDGE('',*,*,#8314,.F.);
#8811 = ORIENTED_EDGE('',*,*,#8283,.F.);
#8812 = ORIENTED_EDGE('',*,*,#8243,.F.);
#8813 = FACE_BOUND('',#8814,.T.);
#8814 = EDGE_LOOP('',(#8815,#8825,#8833,#8841));
#8815 = ORIENTED_EDGE('',*,*,#8816,.F.);
#8816 = EDGE_CURVE('',#8817,#8819,#8821,.T.);
#8817 = VERTEX_POINT('',#8818);
#8818 = CARTESIAN_POINT('',(-4.75,1.75,0.3));
#8819 = VERTEX_POINT('',#8820);
#8820 = CARTESIAN_POINT('',(-5.25,1.75,0.3));
#8821 = LINE('',#8822,#8823);
#8822 = CARTESIAN_POINT('',(-5.25,1.75,0.3));
#8823 = VECTOR('',#8824,1.);
#8824 = DIRECTION('',(-1.,0.,0.));
#8825 = ORIENTED_EDGE('',*,*,#8826,.F.);
#8826 = EDGE_CURVE('',#8827,#8817,#8829,.T.);
#8827 = VERTEX_POINT('',#8828);
#8828 = CARTESIAN_POINT('',(-4.75,1.75,0.8));
#8829 = LINE('',#8830,#8831);
#8830 = CARTESIAN_POINT('',(-4.75,1.75,0.3));
#8831 = VECTOR('',#8832,1.);
#8832 = DIRECTION('',(0.,4.336808689942E-16,-1.));
#8833 = ORIENTED_EDGE('',*,*,#8834,.F.);
#8834 = EDGE_CURVE('',#8835,#8827,#8837,.T.);
#8835 = VERTEX_POINT('',#8836);
#8836 = CARTESIAN_POINT('',(-5.25,1.75,0.8));
#8837 = LINE('',#8838,#8839);
#8838 = CARTESIAN_POINT('',(-5.25,1.75,0.8));
#8839 = VECTOR('',#8840,1.);
#8840 = DIRECTION('',(1.,0.,0.));
#8841 = ORIENTED_EDGE('',*,*,#8842,.F.);
#8842 = EDGE_CURVE('',#8819,#8835,#8843,.T.);
#8843 = LINE('',#8844,#8845);
#8844 = CARTESIAN_POINT('',(-5.25,1.75,0.3));
#8845 = VECTOR('',#8846,1.);
#8846 = DIRECTION('',(0.,-4.336808689942E-16,1.));
#8847 = FACE_BOUND('',#8848,.T.);
#8848 = EDGE_LOOP('',(#8849,#8859,#8867,#8875));
#8849 = ORIENTED_EDGE('',*,*,#8850,.F.);
#8850 = EDGE_CURVE('',#8851,#8853,#8855,.T.);
#8851 = VERTEX_POINT('',#8852);
#8852 = CARTESIAN_POINT('',(-2.75,1.75,0.3));
#8853 = VERTEX_POINT('',#8854);
#8854 = CARTESIAN_POINT('',(-3.25,1.75,0.3));
#8855 = LINE('',#8856,#8857);
#8856 = CARTESIAN_POINT('',(-3.25,1.75,0.3));
#8857 = VECTOR('',#8858,1.);
#8858 = DIRECTION('',(-1.,0.,0.));
#8859 = ORIENTED_EDGE('',*,*,#8860,.F.);
#8860 = EDGE_CURVE('',#8861,#8851,#8863,.T.);
#8861 = VERTEX_POINT('',#8862);
#8862 = CARTESIAN_POINT('',(-2.75,1.75,0.8));
#8863 = LINE('',#8864,#8865);
#8864 = CARTESIAN_POINT('',(-2.75,1.75,0.3));
#8865 = VECTOR('',#8866,1.);
#8866 = DIRECTION('',(0.,4.336808689942E-16,-1.));
#8867 = ORIENTED_EDGE('',*,*,#8868,.F.);
#8868 = EDGE_CURVE('',#8869,#8861,#8871,.T.);
#8869 = VERTEX_POINT('',#8870);
#8870 = CARTESIAN_POINT('',(-3.25,1.75,0.8));
#8871 = LINE('',#8872,#8873);
#8872 = CARTESIAN_POINT('',(-3.25,1.75,0.8));
#8873 = VECTOR('',#8874,1.);
#8874 = DIRECTION('',(1.,0.,0.));
#8875 = ORIENTED_EDGE('',*,*,#8876,.F.);
#8876 = EDGE_CURVE('',#8853,#8869,#8877,.T.);
#8877 = LINE('',#8878,#8879);
#8878 = CARTESIAN_POINT('',(-3.25,1.75,0.3));
#8879 = VECTOR('',#8880,1.);
#8880 = DIRECTION('',(0.,-4.336808689942E-16,1.));
#8881 = FACE_BOUND('',#8882,.T.);
#8882 = EDGE_LOOP('',(#8883,#8893,#8901,#8909));
#8883 = ORIENTED_EDGE('',*,*,#8884,.F.);
#8884 = EDGE_CURVE('',#8885,#8887,#8889,.T.);
#8885 = VERTEX_POINT('',#8886);
#8886 = CARTESIAN_POINT('',(-0.75,1.75,0.3));
#8887 = VERTEX_POINT('',#8888);
#8888 = CARTESIAN_POINT('',(-1.25,1.75,0.3));
#8889 = LINE('',#8890,#8891);
#8890 = CARTESIAN_POINT('',(-1.25,1.75,0.3));
#8891 = VECTOR('',#8892,1.);
#8892 = DIRECTION('',(-1.,0.,0.));
#8893 = ORIENTED_EDGE('',*,*,#8894,.F.);
#8894 = EDGE_CURVE('',#8895,#8885,#8897,.T.);
#8895 = VERTEX_POINT('',#8896);
#8896 = CARTESIAN_POINT('',(-0.75,1.75,0.8));
#8897 = LINE('',#8898,#8899);
#8898 = CARTESIAN_POINT('',(-0.75,1.75,0.3));
#8899 = VECTOR('',#8900,1.);
#8900 = DIRECTION('',(0.,4.336808689942E-16,-1.));
#8901 = ORIENTED_EDGE('',*,*,#8902,.F.);
#8902 = EDGE_CURVE('',#8903,#8895,#8905,.T.);
#8903 = VERTEX_POINT('',#8904);
#8904 = CARTESIAN_POINT('',(-1.25,1.75,0.8));
#8905 = LINE('',#8906,#8907);
#8906 = CARTESIAN_POINT('',(-1.25,1.75,0.8));
#8907 = VECTOR('',#8908,1.);
#8908 = DIRECTION('',(1.,0.,0.));
#8909 = ORIENTED_EDGE('',*,*,#8910,.F.);
#8910 = EDGE_CURVE('',#8887,#8903,#8911,.T.);
#8911 = LINE('',#8912,#8913);
#8912 = CARTESIAN_POINT('',(-1.25,1.75,0.3));
#8913 = VECTOR('',#8914,1.);
#8914 = DIRECTION('',(0.,-4.336808689942E-16,1.));
#8915 = FACE_BOUND('',#8916,.T.);
#8916 = EDGE_LOOP('',(#8917,#8927,#8935,#8943));
#8917 = ORIENTED_EDGE('',*,*,#8918,.F.);
#8918 = EDGE_CURVE('',#8919,#8921,#8923,.T.);
#8919 = VERTEX_POINT('',#8920);
#8920 = CARTESIAN_POINT('',(1.25,1.75,0.3));
#8921 = VERTEX_POINT('',#8922);
#8922 = CARTESIAN_POINT('',(0.75,1.75,0.3));
#8923 = LINE('',#8924,#8925);
#8924 = CARTESIAN_POINT('',(0.75,1.75,0.3));
#8925 = VECTOR('',#8926,1.);
#8926 = DIRECTION('',(-1.,0.,0.));
#8927 = ORIENTED_EDGE('',*,*,#8928,.F.);
#8928 = EDGE_CURVE('',#8929,#8919,#8931,.T.);
#8929 = VERTEX_POINT('',#8930);
#8930 = CARTESIAN_POINT('',(1.25,1.75,0.8));
#8931 = LINE('',#8932,#8933);
#8932 = CARTESIAN_POINT('',(1.25,1.75,0.3));
#8933 = VECTOR('',#8934,1.);
#8934 = DIRECTION('',(0.,4.336808689942E-16,-1.));
#8935 = ORIENTED_EDGE('',*,*,#8936,.F.);
#8936 = EDGE_CURVE('',#8937,#8929,#8939,.T.);
#8937 = VERTEX_POINT('',#8938);
#8938 = CARTESIAN_POINT('',(0.75,1.75,0.8));
#8939 = LINE('',#8940,#8941);
#8940 = CARTESIAN_POINT('',(0.75,1.75,0.8));
#8941 = VECTOR('',#8942,1.);
#8942 = DIRECTION('',(1.,0.,0.));
#8943 = ORIENTED_EDGE('',*,*,#8944,.F.);
#8944 = EDGE_CURVE('',#8921,#8937,#8945,.T.);
#8945 = LINE('',#8946,#8947);
#8946 = CARTESIAN_POINT('',(0.75,1.75,0.3));
#8947 = VECTOR('',#8948,1.);
#8948 = DIRECTION('',(0.,-4.336808689942E-16,1.));
#8949 = FACE_BOUND('',#8950,.T.);
#8950 = EDGE_LOOP('',(#8951,#8961,#8969,#8977));
#8951 = ORIENTED_EDGE('',*,*,#8952,.F.);
#8952 = EDGE_CURVE('',#8953,#8955,#8957,.T.);
#8953 = VERTEX_POINT('',#8954);
#8954 = CARTESIAN_POINT('',(3.25,1.75,0.3));
#8955 = VERTEX_POINT('',#8956);
#8956 = CARTESIAN_POINT('',(2.75,1.75,0.3));
#8957 = LINE('',#8958,#8959);
#8958 = CARTESIAN_POINT('',(2.75,1.75,0.3));
#8959 = VECTOR('',#8960,1.);
#8960 = DIRECTION('',(-1.,0.,0.));
#8961 = ORIENTED_EDGE('',*,*,#8962,.F.);
#8962 = EDGE_CURVE('',#8963,#8953,#8965,.T.);
#8963 = VERTEX_POINT('',#8964);
#8964 = CARTESIAN_POINT('',(3.25,1.75,0.8));
#8965 = LINE('',#8966,#8967);
#8966 = CARTESIAN_POINT('',(3.25,1.75,0.3));
#8967 = VECTOR('',#8968,1.);
#8968 = DIRECTION('',(0.,4.336808689942E-16,-1.));
#8969 = ORIENTED_EDGE('',*,*,#8970,.F.);
#8970 = EDGE_CURVE('',#8971,#8963,#8973,.T.);
#8971 = VERTEX_POINT('',#8972);
#8972 = CARTESIAN_POINT('',(2.75,1.75,0.8));
#8973 = LINE('',#8974,#8975);
#8974 = CARTESIAN_POINT('',(2.75,1.75,0.8));
#8975 = VECTOR('',#8976,1.);
#8976 = DIRECTION('',(1.,0.,0.));
#8977 = ORIENTED_EDGE('',*,*,#8978,.F.);
#8978 = EDGE_CURVE('',#8955,#8971,#8979,.T.);
#8979 = LINE('',#8980,#8981);
#8980 = CARTESIAN_POINT('',(2.75,1.75,0.3));
#8981 = VECTOR('',#8982,1.);
#8982 = DIRECTION('',(0.,-4.336808689942E-16,1.));
#8983 = FACE_BOUND('',#8984,.T.);
#8984 = EDGE_LOOP('',(#8985,#8995,#9003,#9011));
#8985 = ORIENTED_EDGE('',*,*,#8986,.F.);
#8986 = EDGE_CURVE('',#8987,#8989,#8991,.T.);
#8987 = VERTEX_POINT('',#8988);
#8988 = CARTESIAN_POINT('',(5.25,1.75,0.3));
#8989 = VERTEX_POINT('',#8990);
#8990 = CARTESIAN_POINT('',(4.75,1.75,0.3));
#8991 = LINE('',#8992,#8993);
#8992 = CARTESIAN_POINT('',(4.75,1.75,0.3));
#8993 = VECTOR('',#8994,1.);
#8994 = DIRECTION('',(-1.,0.,0.));
#8995 = ORIENTED_EDGE('',*,*,#8996,.F.);
#8996 = EDGE_CURVE('',#8997,#8987,#8999,.T.);
#8997 = VERTEX_POINT('',#8998);
#8998 = CARTESIAN_POINT('',(5.25,1.75,0.8));
#8999 = LINE('',#9000,#9001);
#9000 = CARTESIAN_POINT('',(5.25,1.75,0.3));
#9001 = VECTOR('',#9002,1.);
#9002 = DIRECTION('',(0.,4.336808689942E-16,-1.));
#9003 = ORIENTED_EDGE('',*,*,#9004,.F.);
#9004 = EDGE_CURVE('',#9005,#8997,#9007,.T.);
#9005 = VERTEX_POINT('',#9006);
#9006 = CARTESIAN_POINT('',(4.75,1.75,0.8));
#9007 = LINE('',#9008,#9009);
#9008 = CARTESIAN_POINT('',(4.75,1.75,0.8));
#9009 = VECTOR('',#9010,1.);
#9010 = DIRECTION('',(1.,0.,0.));
#9011 = ORIENTED_EDGE('',*,*,#9012,.F.);
#9012 = EDGE_CURVE('',#8989,#9005,#9013,.T.);
#9013 = LINE('',#9014,#9015);
#9014 = CARTESIAN_POINT('',(4.75,1.75,0.3));
#9015 = VECTOR('',#9016,1.);
#9016 = DIRECTION('',(0.,-4.336808689942E-16,1.));
#9017 = FACE_BOUND('',#9018,.T.);
#9018 = EDGE_LOOP('',(#9019,#9029,#9037,#9045));
#9019 = ORIENTED_EDGE('',*,*,#9020,.T.);
#9020 = EDGE_CURVE('',#9021,#9023,#9025,.T.);
#9021 = VERTEX_POINT('',#9022);
#9022 = CARTESIAN_POINT('',(7.25,1.75,0.8));
#9023 = VERTEX_POINT('',#9024);
#9024 = CARTESIAN_POINT('',(6.75,1.75,0.8));
#9025 = LINE('',#9026,#9027);
#9026 = CARTESIAN_POINT('',(6.,1.75,0.8));
#9027 = VECTOR('',#9028,1.);
#9028 = DIRECTION('',(-1.,3.504579431023E-32,0.));
#9029 = ORIENTED_EDGE('',*,*,#9030,.T.);
#9030 = EDGE_CURVE('',#9023,#9031,#9033,.T.);
#9031 = VERTEX_POINT('',#9032);
#9032 = CARTESIAN_POINT('',(6.75,1.75,0.3));
#9033 = LINE('',#9034,#9035);
#9034 = CARTESIAN_POINT('',(6.75,1.75,7.274189424855E-16));
#9035 = VECTOR('',#9036,1.);
#9036 = DIRECTION('',(-2.168404344971E-16,2.478176394253E-16,-1.));
#9037 = ORIENTED_EDGE('',*,*,#9038,.T.);
#9038 = EDGE_CURVE('',#9031,#9039,#9041,.T.);
#9039 = VERTEX_POINT('',#9040);
#9040 = CARTESIAN_POINT('',(7.25,1.75,0.3));
#9041 = LINE('',#9042,#9043);
#9042 = CARTESIAN_POINT('',(6.,1.75,0.3));
#9043 = VECTOR('',#9044,1.);
#9044 = DIRECTION('',(1.,-8.878267891925E-32,2.168404344971E-16));
#9045 = ORIENTED_EDGE('',*,*,#9046,.T.);
#9046 = EDGE_CURVE('',#9039,#9021,#9047,.T.);
#9047 = LINE('',#9048,#9049);
#9048 = CARTESIAN_POINT('',(7.25,1.75,8.900492683583E-16));
#9049 = VECTOR('',#9050,1.);
#9050 = DIRECTION('',(0.,-2.478176394253E-16,1.));
#9051 = PLANE('',#9052);
#9052 = AXIS2_PLACEMENT_3D('',#9053,#9054,#9055);
#9053 = CARTESIAN_POINT('',(-6.,1.75,8.900492683583E-16));
#9054 = DIRECTION('',(3.504579431023E-32,1.,2.478176394253E-16));
#9055 = DIRECTION('',(0.,2.478176394253E-16,-1.));
#9056 = ADVANCED_FACE('',(#9057),#9079,.F.);
#9057 = FACE_BOUND('',#9058,.T.);
#9058 = EDGE_LOOP('',(#9059,#9060,#9061,#9062,#9063,#9071,#9077,#9078));
#9059 = ORIENTED_EDGE('',*,*,#8157,.F.);
#9060 = ORIENTED_EDGE('',*,*,#8134,.T.);
#9061 = ORIENTED_EDGE('',*,*,#8212,.F.);
#9062 = ORIENTED_EDGE('',*,*,#8800,.F.);
#9063 = ORIENTED_EDGE('',*,*,#9064,.T.);
#9064 = EDGE_CURVE('',#8793,#9065,#9067,.T.);
#9065 = VERTEX_POINT('',#9066);
#9066 = CARTESIAN_POINT('',(-8.3,5.75,-1.85));
#9067 = LINE('',#9068,#9069);
#9068 = CARTESIAN_POINT('',(-8.3,1.75,-1.85));
#9069 = VECTOR('',#9070,1.);
#9070 = DIRECTION('',(0.,1.,2.036060417813E-16));
#9071 = ORIENTED_EDGE('',*,*,#9072,.T.);
#9072 = EDGE_CURVE('',#9065,#8368,#9073,.T.);
#9073 = LINE('',#9074,#9075);
#9074 = CARTESIAN_POINT('',(-8.3,5.75,-1.85));
#9075 = VECTOR('',#9076,1.);
#9076 = DIRECTION('',(1.239088197126E-16,-2.036060417813E-16,1.));
#9077 = ORIENTED_EDGE('',*,*,#8367,.F.);
#9078 = ORIENTED_EDGE('',*,*,#8094,.F.);
#9079 = PLANE('',#9080);
#9080 = AXIS2_PLACEMENT_3D('',#9081,#9082,#9083);
#9081 = CARTESIAN_POINT('',(-8.3,1.75,-1.85));
#9082 = DIRECTION('',(-1.,-2.522858432348E-32,1.239088197126E-16));
#9083 = DIRECTION('',(-2.522858432348E-32,1.,0.));
#9084 = ADVANCED_FACE('',(#9085),#9103,.F.);
#9085 = FACE_BOUND('',#9086,.T.);
#9086 = EDGE_LOOP('',(#9087,#9088,#9089,#9097));
#9087 = ORIENTED_EDGE('',*,*,#8375,.F.);
#9088 = ORIENTED_EDGE('',*,*,#9072,.F.);
#9089 = ORIENTED_EDGE('',*,*,#9090,.F.);
#9090 = EDGE_CURVE('',#9091,#9065,#9093,.T.);
#9091 = VERTEX_POINT('',#9092);
#9092 = CARTESIAN_POINT('',(-8.55,6.,-2.1));
#9093 = LINE('',#9094,#9095);
#9094 = CARTESIAN_POINT('',(-8.3,5.75,-1.85));
#9095 = VECTOR('',#9096,1.);
#9096 = DIRECTION('',(0.57735026919,-0.57735026919,0.57735026919));
#9097 = ORIENTED_EDGE('',*,*,#9098,.F.);
#9098 = EDGE_CURVE('',#8376,#9091,#9099,.T.);
#9099 = LINE('',#9100,#9101);
#9100 = CARTESIAN_POINT('',(-8.55,6.,-2.25));
#9101 = VECTOR('',#9102,1.);
#9102 = DIRECTION('',(-1.239088197126E-16,2.036060417813E-16,-1.));
#9103 = PLANE('',#9104);
#9104 = AXIS2_PLACEMENT_3D('',#9105,#9106,#9107);
#9105 = CARTESIAN_POINT('',(-8.3,5.75,-1.85));
#9106 = DIRECTION('',(-0.707106781187,-0.707106781187,-5.63544461665E-17
    ));
#9107 = DIRECTION('',(-0.707106781187,0.707106781187,6.162975822039E-33)
  );
#9108 = ADVANCED_FACE('',(#9109),#9150,.F.);
#9109 = FACE_BOUND('',#9110,.T.);
#9110 = EDGE_LOOP('',(#9111,#9119,#9127,#9135,#9141,#9142,#9148,#9149));
#9111 = ORIENTED_EDGE('',*,*,#9112,.T.);
#9112 = EDGE_CURVE('',#9091,#9113,#9115,.T.);
#9113 = VERTEX_POINT('',#9114);
#9114 = CARTESIAN_POINT('',(8.55,6.,-2.1));
#9115 = LINE('',#9116,#9117);
#9116 = CARTESIAN_POINT('',(-3.05,6.,-2.1));
#9117 = VECTOR('',#9118,1.);
#9118 = DIRECTION('',(1.,2.879349297789E-32,-1.41417674672E-16));
#9119 = ORIENTED_EDGE('',*,*,#9120,.T.);
#9120 = EDGE_CURVE('',#9113,#9121,#9123,.T.);
#9121 = VERTEX_POINT('',#9122);
#9122 = CARTESIAN_POINT('',(8.55,6.,-0.12));
#9123 = LINE('',#9124,#9125);
#9124 = CARTESIAN_POINT('',(8.55,6.,-2.25));
#9125 = VECTOR('',#9126,1.);
#9126 = DIRECTION('',(1.239088197126E-16,-2.036060417813E-16,1.));
#9127 = ORIENTED_EDGE('',*,*,#9128,.F.);
#9128 = EDGE_CURVE('',#9129,#9121,#9131,.T.);
#9129 = VERTEX_POINT('',#9130);
#9130 = CARTESIAN_POINT('',(8.95,6.,-0.12));
#9131 = LINE('',#9132,#9133);
#9132 = CARTESIAN_POINT('',(8.95,6.,-0.12));
#9133 = VECTOR('',#9134,1.);
#9134 = DIRECTION('',(-1.,0.,0.));
#9135 = ORIENTED_EDGE('',*,*,#9136,.F.);
#9136 = EDGE_CURVE('',#8407,#9129,#9137,.T.);
#9137 = LINE('',#9138,#9139);
#9138 = CARTESIAN_POINT('',(8.95,6.,-2.25));
#9139 = VECTOR('',#9140,1.);
#9140 = DIRECTION('',(0.,-2.036060417813E-16,1.));
#9141 = ORIENTED_EDGE('',*,*,#8406,.T.);
#9142 = ORIENTED_EDGE('',*,*,#9143,.T.);
#9143 = EDGE_CURVE('',#8409,#8384,#9144,.T.);
#9144 = LINE('',#9145,#9146);
#9145 = CARTESIAN_POINT('',(-8.95,6.,-2.25));
#9146 = VECTOR('',#9147,1.);
#9147 = DIRECTION('',(0.,-2.036060417813E-16,1.));
#9148 = ORIENTED_EDGE('',*,*,#8383,.F.);
#9149 = ORIENTED_EDGE('',*,*,#9098,.T.);
#9150 = PLANE('',#9151);
#9151 = AXIS2_PLACEMENT_3D('',#9152,#9153,#9154);
#9152 = CARTESIAN_POINT('',(-3.05,6.,-2.25));
#9153 = DIRECTION('',(0.,-1.,-2.036060417813E-16));
#9154 = DIRECTION('',(0.,2.036060417813E-16,-1.));
#9155 = ADVANCED_FACE('',(#9156),#9174,.F.);
#9156 = FACE_BOUND('',#9157,.T.);
#9157 = EDGE_LOOP('',(#9158,#9159,#9167,#9173));
#9158 = ORIENTED_EDGE('',*,*,#8792,.F.);
#9159 = ORIENTED_EDGE('',*,*,#9160,.T.);
#9160 = EDGE_CURVE('',#8785,#9161,#9163,.T.);
#9161 = VERTEX_POINT('',#9162);
#9162 = CARTESIAN_POINT('',(8.3,5.75,-1.85));
#9163 = LINE('',#9164,#9165);
#9164 = CARTESIAN_POINT('',(8.3,1.75,-1.85));
#9165 = VECTOR('',#9166,1.);
#9166 = DIRECTION('',(0.,1.,2.036060417813E-16));
#9167 = ORIENTED_EDGE('',*,*,#9168,.T.);
#9168 = EDGE_CURVE('',#9161,#9065,#9169,.T.);
#9169 = LINE('',#9170,#9171);
#9170 = CARTESIAN_POINT('',(-8.3,5.75,-1.85));
#9171 = VECTOR('',#9172,1.);
#9172 = DIRECTION('',(-1.,-2.879349297789E-32,1.41417674672E-16));
#9173 = ORIENTED_EDGE('',*,*,#9064,.F.);
#9174 = PLANE('',#9175);
#9175 = AXIS2_PLACEMENT_3D('',#9176,#9177,#9178);
#9176 = CARTESIAN_POINT('',(-8.3,1.75,-1.85));
#9177 = DIRECTION('',(-1.41417674672E-16,2.036060417813E-16,-1.));
#9178 = DIRECTION('',(-1.,0.,1.41417674672E-16));
#9179 = ADVANCED_FACE('',(#9180),#9191,.F.);
#9180 = FACE_BOUND('',#9181,.T.);
#9181 = EDGE_LOOP('',(#9182,#9183,#9189,#9190));
#9182 = ORIENTED_EDGE('',*,*,#9168,.F.);
#9183 = ORIENTED_EDGE('',*,*,#9184,.F.);
#9184 = EDGE_CURVE('',#9113,#9161,#9185,.T.);
#9185 = LINE('',#9186,#9187);
#9186 = CARTESIAN_POINT('',(8.3,5.75,-1.85));
#9187 = VECTOR('',#9188,1.);
#9188 = DIRECTION('',(-0.57735026919,-0.57735026919,0.57735026919));
#9189 = ORIENTED_EDGE('',*,*,#9112,.F.);
#9190 = ORIENTED_EDGE('',*,*,#9090,.T.);
#9191 = PLANE('',#9192);
#9192 = AXIS2_PLACEMENT_3D('',#9193,#9194,#9195);
#9193 = CARTESIAN_POINT('',(-8.3,5.75,-1.85));
#9194 = DIRECTION('',(-9.999739674022E-17,-0.707106781187,
    -0.707106781187));
#9195 = DIRECTION('',(0.,0.707106781187,-0.707106781187));
#9196 = ADVANCED_FACE('',(#9197),#9222,.F.);
#9197 = FACE_BOUND('',#9198,.T.);
#9198 = EDGE_LOOP('',(#9199,#9200,#9208,#9216));
#9199 = ORIENTED_EDGE('',*,*,#8204,.T.);
#9200 = ORIENTED_EDGE('',*,*,#9201,.T.);
#9201 = EDGE_CURVE('',#8197,#9202,#9204,.T.);
#9202 = VERTEX_POINT('',#9203);
#9203 = CARTESIAN_POINT('',(-7.25,2.25,2.25));
#9204 = LINE('',#9205,#9206);
#9205 = CARTESIAN_POINT('',(-7.25,2.25,-2.623757129272));
#9206 = VECTOR('',#9207,1.);
#9207 = DIRECTION('',(0.,0.,1.));
#9208 = ORIENTED_EDGE('',*,*,#9209,.T.);
#9209 = EDGE_CURVE('',#9202,#9210,#9212,.T.);
#9210 = VERTEX_POINT('',#9211);
#9211 = CARTESIAN_POINT('',(-7.25,4.25,2.25));
#9212 = LINE('',#9213,#9214);
#9213 = CARTESIAN_POINT('',(-7.25,4.25,2.25));
#9214 = VECTOR('',#9215,1.);
#9215 = DIRECTION('',(-1.084202172486E-16,1.,0.));
#9216 = ORIENTED_EDGE('',*,*,#9217,.F.);
#9217 = EDGE_CURVE('',#8181,#9210,#9218,.T.);
#9218 = LINE('',#9219,#9220);
#9219 = CARTESIAN_POINT('',(-7.25,4.25,-2.623757129272));
#9220 = VECTOR('',#9221,1.);
#9221 = DIRECTION('',(0.,0.,1.));
#9222 = PLANE('',#9223);
#9223 = AXIS2_PLACEMENT_3D('',#9224,#9225,#9226);
#9224 = CARTESIAN_POINT('',(-7.25,4.25,-2.623757129272));
#9225 = DIRECTION('',(1.,1.084202172486E-16,0.));
#9226 = DIRECTION('',(-1.084202172486E-16,1.,0.));
#9227 = ADVANCED_FACE('',(#9228),#9246,.F.);
#9228 = FACE_BOUND('',#9229,.T.);
#9229 = EDGE_LOOP('',(#9230,#9231,#9232,#9240));
#9230 = ORIENTED_EDGE('',*,*,#8178,.T.);
#9231 = ORIENTED_EDGE('',*,*,#9217,.T.);
#9232 = ORIENTED_EDGE('',*,*,#9233,.T.);
#9233 = EDGE_CURVE('',#9210,#9234,#9236,.T.);
#9234 = VERTEX_POINT('',#9235);
#9235 = CARTESIAN_POINT('',(-8.2,4.25,2.25));
#9236 = LINE('',#9237,#9238);
#9237 = CARTESIAN_POINT('',(-8.2,4.25,2.25));
#9238 = VECTOR('',#9239,1.);
#9239 = DIRECTION('',(-1.,0.,0.));
#9240 = ORIENTED_EDGE('',*,*,#9241,.F.);
#9241 = EDGE_CURVE('',#8179,#9234,#9242,.T.);
#9242 = LINE('',#9243,#9244);
#9243 = CARTESIAN_POINT('',(-8.2,4.25,-2.623757129272));
#9244 = VECTOR('',#9245,1.);
#9245 = DIRECTION('',(0.,0.,1.));
#9246 = PLANE('',#9247);
#9247 = AXIS2_PLACEMENT_3D('',#9248,#9249,#9250);
#9248 = CARTESIAN_POINT('',(-8.2,4.25,-2.623757129272));
#9249 = DIRECTION('',(-0.,1.,0.));
#9250 = DIRECTION('',(1.,0.,0.));
#9251 = ADVANCED_FACE('',(#9252),#9270,.F.);
#9252 = FACE_BOUND('',#9253,.T.);
#9253 = EDGE_LOOP('',(#9254,#9255,#9256,#9264));
#9254 = ORIENTED_EDGE('',*,*,#8188,.T.);
#9255 = ORIENTED_EDGE('',*,*,#9241,.T.);
#9256 = ORIENTED_EDGE('',*,*,#9257,.T.);
#9257 = EDGE_CURVE('',#9234,#9258,#9260,.T.);
#9258 = VERTEX_POINT('',#9259);
#9259 = CARTESIAN_POINT('',(-8.2,2.25,2.25));
#9260 = LINE('',#9261,#9262);
#9261 = CARTESIAN_POINT('',(-8.2,4.25,2.25));
#9262 = VECTOR('',#9263,1.);
#9263 = DIRECTION('',(4.336808689942E-16,-1.,0.));
#9264 = ORIENTED_EDGE('',*,*,#9265,.F.);
#9265 = EDGE_CURVE('',#8189,#9258,#9266,.T.);
#9266 = LINE('',#9267,#9268);
#9267 = CARTESIAN_POINT('',(-8.2,2.25,-2.623757129272));
#9268 = VECTOR('',#9269,1.);
#9269 = DIRECTION('',(0.,0.,1.));
#9270 = PLANE('',#9271);
#9271 = AXIS2_PLACEMENT_3D('',#9272,#9273,#9274);
#9272 = CARTESIAN_POINT('',(-8.2,4.25,-2.623757129272));
#9273 = DIRECTION('',(-1.,-4.336808689942E-16,0.));
#9274 = DIRECTION('',(-4.336808689942E-16,1.,0.));
#9275 = ADVANCED_FACE('',(#9276),#9287,.F.);
#9276 = FACE_BOUND('',#9277,.T.);
#9277 = EDGE_LOOP('',(#9278,#9279,#9280,#9286));
#9278 = ORIENTED_EDGE('',*,*,#8196,.T.);
#9279 = ORIENTED_EDGE('',*,*,#9265,.T.);
#9280 = ORIENTED_EDGE('',*,*,#9281,.T.);
#9281 = EDGE_CURVE('',#9258,#9202,#9282,.T.);
#9282 = LINE('',#9283,#9284);
#9283 = CARTESIAN_POINT('',(-8.2,2.25,2.25));
#9284 = VECTOR('',#9285,1.);
#9285 = DIRECTION('',(1.,0.,0.));
#9286 = ORIENTED_EDGE('',*,*,#9201,.F.);
#9287 = PLANE('',#9288);
#9288 = AXIS2_PLACEMENT_3D('',#9289,#9290,#9291);
#9289 = CARTESIAN_POINT('',(-8.2,2.25,-2.623757129272));
#9290 = DIRECTION('',(0.,-1.,0.));
#9291 = DIRECTION('',(0.,0.,-1.));
#9292 = ADVANCED_FACE('',(#9293,#9384),#9390,.F.);
#9293 = FACE_BOUND('',#9294,.T.);
#9294 = EDGE_LOOP('',(#9295,#9303,#9311,#9319,#9327,#9335,#9343,#9351,
    #9359,#9367,#9375,#9381,#9382,#9383));
#9295 = ORIENTED_EDGE('',*,*,#9296,.T.);
#9296 = EDGE_CURVE('',#8714,#9297,#9299,.T.);
#9297 = VERTEX_POINT('',#9298);
#9298 = CARTESIAN_POINT('',(-8.95,1.39,2.25));
#9299 = LINE('',#9300,#9301);
#9300 = CARTESIAN_POINT('',(-8.95,6.,2.25));
#9301 = VECTOR('',#9302,1.);
#9302 = DIRECTION('',(0.,-1.,9.407394121349E-17));
#9303 = ORIENTED_EDGE('',*,*,#9304,.F.);
#9304 = EDGE_CURVE('',#9305,#9297,#9307,.T.);
#9305 = VERTEX_POINT('',#9306);
#9306 = CARTESIAN_POINT('',(8.95,1.39,2.25));
#9307 = LINE('',#9308,#9309);
#9308 = CARTESIAN_POINT('',(-3.05,1.39,2.25));
#9309 = VECTOR('',#9310,1.);
#9310 = DIRECTION('',(-1.,0.,0.));
#9311 = ORIENTED_EDGE('',*,*,#9312,.F.);
#9312 = EDGE_CURVE('',#9313,#9305,#9315,.T.);
#9313 = VERTEX_POINT('',#9314);
#9314 = CARTESIAN_POINT('',(8.95,6.,2.25));
#9315 = LINE('',#9316,#9317);
#9316 = CARTESIAN_POINT('',(8.95,1.39,2.25));
#9317 = VECTOR('',#9318,1.);
#9318 = DIRECTION('',(-0.,-1.,-0.));
#9319 = ORIENTED_EDGE('',*,*,#9320,.T.);
#9320 = EDGE_CURVE('',#9313,#9321,#9323,.T.);
#9321 = VERTEX_POINT('',#9322);
#9322 = CARTESIAN_POINT('',(7.725,6.,2.25));
#9323 = LINE('',#9324,#9325);
#9324 = CARTESIAN_POINT('',(8.95,6.,2.25));
#9325 = VECTOR('',#9326,1.);
#9326 = DIRECTION('',(-1.,0.,0.));
#9327 = ORIENTED_EDGE('',*,*,#9328,.F.);
#9328 = EDGE_CURVE('',#9329,#9321,#9331,.T.);
#9329 = VERTEX_POINT('',#9330);
#9330 = CARTESIAN_POINT('',(7.725,4.25,2.25));
#9331 = LINE('',#9332,#9333);
#9332 = CARTESIAN_POINT('',(7.725,4.25,2.25));
#9333 = VECTOR('',#9334,1.);
#9334 = DIRECTION('',(0.,1.,0.));
#9335 = ORIENTED_EDGE('',*,*,#9336,.F.);
#9336 = EDGE_CURVE('',#9337,#9329,#9339,.T.);
#9337 = VERTEX_POINT('',#9338);
#9338 = CARTESIAN_POINT('',(8.2,4.25,2.25));
#9339 = LINE('',#9340,#9341);
#9340 = CARTESIAN_POINT('',(8.2,4.25,2.25));
#9341 = VECTOR('',#9342,1.);
#9342 = DIRECTION('',(-1.,0.,0.));
#9343 = ORIENTED_EDGE('',*,*,#9344,.F.);
#9344 = EDGE_CURVE('',#9345,#9337,#9347,.T.);
#9345 = VERTEX_POINT('',#9346);
#9346 = CARTESIAN_POINT('',(8.2,2.25,2.25));
#9347 = LINE('',#9348,#9349);
#9348 = CARTESIAN_POINT('',(8.2,4.25,2.25));
#9349 = VECTOR('',#9350,1.);
#9350 = DIRECTION('',(4.336808689942E-16,1.,0.));
#9351 = ORIENTED_EDGE('',*,*,#9352,.F.);
#9352 = EDGE_CURVE('',#9353,#9345,#9355,.T.);
#9353 = VERTEX_POINT('',#9354);
#9354 = CARTESIAN_POINT('',(7.25,2.25,2.25));
#9355 = LINE('',#9356,#9357);
#9356 = CARTESIAN_POINT('',(8.2,2.25,2.25));
#9357 = VECTOR('',#9358,1.);
#9358 = DIRECTION('',(1.,0.,0.));
#9359 = ORIENTED_EDGE('',*,*,#9360,.F.);
#9360 = EDGE_CURVE('',#9361,#9353,#9363,.T.);
#9361 = VERTEX_POINT('',#9362);
#9362 = CARTESIAN_POINT('',(7.25,6.,2.25));
#9363 = LINE('',#9364,#9365);
#9364 = CARTESIAN_POINT('',(7.25,4.25,2.25));
#9365 = VECTOR('',#9366,1.);
#9366 = DIRECTION('',(-1.084202172486E-16,-1.,0.));
#9367 = ORIENTED_EDGE('',*,*,#9368,.T.);
#9368 = EDGE_CURVE('',#9361,#9369,#9371,.T.);
#9369 = VERTEX_POINT('',#9370);
#9370 = CARTESIAN_POINT('',(6.225,6.,2.25));
#9371 = LINE('',#9372,#9373);
#9372 = CARTESIAN_POINT('',(8.95,6.,2.25));
#9373 = VECTOR('',#9374,1.);
#9374 = DIRECTION('',(-1.,0.,0.));
#9375 = ORIENTED_EDGE('',*,*,#9376,.F.);
#9376 = EDGE_CURVE('',#8761,#9369,#9377,.T.);
#9377 = LINE('',#9378,#9379);
#9378 = CARTESIAN_POINT('',(6.225,1.75,2.25));
#9379 = VECTOR('',#9380,1.);
#9380 = DIRECTION('',(0.,1.,0.));
#9381 = ORIENTED_EDGE('',*,*,#8760,.F.);
#9382 = ORIENTED_EDGE('',*,*,#8738,.F.);
#9383 = ORIENTED_EDGE('',*,*,#8721,.T.);
#9384 = FACE_BOUND('',#9385,.T.);
#9385 = EDGE_LOOP('',(#9386,#9387,#9388,#9389));
#9386 = ORIENTED_EDGE('',*,*,#9281,.F.);
#9387 = ORIENTED_EDGE('',*,*,#9257,.F.);
#9388 = ORIENTED_EDGE('',*,*,#9233,.F.);
#9389 = ORIENTED_EDGE('',*,*,#9209,.F.);
#9390 = PLANE('',#9391);
#9391 = AXIS2_PLACEMENT_3D('',#9392,#9393,#9394);
#9392 = CARTESIAN_POINT('',(-3.05,6.,2.25));
#9393 = DIRECTION('',(0.,-9.407394121349E-17,-1.));
#9394 = DIRECTION('',(0.,-1.,9.407394121349E-17));
#9395 = ADVANCED_FACE('',(#9396),#9421,.F.);
#9396 = FACE_BOUND('',#9397,.T.);
#9397 = EDGE_LOOP('',(#9398,#9399,#9407,#9415));
#9398 = ORIENTED_EDGE('',*,*,#9304,.T.);
#9399 = ORIENTED_EDGE('',*,*,#9400,.T.);
#9400 = EDGE_CURVE('',#9297,#9401,#9403,.T.);
#9401 = VERTEX_POINT('',#9402);
#9402 = CARTESIAN_POINT('',(-8.95,1.39,1.85));
#9403 = LINE('',#9404,#9405);
#9404 = CARTESIAN_POINT('',(-8.95,1.39,2.25));
#9405 = VECTOR('',#9406,1.);
#9406 = DIRECTION('',(0.,0.,-1.));
#9407 = ORIENTED_EDGE('',*,*,#9408,.F.);
#9408 = EDGE_CURVE('',#9409,#9401,#9411,.T.);
#9409 = VERTEX_POINT('',#9410);
#9410 = CARTESIAN_POINT('',(8.95,1.39,1.85));
#9411 = LINE('',#9412,#9413);
#9412 = CARTESIAN_POINT('',(-3.05,1.39,1.85));
#9413 = VECTOR('',#9414,1.);
#9414 = DIRECTION('',(-1.,0.,0.));
#9415 = ORIENTED_EDGE('',*,*,#9416,.F.);
#9416 = EDGE_CURVE('',#9305,#9409,#9417,.T.);
#9417 = LINE('',#9418,#9419);
#9418 = CARTESIAN_POINT('',(8.95,1.39,2.25));
#9419 = VECTOR('',#9420,1.);
#9420 = DIRECTION('',(0.,0.,-1.));
#9421 = PLANE('',#9422);
#9422 = AXIS2_PLACEMENT_3D('',#9423,#9424,#9425);
#9423 = CARTESIAN_POINT('',(-3.05,1.39,2.25));
#9424 = DIRECTION('',(-0.,1.,0.));
#9425 = DIRECTION('',(1.,0.,0.));
#9426 = ADVANCED_FACE('',(#9427),#9452,.F.);
#9427 = FACE_BOUND('',#9428,.T.);
#9428 = EDGE_LOOP('',(#9429,#9439,#9445,#9446));
#9429 = ORIENTED_EDGE('',*,*,#9430,.F.);
#9430 = EDGE_CURVE('',#9431,#9433,#9435,.T.);
#9431 = VERTEX_POINT('',#9432);
#9432 = CARTESIAN_POINT('',(8.95,0.83,1.85));
#9433 = VERTEX_POINT('',#9434);
#9434 = CARTESIAN_POINT('',(-8.95,0.83,1.85));
#9435 = LINE('',#9436,#9437);
#9436 = CARTESIAN_POINT('',(-3.05,0.83,1.85));
#9437 = VECTOR('',#9438,1.);
#9438 = DIRECTION('',(-1.,0.,0.));
#9439 = ORIENTED_EDGE('',*,*,#9440,.F.);
#9440 = EDGE_CURVE('',#9409,#9431,#9441,.T.);
#9441 = LINE('',#9442,#9443);
#9442 = CARTESIAN_POINT('',(8.95,1.39,1.85));
#9443 = VECTOR('',#9444,1.);
#9444 = DIRECTION('',(0.,-1.,-3.87215061602E-16));
#9445 = ORIENTED_EDGE('',*,*,#9408,.T.);
#9446 = ORIENTED_EDGE('',*,*,#9447,.T.);
#9447 = EDGE_CURVE('',#9401,#9433,#9448,.T.);
#9448 = LINE('',#9449,#9450);
#9449 = CARTESIAN_POINT('',(-8.95,1.39,1.85));
#9450 = VECTOR('',#9451,1.);
#9451 = DIRECTION('',(0.,-1.,-3.87215061602E-16));
#9452 = PLANE('',#9453);
#9453 = AXIS2_PLACEMENT_3D('',#9454,#9455,#9456);
#9454 = CARTESIAN_POINT('',(-3.05,1.39,1.85));
#9455 = DIRECTION('',(0.,3.87215061602E-16,-1.));
#9456 = DIRECTION('',(-1.,0.,0.));
#9457 = ADVANCED_FACE('',(#9458),#9483,.F.);
#9458 = FACE_BOUND('',#9459,.T.);
#9459 = EDGE_LOOP('',(#9460,#9461,#9469,#9477));
#9460 = ORIENTED_EDGE('',*,*,#8648,.F.);
#9461 = ORIENTED_EDGE('',*,*,#9462,.T.);
#9462 = EDGE_CURVE('',#8641,#9463,#9465,.T.);
#9463 = VERTEX_POINT('',#9464);
#9464 = CARTESIAN_POINT('',(-5.8,-4.336808689942E-16,2.25));
#9465 = LINE('',#9466,#9467);
#9466 = CARTESIAN_POINT('',(-5.8,-4.336808689942E-16,-2.25));
#9467 = VECTOR('',#9468,1.);
#9468 = DIRECTION('',(0.,0.,1.));
#9469 = ORIENTED_EDGE('',*,*,#9470,.T.);
#9470 = EDGE_CURVE('',#9463,#9471,#9473,.T.);
#9471 = VERTEX_POINT('',#9472);
#9472 = CARTESIAN_POINT('',(-6.2,-4.336808689942E-16,2.25));
#9473 = LINE('',#9474,#9475);
#9474 = CARTESIAN_POINT('',(-3.05,-4.336808689942E-16,2.25));
#9475 = VECTOR('',#9476,1.);
#9476 = DIRECTION('',(-1.,0.,0.));
#9477 = ORIENTED_EDGE('',*,*,#9478,.F.);
#9478 = EDGE_CURVE('',#8649,#9471,#9479,.T.);
#9479 = LINE('',#9480,#9481);
#9480 = CARTESIAN_POINT('',(-6.2,-4.336808689942E-16,-2.25));
#9481 = VECTOR('',#9482,1.);
#9482 = DIRECTION('',(0.,0.,1.));
#9483 = PLANE('',#9484);
#9484 = AXIS2_PLACEMENT_3D('',#9485,#9486,#9487);
#9485 = CARTESIAN_POINT('',(-3.05,-4.336808689942E-16,2.25));
#9486 = DIRECTION('',(0.,1.,1.927470528863E-16));
#9487 = DIRECTION('',(0.,1.927470528863E-16,-1.));
#9488 = ADVANCED_FACE('',(#9489),#9507,.F.);
#9489 = FACE_BOUND('',#9490,.T.);
#9490 = EDGE_LOOP('',(#9491,#9499,#9505,#9506));
#9491 = ORIENTED_EDGE('',*,*,#9492,.T.);
#9492 = EDGE_CURVE('',#9471,#9493,#9495,.T.);
#9493 = VERTEX_POINT('',#9494);
#9494 = CARTESIAN_POINT('',(-6.2,0.2,2.25));
#9495 = LINE('',#9496,#9497);
#9496 = CARTESIAN_POINT('',(-6.2,0.2,2.25));
#9497 = VECTOR('',#9498,1.);
#9498 = DIRECTION('',(-1.355252715607E-16,1.,0.));
#9499 = ORIENTED_EDGE('',*,*,#9500,.F.);
#9500 = EDGE_CURVE('',#8657,#9493,#9501,.T.);
#9501 = LINE('',#9502,#9503);
#9502 = CARTESIAN_POINT('',(-6.2,0.2,-2.25));
#9503 = VECTOR('',#9504,1.);
#9504 = DIRECTION('',(0.,0.,1.));
#9505 = ORIENTED_EDGE('',*,*,#8656,.F.);
#9506 = ORIENTED_EDGE('',*,*,#9478,.T.);
#9507 = PLANE('',#9508);
#9508 = AXIS2_PLACEMENT_3D('',#9509,#9510,#9511);
#9509 = CARTESIAN_POINT('',(-6.2,0.2,-2.25));
#9510 = DIRECTION('',(1.,1.355252715607E-16,0.));
#9511 = DIRECTION('',(-1.355252715607E-16,1.,0.));
#9512 = ADVANCED_FACE('',(#9513,#9519),#9537,.F.);
#9513 = FACE_BOUND('',#9514,.T.);
#9514 = EDGE_LOOP('',(#9515,#9516,#9517,#9518));
#9515 = ORIENTED_EDGE('',*,*,#8330,.T.);
#9516 = ORIENTED_EDGE('',*,*,#8352,.T.);
#9517 = ORIENTED_EDGE('',*,*,#8261,.T.);
#9518 = ORIENTED_EDGE('',*,*,#8299,.T.);
#9519 = FACE_BOUND('',#9520,.T.);
#9520 = EDGE_LOOP('',(#9521,#9529,#9535,#9536));
#9521 = ORIENTED_EDGE('',*,*,#9522,.T.);
#9522 = EDGE_CURVE('',#9493,#9523,#9525,.T.);
#9523 = VERTEX_POINT('',#9524);
#9524 = CARTESIAN_POINT('',(-7.8,0.2,2.25));
#9525 = LINE('',#9526,#9527);
#9526 = CARTESIAN_POINT('',(-6.2,0.2,2.25));
#9527 = VECTOR('',#9528,1.);
#9528 = DIRECTION('',(-1.,2.710505431214E-16,0.));
#9529 = ORIENTED_EDGE('',*,*,#9530,.F.);
#9530 = EDGE_CURVE('',#8665,#9523,#9531,.T.);
#9531 = LINE('',#9532,#9533);
#9532 = CARTESIAN_POINT('',(-7.8,0.2,-2.25));
#9533 = VECTOR('',#9534,1.);
#9534 = DIRECTION('',(0.,0.,1.));
#9535 = ORIENTED_EDGE('',*,*,#8664,.F.);
#9536 = ORIENTED_EDGE('',*,*,#9500,.T.);
#9537 = PLANE('',#9538);
#9538 = AXIS2_PLACEMENT_3D('',#9539,#9540,#9541);
#9539 = CARTESIAN_POINT('',(-6.2,0.2,-2.25));
#9540 = DIRECTION('',(2.710505431214E-16,1.,0.));
#9541 = DIRECTION('',(1.,-2.710505431214E-16,0.));
#9542 = ADVANCED_FACE('',(#9543),#9561,.F.);
#9543 = FACE_BOUND('',#9544,.T.);
#9544 = EDGE_LOOP('',(#9545,#9553,#9559,#9560));
#9545 = ORIENTED_EDGE('',*,*,#9546,.T.);
#9546 = EDGE_CURVE('',#9523,#9547,#9549,.T.);
#9547 = VERTEX_POINT('',#9548);
#9548 = CARTESIAN_POINT('',(-7.8,-4.336808689942E-16,2.25));
#9549 = LINE('',#9550,#9551);
#9550 = CARTESIAN_POINT('',(-7.8,0.2,2.25));
#9551 = VECTOR('',#9552,1.);
#9552 = DIRECTION('',(0.,-1.,0.));
#9553 = ORIENTED_EDGE('',*,*,#9554,.F.);
#9554 = EDGE_CURVE('',#8673,#9547,#9555,.T.);
#9555 = LINE('',#9556,#9557);
#9556 = CARTESIAN_POINT('',(-7.8,-4.336808689942E-16,-2.25));
#9557 = VECTOR('',#9558,1.);
#9558 = DIRECTION('',(0.,0.,1.));
#9559 = ORIENTED_EDGE('',*,*,#8672,.F.);
#9560 = ORIENTED_EDGE('',*,*,#9530,.T.);
#9561 = PLANE('',#9562);
#9562 = AXIS2_PLACEMENT_3D('',#9563,#9564,#9565);
#9563 = CARTESIAN_POINT('',(-7.8,0.2,-2.25));
#9564 = DIRECTION('',(-1.,0.,0.));
#9565 = DIRECTION('',(0.,0.,1.));
#9566 = ADVANCED_FACE('',(#9567),#9585,.F.);
#9567 = FACE_BOUND('',#9568,.T.);
#9568 = EDGE_LOOP('',(#9569,#9570,#9571,#9579));
#9569 = ORIENTED_EDGE('',*,*,#8680,.F.);
#9570 = ORIENTED_EDGE('',*,*,#9554,.T.);
#9571 = ORIENTED_EDGE('',*,*,#9572,.T.);
#9572 = EDGE_CURVE('',#9547,#9573,#9575,.T.);
#9573 = VERTEX_POINT('',#9574);
#9574 = CARTESIAN_POINT('',(-8.95,-4.336808689942E-16,2.25));
#9575 = LINE('',#9576,#9577);
#9576 = CARTESIAN_POINT('',(-3.05,-4.336808689942E-16,2.25));
#9577 = VECTOR('',#9578,1.);
#9578 = DIRECTION('',(-1.,0.,0.));
#9579 = ORIENTED_EDGE('',*,*,#9580,.T.);
#9580 = EDGE_CURVE('',#9573,#8681,#9581,.T.);
#9581 = LINE('',#9582,#9583);
#9582 = CARTESIAN_POINT('',(-8.95,-4.336808689942E-16,2.25));
#9583 = VECTOR('',#9584,1.);
#9584 = DIRECTION('',(0.,1.927470528863E-16,-1.));
#9585 = PLANE('',#9586);
#9586 = AXIS2_PLACEMENT_3D('',#9587,#9588,#9589);
#9587 = CARTESIAN_POINT('',(-3.05,-4.336808689942E-16,2.25));
#9588 = DIRECTION('',(0.,1.,1.927470528863E-16));
#9589 = DIRECTION('',(0.,1.927470528863E-16,-1.));
#9590 = ADVANCED_FACE('',(#9591),#9617,.F.);
#9591 = FACE_BOUND('',#9592,.T.);
#9592 = EDGE_LOOP('',(#9593,#9594,#9595,#9603,#9609,#9610,#9611,#9612,
    #9613,#9614,#9615,#9616));
#9593 = ORIENTED_EDGE('',*,*,#8688,.F.);
#9594 = ORIENTED_EDGE('',*,*,#9580,.F.);
#9595 = ORIENTED_EDGE('',*,*,#9596,.F.);
#9596 = EDGE_CURVE('',#9597,#9573,#9599,.T.);
#9597 = VERTEX_POINT('',#9598);
#9598 = CARTESIAN_POINT('',(-8.95,0.83,2.25));
#9599 = LINE('',#9600,#9601);
#9600 = CARTESIAN_POINT('',(-8.95,0.83,2.25));
#9601 = VECTOR('',#9602,1.);
#9602 = DIRECTION('',(0.,-1.,0.));
#9603 = ORIENTED_EDGE('',*,*,#9604,.F.);
#9604 = EDGE_CURVE('',#9433,#9597,#9605,.T.);
#9605 = LINE('',#9606,#9607);
#9606 = CARTESIAN_POINT('',(-8.95,0.83,1.85));
#9607 = VECTOR('',#9608,1.);
#9608 = DIRECTION('',(0.,0.,1.));
#9609 = ORIENTED_EDGE('',*,*,#9447,.F.);
#9610 = ORIENTED_EDGE('',*,*,#9400,.F.);
#9611 = ORIENTED_EDGE('',*,*,#9296,.F.);
#9612 = ORIENTED_EDGE('',*,*,#8713,.F.);
#9613 = ORIENTED_EDGE('',*,*,#8164,.F.);
#9614 = ORIENTED_EDGE('',*,*,#8075,.F.);
#9615 = ORIENTED_EDGE('',*,*,#8391,.F.);
#9616 = ORIENTED_EDGE('',*,*,#9143,.F.);
#9617 = PLANE('',#9618);
#9618 = AXIS2_PLACEMENT_3D('',#9619,#9620,#9621);
#9619 = CARTESIAN_POINT('',(-8.95,4.5,0.38));
#9620 = DIRECTION('',(1.,0.,0.));
#9621 = DIRECTION('',(-0.,1.,0.));
#9622 = ADVANCED_FACE('',(#9623),#9641,.F.);
#9623 = FACE_BOUND('',#9624,.T.);
#9624 = EDGE_LOOP('',(#9625,#9633,#9639,#9640));
#9625 = ORIENTED_EDGE('',*,*,#9626,.F.);
#9626 = EDGE_CURVE('',#9627,#9597,#9629,.T.);
#9627 = VERTEX_POINT('',#9628);
#9628 = CARTESIAN_POINT('',(8.95,0.83,2.25));
#9629 = LINE('',#9630,#9631);
#9630 = CARTESIAN_POINT('',(-3.05,0.83,2.25));
#9631 = VECTOR('',#9632,1.);
#9632 = DIRECTION('',(-1.,0.,0.));
#9633 = ORIENTED_EDGE('',*,*,#9634,.F.);
#9634 = EDGE_CURVE('',#9431,#9627,#9635,.T.);
#9635 = LINE('',#9636,#9637);
#9636 = CARTESIAN_POINT('',(8.95,0.83,1.85));
#9637 = VECTOR('',#9638,1.);
#9638 = DIRECTION('',(0.,0.,1.));
#9639 = ORIENTED_EDGE('',*,*,#9430,.T.);
#9640 = ORIENTED_EDGE('',*,*,#9604,.T.);
#9641 = PLANE('',#9642);
#9642 = AXIS2_PLACEMENT_3D('',#9643,#9644,#9645);
#9643 = CARTESIAN_POINT('',(-3.05,0.83,1.85));
#9644 = DIRECTION('',(0.,-1.,0.));
#9645 = DIRECTION('',(0.,0.,-1.));
#9646 = ADVANCED_FACE('',(#9647),#9886,.F.);
#9647 = FACE_BOUND('',#9648,.T.);
#9648 = EDGE_LOOP('',(#9649,#9650,#9658,#9666,#9674,#9682,#9690,#9698,
    #9706,#9714,#9722,#9730,#9738,#9746,#9754,#9762,#9770,#9778,#9786,
    #9794,#9802,#9810,#9818,#9826,#9834,#9842,#9850,#9858,#9866,#9874,
    #9880,#9881,#9882,#9883,#9884,#9885));
#9649 = ORIENTED_EDGE('',*,*,#9470,.F.);
#9650 = ORIENTED_EDGE('',*,*,#9651,.F.);
#9651 = EDGE_CURVE('',#9652,#9463,#9654,.T.);
#9652 = VERTEX_POINT('',#9653);
#9653 = CARTESIAN_POINT('',(-5.8,0.2,2.25));
#9654 = LINE('',#9655,#9656);
#9655 = CARTESIAN_POINT('',(-5.8,0.2,2.25));
#9656 = VECTOR('',#9657,1.);
#9657 = DIRECTION('',(0.,-1.,0.));
#9658 = ORIENTED_EDGE('',*,*,#9659,.F.);
#9659 = EDGE_CURVE('',#9660,#9652,#9662,.T.);
#9660 = VERTEX_POINT('',#9661);
#9661 = CARTESIAN_POINT('',(-4.2,0.2,2.25));
#9662 = LINE('',#9663,#9664);
#9663 = CARTESIAN_POINT('',(-5.8,0.2,2.25));
#9664 = VECTOR('',#9665,1.);
#9665 = DIRECTION('',(-1.,0.,0.));
#9666 = ORIENTED_EDGE('',*,*,#9667,.F.);
#9667 = EDGE_CURVE('',#9668,#9660,#9670,.T.);
#9668 = VERTEX_POINT('',#9669);
#9669 = CARTESIAN_POINT('',(-4.2,-4.336808689942E-16,2.25));
#9670 = LINE('',#9671,#9672);
#9671 = CARTESIAN_POINT('',(-4.2,0.2,2.25));
#9672 = VECTOR('',#9673,1.);
#9673 = DIRECTION('',(0.,1.,0.));
#9674 = ORIENTED_EDGE('',*,*,#9675,.F.);
#9675 = EDGE_CURVE('',#9676,#9668,#9678,.T.);
#9676 = VERTEX_POINT('',#9677);
#9677 = CARTESIAN_POINT('',(-3.8,-4.336808689942E-16,2.25));
#9678 = LINE('',#9679,#9680);
#9679 = CARTESIAN_POINT('',(-3.05,-4.336808689942E-16,2.25));
#9680 = VECTOR('',#9681,1.);
#9681 = DIRECTION('',(-1.,0.,0.));
#9682 = ORIENTED_EDGE('',*,*,#9683,.F.);
#9683 = EDGE_CURVE('',#9684,#9676,#9686,.T.);
#9684 = VERTEX_POINT('',#9685);
#9685 = CARTESIAN_POINT('',(-3.8,0.2,2.25));
#9686 = LINE('',#9687,#9688);
#9687 = CARTESIAN_POINT('',(-3.8,0.2,2.25));
#9688 = VECTOR('',#9689,1.);
#9689 = DIRECTION('',(0.,-1.,0.));
#9690 = ORIENTED_EDGE('',*,*,#9691,.F.);
#9691 = EDGE_CURVE('',#9692,#9684,#9694,.T.);
#9692 = VERTEX_POINT('',#9693);
#9693 = CARTESIAN_POINT('',(-2.2,0.2,2.25));
#9694 = LINE('',#9695,#9696);
#9695 = CARTESIAN_POINT('',(-3.8,0.2,2.25));
#9696 = VECTOR('',#9697,1.);
#9697 = DIRECTION('',(-1.,0.,0.));
#9698 = ORIENTED_EDGE('',*,*,#9699,.F.);
#9699 = EDGE_CURVE('',#9700,#9692,#9702,.T.);
#9700 = VERTEX_POINT('',#9701);
#9701 = CARTESIAN_POINT('',(-2.2,-4.336808689942E-16,2.25));
#9702 = LINE('',#9703,#9704);
#9703 = CARTESIAN_POINT('',(-2.2,0.2,2.25));
#9704 = VECTOR('',#9705,1.);
#9705 = DIRECTION('',(0.,1.,0.));
#9706 = ORIENTED_EDGE('',*,*,#9707,.F.);
#9707 = EDGE_CURVE('',#9708,#9700,#9710,.T.);
#9708 = VERTEX_POINT('',#9709);
#9709 = CARTESIAN_POINT('',(-1.8,-4.336808689942E-16,2.25));
#9710 = LINE('',#9711,#9712);
#9711 = CARTESIAN_POINT('',(-1.05,-4.336808689942E-16,2.25));
#9712 = VECTOR('',#9713,1.);
#9713 = DIRECTION('',(-1.,0.,0.));
#9714 = ORIENTED_EDGE('',*,*,#9715,.F.);
#9715 = EDGE_CURVE('',#9716,#9708,#9718,.T.);
#9716 = VERTEX_POINT('',#9717);
#9717 = CARTESIAN_POINT('',(-1.8,0.2,2.25));
#9718 = LINE('',#9719,#9720);
#9719 = CARTESIAN_POINT('',(-1.8,0.2,2.25));
#9720 = VECTOR('',#9721,1.);
#9721 = DIRECTION('',(0.,-1.,0.));
#9722 = ORIENTED_EDGE('',*,*,#9723,.F.);
#9723 = EDGE_CURVE('',#9724,#9716,#9726,.T.);
#9724 = VERTEX_POINT('',#9725);
#9725 = CARTESIAN_POINT('',(-0.2,0.2,2.25));
#9726 = LINE('',#9727,#9728);
#9727 = CARTESIAN_POINT('',(-1.8,0.2,2.25));
#9728 = VECTOR('',#9729,1.);
#9729 = DIRECTION('',(-1.,0.,0.));
#9730 = ORIENTED_EDGE('',*,*,#9731,.F.);
#9731 = EDGE_CURVE('',#9732,#9724,#9734,.T.);
#9732 = VERTEX_POINT('',#9733);
#9733 = CARTESIAN_POINT('',(-0.2,-4.336808689942E-16,2.25));
#9734 = LINE('',#9735,#9736);
#9735 = CARTESIAN_POINT('',(-0.2,0.2,2.25));
#9736 = VECTOR('',#9737,1.);
#9737 = DIRECTION('',(0.,1.,0.));
#9738 = ORIENTED_EDGE('',*,*,#9739,.F.);
#9739 = EDGE_CURVE('',#9740,#9732,#9742,.T.);
#9740 = VERTEX_POINT('',#9741);
#9741 = CARTESIAN_POINT('',(0.2,-4.336808689942E-16,2.25));
#9742 = LINE('',#9743,#9744);
#9743 = CARTESIAN_POINT('',(0.95,-4.336808689942E-16,2.25));
#9744 = VECTOR('',#9745,1.);
#9745 = DIRECTION('',(-1.,0.,0.));
#9746 = ORIENTED_EDGE('',*,*,#9747,.F.);
#9747 = EDGE_CURVE('',#9748,#9740,#9750,.T.);
#9748 = VERTEX_POINT('',#9749);
#9749 = CARTESIAN_POINT('',(0.2,0.2,2.25));
#9750 = LINE('',#9751,#9752);
#9751 = CARTESIAN_POINT('',(0.2,0.2,2.25));
#9752 = VECTOR('',#9753,1.);
#9753 = DIRECTION('',(0.,-1.,0.));
#9754 = ORIENTED_EDGE('',*,*,#9755,.F.);
#9755 = EDGE_CURVE('',#9756,#9748,#9758,.T.);
#9756 = VERTEX_POINT('',#9757);
#9757 = CARTESIAN_POINT('',(1.8,0.2,2.25));
#9758 = LINE('',#9759,#9760);
#9759 = CARTESIAN_POINT('',(0.2,0.2,2.25));
#9760 = VECTOR('',#9761,1.);
#9761 = DIRECTION('',(-1.,0.,0.));
#9762 = ORIENTED_EDGE('',*,*,#9763,.F.);
#9763 = EDGE_CURVE('',#9764,#9756,#9766,.T.);
#9764 = VERTEX_POINT('',#9765);
#9765 = CARTESIAN_POINT('',(1.8,-4.336808689942E-16,2.25));
#9766 = LINE('',#9767,#9768);
#9767 = CARTESIAN_POINT('',(1.8,0.2,2.25));
#9768 = VECTOR('',#9769,1.);
#9769 = DIRECTION('',(0.,1.,0.));
#9770 = ORIENTED_EDGE('',*,*,#9771,.F.);
#9771 = EDGE_CURVE('',#9772,#9764,#9774,.T.);
#9772 = VERTEX_POINT('',#9773);
#9773 = CARTESIAN_POINT('',(2.2,-4.336808689942E-16,2.25));
#9774 = LINE('',#9775,#9776);
#9775 = CARTESIAN_POINT('',(2.95,-4.336808689942E-16,2.25));
#9776 = VECTOR('',#9777,1.);
#9777 = DIRECTION('',(-1.,0.,0.));
#9778 = ORIENTED_EDGE('',*,*,#9779,.F.);
#9779 = EDGE_CURVE('',#9780,#9772,#9782,.T.);
#9780 = VERTEX_POINT('',#9781);
#9781 = CARTESIAN_POINT('',(2.2,0.2,2.25));
#9782 = LINE('',#9783,#9784);
#9783 = CARTESIAN_POINT('',(2.2,0.2,2.25));
#9784 = VECTOR('',#9785,1.);
#9785 = DIRECTION('',(0.,-1.,0.));
#9786 = ORIENTED_EDGE('',*,*,#9787,.F.);
#9787 = EDGE_CURVE('',#9788,#9780,#9790,.T.);
#9788 = VERTEX_POINT('',#9789);
#9789 = CARTESIAN_POINT('',(3.8,0.2,2.25));
#9790 = LINE('',#9791,#9792);
#9791 = CARTESIAN_POINT('',(2.2,0.2,2.25));
#9792 = VECTOR('',#9793,1.);
#9793 = DIRECTION('',(-1.,0.,0.));
#9794 = ORIENTED_EDGE('',*,*,#9795,.F.);
#9795 = EDGE_CURVE('',#9796,#9788,#9798,.T.);
#9796 = VERTEX_POINT('',#9797);
#9797 = CARTESIAN_POINT('',(3.8,-4.336808689942E-16,2.25));
#9798 = LINE('',#9799,#9800);
#9799 = CARTESIAN_POINT('',(3.8,0.2,2.25));
#9800 = VECTOR('',#9801,1.);
#9801 = DIRECTION('',(0.,1.,0.));
#9802 = ORIENTED_EDGE('',*,*,#9803,.F.);
#9803 = EDGE_CURVE('',#9804,#9796,#9806,.T.);
#9804 = VERTEX_POINT('',#9805);
#9805 = CARTESIAN_POINT('',(4.2,-4.336808689942E-16,2.25));
#9806 = LINE('',#9807,#9808);
#9807 = CARTESIAN_POINT('',(4.95,-4.336808689942E-16,2.25));
#9808 = VECTOR('',#9809,1.);
#9809 = DIRECTION('',(-1.,0.,0.));
#9810 = ORIENTED_EDGE('',*,*,#9811,.F.);
#9811 = EDGE_CURVE('',#9812,#9804,#9814,.T.);
#9812 = VERTEX_POINT('',#9813);
#9813 = CARTESIAN_POINT('',(4.2,0.2,2.25));
#9814 = LINE('',#9815,#9816);
#9815 = CARTESIAN_POINT('',(4.2,0.2,2.25));
#9816 = VECTOR('',#9817,1.);
#9817 = DIRECTION('',(0.,-1.,0.));
#9818 = ORIENTED_EDGE('',*,*,#9819,.F.);
#9819 = EDGE_CURVE('',#9820,#9812,#9822,.T.);
#9820 = VERTEX_POINT('',#9821);
#9821 = CARTESIAN_POINT('',(5.8,0.2,2.25));
#9822 = LINE('',#9823,#9824);
#9823 = CARTESIAN_POINT('',(4.2,0.2,2.25));
#9824 = VECTOR('',#9825,1.);
#9825 = DIRECTION('',(-1.,0.,0.));
#9826 = ORIENTED_EDGE('',*,*,#9827,.F.);
#9827 = EDGE_CURVE('',#9828,#9820,#9830,.T.);
#9828 = VERTEX_POINT('',#9829);
#9829 = CARTESIAN_POINT('',(5.8,-4.336808689942E-16,2.25));
#9830 = LINE('',#9831,#9832);
#9831 = CARTESIAN_POINT('',(5.8,0.2,2.25));
#9832 = VECTOR('',#9833,1.);
#9833 = DIRECTION('',(0.,1.,0.));
#9834 = ORIENTED_EDGE('',*,*,#9835,.F.);
#9835 = EDGE_CURVE('',#9836,#9828,#9838,.T.);
#9836 = VERTEX_POINT('',#9837);
#9837 = CARTESIAN_POINT('',(6.2,-4.336808689942E-16,2.25));
#9838 = LINE('',#9839,#9840);
#9839 = CARTESIAN_POINT('',(0.95,-4.336808689942E-16,2.25));
#9840 = VECTOR('',#9841,1.);
#9841 = DIRECTION('',(-1.,0.,0.));
#9842 = ORIENTED_EDGE('',*,*,#9843,.F.);
#9843 = EDGE_CURVE('',#9844,#9836,#9846,.T.);
#9844 = VERTEX_POINT('',#9845);
#9845 = CARTESIAN_POINT('',(6.2,0.2,2.25));
#9846 = LINE('',#9847,#9848);
#9847 = CARTESIAN_POINT('',(6.2,0.2,2.25));
#9848 = VECTOR('',#9849,1.);
#9849 = DIRECTION('',(-1.355252715607E-16,-1.,0.));
#9850 = ORIENTED_EDGE('',*,*,#9851,.F.);
#9851 = EDGE_CURVE('',#9852,#9844,#9854,.T.);
#9852 = VERTEX_POINT('',#9853);
#9853 = CARTESIAN_POINT('',(7.8,0.2,2.25));
#9854 = LINE('',#9855,#9856);
#9855 = CARTESIAN_POINT('',(6.2,0.2,2.25));
#9856 = VECTOR('',#9857,1.);
#9857 = DIRECTION('',(-1.,-2.710505431214E-16,0.));
#9858 = ORIENTED_EDGE('',*,*,#9859,.F.);
#9859 = EDGE_CURVE('',#9860,#9852,#9862,.T.);
#9860 = VERTEX_POINT('',#9861);
#9861 = CARTESIAN_POINT('',(7.8,-4.336808689942E-16,2.25));
#9862 = LINE('',#9863,#9864);
#9863 = CARTESIAN_POINT('',(7.8,0.2,2.25));
#9864 = VECTOR('',#9865,1.);
#9865 = DIRECTION('',(0.,1.,0.));
#9866 = ORIENTED_EDGE('',*,*,#9867,.F.);
#9867 = EDGE_CURVE('',#9868,#9860,#9870,.T.);
#9868 = VERTEX_POINT('',#9869);
#9869 = CARTESIAN_POINT('',(8.95,-4.336808689942E-16,2.25));
#9870 = LINE('',#9871,#9872);
#9871 = CARTESIAN_POINT('',(8.95,-4.336808689942E-16,2.25));
#9872 = VECTOR('',#9873,1.);
#9873 = DIRECTION('',(-1.,0.,0.));
#9874 = ORIENTED_EDGE('',*,*,#9875,.F.);
#9875 = EDGE_CURVE('',#9627,#9868,#9876,.T.);
#9876 = LINE('',#9877,#9878);
#9877 = CARTESIAN_POINT('',(8.95,0.83,2.25));
#9878 = VECTOR('',#9879,1.);
#9879 = DIRECTION('',(0.,-1.,0.));
#9880 = ORIENTED_EDGE('',*,*,#9626,.T.);
#9881 = ORIENTED_EDGE('',*,*,#9596,.T.);
#9882 = ORIENTED_EDGE('',*,*,#9572,.F.);
#9883 = ORIENTED_EDGE('',*,*,#9546,.F.);
#9884 = ORIENTED_EDGE('',*,*,#9522,.F.);
#9885 = ORIENTED_EDGE('',*,*,#9492,.F.);
#9886 = PLANE('',#9887);
#9887 = AXIS2_PLACEMENT_3D('',#9888,#9889,#9890);
#9888 = CARTESIAN_POINT('',(-3.05,0.83,2.25));
#9889 = DIRECTION('',(0.,0.,-1.));
#9890 = DIRECTION('',(0.,-1.,0.));
#9891 = ADVANCED_FACE('',(#9892),#9938,.F.);
#9892 = FACE_BOUND('',#9893,.T.);
#9893 = EDGE_LOOP('',(#9894,#9895,#9896,#9897,#9898,#9899,#9905,#9906,
    #9907,#9915,#9924,#9932));
#9894 = ORIENTED_EDGE('',*,*,#9312,.T.);
#9895 = ORIENTED_EDGE('',*,*,#9416,.T.);
#9896 = ORIENTED_EDGE('',*,*,#9440,.T.);
#9897 = ORIENTED_EDGE('',*,*,#9634,.T.);
#9898 = ORIENTED_EDGE('',*,*,#9875,.T.);
#9899 = ORIENTED_EDGE('',*,*,#9900,.T.);
#9900 = EDGE_CURVE('',#9868,#8417,#9901,.T.);
#9901 = LINE('',#9902,#9903);
#9902 = CARTESIAN_POINT('',(8.95,-4.336808689942E-16,2.25));
#9903 = VECTOR('',#9904,1.);
#9904 = DIRECTION('',(0.,1.927470528863E-16,-1.));
#9905 = ORIENTED_EDGE('',*,*,#8416,.T.);
#9906 = ORIENTED_EDGE('',*,*,#9136,.T.);
#9907 = ORIENTED_EDGE('',*,*,#9908,.T.);
#9908 = EDGE_CURVE('',#9129,#9909,#9911,.T.);
#9909 = VERTEX_POINT('',#9910);
#9910 = CARTESIAN_POINT('',(8.95,4.5,-0.12));
#9911 = LINE('',#9912,#9913);
#9912 = CARTESIAN_POINT('',(8.95,4.5,-0.12));
#9913 = VECTOR('',#9914,1.);
#9914 = DIRECTION('',(0.,-1.,0.));
#9915 = ORIENTED_EDGE('',*,*,#9916,.T.);
#9916 = EDGE_CURVE('',#9909,#9917,#9919,.T.);
#9917 = VERTEX_POINT('',#9918);
#9918 = CARTESIAN_POINT('',(8.95,4.5,0.88));
#9919 = CIRCLE('',#9920,0.5);
#9920 = AXIS2_PLACEMENT_3D('',#9921,#9922,#9923);
#9921 = CARTESIAN_POINT('',(8.95,4.5,0.38));
#9922 = DIRECTION('',(-1.,0.,0.));
#9923 = DIRECTION('',(0.,0.,-1.));
#9924 = ORIENTED_EDGE('',*,*,#9925,.T.);
#9925 = EDGE_CURVE('',#9917,#9926,#9928,.T.);
#9926 = VERTEX_POINT('',#9927);
#9927 = CARTESIAN_POINT('',(8.95,6.,0.88));
#9928 = LINE('',#9929,#9930);
#9929 = CARTESIAN_POINT('',(8.95,6.,0.88));
#9930 = VECTOR('',#9931,1.);
#9931 = DIRECTION('',(0.,1.,0.));
#9932 = ORIENTED_EDGE('',*,*,#9933,.T.);
#9933 = EDGE_CURVE('',#9926,#9313,#9934,.T.);
#9934 = LINE('',#9935,#9936);
#9935 = CARTESIAN_POINT('',(8.95,6.,0.88));
#9936 = VECTOR('',#9937,1.);
#9937 = DIRECTION('',(0.,-3.165553788279E-16,1.));
#9938 = PLANE('',#9939);
#9939 = AXIS2_PLACEMENT_3D('',#9940,#9941,#9942);
#9940 = CARTESIAN_POINT('',(8.95,0.,0.));
#9941 = DIRECTION('',(-1.,0.,0.));
#9942 = DIRECTION('',(0.,0.,1.));
#9943 = ADVANCED_FACE('',(#9944),#9969,.F.);
#9944 = FACE_BOUND('',#9945,.T.);
#9945 = EDGE_LOOP('',(#9946,#9954,#9955,#9963));
#9946 = ORIENTED_EDGE('',*,*,#9947,.T.);
#9947 = EDGE_CURVE('',#9948,#8817,#9950,.T.);
#9948 = VERTEX_POINT('',#9949);
#9949 = CARTESIAN_POINT('',(-4.75,0.2,0.3));
#9950 = LINE('',#9951,#9952);
#9951 = CARTESIAN_POINT('',(-4.75,-3.4,0.3));
#9952 = VECTOR('',#9953,1.);
#9953 = DIRECTION('',(3.504579431023E-32,1.,2.478176394253E-16));
#9954 = ORIENTED_EDGE('',*,*,#8816,.T.);
#9955 = ORIENTED_EDGE('',*,*,#9956,.F.);
#9956 = EDGE_CURVE('',#9957,#8819,#9959,.T.);
#9957 = VERTEX_POINT('',#9958);
#9958 = CARTESIAN_POINT('',(-5.25,0.2,0.3));
#9959 = LINE('',#9960,#9961);
#9960 = CARTESIAN_POINT('',(-5.25,-3.4,0.3));
#9961 = VECTOR('',#9962,1.);
#9962 = DIRECTION('',(3.504579431023E-32,1.,2.478176394253E-16));
#9963 = ORIENTED_EDGE('',*,*,#9964,.F.);
#9964 = EDGE_CURVE('',#9948,#9957,#9965,.T.);
#9965 = LINE('',#9966,#9967);
#9966 = CARTESIAN_POINT('',(-5.8,0.2,0.3));
#9967 = VECTOR('',#9968,1.);
#9968 = DIRECTION('',(-1.,0.,0.));
#9969 = PLANE('',#9970);
#9970 = AXIS2_PLACEMENT_3D('',#9971,#9972,#9973);
#9971 = CARTESIAN_POINT('',(-5.25,-3.4,0.3));
#9972 = DIRECTION('',(0.,2.478176394253E-16,-1.));
#9973 = DIRECTION('',(-1.,0.,0.));
#9974 = ADVANCED_FACE('',(#9975),#9993,.F.);
#9975 = FACE_BOUND('',#9976,.T.);
#9976 = EDGE_LOOP('',(#9977,#9985,#9986,#9987));
#9977 = ORIENTED_EDGE('',*,*,#9978,.T.);
#9978 = EDGE_CURVE('',#9979,#8827,#9981,.T.);
#9979 = VERTEX_POINT('',#9980);
#9980 = CARTESIAN_POINT('',(-4.75,0.2,0.8));
#9981 = LINE('',#9982,#9983);
#9982 = CARTESIAN_POINT('',(-4.75,-3.4,0.8));
#9983 = VECTOR('',#9984,1.);
#9984 = DIRECTION('',(3.504579431023E-32,1.,2.478176394253E-16));
#9985 = ORIENTED_EDGE('',*,*,#8826,.T.);
#9986 = ORIENTED_EDGE('',*,*,#9947,.F.);
#9987 = ORIENTED_EDGE('',*,*,#9988,.F.);
#9988 = EDGE_CURVE('',#9979,#9948,#9989,.T.);
#9989 = LINE('',#9990,#9991);
#9990 = CARTESIAN_POINT('',(-4.75,0.2,-2.25));
#9991 = VECTOR('',#9992,1.);
#9992 = DIRECTION('',(-1.519869053105E-47,0.,-1.));
#9993 = PLANE('',#9994);
#9994 = AXIS2_PLACEMENT_3D('',#9995,#9996,#9997);
#9995 = CARTESIAN_POINT('',(-4.75,-3.4,0.3));
#9996 = DIRECTION('',(1.,-3.504579431023E-32,-1.519869053105E-47));
#9997 = DIRECTION('',(-3.504579431023E-32,-1.,0.));
#9998 = ADVANCED_FACE('',(#9999),#10017,.F.);
#9999 = FACE_BOUND('',#10000,.T.);
#10000 = EDGE_LOOP('',(#10001,#10009,#10010,#10011));
#10001 = ORIENTED_EDGE('',*,*,#10002,.T.);
#10002 = EDGE_CURVE('',#10003,#8835,#10005,.T.);
#10003 = VERTEX_POINT('',#10004);
#10004 = CARTESIAN_POINT('',(-5.25,0.2,0.8));
#10005 = LINE('',#10006,#10007);
#10006 = CARTESIAN_POINT('',(-5.25,-3.4,0.8));
#10007 = VECTOR('',#10008,1.);
#10008 = DIRECTION('',(3.504579431023E-32,1.,2.478176394253E-16));
#10009 = ORIENTED_EDGE('',*,*,#8834,.T.);
#10010 = ORIENTED_EDGE('',*,*,#9978,.F.);
#10011 = ORIENTED_EDGE('',*,*,#10012,.F.);
#10012 = EDGE_CURVE('',#10003,#9979,#10013,.T.);
#10013 = LINE('',#10014,#10015);
#10014 = CARTESIAN_POINT('',(-5.8,0.2,0.8));
#10015 = VECTOR('',#10016,1.);
#10016 = DIRECTION('',(1.,0.,0.));
#10017 = PLANE('',#10018);
#10018 = AXIS2_PLACEMENT_3D('',#10019,#10020,#10021);
#10019 = CARTESIAN_POINT('',(-5.25,-3.4,0.8));
#10020 = DIRECTION('',(0.,-2.478176394253E-16,1.));
#10021 = DIRECTION('',(0.,-1.,-2.478176394253E-16));
#10022 = ADVANCED_FACE('',(#10023),#10034,.F.);
#10023 = FACE_BOUND('',#10024,.T.);
#10024 = EDGE_LOOP('',(#10025,#10026,#10027,#10028));
#10025 = ORIENTED_EDGE('',*,*,#9956,.T.);
#10026 = ORIENTED_EDGE('',*,*,#8842,.T.);
#10027 = ORIENTED_EDGE('',*,*,#10002,.F.);
#10028 = ORIENTED_EDGE('',*,*,#10029,.F.);
#10029 = EDGE_CURVE('',#9957,#10003,#10030,.T.);
#10030 = LINE('',#10031,#10032);
#10031 = CARTESIAN_POINT('',(-5.25,0.2,-2.25));
#10032 = VECTOR('',#10033,1.);
#10033 = DIRECTION('',(1.519869053105E-47,0.,1.));
#10034 = PLANE('',#10035);
#10035 = AXIS2_PLACEMENT_3D('',#10036,#10037,#10038);
#10036 = CARTESIAN_POINT('',(-5.25,-3.4,0.3));
#10037 = DIRECTION('',(-1.,3.504579431023E-32,1.519869053105E-47));
#10038 = DIRECTION('',(1.519869053105E-47,0.,1.));
#10039 = ADVANCED_FACE('',(#10040),#10056,.F.);
#10040 = FACE_BOUND('',#10041,.T.);
#10041 = EDGE_LOOP('',(#10042,#10043,#10049,#10050));
#10042 = ORIENTED_EDGE('',*,*,#8616,.F.);
#10043 = ORIENTED_EDGE('',*,*,#10044,.T.);
#10044 = EDGE_CURVE('',#8609,#9676,#10045,.T.);
#10045 = LINE('',#10046,#10047);
#10046 = CARTESIAN_POINT('',(-3.8,-4.336808689942E-16,-2.25));
#10047 = VECTOR('',#10048,1.);
#10048 = DIRECTION('',(0.,0.,1.));
#10049 = ORIENTED_EDGE('',*,*,#9675,.T.);
#10050 = ORIENTED_EDGE('',*,*,#10051,.F.);
#10051 = EDGE_CURVE('',#8617,#9668,#10052,.T.);
#10052 = LINE('',#10053,#10054);
#10053 = CARTESIAN_POINT('',(-4.2,-4.336808689942E-16,-2.25));
#10054 = VECTOR('',#10055,1.);
#10055 = DIRECTION('',(0.,0.,1.));
#10056 = PLANE('',#10057);
#10057 = AXIS2_PLACEMENT_3D('',#10058,#10059,#10060);
#10058 = CARTESIAN_POINT('',(-3.05,-4.336808689942E-16,2.25));
#10059 = DIRECTION('',(0.,1.,1.927470528863E-16));
#10060 = DIRECTION('',(0.,1.927470528863E-16,-1.));
#10061 = ADVANCED_FACE('',(#10062),#10073,.F.);
#10062 = FACE_BOUND('',#10063,.T.);
#10063 = EDGE_LOOP('',(#10064,#10065,#10071,#10072));
#10064 = ORIENTED_EDGE('',*,*,#9667,.T.);
#10065 = ORIENTED_EDGE('',*,*,#10066,.F.);
#10066 = EDGE_CURVE('',#8625,#9660,#10067,.T.);
#10067 = LINE('',#10068,#10069);
#10068 = CARTESIAN_POINT('',(-4.2,0.2,-2.25));
#10069 = VECTOR('',#10070,1.);
#10070 = DIRECTION('',(0.,0.,1.));
#10071 = ORIENTED_EDGE('',*,*,#8624,.F.);
#10072 = ORIENTED_EDGE('',*,*,#10051,.T.);
#10073 = PLANE('',#10074);
#10074 = AXIS2_PLACEMENT_3D('',#10075,#10076,#10077);
#10075 = CARTESIAN_POINT('',(-4.2,0.2,-2.25));
#10076 = DIRECTION('',(1.,0.,0.));
#10077 = DIRECTION('',(-0.,1.,0.));
#10078 = ADVANCED_FACE('',(#10079,#10085),#10096,.F.);
#10079 = FACE_BOUND('',#10080,.T.);
#10080 = EDGE_LOOP('',(#10081,#10082,#10083,#10084));
#10081 = ORIENTED_EDGE('',*,*,#9988,.T.);
#10082 = ORIENTED_EDGE('',*,*,#9964,.T.);
#10083 = ORIENTED_EDGE('',*,*,#10029,.T.);
#10084 = ORIENTED_EDGE('',*,*,#10012,.T.);
#10085 = FACE_BOUND('',#10086,.T.);
#10086 = EDGE_LOOP('',(#10087,#10088,#10094,#10095));
#10087 = ORIENTED_EDGE('',*,*,#9659,.T.);
#10088 = ORIENTED_EDGE('',*,*,#10089,.F.);
#10089 = EDGE_CURVE('',#8633,#9652,#10090,.T.);
#10090 = LINE('',#10091,#10092);
#10091 = CARTESIAN_POINT('',(-5.8,0.2,-2.25));
#10092 = VECTOR('',#10093,1.);
#10093 = DIRECTION('',(0.,0.,1.));
#10094 = ORIENTED_EDGE('',*,*,#8632,.F.);
#10095 = ORIENTED_EDGE('',*,*,#10066,.T.);
#10096 = PLANE('',#10097);
#10097 = AXIS2_PLACEMENT_3D('',#10098,#10099,#10100);
#10098 = CARTESIAN_POINT('',(-5.8,0.2,-2.25));
#10099 = DIRECTION('',(-0.,1.,0.));
#10100 = DIRECTION('',(1.,0.,0.));
#10101 = ADVANCED_FACE('',(#10102),#10108,.F.);
#10102 = FACE_BOUND('',#10103,.T.);
#10103 = EDGE_LOOP('',(#10104,#10105,#10106,#10107));
#10104 = ORIENTED_EDGE('',*,*,#9651,.T.);
#10105 = ORIENTED_EDGE('',*,*,#9462,.F.);
#10106 = ORIENTED_EDGE('',*,*,#8640,.F.);
#10107 = ORIENTED_EDGE('',*,*,#10089,.T.);
#10108 = PLANE('',#10109);
#10109 = AXIS2_PLACEMENT_3D('',#10110,#10111,#10112);
#10110 = CARTESIAN_POINT('',(-5.8,0.2,-2.25));
#10111 = DIRECTION('',(-1.,0.,0.));
#10112 = DIRECTION('',(0.,0.,1.));
#10113 = ADVANCED_FACE('',(#10114),#10148,.F.);
#10114 = FACE_BOUND('',#10115,.T.);
#10115 = EDGE_LOOP('',(#10116,#10126,#10134,#10142));
#10116 = ORIENTED_EDGE('',*,*,#10117,.T.);
#10117 = EDGE_CURVE('',#10118,#10120,#10122,.T.);
#10118 = VERTEX_POINT('',#10119);
#10119 = CARTESIAN_POINT('',(7.25,6.,2.15));
#10120 = VERTEX_POINT('',#10121);
#10121 = CARTESIAN_POINT('',(7.25,4.25,2.15));
#10122 = LINE('',#10123,#10124);
#10123 = CARTESIAN_POINT('',(7.25,4.25,2.15));
#10124 = VECTOR('',#10125,1.);
#10125 = DIRECTION('',(0.,-1.,0.));
#10126 = ORIENTED_EDGE('',*,*,#10127,.T.);
#10127 = EDGE_CURVE('',#10120,#10128,#10130,.T.);
#10128 = VERTEX_POINT('',#10129);
#10129 = CARTESIAN_POINT('',(7.725,4.25,2.15));
#10130 = LINE('',#10131,#10132);
#10131 = CARTESIAN_POINT('',(7.25,4.25,2.15));
#10132 = VECTOR('',#10133,1.);
#10133 = DIRECTION('',(1.,0.,0.));
#10134 = ORIENTED_EDGE('',*,*,#10135,.T.);
#10135 = EDGE_CURVE('',#10128,#10136,#10138,.T.);
#10136 = VERTEX_POINT('',#10137);
#10137 = CARTESIAN_POINT('',(7.725,6.,2.15));
#10138 = LINE('',#10139,#10140);
#10139 = CARTESIAN_POINT('',(7.725,4.25,2.15));
#10140 = VECTOR('',#10141,1.);
#10141 = DIRECTION('',(0.,1.,0.));
#10142 = ORIENTED_EDGE('',*,*,#10143,.T.);
#10143 = EDGE_CURVE('',#10136,#10118,#10144,.T.);
#10144 = LINE('',#10145,#10146);
#10145 = CARTESIAN_POINT('',(7.25,6.,2.15));
#10146 = VECTOR('',#10147,1.);
#10147 = DIRECTION('',(-1.,0.,0.));
#10148 = PLANE('',#10149);
#10149 = AXIS2_PLACEMENT_3D('',#10150,#10151,#10152);
#10150 = CARTESIAN_POINT('',(6.,3.,2.15));
#10151 = DIRECTION('',(0.,0.,-1.));
#10152 = DIRECTION('',(0.,-1.,0.));
#10153 = ADVANCED_FACE('',(#10154),#10188,.F.);
#10154 = FACE_BOUND('',#10155,.T.);
#10155 = EDGE_LOOP('',(#10156,#10166,#10174,#10182));
#10156 = ORIENTED_EDGE('',*,*,#10157,.T.);
#10157 = EDGE_CURVE('',#10158,#10160,#10162,.T.);
#10158 = VERTEX_POINT('',#10159);
#10159 = CARTESIAN_POINT('',(8.3,5.75,1.65));
#10160 = VERTEX_POINT('',#10161);
#10161 = CARTESIAN_POINT('',(8.55,6.,1.9));
#10162 = LINE('',#10163,#10164);
#10163 = CARTESIAN_POINT('',(7.133333333333,4.583333333333,
    0.483333333333));
#10164 = VECTOR('',#10165,1.);
#10165 = DIRECTION('',(0.57735026919,0.57735026919,0.57735026919));
#10166 = ORIENTED_EDGE('',*,*,#10167,.F.);
#10167 = EDGE_CURVE('',#10168,#10160,#10170,.T.);
#10168 = VERTEX_POINT('',#10169);
#10169 = CARTESIAN_POINT('',(8.55,6.,0.88));
#10170 = LINE('',#10171,#10172);
#10171 = CARTESIAN_POINT('',(8.55,6.,0.88));
#10172 = VECTOR('',#10173,1.);
#10173 = DIRECTION('',(1.239088197126E-16,-3.165553788279E-16,1.));
#10174 = ORIENTED_EDGE('',*,*,#10175,.F.);
#10175 = EDGE_CURVE('',#10176,#10168,#10178,.T.);
#10176 = VERTEX_POINT('',#10177);
#10177 = CARTESIAN_POINT('',(8.3,5.75,0.88));
#10178 = LINE('',#10179,#10180);
#10179 = CARTESIAN_POINT('',(8.3,5.75,0.88));
#10180 = VECTOR('',#10181,1.);
#10181 = DIRECTION('',(0.707106781187,0.707106781187,0.));
#10182 = ORIENTED_EDGE('',*,*,#10183,.F.);
#10183 = EDGE_CURVE('',#10158,#10176,#10184,.T.);
#10184 = LINE('',#10185,#10186);
#10185 = CARTESIAN_POINT('',(8.3,5.75,-1.85));
#10186 = VECTOR('',#10187,1.);
#10187 = DIRECTION('',(-1.239088197126E-16,3.165553788279E-16,-1.));
#10188 = PLANE('',#10189);
#10189 = AXIS2_PLACEMENT_3D('',#10190,#10191,#10192);
#10190 = CARTESIAN_POINT('',(8.3,5.75,-1.85));
#10191 = DIRECTION('',(0.707106781187,-0.707106781187,
    -3.114552216579E-16));
#10192 = DIRECTION('',(2.465190328816E-32,4.404641985405E-16,-1.));
#10193 = ADVANCED_FACE('',(#10194),#10219,.F.);
#10194 = FACE_BOUND('',#10195,.T.);
#10195 = EDGE_LOOP('',(#10196,#10206,#10212,#10213));
#10196 = ORIENTED_EDGE('',*,*,#10197,.F.);
#10197 = EDGE_CURVE('',#10198,#10200,#10202,.T.);
#10198 = VERTEX_POINT('',#10199);
#10199 = CARTESIAN_POINT('',(6.225,6.,1.9));
#10200 = VERTEX_POINT('',#10201);
#10201 = CARTESIAN_POINT('',(6.225,5.75,1.65));
#10202 = LINE('',#10203,#10204);
#10203 = CARTESIAN_POINT('',(6.225,5.75,1.65));
#10204 = VECTOR('',#10205,1.);
#10205 = DIRECTION('',(0.,-0.707106781187,-0.707106781187));
#10206 = ORIENTED_EDGE('',*,*,#10207,.F.);
#10207 = EDGE_CURVE('',#10160,#10198,#10208,.T.);
#10208 = LINE('',#10209,#10210);
#10209 = CARTESIAN_POINT('',(8.95,6.,1.9));
#10210 = VECTOR('',#10211,1.);
#10211 = DIRECTION('',(-1.,-4.476652557876E-32,1.41417674672E-16));
#10212 = ORIENTED_EDGE('',*,*,#10157,.F.);
#10213 = ORIENTED_EDGE('',*,*,#10214,.F.);
#10214 = EDGE_CURVE('',#10200,#10158,#10215,.T.);
#10215 = LINE('',#10216,#10217);
#10216 = CARTESIAN_POINT('',(3.7,5.75,1.65));
#10217 = VECTOR('',#10218,1.);
#10218 = DIRECTION('',(1.,4.476652557876E-32,-1.41417674672E-16));
#10219 = PLANE('',#10220);
#10220 = AXIS2_PLACEMENT_3D('',#10221,#10222,#10223);
#10221 = CARTESIAN_POINT('',(3.7,5.75,1.65));
#10222 = DIRECTION('',(9.999739674022E-17,-0.707106781187,0.707106781187
    ));
#10223 = DIRECTION('',(-1.,-1.41417674672E-16,0.));
#10224 = ADVANCED_FACE('',(#10225),#10249,.F.);
#10225 = FACE_BOUND('',#10226,.T.);
#10226 = EDGE_LOOP('',(#10227,#10235,#10236,#10242,#10243));
#10227 = ORIENTED_EDGE('',*,*,#10228,.T.);
#10228 = EDGE_CURVE('',#10229,#10176,#10231,.T.);
#10229 = VERTEX_POINT('',#10230);
#10230 = CARTESIAN_POINT('',(8.3,4.5,0.88));
#10231 = LINE('',#10232,#10233);
#10232 = CARTESIAN_POINT('',(8.3,6.,0.88));
#10233 = VECTOR('',#10234,1.);
#10234 = DIRECTION('',(-2.522858432348E-32,1.,0.));
#10235 = ORIENTED_EDGE('',*,*,#10175,.T.);
#10236 = ORIENTED_EDGE('',*,*,#10237,.F.);
#10237 = EDGE_CURVE('',#9926,#10168,#10238,.T.);
#10238 = LINE('',#10239,#10240);
#10239 = CARTESIAN_POINT('',(8.95,6.,0.88));
#10240 = VECTOR('',#10241,1.);
#10241 = DIRECTION('',(-1.,0.,0.));
#10242 = ORIENTED_EDGE('',*,*,#9925,.F.);
#10243 = ORIENTED_EDGE('',*,*,#10244,.T.);
#10244 = EDGE_CURVE('',#9917,#10229,#10245,.T.);
#10245 = LINE('',#10246,#10247);
#10246 = CARTESIAN_POINT('',(8.95,4.5,0.88));
#10247 = VECTOR('',#10248,1.);
#10248 = DIRECTION('',(-1.,0.,0.));
#10249 = PLANE('',#10250);
#10250 = AXIS2_PLACEMENT_3D('',#10251,#10252,#10253);
#10251 = CARTESIAN_POINT('',(8.95,6.,0.88));
#10252 = DIRECTION('',(0.,0.,1.));
#10253 = DIRECTION('',(1.,0.,-0.));
#10254 = ADVANCED_FACE('',(#10255),#10274,.F.);
#10255 = FACE_BOUND('',#10256,.F.);
#10256 = EDGE_LOOP('',(#10257,#10258,#10259,#10268));
#10257 = ORIENTED_EDGE('',*,*,#9916,.T.);
#10258 = ORIENTED_EDGE('',*,*,#10244,.T.);
#10259 = ORIENTED_EDGE('',*,*,#10260,.F.);
#10260 = EDGE_CURVE('',#10261,#10229,#10263,.T.);
#10261 = VERTEX_POINT('',#10262);
#10262 = CARTESIAN_POINT('',(8.3,4.5,-0.12));
#10263 = CIRCLE('',#10264,0.5);
#10264 = AXIS2_PLACEMENT_3D('',#10265,#10266,#10267);
#10265 = CARTESIAN_POINT('',(8.3,4.5,0.38));
#10266 = DIRECTION('',(-1.,-2.522858432348E-32,0.));
#10267 = DIRECTION('',(-0.,0.,-1.));
#10268 = ORIENTED_EDGE('',*,*,#10269,.F.);
#10269 = EDGE_CURVE('',#9909,#10261,#10270,.T.);
#10270 = LINE('',#10271,#10272);
#10271 = CARTESIAN_POINT('',(8.95,4.5,-0.12));
#10272 = VECTOR('',#10273,1.);
#10273 = DIRECTION('',(-1.,0.,0.));
#10274 = CYLINDRICAL_SURFACE('',#10275,0.5);
#10275 = AXIS2_PLACEMENT_3D('',#10276,#10277,#10278);
#10276 = CARTESIAN_POINT('',(8.95,4.5,0.38));
#10277 = DIRECTION('',(-1.,0.,0.));
#10278 = DIRECTION('',(0.,0.,1.));
#10279 = ADVANCED_FACE('',(#10280),#10312,.F.);
#10280 = FACE_BOUND('',#10281,.T.);
#10281 = EDGE_LOOP('',(#10282,#10292,#10298,#10299,#10305,#10306));
#10282 = ORIENTED_EDGE('',*,*,#10283,.T.);
#10283 = EDGE_CURVE('',#10284,#10286,#10288,.T.);
#10284 = VERTEX_POINT('',#10285);
#10285 = CARTESIAN_POINT('',(7.25,2.25,1.65));
#10286 = VERTEX_POINT('',#10287);
#10287 = CARTESIAN_POINT('',(7.25,4.25,1.65));
#10288 = LINE('',#10289,#10290);
#10289 = CARTESIAN_POINT('',(7.25,4.25,1.65));
#10290 = VECTOR('',#10291,1.);
#10291 = DIRECTION('',(1.084202172486E-16,1.,2.036060417813E-16));
#10292 = ORIENTED_EDGE('',*,*,#10293,.T.);
#10293 = EDGE_CURVE('',#10286,#10120,#10294,.T.);
#10294 = LINE('',#10295,#10296);
#10295 = CARTESIAN_POINT('',(7.25,4.25,-2.623757129272));
#10296 = VECTOR('',#10297,1.);
#10297 = DIRECTION('',(0.,0.,1.));
#10298 = ORIENTED_EDGE('',*,*,#10117,.F.);
#10299 = ORIENTED_EDGE('',*,*,#10300,.T.);
#10300 = EDGE_CURVE('',#10118,#9361,#10301,.T.);
#10301 = LINE('',#10302,#10303);
#10302 = CARTESIAN_POINT('',(7.25,6.,2.15));
#10303 = VECTOR('',#10304,1.);
#10304 = DIRECTION('',(0.,0.,1.));
#10305 = ORIENTED_EDGE('',*,*,#9360,.T.);
#10306 = ORIENTED_EDGE('',*,*,#10307,.F.);
#10307 = EDGE_CURVE('',#10284,#9353,#10308,.T.);
#10308 = LINE('',#10309,#10310);
#10309 = CARTESIAN_POINT('',(7.25,2.25,-2.623757129272));
#10310 = VECTOR('',#10311,1.);
#10311 = DIRECTION('',(0.,0.,1.));
#10312 = PLANE('',#10313);
#10313 = AXIS2_PLACEMENT_3D('',#10314,#10315,#10316);
#10314 = CARTESIAN_POINT('',(7.25,4.25,-2.623757129272));
#10315 = DIRECTION('',(-1.,1.084202172486E-16,0.));
#10316 = DIRECTION('',(0.,0.,1.));
#10317 = ADVANCED_FACE('',(#10318),#10336,.F.);
#10318 = FACE_BOUND('',#10319,.T.);
#10319 = EDGE_LOOP('',(#10320,#10328,#10329,#10330));
#10320 = ORIENTED_EDGE('',*,*,#10321,.T.);
#10321 = EDGE_CURVE('',#10322,#10284,#10324,.T.);
#10322 = VERTEX_POINT('',#10323);
#10323 = CARTESIAN_POINT('',(8.2,2.25,1.65));
#10324 = LINE('',#10325,#10326);
#10325 = CARTESIAN_POINT('',(8.2,2.25,1.65));
#10326 = VECTOR('',#10327,1.);
#10327 = DIRECTION('',(-1.,0.,1.41417674672E-16));
#10328 = ORIENTED_EDGE('',*,*,#10307,.T.);
#10329 = ORIENTED_EDGE('',*,*,#9352,.T.);
#10330 = ORIENTED_EDGE('',*,*,#10331,.F.);
#10331 = EDGE_CURVE('',#10322,#9345,#10332,.T.);
#10332 = LINE('',#10333,#10334);
#10333 = CARTESIAN_POINT('',(8.2,2.25,-2.623757129272));
#10334 = VECTOR('',#10335,1.);
#10335 = DIRECTION('',(0.,0.,1.));
#10336 = PLANE('',#10337);
#10337 = AXIS2_PLACEMENT_3D('',#10338,#10339,#10340);
#10338 = CARTESIAN_POINT('',(8.2,2.25,-2.623757129272));
#10339 = DIRECTION('',(0.,-1.,0.));
#10340 = DIRECTION('',(0.,0.,-1.));
#10341 = ADVANCED_FACE('',(#10342),#10360,.F.);
#10342 = FACE_BOUND('',#10343,.T.);
#10343 = EDGE_LOOP('',(#10344,#10352,#10353,#10354));
#10344 = ORIENTED_EDGE('',*,*,#10345,.T.);
#10345 = EDGE_CURVE('',#10346,#10322,#10348,.T.);
#10346 = VERTEX_POINT('',#10347);
#10347 = CARTESIAN_POINT('',(8.2,4.25,1.65));
#10348 = LINE('',#10349,#10350);
#10349 = CARTESIAN_POINT('',(8.2,4.25,1.65));
#10350 = VECTOR('',#10351,1.);
#10351 = DIRECTION('',(-4.336808689942E-16,-1.,-2.036060417813E-16));
#10352 = ORIENTED_EDGE('',*,*,#10331,.T.);
#10353 = ORIENTED_EDGE('',*,*,#9344,.T.);
#10354 = ORIENTED_EDGE('',*,*,#10355,.F.);
#10355 = EDGE_CURVE('',#10346,#9337,#10356,.T.);
#10356 = LINE('',#10357,#10358);
#10357 = CARTESIAN_POINT('',(8.2,4.25,-2.623757129272));
#10358 = VECTOR('',#10359,1.);
#10359 = DIRECTION('',(0.,0.,1.));
#10360 = PLANE('',#10361);
#10361 = AXIS2_PLACEMENT_3D('',#10362,#10363,#10364);
#10362 = CARTESIAN_POINT('',(8.2,4.25,-2.623757129272));
#10363 = DIRECTION('',(1.,-4.336808689942E-16,0.));
#10364 = DIRECTION('',(-4.336808689942E-16,-1.,0.));
#10365 = ADVANCED_FACE('',(#10366),#10384,.F.);
#10366 = FACE_BOUND('',#10367,.T.);
#10367 = EDGE_LOOP('',(#10368,#10369,#10375,#10376,#10377,#10383));
#10368 = ORIENTED_EDGE('',*,*,#9336,.T.);
#10369 = ORIENTED_EDGE('',*,*,#10370,.F.);
#10370 = EDGE_CURVE('',#10128,#9329,#10371,.T.);
#10371 = LINE('',#10372,#10373);
#10372 = CARTESIAN_POINT('',(7.725,4.25,2.15));
#10373 = VECTOR('',#10374,1.);
#10374 = DIRECTION('',(0.,0.,1.));
#10375 = ORIENTED_EDGE('',*,*,#10127,.F.);
#10376 = ORIENTED_EDGE('',*,*,#10293,.F.);
#10377 = ORIENTED_EDGE('',*,*,#10378,.T.);
#10378 = EDGE_CURVE('',#10286,#10346,#10379,.T.);
#10379 = LINE('',#10380,#10381);
#10380 = CARTESIAN_POINT('',(8.2,4.25,1.65));
#10381 = VECTOR('',#10382,1.);
#10382 = DIRECTION('',(1.,0.,-1.41417674672E-16));
#10383 = ORIENTED_EDGE('',*,*,#10355,.T.);
#10384 = PLANE('',#10385);
#10385 = AXIS2_PLACEMENT_3D('',#10386,#10387,#10388);
#10386 = CARTESIAN_POINT('',(8.2,4.25,-2.623757129272));
#10387 = DIRECTION('',(-0.,1.,0.));
#10388 = DIRECTION('',(1.,0.,0.));
#10389 = ADVANCED_FACE('',(#10390),#10401,.F.);
#10390 = FACE_BOUND('',#10391,.T.);
#10391 = EDGE_LOOP('',(#10392,#10393,#10399,#10400));
#10392 = ORIENTED_EDGE('',*,*,#9328,.T.);
#10393 = ORIENTED_EDGE('',*,*,#10394,.F.);
#10394 = EDGE_CURVE('',#10136,#9321,#10395,.T.);
#10395 = LINE('',#10396,#10397);
#10396 = CARTESIAN_POINT('',(7.725,6.,2.15));
#10397 = VECTOR('',#10398,1.);
#10398 = DIRECTION('',(0.,0.,1.));
#10399 = ORIENTED_EDGE('',*,*,#10135,.F.);
#10400 = ORIENTED_EDGE('',*,*,#10370,.T.);
#10401 = PLANE('',#10402);
#10402 = AXIS2_PLACEMENT_3D('',#10403,#10404,#10405);
#10403 = CARTESIAN_POINT('',(7.725,4.25,2.15));
#10404 = DIRECTION('',(1.,0.,0.));
#10405 = DIRECTION('',(-0.,1.,0.));
#10406 = ADVANCED_FACE('',(#10407),#10424,.F.);
#10407 = FACE_BOUND('',#10408,.T.);
#10408 = EDGE_LOOP('',(#10409,#10410,#10411,#10412,#10418,#10419,#10420,
    #10421,#10422,#10423));
#10409 = ORIENTED_EDGE('',*,*,#10237,.T.);
#10410 = ORIENTED_EDGE('',*,*,#10167,.T.);
#10411 = ORIENTED_EDGE('',*,*,#10207,.T.);
#10412 = ORIENTED_EDGE('',*,*,#10413,.T.);
#10413 = EDGE_CURVE('',#10198,#9369,#10414,.T.);
#10414 = LINE('',#10415,#10416);
#10415 = CARTESIAN_POINT('',(6.225,6.,-2.623757129272));
#10416 = VECTOR('',#10417,1.);
#10417 = DIRECTION('',(0.,0.,1.));
#10418 = ORIENTED_EDGE('',*,*,#9368,.F.);
#10419 = ORIENTED_EDGE('',*,*,#10300,.F.);
#10420 = ORIENTED_EDGE('',*,*,#10143,.F.);
#10421 = ORIENTED_EDGE('',*,*,#10394,.T.);
#10422 = ORIENTED_EDGE('',*,*,#9320,.F.);
#10423 = ORIENTED_EDGE('',*,*,#9933,.F.);
#10424 = PLANE('',#10425);
#10425 = AXIS2_PLACEMENT_3D('',#10426,#10427,#10428);
#10426 = CARTESIAN_POINT('',(8.95,6.,0.88));
#10427 = DIRECTION('',(0.,-1.,-3.165553788279E-16));
#10428 = DIRECTION('',(0.,3.165553788279E-16,-1.));
#10429 = ADVANCED_FACE('',(#10430),#10449,.F.);
#10430 = FACE_BOUND('',#10431,.T.);
#10431 = EDGE_LOOP('',(#10432,#10433,#10441,#10447,#10448));
#10432 = ORIENTED_EDGE('',*,*,#9128,.T.);
#10433 = ORIENTED_EDGE('',*,*,#10434,.T.);
#10434 = EDGE_CURVE('',#9121,#10435,#10437,.T.);
#10435 = VERTEX_POINT('',#10436);
#10436 = CARTESIAN_POINT('',(8.3,5.75,-0.12));
#10437 = LINE('',#10438,#10439);
#10438 = CARTESIAN_POINT('',(8.3,5.75,-0.12));
#10439 = VECTOR('',#10440,1.);
#10440 = DIRECTION('',(-0.707106781187,-0.707106781187,0.));
#10441 = ORIENTED_EDGE('',*,*,#10442,.T.);
#10442 = EDGE_CURVE('',#10435,#10261,#10443,.T.);
#10443 = LINE('',#10444,#10445);
#10444 = CARTESIAN_POINT('',(8.3,4.5,-0.12));
#10445 = VECTOR('',#10446,1.);
#10446 = DIRECTION('',(2.522858432348E-32,-1.,0.));
#10447 = ORIENTED_EDGE('',*,*,#10269,.F.);
#10448 = ORIENTED_EDGE('',*,*,#9908,.F.);
#10449 = PLANE('',#10450);
#10450 = AXIS2_PLACEMENT_3D('',#10451,#10452,#10453);
#10451 = CARTESIAN_POINT('',(8.95,4.5,-0.12));
#10452 = DIRECTION('',(0.,0.,-1.));
#10453 = DIRECTION('',(0.,-1.,0.));
#10454 = ADVANCED_FACE('',(#10455),#10466,.F.);
#10455 = FACE_BOUND('',#10456,.T.);
#10456 = EDGE_LOOP('',(#10457,#10458,#10459,#10460));
#10457 = ORIENTED_EDGE('',*,*,#10434,.F.);
#10458 = ORIENTED_EDGE('',*,*,#9120,.F.);
#10459 = ORIENTED_EDGE('',*,*,#9184,.T.);
#10460 = ORIENTED_EDGE('',*,*,#10461,.F.);
#10461 = EDGE_CURVE('',#10435,#9161,#10462,.T.);
#10462 = LINE('',#10463,#10464);
#10463 = CARTESIAN_POINT('',(8.3,5.75,-1.85));
#10464 = VECTOR('',#10465,1.);
#10465 = DIRECTION('',(-1.239088197126E-16,2.036060417813E-16,-1.));
#10466 = PLANE('',#10467);
#10467 = AXIS2_PLACEMENT_3D('',#10468,#10469,#10470);
#10468 = CARTESIAN_POINT('',(8.3,5.75,-1.85));
#10469 = DIRECTION('',(0.707106781187,-0.707106781187,
    -2.315879795017E-16));
#10470 = DIRECTION('',(2.465190328816E-32,3.275148614939E-16,-1.));
#10471 = ADVANCED_FACE('',(#10472,#10506),#10522,.F.);
#10472 = FACE_BOUND('',#10473,.T.);
#10473 = EDGE_LOOP('',(#10474,#10484,#10492,#10500));
#10474 = ORIENTED_EDGE('',*,*,#10475,.F.);
#10475 = EDGE_CURVE('',#10476,#10478,#10480,.T.);
#10476 = VERTEX_POINT('',#10477);
#10477 = CARTESIAN_POINT('',(6.75,0.2,0.8));
#10478 = VERTEX_POINT('',#10479);
#10479 = CARTESIAN_POINT('',(6.75,0.2,0.3));
#10480 = LINE('',#10481,#10482);
#10481 = CARTESIAN_POINT('',(6.75,0.2,-2.25));
#10482 = VECTOR('',#10483,1.);
#10483 = DIRECTION('',(-2.168404344971E-16,-5.877471754111E-32,-1.));
#10484 = ORIENTED_EDGE('',*,*,#10485,.F.);
#10485 = EDGE_CURVE('',#10486,#10476,#10488,.T.);
#10486 = VERTEX_POINT('',#10487);
#10487 = CARTESIAN_POINT('',(7.25,0.2,0.8));
#10488 = LINE('',#10489,#10490);
#10489 = CARTESIAN_POINT('',(6.2,0.2,0.8));
#10490 = VECTOR('',#10491,1.);
#10491 = DIRECTION('',(-1.,-2.710505431214E-16,0.));
#10492 = ORIENTED_EDGE('',*,*,#10493,.F.);
#10493 = EDGE_CURVE('',#10494,#10486,#10496,.T.);
#10494 = VERTEX_POINT('',#10495);
#10495 = CARTESIAN_POINT('',(7.25,0.2,0.3));
#10496 = LINE('',#10497,#10498);
#10497 = CARTESIAN_POINT('',(7.25,0.2,-2.25));
#10498 = VECTOR('',#10499,1.);
#10499 = DIRECTION('',(0.,0.,1.));
#10500 = ORIENTED_EDGE('',*,*,#10501,.F.);
#10501 = EDGE_CURVE('',#10478,#10494,#10502,.T.);
#10502 = LINE('',#10503,#10504);
#10503 = CARTESIAN_POINT('',(6.2,0.2,0.3));
#10504 = VECTOR('',#10505,1.);
#10505 = DIRECTION('',(1.,2.710505431214E-16,2.168404344971E-16));
#10506 = FACE_BOUND('',#10507,.T.);
#10507 = EDGE_LOOP('',(#10508,#10509,#10515,#10516));
#10508 = ORIENTED_EDGE('',*,*,#9851,.T.);
#10509 = ORIENTED_EDGE('',*,*,#10510,.F.);
#10510 = EDGE_CURVE('',#8441,#9844,#10511,.T.);
#10511 = LINE('',#10512,#10513);
#10512 = CARTESIAN_POINT('',(6.2,0.2,-2.25));
#10513 = VECTOR('',#10514,1.);
#10514 = DIRECTION('',(0.,0.,1.));
#10515 = ORIENTED_EDGE('',*,*,#8440,.F.);
#10516 = ORIENTED_EDGE('',*,*,#10517,.T.);
#10517 = EDGE_CURVE('',#8433,#9852,#10518,.T.);
#10518 = LINE('',#10519,#10520);
#10519 = CARTESIAN_POINT('',(7.8,0.2,-2.25));
#10520 = VECTOR('',#10521,1.);
#10521 = DIRECTION('',(0.,0.,1.));
#10522 = PLANE('',#10523);
#10523 = AXIS2_PLACEMENT_3D('',#10524,#10525,#10526);
#10524 = CARTESIAN_POINT('',(6.2,0.2,-2.25));
#10525 = DIRECTION('',(-2.710505431214E-16,1.,0.));
#10526 = DIRECTION('',(1.,2.710505431214E-16,0.));
#10527 = ADVANCED_FACE('',(#10528),#10539,.F.);
#10528 = FACE_BOUND('',#10529,.T.);
#10529 = EDGE_LOOP('',(#10530,#10531,#10532,#10533));
#10530 = ORIENTED_EDGE('',*,*,#9859,.T.);
#10531 = ORIENTED_EDGE('',*,*,#10517,.F.);
#10532 = ORIENTED_EDGE('',*,*,#8432,.F.);
#10533 = ORIENTED_EDGE('',*,*,#10534,.T.);
#10534 = EDGE_CURVE('',#8425,#9860,#10535,.T.);
#10535 = LINE('',#10536,#10537);
#10536 = CARTESIAN_POINT('',(7.8,-4.336808689942E-16,-2.25));
#10537 = VECTOR('',#10538,1.);
#10538 = DIRECTION('',(0.,0.,1.));
#10539 = PLANE('',#10540);
#10540 = AXIS2_PLACEMENT_3D('',#10541,#10542,#10543);
#10541 = CARTESIAN_POINT('',(7.8,0.2,-2.25));
#10542 = DIRECTION('',(1.,0.,0.));
#10543 = DIRECTION('',(-0.,1.,0.));
#10544 = ADVANCED_FACE('',(#10545),#10551,.F.);
#10545 = FACE_BOUND('',#10546,.T.);
#10546 = EDGE_LOOP('',(#10547,#10548,#10549,#10550));
#10547 = ORIENTED_EDGE('',*,*,#9867,.T.);
#10548 = ORIENTED_EDGE('',*,*,#10534,.F.);
#10549 = ORIENTED_EDGE('',*,*,#8424,.F.);
#10550 = ORIENTED_EDGE('',*,*,#9900,.F.);
#10551 = PLANE('',#10552);
#10552 = AXIS2_PLACEMENT_3D('',#10553,#10554,#10555);
#10553 = CARTESIAN_POINT('',(8.95,-4.336808689942E-16,2.25));
#10554 = DIRECTION('',(0.,1.,1.927470528863E-16));
#10555 = DIRECTION('',(0.,1.927470528863E-16,-1.));
#10556 = ADVANCED_FACE('',(#10557),#10568,.F.);
#10557 = FACE_BOUND('',#10558,.T.);
#10558 = EDGE_LOOP('',(#10559,#10560,#10566,#10567));
#10559 = ORIENTED_EDGE('',*,*,#9843,.T.);
#10560 = ORIENTED_EDGE('',*,*,#10561,.F.);
#10561 = EDGE_CURVE('',#8449,#9836,#10562,.T.);
#10562 = LINE('',#10563,#10564);
#10563 = CARTESIAN_POINT('',(6.2,-4.336808689942E-16,-2.25));
#10564 = VECTOR('',#10565,1.);
#10565 = DIRECTION('',(0.,0.,1.));
#10566 = ORIENTED_EDGE('',*,*,#8448,.F.);
#10567 = ORIENTED_EDGE('',*,*,#10510,.T.);
#10568 = PLANE('',#10569);
#10569 = AXIS2_PLACEMENT_3D('',#10570,#10571,#10572);
#10570 = CARTESIAN_POINT('',(6.2,0.2,-2.25));
#10571 = DIRECTION('',(-1.,1.355252715607E-16,0.));
#10572 = DIRECTION('',(0.,0.,1.));
#10573 = ADVANCED_FACE('',(#10574),#10585,.F.);
#10574 = FACE_BOUND('',#10575,.T.);
#10575 = EDGE_LOOP('',(#10576,#10577,#10583,#10584));
#10576 = ORIENTED_EDGE('',*,*,#9835,.T.);
#10577 = ORIENTED_EDGE('',*,*,#10578,.F.);
#10578 = EDGE_CURVE('',#8457,#9828,#10579,.T.);
#10579 = LINE('',#10580,#10581);
#10580 = CARTESIAN_POINT('',(5.8,-4.336808689942E-16,-2.25));
#10581 = VECTOR('',#10582,1.);
#10582 = DIRECTION('',(0.,0.,1.));
#10583 = ORIENTED_EDGE('',*,*,#8456,.F.);
#10584 = ORIENTED_EDGE('',*,*,#10561,.T.);
#10585 = PLANE('',#10586);
#10586 = AXIS2_PLACEMENT_3D('',#10587,#10588,#10589);
#10587 = CARTESIAN_POINT('',(0.95,-4.336808689942E-16,2.25));
#10588 = DIRECTION('',(0.,1.,1.927470528863E-16));
#10589 = DIRECTION('',(0.,1.927470528863E-16,-1.));
#10590 = ADVANCED_FACE('',(#10591),#10606,.F.);
#10591 = FACE_BOUND('',#10592,.T.);
#10592 = EDGE_LOOP('',(#10593,#10599,#10600,#10601,#10602,#10603,#10604,
    #10605));
#10593 = ORIENTED_EDGE('',*,*,#10594,.T.);
#10594 = EDGE_CURVE('',#8777,#10158,#10595,.T.);
#10595 = LINE('',#10596,#10597);
#10596 = CARTESIAN_POINT('',(8.3,1.75,1.65));
#10597 = VECTOR('',#10598,1.);
#10598 = DIRECTION('',(0.,1.,2.036060417813E-16));
#10599 = ORIENTED_EDGE('',*,*,#10183,.T.);
#10600 = ORIENTED_EDGE('',*,*,#10228,.F.);
#10601 = ORIENTED_EDGE('',*,*,#10260,.F.);
#10602 = ORIENTED_EDGE('',*,*,#10442,.F.);
#10603 = ORIENTED_EDGE('',*,*,#10461,.T.);
#10604 = ORIENTED_EDGE('',*,*,#9160,.F.);
#10605 = ORIENTED_EDGE('',*,*,#8784,.F.);
#10606 = PLANE('',#10607);
#10607 = AXIS2_PLACEMENT_3D('',#10608,#10609,#10610);
#10608 = CARTESIAN_POINT('',(8.3,1.75,-1.85));
#10609 = DIRECTION('',(1.,2.522858432348E-32,-1.239088197126E-16));
#10610 = DIRECTION('',(-1.239088197126E-16,0.,-1.));
#10611 = ADVANCED_FACE('',(#10612,#10618),#10629,.F.);
#10612 = FACE_BOUND('',#10613,.T.);
#10613 = EDGE_LOOP('',(#10614,#10615,#10616,#10617));
#10614 = ORIENTED_EDGE('',*,*,#10321,.F.);
#10615 = ORIENTED_EDGE('',*,*,#10345,.F.);
#10616 = ORIENTED_EDGE('',*,*,#10378,.F.);
#10617 = ORIENTED_EDGE('',*,*,#10283,.F.);
#10618 = FACE_BOUND('',#10619,.T.);
#10619 = EDGE_LOOP('',(#10620,#10626,#10627,#10628));
#10620 = ORIENTED_EDGE('',*,*,#10621,.F.);
#10621 = EDGE_CURVE('',#10200,#8769,#10622,.T.);
#10622 = LINE('',#10623,#10624);
#10623 = CARTESIAN_POINT('',(6.225,1.75,1.65));
#10624 = VECTOR('',#10625,1.);
#10625 = DIRECTION('',(0.,-1.,-2.036060417813E-16));
#10626 = ORIENTED_EDGE('',*,*,#10214,.T.);
#10627 = ORIENTED_EDGE('',*,*,#10594,.F.);
#10628 = ORIENTED_EDGE('',*,*,#8776,.F.);
#10629 = PLANE('',#10630);
#10630 = AXIS2_PLACEMENT_3D('',#10631,#10632,#10633);
#10631 = CARTESIAN_POINT('',(3.7,1.75,1.65));
#10632 = DIRECTION('',(1.41417674672E-16,-2.036060417813E-16,1.));
#10633 = DIRECTION('',(0.,-1.,-2.036060417813E-16));
#10634 = ADVANCED_FACE('',(#10635),#10642,.F.);
#10635 = FACE_BOUND('',#10636,.T.);
#10636 = EDGE_LOOP('',(#10637,#10638,#10639,#10640,#10641));
#10637 = ORIENTED_EDGE('',*,*,#10413,.F.);
#10638 = ORIENTED_EDGE('',*,*,#10197,.T.);
#10639 = ORIENTED_EDGE('',*,*,#10621,.T.);
#10640 = ORIENTED_EDGE('',*,*,#8768,.T.);
#10641 = ORIENTED_EDGE('',*,*,#9376,.T.);
#10642 = PLANE('',#10643);
#10643 = AXIS2_PLACEMENT_3D('',#10644,#10645,#10646);
#10644 = CARTESIAN_POINT('',(6.225,1.75,-2.623757129272));
#10645 = DIRECTION('',(1.,0.,0.));
#10646 = DIRECTION('',(-0.,1.,0.));
#10647 = ADVANCED_FACE('',(#10648),#10664,.T.);
#10648 = FACE_BOUND('',#10649,.T.);
#10649 = EDGE_LOOP('',(#10650,#10651,#10657,#10658));
#10650 = ORIENTED_EDGE('',*,*,#10493,.T.);
#10651 = ORIENTED_EDGE('',*,*,#10652,.F.);
#10652 = EDGE_CURVE('',#9021,#10486,#10653,.T.);
#10653 = LINE('',#10654,#10655);
#10654 = CARTESIAN_POINT('',(7.25,6.,0.8));
#10655 = VECTOR('',#10656,1.);
#10656 = DIRECTION('',(0.,-1.,0.));
#10657 = ORIENTED_EDGE('',*,*,#9046,.F.);
#10658 = ORIENTED_EDGE('',*,*,#10659,.T.);
#10659 = EDGE_CURVE('',#9039,#10494,#10660,.T.);
#10660 = LINE('',#10661,#10662);
#10661 = CARTESIAN_POINT('',(7.25,6.,0.3));
#10662 = VECTOR('',#10663,1.);
#10663 = DIRECTION('',(0.,-1.,0.));
#10664 = PLANE('',#10665);
#10665 = AXIS2_PLACEMENT_3D('',#10666,#10667,#10668);
#10666 = CARTESIAN_POINT('',(7.25,6.,0.8));
#10667 = DIRECTION('',(-1.,0.,0.));
#10668 = DIRECTION('',(0.,0.,1.));
#10669 = ADVANCED_FACE('',(#10670),#10681,.T.);
#10670 = FACE_BOUND('',#10671,.T.);
#10671 = EDGE_LOOP('',(#10672,#10673,#10674,#10675));
#10672 = ORIENTED_EDGE('',*,*,#10501,.T.);
#10673 = ORIENTED_EDGE('',*,*,#10659,.F.);
#10674 = ORIENTED_EDGE('',*,*,#9038,.F.);
#10675 = ORIENTED_EDGE('',*,*,#10676,.T.);
#10676 = EDGE_CURVE('',#9031,#10478,#10677,.T.);
#10677 = LINE('',#10678,#10679);
#10678 = CARTESIAN_POINT('',(6.75,6.,0.3));
#10679 = VECTOR('',#10680,1.);
#10680 = DIRECTION('',(0.,-1.,0.));
#10681 = PLANE('',#10682);
#10682 = AXIS2_PLACEMENT_3D('',#10683,#10684,#10685);
#10683 = CARTESIAN_POINT('',(7.25,6.,0.3));
#10684 = DIRECTION('',(-2.168404344971E-16,0.,1.));
#10685 = DIRECTION('',(1.,0.,2.168404344971E-16));
#10686 = ADVANCED_FACE('',(#10687),#10698,.T.);
#10687 = FACE_BOUND('',#10688,.T.);
#10688 = EDGE_LOOP('',(#10689,#10690,#10691,#10692));
#10689 = ORIENTED_EDGE('',*,*,#10475,.T.);
#10690 = ORIENTED_EDGE('',*,*,#10676,.F.);
#10691 = ORIENTED_EDGE('',*,*,#9030,.F.);
#10692 = ORIENTED_EDGE('',*,*,#10693,.T.);
#10693 = EDGE_CURVE('',#9023,#10476,#10694,.T.);
#10694 = LINE('',#10695,#10696);
#10695 = CARTESIAN_POINT('',(6.75,6.,0.8));
#10696 = VECTOR('',#10697,1.);
#10697 = DIRECTION('',(0.,-1.,0.));
#10698 = PLANE('',#10699);
#10699 = AXIS2_PLACEMENT_3D('',#10700,#10701,#10702);
#10700 = CARTESIAN_POINT('',(6.75,6.,0.8));
#10701 = DIRECTION('',(1.,0.,-2.168404344971E-16));
#10702 = DIRECTION('',(-2.168404344971E-16,0.,-1.));
#10703 = ADVANCED_FACE('',(#10704),#10710,.T.);
#10704 = FACE_BOUND('',#10705,.T.);
#10705 = EDGE_LOOP('',(#10706,#10707,#10708,#10709));
#10706 = ORIENTED_EDGE('',*,*,#10485,.T.);
#10707 = ORIENTED_EDGE('',*,*,#10693,.F.);
#10708 = ORIENTED_EDGE('',*,*,#9020,.F.);
#10709 = ORIENTED_EDGE('',*,*,#10652,.T.);
#10710 = PLANE('',#10711);
#10711 = AXIS2_PLACEMENT_3D('',#10712,#10713,#10714);
#10712 = CARTESIAN_POINT('',(7.25,6.,0.8));
#10713 = DIRECTION('',(0.,0.,-1.));
#10714 = DIRECTION('',(0.,-1.,0.));
#10715 = ADVANCED_FACE('',(#10716),#10741,.F.);
#10716 = FACE_BOUND('',#10717,.T.);
#10717 = EDGE_LOOP('',(#10718,#10726,#10727,#10735));
#10718 = ORIENTED_EDGE('',*,*,#10719,.T.);
#10719 = EDGE_CURVE('',#10720,#8851,#10722,.T.);
#10720 = VERTEX_POINT('',#10721);
#10721 = CARTESIAN_POINT('',(-2.75,0.2,0.3));
#10722 = LINE('',#10723,#10724);
#10723 = CARTESIAN_POINT('',(-2.75,-3.4,0.3));
#10724 = VECTOR('',#10725,1.);
#10725 = DIRECTION('',(3.504579431023E-32,1.,2.478176394253E-16));
#10726 = ORIENTED_EDGE('',*,*,#8850,.T.);
#10727 = ORIENTED_EDGE('',*,*,#10728,.F.);
#10728 = EDGE_CURVE('',#10729,#8853,#10731,.T.);
#10729 = VERTEX_POINT('',#10730);
#10730 = CARTESIAN_POINT('',(-3.25,0.2,0.3));
#10731 = LINE('',#10732,#10733);
#10732 = CARTESIAN_POINT('',(-3.25,-3.4,0.3));
#10733 = VECTOR('',#10734,1.);
#10734 = DIRECTION('',(3.504579431023E-32,1.,2.478176394253E-16));
#10735 = ORIENTED_EDGE('',*,*,#10736,.F.);
#10736 = EDGE_CURVE('',#10720,#10729,#10737,.T.);
#10737 = LINE('',#10738,#10739);
#10738 = CARTESIAN_POINT('',(-3.8,0.2,0.3));
#10739 = VECTOR('',#10740,1.);
#10740 = DIRECTION('',(-1.,0.,0.));
#10741 = PLANE('',#10742);
#10742 = AXIS2_PLACEMENT_3D('',#10743,#10744,#10745);
#10743 = CARTESIAN_POINT('',(-3.25,-3.4,0.3));
#10744 = DIRECTION('',(0.,2.478176394253E-16,-1.));
#10745 = DIRECTION('',(-1.,0.,0.));
#10746 = ADVANCED_FACE('',(#10747),#10765,.F.);
#10747 = FACE_BOUND('',#10748,.T.);
#10748 = EDGE_LOOP('',(#10749,#10757,#10758,#10759));
#10749 = ORIENTED_EDGE('',*,*,#10750,.T.);
#10750 = EDGE_CURVE('',#10751,#8861,#10753,.T.);
#10751 = VERTEX_POINT('',#10752);
#10752 = CARTESIAN_POINT('',(-2.75,0.2,0.8));
#10753 = LINE('',#10754,#10755);
#10754 = CARTESIAN_POINT('',(-2.75,-3.4,0.8));
#10755 = VECTOR('',#10756,1.);
#10756 = DIRECTION('',(3.504579431023E-32,1.,2.478176394253E-16));
#10757 = ORIENTED_EDGE('',*,*,#8860,.T.);
#10758 = ORIENTED_EDGE('',*,*,#10719,.F.);
#10759 = ORIENTED_EDGE('',*,*,#10760,.F.);
#10760 = EDGE_CURVE('',#10751,#10720,#10761,.T.);
#10761 = LINE('',#10762,#10763);
#10762 = CARTESIAN_POINT('',(-2.75,0.2,-2.25));
#10763 = VECTOR('',#10764,1.);
#10764 = DIRECTION('',(-1.519869053105E-47,0.,-1.));
#10765 = PLANE('',#10766);
#10766 = AXIS2_PLACEMENT_3D('',#10767,#10768,#10769);
#10767 = CARTESIAN_POINT('',(-2.75,-3.4,0.3));
#10768 = DIRECTION('',(1.,-3.504579431023E-32,-1.519869053105E-47));
#10769 = DIRECTION('',(-3.504579431023E-32,-1.,0.));
#10770 = ADVANCED_FACE('',(#10771),#10789,.F.);
#10771 = FACE_BOUND('',#10772,.T.);
#10772 = EDGE_LOOP('',(#10773,#10781,#10782,#10783));
#10773 = ORIENTED_EDGE('',*,*,#10774,.T.);
#10774 = EDGE_CURVE('',#10775,#8869,#10777,.T.);
#10775 = VERTEX_POINT('',#10776);
#10776 = CARTESIAN_POINT('',(-3.25,0.2,0.8));
#10777 = LINE('',#10778,#10779);
#10778 = CARTESIAN_POINT('',(-3.25,-3.4,0.8));
#10779 = VECTOR('',#10780,1.);
#10780 = DIRECTION('',(3.504579431023E-32,1.,2.478176394253E-16));
#10781 = ORIENTED_EDGE('',*,*,#8868,.T.);
#10782 = ORIENTED_EDGE('',*,*,#10750,.F.);
#10783 = ORIENTED_EDGE('',*,*,#10784,.F.);
#10784 = EDGE_CURVE('',#10775,#10751,#10785,.T.);
#10785 = LINE('',#10786,#10787);
#10786 = CARTESIAN_POINT('',(-3.8,0.2,0.8));
#10787 = VECTOR('',#10788,1.);
#10788 = DIRECTION('',(1.,0.,0.));
#10789 = PLANE('',#10790);
#10790 = AXIS2_PLACEMENT_3D('',#10791,#10792,#10793);
#10791 = CARTESIAN_POINT('',(-3.25,-3.4,0.8));
#10792 = DIRECTION('',(0.,-2.478176394253E-16,1.));
#10793 = DIRECTION('',(0.,-1.,-2.478176394253E-16));
#10794 = ADVANCED_FACE('',(#10795),#10806,.F.);
#10795 = FACE_BOUND('',#10796,.T.);
#10796 = EDGE_LOOP('',(#10797,#10798,#10799,#10800));
#10797 = ORIENTED_EDGE('',*,*,#10728,.T.);
#10798 = ORIENTED_EDGE('',*,*,#8876,.T.);
#10799 = ORIENTED_EDGE('',*,*,#10774,.F.);
#10800 = ORIENTED_EDGE('',*,*,#10801,.F.);
#10801 = EDGE_CURVE('',#10729,#10775,#10802,.T.);
#10802 = LINE('',#10803,#10804);
#10803 = CARTESIAN_POINT('',(-3.25,0.2,-2.25));
#10804 = VECTOR('',#10805,1.);
#10805 = DIRECTION('',(1.519869053105E-47,0.,1.));
#10806 = PLANE('',#10807);
#10807 = AXIS2_PLACEMENT_3D('',#10808,#10809,#10810);
#10808 = CARTESIAN_POINT('',(-3.25,-3.4,0.3));
#10809 = DIRECTION('',(-1.,3.504579431023E-32,1.519869053105E-47));
#10810 = DIRECTION('',(1.519869053105E-47,0.,1.));
#10811 = ADVANCED_FACE('',(#10812),#10828,.F.);
#10812 = FACE_BOUND('',#10813,.T.);
#10813 = EDGE_LOOP('',(#10814,#10815,#10821,#10822));
#10814 = ORIENTED_EDGE('',*,*,#8584,.F.);
#10815 = ORIENTED_EDGE('',*,*,#10816,.T.);
#10816 = EDGE_CURVE('',#8577,#9708,#10817,.T.);
#10817 = LINE('',#10818,#10819);
#10818 = CARTESIAN_POINT('',(-1.8,-4.336808689942E-16,-2.25));
#10819 = VECTOR('',#10820,1.);
#10820 = DIRECTION('',(0.,0.,1.));
#10821 = ORIENTED_EDGE('',*,*,#9707,.T.);
#10822 = ORIENTED_EDGE('',*,*,#10823,.F.);
#10823 = EDGE_CURVE('',#8585,#9700,#10824,.T.);
#10824 = LINE('',#10825,#10826);
#10825 = CARTESIAN_POINT('',(-2.2,-4.336808689942E-16,-2.25));
#10826 = VECTOR('',#10827,1.);
#10827 = DIRECTION('',(0.,0.,1.));
#10828 = PLANE('',#10829);
#10829 = AXIS2_PLACEMENT_3D('',#10830,#10831,#10832);
#10830 = CARTESIAN_POINT('',(-1.05,-4.336808689942E-16,2.25));
#10831 = DIRECTION('',(0.,1.,1.927470528863E-16));
#10832 = DIRECTION('',(0.,1.927470528863E-16,-1.));
#10833 = ADVANCED_FACE('',(#10834),#10845,.F.);
#10834 = FACE_BOUND('',#10835,.T.);
#10835 = EDGE_LOOP('',(#10836,#10837,#10843,#10844));
#10836 = ORIENTED_EDGE('',*,*,#9699,.T.);
#10837 = ORIENTED_EDGE('',*,*,#10838,.F.);
#10838 = EDGE_CURVE('',#8593,#9692,#10839,.T.);
#10839 = LINE('',#10840,#10841);
#10840 = CARTESIAN_POINT('',(-2.2,0.2,-2.25));
#10841 = VECTOR('',#10842,1.);
#10842 = DIRECTION('',(0.,0.,1.));
#10843 = ORIENTED_EDGE('',*,*,#8592,.F.);
#10844 = ORIENTED_EDGE('',*,*,#10823,.T.);
#10845 = PLANE('',#10846);
#10846 = AXIS2_PLACEMENT_3D('',#10847,#10848,#10849);
#10847 = CARTESIAN_POINT('',(-2.2,0.2,-2.25));
#10848 = DIRECTION('',(1.,0.,0.));
#10849 = DIRECTION('',(-0.,1.,0.));
#10850 = ADVANCED_FACE('',(#10851,#10857),#10868,.F.);
#10851 = FACE_BOUND('',#10852,.T.);
#10852 = EDGE_LOOP('',(#10853,#10854,#10855,#10856));
#10853 = ORIENTED_EDGE('',*,*,#10760,.T.);
#10854 = ORIENTED_EDGE('',*,*,#10736,.T.);
#10855 = ORIENTED_EDGE('',*,*,#10801,.T.);
#10856 = ORIENTED_EDGE('',*,*,#10784,.T.);
#10857 = FACE_BOUND('',#10858,.T.);
#10858 = EDGE_LOOP('',(#10859,#10860,#10866,#10867));
#10859 = ORIENTED_EDGE('',*,*,#9691,.T.);
#10860 = ORIENTED_EDGE('',*,*,#10861,.F.);
#10861 = EDGE_CURVE('',#8601,#9684,#10862,.T.);
#10862 = LINE('',#10863,#10864);
#10863 = CARTESIAN_POINT('',(-3.8,0.2,-2.25));
#10864 = VECTOR('',#10865,1.);
#10865 = DIRECTION('',(0.,0.,1.));
#10866 = ORIENTED_EDGE('',*,*,#8600,.F.);
#10867 = ORIENTED_EDGE('',*,*,#10838,.T.);
#10868 = PLANE('',#10869);
#10869 = AXIS2_PLACEMENT_3D('',#10870,#10871,#10872);
#10870 = CARTESIAN_POINT('',(-3.8,0.2,-2.25));
#10871 = DIRECTION('',(-0.,1.,0.));
#10872 = DIRECTION('',(1.,0.,0.));
#10873 = ADVANCED_FACE('',(#10874),#10880,.F.);
#10874 = FACE_BOUND('',#10875,.T.);
#10875 = EDGE_LOOP('',(#10876,#10877,#10878,#10879));
#10876 = ORIENTED_EDGE('',*,*,#9683,.T.);
#10877 = ORIENTED_EDGE('',*,*,#10044,.F.);
#10878 = ORIENTED_EDGE('',*,*,#8608,.F.);
#10879 = ORIENTED_EDGE('',*,*,#10861,.T.);
#10880 = PLANE('',#10881);
#10881 = AXIS2_PLACEMENT_3D('',#10882,#10883,#10884);
#10882 = CARTESIAN_POINT('',(-3.8,0.2,-2.25));
#10883 = DIRECTION('',(-1.,0.,0.));
#10884 = DIRECTION('',(0.,0.,1.));
#10885 = ADVANCED_FACE('',(#10886),#10911,.F.);
#10886 = FACE_BOUND('',#10887,.T.);
#10887 = EDGE_LOOP('',(#10888,#10896,#10897,#10905));
#10888 = ORIENTED_EDGE('',*,*,#10889,.T.);
#10889 = EDGE_CURVE('',#10890,#8885,#10892,.T.);
#10890 = VERTEX_POINT('',#10891);
#10891 = CARTESIAN_POINT('',(-0.75,0.2,0.3));
#10892 = LINE('',#10893,#10894);
#10893 = CARTESIAN_POINT('',(-0.75,-3.4,0.3));
#10894 = VECTOR('',#10895,1.);
#10895 = DIRECTION('',(3.504579431023E-32,1.,2.478176394253E-16));
#10896 = ORIENTED_EDGE('',*,*,#8884,.T.);
#10897 = ORIENTED_EDGE('',*,*,#10898,.F.);
#10898 = EDGE_CURVE('',#10899,#8887,#10901,.T.);
#10899 = VERTEX_POINT('',#10900);
#10900 = CARTESIAN_POINT('',(-1.25,0.2,0.3));
#10901 = LINE('',#10902,#10903);
#10902 = CARTESIAN_POINT('',(-1.25,-3.4,0.3));
#10903 = VECTOR('',#10904,1.);
#10904 = DIRECTION('',(3.504579431023E-32,1.,2.478176394253E-16));
#10905 = ORIENTED_EDGE('',*,*,#10906,.F.);
#10906 = EDGE_CURVE('',#10890,#10899,#10907,.T.);
#10907 = LINE('',#10908,#10909);
#10908 = CARTESIAN_POINT('',(-1.8,0.2,0.3));
#10909 = VECTOR('',#10910,1.);
#10910 = DIRECTION('',(-1.,0.,0.));
#10911 = PLANE('',#10912);
#10912 = AXIS2_PLACEMENT_3D('',#10913,#10914,#10915);
#10913 = CARTESIAN_POINT('',(-1.25,-3.4,0.3));
#10914 = DIRECTION('',(0.,2.478176394253E-16,-1.));
#10915 = DIRECTION('',(-1.,0.,0.));
#10916 = ADVANCED_FACE('',(#10917),#10935,.F.);
#10917 = FACE_BOUND('',#10918,.T.);
#10918 = EDGE_LOOP('',(#10919,#10927,#10928,#10929));
#10919 = ORIENTED_EDGE('',*,*,#10920,.T.);
#10920 = EDGE_CURVE('',#10921,#8895,#10923,.T.);
#10921 = VERTEX_POINT('',#10922);
#10922 = CARTESIAN_POINT('',(-0.75,0.2,0.8));
#10923 = LINE('',#10924,#10925);
#10924 = CARTESIAN_POINT('',(-0.75,-3.4,0.8));
#10925 = VECTOR('',#10926,1.);
#10926 = DIRECTION('',(3.504579431023E-32,1.,2.478176394253E-16));
#10927 = ORIENTED_EDGE('',*,*,#8894,.T.);
#10928 = ORIENTED_EDGE('',*,*,#10889,.F.);
#10929 = ORIENTED_EDGE('',*,*,#10930,.F.);
#10930 = EDGE_CURVE('',#10921,#10890,#10931,.T.);
#10931 = LINE('',#10932,#10933);
#10932 = CARTESIAN_POINT('',(-0.75,0.2,-2.25));
#10933 = VECTOR('',#10934,1.);
#10934 = DIRECTION('',(-1.519869053105E-47,0.,-1.));
#10935 = PLANE('',#10936);
#10936 = AXIS2_PLACEMENT_3D('',#10937,#10938,#10939);
#10937 = CARTESIAN_POINT('',(-0.75,-3.4,0.3));
#10938 = DIRECTION('',(1.,-3.504579431023E-32,-1.519869053105E-47));
#10939 = DIRECTION('',(-3.504579431023E-32,-1.,0.));
#10940 = ADVANCED_FACE('',(#10941),#10959,.F.);
#10941 = FACE_BOUND('',#10942,.T.);
#10942 = EDGE_LOOP('',(#10943,#10951,#10952,#10953));
#10943 = ORIENTED_EDGE('',*,*,#10944,.T.);
#10944 = EDGE_CURVE('',#10945,#8903,#10947,.T.);
#10945 = VERTEX_POINT('',#10946);
#10946 = CARTESIAN_POINT('',(-1.25,0.2,0.8));
#10947 = LINE('',#10948,#10949);
#10948 = CARTESIAN_POINT('',(-1.25,-3.4,0.8));
#10949 = VECTOR('',#10950,1.);
#10950 = DIRECTION('',(3.504579431023E-32,1.,2.478176394253E-16));
#10951 = ORIENTED_EDGE('',*,*,#8902,.T.);
#10952 = ORIENTED_EDGE('',*,*,#10920,.F.);
#10953 = ORIENTED_EDGE('',*,*,#10954,.F.);
#10954 = EDGE_CURVE('',#10945,#10921,#10955,.T.);
#10955 = LINE('',#10956,#10957);
#10956 = CARTESIAN_POINT('',(-1.8,0.2,0.8));
#10957 = VECTOR('',#10958,1.);
#10958 = DIRECTION('',(1.,0.,0.));
#10959 = PLANE('',#10960);
#10960 = AXIS2_PLACEMENT_3D('',#10961,#10962,#10963);
#10961 = CARTESIAN_POINT('',(-1.25,-3.4,0.8));
#10962 = DIRECTION('',(0.,-2.478176394253E-16,1.));
#10963 = DIRECTION('',(0.,-1.,-2.478176394253E-16));
#10964 = ADVANCED_FACE('',(#10965),#10976,.F.);
#10965 = FACE_BOUND('',#10966,.T.);
#10966 = EDGE_LOOP('',(#10967,#10968,#10969,#10970));
#10967 = ORIENTED_EDGE('',*,*,#10898,.T.);
#10968 = ORIENTED_EDGE('',*,*,#8910,.T.);
#10969 = ORIENTED_EDGE('',*,*,#10944,.F.);
#10970 = ORIENTED_EDGE('',*,*,#10971,.F.);
#10971 = EDGE_CURVE('',#10899,#10945,#10972,.T.);
#10972 = LINE('',#10973,#10974);
#10973 = CARTESIAN_POINT('',(-1.25,0.2,-2.25));
#10974 = VECTOR('',#10975,1.);
#10975 = DIRECTION('',(1.519869053105E-47,0.,1.));
#10976 = PLANE('',#10977);
#10977 = AXIS2_PLACEMENT_3D('',#10978,#10979,#10980);
#10978 = CARTESIAN_POINT('',(-1.25,-3.4,0.3));
#10979 = DIRECTION('',(-1.,3.504579431023E-32,1.519869053105E-47));
#10980 = DIRECTION('',(1.519869053105E-47,0.,1.));
#10981 = ADVANCED_FACE('',(#10982),#10998,.F.);
#10982 = FACE_BOUND('',#10983,.T.);
#10983 = EDGE_LOOP('',(#10984,#10985,#10991,#10992));
#10984 = ORIENTED_EDGE('',*,*,#8552,.F.);
#10985 = ORIENTED_EDGE('',*,*,#10986,.T.);
#10986 = EDGE_CURVE('',#8545,#9740,#10987,.T.);
#10987 = LINE('',#10988,#10989);
#10988 = CARTESIAN_POINT('',(0.2,-4.336808689942E-16,-2.25));
#10989 = VECTOR('',#10990,1.);
#10990 = DIRECTION('',(0.,0.,1.));
#10991 = ORIENTED_EDGE('',*,*,#9739,.T.);
#10992 = ORIENTED_EDGE('',*,*,#10993,.F.);
#10993 = EDGE_CURVE('',#8553,#9732,#10994,.T.);
#10994 = LINE('',#10995,#10996);
#10995 = CARTESIAN_POINT('',(-0.2,-4.336808689942E-16,-2.25));
#10996 = VECTOR('',#10997,1.);
#10997 = DIRECTION('',(0.,0.,1.));
#10998 = PLANE('',#10999);
#10999 = AXIS2_PLACEMENT_3D('',#11000,#11001,#11002);
#11000 = CARTESIAN_POINT('',(0.95,-4.336808689942E-16,2.25));
#11001 = DIRECTION('',(0.,1.,1.927470528863E-16));
#11002 = DIRECTION('',(0.,1.927470528863E-16,-1.));
#11003 = ADVANCED_FACE('',(#11004),#11015,.F.);
#11004 = FACE_BOUND('',#11005,.T.);
#11005 = EDGE_LOOP('',(#11006,#11007,#11013,#11014));
#11006 = ORIENTED_EDGE('',*,*,#9731,.T.);
#11007 = ORIENTED_EDGE('',*,*,#11008,.F.);
#11008 = EDGE_CURVE('',#8561,#9724,#11009,.T.);
#11009 = LINE('',#11010,#11011);
#11010 = CARTESIAN_POINT('',(-0.2,0.2,-2.25));
#11011 = VECTOR('',#11012,1.);
#11012 = DIRECTION('',(0.,0.,1.));
#11013 = ORIENTED_EDGE('',*,*,#8560,.F.);
#11014 = ORIENTED_EDGE('',*,*,#10993,.T.);
#11015 = PLANE('',#11016);
#11016 = AXIS2_PLACEMENT_3D('',#11017,#11018,#11019);
#11017 = CARTESIAN_POINT('',(-0.2,0.2,-2.25));
#11018 = DIRECTION('',(1.,0.,0.));
#11019 = DIRECTION('',(-0.,1.,0.));
#11020 = ADVANCED_FACE('',(#11021,#11027),#11038,.F.);
#11021 = FACE_BOUND('',#11022,.T.);
#11022 = EDGE_LOOP('',(#11023,#11024,#11025,#11026));
#11023 = ORIENTED_EDGE('',*,*,#10930,.T.);
#11024 = ORIENTED_EDGE('',*,*,#10906,.T.);
#11025 = ORIENTED_EDGE('',*,*,#10971,.T.);
#11026 = ORIENTED_EDGE('',*,*,#10954,.T.);
#11027 = FACE_BOUND('',#11028,.T.);
#11028 = EDGE_LOOP('',(#11029,#11030,#11036,#11037));
#11029 = ORIENTED_EDGE('',*,*,#9723,.T.);
#11030 = ORIENTED_EDGE('',*,*,#11031,.F.);
#11031 = EDGE_CURVE('',#8569,#9716,#11032,.T.);
#11032 = LINE('',#11033,#11034);
#11033 = CARTESIAN_POINT('',(-1.8,0.2,-2.25));
#11034 = VECTOR('',#11035,1.);
#11035 = DIRECTION('',(0.,0.,1.));
#11036 = ORIENTED_EDGE('',*,*,#8568,.F.);
#11037 = ORIENTED_EDGE('',*,*,#11008,.T.);
#11038 = PLANE('',#11039);
#11039 = AXIS2_PLACEMENT_3D('',#11040,#11041,#11042);
#11040 = CARTESIAN_POINT('',(-1.8,0.2,-2.25));
#11041 = DIRECTION('',(-0.,1.,0.));
#11042 = DIRECTION('',(1.,0.,0.));
#11043 = ADVANCED_FACE('',(#11044),#11050,.F.);
#11044 = FACE_BOUND('',#11045,.T.);
#11045 = EDGE_LOOP('',(#11046,#11047,#11048,#11049));
#11046 = ORIENTED_EDGE('',*,*,#9715,.T.);
#11047 = ORIENTED_EDGE('',*,*,#10816,.F.);
#11048 = ORIENTED_EDGE('',*,*,#8576,.F.);
#11049 = ORIENTED_EDGE('',*,*,#11031,.T.);
#11050 = PLANE('',#11051);
#11051 = AXIS2_PLACEMENT_3D('',#11052,#11053,#11054);
#11052 = CARTESIAN_POINT('',(-1.8,0.2,-2.25));
#11053 = DIRECTION('',(-1.,0.,0.));
#11054 = DIRECTION('',(0.,0.,1.));
#11055 = ADVANCED_FACE('',(#11056),#11081,.F.);
#11056 = FACE_BOUND('',#11057,.T.);
#11057 = EDGE_LOOP('',(#11058,#11066,#11067,#11075));
#11058 = ORIENTED_EDGE('',*,*,#11059,.T.);
#11059 = EDGE_CURVE('',#11060,#8919,#11062,.T.);
#11060 = VERTEX_POINT('',#11061);
#11061 = CARTESIAN_POINT('',(1.25,0.2,0.3));
#11062 = LINE('',#11063,#11064);
#11063 = CARTESIAN_POINT('',(1.25,-3.4,0.3));
#11064 = VECTOR('',#11065,1.);
#11065 = DIRECTION('',(3.504579431023E-32,1.,2.478176394253E-16));
#11066 = ORIENTED_EDGE('',*,*,#8918,.T.);
#11067 = ORIENTED_EDGE('',*,*,#11068,.F.);
#11068 = EDGE_CURVE('',#11069,#8921,#11071,.T.);
#11069 = VERTEX_POINT('',#11070);
#11070 = CARTESIAN_POINT('',(0.75,0.2,0.3));
#11071 = LINE('',#11072,#11073);
#11072 = CARTESIAN_POINT('',(0.75,-3.4,0.3));
#11073 = VECTOR('',#11074,1.);
#11074 = DIRECTION('',(3.504579431023E-32,1.,2.478176394253E-16));
#11075 = ORIENTED_EDGE('',*,*,#11076,.F.);
#11076 = EDGE_CURVE('',#11060,#11069,#11077,.T.);
#11077 = LINE('',#11078,#11079);
#11078 = CARTESIAN_POINT('',(0.2,0.2,0.3));
#11079 = VECTOR('',#11080,1.);
#11080 = DIRECTION('',(-1.,0.,0.));
#11081 = PLANE('',#11082);
#11082 = AXIS2_PLACEMENT_3D('',#11083,#11084,#11085);
#11083 = CARTESIAN_POINT('',(0.75,-3.4,0.3));
#11084 = DIRECTION('',(0.,2.478176394253E-16,-1.));
#11085 = DIRECTION('',(-1.,0.,0.));
#11086 = ADVANCED_FACE('',(#11087),#11105,.F.);
#11087 = FACE_BOUND('',#11088,.T.);
#11088 = EDGE_LOOP('',(#11089,#11097,#11098,#11099));
#11089 = ORIENTED_EDGE('',*,*,#11090,.T.);
#11090 = EDGE_CURVE('',#11091,#8929,#11093,.T.);
#11091 = VERTEX_POINT('',#11092);
#11092 = CARTESIAN_POINT('',(1.25,0.2,0.8));
#11093 = LINE('',#11094,#11095);
#11094 = CARTESIAN_POINT('',(1.25,-3.4,0.8));
#11095 = VECTOR('',#11096,1.);
#11096 = DIRECTION('',(3.504579431023E-32,1.,2.478176394253E-16));
#11097 = ORIENTED_EDGE('',*,*,#8928,.T.);
#11098 = ORIENTED_EDGE('',*,*,#11059,.F.);
#11099 = ORIENTED_EDGE('',*,*,#11100,.F.);
#11100 = EDGE_CURVE('',#11091,#11060,#11101,.T.);
#11101 = LINE('',#11102,#11103);
#11102 = CARTESIAN_POINT('',(1.25,0.2,-2.25));
#11103 = VECTOR('',#11104,1.);
#11104 = DIRECTION('',(-1.519869053105E-47,0.,-1.));
#11105 = PLANE('',#11106);
#11106 = AXIS2_PLACEMENT_3D('',#11107,#11108,#11109);
#11107 = CARTESIAN_POINT('',(1.25,-3.4,0.3));
#11108 = DIRECTION('',(1.,-3.504579431023E-32,-1.519869053105E-47));
#11109 = DIRECTION('',(-3.504579431023E-32,-1.,0.));
#11110 = ADVANCED_FACE('',(#11111),#11129,.F.);
#11111 = FACE_BOUND('',#11112,.T.);
#11112 = EDGE_LOOP('',(#11113,#11121,#11122,#11123));
#11113 = ORIENTED_EDGE('',*,*,#11114,.T.);
#11114 = EDGE_CURVE('',#11115,#8937,#11117,.T.);
#11115 = VERTEX_POINT('',#11116);
#11116 = CARTESIAN_POINT('',(0.75,0.2,0.8));
#11117 = LINE('',#11118,#11119);
#11118 = CARTESIAN_POINT('',(0.75,-3.4,0.8));
#11119 = VECTOR('',#11120,1.);
#11120 = DIRECTION('',(3.504579431023E-32,1.,2.478176394253E-16));
#11121 = ORIENTED_EDGE('',*,*,#8936,.T.);
#11122 = ORIENTED_EDGE('',*,*,#11090,.F.);
#11123 = ORIENTED_EDGE('',*,*,#11124,.F.);
#11124 = EDGE_CURVE('',#11115,#11091,#11125,.T.);
#11125 = LINE('',#11126,#11127);
#11126 = CARTESIAN_POINT('',(0.2,0.2,0.8));
#11127 = VECTOR('',#11128,1.);
#11128 = DIRECTION('',(1.,0.,0.));
#11129 = PLANE('',#11130);
#11130 = AXIS2_PLACEMENT_3D('',#11131,#11132,#11133);
#11131 = CARTESIAN_POINT('',(0.75,-3.4,0.8));
#11132 = DIRECTION('',(0.,-2.478176394253E-16,1.));
#11133 = DIRECTION('',(0.,-1.,-2.478176394253E-16));
#11134 = ADVANCED_FACE('',(#11135),#11146,.F.);
#11135 = FACE_BOUND('',#11136,.T.);
#11136 = EDGE_LOOP('',(#11137,#11138,#11139,#11140));
#11137 = ORIENTED_EDGE('',*,*,#11068,.T.);
#11138 = ORIENTED_EDGE('',*,*,#8944,.T.);
#11139 = ORIENTED_EDGE('',*,*,#11114,.F.);
#11140 = ORIENTED_EDGE('',*,*,#11141,.F.);
#11141 = EDGE_CURVE('',#11069,#11115,#11142,.T.);
#11142 = LINE('',#11143,#11144);
#11143 = CARTESIAN_POINT('',(0.75,0.2,-2.25));
#11144 = VECTOR('',#11145,1.);
#11145 = DIRECTION('',(1.519869053105E-47,0.,1.));
#11146 = PLANE('',#11147);
#11147 = AXIS2_PLACEMENT_3D('',#11148,#11149,#11150);
#11148 = CARTESIAN_POINT('',(0.75,-3.4,0.3));
#11149 = DIRECTION('',(-1.,3.504579431023E-32,1.519869053105E-47));
#11150 = DIRECTION('',(1.519869053105E-47,0.,1.));
#11151 = ADVANCED_FACE('',(#11152),#11168,.F.);
#11152 = FACE_BOUND('',#11153,.T.);
#11153 = EDGE_LOOP('',(#11154,#11155,#11161,#11162));
#11154 = ORIENTED_EDGE('',*,*,#8520,.F.);
#11155 = ORIENTED_EDGE('',*,*,#11156,.T.);
#11156 = EDGE_CURVE('',#8513,#9772,#11157,.T.);
#11157 = LINE('',#11158,#11159);
#11158 = CARTESIAN_POINT('',(2.2,-4.336808689942E-16,-2.25));
#11159 = VECTOR('',#11160,1.);
#11160 = DIRECTION('',(0.,0.,1.));
#11161 = ORIENTED_EDGE('',*,*,#9771,.T.);
#11162 = ORIENTED_EDGE('',*,*,#11163,.F.);
#11163 = EDGE_CURVE('',#8521,#9764,#11164,.T.);
#11164 = LINE('',#11165,#11166);
#11165 = CARTESIAN_POINT('',(1.8,-4.336808689942E-16,-2.25));
#11166 = VECTOR('',#11167,1.);
#11167 = DIRECTION('',(0.,0.,1.));
#11168 = PLANE('',#11169);
#11169 = AXIS2_PLACEMENT_3D('',#11170,#11171,#11172);
#11170 = CARTESIAN_POINT('',(2.95,-4.336808689942E-16,2.25));
#11171 = DIRECTION('',(0.,1.,1.927470528863E-16));
#11172 = DIRECTION('',(0.,1.927470528863E-16,-1.));
#11173 = ADVANCED_FACE('',(#11174),#11185,.F.);
#11174 = FACE_BOUND('',#11175,.T.);
#11175 = EDGE_LOOP('',(#11176,#11177,#11183,#11184));
#11176 = ORIENTED_EDGE('',*,*,#9763,.T.);
#11177 = ORIENTED_EDGE('',*,*,#11178,.F.);
#11178 = EDGE_CURVE('',#8529,#9756,#11179,.T.);
#11179 = LINE('',#11180,#11181);
#11180 = CARTESIAN_POINT('',(1.8,0.2,-2.25));
#11181 = VECTOR('',#11182,1.);
#11182 = DIRECTION('',(0.,0.,1.));
#11183 = ORIENTED_EDGE('',*,*,#8528,.F.);
#11184 = ORIENTED_EDGE('',*,*,#11163,.T.);
#11185 = PLANE('',#11186);
#11186 = AXIS2_PLACEMENT_3D('',#11187,#11188,#11189);
#11187 = CARTESIAN_POINT('',(1.8,0.2,-2.25));
#11188 = DIRECTION('',(1.,0.,0.));
#11189 = DIRECTION('',(-0.,1.,0.));
#11190 = ADVANCED_FACE('',(#11191,#11197),#11208,.F.);
#11191 = FACE_BOUND('',#11192,.T.);
#11192 = EDGE_LOOP('',(#11193,#11194,#11195,#11196));
#11193 = ORIENTED_EDGE('',*,*,#11100,.T.);
#11194 = ORIENTED_EDGE('',*,*,#11076,.T.);
#11195 = ORIENTED_EDGE('',*,*,#11141,.T.);
#11196 = ORIENTED_EDGE('',*,*,#11124,.T.);
#11197 = FACE_BOUND('',#11198,.T.);
#11198 = EDGE_LOOP('',(#11199,#11200,#11206,#11207));
#11199 = ORIENTED_EDGE('',*,*,#9755,.T.);
#11200 = ORIENTED_EDGE('',*,*,#11201,.F.);
#11201 = EDGE_CURVE('',#8537,#9748,#11202,.T.);
#11202 = LINE('',#11203,#11204);
#11203 = CARTESIAN_POINT('',(0.2,0.2,-2.25));
#11204 = VECTOR('',#11205,1.);
#11205 = DIRECTION('',(0.,0.,1.));
#11206 = ORIENTED_EDGE('',*,*,#8536,.F.);
#11207 = ORIENTED_EDGE('',*,*,#11178,.T.);
#11208 = PLANE('',#11209);
#11209 = AXIS2_PLACEMENT_3D('',#11210,#11211,#11212);
#11210 = CARTESIAN_POINT('',(0.2,0.2,-2.25));
#11211 = DIRECTION('',(-0.,1.,0.));
#11212 = DIRECTION('',(1.,0.,0.));
#11213 = ADVANCED_FACE('',(#11214),#11220,.F.);
#11214 = FACE_BOUND('',#11215,.T.);
#11215 = EDGE_LOOP('',(#11216,#11217,#11218,#11219));
#11216 = ORIENTED_EDGE('',*,*,#9747,.T.);
#11217 = ORIENTED_EDGE('',*,*,#10986,.F.);
#11218 = ORIENTED_EDGE('',*,*,#8544,.F.);
#11219 = ORIENTED_EDGE('',*,*,#11201,.T.);
#11220 = PLANE('',#11221);
#11221 = AXIS2_PLACEMENT_3D('',#11222,#11223,#11224);
#11222 = CARTESIAN_POINT('',(0.2,0.2,-2.25));
#11223 = DIRECTION('',(-1.,0.,0.));
#11224 = DIRECTION('',(0.,0.,1.));
#11225 = ADVANCED_FACE('',(#11226),#11251,.F.);
#11226 = FACE_BOUND('',#11227,.T.);
#11227 = EDGE_LOOP('',(#11228,#11236,#11237,#11245));
#11228 = ORIENTED_EDGE('',*,*,#11229,.T.);
#11229 = EDGE_CURVE('',#11230,#8953,#11232,.T.);
#11230 = VERTEX_POINT('',#11231);
#11231 = CARTESIAN_POINT('',(3.25,0.2,0.3));
#11232 = LINE('',#11233,#11234);
#11233 = CARTESIAN_POINT('',(3.25,-3.4,0.3));
#11234 = VECTOR('',#11235,1.);
#11235 = DIRECTION('',(3.504579431023E-32,1.,2.478176394253E-16));
#11236 = ORIENTED_EDGE('',*,*,#8952,.T.);
#11237 = ORIENTED_EDGE('',*,*,#11238,.F.);
#11238 = EDGE_CURVE('',#11239,#8955,#11241,.T.);
#11239 = VERTEX_POINT('',#11240);
#11240 = CARTESIAN_POINT('',(2.75,0.2,0.3));
#11241 = LINE('',#11242,#11243);
#11242 = CARTESIAN_POINT('',(2.75,-3.4,0.3));
#11243 = VECTOR('',#11244,1.);
#11244 = DIRECTION('',(3.504579431023E-32,1.,2.478176394253E-16));
#11245 = ORIENTED_EDGE('',*,*,#11246,.F.);
#11246 = EDGE_CURVE('',#11230,#11239,#11247,.T.);
#11247 = LINE('',#11248,#11249);
#11248 = CARTESIAN_POINT('',(2.2,0.2,0.3));
#11249 = VECTOR('',#11250,1.);
#11250 = DIRECTION('',(-1.,0.,0.));
#11251 = PLANE('',#11252);
#11252 = AXIS2_PLACEMENT_3D('',#11253,#11254,#11255);
#11253 = CARTESIAN_POINT('',(2.75,-3.4,0.3));
#11254 = DIRECTION('',(0.,2.478176394253E-16,-1.));
#11255 = DIRECTION('',(-1.,0.,0.));
#11256 = ADVANCED_FACE('',(#11257),#11275,.F.);
#11257 = FACE_BOUND('',#11258,.T.);
#11258 = EDGE_LOOP('',(#11259,#11267,#11268,#11269));
#11259 = ORIENTED_EDGE('',*,*,#11260,.T.);
#11260 = EDGE_CURVE('',#11261,#8963,#11263,.T.);
#11261 = VERTEX_POINT('',#11262);
#11262 = CARTESIAN_POINT('',(3.25,0.2,0.8));
#11263 = LINE('',#11264,#11265);
#11264 = CARTESIAN_POINT('',(3.25,-3.4,0.8));
#11265 = VECTOR('',#11266,1.);
#11266 = DIRECTION('',(3.504579431023E-32,1.,2.478176394253E-16));
#11267 = ORIENTED_EDGE('',*,*,#8962,.T.);
#11268 = ORIENTED_EDGE('',*,*,#11229,.F.);
#11269 = ORIENTED_EDGE('',*,*,#11270,.F.);
#11270 = EDGE_CURVE('',#11261,#11230,#11271,.T.);
#11271 = LINE('',#11272,#11273);
#11272 = CARTESIAN_POINT('',(3.25,0.2,-2.25));
#11273 = VECTOR('',#11274,1.);
#11274 = DIRECTION('',(-1.519869053105E-47,0.,-1.));
#11275 = PLANE('',#11276);
#11276 = AXIS2_PLACEMENT_3D('',#11277,#11278,#11279);
#11277 = CARTESIAN_POINT('',(3.25,-3.4,0.3));
#11278 = DIRECTION('',(1.,-3.504579431023E-32,-1.519869053105E-47));
#11279 = DIRECTION('',(-3.504579431023E-32,-1.,0.));
#11280 = ADVANCED_FACE('',(#11281),#11299,.F.);
#11281 = FACE_BOUND('',#11282,.T.);
#11282 = EDGE_LOOP('',(#11283,#11291,#11292,#11293));
#11283 = ORIENTED_EDGE('',*,*,#11284,.T.);
#11284 = EDGE_CURVE('',#11285,#8971,#11287,.T.);
#11285 = VERTEX_POINT('',#11286);
#11286 = CARTESIAN_POINT('',(2.75,0.2,0.8));
#11287 = LINE('',#11288,#11289);
#11288 = CARTESIAN_POINT('',(2.75,-3.4,0.8));
#11289 = VECTOR('',#11290,1.);
#11290 = DIRECTION('',(3.504579431023E-32,1.,2.478176394253E-16));
#11291 = ORIENTED_EDGE('',*,*,#8970,.T.);
#11292 = ORIENTED_EDGE('',*,*,#11260,.F.);
#11293 = ORIENTED_EDGE('',*,*,#11294,.F.);
#11294 = EDGE_CURVE('',#11285,#11261,#11295,.T.);
#11295 = LINE('',#11296,#11297);
#11296 = CARTESIAN_POINT('',(2.2,0.2,0.8));
#11297 = VECTOR('',#11298,1.);
#11298 = DIRECTION('',(1.,0.,0.));
#11299 = PLANE('',#11300);
#11300 = AXIS2_PLACEMENT_3D('',#11301,#11302,#11303);
#11301 = CARTESIAN_POINT('',(2.75,-3.4,0.8));
#11302 = DIRECTION('',(0.,-2.478176394253E-16,1.));
#11303 = DIRECTION('',(0.,-1.,-2.478176394253E-16));
#11304 = ADVANCED_FACE('',(#11305),#11316,.F.);
#11305 = FACE_BOUND('',#11306,.T.);
#11306 = EDGE_LOOP('',(#11307,#11308,#11309,#11310));
#11307 = ORIENTED_EDGE('',*,*,#11238,.T.);
#11308 = ORIENTED_EDGE('',*,*,#8978,.T.);
#11309 = ORIENTED_EDGE('',*,*,#11284,.F.);
#11310 = ORIENTED_EDGE('',*,*,#11311,.F.);
#11311 = EDGE_CURVE('',#11239,#11285,#11312,.T.);
#11312 = LINE('',#11313,#11314);
#11313 = CARTESIAN_POINT('',(2.75,0.2,-2.25));
#11314 = VECTOR('',#11315,1.);
#11315 = DIRECTION('',(1.519869053105E-47,0.,1.));
#11316 = PLANE('',#11317);
#11317 = AXIS2_PLACEMENT_3D('',#11318,#11319,#11320);
#11318 = CARTESIAN_POINT('',(2.75,-3.4,0.3));
#11319 = DIRECTION('',(-1.,3.504579431023E-32,1.519869053105E-47));
#11320 = DIRECTION('',(1.519869053105E-47,0.,1.));
#11321 = ADVANCED_FACE('',(#11322),#11338,.F.);
#11322 = FACE_BOUND('',#11323,.T.);
#11323 = EDGE_LOOP('',(#11324,#11325,#11331,#11332));
#11324 = ORIENTED_EDGE('',*,*,#8488,.F.);
#11325 = ORIENTED_EDGE('',*,*,#11326,.T.);
#11326 = EDGE_CURVE('',#8481,#9804,#11327,.T.);
#11327 = LINE('',#11328,#11329);
#11328 = CARTESIAN_POINT('',(4.2,-4.336808689942E-16,-2.25));
#11329 = VECTOR('',#11330,1.);
#11330 = DIRECTION('',(0.,0.,1.));
#11331 = ORIENTED_EDGE('',*,*,#9803,.T.);
#11332 = ORIENTED_EDGE('',*,*,#11333,.F.);
#11333 = EDGE_CURVE('',#8489,#9796,#11334,.T.);
#11334 = LINE('',#11335,#11336);
#11335 = CARTESIAN_POINT('',(3.8,-4.336808689942E-16,-2.25));
#11336 = VECTOR('',#11337,1.);
#11337 = DIRECTION('',(0.,0.,1.));
#11338 = PLANE('',#11339);
#11339 = AXIS2_PLACEMENT_3D('',#11340,#11341,#11342);
#11340 = CARTESIAN_POINT('',(4.95,-4.336808689942E-16,2.25));
#11341 = DIRECTION('',(0.,1.,1.927470528863E-16));
#11342 = DIRECTION('',(0.,1.927470528863E-16,-1.));
#11343 = ADVANCED_FACE('',(#11344),#11355,.F.);
#11344 = FACE_BOUND('',#11345,.T.);
#11345 = EDGE_LOOP('',(#11346,#11347,#11353,#11354));
#11346 = ORIENTED_EDGE('',*,*,#9795,.T.);
#11347 = ORIENTED_EDGE('',*,*,#11348,.F.);
#11348 = EDGE_CURVE('',#8497,#9788,#11349,.T.);
#11349 = LINE('',#11350,#11351);
#11350 = CARTESIAN_POINT('',(3.8,0.2,-2.25));
#11351 = VECTOR('',#11352,1.);
#11352 = DIRECTION('',(0.,0.,1.));
#11353 = ORIENTED_EDGE('',*,*,#8496,.F.);
#11354 = ORIENTED_EDGE('',*,*,#11333,.T.);
#11355 = PLANE('',#11356);
#11356 = AXIS2_PLACEMENT_3D('',#11357,#11358,#11359);
#11357 = CARTESIAN_POINT('',(3.8,0.2,-2.25));
#11358 = DIRECTION('',(1.,0.,0.));
#11359 = DIRECTION('',(-0.,1.,0.));
#11360 = ADVANCED_FACE('',(#11361,#11367),#11378,.F.);
#11361 = FACE_BOUND('',#11362,.T.);
#11362 = EDGE_LOOP('',(#11363,#11364,#11365,#11366));
#11363 = ORIENTED_EDGE('',*,*,#11270,.T.);
#11364 = ORIENTED_EDGE('',*,*,#11246,.T.);
#11365 = ORIENTED_EDGE('',*,*,#11311,.T.);
#11366 = ORIENTED_EDGE('',*,*,#11294,.T.);
#11367 = FACE_BOUND('',#11368,.T.);
#11368 = EDGE_LOOP('',(#11369,#11370,#11376,#11377));
#11369 = ORIENTED_EDGE('',*,*,#9787,.T.);
#11370 = ORIENTED_EDGE('',*,*,#11371,.F.);
#11371 = EDGE_CURVE('',#8505,#9780,#11372,.T.);
#11372 = LINE('',#11373,#11374);
#11373 = CARTESIAN_POINT('',(2.2,0.2,-2.25));
#11374 = VECTOR('',#11375,1.);
#11375 = DIRECTION('',(0.,0.,1.));
#11376 = ORIENTED_EDGE('',*,*,#8504,.F.);
#11377 = ORIENTED_EDGE('',*,*,#11348,.T.);
#11378 = PLANE('',#11379);
#11379 = AXIS2_PLACEMENT_3D('',#11380,#11381,#11382);
#11380 = CARTESIAN_POINT('',(2.2,0.2,-2.25));
#11381 = DIRECTION('',(-0.,1.,0.));
#11382 = DIRECTION('',(1.,0.,0.));
#11383 = ADVANCED_FACE('',(#11384),#11390,.F.);
#11384 = FACE_BOUND('',#11385,.T.);
#11385 = EDGE_LOOP('',(#11386,#11387,#11388,#11389));
#11386 = ORIENTED_EDGE('',*,*,#9779,.T.);
#11387 = ORIENTED_EDGE('',*,*,#11156,.F.);
#11388 = ORIENTED_EDGE('',*,*,#8512,.F.);
#11389 = ORIENTED_EDGE('',*,*,#11371,.T.);
#11390 = PLANE('',#11391);
#11391 = AXIS2_PLACEMENT_3D('',#11392,#11393,#11394);
#11392 = CARTESIAN_POINT('',(2.2,0.2,-2.25));
#11393 = DIRECTION('',(-1.,0.,0.));
#11394 = DIRECTION('',(0.,0.,1.));
#11395 = ADVANCED_FACE('',(#11396),#11421,.F.);
#11396 = FACE_BOUND('',#11397,.T.);
#11397 = EDGE_LOOP('',(#11398,#11406,#11407,#11415));
#11398 = ORIENTED_EDGE('',*,*,#11399,.T.);
#11399 = EDGE_CURVE('',#11400,#8987,#11402,.T.);
#11400 = VERTEX_POINT('',#11401);
#11401 = CARTESIAN_POINT('',(5.25,0.2,0.3));
#11402 = LINE('',#11403,#11404);
#11403 = CARTESIAN_POINT('',(5.25,-3.4,0.3));
#11404 = VECTOR('',#11405,1.);
#11405 = DIRECTION('',(3.504579431023E-32,1.,2.478176394253E-16));
#11406 = ORIENTED_EDGE('',*,*,#8986,.T.);
#11407 = ORIENTED_EDGE('',*,*,#11408,.F.);
#11408 = EDGE_CURVE('',#11409,#8989,#11411,.T.);
#11409 = VERTEX_POINT('',#11410);
#11410 = CARTESIAN_POINT('',(4.75,0.2,0.3));
#11411 = LINE('',#11412,#11413);
#11412 = CARTESIAN_POINT('',(4.75,-3.4,0.3));
#11413 = VECTOR('',#11414,1.);
#11414 = DIRECTION('',(3.504579431023E-32,1.,2.478176394253E-16));
#11415 = ORIENTED_EDGE('',*,*,#11416,.F.);
#11416 = EDGE_CURVE('',#11400,#11409,#11417,.T.);
#11417 = LINE('',#11418,#11419);
#11418 = CARTESIAN_POINT('',(4.2,0.2,0.3));
#11419 = VECTOR('',#11420,1.);
#11420 = DIRECTION('',(-1.,0.,0.));
#11421 = PLANE('',#11422);
#11422 = AXIS2_PLACEMENT_3D('',#11423,#11424,#11425);
#11423 = CARTESIAN_POINT('',(4.75,-3.4,0.3));
#11424 = DIRECTION('',(0.,2.478176394253E-16,-1.));
#11425 = DIRECTION('',(-1.,0.,0.));
#11426 = ADVANCED_FACE('',(#11427),#11445,.F.);
#11427 = FACE_BOUND('',#11428,.T.);
#11428 = EDGE_LOOP('',(#11429,#11437,#11438,#11439));
#11429 = ORIENTED_EDGE('',*,*,#11430,.T.);
#11430 = EDGE_CURVE('',#11431,#8997,#11433,.T.);
#11431 = VERTEX_POINT('',#11432);
#11432 = CARTESIAN_POINT('',(5.25,0.2,0.8));
#11433 = LINE('',#11434,#11435);
#11434 = CARTESIAN_POINT('',(5.25,-3.4,0.8));
#11435 = VECTOR('',#11436,1.);
#11436 = DIRECTION('',(3.504579431023E-32,1.,2.478176394253E-16));
#11437 = ORIENTED_EDGE('',*,*,#8996,.T.);
#11438 = ORIENTED_EDGE('',*,*,#11399,.F.);
#11439 = ORIENTED_EDGE('',*,*,#11440,.F.);
#11440 = EDGE_CURVE('',#11431,#11400,#11441,.T.);
#11441 = LINE('',#11442,#11443);
#11442 = CARTESIAN_POINT('',(5.25,0.2,-2.25));
#11443 = VECTOR('',#11444,1.);
#11444 = DIRECTION('',(-1.519869053105E-47,0.,-1.));
#11445 = PLANE('',#11446);
#11446 = AXIS2_PLACEMENT_3D('',#11447,#11448,#11449);
#11447 = CARTESIAN_POINT('',(5.25,-3.4,0.3));
#11448 = DIRECTION('',(1.,-3.504579431023E-32,-1.519869053105E-47));
#11449 = DIRECTION('',(-3.504579431023E-32,-1.,0.));
#11450 = ADVANCED_FACE('',(#11451),#11469,.F.);
#11451 = FACE_BOUND('',#11452,.T.);
#11452 = EDGE_LOOP('',(#11453,#11461,#11462,#11463));
#11453 = ORIENTED_EDGE('',*,*,#11454,.T.);
#11454 = EDGE_CURVE('',#11455,#9005,#11457,.T.);
#11455 = VERTEX_POINT('',#11456);
#11456 = CARTESIAN_POINT('',(4.75,0.2,0.8));
#11457 = LINE('',#11458,#11459);
#11458 = CARTESIAN_POINT('',(4.75,-3.4,0.8));
#11459 = VECTOR('',#11460,1.);
#11460 = DIRECTION('',(3.504579431023E-32,1.,2.478176394253E-16));
#11461 = ORIENTED_EDGE('',*,*,#9004,.T.);
#11462 = ORIENTED_EDGE('',*,*,#11430,.F.);
#11463 = ORIENTED_EDGE('',*,*,#11464,.F.);
#11464 = EDGE_CURVE('',#11455,#11431,#11465,.T.);
#11465 = LINE('',#11466,#11467);
#11466 = CARTESIAN_POINT('',(4.2,0.2,0.8));
#11467 = VECTOR('',#11468,1.);
#11468 = DIRECTION('',(1.,0.,0.));
#11469 = PLANE('',#11470);
#11470 = AXIS2_PLACEMENT_3D('',#11471,#11472,#11473);
#11471 = CARTESIAN_POINT('',(4.75,-3.4,0.8));
#11472 = DIRECTION('',(0.,-2.478176394253E-16,1.));
#11473 = DIRECTION('',(0.,-1.,-2.478176394253E-16));
#11474 = ADVANCED_FACE('',(#11475),#11486,.F.);
#11475 = FACE_BOUND('',#11476,.T.);
#11476 = EDGE_LOOP('',(#11477,#11478,#11479,#11480));
#11477 = ORIENTED_EDGE('',*,*,#11408,.T.);
#11478 = ORIENTED_EDGE('',*,*,#9012,.T.);
#11479 = ORIENTED_EDGE('',*,*,#11454,.F.);
#11480 = ORIENTED_EDGE('',*,*,#11481,.F.);
#11481 = EDGE_CURVE('',#11409,#11455,#11482,.T.);
#11482 = LINE('',#11483,#11484);
#11483 = CARTESIAN_POINT('',(4.75,0.2,-2.25));
#11484 = VECTOR('',#11485,1.);
#11485 = DIRECTION('',(1.519869053105E-47,0.,1.));
#11486 = PLANE('',#11487);
#11487 = AXIS2_PLACEMENT_3D('',#11488,#11489,#11490);
#11488 = CARTESIAN_POINT('',(4.75,-3.4,0.3));
#11489 = DIRECTION('',(-1.,3.504579431023E-32,1.519869053105E-47));
#11490 = DIRECTION('',(1.519869053105E-47,0.,1.));
#11491 = ADVANCED_FACE('',(#11492),#11503,.F.);
#11492 = FACE_BOUND('',#11493,.T.);
#11493 = EDGE_LOOP('',(#11494,#11495,#11501,#11502));
#11494 = ORIENTED_EDGE('',*,*,#9827,.T.);
#11495 = ORIENTED_EDGE('',*,*,#11496,.F.);
#11496 = EDGE_CURVE('',#8465,#9820,#11497,.T.);
#11497 = LINE('',#11498,#11499);
#11498 = CARTESIAN_POINT('',(5.8,0.2,-2.25));
#11499 = VECTOR('',#11500,1.);
#11500 = DIRECTION('',(0.,0.,1.));
#11501 = ORIENTED_EDGE('',*,*,#8464,.F.);
#11502 = ORIENTED_EDGE('',*,*,#10578,.T.);
#11503 = PLANE('',#11504);
#11504 = AXIS2_PLACEMENT_3D('',#11505,#11506,#11507);
#11505 = CARTESIAN_POINT('',(5.8,0.2,-2.25));
#11506 = DIRECTION('',(1.,0.,0.));
#11507 = DIRECTION('',(-0.,1.,0.));
#11508 = ADVANCED_FACE('',(#11509,#11515),#11526,.F.);
#11509 = FACE_BOUND('',#11510,.T.);
#11510 = EDGE_LOOP('',(#11511,#11512,#11513,#11514));
#11511 = ORIENTED_EDGE('',*,*,#11440,.T.);
#11512 = ORIENTED_EDGE('',*,*,#11416,.T.);
#11513 = ORIENTED_EDGE('',*,*,#11481,.T.);
#11514 = ORIENTED_EDGE('',*,*,#11464,.T.);
#11515 = FACE_BOUND('',#11516,.T.);
#11516 = EDGE_LOOP('',(#11517,#11518,#11524,#11525));
#11517 = ORIENTED_EDGE('',*,*,#9819,.T.);
#11518 = ORIENTED_EDGE('',*,*,#11519,.F.);
#11519 = EDGE_CURVE('',#8473,#9812,#11520,.T.);
#11520 = LINE('',#11521,#11522);
#11521 = CARTESIAN_POINT('',(4.2,0.2,-2.25));
#11522 = VECTOR('',#11523,1.);
#11523 = DIRECTION('',(0.,0.,1.));
#11524 = ORIENTED_EDGE('',*,*,#8472,.F.);
#11525 = ORIENTED_EDGE('',*,*,#11496,.T.);
#11526 = PLANE('',#11527);
#11527 = AXIS2_PLACEMENT_3D('',#11528,#11529,#11530);
#11528 = CARTESIAN_POINT('',(4.2,0.2,-2.25));
#11529 = DIRECTION('',(-0.,1.,0.));
#11530 = DIRECTION('',(1.,0.,0.));
#11531 = ADVANCED_FACE('',(#11532),#11538,.F.);
#11532 = FACE_BOUND('',#11533,.T.);
#11533 = EDGE_LOOP('',(#11534,#11535,#11536,#11537));
#11534 = ORIENTED_EDGE('',*,*,#9811,.T.);
#11535 = ORIENTED_EDGE('',*,*,#11326,.F.);
#11536 = ORIENTED_EDGE('',*,*,#8480,.F.);
#11537 = ORIENTED_EDGE('',*,*,#11519,.T.);
#11538 = PLANE('',#11539);
#11539 = AXIS2_PLACEMENT_3D('',#11540,#11541,#11542);
#11540 = CARTESIAN_POINT('',(4.2,0.2,-2.25));
#11541 = DIRECTION('',(-1.,0.,0.));
#11542 = DIRECTION('',(0.,0.,1.));
#11543 = ( GEOMETRIC_REPRESENTATION_CONTEXT(3) 
GLOBAL_UNCERTAINTY_ASSIGNED_CONTEXT((#11547)) 
GLOBAL_UNIT_ASSIGNED_CONTEXT((#11544,#11545,#11546)) 
REPRESENTATION_CONTEXT('Context #1',
  '3D Context with UNIT and UNCERTAINTY') );
#11544 = ( LENGTH_UNIT() NAMED_UNIT(*) SI_UNIT(.MILLI.,.METRE.) );
#11545 = ( NAMED_UNIT(*) PLANE_ANGLE_UNIT() SI_UNIT($,.RADIAN.) );
#11546 = ( NAMED_UNIT(*) SI_UNIT($,.STERADIAN.) SOLID_ANGLE_UNIT() );
#11547 = UNCERTAINTY_MEASURE_WITH_UNIT(LENGTH_MEASURE(1.E-07),#11544,
  'distance_accuracy_value','confusion accuracy');
#11548 = CONTEXT_DEPENDENT_SHAPE_REPRESENTATION(#11549,#11551);
#11549 = ( REPRESENTATION_RELATIONSHIP('','',#8028,#7973) 
REPRESENTATION_RELATIONSHIP_WITH_TRANSFORMATION(#11550) 
SHAPE_REPRESENTATION_RELATIONSHIP() );
#11550 = ITEM_DEFINED_TRANSFORMATION('','',#11,#7974);
#11551 = PRODUCT_DEFINITION_SHAPE('Placement','Placement of an item',
  #11552);
#11552 = NEXT_ASSEMBLY_USAGE_OCCURRENCE('12','NAUO1','',#7968,#8023,$);
#11553 = PRODUCT_RELATED_PRODUCT_CATEGORY('part',$,(#8025));
#11554 = SHAPE_DEFINITION_REPRESENTATION(#11555,#11561);
#11555 = PRODUCT_DEFINITION_SHAPE('','',#11556);
#11556 = PRODUCT_DEFINITION('design','',#11557,#11560);
#11557 = PRODUCT_DEFINITION_FORMATION('','',#11558);
#11558 = PRODUCT('pin','pin','',(#11559));
#11559 = PRODUCT_CONTEXT('',#2,'mechanical');
#11560 = PRODUCT_DEFINITION_CONTEXT('part definition',#2,'design');
#11561 = ADVANCED_BREP_SHAPE_REPRESENTATION('',(#11,#11562),#12492);
#11562 = MANIFOLD_SOLID_BREP('',#11563);
#11563 = CLOSED_SHELL('',(#11564,#11604,#11635,#11666,#11688,#11728,
    #11759,#11790,#11812,#11843,#11867,#11891,#11908,#11941,#11966,
    #11991,#12008,#12039,#12063,#12087,#12104,#12137,#12162,#12187,
    #12204,#12235,#12259,#12283,#12300,#12333,#12358,#12383,#12400,
    #12422,#12439,#12456,#12468,#12480));
#11564 = ADVANCED_FACE('',(#11565),#11599,.T.);
#11565 = FACE_BOUND('',#11566,.T.);
#11566 = EDGE_LOOP('',(#11567,#11577,#11585,#11593));
#11567 = ORIENTED_EDGE('',*,*,#11568,.F.);
#11568 = EDGE_CURVE('',#11569,#11571,#11573,.T.);
#11569 = VERTEX_POINT('',#11570);
#11570 = CARTESIAN_POINT('',(-5.14080892972,5.,0.40919107028));
#11571 = VERTEX_POINT('',#11572);
#11572 = CARTESIAN_POINT('',(-5.25,4.7,0.3));
#11573 = LINE('',#11574,#11575);
#11574 = CARTESIAN_POINT('',(-5.183662300023,4.882261332747,
    0.366337699977));
#11575 = VECTOR('',#11576,1.);
#11576 = DIRECTION('',(-0.323615577118,-0.889126490716,-0.323615577118)
  );
#11577 = ORIENTED_EDGE('',*,*,#11578,.T.);
#11578 = EDGE_CURVE('',#11569,#11579,#11581,.T.);
#11579 = VERTEX_POINT('',#11580);
#11580 = CARTESIAN_POINT('',(-4.85919107028,5.,0.40919107028));
#11581 = LINE('',#11582,#11583);
#11582 = CARTESIAN_POINT('',(-4.75,5.,0.40919107028));
#11583 = VECTOR('',#11584,1.);
#11584 = DIRECTION('',(1.,0.,-2.168404344971E-16));
#11585 = ORIENTED_EDGE('',*,*,#11586,.F.);
#11586 = EDGE_CURVE('',#11587,#11579,#11589,.T.);
#11587 = VERTEX_POINT('',#11588);
#11588 = CARTESIAN_POINT('',(-4.75,4.7,0.3));
#11589 = LINE('',#11590,#11591);
#11590 = CARTESIAN_POINT('',(-4.816337699977,4.882261332747,
    0.366337699977));
#11591 = VECTOR('',#11592,1.);
#11592 = DIRECTION('',(-0.323615577118,0.889126490716,0.323615577118));
#11593 = ORIENTED_EDGE('',*,*,#11594,.T.);
#11594 = EDGE_CURVE('',#11587,#11571,#11595,.T.);
#11595 = LINE('',#11596,#11597);
#11596 = CARTESIAN_POINT('',(-5.25,4.7,0.3));
#11597 = VECTOR('',#11598,1.);
#11598 = DIRECTION('',(-1.,0.,2.168404344971E-16));
#11599 = PLANE('',#11600);
#11600 = AXIS2_PLACEMENT_3D('',#11601,#11602,#11603);
#11601 = CARTESIAN_POINT('',(-4.,5.,0.40919107028));
#11602 = DIRECTION('',(-2.037633561849E-16,0.342020143326,
    -0.939692620786));
#11603 = DIRECTION('',(-1.,0.,2.168404344971E-16));
#11604 = ADVANCED_FACE('',(#11605),#11630,.T.);
#11605 = FACE_BOUND('',#11606,.T.);
#11606 = EDGE_LOOP('',(#11607,#11617,#11623,#11624));
#11607 = ORIENTED_EDGE('',*,*,#11608,.F.);
#11608 = EDGE_CURVE('',#11609,#11611,#11613,.T.);
#11609 = VERTEX_POINT('',#11610);
#11610 = CARTESIAN_POINT('',(-4.75,4.7,0.8));
#11611 = VERTEX_POINT('',#11612);
#11612 = CARTESIAN_POINT('',(-4.85919107028,5.,0.69080892972));
#11613 = LINE('',#11614,#11615);
#11614 = CARTESIAN_POINT('',(-4.931537445906,5.198770033413,
    0.618462554094));
#11615 = VECTOR('',#11616,1.);
#11616 = DIRECTION('',(-0.323615577118,0.889126490716,-0.323615577118));
#11617 = ORIENTED_EDGE('',*,*,#11618,.T.);
#11618 = EDGE_CURVE('',#11609,#11587,#11619,.T.);
#11619 = LINE('',#11620,#11621);
#11620 = CARTESIAN_POINT('',(-4.75,4.7,0.3));
#11621 = VECTOR('',#11622,1.);
#11622 = DIRECTION('',(2.168404344971E-16,0.,-1.));
#11623 = ORIENTED_EDGE('',*,*,#11586,.T.);
#11624 = ORIENTED_EDGE('',*,*,#11625,.T.);
#11625 = EDGE_CURVE('',#11579,#11611,#11626,.T.);
#11626 = LINE('',#11627,#11628);
#11627 = CARTESIAN_POINT('',(-4.85919107028,5.,0.8));
#11628 = VECTOR('',#11629,1.);
#11629 = DIRECTION('',(-2.168404344971E-16,0.,1.));
#11630 = PLANE('',#11631);
#11631 = AXIS2_PLACEMENT_3D('',#11632,#11633,#11634);
#11632 = CARTESIAN_POINT('',(-4.85919107028,5.,5.00354010912E-16));
#11633 = DIRECTION('',(0.939692620786,0.342020143326,2.037633561849E-16)
  );
#11634 = DIRECTION('',(0.,5.957641974055E-16,-1.));
#11635 = ADVANCED_FACE('',(#11636),#11661,.T.);
#11636 = FACE_BOUND('',#11637,.T.);
#11637 = EDGE_LOOP('',(#11638,#11648,#11654,#11655));
#11638 = ORIENTED_EDGE('',*,*,#11639,.F.);
#11639 = EDGE_CURVE('',#11640,#11642,#11644,.T.);
#11640 = VERTEX_POINT('',#11641);
#11641 = CARTESIAN_POINT('',(-5.14080892972,5.,0.69080892972));
#11642 = VERTEX_POINT('',#11643);
#11643 = CARTESIAN_POINT('',(-5.25,4.7,0.8));
#11644 = LINE('',#11645,#11646);
#11645 = CARTESIAN_POINT('',(-5.021335385305,5.328250865504,
    0.571335385305));
#11646 = VECTOR('',#11647,1.);
#11647 = DIRECTION('',(-0.323615577118,-0.889126490716,0.323615577118));
#11648 = ORIENTED_EDGE('',*,*,#11649,.T.);
#11649 = EDGE_CURVE('',#11640,#11569,#11650,.T.);
#11650 = LINE('',#11651,#11652);
#11651 = CARTESIAN_POINT('',(-5.14080892972,5.,0.3));
#11652 = VECTOR('',#11653,1.);
#11653 = DIRECTION('',(0.,0.,-1.));
#11654 = ORIENTED_EDGE('',*,*,#11568,.T.);
#11655 = ORIENTED_EDGE('',*,*,#11656,.T.);
#11656 = EDGE_CURVE('',#11571,#11642,#11657,.T.);
#11657 = LINE('',#11658,#11659);
#11658 = CARTESIAN_POINT('',(-5.25,4.7,0.8));
#11659 = VECTOR('',#11660,1.);
#11660 = DIRECTION('',(0.,0.,1.));
#11661 = PLANE('',#11662);
#11662 = AXIS2_PLACEMENT_3D('',#11663,#11664,#11665);
#11663 = CARTESIAN_POINT('',(-5.14080892972,5.,6.866613759075E-16));
#11664 = DIRECTION('',(-0.939692620786,0.342020143326,0.));
#11665 = DIRECTION('',(0.,0.,1.));
#11666 = ADVANCED_FACE('',(#11667),#11683,.T.);
#11667 = FACE_BOUND('',#11668,.T.);
#11668 = EDGE_LOOP('',(#11669,#11670,#11676,#11677));
#11669 = ORIENTED_EDGE('',*,*,#11608,.T.);
#11670 = ORIENTED_EDGE('',*,*,#11671,.T.);
#11671 = EDGE_CURVE('',#11611,#11640,#11672,.T.);
#11672 = LINE('',#11673,#11674);
#11673 = CARTESIAN_POINT('',(-5.25,5.,0.69080892972));
#11674 = VECTOR('',#11675,1.);
#11675 = DIRECTION('',(-1.,0.,0.));
#11676 = ORIENTED_EDGE('',*,*,#11639,.T.);
#11677 = ORIENTED_EDGE('',*,*,#11678,.T.);
#11678 = EDGE_CURVE('',#11642,#11609,#11679,.T.);
#11679 = LINE('',#11680,#11681);
#11680 = CARTESIAN_POINT('',(-4.75,4.7,0.8));
#11681 = VECTOR('',#11682,1.);
#11682 = DIRECTION('',(1.,0.,0.));
#11683 = PLANE('',#11684);
#11684 = AXIS2_PLACEMENT_3D('',#11685,#11686,#11687);
#11685 = CARTESIAN_POINT('',(-4.,5.,0.69080892972));
#11686 = DIRECTION('',(-0.,0.342020143326,0.939692620786));
#11687 = DIRECTION('',(1.,0.,0.));
#11688 = ADVANCED_FACE('',(#11689),#11723,.F.);
#11689 = FACE_BOUND('',#11690,.T.);
#11690 = EDGE_LOOP('',(#11691,#11701,#11709,#11717));
#11691 = ORIENTED_EDGE('',*,*,#11692,.F.);
#11692 = EDGE_CURVE('',#11693,#11695,#11697,.T.);
#11693 = VERTEX_POINT('',#11694);
#11694 = CARTESIAN_POINT('',(-4.75,-3.1,0.8));
#11695 = VERTEX_POINT('',#11696);
#11696 = CARTESIAN_POINT('',(-4.85919107028,-3.4,0.69080892972));
#11697 = LINE('',#11698,#11699);
#11698 = CARTESIAN_POINT('',(-4.75,-3.1,0.8));
#11699 = VECTOR('',#11700,1.);
#11700 = DIRECTION('',(-0.323615577118,-0.889126490716,-0.323615577118)
  );
#11701 = ORIENTED_EDGE('',*,*,#11702,.T.);
#11702 = EDGE_CURVE('',#11693,#11703,#11705,.T.);
#11703 = VERTEX_POINT('',#11704);
#11704 = CARTESIAN_POINT('',(-5.25,-3.1,0.8));
#11705 = LINE('',#11706,#11707);
#11706 = CARTESIAN_POINT('',(-5.25,-3.1,0.8));
#11707 = VECTOR('',#11708,1.);
#11708 = DIRECTION('',(-1.,0.,0.));
#11709 = ORIENTED_EDGE('',*,*,#11710,.F.);
#11710 = EDGE_CURVE('',#11711,#11703,#11713,.T.);
#11711 = VERTEX_POINT('',#11712);
#11712 = CARTESIAN_POINT('',(-5.14080892972,-3.4,0.69080892972));
#11713 = LINE('',#11714,#11715);
#11714 = CARTESIAN_POINT('',(-5.25,-3.1,0.8));
#11715 = VECTOR('',#11716,1.);
#11716 = DIRECTION('',(-0.323615577118,0.889126490716,0.323615577118));
#11717 = ORIENTED_EDGE('',*,*,#11718,.T.);
#11718 = EDGE_CURVE('',#11711,#11695,#11719,.T.);
#11719 = LINE('',#11720,#11721);
#11720 = CARTESIAN_POINT('',(-4.,-3.4,0.69080892972));
#11721 = VECTOR('',#11722,1.);
#11722 = DIRECTION('',(1.,0.,0.));
#11723 = PLANE('',#11724);
#11724 = AXIS2_PLACEMENT_3D('',#11725,#11726,#11727);
#11725 = CARTESIAN_POINT('',(-5.25,-3.1,0.8));
#11726 = DIRECTION('',(0.,0.342020143326,-0.939692620786));
#11727 = DIRECTION('',(-1.,0.,0.));
#11728 = ADVANCED_FACE('',(#11729),#11754,.F.);
#11729 = FACE_BOUND('',#11730,.T.);
#11730 = EDGE_LOOP('',(#11731,#11741,#11747,#11748));
#11731 = ORIENTED_EDGE('',*,*,#11732,.F.);
#11732 = EDGE_CURVE('',#11733,#11735,#11737,.T.);
#11733 = VERTEX_POINT('',#11734);
#11734 = CARTESIAN_POINT('',(-5.14080892972,-3.4,0.40919107028));
#11735 = VERTEX_POINT('',#11736);
#11736 = CARTESIAN_POINT('',(-5.25,-3.1,0.3));
#11737 = LINE('',#11738,#11739);
#11738 = CARTESIAN_POINT('',(-5.25,-3.1,0.3));
#11739 = VECTOR('',#11740,1.);
#11740 = DIRECTION('',(-0.323615577118,0.889126490716,-0.323615577118));
#11741 = ORIENTED_EDGE('',*,*,#11742,.T.);
#11742 = EDGE_CURVE('',#11733,#11711,#11743,.T.);
#11743 = LINE('',#11744,#11745);
#11744 = CARTESIAN_POINT('',(-5.14080892972,-3.4,1.011922027653E-15));
#11745 = VECTOR('',#11746,1.);
#11746 = DIRECTION('',(0.,0.,1.));
#11747 = ORIENTED_EDGE('',*,*,#11710,.T.);
#11748 = ORIENTED_EDGE('',*,*,#11749,.T.);
#11749 = EDGE_CURVE('',#11703,#11735,#11750,.T.);
#11750 = LINE('',#11751,#11752);
#11751 = CARTESIAN_POINT('',(-5.25,-3.1,0.8));
#11752 = VECTOR('',#11753,1.);
#11753 = DIRECTION('',(0.,0.,-1.));
#11754 = PLANE('',#11755);
#11755 = AXIS2_PLACEMENT_3D('',#11756,#11757,#11758);
#11756 = CARTESIAN_POINT('',(-5.25,-3.1,0.8));
#11757 = DIRECTION('',(0.939692620786,0.342020143326,0.));
#11758 = DIRECTION('',(0.,0.,-1.));
#11759 = ADVANCED_FACE('',(#11760),#11785,.F.);
#11760 = FACE_BOUND('',#11761,.T.);
#11761 = EDGE_LOOP('',(#11762,#11772,#11778,#11779));
#11762 = ORIENTED_EDGE('',*,*,#11763,.F.);
#11763 = EDGE_CURVE('',#11764,#11766,#11768,.T.);
#11764 = VERTEX_POINT('',#11765);
#11765 = CARTESIAN_POINT('',(-4.75,-3.1,0.3));
#11766 = VERTEX_POINT('',#11767);
#11767 = CARTESIAN_POINT('',(-4.85919107028,-3.4,0.40919107028));
#11768 = LINE('',#11769,#11770);
#11769 = CARTESIAN_POINT('',(-4.802363520877,-3.243867591212,
    0.352363520877));
#11770 = VECTOR('',#11771,1.);
#11771 = DIRECTION('',(-0.323615577118,-0.889126490716,0.323615577118));
#11772 = ORIENTED_EDGE('',*,*,#11773,.T.);
#11773 = EDGE_CURVE('',#11764,#11693,#11774,.T.);
#11774 = LINE('',#11775,#11776);
#11775 = CARTESIAN_POINT('',(-4.75,-3.1,0.8));
#11776 = VECTOR('',#11777,1.);
#11777 = DIRECTION('',(-2.168404344971E-16,0.,1.));
#11778 = ORIENTED_EDGE('',*,*,#11692,.T.);
#11779 = ORIENTED_EDGE('',*,*,#11780,.T.);
#11780 = EDGE_CURVE('',#11695,#11766,#11781,.T.);
#11781 = LINE('',#11782,#11783);
#11782 = CARTESIAN_POINT('',(-4.85919107028,-3.4,8.256146626576E-16));
#11783 = VECTOR('',#11784,1.);
#11784 = DIRECTION('',(2.168404344971E-16,0.,-1.));
#11785 = PLANE('',#11786);
#11786 = AXIS2_PLACEMENT_3D('',#11787,#11788,#11789);
#11787 = CARTESIAN_POINT('',(-4.75,-3.1,0.8));
#11788 = DIRECTION('',(-0.939692620786,0.342020143326,
    -2.037633561849E-16));
#11789 = DIRECTION('',(-2.168404344971E-16,0.,1.));
#11790 = ADVANCED_FACE('',(#11791),#11807,.F.);
#11791 = FACE_BOUND('',#11792,.T.);
#11792 = EDGE_LOOP('',(#11793,#11794,#11800,#11801));
#11793 = ORIENTED_EDGE('',*,*,#11732,.T.);
#11794 = ORIENTED_EDGE('',*,*,#11795,.T.);
#11795 = EDGE_CURVE('',#11735,#11764,#11796,.T.);
#11796 = LINE('',#11797,#11798);
#11797 = CARTESIAN_POINT('',(-5.25,-3.1,0.3));
#11798 = VECTOR('',#11799,1.);
#11799 = DIRECTION('',(1.,0.,-2.168404344971E-16));
#11800 = ORIENTED_EDGE('',*,*,#11763,.T.);
#11801 = ORIENTED_EDGE('',*,*,#11802,.T.);
#11802 = EDGE_CURVE('',#11766,#11733,#11803,.T.);
#11803 = LINE('',#11804,#11805);
#11804 = CARTESIAN_POINT('',(-4.,-3.4,0.40919107028));
#11805 = VECTOR('',#11806,1.);
#11806 = DIRECTION('',(-1.,0.,2.168404344971E-16));
#11807 = PLANE('',#11808);
#11808 = AXIS2_PLACEMENT_3D('',#11809,#11810,#11811);
#11809 = CARTESIAN_POINT('',(-5.25,-3.1,0.3));
#11810 = DIRECTION('',(2.037633561849E-16,0.342020143326,0.939692620786)
  );
#11811 = DIRECTION('',(1.,-5.957641974055E-16,0.));
#11812 = ADVANCED_FACE('',(#11813),#11838,.F.);
#11813 = FACE_BOUND('',#11814,.T.);
#11814 = EDGE_LOOP('',(#11815,#11823,#11831,#11837));
#11815 = ORIENTED_EDGE('',*,*,#11816,.F.);
#11816 = EDGE_CURVE('',#11817,#11693,#11819,.T.);
#11817 = VERTEX_POINT('',#11818);
#11818 = CARTESIAN_POINT('',(-4.75,-2.419911892563,0.8));
#11819 = LINE('',#11820,#11821);
#11820 = CARTESIAN_POINT('',(-4.75,-2.419911892563,0.8));
#11821 = VECTOR('',#11822,1.);
#11822 = DIRECTION('',(0.,-1.,-3.318687873852E-16));
#11823 = ORIENTED_EDGE('',*,*,#11824,.T.);
#11824 = EDGE_CURVE('',#11817,#11825,#11827,.T.);
#11825 = VERTEX_POINT('',#11826);
#11826 = CARTESIAN_POINT('',(-5.25,-2.419911892563,0.8));
#11827 = LINE('',#11828,#11829);
#11828 = CARTESIAN_POINT('',(-5.25,-2.419911892563,0.8));
#11829 = VECTOR('',#11830,1.);
#11830 = DIRECTION('',(-1.,0.,0.));
#11831 = ORIENTED_EDGE('',*,*,#11832,.T.);
#11832 = EDGE_CURVE('',#11825,#11703,#11833,.T.);
#11833 = LINE('',#11834,#11835);
#11834 = CARTESIAN_POINT('',(-5.25,-2.419911892563,0.8));
#11835 = VECTOR('',#11836,1.);
#11836 = DIRECTION('',(0.,-1.,-3.318687873852E-16));
#11837 = ORIENTED_EDGE('',*,*,#11702,.F.);
#11838 = PLANE('',#11839);
#11839 = AXIS2_PLACEMENT_3D('',#11840,#11841,#11842);
#11840 = CARTESIAN_POINT('',(-5.25,-2.419911892563,0.8));
#11841 = DIRECTION('',(0.,3.318687873852E-16,-1.));
#11842 = DIRECTION('',(-1.,0.,0.));
#11843 = ADVANCED_FACE('',(#11844),#11862,.F.);
#11844 = FACE_BOUND('',#11845,.T.);
#11845 = EDGE_LOOP('',(#11846,#11854,#11860,#11861));
#11846 = ORIENTED_EDGE('',*,*,#11847,.F.);
#11847 = EDGE_CURVE('',#11848,#11764,#11850,.T.);
#11848 = VERTEX_POINT('',#11849);
#11849 = CARTESIAN_POINT('',(-4.75,-2.419911892563,0.3));
#11850 = LINE('',#11851,#11852);
#11851 = CARTESIAN_POINT('',(-4.75,-2.419911892563,0.3));
#11852 = VECTOR('',#11853,1.);
#11853 = DIRECTION('',(0.,-1.,-3.318687873852E-16));
#11854 = ORIENTED_EDGE('',*,*,#11855,.T.);
#11855 = EDGE_CURVE('',#11848,#11817,#11856,.T.);
#11856 = LINE('',#11857,#11858);
#11857 = CARTESIAN_POINT('',(-4.75,-2.419911892563,0.8));
#11858 = VECTOR('',#11859,1.);
#11859 = DIRECTION('',(-2.168404344971E-16,0.,1.));
#11860 = ORIENTED_EDGE('',*,*,#11816,.T.);
#11861 = ORIENTED_EDGE('',*,*,#11773,.F.);
#11862 = PLANE('',#11863);
#11863 = AXIS2_PLACEMENT_3D('',#11864,#11865,#11866);
#11864 = CARTESIAN_POINT('',(-4.75,-2.419911892563,0.8));
#11865 = DIRECTION('',(-1.,7.196257205262E-32,-2.168404344971E-16));
#11866 = DIRECTION('',(-2.168404344971E-16,0.,1.));
#11867 = ADVANCED_FACE('',(#11868),#11886,.F.);
#11868 = FACE_BOUND('',#11869,.T.);
#11869 = EDGE_LOOP('',(#11870,#11878,#11884,#11885));
#11870 = ORIENTED_EDGE('',*,*,#11871,.F.);
#11871 = EDGE_CURVE('',#11872,#11735,#11874,.T.);
#11872 = VERTEX_POINT('',#11873);
#11873 = CARTESIAN_POINT('',(-5.25,-2.419911892563,0.3));
#11874 = LINE('',#11875,#11876);
#11875 = CARTESIAN_POINT('',(-5.25,-2.419911892563,0.3));
#11876 = VECTOR('',#11877,1.);
#11877 = DIRECTION('',(0.,-1.,-3.318687873852E-16));
#11878 = ORIENTED_EDGE('',*,*,#11879,.T.);
#11879 = EDGE_CURVE('',#11872,#11848,#11880,.T.);
#11880 = LINE('',#11881,#11882);
#11881 = CARTESIAN_POINT('',(-5.25,-2.419911892563,0.3));
#11882 = VECTOR('',#11883,1.);
#11883 = DIRECTION('',(1.,0.,-2.168404344971E-16));
#11884 = ORIENTED_EDGE('',*,*,#11847,.T.);
#11885 = ORIENTED_EDGE('',*,*,#11795,.F.);
#11886 = PLANE('',#11887);
#11887 = AXIS2_PLACEMENT_3D('',#11888,#11889,#11890);
#11888 = CARTESIAN_POINT('',(-5.25,-2.419911892563,0.3));
#11889 = DIRECTION('',(2.168404344971E-16,-3.318687873852E-16,1.));
#11890 = DIRECTION('',(0.,-1.,-3.318687873852E-16));
#11891 = ADVANCED_FACE('',(#11892),#11903,.F.);
#11892 = FACE_BOUND('',#11893,.T.);
#11893 = EDGE_LOOP('',(#11894,#11895,#11901,#11902));
#11894 = ORIENTED_EDGE('',*,*,#11832,.F.);
#11895 = ORIENTED_EDGE('',*,*,#11896,.T.);
#11896 = EDGE_CURVE('',#11825,#11872,#11897,.T.);
#11897 = LINE('',#11898,#11899);
#11898 = CARTESIAN_POINT('',(-5.25,-2.419911892563,0.8));
#11899 = VECTOR('',#11900,1.);
#11900 = DIRECTION('',(0.,0.,-1.));
#11901 = ORIENTED_EDGE('',*,*,#11871,.T.);
#11902 = ORIENTED_EDGE('',*,*,#11749,.F.);
#11903 = PLANE('',#11904);
#11904 = AXIS2_PLACEMENT_3D('',#11905,#11906,#11907);
#11905 = CARTESIAN_POINT('',(-5.25,-2.419911892563,0.8));
#11906 = DIRECTION('',(1.,0.,0.));
#11907 = DIRECTION('',(-0.,1.,0.));
#11908 = ADVANCED_FACE('',(#11909),#11936,.T.);
#11909 = FACE_BOUND('',#11910,.T.);
#11910 = EDGE_LOOP('',(#11911,#11912,#11921,#11929));
#11911 = ORIENTED_EDGE('',*,*,#11824,.F.);
#11912 = ORIENTED_EDGE('',*,*,#11913,.F.);
#11913 = EDGE_CURVE('',#11914,#11817,#11916,.T.);
#11914 = VERTEX_POINT('',#11915);
#11915 = CARTESIAN_POINT('',(-4.75,-2.347221846513,0.795175345375));
#11916 = CIRCLE('',#11917,0.55);
#11917 = AXIS2_PLACEMENT_3D('',#11918,#11919,#11920);
#11918 = CARTESIAN_POINT('',(-4.75,-2.419911892563,0.25));
#11919 = DIRECTION('',(1.,0.,0.));
#11920 = DIRECTION('',(-0.,0.132163720091,0.991227900683));
#11921 = ORIENTED_EDGE('',*,*,#11922,.T.);
#11922 = EDGE_CURVE('',#11914,#11923,#11925,.T.);
#11923 = VERTEX_POINT('',#11924);
#11924 = CARTESIAN_POINT('',(-5.25,-2.347221846513,0.795175345375));
#11925 = LINE('',#11926,#11927);
#11926 = CARTESIAN_POINT('',(-5.25,-2.347221846513,0.795175345375));
#11927 = VECTOR('',#11928,1.);
#11928 = DIRECTION('',(-1.,0.,0.));
#11929 = ORIENTED_EDGE('',*,*,#11930,.T.);
#11930 = EDGE_CURVE('',#11923,#11825,#11931,.T.);
#11931 = CIRCLE('',#11932,0.55);
#11932 = AXIS2_PLACEMENT_3D('',#11933,#11934,#11935);
#11933 = CARTESIAN_POINT('',(-5.25,-2.419911892563,0.25));
#11934 = DIRECTION('',(1.,0.,0.));
#11935 = DIRECTION('',(-0.,0.132163720091,0.991227900683));
#11936 = CYLINDRICAL_SURFACE('',#11937,0.55);
#11937 = AXIS2_PLACEMENT_3D('',#11938,#11939,#11940);
#11938 = CARTESIAN_POINT('',(-5.,-2.419911892563,0.25));
#11939 = DIRECTION('',(-1.,0.,0.));
#11940 = DIRECTION('',(0.,0.,-1.));
#11941 = ADVANCED_FACE('',(#11942),#11961,.F.);
#11942 = FACE_BOUND('',#11943,.T.);
#11943 = EDGE_LOOP('',(#11944,#11945,#11946,#11955));
#11944 = ORIENTED_EDGE('',*,*,#11913,.T.);
#11945 = ORIENTED_EDGE('',*,*,#11855,.F.);
#11946 = ORIENTED_EDGE('',*,*,#11947,.F.);
#11947 = EDGE_CURVE('',#11948,#11848,#11950,.T.);
#11948 = VERTEX_POINT('',#11949);
#11949 = CARTESIAN_POINT('',(-4.75,-2.413303706559,0.299561395034));
#11950 = CIRCLE('',#11951,5.E-02);
#11951 = AXIS2_PLACEMENT_3D('',#11952,#11953,#11954);
#11952 = CARTESIAN_POINT('',(-4.75,-2.419911892563,0.25));
#11953 = DIRECTION('',(1.,0.,0.));
#11954 = DIRECTION('',(-0.,0.132163720091,0.991227900683));
#11955 = ORIENTED_EDGE('',*,*,#11956,.T.);
#11956 = EDGE_CURVE('',#11948,#11914,#11957,.T.);
#11957 = LINE('',#11958,#11959);
#11958 = CARTESIAN_POINT('',(-4.75,-2.347221846513,0.795175345375));
#11959 = VECTOR('',#11960,1.);
#11960 = DIRECTION('',(-2.168404344971E-16,0.132163720091,0.991227900683
    ));
#11961 = PLANE('',#11962);
#11962 = AXIS2_PLACEMENT_3D('',#11963,#11964,#11965);
#11963 = CARTESIAN_POINT('',(-4.75,-2.347221846513,0.795175345375));
#11964 = DIRECTION('',(-1.,0.,0.));
#11965 = DIRECTION('',(0.,0.,1.));
#11966 = ADVANCED_FACE('',(#11967),#11986,.F.);
#11967 = FACE_BOUND('',#11968,.F.);
#11968 = EDGE_LOOP('',(#11969,#11977,#11984,#11985));
#11969 = ORIENTED_EDGE('',*,*,#11970,.F.);
#11970 = EDGE_CURVE('',#11971,#11948,#11973,.T.);
#11971 = VERTEX_POINT('',#11972);
#11972 = CARTESIAN_POINT('',(-5.25,-2.413303706559,0.299561395034));
#11973 = LINE('',#11974,#11975);
#11974 = CARTESIAN_POINT('',(-5.25,-2.413303706559,0.299561395034));
#11975 = VECTOR('',#11976,1.);
#11976 = DIRECTION('',(1.,-2.865843848929E-17,-2.149382886697E-16));
#11977 = ORIENTED_EDGE('',*,*,#11978,.T.);
#11978 = EDGE_CURVE('',#11971,#11872,#11979,.T.);
#11979 = CIRCLE('',#11980,5.E-02);
#11980 = AXIS2_PLACEMENT_3D('',#11981,#11982,#11983);
#11981 = CARTESIAN_POINT('',(-5.25,-2.419911892563,0.25));
#11982 = DIRECTION('',(1.,0.,0.));
#11983 = DIRECTION('',(-0.,0.132163720091,0.991227900683));
#11984 = ORIENTED_EDGE('',*,*,#11879,.T.);
#11985 = ORIENTED_EDGE('',*,*,#11947,.F.);
#11986 = CYLINDRICAL_SURFACE('',#11987,5.E-02);
#11987 = AXIS2_PLACEMENT_3D('',#11988,#11989,#11990);
#11988 = CARTESIAN_POINT('',(-5.,-2.419911892563,0.25));
#11989 = DIRECTION('',(-1.,0.,0.));
#11990 = DIRECTION('',(0.,0.,-1.));
#11991 = ADVANCED_FACE('',(#11992),#12003,.F.);
#11992 = FACE_BOUND('',#11993,.T.);
#11993 = EDGE_LOOP('',(#11994,#11995,#11996,#11997));
#11994 = ORIENTED_EDGE('',*,*,#11978,.T.);
#11995 = ORIENTED_EDGE('',*,*,#11896,.F.);
#11996 = ORIENTED_EDGE('',*,*,#11930,.F.);
#11997 = ORIENTED_EDGE('',*,*,#11998,.T.);
#11998 = EDGE_CURVE('',#11923,#11971,#11999,.T.);
#11999 = LINE('',#12000,#12001);
#12000 = CARTESIAN_POINT('',(-5.25,-2.347221846513,0.795175345375));
#12001 = VECTOR('',#12002,1.);
#12002 = DIRECTION('',(0.,-0.132163720091,-0.991227900683));
#12003 = PLANE('',#12004);
#12004 = AXIS2_PLACEMENT_3D('',#12005,#12006,#12007);
#12005 = CARTESIAN_POINT('',(-5.25,-2.347221846513,0.795175345375));
#12006 = DIRECTION('',(1.,0.,0.));
#12007 = DIRECTION('',(-0.,1.,0.));
#12008 = ADVANCED_FACE('',(#12009),#12034,.F.);
#12009 = FACE_BOUND('',#12010,.T.);
#12010 = EDGE_LOOP('',(#12011,#12012,#12020,#12028));
#12011 = ORIENTED_EDGE('',*,*,#11922,.F.);
#12012 = ORIENTED_EDGE('',*,*,#12013,.F.);
#12013 = EDGE_CURVE('',#12014,#11914,#12016,.T.);
#12014 = VERTEX_POINT('',#12015);
#12015 = CARTESIAN_POINT('',(-4.75,-0.958327045399,0.609989371894));
#12016 = LINE('',#12017,#12018);
#12017 = CARTESIAN_POINT('',(-4.75,-0.958327045399,0.609989371894));
#12018 = VECTOR('',#12019,1.);
#12019 = DIRECTION('',(0.,-0.991227900683,0.132163720091));
#12020 = ORIENTED_EDGE('',*,*,#12021,.T.);
#12021 = EDGE_CURVE('',#12014,#12022,#12024,.T.);
#12022 = VERTEX_POINT('',#12023);
#12023 = CARTESIAN_POINT('',(-5.25,-0.958327045399,0.609989371894));
#12024 = LINE('',#12025,#12026);
#12025 = CARTESIAN_POINT('',(-5.25,-0.958327045399,0.609989371894));
#12026 = VECTOR('',#12027,1.);
#12027 = DIRECTION('',(-1.,0.,0.));
#12028 = ORIENTED_EDGE('',*,*,#12029,.T.);
#12029 = EDGE_CURVE('',#12022,#11923,#12030,.T.);
#12030 = LINE('',#12031,#12032);
#12031 = CARTESIAN_POINT('',(-5.25,-0.958327045399,0.609989371894));
#12032 = VECTOR('',#12033,1.);
#12033 = DIRECTION('',(0.,-0.991227900683,0.132163720091));
#12034 = PLANE('',#12035);
#12035 = AXIS2_PLACEMENT_3D('',#12036,#12037,#12038);
#12036 = CARTESIAN_POINT('',(-5.25,-0.958327045399,0.609989371894));
#12037 = DIRECTION('',(0.,-0.132163720091,-0.991227900683));
#12038 = DIRECTION('',(0.,-0.991227900683,0.132163720091));
#12039 = ADVANCED_FACE('',(#12040),#12058,.F.);
#12040 = FACE_BOUND('',#12041,.T.);
#12041 = EDGE_LOOP('',(#12042,#12043,#12044,#12052));
#12042 = ORIENTED_EDGE('',*,*,#12013,.T.);
#12043 = ORIENTED_EDGE('',*,*,#11956,.F.);
#12044 = ORIENTED_EDGE('',*,*,#12045,.F.);
#12045 = EDGE_CURVE('',#12046,#11948,#12048,.T.);
#12046 = VERTEX_POINT('',#12047);
#12047 = CARTESIAN_POINT('',(-4.75,-1.024408905445,0.114375421552));
#12048 = LINE('',#12049,#12050);
#12049 = CARTESIAN_POINT('',(-4.75,-1.024408905445,0.114375421552));
#12050 = VECTOR('',#12051,1.);
#12051 = DIRECTION('',(0.,-0.991227900683,0.132163720091));
#12052 = ORIENTED_EDGE('',*,*,#12053,.T.);
#12053 = EDGE_CURVE('',#12046,#12014,#12054,.T.);
#12054 = LINE('',#12055,#12056);
#12055 = CARTESIAN_POINT('',(-4.75,-0.958327045399,0.609989371894));
#12056 = VECTOR('',#12057,1.);
#12057 = DIRECTION('',(-2.168404344971E-16,0.132163720091,0.991227900683
    ));
#12058 = PLANE('',#12059);
#12059 = AXIS2_PLACEMENT_3D('',#12060,#12061,#12062);
#12060 = CARTESIAN_POINT('',(-4.75,-0.958327045399,0.609989371894));
#12061 = DIRECTION('',(-1.,-2.865843848929E-17,-2.149382886697E-16));
#12062 = DIRECTION('',(-2.149382886697E-16,0.,1.));
#12063 = ADVANCED_FACE('',(#12064),#12082,.F.);
#12064 = FACE_BOUND('',#12065,.T.);
#12065 = EDGE_LOOP('',(#12066,#12067,#12068,#12076));
#12066 = ORIENTED_EDGE('',*,*,#12045,.T.);
#12067 = ORIENTED_EDGE('',*,*,#11970,.F.);
#12068 = ORIENTED_EDGE('',*,*,#12069,.F.);
#12069 = EDGE_CURVE('',#12070,#11971,#12072,.T.);
#12070 = VERTEX_POINT('',#12071);
#12071 = CARTESIAN_POINT('',(-5.25,-1.024408905445,0.114375421552));
#12072 = LINE('',#12073,#12074);
#12073 = CARTESIAN_POINT('',(-5.25,-1.024408905445,0.114375421552));
#12074 = VECTOR('',#12075,1.);
#12075 = DIRECTION('',(0.,-0.991227900683,0.132163720091));
#12076 = ORIENTED_EDGE('',*,*,#12077,.T.);
#12077 = EDGE_CURVE('',#12070,#12046,#12078,.T.);
#12078 = LINE('',#12079,#12080);
#12079 = CARTESIAN_POINT('',(-5.25,-1.024408905445,0.114375421552));
#12080 = VECTOR('',#12081,1.);
#12081 = DIRECTION('',(1.,-2.865843848929E-17,-2.149382886697E-16));
#12082 = PLANE('',#12083);
#12083 = AXIS2_PLACEMENT_3D('',#12084,#12085,#12086);
#12084 = CARTESIAN_POINT('',(-5.25,-1.024408905445,0.114375421552));
#12085 = DIRECTION('',(2.168404344971E-16,0.132163720091,0.991227900683)
  );
#12086 = DIRECTION('',(1.,-1.640695603512E-15,0.));
#12087 = ADVANCED_FACE('',(#12088),#12099,.F.);
#12088 = FACE_BOUND('',#12089,.T.);
#12089 = EDGE_LOOP('',(#12090,#12091,#12092,#12093));
#12090 = ORIENTED_EDGE('',*,*,#12069,.T.);
#12091 = ORIENTED_EDGE('',*,*,#11998,.F.);
#12092 = ORIENTED_EDGE('',*,*,#12029,.F.);
#12093 = ORIENTED_EDGE('',*,*,#12094,.T.);
#12094 = EDGE_CURVE('',#12022,#12070,#12095,.T.);
#12095 = LINE('',#12096,#12097);
#12096 = CARTESIAN_POINT('',(-5.25,-0.958327045399,0.609989371894));
#12097 = VECTOR('',#12098,1.);
#12098 = DIRECTION('',(0.,-0.132163720091,-0.991227900683));
#12099 = PLANE('',#12100);
#12100 = AXIS2_PLACEMENT_3D('',#12101,#12102,#12103);
#12101 = CARTESIAN_POINT('',(-5.25,-0.958327045399,0.609989371894));
#12102 = DIRECTION('',(1.,0.,0.));
#12103 = DIRECTION('',(-0.,1.,0.));
#12104 = ADVANCED_FACE('',(#12105),#12132,.F.);
#12105 = FACE_BOUND('',#12106,.F.);
#12106 = EDGE_LOOP('',(#12107,#12116,#12124,#12131));
#12107 = ORIENTED_EDGE('',*,*,#12108,.F.);
#12108 = EDGE_CURVE('',#12109,#12022,#12111,.T.);
#12109 = VERTEX_POINT('',#12110);
#12110 = CARTESIAN_POINT('',(-5.25,-0.92935817962,0.614829407378));
#12111 = CIRCLE('',#12112,5.E-02);
#12112 = AXIS2_PLACEMENT_3D('',#12113,#12114,#12115);
#12113 = CARTESIAN_POINT('',(-5.25,-0.951718859395,0.659550766928));
#12114 = DIRECTION('',(-1.,0.,0.));
#12115 = DIRECTION('',(0.,0.4472135955,-0.894427191));
#12116 = ORIENTED_EDGE('',*,*,#12117,.F.);
#12117 = EDGE_CURVE('',#12118,#12109,#12120,.T.);
#12118 = VERTEX_POINT('',#12119);
#12119 = CARTESIAN_POINT('',(-4.75,-0.92935817962,0.614829407378));
#12120 = LINE('',#12121,#12122);
#12121 = CARTESIAN_POINT('',(-5.25,-0.92935817962,0.614829407378));
#12122 = VECTOR('',#12123,1.);
#12123 = DIRECTION('',(-1.,0.,0.));
#12124 = ORIENTED_EDGE('',*,*,#12125,.T.);
#12125 = EDGE_CURVE('',#12118,#12014,#12126,.T.);
#12126 = CIRCLE('',#12127,5.E-02);
#12127 = AXIS2_PLACEMENT_3D('',#12128,#12129,#12130);
#12128 = CARTESIAN_POINT('',(-4.75,-0.951718859395,0.659550766928));
#12129 = DIRECTION('',(-1.,0.,0.));
#12130 = DIRECTION('',(0.,0.4472135955,-0.894427191));
#12131 = ORIENTED_EDGE('',*,*,#12021,.T.);
#12132 = CYLINDRICAL_SURFACE('',#12133,5.E-02);
#12133 = AXIS2_PLACEMENT_3D('',#12134,#12135,#12136);
#12134 = CARTESIAN_POINT('',(-5.,-0.951718859395,0.659550766928));
#12135 = DIRECTION('',(1.,0.,0.));
#12136 = DIRECTION('',(0.,0.,1.));
#12137 = ADVANCED_FACE('',(#12138),#12157,.F.);
#12138 = FACE_BOUND('',#12139,.T.);
#12139 = EDGE_LOOP('',(#12140,#12141,#12142,#12151));
#12140 = ORIENTED_EDGE('',*,*,#12125,.T.);
#12141 = ORIENTED_EDGE('',*,*,#12053,.F.);
#12142 = ORIENTED_EDGE('',*,*,#12143,.F.);
#12143 = EDGE_CURVE('',#12144,#12046,#12146,.T.);
#12144 = VERTEX_POINT('',#12145);
#12145 = CARTESIAN_POINT('',(-4.75,-0.70575138187,0.167615811878));
#12146 = CIRCLE('',#12147,0.55);
#12147 = AXIS2_PLACEMENT_3D('',#12148,#12149,#12150);
#12148 = CARTESIAN_POINT('',(-4.75,-0.951718859395,0.659550766928));
#12149 = DIRECTION('',(-1.,0.,0.));
#12150 = DIRECTION('',(0.,0.4472135955,-0.894427191));
#12151 = ORIENTED_EDGE('',*,*,#12152,.T.);
#12152 = EDGE_CURVE('',#12144,#12118,#12153,.T.);
#12153 = LINE('',#12154,#12155);
#12154 = CARTESIAN_POINT('',(-4.75,-0.92935817962,0.614829407378));
#12155 = VECTOR('',#12156,1.);
#12156 = DIRECTION('',(-2.168404344971E-16,-0.4472135955,0.894427191));
#12157 = PLANE('',#12158);
#12158 = AXIS2_PLACEMENT_3D('',#12159,#12160,#12161);
#12159 = CARTESIAN_POINT('',(-4.75,-0.92935817962,0.614829407378));
#12160 = DIRECTION('',(-1.,0.,0.));
#12161 = DIRECTION('',(0.,0.,1.));
#12162 = ADVANCED_FACE('',(#12163),#12182,.T.);
#12163 = FACE_BOUND('',#12164,.T.);
#12164 = EDGE_LOOP('',(#12165,#12166,#12167,#12176));
#12165 = ORIENTED_EDGE('',*,*,#12143,.T.);
#12166 = ORIENTED_EDGE('',*,*,#12077,.F.);
#12167 = ORIENTED_EDGE('',*,*,#12168,.F.);
#12168 = EDGE_CURVE('',#12169,#12070,#12171,.T.);
#12169 = VERTEX_POINT('',#12170);
#12170 = CARTESIAN_POINT('',(-5.25,-0.70575138187,0.167615811878));
#12171 = CIRCLE('',#12172,0.55);
#12172 = AXIS2_PLACEMENT_3D('',#12173,#12174,#12175);
#12173 = CARTESIAN_POINT('',(-5.25,-0.951718859395,0.659550766928));
#12174 = DIRECTION('',(-1.,0.,0.));
#12175 = DIRECTION('',(0.,0.4472135955,-0.894427191));
#12176 = ORIENTED_EDGE('',*,*,#12177,.T.);
#12177 = EDGE_CURVE('',#12169,#12144,#12178,.T.);
#12178 = LINE('',#12179,#12180);
#12179 = CARTESIAN_POINT('',(-5.25,-0.70575138187,0.167615811878));
#12180 = VECTOR('',#12181,1.);
#12181 = DIRECTION('',(1.,9.697399036122E-17,-1.939479807224E-16));
#12182 = CYLINDRICAL_SURFACE('',#12183,0.55);
#12183 = AXIS2_PLACEMENT_3D('',#12184,#12185,#12186);
#12184 = CARTESIAN_POINT('',(-5.,-0.951718859395,0.659550766928));
#12185 = DIRECTION('',(1.,0.,0.));
#12186 = DIRECTION('',(0.,0.,1.));
#12187 = ADVANCED_FACE('',(#12188),#12199,.F.);
#12188 = FACE_BOUND('',#12189,.T.);
#12189 = EDGE_LOOP('',(#12190,#12191,#12192,#12193));
#12190 = ORIENTED_EDGE('',*,*,#12168,.T.);
#12191 = ORIENTED_EDGE('',*,*,#12094,.F.);
#12192 = ORIENTED_EDGE('',*,*,#12108,.F.);
#12193 = ORIENTED_EDGE('',*,*,#12194,.T.);
#12194 = EDGE_CURVE('',#12109,#12169,#12195,.T.);
#12195 = LINE('',#12196,#12197);
#12196 = CARTESIAN_POINT('',(-5.25,-0.92935817962,0.614829407378));
#12197 = VECTOR('',#12198,1.);
#12198 = DIRECTION('',(0.,0.4472135955,-0.894427191));
#12199 = PLANE('',#12200);
#12200 = AXIS2_PLACEMENT_3D('',#12201,#12202,#12203);
#12201 = CARTESIAN_POINT('',(-5.25,-0.92935817962,0.614829407378));
#12202 = DIRECTION('',(1.,0.,0.));
#12203 = DIRECTION('',(-0.,1.,0.));
#12204 = ADVANCED_FACE('',(#12205),#12230,.F.);
#12205 = FACE_BOUND('',#12206,.T.);
#12206 = EDGE_LOOP('',(#12207,#12208,#12216,#12224));
#12207 = ORIENTED_EDGE('',*,*,#12117,.F.);
#12208 = ORIENTED_EDGE('',*,*,#12209,.F.);
#12209 = EDGE_CURVE('',#12210,#12118,#12212,.T.);
#12210 = VERTEX_POINT('',#12211);
#12211 = CARTESIAN_POINT('',(-4.75,-0.675147084275,0.74193495505));
#12212 = LINE('',#12213,#12214);
#12213 = CARTESIAN_POINT('',(-4.75,-0.675147084275,0.74193495505));
#12214 = VECTOR('',#12215,1.);
#12215 = DIRECTION('',(0.,-0.894427191,-0.4472135955));
#12216 = ORIENTED_EDGE('',*,*,#12217,.T.);
#12217 = EDGE_CURVE('',#12210,#12218,#12220,.T.);
#12218 = VERTEX_POINT('',#12219);
#12219 = CARTESIAN_POINT('',(-5.25,-0.675147084275,0.74193495505));
#12220 = LINE('',#12221,#12222);
#12221 = CARTESIAN_POINT('',(-5.25,-0.675147084275,0.74193495505));
#12222 = VECTOR('',#12223,1.);
#12223 = DIRECTION('',(-1.,0.,0.));
#12224 = ORIENTED_EDGE('',*,*,#12225,.T.);
#12225 = EDGE_CURVE('',#12218,#12109,#12226,.T.);
#12226 = LINE('',#12227,#12228);
#12227 = CARTESIAN_POINT('',(-5.25,-0.675147084275,0.74193495505));
#12228 = VECTOR('',#12229,1.);
#12229 = DIRECTION('',(0.,-0.894427191,-0.4472135955));
#12230 = PLANE('',#12231);
#12231 = AXIS2_PLACEMENT_3D('',#12232,#12233,#12234);
#12232 = CARTESIAN_POINT('',(-5.25,-0.675147084275,0.74193495505));
#12233 = DIRECTION('',(0.,0.4472135955,-0.894427191));
#12234 = DIRECTION('',(-1.,0.,0.));
#12235 = ADVANCED_FACE('',(#12236),#12254,.F.);
#12236 = FACE_BOUND('',#12237,.T.);
#12237 = EDGE_LOOP('',(#12238,#12239,#12240,#12248));
#12238 = ORIENTED_EDGE('',*,*,#12209,.T.);
#12239 = ORIENTED_EDGE('',*,*,#12152,.F.);
#12240 = ORIENTED_EDGE('',*,*,#12241,.F.);
#12241 = EDGE_CURVE('',#12242,#12144,#12244,.T.);
#12242 = VERTEX_POINT('',#12243);
#12243 = CARTESIAN_POINT('',(-4.75,-0.451540286525,0.29472135955));
#12244 = LINE('',#12245,#12246);
#12245 = CARTESIAN_POINT('',(-4.75,-0.451540286525,0.29472135955));
#12246 = VECTOR('',#12247,1.);
#12247 = DIRECTION('',(0.,-0.894427191,-0.4472135955));
#12248 = ORIENTED_EDGE('',*,*,#12249,.T.);
#12249 = EDGE_CURVE('',#12242,#12210,#12250,.T.);
#12250 = LINE('',#12251,#12252);
#12251 = CARTESIAN_POINT('',(-4.75,-0.675147084275,0.74193495505));
#12252 = VECTOR('',#12253,1.);
#12253 = DIRECTION('',(-2.168404344971E-16,-0.4472135955,0.894427191));
#12254 = PLANE('',#12255);
#12255 = AXIS2_PLACEMENT_3D('',#12256,#12257,#12258);
#12256 = CARTESIAN_POINT('',(-4.75,-0.675147084275,0.74193495505));
#12257 = DIRECTION('',(-1.,9.697399036122E-17,-1.939479807224E-16));
#12258 = DIRECTION('',(-1.939479807224E-16,0.,1.));
#12259 = ADVANCED_FACE('',(#12260),#12278,.F.);
#12260 = FACE_BOUND('',#12261,.T.);
#12261 = EDGE_LOOP('',(#12262,#12263,#12264,#12272));
#12262 = ORIENTED_EDGE('',*,*,#12241,.T.);
#12263 = ORIENTED_EDGE('',*,*,#12177,.F.);
#12264 = ORIENTED_EDGE('',*,*,#12265,.F.);
#12265 = EDGE_CURVE('',#12266,#12169,#12268,.T.);
#12266 = VERTEX_POINT('',#12267);
#12267 = CARTESIAN_POINT('',(-5.25,-0.451540286525,0.29472135955));
#12268 = LINE('',#12269,#12270);
#12269 = CARTESIAN_POINT('',(-5.25,-0.451540286525,0.29472135955));
#12270 = VECTOR('',#12271,1.);
#12271 = DIRECTION('',(0.,-0.894427191,-0.4472135955));
#12272 = ORIENTED_EDGE('',*,*,#12273,.T.);
#12273 = EDGE_CURVE('',#12266,#12242,#12274,.T.);
#12274 = LINE('',#12275,#12276);
#12275 = CARTESIAN_POINT('',(-5.25,-0.451540286525,0.29472135955));
#12276 = VECTOR('',#12277,1.);
#12277 = DIRECTION('',(1.,9.697399036122E-17,-1.939479807224E-16));
#12278 = PLANE('',#12279);
#12279 = AXIS2_PLACEMENT_3D('',#12280,#12281,#12282);
#12280 = CARTESIAN_POINT('',(-5.25,-0.451540286525,0.29472135955));
#12281 = DIRECTION('',(2.168404344971E-16,-0.4472135955,0.894427191));
#12282 = DIRECTION('',(-1.,-4.848699518061E-16,0.));
#12283 = ADVANCED_FACE('',(#12284),#12295,.F.);
#12284 = FACE_BOUND('',#12285,.T.);
#12285 = EDGE_LOOP('',(#12286,#12287,#12288,#12289));
#12286 = ORIENTED_EDGE('',*,*,#12265,.T.);
#12287 = ORIENTED_EDGE('',*,*,#12194,.F.);
#12288 = ORIENTED_EDGE('',*,*,#12225,.F.);
#12289 = ORIENTED_EDGE('',*,*,#12290,.T.);
#12290 = EDGE_CURVE('',#12218,#12266,#12291,.T.);
#12291 = LINE('',#12292,#12293);
#12292 = CARTESIAN_POINT('',(-5.25,-0.675147084275,0.74193495505));
#12293 = VECTOR('',#12294,1.);
#12294 = DIRECTION('',(0.,0.4472135955,-0.894427191));
#12295 = PLANE('',#12296);
#12296 = AXIS2_PLACEMENT_3D('',#12297,#12298,#12299);
#12297 = CARTESIAN_POINT('',(-5.25,-0.675147084275,0.74193495505));
#12298 = DIRECTION('',(1.,0.,0.));
#12299 = DIRECTION('',(-0.,1.,0.));
#12300 = ADVANCED_FACE('',(#12301),#12328,.T.);
#12301 = FACE_BOUND('',#12302,.T.);
#12302 = EDGE_LOOP('',(#12303,#12304,#12313,#12321));
#12303 = ORIENTED_EDGE('',*,*,#12217,.F.);
#12304 = ORIENTED_EDGE('',*,*,#12305,.F.);
#12305 = EDGE_CURVE('',#12306,#12210,#12308,.T.);
#12306 = VERTEX_POINT('',#12307);
#12307 = CARTESIAN_POINT('',(-4.75,-0.42917960675,0.8));
#12308 = CIRCLE('',#12309,0.55);
#12309 = AXIS2_PLACEMENT_3D('',#12310,#12311,#12312);
#12310 = CARTESIAN_POINT('',(-4.75,-0.42917960675,0.25));
#12311 = DIRECTION('',(1.,0.,0.));
#12312 = DIRECTION('',(0.,-1.577021341797E-15,1.));
#12313 = ORIENTED_EDGE('',*,*,#12314,.T.);
#12314 = EDGE_CURVE('',#12306,#12315,#12317,.T.);
#12315 = VERTEX_POINT('',#12316);
#12316 = CARTESIAN_POINT('',(-5.25,-0.42917960675,0.8));
#12317 = LINE('',#12318,#12319);
#12318 = CARTESIAN_POINT('',(-5.25,-0.42917960675,0.8));
#12319 = VECTOR('',#12320,1.);
#12320 = DIRECTION('',(-1.,0.,0.));
#12321 = ORIENTED_EDGE('',*,*,#12322,.T.);
#12322 = EDGE_CURVE('',#12315,#12218,#12323,.T.);
#12323 = CIRCLE('',#12324,0.55);
#12324 = AXIS2_PLACEMENT_3D('',#12325,#12326,#12327);
#12325 = CARTESIAN_POINT('',(-5.25,-0.42917960675,0.25));
#12326 = DIRECTION('',(1.,0.,0.));
#12327 = DIRECTION('',(0.,-1.577021341797E-15,1.));
#12328 = CYLINDRICAL_SURFACE('',#12329,0.55);
#12329 = AXIS2_PLACEMENT_3D('',#12330,#12331,#12332);
#12330 = CARTESIAN_POINT('',(-5.,-0.42917960675,0.25));
#12331 = DIRECTION('',(-1.,0.,0.));
#12332 = DIRECTION('',(0.,0.,-1.));
#12333 = ADVANCED_FACE('',(#12334),#12353,.F.);
#12334 = FACE_BOUND('',#12335,.T.);
#12335 = EDGE_LOOP('',(#12336,#12337,#12338,#12347));
#12336 = ORIENTED_EDGE('',*,*,#12305,.T.);
#12337 = ORIENTED_EDGE('',*,*,#12249,.F.);
#12338 = ORIENTED_EDGE('',*,*,#12339,.F.);
#12339 = EDGE_CURVE('',#12340,#12242,#12342,.T.);
#12340 = VERTEX_POINT('',#12341);
#12341 = CARTESIAN_POINT('',(-4.75,-0.42917960675,0.3));
#12342 = CIRCLE('',#12343,4.999999999998E-02);
#12343 = AXIS2_PLACEMENT_3D('',#12344,#12345,#12346);
#12344 = CARTESIAN_POINT('',(-4.75,-0.42917960675,0.25));
#12345 = DIRECTION('',(1.,0.,0.));
#12346 = DIRECTION('',(0.,-1.734723475978E-14,1.));
#12347 = ORIENTED_EDGE('',*,*,#12348,.T.);
#12348 = EDGE_CURVE('',#12340,#12306,#12349,.T.);
#12349 = LINE('',#12350,#12351);
#12350 = CARTESIAN_POINT('',(-4.75,-0.42917960675,0.8));
#12351 = VECTOR('',#12352,1.);
#12352 = DIRECTION('',(-2.168404344971E-16,0.,1.));
#12353 = PLANE('',#12354);
#12354 = AXIS2_PLACEMENT_3D('',#12355,#12356,#12357);
#12355 = CARTESIAN_POINT('',(-4.75,-0.42917960675,0.8));
#12356 = DIRECTION('',(-1.,0.,0.));
#12357 = DIRECTION('',(0.,0.,1.));
#12358 = ADVANCED_FACE('',(#12359),#12378,.F.);
#12359 = FACE_BOUND('',#12360,.F.);
#12360 = EDGE_LOOP('',(#12361,#12369,#12376,#12377));
#12361 = ORIENTED_EDGE('',*,*,#12362,.F.);
#12362 = EDGE_CURVE('',#12363,#12340,#12365,.T.);
#12363 = VERTEX_POINT('',#12364);
#12364 = CARTESIAN_POINT('',(-5.25,-0.42917960675,0.3));
#12365 = LINE('',#12366,#12367);
#12366 = CARTESIAN_POINT('',(-5.25,-0.42917960675,0.3));
#12367 = VECTOR('',#12368,1.);
#12368 = DIRECTION('',(1.,0.,-2.168404344971E-16));
#12369 = ORIENTED_EDGE('',*,*,#12370,.T.);
#12370 = EDGE_CURVE('',#12363,#12266,#12371,.T.);
#12371 = CIRCLE('',#12372,4.999999999998E-02);
#12372 = AXIS2_PLACEMENT_3D('',#12373,#12374,#12375);
#12373 = CARTESIAN_POINT('',(-5.25,-0.42917960675,0.25));
#12374 = DIRECTION('',(1.,0.,0.));
#12375 = DIRECTION('',(0.,-1.734723475978E-14,1.));
#12376 = ORIENTED_EDGE('',*,*,#12273,.T.);
#12377 = ORIENTED_EDGE('',*,*,#12339,.F.);
#12378 = CYLINDRICAL_SURFACE('',#12379,4.999999999998E-02);
#12379 = AXIS2_PLACEMENT_3D('',#12380,#12381,#12382);
#12380 = CARTESIAN_POINT('',(-5.,-0.42917960675,0.25));
#12381 = DIRECTION('',(-1.,0.,0.));
#12382 = DIRECTION('',(0.,0.,-1.));
#12383 = ADVANCED_FACE('',(#12384),#12395,.F.);
#12384 = FACE_BOUND('',#12385,.T.);
#12385 = EDGE_LOOP('',(#12386,#12387,#12388,#12389));
#12386 = ORIENTED_EDGE('',*,*,#12370,.T.);
#12387 = ORIENTED_EDGE('',*,*,#12290,.F.);
#12388 = ORIENTED_EDGE('',*,*,#12322,.F.);
#12389 = ORIENTED_EDGE('',*,*,#12390,.T.);
#12390 = EDGE_CURVE('',#12315,#12363,#12391,.T.);
#12391 = LINE('',#12392,#12393);
#12392 = CARTESIAN_POINT('',(-5.25,-0.42917960675,0.8));
#12393 = VECTOR('',#12394,1.);
#12394 = DIRECTION('',(0.,0.,-1.));
#12395 = PLANE('',#12396);
#12396 = AXIS2_PLACEMENT_3D('',#12397,#12398,#12399);
#12397 = CARTESIAN_POINT('',(-5.25,-0.42917960675,0.8));
#12398 = DIRECTION('',(1.,0.,0.));
#12399 = DIRECTION('',(-0.,1.,0.));
#12400 = ADVANCED_FACE('',(#12401),#12417,.F.);
#12401 = FACE_BOUND('',#12402,.T.);
#12402 = EDGE_LOOP('',(#12403,#12409,#12410,#12416));
#12403 = ORIENTED_EDGE('',*,*,#12404,.T.);
#12404 = EDGE_CURVE('',#11642,#12315,#12405,.T.);
#12405 = LINE('',#12406,#12407);
#12406 = CARTESIAN_POINT('',(-5.25,5.,0.8));
#12407 = VECTOR('',#12408,1.);
#12408 = DIRECTION('',(0.,-1.,-1.198194479848E-16));
#12409 = ORIENTED_EDGE('',*,*,#12314,.F.);
#12410 = ORIENTED_EDGE('',*,*,#12411,.F.);
#12411 = EDGE_CURVE('',#11609,#12306,#12412,.T.);
#12412 = LINE('',#12413,#12414);
#12413 = CARTESIAN_POINT('',(-4.75,5.,0.8));
#12414 = VECTOR('',#12415,1.);
#12415 = DIRECTION('',(0.,-1.,-1.198194479848E-16));
#12416 = ORIENTED_EDGE('',*,*,#11678,.F.);
#12417 = PLANE('',#12418);
#12418 = AXIS2_PLACEMENT_3D('',#12419,#12420,#12421);
#12419 = CARTESIAN_POINT('',(-5.25,5.,0.8));
#12420 = DIRECTION('',(0.,1.198194479848E-16,-1.));
#12421 = DIRECTION('',(-1.,0.,0.));
#12422 = ADVANCED_FACE('',(#12423),#12434,.F.);
#12423 = FACE_BOUND('',#12424,.T.);
#12424 = EDGE_LOOP('',(#12425,#12426,#12427,#12433));
#12425 = ORIENTED_EDGE('',*,*,#12411,.T.);
#12426 = ORIENTED_EDGE('',*,*,#12348,.F.);
#12427 = ORIENTED_EDGE('',*,*,#12428,.F.);
#12428 = EDGE_CURVE('',#11587,#12340,#12429,.T.);
#12429 = LINE('',#12430,#12431);
#12430 = CARTESIAN_POINT('',(-4.75,5.,0.3));
#12431 = VECTOR('',#12432,1.);
#12432 = DIRECTION('',(0.,-1.,-1.198194479848E-16));
#12433 = ORIENTED_EDGE('',*,*,#11618,.F.);
#12434 = PLANE('',#12435);
#12435 = AXIS2_PLACEMENT_3D('',#12436,#12437,#12438);
#12436 = CARTESIAN_POINT('',(-4.75,5.,0.8));
#12437 = DIRECTION('',(-1.,2.598170116223E-32,-2.168404344971E-16));
#12438 = DIRECTION('',(-2.168404344971E-16,0.,1.));
#12439 = ADVANCED_FACE('',(#12440),#12451,.F.);
#12440 = FACE_BOUND('',#12441,.T.);
#12441 = EDGE_LOOP('',(#12442,#12443,#12444,#12450));
#12442 = ORIENTED_EDGE('',*,*,#12428,.T.);
#12443 = ORIENTED_EDGE('',*,*,#12362,.F.);
#12444 = ORIENTED_EDGE('',*,*,#12445,.F.);
#12445 = EDGE_CURVE('',#11571,#12363,#12446,.T.);
#12446 = LINE('',#12447,#12448);
#12447 = CARTESIAN_POINT('',(-5.25,5.,0.3));
#12448 = VECTOR('',#12449,1.);
#12449 = DIRECTION('',(0.,-1.,-1.198194479848E-16));
#12450 = ORIENTED_EDGE('',*,*,#11594,.F.);
#12451 = PLANE('',#12452);
#12452 = AXIS2_PLACEMENT_3D('',#12453,#12454,#12455);
#12453 = CARTESIAN_POINT('',(-5.25,5.,0.3));
#12454 = DIRECTION('',(2.168404344971E-16,-1.198194479848E-16,1.));
#12455 = DIRECTION('',(1.,0.,-2.168404344971E-16));
#12456 = ADVANCED_FACE('',(#12457),#12463,.F.);
#12457 = FACE_BOUND('',#12458,.T.);
#12458 = EDGE_LOOP('',(#12459,#12460,#12461,#12462));
#12459 = ORIENTED_EDGE('',*,*,#12445,.T.);
#12460 = ORIENTED_EDGE('',*,*,#12390,.F.);
#12461 = ORIENTED_EDGE('',*,*,#12404,.F.);
#12462 = ORIENTED_EDGE('',*,*,#11656,.F.);
#12463 = PLANE('',#12464);
#12464 = AXIS2_PLACEMENT_3D('',#12465,#12466,#12467);
#12465 = CARTESIAN_POINT('',(-5.25,5.,0.8));
#12466 = DIRECTION('',(1.,0.,0.));
#12467 = DIRECTION('',(-0.,1.,0.));
#12468 = ADVANCED_FACE('',(#12469),#12475,.F.);
#12469 = FACE_BOUND('',#12470,.T.);
#12470 = EDGE_LOOP('',(#12471,#12472,#12473,#12474));
#12471 = ORIENTED_EDGE('',*,*,#11742,.F.);
#12472 = ORIENTED_EDGE('',*,*,#11802,.F.);
#12473 = ORIENTED_EDGE('',*,*,#11780,.F.);
#12474 = ORIENTED_EDGE('',*,*,#11718,.F.);
#12475 = PLANE('',#12476);
#12476 = AXIS2_PLACEMENT_3D('',#12477,#12478,#12479);
#12477 = CARTESIAN_POINT('',(-4.,-3.4,1.011922027653E-15));
#12478 = DIRECTION('',(-0.,1.,0.));
#12479 = DIRECTION('',(1.,0.,0.));
#12480 = ADVANCED_FACE('',(#12481),#12487,.T.);
#12481 = FACE_BOUND('',#12482,.T.);
#12482 = EDGE_LOOP('',(#12483,#12484,#12485,#12486));
#12483 = ORIENTED_EDGE('',*,*,#11649,.F.);
#12484 = ORIENTED_EDGE('',*,*,#11671,.F.);
#12485 = ORIENTED_EDGE('',*,*,#11625,.F.);
#12486 = ORIENTED_EDGE('',*,*,#11578,.F.);
#12487 = PLANE('',#12488);
#12488 = AXIS2_PLACEMENT_3D('',#12489,#12490,#12491);
#12489 = CARTESIAN_POINT('',(-4.,5.,6.866613759075E-16));
#12490 = DIRECTION('',(-0.,1.,0.));
#12491 = DIRECTION('',(1.,0.,0.));
#12492 = ( GEOMETRIC_REPRESENTATION_CONTEXT(3) 
GLOBAL_UNCERTAINTY_ASSIGNED_CONTEXT((#12496)) 
GLOBAL_UNIT_ASSIGNED_CONTEXT((#12493,#12494,#12495)) 
REPRESENTATION_CONTEXT('Context #1',
  '3D Context with UNIT and UNCERTAINTY') );
#12493 = ( LENGTH_UNIT() NAMED_UNIT(*) SI_UNIT(.MILLI.,.METRE.) );
#12494 = ( NAMED_UNIT(*) PLANE_ANGLE_UNIT() SI_UNIT($,.RADIAN.) );
#12495 = ( NAMED_UNIT(*) SI_UNIT($,.STERADIAN.) SOLID_ANGLE_UNIT() );
#12496 = UNCERTAINTY_MEASURE_WITH_UNIT(LENGTH_MEASURE(1.E-07),#12493,
  'distance_accuracy_value','confusion accuracy');
#12497 = CONTEXT_DEPENDENT_SHAPE_REPRESENTATION(#12498,#12500);
#12498 = ( REPRESENTATION_RELATIONSHIP('','',#11561,#7973) 
REPRESENTATION_RELATIONSHIP_WITH_TRANSFORMATION(#12499) 
SHAPE_REPRESENTATION_RELATIONSHIP() );
#12499 = ITEM_DEFINED_TRANSFORMATION('','',#11,#7978);
#12500 = PRODUCT_DEFINITION_SHAPE('Placement','Placement of an item',
  #12501);
#12501 = NEXT_ASSEMBLY_USAGE_OCCURRENCE('13','NAUO2','',#7968,#11556,$);
#12502 = PRODUCT_RELATED_PRODUCT_CATEGORY('part',$,(#11558));
#12503 = CONTEXT_DEPENDENT_SHAPE_REPRESENTATION(#12504,#12506);
#12504 = ( REPRESENTATION_RELATIONSHIP('','',#11561,#7973) 
REPRESENTATION_RELATIONSHIP_WITH_TRANSFORMATION(#12505) 
SHAPE_REPRESENTATION_RELATIONSHIP() );
#12505 = ITEM_DEFINED_TRANSFORMATION('','',#11,#7982);
#12506 = PRODUCT_DEFINITION_SHAPE('Placement','Placement of an item',
  #12507);
#12507 = NEXT_ASSEMBLY_USAGE_OCCURRENCE('14','NAUO3','',#7968,#11556,$);
#12508 = CONTEXT_DEPENDENT_SHAPE_REPRESENTATION(#12509,#12511);
#12509 = ( REPRESENTATION_RELATIONSHIP('','',#11561,#7973) 
REPRESENTATION_RELATIONSHIP_WITH_TRANSFORMATION(#12510) 
SHAPE_REPRESENTATION_RELATIONSHIP() );
#12510 = ITEM_DEFINED_TRANSFORMATION('','',#11,#7986);
#12511 = PRODUCT_DEFINITION_SHAPE('Placement','Placement of an item',
  #12512);
#12512 = NEXT_ASSEMBLY_USAGE_OCCURRENCE('15','NAUO4','',#7968,#11556,$);
#12513 = CONTEXT_DEPENDENT_SHAPE_REPRESENTATION(#12514,#12516);
#12514 = ( REPRESENTATION_RELATIONSHIP('','',#11561,#7973) 
REPRESENTATION_RELATIONSHIP_WITH_TRANSFORMATION(#12515) 
SHAPE_REPRESENTATION_RELATIONSHIP() );
#12515 = ITEM_DEFINED_TRANSFORMATION('','',#11,#7990);
#12516 = PRODUCT_DEFINITION_SHAPE('Placement','Placement of an item',
  #12517);
#12517 = NEXT_ASSEMBLY_USAGE_OCCURRENCE('16','NAUO5','',#7968,#11556,$);
#12518 = CONTEXT_DEPENDENT_SHAPE_REPRESENTATION(#12519,#12521);
#12519 = ( REPRESENTATION_RELATIONSHIP('','',#11561,#7973) 
REPRESENTATION_RELATIONSHIP_WITH_TRANSFORMATION(#12520) 
SHAPE_REPRESENTATION_RELATIONSHIP() );
#12520 = ITEM_DEFINED_TRANSFORMATION('','',#11,#7994);
#12521 = PRODUCT_DEFINITION_SHAPE('Placement','Placement of an item',
  #12522);
#12522 = NEXT_ASSEMBLY_USAGE_OCCURRENCE('17','NAUO6','',#7968,#11556,$);
#12523 = CONTEXT_DEPENDENT_SHAPE_REPRESENTATION(#12524,#12526);
#12524 = ( REPRESENTATION_RELATIONSHIP('','',#11561,#7973) 
REPRESENTATION_RELATIONSHIP_WITH_TRANSFORMATION(#12525) 
SHAPE_REPRESENTATION_RELATIONSHIP() );
#12525 = ITEM_DEFINED_TRANSFORMATION('','',#11,#7998);
#12526 = PRODUCT_DEFINITION_SHAPE('Placement','Placement of an item',
  #12527);
#12527 = NEXT_ASSEMBLY_USAGE_OCCURRENCE('18','NAUO7','',#7968,#11556,$);
#12528 = CONTEXT_DEPENDENT_SHAPE_REPRESENTATION(#12529,#12531);
#12529 = ( REPRESENTATION_RELATIONSHIP('','',#11561,#7973) 
REPRESENTATION_RELATIONSHIP_WITH_TRANSFORMATION(#12530) 
SHAPE_REPRESENTATION_RELATIONSHIP() );
#12530 = ITEM_DEFINED_TRANSFORMATION('','',#11,#8002);
#12531 = PRODUCT_DEFINITION_SHAPE('Placement','Placement of an item',
  #12532);
#12532 = NEXT_ASSEMBLY_USAGE_OCCURRENCE('19','NAUO8','',#7968,#11556,$);
#12533 = CONTEXT_DEPENDENT_SHAPE_REPRESENTATION(#12534,#12536);
#12534 = ( REPRESENTATION_RELATIONSHIP('','',#11561,#7973) 
REPRESENTATION_RELATIONSHIP_WITH_TRANSFORMATION(#12535) 
SHAPE_REPRESENTATION_RELATIONSHIP() );
#12535 = ITEM_DEFINED_TRANSFORMATION('','',#11,#8006);
#12536 = PRODUCT_DEFINITION_SHAPE('Placement','Placement of an item',
  #12537);
#12537 = NEXT_ASSEMBLY_USAGE_OCCURRENCE('20','NAUO9','',#7968,#11556,$);
#12538 = CONTEXT_DEPENDENT_SHAPE_REPRESENTATION(#12539,#12541);
#12539 = ( REPRESENTATION_RELATIONSHIP('','',#930,#10) 
REPRESENTATION_RELATIONSHIP_WITH_TRANSFORMATION(#12540) 
SHAPE_REPRESENTATION_RELATIONSHIP() );
#12540 = ITEM_DEFINED_TRANSFORMATION('','',#11,#47);
#12541 = PRODUCT_DEFINITION_SHAPE('Placement','Placement of an item',
  #12542);
#12542 = NEXT_ASSEMBLY_USAGE_OCCURRENCE('22','Servo_1','',#5,#925,$);
#12543 = CONTEXT_DEPENDENT_SHAPE_REPRESENTATION(#12544,#12546);
#12544 = ( REPRESENTATION_RELATIONSHIP('','',#930,#10) 
REPRESENTATION_RELATIONSHIP_WITH_TRANSFORMATION(#12545) 
SHAPE_REPRESENTATION_RELATIONSHIP() );
#12545 = ITEM_DEFINED_TRANSFORMATION('','',#11,#51);
#12546 = PRODUCT_DEFINITION_SHAPE('Placement','Placement of an item',
  #12547);
#12547 = NEXT_ASSEMBLY_USAGE_OCCURRENCE('23','L_50_IR_1','',#5,#925,$);
#12548 = SHAPE_DEFINITION_REPRESENTATION(#12549,#12555);
#12549 = PRODUCT_DEFINITION_SHAPE('','',#12550);
#12550 = PRODUCT_DEFINITION('design','',#12551,#12554);
#12551 = PRODUCT_DEFINITION_FORMATION('','',#12552);
#12552 = PRODUCT('SOT-223','SOT-223','',(#12553));
#12553 = PRODUCT_CONTEXT('',#2,'mechanical');
#12554 = PRODUCT_DEFINITION_CONTEXT('part definition',#2,'design');
#12555 = ADVANCED_BREP_SHAPE_REPRESENTATION('',(#11,#12556),#14808);
#12556 = MANIFOLD_SOLID_BREP('',#12557);
#12557 = CLOSED_SHELL('',(#12558,#12644,#12675,#12698,#12728,#12759,
    #12790,#12821,#12852,#12883,#12913,#12936,#12969,#12992,#13015,
    #13071,#13163,#13255,#13272,#13303,#13395,#13487,#13504,#13535,
    #13627,#13719,#13736,#13792,#13809,#13840,#13857,#13895,#13926,
    #13949,#13993,#14012,#14029,#14046,#14063,#14080,#14097,#14114,
    #14131,#14143,#14162,#14179,#14196,#14213,#14230,#14247,#14264,
    #14281,#14293,#14312,#14329,#14346,#14363,#14380,#14397,#14414,
    #14431,#14443,#14460,#14545,#14630,#14647,#14664,#14687,#14704,
    #14721,#14738,#14755,#14772,#14789,#14801));
#12558 = ADVANCED_FACE('',(#12559),#12639,.T.);
#12559 = FACE_BOUND('',#12560,.T.);
#12560 = EDGE_LOOP('',(#12561,#12571,#12578,#12586,#12594,#12602,#12610,
    #12618,#12626,#12634));
#12561 = ORIENTED_EDGE('',*,*,#12562,.T.);
#12562 = EDGE_CURVE('',#12563,#12565,#12567,.T.);
#12563 = VERTEX_POINT('',#12564);
#12564 = CARTESIAN_POINT('',(-1.656540344923,3.156540344923,0.1));
#12565 = VERTEX_POINT('',#12566);
#12566 = CARTESIAN_POINT('',(-1.656540344923,-3.156540344923,0.1));
#12567 = LINE('',#12568,#12569);
#12568 = CARTESIAN_POINT('',(-1.656540344923,3.156540344923,0.1));
#12569 = VECTOR('',#12570,1.);
#12570 = DIRECTION('',(1.110223024625E-16,-1.,0.));
#12571 = ORIENTED_EDGE('',*,*,#12572,.T.);
#12572 = EDGE_CURVE('',#12565,#12573,#12575,.T.);
#12573 = VERTEX_POINT('',#12574);
#12574 = CARTESIAN_POINT('',(-1.75,-3.25,0.765));
#12575 = B_SPLINE_CURVE_WITH_KNOTS('',1,(#12576,#12577),.UNSPECIFIED.,
  .F.,.F.,(2,2),(0.,1.),.PIECEWISE_BEZIER_KNOTS.);
#12576 = CARTESIAN_POINT('',(-1.656540344923,-3.156540344923,0.1));
#12577 = CARTESIAN_POINT('',(-1.75,-3.25,0.765));
#12578 = ORIENTED_EDGE('',*,*,#12579,.F.);
#12579 = EDGE_CURVE('',#12580,#12573,#12582,.T.);
#12580 = VERTEX_POINT('',#12581);
#12581 = CARTESIAN_POINT('',(-1.75,-2.68345,0.765));
#12582 = LINE('',#12583,#12584);
#12583 = CARTESIAN_POINT('',(-1.75,3.25,0.765));
#12584 = VECTOR('',#12585,1.);
#12585 = DIRECTION('',(1.110223024625E-16,-1.,0.));
#12586 = ORIENTED_EDGE('',*,*,#12587,.F.);
#12587 = EDGE_CURVE('',#12588,#12580,#12590,.T.);
#12588 = VERTEX_POINT('',#12589);
#12589 = CARTESIAN_POINT('',(-1.75,-1.91675,0.765));
#12590 = LINE('',#12591,#12592);
#12591 = CARTESIAN_POINT('',(-1.75,3.25,0.765));
#12592 = VECTOR('',#12593,1.);
#12593 = DIRECTION('',(1.110223024625E-16,-1.,0.));
#12594 = ORIENTED_EDGE('',*,*,#12595,.F.);
#12595 = EDGE_CURVE('',#12596,#12588,#12598,.T.);
#12596 = VERTEX_POINT('',#12597);
#12597 = CARTESIAN_POINT('',(-1.75,-0.38335,0.765));
#12598 = LINE('',#12599,#12600);
#12599 = CARTESIAN_POINT('',(-1.75,3.25,0.765));
#12600 = VECTOR('',#12601,1.);
#12601 = DIRECTION('',(1.110223024625E-16,-1.,0.));
#12602 = ORIENTED_EDGE('',*,*,#12603,.F.);
#12603 = EDGE_CURVE('',#12604,#12596,#12606,.T.);
#12604 = VERTEX_POINT('',#12605);
#12605 = CARTESIAN_POINT('',(-1.75,0.38335,0.765));
#12606 = LINE('',#12607,#12608);
#12607 = CARTESIAN_POINT('',(-1.75,3.25,0.765));
#12608 = VECTOR('',#12609,1.);
#12609 = DIRECTION('',(1.110223024625E-16,-1.,0.));
#12610 = ORIENTED_EDGE('',*,*,#12611,.F.);
#12611 = EDGE_CURVE('',#12612,#12604,#12614,.T.);
#12612 = VERTEX_POINT('',#12613);
#12613 = CARTESIAN_POINT('',(-1.75,1.91675,0.765));
#12614 = LINE('',#12615,#12616);
#12615 = CARTESIAN_POINT('',(-1.75,3.25,0.765));
#12616 = VECTOR('',#12617,1.);
#12617 = DIRECTION('',(1.110223024625E-16,-1.,0.));
#12618 = ORIENTED_EDGE('',*,*,#12619,.F.);
#12619 = EDGE_CURVE('',#12620,#12612,#12622,.T.);
#12620 = VERTEX_POINT('',#12621);
#12621 = CARTESIAN_POINT('',(-1.75,2.68345,0.765));
#12622 = LINE('',#12623,#12624);
#12623 = CARTESIAN_POINT('',(-1.75,3.25,0.765));
#12624 = VECTOR('',#12625,1.);
#12625 = DIRECTION('',(1.110223024625E-16,-1.,0.));
#12626 = ORIENTED_EDGE('',*,*,#12627,.F.);
#12627 = EDGE_CURVE('',#12628,#12620,#12630,.T.);
#12628 = VERTEX_POINT('',#12629);
#12629 = CARTESIAN_POINT('',(-1.75,3.25,0.765));
#12630 = LINE('',#12631,#12632);
#12631 = CARTESIAN_POINT('',(-1.75,3.25,0.765));
#12632 = VECTOR('',#12633,1.);
#12633 = DIRECTION('',(1.110223024625E-16,-1.,0.));
#12634 = ORIENTED_EDGE('',*,*,#12635,.F.);
#12635 = EDGE_CURVE('',#12563,#12628,#12636,.T.);
#12636 = B_SPLINE_CURVE_WITH_KNOTS('',1,(#12637,#12638),.UNSPECIFIED.,
  .F.,.F.,(2,2),(0.,1.),.PIECEWISE_BEZIER_KNOTS.);
#12637 = CARTESIAN_POINT('',(-1.656540344923,3.156540344923,0.1));
#12638 = CARTESIAN_POINT('',(-1.75,3.25,0.765));
#12639 = B_SPLINE_SURFACE_WITH_KNOTS('',1,1,(
    (#12640,#12641)
    ,(#12642,#12643
    )),.UNSPECIFIED.,.F.,.F.,.F.,(2,2),(2,2),(0.,6.5),(0.,1.),
  .PIECEWISE_BEZIER_KNOTS.);
#12640 = CARTESIAN_POINT('',(-1.656540344923,3.156540344923,0.1));
#12641 = CARTESIAN_POINT('',(-1.75,3.25,0.765));
#12642 = CARTESIAN_POINT('',(-1.656540344923,-3.156540344923,0.1));
#12643 = CARTESIAN_POINT('',(-1.75,-3.25,0.765));
#12644 = ADVANCED_FACE('',(#12645),#12670,.T.);
#12645 = FACE_BOUND('',#12646,.F.);
#12646 = EDGE_LOOP('',(#12647,#12648,#12656,#12664));
#12647 = ORIENTED_EDGE('',*,*,#12562,.T.);
#12648 = ORIENTED_EDGE('',*,*,#12649,.T.);
#12649 = EDGE_CURVE('',#12565,#12650,#12652,.T.);
#12650 = VERTEX_POINT('',#12651);
#12651 = CARTESIAN_POINT('',(1.656540344923,-3.156540344923,0.1));
#12652 = LINE('',#12653,#12654);
#12653 = CARTESIAN_POINT('',(-1.656540344923,-3.156540344923,0.1));
#12654 = VECTOR('',#12655,1.);
#12655 = DIRECTION('',(1.,1.110223024625E-16,0.));
#12656 = ORIENTED_EDGE('',*,*,#12657,.T.);
#12657 = EDGE_CURVE('',#12650,#12658,#12660,.T.);
#12658 = VERTEX_POINT('',#12659);
#12659 = CARTESIAN_POINT('',(1.656540344923,3.156540344923,0.1));
#12660 = LINE('',#12661,#12662);
#12661 = CARTESIAN_POINT('',(1.656540344923,-3.156540344923,0.1));
#12662 = VECTOR('',#12663,1.);
#12663 = DIRECTION('',(-1.110223024625E-16,1.,0.));
#12664 = ORIENTED_EDGE('',*,*,#12665,.T.);
#12665 = EDGE_CURVE('',#12658,#12563,#12666,.T.);
#12666 = LINE('',#12667,#12668);
#12667 = CARTESIAN_POINT('',(1.656540344923,3.156540344923,0.1));
#12668 = VECTOR('',#12669,1.);
#12669 = DIRECTION('',(-1.,-1.110223024625E-16,0.));
#12670 = PLANE('',#12671);
#12671 = AXIS2_PLACEMENT_3D('',#12672,#12673,#12674);
#12672 = CARTESIAN_POINT('',(-1.656540344923,3.156540344923,0.1));
#12673 = DIRECTION('',(0.,0.,-1.));
#12674 = DIRECTION('',(0.464692418444,-0.885472165706,0.));
#12675 = ADVANCED_FACE('',(#12676),#12693,.T.);
#12676 = FACE_BOUND('',#12677,.T.);
#12677 = EDGE_LOOP('',(#12678,#12679,#12686,#12692));
#12678 = ORIENTED_EDGE('',*,*,#12649,.T.);
#12679 = ORIENTED_EDGE('',*,*,#12680,.T.);
#12680 = EDGE_CURVE('',#12650,#12681,#12683,.T.);
#12681 = VERTEX_POINT('',#12682);
#12682 = CARTESIAN_POINT('',(1.75,-3.25,0.765));
#12683 = B_SPLINE_CURVE_WITH_KNOTS('',1,(#12684,#12685),.UNSPECIFIED.,
  .F.,.F.,(2,2),(0.,1.),.PIECEWISE_BEZIER_KNOTS.);
#12684 = CARTESIAN_POINT('',(1.656540344923,-3.156540344923,0.1));
#12685 = CARTESIAN_POINT('',(1.75,-3.25,0.765));
#12686 = ORIENTED_EDGE('',*,*,#12687,.F.);
#12687 = EDGE_CURVE('',#12573,#12681,#12688,.T.);
#12688 = LINE('',#12689,#12690);
#12689 = CARTESIAN_POINT('',(-1.75,-3.25,0.765));
#12690 = VECTOR('',#12691,1.);
#12691 = DIRECTION('',(1.,1.110223024625E-16,0.));
#12692 = ORIENTED_EDGE('',*,*,#12572,.F.);
#12693 = B_SPLINE_SURFACE_WITH_KNOTS('',1,1,(
    (#12694,#12695)
    ,(#12696,#12697
    )),.UNSPECIFIED.,.F.,.F.,.F.,(2,2),(2,2),(0.,3.5),(0.,1.),
  .PIECEWISE_BEZIER_KNOTS.);
#12694 = CARTESIAN_POINT('',(-1.656540344923,-3.156540344923,0.1));
#12695 = CARTESIAN_POINT('',(-1.75,-3.25,0.765));
#12696 = CARTESIAN_POINT('',(1.656540344923,-3.156540344923,0.1));
#12697 = CARTESIAN_POINT('',(1.75,-3.25,0.765));
#12698 = ADVANCED_FACE('',(#12699),#12723,.T.);
#12699 = FACE_BOUND('',#12700,.T.);
#12700 = EDGE_LOOP('',(#12701,#12708,#12709,#12717));
#12701 = ORIENTED_EDGE('',*,*,#12702,.F.);
#12702 = EDGE_CURVE('',#12628,#12703,#12705,.T.);
#12703 = VERTEX_POINT('',#12704);
#12704 = CARTESIAN_POINT('',(-1.75,3.25,1.035));
#12705 = B_SPLINE_CURVE_WITH_KNOTS('',1,(#12706,#12707),.UNSPECIFIED.,
  .F.,.F.,(2,2),(0.,1.),.PIECEWISE_BEZIER_KNOTS.);
#12706 = CARTESIAN_POINT('',(-1.75,3.25,0.765));
#12707 = CARTESIAN_POINT('',(-1.75,3.25,1.035));
#12708 = ORIENTED_EDGE('',*,*,#12627,.T.);
#12709 = ORIENTED_EDGE('',*,*,#12710,.F.);
#12710 = EDGE_CURVE('',#12711,#12620,#12713,.T.);
#12711 = VERTEX_POINT('',#12712);
#12712 = CARTESIAN_POINT('',(-1.75,2.68345,1.035));
#12713 = LINE('',#12714,#12715);
#12714 = CARTESIAN_POINT('',(-1.75,2.68345,0.773709888363));
#12715 = VECTOR('',#12716,1.);
#12716 = DIRECTION('',(0.,0.,-1.));
#12717 = ORIENTED_EDGE('',*,*,#12718,.F.);
#12718 = EDGE_CURVE('',#12703,#12711,#12719,.T.);
#12719 = LINE('',#12720,#12721);
#12720 = CARTESIAN_POINT('',(-1.75,3.25,1.035));
#12721 = VECTOR('',#12722,1.);
#12722 = DIRECTION('',(1.110223024625E-16,-1.,0.));
#12723 = PLANE('',#12724);
#12724 = AXIS2_PLACEMENT_3D('',#12725,#12726,#12727);
#12725 = CARTESIAN_POINT('',(-1.75,3.25,1.035));
#12726 = DIRECTION('',(-1.,-1.110223024625E-16,0.));
#12727 = DIRECTION('',(1.110223024625E-16,-1.,0.));
#12728 = ADVANCED_FACE('',(#12729),#12754,.F.);
#12729 = FACE_BOUND('',#12730,.F.);
#12730 = EDGE_LOOP('',(#12731,#12739,#12740,#12748));
#12731 = ORIENTED_EDGE('',*,*,#12732,.F.);
#12732 = EDGE_CURVE('',#12612,#12733,#12735,.T.);
#12733 = VERTEX_POINT('',#12734);
#12734 = CARTESIAN_POINT('',(-2.25,1.91675,0.765));
#12735 = LINE('',#12736,#12737);
#12736 = CARTESIAN_POINT('',(-1.72,1.91675,0.765));
#12737 = VECTOR('',#12738,1.);
#12738 = DIRECTION('',(-1.,1.144237745222E-17,0.));
#12739 = ORIENTED_EDGE('',*,*,#12619,.F.);
#12740 = ORIENTED_EDGE('',*,*,#12741,.T.);
#12741 = EDGE_CURVE('',#12620,#12742,#12744,.T.);
#12742 = VERTEX_POINT('',#12743);
#12743 = CARTESIAN_POINT('',(-2.25,2.68345,0.765));
#12744 = LINE('',#12745,#12746);
#12745 = CARTESIAN_POINT('',(-1.72,2.68345,0.765));
#12746 = VECTOR('',#12747,1.);
#12747 = DIRECTION('',(-1.,1.144237745222E-17,0.));
#12748 = ORIENTED_EDGE('',*,*,#12749,.F.);
#12749 = EDGE_CURVE('',#12733,#12742,#12750,.T.);
#12750 = LINE('',#12751,#12752);
#12751 = CARTESIAN_POINT('',(-2.25,1.91675,0.765));
#12752 = VECTOR('',#12753,1.);
#12753 = DIRECTION('',(1.144237745222E-17,1.,0.));
#12754 = PLANE('',#12755);
#12755 = AXIS2_PLACEMENT_3D('',#12756,#12757,#12758);
#12756 = CARTESIAN_POINT('',(-1.72,1.91675,0.765));
#12757 = DIRECTION('',(0.,0.,1.));
#12758 = DIRECTION('',(-1.,1.144237745222E-17,0.));
#12759 = ADVANCED_FACE('',(#12760),#12785,.T.);
#12760 = FACE_BOUND('',#12761,.T.);
#12761 = EDGE_LOOP('',(#12762,#12770,#12771,#12779));
#12762 = ORIENTED_EDGE('',*,*,#12763,.T.);
#12763 = EDGE_CURVE('',#12764,#12612,#12766,.T.);
#12764 = VERTEX_POINT('',#12765);
#12765 = CARTESIAN_POINT('',(-1.75,1.91675,1.035));
#12766 = LINE('',#12767,#12768);
#12767 = CARTESIAN_POINT('',(-1.75,1.91675,0.773709888363));
#12768 = VECTOR('',#12769,1.);
#12769 = DIRECTION('',(0.,0.,-1.));
#12770 = ORIENTED_EDGE('',*,*,#12611,.T.);
#12771 = ORIENTED_EDGE('',*,*,#12772,.F.);
#12772 = EDGE_CURVE('',#12773,#12604,#12775,.T.);
#12773 = VERTEX_POINT('',#12774);
#12774 = CARTESIAN_POINT('',(-1.75,0.38335,1.035));
#12775 = LINE('',#12776,#12777);
#12776 = CARTESIAN_POINT('',(-1.75,0.38335,0.773709888363));
#12777 = VECTOR('',#12778,1.);
#12778 = DIRECTION('',(0.,0.,-1.));
#12779 = ORIENTED_EDGE('',*,*,#12780,.F.);
#12780 = EDGE_CURVE('',#12764,#12773,#12781,.T.);
#12781 = LINE('',#12782,#12783);
#12782 = CARTESIAN_POINT('',(-1.75,3.25,1.035));
#12783 = VECTOR('',#12784,1.);
#12784 = DIRECTION('',(1.110223024625E-16,-1.,0.));
#12785 = PLANE('',#12786);
#12786 = AXIS2_PLACEMENT_3D('',#12787,#12788,#12789);
#12787 = CARTESIAN_POINT('',(-1.75,3.25,1.035));
#12788 = DIRECTION('',(-1.,-1.110223024625E-16,0.));
#12789 = DIRECTION('',(1.110223024625E-16,-1.,0.));
#12790 = ADVANCED_FACE('',(#12791),#12816,.F.);
#12791 = FACE_BOUND('',#12792,.F.);
#12792 = EDGE_LOOP('',(#12793,#12801,#12802,#12810));
#12793 = ORIENTED_EDGE('',*,*,#12794,.F.);
#12794 = EDGE_CURVE('',#12596,#12795,#12797,.T.);
#12795 = VERTEX_POINT('',#12796);
#12796 = CARTESIAN_POINT('',(-2.25,-0.38335,0.765));
#12797 = LINE('',#12798,#12799);
#12798 = CARTESIAN_POINT('',(-1.72,-0.38335,0.765));
#12799 = VECTOR('',#12800,1.);
#12800 = DIRECTION('',(-1.,1.144237745222E-17,0.));
#12801 = ORIENTED_EDGE('',*,*,#12603,.F.);
#12802 = ORIENTED_EDGE('',*,*,#12803,.T.);
#12803 = EDGE_CURVE('',#12604,#12804,#12806,.T.);
#12804 = VERTEX_POINT('',#12805);
#12805 = CARTESIAN_POINT('',(-2.25,0.38335,0.765));
#12806 = LINE('',#12807,#12808);
#12807 = CARTESIAN_POINT('',(-1.72,0.38335,0.765));
#12808 = VECTOR('',#12809,1.);
#12809 = DIRECTION('',(-1.,1.144237745222E-17,0.));
#12810 = ORIENTED_EDGE('',*,*,#12811,.F.);
#12811 = EDGE_CURVE('',#12795,#12804,#12812,.T.);
#12812 = LINE('',#12813,#12814);
#12813 = CARTESIAN_POINT('',(-2.25,-0.38335,0.765));
#12814 = VECTOR('',#12815,1.);
#12815 = DIRECTION('',(1.144237745222E-17,1.,0.));
#12816 = PLANE('',#12817);
#12817 = AXIS2_PLACEMENT_3D('',#12818,#12819,#12820);
#12818 = CARTESIAN_POINT('',(-1.72,-0.38335,0.765));
#12819 = DIRECTION('',(0.,0.,1.));
#12820 = DIRECTION('',(-1.,1.144237745222E-17,0.));
#12821 = ADVANCED_FACE('',(#12822),#12847,.T.);
#12822 = FACE_BOUND('',#12823,.T.);
#12823 = EDGE_LOOP('',(#12824,#12832,#12833,#12841));
#12824 = ORIENTED_EDGE('',*,*,#12825,.T.);
#12825 = EDGE_CURVE('',#12826,#12596,#12828,.T.);
#12826 = VERTEX_POINT('',#12827);
#12827 = CARTESIAN_POINT('',(-1.75,-0.38335,1.035));
#12828 = LINE('',#12829,#12830);
#12829 = CARTESIAN_POINT('',(-1.75,-0.38335,0.773709888363));
#12830 = VECTOR('',#12831,1.);
#12831 = DIRECTION('',(0.,0.,-1.));
#12832 = ORIENTED_EDGE('',*,*,#12595,.T.);
#12833 = ORIENTED_EDGE('',*,*,#12834,.F.);
#12834 = EDGE_CURVE('',#12835,#12588,#12837,.T.);
#12835 = VERTEX_POINT('',#12836);
#12836 = CARTESIAN_POINT('',(-1.75,-1.91675,1.035));
#12837 = LINE('',#12838,#12839);
#12838 = CARTESIAN_POINT('',(-1.75,-1.91675,0.773709888363));
#12839 = VECTOR('',#12840,1.);
#12840 = DIRECTION('',(0.,0.,-1.));
#12841 = ORIENTED_EDGE('',*,*,#12842,.F.);
#12842 = EDGE_CURVE('',#12826,#12835,#12843,.T.);
#12843 = LINE('',#12844,#12845);
#12844 = CARTESIAN_POINT('',(-1.75,3.25,1.035));
#12845 = VECTOR('',#12846,1.);
#12846 = DIRECTION('',(1.110223024625E-16,-1.,0.));
#12847 = PLANE('',#12848);
#12848 = AXIS2_PLACEMENT_3D('',#12849,#12850,#12851);
#12849 = CARTESIAN_POINT('',(-1.75,3.25,1.035));
#12850 = DIRECTION('',(-1.,-1.110223024625E-16,0.));
#12851 = DIRECTION('',(1.110223024625E-16,-1.,0.));
#12852 = ADVANCED_FACE('',(#12853),#12878,.F.);
#12853 = FACE_BOUND('',#12854,.F.);
#12854 = EDGE_LOOP('',(#12855,#12863,#12864,#12872));
#12855 = ORIENTED_EDGE('',*,*,#12856,.F.);
#12856 = EDGE_CURVE('',#12580,#12857,#12859,.T.);
#12857 = VERTEX_POINT('',#12858);
#12858 = CARTESIAN_POINT('',(-2.25,-2.68345,0.765));
#12859 = LINE('',#12860,#12861);
#12860 = CARTESIAN_POINT('',(-1.72,-2.68345,0.765));
#12861 = VECTOR('',#12862,1.);
#12862 = DIRECTION('',(-1.,1.144237745222E-17,0.));
#12863 = ORIENTED_EDGE('',*,*,#12587,.F.);
#12864 = ORIENTED_EDGE('',*,*,#12865,.T.);
#12865 = EDGE_CURVE('',#12588,#12866,#12868,.T.);
#12866 = VERTEX_POINT('',#12867);
#12867 = CARTESIAN_POINT('',(-2.25,-1.91675,0.765));
#12868 = LINE('',#12869,#12870);
#12869 = CARTESIAN_POINT('',(-1.72,-1.91675,0.765));
#12870 = VECTOR('',#12871,1.);
#12871 = DIRECTION('',(-1.,1.144237745222E-17,0.));
#12872 = ORIENTED_EDGE('',*,*,#12873,.F.);
#12873 = EDGE_CURVE('',#12857,#12866,#12874,.T.);
#12874 = LINE('',#12875,#12876);
#12875 = CARTESIAN_POINT('',(-2.25,-2.68345,0.765));
#12876 = VECTOR('',#12877,1.);
#12877 = DIRECTION('',(1.144237745222E-17,1.,0.));
#12878 = PLANE('',#12879);
#12879 = AXIS2_PLACEMENT_3D('',#12880,#12881,#12882);
#12880 = CARTESIAN_POINT('',(-1.72,-2.68345,0.765));
#12881 = DIRECTION('',(0.,0.,1.));
#12882 = DIRECTION('',(-1.,1.144237745222E-17,0.));
#12883 = ADVANCED_FACE('',(#12884),#12908,.T.);
#12884 = FACE_BOUND('',#12885,.T.);
#12885 = EDGE_LOOP('',(#12886,#12894,#12895,#12902));
#12886 = ORIENTED_EDGE('',*,*,#12887,.T.);
#12887 = EDGE_CURVE('',#12888,#12580,#12890,.T.);
#12888 = VERTEX_POINT('',#12889);
#12889 = CARTESIAN_POINT('',(-1.75,-2.68345,1.035));
#12890 = LINE('',#12891,#12892);
#12891 = CARTESIAN_POINT('',(-1.75,-2.68345,0.773709888363));
#12892 = VECTOR('',#12893,1.);
#12893 = DIRECTION('',(0.,0.,-1.));
#12894 = ORIENTED_EDGE('',*,*,#12579,.T.);
#12895 = ORIENTED_EDGE('',*,*,#12896,.T.);
#12896 = EDGE_CURVE('',#12573,#12897,#12899,.T.);
#12897 = VERTEX_POINT('',#12898);
#12898 = CARTESIAN_POINT('',(-1.75,-3.25,1.035));
#12899 = B_SPLINE_CURVE_WITH_KNOTS('',1,(#12900,#12901),.UNSPECIFIED.,
  .F.,.F.,(2,2),(0.,1.),.PIECEWISE_BEZIER_KNOTS.);
#12900 = CARTESIAN_POINT('',(-1.75,-3.25,0.765));
#12901 = CARTESIAN_POINT('',(-1.75,-3.25,1.035));
#12902 = ORIENTED_EDGE('',*,*,#12903,.F.);
#12903 = EDGE_CURVE('',#12888,#12897,#12904,.T.);
#12904 = LINE('',#12905,#12906);
#12905 = CARTESIAN_POINT('',(-1.75,3.25,1.035));
#12906 = VECTOR('',#12907,1.);
#12907 = DIRECTION('',(1.110223024625E-16,-1.,0.));
#12908 = PLANE('',#12909);
#12909 = AXIS2_PLACEMENT_3D('',#12910,#12911,#12912);
#12910 = CARTESIAN_POINT('',(-1.75,3.25,1.035));
#12911 = DIRECTION('',(-1.,-1.110223024625E-16,0.));
#12912 = DIRECTION('',(1.110223024625E-16,-1.,0.));
#12913 = ADVANCED_FACE('',(#12914),#12931,.T.);
#12914 = FACE_BOUND('',#12915,.T.);
#12915 = EDGE_LOOP('',(#12916,#12917,#12918,#12926));
#12916 = ORIENTED_EDGE('',*,*,#12665,.T.);
#12917 = ORIENTED_EDGE('',*,*,#12635,.T.);
#12918 = ORIENTED_EDGE('',*,*,#12919,.F.);
#12919 = EDGE_CURVE('',#12920,#12628,#12922,.T.);
#12920 = VERTEX_POINT('',#12921);
#12921 = CARTESIAN_POINT('',(1.75,3.25,0.765));
#12922 = LINE('',#12923,#12924);
#12923 = CARTESIAN_POINT('',(1.75,3.25,0.765));
#12924 = VECTOR('',#12925,1.);
#12925 = DIRECTION('',(-1.,-1.110223024625E-16,0.));
#12926 = ORIENTED_EDGE('',*,*,#12927,.F.);
#12927 = EDGE_CURVE('',#12658,#12920,#12928,.T.);
#12928 = B_SPLINE_CURVE_WITH_KNOTS('',1,(#12929,#12930),.UNSPECIFIED.,
  .F.,.F.,(2,2),(0.,1.),.PIECEWISE_BEZIER_KNOTS.);
#12929 = CARTESIAN_POINT('',(1.656540344923,3.156540344923,0.1));
#12930 = CARTESIAN_POINT('',(1.75,3.25,0.765));
#12931 = B_SPLINE_SURFACE_WITH_KNOTS('',1,1,(
    (#12932,#12933)
    ,(#12934,#12935
    )),.UNSPECIFIED.,.F.,.F.,.F.,(2,2),(2,2),(0.,3.5),(0.,1.),
  .PIECEWISE_BEZIER_KNOTS.);
#12932 = CARTESIAN_POINT('',(1.656540344923,3.156540344923,0.1));
#12933 = CARTESIAN_POINT('',(1.75,3.25,0.765));
#12934 = CARTESIAN_POINT('',(-1.656540344923,3.156540344923,0.1));
#12935 = CARTESIAN_POINT('',(-1.75,3.25,0.765));
#12936 = ADVANCED_FACE('',(#12937),#12964,.T.);
#12937 = FACE_BOUND('',#12938,.T.);
#12938 = EDGE_LOOP('',(#12939,#12940,#12941,#12949,#12957,#12963));
#12939 = ORIENTED_EDGE('',*,*,#12657,.T.);
#12940 = ORIENTED_EDGE('',*,*,#12927,.T.);
#12941 = ORIENTED_EDGE('',*,*,#12942,.F.);
#12942 = EDGE_CURVE('',#12943,#12920,#12945,.T.);
#12943 = VERTEX_POINT('',#12944);
#12944 = CARTESIAN_POINT('',(1.75,1.15005,0.765));
#12945 = LINE('',#12946,#12947);
#12946 = CARTESIAN_POINT('',(1.75,-3.25,0.765));
#12947 = VECTOR('',#12948,1.);
#12948 = DIRECTION('',(-1.110223024625E-16,1.,0.));
#12949 = ORIENTED_EDGE('',*,*,#12950,.F.);
#12950 = EDGE_CURVE('',#12951,#12943,#12953,.T.);
#12951 = VERTEX_POINT('',#12952);
#12952 = CARTESIAN_POINT('',(1.75,-1.15005,0.765));
#12953 = LINE('',#12954,#12955);
#12954 = CARTESIAN_POINT('',(1.75,-3.25,0.765));
#12955 = VECTOR('',#12956,1.);
#12956 = DIRECTION('',(-1.110223024625E-16,1.,0.));
#12957 = ORIENTED_EDGE('',*,*,#12958,.F.);
#12958 = EDGE_CURVE('',#12681,#12951,#12959,.T.);
#12959 = LINE('',#12960,#12961);
#12960 = CARTESIAN_POINT('',(1.75,-3.25,0.765));
#12961 = VECTOR('',#12962,1.);
#12962 = DIRECTION('',(-1.110223024625E-16,1.,0.));
#12963 = ORIENTED_EDGE('',*,*,#12680,.F.);
#12964 = B_SPLINE_SURFACE_WITH_KNOTS('',1,1,(
    (#12965,#12966)
    ,(#12967,#12968
    )),.UNSPECIFIED.,.F.,.F.,.F.,(2,2),(2,2),(0.,6.5),(0.,1.),
  .PIECEWISE_BEZIER_KNOTS.);
#12965 = CARTESIAN_POINT('',(1.656540344923,-3.156540344923,0.1));
#12966 = CARTESIAN_POINT('',(1.75,-3.25,0.765));
#12967 = CARTESIAN_POINT('',(1.656540344923,3.156540344923,0.1));
#12968 = CARTESIAN_POINT('',(1.75,3.25,0.765));
#12969 = ADVANCED_FACE('',(#12970),#12987,.T.);
#12970 = FACE_BOUND('',#12971,.T.);
#12971 = EDGE_LOOP('',(#12972,#12973,#12980,#12986));
#12972 = ORIENTED_EDGE('',*,*,#12687,.T.);
#12973 = ORIENTED_EDGE('',*,*,#12974,.T.);
#12974 = EDGE_CURVE('',#12681,#12975,#12977,.T.);
#12975 = VERTEX_POINT('',#12976);
#12976 = CARTESIAN_POINT('',(1.75,-3.25,1.035));
#12977 = B_SPLINE_CURVE_WITH_KNOTS('',1,(#12978,#12979),.UNSPECIFIED.,
  .F.,.F.,(2,2),(0.,1.),.PIECEWISE_BEZIER_KNOTS.);
#12978 = CARTESIAN_POINT('',(1.75,-3.25,0.765));
#12979 = CARTESIAN_POINT('',(1.75,-3.25,1.035));
#12980 = ORIENTED_EDGE('',*,*,#12981,.F.);
#12981 = EDGE_CURVE('',#12897,#12975,#12982,.T.);
#12982 = LINE('',#12983,#12984);
#12983 = CARTESIAN_POINT('',(-1.75,-3.25,1.035));
#12984 = VECTOR('',#12985,1.);
#12985 = DIRECTION('',(1.,1.110223024625E-16,0.));
#12986 = ORIENTED_EDGE('',*,*,#12896,.F.);
#12987 = PLANE('',#12988);
#12988 = AXIS2_PLACEMENT_3D('',#12989,#12990,#12991);
#12989 = CARTESIAN_POINT('',(-1.75,-3.25,1.035));
#12990 = DIRECTION('',(1.110223024625E-16,-1.,0.));
#12991 = DIRECTION('',(1.,1.110223024625E-16,0.));
#12992 = ADVANCED_FACE('',(#12993),#13010,.T.);
#12993 = FACE_BOUND('',#12994,.T.);
#12994 = EDGE_LOOP('',(#12995,#12996,#12997,#13005));
#12995 = ORIENTED_EDGE('',*,*,#12919,.T.);
#12996 = ORIENTED_EDGE('',*,*,#12702,.T.);
#12997 = ORIENTED_EDGE('',*,*,#12998,.F.);
#12998 = EDGE_CURVE('',#12999,#12703,#13001,.T.);
#12999 = VERTEX_POINT('',#13000);
#13000 = CARTESIAN_POINT('',(1.75,3.25,1.035));
#13001 = LINE('',#13002,#13003);
#13002 = CARTESIAN_POINT('',(1.75,3.25,1.035));
#13003 = VECTOR('',#13004,1.);
#13004 = DIRECTION('',(-1.,-1.110223024625E-16,0.));
#13005 = ORIENTED_EDGE('',*,*,#13006,.F.);
#13006 = EDGE_CURVE('',#12920,#12999,#13007,.T.);
#13007 = B_SPLINE_CURVE_WITH_KNOTS('',1,(#13008,#13009),.UNSPECIFIED.,
  .F.,.F.,(2,2),(0.,1.),.PIECEWISE_BEZIER_KNOTS.);
#13008 = CARTESIAN_POINT('',(1.75,3.25,0.765));
#13009 = CARTESIAN_POINT('',(1.75,3.25,1.035));
#13010 = PLANE('',#13011);
#13011 = AXIS2_PLACEMENT_3D('',#13012,#13013,#13014);
#13012 = CARTESIAN_POINT('',(1.75,3.25,1.035));
#13013 = DIRECTION('',(-1.110223024625E-16,1.,0.));
#13014 = DIRECTION('',(-1.,-1.110223024625E-16,0.));
#13015 = ADVANCED_FACE('',(#13016),#13066,.T.);
#13016 = FACE_BOUND('',#13017,.T.);
#13017 = EDGE_LOOP('',(#13018,#13019,#13020,#13028,#13036,#13044,#13052,
    #13060));
#13018 = ORIENTED_EDGE('',*,*,#12998,.T.);
#13019 = ORIENTED_EDGE('',*,*,#12718,.T.);
#13020 = ORIENTED_EDGE('',*,*,#13021,.T.);
#13021 = EDGE_CURVE('',#12711,#13022,#13024,.T.);
#13022 = VERTEX_POINT('',#13023);
#13023 = CARTESIAN_POINT('',(-1.735,2.68345,1.035));
#13024 = LINE('',#13025,#13026);
#13025 = CARTESIAN_POINT('',(-2.25,2.68345,1.035));
#13026 = VECTOR('',#13027,1.);
#13027 = DIRECTION('',(1.,-1.144237745222E-17,0.));
#13028 = ORIENTED_EDGE('',*,*,#13029,.F.);
#13029 = EDGE_CURVE('',#13030,#13022,#13032,.T.);
#13030 = VERTEX_POINT('',#13031);
#13031 = CARTESIAN_POINT('',(-1.735,3.235,1.035));
#13032 = LINE('',#13033,#13034);
#13033 = CARTESIAN_POINT('',(-1.735,3.235,1.035));
#13034 = VECTOR('',#13035,1.);
#13035 = DIRECTION('',(1.110223024625E-16,-1.,0.));
#13036 = ORIENTED_EDGE('',*,*,#13037,.F.);
#13037 = EDGE_CURVE('',#13038,#13030,#13040,.T.);
#13038 = VERTEX_POINT('',#13039);
#13039 = CARTESIAN_POINT('',(1.735,3.235,1.035));
#13040 = LINE('',#13041,#13042);
#13041 = CARTESIAN_POINT('',(1.735,3.235,1.035));
#13042 = VECTOR('',#13043,1.);
#13043 = DIRECTION('',(-1.,-1.110223024625E-16,0.));
#13044 = ORIENTED_EDGE('',*,*,#13045,.F.);
#13045 = EDGE_CURVE('',#13046,#13038,#13048,.T.);
#13046 = VERTEX_POINT('',#13047);
#13047 = CARTESIAN_POINT('',(1.735,1.15005,1.035));
#13048 = LINE('',#13049,#13050);
#13049 = CARTESIAN_POINT('',(1.735,-3.235,1.035));
#13050 = VECTOR('',#13051,1.);
#13051 = DIRECTION('',(-1.110223024625E-16,1.,0.));
#13052 = ORIENTED_EDGE('',*,*,#13053,.F.);
#13053 = EDGE_CURVE('',#13054,#13046,#13056,.T.);
#13054 = VERTEX_POINT('',#13055);
#13055 = CARTESIAN_POINT('',(1.75,1.15005,1.035));
#13056 = LINE('',#13057,#13058);
#13057 = CARTESIAN_POINT('',(2.25,1.15005,1.035));
#13058 = VECTOR('',#13059,1.);
#13059 = DIRECTION('',(-1.,-1.110223024625E-16,0.));
#13060 = ORIENTED_EDGE('',*,*,#13061,.T.);
#13061 = EDGE_CURVE('',#13054,#12999,#13062,.T.);
#13062 = LINE('',#13063,#13064);
#13063 = CARTESIAN_POINT('',(1.75,-3.25,1.035));
#13064 = VECTOR('',#13065,1.);
#13065 = DIRECTION('',(-1.110223024625E-16,1.,0.));
#13066 = PLANE('',#13067);
#13067 = AXIS2_PLACEMENT_3D('',#13068,#13069,#13070);
#13068 = CARTESIAN_POINT('',(-1.7425,-3.732941412364E-16,1.035));
#13069 = DIRECTION('',(-2.496972947931E-25,-3.410490578954E-32,1.));
#13070 = DIRECTION('',(1.025679957475E-16,-1.,-3.410490576393E-32));
#13071 = ADVANCED_FACE('',(#13072),#13158,.T.);
#13072 = FACE_BOUND('',#13073,.T.);
#13073 = EDGE_LOOP('',(#13074,#13075,#13076,#13085,#13093,#13102,#13110,
    #13118,#13126,#13135,#13143,#13152));
#13074 = ORIENTED_EDGE('',*,*,#12710,.T.);
#13075 = ORIENTED_EDGE('',*,*,#12741,.T.);
#13076 = ORIENTED_EDGE('',*,*,#13077,.T.);
#13077 = EDGE_CURVE('',#12742,#13078,#13080,.T.);
#13078 = VERTEX_POINT('',#13079);
#13079 = CARTESIAN_POINT('',(-2.446961550602,2.68345,0.599729635533));
#13080 = CIRCLE('',#13081,0.2);
#13081 = AXIS2_PLACEMENT_3D('',#13082,#13083,#13084);
#13082 = CARTESIAN_POINT('',(-2.25,2.68345,0.565));
#13083 = DIRECTION('',(-1.144237745222E-17,-1.,0.));
#13084 = DIRECTION('',(0.,0.,1.));
#13085 = ORIENTED_EDGE('',*,*,#13086,.T.);
#13086 = EDGE_CURVE('',#13078,#13087,#13089,.T.);
#13087 = VERTEX_POINT('',#13088);
#13088 = CARTESIAN_POINT('',(-2.473891419252,2.68345,0.388385356497));
#13089 = LINE('',#13090,#13091);
#13090 = CARTESIAN_POINT('',(-2.446961550602,2.68345,0.599729635533));
#13091 = VECTOR('',#13092,1.);
#13092 = DIRECTION('',(-0.126399799104,1.446314211233E-18,
    -0.991979380222));
#13093 = ORIENTED_EDGE('',*,*,#13094,.T.);
#13094 = EDGE_CURVE('',#13087,#13095,#13097,.T.);
#13095 = VERTEX_POINT('',#13096);
#13096 = CARTESIAN_POINT('',(-2.936751063167,2.68345,-1.665334536938E-16
    ));
#13097 = CIRCLE('',#13098,0.47);
#13098 = AXIS2_PLACEMENT_3D('',#13099,#13100,#13101);
#13099 = CARTESIAN_POINT('',(-2.936751063167,2.68345,0.47));
#13100 = DIRECTION('',(1.144237745222E-17,1.,-1.155557966632E-33));
#13101 = DIRECTION('',(0.984807753012,-1.126854202784E-17,
    -0.173648177667));
#13102 = ORIENTED_EDGE('',*,*,#13103,.T.);
#13103 = EDGE_CURVE('',#13095,#13104,#13106,.T.);
#13104 = VERTEX_POINT('',#13105);
#13105 = CARTESIAN_POINT('',(-3.5,2.68345,-1.665334536938E-16));
#13106 = LINE('',#13107,#13108);
#13107 = CARTESIAN_POINT('',(-2.936751063167,2.68345,-1.665334536938E-16
    ));
#13108 = VECTOR('',#13109,1.);
#13109 = DIRECTION('',(-1.,1.144237745222E-17,0.));
#13110 = ORIENTED_EDGE('',*,*,#13111,.T.);
#13111 = EDGE_CURVE('',#13104,#13112,#13114,.T.);
#13112 = VERTEX_POINT('',#13113);
#13113 = CARTESIAN_POINT('',(-3.5,2.68345,0.27));
#13114 = LINE('',#13115,#13116);
#13115 = CARTESIAN_POINT('',(-3.5,2.68345,-1.665334536938E-16));
#13116 = VECTOR('',#13117,1.);
#13117 = DIRECTION('',(0.,0.,1.));
#13118 = ORIENTED_EDGE('',*,*,#13119,.T.);
#13119 = EDGE_CURVE('',#13112,#13120,#13122,.T.);
#13120 = VERTEX_POINT('',#13121);
#13121 = CARTESIAN_POINT('',(-2.936751063167,2.68345,0.27));
#13122 = LINE('',#13123,#13124);
#13123 = CARTESIAN_POINT('',(-3.5,2.68345,0.27));
#13124 = VECTOR('',#13125,1.);
#13125 = DIRECTION('',(1.,-1.144237745222E-17,0.));
#13126 = ORIENTED_EDGE('',*,*,#13127,.T.);
#13127 = EDGE_CURVE('',#13120,#13128,#13130,.T.);
#13128 = VERTEX_POINT('',#13129);
#13129 = CARTESIAN_POINT('',(-2.739789512565,2.68345,0.435270364467));
#13130 = CIRCLE('',#13131,0.2);
#13131 = AXIS2_PLACEMENT_3D('',#13132,#13133,#13134);
#13132 = CARTESIAN_POINT('',(-2.936751063167,2.68345,0.47));
#13133 = DIRECTION('',(-1.144237745222E-17,-1.,0.));
#13134 = DIRECTION('',(-2.22044604925E-15,2.540718180781E-32,-1.));
#13135 = ORIENTED_EDGE('',*,*,#13136,.T.);
#13136 = EDGE_CURVE('',#13128,#13137,#13139,.T.);
#13137 = VERTEX_POINT('',#13138);
#13138 = CARTESIAN_POINT('',(-2.712859643916,2.68345,0.646614643503));
#13139 = LINE('',#13140,#13141);
#13140 = CARTESIAN_POINT('',(-2.739789512565,2.68345,0.435270364467));
#13141 = VECTOR('',#13142,1.);
#13142 = DIRECTION('',(0.126399799104,-1.446314211233E-18,0.991979380222
    ));
#13143 = ORIENTED_EDGE('',*,*,#13144,.T.);
#13144 = EDGE_CURVE('',#13137,#13145,#13147,.T.);
#13145 = VERTEX_POINT('',#13146);
#13146 = CARTESIAN_POINT('',(-2.25,2.68345,1.035));
#13147 = CIRCLE('',#13148,0.47);
#13148 = AXIS2_PLACEMENT_3D('',#13149,#13150,#13151);
#13149 = CARTESIAN_POINT('',(-2.25,2.68345,0.565));
#13150 = DIRECTION('',(1.144237745222E-17,1.,-2.311115933265E-33));
#13151 = DIRECTION('',(-0.984807753012,1.126854202784E-17,0.173648177667
    ));
#13152 = ORIENTED_EDGE('',*,*,#13153,.T.);
#13153 = EDGE_CURVE('',#13145,#12711,#13154,.T.);
#13154 = LINE('',#13155,#13156);
#13155 = CARTESIAN_POINT('',(-2.25,2.68345,1.035));
#13156 = VECTOR('',#13157,1.);
#13157 = DIRECTION('',(1.,-1.144237745222E-17,0.));
#13158 = PLANE('',#13159);
#13159 = AXIS2_PLACEMENT_3D('',#13160,#13161,#13162);
#13160 = CARTESIAN_POINT('',(-2.606989201797,2.68345,0.512419776725));
#13161 = DIRECTION('',(1.144237745222E-17,1.,0.));
#13162 = DIRECTION('',(0.,-0.,1.));
#13163 = ADVANCED_FACE('',(#13164),#13250,.F.);
#13164 = FACE_BOUND('',#13165,.F.);
#13165 = EDGE_LOOP('',(#13166,#13167,#13168,#13177,#13185,#13194,#13202,
    #13210,#13218,#13227,#13235,#13244));
#13166 = ORIENTED_EDGE('',*,*,#12763,.T.);
#13167 = ORIENTED_EDGE('',*,*,#12732,.T.);
#13168 = ORIENTED_EDGE('',*,*,#13169,.T.);
#13169 = EDGE_CURVE('',#12733,#13170,#13172,.T.);
#13170 = VERTEX_POINT('',#13171);
#13171 = CARTESIAN_POINT('',(-2.446961550602,1.91675,0.599729635533));
#13172 = CIRCLE('',#13173,0.2);
#13173 = AXIS2_PLACEMENT_3D('',#13174,#13175,#13176);
#13174 = CARTESIAN_POINT('',(-2.25,1.91675,0.565));
#13175 = DIRECTION('',(-1.144237745222E-17,-1.,0.));
#13176 = DIRECTION('',(0.,0.,1.));
#13177 = ORIENTED_EDGE('',*,*,#13178,.T.);
#13178 = EDGE_CURVE('',#13170,#13179,#13181,.T.);
#13179 = VERTEX_POINT('',#13180);
#13180 = CARTESIAN_POINT('',(-2.473891419252,1.91675,0.388385356497));
#13181 = LINE('',#13182,#13183);
#13182 = CARTESIAN_POINT('',(-2.446961550602,1.91675,0.599729635533));
#13183 = VECTOR('',#13184,1.);
#13184 = DIRECTION('',(-0.126399799104,1.446314211233E-18,
    -0.991979380222));
#13185 = ORIENTED_EDGE('',*,*,#13186,.T.);
#13186 = EDGE_CURVE('',#13179,#13187,#13189,.T.);
#13187 = VERTEX_POINT('',#13188);
#13188 = CARTESIAN_POINT('',(-2.936751063167,1.91675,-1.665334536938E-16
    ));
#13189 = CIRCLE('',#13190,0.47);
#13190 = AXIS2_PLACEMENT_3D('',#13191,#13192,#13193);
#13191 = CARTESIAN_POINT('',(-2.936751063167,1.91675,0.47));
#13192 = DIRECTION('',(1.144237745222E-17,1.,-1.155557966632E-33));
#13193 = DIRECTION('',(0.984807753012,-1.126854202784E-17,
    -0.173648177667));
#13194 = ORIENTED_EDGE('',*,*,#13195,.T.);
#13195 = EDGE_CURVE('',#13187,#13196,#13198,.T.);
#13196 = VERTEX_POINT('',#13197);
#13197 = CARTESIAN_POINT('',(-3.5,1.91675,-1.665334536938E-16));
#13198 = LINE('',#13199,#13200);
#13199 = CARTESIAN_POINT('',(-2.936751063167,1.91675,-1.665334536938E-16
    ));
#13200 = VECTOR('',#13201,1.);
#13201 = DIRECTION('',(-1.,1.144237745222E-17,0.));
#13202 = ORIENTED_EDGE('',*,*,#13203,.T.);
#13203 = EDGE_CURVE('',#13196,#13204,#13206,.T.);
#13204 = VERTEX_POINT('',#13205);
#13205 = CARTESIAN_POINT('',(-3.5,1.91675,0.27));
#13206 = LINE('',#13207,#13208);
#13207 = CARTESIAN_POINT('',(-3.5,1.91675,-1.665334536938E-16));
#13208 = VECTOR('',#13209,1.);
#13209 = DIRECTION('',(0.,0.,1.));
#13210 = ORIENTED_EDGE('',*,*,#13211,.T.);
#13211 = EDGE_CURVE('',#13204,#13212,#13214,.T.);
#13212 = VERTEX_POINT('',#13213);
#13213 = CARTESIAN_POINT('',(-2.936751063167,1.91675,0.27));
#13214 = LINE('',#13215,#13216);
#13215 = CARTESIAN_POINT('',(-3.5,1.91675,0.27));
#13216 = VECTOR('',#13217,1.);
#13217 = DIRECTION('',(1.,-1.144237745222E-17,0.));
#13218 = ORIENTED_EDGE('',*,*,#13219,.T.);
#13219 = EDGE_CURVE('',#13212,#13220,#13222,.T.);
#13220 = VERTEX_POINT('',#13221);
#13221 = CARTESIAN_POINT('',(-2.739789512565,1.91675,0.435270364467));
#13222 = CIRCLE('',#13223,0.2);
#13223 = AXIS2_PLACEMENT_3D('',#13224,#13225,#13226);
#13224 = CARTESIAN_POINT('',(-2.936751063167,1.91675,0.47));
#13225 = DIRECTION('',(-1.144237745222E-17,-1.,0.));
#13226 = DIRECTION('',(-2.22044604925E-15,2.540718180781E-32,-1.));
#13227 = ORIENTED_EDGE('',*,*,#13228,.T.);
#13228 = EDGE_CURVE('',#13220,#13229,#13231,.T.);
#13229 = VERTEX_POINT('',#13230);
#13230 = CARTESIAN_POINT('',(-2.712859643916,1.91675,0.646614643503));
#13231 = LINE('',#13232,#13233);
#13232 = CARTESIAN_POINT('',(-2.739789512565,1.91675,0.435270364467));
#13233 = VECTOR('',#13234,1.);
#13234 = DIRECTION('',(0.126399799104,-1.446314211233E-18,0.991979380222
    ));
#13235 = ORIENTED_EDGE('',*,*,#13236,.T.);
#13236 = EDGE_CURVE('',#13229,#13237,#13239,.T.);
#13237 = VERTEX_POINT('',#13238);
#13238 = CARTESIAN_POINT('',(-2.25,1.91675,1.035));
#13239 = CIRCLE('',#13240,0.47);
#13240 = AXIS2_PLACEMENT_3D('',#13241,#13242,#13243);
#13241 = CARTESIAN_POINT('',(-2.25,1.91675,0.565));
#13242 = DIRECTION('',(1.144237745222E-17,1.,-2.311115933265E-33));
#13243 = DIRECTION('',(-0.984807753012,1.126854202784E-17,0.173648177667
    ));
#13244 = ORIENTED_EDGE('',*,*,#13245,.T.);
#13245 = EDGE_CURVE('',#13237,#12764,#13246,.T.);
#13246 = LINE('',#13247,#13248);
#13247 = CARTESIAN_POINT('',(-2.25,1.91675,1.035));
#13248 = VECTOR('',#13249,1.);
#13249 = DIRECTION('',(1.,-1.144237745222E-17,0.));
#13250 = PLANE('',#13251);
#13251 = AXIS2_PLACEMENT_3D('',#13252,#13253,#13254);
#13252 = CARTESIAN_POINT('',(-2.606989201797,1.91675,0.512419776725));
#13253 = DIRECTION('',(1.144237745222E-17,1.,0.));
#13254 = DIRECTION('',(0.,-0.,1.));
#13255 = ADVANCED_FACE('',(#13256),#13267,.F.);
#13256 = FACE_BOUND('',#13257,.F.);
#13257 = EDGE_LOOP('',(#13258,#13259,#13260,#13266));
#13258 = ORIENTED_EDGE('',*,*,#12749,.T.);
#13259 = ORIENTED_EDGE('',*,*,#13077,.T.);
#13260 = ORIENTED_EDGE('',*,*,#13261,.F.);
#13261 = EDGE_CURVE('',#13170,#13078,#13262,.T.);
#13262 = LINE('',#13263,#13264);
#13263 = CARTESIAN_POINT('',(-2.446961550602,1.91675,0.599729635533));
#13264 = VECTOR('',#13265,1.);
#13265 = DIRECTION('',(1.144237745222E-17,1.,0.));
#13266 = ORIENTED_EDGE('',*,*,#13169,.F.);
#13267 = CYLINDRICAL_SURFACE('',#13268,0.2);
#13268 = AXIS2_PLACEMENT_3D('',#13269,#13270,#13271);
#13269 = CARTESIAN_POINT('',(-2.25,1.91675,0.565));
#13270 = DIRECTION('',(-1.144237745222E-17,-1.,0.));
#13271 = DIRECTION('',(0.,0.,1.));
#13272 = ADVANCED_FACE('',(#13273),#13298,.T.);
#13273 = FACE_BOUND('',#13274,.T.);
#13274 = EDGE_LOOP('',(#13275,#13283,#13284,#13292));
#13275 = ORIENTED_EDGE('',*,*,#13276,.F.);
#13276 = EDGE_CURVE('',#12764,#13277,#13279,.T.);
#13277 = VERTEX_POINT('',#13278);
#13278 = CARTESIAN_POINT('',(-1.735,1.91675,1.035));
#13279 = LINE('',#13280,#13281);
#13280 = CARTESIAN_POINT('',(-2.25,1.91675,1.035));
#13281 = VECTOR('',#13282,1.);
#13282 = DIRECTION('',(1.,-1.144237745222E-17,0.));
#13283 = ORIENTED_EDGE('',*,*,#12780,.T.);
#13284 = ORIENTED_EDGE('',*,*,#13285,.T.);
#13285 = EDGE_CURVE('',#12773,#13286,#13288,.T.);
#13286 = VERTEX_POINT('',#13287);
#13287 = CARTESIAN_POINT('',(-1.735,0.38335,1.035));
#13288 = LINE('',#13289,#13290);
#13289 = CARTESIAN_POINT('',(-2.25,0.38335,1.035));
#13290 = VECTOR('',#13291,1.);
#13291 = DIRECTION('',(1.,-1.144237745222E-17,0.));
#13292 = ORIENTED_EDGE('',*,*,#13293,.F.);
#13293 = EDGE_CURVE('',#13277,#13286,#13294,.T.);
#13294 = LINE('',#13295,#13296);
#13295 = CARTESIAN_POINT('',(-1.735,3.235,1.035));
#13296 = VECTOR('',#13297,1.);
#13297 = DIRECTION('',(1.110223024625E-16,-1.,0.));
#13298 = PLANE('',#13299);
#13299 = AXIS2_PLACEMENT_3D('',#13300,#13301,#13302);
#13300 = CARTESIAN_POINT('',(-1.7425,-3.732941412364E-16,1.035));
#13301 = DIRECTION('',(-2.496972947931E-25,-3.410490578954E-32,1.));
#13302 = DIRECTION('',(1.025679957475E-16,-1.,-3.410490576393E-32));
#13303 = ADVANCED_FACE('',(#13304),#13390,.T.);
#13304 = FACE_BOUND('',#13305,.T.);
#13305 = EDGE_LOOP('',(#13306,#13307,#13308,#13317,#13325,#13334,#13342,
    #13350,#13358,#13367,#13375,#13384));
#13306 = ORIENTED_EDGE('',*,*,#12772,.T.);
#13307 = ORIENTED_EDGE('',*,*,#12803,.T.);
#13308 = ORIENTED_EDGE('',*,*,#13309,.T.);
#13309 = EDGE_CURVE('',#12804,#13310,#13312,.T.);
#13310 = VERTEX_POINT('',#13311);
#13311 = CARTESIAN_POINT('',(-2.446961550602,0.38335,0.599729635533));
#13312 = CIRCLE('',#13313,0.2);
#13313 = AXIS2_PLACEMENT_3D('',#13314,#13315,#13316);
#13314 = CARTESIAN_POINT('',(-2.25,0.38335,0.565));
#13315 = DIRECTION('',(-1.144237745222E-17,-1.,0.));
#13316 = DIRECTION('',(0.,0.,1.));
#13317 = ORIENTED_EDGE('',*,*,#13318,.T.);
#13318 = EDGE_CURVE('',#13310,#13319,#13321,.T.);
#13319 = VERTEX_POINT('',#13320);
#13320 = CARTESIAN_POINT('',(-2.473891419252,0.38335,0.388385356497));
#13321 = LINE('',#13322,#13323);
#13322 = CARTESIAN_POINT('',(-2.446961550602,0.38335,0.599729635533));
#13323 = VECTOR('',#13324,1.);
#13324 = DIRECTION('',(-0.126399799104,1.446314211233E-18,
    -0.991979380222));
#13325 = ORIENTED_EDGE('',*,*,#13326,.T.);
#13326 = EDGE_CURVE('',#13319,#13327,#13329,.T.);
#13327 = VERTEX_POINT('',#13328);
#13328 = CARTESIAN_POINT('',(-2.936751063167,0.38335,-1.665334536938E-16
    ));
#13329 = CIRCLE('',#13330,0.47);
#13330 = AXIS2_PLACEMENT_3D('',#13331,#13332,#13333);
#13331 = CARTESIAN_POINT('',(-2.936751063167,0.38335,0.47));
#13332 = DIRECTION('',(1.144237745222E-17,1.,-1.155557966632E-33));
#13333 = DIRECTION('',(0.984807753012,-1.126854202784E-17,
    -0.173648177667));
#13334 = ORIENTED_EDGE('',*,*,#13335,.T.);
#13335 = EDGE_CURVE('',#13327,#13336,#13338,.T.);
#13336 = VERTEX_POINT('',#13337);
#13337 = CARTESIAN_POINT('',(-3.5,0.38335,-1.665334536938E-16));
#13338 = LINE('',#13339,#13340);
#13339 = CARTESIAN_POINT('',(-2.936751063167,0.38335,-1.665334536938E-16
    ));
#13340 = VECTOR('',#13341,1.);
#13341 = DIRECTION('',(-1.,1.144237745222E-17,0.));
#13342 = ORIENTED_EDGE('',*,*,#13343,.T.);
#13343 = EDGE_CURVE('',#13336,#13344,#13346,.T.);
#13344 = VERTEX_POINT('',#13345);
#13345 = CARTESIAN_POINT('',(-3.5,0.38335,0.27));
#13346 = LINE('',#13347,#13348);
#13347 = CARTESIAN_POINT('',(-3.5,0.38335,-1.665334536938E-16));
#13348 = VECTOR('',#13349,1.);
#13349 = DIRECTION('',(0.,0.,1.));
#13350 = ORIENTED_EDGE('',*,*,#13351,.T.);
#13351 = EDGE_CURVE('',#13344,#13352,#13354,.T.);
#13352 = VERTEX_POINT('',#13353);
#13353 = CARTESIAN_POINT('',(-2.936751063167,0.38335,0.27));
#13354 = LINE('',#13355,#13356);
#13355 = CARTESIAN_POINT('',(-3.5,0.38335,0.27));
#13356 = VECTOR('',#13357,1.);
#13357 = DIRECTION('',(1.,-1.144237745222E-17,0.));
#13358 = ORIENTED_EDGE('',*,*,#13359,.T.);
#13359 = EDGE_CURVE('',#13352,#13360,#13362,.T.);
#13360 = VERTEX_POINT('',#13361);
#13361 = CARTESIAN_POINT('',(-2.739789512565,0.38335,0.435270364467));
#13362 = CIRCLE('',#13363,0.2);
#13363 = AXIS2_PLACEMENT_3D('',#13364,#13365,#13366);
#13364 = CARTESIAN_POINT('',(-2.936751063167,0.38335,0.47));
#13365 = DIRECTION('',(-1.144237745222E-17,-1.,0.));
#13366 = DIRECTION('',(-2.22044604925E-15,2.540718180781E-32,-1.));
#13367 = ORIENTED_EDGE('',*,*,#13368,.T.);
#13368 = EDGE_CURVE('',#13360,#13369,#13371,.T.);
#13369 = VERTEX_POINT('',#13370);
#13370 = CARTESIAN_POINT('',(-2.712859643916,0.38335,0.646614643503));
#13371 = LINE('',#13372,#13373);
#13372 = CARTESIAN_POINT('',(-2.739789512565,0.38335,0.435270364467));
#13373 = VECTOR('',#13374,1.);
#13374 = DIRECTION('',(0.126399799104,-1.446314211233E-18,0.991979380222
    ));
#13375 = ORIENTED_EDGE('',*,*,#13376,.T.);
#13376 = EDGE_CURVE('',#13369,#13377,#13379,.T.);
#13377 = VERTEX_POINT('',#13378);
#13378 = CARTESIAN_POINT('',(-2.25,0.38335,1.035));
#13379 = CIRCLE('',#13380,0.47);
#13380 = AXIS2_PLACEMENT_3D('',#13381,#13382,#13383);
#13381 = CARTESIAN_POINT('',(-2.25,0.38335,0.565));
#13382 = DIRECTION('',(1.144237745222E-17,1.,-2.311115933265E-33));
#13383 = DIRECTION('',(-0.984807753012,1.126854202784E-17,0.173648177667
    ));
#13384 = ORIENTED_EDGE('',*,*,#13385,.T.);
#13385 = EDGE_CURVE('',#13377,#12773,#13386,.T.);
#13386 = LINE('',#13387,#13388);
#13387 = CARTESIAN_POINT('',(-2.25,0.38335,1.035));
#13388 = VECTOR('',#13389,1.);
#13389 = DIRECTION('',(1.,-1.144237745222E-17,0.));
#13390 = PLANE('',#13391);
#13391 = AXIS2_PLACEMENT_3D('',#13392,#13393,#13394);
#13392 = CARTESIAN_POINT('',(-2.606989201797,0.38335,0.512419776725));
#13393 = DIRECTION('',(1.144237745222E-17,1.,0.));
#13394 = DIRECTION('',(0.,-0.,1.));
#13395 = ADVANCED_FACE('',(#13396),#13482,.F.);
#13396 = FACE_BOUND('',#13397,.F.);
#13397 = EDGE_LOOP('',(#13398,#13399,#13400,#13409,#13417,#13426,#13434,
    #13442,#13450,#13459,#13467,#13476));
#13398 = ORIENTED_EDGE('',*,*,#12825,.T.);
#13399 = ORIENTED_EDGE('',*,*,#12794,.T.);
#13400 = ORIENTED_EDGE('',*,*,#13401,.T.);
#13401 = EDGE_CURVE('',#12795,#13402,#13404,.T.);
#13402 = VERTEX_POINT('',#13403);
#13403 = CARTESIAN_POINT('',(-2.446961550602,-0.38335,0.599729635533));
#13404 = CIRCLE('',#13405,0.2);
#13405 = AXIS2_PLACEMENT_3D('',#13406,#13407,#13408);
#13406 = CARTESIAN_POINT('',(-2.25,-0.38335,0.565));
#13407 = DIRECTION('',(-1.144237745222E-17,-1.,0.));
#13408 = DIRECTION('',(0.,0.,1.));
#13409 = ORIENTED_EDGE('',*,*,#13410,.T.);
#13410 = EDGE_CURVE('',#13402,#13411,#13413,.T.);
#13411 = VERTEX_POINT('',#13412);
#13412 = CARTESIAN_POINT('',(-2.473891419252,-0.38335,0.388385356497));
#13413 = LINE('',#13414,#13415);
#13414 = CARTESIAN_POINT('',(-2.446961550602,-0.38335,0.599729635533));
#13415 = VECTOR('',#13416,1.);
#13416 = DIRECTION('',(-0.126399799104,1.446314211233E-18,
    -0.991979380222));
#13417 = ORIENTED_EDGE('',*,*,#13418,.T.);
#13418 = EDGE_CURVE('',#13411,#13419,#13421,.T.);
#13419 = VERTEX_POINT('',#13420);
#13420 = CARTESIAN_POINT('',(-2.936751063167,-0.38335,
    -1.665334536938E-16));
#13421 = CIRCLE('',#13422,0.47);
#13422 = AXIS2_PLACEMENT_3D('',#13423,#13424,#13425);
#13423 = CARTESIAN_POINT('',(-2.936751063167,-0.38335,0.47));
#13424 = DIRECTION('',(1.144237745222E-17,1.,-1.155557966632E-33));
#13425 = DIRECTION('',(0.984807753012,-1.126854202784E-17,
    -0.173648177667));
#13426 = ORIENTED_EDGE('',*,*,#13427,.T.);
#13427 = EDGE_CURVE('',#13419,#13428,#13430,.T.);
#13428 = VERTEX_POINT('',#13429);
#13429 = CARTESIAN_POINT('',(-3.5,-0.38335,-1.665334536938E-16));
#13430 = LINE('',#13431,#13432);
#13431 = CARTESIAN_POINT('',(-2.936751063167,-0.38335,
    -1.665334536938E-16));
#13432 = VECTOR('',#13433,1.);
#13433 = DIRECTION('',(-1.,1.144237745222E-17,0.));
#13434 = ORIENTED_EDGE('',*,*,#13435,.T.);
#13435 = EDGE_CURVE('',#13428,#13436,#13438,.T.);
#13436 = VERTEX_POINT('',#13437);
#13437 = CARTESIAN_POINT('',(-3.5,-0.38335,0.27));
#13438 = LINE('',#13439,#13440);
#13439 = CARTESIAN_POINT('',(-3.5,-0.38335,-1.665334536938E-16));
#13440 = VECTOR('',#13441,1.);
#13441 = DIRECTION('',(0.,0.,1.));
#13442 = ORIENTED_EDGE('',*,*,#13443,.T.);
#13443 = EDGE_CURVE('',#13436,#13444,#13446,.T.);
#13444 = VERTEX_POINT('',#13445);
#13445 = CARTESIAN_POINT('',(-2.936751063167,-0.38335,0.27));
#13446 = LINE('',#13447,#13448);
#13447 = CARTESIAN_POINT('',(-3.5,-0.38335,0.27));
#13448 = VECTOR('',#13449,1.);
#13449 = DIRECTION('',(1.,-1.144237745222E-17,0.));
#13450 = ORIENTED_EDGE('',*,*,#13451,.T.);
#13451 = EDGE_CURVE('',#13444,#13452,#13454,.T.);
#13452 = VERTEX_POINT('',#13453);
#13453 = CARTESIAN_POINT('',(-2.739789512565,-0.38335,0.435270364467));
#13454 = CIRCLE('',#13455,0.2);
#13455 = AXIS2_PLACEMENT_3D('',#13456,#13457,#13458);
#13456 = CARTESIAN_POINT('',(-2.936751063167,-0.38335,0.47));
#13457 = DIRECTION('',(-1.144237745222E-17,-1.,0.));
#13458 = DIRECTION('',(-2.22044604925E-15,2.540718180781E-32,-1.));
#13459 = ORIENTED_EDGE('',*,*,#13460,.T.);
#13460 = EDGE_CURVE('',#13452,#13461,#13463,.T.);
#13461 = VERTEX_POINT('',#13462);
#13462 = CARTESIAN_POINT('',(-2.712859643916,-0.38335,0.646614643503));
#13463 = LINE('',#13464,#13465);
#13464 = CARTESIAN_POINT('',(-2.739789512565,-0.38335,0.435270364467));
#13465 = VECTOR('',#13466,1.);
#13466 = DIRECTION('',(0.126399799104,-1.446314211233E-18,0.991979380222
    ));
#13467 = ORIENTED_EDGE('',*,*,#13468,.T.);
#13468 = EDGE_CURVE('',#13461,#13469,#13471,.T.);
#13469 = VERTEX_POINT('',#13470);
#13470 = CARTESIAN_POINT('',(-2.25,-0.38335,1.035));
#13471 = CIRCLE('',#13472,0.47);
#13472 = AXIS2_PLACEMENT_3D('',#13473,#13474,#13475);
#13473 = CARTESIAN_POINT('',(-2.25,-0.38335,0.565));
#13474 = DIRECTION('',(1.144237745222E-17,1.,-2.311115933265E-33));
#13475 = DIRECTION('',(-0.984807753012,1.126854202784E-17,0.173648177667
    ));
#13476 = ORIENTED_EDGE('',*,*,#13477,.T.);
#13477 = EDGE_CURVE('',#13469,#12826,#13478,.T.);
#13478 = LINE('',#13479,#13480);
#13479 = CARTESIAN_POINT('',(-2.25,-0.38335,1.035));
#13480 = VECTOR('',#13481,1.);
#13481 = DIRECTION('',(1.,-1.144237745222E-17,0.));
#13482 = PLANE('',#13483);
#13483 = AXIS2_PLACEMENT_3D('',#13484,#13485,#13486);
#13484 = CARTESIAN_POINT('',(-2.606989201797,-0.38335,0.512419776725));
#13485 = DIRECTION('',(1.144237745222E-17,1.,0.));
#13486 = DIRECTION('',(0.,-0.,1.));
#13487 = ADVANCED_FACE('',(#13488),#13499,.F.);
#13488 = FACE_BOUND('',#13489,.F.);
#13489 = EDGE_LOOP('',(#13490,#13491,#13492,#13498));
#13490 = ORIENTED_EDGE('',*,*,#12811,.T.);
#13491 = ORIENTED_EDGE('',*,*,#13309,.T.);
#13492 = ORIENTED_EDGE('',*,*,#13493,.F.);
#13493 = EDGE_CURVE('',#13402,#13310,#13494,.T.);
#13494 = LINE('',#13495,#13496);
#13495 = CARTESIAN_POINT('',(-2.446961550602,-0.38335,0.599729635533));
#13496 = VECTOR('',#13497,1.);
#13497 = DIRECTION('',(1.144237745222E-17,1.,0.));
#13498 = ORIENTED_EDGE('',*,*,#13401,.F.);
#13499 = CYLINDRICAL_SURFACE('',#13500,0.2);
#13500 = AXIS2_PLACEMENT_3D('',#13501,#13502,#13503);
#13501 = CARTESIAN_POINT('',(-2.25,-0.38335,0.565));
#13502 = DIRECTION('',(-1.144237745222E-17,-1.,0.));
#13503 = DIRECTION('',(0.,0.,1.));
#13504 = ADVANCED_FACE('',(#13505),#13530,.T.);
#13505 = FACE_BOUND('',#13506,.T.);
#13506 = EDGE_LOOP('',(#13507,#13515,#13516,#13524));
#13507 = ORIENTED_EDGE('',*,*,#13508,.F.);
#13508 = EDGE_CURVE('',#12826,#13509,#13511,.T.);
#13509 = VERTEX_POINT('',#13510);
#13510 = CARTESIAN_POINT('',(-1.735,-0.38335,1.035));
#13511 = LINE('',#13512,#13513);
#13512 = CARTESIAN_POINT('',(-2.25,-0.38335,1.035));
#13513 = VECTOR('',#13514,1.);
#13514 = DIRECTION('',(1.,-1.144237745222E-17,0.));
#13515 = ORIENTED_EDGE('',*,*,#12842,.T.);
#13516 = ORIENTED_EDGE('',*,*,#13517,.T.);
#13517 = EDGE_CURVE('',#12835,#13518,#13520,.T.);
#13518 = VERTEX_POINT('',#13519);
#13519 = CARTESIAN_POINT('',(-1.735,-1.91675,1.035));
#13520 = LINE('',#13521,#13522);
#13521 = CARTESIAN_POINT('',(-2.25,-1.91675,1.035));
#13522 = VECTOR('',#13523,1.);
#13523 = DIRECTION('',(1.,-1.144237745222E-17,0.));
#13524 = ORIENTED_EDGE('',*,*,#13525,.F.);
#13525 = EDGE_CURVE('',#13509,#13518,#13526,.T.);
#13526 = LINE('',#13527,#13528);
#13527 = CARTESIAN_POINT('',(-1.735,3.235,1.035));
#13528 = VECTOR('',#13529,1.);
#13529 = DIRECTION('',(1.110223024625E-16,-1.,0.));
#13530 = PLANE('',#13531);
#13531 = AXIS2_PLACEMENT_3D('',#13532,#13533,#13534);
#13532 = CARTESIAN_POINT('',(-1.7425,-3.732941412364E-16,1.035));
#13533 = DIRECTION('',(-2.496972947931E-25,-3.410490578954E-32,1.));
#13534 = DIRECTION('',(1.025679957475E-16,-1.,-3.410490576393E-32));
#13535 = ADVANCED_FACE('',(#13536),#13622,.T.);
#13536 = FACE_BOUND('',#13537,.T.);
#13537 = EDGE_LOOP('',(#13538,#13539,#13540,#13549,#13557,#13566,#13574,
    #13582,#13590,#13599,#13607,#13616));
#13538 = ORIENTED_EDGE('',*,*,#12834,.T.);
#13539 = ORIENTED_EDGE('',*,*,#12865,.T.);
#13540 = ORIENTED_EDGE('',*,*,#13541,.T.);
#13541 = EDGE_CURVE('',#12866,#13542,#13544,.T.);
#13542 = VERTEX_POINT('',#13543);
#13543 = CARTESIAN_POINT('',(-2.446961550602,-1.91675,0.599729635533));
#13544 = CIRCLE('',#13545,0.2);
#13545 = AXIS2_PLACEMENT_3D('',#13546,#13547,#13548);
#13546 = CARTESIAN_POINT('',(-2.25,-1.91675,0.565));
#13547 = DIRECTION('',(-1.144237745222E-17,-1.,0.));
#13548 = DIRECTION('',(0.,0.,1.));
#13549 = ORIENTED_EDGE('',*,*,#13550,.T.);
#13550 = EDGE_CURVE('',#13542,#13551,#13553,.T.);
#13551 = VERTEX_POINT('',#13552);
#13552 = CARTESIAN_POINT('',(-2.473891419252,-1.91675,0.388385356497));
#13553 = LINE('',#13554,#13555);
#13554 = CARTESIAN_POINT('',(-2.446961550602,-1.91675,0.599729635533));
#13555 = VECTOR('',#13556,1.);
#13556 = DIRECTION('',(-0.126399799104,1.446314211233E-18,
    -0.991979380222));
#13557 = ORIENTED_EDGE('',*,*,#13558,.T.);
#13558 = EDGE_CURVE('',#13551,#13559,#13561,.T.);
#13559 = VERTEX_POINT('',#13560);
#13560 = CARTESIAN_POINT('',(-2.936751063167,-1.91675,
    -1.665334536938E-16));
#13561 = CIRCLE('',#13562,0.47);
#13562 = AXIS2_PLACEMENT_3D('',#13563,#13564,#13565);
#13563 = CARTESIAN_POINT('',(-2.936751063167,-1.91675,0.47));
#13564 = DIRECTION('',(1.144237745222E-17,1.,-1.155557966632E-33));
#13565 = DIRECTION('',(0.984807753012,-1.126854202784E-17,
    -0.173648177667));
#13566 = ORIENTED_EDGE('',*,*,#13567,.T.);
#13567 = EDGE_CURVE('',#13559,#13568,#13570,.T.);
#13568 = VERTEX_POINT('',#13569);
#13569 = CARTESIAN_POINT('',(-3.5,-1.91675,-1.665334536938E-16));
#13570 = LINE('',#13571,#13572);
#13571 = CARTESIAN_POINT('',(-2.936751063167,-1.91675,
    -1.665334536938E-16));
#13572 = VECTOR('',#13573,1.);
#13573 = DIRECTION('',(-1.,1.144237745222E-17,0.));
#13574 = ORIENTED_EDGE('',*,*,#13575,.T.);
#13575 = EDGE_CURVE('',#13568,#13576,#13578,.T.);
#13576 = VERTEX_POINT('',#13577);
#13577 = CARTESIAN_POINT('',(-3.5,-1.91675,0.27));
#13578 = LINE('',#13579,#13580);
#13579 = CARTESIAN_POINT('',(-3.5,-1.91675,-1.665334536938E-16));
#13580 = VECTOR('',#13581,1.);
#13581 = DIRECTION('',(0.,0.,1.));
#13582 = ORIENTED_EDGE('',*,*,#13583,.T.);
#13583 = EDGE_CURVE('',#13576,#13584,#13586,.T.);
#13584 = VERTEX_POINT('',#13585);
#13585 = CARTESIAN_POINT('',(-2.936751063167,-1.91675,0.27));
#13586 = LINE('',#13587,#13588);
#13587 = CARTESIAN_POINT('',(-3.5,-1.91675,0.27));
#13588 = VECTOR('',#13589,1.);
#13589 = DIRECTION('',(1.,-1.144237745222E-17,0.));
#13590 = ORIENTED_EDGE('',*,*,#13591,.T.);
#13591 = EDGE_CURVE('',#13584,#13592,#13594,.T.);
#13592 = VERTEX_POINT('',#13593);
#13593 = CARTESIAN_POINT('',(-2.739789512565,-1.91675,0.435270364467));
#13594 = CIRCLE('',#13595,0.2);
#13595 = AXIS2_PLACEMENT_3D('',#13596,#13597,#13598);
#13596 = CARTESIAN_POINT('',(-2.936751063167,-1.91675,0.47));
#13597 = DIRECTION('',(-1.144237745222E-17,-1.,0.));
#13598 = DIRECTION('',(-2.22044604925E-15,2.540718180781E-32,-1.));
#13599 = ORIENTED_EDGE('',*,*,#13600,.T.);
#13600 = EDGE_CURVE('',#13592,#13601,#13603,.T.);
#13601 = VERTEX_POINT('',#13602);
#13602 = CARTESIAN_POINT('',(-2.712859643916,-1.91675,0.646614643503));
#13603 = LINE('',#13604,#13605);
#13604 = CARTESIAN_POINT('',(-2.739789512565,-1.91675,0.435270364467));
#13605 = VECTOR('',#13606,1.);
#13606 = DIRECTION('',(0.126399799104,-1.446314211233E-18,0.991979380222
    ));
#13607 = ORIENTED_EDGE('',*,*,#13608,.T.);
#13608 = EDGE_CURVE('',#13601,#13609,#13611,.T.);
#13609 = VERTEX_POINT('',#13610);
#13610 = CARTESIAN_POINT('',(-2.25,-1.91675,1.035));
#13611 = CIRCLE('',#13612,0.47);
#13612 = AXIS2_PLACEMENT_3D('',#13613,#13614,#13615);
#13613 = CARTESIAN_POINT('',(-2.25,-1.91675,0.565));
#13614 = DIRECTION('',(1.144237745222E-17,1.,-2.311115933265E-33));
#13615 = DIRECTION('',(-0.984807753012,1.126854202784E-17,0.173648177667
    ));
#13616 = ORIENTED_EDGE('',*,*,#13617,.T.);
#13617 = EDGE_CURVE('',#13609,#12835,#13618,.T.);
#13618 = LINE('',#13619,#13620);
#13619 = CARTESIAN_POINT('',(-2.25,-1.91675,1.035));
#13620 = VECTOR('',#13621,1.);
#13621 = DIRECTION('',(1.,-1.144237745222E-17,0.));
#13622 = PLANE('',#13623);
#13623 = AXIS2_PLACEMENT_3D('',#13624,#13625,#13626);
#13624 = CARTESIAN_POINT('',(-2.606989201797,-1.91675,0.512419776725));
#13625 = DIRECTION('',(1.144237745222E-17,1.,0.));
#13626 = DIRECTION('',(0.,-0.,1.));
#13627 = ADVANCED_FACE('',(#13628),#13714,.F.);
#13628 = FACE_BOUND('',#13629,.F.);
#13629 = EDGE_LOOP('',(#13630,#13631,#13632,#13641,#13649,#13658,#13666,
    #13674,#13682,#13691,#13699,#13708));
#13630 = ORIENTED_EDGE('',*,*,#12887,.T.);
#13631 = ORIENTED_EDGE('',*,*,#12856,.T.);
#13632 = ORIENTED_EDGE('',*,*,#13633,.T.);
#13633 = EDGE_CURVE('',#12857,#13634,#13636,.T.);
#13634 = VERTEX_POINT('',#13635);
#13635 = CARTESIAN_POINT('',(-2.446961550602,-2.68345,0.599729635533));
#13636 = CIRCLE('',#13637,0.2);
#13637 = AXIS2_PLACEMENT_3D('',#13638,#13639,#13640);
#13638 = CARTESIAN_POINT('',(-2.25,-2.68345,0.565));
#13639 = DIRECTION('',(-1.144237745222E-17,-1.,0.));
#13640 = DIRECTION('',(0.,0.,1.));
#13641 = ORIENTED_EDGE('',*,*,#13642,.T.);
#13642 = EDGE_CURVE('',#13634,#13643,#13645,.T.);
#13643 = VERTEX_POINT('',#13644);
#13644 = CARTESIAN_POINT('',(-2.473891419252,-2.68345,0.388385356497));
#13645 = LINE('',#13646,#13647);
#13646 = CARTESIAN_POINT('',(-2.446961550602,-2.68345,0.599729635533));
#13647 = VECTOR('',#13648,1.);
#13648 = DIRECTION('',(-0.126399799104,1.446314211233E-18,
    -0.991979380222));
#13649 = ORIENTED_EDGE('',*,*,#13650,.T.);
#13650 = EDGE_CURVE('',#13643,#13651,#13653,.T.);
#13651 = VERTEX_POINT('',#13652);
#13652 = CARTESIAN_POINT('',(-2.936751063167,-2.68345,
    -1.665334536938E-16));
#13653 = CIRCLE('',#13654,0.47);
#13654 = AXIS2_PLACEMENT_3D('',#13655,#13656,#13657);
#13655 = CARTESIAN_POINT('',(-2.936751063167,-2.68345,0.47));
#13656 = DIRECTION('',(1.144237745222E-17,1.,-1.155557966632E-33));
#13657 = DIRECTION('',(0.984807753012,-1.126854202784E-17,
    -0.173648177667));
#13658 = ORIENTED_EDGE('',*,*,#13659,.T.);
#13659 = EDGE_CURVE('',#13651,#13660,#13662,.T.);
#13660 = VERTEX_POINT('',#13661);
#13661 = CARTESIAN_POINT('',(-3.5,-2.68345,-1.665334536938E-16));
#13662 = LINE('',#13663,#13664);
#13663 = CARTESIAN_POINT('',(-2.936751063167,-2.68345,
    -1.665334536938E-16));
#13664 = VECTOR('',#13665,1.);
#13665 = DIRECTION('',(-1.,1.144237745222E-17,0.));
#13666 = ORIENTED_EDGE('',*,*,#13667,.T.);
#13667 = EDGE_CURVE('',#13660,#13668,#13670,.T.);
#13668 = VERTEX_POINT('',#13669);
#13669 = CARTESIAN_POINT('',(-3.5,-2.68345,0.27));
#13670 = LINE('',#13671,#13672);
#13671 = CARTESIAN_POINT('',(-3.5,-2.68345,-1.665334536938E-16));
#13672 = VECTOR('',#13673,1.);
#13673 = DIRECTION('',(0.,0.,1.));
#13674 = ORIENTED_EDGE('',*,*,#13675,.T.);
#13675 = EDGE_CURVE('',#13668,#13676,#13678,.T.);
#13676 = VERTEX_POINT('',#13677);
#13677 = CARTESIAN_POINT('',(-2.936751063167,-2.68345,0.27));
#13678 = LINE('',#13679,#13680);
#13679 = CARTESIAN_POINT('',(-3.5,-2.68345,0.27));
#13680 = VECTOR('',#13681,1.);
#13681 = DIRECTION('',(1.,-1.144237745222E-17,0.));
#13682 = ORIENTED_EDGE('',*,*,#13683,.T.);
#13683 = EDGE_CURVE('',#13676,#13684,#13686,.T.);
#13684 = VERTEX_POINT('',#13685);
#13685 = CARTESIAN_POINT('',(-2.739789512565,-2.68345,0.435270364467));
#13686 = CIRCLE('',#13687,0.2);
#13687 = AXIS2_PLACEMENT_3D('',#13688,#13689,#13690);
#13688 = CARTESIAN_POINT('',(-2.936751063167,-2.68345,0.47));
#13689 = DIRECTION('',(-1.144237745222E-17,-1.,0.));
#13690 = DIRECTION('',(-2.22044604925E-15,2.540718180781E-32,-1.));
#13691 = ORIENTED_EDGE('',*,*,#13692,.T.);
#13692 = EDGE_CURVE('',#13684,#13693,#13695,.T.);
#13693 = VERTEX_POINT('',#13694);
#13694 = CARTESIAN_POINT('',(-2.712859643916,-2.68345,0.646614643503));
#13695 = LINE('',#13696,#13697);
#13696 = CARTESIAN_POINT('',(-2.739789512565,-2.68345,0.435270364467));
#13697 = VECTOR('',#13698,1.);
#13698 = DIRECTION('',(0.126399799104,-1.446314211233E-18,0.991979380222
    ));
#13699 = ORIENTED_EDGE('',*,*,#13700,.T.);
#13700 = EDGE_CURVE('',#13693,#13701,#13703,.T.);
#13701 = VERTEX_POINT('',#13702);
#13702 = CARTESIAN_POINT('',(-2.25,-2.68345,1.035));
#13703 = CIRCLE('',#13704,0.47);
#13704 = AXIS2_PLACEMENT_3D('',#13705,#13706,#13707);
#13705 = CARTESIAN_POINT('',(-2.25,-2.68345,0.565));
#13706 = DIRECTION('',(1.144237745222E-17,1.,-2.311115933265E-33));
#13707 = DIRECTION('',(-0.984807753012,1.126854202784E-17,0.173648177667
    ));
#13708 = ORIENTED_EDGE('',*,*,#13709,.T.);
#13709 = EDGE_CURVE('',#13701,#12888,#13710,.T.);
#13710 = LINE('',#13711,#13712);
#13711 = CARTESIAN_POINT('',(-2.25,-2.68345,1.035));
#13712 = VECTOR('',#13713,1.);
#13713 = DIRECTION('',(1.,-1.144237745222E-17,0.));
#13714 = PLANE('',#13715);
#13715 = AXIS2_PLACEMENT_3D('',#13716,#13717,#13718);
#13716 = CARTESIAN_POINT('',(-2.606989201797,-2.68345,0.512419776725));
#13717 = DIRECTION('',(1.144237745222E-17,1.,0.));
#13718 = DIRECTION('',(0.,-0.,1.));
#13719 = ADVANCED_FACE('',(#13720),#13731,.F.);
#13720 = FACE_BOUND('',#13721,.F.);
#13721 = EDGE_LOOP('',(#13722,#13723,#13724,#13730));
#13722 = ORIENTED_EDGE('',*,*,#12873,.T.);
#13723 = ORIENTED_EDGE('',*,*,#13541,.T.);
#13724 = ORIENTED_EDGE('',*,*,#13725,.F.);
#13725 = EDGE_CURVE('',#13634,#13542,#13726,.T.);
#13726 = LINE('',#13727,#13728);
#13727 = CARTESIAN_POINT('',(-2.446961550602,-2.68345,0.599729635533));
#13728 = VECTOR('',#13729,1.);
#13729 = DIRECTION('',(1.144237745222E-17,1.,0.));
#13730 = ORIENTED_EDGE('',*,*,#13633,.F.);
#13731 = CYLINDRICAL_SURFACE('',#13732,0.2);
#13732 = AXIS2_PLACEMENT_3D('',#13733,#13734,#13735);
#13733 = CARTESIAN_POINT('',(-2.25,-2.68345,0.565));
#13734 = DIRECTION('',(-1.144237745222E-17,-1.,0.));
#13735 = DIRECTION('',(0.,0.,1.));
#13736 = ADVANCED_FACE('',(#13737),#13787,.T.);
#13737 = FACE_BOUND('',#13738,.T.);
#13738 = EDGE_LOOP('',(#13739,#13747,#13755,#13763,#13771,#13779,#13785,
    #13786));
#13739 = ORIENTED_EDGE('',*,*,#13740,.T.);
#13740 = EDGE_CURVE('',#12975,#13741,#13743,.T.);
#13741 = VERTEX_POINT('',#13742);
#13742 = CARTESIAN_POINT('',(1.75,-1.15005,1.035));
#13743 = LINE('',#13744,#13745);
#13744 = CARTESIAN_POINT('',(1.75,-3.25,1.035));
#13745 = VECTOR('',#13746,1.);
#13746 = DIRECTION('',(-1.110223024625E-16,1.,0.));
#13747 = ORIENTED_EDGE('',*,*,#13748,.T.);
#13748 = EDGE_CURVE('',#13741,#13749,#13751,.T.);
#13749 = VERTEX_POINT('',#13750);
#13750 = CARTESIAN_POINT('',(1.735,-1.15005,1.035));
#13751 = LINE('',#13752,#13753);
#13752 = CARTESIAN_POINT('',(2.25,-1.15005,1.035));
#13753 = VECTOR('',#13754,1.);
#13754 = DIRECTION('',(-1.,-1.110223024625E-16,0.));
#13755 = ORIENTED_EDGE('',*,*,#13756,.F.);
#13756 = EDGE_CURVE('',#13757,#13749,#13759,.T.);
#13757 = VERTEX_POINT('',#13758);
#13758 = CARTESIAN_POINT('',(1.735,-3.235,1.035));
#13759 = LINE('',#13760,#13761);
#13760 = CARTESIAN_POINT('',(1.735,-3.235,1.035));
#13761 = VECTOR('',#13762,1.);
#13762 = DIRECTION('',(-1.110223024625E-16,1.,0.));
#13763 = ORIENTED_EDGE('',*,*,#13764,.F.);
#13764 = EDGE_CURVE('',#13765,#13757,#13767,.T.);
#13765 = VERTEX_POINT('',#13766);
#13766 = CARTESIAN_POINT('',(-1.735,-3.235,1.035));
#13767 = LINE('',#13768,#13769);
#13768 = CARTESIAN_POINT('',(-1.735,-3.235,1.035));
#13769 = VECTOR('',#13770,1.);
#13770 = DIRECTION('',(1.,1.110223024625E-16,0.));
#13771 = ORIENTED_EDGE('',*,*,#13772,.F.);
#13772 = EDGE_CURVE('',#13773,#13765,#13775,.T.);
#13773 = VERTEX_POINT('',#13774);
#13774 = CARTESIAN_POINT('',(-1.735,-2.68345,1.035));
#13775 = LINE('',#13776,#13777);
#13776 = CARTESIAN_POINT('',(-1.735,3.235,1.035));
#13777 = VECTOR('',#13778,1.);
#13778 = DIRECTION('',(1.110223024625E-16,-1.,0.));
#13779 = ORIENTED_EDGE('',*,*,#13780,.F.);
#13780 = EDGE_CURVE('',#12888,#13773,#13781,.T.);
#13781 = LINE('',#13782,#13783);
#13782 = CARTESIAN_POINT('',(-2.25,-2.68345,1.035));
#13783 = VECTOR('',#13784,1.);
#13784 = DIRECTION('',(1.,-1.144237745222E-17,0.));
#13785 = ORIENTED_EDGE('',*,*,#12903,.T.);
#13786 = ORIENTED_EDGE('',*,*,#12981,.T.);
#13787 = PLANE('',#13788);
#13788 = AXIS2_PLACEMENT_3D('',#13789,#13790,#13791);
#13789 = CARTESIAN_POINT('',(-1.7425,-3.732941412364E-16,1.035));
#13790 = DIRECTION('',(-2.496972947931E-25,-3.410490578954E-32,1.));
#13791 = DIRECTION('',(1.025679957475E-16,-1.,-3.410490576393E-32));
#13792 = ADVANCED_FACE('',(#13793),#13804,.T.);
#13793 = FACE_BOUND('',#13794,.T.);
#13794 = EDGE_LOOP('',(#13795,#13796,#13797,#13803));
#13795 = ORIENTED_EDGE('',*,*,#12974,.F.);
#13796 = ORIENTED_EDGE('',*,*,#12958,.T.);
#13797 = ORIENTED_EDGE('',*,*,#13798,.F.);
#13798 = EDGE_CURVE('',#13741,#12951,#13799,.T.);
#13799 = LINE('',#13800,#13801);
#13800 = CARTESIAN_POINT('',(1.75,-1.15005,0.773709888363));
#13801 = VECTOR('',#13802,1.);
#13802 = DIRECTION('',(0.,0.,-1.));
#13803 = ORIENTED_EDGE('',*,*,#13740,.F.);
#13804 = PLANE('',#13805);
#13805 = AXIS2_PLACEMENT_3D('',#13806,#13807,#13808);
#13806 = CARTESIAN_POINT('',(1.75,-3.25,1.035));
#13807 = DIRECTION('',(1.,1.110223024625E-16,0.));
#13808 = DIRECTION('',(-1.110223024625E-16,1.,0.));
#13809 = ADVANCED_FACE('',(#13810),#13835,.F.);
#13810 = FACE_BOUND('',#13811,.F.);
#13811 = EDGE_LOOP('',(#13812,#13813,#13821,#13829));
#13812 = ORIENTED_EDGE('',*,*,#12950,.F.);
#13813 = ORIENTED_EDGE('',*,*,#13814,.T.);
#13814 = EDGE_CURVE('',#12951,#13815,#13817,.T.);
#13815 = VERTEX_POINT('',#13816);
#13816 = CARTESIAN_POINT('',(2.25,-1.15005,0.765));
#13817 = LINE('',#13818,#13819);
#13818 = CARTESIAN_POINT('',(1.72,-1.15005,0.765));
#13819 = VECTOR('',#13820,1.);
#13820 = DIRECTION('',(1.,1.110223024625E-16,0.));
#13821 = ORIENTED_EDGE('',*,*,#13822,.F.);
#13822 = EDGE_CURVE('',#13823,#13815,#13825,.T.);
#13823 = VERTEX_POINT('',#13824);
#13824 = CARTESIAN_POINT('',(2.25,1.15005,0.765));
#13825 = LINE('',#13826,#13827);
#13826 = CARTESIAN_POINT('',(2.25,1.15005,0.765));
#13827 = VECTOR('',#13828,1.);
#13828 = DIRECTION('',(1.110223024625E-16,-1.,0.));
#13829 = ORIENTED_EDGE('',*,*,#13830,.F.);
#13830 = EDGE_CURVE('',#12943,#13823,#13831,.T.);
#13831 = LINE('',#13832,#13833);
#13832 = CARTESIAN_POINT('',(1.72,1.15005,0.765));
#13833 = VECTOR('',#13834,1.);
#13834 = DIRECTION('',(1.,1.110223024625E-16,0.));
#13835 = PLANE('',#13836);
#13836 = AXIS2_PLACEMENT_3D('',#13837,#13838,#13839);
#13837 = CARTESIAN_POINT('',(1.72,-0.38335,0.765));
#13838 = DIRECTION('',(0.,0.,1.));
#13839 = DIRECTION('',(1.,1.110223024625E-16,-0.));
#13840 = ADVANCED_FACE('',(#13841),#13852,.T.);
#13841 = FACE_BOUND('',#13842,.T.);
#13842 = EDGE_LOOP('',(#13843,#13849,#13850,#13851));
#13843 = ORIENTED_EDGE('',*,*,#13844,.T.);
#13844 = EDGE_CURVE('',#13054,#12943,#13845,.T.);
#13845 = LINE('',#13846,#13847);
#13846 = CARTESIAN_POINT('',(1.75,1.15005,0.773709888363));
#13847 = VECTOR('',#13848,1.);
#13848 = DIRECTION('',(0.,0.,-1.));
#13849 = ORIENTED_EDGE('',*,*,#12942,.T.);
#13850 = ORIENTED_EDGE('',*,*,#13006,.T.);
#13851 = ORIENTED_EDGE('',*,*,#13061,.F.);
#13852 = PLANE('',#13853);
#13853 = AXIS2_PLACEMENT_3D('',#13854,#13855,#13856);
#13854 = CARTESIAN_POINT('',(1.75,-3.25,1.035));
#13855 = DIRECTION('',(1.,1.110223024625E-16,0.));
#13856 = DIRECTION('',(-1.110223024625E-16,1.,0.));
#13857 = ADVANCED_FACE('',(#13858),#13890,.F.);
#13858 = FACE_BOUND('',#13859,.F.);
#13859 = EDGE_LOOP('',(#13860,#13870,#13876,#13877,#13883,#13884));
#13860 = ORIENTED_EDGE('',*,*,#13861,.F.);
#13861 = EDGE_CURVE('',#13862,#13864,#13866,.T.);
#13862 = VERTEX_POINT('',#13863);
#13863 = CARTESIAN_POINT('',(2.25,-1.15005,1.035));
#13864 = VERTEX_POINT('',#13865);
#13865 = CARTESIAN_POINT('',(2.25,1.15005,1.035));
#13866 = LINE('',#13867,#13868);
#13867 = CARTESIAN_POINT('',(2.25,-1.15005,1.035));
#13868 = VECTOR('',#13869,1.);
#13869 = DIRECTION('',(-1.110223024625E-16,1.,0.));
#13870 = ORIENTED_EDGE('',*,*,#13871,.T.);
#13871 = EDGE_CURVE('',#13862,#13741,#13872,.T.);
#13872 = LINE('',#13873,#13874);
#13873 = CARTESIAN_POINT('',(2.25,-1.15005,1.035));
#13874 = VECTOR('',#13875,1.);
#13875 = DIRECTION('',(-1.,-1.110223024625E-16,0.));
#13876 = ORIENTED_EDGE('',*,*,#13748,.T.);
#13877 = ORIENTED_EDGE('',*,*,#13878,.T.);
#13878 = EDGE_CURVE('',#13749,#13046,#13879,.T.);
#13879 = LINE('',#13880,#13881);
#13880 = CARTESIAN_POINT('',(1.735,-3.235,1.035));
#13881 = VECTOR('',#13882,1.);
#13882 = DIRECTION('',(-1.110223024625E-16,1.,0.));
#13883 = ORIENTED_EDGE('',*,*,#13053,.F.);
#13884 = ORIENTED_EDGE('',*,*,#13885,.F.);
#13885 = EDGE_CURVE('',#13864,#13054,#13886,.T.);
#13886 = LINE('',#13887,#13888);
#13887 = CARTESIAN_POINT('',(2.25,1.15005,1.035));
#13888 = VECTOR('',#13889,1.);
#13889 = DIRECTION('',(-1.,-1.110223024625E-16,0.));
#13890 = PLANE('',#13891);
#13891 = AXIS2_PLACEMENT_3D('',#13892,#13893,#13894);
#13892 = CARTESIAN_POINT('',(2.25,-0.38335,1.035));
#13893 = DIRECTION('',(0.,0.,-1.));
#13894 = DIRECTION('',(-1.,-1.110223024625E-16,-0.));
#13895 = ADVANCED_FACE('',(#13896),#13921,.T.);
#13896 = FACE_BOUND('',#13897,.T.);
#13897 = EDGE_LOOP('',(#13898,#13899,#13900,#13901,#13908,#13916));
#13898 = ORIENTED_EDGE('',*,*,#13756,.T.);
#13899 = ORIENTED_EDGE('',*,*,#13878,.T.);
#13900 = ORIENTED_EDGE('',*,*,#13045,.T.);
#13901 = ORIENTED_EDGE('',*,*,#13902,.T.);
#13902 = EDGE_CURVE('',#13038,#13903,#13905,.T.);
#13903 = VERTEX_POINT('',#13904);
#13904 = CARTESIAN_POINT('',(1.641540344923,3.141540344923,1.7));
#13905 = B_SPLINE_CURVE_WITH_KNOTS('',1,(#13906,#13907),.UNSPECIFIED.,
  .F.,.F.,(2,2),(0.,1.),.PIECEWISE_BEZIER_KNOTS.);
#13906 = CARTESIAN_POINT('',(1.735,3.235,1.035));
#13907 = CARTESIAN_POINT('',(1.641540344923,3.141540344923,1.7));
#13908 = ORIENTED_EDGE('',*,*,#13909,.F.);
#13909 = EDGE_CURVE('',#13910,#13903,#13912,.T.);
#13910 = VERTEX_POINT('',#13911);
#13911 = CARTESIAN_POINT('',(1.641540344923,-3.141540344923,1.7));
#13912 = LINE('',#13913,#13914);
#13913 = CARTESIAN_POINT('',(1.641540344923,-3.141540344923,1.7));
#13914 = VECTOR('',#13915,1.);
#13915 = DIRECTION('',(-1.110223024625E-16,1.,0.));
#13916 = ORIENTED_EDGE('',*,*,#13917,.F.);
#13917 = EDGE_CURVE('',#13757,#13910,#13918,.T.);
#13918 = B_SPLINE_CURVE_WITH_KNOTS('',1,(#13919,#13920),.UNSPECIFIED.,
  .F.,.F.,(2,2),(0.,1.),.PIECEWISE_BEZIER_KNOTS.);
#13919 = CARTESIAN_POINT('',(1.735,-3.235,1.035));
#13920 = CARTESIAN_POINT('',(1.641540344923,-3.141540344923,1.7));
#13921 = B_SPLINE_SURFACE_WITH_KNOTS('',1,1,(
    (#13922,#13923)
    ,(#13924,#13925
    )),.UNSPECIFIED.,.F.,.F.,.F.,(2,2),(2,2),(0.,6.47),(0.,1.),
  .PIECEWISE_BEZIER_KNOTS.);
#13922 = CARTESIAN_POINT('',(1.735,-3.235,1.035));
#13923 = CARTESIAN_POINT('',(1.641540344923,-3.141540344923,1.7));
#13924 = CARTESIAN_POINT('',(1.735,3.235,1.035));
#13925 = CARTESIAN_POINT('',(1.641540344923,3.141540344923,1.7));
#13926 = ADVANCED_FACE('',(#13927),#13944,.T.);
#13927 = FACE_BOUND('',#13928,.T.);
#13928 = EDGE_LOOP('',(#13929,#13930,#13937,#13943));
#13929 = ORIENTED_EDGE('',*,*,#13037,.T.);
#13930 = ORIENTED_EDGE('',*,*,#13931,.T.);
#13931 = EDGE_CURVE('',#13030,#13932,#13934,.T.);
#13932 = VERTEX_POINT('',#13933);
#13933 = CARTESIAN_POINT('',(-1.641540344923,3.141540344923,1.7));
#13934 = B_SPLINE_CURVE_WITH_KNOTS('',1,(#13935,#13936),.UNSPECIFIED.,
  .F.,.F.,(2,2),(0.,1.),.PIECEWISE_BEZIER_KNOTS.);
#13935 = CARTESIAN_POINT('',(-1.735,3.235,1.035));
#13936 = CARTESIAN_POINT('',(-1.641540344923,3.141540344923,1.7));
#13937 = ORIENTED_EDGE('',*,*,#13938,.F.);
#13938 = EDGE_CURVE('',#13903,#13932,#13939,.T.);
#13939 = LINE('',#13940,#13941);
#13940 = CARTESIAN_POINT('',(1.641540344923,3.141540344923,1.7));
#13941 = VECTOR('',#13942,1.);
#13942 = DIRECTION('',(-1.,-1.110223024625E-16,0.));
#13943 = ORIENTED_EDGE('',*,*,#13902,.F.);
#13944 = B_SPLINE_SURFACE_WITH_KNOTS('',1,1,(
    (#13945,#13946)
    ,(#13947,#13948
    )),.UNSPECIFIED.,.F.,.F.,.F.,(2,2),(2,2),(0.,3.47),(0.,1.),
  .PIECEWISE_BEZIER_KNOTS.);
#13945 = CARTESIAN_POINT('',(1.735,3.235,1.035));
#13946 = CARTESIAN_POINT('',(1.641540344923,3.141540344923,1.7));
#13947 = CARTESIAN_POINT('',(-1.735,3.235,1.035));
#13948 = CARTESIAN_POINT('',(-1.641540344923,3.141540344923,1.7));
#13949 = ADVANCED_FACE('',(#13950),#13988,.T.);
#13950 = FACE_BOUND('',#13951,.T.);
#13951 = EDGE_LOOP('',(#13952,#13953,#13959,#13960,#13966,#13967,#13973,
    #13974,#13981,#13987));
#13952 = ORIENTED_EDGE('',*,*,#13029,.T.);
#13953 = ORIENTED_EDGE('',*,*,#13954,.T.);
#13954 = EDGE_CURVE('',#13022,#13277,#13955,.T.);
#13955 = LINE('',#13956,#13957);
#13956 = CARTESIAN_POINT('',(-1.735,3.235,1.035));
#13957 = VECTOR('',#13958,1.);
#13958 = DIRECTION('',(1.110223024625E-16,-1.,0.));
#13959 = ORIENTED_EDGE('',*,*,#13293,.T.);
#13960 = ORIENTED_EDGE('',*,*,#13961,.T.);
#13961 = EDGE_CURVE('',#13286,#13509,#13962,.T.);
#13962 = LINE('',#13963,#13964);
#13963 = CARTESIAN_POINT('',(-1.735,3.235,1.035));
#13964 = VECTOR('',#13965,1.);
#13965 = DIRECTION('',(1.110223024625E-16,-1.,0.));
#13966 = ORIENTED_EDGE('',*,*,#13525,.T.);
#13967 = ORIENTED_EDGE('',*,*,#13968,.T.);
#13968 = EDGE_CURVE('',#13518,#13773,#13969,.T.);
#13969 = LINE('',#13970,#13971);
#13970 = CARTESIAN_POINT('',(-1.735,3.235,1.035));
#13971 = VECTOR('',#13972,1.);
#13972 = DIRECTION('',(1.110223024625E-16,-1.,0.));
#13973 = ORIENTED_EDGE('',*,*,#13772,.T.);
#13974 = ORIENTED_EDGE('',*,*,#13975,.T.);
#13975 = EDGE_CURVE('',#13765,#13976,#13978,.T.);
#13976 = VERTEX_POINT('',#13977);
#13977 = CARTESIAN_POINT('',(-1.641540344923,-3.141540344923,1.7));
#13978 = B_SPLINE_CURVE_WITH_KNOTS('',1,(#13979,#13980),.UNSPECIFIED.,
  .F.,.F.,(2,2),(0.,1.),.PIECEWISE_BEZIER_KNOTS.);
#13979 = CARTESIAN_POINT('',(-1.735,-3.235,1.035));
#13980 = CARTESIAN_POINT('',(-1.641540344923,-3.141540344923,1.7));
#13981 = ORIENTED_EDGE('',*,*,#13982,.F.);
#13982 = EDGE_CURVE('',#13932,#13976,#13983,.T.);
#13983 = LINE('',#13984,#13985);
#13984 = CARTESIAN_POINT('',(-1.641540344923,3.141540344923,1.7));
#13985 = VECTOR('',#13986,1.);
#13986 = DIRECTION('',(1.110223024625E-16,-1.,0.));
#13987 = ORIENTED_EDGE('',*,*,#13931,.F.);
#13988 = B_SPLINE_SURFACE_WITH_KNOTS('',1,1,(
    (#13989,#13990)
    ,(#13991,#13992
    )),.UNSPECIFIED.,.F.,.F.,.F.,(2,2),(2,2),(0.,6.47),(0.,1.),
  .PIECEWISE_BEZIER_KNOTS.);
#13989 = CARTESIAN_POINT('',(-1.735,3.235,1.035));
#13990 = CARTESIAN_POINT('',(-1.641540344923,3.141540344923,1.7));
#13991 = CARTESIAN_POINT('',(-1.735,-3.235,1.035));
#13992 = CARTESIAN_POINT('',(-1.641540344923,-3.141540344923,1.7));
#13993 = ADVANCED_FACE('',(#13994),#14007,.F.);
#13994 = FACE_BOUND('',#13995,.F.);
#13995 = EDGE_LOOP('',(#13996,#13997,#14003,#14004,#14005,#14006));
#13996 = ORIENTED_EDGE('',*,*,#13245,.F.);
#13997 = ORIENTED_EDGE('',*,*,#13998,.T.);
#13998 = EDGE_CURVE('',#13237,#13145,#13999,.T.);
#13999 = LINE('',#14000,#14001);
#14000 = CARTESIAN_POINT('',(-2.25,1.91675,1.035));
#14001 = VECTOR('',#14002,1.);
#14002 = DIRECTION('',(1.144237745222E-17,1.,0.));
#14003 = ORIENTED_EDGE('',*,*,#13153,.T.);
#14004 = ORIENTED_EDGE('',*,*,#13021,.T.);
#14005 = ORIENTED_EDGE('',*,*,#13954,.T.);
#14006 = ORIENTED_EDGE('',*,*,#13276,.F.);
#14007 = PLANE('',#14008);
#14008 = AXIS2_PLACEMENT_3D('',#14009,#14010,#14011);
#14009 = CARTESIAN_POINT('',(-2.25,1.91675,1.035));
#14010 = DIRECTION('',(0.,0.,-1.));
#14011 = DIRECTION('',(1.,-1.144237745222E-17,0.));
#14012 = ADVANCED_FACE('',(#14013),#14024,.T.);
#14013 = FACE_BOUND('',#14014,.T.);
#14014 = EDGE_LOOP('',(#14015,#14016,#14017,#14018));
#14015 = ORIENTED_EDGE('',*,*,#13236,.T.);
#14016 = ORIENTED_EDGE('',*,*,#13998,.T.);
#14017 = ORIENTED_EDGE('',*,*,#13144,.F.);
#14018 = ORIENTED_EDGE('',*,*,#14019,.F.);
#14019 = EDGE_CURVE('',#13229,#13137,#14020,.T.);
#14020 = LINE('',#14021,#14022);
#14021 = CARTESIAN_POINT('',(-2.712859643916,1.91675,0.646614643503));
#14022 = VECTOR('',#14023,1.);
#14023 = DIRECTION('',(1.144237745222E-17,1.,0.));
#14024 = CYLINDRICAL_SURFACE('',#14025,0.47);
#14025 = AXIS2_PLACEMENT_3D('',#14026,#14027,#14028);
#14026 = CARTESIAN_POINT('',(-2.25,1.91675,0.565));
#14027 = DIRECTION('',(-1.144237745222E-17,-1.,0.));
#14028 = DIRECTION('',(-0.984807753012,1.126854202784E-17,0.173648177667
    ));
#14029 = ADVANCED_FACE('',(#14030),#14041,.F.);
#14030 = FACE_BOUND('',#14031,.F.);
#14031 = EDGE_LOOP('',(#14032,#14038,#14039,#14040));
#14032 = ORIENTED_EDGE('',*,*,#14033,.T.);
#14033 = EDGE_CURVE('',#13220,#13128,#14034,.T.);
#14034 = LINE('',#14035,#14036);
#14035 = CARTESIAN_POINT('',(-2.739789512565,1.91675,0.435270364467));
#14036 = VECTOR('',#14037,1.);
#14037 = DIRECTION('',(1.144237745222E-17,1.,0.));
#14038 = ORIENTED_EDGE('',*,*,#13136,.T.);
#14039 = ORIENTED_EDGE('',*,*,#14019,.F.);
#14040 = ORIENTED_EDGE('',*,*,#13228,.F.);
#14041 = PLANE('',#14042);
#14042 = AXIS2_PLACEMENT_3D('',#14043,#14044,#14045);
#14043 = CARTESIAN_POINT('',(-2.739789512565,1.91675,0.435270364467));
#14044 = DIRECTION('',(0.991979380222,-1.135060249332E-17,
    -0.126399799104));
#14045 = DIRECTION('',(0.126399799104,-1.446314211233E-18,0.991979380222
    ));
#14046 = ADVANCED_FACE('',(#14047),#14058,.F.);
#14047 = FACE_BOUND('',#14048,.F.);
#14048 = EDGE_LOOP('',(#14049,#14055,#14056,#14057));
#14049 = ORIENTED_EDGE('',*,*,#14050,.T.);
#14050 = EDGE_CURVE('',#13212,#13120,#14051,.T.);
#14051 = LINE('',#14052,#14053);
#14052 = CARTESIAN_POINT('',(-2.936751063167,1.91675,0.27));
#14053 = VECTOR('',#14054,1.);
#14054 = DIRECTION('',(1.144237745222E-17,1.,0.));
#14055 = ORIENTED_EDGE('',*,*,#13127,.T.);
#14056 = ORIENTED_EDGE('',*,*,#14033,.F.);
#14057 = ORIENTED_EDGE('',*,*,#13219,.F.);
#14058 = CYLINDRICAL_SURFACE('',#14059,0.2);
#14059 = AXIS2_PLACEMENT_3D('',#14060,#14061,#14062);
#14060 = CARTESIAN_POINT('',(-2.936751063167,1.91675,0.47));
#14061 = DIRECTION('',(-1.144237745222E-17,-1.,0.));
#14062 = DIRECTION('',(-2.22044604925E-15,2.540718180781E-32,-1.));
#14063 = ADVANCED_FACE('',(#14064),#14075,.F.);
#14064 = FACE_BOUND('',#14065,.F.);
#14065 = EDGE_LOOP('',(#14066,#14072,#14073,#14074));
#14066 = ORIENTED_EDGE('',*,*,#14067,.T.);
#14067 = EDGE_CURVE('',#13204,#13112,#14068,.T.);
#14068 = LINE('',#14069,#14070);
#14069 = CARTESIAN_POINT('',(-3.5,1.91675,0.27));
#14070 = VECTOR('',#14071,1.);
#14071 = DIRECTION('',(1.144237745222E-17,1.,0.));
#14072 = ORIENTED_EDGE('',*,*,#13119,.T.);
#14073 = ORIENTED_EDGE('',*,*,#14050,.F.);
#14074 = ORIENTED_EDGE('',*,*,#13211,.F.);
#14075 = PLANE('',#14076);
#14076 = AXIS2_PLACEMENT_3D('',#14077,#14078,#14079);
#14077 = CARTESIAN_POINT('',(-3.5,1.91675,0.27));
#14078 = DIRECTION('',(0.,0.,-1.));
#14079 = DIRECTION('',(1.,-1.144237745222E-17,0.));
#14080 = ADVANCED_FACE('',(#14081),#14092,.F.);
#14081 = FACE_BOUND('',#14082,.F.);
#14082 = EDGE_LOOP('',(#14083,#14089,#14090,#14091));
#14083 = ORIENTED_EDGE('',*,*,#14084,.T.);
#14084 = EDGE_CURVE('',#13196,#13104,#14085,.T.);
#14085 = LINE('',#14086,#14087);
#14086 = CARTESIAN_POINT('',(-3.5,1.91675,-1.665334536938E-16));
#14087 = VECTOR('',#14088,1.);
#14088 = DIRECTION('',(1.144237745222E-17,1.,0.));
#14089 = ORIENTED_EDGE('',*,*,#13111,.T.);
#14090 = ORIENTED_EDGE('',*,*,#14067,.F.);
#14091 = ORIENTED_EDGE('',*,*,#13203,.F.);
#14092 = PLANE('',#14093);
#14093 = AXIS2_PLACEMENT_3D('',#14094,#14095,#14096);
#14094 = CARTESIAN_POINT('',(-3.5,1.91675,-1.665334536938E-16));
#14095 = DIRECTION('',(1.,-1.144237745222E-17,0.));
#14096 = DIRECTION('',(0.,0.,1.));
#14097 = ADVANCED_FACE('',(#14098),#14109,.F.);
#14098 = FACE_BOUND('',#14099,.F.);
#14099 = EDGE_LOOP('',(#14100,#14106,#14107,#14108));
#14100 = ORIENTED_EDGE('',*,*,#14101,.T.);
#14101 = EDGE_CURVE('',#13187,#13095,#14102,.T.);
#14102 = LINE('',#14103,#14104);
#14103 = CARTESIAN_POINT('',(-2.936751063167,1.91675,-1.665334536938E-16
    ));
#14104 = VECTOR('',#14105,1.);
#14105 = DIRECTION('',(1.144237745222E-17,1.,0.));
#14106 = ORIENTED_EDGE('',*,*,#13103,.T.);
#14107 = ORIENTED_EDGE('',*,*,#14084,.F.);
#14108 = ORIENTED_EDGE('',*,*,#13195,.F.);
#14109 = PLANE('',#14110);
#14110 = AXIS2_PLACEMENT_3D('',#14111,#14112,#14113);
#14111 = CARTESIAN_POINT('',(-2.936751063167,1.91675,-1.665334536938E-16
    ));
#14112 = DIRECTION('',(0.,0.,1.));
#14113 = DIRECTION('',(-1.,1.144237745222E-17,0.));
#14114 = ADVANCED_FACE('',(#14115),#14126,.T.);
#14115 = FACE_BOUND('',#14116,.T.);
#14116 = EDGE_LOOP('',(#14117,#14118,#14119,#14120));
#14117 = ORIENTED_EDGE('',*,*,#13186,.T.);
#14118 = ORIENTED_EDGE('',*,*,#14101,.T.);
#14119 = ORIENTED_EDGE('',*,*,#13094,.F.);
#14120 = ORIENTED_EDGE('',*,*,#14121,.F.);
#14121 = EDGE_CURVE('',#13179,#13087,#14122,.T.);
#14122 = LINE('',#14123,#14124);
#14123 = CARTESIAN_POINT('',(-2.473891419252,1.91675,0.388385356497));
#14124 = VECTOR('',#14125,1.);
#14125 = DIRECTION('',(1.144237745222E-17,1.,0.));
#14126 = CYLINDRICAL_SURFACE('',#14127,0.47);
#14127 = AXIS2_PLACEMENT_3D('',#14128,#14129,#14130);
#14128 = CARTESIAN_POINT('',(-2.936751063167,1.91675,0.47));
#14129 = DIRECTION('',(-1.144237745222E-17,-1.,0.));
#14130 = DIRECTION('',(0.984807753012,-1.126854202784E-17,
    -0.173648177667));
#14131 = ADVANCED_FACE('',(#14132),#14138,.F.);
#14132 = FACE_BOUND('',#14133,.F.);
#14133 = EDGE_LOOP('',(#14134,#14135,#14136,#14137));
#14134 = ORIENTED_EDGE('',*,*,#13261,.T.);
#14135 = ORIENTED_EDGE('',*,*,#13086,.T.);
#14136 = ORIENTED_EDGE('',*,*,#14121,.F.);
#14137 = ORIENTED_EDGE('',*,*,#13178,.F.);
#14138 = PLANE('',#14139);
#14139 = AXIS2_PLACEMENT_3D('',#14140,#14141,#14142);
#14140 = CARTESIAN_POINT('',(-2.446961550602,1.91675,0.599729635533));
#14141 = DIRECTION('',(-0.991979380222,1.135060249332E-17,0.126399799104
    ));
#14142 = DIRECTION('',(-0.126399799104,1.446314211233E-18,
    -0.991979380222));
#14143 = ADVANCED_FACE('',(#14144),#14157,.F.);
#14144 = FACE_BOUND('',#14145,.F.);
#14145 = EDGE_LOOP('',(#14146,#14147,#14153,#14154,#14155,#14156));
#14146 = ORIENTED_EDGE('',*,*,#13477,.F.);
#14147 = ORIENTED_EDGE('',*,*,#14148,.T.);
#14148 = EDGE_CURVE('',#13469,#13377,#14149,.T.);
#14149 = LINE('',#14150,#14151);
#14150 = CARTESIAN_POINT('',(-2.25,-0.38335,1.035));
#14151 = VECTOR('',#14152,1.);
#14152 = DIRECTION('',(1.144237745222E-17,1.,0.));
#14153 = ORIENTED_EDGE('',*,*,#13385,.T.);
#14154 = ORIENTED_EDGE('',*,*,#13285,.T.);
#14155 = ORIENTED_EDGE('',*,*,#13961,.T.);
#14156 = ORIENTED_EDGE('',*,*,#13508,.F.);
#14157 = PLANE('',#14158);
#14158 = AXIS2_PLACEMENT_3D('',#14159,#14160,#14161);
#14159 = CARTESIAN_POINT('',(-2.25,-0.38335,1.035));
#14160 = DIRECTION('',(0.,0.,-1.));
#14161 = DIRECTION('',(1.,-1.144237745222E-17,0.));
#14162 = ADVANCED_FACE('',(#14163),#14174,.T.);
#14163 = FACE_BOUND('',#14164,.T.);
#14164 = EDGE_LOOP('',(#14165,#14166,#14167,#14168));
#14165 = ORIENTED_EDGE('',*,*,#13468,.T.);
#14166 = ORIENTED_EDGE('',*,*,#14148,.T.);
#14167 = ORIENTED_EDGE('',*,*,#13376,.F.);
#14168 = ORIENTED_EDGE('',*,*,#14169,.F.);
#14169 = EDGE_CURVE('',#13461,#13369,#14170,.T.);
#14170 = LINE('',#14171,#14172);
#14171 = CARTESIAN_POINT('',(-2.712859643916,-0.38335,0.646614643503));
#14172 = VECTOR('',#14173,1.);
#14173 = DIRECTION('',(1.144237745222E-17,1.,0.));
#14174 = CYLINDRICAL_SURFACE('',#14175,0.47);
#14175 = AXIS2_PLACEMENT_3D('',#14176,#14177,#14178);
#14176 = CARTESIAN_POINT('',(-2.25,-0.38335,0.565));
#14177 = DIRECTION('',(-1.144237745222E-17,-1.,0.));
#14178 = DIRECTION('',(-0.984807753012,1.126854202784E-17,0.173648177667
    ));
#14179 = ADVANCED_FACE('',(#14180),#14191,.F.);
#14180 = FACE_BOUND('',#14181,.F.);
#14181 = EDGE_LOOP('',(#14182,#14188,#14189,#14190));
#14182 = ORIENTED_EDGE('',*,*,#14183,.T.);
#14183 = EDGE_CURVE('',#13452,#13360,#14184,.T.);
#14184 = LINE('',#14185,#14186);
#14185 = CARTESIAN_POINT('',(-2.739789512565,-0.38335,0.435270364467));
#14186 = VECTOR('',#14187,1.);
#14187 = DIRECTION('',(1.144237745222E-17,1.,0.));
#14188 = ORIENTED_EDGE('',*,*,#13368,.T.);
#14189 = ORIENTED_EDGE('',*,*,#14169,.F.);
#14190 = ORIENTED_EDGE('',*,*,#13460,.F.);
#14191 = PLANE('',#14192);
#14192 = AXIS2_PLACEMENT_3D('',#14193,#14194,#14195);
#14193 = CARTESIAN_POINT('',(-2.739789512565,-0.38335,0.435270364467));
#14194 = DIRECTION('',(0.991979380222,-1.135060249332E-17,
    -0.126399799104));
#14195 = DIRECTION('',(0.126399799104,-1.446314211233E-18,0.991979380222
    ));
#14196 = ADVANCED_FACE('',(#14197),#14208,.F.);
#14197 = FACE_BOUND('',#14198,.F.);
#14198 = EDGE_LOOP('',(#14199,#14205,#14206,#14207));
#14199 = ORIENTED_EDGE('',*,*,#14200,.T.);
#14200 = EDGE_CURVE('',#13444,#13352,#14201,.T.);
#14201 = LINE('',#14202,#14203);
#14202 = CARTESIAN_POINT('',(-2.936751063167,-0.38335,0.27));
#14203 = VECTOR('',#14204,1.);
#14204 = DIRECTION('',(1.144237745222E-17,1.,0.));
#14205 = ORIENTED_EDGE('',*,*,#13359,.T.);
#14206 = ORIENTED_EDGE('',*,*,#14183,.F.);
#14207 = ORIENTED_EDGE('',*,*,#13451,.F.);
#14208 = CYLINDRICAL_SURFACE('',#14209,0.2);
#14209 = AXIS2_PLACEMENT_3D('',#14210,#14211,#14212);
#14210 = CARTESIAN_POINT('',(-2.936751063167,-0.38335,0.47));
#14211 = DIRECTION('',(-1.144237745222E-17,-1.,0.));
#14212 = DIRECTION('',(-2.22044604925E-15,2.540718180781E-32,-1.));
#14213 = ADVANCED_FACE('',(#14214),#14225,.F.);
#14214 = FACE_BOUND('',#14215,.F.);
#14215 = EDGE_LOOP('',(#14216,#14222,#14223,#14224));
#14216 = ORIENTED_EDGE('',*,*,#14217,.T.);
#14217 = EDGE_CURVE('',#13436,#13344,#14218,.T.);
#14218 = LINE('',#14219,#14220);
#14219 = CARTESIAN_POINT('',(-3.5,-0.38335,0.27));
#14220 = VECTOR('',#14221,1.);
#14221 = DIRECTION('',(1.144237745222E-17,1.,0.));
#14222 = ORIENTED_EDGE('',*,*,#13351,.T.);
#14223 = ORIENTED_EDGE('',*,*,#14200,.F.);
#14224 = ORIENTED_EDGE('',*,*,#13443,.F.);
#14225 = PLANE('',#14226);
#14226 = AXIS2_PLACEMENT_3D('',#14227,#14228,#14229);
#14227 = CARTESIAN_POINT('',(-3.5,-0.38335,0.27));
#14228 = DIRECTION('',(0.,0.,-1.));
#14229 = DIRECTION('',(1.,-1.144237745222E-17,0.));
#14230 = ADVANCED_FACE('',(#14231),#14242,.F.);
#14231 = FACE_BOUND('',#14232,.F.);
#14232 = EDGE_LOOP('',(#14233,#14239,#14240,#14241));
#14233 = ORIENTED_EDGE('',*,*,#14234,.T.);
#14234 = EDGE_CURVE('',#13428,#13336,#14235,.T.);
#14235 = LINE('',#14236,#14237);
#14236 = CARTESIAN_POINT('',(-3.5,-0.38335,-1.665334536938E-16));
#14237 = VECTOR('',#14238,1.);
#14238 = DIRECTION('',(1.144237745222E-17,1.,0.));
#14239 = ORIENTED_EDGE('',*,*,#13343,.T.);
#14240 = ORIENTED_EDGE('',*,*,#14217,.F.);
#14241 = ORIENTED_EDGE('',*,*,#13435,.F.);
#14242 = PLANE('',#14243);
#14243 = AXIS2_PLACEMENT_3D('',#14244,#14245,#14246);
#14244 = CARTESIAN_POINT('',(-3.5,-0.38335,-1.665334536938E-16));
#14245 = DIRECTION('',(1.,-1.144237745222E-17,0.));
#14246 = DIRECTION('',(0.,0.,1.));
#14247 = ADVANCED_FACE('',(#14248),#14259,.F.);
#14248 = FACE_BOUND('',#14249,.F.);
#14249 = EDGE_LOOP('',(#14250,#14256,#14257,#14258));
#14250 = ORIENTED_EDGE('',*,*,#14251,.T.);
#14251 = EDGE_CURVE('',#13419,#13327,#14252,.T.);
#14252 = LINE('',#14253,#14254);
#14253 = CARTESIAN_POINT('',(-2.936751063167,-0.38335,
    -1.665334536938E-16));
#14254 = VECTOR('',#14255,1.);
#14255 = DIRECTION('',(1.144237745222E-17,1.,0.));
#14256 = ORIENTED_EDGE('',*,*,#13335,.T.);
#14257 = ORIENTED_EDGE('',*,*,#14234,.F.);
#14258 = ORIENTED_EDGE('',*,*,#13427,.F.);
#14259 = PLANE('',#14260);
#14260 = AXIS2_PLACEMENT_3D('',#14261,#14262,#14263);
#14261 = CARTESIAN_POINT('',(-2.936751063167,-0.38335,
    -1.665334536938E-16));
#14262 = DIRECTION('',(0.,0.,1.));
#14263 = DIRECTION('',(-1.,1.144237745222E-17,0.));
#14264 = ADVANCED_FACE('',(#14265),#14276,.T.);
#14265 = FACE_BOUND('',#14266,.T.);
#14266 = EDGE_LOOP('',(#14267,#14268,#14269,#14270));
#14267 = ORIENTED_EDGE('',*,*,#13418,.T.);
#14268 = ORIENTED_EDGE('',*,*,#14251,.T.);
#14269 = ORIENTED_EDGE('',*,*,#13326,.F.);
#14270 = ORIENTED_EDGE('',*,*,#14271,.F.);
#14271 = EDGE_CURVE('',#13411,#13319,#14272,.T.);
#14272 = LINE('',#14273,#14274);
#14273 = CARTESIAN_POINT('',(-2.473891419252,-0.38335,0.388385356497));
#14274 = VECTOR('',#14275,1.);
#14275 = DIRECTION('',(1.144237745222E-17,1.,0.));
#14276 = CYLINDRICAL_SURFACE('',#14277,0.47);
#14277 = AXIS2_PLACEMENT_3D('',#14278,#14279,#14280);
#14278 = CARTESIAN_POINT('',(-2.936751063167,-0.38335,0.47));
#14279 = DIRECTION('',(-1.144237745222E-17,-1.,0.));
#14280 = DIRECTION('',(0.984807753012,-1.126854202784E-17,
    -0.173648177667));
#14281 = ADVANCED_FACE('',(#14282),#14288,.F.);
#14282 = FACE_BOUND('',#14283,.F.);
#14283 = EDGE_LOOP('',(#14284,#14285,#14286,#14287));
#14284 = ORIENTED_EDGE('',*,*,#13493,.T.);
#14285 = ORIENTED_EDGE('',*,*,#13318,.T.);
#14286 = ORIENTED_EDGE('',*,*,#14271,.F.);
#14287 = ORIENTED_EDGE('',*,*,#13410,.F.);
#14288 = PLANE('',#14289);
#14289 = AXIS2_PLACEMENT_3D('',#14290,#14291,#14292);
#14290 = CARTESIAN_POINT('',(-2.446961550602,-0.38335,0.599729635533));
#14291 = DIRECTION('',(-0.991979380222,1.135060249332E-17,0.126399799104
    ));
#14292 = DIRECTION('',(-0.126399799104,1.446314211233E-18,
    -0.991979380222));
#14293 = ADVANCED_FACE('',(#14294),#14307,.F.);
#14294 = FACE_BOUND('',#14295,.F.);
#14295 = EDGE_LOOP('',(#14296,#14297,#14303,#14304,#14305,#14306));
#14296 = ORIENTED_EDGE('',*,*,#13709,.F.);
#14297 = ORIENTED_EDGE('',*,*,#14298,.T.);
#14298 = EDGE_CURVE('',#13701,#13609,#14299,.T.);
#14299 = LINE('',#14300,#14301);
#14300 = CARTESIAN_POINT('',(-2.25,-2.68345,1.035));
#14301 = VECTOR('',#14302,1.);
#14302 = DIRECTION('',(1.144237745222E-17,1.,0.));
#14303 = ORIENTED_EDGE('',*,*,#13617,.T.);
#14304 = ORIENTED_EDGE('',*,*,#13517,.T.);
#14305 = ORIENTED_EDGE('',*,*,#13968,.T.);
#14306 = ORIENTED_EDGE('',*,*,#13780,.F.);
#14307 = PLANE('',#14308);
#14308 = AXIS2_PLACEMENT_3D('',#14309,#14310,#14311);
#14309 = CARTESIAN_POINT('',(-2.25,-2.68345,1.035));
#14310 = DIRECTION('',(0.,0.,-1.));
#14311 = DIRECTION('',(1.,-1.144237745222E-17,0.));
#14312 = ADVANCED_FACE('',(#14313),#14324,.T.);
#14313 = FACE_BOUND('',#14314,.T.);
#14314 = EDGE_LOOP('',(#14315,#14316,#14317,#14318));
#14315 = ORIENTED_EDGE('',*,*,#13700,.T.);
#14316 = ORIENTED_EDGE('',*,*,#14298,.T.);
#14317 = ORIENTED_EDGE('',*,*,#13608,.F.);
#14318 = ORIENTED_EDGE('',*,*,#14319,.F.);
#14319 = EDGE_CURVE('',#13693,#13601,#14320,.T.);
#14320 = LINE('',#14321,#14322);
#14321 = CARTESIAN_POINT('',(-2.712859643916,-2.68345,0.646614643503));
#14322 = VECTOR('',#14323,1.);
#14323 = DIRECTION('',(1.144237745222E-17,1.,0.));
#14324 = CYLINDRICAL_SURFACE('',#14325,0.47);
#14325 = AXIS2_PLACEMENT_3D('',#14326,#14327,#14328);
#14326 = CARTESIAN_POINT('',(-2.25,-2.68345,0.565));
#14327 = DIRECTION('',(-1.144237745222E-17,-1.,0.));
#14328 = DIRECTION('',(-0.984807753012,1.126854202784E-17,0.173648177667
    ));
#14329 = ADVANCED_FACE('',(#14330),#14341,.F.);
#14330 = FACE_BOUND('',#14331,.F.);
#14331 = EDGE_LOOP('',(#14332,#14338,#14339,#14340));
#14332 = ORIENTED_EDGE('',*,*,#14333,.T.);
#14333 = EDGE_CURVE('',#13684,#13592,#14334,.T.);
#14334 = LINE('',#14335,#14336);
#14335 = CARTESIAN_POINT('',(-2.739789512565,-2.68345,0.435270364467));
#14336 = VECTOR('',#14337,1.);
#14337 = DIRECTION('',(1.144237745222E-17,1.,0.));
#14338 = ORIENTED_EDGE('',*,*,#13600,.T.);
#14339 = ORIENTED_EDGE('',*,*,#14319,.F.);
#14340 = ORIENTED_EDGE('',*,*,#13692,.F.);
#14341 = PLANE('',#14342);
#14342 = AXIS2_PLACEMENT_3D('',#14343,#14344,#14345);
#14343 = CARTESIAN_POINT('',(-2.739789512565,-2.68345,0.435270364467));
#14344 = DIRECTION('',(0.991979380222,-1.135060249332E-17,
    -0.126399799104));
#14345 = DIRECTION('',(0.126399799104,-1.446314211233E-18,0.991979380222
    ));
#14346 = ADVANCED_FACE('',(#14347),#14358,.F.);
#14347 = FACE_BOUND('',#14348,.F.);
#14348 = EDGE_LOOP('',(#14349,#14355,#14356,#14357));
#14349 = ORIENTED_EDGE('',*,*,#14350,.T.);
#14350 = EDGE_CURVE('',#13676,#13584,#14351,.T.);
#14351 = LINE('',#14352,#14353);
#14352 = CARTESIAN_POINT('',(-2.936751063167,-2.68345,0.27));
#14353 = VECTOR('',#14354,1.);
#14354 = DIRECTION('',(1.144237745222E-17,1.,0.));
#14355 = ORIENTED_EDGE('',*,*,#13591,.T.);
#14356 = ORIENTED_EDGE('',*,*,#14333,.F.);
#14357 = ORIENTED_EDGE('',*,*,#13683,.F.);
#14358 = CYLINDRICAL_SURFACE('',#14359,0.2);
#14359 = AXIS2_PLACEMENT_3D('',#14360,#14361,#14362);
#14360 = CARTESIAN_POINT('',(-2.936751063167,-2.68345,0.47));
#14361 = DIRECTION('',(-1.144237745222E-17,-1.,0.));
#14362 = DIRECTION('',(-2.22044604925E-15,2.540718180781E-32,-1.));
#14363 = ADVANCED_FACE('',(#14364),#14375,.F.);
#14364 = FACE_BOUND('',#14365,.F.);
#14365 = EDGE_LOOP('',(#14366,#14372,#14373,#14374));
#14366 = ORIENTED_EDGE('',*,*,#14367,.T.);
#14367 = EDGE_CURVE('',#13668,#13576,#14368,.T.);
#14368 = LINE('',#14369,#14370);
#14369 = CARTESIAN_POINT('',(-3.5,-2.68345,0.27));
#14370 = VECTOR('',#14371,1.);
#14371 = DIRECTION('',(1.144237745222E-17,1.,0.));
#14372 = ORIENTED_EDGE('',*,*,#13583,.T.);
#14373 = ORIENTED_EDGE('',*,*,#14350,.F.);
#14374 = ORIENTED_EDGE('',*,*,#13675,.F.);
#14375 = PLANE('',#14376);
#14376 = AXIS2_PLACEMENT_3D('',#14377,#14378,#14379);
#14377 = CARTESIAN_POINT('',(-3.5,-2.68345,0.27));
#14378 = DIRECTION('',(0.,0.,-1.));
#14379 = DIRECTION('',(1.,-1.144237745222E-17,0.));
#14380 = ADVANCED_FACE('',(#14381),#14392,.F.);
#14381 = FACE_BOUND('',#14382,.F.);
#14382 = EDGE_LOOP('',(#14383,#14389,#14390,#14391));
#14383 = ORIENTED_EDGE('',*,*,#14384,.T.);
#14384 = EDGE_CURVE('',#13660,#13568,#14385,.T.);
#14385 = LINE('',#14386,#14387);
#14386 = CARTESIAN_POINT('',(-3.5,-2.68345,-1.665334536938E-16));
#14387 = VECTOR('',#14388,1.);
#14388 = DIRECTION('',(1.144237745222E-17,1.,0.));
#14389 = ORIENTED_EDGE('',*,*,#13575,.T.);
#14390 = ORIENTED_EDGE('',*,*,#14367,.F.);
#14391 = ORIENTED_EDGE('',*,*,#13667,.F.);
#14392 = PLANE('',#14393);
#14393 = AXIS2_PLACEMENT_3D('',#14394,#14395,#14396);
#14394 = CARTESIAN_POINT('',(-3.5,-2.68345,-1.665334536938E-16));
#14395 = DIRECTION('',(1.,-1.144237745222E-17,0.));
#14396 = DIRECTION('',(0.,0.,1.));
#14397 = ADVANCED_FACE('',(#14398),#14409,.F.);
#14398 = FACE_BOUND('',#14399,.F.);
#14399 = EDGE_LOOP('',(#14400,#14406,#14407,#14408));
#14400 = ORIENTED_EDGE('',*,*,#14401,.T.);
#14401 = EDGE_CURVE('',#13651,#13559,#14402,.T.);
#14402 = LINE('',#14403,#14404);
#14403 = CARTESIAN_POINT('',(-2.936751063167,-2.68345,
    -1.665334536938E-16));
#14404 = VECTOR('',#14405,1.);
#14405 = DIRECTION('',(1.144237745222E-17,1.,0.));
#14406 = ORIENTED_EDGE('',*,*,#13567,.T.);
#14407 = ORIENTED_EDGE('',*,*,#14384,.F.);
#14408 = ORIENTED_EDGE('',*,*,#13659,.F.);
#14409 = PLANE('',#14410);
#14410 = AXIS2_PLACEMENT_3D('',#14411,#14412,#14413);
#14411 = CARTESIAN_POINT('',(-2.936751063167,-2.68345,
    -1.665334536938E-16));
#14412 = DIRECTION('',(0.,0.,1.));
#14413 = DIRECTION('',(-1.,1.144237745222E-17,0.));
#14414 = ADVANCED_FACE('',(#14415),#14426,.T.);
#14415 = FACE_BOUND('',#14416,.T.);
#14416 = EDGE_LOOP('',(#14417,#14418,#14419,#14420));
#14417 = ORIENTED_EDGE('',*,*,#13650,.T.);
#14418 = ORIENTED_EDGE('',*,*,#14401,.T.);
#14419 = ORIENTED_EDGE('',*,*,#13558,.F.);
#14420 = ORIENTED_EDGE('',*,*,#14421,.F.);
#14421 = EDGE_CURVE('',#13643,#13551,#14422,.T.);
#14422 = LINE('',#14423,#14424);
#14423 = CARTESIAN_POINT('',(-2.473891419252,-2.68345,0.388385356497));
#14424 = VECTOR('',#14425,1.);
#14425 = DIRECTION('',(1.144237745222E-17,1.,0.));
#14426 = CYLINDRICAL_SURFACE('',#14427,0.47);
#14427 = AXIS2_PLACEMENT_3D('',#14428,#14429,#14430);
#14428 = CARTESIAN_POINT('',(-2.936751063167,-2.68345,0.47));
#14429 = DIRECTION('',(-1.144237745222E-17,-1.,0.));
#14430 = DIRECTION('',(0.984807753012,-1.126854202784E-17,
    -0.173648177667));
#14431 = ADVANCED_FACE('',(#14432),#14438,.F.);
#14432 = FACE_BOUND('',#14433,.F.);
#14433 = EDGE_LOOP('',(#14434,#14435,#14436,#14437));
#14434 = ORIENTED_EDGE('',*,*,#13725,.T.);
#14435 = ORIENTED_EDGE('',*,*,#13550,.T.);
#14436 = ORIENTED_EDGE('',*,*,#14421,.F.);
#14437 = ORIENTED_EDGE('',*,*,#13642,.F.);
#14438 = PLANE('',#14439);
#14439 = AXIS2_PLACEMENT_3D('',#14440,#14441,#14442);
#14440 = CARTESIAN_POINT('',(-2.446961550602,-2.68345,0.599729635533));
#14441 = DIRECTION('',(-0.991979380222,1.135060249332E-17,0.126399799104
    ));
#14442 = DIRECTION('',(-0.126399799104,1.446314211233E-18,
    -0.991979380222));
#14443 = ADVANCED_FACE('',(#14444),#14455,.T.);
#14444 = FACE_BOUND('',#14445,.T.);
#14445 = EDGE_LOOP('',(#14446,#14447,#14448,#14454));
#14446 = ORIENTED_EDGE('',*,*,#13764,.T.);
#14447 = ORIENTED_EDGE('',*,*,#13917,.T.);
#14448 = ORIENTED_EDGE('',*,*,#14449,.F.);
#14449 = EDGE_CURVE('',#13976,#13910,#14450,.T.);
#14450 = LINE('',#14451,#14452);
#14451 = CARTESIAN_POINT('',(-1.641540344923,-3.141540344923,1.7));
#14452 = VECTOR('',#14453,1.);
#14453 = DIRECTION('',(1.,1.110223024625E-16,0.));
#14454 = ORIENTED_EDGE('',*,*,#13975,.F.);
#14455 = B_SPLINE_SURFACE_WITH_KNOTS('',1,1,(
    (#14456,#14457)
    ,(#14458,#14459
    )),.UNSPECIFIED.,.F.,.F.,.F.,(2,2),(2,2),(0.,3.47),(0.,1.),
  .PIECEWISE_BEZIER_KNOTS.);
#14456 = CARTESIAN_POINT('',(-1.735,-3.235,1.035));
#14457 = CARTESIAN_POINT('',(-1.641540344923,-3.141540344923,1.7));
#14458 = CARTESIAN_POINT('',(1.735,-3.235,1.035));
#14459 = CARTESIAN_POINT('',(1.641540344923,-3.141540344923,1.7));
#14460 = ADVANCED_FACE('',(#14461),#14540,.T.);
#14461 = FACE_BOUND('',#14462,.T.);
#14462 = EDGE_LOOP('',(#14463,#14464,#14465,#14474,#14482,#14491,#14499,
    #14507,#14515,#14524,#14532,#14539));
#14463 = ORIENTED_EDGE('',*,*,#13798,.T.);
#14464 = ORIENTED_EDGE('',*,*,#13814,.T.);
#14465 = ORIENTED_EDGE('',*,*,#14466,.T.);
#14466 = EDGE_CURVE('',#13815,#14467,#14469,.T.);
#14467 = VERTEX_POINT('',#14468);
#14468 = CARTESIAN_POINT('',(2.446961550602,-1.15005,0.599729635533));
#14469 = CIRCLE('',#14470,0.2);
#14470 = AXIS2_PLACEMENT_3D('',#14471,#14472,#14473);
#14471 = CARTESIAN_POINT('',(2.25,-1.15005,0.565));
#14472 = DIRECTION('',(-1.110223024625E-16,1.,0.));
#14473 = DIRECTION('',(0.,0.,1.));
#14474 = ORIENTED_EDGE('',*,*,#14475,.T.);
#14475 = EDGE_CURVE('',#14467,#14476,#14478,.T.);
#14476 = VERTEX_POINT('',#14477);
#14477 = CARTESIAN_POINT('',(2.473891419252,-1.15005,0.388385356497));
#14478 = LINE('',#14479,#14480);
#14479 = CARTESIAN_POINT('',(2.446961550602,-1.15005,0.599729635533));
#14480 = VECTOR('',#14481,1.);
#14481 = DIRECTION('',(0.126399799104,1.403319672733E-17,-0.991979380222
    ));
#14482 = ORIENTED_EDGE('',*,*,#14483,.T.);
#14483 = EDGE_CURVE('',#14476,#14484,#14486,.T.);
#14484 = VERTEX_POINT('',#14485);
#14485 = CARTESIAN_POINT('',(2.936751063167,-1.15005,-1.665334536938E-16
    ));
#14486 = CIRCLE('',#14487,0.47);
#14487 = AXIS2_PLACEMENT_3D('',#14488,#14489,#14490);
#14488 = CARTESIAN_POINT('',(2.936751063167,-1.15005,0.47));
#14489 = DIRECTION('',(1.110223024625E-16,-1.,0.));
#14490 = DIRECTION('',(-0.984807753012,-1.093356242223E-16,
    -0.173648177667));
#14491 = ORIENTED_EDGE('',*,*,#14492,.T.);
#14492 = EDGE_CURVE('',#14484,#14493,#14495,.T.);
#14493 = VERTEX_POINT('',#14494);
#14494 = CARTESIAN_POINT('',(3.5,-1.15005,-1.665334536938E-16));
#14495 = LINE('',#14496,#14497);
#14496 = CARTESIAN_POINT('',(2.936751063167,-1.15005,-1.665334536938E-16
    ));
#14497 = VECTOR('',#14498,1.);
#14498 = DIRECTION('',(1.,1.110223024625E-16,0.));
#14499 = ORIENTED_EDGE('',*,*,#14500,.T.);
#14500 = EDGE_CURVE('',#14493,#14501,#14503,.T.);
#14501 = VERTEX_POINT('',#14502);
#14502 = CARTESIAN_POINT('',(3.5,-1.15005,0.27));
#14503 = LINE('',#14504,#14505);
#14504 = CARTESIAN_POINT('',(3.5,-1.15005,-1.665334536938E-16));
#14505 = VECTOR('',#14506,1.);
#14506 = DIRECTION('',(0.,0.,1.));
#14507 = ORIENTED_EDGE('',*,*,#14508,.T.);
#14508 = EDGE_CURVE('',#14501,#14509,#14511,.T.);
#14509 = VERTEX_POINT('',#14510);
#14510 = CARTESIAN_POINT('',(2.936751063167,-1.15005,0.27));
#14511 = LINE('',#14512,#14513);
#14512 = CARTESIAN_POINT('',(3.5,-1.15005,0.27));
#14513 = VECTOR('',#14514,1.);
#14514 = DIRECTION('',(-1.,-1.110223024625E-16,0.));
#14515 = ORIENTED_EDGE('',*,*,#14516,.T.);
#14516 = EDGE_CURVE('',#14509,#14517,#14519,.T.);
#14517 = VERTEX_POINT('',#14518);
#14518 = CARTESIAN_POINT('',(2.739789512565,-1.15005,0.435270364467));
#14519 = CIRCLE('',#14520,0.2);
#14520 = AXIS2_PLACEMENT_3D('',#14521,#14522,#14523);
#14521 = CARTESIAN_POINT('',(2.936751063167,-1.15005,0.47));
#14522 = DIRECTION('',(-1.110223024625E-16,1.,0.));
#14523 = DIRECTION('',(2.22044604925E-15,2.465190328815E-31,-1.));
#14524 = ORIENTED_EDGE('',*,*,#14525,.T.);
#14525 = EDGE_CURVE('',#14517,#14526,#14528,.T.);
#14526 = VERTEX_POINT('',#14527);
#14527 = CARTESIAN_POINT('',(2.712859643916,-1.15005,0.646614643503));
#14528 = LINE('',#14529,#14530);
#14529 = CARTESIAN_POINT('',(2.739789512565,-1.15005,0.435270364467));
#14530 = VECTOR('',#14531,1.);
#14531 = DIRECTION('',(-0.126399799104,-1.403319672733E-17,
    0.991979380222));
#14532 = ORIENTED_EDGE('',*,*,#14533,.T.);
#14533 = EDGE_CURVE('',#14526,#13862,#14534,.T.);
#14534 = CIRCLE('',#14535,0.47);
#14535 = AXIS2_PLACEMENT_3D('',#14536,#14537,#14538);
#14536 = CARTESIAN_POINT('',(2.25,-1.15005,0.565));
#14537 = DIRECTION('',(1.110223024625E-16,-1.,0.));
#14538 = DIRECTION('',(0.984807753012,1.093356242223E-16,0.173648177667)
  );
#14539 = ORIENTED_EDGE('',*,*,#13871,.T.);
#14540 = PLANE('',#14541);
#14541 = AXIS2_PLACEMENT_3D('',#14542,#14543,#14544);
#14542 = CARTESIAN_POINT('',(2.606989201797,-1.15005,0.512419776725));
#14543 = DIRECTION('',(1.110223024625E-16,-1.,0.));
#14544 = DIRECTION('',(0.,0.,1.));
#14545 = ADVANCED_FACE('',(#14546),#14625,.F.);
#14546 = FACE_BOUND('',#14547,.F.);
#14547 = EDGE_LOOP('',(#14548,#14549,#14550,#14559,#14567,#14576,#14584,
    #14592,#14600,#14609,#14617,#14624));
#14548 = ORIENTED_EDGE('',*,*,#13844,.T.);
#14549 = ORIENTED_EDGE('',*,*,#13830,.T.);
#14550 = ORIENTED_EDGE('',*,*,#14551,.T.);
#14551 = EDGE_CURVE('',#13823,#14552,#14554,.T.);
#14552 = VERTEX_POINT('',#14553);
#14553 = CARTESIAN_POINT('',(2.446961550602,1.15005,0.599729635533));
#14554 = CIRCLE('',#14555,0.2);
#14555 = AXIS2_PLACEMENT_3D('',#14556,#14557,#14558);
#14556 = CARTESIAN_POINT('',(2.25,1.15005,0.565));
#14557 = DIRECTION('',(-1.110223024625E-16,1.,0.));
#14558 = DIRECTION('',(0.,0.,1.));
#14559 = ORIENTED_EDGE('',*,*,#14560,.T.);
#14560 = EDGE_CURVE('',#14552,#14561,#14563,.T.);
#14561 = VERTEX_POINT('',#14562);
#14562 = CARTESIAN_POINT('',(2.473891419252,1.15005,0.388385356497));
#14563 = LINE('',#14564,#14565);
#14564 = CARTESIAN_POINT('',(2.446961550602,1.15005,0.599729635533));
#14565 = VECTOR('',#14566,1.);
#14566 = DIRECTION('',(0.126399799104,1.403319672733E-17,-0.991979380222
    ));
#14567 = ORIENTED_EDGE('',*,*,#14568,.T.);
#14568 = EDGE_CURVE('',#14561,#14569,#14571,.T.);
#14569 = VERTEX_POINT('',#14570);
#14570 = CARTESIAN_POINT('',(2.936751063167,1.15005,-1.665334536938E-16)
  );
#14571 = CIRCLE('',#14572,0.47);
#14572 = AXIS2_PLACEMENT_3D('',#14573,#14574,#14575);
#14573 = CARTESIAN_POINT('',(2.936751063167,1.15005,0.47));
#14574 = DIRECTION('',(1.110223024625E-16,-1.,0.));
#14575 = DIRECTION('',(-0.984807753012,-1.093356242223E-16,
    -0.173648177667));
#14576 = ORIENTED_EDGE('',*,*,#14577,.T.);
#14577 = EDGE_CURVE('',#14569,#14578,#14580,.T.);
#14578 = VERTEX_POINT('',#14579);
#14579 = CARTESIAN_POINT('',(3.5,1.15005,-1.665334536938E-16));
#14580 = LINE('',#14581,#14582);
#14581 = CARTESIAN_POINT('',(2.936751063167,1.15005,-1.665334536938E-16)
  );
#14582 = VECTOR('',#14583,1.);
#14583 = DIRECTION('',(1.,1.110223024625E-16,0.));
#14584 = ORIENTED_EDGE('',*,*,#14585,.T.);
#14585 = EDGE_CURVE('',#14578,#14586,#14588,.T.);
#14586 = VERTEX_POINT('',#14587);
#14587 = CARTESIAN_POINT('',(3.5,1.15005,0.27));
#14588 = LINE('',#14589,#14590);
#14589 = CARTESIAN_POINT('',(3.5,1.15005,-1.665334536938E-16));
#14590 = VECTOR('',#14591,1.);
#14591 = DIRECTION('',(0.,0.,1.));
#14592 = ORIENTED_EDGE('',*,*,#14593,.T.);
#14593 = EDGE_CURVE('',#14586,#14594,#14596,.T.);
#14594 = VERTEX_POINT('',#14595);
#14595 = CARTESIAN_POINT('',(2.936751063167,1.15005,0.27));
#14596 = LINE('',#14597,#14598);
#14597 = CARTESIAN_POINT('',(3.5,1.15005,0.27));
#14598 = VECTOR('',#14599,1.);
#14599 = DIRECTION('',(-1.,-1.110223024625E-16,0.));
#14600 = ORIENTED_EDGE('',*,*,#14601,.T.);
#14601 = EDGE_CURVE('',#14594,#14602,#14604,.T.);
#14602 = VERTEX_POINT('',#14603);
#14603 = CARTESIAN_POINT('',(2.739789512565,1.15005,0.435270364467));
#14604 = CIRCLE('',#14605,0.2);
#14605 = AXIS2_PLACEMENT_3D('',#14606,#14607,#14608);
#14606 = CARTESIAN_POINT('',(2.936751063167,1.15005,0.47));
#14607 = DIRECTION('',(-1.110223024625E-16,1.,0.));
#14608 = DIRECTION('',(2.22044604925E-15,2.465190328815E-31,-1.));
#14609 = ORIENTED_EDGE('',*,*,#14610,.T.);
#14610 = EDGE_CURVE('',#14602,#14611,#14613,.T.);
#14611 = VERTEX_POINT('',#14612);
#14612 = CARTESIAN_POINT('',(2.712859643916,1.15005,0.646614643503));
#14613 = LINE('',#14614,#14615);
#14614 = CARTESIAN_POINT('',(2.739789512565,1.15005,0.435270364467));
#14615 = VECTOR('',#14616,1.);
#14616 = DIRECTION('',(-0.126399799104,-1.403319672733E-17,
    0.991979380222));
#14617 = ORIENTED_EDGE('',*,*,#14618,.T.);
#14618 = EDGE_CURVE('',#14611,#13864,#14619,.T.);
#14619 = CIRCLE('',#14620,0.47);
#14620 = AXIS2_PLACEMENT_3D('',#14621,#14622,#14623);
#14621 = CARTESIAN_POINT('',(2.25,1.15005,0.565));
#14622 = DIRECTION('',(1.110223024625E-16,-1.,0.));
#14623 = DIRECTION('',(0.984807753012,1.093356242223E-16,0.173648177667)
  );
#14624 = ORIENTED_EDGE('',*,*,#13885,.T.);
#14625 = PLANE('',#14626);
#14626 = AXIS2_PLACEMENT_3D('',#14627,#14628,#14629);
#14627 = CARTESIAN_POINT('',(2.606989201797,1.15005,0.512419776725));
#14628 = DIRECTION('',(1.110223024625E-16,-1.,0.));
#14629 = DIRECTION('',(0.,0.,1.));
#14630 = ADVANCED_FACE('',(#14631),#14642,.F.);
#14631 = FACE_BOUND('',#14632,.F.);
#14632 = EDGE_LOOP('',(#14633,#14634,#14640,#14641));
#14633 = ORIENTED_EDGE('',*,*,#14466,.T.);
#14634 = ORIENTED_EDGE('',*,*,#14635,.F.);
#14635 = EDGE_CURVE('',#14552,#14467,#14636,.T.);
#14636 = LINE('',#14637,#14638);
#14637 = CARTESIAN_POINT('',(2.446961550602,1.15005,0.599729635533));
#14638 = VECTOR('',#14639,1.);
#14639 = DIRECTION('',(1.110223024625E-16,-1.,0.));
#14640 = ORIENTED_EDGE('',*,*,#14551,.F.);
#14641 = ORIENTED_EDGE('',*,*,#13822,.T.);
#14642 = CYLINDRICAL_SURFACE('',#14643,0.2);
#14643 = AXIS2_PLACEMENT_3D('',#14644,#14645,#14646);
#14644 = CARTESIAN_POINT('',(2.25,-0.38335,0.565));
#14645 = DIRECTION('',(-1.110223024625E-16,1.,0.));
#14646 = DIRECTION('',(0.,0.,1.));
#14647 = ADVANCED_FACE('',(#14648),#14659,.T.);
#14648 = FACE_BOUND('',#14649,.T.);
#14649 = EDGE_LOOP('',(#14650,#14656,#14657,#14658));
#14650 = ORIENTED_EDGE('',*,*,#14651,.F.);
#14651 = EDGE_CURVE('',#14611,#14526,#14652,.T.);
#14652 = LINE('',#14653,#14654);
#14653 = CARTESIAN_POINT('',(2.712859643916,1.15005,0.646614643503));
#14654 = VECTOR('',#14655,1.);
#14655 = DIRECTION('',(1.110223024625E-16,-1.,0.));
#14656 = ORIENTED_EDGE('',*,*,#14618,.T.);
#14657 = ORIENTED_EDGE('',*,*,#13861,.F.);
#14658 = ORIENTED_EDGE('',*,*,#14533,.F.);
#14659 = CYLINDRICAL_SURFACE('',#14660,0.47);
#14660 = AXIS2_PLACEMENT_3D('',#14661,#14662,#14663);
#14661 = CARTESIAN_POINT('',(2.25,-0.38335,0.565));
#14662 = DIRECTION('',(-1.110223024625E-16,1.,0.));
#14663 = DIRECTION('',(0.984807753012,1.093356242223E-16,0.173648177667)
  );
#14664 = ADVANCED_FACE('',(#14665,#14671),#14682,.F.);
#14665 = FACE_BOUND('',#14666,.F.);
#14666 = EDGE_LOOP('',(#14667,#14668,#14669,#14670));
#14667 = ORIENTED_EDGE('',*,*,#13982,.F.);
#14668 = ORIENTED_EDGE('',*,*,#13938,.F.);
#14669 = ORIENTED_EDGE('',*,*,#13909,.F.);
#14670 = ORIENTED_EDGE('',*,*,#14449,.F.);
#14671 = FACE_BOUND('',#14672,.F.);
#14672 = EDGE_LOOP('',(#14673));
#14673 = ORIENTED_EDGE('',*,*,#14674,.F.);
#14674 = EDGE_CURVE('',#14675,#14675,#14677,.T.);
#14675 = VERTEX_POINT('',#14676);
#14676 = CARTESIAN_POINT('',(-1.441540344923,2.891540344923,1.7));
#14677 = CIRCLE('',#14678,5.E-02);
#14678 = AXIS2_PLACEMENT_3D('',#14679,#14680,#14681);
#14679 = CARTESIAN_POINT('',(-1.441540344923,2.941540344923,1.7));
#14680 = DIRECTION('',(0.,-0.,-1.));
#14681 = DIRECTION('',(1.110223024625E-16,-1.,0.));
#14682 = PLANE('',#14683);
#14683 = AXIS2_PLACEMENT_3D('',#14684,#14685,#14686);
#14684 = CARTESIAN_POINT('',(-1.641540344923,3.141540344923,1.7));
#14685 = DIRECTION('',(0.,0.,-1.));
#14686 = DIRECTION('',(0.463114948424,-0.886298225512,0.));
#14687 = ADVANCED_FACE('',(#14688),#14699,.F.);
#14688 = FACE_BOUND('',#14689,.F.);
#14689 = EDGE_LOOP('',(#14690,#14691,#14692,#14693));
#14690 = ORIENTED_EDGE('',*,*,#14525,.T.);
#14691 = ORIENTED_EDGE('',*,*,#14651,.F.);
#14692 = ORIENTED_EDGE('',*,*,#14610,.F.);
#14693 = ORIENTED_EDGE('',*,*,#14694,.T.);
#14694 = EDGE_CURVE('',#14602,#14517,#14695,.T.);
#14695 = LINE('',#14696,#14697);
#14696 = CARTESIAN_POINT('',(2.739789512565,1.15005,0.435270364467));
#14697 = VECTOR('',#14698,1.);
#14698 = DIRECTION('',(1.110223024625E-16,-1.,0.));
#14699 = PLANE('',#14700);
#14700 = AXIS2_PLACEMENT_3D('',#14701,#14702,#14703);
#14701 = CARTESIAN_POINT('',(2.739789512565,-0.38335,0.435270364467));
#14702 = DIRECTION('',(-0.991979380222,-1.101318347876E-16,
    -0.126399799104));
#14703 = DIRECTION('',(-0.126399799104,-1.403319672733E-17,
    0.991979380222));
#14704 = ADVANCED_FACE('',(#14705),#14716,.F.);
#14705 = FACE_BOUND('',#14706,.F.);
#14706 = EDGE_LOOP('',(#14707,#14708,#14709,#14710));
#14707 = ORIENTED_EDGE('',*,*,#14516,.T.);
#14708 = ORIENTED_EDGE('',*,*,#14694,.F.);
#14709 = ORIENTED_EDGE('',*,*,#14601,.F.);
#14710 = ORIENTED_EDGE('',*,*,#14711,.T.);
#14711 = EDGE_CURVE('',#14594,#14509,#14712,.T.);
#14712 = LINE('',#14713,#14714);
#14713 = CARTESIAN_POINT('',(2.936751063167,1.15005,0.27));
#14714 = VECTOR('',#14715,1.);
#14715 = DIRECTION('',(1.110223024625E-16,-1.,0.));
#14716 = CYLINDRICAL_SURFACE('',#14717,0.2);
#14717 = AXIS2_PLACEMENT_3D('',#14718,#14719,#14720);
#14718 = CARTESIAN_POINT('',(2.936751063167,-0.38335,0.47));
#14719 = DIRECTION('',(-1.110223024625E-16,1.,0.));
#14720 = DIRECTION('',(2.22044604925E-15,2.465190328815E-31,-1.));
#14721 = ADVANCED_FACE('',(#14722),#14733,.F.);
#14722 = FACE_BOUND('',#14723,.F.);
#14723 = EDGE_LOOP('',(#14724,#14725,#14726,#14727));
#14724 = ORIENTED_EDGE('',*,*,#14508,.T.);
#14725 = ORIENTED_EDGE('',*,*,#14711,.F.);
#14726 = ORIENTED_EDGE('',*,*,#14593,.F.);
#14727 = ORIENTED_EDGE('',*,*,#14728,.T.);
#14728 = EDGE_CURVE('',#14586,#14501,#14729,.T.);
#14729 = LINE('',#14730,#14731);
#14730 = CARTESIAN_POINT('',(3.5,1.15005,0.27));
#14731 = VECTOR('',#14732,1.);
#14732 = DIRECTION('',(1.110223024625E-16,-1.,0.));
#14733 = PLANE('',#14734);
#14734 = AXIS2_PLACEMENT_3D('',#14735,#14736,#14737);
#14735 = CARTESIAN_POINT('',(3.5,-0.38335,0.27));
#14736 = DIRECTION('',(0.,0.,-1.));
#14737 = DIRECTION('',(-1.,-1.110223024625E-16,-0.));
#14738 = ADVANCED_FACE('',(#14739),#14750,.F.);
#14739 = FACE_BOUND('',#14740,.F.);
#14740 = EDGE_LOOP('',(#14741,#14742,#14743,#14744));
#14741 = ORIENTED_EDGE('',*,*,#14500,.T.);
#14742 = ORIENTED_EDGE('',*,*,#14728,.F.);
#14743 = ORIENTED_EDGE('',*,*,#14585,.F.);
#14744 = ORIENTED_EDGE('',*,*,#14745,.T.);
#14745 = EDGE_CURVE('',#14578,#14493,#14746,.T.);
#14746 = LINE('',#14747,#14748);
#14747 = CARTESIAN_POINT('',(3.5,1.15005,-1.665334536938E-16));
#14748 = VECTOR('',#14749,1.);
#14749 = DIRECTION('',(1.110223024625E-16,-1.,0.));
#14750 = PLANE('',#14751);
#14751 = AXIS2_PLACEMENT_3D('',#14752,#14753,#14754);
#14752 = CARTESIAN_POINT('',(3.5,-0.38335,-1.665334536938E-16));
#14753 = DIRECTION('',(-1.,-1.110223024625E-16,0.));
#14754 = DIRECTION('',(0.,0.,1.));
#14755 = ADVANCED_FACE('',(#14756),#14767,.F.);
#14756 = FACE_BOUND('',#14757,.F.);
#14757 = EDGE_LOOP('',(#14758,#14759,#14760,#14761));
#14758 = ORIENTED_EDGE('',*,*,#14492,.T.);
#14759 = ORIENTED_EDGE('',*,*,#14745,.F.);
#14760 = ORIENTED_EDGE('',*,*,#14577,.F.);
#14761 = ORIENTED_EDGE('',*,*,#14762,.T.);
#14762 = EDGE_CURVE('',#14569,#14484,#14763,.T.);
#14763 = LINE('',#14764,#14765);
#14764 = CARTESIAN_POINT('',(2.936751063167,1.15005,-1.665334536938E-16)
  );
#14765 = VECTOR('',#14766,1.);
#14766 = DIRECTION('',(1.110223024625E-16,-1.,0.));
#14767 = PLANE('',#14768);
#14768 = AXIS2_PLACEMENT_3D('',#14769,#14770,#14771);
#14769 = CARTESIAN_POINT('',(2.936751063167,-0.38335,-1.665334536938E-16
    ));
#14770 = DIRECTION('',(0.,0.,1.));
#14771 = DIRECTION('',(1.,1.110223024625E-16,-0.));
#14772 = ADVANCED_FACE('',(#14773),#14784,.T.);
#14773 = FACE_BOUND('',#14774,.T.);
#14774 = EDGE_LOOP('',(#14775,#14781,#14782,#14783));
#14775 = ORIENTED_EDGE('',*,*,#14776,.F.);
#14776 = EDGE_CURVE('',#14561,#14476,#14777,.T.);
#14777 = LINE('',#14778,#14779);
#14778 = CARTESIAN_POINT('',(2.473891419252,1.15005,0.388385356497));
#14779 = VECTOR('',#14780,1.);
#14780 = DIRECTION('',(1.110223024625E-16,-1.,0.));
#14781 = ORIENTED_EDGE('',*,*,#14568,.T.);
#14782 = ORIENTED_EDGE('',*,*,#14762,.T.);
#14783 = ORIENTED_EDGE('',*,*,#14483,.F.);
#14784 = CYLINDRICAL_SURFACE('',#14785,0.47);
#14785 = AXIS2_PLACEMENT_3D('',#14786,#14787,#14788);
#14786 = CARTESIAN_POINT('',(2.936751063167,-0.38335,0.47));
#14787 = DIRECTION('',(-1.110223024625E-16,1.,0.));
#14788 = DIRECTION('',(-0.984807753012,-1.093356242223E-16,
    -0.173648177667));
#14789 = ADVANCED_FACE('',(#14790),#14796,.F.);
#14790 = FACE_BOUND('',#14791,.F.);
#14791 = EDGE_LOOP('',(#14792,#14793,#14794,#14795));
#14792 = ORIENTED_EDGE('',*,*,#14475,.T.);
#14793 = ORIENTED_EDGE('',*,*,#14776,.F.);
#14794 = ORIENTED_EDGE('',*,*,#14560,.F.);
#14795 = ORIENTED_EDGE('',*,*,#14635,.T.);
#14796 = PLANE('',#14797);
#14797 = AXIS2_PLACEMENT_3D('',#14798,#14799,#14800);
#14798 = CARTESIAN_POINT('',(2.446961550602,-0.38335,0.599729635533));
#14799 = DIRECTION('',(0.991979380222,1.101318347876E-16,0.126399799104)
  );
#14800 = DIRECTION('',(0.126399799104,1.403319672733E-17,-0.991979380222
    ));
#14801 = ADVANCED_FACE('',(#14802),#14803,.F.);
#14802 = FACE_BOUND('',#14672,.T.);
#14803 = PLANE('',#14804);
#14804 = AXIS2_PLACEMENT_3D('',#14805,#14806,#14807);
#14805 = CARTESIAN_POINT('',(-1.441540344923,2.941540344923,1.7));
#14806 = DIRECTION('',(0.,0.,-1.));
#14807 = DIRECTION('',(1.110223024625E-16,-1.,0.));
#14808 = ( GEOMETRIC_REPRESENTATION_CONTEXT(3) 
GLOBAL_UNCERTAINTY_ASSIGNED_CONTEXT((#14812)) 
GLOBAL_UNIT_ASSIGNED_CONTEXT((#14809,#14810,#14811)) 
REPRESENTATION_CONTEXT('Context #1',
  '3D Context with UNIT and UNCERTAINTY') );
#14809 = ( LENGTH_UNIT() NAMED_UNIT(*) SI_UNIT(.MILLI.,.METRE.) );
#14810 = ( NAMED_UNIT(*) PLANE_ANGLE_UNIT() SI_UNIT($,.RADIAN.) );
#14811 = ( NAMED_UNIT(*) SI_UNIT($,.STERADIAN.) SOLID_ANGLE_UNIT() );
#14812 = UNCERTAINTY_MEASURE_WITH_UNIT(LENGTH_MEASURE(1.E-07),#14809,
  'distance_accuracy_value','confusion accuracy');
#14813 = CONTEXT_DEPENDENT_SHAPE_REPRESENTATION(#14814,#14816);
#14814 = ( REPRESENTATION_RELATIONSHIP('','',#12555,#10) 
REPRESENTATION_RELATIONSHIP_WITH_TRANSFORMATION(#14815) 
SHAPE_REPRESENTATION_RELATIONSHIP() );
#14815 = ITEM_DEFINED_TRANSFORMATION('','',#11,#55);
#14816 = PRODUCT_DEFINITION_SHAPE('Placement','Placement of an item',
  #14817);
#14817 = NEXT_ASSEMBLY_USAGE_OCCURRENCE('24','5V_VR_1','',#5,#12550,$);
#14818 = PRODUCT_RELATED_PRODUCT_CATEGORY('part',$,(#12552));
#14819 = CONTEXT_DEPENDENT_SHAPE_REPRESENTATION(#14820,#14822);
#14820 = ( REPRESENTATION_RELATIONSHIP('','',#12555,#10) 
REPRESENTATION_RELATIONSHIP_WITH_TRANSFORMATION(#14821) 
SHAPE_REPRESENTATION_RELATIONSHIP() );
#14821 = ITEM_DEFINED_TRANSFORMATION('','',#11,#59);
#14822 = PRODUCT_DEFINITION_SHAPE('Placement','Placement of an item',
  #14823);
#14823 = NEXT_ASSEMBLY_USAGE_OCCURRENCE('25','3V3_VR_1','',#5,#12550,$);
#14824 = CONTEXT_DEPENDENT_SHAPE_REPRESENTATION(#14825,#14827);
#14825 = ( REPRESENTATION_RELATIONSHIP('','',#930,#10) 
REPRESENTATION_RELATIONSHIP_WITH_TRANSFORMATION(#14826) 
SHAPE_REPRESENTATION_RELATIONSHIP() );
#14826 = ITEM_DEFINED_TRANSFORMATION('','',#11,#63);
#14827 = PRODUCT_DEFINITION_SHAPE('Placement','Placement of an item',
  #14828);
#14828 = NEXT_ASSEMBLY_USAGE_OCCURRENCE('26','R_90_IR_1','',#5,#925,$);
#14829 = CONTEXT_DEPENDENT_SHAPE_REPRESENTATION(#14830,#14832);
#14830 = ( REPRESENTATION_RELATIONSHIP('','',#4122,#10) 
REPRESENTATION_RELATIONSHIP_WITH_TRANSFORMATION(#14831) 
SHAPE_REPRESENTATION_RELATIONSHIP() );
#14831 = ITEM_DEFINED_TRANSFORMATION('','',#11,#67);
#14832 = PRODUCT_DEFINITION_SHAPE('Placement','Placement of an item',
  #14833);
#14833 = NEXT_ASSEMBLY_USAGE_OCCURRENCE('27','Left_Motor_1','',#5,#4117,
  $);
#14834 = CONTEXT_DEPENDENT_SHAPE_REPRESENTATION(#14835,#14837);
#14835 = ( REPRESENTATION_RELATIONSHIP('','',#930,#10) 
REPRESENTATION_RELATIONSHIP_WITH_TRANSFORMATION(#14836) 
SHAPE_REPRESENTATION_RELATIONSHIP() );
#14836 = ITEM_DEFINED_TRANSFORMATION('','',#11,#71);
#14837 = PRODUCT_DEFINITION_SHAPE('Placement','Placement of an item',
  #14838);
#14838 = NEXT_ASSEMBLY_USAGE_OCCURRENCE('28','M_IR_1','',#5,#925,$);
#14839 = CONTEXT_DEPENDENT_SHAPE_REPRESENTATION(#14840,#14842);
#14840 = ( REPRESENTATION_RELATIONSHIP('','',#116,#10) 
REPRESENTATION_RELATIONSHIP_WITH_TRANSFORMATION(#14841) 
SHAPE_REPRESENTATION_RELATIONSHIP() );
#14841 = ITEM_DEFINED_TRANSFORMATION('','',#11,#75);
#14842 = PRODUCT_DEFINITION_SHAPE('Placement','Placement of an item',
  #14843);
#14843 = NEXT_ASSEMBLY_USAGE_OCCURRENCE('29','47k_R7','',#5,#111,$);
#14844 = CONTEXT_DEPENDENT_SHAPE_REPRESENTATION(#14845,#14847);
#14845 = ( REPRESENTATION_RELATIONSHIP('','',#930,#10) 
REPRESENTATION_RELATIONSHIP_WITH_TRANSFORMATION(#14846) 
SHAPE_REPRESENTATION_RELATIONSHIP() );
#14846 = ITEM_DEFINED_TRANSFORMATION('','',#11,#79);
#14847 = PRODUCT_DEFINITION_SHAPE('Placement','Placement of an item',
  #14848);
#14848 = NEXT_ASSEMBLY_USAGE_OCCURRENCE('30','R_50_IR_1','',#5,#925,$);
#14849 = CONTEXT_DEPENDENT_SHAPE_REPRESENTATION(#14850,#14852);
#14850 = ( REPRESENTATION_RELATIONSHIP('','',#7973,#10) 
REPRESENTATION_RELATIONSHIP_WITH_TRANSFORMATION(#14851) 
SHAPE_REPRESENTATION_RELATIONSHIP() );
#14851 = ITEM_DEFINED_TRANSFORMATION('','',#11,#83);
#14852 = PRODUCT_DEFINITION_SHAPE('Placement','Placement of an item',
  #14853);
#14853 = NEXT_ASSEMBLY_USAGE_OCCURRENCE('31','Sensor_Bus_1','',#5,#7968,
  $);
#14854 = SHAPE_DEFINITION_REPRESENTATION(#14855,#14861);
#14855 = PRODUCT_DEFINITION_SHAPE('','',#14856);
#14856 = PRODUCT_DEFINITION('design','',#14857,#14860);
#14857 = PRODUCT_DEFINITION_FORMATION('','',#14858);
#14858 = PRODUCT('QRE1113GR','QRE1113GR','',(#14859));
#14859 = PRODUCT_CONTEXT('',#2,'mechanical');
#14860 = PRODUCT_DEFINITION_CONTEXT('part definition',#2,'design');
#14861 = SHAPE_REPRESENTATION('',(#11,#14862,#15045,#15467,#15889,#16311
    ,#16461,#16961),#17383);
#14862 = MANIFOLD_SOLID_BREP('',#14863);
#14863 = CLOSED_SHELL('',(#14864,#14904,#14935,#14966,#14997,#15019,
    #15032));
#14864 = ADVANCED_FACE('',(#14865),#14899,.T.);
#14865 = FACE_BOUND('',#14866,.T.);
#14866 = EDGE_LOOP('',(#14867,#14877,#14885,#14893));
#14867 = ORIENTED_EDGE('',*,*,#14868,.F.);
#14868 = EDGE_CURVE('',#14869,#14871,#14873,.T.);
#14869 = VERTEX_POINT('',#14870);
#14870 = CARTESIAN_POINT('',(-1.4,1.87,1.1));
#14871 = VERTEX_POINT('',#14872);
#14872 = CARTESIAN_POINT('',(-0.12,1.87,1.1));
#14873 = LINE('',#14874,#14875);
#14874 = CARTESIAN_POINT('',(-1.4,1.87,1.1));
#14875 = VECTOR('',#14876,1.);
#14876 = DIRECTION('',(1.,0.,0.));
#14877 = ORIENTED_EDGE('',*,*,#14878,.F.);
#14878 = EDGE_CURVE('',#14879,#14869,#14881,.T.);
#14879 = VERTEX_POINT('',#14880);
#14880 = CARTESIAN_POINT('',(-1.4,1.67,1.1));
#14881 = LINE('',#14882,#14883);
#14882 = CARTESIAN_POINT('',(-1.4,1.67,1.1));
#14883 = VECTOR('',#14884,1.);
#14884 = DIRECTION('',(0.,1.,0.));
#14885 = ORIENTED_EDGE('',*,*,#14886,.T.);
#14886 = EDGE_CURVE('',#14879,#14887,#14889,.T.);
#14887 = VERTEX_POINT('',#14888);
#14888 = CARTESIAN_POINT('',(-0.12,1.67,1.1));
#14889 = LINE('',#14890,#14891);
#14890 = CARTESIAN_POINT('',(-1.4,1.67,1.1));
#14891 = VECTOR('',#14892,1.);
#14892 = DIRECTION('',(1.,0.,0.));
#14893 = ORIENTED_EDGE('',*,*,#14894,.T.);
#14894 = EDGE_CURVE('',#14887,#14871,#14895,.T.);
#14895 = LINE('',#14896,#14897);
#14896 = CARTESIAN_POINT('',(-0.12,1.67,1.1));
#14897 = VECTOR('',#14898,1.);
#14898 = DIRECTION('',(0.,1.,0.));
#14899 = PLANE('',#14900);
#14900 = AXIS2_PLACEMENT_3D('',#14901,#14902,#14903);
#14901 = CARTESIAN_POINT('',(-1.4,1.67,1.1));
#14902 = DIRECTION('',(0.,0.,1.));
#14903 = DIRECTION('',(1.,0.,-0.));
#14904 = ADVANCED_FACE('',(#14905),#14930,.T.);
#14905 = FACE_BOUND('',#14906,.T.);
#14906 = EDGE_LOOP('',(#14907,#14915,#14923,#14929));
#14907 = ORIENTED_EDGE('',*,*,#14908,.F.);
#14908 = EDGE_CURVE('',#14909,#14869,#14911,.T.);
#14909 = VERTEX_POINT('',#14910);
#14910 = CARTESIAN_POINT('',(-1.4,1.87,-0.896446609407));
#14911 = LINE('',#14912,#14913);
#14912 = CARTESIAN_POINT('',(-1.4,1.87,-0.896446609407));
#14913 = VECTOR('',#14914,1.);
#14914 = DIRECTION('',(0.,0.,1.));
#14915 = ORIENTED_EDGE('',*,*,#14916,.F.);
#14916 = EDGE_CURVE('',#14917,#14909,#14919,.T.);
#14917 = VERTEX_POINT('',#14918);
#14918 = CARTESIAN_POINT('',(-1.4,1.67,-0.896446609407));
#14919 = LINE('',#14920,#14921);
#14920 = CARTESIAN_POINT('',(-1.4,1.67,-0.896446609407));
#14921 = VECTOR('',#14922,1.);
#14922 = DIRECTION('',(0.,1.,0.));
#14923 = ORIENTED_EDGE('',*,*,#14924,.T.);
#14924 = EDGE_CURVE('',#14917,#14879,#14925,.T.);
#14925 = LINE('',#14926,#14927);
#14926 = CARTESIAN_POINT('',(-1.4,1.67,-0.896446609407));
#14927 = VECTOR('',#14928,1.);
#14928 = DIRECTION('',(0.,0.,1.));
#14929 = ORIENTED_EDGE('',*,*,#14878,.T.);
#14930 = PLANE('',#14931);
#14931 = AXIS2_PLACEMENT_3D('',#14932,#14933,#14934);
#14932 = CARTESIAN_POINT('',(-1.4,1.67,-0.896446609407));
#14933 = DIRECTION('',(-1.,0.,0.));
#14934 = DIRECTION('',(0.,0.,1.));
#14935 = ADVANCED_FACE('',(#14936),#14961,.T.);
#14936 = FACE_BOUND('',#14937,.T.);
#14937 = EDGE_LOOP('',(#14938,#14946,#14954,#14960));
#14938 = ORIENTED_EDGE('',*,*,#14939,.F.);
#14939 = EDGE_CURVE('',#14940,#14909,#14942,.T.);
#14940 = VERTEX_POINT('',#14941);
#14941 = CARTESIAN_POINT('',(-1.196446609407,1.87,-1.1));
#14942 = LINE('',#14943,#14944);
#14943 = CARTESIAN_POINT('',(-1.196446609407,1.87,-1.1));
#14944 = VECTOR('',#14945,1.);
#14945 = DIRECTION('',(-0.707106781187,0.,0.707106781187));
#14946 = ORIENTED_EDGE('',*,*,#14947,.F.);
#14947 = EDGE_CURVE('',#14948,#14940,#14950,.T.);
#14948 = VERTEX_POINT('',#14949);
#14949 = CARTESIAN_POINT('',(-1.196446609407,1.67,-1.1));
#14950 = LINE('',#14951,#14952);
#14951 = CARTESIAN_POINT('',(-1.196446609407,1.67,-1.1));
#14952 = VECTOR('',#14953,1.);
#14953 = DIRECTION('',(0.,1.,0.));
#14954 = ORIENTED_EDGE('',*,*,#14955,.T.);
#14955 = EDGE_CURVE('',#14948,#14917,#14956,.T.);
#14956 = LINE('',#14957,#14958);
#14957 = CARTESIAN_POINT('',(-1.196446609407,1.67,-1.1));
#14958 = VECTOR('',#14959,1.);
#14959 = DIRECTION('',(-0.707106781187,0.,0.707106781187));
#14960 = ORIENTED_EDGE('',*,*,#14916,.T.);
#14961 = PLANE('',#14962);
#14962 = AXIS2_PLACEMENT_3D('',#14963,#14964,#14965);
#14963 = CARTESIAN_POINT('',(-1.196446609407,1.67,-1.1));
#14964 = DIRECTION('',(-0.707106781187,0.,-0.707106781187));
#14965 = DIRECTION('',(-0.707106781187,0.,0.707106781187));
#14966 = ADVANCED_FACE('',(#14967),#14992,.T.);
#14967 = FACE_BOUND('',#14968,.T.);
#14968 = EDGE_LOOP('',(#14969,#14977,#14985,#14991));
#14969 = ORIENTED_EDGE('',*,*,#14970,.F.);
#14970 = EDGE_CURVE('',#14971,#14940,#14973,.T.);
#14971 = VERTEX_POINT('',#14972);
#14972 = CARTESIAN_POINT('',(-0.12,1.87,-1.1));
#14973 = LINE('',#14974,#14975);
#14974 = CARTESIAN_POINT('',(-1.196446609407,1.87,-1.1));
#14975 = VECTOR('',#14976,1.);
#14976 = DIRECTION('',(-1.,0.,0.));
#14977 = ORIENTED_EDGE('',*,*,#14978,.F.);
#14978 = EDGE_CURVE('',#14979,#14971,#14981,.T.);
#14979 = VERTEX_POINT('',#14980);
#14980 = CARTESIAN_POINT('',(-0.12,1.67,-1.1));
#14981 = LINE('',#14982,#14983);
#14982 = CARTESIAN_POINT('',(-0.12,1.67,-1.1));
#14983 = VECTOR('',#14984,1.);
#14984 = DIRECTION('',(0.,1.,0.));
#14985 = ORIENTED_EDGE('',*,*,#14986,.T.);
#14986 = EDGE_CURVE('',#14979,#14948,#14987,.T.);
#14987 = LINE('',#14988,#14989);
#14988 = CARTESIAN_POINT('',(-1.196446609407,1.67,-1.1));
#14989 = VECTOR('',#14990,1.);
#14990 = DIRECTION('',(-1.,0.,0.));
#14991 = ORIENTED_EDGE('',*,*,#14947,.T.);
#14992 = PLANE('',#14993);
#14993 = AXIS2_PLACEMENT_3D('',#14994,#14995,#14996);
#14994 = CARTESIAN_POINT('',(-1.196446609407,1.67,-1.1));
#14995 = DIRECTION('',(0.,0.,-1.));
#14996 = DIRECTION('',(-1.,0.,0.));
#14997 = ADVANCED_FACE('',(#14998),#15014,.T.);
#14998 = FACE_BOUND('',#14999,.T.);
#14999 = EDGE_LOOP('',(#15000,#15006,#15007,#15013));
#15000 = ORIENTED_EDGE('',*,*,#15001,.F.);
#15001 = EDGE_CURVE('',#14871,#14971,#15002,.T.);
#15002 = LINE('',#15003,#15004);
#15003 = CARTESIAN_POINT('',(-0.12,1.87,-1.1));
#15004 = VECTOR('',#15005,1.);
#15005 = DIRECTION('',(0.,-0.,-1.));
#15006 = ORIENTED_EDGE('',*,*,#14894,.F.);
#15007 = ORIENTED_EDGE('',*,*,#15008,.T.);
#15008 = EDGE_CURVE('',#14887,#14979,#15009,.T.);
#15009 = LINE('',#15010,#15011);
#15010 = CARTESIAN_POINT('',(-0.12,1.67,-1.1));
#15011 = VECTOR('',#15012,1.);
#15012 = DIRECTION('',(0.,-0.,-1.));
#15013 = ORIENTED_EDGE('',*,*,#14978,.T.);
#15014 = PLANE('',#15015);
#15015 = AXIS2_PLACEMENT_3D('',#15016,#15017,#15018);
#15016 = CARTESIAN_POINT('',(-0.12,1.67,-1.1));
#15017 = DIRECTION('',(1.,0.,0.));
#15018 = DIRECTION('',(0.,0.,-1.));
#15019 = ADVANCED_FACE('',(#15020),#15027,.T.);
#15020 = FACE_BOUND('',#15021,.T.);
#15021 = EDGE_LOOP('',(#15022,#15023,#15024,#15025,#15026));
#15022 = ORIENTED_EDGE('',*,*,#14886,.F.);
#15023 = ORIENTED_EDGE('',*,*,#14924,.F.);
#15024 = ORIENTED_EDGE('',*,*,#14955,.F.);
#15025 = ORIENTED_EDGE('',*,*,#14986,.F.);
#15026 = ORIENTED_EDGE('',*,*,#15008,.F.);
#15027 = PLANE('',#15028);
#15028 = AXIS2_PLACEMENT_3D('',#15029,#15030,#15031);
#15029 = CARTESIAN_POINT('',(0.,1.67,0.));
#15030 = DIRECTION('',(0.,-1.,0.));
#15031 = DIRECTION('',(1.,0.,0.));
#15032 = ADVANCED_FACE('',(#15033),#15040,.F.);
#15033 = FACE_BOUND('',#15034,.T.);
#15034 = EDGE_LOOP('',(#15035,#15036,#15037,#15038,#15039));
#15035 = ORIENTED_EDGE('',*,*,#14868,.T.);
#15036 = ORIENTED_EDGE('',*,*,#15001,.T.);
#15037 = ORIENTED_EDGE('',*,*,#14970,.T.);
#15038 = ORIENTED_EDGE('',*,*,#14939,.T.);
#15039 = ORIENTED_EDGE('',*,*,#14908,.T.);
#15040 = PLANE('',#15041);
#15041 = AXIS2_PLACEMENT_3D('',#15042,#15043,#15044);
#15042 = CARTESIAN_POINT('',(0.,1.87,0.));
#15043 = DIRECTION('',(0.,-1.,0.));
#15044 = DIRECTION('',(1.,0.,0.));
#15045 = MANIFOLD_SOLID_BREP('',#15046);
#15046 = CLOSED_SHELL('',(#15047,#15087,#15118,#15151,#15182,#15215,
    #15246,#15277,#15308,#15341,#15372,#15405,#15427,#15447));
#15047 = ADVANCED_FACE('',(#15048),#15082,.F.);
#15048 = FACE_BOUND('',#15049,.T.);
#15049 = EDGE_LOOP('',(#15050,#15060,#15068,#15076));
#15050 = ORIENTED_EDGE('',*,*,#15051,.T.);
#15051 = EDGE_CURVE('',#15052,#15054,#15056,.T.);
#15052 = VERTEX_POINT('',#15053);
#15053 = CARTESIAN_POINT('',(-0.65,0.82,-1.35));
#15054 = VERTEX_POINT('',#15055);
#15055 = CARTESIAN_POINT('',(-0.65,1.02,-1.35));
#15056 = LINE('',#15057,#15058);
#15057 = CARTESIAN_POINT('',(-0.65,0.82,-1.35));
#15058 = VECTOR('',#15059,1.);
#15059 = DIRECTION('',(0.,1.,0.));
#15060 = ORIENTED_EDGE('',*,*,#15061,.F.);
#15061 = EDGE_CURVE('',#15062,#15054,#15064,.T.);
#15062 = VERTEX_POINT('',#15063);
#15063 = CARTESIAN_POINT('',(-1.15,1.02,-1.35));
#15064 = LINE('',#15065,#15066);
#15065 = CARTESIAN_POINT('',(-1.15,1.02,-1.35));
#15066 = VECTOR('',#15067,1.);
#15067 = DIRECTION('',(1.,-0.,-0.));
#15068 = ORIENTED_EDGE('',*,*,#15069,.F.);
#15069 = EDGE_CURVE('',#15070,#15062,#15072,.T.);
#15070 = VERTEX_POINT('',#15071);
#15071 = CARTESIAN_POINT('',(-1.15,0.82,-1.35));
#15072 = LINE('',#15073,#15074);
#15073 = CARTESIAN_POINT('',(-1.15,0.82,-1.35));
#15074 = VECTOR('',#15075,1.);
#15075 = DIRECTION('',(0.,1.,0.));
#15076 = ORIENTED_EDGE('',*,*,#15077,.T.);
#15077 = EDGE_CURVE('',#15070,#15052,#15078,.T.);
#15078 = LINE('',#15079,#15080);
#15079 = CARTESIAN_POINT('',(-1.15,0.82,-1.35));
#15080 = VECTOR('',#15081,1.);
#15081 = DIRECTION('',(1.,-0.,-0.));
#15082 = PLANE('',#15083);
#15083 = AXIS2_PLACEMENT_3D('',#15084,#15085,#15086);
#15084 = CARTESIAN_POINT('',(-1.15,0.82,-1.35));
#15085 = DIRECTION('',(0.,0.,-1.));
#15086 = DIRECTION('',(-1.,0.,0.));
#15087 = ADVANCED_FACE('',(#15088),#15113,.F.);
#15088 = FACE_BOUND('',#15089,.T.);
#15089 = EDGE_LOOP('',(#15090,#15098,#15106,#15112));
#15090 = ORIENTED_EDGE('',*,*,#15091,.T.);
#15091 = EDGE_CURVE('',#15054,#15092,#15094,.T.);
#15092 = VERTEX_POINT('',#15093);
#15093 = CARTESIAN_POINT('',(-0.65,1.02,-1.39));
#15094 = LINE('',#15095,#15096);
#15095 = CARTESIAN_POINT('',(-0.65,1.02,-1.35));
#15096 = VECTOR('',#15097,1.);
#15097 = DIRECTION('',(-0.,-5.421010862428E-15,-1.));
#15098 = ORIENTED_EDGE('',*,*,#15099,.F.);
#15099 = EDGE_CURVE('',#15100,#15092,#15102,.T.);
#15100 = VERTEX_POINT('',#15101);
#15101 = CARTESIAN_POINT('',(-1.15,1.02,-1.39));
#15102 = LINE('',#15103,#15104);
#15103 = CARTESIAN_POINT('',(-1.15,1.02,-1.39));
#15104 = VECTOR('',#15105,1.);
#15105 = DIRECTION('',(1.,-0.,-0.));
#15106 = ORIENTED_EDGE('',*,*,#15107,.F.);
#15107 = EDGE_CURVE('',#15062,#15100,#15108,.T.);
#15108 = LINE('',#15109,#15110);
#15109 = CARTESIAN_POINT('',(-1.15,1.02,-1.35));
#15110 = VECTOR('',#15111,1.);
#15111 = DIRECTION('',(-0.,-5.421010862428E-15,-1.));
#15112 = ORIENTED_EDGE('',*,*,#15061,.T.);
#15113 = PLANE('',#15114);
#15114 = AXIS2_PLACEMENT_3D('',#15115,#15116,#15117);
#15115 = CARTESIAN_POINT('',(-1.15,1.02,-1.35));
#15116 = DIRECTION('',(0.,-1.,5.421010862428E-15));
#15117 = DIRECTION('',(0.,5.421010862428E-15,1.));
#15118 = ADVANCED_FACE('',(#15119),#15146,.T.);
#15119 = FACE_BOUND('',#15120,.T.);
#15120 = EDGE_LOOP('',(#15121,#15130,#15138,#15145));
#15121 = ORIENTED_EDGE('',*,*,#15122,.T.);
#15122 = EDGE_CURVE('',#15092,#15123,#15125,.T.);
#15123 = VERTEX_POINT('',#15124);
#15124 = CARTESIAN_POINT('',(-0.65,0.77,-1.64));
#15125 = CIRCLE('',#15126,0.25);
#15126 = AXIS2_PLACEMENT_3D('',#15127,#15128,#15129);
#15127 = CARTESIAN_POINT('',(-0.65,0.77,-1.39));
#15128 = DIRECTION('',(-1.,0.,0.));
#15129 = DIRECTION('',(0.,0.,-1.));
#15130 = ORIENTED_EDGE('',*,*,#15131,.F.);
#15131 = EDGE_CURVE('',#15132,#15123,#15134,.T.);
#15132 = VERTEX_POINT('',#15133);
#15133 = CARTESIAN_POINT('',(-1.15,0.77,-1.64));
#15134 = LINE('',#15135,#15136);
#15135 = CARTESIAN_POINT('',(-1.15,0.77,-1.64));
#15136 = VECTOR('',#15137,1.);
#15137 = DIRECTION('',(1.,-0.,-0.));
#15138 = ORIENTED_EDGE('',*,*,#15139,.F.);
#15139 = EDGE_CURVE('',#15100,#15132,#15140,.T.);
#15140 = CIRCLE('',#15141,0.25);
#15141 = AXIS2_PLACEMENT_3D('',#15142,#15143,#15144);
#15142 = CARTESIAN_POINT('',(-1.15,0.77,-1.39));
#15143 = DIRECTION('',(-1.,0.,0.));
#15144 = DIRECTION('',(0.,0.,-1.));
#15145 = ORIENTED_EDGE('',*,*,#15099,.T.);
#15146 = CYLINDRICAL_SURFACE('',#15147,0.25);
#15147 = AXIS2_PLACEMENT_3D('',#15148,#15149,#15150);
#15148 = CARTESIAN_POINT('',(-1.15,0.77,-1.39));
#15149 = DIRECTION('',(1.,-0.,-0.));
#15150 = DIRECTION('',(0.,0.,-1.));
#15151 = ADVANCED_FACE('',(#15152),#15177,.F.);
#15152 = FACE_BOUND('',#15153,.T.);
#15153 = EDGE_LOOP('',(#15154,#15162,#15170,#15176));
#15154 = ORIENTED_EDGE('',*,*,#15155,.T.);
#15155 = EDGE_CURVE('',#15123,#15156,#15158,.T.);
#15156 = VERTEX_POINT('',#15157);
#15157 = CARTESIAN_POINT('',(-0.65,0.25,-1.64));
#15158 = LINE('',#15159,#15160);
#15159 = CARTESIAN_POINT('',(-0.65,0.77,-1.64));
#15160 = VECTOR('',#15161,1.);
#15161 = DIRECTION('',(0.,-1.,4.170008355713E-16));
#15162 = ORIENTED_EDGE('',*,*,#15163,.F.);
#15163 = EDGE_CURVE('',#15164,#15156,#15166,.T.);
#15164 = VERTEX_POINT('',#15165);
#15165 = CARTESIAN_POINT('',(-1.15,0.25,-1.64));
#15166 = LINE('',#15167,#15168);
#15167 = CARTESIAN_POINT('',(-1.15,0.25,-1.64));
#15168 = VECTOR('',#15169,1.);
#15169 = DIRECTION('',(1.,-0.,-0.));
#15170 = ORIENTED_EDGE('',*,*,#15171,.F.);
#15171 = EDGE_CURVE('',#15132,#15164,#15172,.T.);
#15172 = LINE('',#15173,#15174);
#15173 = CARTESIAN_POINT('',(-1.15,0.77,-1.64));
#15174 = VECTOR('',#15175,1.);
#15175 = DIRECTION('',(0.,-1.,4.170008355713E-16));
#15176 = ORIENTED_EDGE('',*,*,#15131,.T.);
#15177 = PLANE('',#15178);
#15178 = AXIS2_PLACEMENT_3D('',#15179,#15180,#15181);
#15179 = CARTESIAN_POINT('',(-1.15,0.77,-1.64));
#15180 = DIRECTION('',(0.,4.170008355713E-16,1.));
#15181 = DIRECTION('',(0.,1.,-4.170008355713E-16));
#15182 = ADVANCED_FACE('',(#15183),#15210,.F.);
#15183 = FACE_BOUND('',#15184,.F.);
#15184 = EDGE_LOOP('',(#15185,#15186,#15195,#15203));
#15185 = ORIENTED_EDGE('',*,*,#15163,.F.);
#15186 = ORIENTED_EDGE('',*,*,#15187,.T.);
#15187 = EDGE_CURVE('',#15164,#15188,#15190,.T.);
#15188 = VERTEX_POINT('',#15189);
#15189 = CARTESIAN_POINT('',(-1.15,0.2,-1.69));
#15190 = CIRCLE('',#15191,5.E-02);
#15191 = AXIS2_PLACEMENT_3D('',#15192,#15193,#15194);
#15192 = CARTESIAN_POINT('',(-1.15,0.25,-1.69));
#15193 = DIRECTION('',(1.,-0.,0.));
#15194 = DIRECTION('',(0.,0.,-1.));
#15195 = ORIENTED_EDGE('',*,*,#15196,.T.);
#15196 = EDGE_CURVE('',#15188,#15197,#15199,.T.);
#15197 = VERTEX_POINT('',#15198);
#15198 = CARTESIAN_POINT('',(-0.65,0.2,-1.69));
#15199 = LINE('',#15200,#15201);
#15200 = CARTESIAN_POINT('',(-1.15,0.2,-1.69));
#15201 = VECTOR('',#15202,1.);
#15202 = DIRECTION('',(1.,-0.,-0.));
#15203 = ORIENTED_EDGE('',*,*,#15204,.F.);
#15204 = EDGE_CURVE('',#15156,#15197,#15205,.T.);
#15205 = CIRCLE('',#15206,5.E-02);
#15206 = AXIS2_PLACEMENT_3D('',#15207,#15208,#15209);
#15207 = CARTESIAN_POINT('',(-0.65,0.25,-1.69));
#15208 = DIRECTION('',(1.,-0.,0.));
#15209 = DIRECTION('',(0.,0.,-1.));
#15210 = CYLINDRICAL_SURFACE('',#15211,5.E-02);
#15211 = AXIS2_PLACEMENT_3D('',#15212,#15213,#15214);
#15212 = CARTESIAN_POINT('',(-1.15,0.25,-1.69));
#15213 = DIRECTION('',(1.,-0.,-0.));
#15214 = DIRECTION('',(0.,0.,-1.));
#15215 = ADVANCED_FACE('',(#15216),#15241,.F.);
#15216 = FACE_BOUND('',#15217,.T.);
#15217 = EDGE_LOOP('',(#15218,#15226,#15234,#15240));
#15218 = ORIENTED_EDGE('',*,*,#15219,.T.);
#15219 = EDGE_CURVE('',#15197,#15220,#15222,.T.);
#15220 = VERTEX_POINT('',#15221);
#15221 = CARTESIAN_POINT('',(-0.65,0.2,-2.3));
#15222 = LINE('',#15223,#15224);
#15223 = CARTESIAN_POINT('',(-0.65,0.2,-1.69));
#15224 = VECTOR('',#15225,1.);
#15225 = DIRECTION('',(-0.,-1.333035457974E-16,-1.));
#15226 = ORIENTED_EDGE('',*,*,#15227,.F.);
#15227 = EDGE_CURVE('',#15228,#15220,#15230,.T.);
#15228 = VERTEX_POINT('',#15229);
#15229 = CARTESIAN_POINT('',(-1.15,0.2,-2.3));
#15230 = LINE('',#15231,#15232);
#15231 = CARTESIAN_POINT('',(-1.15,0.2,-2.3));
#15232 = VECTOR('',#15233,1.);
#15233 = DIRECTION('',(1.,-0.,-0.));
#15234 = ORIENTED_EDGE('',*,*,#15235,.F.);
#15235 = EDGE_CURVE('',#15188,#15228,#15236,.T.);
#15236 = LINE('',#15237,#15238);
#15237 = CARTESIAN_POINT('',(-1.15,0.2,-1.69));
#15238 = VECTOR('',#15239,1.);
#15239 = DIRECTION('',(-0.,-1.333035457974E-16,-1.));
#15240 = ORIENTED_EDGE('',*,*,#15196,.T.);
#15241 = PLANE('',#15242);
#15242 = AXIS2_PLACEMENT_3D('',#15243,#15244,#15245);
#15243 = CARTESIAN_POINT('',(-1.15,0.2,-1.69));
#15244 = DIRECTION('',(0.,-1.,1.333035457974E-16));
#15245 = DIRECTION('',(0.,1.333035457974E-16,1.));
#15246 = ADVANCED_FACE('',(#15247),#15272,.F.);
#15247 = FACE_BOUND('',#15248,.T.);
#15248 = EDGE_LOOP('',(#15249,#15257,#15265,#15271));
#15249 = ORIENTED_EDGE('',*,*,#15250,.T.);
#15250 = EDGE_CURVE('',#15220,#15251,#15253,.T.);
#15251 = VERTEX_POINT('',#15252);
#15252 = CARTESIAN_POINT('',(-0.65,0.,-2.3));
#15253 = LINE('',#15254,#15255);
#15254 = CARTESIAN_POINT('',(-0.65,0.2,-2.3));
#15255 = VECTOR('',#15256,1.);
#15256 = DIRECTION('',(0.,-1.,0.));
#15257 = ORIENTED_EDGE('',*,*,#15258,.F.);
#15258 = EDGE_CURVE('',#15259,#15251,#15261,.T.);
#15259 = VERTEX_POINT('',#15260);
#15260 = CARTESIAN_POINT('',(-1.15,0.,-2.3));
#15261 = LINE('',#15262,#15263);
#15262 = CARTESIAN_POINT('',(-1.15,0.,-2.3));
#15263 = VECTOR('',#15264,1.);
#15264 = DIRECTION('',(1.,-0.,-0.));
#15265 = ORIENTED_EDGE('',*,*,#15266,.F.);
#15266 = EDGE_CURVE('',#15228,#15259,#15267,.T.);
#15267 = LINE('',#15268,#15269);
#15268 = CARTESIAN_POINT('',(-1.15,0.2,-2.3));
#15269 = VECTOR('',#15270,1.);
#15270 = DIRECTION('',(0.,-1.,0.));
#15271 = ORIENTED_EDGE('',*,*,#15227,.T.);
#15272 = PLANE('',#15273);
#15273 = AXIS2_PLACEMENT_3D('',#15274,#15275,#15276);
#15274 = CARTESIAN_POINT('',(-1.15,0.2,-2.3));
#15275 = DIRECTION('',(0.,0.,1.));
#15276 = DIRECTION('',(1.,0.,-0.));
#15277 = ADVANCED_FACE('',(#15278),#15303,.F.);
#15278 = FACE_BOUND('',#15279,.T.);
#15279 = EDGE_LOOP('',(#15280,#15288,#15296,#15302));
#15280 = ORIENTED_EDGE('',*,*,#15281,.T.);
#15281 = EDGE_CURVE('',#15251,#15282,#15284,.T.);
#15282 = VERTEX_POINT('',#15283);
#15283 = CARTESIAN_POINT('',(-0.65,0.,-1.69));
#15284 = LINE('',#15285,#15286);
#15285 = CARTESIAN_POINT('',(-0.65,0.,-2.3));
#15286 = VECTOR('',#15287,1.);
#15287 = DIRECTION('',(0.,0.,1.));
#15288 = ORIENTED_EDGE('',*,*,#15289,.F.);
#15289 = EDGE_CURVE('',#15290,#15282,#15292,.T.);
#15290 = VERTEX_POINT('',#15291);
#15291 = CARTESIAN_POINT('',(-1.15,0.,-1.69));
#15292 = LINE('',#15293,#15294);
#15293 = CARTESIAN_POINT('',(-1.15,0.,-1.69));
#15294 = VECTOR('',#15295,1.);
#15295 = DIRECTION('',(1.,-0.,-0.));
#15296 = ORIENTED_EDGE('',*,*,#15297,.F.);
#15297 = EDGE_CURVE('',#15259,#15290,#15298,.T.);
#15298 = LINE('',#15299,#15300);
#15299 = CARTESIAN_POINT('',(-1.15,0.,-2.3));
#15300 = VECTOR('',#15301,1.);
#15301 = DIRECTION('',(0.,0.,1.));
#15302 = ORIENTED_EDGE('',*,*,#15258,.T.);
#15303 = PLANE('',#15304);
#15304 = AXIS2_PLACEMENT_3D('',#15305,#15306,#15307);
#15305 = CARTESIAN_POINT('',(-1.15,0.,-2.3));
#15306 = DIRECTION('',(0.,1.,0.));
#15307 = DIRECTION('',(-1.,0.,0.));
#15308 = ADVANCED_FACE('',(#15309),#15336,.T.);
#15309 = FACE_BOUND('',#15310,.T.);
#15310 = EDGE_LOOP('',(#15311,#15320,#15328,#15335));
#15311 = ORIENTED_EDGE('',*,*,#15312,.T.);
#15312 = EDGE_CURVE('',#15282,#15313,#15315,.T.);
#15313 = VERTEX_POINT('',#15314);
#15314 = CARTESIAN_POINT('',(-0.65,0.25,-1.44));
#15315 = CIRCLE('',#15316,0.25);
#15316 = AXIS2_PLACEMENT_3D('',#15317,#15318,#15319);
#15317 = CARTESIAN_POINT('',(-0.65,0.25,-1.69));
#15318 = DIRECTION('',(-1.,0.,0.));
#15319 = DIRECTION('',(0.,0.,1.));
#15320 = ORIENTED_EDGE('',*,*,#15321,.F.);
#15321 = EDGE_CURVE('',#15322,#15313,#15324,.T.);
#15322 = VERTEX_POINT('',#15323);
#15323 = CARTESIAN_POINT('',(-1.15,0.25,-1.44));
#15324 = LINE('',#15325,#15326);
#15325 = CARTESIAN_POINT('',(-1.15,0.25,-1.44));
#15326 = VECTOR('',#15327,1.);
#15327 = DIRECTION('',(1.,-0.,-0.));
#15328 = ORIENTED_EDGE('',*,*,#15329,.F.);
#15329 = EDGE_CURVE('',#15290,#15322,#15330,.T.);
#15330 = CIRCLE('',#15331,0.25);
#15331 = AXIS2_PLACEMENT_3D('',#15332,#15333,#15334);
#15332 = CARTESIAN_POINT('',(-1.15,0.25,-1.69));
#15333 = DIRECTION('',(-1.,0.,0.));
#15334 = DIRECTION('',(0.,0.,1.));
#15335 = ORIENTED_EDGE('',*,*,#15289,.T.);
#15336 = CYLINDRICAL_SURFACE('',#15337,0.25);
#15337 = AXIS2_PLACEMENT_3D('',#15338,#15339,#15340);
#15338 = CARTESIAN_POINT('',(-1.15,0.25,-1.69));
#15339 = DIRECTION('',(1.,-0.,-0.));
#15340 = DIRECTION('',(0.,0.,-1.));
#15341 = ADVANCED_FACE('',(#15342),#15367,.F.);
#15342 = FACE_BOUND('',#15343,.T.);
#15343 = EDGE_LOOP('',(#15344,#15352,#15360,#15366));
#15344 = ORIENTED_EDGE('',*,*,#15345,.T.);
#15345 = EDGE_CURVE('',#15313,#15346,#15348,.T.);
#15346 = VERTEX_POINT('',#15347);
#15347 = CARTESIAN_POINT('',(-0.65,0.77,-1.44));
#15348 = LINE('',#15349,#15350);
#15349 = CARTESIAN_POINT('',(-0.65,0.25,-1.44));
#15350 = VECTOR('',#15351,1.);
#15351 = DIRECTION('',(0.,1.,-4.170008355713E-16));
#15352 = ORIENTED_EDGE('',*,*,#15353,.F.);
#15353 = EDGE_CURVE('',#15354,#15346,#15356,.T.);
#15354 = VERTEX_POINT('',#15355);
#15355 = CARTESIAN_POINT('',(-1.15,0.77,-1.44));
#15356 = LINE('',#15357,#15358);
#15357 = CARTESIAN_POINT('',(-1.15,0.77,-1.44));
#15358 = VECTOR('',#15359,1.);
#15359 = DIRECTION('',(1.,-0.,-0.));
#15360 = ORIENTED_EDGE('',*,*,#15361,.F.);
#15361 = EDGE_CURVE('',#15322,#15354,#15362,.T.);
#15362 = LINE('',#15363,#15364);
#15363 = CARTESIAN_POINT('',(-1.15,0.25,-1.44));
#15364 = VECTOR('',#15365,1.);
#15365 = DIRECTION('',(0.,1.,-4.170008355713E-16));
#15366 = ORIENTED_EDGE('',*,*,#15321,.T.);
#15367 = PLANE('',#15368);
#15368 = AXIS2_PLACEMENT_3D('',#15369,#15370,#15371);
#15369 = CARTESIAN_POINT('',(-1.15,0.25,-1.44));
#15370 = DIRECTION('',(-0.,-4.170008355713E-16,-1.));
#15371 = DIRECTION('',(0.,-1.,4.170008355713E-16));
#15372 = ADVANCED_FACE('',(#15373),#15400,.F.);
#15373 = FACE_BOUND('',#15374,.F.);
#15374 = EDGE_LOOP('',(#15375,#15376,#15385,#15393));
#15375 = ORIENTED_EDGE('',*,*,#15353,.F.);
#15376 = ORIENTED_EDGE('',*,*,#15377,.T.);
#15377 = EDGE_CURVE('',#15354,#15378,#15380,.T.);
#15378 = VERTEX_POINT('',#15379);
#15379 = CARTESIAN_POINT('',(-1.15,0.82,-1.39));
#15380 = CIRCLE('',#15381,5.E-02);
#15381 = AXIS2_PLACEMENT_3D('',#15382,#15383,#15384);
#15382 = CARTESIAN_POINT('',(-1.15,0.77,-1.39));
#15383 = DIRECTION('',(1.,-0.,0.));
#15384 = DIRECTION('',(0.,0.,-1.));
#15385 = ORIENTED_EDGE('',*,*,#15386,.T.);
#15386 = EDGE_CURVE('',#15378,#15387,#15389,.T.);
#15387 = VERTEX_POINT('',#15388);
#15388 = CARTESIAN_POINT('',(-0.65,0.82,-1.39));
#15389 = LINE('',#15390,#15391);
#15390 = CARTESIAN_POINT('',(-1.15,0.82,-1.39));
#15391 = VECTOR('',#15392,1.);
#15392 = DIRECTION('',(1.,-0.,-0.));
#15393 = ORIENTED_EDGE('',*,*,#15394,.F.);
#15394 = EDGE_CURVE('',#15346,#15387,#15395,.T.);
#15395 = CIRCLE('',#15396,5.E-02);
#15396 = AXIS2_PLACEMENT_3D('',#15397,#15398,#15399);
#15397 = CARTESIAN_POINT('',(-0.65,0.77,-1.39));
#15398 = DIRECTION('',(1.,-0.,0.));
#15399 = DIRECTION('',(0.,0.,-1.));
#15400 = CYLINDRICAL_SURFACE('',#15401,5.E-02);
#15401 = AXIS2_PLACEMENT_3D('',#15402,#15403,#15404);
#15402 = CARTESIAN_POINT('',(-1.15,0.77,-1.39));
#15403 = DIRECTION('',(1.,-0.,-0.));
#15404 = DIRECTION('',(0.,0.,-1.));
#15405 = ADVANCED_FACE('',(#15406),#15422,.F.);
#15406 = FACE_BOUND('',#15407,.T.);
#15407 = EDGE_LOOP('',(#15408,#15414,#15415,#15421));
#15408 = ORIENTED_EDGE('',*,*,#15409,.T.);
#15409 = EDGE_CURVE('',#15387,#15052,#15410,.T.);
#15410 = LINE('',#15411,#15412);
#15411 = CARTESIAN_POINT('',(-0.65,0.82,-1.39));
#15412 = VECTOR('',#15413,1.);
#15413 = DIRECTION('',(0.,-5.421010862428E-15,1.));
#15414 = ORIENTED_EDGE('',*,*,#15077,.F.);
#15415 = ORIENTED_EDGE('',*,*,#15416,.F.);
#15416 = EDGE_CURVE('',#15378,#15070,#15417,.T.);
#15417 = LINE('',#15418,#15419);
#15418 = CARTESIAN_POINT('',(-1.15,0.82,-1.39));
#15419 = VECTOR('',#15420,1.);
#15420 = DIRECTION('',(0.,-5.421010862428E-15,1.));
#15421 = ORIENTED_EDGE('',*,*,#15386,.T.);
#15422 = PLANE('',#15423);
#15423 = AXIS2_PLACEMENT_3D('',#15424,#15425,#15426);
#15424 = CARTESIAN_POINT('',(-1.15,0.82,-1.39));
#15425 = DIRECTION('',(0.,1.,5.421010862428E-15));
#15426 = DIRECTION('',(0.,5.421010862428E-15,-1.));
#15427 = ADVANCED_FACE('',(#15428),#15442,.F.);
#15428 = FACE_BOUND('',#15429,.T.);
#15429 = EDGE_LOOP('',(#15430,#15431,#15432,#15433,#15434,#15435,#15436,
    #15437,#15438,#15439,#15440,#15441));
#15430 = ORIENTED_EDGE('',*,*,#15069,.T.);
#15431 = ORIENTED_EDGE('',*,*,#15107,.T.);
#15432 = ORIENTED_EDGE('',*,*,#15139,.T.);
#15433 = ORIENTED_EDGE('',*,*,#15171,.T.);
#15434 = ORIENTED_EDGE('',*,*,#15187,.T.);
#15435 = ORIENTED_EDGE('',*,*,#15235,.T.);
#15436 = ORIENTED_EDGE('',*,*,#15266,.T.);
#15437 = ORIENTED_EDGE('',*,*,#15297,.T.);
#15438 = ORIENTED_EDGE('',*,*,#15329,.T.);
#15439 = ORIENTED_EDGE('',*,*,#15361,.T.);
#15440 = ORIENTED_EDGE('',*,*,#15377,.T.);
#15441 = ORIENTED_EDGE('',*,*,#15416,.T.);
#15442 = PLANE('',#15443);
#15443 = AXIS2_PLACEMENT_3D('',#15444,#15445,#15446);
#15444 = CARTESIAN_POINT('',(-1.15,0.77,-1.39));
#15445 = DIRECTION('',(1.,-0.,0.));
#15446 = DIRECTION('',(0.,0.,-1.));
#15447 = ADVANCED_FACE('',(#15448),#15462,.T.);
#15448 = FACE_BOUND('',#15449,.T.);
#15449 = EDGE_LOOP('',(#15450,#15451,#15452,#15453,#15454,#15455,#15456,
    #15457,#15458,#15459,#15460,#15461));
#15450 = ORIENTED_EDGE('',*,*,#15051,.F.);
#15451 = ORIENTED_EDGE('',*,*,#15409,.F.);
#15452 = ORIENTED_EDGE('',*,*,#15394,.F.);
#15453 = ORIENTED_EDGE('',*,*,#15345,.F.);
#15454 = ORIENTED_EDGE('',*,*,#15312,.F.);
#15455 = ORIENTED_EDGE('',*,*,#15281,.F.);
#15456 = ORIENTED_EDGE('',*,*,#15250,.F.);
#15457 = ORIENTED_EDGE('',*,*,#15219,.F.);
#15458 = ORIENTED_EDGE('',*,*,#15204,.F.);
#15459 = ORIENTED_EDGE('',*,*,#15155,.F.);
#15460 = ORIENTED_EDGE('',*,*,#15122,.F.);
#15461 = ORIENTED_EDGE('',*,*,#15091,.F.);
#15462 = PLANE('',#15463);
#15463 = AXIS2_PLACEMENT_3D('',#15464,#15465,#15466);
#15464 = CARTESIAN_POINT('',(-0.65,0.77,-1.39));
#15465 = DIRECTION('',(1.,-0.,0.));
#15466 = DIRECTION('',(0.,0.,-1.));
#15467 = MANIFOLD_SOLID_BREP('',#15468);
#15468 = CLOSED_SHELL('',(#15469,#15511,#15542,#15573,#15604,#15637,
    #15668,#15701,#15732,#15763,#15794,#15827,#15849,#15869));
#15469 = ADVANCED_FACE('',(#15470),#15506,.T.);
#15470 = FACE_BOUND('',#15471,.T.);
#15471 = EDGE_LOOP('',(#15472,#15483,#15491,#15500));
#15472 = ORIENTED_EDGE('',*,*,#15473,.T.);
#15473 = EDGE_CURVE('',#15474,#15476,#15478,.T.);
#15474 = VERTEX_POINT('',#15475);
#15475 = CARTESIAN_POINT('',(1.15,0.77,1.64));
#15476 = VERTEX_POINT('',#15477);
#15477 = CARTESIAN_POINT('',(1.15,1.02,1.39));
#15478 = CIRCLE('',#15479,0.25);
#15479 = AXIS2_PLACEMENT_3D('',#15480,#15481,#15482);
#15480 = CARTESIAN_POINT('',(1.15,0.77,1.39));
#15481 = DIRECTION('',(-1.,0.,0.));
#15482 = DIRECTION('',(0.,0.,1.));
#15483 = ORIENTED_EDGE('',*,*,#15484,.F.);
#15484 = EDGE_CURVE('',#15485,#15476,#15487,.T.);
#15485 = VERTEX_POINT('',#15486);
#15486 = CARTESIAN_POINT('',(0.65,1.02,1.39));
#15487 = LINE('',#15488,#15489);
#15488 = CARTESIAN_POINT('',(0.65,1.02,1.39));
#15489 = VECTOR('',#15490,1.);
#15490 = DIRECTION('',(1.,-0.,-0.));
#15491 = ORIENTED_EDGE('',*,*,#15492,.F.);
#15492 = EDGE_CURVE('',#15493,#15485,#15495,.T.);
#15493 = VERTEX_POINT('',#15494);
#15494 = CARTESIAN_POINT('',(0.65,0.77,1.64));
#15495 = CIRCLE('',#15496,0.25);
#15496 = AXIS2_PLACEMENT_3D('',#15497,#15498,#15499);
#15497 = CARTESIAN_POINT('',(0.65,0.77,1.39));
#15498 = DIRECTION('',(-1.,0.,0.));
#15499 = DIRECTION('',(0.,0.,1.));
#15500 = ORIENTED_EDGE('',*,*,#15501,.T.);
#15501 = EDGE_CURVE('',#15493,#15474,#15502,.T.);
#15502 = LINE('',#15503,#15504);
#15503 = CARTESIAN_POINT('',(0.65,0.77,1.64));
#15504 = VECTOR('',#15505,1.);
#15505 = DIRECTION('',(1.,-0.,-0.));
#15506 = CYLINDRICAL_SURFACE('',#15507,0.25);
#15507 = AXIS2_PLACEMENT_3D('',#15508,#15509,#15510);
#15508 = CARTESIAN_POINT('',(0.65,0.77,1.39));
#15509 = DIRECTION('',(1.,-0.,-0.));
#15510 = DIRECTION('',(0.,0.,-1.));
#15511 = ADVANCED_FACE('',(#15512),#15537,.F.);
#15512 = FACE_BOUND('',#15513,.T.);
#15513 = EDGE_LOOP('',(#15514,#15522,#15530,#15536));
#15514 = ORIENTED_EDGE('',*,*,#15515,.T.);
#15515 = EDGE_CURVE('',#15476,#15516,#15518,.T.);
#15516 = VERTEX_POINT('',#15517);
#15517 = CARTESIAN_POINT('',(1.15,1.02,1.35));
#15518 = LINE('',#15519,#15520);
#15519 = CARTESIAN_POINT('',(1.15,1.02,1.35));
#15520 = VECTOR('',#15521,1.);
#15521 = DIRECTION('',(0.,5.421010862428E-15,-1.));
#15522 = ORIENTED_EDGE('',*,*,#15523,.F.);
#15523 = EDGE_CURVE('',#15524,#15516,#15526,.T.);
#15524 = VERTEX_POINT('',#15525);
#15525 = CARTESIAN_POINT('',(0.65,1.02,1.35));
#15526 = LINE('',#15527,#15528);
#15527 = CARTESIAN_POINT('',(0.65,1.02,1.35));
#15528 = VECTOR('',#15529,1.);
#15529 = DIRECTION('',(1.,-0.,-0.));
#15530 = ORIENTED_EDGE('',*,*,#15531,.F.);
#15531 = EDGE_CURVE('',#15485,#15524,#15532,.T.);
#15532 = LINE('',#15533,#15534);
#15533 = CARTESIAN_POINT('',(0.65,1.02,1.35));
#15534 = VECTOR('',#15535,1.);
#15535 = DIRECTION('',(0.,5.421010862428E-15,-1.));
#15536 = ORIENTED_EDGE('',*,*,#15484,.T.);
#15537 = PLANE('',#15538);
#15538 = AXIS2_PLACEMENT_3D('',#15539,#15540,#15541);
#15539 = CARTESIAN_POINT('',(0.65,1.02,1.35));
#15540 = DIRECTION('',(-0.,-1.,-5.421010862428E-15));
#15541 = DIRECTION('',(0.,-5.421010862428E-15,1.));
#15542 = ADVANCED_FACE('',(#15543),#15568,.F.);
#15543 = FACE_BOUND('',#15544,.T.);
#15544 = EDGE_LOOP('',(#15545,#15553,#15561,#15567));
#15545 = ORIENTED_EDGE('',*,*,#15546,.T.);
#15546 = EDGE_CURVE('',#15516,#15547,#15549,.T.);
#15547 = VERTEX_POINT('',#15548);
#15548 = CARTESIAN_POINT('',(1.15,0.82,1.35));
#15549 = LINE('',#15550,#15551);
#15550 = CARTESIAN_POINT('',(1.15,0.82,1.35));
#15551 = VECTOR('',#15552,1.);
#15552 = DIRECTION('',(0.,-1.,-0.));
#15553 = ORIENTED_EDGE('',*,*,#15554,.F.);
#15554 = EDGE_CURVE('',#15555,#15547,#15557,.T.);
#15555 = VERTEX_POINT('',#15556);
#15556 = CARTESIAN_POINT('',(0.65,0.82,1.35));
#15557 = LINE('',#15558,#15559);
#15558 = CARTESIAN_POINT('',(0.65,0.82,1.35));
#15559 = VECTOR('',#15560,1.);
#15560 = DIRECTION('',(1.,-0.,-0.));
#15561 = ORIENTED_EDGE('',*,*,#15562,.F.);
#15562 = EDGE_CURVE('',#15524,#15555,#15563,.T.);
#15563 = LINE('',#15564,#15565);
#15564 = CARTESIAN_POINT('',(0.65,0.82,1.35));
#15565 = VECTOR('',#15566,1.);
#15566 = DIRECTION('',(0.,-1.,-0.));
#15567 = ORIENTED_EDGE('',*,*,#15523,.T.);
#15568 = PLANE('',#15569);
#15569 = AXIS2_PLACEMENT_3D('',#15570,#15571,#15572);
#15570 = CARTESIAN_POINT('',(0.65,0.82,1.35));
#15571 = DIRECTION('',(0.,0.,1.));
#15572 = DIRECTION('',(1.,0.,-0.));
#15573 = ADVANCED_FACE('',(#15574),#15599,.F.);
#15574 = FACE_BOUND('',#15575,.T.);
#15575 = EDGE_LOOP('',(#15576,#15584,#15592,#15598));
#15576 = ORIENTED_EDGE('',*,*,#15577,.T.);
#15577 = EDGE_CURVE('',#15547,#15578,#15580,.T.);
#15578 = VERTEX_POINT('',#15579);
#15579 = CARTESIAN_POINT('',(1.15,0.82,1.39));
#15580 = LINE('',#15581,#15582);
#15581 = CARTESIAN_POINT('',(1.15,0.82,1.39));
#15582 = VECTOR('',#15583,1.);
#15583 = DIRECTION('',(0.,5.421010862428E-15,1.));
#15584 = ORIENTED_EDGE('',*,*,#15585,.F.);
#15585 = EDGE_CURVE('',#15586,#15578,#15588,.T.);
#15586 = VERTEX_POINT('',#15587);
#15587 = CARTESIAN_POINT('',(0.65,0.82,1.39));
#15588 = LINE('',#15589,#15590);
#15589 = CARTESIAN_POINT('',(0.65,0.82,1.39));
#15590 = VECTOR('',#15591,1.);
#15591 = DIRECTION('',(1.,-0.,-0.));
#15592 = ORIENTED_EDGE('',*,*,#15593,.F.);
#15593 = EDGE_CURVE('',#15555,#15586,#15594,.T.);
#15594 = LINE('',#15595,#15596);
#15595 = CARTESIAN_POINT('',(0.65,0.82,1.39));
#15596 = VECTOR('',#15597,1.);
#15597 = DIRECTION('',(0.,5.421010862428E-15,1.));
#15598 = ORIENTED_EDGE('',*,*,#15554,.T.);
#15599 = PLANE('',#15600);
#15600 = AXIS2_PLACEMENT_3D('',#15601,#15602,#15603);
#15601 = CARTESIAN_POINT('',(0.65,0.82,1.39));
#15602 = DIRECTION('',(0.,1.,-5.421010862428E-15));
#15603 = DIRECTION('',(0.,-5.421010862428E-15,-1.));
#15604 = ADVANCED_FACE('',(#15605),#15632,.F.);
#15605 = FACE_BOUND('',#15606,.F.);
#15606 = EDGE_LOOP('',(#15607,#15608,#15617,#15625));
#15607 = ORIENTED_EDGE('',*,*,#15585,.F.);
#15608 = ORIENTED_EDGE('',*,*,#15609,.T.);
#15609 = EDGE_CURVE('',#15586,#15610,#15612,.T.);
#15610 = VERTEX_POINT('',#15611);
#15611 = CARTESIAN_POINT('',(0.65,0.77,1.44));
#15612 = CIRCLE('',#15613,5.E-02);
#15613 = AXIS2_PLACEMENT_3D('',#15614,#15615,#15616);
#15614 = CARTESIAN_POINT('',(0.65,0.77,1.39));
#15615 = DIRECTION('',(1.,0.,-0.));
#15616 = DIRECTION('',(0.,0.,1.));
#15617 = ORIENTED_EDGE('',*,*,#15618,.T.);
#15618 = EDGE_CURVE('',#15610,#15619,#15621,.T.);
#15619 = VERTEX_POINT('',#15620);
#15620 = CARTESIAN_POINT('',(1.15,0.77,1.44));
#15621 = LINE('',#15622,#15623);
#15622 = CARTESIAN_POINT('',(0.65,0.77,1.44));
#15623 = VECTOR('',#15624,1.);
#15624 = DIRECTION('',(1.,-0.,-0.));
#15625 = ORIENTED_EDGE('',*,*,#15626,.F.);
#15626 = EDGE_CURVE('',#15578,#15619,#15627,.T.);
#15627 = CIRCLE('',#15628,5.E-02);
#15628 = AXIS2_PLACEMENT_3D('',#15629,#15630,#15631);
#15629 = CARTESIAN_POINT('',(1.15,0.77,1.39));
#15630 = DIRECTION('',(1.,0.,-0.));
#15631 = DIRECTION('',(0.,0.,1.));
#15632 = CYLINDRICAL_SURFACE('',#15633,5.E-02);
#15633 = AXIS2_PLACEMENT_3D('',#15634,#15635,#15636);
#15634 = CARTESIAN_POINT('',(0.65,0.77,1.39));
#15635 = DIRECTION('',(1.,-0.,-0.));
#15636 = DIRECTION('',(0.,0.,-1.));
#15637 = ADVANCED_FACE('',(#15638),#15663,.F.);
#15638 = FACE_BOUND('',#15639,.T.);
#15639 = EDGE_LOOP('',(#15640,#15648,#15656,#15662));
#15640 = ORIENTED_EDGE('',*,*,#15641,.T.);
#15641 = EDGE_CURVE('',#15619,#15642,#15644,.T.);
#15642 = VERTEX_POINT('',#15643);
#15643 = CARTESIAN_POINT('',(1.15,0.25,1.44));
#15644 = LINE('',#15645,#15646);
#15645 = CARTESIAN_POINT('',(1.15,0.25,1.44));
#15646 = VECTOR('',#15647,1.);
#15647 = DIRECTION('',(0.,-1.,-4.170008355713E-16));
#15648 = ORIENTED_EDGE('',*,*,#15649,.F.);
#15649 = EDGE_CURVE('',#15650,#15642,#15652,.T.);
#15650 = VERTEX_POINT('',#15651);
#15651 = CARTESIAN_POINT('',(0.65,0.25,1.44));
#15652 = LINE('',#15653,#15654);
#15653 = CARTESIAN_POINT('',(0.65,0.25,1.44));
#15654 = VECTOR('',#15655,1.);
#15655 = DIRECTION('',(1.,-0.,-0.));
#15656 = ORIENTED_EDGE('',*,*,#15657,.F.);
#15657 = EDGE_CURVE('',#15610,#15650,#15658,.T.);
#15658 = LINE('',#15659,#15660);
#15659 = CARTESIAN_POINT('',(0.65,0.25,1.44));
#15660 = VECTOR('',#15661,1.);
#15661 = DIRECTION('',(0.,-1.,-4.170008355713E-16));
#15662 = ORIENTED_EDGE('',*,*,#15618,.T.);
#15663 = PLANE('',#15664);
#15664 = AXIS2_PLACEMENT_3D('',#15665,#15666,#15667);
#15665 = CARTESIAN_POINT('',(0.65,0.25,1.44));
#15666 = DIRECTION('',(0.,-4.170008355713E-16,1.));
#15667 = DIRECTION('',(0.,1.,4.170008355713E-16));
#15668 = ADVANCED_FACE('',(#15669),#15696,.T.);
#15669 = FACE_BOUND('',#15670,.T.);
#15670 = EDGE_LOOP('',(#15671,#15680,#15688,#15695));
#15671 = ORIENTED_EDGE('',*,*,#15672,.T.);
#15672 = EDGE_CURVE('',#15642,#15673,#15675,.T.);
#15673 = VERTEX_POINT('',#15674);
#15674 = CARTESIAN_POINT('',(1.15,0.,1.69));
#15675 = CIRCLE('',#15676,0.25);
#15676 = AXIS2_PLACEMENT_3D('',#15677,#15678,#15679);
#15677 = CARTESIAN_POINT('',(1.15,0.25,1.69));
#15678 = DIRECTION('',(-1.,0.,0.));
#15679 = DIRECTION('',(0.,0.,-1.));
#15680 = ORIENTED_EDGE('',*,*,#15681,.F.);
#15681 = EDGE_CURVE('',#15682,#15673,#15684,.T.);
#15682 = VERTEX_POINT('',#15683);
#15683 = CARTESIAN_POINT('',(0.65,0.,1.69));
#15684 = LINE('',#15685,#15686);
#15685 = CARTESIAN_POINT('',(0.65,0.,1.69));
#15686 = VECTOR('',#15687,1.);
#15687 = DIRECTION('',(1.,-0.,-0.));
#15688 = ORIENTED_EDGE('',*,*,#15689,.F.);
#15689 = EDGE_CURVE('',#15650,#15682,#15690,.T.);
#15690 = CIRCLE('',#15691,0.25);
#15691 = AXIS2_PLACEMENT_3D('',#15692,#15693,#15694);
#15692 = CARTESIAN_POINT('',(0.65,0.25,1.69));
#15693 = DIRECTION('',(-1.,0.,0.));
#15694 = DIRECTION('',(0.,0.,-1.));
#15695 = ORIENTED_EDGE('',*,*,#15649,.T.);
#15696 = CYLINDRICAL_SURFACE('',#15697,0.25);
#15697 = AXIS2_PLACEMENT_3D('',#15698,#15699,#15700);
#15698 = CARTESIAN_POINT('',(0.65,0.25,1.69));
#15699 = DIRECTION('',(1.,-0.,-0.));
#15700 = DIRECTION('',(0.,0.,-1.));
#15701 = ADVANCED_FACE('',(#15702),#15727,.F.);
#15702 = FACE_BOUND('',#15703,.T.);
#15703 = EDGE_LOOP('',(#15704,#15712,#15720,#15726));
#15704 = ORIENTED_EDGE('',*,*,#15705,.T.);
#15705 = EDGE_CURVE('',#15673,#15706,#15708,.T.);
#15706 = VERTEX_POINT('',#15707);
#15707 = CARTESIAN_POINT('',(1.15,0.,2.3));
#15708 = LINE('',#15709,#15710);
#15709 = CARTESIAN_POINT('',(1.15,0.,2.3));
#15710 = VECTOR('',#15711,1.);
#15711 = DIRECTION('',(0.,0.,1.));
#15712 = ORIENTED_EDGE('',*,*,#15713,.F.);
#15713 = EDGE_CURVE('',#15714,#15706,#15716,.T.);
#15714 = VERTEX_POINT('',#15715);
#15715 = CARTESIAN_POINT('',(0.65,0.,2.3));
#15716 = LINE('',#15717,#15718);
#15717 = CARTESIAN_POINT('',(0.65,0.,2.3));
#15718 = VECTOR('',#15719,1.);
#15719 = DIRECTION('',(1.,-0.,-0.));
#15720 = ORIENTED_EDGE('',*,*,#15721,.F.);
#15721 = EDGE_CURVE('',#15682,#15714,#15722,.T.);
#15722 = LINE('',#15723,#15724);
#15723 = CARTESIAN_POINT('',(0.65,0.,2.3));
#15724 = VECTOR('',#15725,1.);
#15725 = DIRECTION('',(0.,0.,1.));
#15726 = ORIENTED_EDGE('',*,*,#15681,.T.);
#15727 = PLANE('',#15728);
#15728 = AXIS2_PLACEMENT_3D('',#15729,#15730,#15731);
#15729 = CARTESIAN_POINT('',(0.65,0.,2.3));
#15730 = DIRECTION('',(0.,1.,0.));
#15731 = DIRECTION('',(-1.,0.,0.));
#15732 = ADVANCED_FACE('',(#15733),#15758,.F.);
#15733 = FACE_BOUND('',#15734,.T.);
#15734 = EDGE_LOOP('',(#15735,#15743,#15751,#15757));
#15735 = ORIENTED_EDGE('',*,*,#15736,.T.);
#15736 = EDGE_CURVE('',#15706,#15737,#15739,.T.);
#15737 = VERTEX_POINT('',#15738);
#15738 = CARTESIAN_POINT('',(1.15,0.2,2.3));
#15739 = LINE('',#15740,#15741);
#15740 = CARTESIAN_POINT('',(1.15,0.2,2.3));
#15741 = VECTOR('',#15742,1.);
#15742 = DIRECTION('',(0.,1.,0.));
#15743 = ORIENTED_EDGE('',*,*,#15744,.F.);
#15744 = EDGE_CURVE('',#15745,#15737,#15747,.T.);
#15745 = VERTEX_POINT('',#15746);
#15746 = CARTESIAN_POINT('',(0.65,0.2,2.3));
#15747 = LINE('',#15748,#15749);
#15748 = CARTESIAN_POINT('',(0.65,0.2,2.3));
#15749 = VECTOR('',#15750,1.);
#15750 = DIRECTION('',(1.,-0.,-0.));
#15751 = ORIENTED_EDGE('',*,*,#15752,.F.);
#15752 = EDGE_CURVE('',#15714,#15745,#15753,.T.);
#15753 = LINE('',#15754,#15755);
#15754 = CARTESIAN_POINT('',(0.65,0.2,2.3));
#15755 = VECTOR('',#15756,1.);
#15756 = DIRECTION('',(0.,1.,0.));
#15757 = ORIENTED_EDGE('',*,*,#15713,.T.);
#15758 = PLANE('',#15759);
#15759 = AXIS2_PLACEMENT_3D('',#15760,#15761,#15762);
#15760 = CARTESIAN_POINT('',(0.65,0.2,2.3));
#15761 = DIRECTION('',(0.,0.,-1.));
#15762 = DIRECTION('',(-1.,0.,0.));
#15763 = ADVANCED_FACE('',(#15764),#15789,.F.);
#15764 = FACE_BOUND('',#15765,.T.);
#15765 = EDGE_LOOP('',(#15766,#15774,#15782,#15788));
#15766 = ORIENTED_EDGE('',*,*,#15767,.T.);
#15767 = EDGE_CURVE('',#15737,#15768,#15770,.T.);
#15768 = VERTEX_POINT('',#15769);
#15769 = CARTESIAN_POINT('',(1.15,0.2,1.69));
#15770 = LINE('',#15771,#15772);
#15771 = CARTESIAN_POINT('',(1.15,0.2,1.69));
#15772 = VECTOR('',#15773,1.);
#15773 = DIRECTION('',(0.,1.333035457974E-16,-1.));
#15774 = ORIENTED_EDGE('',*,*,#15775,.F.);
#15775 = EDGE_CURVE('',#15776,#15768,#15778,.T.);
#15776 = VERTEX_POINT('',#15777);
#15777 = CARTESIAN_POINT('',(0.65,0.2,1.69));
#15778 = LINE('',#15779,#15780);
#15779 = CARTESIAN_POINT('',(0.65,0.2,1.69));
#15780 = VECTOR('',#15781,1.);
#15781 = DIRECTION('',(1.,-0.,-0.));
#15782 = ORIENTED_EDGE('',*,*,#15783,.F.);
#15783 = EDGE_CURVE('',#15745,#15776,#15784,.T.);
#15784 = LINE('',#15785,#15786);
#15785 = CARTESIAN_POINT('',(0.65,0.2,1.69));
#15786 = VECTOR('',#15787,1.);
#15787 = DIRECTION('',(0.,1.333035457974E-16,-1.));
#15788 = ORIENTED_EDGE('',*,*,#15744,.T.);
#15789 = PLANE('',#15790);
#15790 = AXIS2_PLACEMENT_3D('',#15791,#15792,#15793);
#15791 = CARTESIAN_POINT('',(0.65,0.2,1.69));
#15792 = DIRECTION('',(-0.,-1.,-1.333035457974E-16));
#15793 = DIRECTION('',(0.,-1.333035457974E-16,1.));
#15794 = ADVANCED_FACE('',(#15795),#15822,.F.);
#15795 = FACE_BOUND('',#15796,.F.);
#15796 = EDGE_LOOP('',(#15797,#15798,#15807,#15815));
#15797 = ORIENTED_EDGE('',*,*,#15775,.F.);
#15798 = ORIENTED_EDGE('',*,*,#15799,.T.);
#15799 = EDGE_CURVE('',#15776,#15800,#15802,.T.);
#15800 = VERTEX_POINT('',#15801);
#15801 = CARTESIAN_POINT('',(0.65,0.25,1.64));
#15802 = CIRCLE('',#15803,5.E-02);
#15803 = AXIS2_PLACEMENT_3D('',#15804,#15805,#15806);
#15804 = CARTESIAN_POINT('',(0.65,0.25,1.69));
#15805 = DIRECTION('',(1.,0.,-0.));
#15806 = DIRECTION('',(0.,0.,1.));
#15807 = ORIENTED_EDGE('',*,*,#15808,.T.);
#15808 = EDGE_CURVE('',#15800,#15809,#15811,.T.);
#15809 = VERTEX_POINT('',#15810);
#15810 = CARTESIAN_POINT('',(1.15,0.25,1.64));
#15811 = LINE('',#15812,#15813);
#15812 = CARTESIAN_POINT('',(0.65,0.25,1.64));
#15813 = VECTOR('',#15814,1.);
#15814 = DIRECTION('',(1.,-0.,-0.));
#15815 = ORIENTED_EDGE('',*,*,#15816,.F.);
#15816 = EDGE_CURVE('',#15768,#15809,#15817,.T.);
#15817 = CIRCLE('',#15818,5.E-02);
#15818 = AXIS2_PLACEMENT_3D('',#15819,#15820,#15821);
#15819 = CARTESIAN_POINT('',(1.15,0.25,1.69));
#15820 = DIRECTION('',(1.,0.,-0.));
#15821 = DIRECTION('',(0.,0.,1.));
#15822 = CYLINDRICAL_SURFACE('',#15823,5.E-02);
#15823 = AXIS2_PLACEMENT_3D('',#15824,#15825,#15826);
#15824 = CARTESIAN_POINT('',(0.65,0.25,1.69));
#15825 = DIRECTION('',(1.,-0.,-0.));
#15826 = DIRECTION('',(0.,0.,-1.));
#15827 = ADVANCED_FACE('',(#15828),#15844,.F.);
#15828 = FACE_BOUND('',#15829,.T.);
#15829 = EDGE_LOOP('',(#15830,#15836,#15837,#15843));
#15830 = ORIENTED_EDGE('',*,*,#15831,.T.);
#15831 = EDGE_CURVE('',#15809,#15474,#15832,.T.);
#15832 = LINE('',#15833,#15834);
#15833 = CARTESIAN_POINT('',(1.15,0.77,1.64));
#15834 = VECTOR('',#15835,1.);
#15835 = DIRECTION('',(0.,1.,4.170008355713E-16));
#15836 = ORIENTED_EDGE('',*,*,#15501,.F.);
#15837 = ORIENTED_EDGE('',*,*,#15838,.F.);
#15838 = EDGE_CURVE('',#15800,#15493,#15839,.T.);
#15839 = LINE('',#15840,#15841);
#15840 = CARTESIAN_POINT('',(0.65,0.77,1.64));
#15841 = VECTOR('',#15842,1.);
#15842 = DIRECTION('',(0.,1.,4.170008355713E-16));
#15843 = ORIENTED_EDGE('',*,*,#15808,.T.);
#15844 = PLANE('',#15845);
#15845 = AXIS2_PLACEMENT_3D('',#15846,#15847,#15848);
#15846 = CARTESIAN_POINT('',(0.65,0.77,1.64));
#15847 = DIRECTION('',(0.,4.170008355713E-16,-1.));
#15848 = DIRECTION('',(0.,-1.,-4.170008355713E-16));
#15849 = ADVANCED_FACE('',(#15850),#15864,.T.);
#15850 = FACE_BOUND('',#15851,.T.);
#15851 = EDGE_LOOP('',(#15852,#15853,#15854,#15855,#15856,#15857,#15858,
    #15859,#15860,#15861,#15862,#15863));
#15852 = ORIENTED_EDGE('',*,*,#15492,.T.);
#15853 = ORIENTED_EDGE('',*,*,#15531,.T.);
#15854 = ORIENTED_EDGE('',*,*,#15562,.T.);
#15855 = ORIENTED_EDGE('',*,*,#15593,.T.);
#15856 = ORIENTED_EDGE('',*,*,#15609,.T.);
#15857 = ORIENTED_EDGE('',*,*,#15657,.T.);
#15858 = ORIENTED_EDGE('',*,*,#15689,.T.);
#15859 = ORIENTED_EDGE('',*,*,#15721,.T.);
#15860 = ORIENTED_EDGE('',*,*,#15752,.T.);
#15861 = ORIENTED_EDGE('',*,*,#15783,.T.);
#15862 = ORIENTED_EDGE('',*,*,#15799,.T.);
#15863 = ORIENTED_EDGE('',*,*,#15838,.T.);
#15864 = PLANE('',#15865);
#15865 = AXIS2_PLACEMENT_3D('',#15866,#15867,#15868);
#15866 = CARTESIAN_POINT('',(0.65,0.77,1.39));
#15867 = DIRECTION('',(-1.,0.,0.));
#15868 = DIRECTION('',(0.,0.,1.));
#15869 = ADVANCED_FACE('',(#15870),#15884,.F.);
#15870 = FACE_BOUND('',#15871,.T.);
#15871 = EDGE_LOOP('',(#15872,#15873,#15874,#15875,#15876,#15877,#15878,
    #15879,#15880,#15881,#15882,#15883));
#15872 = ORIENTED_EDGE('',*,*,#15473,.F.);
#15873 = ORIENTED_EDGE('',*,*,#15831,.F.);
#15874 = ORIENTED_EDGE('',*,*,#15816,.F.);
#15875 = ORIENTED_EDGE('',*,*,#15767,.F.);
#15876 = ORIENTED_EDGE('',*,*,#15736,.F.);
#15877 = ORIENTED_EDGE('',*,*,#15705,.F.);
#15878 = ORIENTED_EDGE('',*,*,#15672,.F.);
#15879 = ORIENTED_EDGE('',*,*,#15641,.F.);
#15880 = ORIENTED_EDGE('',*,*,#15626,.F.);
#15881 = ORIENTED_EDGE('',*,*,#15577,.F.);
#15882 = ORIENTED_EDGE('',*,*,#15546,.F.);
#15883 = ORIENTED_EDGE('',*,*,#15515,.F.);
#15884 = PLANE('',#15885);
#15885 = AXIS2_PLACEMENT_3D('',#15886,#15887,#15888);
#15886 = CARTESIAN_POINT('',(1.15,0.77,1.39));
#15887 = DIRECTION('',(-1.,0.,0.));
#15888 = DIRECTION('',(0.,0.,1.));
#15889 = MANIFOLD_SOLID_BREP('',#15890);
#15890 = CLOSED_SHELL('',(#15891,#15933,#15964,#15995,#16026,#16059,
    #16090,#16123,#16154,#16185,#16216,#16249,#16271,#16291));
#15891 = ADVANCED_FACE('',(#15892),#15928,.T.);
#15892 = FACE_BOUND('',#15893,.T.);
#15893 = EDGE_LOOP('',(#15894,#15905,#15913,#15922));
#15894 = ORIENTED_EDGE('',*,*,#15895,.T.);
#15895 = EDGE_CURVE('',#15896,#15898,#15900,.T.);
#15896 = VERTEX_POINT('',#15897);
#15897 = CARTESIAN_POINT('',(-0.65,0.77,1.64));
#15898 = VERTEX_POINT('',#15899);
#15899 = CARTESIAN_POINT('',(-0.65,1.02,1.39));
#15900 = CIRCLE('',#15901,0.25);
#15901 = AXIS2_PLACEMENT_3D('',#15902,#15903,#15904);
#15902 = CARTESIAN_POINT('',(-0.65,0.77,1.39));
#15903 = DIRECTION('',(-1.,0.,0.));
#15904 = DIRECTION('',(0.,0.,1.));
#15905 = ORIENTED_EDGE('',*,*,#15906,.F.);
#15906 = EDGE_CURVE('',#15907,#15898,#15909,.T.);
#15907 = VERTEX_POINT('',#15908);
#15908 = CARTESIAN_POINT('',(-1.15,1.02,1.39));
#15909 = LINE('',#15910,#15911);
#15910 = CARTESIAN_POINT('',(-1.15,1.02,1.39));
#15911 = VECTOR('',#15912,1.);
#15912 = DIRECTION('',(1.,-0.,-0.));
#15913 = ORIENTED_EDGE('',*,*,#15914,.F.);
#15914 = EDGE_CURVE('',#15915,#15907,#15917,.T.);
#15915 = VERTEX_POINT('',#15916);
#15916 = CARTESIAN_POINT('',(-1.15,0.77,1.64));
#15917 = CIRCLE('',#15918,0.25);
#15918 = AXIS2_PLACEMENT_3D('',#15919,#15920,#15921);
#15919 = CARTESIAN_POINT('',(-1.15,0.77,1.39));
#15920 = DIRECTION('',(-1.,0.,0.));
#15921 = DIRECTION('',(0.,0.,1.));
#15922 = ORIENTED_EDGE('',*,*,#15923,.T.);
#15923 = EDGE_CURVE('',#15915,#15896,#15924,.T.);
#15924 = LINE('',#15925,#15926);
#15925 = CARTESIAN_POINT('',(-1.15,0.77,1.64));
#15926 = VECTOR('',#15927,1.);
#15927 = DIRECTION('',(1.,-0.,-0.));
#15928 = CYLINDRICAL_SURFACE('',#15929,0.25);
#15929 = AXIS2_PLACEMENT_3D('',#15930,#15931,#15932);
#15930 = CARTESIAN_POINT('',(-1.15,0.77,1.39));
#15931 = DIRECTION('',(1.,-0.,-0.));
#15932 = DIRECTION('',(0.,0.,-1.));
#15933 = ADVANCED_FACE('',(#15934),#15959,.F.);
#15934 = FACE_BOUND('',#15935,.T.);
#15935 = EDGE_LOOP('',(#15936,#15944,#15952,#15958));
#15936 = ORIENTED_EDGE('',*,*,#15937,.T.);
#15937 = EDGE_CURVE('',#15898,#15938,#15940,.T.);
#15938 = VERTEX_POINT('',#15939);
#15939 = CARTESIAN_POINT('',(-0.65,1.02,1.35));
#15940 = LINE('',#15941,#15942);
#15941 = CARTESIAN_POINT('',(-0.65,1.02,1.35));
#15942 = VECTOR('',#15943,1.);
#15943 = DIRECTION('',(0.,5.421010862428E-15,-1.));
#15944 = ORIENTED_EDGE('',*,*,#15945,.F.);
#15945 = EDGE_CURVE('',#15946,#15938,#15948,.T.);
#15946 = VERTEX_POINT('',#15947);
#15947 = CARTESIAN_POINT('',(-1.15,1.02,1.35));
#15948 = LINE('',#15949,#15950);
#15949 = CARTESIAN_POINT('',(-1.15,1.02,1.35));
#15950 = VECTOR('',#15951,1.);
#15951 = DIRECTION('',(1.,-0.,-0.));
#15952 = ORIENTED_EDGE('',*,*,#15953,.F.);
#15953 = EDGE_CURVE('',#15907,#15946,#15954,.T.);
#15954 = LINE('',#15955,#15956);
#15955 = CARTESIAN_POINT('',(-1.15,1.02,1.35));
#15956 = VECTOR('',#15957,1.);
#15957 = DIRECTION('',(0.,5.421010862428E-15,-1.));
#15958 = ORIENTED_EDGE('',*,*,#15906,.T.);
#15959 = PLANE('',#15960);
#15960 = AXIS2_PLACEMENT_3D('',#15961,#15962,#15963);
#15961 = CARTESIAN_POINT('',(-1.15,1.02,1.35));
#15962 = DIRECTION('',(-0.,-1.,-5.421010862428E-15));
#15963 = DIRECTION('',(0.,-5.421010862428E-15,1.));
#15964 = ADVANCED_FACE('',(#15965),#15990,.F.);
#15965 = FACE_BOUND('',#15966,.T.);
#15966 = EDGE_LOOP('',(#15967,#15975,#15983,#15989));
#15967 = ORIENTED_EDGE('',*,*,#15968,.T.);
#15968 = EDGE_CURVE('',#15938,#15969,#15971,.T.);
#15969 = VERTEX_POINT('',#15970);
#15970 = CARTESIAN_POINT('',(-0.65,0.82,1.35));
#15971 = LINE('',#15972,#15973);
#15972 = CARTESIAN_POINT('',(-0.65,0.82,1.35));
#15973 = VECTOR('',#15974,1.);
#15974 = DIRECTION('',(0.,-1.,-0.));
#15975 = ORIENTED_EDGE('',*,*,#15976,.F.);
#15976 = EDGE_CURVE('',#15977,#15969,#15979,.T.);
#15977 = VERTEX_POINT('',#15978);
#15978 = CARTESIAN_POINT('',(-1.15,0.82,1.35));
#15979 = LINE('',#15980,#15981);
#15980 = CARTESIAN_POINT('',(-1.15,0.82,1.35));
#15981 = VECTOR('',#15982,1.);
#15982 = DIRECTION('',(1.,-0.,-0.));
#15983 = ORIENTED_EDGE('',*,*,#15984,.F.);
#15984 = EDGE_CURVE('',#15946,#15977,#15985,.T.);
#15985 = LINE('',#15986,#15987);
#15986 = CARTESIAN_POINT('',(-1.15,0.82,1.35));
#15987 = VECTOR('',#15988,1.);
#15988 = DIRECTION('',(0.,-1.,-0.));
#15989 = ORIENTED_EDGE('',*,*,#15945,.T.);
#15990 = PLANE('',#15991);
#15991 = AXIS2_PLACEMENT_3D('',#15992,#15993,#15994);
#15992 = CARTESIAN_POINT('',(-1.15,0.82,1.35));
#15993 = DIRECTION('',(0.,0.,1.));
#15994 = DIRECTION('',(1.,0.,-0.));
#15995 = ADVANCED_FACE('',(#15996),#16021,.F.);
#15996 = FACE_BOUND('',#15997,.T.);
#15997 = EDGE_LOOP('',(#15998,#16006,#16014,#16020));
#15998 = ORIENTED_EDGE('',*,*,#15999,.T.);
#15999 = EDGE_CURVE('',#15969,#16000,#16002,.T.);
#16000 = VERTEX_POINT('',#16001);
#16001 = CARTESIAN_POINT('',(-0.65,0.82,1.39));
#16002 = LINE('',#16003,#16004);
#16003 = CARTESIAN_POINT('',(-0.65,0.82,1.39));
#16004 = VECTOR('',#16005,1.);
#16005 = DIRECTION('',(0.,5.421010862428E-15,1.));
#16006 = ORIENTED_EDGE('',*,*,#16007,.F.);
#16007 = EDGE_CURVE('',#16008,#16000,#16010,.T.);
#16008 = VERTEX_POINT('',#16009);
#16009 = CARTESIAN_POINT('',(-1.15,0.82,1.39));
#16010 = LINE('',#16011,#16012);
#16011 = CARTESIAN_POINT('',(-1.15,0.82,1.39));
#16012 = VECTOR('',#16013,1.);
#16013 = DIRECTION('',(1.,-0.,-0.));
#16014 = ORIENTED_EDGE('',*,*,#16015,.F.);
#16015 = EDGE_CURVE('',#15977,#16008,#16016,.T.);
#16016 = LINE('',#16017,#16018);
#16017 = CARTESIAN_POINT('',(-1.15,0.82,1.39));
#16018 = VECTOR('',#16019,1.);
#16019 = DIRECTION('',(0.,5.421010862428E-15,1.));
#16020 = ORIENTED_EDGE('',*,*,#15976,.T.);
#16021 = PLANE('',#16022);
#16022 = AXIS2_PLACEMENT_3D('',#16023,#16024,#16025);
#16023 = CARTESIAN_POINT('',(-1.15,0.82,1.39));
#16024 = DIRECTION('',(0.,1.,-5.421010862428E-15));
#16025 = DIRECTION('',(0.,-5.421010862428E-15,-1.));
#16026 = ADVANCED_FACE('',(#16027),#16054,.F.);
#16027 = FACE_BOUND('',#16028,.F.);
#16028 = EDGE_LOOP('',(#16029,#16030,#16039,#16047));
#16029 = ORIENTED_EDGE('',*,*,#16007,.F.);
#16030 = ORIENTED_EDGE('',*,*,#16031,.T.);
#16031 = EDGE_CURVE('',#16008,#16032,#16034,.T.);
#16032 = VERTEX_POINT('',#16033);
#16033 = CARTESIAN_POINT('',(-1.15,0.77,1.44));
#16034 = CIRCLE('',#16035,5.E-02);
#16035 = AXIS2_PLACEMENT_3D('',#16036,#16037,#16038);
#16036 = CARTESIAN_POINT('',(-1.15,0.77,1.39));
#16037 = DIRECTION('',(1.,0.,-0.));
#16038 = DIRECTION('',(0.,0.,1.));
#16039 = ORIENTED_EDGE('',*,*,#16040,.T.);
#16040 = EDGE_CURVE('',#16032,#16041,#16043,.T.);
#16041 = VERTEX_POINT('',#16042);
#16042 = CARTESIAN_POINT('',(-0.65,0.77,1.44));
#16043 = LINE('',#16044,#16045);
#16044 = CARTESIAN_POINT('',(-1.15,0.77,1.44));
#16045 = VECTOR('',#16046,1.);
#16046 = DIRECTION('',(1.,-0.,-0.));
#16047 = ORIENTED_EDGE('',*,*,#16048,.F.);
#16048 = EDGE_CURVE('',#16000,#16041,#16049,.T.);
#16049 = CIRCLE('',#16050,5.E-02);
#16050 = AXIS2_PLACEMENT_3D('',#16051,#16052,#16053);
#16051 = CARTESIAN_POINT('',(-0.65,0.77,1.39));
#16052 = DIRECTION('',(1.,0.,-0.));
#16053 = DIRECTION('',(0.,0.,1.));
#16054 = CYLINDRICAL_SURFACE('',#16055,5.E-02);
#16055 = AXIS2_PLACEMENT_3D('',#16056,#16057,#16058);
#16056 = CARTESIAN_POINT('',(-1.15,0.77,1.39));
#16057 = DIRECTION('',(1.,-0.,-0.));
#16058 = DIRECTION('',(0.,0.,-1.));
#16059 = ADVANCED_FACE('',(#16060),#16085,.F.);
#16060 = FACE_BOUND('',#16061,.T.);
#16061 = EDGE_LOOP('',(#16062,#16070,#16078,#16084));
#16062 = ORIENTED_EDGE('',*,*,#16063,.T.);
#16063 = EDGE_CURVE('',#16041,#16064,#16066,.T.);
#16064 = VERTEX_POINT('',#16065);
#16065 = CARTESIAN_POINT('',(-0.65,0.25,1.44));
#16066 = LINE('',#16067,#16068);
#16067 = CARTESIAN_POINT('',(-0.65,0.25,1.44));
#16068 = VECTOR('',#16069,1.);
#16069 = DIRECTION('',(0.,-1.,-4.170008355713E-16));
#16070 = ORIENTED_EDGE('',*,*,#16071,.F.);
#16071 = EDGE_CURVE('',#16072,#16064,#16074,.T.);
#16072 = VERTEX_POINT('',#16073);
#16073 = CARTESIAN_POINT('',(-1.15,0.25,1.44));
#16074 = LINE('',#16075,#16076);
#16075 = CARTESIAN_POINT('',(-1.15,0.25,1.44));
#16076 = VECTOR('',#16077,1.);
#16077 = DIRECTION('',(1.,-0.,-0.));
#16078 = ORIENTED_EDGE('',*,*,#16079,.F.);
#16079 = EDGE_CURVE('',#16032,#16072,#16080,.T.);
#16080 = LINE('',#16081,#16082);
#16081 = CARTESIAN_POINT('',(-1.15,0.25,1.44));
#16082 = VECTOR('',#16083,1.);
#16083 = DIRECTION('',(0.,-1.,-4.170008355713E-16));
#16084 = ORIENTED_EDGE('',*,*,#16040,.T.);
#16085 = PLANE('',#16086);
#16086 = AXIS2_PLACEMENT_3D('',#16087,#16088,#16089);
#16087 = CARTESIAN_POINT('',(-1.15,0.25,1.44));
#16088 = DIRECTION('',(0.,-4.170008355713E-16,1.));
#16089 = DIRECTION('',(0.,1.,4.170008355713E-16));
#16090 = ADVANCED_FACE('',(#16091),#16118,.T.);
#16091 = FACE_BOUND('',#16092,.T.);
#16092 = EDGE_LOOP('',(#16093,#16102,#16110,#16117));
#16093 = ORIENTED_EDGE('',*,*,#16094,.T.);
#16094 = EDGE_CURVE('',#16064,#16095,#16097,.T.);
#16095 = VERTEX_POINT('',#16096);
#16096 = CARTESIAN_POINT('',(-0.65,0.,1.69));
#16097 = CIRCLE('',#16098,0.25);
#16098 = AXIS2_PLACEMENT_3D('',#16099,#16100,#16101);
#16099 = CARTESIAN_POINT('',(-0.65,0.25,1.69));
#16100 = DIRECTION('',(-1.,0.,0.));
#16101 = DIRECTION('',(0.,0.,-1.));
#16102 = ORIENTED_EDGE('',*,*,#16103,.F.);
#16103 = EDGE_CURVE('',#16104,#16095,#16106,.T.);
#16104 = VERTEX_POINT('',#16105);
#16105 = CARTESIAN_POINT('',(-1.15,0.,1.69));
#16106 = LINE('',#16107,#16108);
#16107 = CARTESIAN_POINT('',(-1.15,0.,1.69));
#16108 = VECTOR('',#16109,1.);
#16109 = DIRECTION('',(1.,-0.,-0.));
#16110 = ORIENTED_EDGE('',*,*,#16111,.F.);
#16111 = EDGE_CURVE('',#16072,#16104,#16112,.T.);
#16112 = CIRCLE('',#16113,0.25);
#16113 = AXIS2_PLACEMENT_3D('',#16114,#16115,#16116);
#16114 = CARTESIAN_POINT('',(-1.15,0.25,1.69));
#16115 = DIRECTION('',(-1.,0.,0.));
#16116 = DIRECTION('',(0.,0.,-1.));
#16117 = ORIENTED_EDGE('',*,*,#16071,.T.);
#16118 = CYLINDRICAL_SURFACE('',#16119,0.25);
#16119 = AXIS2_PLACEMENT_3D('',#16120,#16121,#16122);
#16120 = CARTESIAN_POINT('',(-1.15,0.25,1.69));
#16121 = DIRECTION('',(1.,-0.,-0.));
#16122 = DIRECTION('',(0.,0.,-1.));
#16123 = ADVANCED_FACE('',(#16124),#16149,.F.);
#16124 = FACE_BOUND('',#16125,.T.);
#16125 = EDGE_LOOP('',(#16126,#16134,#16142,#16148));
#16126 = ORIENTED_EDGE('',*,*,#16127,.T.);
#16127 = EDGE_CURVE('',#16095,#16128,#16130,.T.);
#16128 = VERTEX_POINT('',#16129);
#16129 = CARTESIAN_POINT('',(-0.65,0.,2.3));
#16130 = LINE('',#16131,#16132);
#16131 = CARTESIAN_POINT('',(-0.65,0.,2.3));
#16132 = VECTOR('',#16133,1.);
#16133 = DIRECTION('',(0.,0.,1.));
#16134 = ORIENTED_EDGE('',*,*,#16135,.F.);
#16135 = EDGE_CURVE('',#16136,#16128,#16138,.T.);
#16136 = VERTEX_POINT('',#16137);
#16137 = CARTESIAN_POINT('',(-1.15,0.,2.3));
#16138 = LINE('',#16139,#16140);
#16139 = CARTESIAN_POINT('',(-1.15,0.,2.3));
#16140 = VECTOR('',#16141,1.);
#16141 = DIRECTION('',(1.,-0.,-0.));
#16142 = ORIENTED_EDGE('',*,*,#16143,.F.);
#16143 = EDGE_CURVE('',#16104,#16136,#16144,.T.);
#16144 = LINE('',#16145,#16146);
#16145 = CARTESIAN_POINT('',(-1.15,0.,2.3));
#16146 = VECTOR('',#16147,1.);
#16147 = DIRECTION('',(0.,0.,1.));
#16148 = ORIENTED_EDGE('',*,*,#16103,.T.);
#16149 = PLANE('',#16150);
#16150 = AXIS2_PLACEMENT_3D('',#16151,#16152,#16153);
#16151 = CARTESIAN_POINT('',(-1.15,0.,2.3));
#16152 = DIRECTION('',(0.,1.,0.));
#16153 = DIRECTION('',(-1.,0.,0.));
#16154 = ADVANCED_FACE('',(#16155),#16180,.F.);
#16155 = FACE_BOUND('',#16156,.T.);
#16156 = EDGE_LOOP('',(#16157,#16165,#16173,#16179));
#16157 = ORIENTED_EDGE('',*,*,#16158,.T.);
#16158 = EDGE_CURVE('',#16128,#16159,#16161,.T.);
#16159 = VERTEX_POINT('',#16160);
#16160 = CARTESIAN_POINT('',(-0.65,0.2,2.3));
#16161 = LINE('',#16162,#16163);
#16162 = CARTESIAN_POINT('',(-0.65,0.2,2.3));
#16163 = VECTOR('',#16164,1.);
#16164 = DIRECTION('',(0.,1.,0.));
#16165 = ORIENTED_EDGE('',*,*,#16166,.F.);
#16166 = EDGE_CURVE('',#16167,#16159,#16169,.T.);
#16167 = VERTEX_POINT('',#16168);
#16168 = CARTESIAN_POINT('',(-1.15,0.2,2.3));
#16169 = LINE('',#16170,#16171);
#16170 = CARTESIAN_POINT('',(-1.15,0.2,2.3));
#16171 = VECTOR('',#16172,1.);
#16172 = DIRECTION('',(1.,-0.,-0.));
#16173 = ORIENTED_EDGE('',*,*,#16174,.F.);
#16174 = EDGE_CURVE('',#16136,#16167,#16175,.T.);
#16175 = LINE('',#16176,#16177);
#16176 = CARTESIAN_POINT('',(-1.15,0.2,2.3));
#16177 = VECTOR('',#16178,1.);
#16178 = DIRECTION('',(0.,1.,0.));
#16179 = ORIENTED_EDGE('',*,*,#16135,.T.);
#16180 = PLANE('',#16181);
#16181 = AXIS2_PLACEMENT_3D('',#16182,#16183,#16184);
#16182 = CARTESIAN_POINT('',(-1.15,0.2,2.3));
#16183 = DIRECTION('',(0.,0.,-1.));
#16184 = DIRECTION('',(-1.,0.,0.));
#16185 = ADVANCED_FACE('',(#16186),#16211,.F.);
#16186 = FACE_BOUND('',#16187,.T.);
#16187 = EDGE_LOOP('',(#16188,#16196,#16204,#16210));
#16188 = ORIENTED_EDGE('',*,*,#16189,.T.);
#16189 = EDGE_CURVE('',#16159,#16190,#16192,.T.);
#16190 = VERTEX_POINT('',#16191);
#16191 = CARTESIAN_POINT('',(-0.65,0.2,1.69));
#16192 = LINE('',#16193,#16194);
#16193 = CARTESIAN_POINT('',(-0.65,0.2,1.69));
#16194 = VECTOR('',#16195,1.);
#16195 = DIRECTION('',(0.,1.333035457974E-16,-1.));
#16196 = ORIENTED_EDGE('',*,*,#16197,.F.);
#16197 = EDGE_CURVE('',#16198,#16190,#16200,.T.);
#16198 = VERTEX_POINT('',#16199);
#16199 = CARTESIAN_POINT('',(-1.15,0.2,1.69));
#16200 = LINE('',#16201,#16202);
#16201 = CARTESIAN_POINT('',(-1.15,0.2,1.69));
#16202 = VECTOR('',#16203,1.);
#16203 = DIRECTION('',(1.,-0.,-0.));
#16204 = ORIENTED_EDGE('',*,*,#16205,.F.);
#16205 = EDGE_CURVE('',#16167,#16198,#16206,.T.);
#16206 = LINE('',#16207,#16208);
#16207 = CARTESIAN_POINT('',(-1.15,0.2,1.69));
#16208 = VECTOR('',#16209,1.);
#16209 = DIRECTION('',(0.,1.333035457974E-16,-1.));
#16210 = ORIENTED_EDGE('',*,*,#16166,.T.);
#16211 = PLANE('',#16212);
#16212 = AXIS2_PLACEMENT_3D('',#16213,#16214,#16215);
#16213 = CARTESIAN_POINT('',(-1.15,0.2,1.69));
#16214 = DIRECTION('',(-0.,-1.,-1.333035457974E-16));
#16215 = DIRECTION('',(0.,-1.333035457974E-16,1.));
#16216 = ADVANCED_FACE('',(#16217),#16244,.F.);
#16217 = FACE_BOUND('',#16218,.F.);
#16218 = EDGE_LOOP('',(#16219,#16220,#16229,#16237));
#16219 = ORIENTED_EDGE('',*,*,#16197,.F.);
#16220 = ORIENTED_EDGE('',*,*,#16221,.T.);
#16221 = EDGE_CURVE('',#16198,#16222,#16224,.T.);
#16222 = VERTEX_POINT('',#16223);
#16223 = CARTESIAN_POINT('',(-1.15,0.25,1.64));
#16224 = CIRCLE('',#16225,5.E-02);
#16225 = AXIS2_PLACEMENT_3D('',#16226,#16227,#16228);
#16226 = CARTESIAN_POINT('',(-1.15,0.25,1.69));
#16227 = DIRECTION('',(1.,0.,-0.));
#16228 = DIRECTION('',(0.,0.,1.));
#16229 = ORIENTED_EDGE('',*,*,#16230,.T.);
#16230 = EDGE_CURVE('',#16222,#16231,#16233,.T.);
#16231 = VERTEX_POINT('',#16232);
#16232 = CARTESIAN_POINT('',(-0.65,0.25,1.64));
#16233 = LINE('',#16234,#16235);
#16234 = CARTESIAN_POINT('',(-1.15,0.25,1.64));
#16235 = VECTOR('',#16236,1.);
#16236 = DIRECTION('',(1.,-0.,-0.));
#16237 = ORIENTED_EDGE('',*,*,#16238,.F.);
#16238 = EDGE_CURVE('',#16190,#16231,#16239,.T.);
#16239 = CIRCLE('',#16240,5.E-02);
#16240 = AXIS2_PLACEMENT_3D('',#16241,#16242,#16243);
#16241 = CARTESIAN_POINT('',(-0.65,0.25,1.69));
#16242 = DIRECTION('',(1.,0.,-0.));
#16243 = DIRECTION('',(0.,0.,1.));
#16244 = CYLINDRICAL_SURFACE('',#16245,5.E-02);
#16245 = AXIS2_PLACEMENT_3D('',#16246,#16247,#16248);
#16246 = CARTESIAN_POINT('',(-1.15,0.25,1.69));
#16247 = DIRECTION('',(1.,-0.,-0.));
#16248 = DIRECTION('',(0.,0.,-1.));
#16249 = ADVANCED_FACE('',(#16250),#16266,.F.);
#16250 = FACE_BOUND('',#16251,.T.);
#16251 = EDGE_LOOP('',(#16252,#16258,#16259,#16265));
#16252 = ORIENTED_EDGE('',*,*,#16253,.T.);
#16253 = EDGE_CURVE('',#16231,#15896,#16254,.T.);
#16254 = LINE('',#16255,#16256);
#16255 = CARTESIAN_POINT('',(-0.65,0.77,1.64));
#16256 = VECTOR('',#16257,1.);
#16257 = DIRECTION('',(0.,1.,4.170008355713E-16));
#16258 = ORIENTED_EDGE('',*,*,#15923,.F.);
#16259 = ORIENTED_EDGE('',*,*,#16260,.F.);
#16260 = EDGE_CURVE('',#16222,#15915,#16261,.T.);
#16261 = LINE('',#16262,#16263);
#16262 = CARTESIAN_POINT('',(-1.15,0.77,1.64));
#16263 = VECTOR('',#16264,1.);
#16264 = DIRECTION('',(0.,1.,4.170008355713E-16));
#16265 = ORIENTED_EDGE('',*,*,#16230,.T.);
#16266 = PLANE('',#16267);
#16267 = AXIS2_PLACEMENT_3D('',#16268,#16269,#16270);
#16268 = CARTESIAN_POINT('',(-1.15,0.77,1.64));
#16269 = DIRECTION('',(0.,4.170008355713E-16,-1.));
#16270 = DIRECTION('',(0.,-1.,-4.170008355713E-16));
#16271 = ADVANCED_FACE('',(#16272),#16286,.T.);
#16272 = FACE_BOUND('',#16273,.T.);
#16273 = EDGE_LOOP('',(#16274,#16275,#16276,#16277,#16278,#16279,#16280,
    #16281,#16282,#16283,#16284,#16285));
#16274 = ORIENTED_EDGE('',*,*,#15914,.T.);
#16275 = ORIENTED_EDGE('',*,*,#15953,.T.);
#16276 = ORIENTED_EDGE('',*,*,#15984,.T.);
#16277 = ORIENTED_EDGE('',*,*,#16015,.T.);
#16278 = ORIENTED_EDGE('',*,*,#16031,.T.);
#16279 = ORIENTED_EDGE('',*,*,#16079,.T.);
#16280 = ORIENTED_EDGE('',*,*,#16111,.T.);
#16281 = ORIENTED_EDGE('',*,*,#16143,.T.);
#16282 = ORIENTED_EDGE('',*,*,#16174,.T.);
#16283 = ORIENTED_EDGE('',*,*,#16205,.T.);
#16284 = ORIENTED_EDGE('',*,*,#16221,.T.);
#16285 = ORIENTED_EDGE('',*,*,#16260,.T.);
#16286 = PLANE('',#16287);
#16287 = AXIS2_PLACEMENT_3D('',#16288,#16289,#16290);
#16288 = CARTESIAN_POINT('',(-1.15,0.77,1.39));
#16289 = DIRECTION('',(-1.,0.,0.));
#16290 = DIRECTION('',(0.,0.,1.));
#16291 = ADVANCED_FACE('',(#16292),#16306,.F.);
#16292 = FACE_BOUND('',#16293,.T.);
#16293 = EDGE_LOOP('',(#16294,#16295,#16296,#16297,#16298,#16299,#16300,
    #16301,#16302,#16303,#16304,#16305));
#16294 = ORIENTED_EDGE('',*,*,#15895,.F.);
#16295 = ORIENTED_EDGE('',*,*,#16253,.F.);
#16296 = ORIENTED_EDGE('',*,*,#16238,.F.);
#16297 = ORIENTED_EDGE('',*,*,#16189,.F.);
#16298 = ORIENTED_EDGE('',*,*,#16158,.F.);
#16299 = ORIENTED_EDGE('',*,*,#16127,.F.);
#16300 = ORIENTED_EDGE('',*,*,#16094,.F.);
#16301 = ORIENTED_EDGE('',*,*,#16063,.F.);
#16302 = ORIENTED_EDGE('',*,*,#16048,.F.);
#16303 = ORIENTED_EDGE('',*,*,#15999,.F.);
#16304 = ORIENTED_EDGE('',*,*,#15968,.F.);
#16305 = ORIENTED_EDGE('',*,*,#15937,.F.);
#16306 = PLANE('',#16307);
#16307 = AXIS2_PLACEMENT_3D('',#16308,#16309,#16310);
#16308 = CARTESIAN_POINT('',(-0.65,0.77,1.39));
#16309 = DIRECTION('',(-1.,0.,0.));
#16310 = DIRECTION('',(0.,0.,1.));
#16311 = MANIFOLD_SOLID_BREP('',#16312);
#16312 = CLOSED_SHELL('',(#16313,#16353,#16384,#16415,#16437,#16449));
#16313 = ADVANCED_FACE('',(#16314),#16348,.T.);
#16314 = FACE_BOUND('',#16315,.T.);
#16315 = EDGE_LOOP('',(#16316,#16326,#16334,#16342));
#16316 = ORIENTED_EDGE('',*,*,#16317,.F.);
#16317 = EDGE_CURVE('',#16318,#16320,#16322,.T.);
#16318 = VERTEX_POINT('',#16319);
#16319 = CARTESIAN_POINT('',(0.12,1.87,1.1));
#16320 = VERTEX_POINT('',#16321);
#16321 = CARTESIAN_POINT('',(1.4,1.87,1.1));
#16322 = LINE('',#16323,#16324);
#16323 = CARTESIAN_POINT('',(0.12,1.87,1.1));
#16324 = VECTOR('',#16325,1.);
#16325 = DIRECTION('',(1.,0.,0.));
#16326 = ORIENTED_EDGE('',*,*,#16327,.F.);
#16327 = EDGE_CURVE('',#16328,#16318,#16330,.T.);
#16328 = VERTEX_POINT('',#16329);
#16329 = CARTESIAN_POINT('',(0.12,1.67,1.1));
#16330 = LINE('',#16331,#16332);
#16331 = CARTESIAN_POINT('',(0.12,1.67,1.1));
#16332 = VECTOR('',#16333,1.);
#16333 = DIRECTION('',(0.,1.,0.));
#16334 = ORIENTED_EDGE('',*,*,#16335,.T.);
#16335 = EDGE_CURVE('',#16328,#16336,#16338,.T.);
#16336 = VERTEX_POINT('',#16337);
#16337 = CARTESIAN_POINT('',(1.4,1.67,1.1));
#16338 = LINE('',#16339,#16340);
#16339 = CARTESIAN_POINT('',(0.12,1.67,1.1));
#16340 = VECTOR('',#16341,1.);
#16341 = DIRECTION('',(1.,0.,0.));
#16342 = ORIENTED_EDGE('',*,*,#16343,.T.);
#16343 = EDGE_CURVE('',#16336,#16320,#16344,.T.);
#16344 = LINE('',#16345,#16346);
#16345 = CARTESIAN_POINT('',(1.4,1.67,1.1));
#16346 = VECTOR('',#16347,1.);
#16347 = DIRECTION('',(0.,1.,0.));
#16348 = PLANE('',#16349);
#16349 = AXIS2_PLACEMENT_3D('',#16350,#16351,#16352);
#16350 = CARTESIAN_POINT('',(0.12,1.67,1.1));
#16351 = DIRECTION('',(0.,0.,1.));
#16352 = DIRECTION('',(1.,0.,-0.));
#16353 = ADVANCED_FACE('',(#16354),#16379,.T.);
#16354 = FACE_BOUND('',#16355,.T.);
#16355 = EDGE_LOOP('',(#16356,#16364,#16372,#16378));
#16356 = ORIENTED_EDGE('',*,*,#16357,.F.);
#16357 = EDGE_CURVE('',#16358,#16318,#16360,.T.);
#16358 = VERTEX_POINT('',#16359);
#16359 = CARTESIAN_POINT('',(0.12,1.87,-1.1));
#16360 = LINE('',#16361,#16362);
#16361 = CARTESIAN_POINT('',(0.12,1.87,-1.1));
#16362 = VECTOR('',#16363,1.);
#16363 = DIRECTION('',(0.,0.,1.));
#16364 = ORIENTED_EDGE('',*,*,#16365,.F.);
#16365 = EDGE_CURVE('',#16366,#16358,#16368,.T.);
#16366 = VERTEX_POINT('',#16367);
#16367 = CARTESIAN_POINT('',(0.12,1.67,-1.1));
#16368 = LINE('',#16369,#16370);
#16369 = CARTESIAN_POINT('',(0.12,1.67,-1.1));
#16370 = VECTOR('',#16371,1.);
#16371 = DIRECTION('',(0.,1.,0.));
#16372 = ORIENTED_EDGE('',*,*,#16373,.T.);
#16373 = EDGE_CURVE('',#16366,#16328,#16374,.T.);
#16374 = LINE('',#16375,#16376);
#16375 = CARTESIAN_POINT('',(0.12,1.67,-1.1));
#16376 = VECTOR('',#16377,1.);
#16377 = DIRECTION('',(0.,0.,1.));
#16378 = ORIENTED_EDGE('',*,*,#16327,.T.);
#16379 = PLANE('',#16380);
#16380 = AXIS2_PLACEMENT_3D('',#16381,#16382,#16383);
#16381 = CARTESIAN_POINT('',(0.12,1.67,-1.1));
#16382 = DIRECTION('',(-1.,0.,0.));
#16383 = DIRECTION('',(0.,0.,1.));
#16384 = ADVANCED_FACE('',(#16385),#16410,.T.);
#16385 = FACE_BOUND('',#16386,.T.);
#16386 = EDGE_LOOP('',(#16387,#16395,#16403,#16409));
#16387 = ORIENTED_EDGE('',*,*,#16388,.F.);
#16388 = EDGE_CURVE('',#16389,#16358,#16391,.T.);
#16389 = VERTEX_POINT('',#16390);
#16390 = CARTESIAN_POINT('',(1.4,1.87,-1.1));
#16391 = LINE('',#16392,#16393);
#16392 = CARTESIAN_POINT('',(0.12,1.87,-1.1));
#16393 = VECTOR('',#16394,1.);
#16394 = DIRECTION('',(-1.,0.,0.));
#16395 = ORIENTED_EDGE('',*,*,#16396,.F.);
#16396 = EDGE_CURVE('',#16397,#16389,#16399,.T.);
#16397 = VERTEX_POINT('',#16398);
#16398 = CARTESIAN_POINT('',(1.4,1.67,-1.1));
#16399 = LINE('',#16400,#16401);
#16400 = CARTESIAN_POINT('',(1.4,1.67,-1.1));
#16401 = VECTOR('',#16402,1.);
#16402 = DIRECTION('',(0.,1.,0.));
#16403 = ORIENTED_EDGE('',*,*,#16404,.T.);
#16404 = EDGE_CURVE('',#16397,#16366,#16405,.T.);
#16405 = LINE('',#16406,#16407);
#16406 = CARTESIAN_POINT('',(0.12,1.67,-1.1));
#16407 = VECTOR('',#16408,1.);
#16408 = DIRECTION('',(-1.,0.,0.));
#16409 = ORIENTED_EDGE('',*,*,#16365,.T.);
#16410 = PLANE('',#16411);
#16411 = AXIS2_PLACEMENT_3D('',#16412,#16413,#16414);
#16412 = CARTESIAN_POINT('',(0.12,1.67,-1.1));
#16413 = DIRECTION('',(0.,0.,-1.));
#16414 = DIRECTION('',(-1.,0.,0.));
#16415 = ADVANCED_FACE('',(#16416),#16432,.T.);
#16416 = FACE_BOUND('',#16417,.T.);
#16417 = EDGE_LOOP('',(#16418,#16424,#16425,#16431));
#16418 = ORIENTED_EDGE('',*,*,#16419,.F.);
#16419 = EDGE_CURVE('',#16320,#16389,#16420,.T.);
#16420 = LINE('',#16421,#16422);
#16421 = CARTESIAN_POINT('',(1.4,1.87,-1.1));
#16422 = VECTOR('',#16423,1.);
#16423 = DIRECTION('',(0.,-0.,-1.));
#16424 = ORIENTED_EDGE('',*,*,#16343,.F.);
#16425 = ORIENTED_EDGE('',*,*,#16426,.T.);
#16426 = EDGE_CURVE('',#16336,#16397,#16427,.T.);
#16427 = LINE('',#16428,#16429);
#16428 = CARTESIAN_POINT('',(1.4,1.67,-1.1));
#16429 = VECTOR('',#16430,1.);
#16430 = DIRECTION('',(0.,-0.,-1.));
#16431 = ORIENTED_EDGE('',*,*,#16396,.T.);
#16432 = PLANE('',#16433);
#16433 = AXIS2_PLACEMENT_3D('',#16434,#16435,#16436);
#16434 = CARTESIAN_POINT('',(1.4,1.67,-1.1));
#16435 = DIRECTION('',(1.,0.,0.));
#16436 = DIRECTION('',(0.,0.,-1.));
#16437 = ADVANCED_FACE('',(#16438),#16444,.T.);
#16438 = FACE_BOUND('',#16439,.T.);
#16439 = EDGE_LOOP('',(#16440,#16441,#16442,#16443));
#16440 = ORIENTED_EDGE('',*,*,#16335,.F.);
#16441 = ORIENTED_EDGE('',*,*,#16373,.F.);
#16442 = ORIENTED_EDGE('',*,*,#16404,.F.);
#16443 = ORIENTED_EDGE('',*,*,#16426,.F.);
#16444 = PLANE('',#16445);
#16445 = AXIS2_PLACEMENT_3D('',#16446,#16447,#16448);
#16446 = CARTESIAN_POINT('',(0.,1.67,0.));
#16447 = DIRECTION('',(0.,-1.,0.));
#16448 = DIRECTION('',(1.,0.,0.));
#16449 = ADVANCED_FACE('',(#16450),#16456,.F.);
#16450 = FACE_BOUND('',#16451,.T.);
#16451 = EDGE_LOOP('',(#16452,#16453,#16454,#16455));
#16452 = ORIENTED_EDGE('',*,*,#16317,.T.);
#16453 = ORIENTED_EDGE('',*,*,#16419,.T.);
#16454 = ORIENTED_EDGE('',*,*,#16388,.T.);
#16455 = ORIENTED_EDGE('',*,*,#16357,.T.);
#16456 = PLANE('',#16457);
#16457 = AXIS2_PLACEMENT_3D('',#16458,#16459,#16460);
#16458 = CARTESIAN_POINT('',(0.,1.87,0.));
#16459 = DIRECTION('',(0.,-1.,0.));
#16460 = DIRECTION('',(1.,0.,0.));
#16461 = MANIFOLD_SOLID_BREP('',#16462);
#16462 = CLOSED_SHELL('',(#16463,#16503,#16534,#16565,#16596,#16618,
    #16631,#16720,#16751,#16775,#16799,#16823,#16840,#16853,#16884,
    #16908,#16932,#16949));
#16463 = ADVANCED_FACE('',(#16464),#16498,.T.);
#16464 = FACE_BOUND('',#16465,.T.);
#16465 = EDGE_LOOP('',(#16466,#16476,#16484,#16492));
#16466 = ORIENTED_EDGE('',*,*,#16467,.F.);
#16467 = EDGE_CURVE('',#16468,#16470,#16472,.T.);
#16468 = VERTEX_POINT('',#16469);
#16469 = CARTESIAN_POINT('',(-1.7,1.87,1.35));
#16470 = VERTEX_POINT('',#16471);
#16471 = CARTESIAN_POINT('',(1.7,1.87,1.35));
#16472 = LINE('',#16473,#16474);
#16473 = CARTESIAN_POINT('',(-1.7,1.87,1.35));
#16474 = VECTOR('',#16475,1.);
#16475 = DIRECTION('',(1.,0.,0.));
#16476 = ORIENTED_EDGE('',*,*,#16477,.F.);
#16477 = EDGE_CURVE('',#16478,#16468,#16480,.T.);
#16478 = VERTEX_POINT('',#16479);
#16479 = CARTESIAN_POINT('',(-1.7,0.17,1.35));
#16480 = LINE('',#16481,#16482);
#16481 = CARTESIAN_POINT('',(-1.7,0.17,1.35));
#16482 = VECTOR('',#16483,1.);
#16483 = DIRECTION('',(0.,1.,0.));
#16484 = ORIENTED_EDGE('',*,*,#16485,.T.);
#16485 = EDGE_CURVE('',#16478,#16486,#16488,.T.);
#16486 = VERTEX_POINT('',#16487);
#16487 = CARTESIAN_POINT('',(1.7,0.17,1.35));
#16488 = LINE('',#16489,#16490);
#16489 = CARTESIAN_POINT('',(-1.7,0.17,1.35));
#16490 = VECTOR('',#16491,1.);
#16491 = DIRECTION('',(1.,0.,0.));
#16492 = ORIENTED_EDGE('',*,*,#16493,.T.);
#16493 = EDGE_CURVE('',#16486,#16470,#16494,.T.);
#16494 = LINE('',#16495,#16496);
#16495 = CARTESIAN_POINT('',(1.7,0.17,1.35));
#16496 = VECTOR('',#16497,1.);
#16497 = DIRECTION('',(0.,1.,0.));
#16498 = PLANE('',#16499);
#16499 = AXIS2_PLACEMENT_3D('',#16500,#16501,#16502);
#16500 = CARTESIAN_POINT('',(-1.7,0.17,1.35));
#16501 = DIRECTION('',(0.,0.,1.));
#16502 = DIRECTION('',(1.,0.,-0.));
#16503 = ADVANCED_FACE('',(#16504),#16529,.T.);
#16504 = FACE_BOUND('',#16505,.T.);
#16505 = EDGE_LOOP('',(#16506,#16514,#16522,#16528));
#16506 = ORIENTED_EDGE('',*,*,#16507,.F.);
#16507 = EDGE_CURVE('',#16508,#16468,#16510,.T.);
#16508 = VERTEX_POINT('',#16509);
#16509 = CARTESIAN_POINT('',(-1.7,1.87,-0.95));
#16510 = LINE('',#16511,#16512);
#16511 = CARTESIAN_POINT('',(-1.7,1.87,-0.95));
#16512 = VECTOR('',#16513,1.);
#16513 = DIRECTION('',(-1.885568995627E-16,0.,1.));
#16514 = ORIENTED_EDGE('',*,*,#16515,.F.);
#16515 = EDGE_CURVE('',#16516,#16508,#16518,.T.);
#16516 = VERTEX_POINT('',#16517);
#16517 = CARTESIAN_POINT('',(-1.7,0.17,-0.95));
#16518 = LINE('',#16519,#16520);
#16519 = CARTESIAN_POINT('',(-1.7,0.17,-0.95));
#16520 = VECTOR('',#16521,1.);
#16521 = DIRECTION('',(0.,1.,0.));
#16522 = ORIENTED_EDGE('',*,*,#16523,.T.);
#16523 = EDGE_CURVE('',#16516,#16478,#16524,.T.);
#16524 = LINE('',#16525,#16526);
#16525 = CARTESIAN_POINT('',(-1.7,0.17,-0.95));
#16526 = VECTOR('',#16527,1.);
#16527 = DIRECTION('',(-1.885568995627E-16,0.,1.));
#16528 = ORIENTED_EDGE('',*,*,#16477,.T.);
#16529 = PLANE('',#16530);
#16530 = AXIS2_PLACEMENT_3D('',#16531,#16532,#16533);
#16531 = CARTESIAN_POINT('',(-1.7,0.17,-0.95));
#16532 = DIRECTION('',(-1.,0.,-1.885568995627E-16));
#16533 = DIRECTION('',(-1.885568995627E-16,0.,1.));
#16534 = ADVANCED_FACE('',(#16535),#16560,.T.);
#16535 = FACE_BOUND('',#16536,.T.);
#16536 = EDGE_LOOP('',(#16537,#16545,#16553,#16559));
#16537 = ORIENTED_EDGE('',*,*,#16538,.F.);
#16538 = EDGE_CURVE('',#16539,#16508,#16541,.T.);
#16539 = VERTEX_POINT('',#16540);
#16540 = CARTESIAN_POINT('',(-1.3,1.87,-1.35));
#16541 = LINE('',#16542,#16543);
#16542 = CARTESIAN_POINT('',(-1.3,1.87,-1.35));
#16543 = VECTOR('',#16544,1.);
#16544 = DIRECTION('',(-0.707106781187,0.,0.707106781187));
#16545 = ORIENTED_EDGE('',*,*,#16546,.F.);
#16546 = EDGE_CURVE('',#16547,#16539,#16549,.T.);
#16547 = VERTEX_POINT('',#16548);
#16548 = CARTESIAN_POINT('',(-1.3,0.17,-1.35));
#16549 = LINE('',#16550,#16551);
#16550 = CARTESIAN_POINT('',(-1.3,0.17,-1.35));
#16551 = VECTOR('',#16552,1.);
#16552 = DIRECTION('',(0.,1.,0.));
#16553 = ORIENTED_EDGE('',*,*,#16554,.T.);
#16554 = EDGE_CURVE('',#16547,#16516,#16555,.T.);
#16555 = LINE('',#16556,#16557);
#16556 = CARTESIAN_POINT('',(-1.3,0.17,-1.35));
#16557 = VECTOR('',#16558,1.);
#16558 = DIRECTION('',(-0.707106781187,0.,0.707106781187));
#16559 = ORIENTED_EDGE('',*,*,#16515,.T.);
#16560 = PLANE('',#16561);
#16561 = AXIS2_PLACEMENT_3D('',#16562,#16563,#16564);
#16562 = CARTESIAN_POINT('',(-1.3,0.17,-1.35));
#16563 = DIRECTION('',(-0.707106781187,0.,-0.707106781187));
#16564 = DIRECTION('',(-0.707106781187,0.,0.707106781187));
#16565 = ADVANCED_FACE('',(#16566),#16591,.T.);
#16566 = FACE_BOUND('',#16567,.T.);
#16567 = EDGE_LOOP('',(#16568,#16576,#16584,#16590));
#16568 = ORIENTED_EDGE('',*,*,#16569,.F.);
#16569 = EDGE_CURVE('',#16570,#16539,#16572,.T.);
#16570 = VERTEX_POINT('',#16571);
#16571 = CARTESIAN_POINT('',(1.7,1.87,-1.35));
#16572 = LINE('',#16573,#16574);
#16573 = CARTESIAN_POINT('',(-1.3,1.87,-1.35));
#16574 = VECTOR('',#16575,1.);
#16575 = DIRECTION('',(-1.,0.,0.));
#16576 = ORIENTED_EDGE('',*,*,#16577,.F.);
#16577 = EDGE_CURVE('',#16578,#16570,#16580,.T.);
#16578 = VERTEX_POINT('',#16579);
#16579 = CARTESIAN_POINT('',(1.7,0.17,-1.35));
#16580 = LINE('',#16581,#16582);
#16581 = CARTESIAN_POINT('',(1.7,0.17,-1.35));
#16582 = VECTOR('',#16583,1.);
#16583 = DIRECTION('',(0.,1.,0.));
#16584 = ORIENTED_EDGE('',*,*,#16585,.T.);
#16585 = EDGE_CURVE('',#16578,#16547,#16586,.T.);
#16586 = LINE('',#16587,#16588);
#16587 = CARTESIAN_POINT('',(-1.3,0.17,-1.35));
#16588 = VECTOR('',#16589,1.);
#16589 = DIRECTION('',(-1.,0.,0.));
#16590 = ORIENTED_EDGE('',*,*,#16546,.T.);
#16591 = PLANE('',#16592);
#16592 = AXIS2_PLACEMENT_3D('',#16593,#16594,#16595);
#16593 = CARTESIAN_POINT('',(-1.3,0.17,-1.35));
#16594 = DIRECTION('',(0.,0.,-1.));
#16595 = DIRECTION('',(-1.,0.,0.));
#16596 = ADVANCED_FACE('',(#16597),#16613,.T.);
#16597 = FACE_BOUND('',#16598,.T.);
#16598 = EDGE_LOOP('',(#16599,#16605,#16606,#16612));
#16599 = ORIENTED_EDGE('',*,*,#16600,.F.);
#16600 = EDGE_CURVE('',#16470,#16570,#16601,.T.);
#16601 = LINE('',#16602,#16603);
#16602 = CARTESIAN_POINT('',(1.7,1.87,-1.35));
#16603 = VECTOR('',#16604,1.);
#16604 = DIRECTION('',(0.,-0.,-1.));
#16605 = ORIENTED_EDGE('',*,*,#16493,.F.);
#16606 = ORIENTED_EDGE('',*,*,#16607,.T.);
#16607 = EDGE_CURVE('',#16486,#16578,#16608,.T.);
#16608 = LINE('',#16609,#16610);
#16609 = CARTESIAN_POINT('',(1.7,0.17,-1.35));
#16610 = VECTOR('',#16611,1.);
#16611 = DIRECTION('',(0.,-0.,-1.));
#16612 = ORIENTED_EDGE('',*,*,#16577,.T.);
#16613 = PLANE('',#16614);
#16614 = AXIS2_PLACEMENT_3D('',#16615,#16616,#16617);
#16615 = CARTESIAN_POINT('',(1.7,0.17,-1.35));
#16616 = DIRECTION('',(1.,0.,0.));
#16617 = DIRECTION('',(0.,0.,-1.));
#16618 = ADVANCED_FACE('',(#16619),#16626,.T.);
#16619 = FACE_BOUND('',#16620,.T.);
#16620 = EDGE_LOOP('',(#16621,#16622,#16623,#16624,#16625));
#16621 = ORIENTED_EDGE('',*,*,#16485,.F.);
#16622 = ORIENTED_EDGE('',*,*,#16523,.F.);
#16623 = ORIENTED_EDGE('',*,*,#16554,.F.);
#16624 = ORIENTED_EDGE('',*,*,#16585,.F.);
#16625 = ORIENTED_EDGE('',*,*,#16607,.F.);
#16626 = PLANE('',#16627);
#16627 = AXIS2_PLACEMENT_3D('',#16628,#16629,#16630);
#16628 = CARTESIAN_POINT('',(0.,0.17,0.));
#16629 = DIRECTION('',(0.,-1.,0.));
#16630 = DIRECTION('',(1.,0.,0.));
#16631 = ADVANCED_FACE('',(#16632,#16666,#16708),#16715,.F.);
#16632 = FACE_BOUND('',#16633,.T.);
#16633 = EDGE_LOOP('',(#16634,#16644,#16652,#16660));
#16634 = ORIENTED_EDGE('',*,*,#16635,.F.);
#16635 = EDGE_CURVE('',#16636,#16638,#16640,.T.);
#16636 = VERTEX_POINT('',#16637);
#16637 = CARTESIAN_POINT('',(1.4,1.87,1.1));
#16638 = VERTEX_POINT('',#16639);
#16639 = CARTESIAN_POINT('',(1.4,1.87,-1.1));
#16640 = LINE('',#16641,#16642);
#16641 = CARTESIAN_POINT('',(1.4,1.87,-1.1));
#16642 = VECTOR('',#16643,1.);
#16643 = DIRECTION('',(0.,-0.,-1.));
#16644 = ORIENTED_EDGE('',*,*,#16645,.F.);
#16645 = EDGE_CURVE('',#16646,#16636,#16648,.T.);
#16646 = VERTEX_POINT('',#16647);
#16647 = CARTESIAN_POINT('',(0.12,1.87,1.1));
#16648 = LINE('',#16649,#16650);
#16649 = CARTESIAN_POINT('',(0.12,1.87,1.1));
#16650 = VECTOR('',#16651,1.);
#16651 = DIRECTION('',(1.,0.,0.));
#16652 = ORIENTED_EDGE('',*,*,#16653,.F.);
#16653 = EDGE_CURVE('',#16654,#16646,#16656,.T.);
#16654 = VERTEX_POINT('',#16655);
#16655 = CARTESIAN_POINT('',(0.12,1.87,-1.1));
#16656 = LINE('',#16657,#16658);
#16657 = CARTESIAN_POINT('',(0.12,1.87,-1.1));
#16658 = VECTOR('',#16659,1.);
#16659 = DIRECTION('',(0.,0.,1.));
#16660 = ORIENTED_EDGE('',*,*,#16661,.F.);
#16661 = EDGE_CURVE('',#16638,#16654,#16662,.T.);
#16662 = LINE('',#16663,#16664);
#16663 = CARTESIAN_POINT('',(0.12,1.87,-1.1));
#16664 = VECTOR('',#16665,1.);
#16665 = DIRECTION('',(-1.,0.,0.));
#16666 = FACE_BOUND('',#16667,.T.);
#16667 = EDGE_LOOP('',(#16668,#16678,#16686,#16694,#16702));
#16668 = ORIENTED_EDGE('',*,*,#16669,.F.);
#16669 = EDGE_CURVE('',#16670,#16672,#16674,.T.);
#16670 = VERTEX_POINT('',#16671);
#16671 = CARTESIAN_POINT('',(-0.12,1.87,1.1));
#16672 = VERTEX_POINT('',#16673);
#16673 = CARTESIAN_POINT('',(-0.12,1.87,-1.1));
#16674 = LINE('',#16675,#16676);
#16675 = CARTESIAN_POINT('',(-0.12,1.87,-1.1));
#16676 = VECTOR('',#16677,1.);
#16677 = DIRECTION('',(0.,-0.,-1.));
#16678 = ORIENTED_EDGE('',*,*,#16679,.F.);
#16679 = EDGE_CURVE('',#16680,#16670,#16682,.T.);
#16680 = VERTEX_POINT('',#16681);
#16681 = CARTESIAN_POINT('',(-1.4,1.87,1.1));
#16682 = LINE('',#16683,#16684);
#16683 = CARTESIAN_POINT('',(-1.4,1.87,1.1));
#16684 = VECTOR('',#16685,1.);
#16685 = DIRECTION('',(1.,0.,0.));
#16686 = ORIENTED_EDGE('',*,*,#16687,.F.);
#16687 = EDGE_CURVE('',#16688,#16680,#16690,.T.);
#16688 = VERTEX_POINT('',#16689);
#16689 = CARTESIAN_POINT('',(-1.4,1.87,-0.896446609407));
#16690 = LINE('',#16691,#16692);
#16691 = CARTESIAN_POINT('',(-1.4,1.87,-0.896446609407));
#16692 = VECTOR('',#16693,1.);
#16693 = DIRECTION('',(0.,0.,1.));
#16694 = ORIENTED_EDGE('',*,*,#16695,.F.);
#16695 = EDGE_CURVE('',#16696,#16688,#16698,.T.);
#16696 = VERTEX_POINT('',#16697);
#16697 = CARTESIAN_POINT('',(-1.196446609407,1.87,-1.1));
#16698 = LINE('',#16699,#16700);
#16699 = CARTESIAN_POINT('',(-1.196446609407,1.87,-1.1));
#16700 = VECTOR('',#16701,1.);
#16701 = DIRECTION('',(-0.707106781187,0.,0.707106781187));
#16702 = ORIENTED_EDGE('',*,*,#16703,.F.);
#16703 = EDGE_CURVE('',#16672,#16696,#16704,.T.);
#16704 = LINE('',#16705,#16706);
#16705 = CARTESIAN_POINT('',(-1.196446609407,1.87,-1.1));
#16706 = VECTOR('',#16707,1.);
#16707 = DIRECTION('',(-1.,0.,0.));
#16708 = FACE_BOUND('',#16709,.T.);
#16709 = EDGE_LOOP('',(#16710,#16711,#16712,#16713,#16714));
#16710 = ORIENTED_EDGE('',*,*,#16467,.T.);
#16711 = ORIENTED_EDGE('',*,*,#16600,.T.);
#16712 = ORIENTED_EDGE('',*,*,#16569,.T.);
#16713 = ORIENTED_EDGE('',*,*,#16538,.T.);
#16714 = ORIENTED_EDGE('',*,*,#16507,.T.);
#16715 = PLANE('',#16716);
#16716 = AXIS2_PLACEMENT_3D('',#16717,#16718,#16719);
#16717 = CARTESIAN_POINT('',(0.,1.87,0.));
#16718 = DIRECTION('',(0.,-1.,0.));
#16719 = DIRECTION('',(1.,0.,0.));
#16720 = ADVANCED_FACE('',(#16721),#16746,.F.);
#16721 = FACE_BOUND('',#16722,.T.);
#16722 = EDGE_LOOP('',(#16723,#16724,#16732,#16740));
#16723 = ORIENTED_EDGE('',*,*,#16679,.T.);
#16724 = ORIENTED_EDGE('',*,*,#16725,.F.);
#16725 = EDGE_CURVE('',#16726,#16670,#16728,.T.);
#16726 = VERTEX_POINT('',#16727);
#16727 = CARTESIAN_POINT('',(-0.12,1.67,1.1));
#16728 = LINE('',#16729,#16730);
#16729 = CARTESIAN_POINT('',(-0.12,1.67,1.1));
#16730 = VECTOR('',#16731,1.);
#16731 = DIRECTION('',(0.,1.,0.));
#16732 = ORIENTED_EDGE('',*,*,#16733,.F.);
#16733 = EDGE_CURVE('',#16734,#16726,#16736,.T.);
#16734 = VERTEX_POINT('',#16735);
#16735 = CARTESIAN_POINT('',(-1.4,1.67,1.1));
#16736 = LINE('',#16737,#16738);
#16737 = CARTESIAN_POINT('',(-1.4,1.67,1.1));
#16738 = VECTOR('',#16739,1.);
#16739 = DIRECTION('',(1.,0.,0.));
#16740 = ORIENTED_EDGE('',*,*,#16741,.T.);
#16741 = EDGE_CURVE('',#16734,#16680,#16742,.T.);
#16742 = LINE('',#16743,#16744);
#16743 = CARTESIAN_POINT('',(-1.4,1.67,1.1));
#16744 = VECTOR('',#16745,1.);
#16745 = DIRECTION('',(0.,1.,0.));
#16746 = PLANE('',#16747);
#16747 = AXIS2_PLACEMENT_3D('',#16748,#16749,#16750);
#16748 = CARTESIAN_POINT('',(-1.4,1.67,1.1));
#16749 = DIRECTION('',(0.,0.,1.));
#16750 = DIRECTION('',(1.,0.,-0.));
#16751 = ADVANCED_FACE('',(#16752),#16770,.F.);
#16752 = FACE_BOUND('',#16753,.T.);
#16753 = EDGE_LOOP('',(#16754,#16755,#16756,#16764));
#16754 = ORIENTED_EDGE('',*,*,#16687,.T.);
#16755 = ORIENTED_EDGE('',*,*,#16741,.F.);
#16756 = ORIENTED_EDGE('',*,*,#16757,.F.);
#16757 = EDGE_CURVE('',#16758,#16734,#16760,.T.);
#16758 = VERTEX_POINT('',#16759);
#16759 = CARTESIAN_POINT('',(-1.4,1.67,-0.896446609407));
#16760 = LINE('',#16761,#16762);
#16761 = CARTESIAN_POINT('',(-1.4,1.67,-0.896446609407));
#16762 = VECTOR('',#16763,1.);
#16763 = DIRECTION('',(0.,0.,1.));
#16764 = ORIENTED_EDGE('',*,*,#16765,.T.);
#16765 = EDGE_CURVE('',#16758,#16688,#16766,.T.);
#16766 = LINE('',#16767,#16768);
#16767 = CARTESIAN_POINT('',(-1.4,1.67,-0.896446609407));
#16768 = VECTOR('',#16769,1.);
#16769 = DIRECTION('',(0.,1.,0.));
#16770 = PLANE('',#16771);
#16771 = AXIS2_PLACEMENT_3D('',#16772,#16773,#16774);
#16772 = CARTESIAN_POINT('',(-1.4,1.67,-0.896446609407));
#16773 = DIRECTION('',(-1.,0.,0.));
#16774 = DIRECTION('',(0.,0.,1.));
#16775 = ADVANCED_FACE('',(#16776),#16794,.F.);
#16776 = FACE_BOUND('',#16777,.T.);
#16777 = EDGE_LOOP('',(#16778,#16779,#16780,#16788));
#16778 = ORIENTED_EDGE('',*,*,#16695,.T.);
#16779 = ORIENTED_EDGE('',*,*,#16765,.F.);
#16780 = ORIENTED_EDGE('',*,*,#16781,.F.);
#16781 = EDGE_CURVE('',#16782,#16758,#16784,.T.);
#16782 = VERTEX_POINT('',#16783);
#16783 = CARTESIAN_POINT('',(-1.196446609407,1.67,-1.1));
#16784 = LINE('',#16785,#16786);
#16785 = CARTESIAN_POINT('',(-1.196446609407,1.67,-1.1));
#16786 = VECTOR('',#16787,1.);
#16787 = DIRECTION('',(-0.707106781187,0.,0.707106781187));
#16788 = ORIENTED_EDGE('',*,*,#16789,.T.);
#16789 = EDGE_CURVE('',#16782,#16696,#16790,.T.);
#16790 = LINE('',#16791,#16792);
#16791 = CARTESIAN_POINT('',(-1.196446609407,1.67,-1.1));
#16792 = VECTOR('',#16793,1.);
#16793 = DIRECTION('',(0.,1.,0.));
#16794 = PLANE('',#16795);
#16795 = AXIS2_PLACEMENT_3D('',#16796,#16797,#16798);
#16796 = CARTESIAN_POINT('',(-1.196446609407,1.67,-1.1));
#16797 = DIRECTION('',(-0.707106781187,0.,-0.707106781187));
#16798 = DIRECTION('',(-0.707106781187,0.,0.707106781187));
#16799 = ADVANCED_FACE('',(#16800),#16818,.F.);
#16800 = FACE_BOUND('',#16801,.T.);
#16801 = EDGE_LOOP('',(#16802,#16803,#16804,#16812));
#16802 = ORIENTED_EDGE('',*,*,#16703,.T.);
#16803 = ORIENTED_EDGE('',*,*,#16789,.F.);
#16804 = ORIENTED_EDGE('',*,*,#16805,.F.);
#16805 = EDGE_CURVE('',#16806,#16782,#16808,.T.);
#16806 = VERTEX_POINT('',#16807);
#16807 = CARTESIAN_POINT('',(-0.12,1.67,-1.1));
#16808 = LINE('',#16809,#16810);
#16809 = CARTESIAN_POINT('',(-1.196446609407,1.67,-1.1));
#16810 = VECTOR('',#16811,1.);
#16811 = DIRECTION('',(-1.,0.,0.));
#16812 = ORIENTED_EDGE('',*,*,#16813,.T.);
#16813 = EDGE_CURVE('',#16806,#16672,#16814,.T.);
#16814 = LINE('',#16815,#16816);
#16815 = CARTESIAN_POINT('',(-0.12,1.67,-1.1));
#16816 = VECTOR('',#16817,1.);
#16817 = DIRECTION('',(0.,1.,0.));
#16818 = PLANE('',#16819);
#16819 = AXIS2_PLACEMENT_3D('',#16820,#16821,#16822);
#16820 = CARTESIAN_POINT('',(-1.196446609407,1.67,-1.1));
#16821 = DIRECTION('',(0.,0.,-1.));
#16822 = DIRECTION('',(-1.,0.,0.));
#16823 = ADVANCED_FACE('',(#16824),#16835,.F.);
#16824 = FACE_BOUND('',#16825,.T.);
#16825 = EDGE_LOOP('',(#16826,#16827,#16828,#16834));
#16826 = ORIENTED_EDGE('',*,*,#16669,.T.);
#16827 = ORIENTED_EDGE('',*,*,#16813,.F.);
#16828 = ORIENTED_EDGE('',*,*,#16829,.F.);
#16829 = EDGE_CURVE('',#16726,#16806,#16830,.T.);
#16830 = LINE('',#16831,#16832);
#16831 = CARTESIAN_POINT('',(-0.12,1.67,-1.1));
#16832 = VECTOR('',#16833,1.);
#16833 = DIRECTION('',(0.,-0.,-1.));
#16834 = ORIENTED_EDGE('',*,*,#16725,.T.);
#16835 = PLANE('',#16836);
#16836 = AXIS2_PLACEMENT_3D('',#16837,#16838,#16839);
#16837 = CARTESIAN_POINT('',(-0.12,1.67,-1.1));
#16838 = DIRECTION('',(1.,0.,0.));
#16839 = DIRECTION('',(0.,0.,-1.));
#16840 = ADVANCED_FACE('',(#16841),#16848,.F.);
#16841 = FACE_BOUND('',#16842,.T.);
#16842 = EDGE_LOOP('',(#16843,#16844,#16845,#16846,#16847));
#16843 = ORIENTED_EDGE('',*,*,#16733,.T.);
#16844 = ORIENTED_EDGE('',*,*,#16829,.T.);
#16845 = ORIENTED_EDGE('',*,*,#16805,.T.);
#16846 = ORIENTED_EDGE('',*,*,#16781,.T.);
#16847 = ORIENTED_EDGE('',*,*,#16757,.T.);
#16848 = PLANE('',#16849);
#16849 = AXIS2_PLACEMENT_3D('',#16850,#16851,#16852);
#16850 = CARTESIAN_POINT('',(0.,1.67,0.));
#16851 = DIRECTION('',(0.,-1.,0.));
#16852 = DIRECTION('',(1.,0.,0.));
#16853 = ADVANCED_FACE('',(#16854),#16879,.F.);
#16854 = FACE_BOUND('',#16855,.T.);
#16855 = EDGE_LOOP('',(#16856,#16857,#16865,#16873));
#16856 = ORIENTED_EDGE('',*,*,#16645,.T.);
#16857 = ORIENTED_EDGE('',*,*,#16858,.F.);
#16858 = EDGE_CURVE('',#16859,#16636,#16861,.T.);
#16859 = VERTEX_POINT('',#16860);
#16860 = CARTESIAN_POINT('',(1.4,1.67,1.1));
#16861 = LINE('',#16862,#16863);
#16862 = CARTESIAN_POINT('',(1.4,1.67,1.1));
#16863 = VECTOR('',#16864,1.);
#16864 = DIRECTION('',(0.,1.,0.));
#16865 = ORIENTED_EDGE('',*,*,#16866,.F.);
#16866 = EDGE_CURVE('',#16867,#16859,#16869,.T.);
#16867 = VERTEX_POINT('',#16868);
#16868 = CARTESIAN_POINT('',(0.12,1.67,1.1));
#16869 = LINE('',#16870,#16871);
#16870 = CARTESIAN_POINT('',(0.12,1.67,1.1));
#16871 = VECTOR('',#16872,1.);
#16872 = DIRECTION('',(1.,0.,0.));
#16873 = ORIENTED_EDGE('',*,*,#16874,.T.);
#16874 = EDGE_CURVE('',#16867,#16646,#16875,.T.);
#16875 = LINE('',#16876,#16877);
#16876 = CARTESIAN_POINT('',(0.12,1.67,1.1));
#16877 = VECTOR('',#16878,1.);
#16878 = DIRECTION('',(0.,1.,0.));
#16879 = PLANE('',#16880);
#16880 = AXIS2_PLACEMENT_3D('',#16881,#16882,#16883);
#16881 = CARTESIAN_POINT('',(0.12,1.67,1.1));
#16882 = DIRECTION('',(0.,0.,1.));
#16883 = DIRECTION('',(1.,0.,-0.));
#16884 = ADVANCED_FACE('',(#16885),#16903,.F.);
#16885 = FACE_BOUND('',#16886,.T.);
#16886 = EDGE_LOOP('',(#16887,#16888,#16889,#16897));
#16887 = ORIENTED_EDGE('',*,*,#16653,.T.);
#16888 = ORIENTED_EDGE('',*,*,#16874,.F.);
#16889 = ORIENTED_EDGE('',*,*,#16890,.F.);
#16890 = EDGE_CURVE('',#16891,#16867,#16893,.T.);
#16891 = VERTEX_POINT('',#16892);
#16892 = CARTESIAN_POINT('',(0.12,1.67,-1.1));
#16893 = LINE('',#16894,#16895);
#16894 = CARTESIAN_POINT('',(0.12,1.67,-1.1));
#16895 = VECTOR('',#16896,1.);
#16896 = DIRECTION('',(0.,0.,1.));
#16897 = ORIENTED_EDGE('',*,*,#16898,.T.);
#16898 = EDGE_CURVE('',#16891,#16654,#16899,.T.);
#16899 = LINE('',#16900,#16901);
#16900 = CARTESIAN_POINT('',(0.12,1.67,-1.1));
#16901 = VECTOR('',#16902,1.);
#16902 = DIRECTION('',(0.,1.,0.));
#16903 = PLANE('',#16904);
#16904 = AXIS2_PLACEMENT_3D('',#16905,#16906,#16907);
#16905 = CARTESIAN_POINT('',(0.12,1.67,-1.1));
#16906 = DIRECTION('',(-1.,0.,0.));
#16907 = DIRECTION('',(0.,0.,1.));
#16908 = ADVANCED_FACE('',(#16909),#16927,.F.);
#16909 = FACE_BOUND('',#16910,.T.);
#16910 = EDGE_LOOP('',(#16911,#16912,#16913,#16921));
#16911 = ORIENTED_EDGE('',*,*,#16661,.T.);
#16912 = ORIENTED_EDGE('',*,*,#16898,.F.);
#16913 = ORIENTED_EDGE('',*,*,#16914,.F.);
#16914 = EDGE_CURVE('',#16915,#16891,#16917,.T.);
#16915 = VERTEX_POINT('',#16916);
#16916 = CARTESIAN_POINT('',(1.4,1.67,-1.1));
#16917 = LINE('',#16918,#16919);
#16918 = CARTESIAN_POINT('',(0.12,1.67,-1.1));
#16919 = VECTOR('',#16920,1.);
#16920 = DIRECTION('',(-1.,0.,0.));
#16921 = ORIENTED_EDGE('',*,*,#16922,.T.);
#16922 = EDGE_CURVE('',#16915,#16638,#16923,.T.);
#16923 = LINE('',#16924,#16925);
#16924 = CARTESIAN_POINT('',(1.4,1.67,-1.1));
#16925 = VECTOR('',#16926,1.);
#16926 = DIRECTION('',(0.,1.,0.));
#16927 = PLANE('',#16928);
#16928 = AXIS2_PLACEMENT_3D('',#16929,#16930,#16931);
#16929 = CARTESIAN_POINT('',(0.12,1.67,-1.1));
#16930 = DIRECTION('',(0.,0.,-1.));
#16931 = DIRECTION('',(-1.,0.,0.));
#16932 = ADVANCED_FACE('',(#16933),#16944,.F.);
#16933 = FACE_BOUND('',#16934,.T.);
#16934 = EDGE_LOOP('',(#16935,#16936,#16937,#16943));
#16935 = ORIENTED_EDGE('',*,*,#16635,.T.);
#16936 = ORIENTED_EDGE('',*,*,#16922,.F.);
#16937 = ORIENTED_EDGE('',*,*,#16938,.F.);
#16938 = EDGE_CURVE('',#16859,#16915,#16939,.T.);
#16939 = LINE('',#16940,#16941);
#16940 = CARTESIAN_POINT('',(1.4,1.67,-1.1));
#16941 = VECTOR('',#16942,1.);
#16942 = DIRECTION('',(0.,-0.,-1.));
#16943 = ORIENTED_EDGE('',*,*,#16858,.T.);
#16944 = PLANE('',#16945);
#16945 = AXIS2_PLACEMENT_3D('',#16946,#16947,#16948);
#16946 = CARTESIAN_POINT('',(1.4,1.67,-1.1));
#16947 = DIRECTION('',(1.,0.,0.));
#16948 = DIRECTION('',(0.,0.,-1.));
#16949 = ADVANCED_FACE('',(#16950),#16956,.F.);
#16950 = FACE_BOUND('',#16951,.T.);
#16951 = EDGE_LOOP('',(#16952,#16953,#16954,#16955));
#16952 = ORIENTED_EDGE('',*,*,#16866,.T.);
#16953 = ORIENTED_EDGE('',*,*,#16938,.T.);
#16954 = ORIENTED_EDGE('',*,*,#16914,.T.);
#16955 = ORIENTED_EDGE('',*,*,#16890,.T.);
#16956 = PLANE('',#16957);
#16957 = AXIS2_PLACEMENT_3D('',#16958,#16959,#16960);
#16958 = CARTESIAN_POINT('',(0.,1.67,0.));
#16959 = DIRECTION('',(0.,-1.,0.));
#16960 = DIRECTION('',(1.,0.,0.));
#16961 = MANIFOLD_SOLID_BREP('',#16962);
#16962 = CLOSED_SHELL('',(#16963,#17003,#17034,#17067,#17098,#17131,
    #17162,#17193,#17224,#17257,#17288,#17321,#17343,#17363));
#16963 = ADVANCED_FACE('',(#16964),#16998,.F.);
#16964 = FACE_BOUND('',#16965,.T.);
#16965 = EDGE_LOOP('',(#16966,#16976,#16984,#16992));
#16966 = ORIENTED_EDGE('',*,*,#16967,.T.);
#16967 = EDGE_CURVE('',#16968,#16970,#16972,.T.);
#16968 = VERTEX_POINT('',#16969);
#16969 = CARTESIAN_POINT('',(1.15,0.82,-1.35));
#16970 = VERTEX_POINT('',#16971);
#16971 = CARTESIAN_POINT('',(1.15,1.02,-1.35));
#16972 = LINE('',#16973,#16974);
#16973 = CARTESIAN_POINT('',(1.15,0.82,-1.35));
#16974 = VECTOR('',#16975,1.);
#16975 = DIRECTION('',(0.,1.,0.));
#16976 = ORIENTED_EDGE('',*,*,#16977,.F.);
#16977 = EDGE_CURVE('',#16978,#16970,#16980,.T.);
#16978 = VERTEX_POINT('',#16979);
#16979 = CARTESIAN_POINT('',(0.65,1.02,-1.35));
#16980 = LINE('',#16981,#16982);
#16981 = CARTESIAN_POINT('',(0.65,1.02,-1.35));
#16982 = VECTOR('',#16983,1.);
#16983 = DIRECTION('',(1.,-0.,-0.));
#16984 = ORIENTED_EDGE('',*,*,#16985,.F.);
#16985 = EDGE_CURVE('',#16986,#16978,#16988,.T.);
#16986 = VERTEX_POINT('',#16987);
#16987 = CARTESIAN_POINT('',(0.65,0.82,-1.35));
#16988 = LINE('',#16989,#16990);
#16989 = CARTESIAN_POINT('',(0.65,0.82,-1.35));
#16990 = VECTOR('',#16991,1.);
#16991 = DIRECTION('',(0.,1.,0.));
#16992 = ORIENTED_EDGE('',*,*,#16993,.T.);
#16993 = EDGE_CURVE('',#16986,#16968,#16994,.T.);
#16994 = LINE('',#16995,#16996);
#16995 = CARTESIAN_POINT('',(0.65,0.82,-1.35));
#16996 = VECTOR('',#16997,1.);
#16997 = DIRECTION('',(1.,-0.,-0.));
#16998 = PLANE('',#16999);
#16999 = AXIS2_PLACEMENT_3D('',#17000,#17001,#17002);
#17000 = CARTESIAN_POINT('',(0.65,0.82,-1.35));
#17001 = DIRECTION('',(0.,0.,-1.));
#17002 = DIRECTION('',(-1.,0.,0.));
#17003 = ADVANCED_FACE('',(#17004),#17029,.F.);
#17004 = FACE_BOUND('',#17005,.T.);
#17005 = EDGE_LOOP('',(#17006,#17014,#17022,#17028));
#17006 = ORIENTED_EDGE('',*,*,#17007,.T.);
#17007 = EDGE_CURVE('',#16970,#17008,#17010,.T.);
#17008 = VERTEX_POINT('',#17009);
#17009 = CARTESIAN_POINT('',(1.15,1.02,-1.39));
#17010 = LINE('',#17011,#17012);
#17011 = CARTESIAN_POINT('',(1.15,1.02,-1.35));
#17012 = VECTOR('',#17013,1.);
#17013 = DIRECTION('',(-0.,-5.421010862428E-15,-1.));
#17014 = ORIENTED_EDGE('',*,*,#17015,.F.);
#17015 = EDGE_CURVE('',#17016,#17008,#17018,.T.);
#17016 = VERTEX_POINT('',#17017);
#17017 = CARTESIAN_POINT('',(0.65,1.02,-1.39));
#17018 = LINE('',#17019,#17020);
#17019 = CARTESIAN_POINT('',(0.65,1.02,-1.39));
#17020 = VECTOR('',#17021,1.);
#17021 = DIRECTION('',(1.,-0.,-0.));
#17022 = ORIENTED_EDGE('',*,*,#17023,.F.);
#17023 = EDGE_CURVE('',#16978,#17016,#17024,.T.);
#17024 = LINE('',#17025,#17026);
#17025 = CARTESIAN_POINT('',(0.65,1.02,-1.35));
#17026 = VECTOR('',#17027,1.);
#17027 = DIRECTION('',(-0.,-5.421010862428E-15,-1.));
#17028 = ORIENTED_EDGE('',*,*,#16977,.T.);
#17029 = PLANE('',#17030);
#17030 = AXIS2_PLACEMENT_3D('',#17031,#17032,#17033);
#17031 = CARTESIAN_POINT('',(0.65,1.02,-1.35));
#17032 = DIRECTION('',(0.,-1.,5.421010862428E-15));
#17033 = DIRECTION('',(0.,5.421010862428E-15,1.));
#17034 = ADVANCED_FACE('',(#17035),#17062,.T.);
#17035 = FACE_BOUND('',#17036,.T.);
#17036 = EDGE_LOOP('',(#17037,#17046,#17054,#17061));
#17037 = ORIENTED_EDGE('',*,*,#17038,.T.);
#17038 = EDGE_CURVE('',#17008,#17039,#17041,.T.);
#17039 = VERTEX_POINT('',#17040);
#17040 = CARTESIAN_POINT('',(1.15,0.77,-1.64));
#17041 = CIRCLE('',#17042,0.25);
#17042 = AXIS2_PLACEMENT_3D('',#17043,#17044,#17045);
#17043 = CARTESIAN_POINT('',(1.15,0.77,-1.39));
#17044 = DIRECTION('',(-1.,0.,0.));
#17045 = DIRECTION('',(0.,0.,-1.));
#17046 = ORIENTED_EDGE('',*,*,#17047,.F.);
#17047 = EDGE_CURVE('',#17048,#17039,#17050,.T.);
#17048 = VERTEX_POINT('',#17049);
#17049 = CARTESIAN_POINT('',(0.65,0.77,-1.64));
#17050 = LINE('',#17051,#17052);
#17051 = CARTESIAN_POINT('',(0.65,0.77,-1.64));
#17052 = VECTOR('',#17053,1.);
#17053 = DIRECTION('',(1.,-0.,-0.));
#17054 = ORIENTED_EDGE('',*,*,#17055,.F.);
#17055 = EDGE_CURVE('',#17016,#17048,#17056,.T.);
#17056 = CIRCLE('',#17057,0.25);
#17057 = AXIS2_PLACEMENT_3D('',#17058,#17059,#17060);
#17058 = CARTESIAN_POINT('',(0.65,0.77,-1.39));
#17059 = DIRECTION('',(-1.,0.,0.));
#17060 = DIRECTION('',(0.,0.,-1.));
#17061 = ORIENTED_EDGE('',*,*,#17015,.T.);
#17062 = CYLINDRICAL_SURFACE('',#17063,0.25);
#17063 = AXIS2_PLACEMENT_3D('',#17064,#17065,#17066);
#17064 = CARTESIAN_POINT('',(0.65,0.77,-1.39));
#17065 = DIRECTION('',(1.,-0.,-0.));
#17066 = DIRECTION('',(0.,0.,-1.));
#17067 = ADVANCED_FACE('',(#17068),#17093,.F.);
#17068 = FACE_BOUND('',#17069,.T.);
#17069 = EDGE_LOOP('',(#17070,#17078,#17086,#17092));
#17070 = ORIENTED_EDGE('',*,*,#17071,.T.);
#17071 = EDGE_CURVE('',#17039,#17072,#17074,.T.);
#17072 = VERTEX_POINT('',#17073);
#17073 = CARTESIAN_POINT('',(1.15,0.25,-1.64));
#17074 = LINE('',#17075,#17076);
#17075 = CARTESIAN_POINT('',(1.15,0.77,-1.64));
#17076 = VECTOR('',#17077,1.);
#17077 = DIRECTION('',(0.,-1.,4.170008355713E-16));
#17078 = ORIENTED_EDGE('',*,*,#17079,.F.);
#17079 = EDGE_CURVE('',#17080,#17072,#17082,.T.);
#17080 = VERTEX_POINT('',#17081);
#17081 = CARTESIAN_POINT('',(0.65,0.25,-1.64));
#17082 = LINE('',#17083,#17084);
#17083 = CARTESIAN_POINT('',(0.65,0.25,-1.64));
#17084 = VECTOR('',#17085,1.);
#17085 = DIRECTION('',(1.,-0.,-0.));
#17086 = ORIENTED_EDGE('',*,*,#17087,.F.);
#17087 = EDGE_CURVE('',#17048,#17080,#17088,.T.);
#17088 = LINE('',#17089,#17090);
#17089 = CARTESIAN_POINT('',(0.65,0.77,-1.64));
#17090 = VECTOR('',#17091,1.);
#17091 = DIRECTION('',(0.,-1.,4.170008355713E-16));
#17092 = ORIENTED_EDGE('',*,*,#17047,.T.);
#17093 = PLANE('',#17094);
#17094 = AXIS2_PLACEMENT_3D('',#17095,#17096,#17097);
#17095 = CARTESIAN_POINT('',(0.65,0.77,-1.64));
#17096 = DIRECTION('',(0.,4.170008355713E-16,1.));
#17097 = DIRECTION('',(0.,1.,-4.170008355713E-16));
#17098 = ADVANCED_FACE('',(#17099),#17126,.F.);
#17099 = FACE_BOUND('',#17100,.F.);
#17100 = EDGE_LOOP('',(#17101,#17102,#17111,#17119));
#17101 = ORIENTED_EDGE('',*,*,#17079,.F.);
#17102 = ORIENTED_EDGE('',*,*,#17103,.T.);
#17103 = EDGE_CURVE('',#17080,#17104,#17106,.T.);
#17104 = VERTEX_POINT('',#17105);
#17105 = CARTESIAN_POINT('',(0.65,0.2,-1.69));
#17106 = CIRCLE('',#17107,5.E-02);
#17107 = AXIS2_PLACEMENT_3D('',#17108,#17109,#17110);
#17108 = CARTESIAN_POINT('',(0.65,0.25,-1.69));
#17109 = DIRECTION('',(1.,-0.,0.));
#17110 = DIRECTION('',(0.,0.,-1.));
#17111 = ORIENTED_EDGE('',*,*,#17112,.T.);
#17112 = EDGE_CURVE('',#17104,#17113,#17115,.T.);
#17113 = VERTEX_POINT('',#17114);
#17114 = CARTESIAN_POINT('',(1.15,0.2,-1.69));
#17115 = LINE('',#17116,#17117);
#17116 = CARTESIAN_POINT('',(0.65,0.2,-1.69));
#17117 = VECTOR('',#17118,1.);
#17118 = DIRECTION('',(1.,-0.,-0.));
#17119 = ORIENTED_EDGE('',*,*,#17120,.F.);
#17120 = EDGE_CURVE('',#17072,#17113,#17121,.T.);
#17121 = CIRCLE('',#17122,5.E-02);
#17122 = AXIS2_PLACEMENT_3D('',#17123,#17124,#17125);
#17123 = CARTESIAN_POINT('',(1.15,0.25,-1.69));
#17124 = DIRECTION('',(1.,-0.,0.));
#17125 = DIRECTION('',(0.,0.,-1.));
#17126 = CYLINDRICAL_SURFACE('',#17127,5.E-02);
#17127 = AXIS2_PLACEMENT_3D('',#17128,#17129,#17130);
#17128 = CARTESIAN_POINT('',(0.65,0.25,-1.69));
#17129 = DIRECTION('',(1.,-0.,-0.));
#17130 = DIRECTION('',(0.,0.,-1.));
#17131 = ADVANCED_FACE('',(#17132),#17157,.F.);
#17132 = FACE_BOUND('',#17133,.T.);
#17133 = EDGE_LOOP('',(#17134,#17142,#17150,#17156));
#17134 = ORIENTED_EDGE('',*,*,#17135,.T.);
#17135 = EDGE_CURVE('',#17113,#17136,#17138,.T.);
#17136 = VERTEX_POINT('',#17137);
#17137 = CARTESIAN_POINT('',(1.15,0.2,-2.3));
#17138 = LINE('',#17139,#17140);
#17139 = CARTESIAN_POINT('',(1.15,0.2,-1.69));
#17140 = VECTOR('',#17141,1.);
#17141 = DIRECTION('',(-0.,-1.333035457974E-16,-1.));
#17142 = ORIENTED_EDGE('',*,*,#17143,.F.);
#17143 = EDGE_CURVE('',#17144,#17136,#17146,.T.);
#17144 = VERTEX_POINT('',#17145);
#17145 = CARTESIAN_POINT('',(0.65,0.2,-2.3));
#17146 = LINE('',#17147,#17148);
#17147 = CARTESIAN_POINT('',(0.65,0.2,-2.3));
#17148 = VECTOR('',#17149,1.);
#17149 = DIRECTION('',(1.,-0.,-0.));
#17150 = ORIENTED_EDGE('',*,*,#17151,.F.);
#17151 = EDGE_CURVE('',#17104,#17144,#17152,.T.);
#17152 = LINE('',#17153,#17154);
#17153 = CARTESIAN_POINT('',(0.65,0.2,-1.69));
#17154 = VECTOR('',#17155,1.);
#17155 = DIRECTION('',(-0.,-1.333035457974E-16,-1.));
#17156 = ORIENTED_EDGE('',*,*,#17112,.T.);
#17157 = PLANE('',#17158);
#17158 = AXIS2_PLACEMENT_3D('',#17159,#17160,#17161);
#17159 = CARTESIAN_POINT('',(0.65,0.2,-1.69));
#17160 = DIRECTION('',(0.,-1.,1.333035457974E-16));
#17161 = DIRECTION('',(0.,1.333035457974E-16,1.));
#17162 = ADVANCED_FACE('',(#17163),#17188,.F.);
#17163 = FACE_BOUND('',#17164,.T.);
#17164 = EDGE_LOOP('',(#17165,#17173,#17181,#17187));
#17165 = ORIENTED_EDGE('',*,*,#17166,.T.);
#17166 = EDGE_CURVE('',#17136,#17167,#17169,.T.);
#17167 = VERTEX_POINT('',#17168);
#17168 = CARTESIAN_POINT('',(1.15,0.,-2.3));
#17169 = LINE('',#17170,#17171);
#17170 = CARTESIAN_POINT('',(1.15,0.2,-2.3));
#17171 = VECTOR('',#17172,1.);
#17172 = DIRECTION('',(0.,-1.,0.));
#17173 = ORIENTED_EDGE('',*,*,#17174,.F.);
#17174 = EDGE_CURVE('',#17175,#17167,#17177,.T.);
#17175 = VERTEX_POINT('',#17176);
#17176 = CARTESIAN_POINT('',(0.65,0.,-2.3));
#17177 = LINE('',#17178,#17179);
#17178 = CARTESIAN_POINT('',(0.65,0.,-2.3));
#17179 = VECTOR('',#17180,1.);
#17180 = DIRECTION('',(1.,-0.,-0.));
#17181 = ORIENTED_EDGE('',*,*,#17182,.F.);
#17182 = EDGE_CURVE('',#17144,#17175,#17183,.T.);
#17183 = LINE('',#17184,#17185);
#17184 = CARTESIAN_POINT('',(0.65,0.2,-2.3));
#17185 = VECTOR('',#17186,1.);
#17186 = DIRECTION('',(0.,-1.,0.));
#17187 = ORIENTED_EDGE('',*,*,#17143,.T.);
#17188 = PLANE('',#17189);
#17189 = AXIS2_PLACEMENT_3D('',#17190,#17191,#17192);
#17190 = CARTESIAN_POINT('',(0.65,0.2,-2.3));
#17191 = DIRECTION('',(0.,0.,1.));
#17192 = DIRECTION('',(1.,0.,-0.));
#17193 = ADVANCED_FACE('',(#17194),#17219,.F.);
#17194 = FACE_BOUND('',#17195,.T.);
#17195 = EDGE_LOOP('',(#17196,#17204,#17212,#17218));
#17196 = ORIENTED_EDGE('',*,*,#17197,.T.);
#17197 = EDGE_CURVE('',#17167,#17198,#17200,.T.);
#17198 = VERTEX_POINT('',#17199);
#17199 = CARTESIAN_POINT('',(1.15,0.,-1.69));
#17200 = LINE('',#17201,#17202);
#17201 = CARTESIAN_POINT('',(1.15,0.,-2.3));
#17202 = VECTOR('',#17203,1.);
#17203 = DIRECTION('',(0.,0.,1.));
#17204 = ORIENTED_EDGE('',*,*,#17205,.F.);
#17205 = EDGE_CURVE('',#17206,#17198,#17208,.T.);
#17206 = VERTEX_POINT('',#17207);
#17207 = CARTESIAN_POINT('',(0.65,0.,-1.69));
#17208 = LINE('',#17209,#17210);
#17209 = CARTESIAN_POINT('',(0.65,0.,-1.69));
#17210 = VECTOR('',#17211,1.);
#17211 = DIRECTION('',(1.,-0.,-0.));
#17212 = ORIENTED_EDGE('',*,*,#17213,.F.);
#17213 = EDGE_CURVE('',#17175,#17206,#17214,.T.);
#17214 = LINE('',#17215,#17216);
#17215 = CARTESIAN_POINT('',(0.65,0.,-2.3));
#17216 = VECTOR('',#17217,1.);
#17217 = DIRECTION('',(0.,0.,1.));
#17218 = ORIENTED_EDGE('',*,*,#17174,.T.);
#17219 = PLANE('',#17220);
#17220 = AXIS2_PLACEMENT_3D('',#17221,#17222,#17223);
#17221 = CARTESIAN_POINT('',(0.65,0.,-2.3));
#17222 = DIRECTION('',(0.,1.,0.));
#17223 = DIRECTION('',(-1.,0.,0.));
#17224 = ADVANCED_FACE('',(#17225),#17252,.T.);
#17225 = FACE_BOUND('',#17226,.T.);
#17226 = EDGE_LOOP('',(#17227,#17236,#17244,#17251));
#17227 = ORIENTED_EDGE('',*,*,#17228,.T.);
#17228 = EDGE_CURVE('',#17198,#17229,#17231,.T.);
#17229 = VERTEX_POINT('',#17230);
#17230 = CARTESIAN_POINT('',(1.15,0.25,-1.44));
#17231 = CIRCLE('',#17232,0.25);
#17232 = AXIS2_PLACEMENT_3D('',#17233,#17234,#17235);
#17233 = CARTESIAN_POINT('',(1.15,0.25,-1.69));
#17234 = DIRECTION('',(-1.,0.,0.));
#17235 = DIRECTION('',(0.,0.,1.));
#17236 = ORIENTED_EDGE('',*,*,#17237,.F.);
#17237 = EDGE_CURVE('',#17238,#17229,#17240,.T.);
#17238 = VERTEX_POINT('',#17239);
#17239 = CARTESIAN_POINT('',(0.65,0.25,-1.44));
#17240 = LINE('',#17241,#17242);
#17241 = CARTESIAN_POINT('',(0.65,0.25,-1.44));
#17242 = VECTOR('',#17243,1.);
#17243 = DIRECTION('',(1.,-0.,-0.));
#17244 = ORIENTED_EDGE('',*,*,#17245,.F.);
#17245 = EDGE_CURVE('',#17206,#17238,#17246,.T.);
#17246 = CIRCLE('',#17247,0.25);
#17247 = AXIS2_PLACEMENT_3D('',#17248,#17249,#17250);
#17248 = CARTESIAN_POINT('',(0.65,0.25,-1.69));
#17249 = DIRECTION('',(-1.,0.,0.));
#17250 = DIRECTION('',(0.,0.,1.));
#17251 = ORIENTED_EDGE('',*,*,#17205,.T.);
#17252 = CYLINDRICAL_SURFACE('',#17253,0.25);
#17253 = AXIS2_PLACEMENT_3D('',#17254,#17255,#17256);
#17254 = CARTESIAN_POINT('',(0.65,0.25,-1.69));
#17255 = DIRECTION('',(1.,-0.,-0.));
#17256 = DIRECTION('',(0.,0.,-1.));
#17257 = ADVANCED_FACE('',(#17258),#17283,.F.);
#17258 = FACE_BOUND('',#17259,.T.);
#17259 = EDGE_LOOP('',(#17260,#17268,#17276,#17282));
#17260 = ORIENTED_EDGE('',*,*,#17261,.T.);
#17261 = EDGE_CURVE('',#17229,#17262,#17264,.T.);
#17262 = VERTEX_POINT('',#17263);
#17263 = CARTESIAN_POINT('',(1.15,0.77,-1.44));
#17264 = LINE('',#17265,#17266);
#17265 = CARTESIAN_POINT('',(1.15,0.25,-1.44));
#17266 = VECTOR('',#17267,1.);
#17267 = DIRECTION('',(0.,1.,-4.170008355713E-16));
#17268 = ORIENTED_EDGE('',*,*,#17269,.F.);
#17269 = EDGE_CURVE('',#17270,#17262,#17272,.T.);
#17270 = VERTEX_POINT('',#17271);
#17271 = CARTESIAN_POINT('',(0.65,0.77,-1.44));
#17272 = LINE('',#17273,#17274);
#17273 = CARTESIAN_POINT('',(0.65,0.77,-1.44));
#17274 = VECTOR('',#17275,1.);
#17275 = DIRECTION('',(1.,-0.,-0.));
#17276 = ORIENTED_EDGE('',*,*,#17277,.F.);
#17277 = EDGE_CURVE('',#17238,#17270,#17278,.T.);
#17278 = LINE('',#17279,#17280);
#17279 = CARTESIAN_POINT('',(0.65,0.25,-1.44));
#17280 = VECTOR('',#17281,1.);
#17281 = DIRECTION('',(0.,1.,-4.170008355713E-16));
#17282 = ORIENTED_EDGE('',*,*,#17237,.T.);
#17283 = PLANE('',#17284);
#17284 = AXIS2_PLACEMENT_3D('',#17285,#17286,#17287);
#17285 = CARTESIAN_POINT('',(0.65,0.25,-1.44));
#17286 = DIRECTION('',(-0.,-4.170008355713E-16,-1.));
#17287 = DIRECTION('',(0.,-1.,4.170008355713E-16));
#17288 = ADVANCED_FACE('',(#17289),#17316,.F.);
#17289 = FACE_BOUND('',#17290,.F.);
#17290 = EDGE_LOOP('',(#17291,#17292,#17301,#17309));
#17291 = ORIENTED_EDGE('',*,*,#17269,.F.);
#17292 = ORIENTED_EDGE('',*,*,#17293,.T.);
#17293 = EDGE_CURVE('',#17270,#17294,#17296,.T.);
#17294 = VERTEX_POINT('',#17295);
#17295 = CARTESIAN_POINT('',(0.65,0.82,-1.39));
#17296 = CIRCLE('',#17297,5.E-02);
#17297 = AXIS2_PLACEMENT_3D('',#17298,#17299,#17300);
#17298 = CARTESIAN_POINT('',(0.65,0.77,-1.39));
#17299 = DIRECTION('',(1.,-0.,0.));
#17300 = DIRECTION('',(0.,0.,-1.));
#17301 = ORIENTED_EDGE('',*,*,#17302,.T.);
#17302 = EDGE_CURVE('',#17294,#17303,#17305,.T.);
#17303 = VERTEX_POINT('',#17304);
#17304 = CARTESIAN_POINT('',(1.15,0.82,-1.39));
#17305 = LINE('',#17306,#17307);
#17306 = CARTESIAN_POINT('',(0.65,0.82,-1.39));
#17307 = VECTOR('',#17308,1.);
#17308 = DIRECTION('',(1.,-0.,-0.));
#17309 = ORIENTED_EDGE('',*,*,#17310,.F.);
#17310 = EDGE_CURVE('',#17262,#17303,#17311,.T.);
#17311 = CIRCLE('',#17312,5.E-02);
#17312 = AXIS2_PLACEMENT_3D('',#17313,#17314,#17315);
#17313 = CARTESIAN_POINT('',(1.15,0.77,-1.39));
#17314 = DIRECTION('',(1.,-0.,0.));
#17315 = DIRECTION('',(0.,0.,-1.));
#17316 = CYLINDRICAL_SURFACE('',#17317,5.E-02);
#17317 = AXIS2_PLACEMENT_3D('',#17318,#17319,#17320);
#17318 = CARTESIAN_POINT('',(0.65,0.77,-1.39));
#17319 = DIRECTION('',(1.,-0.,-0.));
#17320 = DIRECTION('',(0.,0.,-1.));
#17321 = ADVANCED_FACE('',(#17322),#17338,.F.);
#17322 = FACE_BOUND('',#17323,.T.);
#17323 = EDGE_LOOP('',(#17324,#17330,#17331,#17337));
#17324 = ORIENTED_EDGE('',*,*,#17325,.T.);
#17325 = EDGE_CURVE('',#17303,#16968,#17326,.T.);
#17326 = LINE('',#17327,#17328);
#17327 = CARTESIAN_POINT('',(1.15,0.82,-1.39));
#17328 = VECTOR('',#17329,1.);
#17329 = DIRECTION('',(0.,-5.421010862428E-15,1.));
#17330 = ORIENTED_EDGE('',*,*,#16993,.F.);
#17331 = ORIENTED_EDGE('',*,*,#17332,.F.);
#17332 = EDGE_CURVE('',#17294,#16986,#17333,.T.);
#17333 = LINE('',#17334,#17335);
#17334 = CARTESIAN_POINT('',(0.65,0.82,-1.39));
#17335 = VECTOR('',#17336,1.);
#17336 = DIRECTION('',(0.,-5.421010862428E-15,1.));
#17337 = ORIENTED_EDGE('',*,*,#17302,.T.);
#17338 = PLANE('',#17339);
#17339 = AXIS2_PLACEMENT_3D('',#17340,#17341,#17342);
#17340 = CARTESIAN_POINT('',(0.65,0.82,-1.39));
#17341 = DIRECTION('',(0.,1.,5.421010862428E-15));
#17342 = DIRECTION('',(0.,5.421010862428E-15,-1.));
#17343 = ADVANCED_FACE('',(#17344),#17358,.F.);
#17344 = FACE_BOUND('',#17345,.T.);
#17345 = EDGE_LOOP('',(#17346,#17347,#17348,#17349,#17350,#17351,#17352,
    #17353,#17354,#17355,#17356,#17357));
#17346 = ORIENTED_EDGE('',*,*,#16985,.T.);
#17347 = ORIENTED_EDGE('',*,*,#17023,.T.);
#17348 = ORIENTED_EDGE('',*,*,#17055,.T.);
#17349 = ORIENTED_EDGE('',*,*,#17087,.T.);
#17350 = ORIENTED_EDGE('',*,*,#17103,.T.);
#17351 = ORIENTED_EDGE('',*,*,#17151,.T.);
#17352 = ORIENTED_EDGE('',*,*,#17182,.T.);
#17353 = ORIENTED_EDGE('',*,*,#17213,.T.);
#17354 = ORIENTED_EDGE('',*,*,#17245,.T.);
#17355 = ORIENTED_EDGE('',*,*,#17277,.T.);
#17356 = ORIENTED_EDGE('',*,*,#17293,.T.);
#17357 = ORIENTED_EDGE('',*,*,#17332,.T.);
#17358 = PLANE('',#17359);
#17359 = AXIS2_PLACEMENT_3D('',#17360,#17361,#17362);
#17360 = CARTESIAN_POINT('',(0.65,0.77,-1.39));
#17361 = DIRECTION('',(1.,-0.,0.));
#17362 = DIRECTION('',(0.,0.,-1.));
#17363 = ADVANCED_FACE('',(#17364),#17378,.T.);
#17364 = FACE_BOUND('',#17365,.T.);
#17365 = EDGE_LOOP('',(#17366,#17367,#17368,#17369,#17370,#17371,#17372,
    #17373,#17374,#17375,#17376,#17377));
#17366 = ORIENTED_EDGE('',*,*,#16967,.F.);
#17367 = ORIENTED_EDGE('',*,*,#17325,.F.);
#17368 = ORIENTED_EDGE('',*,*,#17310,.F.);
#17369 = ORIENTED_EDGE('',*,*,#17261,.F.);
#17370 = ORIENTED_EDGE('',*,*,#17228,.F.);
#17371 = ORIENTED_EDGE('',*,*,#17197,.F.);
#17372 = ORIENTED_EDGE('',*,*,#17166,.F.);
#17373 = ORIENTED_EDGE('',*,*,#17135,.F.);
#17374 = ORIENTED_EDGE('',*,*,#17120,.F.);
#17375 = ORIENTED_EDGE('',*,*,#17071,.F.);
#17376 = ORIENTED_EDGE('',*,*,#17038,.F.);
#17377 = ORIENTED_EDGE('',*,*,#17007,.F.);
#17378 = PLANE('',#17379);
#17379 = AXIS2_PLACEMENT_3D('',#17380,#17381,#17382);
#17380 = CARTESIAN_POINT('',(1.15,0.77,-1.39));
#17381 = DIRECTION('',(1.,-0.,0.));
#17382 = DIRECTION('',(0.,0.,-1.));
#17383 = ( GEOMETRIC_REPRESENTATION_CONTEXT(3) 
GLOBAL_UNCERTAINTY_ASSIGNED_CONTEXT((#17387)) 
GLOBAL_UNIT_ASSIGNED_CONTEXT((#17384,#17385,#17386)) 
REPRESENTATION_CONTEXT('Context #1',
  '3D Context with UNIT and UNCERTAINTY') );
#17384 = ( LENGTH_UNIT() NAMED_UNIT(*) SI_UNIT(.MILLI.,.METRE.) );
#17385 = ( NAMED_UNIT(*) PLANE_ANGLE_UNIT() SI_UNIT($,.RADIAN.) );
#17386 = ( NAMED_UNIT(*) SI_UNIT($,.STERADIAN.) SOLID_ANGLE_UNIT() );
#17387 = UNCERTAINTY_MEASURE_WITH_UNIT(LENGTH_MEASURE(1.E-07),#17384,
  'distance_accuracy_value','confusion accuracy');
#17388 = CONTEXT_DEPENDENT_SHAPE_REPRESENTATION(#17389,#17391);
#17389 = ( REPRESENTATION_RELATIONSHIP('','',#14861,#10) 
REPRESENTATION_RELATIONSHIP_WITH_TRANSFORMATION(#17390) 
SHAPE_REPRESENTATION_RELATIONSHIP() );
#17390 = ITEM_DEFINED_TRANSFORMATION('','',#11,#87);
#17391 = PRODUCT_DEFINITION_SHAPE('Placement','Placement of an item',
  #17392);
#17392 = NEXT_ASSEMBLY_USAGE_OCCURRENCE('32','R_LN_1','',#5,#14856,$);
#17393 = PRODUCT_RELATED_PRODUCT_CATEGORY('part',$,(#14858));
#17394 = CONTEXT_DEPENDENT_SHAPE_REPRESENTATION(#17395,#17397);
#17395 = ( REPRESENTATION_RELATIONSHIP('','',#14861,#10) 
REPRESENTATION_RELATIONSHIP_WITH_TRANSFORMATION(#17396) 
SHAPE_REPRESENTATION_RELATIONSHIP() );
#17396 = ITEM_DEFINED_TRANSFORMATION('','',#11,#91);
#17397 = PRODUCT_DEFINITION_SHAPE('Placement','Placement of an item',
  #17398);
#17398 = NEXT_ASSEMBLY_USAGE_OCCURRENCE('33','B_LN_1','',#5,#14856,$);
#17399 = CONTEXT_DEPENDENT_SHAPE_REPRESENTATION(#17400,#17402);
#17400 = ( REPRESENTATION_RELATIONSHIP('','',#14861,#10) 
REPRESENTATION_RELATIONSHIP_WITH_TRANSFORMATION(#17401) 
SHAPE_REPRESENTATION_RELATIONSHIP() );
#17401 = ITEM_DEFINED_TRANSFORMATION('','',#11,#95);
#17402 = PRODUCT_DEFINITION_SHAPE('Placement','Placement of an item',
  #17403);
#17403 = NEXT_ASSEMBLY_USAGE_OCCURRENCE('34','L_LN_1','',#5,#14856,$);
#17404 = SHAPE_DEFINITION_REPRESENTATION(#17405,#17411);
#17405 = PRODUCT_DEFINITION_SHAPE('','',#17406);
#17406 = PRODUCT_DEFINITION('design','',#17407,#17410);
#17407 = PRODUCT_DEFINITION_FORMATION('','',#17408);
#17408 = PRODUCT('Spii_PCB','Spii_PCB','',(#17409));
#17409 = PRODUCT_CONTEXT('',#2,'mechanical');
#17410 = PRODUCT_DEFINITION_CONTEXT('part definition',#2,'design');
#17411 = ADVANCED_BREP_SHAPE_REPRESENTATION('',(#11,#17412),#19588);
#17412 = MANIFOLD_SOLID_BREP('',#17413);
#17413 = CLOSED_SHELL('',(#17414,#17454,#17485,#17516,#18087,#18658,
    #18675,#18692,#18709,#18726,#18743,#18760,#18777,#18794,#18806,
    #18823,#18840,#18857,#18874,#18891,#18908,#18925,#18942,#18959,
    #18976,#18993,#19010,#19027,#19044,#19061,#19078,#19095,#19112,
    #19129,#19146,#19163,#19180,#19197,#19214,#19231,#19248,#19265,
    #19282,#19299,#19316,#19333,#19350,#19367,#19384,#19401,#19418,
    #19435,#19452,#19474,#19491,#19508,#19520,#19542,#19559,#19576));
#17414 = ADVANCED_FACE('',(#17415),#17449,.T.);
#17415 = FACE_BOUND('',#17416,.T.);
#17416 = EDGE_LOOP('',(#17417,#17427,#17435,#17443));
#17417 = ORIENTED_EDGE('',*,*,#17418,.T.);
#17418 = EDGE_CURVE('',#17419,#17421,#17423,.T.);
#17419 = VERTEX_POINT('',#17420);
#17420 = CARTESIAN_POINT('',(238.,-120.,0.));
#17421 = VERTEX_POINT('',#17422);
#17422 = CARTESIAN_POINT('',(238.,-120.,1.51));
#17423 = LINE('',#17424,#17425);
#17424 = CARTESIAN_POINT('',(238.,-120.,0.));
#17425 = VECTOR('',#17426,1.);
#17426 = DIRECTION('',(0.,0.,1.));
#17427 = ORIENTED_EDGE('',*,*,#17428,.T.);
#17428 = EDGE_CURVE('',#17421,#17429,#17431,.T.);
#17429 = VERTEX_POINT('',#17430);
#17430 = CARTESIAN_POINT('',(214.,-120.,1.51));
#17431 = LINE('',#17432,#17433);
#17432 = CARTESIAN_POINT('',(238.,-120.,1.51));
#17433 = VECTOR('',#17434,1.);
#17434 = DIRECTION('',(-1.,0.,0.));
#17435 = ORIENTED_EDGE('',*,*,#17436,.F.);
#17436 = EDGE_CURVE('',#17437,#17429,#17439,.T.);
#17437 = VERTEX_POINT('',#17438);
#17438 = CARTESIAN_POINT('',(214.,-120.,0.));
#17439 = LINE('',#17440,#17441);
#17440 = CARTESIAN_POINT('',(214.,-120.,0.));
#17441 = VECTOR('',#17442,1.);
#17442 = DIRECTION('',(0.,0.,1.));
#17443 = ORIENTED_EDGE('',*,*,#17444,.F.);
#17444 = EDGE_CURVE('',#17419,#17437,#17445,.T.);
#17445 = LINE('',#17446,#17447);
#17446 = CARTESIAN_POINT('',(238.,-120.,0.));
#17447 = VECTOR('',#17448,1.);
#17448 = DIRECTION('',(-1.,0.,0.));
#17449 = PLANE('',#17450);
#17450 = AXIS2_PLACEMENT_3D('',#17451,#17452,#17453);
#17451 = CARTESIAN_POINT('',(238.,-120.,0.));
#17452 = DIRECTION('',(0.,-1.,0.));
#17453 = DIRECTION('',(-1.,0.,0.));
#17454 = ADVANCED_FACE('',(#17455),#17480,.T.);
#17455 = FACE_BOUND('',#17456,.T.);
#17456 = EDGE_LOOP('',(#17457,#17467,#17473,#17474));
#17457 = ORIENTED_EDGE('',*,*,#17458,.T.);
#17458 = EDGE_CURVE('',#17459,#17461,#17463,.T.);
#17459 = VERTEX_POINT('',#17460);
#17460 = CARTESIAN_POINT('',(238.,-75.5,0.));
#17461 = VERTEX_POINT('',#17462);
#17462 = CARTESIAN_POINT('',(238.,-75.5,1.51));
#17463 = LINE('',#17464,#17465);
#17464 = CARTESIAN_POINT('',(238.,-75.5,0.));
#17465 = VECTOR('',#17466,1.);
#17466 = DIRECTION('',(0.,0.,1.));
#17467 = ORIENTED_EDGE('',*,*,#17468,.T.);
#17468 = EDGE_CURVE('',#17461,#17421,#17469,.T.);
#17469 = LINE('',#17470,#17471);
#17470 = CARTESIAN_POINT('',(238.,-75.5,1.51));
#17471 = VECTOR('',#17472,1.);
#17472 = DIRECTION('',(0.,-1.,0.));
#17473 = ORIENTED_EDGE('',*,*,#17418,.F.);
#17474 = ORIENTED_EDGE('',*,*,#17475,.F.);
#17475 = EDGE_CURVE('',#17459,#17419,#17476,.T.);
#17476 = LINE('',#17477,#17478);
#17477 = CARTESIAN_POINT('',(238.,-75.5,0.));
#17478 = VECTOR('',#17479,1.);
#17479 = DIRECTION('',(0.,-1.,0.));
#17480 = PLANE('',#17481);
#17481 = AXIS2_PLACEMENT_3D('',#17482,#17483,#17484);
#17482 = CARTESIAN_POINT('',(238.,-75.5,0.));
#17483 = DIRECTION('',(1.,0.,-0.));
#17484 = DIRECTION('',(0.,-1.,0.));
#17485 = ADVANCED_FACE('',(#17486),#17511,.T.);
#17486 = FACE_BOUND('',#17487,.T.);
#17487 = EDGE_LOOP('',(#17488,#17489,#17497,#17505));
#17488 = ORIENTED_EDGE('',*,*,#17436,.T.);
#17489 = ORIENTED_EDGE('',*,*,#17490,.T.);
#17490 = EDGE_CURVE('',#17429,#17491,#17493,.T.);
#17491 = VERTEX_POINT('',#17492);
#17492 = CARTESIAN_POINT('',(214.,-126.5,1.51));
#17493 = LINE('',#17494,#17495);
#17494 = CARTESIAN_POINT('',(214.,-120.,1.51));
#17495 = VECTOR('',#17496,1.);
#17496 = DIRECTION('',(0.,-1.,0.));
#17497 = ORIENTED_EDGE('',*,*,#17498,.F.);
#17498 = EDGE_CURVE('',#17499,#17491,#17501,.T.);
#17499 = VERTEX_POINT('',#17500);
#17500 = CARTESIAN_POINT('',(214.,-126.5,0.));
#17501 = LINE('',#17502,#17503);
#17502 = CARTESIAN_POINT('',(214.,-126.5,0.));
#17503 = VECTOR('',#17504,1.);
#17504 = DIRECTION('',(0.,0.,1.));
#17505 = ORIENTED_EDGE('',*,*,#17506,.F.);
#17506 = EDGE_CURVE('',#17437,#17499,#17507,.T.);
#17507 = LINE('',#17508,#17509);
#17508 = CARTESIAN_POINT('',(214.,-120.,0.));
#17509 = VECTOR('',#17510,1.);
#17510 = DIRECTION('',(0.,-1.,0.));
#17511 = PLANE('',#17512);
#17512 = AXIS2_PLACEMENT_3D('',#17513,#17514,#17515);
#17513 = CARTESIAN_POINT('',(214.,-120.,0.));
#17514 = DIRECTION('',(1.,0.,-0.));
#17515 = DIRECTION('',(0.,-1.,0.));
#17516 = ADVANCED_FACE('',(#17517,#17592,#17603,#17614,#17625,#17636,
    #17647,#17658,#17669,#17680,#17691,#17702,#17713,#17724,#17735,
    #17746,#17757,#17768,#17779,#17790,#17801,#17812,#17823,#17834,
    #17845,#17856,#17867,#17878,#17889,#17900,#17911,#17922,#17933,
    #17944,#17955,#17966,#17977,#17988,#17999,#18010,#18046),#18082,.F.
  );
#17517 = FACE_BOUND('',#17518,.F.);
#17518 = EDGE_LOOP('',(#17519,#17520,#17521,#17529,#17537,#17545,#17553,
    #17561,#17569,#17577,#17585,#17591));
#17519 = ORIENTED_EDGE('',*,*,#17444,.F.);
#17520 = ORIENTED_EDGE('',*,*,#17475,.F.);
#17521 = ORIENTED_EDGE('',*,*,#17522,.F.);
#17522 = EDGE_CURVE('',#17523,#17459,#17525,.T.);
#17523 = VERTEX_POINT('',#17524);
#17524 = CARTESIAN_POINT('',(140.,-75.5,0.));
#17525 = LINE('',#17526,#17527);
#17526 = CARTESIAN_POINT('',(140.,-75.5,0.));
#17527 = VECTOR('',#17528,1.);
#17528 = DIRECTION('',(1.,0.,0.));
#17529 = ORIENTED_EDGE('',*,*,#17530,.F.);
#17530 = EDGE_CURVE('',#17531,#17523,#17533,.T.);
#17531 = VERTEX_POINT('',#17532);
#17532 = CARTESIAN_POINT('',(140.,-120.,0.));
#17533 = LINE('',#17534,#17535);
#17534 = CARTESIAN_POINT('',(140.,-120.,0.));
#17535 = VECTOR('',#17536,1.);
#17536 = DIRECTION('',(0.,1.,0.));
#17537 = ORIENTED_EDGE('',*,*,#17538,.F.);
#17538 = EDGE_CURVE('',#17539,#17531,#17541,.T.);
#17539 = VERTEX_POINT('',#17540);
#17540 = CARTESIAN_POINT('',(164.,-120.,0.));
#17541 = LINE('',#17542,#17543);
#17542 = CARTESIAN_POINT('',(164.,-120.,0.));
#17543 = VECTOR('',#17544,1.);
#17544 = DIRECTION('',(-1.,0.,0.));
#17545 = ORIENTED_EDGE('',*,*,#17546,.F.);
#17546 = EDGE_CURVE('',#17547,#17539,#17549,.T.);
#17547 = VERTEX_POINT('',#17548);
#17548 = CARTESIAN_POINT('',(164.,-126.5,0.));
#17549 = LINE('',#17550,#17551);
#17550 = CARTESIAN_POINT('',(164.,-126.5,0.));
#17551 = VECTOR('',#17552,1.);
#17552 = DIRECTION('',(0.,1.,0.));
#17553 = ORIENTED_EDGE('',*,*,#17554,.F.);
#17554 = EDGE_CURVE('',#17555,#17547,#17557,.T.);
#17555 = VERTEX_POINT('',#17556);
#17556 = CARTESIAN_POINT('',(185.,-126.5,0.));
#17557 = LINE('',#17558,#17559);
#17558 = CARTESIAN_POINT('',(185.,-126.5,0.));
#17559 = VECTOR('',#17560,1.);
#17560 = DIRECTION('',(-1.,0.,0.));
#17561 = ORIENTED_EDGE('',*,*,#17562,.F.);
#17562 = EDGE_CURVE('',#17563,#17555,#17565,.T.);
#17563 = VERTEX_POINT('',#17564);
#17564 = CARTESIAN_POINT('',(185.,-149.5,0.));
#17565 = LINE('',#17566,#17567);
#17566 = CARTESIAN_POINT('',(185.,-149.5,0.));
#17567 = VECTOR('',#17568,1.);
#17568 = DIRECTION('',(0.,1.,0.));
#17569 = ORIENTED_EDGE('',*,*,#17570,.F.);
#17570 = EDGE_CURVE('',#17571,#17563,#17573,.T.);
#17571 = VERTEX_POINT('',#17572);
#17572 = CARTESIAN_POINT('',(193.,-149.5,0.));
#17573 = LINE('',#17574,#17575);
#17574 = CARTESIAN_POINT('',(193.,-149.5,0.));
#17575 = VECTOR('',#17576,1.);
#17576 = DIRECTION('',(-1.,0.,0.));
#17577 = ORIENTED_EDGE('',*,*,#17578,.F.);
#17578 = EDGE_CURVE('',#17579,#17571,#17581,.T.);
#17579 = VERTEX_POINT('',#17580);
#17580 = CARTESIAN_POINT('',(193.,-126.5,0.));
#17581 = LINE('',#17582,#17583);
#17582 = CARTESIAN_POINT('',(193.,-126.5,0.));
#17583 = VECTOR('',#17584,1.);
#17584 = DIRECTION('',(0.,-1.,0.));
#17585 = ORIENTED_EDGE('',*,*,#17586,.F.);
#17586 = EDGE_CURVE('',#17499,#17579,#17587,.T.);
#17587 = LINE('',#17588,#17589);
#17588 = CARTESIAN_POINT('',(214.,-126.5,0.));
#17589 = VECTOR('',#17590,1.);
#17590 = DIRECTION('',(-1.,0.,0.));
#17591 = ORIENTED_EDGE('',*,*,#17506,.F.);
#17592 = FACE_BOUND('',#17593,.F.);
#17593 = EDGE_LOOP('',(#17594));
#17594 = ORIENTED_EDGE('',*,*,#17595,.T.);
#17595 = EDGE_CURVE('',#17596,#17596,#17598,.T.);
#17596 = VERTEX_POINT('',#17597);
#17597 = CARTESIAN_POINT('',(167.,-124.4,0.));
#17598 = CIRCLE('',#17599,0.4);
#17599 = AXIS2_PLACEMENT_3D('',#17600,#17601,#17602);
#17600 = CARTESIAN_POINT('',(167.,-124.,0.));
#17601 = DIRECTION('',(-0.,0.,-1.));
#17602 = DIRECTION('',(-0.,-1.,0.));
#17603 = FACE_BOUND('',#17604,.F.);
#17604 = EDGE_LOOP('',(#17605));
#17605 = ORIENTED_EDGE('',*,*,#17606,.T.);
#17606 = EDGE_CURVE('',#17607,#17607,#17609,.T.);
#17607 = VERTEX_POINT('',#17608);
#17608 = CARTESIAN_POINT('',(169.,-124.4,0.));
#17609 = CIRCLE('',#17610,0.4);
#17610 = AXIS2_PLACEMENT_3D('',#17611,#17612,#17613);
#17611 = CARTESIAN_POINT('',(169.,-124.,0.));
#17612 = DIRECTION('',(-0.,0.,-1.));
#17613 = DIRECTION('',(-0.,-1.,0.));
#17614 = FACE_BOUND('',#17615,.F.);
#17615 = EDGE_LOOP('',(#17616));
#17616 = ORIENTED_EDGE('',*,*,#17617,.T.);
#17617 = EDGE_CURVE('',#17618,#17618,#17620,.T.);
#17618 = VERTEX_POINT('',#17619);
#17619 = CARTESIAN_POINT('',(171.,-124.4,0.));
#17620 = CIRCLE('',#17621,0.4);
#17621 = AXIS2_PLACEMENT_3D('',#17622,#17623,#17624);
#17622 = CARTESIAN_POINT('',(171.,-124.,0.));
#17623 = DIRECTION('',(-0.,0.,-1.));
#17624 = DIRECTION('',(-0.,-1.,0.));
#17625 = FACE_BOUND('',#17626,.F.);
#17626 = EDGE_LOOP('',(#17627));
#17627 = ORIENTED_EDGE('',*,*,#17628,.T.);
#17628 = EDGE_CURVE('',#17629,#17629,#17631,.T.);
#17629 = VERTEX_POINT('',#17630);
#17630 = CARTESIAN_POINT('',(173.,-124.4,0.));
#17631 = CIRCLE('',#17632,0.4);
#17632 = AXIS2_PLACEMENT_3D('',#17633,#17634,#17635);
#17633 = CARTESIAN_POINT('',(173.,-124.,0.));
#17634 = DIRECTION('',(-0.,0.,-1.));
#17635 = DIRECTION('',(-0.,-1.,0.));
#17636 = FACE_BOUND('',#17637,.F.);
#17637 = EDGE_LOOP('',(#17638));
#17638 = ORIENTED_EDGE('',*,*,#17639,.T.);
#17639 = EDGE_CURVE('',#17640,#17640,#17642,.T.);
#17640 = VERTEX_POINT('',#17641);
#17641 = CARTESIAN_POINT('',(175.,-124.4,0.));
#17642 = CIRCLE('',#17643,0.4);
#17643 = AXIS2_PLACEMENT_3D('',#17644,#17645,#17646);
#17644 = CARTESIAN_POINT('',(175.,-124.,0.));
#17645 = DIRECTION('',(-0.,0.,-1.));
#17646 = DIRECTION('',(-0.,-1.,0.));
#17647 = FACE_BOUND('',#17648,.F.);
#17648 = EDGE_LOOP('',(#17649));
#17649 = ORIENTED_EDGE('',*,*,#17650,.T.);
#17650 = EDGE_CURVE('',#17651,#17651,#17653,.T.);
#17651 = VERTEX_POINT('',#17652);
#17652 = CARTESIAN_POINT('',(177.,-124.4,0.));
#17653 = CIRCLE('',#17654,0.4);
#17654 = AXIS2_PLACEMENT_3D('',#17655,#17656,#17657);
#17655 = CARTESIAN_POINT('',(177.,-124.,0.));
#17656 = DIRECTION('',(-0.,0.,-1.));
#17657 = DIRECTION('',(-0.,-1.,0.));
#17658 = FACE_BOUND('',#17659,.F.);
#17659 = EDGE_LOOP('',(#17660));
#17660 = ORIENTED_EDGE('',*,*,#17661,.T.);
#17661 = EDGE_CURVE('',#17662,#17662,#17664,.T.);
#17662 = VERTEX_POINT('',#17663);
#17663 = CARTESIAN_POINT('',(171.96791,-118.185576,0.));
#17664 = CIRCLE('',#17665,0.4);
#17665 = AXIS2_PLACEMENT_3D('',#17666,#17667,#17668);
#17666 = CARTESIAN_POINT('',(171.96791,-117.785576,0.));
#17667 = DIRECTION('',(-0.,0.,-1.));
#17668 = DIRECTION('',(-7.105427357601E-14,-1.,0.));
#17669 = FACE_BOUND('',#17670,.F.);
#17670 = EDGE_LOOP('',(#17671));
#17671 = ORIENTED_EDGE('',*,*,#17672,.T.);
#17672 = EDGE_CURVE('',#17673,#17673,#17675,.T.);
#17673 = VERTEX_POINT('',#17674);
#17674 = CARTESIAN_POINT('',(173.5,-116.9,0.));
#17675 = CIRCLE('',#17676,0.4);
#17676 = AXIS2_PLACEMENT_3D('',#17677,#17678,#17679);
#17677 = CARTESIAN_POINT('',(173.5,-116.5,0.));
#17678 = DIRECTION('',(-0.,0.,-1.));
#17679 = DIRECTION('',(-0.,-1.,0.));
#17680 = FACE_BOUND('',#17681,.F.);
#17681 = EDGE_LOOP('',(#17682));
#17682 = ORIENTED_EDGE('',*,*,#17683,.T.);
#17683 = EDGE_CURVE('',#17684,#17684,#17686,.T.);
#17684 = VERTEX_POINT('',#17685);
#17685 = CARTESIAN_POINT('',(175.032087,-115.614425,0.));
#17686 = CIRCLE('',#17687,0.4);
#17687 = AXIS2_PLACEMENT_3D('',#17688,#17689,#17690);
#17688 = CARTESIAN_POINT('',(175.032087,-115.214425,0.));
#17689 = DIRECTION('',(-0.,0.,-1.));
#17690 = DIRECTION('',(-0.,-1.,0.));
#17691 = FACE_BOUND('',#17692,.F.);
#17692 = EDGE_LOOP('',(#17693));
#17693 = ORIENTED_EDGE('',*,*,#17694,.T.);
#17694 = EDGE_CURVE('',#17695,#17695,#17697,.T.);
#17695 = VERTEX_POINT('',#17696);
#17696 = CARTESIAN_POINT('',(179.,-124.4,0.));
#17697 = CIRCLE('',#17698,0.4);
#17698 = AXIS2_PLACEMENT_3D('',#17699,#17700,#17701);
#17699 = CARTESIAN_POINT('',(179.,-124.,0.));
#17700 = DIRECTION('',(-0.,0.,-1.));
#17701 = DIRECTION('',(-0.,-1.,0.));
#17702 = FACE_BOUND('',#17703,.F.);
#17703 = EDGE_LOOP('',(#17704));
#17704 = ORIENTED_EDGE('',*,*,#17705,.T.);
#17705 = EDGE_CURVE('',#17706,#17706,#17708,.T.);
#17706 = VERTEX_POINT('',#17707);
#17707 = CARTESIAN_POINT('',(181.,-124.4,0.));
#17708 = CIRCLE('',#17709,0.4);
#17709 = AXIS2_PLACEMENT_3D('',#17710,#17711,#17712);
#17710 = CARTESIAN_POINT('',(181.,-124.,0.));
#17711 = DIRECTION('',(-0.,0.,-1.));
#17712 = DIRECTION('',(-0.,-1.,0.));
#17713 = FACE_BOUND('',#17714,.F.);
#17714 = EDGE_LOOP('',(#17715));
#17715 = ORIENTED_EDGE('',*,*,#17716,.T.);
#17716 = EDGE_CURVE('',#17717,#17717,#17719,.T.);
#17717 = VERTEX_POINT('',#17718);
#17718 = CARTESIAN_POINT('',(186.75,-124.15,0.));
#17719 = CIRCLE('',#17720,0.4);
#17720 = AXIS2_PLACEMENT_3D('',#17721,#17722,#17723);
#17721 = CARTESIAN_POINT('',(186.75,-123.75,0.));
#17722 = DIRECTION('',(-0.,0.,-1.));
#17723 = DIRECTION('',(-0.,-1.,0.));
#17724 = FACE_BOUND('',#17725,.F.);
#17725 = EDGE_LOOP('',(#17726));
#17726 = ORIENTED_EDGE('',*,*,#17727,.T.);
#17727 = EDGE_CURVE('',#17728,#17728,#17730,.T.);
#17728 = VERTEX_POINT('',#17729);
#17729 = CARTESIAN_POINT('',(186.75,-122.15,0.));
#17730 = CIRCLE('',#17731,0.4);
#17731 = AXIS2_PLACEMENT_3D('',#17732,#17733,#17734);
#17732 = CARTESIAN_POINT('',(186.75,-121.75,0.));
#17733 = DIRECTION('',(-0.,0.,-1.));
#17734 = DIRECTION('',(-0.,-1.,0.));
#17735 = FACE_BOUND('',#17736,.F.);
#17736 = EDGE_LOOP('',(#17737));
#17737 = ORIENTED_EDGE('',*,*,#17738,.T.);
#17738 = EDGE_CURVE('',#17739,#17739,#17741,.T.);
#17739 = VERTEX_POINT('',#17740);
#17740 = CARTESIAN_POINT('',(181.25,-118.65,0.));
#17741 = CIRCLE('',#17742,0.4);
#17742 = AXIS2_PLACEMENT_3D('',#17743,#17744,#17745);
#17743 = CARTESIAN_POINT('',(181.25,-118.25,0.));
#17744 = DIRECTION('',(-0.,0.,-1.));
#17745 = DIRECTION('',(-0.,-1.,0.));
#17746 = FACE_BOUND('',#17747,.F.);
#17747 = EDGE_LOOP('',(#17748));
#17748 = ORIENTED_EDGE('',*,*,#17749,.T.);
#17749 = EDGE_CURVE('',#17750,#17750,#17752,.T.);
#17750 = VERTEX_POINT('',#17751);
#17751 = CARTESIAN_POINT('',(181.25,-116.65,0.));
#17752 = CIRCLE('',#17753,0.4);
#17753 = AXIS2_PLACEMENT_3D('',#17754,#17755,#17756);
#17754 = CARTESIAN_POINT('',(181.25,-116.25,0.));
#17755 = DIRECTION('',(-0.,0.,-1.));
#17756 = DIRECTION('',(-0.,-1.,0.));
#17757 = FACE_BOUND('',#17758,.F.);
#17758 = EDGE_LOOP('',(#17759));
#17759 = ORIENTED_EDGE('',*,*,#17760,.T.);
#17760 = EDGE_CURVE('',#17761,#17761,#17763,.T.);
#17761 = VERTEX_POINT('',#17762);
#17762 = CARTESIAN_POINT('',(181.25,-114.65,0.));
#17763 = CIRCLE('',#17764,0.4);
#17764 = AXIS2_PLACEMENT_3D('',#17765,#17766,#17767);
#17765 = CARTESIAN_POINT('',(181.25,-114.25,0.));
#17766 = DIRECTION('',(-0.,0.,-1.));
#17767 = DIRECTION('',(-0.,-1.,0.));
#17768 = FACE_BOUND('',#17769,.F.);
#17769 = EDGE_LOOP('',(#17770));
#17770 = ORIENTED_EDGE('',*,*,#17771,.T.);
#17771 = EDGE_CURVE('',#17772,#17772,#17774,.T.);
#17772 = VERTEX_POINT('',#17773);
#17773 = CARTESIAN_POINT('',(186.75,-117.15,0.));
#17774 = CIRCLE('',#17775,0.4);
#17775 = AXIS2_PLACEMENT_3D('',#17776,#17777,#17778);
#17776 = CARTESIAN_POINT('',(186.75,-116.75,0.));
#17777 = DIRECTION('',(-0.,0.,-1.));
#17778 = DIRECTION('',(-0.,-1.,0.));
#17779 = FACE_BOUND('',#17780,.F.);
#17780 = EDGE_LOOP('',(#17781));
#17781 = ORIENTED_EDGE('',*,*,#17782,.T.);
#17782 = EDGE_CURVE('',#17783,#17783,#17785,.T.);
#17783 = VERTEX_POINT('',#17784);
#17784 = CARTESIAN_POINT('',(186.75,-115.15,0.));
#17785 = CIRCLE('',#17786,0.4);
#17786 = AXIS2_PLACEMENT_3D('',#17787,#17788,#17789);
#17787 = CARTESIAN_POINT('',(186.75,-114.75,0.));
#17788 = DIRECTION('',(-0.,0.,-1.));
#17789 = DIRECTION('',(-0.,-1.,0.));
#17790 = FACE_BOUND('',#17791,.F.);
#17791 = EDGE_LOOP('',(#17792));
#17792 = ORIENTED_EDGE('',*,*,#17793,.T.);
#17793 = EDGE_CURVE('',#17794,#17794,#17796,.T.);
#17794 = VERTEX_POINT('',#17795);
#17795 = CARTESIAN_POINT('',(186.75,-113.15,0.));
#17796 = CIRCLE('',#17797,0.4);
#17797 = AXIS2_PLACEMENT_3D('',#17798,#17799,#17800);
#17798 = CARTESIAN_POINT('',(186.75,-112.75,0.));
#17799 = DIRECTION('',(-0.,0.,-1.));
#17800 = DIRECTION('',(-0.,-1.,0.));
#17801 = FACE_BOUND('',#17802,.F.);
#17802 = EDGE_LOOP('',(#17803));
#17803 = ORIENTED_EDGE('',*,*,#17804,.T.);
#17804 = EDGE_CURVE('',#17805,#17805,#17807,.T.);
#17805 = VERTEX_POINT('',#17806);
#17806 = CARTESIAN_POINT('',(192.3,-124.15,0.));
#17807 = CIRCLE('',#17808,0.4);
#17808 = AXIS2_PLACEMENT_3D('',#17809,#17810,#17811);
#17809 = CARTESIAN_POINT('',(192.3,-123.75,0.));
#17810 = DIRECTION('',(-0.,0.,-1.));
#17811 = DIRECTION('',(-0.,-1.,0.));
#17812 = FACE_BOUND('',#17813,.F.);
#17813 = EDGE_LOOP('',(#17814));
#17814 = ORIENTED_EDGE('',*,*,#17815,.T.);
#17815 = EDGE_CURVE('',#17816,#17816,#17818,.T.);
#17816 = VERTEX_POINT('',#17817);
#17817 = CARTESIAN_POINT('',(192.3,-122.15,0.));
#17818 = CIRCLE('',#17819,0.4);
#17819 = AXIS2_PLACEMENT_3D('',#17820,#17821,#17822);
#17820 = CARTESIAN_POINT('',(192.3,-121.75,0.));
#17821 = DIRECTION('',(-0.,0.,-1.));
#17822 = DIRECTION('',(-0.,-1.,0.));
#17823 = FACE_BOUND('',#17824,.F.);
#17824 = EDGE_LOOP('',(#17825));
#17825 = ORIENTED_EDGE('',*,*,#17826,.T.);
#17826 = EDGE_CURVE('',#17827,#17827,#17829,.T.);
#17827 = VERTEX_POINT('',#17828);
#17828 = CARTESIAN_POINT('',(197.,-124.4,0.));
#17829 = CIRCLE('',#17830,0.4);
#17830 = AXIS2_PLACEMENT_3D('',#17831,#17832,#17833);
#17831 = CARTESIAN_POINT('',(197.,-124.,0.));
#17832 = DIRECTION('',(-0.,0.,-1.));
#17833 = DIRECTION('',(-0.,-1.,0.));
#17834 = FACE_BOUND('',#17835,.F.);
#17835 = EDGE_LOOP('',(#17836));
#17836 = ORIENTED_EDGE('',*,*,#17837,.T.);
#17837 = EDGE_CURVE('',#17838,#17838,#17840,.T.);
#17838 = VERTEX_POINT('',#17839);
#17839 = CARTESIAN_POINT('',(199.,-124.4,0.));
#17840 = CIRCLE('',#17841,0.4);
#17841 = AXIS2_PLACEMENT_3D('',#17842,#17843,#17844);
#17842 = CARTESIAN_POINT('',(199.,-124.,0.));
#17843 = DIRECTION('',(-0.,0.,-1.));
#17844 = DIRECTION('',(-0.,-1.,0.));
#17845 = FACE_BOUND('',#17846,.F.);
#17846 = EDGE_LOOP('',(#17847));
#17847 = ORIENTED_EDGE('',*,*,#17848,.T.);
#17848 = EDGE_CURVE('',#17849,#17849,#17851,.T.);
#17849 = VERTEX_POINT('',#17850);
#17850 = CARTESIAN_POINT('',(192.3,-117.15,0.));
#17851 = CIRCLE('',#17852,0.4);
#17852 = AXIS2_PLACEMENT_3D('',#17853,#17854,#17855);
#17853 = CARTESIAN_POINT('',(192.3,-116.75,0.));
#17854 = DIRECTION('',(-0.,0.,-1.));
#17855 = DIRECTION('',(-0.,-1.,0.));
#17856 = FACE_BOUND('',#17857,.F.);
#17857 = EDGE_LOOP('',(#17858));
#17858 = ORIENTED_EDGE('',*,*,#17859,.T.);
#17859 = EDGE_CURVE('',#17860,#17860,#17862,.T.);
#17860 = VERTEX_POINT('',#17861);
#17861 = CARTESIAN_POINT('',(192.3,-115.15,0.));
#17862 = CIRCLE('',#17863,0.4);
#17863 = AXIS2_PLACEMENT_3D('',#17864,#17865,#17866);
#17864 = CARTESIAN_POINT('',(192.3,-114.75,0.));
#17865 = DIRECTION('',(-0.,0.,-1.));
#17866 = DIRECTION('',(-0.,-1.,0.));
#17867 = FACE_BOUND('',#17868,.F.);
#17868 = EDGE_LOOP('',(#17869));
#17869 = ORIENTED_EDGE('',*,*,#17870,.T.);
#17870 = EDGE_CURVE('',#17871,#17871,#17873,.T.);
#17871 = VERTEX_POINT('',#17872);
#17872 = CARTESIAN_POINT('',(197.75,-118.65,0.));
#17873 = CIRCLE('',#17874,0.4);
#17874 = AXIS2_PLACEMENT_3D('',#17875,#17876,#17877);
#17875 = CARTESIAN_POINT('',(197.75,-118.25,0.));
#17876 = DIRECTION('',(-0.,0.,-1.));
#17877 = DIRECTION('',(-0.,-1.,0.));
#17878 = FACE_BOUND('',#17879,.F.);
#17879 = EDGE_LOOP('',(#17880));
#17880 = ORIENTED_EDGE('',*,*,#17881,.T.);
#17881 = EDGE_CURVE('',#17882,#17882,#17884,.T.);
#17882 = VERTEX_POINT('',#17883);
#17883 = CARTESIAN_POINT('',(197.75,-116.65,0.));
#17884 = CIRCLE('',#17885,0.4);
#17885 = AXIS2_PLACEMENT_3D('',#17886,#17887,#17888);
#17886 = CARTESIAN_POINT('',(197.75,-116.25,0.));
#17887 = DIRECTION('',(-0.,0.,-1.));
#17888 = DIRECTION('',(-0.,-1.,0.));
#17889 = FACE_BOUND('',#17890,.F.);
#17890 = EDGE_LOOP('',(#17891));
#17891 = ORIENTED_EDGE('',*,*,#17892,.T.);
#17892 = EDGE_CURVE('',#17893,#17893,#17895,.T.);
#17893 = VERTEX_POINT('',#17894);
#17894 = CARTESIAN_POINT('',(197.75,-114.65,0.));
#17895 = CIRCLE('',#17896,0.4);
#17896 = AXIS2_PLACEMENT_3D('',#17897,#17898,#17899);
#17897 = CARTESIAN_POINT('',(197.75,-114.25,0.));
#17898 = DIRECTION('',(-0.,0.,-1.));
#17899 = DIRECTION('',(-0.,-1.,0.));
#17900 = FACE_BOUND('',#17901,.F.);
#17901 = EDGE_LOOP('',(#17902));
#17902 = ORIENTED_EDGE('',*,*,#17903,.T.);
#17903 = EDGE_CURVE('',#17904,#17904,#17906,.T.);
#17904 = VERTEX_POINT('',#17905);
#17905 = CARTESIAN_POINT('',(201.,-124.4,0.));
#17906 = CIRCLE('',#17907,0.4);
#17907 = AXIS2_PLACEMENT_3D('',#17908,#17909,#17910);
#17908 = CARTESIAN_POINT('',(201.,-124.,0.));
#17909 = DIRECTION('',(-0.,0.,-1.));
#17910 = DIRECTION('',(-0.,-1.,0.));
#17911 = FACE_BOUND('',#17912,.F.);
#17912 = EDGE_LOOP('',(#17913));
#17913 = ORIENTED_EDGE('',*,*,#17914,.T.);
#17914 = EDGE_CURVE('',#17915,#17915,#17917,.T.);
#17915 = VERTEX_POINT('',#17916);
#17916 = CARTESIAN_POINT('',(203.,-124.4,0.));
#17917 = CIRCLE('',#17918,0.4);
#17918 = AXIS2_PLACEMENT_3D('',#17919,#17920,#17921);
#17919 = CARTESIAN_POINT('',(203.,-124.,0.));
#17920 = DIRECTION('',(-0.,0.,-1.));
#17921 = DIRECTION('',(-0.,-1.,0.));
#17922 = FACE_BOUND('',#17923,.F.);
#17923 = EDGE_LOOP('',(#17924));
#17924 = ORIENTED_EDGE('',*,*,#17925,.T.);
#17925 = EDGE_CURVE('',#17926,#17926,#17928,.T.);
#17926 = VERTEX_POINT('',#17927);
#17927 = CARTESIAN_POINT('',(205.,-124.4,0.));
#17928 = CIRCLE('',#17929,0.4);
#17929 = AXIS2_PLACEMENT_3D('',#17930,#17931,#17932);
#17930 = CARTESIAN_POINT('',(205.,-124.,0.));
#17931 = DIRECTION('',(-0.,0.,-1.));
#17932 = DIRECTION('',(-0.,-1.,0.));
#17933 = FACE_BOUND('',#17934,.F.);
#17934 = EDGE_LOOP('',(#17935));
#17935 = ORIENTED_EDGE('',*,*,#17936,.T.);
#17936 = EDGE_CURVE('',#17937,#17937,#17939,.T.);
#17937 = VERTEX_POINT('',#17938);
#17938 = CARTESIAN_POINT('',(207.,-124.4,0.));
#17939 = CIRCLE('',#17940,0.4);
#17940 = AXIS2_PLACEMENT_3D('',#17941,#17942,#17943);
#17941 = CARTESIAN_POINT('',(207.,-124.,0.));
#17942 = DIRECTION('',(-0.,0.,-1.));
#17943 = DIRECTION('',(-0.,-1.,0.));
#17944 = FACE_BOUND('',#17945,.F.);
#17945 = EDGE_LOOP('',(#17946));
#17946 = ORIENTED_EDGE('',*,*,#17947,.T.);
#17947 = EDGE_CURVE('',#17948,#17948,#17950,.T.);
#17948 = VERTEX_POINT('',#17949);
#17949 = CARTESIAN_POINT('',(209.,-124.4,0.));
#17950 = CIRCLE('',#17951,0.4);
#17951 = AXIS2_PLACEMENT_3D('',#17952,#17953,#17954);
#17952 = CARTESIAN_POINT('',(209.,-124.,0.));
#17953 = DIRECTION('',(-0.,0.,-1.));
#17954 = DIRECTION('',(-0.,-1.,0.));
#17955 = FACE_BOUND('',#17956,.F.);
#17956 = EDGE_LOOP('',(#17957));
#17957 = ORIENTED_EDGE('',*,*,#17958,.T.);
#17958 = EDGE_CURVE('',#17959,#17959,#17961,.T.);
#17959 = VERTEX_POINT('',#17960);
#17960 = CARTESIAN_POINT('',(211.,-124.4,0.));
#17961 = CIRCLE('',#17962,0.4);
#17962 = AXIS2_PLACEMENT_3D('',#17963,#17964,#17965);
#17963 = CARTESIAN_POINT('',(211.,-124.,0.));
#17964 = DIRECTION('',(-0.,0.,-1.));
#17965 = DIRECTION('',(-0.,-1.,0.));
#17966 = FACE_BOUND('',#17967,.F.);
#17967 = EDGE_LOOP('',(#17968));
#17968 = ORIENTED_EDGE('',*,*,#17969,.T.);
#17969 = EDGE_CURVE('',#17970,#17970,#17972,.T.);
#17970 = VERTEX_POINT('',#17971);
#17971 = CARTESIAN_POINT('',(205.103534,-115.978676,0.));
#17972 = CIRCLE('',#17973,0.4);
#17973 = AXIS2_PLACEMENT_3D('',#17974,#17975,#17976);
#17974 = CARTESIAN_POINT('',(205.103534,-115.578676,0.));
#17975 = DIRECTION('',(-0.,0.,-1.));
#17976 = DIRECTION('',(-0.,-1.,0.));
#17977 = FACE_BOUND('',#17978,.F.);
#17978 = EDGE_LOOP('',(#17979));
#17979 = ORIENTED_EDGE('',*,*,#17980,.T.);
#17980 = EDGE_CURVE('',#17981,#17981,#17983,.T.);
#17981 = VERTEX_POINT('',#17982);
#17982 = CARTESIAN_POINT('',(203.571444,-114.6931,0.));
#17983 = CIRCLE('',#17984,0.4);
#17984 = AXIS2_PLACEMENT_3D('',#17985,#17986,#17987);
#17985 = CARTESIAN_POINT('',(203.571444,-114.2931,0.));
#17986 = DIRECTION('',(-0.,0.,-1.));
#17987 = DIRECTION('',(7.105427357601E-14,-1.,-0.));
#17988 = FACE_BOUND('',#17989,.F.);
#17989 = EDGE_LOOP('',(#17990));
#17990 = ORIENTED_EDGE('',*,*,#17991,.T.);
#17991 = EDGE_CURVE('',#17992,#17992,#17994,.T.);
#17992 = VERTEX_POINT('',#17993);
#17993 = CARTESIAN_POINT('',(206.635621,-117.264251,0.));
#17994 = CIRCLE('',#17995,0.4);
#17995 = AXIS2_PLACEMENT_3D('',#17996,#17997,#17998);
#17996 = CARTESIAN_POINT('',(206.635621,-116.864251,0.));
#17997 = DIRECTION('',(-0.,0.,-1.));
#17998 = DIRECTION('',(-7.105427357601E-14,-1.,0.));
#17999 = FACE_BOUND('',#18000,.F.);
#18000 = EDGE_LOOP('',(#18001));
#18001 = ORIENTED_EDGE('',*,*,#18002,.T.);
#18002 = EDGE_CURVE('',#18003,#18003,#18005,.T.);
#18003 = VERTEX_POINT('',#18004);
#18004 = CARTESIAN_POINT('',(192.3,-113.15,0.));
#18005 = CIRCLE('',#18006,0.4);
#18006 = AXIS2_PLACEMENT_3D('',#18007,#18008,#18009);
#18007 = CARTESIAN_POINT('',(192.3,-112.75,0.));
#18008 = DIRECTION('',(-0.,0.,-1.));
#18009 = DIRECTION('',(-0.,-1.,0.));
#18010 = FACE_BOUND('',#18011,.F.);
#18011 = EDGE_LOOP('',(#18012,#18023,#18031,#18040));
#18012 = ORIENTED_EDGE('',*,*,#18013,.F.);
#18013 = EDGE_CURVE('',#18014,#18016,#18018,.T.);
#18014 = VERTEX_POINT('',#18015);
#18015 = CARTESIAN_POINT('',(179.,-84.5,0.));
#18016 = VERTEX_POINT('',#18017);
#18017 = CARTESIAN_POINT('',(171.,-84.5,0.));
#18018 = CIRCLE('',#18019,4.);
#18019 = AXIS2_PLACEMENT_3D('',#18020,#18021,#18022);
#18020 = CARTESIAN_POINT('',(175.,-84.5,0.));
#18021 = DIRECTION('',(0.,0.,1.));
#18022 = DIRECTION('',(1.,0.,-0.));
#18023 = ORIENTED_EDGE('',*,*,#18024,.F.);
#18024 = EDGE_CURVE('',#18025,#18014,#18027,.T.);
#18025 = VERTEX_POINT('',#18026);
#18026 = CARTESIAN_POINT('',(179.,-94.5,0.));
#18027 = LINE('',#18028,#18029);
#18028 = CARTESIAN_POINT('',(179.,-94.5,0.));
#18029 = VECTOR('',#18030,1.);
#18030 = DIRECTION('',(0.,1.,0.));
#18031 = ORIENTED_EDGE('',*,*,#18032,.F.);
#18032 = EDGE_CURVE('',#18033,#18025,#18035,.T.);
#18033 = VERTEX_POINT('',#18034);
#18034 = CARTESIAN_POINT('',(171.,-94.5,0.));
#18035 = CIRCLE('',#18036,4.);
#18036 = AXIS2_PLACEMENT_3D('',#18037,#18038,#18039);
#18037 = CARTESIAN_POINT('',(175.,-94.5,0.));
#18038 = DIRECTION('',(0.,0.,1.));
#18039 = DIRECTION('',(-1.,0.,-0.));
#18040 = ORIENTED_EDGE('',*,*,#18041,.F.);
#18041 = EDGE_CURVE('',#18016,#18033,#18042,.T.);
#18042 = LINE('',#18043,#18044);
#18043 = CARTESIAN_POINT('',(171.,-84.5,0.));
#18044 = VECTOR('',#18045,1.);
#18045 = DIRECTION('',(0.,-1.,0.));
#18046 = FACE_BOUND('',#18047,.F.);
#18047 = EDGE_LOOP('',(#18048,#18059,#18067,#18076));
#18048 = ORIENTED_EDGE('',*,*,#18049,.F.);
#18049 = EDGE_CURVE('',#18050,#18052,#18054,.T.);
#18050 = VERTEX_POINT('',#18051);
#18051 = CARTESIAN_POINT('',(207.,-84.5,0.));
#18052 = VERTEX_POINT('',#18053);
#18053 = CARTESIAN_POINT('',(199.,-84.5,0.));
#18054 = CIRCLE('',#18055,4.);
#18055 = AXIS2_PLACEMENT_3D('',#18056,#18057,#18058);
#18056 = CARTESIAN_POINT('',(203.,-84.5,0.));
#18057 = DIRECTION('',(0.,0.,1.));
#18058 = DIRECTION('',(1.,0.,-0.));
#18059 = ORIENTED_EDGE('',*,*,#18060,.F.);
#18060 = EDGE_CURVE('',#18061,#18050,#18063,.T.);
#18061 = VERTEX_POINT('',#18062);
#18062 = CARTESIAN_POINT('',(207.,-94.5,0.));
#18063 = LINE('',#18064,#18065);
#18064 = CARTESIAN_POINT('',(207.,-94.5,0.));
#18065 = VECTOR('',#18066,1.);
#18066 = DIRECTION('',(0.,1.,0.));
#18067 = ORIENTED_EDGE('',*,*,#18068,.F.);
#18068 = EDGE_CURVE('',#18069,#18061,#18071,.T.);
#18069 = VERTEX_POINT('',#18070);
#18070 = CARTESIAN_POINT('',(199.,-94.5,0.));
#18071 = CIRCLE('',#18072,4.);
#18072 = AXIS2_PLACEMENT_3D('',#18073,#18074,#18075);
#18073 = CARTESIAN_POINT('',(203.,-94.5,0.));
#18074 = DIRECTION('',(0.,0.,1.));
#18075 = DIRECTION('',(-1.,0.,-0.));
#18076 = ORIENTED_EDGE('',*,*,#18077,.F.);
#18077 = EDGE_CURVE('',#18052,#18069,#18078,.T.);
#18078 = LINE('',#18079,#18080);
#18079 = CARTESIAN_POINT('',(199.,-84.5,0.));
#18080 = VECTOR('',#18081,1.);
#18081 = DIRECTION('',(0.,-1.,0.));
#18082 = PLANE('',#18083);
#18083 = AXIS2_PLACEMENT_3D('',#18084,#18085,#18086);
#18084 = CARTESIAN_POINT('',(0.,0.,0.));
#18085 = DIRECTION('',(0.,0.,1.));
#18086 = DIRECTION('',(1.,0.,-0.));
#18087 = ADVANCED_FACE('',(#18088,#18163,#18174,#18185,#18196,#18207,
    #18218,#18229,#18240,#18251,#18262,#18273,#18284,#18295,#18306,
    #18317,#18328,#18339,#18350,#18361,#18372,#18383,#18394,#18405,
    #18416,#18427,#18438,#18449,#18460,#18471,#18482,#18493,#18504,
    #18515,#18526,#18537,#18548,#18559,#18570,#18581,#18617),#18653,.T.
  );
#18088 = FACE_BOUND('',#18089,.T.);
#18089 = EDGE_LOOP('',(#18090,#18091,#18092,#18100,#18108,#18116,#18124,
    #18132,#18140,#18148,#18156,#18162));
#18090 = ORIENTED_EDGE('',*,*,#17428,.F.);
#18091 = ORIENTED_EDGE('',*,*,#17468,.F.);
#18092 = ORIENTED_EDGE('',*,*,#18093,.F.);
#18093 = EDGE_CURVE('',#18094,#17461,#18096,.T.);
#18094 = VERTEX_POINT('',#18095);
#18095 = CARTESIAN_POINT('',(140.,-75.5,1.51));
#18096 = LINE('',#18097,#18098);
#18097 = CARTESIAN_POINT('',(140.,-75.5,1.51));
#18098 = VECTOR('',#18099,1.);
#18099 = DIRECTION('',(1.,0.,0.));
#18100 = ORIENTED_EDGE('',*,*,#18101,.F.);
#18101 = EDGE_CURVE('',#18102,#18094,#18104,.T.);
#18102 = VERTEX_POINT('',#18103);
#18103 = CARTESIAN_POINT('',(140.,-120.,1.51));
#18104 = LINE('',#18105,#18106);
#18105 = CARTESIAN_POINT('',(140.,-120.,1.51));
#18106 = VECTOR('',#18107,1.);
#18107 = DIRECTION('',(0.,1.,0.));
#18108 = ORIENTED_EDGE('',*,*,#18109,.F.);
#18109 = EDGE_CURVE('',#18110,#18102,#18112,.T.);
#18110 = VERTEX_POINT('',#18111);
#18111 = CARTESIAN_POINT('',(164.,-120.,1.51));
#18112 = LINE('',#18113,#18114);
#18113 = CARTESIAN_POINT('',(164.,-120.,1.51));
#18114 = VECTOR('',#18115,1.);
#18115 = DIRECTION('',(-1.,0.,0.));
#18116 = ORIENTED_EDGE('',*,*,#18117,.F.);
#18117 = EDGE_CURVE('',#18118,#18110,#18120,.T.);
#18118 = VERTEX_POINT('',#18119);
#18119 = CARTESIAN_POINT('',(164.,-126.5,1.51));
#18120 = LINE('',#18121,#18122);
#18121 = CARTESIAN_POINT('',(164.,-126.5,1.51));
#18122 = VECTOR('',#18123,1.);
#18123 = DIRECTION('',(0.,1.,0.));
#18124 = ORIENTED_EDGE('',*,*,#18125,.F.);
#18125 = EDGE_CURVE('',#18126,#18118,#18128,.T.);
#18126 = VERTEX_POINT('',#18127);
#18127 = CARTESIAN_POINT('',(185.,-126.5,1.51));
#18128 = LINE('',#18129,#18130);
#18129 = CARTESIAN_POINT('',(185.,-126.5,1.51));
#18130 = VECTOR('',#18131,1.);
#18131 = DIRECTION('',(-1.,0.,0.));
#18132 = ORIENTED_EDGE('',*,*,#18133,.F.);
#18133 = EDGE_CURVE('',#18134,#18126,#18136,.T.);
#18134 = VERTEX_POINT('',#18135);
#18135 = CARTESIAN_POINT('',(185.,-149.5,1.51));
#18136 = LINE('',#18137,#18138);
#18137 = CARTESIAN_POINT('',(185.,-149.5,1.51));
#18138 = VECTOR('',#18139,1.);
#18139 = DIRECTION('',(0.,1.,0.));
#18140 = ORIENTED_EDGE('',*,*,#18141,.F.);
#18141 = EDGE_CURVE('',#18142,#18134,#18144,.T.);
#18142 = VERTEX_POINT('',#18143);
#18143 = CARTESIAN_POINT('',(193.,-149.5,1.51));
#18144 = LINE('',#18145,#18146);
#18145 = CARTESIAN_POINT('',(193.,-149.5,1.51));
#18146 = VECTOR('',#18147,1.);
#18147 = DIRECTION('',(-1.,0.,0.));
#18148 = ORIENTED_EDGE('',*,*,#18149,.F.);
#18149 = EDGE_CURVE('',#18150,#18142,#18152,.T.);
#18150 = VERTEX_POINT('',#18151);
#18151 = CARTESIAN_POINT('',(193.,-126.5,1.51));
#18152 = LINE('',#18153,#18154);
#18153 = CARTESIAN_POINT('',(193.,-126.5,1.51));
#18154 = VECTOR('',#18155,1.);
#18155 = DIRECTION('',(0.,-1.,0.));
#18156 = ORIENTED_EDGE('',*,*,#18157,.F.);
#18157 = EDGE_CURVE('',#17491,#18150,#18158,.T.);
#18158 = LINE('',#18159,#18160);
#18159 = CARTESIAN_POINT('',(214.,-126.5,1.51));
#18160 = VECTOR('',#18161,1.);
#18161 = DIRECTION('',(-1.,0.,0.));
#18162 = ORIENTED_EDGE('',*,*,#17490,.F.);
#18163 = FACE_BOUND('',#18164,.T.);
#18164 = EDGE_LOOP('',(#18165));
#18165 = ORIENTED_EDGE('',*,*,#18166,.T.);
#18166 = EDGE_CURVE('',#18167,#18167,#18169,.T.);
#18167 = VERTEX_POINT('',#18168);
#18168 = CARTESIAN_POINT('',(167.,-124.4,1.51));
#18169 = CIRCLE('',#18170,0.4);
#18170 = AXIS2_PLACEMENT_3D('',#18171,#18172,#18173);
#18171 = CARTESIAN_POINT('',(167.,-124.,1.51));
#18172 = DIRECTION('',(-0.,0.,-1.));
#18173 = DIRECTION('',(-0.,-1.,0.));
#18174 = FACE_BOUND('',#18175,.T.);
#18175 = EDGE_LOOP('',(#18176));
#18176 = ORIENTED_EDGE('',*,*,#18177,.T.);
#18177 = EDGE_CURVE('',#18178,#18178,#18180,.T.);
#18178 = VERTEX_POINT('',#18179);
#18179 = CARTESIAN_POINT('',(169.,-124.4,1.51));
#18180 = CIRCLE('',#18181,0.4);
#18181 = AXIS2_PLACEMENT_3D('',#18182,#18183,#18184);
#18182 = CARTESIAN_POINT('',(169.,-124.,1.51));
#18183 = DIRECTION('',(-0.,0.,-1.));
#18184 = DIRECTION('',(-0.,-1.,0.));
#18185 = FACE_BOUND('',#18186,.T.);
#18186 = EDGE_LOOP('',(#18187));
#18187 = ORIENTED_EDGE('',*,*,#18188,.T.);
#18188 = EDGE_CURVE('',#18189,#18189,#18191,.T.);
#18189 = VERTEX_POINT('',#18190);
#18190 = CARTESIAN_POINT('',(171.,-124.4,1.51));
#18191 = CIRCLE('',#18192,0.4);
#18192 = AXIS2_PLACEMENT_3D('',#18193,#18194,#18195);
#18193 = CARTESIAN_POINT('',(171.,-124.,1.51));
#18194 = DIRECTION('',(-0.,0.,-1.));
#18195 = DIRECTION('',(-0.,-1.,0.));
#18196 = FACE_BOUND('',#18197,.T.);
#18197 = EDGE_LOOP('',(#18198));
#18198 = ORIENTED_EDGE('',*,*,#18199,.T.);
#18199 = EDGE_CURVE('',#18200,#18200,#18202,.T.);
#18200 = VERTEX_POINT('',#18201);
#18201 = CARTESIAN_POINT('',(173.,-124.4,1.51));
#18202 = CIRCLE('',#18203,0.4);
#18203 = AXIS2_PLACEMENT_3D('',#18204,#18205,#18206);
#18204 = CARTESIAN_POINT('',(173.,-124.,1.51));
#18205 = DIRECTION('',(-0.,0.,-1.));
#18206 = DIRECTION('',(-0.,-1.,0.));
#18207 = FACE_BOUND('',#18208,.T.);
#18208 = EDGE_LOOP('',(#18209));
#18209 = ORIENTED_EDGE('',*,*,#18210,.T.);
#18210 = EDGE_CURVE('',#18211,#18211,#18213,.T.);
#18211 = VERTEX_POINT('',#18212);
#18212 = CARTESIAN_POINT('',(175.,-124.4,1.51));
#18213 = CIRCLE('',#18214,0.4);
#18214 = AXIS2_PLACEMENT_3D('',#18215,#18216,#18217);
#18215 = CARTESIAN_POINT('',(175.,-124.,1.51));
#18216 = DIRECTION('',(-0.,0.,-1.));
#18217 = DIRECTION('',(-0.,-1.,0.));
#18218 = FACE_BOUND('',#18219,.T.);
#18219 = EDGE_LOOP('',(#18220));
#18220 = ORIENTED_EDGE('',*,*,#18221,.T.);
#18221 = EDGE_CURVE('',#18222,#18222,#18224,.T.);
#18222 = VERTEX_POINT('',#18223);
#18223 = CARTESIAN_POINT('',(177.,-124.4,1.51));
#18224 = CIRCLE('',#18225,0.4);
#18225 = AXIS2_PLACEMENT_3D('',#18226,#18227,#18228);
#18226 = CARTESIAN_POINT('',(177.,-124.,1.51));
#18227 = DIRECTION('',(-0.,0.,-1.));
#18228 = DIRECTION('',(-0.,-1.,0.));
#18229 = FACE_BOUND('',#18230,.T.);
#18230 = EDGE_LOOP('',(#18231));
#18231 = ORIENTED_EDGE('',*,*,#18232,.T.);
#18232 = EDGE_CURVE('',#18233,#18233,#18235,.T.);
#18233 = VERTEX_POINT('',#18234);
#18234 = CARTESIAN_POINT('',(171.96791,-118.185576,1.51));
#18235 = CIRCLE('',#18236,0.4);
#18236 = AXIS2_PLACEMENT_3D('',#18237,#18238,#18239);
#18237 = CARTESIAN_POINT('',(171.96791,-117.785576,1.51));
#18238 = DIRECTION('',(-0.,0.,-1.));
#18239 = DIRECTION('',(-7.105427357601E-14,-1.,0.));
#18240 = FACE_BOUND('',#18241,.T.);
#18241 = EDGE_LOOP('',(#18242));
#18242 = ORIENTED_EDGE('',*,*,#18243,.T.);
#18243 = EDGE_CURVE('',#18244,#18244,#18246,.T.);
#18244 = VERTEX_POINT('',#18245);
#18245 = CARTESIAN_POINT('',(173.5,-116.9,1.51));
#18246 = CIRCLE('',#18247,0.4);
#18247 = AXIS2_PLACEMENT_3D('',#18248,#18249,#18250);
#18248 = CARTESIAN_POINT('',(173.5,-116.5,1.51));
#18249 = DIRECTION('',(-0.,0.,-1.));
#18250 = DIRECTION('',(-0.,-1.,0.));
#18251 = FACE_BOUND('',#18252,.T.);
#18252 = EDGE_LOOP('',(#18253));
#18253 = ORIENTED_EDGE('',*,*,#18254,.T.);
#18254 = EDGE_CURVE('',#18255,#18255,#18257,.T.);
#18255 = VERTEX_POINT('',#18256);
#18256 = CARTESIAN_POINT('',(175.032087,-115.614425,1.51));
#18257 = CIRCLE('',#18258,0.4);
#18258 = AXIS2_PLACEMENT_3D('',#18259,#18260,#18261);
#18259 = CARTESIAN_POINT('',(175.032087,-115.214425,1.51));
#18260 = DIRECTION('',(-0.,0.,-1.));
#18261 = DIRECTION('',(-0.,-1.,0.));
#18262 = FACE_BOUND('',#18263,.T.);
#18263 = EDGE_LOOP('',(#18264));
#18264 = ORIENTED_EDGE('',*,*,#18265,.T.);
#18265 = EDGE_CURVE('',#18266,#18266,#18268,.T.);
#18266 = VERTEX_POINT('',#18267);
#18267 = CARTESIAN_POINT('',(179.,-124.4,1.51));
#18268 = CIRCLE('',#18269,0.4);
#18269 = AXIS2_PLACEMENT_3D('',#18270,#18271,#18272);
#18270 = CARTESIAN_POINT('',(179.,-124.,1.51));
#18271 = DIRECTION('',(-0.,0.,-1.));
#18272 = DIRECTION('',(-0.,-1.,0.));
#18273 = FACE_BOUND('',#18274,.T.);
#18274 = EDGE_LOOP('',(#18275));
#18275 = ORIENTED_EDGE('',*,*,#18276,.T.);
#18276 = EDGE_CURVE('',#18277,#18277,#18279,.T.);
#18277 = VERTEX_POINT('',#18278);
#18278 = CARTESIAN_POINT('',(181.,-124.4,1.51));
#18279 = CIRCLE('',#18280,0.4);
#18280 = AXIS2_PLACEMENT_3D('',#18281,#18282,#18283);
#18281 = CARTESIAN_POINT('',(181.,-124.,1.51));
#18282 = DIRECTION('',(-0.,0.,-1.));
#18283 = DIRECTION('',(-0.,-1.,0.));
#18284 = FACE_BOUND('',#18285,.T.);
#18285 = EDGE_LOOP('',(#18286));
#18286 = ORIENTED_EDGE('',*,*,#18287,.T.);
#18287 = EDGE_CURVE('',#18288,#18288,#18290,.T.);
#18288 = VERTEX_POINT('',#18289);
#18289 = CARTESIAN_POINT('',(186.75,-124.15,1.51));
#18290 = CIRCLE('',#18291,0.4);
#18291 = AXIS2_PLACEMENT_3D('',#18292,#18293,#18294);
#18292 = CARTESIAN_POINT('',(186.75,-123.75,1.51));
#18293 = DIRECTION('',(-0.,0.,-1.));
#18294 = DIRECTION('',(-0.,-1.,0.));
#18295 = FACE_BOUND('',#18296,.T.);
#18296 = EDGE_LOOP('',(#18297));
#18297 = ORIENTED_EDGE('',*,*,#18298,.T.);
#18298 = EDGE_CURVE('',#18299,#18299,#18301,.T.);
#18299 = VERTEX_POINT('',#18300);
#18300 = CARTESIAN_POINT('',(186.75,-122.15,1.51));
#18301 = CIRCLE('',#18302,0.4);
#18302 = AXIS2_PLACEMENT_3D('',#18303,#18304,#18305);
#18303 = CARTESIAN_POINT('',(186.75,-121.75,1.51));
#18304 = DIRECTION('',(-0.,0.,-1.));
#18305 = DIRECTION('',(-0.,-1.,0.));
#18306 = FACE_BOUND('',#18307,.T.);
#18307 = EDGE_LOOP('',(#18308));
#18308 = ORIENTED_EDGE('',*,*,#18309,.T.);
#18309 = EDGE_CURVE('',#18310,#18310,#18312,.T.);
#18310 = VERTEX_POINT('',#18311);
#18311 = CARTESIAN_POINT('',(181.25,-118.65,1.51));
#18312 = CIRCLE('',#18313,0.4);
#18313 = AXIS2_PLACEMENT_3D('',#18314,#18315,#18316);
#18314 = CARTESIAN_POINT('',(181.25,-118.25,1.51));
#18315 = DIRECTION('',(-0.,0.,-1.));
#18316 = DIRECTION('',(-0.,-1.,0.));
#18317 = FACE_BOUND('',#18318,.T.);
#18318 = EDGE_LOOP('',(#18319));
#18319 = ORIENTED_EDGE('',*,*,#18320,.T.);
#18320 = EDGE_CURVE('',#18321,#18321,#18323,.T.);
#18321 = VERTEX_POINT('',#18322);
#18322 = CARTESIAN_POINT('',(181.25,-116.65,1.51));
#18323 = CIRCLE('',#18324,0.4);
#18324 = AXIS2_PLACEMENT_3D('',#18325,#18326,#18327);
#18325 = CARTESIAN_POINT('',(181.25,-116.25,1.51));
#18326 = DIRECTION('',(-0.,0.,-1.));
#18327 = DIRECTION('',(-0.,-1.,0.));
#18328 = FACE_BOUND('',#18329,.T.);
#18329 = EDGE_LOOP('',(#18330));
#18330 = ORIENTED_EDGE('',*,*,#18331,.T.);
#18331 = EDGE_CURVE('',#18332,#18332,#18334,.T.);
#18332 = VERTEX_POINT('',#18333);
#18333 = CARTESIAN_POINT('',(181.25,-114.65,1.51));
#18334 = CIRCLE('',#18335,0.4);
#18335 = AXIS2_PLACEMENT_3D('',#18336,#18337,#18338);
#18336 = CARTESIAN_POINT('',(181.25,-114.25,1.51));
#18337 = DIRECTION('',(-0.,0.,-1.));
#18338 = DIRECTION('',(-0.,-1.,0.));
#18339 = FACE_BOUND('',#18340,.T.);
#18340 = EDGE_LOOP('',(#18341));
#18341 = ORIENTED_EDGE('',*,*,#18342,.T.);
#18342 = EDGE_CURVE('',#18343,#18343,#18345,.T.);
#18343 = VERTEX_POINT('',#18344);
#18344 = CARTESIAN_POINT('',(186.75,-117.15,1.51));
#18345 = CIRCLE('',#18346,0.4);
#18346 = AXIS2_PLACEMENT_3D('',#18347,#18348,#18349);
#18347 = CARTESIAN_POINT('',(186.75,-116.75,1.51));
#18348 = DIRECTION('',(-0.,0.,-1.));
#18349 = DIRECTION('',(-0.,-1.,0.));
#18350 = FACE_BOUND('',#18351,.T.);
#18351 = EDGE_LOOP('',(#18352));
#18352 = ORIENTED_EDGE('',*,*,#18353,.T.);
#18353 = EDGE_CURVE('',#18354,#18354,#18356,.T.);
#18354 = VERTEX_POINT('',#18355);
#18355 = CARTESIAN_POINT('',(186.75,-115.15,1.51));
#18356 = CIRCLE('',#18357,0.4);
#18357 = AXIS2_PLACEMENT_3D('',#18358,#18359,#18360);
#18358 = CARTESIAN_POINT('',(186.75,-114.75,1.51));
#18359 = DIRECTION('',(-0.,0.,-1.));
#18360 = DIRECTION('',(-0.,-1.,0.));
#18361 = FACE_BOUND('',#18362,.T.);
#18362 = EDGE_LOOP('',(#18363));
#18363 = ORIENTED_EDGE('',*,*,#18364,.T.);
#18364 = EDGE_CURVE('',#18365,#18365,#18367,.T.);
#18365 = VERTEX_POINT('',#18366);
#18366 = CARTESIAN_POINT('',(186.75,-113.15,1.51));
#18367 = CIRCLE('',#18368,0.4);
#18368 = AXIS2_PLACEMENT_3D('',#18369,#18370,#18371);
#18369 = CARTESIAN_POINT('',(186.75,-112.75,1.51));
#18370 = DIRECTION('',(-0.,0.,-1.));
#18371 = DIRECTION('',(-0.,-1.,0.));
#18372 = FACE_BOUND('',#18373,.T.);
#18373 = EDGE_LOOP('',(#18374));
#18374 = ORIENTED_EDGE('',*,*,#18375,.T.);
#18375 = EDGE_CURVE('',#18376,#18376,#18378,.T.);
#18376 = VERTEX_POINT('',#18377);
#18377 = CARTESIAN_POINT('',(192.3,-124.15,1.51));
#18378 = CIRCLE('',#18379,0.4);
#18379 = AXIS2_PLACEMENT_3D('',#18380,#18381,#18382);
#18380 = CARTESIAN_POINT('',(192.3,-123.75,1.51));
#18381 = DIRECTION('',(-0.,0.,-1.));
#18382 = DIRECTION('',(-0.,-1.,0.));
#18383 = FACE_BOUND('',#18384,.T.);
#18384 = EDGE_LOOP('',(#18385));
#18385 = ORIENTED_EDGE('',*,*,#18386,.T.);
#18386 = EDGE_CURVE('',#18387,#18387,#18389,.T.);
#18387 = VERTEX_POINT('',#18388);
#18388 = CARTESIAN_POINT('',(192.3,-122.15,1.51));
#18389 = CIRCLE('',#18390,0.4);
#18390 = AXIS2_PLACEMENT_3D('',#18391,#18392,#18393);
#18391 = CARTESIAN_POINT('',(192.3,-121.75,1.51));
#18392 = DIRECTION('',(-0.,0.,-1.));
#18393 = DIRECTION('',(-0.,-1.,0.));
#18394 = FACE_BOUND('',#18395,.T.);
#18395 = EDGE_LOOP('',(#18396));
#18396 = ORIENTED_EDGE('',*,*,#18397,.T.);
#18397 = EDGE_CURVE('',#18398,#18398,#18400,.T.);
#18398 = VERTEX_POINT('',#18399);
#18399 = CARTESIAN_POINT('',(197.,-124.4,1.51));
#18400 = CIRCLE('',#18401,0.4);
#18401 = AXIS2_PLACEMENT_3D('',#18402,#18403,#18404);
#18402 = CARTESIAN_POINT('',(197.,-124.,1.51));
#18403 = DIRECTION('',(-0.,0.,-1.));
#18404 = DIRECTION('',(-0.,-1.,0.));
#18405 = FACE_BOUND('',#18406,.T.);
#18406 = EDGE_LOOP('',(#18407));
#18407 = ORIENTED_EDGE('',*,*,#18408,.T.);
#18408 = EDGE_CURVE('',#18409,#18409,#18411,.T.);
#18409 = VERTEX_POINT('',#18410);
#18410 = CARTESIAN_POINT('',(199.,-124.4,1.51));
#18411 = CIRCLE('',#18412,0.4);
#18412 = AXIS2_PLACEMENT_3D('',#18413,#18414,#18415);
#18413 = CARTESIAN_POINT('',(199.,-124.,1.51));
#18414 = DIRECTION('',(-0.,0.,-1.));
#18415 = DIRECTION('',(-0.,-1.,0.));
#18416 = FACE_BOUND('',#18417,.T.);
#18417 = EDGE_LOOP('',(#18418));
#18418 = ORIENTED_EDGE('',*,*,#18419,.T.);
#18419 = EDGE_CURVE('',#18420,#18420,#18422,.T.);
#18420 = VERTEX_POINT('',#18421);
#18421 = CARTESIAN_POINT('',(192.3,-117.15,1.51));
#18422 = CIRCLE('',#18423,0.4);
#18423 = AXIS2_PLACEMENT_3D('',#18424,#18425,#18426);
#18424 = CARTESIAN_POINT('',(192.3,-116.75,1.51));
#18425 = DIRECTION('',(-0.,0.,-1.));
#18426 = DIRECTION('',(-0.,-1.,0.));
#18427 = FACE_BOUND('',#18428,.T.);
#18428 = EDGE_LOOP('',(#18429));
#18429 = ORIENTED_EDGE('',*,*,#18430,.T.);
#18430 = EDGE_CURVE('',#18431,#18431,#18433,.T.);
#18431 = VERTEX_POINT('',#18432);
#18432 = CARTESIAN_POINT('',(192.3,-115.15,1.51));
#18433 = CIRCLE('',#18434,0.4);
#18434 = AXIS2_PLACEMENT_3D('',#18435,#18436,#18437);
#18435 = CARTESIAN_POINT('',(192.3,-114.75,1.51));
#18436 = DIRECTION('',(-0.,0.,-1.));
#18437 = DIRECTION('',(-0.,-1.,0.));
#18438 = FACE_BOUND('',#18439,.T.);
#18439 = EDGE_LOOP('',(#18440));
#18440 = ORIENTED_EDGE('',*,*,#18441,.T.);
#18441 = EDGE_CURVE('',#18442,#18442,#18444,.T.);
#18442 = VERTEX_POINT('',#18443);
#18443 = CARTESIAN_POINT('',(197.75,-118.65,1.51));
#18444 = CIRCLE('',#18445,0.4);
#18445 = AXIS2_PLACEMENT_3D('',#18446,#18447,#18448);
#18446 = CARTESIAN_POINT('',(197.75,-118.25,1.51));
#18447 = DIRECTION('',(-0.,0.,-1.));
#18448 = DIRECTION('',(-0.,-1.,0.));
#18449 = FACE_BOUND('',#18450,.T.);
#18450 = EDGE_LOOP('',(#18451));
#18451 = ORIENTED_EDGE('',*,*,#18452,.T.);
#18452 = EDGE_CURVE('',#18453,#18453,#18455,.T.);
#18453 = VERTEX_POINT('',#18454);
#18454 = CARTESIAN_POINT('',(197.75,-116.65,1.51));
#18455 = CIRCLE('',#18456,0.4);
#18456 = AXIS2_PLACEMENT_3D('',#18457,#18458,#18459);
#18457 = CARTESIAN_POINT('',(197.75,-116.25,1.51));
#18458 = DIRECTION('',(-0.,0.,-1.));
#18459 = DIRECTION('',(-0.,-1.,0.));
#18460 = FACE_BOUND('',#18461,.T.);
#18461 = EDGE_LOOP('',(#18462));
#18462 = ORIENTED_EDGE('',*,*,#18463,.T.);
#18463 = EDGE_CURVE('',#18464,#18464,#18466,.T.);
#18464 = VERTEX_POINT('',#18465);
#18465 = CARTESIAN_POINT('',(197.75,-114.65,1.51));
#18466 = CIRCLE('',#18467,0.4);
#18467 = AXIS2_PLACEMENT_3D('',#18468,#18469,#18470);
#18468 = CARTESIAN_POINT('',(197.75,-114.25,1.51));
#18469 = DIRECTION('',(-0.,0.,-1.));
#18470 = DIRECTION('',(-0.,-1.,0.));
#18471 = FACE_BOUND('',#18472,.T.);
#18472 = EDGE_LOOP('',(#18473));
#18473 = ORIENTED_EDGE('',*,*,#18474,.T.);
#18474 = EDGE_CURVE('',#18475,#18475,#18477,.T.);
#18475 = VERTEX_POINT('',#18476);
#18476 = CARTESIAN_POINT('',(201.,-124.4,1.51));
#18477 = CIRCLE('',#18478,0.4);
#18478 = AXIS2_PLACEMENT_3D('',#18479,#18480,#18481);
#18479 = CARTESIAN_POINT('',(201.,-124.,1.51));
#18480 = DIRECTION('',(-0.,0.,-1.));
#18481 = DIRECTION('',(-0.,-1.,0.));
#18482 = FACE_BOUND('',#18483,.T.);
#18483 = EDGE_LOOP('',(#18484));
#18484 = ORIENTED_EDGE('',*,*,#18485,.T.);
#18485 = EDGE_CURVE('',#18486,#18486,#18488,.T.);
#18486 = VERTEX_POINT('',#18487);
#18487 = CARTESIAN_POINT('',(203.,-124.4,1.51));
#18488 = CIRCLE('',#18489,0.4);
#18489 = AXIS2_PLACEMENT_3D('',#18490,#18491,#18492);
#18490 = CARTESIAN_POINT('',(203.,-124.,1.51));
#18491 = DIRECTION('',(-0.,0.,-1.));
#18492 = DIRECTION('',(-0.,-1.,0.));
#18493 = FACE_BOUND('',#18494,.T.);
#18494 = EDGE_LOOP('',(#18495));
#18495 = ORIENTED_EDGE('',*,*,#18496,.T.);
#18496 = EDGE_CURVE('',#18497,#18497,#18499,.T.);
#18497 = VERTEX_POINT('',#18498);
#18498 = CARTESIAN_POINT('',(205.,-124.4,1.51));
#18499 = CIRCLE('',#18500,0.4);
#18500 = AXIS2_PLACEMENT_3D('',#18501,#18502,#18503);
#18501 = CARTESIAN_POINT('',(205.,-124.,1.51));
#18502 = DIRECTION('',(-0.,0.,-1.));
#18503 = DIRECTION('',(-0.,-1.,0.));
#18504 = FACE_BOUND('',#18505,.T.);
#18505 = EDGE_LOOP('',(#18506));
#18506 = ORIENTED_EDGE('',*,*,#18507,.T.);
#18507 = EDGE_CURVE('',#18508,#18508,#18510,.T.);
#18508 = VERTEX_POINT('',#18509);
#18509 = CARTESIAN_POINT('',(207.,-124.4,1.51));
#18510 = CIRCLE('',#18511,0.4);
#18511 = AXIS2_PLACEMENT_3D('',#18512,#18513,#18514);
#18512 = CARTESIAN_POINT('',(207.,-124.,1.51));
#18513 = DIRECTION('',(-0.,0.,-1.));
#18514 = DIRECTION('',(-0.,-1.,0.));
#18515 = FACE_BOUND('',#18516,.T.);
#18516 = EDGE_LOOP('',(#18517));
#18517 = ORIENTED_EDGE('',*,*,#18518,.T.);
#18518 = EDGE_CURVE('',#18519,#18519,#18521,.T.);
#18519 = VERTEX_POINT('',#18520);
#18520 = CARTESIAN_POINT('',(209.,-124.4,1.51));
#18521 = CIRCLE('',#18522,0.4);
#18522 = AXIS2_PLACEMENT_3D('',#18523,#18524,#18525);
#18523 = CARTESIAN_POINT('',(209.,-124.,1.51));
#18524 = DIRECTION('',(-0.,0.,-1.));
#18525 = DIRECTION('',(-0.,-1.,0.));
#18526 = FACE_BOUND('',#18527,.T.);
#18527 = EDGE_LOOP('',(#18528));
#18528 = ORIENTED_EDGE('',*,*,#18529,.T.);
#18529 = EDGE_CURVE('',#18530,#18530,#18532,.T.);
#18530 = VERTEX_POINT('',#18531);
#18531 = CARTESIAN_POINT('',(211.,-124.4,1.51));
#18532 = CIRCLE('',#18533,0.4);
#18533 = AXIS2_PLACEMENT_3D('',#18534,#18535,#18536);
#18534 = CARTESIAN_POINT('',(211.,-124.,1.51));
#18535 = DIRECTION('',(-0.,0.,-1.));
#18536 = DIRECTION('',(-0.,-1.,0.));
#18537 = FACE_BOUND('',#18538,.T.);
#18538 = EDGE_LOOP('',(#18539));
#18539 = ORIENTED_EDGE('',*,*,#18540,.T.);
#18540 = EDGE_CURVE('',#18541,#18541,#18543,.T.);
#18541 = VERTEX_POINT('',#18542);
#18542 = CARTESIAN_POINT('',(205.103534,-115.978676,1.51));
#18543 = CIRCLE('',#18544,0.4);
#18544 = AXIS2_PLACEMENT_3D('',#18545,#18546,#18547);
#18545 = CARTESIAN_POINT('',(205.103534,-115.578676,1.51));
#18546 = DIRECTION('',(-0.,0.,-1.));
#18547 = DIRECTION('',(-0.,-1.,0.));
#18548 = FACE_BOUND('',#18549,.T.);
#18549 = EDGE_LOOP('',(#18550));
#18550 = ORIENTED_EDGE('',*,*,#18551,.T.);
#18551 = EDGE_CURVE('',#18552,#18552,#18554,.T.);
#18552 = VERTEX_POINT('',#18553);
#18553 = CARTESIAN_POINT('',(203.571444,-114.6931,1.51));
#18554 = CIRCLE('',#18555,0.4);
#18555 = AXIS2_PLACEMENT_3D('',#18556,#18557,#18558);
#18556 = CARTESIAN_POINT('',(203.571444,-114.2931,1.51));
#18557 = DIRECTION('',(-0.,0.,-1.));
#18558 = DIRECTION('',(7.105427357601E-14,-1.,-0.));
#18559 = FACE_BOUND('',#18560,.T.);
#18560 = EDGE_LOOP('',(#18561));
#18561 = ORIENTED_EDGE('',*,*,#18562,.T.);
#18562 = EDGE_CURVE('',#18563,#18563,#18565,.T.);
#18563 = VERTEX_POINT('',#18564);
#18564 = CARTESIAN_POINT('',(206.635621,-117.264251,1.51));
#18565 = CIRCLE('',#18566,0.4);
#18566 = AXIS2_PLACEMENT_3D('',#18567,#18568,#18569);
#18567 = CARTESIAN_POINT('',(206.635621,-116.864251,1.51));
#18568 = DIRECTION('',(-0.,0.,-1.));
#18569 = DIRECTION('',(-7.105427357601E-14,-1.,0.));
#18570 = FACE_BOUND('',#18571,.T.);
#18571 = EDGE_LOOP('',(#18572));
#18572 = ORIENTED_EDGE('',*,*,#18573,.T.);
#18573 = EDGE_CURVE('',#18574,#18574,#18576,.T.);
#18574 = VERTEX_POINT('',#18575);
#18575 = CARTESIAN_POINT('',(192.3,-113.15,1.51));
#18576 = CIRCLE('',#18577,0.4);
#18577 = AXIS2_PLACEMENT_3D('',#18578,#18579,#18580);
#18578 = CARTESIAN_POINT('',(192.3,-112.75,1.51));
#18579 = DIRECTION('',(-0.,0.,-1.));
#18580 = DIRECTION('',(-0.,-1.,0.));
#18581 = FACE_BOUND('',#18582,.T.);
#18582 = EDGE_LOOP('',(#18583,#18594,#18602,#18611));
#18583 = ORIENTED_EDGE('',*,*,#18584,.F.);
#18584 = EDGE_CURVE('',#18585,#18587,#18589,.T.);
#18585 = VERTEX_POINT('',#18586);
#18586 = CARTESIAN_POINT('',(179.,-84.5,1.51));
#18587 = VERTEX_POINT('',#18588);
#18588 = CARTESIAN_POINT('',(171.,-84.5,1.51));
#18589 = CIRCLE('',#18590,4.);
#18590 = AXIS2_PLACEMENT_3D('',#18591,#18592,#18593);
#18591 = CARTESIAN_POINT('',(175.,-84.5,1.51));
#18592 = DIRECTION('',(0.,0.,1.));
#18593 = DIRECTION('',(1.,0.,-0.));
#18594 = ORIENTED_EDGE('',*,*,#18595,.F.);
#18595 = EDGE_CURVE('',#18596,#18585,#18598,.T.);
#18596 = VERTEX_POINT('',#18597);
#18597 = CARTESIAN_POINT('',(179.,-94.5,1.51));
#18598 = LINE('',#18599,#18600);
#18599 = CARTESIAN_POINT('',(179.,-94.5,1.51));
#18600 = VECTOR('',#18601,1.);
#18601 = DIRECTION('',(0.,1.,0.));
#18602 = ORIENTED_EDGE('',*,*,#18603,.F.);
#18603 = EDGE_CURVE('',#18604,#18596,#18606,.T.);
#18604 = VERTEX_POINT('',#18605);
#18605 = CARTESIAN_POINT('',(171.,-94.5,1.51));
#18606 = CIRCLE('',#18607,4.);
#18607 = AXIS2_PLACEMENT_3D('',#18608,#18609,#18610);
#18608 = CARTESIAN_POINT('',(175.,-94.5,1.51));
#18609 = DIRECTION('',(0.,0.,1.));
#18610 = DIRECTION('',(-1.,0.,-0.));
#18611 = ORIENTED_EDGE('',*,*,#18612,.F.);
#18612 = EDGE_CURVE('',#18587,#18604,#18613,.T.);
#18613 = LINE('',#18614,#18615);
#18614 = CARTESIAN_POINT('',(171.,-84.5,1.51));
#18615 = VECTOR('',#18616,1.);
#18616 = DIRECTION('',(0.,-1.,0.));
#18617 = FACE_BOUND('',#18618,.T.);
#18618 = EDGE_LOOP('',(#18619,#18630,#18638,#18647));
#18619 = ORIENTED_EDGE('',*,*,#18620,.F.);
#18620 = EDGE_CURVE('',#18621,#18623,#18625,.T.);
#18621 = VERTEX_POINT('',#18622);
#18622 = CARTESIAN_POINT('',(207.,-84.5,1.51));
#18623 = VERTEX_POINT('',#18624);
#18624 = CARTESIAN_POINT('',(199.,-84.5,1.51));
#18625 = CIRCLE('',#18626,4.);
#18626 = AXIS2_PLACEMENT_3D('',#18627,#18628,#18629);
#18627 = CARTESIAN_POINT('',(203.,-84.5,1.51));
#18628 = DIRECTION('',(0.,0.,1.));
#18629 = DIRECTION('',(1.,0.,-0.));
#18630 = ORIENTED_EDGE('',*,*,#18631,.F.);
#18631 = EDGE_CURVE('',#18632,#18621,#18634,.T.);
#18632 = VERTEX_POINT('',#18633);
#18633 = CARTESIAN_POINT('',(207.,-94.5,1.51));
#18634 = LINE('',#18635,#18636);
#18635 = CARTESIAN_POINT('',(207.,-94.5,1.51));
#18636 = VECTOR('',#18637,1.);
#18637 = DIRECTION('',(0.,1.,0.));
#18638 = ORIENTED_EDGE('',*,*,#18639,.F.);
#18639 = EDGE_CURVE('',#18640,#18632,#18642,.T.);
#18640 = VERTEX_POINT('',#18641);
#18641 = CARTESIAN_POINT('',(199.,-94.5,1.51));
#18642 = CIRCLE('',#18643,4.);
#18643 = AXIS2_PLACEMENT_3D('',#18644,#18645,#18646);
#18644 = CARTESIAN_POINT('',(203.,-94.5,1.51));
#18645 = DIRECTION('',(0.,0.,1.));
#18646 = DIRECTION('',(-1.,0.,-0.));
#18647 = ORIENTED_EDGE('',*,*,#18648,.F.);
#18648 = EDGE_CURVE('',#18623,#18640,#18649,.T.);
#18649 = LINE('',#18650,#18651);
#18650 = CARTESIAN_POINT('',(199.,-84.5,1.51));
#18651 = VECTOR('',#18652,1.);
#18652 = DIRECTION('',(0.,-1.,0.));
#18653 = PLANE('',#18654);
#18654 = AXIS2_PLACEMENT_3D('',#18655,#18656,#18657);
#18655 = CARTESIAN_POINT('',(0.,0.,1.51));
#18656 = DIRECTION('',(0.,0.,1.));
#18657 = DIRECTION('',(1.,0.,-0.));
#18658 = ADVANCED_FACE('',(#18659),#18670,.T.);
#18659 = FACE_BOUND('',#18660,.T.);
#18660 = EDGE_LOOP('',(#18661,#18667,#18668,#18669));
#18661 = ORIENTED_EDGE('',*,*,#18662,.T.);
#18662 = EDGE_CURVE('',#17523,#18094,#18663,.T.);
#18663 = LINE('',#18664,#18665);
#18664 = CARTESIAN_POINT('',(140.,-75.5,0.));
#18665 = VECTOR('',#18666,1.);
#18666 = DIRECTION('',(0.,0.,1.));
#18667 = ORIENTED_EDGE('',*,*,#18093,.T.);
#18668 = ORIENTED_EDGE('',*,*,#17458,.F.);
#18669 = ORIENTED_EDGE('',*,*,#17522,.F.);
#18670 = PLANE('',#18671);
#18671 = AXIS2_PLACEMENT_3D('',#18672,#18673,#18674);
#18672 = CARTESIAN_POINT('',(140.,-75.5,0.));
#18673 = DIRECTION('',(0.,1.,0.));
#18674 = DIRECTION('',(1.,0.,0.));
#18675 = ADVANCED_FACE('',(#18676),#18687,.T.);
#18676 = FACE_BOUND('',#18677,.T.);
#18677 = EDGE_LOOP('',(#18678,#18679,#18680,#18686));
#18678 = ORIENTED_EDGE('',*,*,#17498,.T.);
#18679 = ORIENTED_EDGE('',*,*,#18157,.T.);
#18680 = ORIENTED_EDGE('',*,*,#18681,.F.);
#18681 = EDGE_CURVE('',#17579,#18150,#18682,.T.);
#18682 = LINE('',#18683,#18684);
#18683 = CARTESIAN_POINT('',(193.,-126.5,0.));
#18684 = VECTOR('',#18685,1.);
#18685 = DIRECTION('',(0.,0.,1.));
#18686 = ORIENTED_EDGE('',*,*,#17586,.F.);
#18687 = PLANE('',#18688);
#18688 = AXIS2_PLACEMENT_3D('',#18689,#18690,#18691);
#18689 = CARTESIAN_POINT('',(214.,-126.5,0.));
#18690 = DIRECTION('',(0.,-1.,0.));
#18691 = DIRECTION('',(-1.,0.,0.));
#18692 = ADVANCED_FACE('',(#18693),#18704,.T.);
#18693 = FACE_BOUND('',#18694,.T.);
#18694 = EDGE_LOOP('',(#18695,#18701,#18702,#18703));
#18695 = ORIENTED_EDGE('',*,*,#18696,.T.);
#18696 = EDGE_CURVE('',#17531,#18102,#18697,.T.);
#18697 = LINE('',#18698,#18699);
#18698 = CARTESIAN_POINT('',(140.,-120.,0.));
#18699 = VECTOR('',#18700,1.);
#18700 = DIRECTION('',(0.,0.,1.));
#18701 = ORIENTED_EDGE('',*,*,#18101,.T.);
#18702 = ORIENTED_EDGE('',*,*,#18662,.F.);
#18703 = ORIENTED_EDGE('',*,*,#17530,.F.);
#18704 = PLANE('',#18705);
#18705 = AXIS2_PLACEMENT_3D('',#18706,#18707,#18708);
#18706 = CARTESIAN_POINT('',(140.,-120.,0.));
#18707 = DIRECTION('',(-1.,0.,0.));
#18708 = DIRECTION('',(0.,1.,0.));
#18709 = ADVANCED_FACE('',(#18710),#18721,.T.);
#18710 = FACE_BOUND('',#18711,.T.);
#18711 = EDGE_LOOP('',(#18712,#18713,#18714,#18720));
#18712 = ORIENTED_EDGE('',*,*,#18681,.T.);
#18713 = ORIENTED_EDGE('',*,*,#18149,.T.);
#18714 = ORIENTED_EDGE('',*,*,#18715,.F.);
#18715 = EDGE_CURVE('',#17571,#18142,#18716,.T.);
#18716 = LINE('',#18717,#18718);
#18717 = CARTESIAN_POINT('',(193.,-149.5,0.));
#18718 = VECTOR('',#18719,1.);
#18719 = DIRECTION('',(0.,0.,1.));
#18720 = ORIENTED_EDGE('',*,*,#17578,.F.);
#18721 = PLANE('',#18722);
#18722 = AXIS2_PLACEMENT_3D('',#18723,#18724,#18725);
#18723 = CARTESIAN_POINT('',(193.,-126.5,0.));
#18724 = DIRECTION('',(1.,0.,-0.));
#18725 = DIRECTION('',(0.,-1.,0.));
#18726 = ADVANCED_FACE('',(#18727),#18738,.T.);
#18727 = FACE_BOUND('',#18728,.T.);
#18728 = EDGE_LOOP('',(#18729,#18735,#18736,#18737));
#18729 = ORIENTED_EDGE('',*,*,#18730,.T.);
#18730 = EDGE_CURVE('',#17539,#18110,#18731,.T.);
#18731 = LINE('',#18732,#18733);
#18732 = CARTESIAN_POINT('',(164.,-120.,0.));
#18733 = VECTOR('',#18734,1.);
#18734 = DIRECTION('',(0.,0.,1.));
#18735 = ORIENTED_EDGE('',*,*,#18109,.T.);
#18736 = ORIENTED_EDGE('',*,*,#18696,.F.);
#18737 = ORIENTED_EDGE('',*,*,#17538,.F.);
#18738 = PLANE('',#18739);
#18739 = AXIS2_PLACEMENT_3D('',#18740,#18741,#18742);
#18740 = CARTESIAN_POINT('',(164.,-120.,0.));
#18741 = DIRECTION('',(0.,-1.,0.));
#18742 = DIRECTION('',(-1.,0.,0.));
#18743 = ADVANCED_FACE('',(#18744),#18755,.T.);
#18744 = FACE_BOUND('',#18745,.T.);
#18745 = EDGE_LOOP('',(#18746,#18747,#18748,#18754));
#18746 = ORIENTED_EDGE('',*,*,#18715,.T.);
#18747 = ORIENTED_EDGE('',*,*,#18141,.T.);
#18748 = ORIENTED_EDGE('',*,*,#18749,.F.);
#18749 = EDGE_CURVE('',#17563,#18134,#18750,.T.);
#18750 = LINE('',#18751,#18752);
#18751 = CARTESIAN_POINT('',(185.,-149.5,0.));
#18752 = VECTOR('',#18753,1.);
#18753 = DIRECTION('',(0.,0.,1.));
#18754 = ORIENTED_EDGE('',*,*,#17570,.F.);
#18755 = PLANE('',#18756);
#18756 = AXIS2_PLACEMENT_3D('',#18757,#18758,#18759);
#18757 = CARTESIAN_POINT('',(193.,-149.5,0.));
#18758 = DIRECTION('',(0.,-1.,0.));
#18759 = DIRECTION('',(-1.,0.,0.));
#18760 = ADVANCED_FACE('',(#18761),#18772,.T.);
#18761 = FACE_BOUND('',#18762,.T.);
#18762 = EDGE_LOOP('',(#18763,#18769,#18770,#18771));
#18763 = ORIENTED_EDGE('',*,*,#18764,.T.);
#18764 = EDGE_CURVE('',#17547,#18118,#18765,.T.);
#18765 = LINE('',#18766,#18767);
#18766 = CARTESIAN_POINT('',(164.,-126.5,0.));
#18767 = VECTOR('',#18768,1.);
#18768 = DIRECTION('',(0.,0.,1.));
#18769 = ORIENTED_EDGE('',*,*,#18117,.T.);
#18770 = ORIENTED_EDGE('',*,*,#18730,.F.);
#18771 = ORIENTED_EDGE('',*,*,#17546,.F.);
#18772 = PLANE('',#18773);
#18773 = AXIS2_PLACEMENT_3D('',#18774,#18775,#18776);
#18774 = CARTESIAN_POINT('',(164.,-126.5,0.));
#18775 = DIRECTION('',(-1.,0.,0.));
#18776 = DIRECTION('',(0.,1.,0.));
#18777 = ADVANCED_FACE('',(#18778),#18789,.T.);
#18778 = FACE_BOUND('',#18779,.T.);
#18779 = EDGE_LOOP('',(#18780,#18781,#18782,#18788));
#18780 = ORIENTED_EDGE('',*,*,#18749,.T.);
#18781 = ORIENTED_EDGE('',*,*,#18133,.T.);
#18782 = ORIENTED_EDGE('',*,*,#18783,.F.);
#18783 = EDGE_CURVE('',#17555,#18126,#18784,.T.);
#18784 = LINE('',#18785,#18786);
#18785 = CARTESIAN_POINT('',(185.,-126.5,0.));
#18786 = VECTOR('',#18787,1.);
#18787 = DIRECTION('',(0.,0.,1.));
#18788 = ORIENTED_EDGE('',*,*,#17562,.F.);
#18789 = PLANE('',#18790);
#18790 = AXIS2_PLACEMENT_3D('',#18791,#18792,#18793);
#18791 = CARTESIAN_POINT('',(185.,-149.5,0.));
#18792 = DIRECTION('',(-1.,0.,0.));
#18793 = DIRECTION('',(0.,1.,0.));
#18794 = ADVANCED_FACE('',(#18795),#18801,.T.);
#18795 = FACE_BOUND('',#18796,.T.);
#18796 = EDGE_LOOP('',(#18797,#18798,#18799,#18800));
#18797 = ORIENTED_EDGE('',*,*,#18783,.T.);
#18798 = ORIENTED_EDGE('',*,*,#18125,.T.);
#18799 = ORIENTED_EDGE('',*,*,#18764,.F.);
#18800 = ORIENTED_EDGE('',*,*,#17554,.F.);
#18801 = PLANE('',#18802);
#18802 = AXIS2_PLACEMENT_3D('',#18803,#18804,#18805);
#18803 = CARTESIAN_POINT('',(185.,-126.5,0.));
#18804 = DIRECTION('',(0.,-1.,0.));
#18805 = DIRECTION('',(-1.,0.,0.));
#18806 = ADVANCED_FACE('',(#18807),#18818,.F.);
#18807 = FACE_BOUND('',#18808,.T.);
#18808 = EDGE_LOOP('',(#18809,#18810,#18816,#18817));
#18809 = ORIENTED_EDGE('',*,*,#17595,.T.);
#18810 = ORIENTED_EDGE('',*,*,#18811,.T.);
#18811 = EDGE_CURVE('',#17596,#18167,#18812,.T.);
#18812 = LINE('',#18813,#18814);
#18813 = CARTESIAN_POINT('',(167.,-124.4,-4.6E-02));
#18814 = VECTOR('',#18815,1.);
#18815 = DIRECTION('',(0.,0.,1.));
#18816 = ORIENTED_EDGE('',*,*,#18166,.F.);
#18817 = ORIENTED_EDGE('',*,*,#18811,.F.);
#18818 = CYLINDRICAL_SURFACE('',#18819,0.4);
#18819 = AXIS2_PLACEMENT_3D('',#18820,#18821,#18822);
#18820 = CARTESIAN_POINT('',(167.,-124.,-4.6E-02));
#18821 = DIRECTION('',(-0.,-0.,-1.));
#18822 = DIRECTION('',(-0.,-1.,0.));
#18823 = ADVANCED_FACE('',(#18824),#18835,.F.);
#18824 = FACE_BOUND('',#18825,.T.);
#18825 = EDGE_LOOP('',(#18826,#18827,#18833,#18834));
#18826 = ORIENTED_EDGE('',*,*,#17606,.T.);
#18827 = ORIENTED_EDGE('',*,*,#18828,.T.);
#18828 = EDGE_CURVE('',#17607,#18178,#18829,.T.);
#18829 = LINE('',#18830,#18831);
#18830 = CARTESIAN_POINT('',(169.,-124.4,-4.6E-02));
#18831 = VECTOR('',#18832,1.);
#18832 = DIRECTION('',(0.,0.,1.));
#18833 = ORIENTED_EDGE('',*,*,#18177,.F.);
#18834 = ORIENTED_EDGE('',*,*,#18828,.F.);
#18835 = CYLINDRICAL_SURFACE('',#18836,0.4);
#18836 = AXIS2_PLACEMENT_3D('',#18837,#18838,#18839);
#18837 = CARTESIAN_POINT('',(169.,-124.,-4.6E-02));
#18838 = DIRECTION('',(-0.,-0.,-1.));
#18839 = DIRECTION('',(-0.,-1.,0.));
#18840 = ADVANCED_FACE('',(#18841),#18852,.F.);
#18841 = FACE_BOUND('',#18842,.T.);
#18842 = EDGE_LOOP('',(#18843,#18844,#18850,#18851));
#18843 = ORIENTED_EDGE('',*,*,#17617,.T.);
#18844 = ORIENTED_EDGE('',*,*,#18845,.T.);
#18845 = EDGE_CURVE('',#17618,#18189,#18846,.T.);
#18846 = LINE('',#18847,#18848);
#18847 = CARTESIAN_POINT('',(171.,-124.4,-4.6E-02));
#18848 = VECTOR('',#18849,1.);
#18849 = DIRECTION('',(0.,0.,1.));
#18850 = ORIENTED_EDGE('',*,*,#18188,.F.);
#18851 = ORIENTED_EDGE('',*,*,#18845,.F.);
#18852 = CYLINDRICAL_SURFACE('',#18853,0.4);
#18853 = AXIS2_PLACEMENT_3D('',#18854,#18855,#18856);
#18854 = CARTESIAN_POINT('',(171.,-124.,-4.6E-02));
#18855 = DIRECTION('',(-0.,-0.,-1.));
#18856 = DIRECTION('',(-0.,-1.,0.));
#18857 = ADVANCED_FACE('',(#18858),#18869,.F.);
#18858 = FACE_BOUND('',#18859,.T.);
#18859 = EDGE_LOOP('',(#18860,#18861,#18867,#18868));
#18860 = ORIENTED_EDGE('',*,*,#17628,.T.);
#18861 = ORIENTED_EDGE('',*,*,#18862,.T.);
#18862 = EDGE_CURVE('',#17629,#18200,#18863,.T.);
#18863 = LINE('',#18864,#18865);
#18864 = CARTESIAN_POINT('',(173.,-124.4,-4.6E-02));
#18865 = VECTOR('',#18866,1.);
#18866 = DIRECTION('',(0.,0.,1.));
#18867 = ORIENTED_EDGE('',*,*,#18199,.F.);
#18868 = ORIENTED_EDGE('',*,*,#18862,.F.);
#18869 = CYLINDRICAL_SURFACE('',#18870,0.4);
#18870 = AXIS2_PLACEMENT_3D('',#18871,#18872,#18873);
#18871 = CARTESIAN_POINT('',(173.,-124.,-4.6E-02));
#18872 = DIRECTION('',(-0.,-0.,-1.));
#18873 = DIRECTION('',(-0.,-1.,0.));
#18874 = ADVANCED_FACE('',(#18875),#18886,.F.);
#18875 = FACE_BOUND('',#18876,.T.);
#18876 = EDGE_LOOP('',(#18877,#18878,#18884,#18885));
#18877 = ORIENTED_EDGE('',*,*,#17639,.T.);
#18878 = ORIENTED_EDGE('',*,*,#18879,.T.);
#18879 = EDGE_CURVE('',#17640,#18211,#18880,.T.);
#18880 = LINE('',#18881,#18882);
#18881 = CARTESIAN_POINT('',(175.,-124.4,-4.6E-02));
#18882 = VECTOR('',#18883,1.);
#18883 = DIRECTION('',(0.,0.,1.));
#18884 = ORIENTED_EDGE('',*,*,#18210,.F.);
#18885 = ORIENTED_EDGE('',*,*,#18879,.F.);
#18886 = CYLINDRICAL_SURFACE('',#18887,0.4);
#18887 = AXIS2_PLACEMENT_3D('',#18888,#18889,#18890);
#18888 = CARTESIAN_POINT('',(175.,-124.,-4.6E-02));
#18889 = DIRECTION('',(-0.,-0.,-1.));
#18890 = DIRECTION('',(-0.,-1.,0.));
#18891 = ADVANCED_FACE('',(#18892),#18903,.F.);
#18892 = FACE_BOUND('',#18893,.T.);
#18893 = EDGE_LOOP('',(#18894,#18895,#18901,#18902));
#18894 = ORIENTED_EDGE('',*,*,#17650,.T.);
#18895 = ORIENTED_EDGE('',*,*,#18896,.T.);
#18896 = EDGE_CURVE('',#17651,#18222,#18897,.T.);
#18897 = LINE('',#18898,#18899);
#18898 = CARTESIAN_POINT('',(177.,-124.4,-4.6E-02));
#18899 = VECTOR('',#18900,1.);
#18900 = DIRECTION('',(0.,0.,1.));
#18901 = ORIENTED_EDGE('',*,*,#18221,.F.);
#18902 = ORIENTED_EDGE('',*,*,#18896,.F.);
#18903 = CYLINDRICAL_SURFACE('',#18904,0.4);
#18904 = AXIS2_PLACEMENT_3D('',#18905,#18906,#18907);
#18905 = CARTESIAN_POINT('',(177.,-124.,-4.6E-02));
#18906 = DIRECTION('',(-0.,-0.,-1.));
#18907 = DIRECTION('',(-0.,-1.,0.));
#18908 = ADVANCED_FACE('',(#18909),#18920,.F.);
#18909 = FACE_BOUND('',#18910,.T.);
#18910 = EDGE_LOOP('',(#18911,#18912,#18918,#18919));
#18911 = ORIENTED_EDGE('',*,*,#17661,.T.);
#18912 = ORIENTED_EDGE('',*,*,#18913,.T.);
#18913 = EDGE_CURVE('',#17662,#18233,#18914,.T.);
#18914 = LINE('',#18915,#18916);
#18915 = CARTESIAN_POINT('',(171.96791,-118.185576,-4.6E-02));
#18916 = VECTOR('',#18917,1.);
#18917 = DIRECTION('',(0.,0.,1.));
#18918 = ORIENTED_EDGE('',*,*,#18232,.F.);
#18919 = ORIENTED_EDGE('',*,*,#18913,.F.);
#18920 = CYLINDRICAL_SURFACE('',#18921,0.4);
#18921 = AXIS2_PLACEMENT_3D('',#18922,#18923,#18924);
#18922 = CARTESIAN_POINT('',(171.96791,-117.785576,-4.6E-02));
#18923 = DIRECTION('',(-0.,-0.,-1.));
#18924 = DIRECTION('',(-7.105427357601E-14,-1.,0.));
#18925 = ADVANCED_FACE('',(#18926),#18937,.F.);
#18926 = FACE_BOUND('',#18927,.T.);
#18927 = EDGE_LOOP('',(#18928,#18929,#18935,#18936));
#18928 = ORIENTED_EDGE('',*,*,#17672,.T.);
#18929 = ORIENTED_EDGE('',*,*,#18930,.T.);
#18930 = EDGE_CURVE('',#17673,#18244,#18931,.T.);
#18931 = LINE('',#18932,#18933);
#18932 = CARTESIAN_POINT('',(173.5,-116.9,-4.6E-02));
#18933 = VECTOR('',#18934,1.);
#18934 = DIRECTION('',(0.,0.,1.));
#18935 = ORIENTED_EDGE('',*,*,#18243,.F.);
#18936 = ORIENTED_EDGE('',*,*,#18930,.F.);
#18937 = CYLINDRICAL_SURFACE('',#18938,0.4);
#18938 = AXIS2_PLACEMENT_3D('',#18939,#18940,#18941);
#18939 = CARTESIAN_POINT('',(173.5,-116.5,-4.6E-02));
#18940 = DIRECTION('',(-0.,-0.,-1.));
#18941 = DIRECTION('',(-0.,-1.,0.));
#18942 = ADVANCED_FACE('',(#18943),#18954,.F.);
#18943 = FACE_BOUND('',#18944,.T.);
#18944 = EDGE_LOOP('',(#18945,#18946,#18952,#18953));
#18945 = ORIENTED_EDGE('',*,*,#17683,.T.);
#18946 = ORIENTED_EDGE('',*,*,#18947,.T.);
#18947 = EDGE_CURVE('',#17684,#18255,#18948,.T.);
#18948 = LINE('',#18949,#18950);
#18949 = CARTESIAN_POINT('',(175.032087,-115.614425,-4.6E-02));
#18950 = VECTOR('',#18951,1.);
#18951 = DIRECTION('',(0.,0.,1.));
#18952 = ORIENTED_EDGE('',*,*,#18254,.F.);
#18953 = ORIENTED_EDGE('',*,*,#18947,.F.);
#18954 = CYLINDRICAL_SURFACE('',#18955,0.4);
#18955 = AXIS2_PLACEMENT_3D('',#18956,#18957,#18958);
#18956 = CARTESIAN_POINT('',(175.032087,-115.214425,-4.6E-02));
#18957 = DIRECTION('',(-0.,-0.,-1.));
#18958 = DIRECTION('',(-0.,-1.,0.));
#18959 = ADVANCED_FACE('',(#18960),#18971,.F.);
#18960 = FACE_BOUND('',#18961,.T.);
#18961 = EDGE_LOOP('',(#18962,#18963,#18969,#18970));
#18962 = ORIENTED_EDGE('',*,*,#17694,.T.);
#18963 = ORIENTED_EDGE('',*,*,#18964,.T.);
#18964 = EDGE_CURVE('',#17695,#18266,#18965,.T.);
#18965 = LINE('',#18966,#18967);
#18966 = CARTESIAN_POINT('',(179.,-124.4,-4.6E-02));
#18967 = VECTOR('',#18968,1.);
#18968 = DIRECTION('',(0.,0.,1.));
#18969 = ORIENTED_EDGE('',*,*,#18265,.F.);
#18970 = ORIENTED_EDGE('',*,*,#18964,.F.);
#18971 = CYLINDRICAL_SURFACE('',#18972,0.4);
#18972 = AXIS2_PLACEMENT_3D('',#18973,#18974,#18975);
#18973 = CARTESIAN_POINT('',(179.,-124.,-4.6E-02));
#18974 = DIRECTION('',(-0.,-0.,-1.));
#18975 = DIRECTION('',(-0.,-1.,0.));
#18976 = ADVANCED_FACE('',(#18977),#18988,.F.);
#18977 = FACE_BOUND('',#18978,.T.);
#18978 = EDGE_LOOP('',(#18979,#18980,#18986,#18987));
#18979 = ORIENTED_EDGE('',*,*,#17705,.T.);
#18980 = ORIENTED_EDGE('',*,*,#18981,.T.);
#18981 = EDGE_CURVE('',#17706,#18277,#18982,.T.);
#18982 = LINE('',#18983,#18984);
#18983 = CARTESIAN_POINT('',(181.,-124.4,-4.6E-02));
#18984 = VECTOR('',#18985,1.);
#18985 = DIRECTION('',(0.,0.,1.));
#18986 = ORIENTED_EDGE('',*,*,#18276,.F.);
#18987 = ORIENTED_EDGE('',*,*,#18981,.F.);
#18988 = CYLINDRICAL_SURFACE('',#18989,0.4);
#18989 = AXIS2_PLACEMENT_3D('',#18990,#18991,#18992);
#18990 = CARTESIAN_POINT('',(181.,-124.,-4.6E-02));
#18991 = DIRECTION('',(-0.,-0.,-1.));
#18992 = DIRECTION('',(-0.,-1.,0.));
#18993 = ADVANCED_FACE('',(#18994),#19005,.F.);
#18994 = FACE_BOUND('',#18995,.T.);
#18995 = EDGE_LOOP('',(#18996,#18997,#19003,#19004));
#18996 = ORIENTED_EDGE('',*,*,#17716,.T.);
#18997 = ORIENTED_EDGE('',*,*,#18998,.T.);
#18998 = EDGE_CURVE('',#17717,#18288,#18999,.T.);
#18999 = LINE('',#19000,#19001);
#19000 = CARTESIAN_POINT('',(186.75,-124.15,-4.6E-02));
#19001 = VECTOR('',#19002,1.);
#19002 = DIRECTION('',(0.,0.,1.));
#19003 = ORIENTED_EDGE('',*,*,#18287,.F.);
#19004 = ORIENTED_EDGE('',*,*,#18998,.F.);
#19005 = CYLINDRICAL_SURFACE('',#19006,0.4);
#19006 = AXIS2_PLACEMENT_3D('',#19007,#19008,#19009);
#19007 = CARTESIAN_POINT('',(186.75,-123.75,-4.6E-02));
#19008 = DIRECTION('',(-0.,-0.,-1.));
#19009 = DIRECTION('',(-0.,-1.,0.));
#19010 = ADVANCED_FACE('',(#19011),#19022,.F.);
#19011 = FACE_BOUND('',#19012,.T.);
#19012 = EDGE_LOOP('',(#19013,#19014,#19020,#19021));
#19013 = ORIENTED_EDGE('',*,*,#17727,.T.);
#19014 = ORIENTED_EDGE('',*,*,#19015,.T.);
#19015 = EDGE_CURVE('',#17728,#18299,#19016,.T.);
#19016 = LINE('',#19017,#19018);
#19017 = CARTESIAN_POINT('',(186.75,-122.15,-4.6E-02));
#19018 = VECTOR('',#19019,1.);
#19019 = DIRECTION('',(0.,0.,1.));
#19020 = ORIENTED_EDGE('',*,*,#18298,.F.);
#19021 = ORIENTED_EDGE('',*,*,#19015,.F.);
#19022 = CYLINDRICAL_SURFACE('',#19023,0.4);
#19023 = AXIS2_PLACEMENT_3D('',#19024,#19025,#19026);
#19024 = CARTESIAN_POINT('',(186.75,-121.75,-4.6E-02));
#19025 = DIRECTION('',(-0.,-0.,-1.));
#19026 = DIRECTION('',(-0.,-1.,0.));
#19027 = ADVANCED_FACE('',(#19028),#19039,.F.);
#19028 = FACE_BOUND('',#19029,.T.);
#19029 = EDGE_LOOP('',(#19030,#19031,#19037,#19038));
#19030 = ORIENTED_EDGE('',*,*,#17738,.T.);
#19031 = ORIENTED_EDGE('',*,*,#19032,.T.);
#19032 = EDGE_CURVE('',#17739,#18310,#19033,.T.);
#19033 = LINE('',#19034,#19035);
#19034 = CARTESIAN_POINT('',(181.25,-118.65,-4.6E-02));
#19035 = VECTOR('',#19036,1.);
#19036 = DIRECTION('',(0.,0.,1.));
#19037 = ORIENTED_EDGE('',*,*,#18309,.F.);
#19038 = ORIENTED_EDGE('',*,*,#19032,.F.);
#19039 = CYLINDRICAL_SURFACE('',#19040,0.4);
#19040 = AXIS2_PLACEMENT_3D('',#19041,#19042,#19043);
#19041 = CARTESIAN_POINT('',(181.25,-118.25,-4.6E-02));
#19042 = DIRECTION('',(-0.,-0.,-1.));
#19043 = DIRECTION('',(-0.,-1.,0.));
#19044 = ADVANCED_FACE('',(#19045),#19056,.F.);
#19045 = FACE_BOUND('',#19046,.T.);
#19046 = EDGE_LOOP('',(#19047,#19048,#19054,#19055));
#19047 = ORIENTED_EDGE('',*,*,#17749,.T.);
#19048 = ORIENTED_EDGE('',*,*,#19049,.T.);
#19049 = EDGE_CURVE('',#17750,#18321,#19050,.T.);
#19050 = LINE('',#19051,#19052);
#19051 = CARTESIAN_POINT('',(181.25,-116.65,-4.6E-02));
#19052 = VECTOR('',#19053,1.);
#19053 = DIRECTION('',(0.,0.,1.));
#19054 = ORIENTED_EDGE('',*,*,#18320,.F.);
#19055 = ORIENTED_EDGE('',*,*,#19049,.F.);
#19056 = CYLINDRICAL_SURFACE('',#19057,0.4);
#19057 = AXIS2_PLACEMENT_3D('',#19058,#19059,#19060);
#19058 = CARTESIAN_POINT('',(181.25,-116.25,-4.6E-02));
#19059 = DIRECTION('',(-0.,-0.,-1.));
#19060 = DIRECTION('',(-0.,-1.,0.));
#19061 = ADVANCED_FACE('',(#19062),#19073,.F.);
#19062 = FACE_BOUND('',#19063,.T.);
#19063 = EDGE_LOOP('',(#19064,#19065,#19071,#19072));
#19064 = ORIENTED_EDGE('',*,*,#17760,.T.);
#19065 = ORIENTED_EDGE('',*,*,#19066,.T.);
#19066 = EDGE_CURVE('',#17761,#18332,#19067,.T.);
#19067 = LINE('',#19068,#19069);
#19068 = CARTESIAN_POINT('',(181.25,-114.65,-4.6E-02));
#19069 = VECTOR('',#19070,1.);
#19070 = DIRECTION('',(0.,0.,1.));
#19071 = ORIENTED_EDGE('',*,*,#18331,.F.);
#19072 = ORIENTED_EDGE('',*,*,#19066,.F.);
#19073 = CYLINDRICAL_SURFACE('',#19074,0.4);
#19074 = AXIS2_PLACEMENT_3D('',#19075,#19076,#19077);
#19075 = CARTESIAN_POINT('',(181.25,-114.25,-4.6E-02));
#19076 = DIRECTION('',(-0.,-0.,-1.));
#19077 = DIRECTION('',(-0.,-1.,0.));
#19078 = ADVANCED_FACE('',(#19079),#19090,.F.);
#19079 = FACE_BOUND('',#19080,.T.);
#19080 = EDGE_LOOP('',(#19081,#19082,#19088,#19089));
#19081 = ORIENTED_EDGE('',*,*,#17771,.T.);
#19082 = ORIENTED_EDGE('',*,*,#19083,.T.);
#19083 = EDGE_CURVE('',#17772,#18343,#19084,.T.);
#19084 = LINE('',#19085,#19086);
#19085 = CARTESIAN_POINT('',(186.75,-117.15,-4.6E-02));
#19086 = VECTOR('',#19087,1.);
#19087 = DIRECTION('',(0.,0.,1.));
#19088 = ORIENTED_EDGE('',*,*,#18342,.F.);
#19089 = ORIENTED_EDGE('',*,*,#19083,.F.);
#19090 = CYLINDRICAL_SURFACE('',#19091,0.4);
#19091 = AXIS2_PLACEMENT_3D('',#19092,#19093,#19094);
#19092 = CARTESIAN_POINT('',(186.75,-116.75,-4.6E-02));
#19093 = DIRECTION('',(-0.,-0.,-1.));
#19094 = DIRECTION('',(-0.,-1.,0.));
#19095 = ADVANCED_FACE('',(#19096),#19107,.F.);
#19096 = FACE_BOUND('',#19097,.T.);
#19097 = EDGE_LOOP('',(#19098,#19099,#19105,#19106));
#19098 = ORIENTED_EDGE('',*,*,#17782,.T.);
#19099 = ORIENTED_EDGE('',*,*,#19100,.T.);
#19100 = EDGE_CURVE('',#17783,#18354,#19101,.T.);
#19101 = LINE('',#19102,#19103);
#19102 = CARTESIAN_POINT('',(186.75,-115.15,-4.6E-02));
#19103 = VECTOR('',#19104,1.);
#19104 = DIRECTION('',(0.,0.,1.));
#19105 = ORIENTED_EDGE('',*,*,#18353,.F.);
#19106 = ORIENTED_EDGE('',*,*,#19100,.F.);
#19107 = CYLINDRICAL_SURFACE('',#19108,0.4);
#19108 = AXIS2_PLACEMENT_3D('',#19109,#19110,#19111);
#19109 = CARTESIAN_POINT('',(186.75,-114.75,-4.6E-02));
#19110 = DIRECTION('',(-0.,-0.,-1.));
#19111 = DIRECTION('',(-0.,-1.,0.));
#19112 = ADVANCED_FACE('',(#19113),#19124,.F.);
#19113 = FACE_BOUND('',#19114,.T.);
#19114 = EDGE_LOOP('',(#19115,#19116,#19122,#19123));
#19115 = ORIENTED_EDGE('',*,*,#17793,.T.);
#19116 = ORIENTED_EDGE('',*,*,#19117,.T.);
#19117 = EDGE_CURVE('',#17794,#18365,#19118,.T.);
#19118 = LINE('',#19119,#19120);
#19119 = CARTESIAN_POINT('',(186.75,-113.15,-4.6E-02));
#19120 = VECTOR('',#19121,1.);
#19121 = DIRECTION('',(0.,0.,1.));
#19122 = ORIENTED_EDGE('',*,*,#18364,.F.);
#19123 = ORIENTED_EDGE('',*,*,#19117,.F.);
#19124 = CYLINDRICAL_SURFACE('',#19125,0.4);
#19125 = AXIS2_PLACEMENT_3D('',#19126,#19127,#19128);
#19126 = CARTESIAN_POINT('',(186.75,-112.75,-4.6E-02));
#19127 = DIRECTION('',(-0.,-0.,-1.));
#19128 = DIRECTION('',(-0.,-1.,0.));
#19129 = ADVANCED_FACE('',(#19130),#19141,.F.);
#19130 = FACE_BOUND('',#19131,.T.);
#19131 = EDGE_LOOP('',(#19132,#19133,#19139,#19140));
#19132 = ORIENTED_EDGE('',*,*,#17804,.T.);
#19133 = ORIENTED_EDGE('',*,*,#19134,.T.);
#19134 = EDGE_CURVE('',#17805,#18376,#19135,.T.);
#19135 = LINE('',#19136,#19137);
#19136 = CARTESIAN_POINT('',(192.3,-124.15,-4.6E-02));
#19137 = VECTOR('',#19138,1.);
#19138 = DIRECTION('',(0.,0.,1.));
#19139 = ORIENTED_EDGE('',*,*,#18375,.F.);
#19140 = ORIENTED_EDGE('',*,*,#19134,.F.);
#19141 = CYLINDRICAL_SURFACE('',#19142,0.4);
#19142 = AXIS2_PLACEMENT_3D('',#19143,#19144,#19145);
#19143 = CARTESIAN_POINT('',(192.3,-123.75,-4.6E-02));
#19144 = DIRECTION('',(-0.,-0.,-1.));
#19145 = DIRECTION('',(-0.,-1.,0.));
#19146 = ADVANCED_FACE('',(#19147),#19158,.F.);
#19147 = FACE_BOUND('',#19148,.T.);
#19148 = EDGE_LOOP('',(#19149,#19150,#19156,#19157));
#19149 = ORIENTED_EDGE('',*,*,#17815,.T.);
#19150 = ORIENTED_EDGE('',*,*,#19151,.T.);
#19151 = EDGE_CURVE('',#17816,#18387,#19152,.T.);
#19152 = LINE('',#19153,#19154);
#19153 = CARTESIAN_POINT('',(192.3,-122.15,-4.6E-02));
#19154 = VECTOR('',#19155,1.);
#19155 = DIRECTION('',(0.,0.,1.));
#19156 = ORIENTED_EDGE('',*,*,#18386,.F.);
#19157 = ORIENTED_EDGE('',*,*,#19151,.F.);
#19158 = CYLINDRICAL_SURFACE('',#19159,0.4);
#19159 = AXIS2_PLACEMENT_3D('',#19160,#19161,#19162);
#19160 = CARTESIAN_POINT('',(192.3,-121.75,-4.6E-02));
#19161 = DIRECTION('',(-0.,-0.,-1.));
#19162 = DIRECTION('',(-0.,-1.,0.));
#19163 = ADVANCED_FACE('',(#19164),#19175,.F.);
#19164 = FACE_BOUND('',#19165,.T.);
#19165 = EDGE_LOOP('',(#19166,#19167,#19173,#19174));
#19166 = ORIENTED_EDGE('',*,*,#17826,.T.);
#19167 = ORIENTED_EDGE('',*,*,#19168,.T.);
#19168 = EDGE_CURVE('',#17827,#18398,#19169,.T.);
#19169 = LINE('',#19170,#19171);
#19170 = CARTESIAN_POINT('',(197.,-124.4,-4.6E-02));
#19171 = VECTOR('',#19172,1.);
#19172 = DIRECTION('',(0.,0.,1.));
#19173 = ORIENTED_EDGE('',*,*,#18397,.F.);
#19174 = ORIENTED_EDGE('',*,*,#19168,.F.);
#19175 = CYLINDRICAL_SURFACE('',#19176,0.4);
#19176 = AXIS2_PLACEMENT_3D('',#19177,#19178,#19179);
#19177 = CARTESIAN_POINT('',(197.,-124.,-4.6E-02));
#19178 = DIRECTION('',(-0.,-0.,-1.));
#19179 = DIRECTION('',(-0.,-1.,0.));
#19180 = ADVANCED_FACE('',(#19181),#19192,.F.);
#19181 = FACE_BOUND('',#19182,.T.);
#19182 = EDGE_LOOP('',(#19183,#19184,#19190,#19191));
#19183 = ORIENTED_EDGE('',*,*,#17837,.T.);
#19184 = ORIENTED_EDGE('',*,*,#19185,.T.);
#19185 = EDGE_CURVE('',#17838,#18409,#19186,.T.);
#19186 = LINE('',#19187,#19188);
#19187 = CARTESIAN_POINT('',(199.,-124.4,-4.6E-02));
#19188 = VECTOR('',#19189,1.);
#19189 = DIRECTION('',(0.,0.,1.));
#19190 = ORIENTED_EDGE('',*,*,#18408,.F.);
#19191 = ORIENTED_EDGE('',*,*,#19185,.F.);
#19192 = CYLINDRICAL_SURFACE('',#19193,0.4);
#19193 = AXIS2_PLACEMENT_3D('',#19194,#19195,#19196);
#19194 = CARTESIAN_POINT('',(199.,-124.,-4.6E-02));
#19195 = DIRECTION('',(-0.,-0.,-1.));
#19196 = DIRECTION('',(-0.,-1.,0.));
#19197 = ADVANCED_FACE('',(#19198),#19209,.F.);
#19198 = FACE_BOUND('',#19199,.T.);
#19199 = EDGE_LOOP('',(#19200,#19201,#19207,#19208));
#19200 = ORIENTED_EDGE('',*,*,#17848,.T.);
#19201 = ORIENTED_EDGE('',*,*,#19202,.T.);
#19202 = EDGE_CURVE('',#17849,#18420,#19203,.T.);
#19203 = LINE('',#19204,#19205);
#19204 = CARTESIAN_POINT('',(192.3,-117.15,-4.6E-02));
#19205 = VECTOR('',#19206,1.);
#19206 = DIRECTION('',(0.,0.,1.));
#19207 = ORIENTED_EDGE('',*,*,#18419,.F.);
#19208 = ORIENTED_EDGE('',*,*,#19202,.F.);
#19209 = CYLINDRICAL_SURFACE('',#19210,0.4);
#19210 = AXIS2_PLACEMENT_3D('',#19211,#19212,#19213);
#19211 = CARTESIAN_POINT('',(192.3,-116.75,-4.6E-02));
#19212 = DIRECTION('',(-0.,-0.,-1.));
#19213 = DIRECTION('',(-0.,-1.,0.));
#19214 = ADVANCED_FACE('',(#19215),#19226,.F.);
#19215 = FACE_BOUND('',#19216,.T.);
#19216 = EDGE_LOOP('',(#19217,#19218,#19224,#19225));
#19217 = ORIENTED_EDGE('',*,*,#17859,.T.);
#19218 = ORIENTED_EDGE('',*,*,#19219,.T.);
#19219 = EDGE_CURVE('',#17860,#18431,#19220,.T.);
#19220 = LINE('',#19221,#19222);
#19221 = CARTESIAN_POINT('',(192.3,-115.15,-4.6E-02));
#19222 = VECTOR('',#19223,1.);
#19223 = DIRECTION('',(0.,0.,1.));
#19224 = ORIENTED_EDGE('',*,*,#18430,.F.);
#19225 = ORIENTED_EDGE('',*,*,#19219,.F.);
#19226 = CYLINDRICAL_SURFACE('',#19227,0.4);
#19227 = AXIS2_PLACEMENT_3D('',#19228,#19229,#19230);
#19228 = CARTESIAN_POINT('',(192.3,-114.75,-4.6E-02));
#19229 = DIRECTION('',(-0.,-0.,-1.));
#19230 = DIRECTION('',(-0.,-1.,0.));
#19231 = ADVANCED_FACE('',(#19232),#19243,.F.);
#19232 = FACE_BOUND('',#19233,.T.);
#19233 = EDGE_LOOP('',(#19234,#19235,#19241,#19242));
#19234 = ORIENTED_EDGE('',*,*,#17870,.T.);
#19235 = ORIENTED_EDGE('',*,*,#19236,.T.);
#19236 = EDGE_CURVE('',#17871,#18442,#19237,.T.);
#19237 = LINE('',#19238,#19239);
#19238 = CARTESIAN_POINT('',(197.75,-118.65,-4.6E-02));
#19239 = VECTOR('',#19240,1.);
#19240 = DIRECTION('',(0.,0.,1.));
#19241 = ORIENTED_EDGE('',*,*,#18441,.F.);
#19242 = ORIENTED_EDGE('',*,*,#19236,.F.);
#19243 = CYLINDRICAL_SURFACE('',#19244,0.4);
#19244 = AXIS2_PLACEMENT_3D('',#19245,#19246,#19247);
#19245 = CARTESIAN_POINT('',(197.75,-118.25,-4.6E-02));
#19246 = DIRECTION('',(-0.,-0.,-1.));
#19247 = DIRECTION('',(-0.,-1.,0.));
#19248 = ADVANCED_FACE('',(#19249),#19260,.F.);
#19249 = FACE_BOUND('',#19250,.T.);
#19250 = EDGE_LOOP('',(#19251,#19252,#19258,#19259));
#19251 = ORIENTED_EDGE('',*,*,#17881,.T.);
#19252 = ORIENTED_EDGE('',*,*,#19253,.T.);
#19253 = EDGE_CURVE('',#17882,#18453,#19254,.T.);
#19254 = LINE('',#19255,#19256);
#19255 = CARTESIAN_POINT('',(197.75,-116.65,-4.6E-02));
#19256 = VECTOR('',#19257,1.);
#19257 = DIRECTION('',(0.,0.,1.));
#19258 = ORIENTED_EDGE('',*,*,#18452,.F.);
#19259 = ORIENTED_EDGE('',*,*,#19253,.F.);
#19260 = CYLINDRICAL_SURFACE('',#19261,0.4);
#19261 = AXIS2_PLACEMENT_3D('',#19262,#19263,#19264);
#19262 = CARTESIAN_POINT('',(197.75,-116.25,-4.6E-02));
#19263 = DIRECTION('',(-0.,-0.,-1.));
#19264 = DIRECTION('',(-0.,-1.,0.));
#19265 = ADVANCED_FACE('',(#19266),#19277,.F.);
#19266 = FACE_BOUND('',#19267,.T.);
#19267 = EDGE_LOOP('',(#19268,#19269,#19275,#19276));
#19268 = ORIENTED_EDGE('',*,*,#17892,.T.);
#19269 = ORIENTED_EDGE('',*,*,#19270,.T.);
#19270 = EDGE_CURVE('',#17893,#18464,#19271,.T.);
#19271 = LINE('',#19272,#19273);
#19272 = CARTESIAN_POINT('',(197.75,-114.65,-4.6E-02));
#19273 = VECTOR('',#19274,1.);
#19274 = DIRECTION('',(0.,0.,1.));
#19275 = ORIENTED_EDGE('',*,*,#18463,.F.);
#19276 = ORIENTED_EDGE('',*,*,#19270,.F.);
#19277 = CYLINDRICAL_SURFACE('',#19278,0.4);
#19278 = AXIS2_PLACEMENT_3D('',#19279,#19280,#19281);
#19279 = CARTESIAN_POINT('',(197.75,-114.25,-4.6E-02));
#19280 = DIRECTION('',(-0.,-0.,-1.));
#19281 = DIRECTION('',(-0.,-1.,0.));
#19282 = ADVANCED_FACE('',(#19283),#19294,.F.);
#19283 = FACE_BOUND('',#19284,.T.);
#19284 = EDGE_LOOP('',(#19285,#19286,#19292,#19293));
#19285 = ORIENTED_EDGE('',*,*,#17903,.T.);
#19286 = ORIENTED_EDGE('',*,*,#19287,.T.);
#19287 = EDGE_CURVE('',#17904,#18475,#19288,.T.);
#19288 = LINE('',#19289,#19290);
#19289 = CARTESIAN_POINT('',(201.,-124.4,-4.6E-02));
#19290 = VECTOR('',#19291,1.);
#19291 = DIRECTION('',(0.,0.,1.));
#19292 = ORIENTED_EDGE('',*,*,#18474,.F.);
#19293 = ORIENTED_EDGE('',*,*,#19287,.F.);
#19294 = CYLINDRICAL_SURFACE('',#19295,0.4);
#19295 = AXIS2_PLACEMENT_3D('',#19296,#19297,#19298);
#19296 = CARTESIAN_POINT('',(201.,-124.,-4.6E-02));
#19297 = DIRECTION('',(-0.,-0.,-1.));
#19298 = DIRECTION('',(-0.,-1.,0.));
#19299 = ADVANCED_FACE('',(#19300),#19311,.F.);
#19300 = FACE_BOUND('',#19301,.T.);
#19301 = EDGE_LOOP('',(#19302,#19303,#19309,#19310));
#19302 = ORIENTED_EDGE('',*,*,#17914,.T.);
#19303 = ORIENTED_EDGE('',*,*,#19304,.T.);
#19304 = EDGE_CURVE('',#17915,#18486,#19305,.T.);
#19305 = LINE('',#19306,#19307);
#19306 = CARTESIAN_POINT('',(203.,-124.4,-4.6E-02));
#19307 = VECTOR('',#19308,1.);
#19308 = DIRECTION('',(0.,0.,1.));
#19309 = ORIENTED_EDGE('',*,*,#18485,.F.);
#19310 = ORIENTED_EDGE('',*,*,#19304,.F.);
#19311 = CYLINDRICAL_SURFACE('',#19312,0.4);
#19312 = AXIS2_PLACEMENT_3D('',#19313,#19314,#19315);
#19313 = CARTESIAN_POINT('',(203.,-124.,-4.6E-02));
#19314 = DIRECTION('',(-0.,-0.,-1.));
#19315 = DIRECTION('',(-0.,-1.,0.));
#19316 = ADVANCED_FACE('',(#19317),#19328,.F.);
#19317 = FACE_BOUND('',#19318,.T.);
#19318 = EDGE_LOOP('',(#19319,#19320,#19326,#19327));
#19319 = ORIENTED_EDGE('',*,*,#17925,.T.);
#19320 = ORIENTED_EDGE('',*,*,#19321,.T.);
#19321 = EDGE_CURVE('',#17926,#18497,#19322,.T.);
#19322 = LINE('',#19323,#19324);
#19323 = CARTESIAN_POINT('',(205.,-124.4,-4.6E-02));
#19324 = VECTOR('',#19325,1.);
#19325 = DIRECTION('',(0.,0.,1.));
#19326 = ORIENTED_EDGE('',*,*,#18496,.F.);
#19327 = ORIENTED_EDGE('',*,*,#19321,.F.);
#19328 = CYLINDRICAL_SURFACE('',#19329,0.4);
#19329 = AXIS2_PLACEMENT_3D('',#19330,#19331,#19332);
#19330 = CARTESIAN_POINT('',(205.,-124.,-4.6E-02));
#19331 = DIRECTION('',(-0.,-0.,-1.));
#19332 = DIRECTION('',(-0.,-1.,0.));
#19333 = ADVANCED_FACE('',(#19334),#19345,.F.);
#19334 = FACE_BOUND('',#19335,.T.);
#19335 = EDGE_LOOP('',(#19336,#19337,#19343,#19344));
#19336 = ORIENTED_EDGE('',*,*,#17936,.T.);
#19337 = ORIENTED_EDGE('',*,*,#19338,.T.);
#19338 = EDGE_CURVE('',#17937,#18508,#19339,.T.);
#19339 = LINE('',#19340,#19341);
#19340 = CARTESIAN_POINT('',(207.,-124.4,-4.6E-02));
#19341 = VECTOR('',#19342,1.);
#19342 = DIRECTION('',(0.,0.,1.));
#19343 = ORIENTED_EDGE('',*,*,#18507,.F.);
#19344 = ORIENTED_EDGE('',*,*,#19338,.F.);
#19345 = CYLINDRICAL_SURFACE('',#19346,0.4);
#19346 = AXIS2_PLACEMENT_3D('',#19347,#19348,#19349);
#19347 = CARTESIAN_POINT('',(207.,-124.,-4.6E-02));
#19348 = DIRECTION('',(-0.,-0.,-1.));
#19349 = DIRECTION('',(-0.,-1.,0.));
#19350 = ADVANCED_FACE('',(#19351),#19362,.F.);
#19351 = FACE_BOUND('',#19352,.T.);
#19352 = EDGE_LOOP('',(#19353,#19354,#19360,#19361));
#19353 = ORIENTED_EDGE('',*,*,#17947,.T.);
#19354 = ORIENTED_EDGE('',*,*,#19355,.T.);
#19355 = EDGE_CURVE('',#17948,#18519,#19356,.T.);
#19356 = LINE('',#19357,#19358);
#19357 = CARTESIAN_POINT('',(209.,-124.4,-4.6E-02));
#19358 = VECTOR('',#19359,1.);
#19359 = DIRECTION('',(0.,0.,1.));
#19360 = ORIENTED_EDGE('',*,*,#18518,.F.);
#19361 = ORIENTED_EDGE('',*,*,#19355,.F.);
#19362 = CYLINDRICAL_SURFACE('',#19363,0.4);
#19363 = AXIS2_PLACEMENT_3D('',#19364,#19365,#19366);
#19364 = CARTESIAN_POINT('',(209.,-124.,-4.6E-02));
#19365 = DIRECTION('',(-0.,-0.,-1.));
#19366 = DIRECTION('',(-0.,-1.,0.));
#19367 = ADVANCED_FACE('',(#19368),#19379,.F.);
#19368 = FACE_BOUND('',#19369,.T.);
#19369 = EDGE_LOOP('',(#19370,#19371,#19377,#19378));
#19370 = ORIENTED_EDGE('',*,*,#17958,.T.);
#19371 = ORIENTED_EDGE('',*,*,#19372,.T.);
#19372 = EDGE_CURVE('',#17959,#18530,#19373,.T.);
#19373 = LINE('',#19374,#19375);
#19374 = CARTESIAN_POINT('',(211.,-124.4,-4.6E-02));
#19375 = VECTOR('',#19376,1.);
#19376 = DIRECTION('',(0.,0.,1.));
#19377 = ORIENTED_EDGE('',*,*,#18529,.F.);
#19378 = ORIENTED_EDGE('',*,*,#19372,.F.);
#19379 = CYLINDRICAL_SURFACE('',#19380,0.4);
#19380 = AXIS2_PLACEMENT_3D('',#19381,#19382,#19383);
#19381 = CARTESIAN_POINT('',(211.,-124.,-4.6E-02));
#19382 = DIRECTION('',(-0.,-0.,-1.));
#19383 = DIRECTION('',(-0.,-1.,0.));
#19384 = ADVANCED_FACE('',(#19385),#19396,.F.);
#19385 = FACE_BOUND('',#19386,.T.);
#19386 = EDGE_LOOP('',(#19387,#19388,#19394,#19395));
#19387 = ORIENTED_EDGE('',*,*,#17969,.T.);
#19388 = ORIENTED_EDGE('',*,*,#19389,.T.);
#19389 = EDGE_CURVE('',#17970,#18541,#19390,.T.);
#19390 = LINE('',#19391,#19392);
#19391 = CARTESIAN_POINT('',(205.103534,-115.978676,-4.6E-02));
#19392 = VECTOR('',#19393,1.);
#19393 = DIRECTION('',(0.,0.,1.));
#19394 = ORIENTED_EDGE('',*,*,#18540,.F.);
#19395 = ORIENTED_EDGE('',*,*,#19389,.F.);
#19396 = CYLINDRICAL_SURFACE('',#19397,0.4);
#19397 = AXIS2_PLACEMENT_3D('',#19398,#19399,#19400);
#19398 = CARTESIAN_POINT('',(205.103534,-115.578676,-4.6E-02));
#19399 = DIRECTION('',(-0.,-0.,-1.));
#19400 = DIRECTION('',(-0.,-1.,0.));
#19401 = ADVANCED_FACE('',(#19402),#19413,.F.);
#19402 = FACE_BOUND('',#19403,.T.);
#19403 = EDGE_LOOP('',(#19404,#19405,#19411,#19412));
#19404 = ORIENTED_EDGE('',*,*,#17980,.T.);
#19405 = ORIENTED_EDGE('',*,*,#19406,.T.);
#19406 = EDGE_CURVE('',#17981,#18552,#19407,.T.);
#19407 = LINE('',#19408,#19409);
#19408 = CARTESIAN_POINT('',(203.571444,-114.6931,-4.6E-02));
#19409 = VECTOR('',#19410,1.);
#19410 = DIRECTION('',(0.,0.,1.));
#19411 = ORIENTED_EDGE('',*,*,#18551,.F.);
#19412 = ORIENTED_EDGE('',*,*,#19406,.F.);
#19413 = CYLINDRICAL_SURFACE('',#19414,0.4);
#19414 = AXIS2_PLACEMENT_3D('',#19415,#19416,#19417);
#19415 = CARTESIAN_POINT('',(203.571444,-114.2931,-4.6E-02));
#19416 = DIRECTION('',(-0.,0.,-1.));
#19417 = DIRECTION('',(7.105427357601E-14,-1.,-0.));
#19418 = ADVANCED_FACE('',(#19419),#19430,.F.);
#19419 = FACE_BOUND('',#19420,.T.);
#19420 = EDGE_LOOP('',(#19421,#19422,#19428,#19429));
#19421 = ORIENTED_EDGE('',*,*,#17991,.T.);
#19422 = ORIENTED_EDGE('',*,*,#19423,.T.);
#19423 = EDGE_CURVE('',#17992,#18563,#19424,.T.);
#19424 = LINE('',#19425,#19426);
#19425 = CARTESIAN_POINT('',(206.635621,-117.264251,-4.6E-02));
#19426 = VECTOR('',#19427,1.);
#19427 = DIRECTION('',(0.,0.,1.));
#19428 = ORIENTED_EDGE('',*,*,#18562,.F.);
#19429 = ORIENTED_EDGE('',*,*,#19423,.F.);
#19430 = CYLINDRICAL_SURFACE('',#19431,0.4);
#19431 = AXIS2_PLACEMENT_3D('',#19432,#19433,#19434);
#19432 = CARTESIAN_POINT('',(206.635621,-116.864251,-4.6E-02));
#19433 = DIRECTION('',(-0.,-0.,-1.));
#19434 = DIRECTION('',(-7.105427357601E-14,-1.,0.));
#19435 = ADVANCED_FACE('',(#19436),#19447,.F.);
#19436 = FACE_BOUND('',#19437,.T.);
#19437 = EDGE_LOOP('',(#19438,#19439,#19445,#19446));
#19438 = ORIENTED_EDGE('',*,*,#18002,.T.);
#19439 = ORIENTED_EDGE('',*,*,#19440,.T.);
#19440 = EDGE_CURVE('',#18003,#18574,#19441,.T.);
#19441 = LINE('',#19442,#19443);
#19442 = CARTESIAN_POINT('',(192.3,-113.15,-4.6E-02));
#19443 = VECTOR('',#19444,1.);
#19444 = DIRECTION('',(0.,0.,1.));
#19445 = ORIENTED_EDGE('',*,*,#18573,.F.);
#19446 = ORIENTED_EDGE('',*,*,#19440,.F.);
#19447 = CYLINDRICAL_SURFACE('',#19448,0.4);
#19448 = AXIS2_PLACEMENT_3D('',#19449,#19450,#19451);
#19449 = CARTESIAN_POINT('',(192.3,-112.75,-4.6E-02));
#19450 = DIRECTION('',(-0.,-0.,-1.));
#19451 = DIRECTION('',(-0.,-1.,0.));
#19452 = ADVANCED_FACE('',(#19453),#19469,.F.);
#19453 = FACE_BOUND('',#19454,.T.);
#19454 = EDGE_LOOP('',(#19455,#19461,#19462,#19468));
#19455 = ORIENTED_EDGE('',*,*,#19456,.T.);
#19456 = EDGE_CURVE('',#18014,#18585,#19457,.T.);
#19457 = LINE('',#19458,#19459);
#19458 = CARTESIAN_POINT('',(179.,-84.5,0.));
#19459 = VECTOR('',#19460,1.);
#19460 = DIRECTION('',(0.,0.,1.));
#19461 = ORIENTED_EDGE('',*,*,#18584,.T.);
#19462 = ORIENTED_EDGE('',*,*,#19463,.F.);
#19463 = EDGE_CURVE('',#18016,#18587,#19464,.T.);
#19464 = LINE('',#19465,#19466);
#19465 = CARTESIAN_POINT('',(171.,-84.5,0.));
#19466 = VECTOR('',#19467,1.);
#19467 = DIRECTION('',(0.,0.,1.));
#19468 = ORIENTED_EDGE('',*,*,#18013,.F.);
#19469 = CYLINDRICAL_SURFACE('',#19470,4.);
#19470 = AXIS2_PLACEMENT_3D('',#19471,#19472,#19473);
#19471 = CARTESIAN_POINT('',(175.,-84.5,0.));
#19472 = DIRECTION('',(-0.,-0.,-1.));
#19473 = DIRECTION('',(1.,0.,-0.));
#19474 = ADVANCED_FACE('',(#19475),#19486,.T.);
#19475 = FACE_BOUND('',#19476,.T.);
#19476 = EDGE_LOOP('',(#19477,#19483,#19484,#19485));
#19477 = ORIENTED_EDGE('',*,*,#19478,.T.);
#19478 = EDGE_CURVE('',#18025,#18596,#19479,.T.);
#19479 = LINE('',#19480,#19481);
#19480 = CARTESIAN_POINT('',(179.,-94.5,0.));
#19481 = VECTOR('',#19482,1.);
#19482 = DIRECTION('',(0.,0.,1.));
#19483 = ORIENTED_EDGE('',*,*,#18595,.T.);
#19484 = ORIENTED_EDGE('',*,*,#19456,.F.);
#19485 = ORIENTED_EDGE('',*,*,#18024,.F.);
#19486 = PLANE('',#19487);
#19487 = AXIS2_PLACEMENT_3D('',#19488,#19489,#19490);
#19488 = CARTESIAN_POINT('',(179.,-94.5,0.));
#19489 = DIRECTION('',(-1.,0.,0.));
#19490 = DIRECTION('',(0.,1.,0.));
#19491 = ADVANCED_FACE('',(#19492),#19503,.T.);
#19492 = FACE_BOUND('',#19493,.T.);
#19493 = EDGE_LOOP('',(#19494,#19495,#19496,#19502));
#19494 = ORIENTED_EDGE('',*,*,#19463,.T.);
#19495 = ORIENTED_EDGE('',*,*,#18612,.T.);
#19496 = ORIENTED_EDGE('',*,*,#19497,.F.);
#19497 = EDGE_CURVE('',#18033,#18604,#19498,.T.);
#19498 = LINE('',#19499,#19500);
#19499 = CARTESIAN_POINT('',(171.,-94.5,0.));
#19500 = VECTOR('',#19501,1.);
#19501 = DIRECTION('',(0.,0.,1.));
#19502 = ORIENTED_EDGE('',*,*,#18041,.F.);
#19503 = PLANE('',#19504);
#19504 = AXIS2_PLACEMENT_3D('',#19505,#19506,#19507);
#19505 = CARTESIAN_POINT('',(171.,-84.5,0.));
#19506 = DIRECTION('',(1.,0.,-0.));
#19507 = DIRECTION('',(0.,-1.,0.));
#19508 = ADVANCED_FACE('',(#19509),#19515,.F.);
#19509 = FACE_BOUND('',#19510,.T.);
#19510 = EDGE_LOOP('',(#19511,#19512,#19513,#19514));
#19511 = ORIENTED_EDGE('',*,*,#19497,.T.);
#19512 = ORIENTED_EDGE('',*,*,#18603,.T.);
#19513 = ORIENTED_EDGE('',*,*,#19478,.F.);
#19514 = ORIENTED_EDGE('',*,*,#18032,.F.);
#19515 = CYLINDRICAL_SURFACE('',#19516,4.);
#19516 = AXIS2_PLACEMENT_3D('',#19517,#19518,#19519);
#19517 = CARTESIAN_POINT('',(175.,-94.5,0.));
#19518 = DIRECTION('',(-0.,-0.,-1.));
#19519 = DIRECTION('',(-1.,0.,-0.));
#19520 = ADVANCED_FACE('',(#19521),#19537,.F.);
#19521 = FACE_BOUND('',#19522,.T.);
#19522 = EDGE_LOOP('',(#19523,#19529,#19530,#19536));
#19523 = ORIENTED_EDGE('',*,*,#19524,.T.);
#19524 = EDGE_CURVE('',#18050,#18621,#19525,.T.);
#19525 = LINE('',#19526,#19527);
#19526 = CARTESIAN_POINT('',(207.,-84.5,0.));
#19527 = VECTOR('',#19528,1.);
#19528 = DIRECTION('',(0.,0.,1.));
#19529 = ORIENTED_EDGE('',*,*,#18620,.T.);
#19530 = ORIENTED_EDGE('',*,*,#19531,.F.);
#19531 = EDGE_CURVE('',#18052,#18623,#19532,.T.);
#19532 = LINE('',#19533,#19534);
#19533 = CARTESIAN_POINT('',(199.,-84.5,0.));
#19534 = VECTOR('',#19535,1.);
#19535 = DIRECTION('',(0.,0.,1.));
#19536 = ORIENTED_EDGE('',*,*,#18049,.F.);
#19537 = CYLINDRICAL_SURFACE('',#19538,4.);
#19538 = AXIS2_PLACEMENT_3D('',#19539,#19540,#19541);
#19539 = CARTESIAN_POINT('',(203.,-84.5,0.));
#19540 = DIRECTION('',(-0.,-0.,-1.));
#19541 = DIRECTION('',(1.,0.,-0.));
#19542 = ADVANCED_FACE('',(#19543),#19554,.T.);
#19543 = FACE_BOUND('',#19544,.T.);
#19544 = EDGE_LOOP('',(#19545,#19551,#19552,#19553));
#19545 = ORIENTED_EDGE('',*,*,#19546,.T.);
#19546 = EDGE_CURVE('',#18061,#18632,#19547,.T.);
#19547 = LINE('',#19548,#19549);
#19548 = CARTESIAN_POINT('',(207.,-94.5,0.));
#19549 = VECTOR('',#19550,1.);
#19550 = DIRECTION('',(0.,0.,1.));
#19551 = ORIENTED_EDGE('',*,*,#18631,.T.);
#19552 = ORIENTED_EDGE('',*,*,#19524,.F.);
#19553 = ORIENTED_EDGE('',*,*,#18060,.F.);
#19554 = PLANE('',#19555);
#19555 = AXIS2_PLACEMENT_3D('',#19556,#19557,#19558);
#19556 = CARTESIAN_POINT('',(207.,-94.5,0.));
#19557 = DIRECTION('',(-1.,0.,0.));
#19558 = DIRECTION('',(0.,1.,0.));
#19559 = ADVANCED_FACE('',(#19560),#19571,.T.);
#19560 = FACE_BOUND('',#19561,.T.);
#19561 = EDGE_LOOP('',(#19562,#19563,#19564,#19570));
#19562 = ORIENTED_EDGE('',*,*,#19531,.T.);
#19563 = ORIENTED_EDGE('',*,*,#18648,.T.);
#19564 = ORIENTED_EDGE('',*,*,#19565,.F.);
#19565 = EDGE_CURVE('',#18069,#18640,#19566,.T.);
#19566 = LINE('',#19567,#19568);
#19567 = CARTESIAN_POINT('',(199.,-94.5,0.));
#19568 = VECTOR('',#19569,1.);
#19569 = DIRECTION('',(0.,0.,1.));
#19570 = ORIENTED_EDGE('',*,*,#18077,.F.);
#19571 = PLANE('',#19572);
#19572 = AXIS2_PLACEMENT_3D('',#19573,#19574,#19575);
#19573 = CARTESIAN_POINT('',(199.,-84.5,0.));
#19574 = DIRECTION('',(1.,0.,-0.));
#19575 = DIRECTION('',(0.,-1.,0.));
#19576 = ADVANCED_FACE('',(#19577),#19583,.F.);
#19577 = FACE_BOUND('',#19578,.T.);
#19578 = EDGE_LOOP('',(#19579,#19580,#19581,#19582));
#19579 = ORIENTED_EDGE('',*,*,#19565,.T.);
#19580 = ORIENTED_EDGE('',*,*,#18639,.T.);
#19581 = ORIENTED_EDGE('',*,*,#19546,.F.);
#19582 = ORIENTED_EDGE('',*,*,#18068,.F.);
#19583 = CYLINDRICAL_SURFACE('',#19584,4.);
#19584 = AXIS2_PLACEMENT_3D('',#19585,#19586,#19587);
#19585 = CARTESIAN_POINT('',(203.,-94.5,0.));
#19586 = DIRECTION('',(-0.,-0.,-1.));
#19587 = DIRECTION('',(-1.,0.,-0.));
#19588 = ( GEOMETRIC_REPRESENTATION_CONTEXT(3) 
GLOBAL_UNCERTAINTY_ASSIGNED_CONTEXT((#19592)) 
GLOBAL_UNIT_ASSIGNED_CONTEXT((#19589,#19590,#19591)) 
REPRESENTATION_CONTEXT('Context #1',
  '3D Context with UNIT and UNCERTAINTY') );
#19589 = ( LENGTH_UNIT() NAMED_UNIT(*) SI_UNIT(.MILLI.,.METRE.) );
#19590 = ( NAMED_UNIT(*) PLANE_ANGLE_UNIT() SI_UNIT($,.RADIAN.) );
#19591 = ( NAMED_UNIT(*) SI_UNIT($,.STERADIAN.) SOLID_ANGLE_UNIT() );
#19592 = UNCERTAINTY_MEASURE_WITH_UNIT(LENGTH_MEASURE(1.E-07),#19589,
  'distance_accuracy_value','confusion accuracy');
#19593 = CONTEXT_DEPENDENT_SHAPE_REPRESENTATION(#19594,#19596);
#19594 = ( REPRESENTATION_RELATIONSHIP('','',#17411,#10) 
REPRESENTATION_RELATIONSHIP_WITH_TRANSFORMATION(#19595) 
SHAPE_REPRESENTATION_RELATIONSHIP() );
#19595 = ITEM_DEFINED_TRANSFORMATION('','',#11,#99);
#19596 = PRODUCT_DEFINITION_SHAPE('Placement','Placement of an item',
  #19597);
#19597 = NEXT_ASSEMBLY_USAGE_OCCURRENCE('35','=>[0:1:1:8]','',#5,#17406,
  $);
#19598 = PRODUCT_RELATED_PRODUCT_CATEGORY('part',$,(#17408));
#19599 = MECHANICAL_DESIGN_GEOMETRIC_PRESENTATION_REPRESENTATION('',(
    #19600),#11543);
#19600 = STYLED_ITEM('color',(#19601),#8029);
#19601 = PRESENTATION_STYLE_ASSIGNMENT((#19602));
#19602 = SURFACE_STYLE_USAGE(.BOTH.,#19603);
#19603 = SURFACE_SIDE_STYLE('',(#19604));
#19604 = SURFACE_STYLE_FILL_AREA(#19605);
#19605 = FILL_AREA_STYLE('',(#19606));
#19606 = FILL_AREA_STYLE_COLOUR('',#19607);
#19607 = DRAUGHTING_PRE_DEFINED_COLOUR('white');
#19608 = MECHANICAL_DESIGN_GEOMETRIC_PRESENTATION_REPRESENTATION('',(
    #19609,#19617,#19624,#19631,#19638,#19645,#19652,#19659,#19667,
    #19674,#19681,#19688,#19695,#19702,#19710,#19717,#19724,#19731,
    #19738,#19745,#19752,#19759,#19766,#19773,#19780,#19787),#907);
#19609 = STYLED_ITEM('color',(#19610),#119);
#19610 = PRESENTATION_STYLE_ASSIGNMENT((#19611));
#19611 = SURFACE_STYLE_USAGE(.BOTH.,#19612);
#19612 = SURFACE_SIDE_STYLE('',(#19613));
#19613 = SURFACE_STYLE_FILL_AREA(#19614);
#19614 = FILL_AREA_STYLE('',(#19615));
#19615 = FILL_AREA_STYLE_COLOUR('',#19616);
#19616 = COLOUR_RGB('',0.823999987314,0.819999987296,0.781000009244);
#19617 = STYLED_ITEM('color',(#19618),#159);
#19618 = PRESENTATION_STYLE_ASSIGNMENT((#19619));
#19619 = SURFACE_STYLE_USAGE(.BOTH.,#19620);
#19620 = SURFACE_SIDE_STYLE('',(#19621));
#19621 = SURFACE_STYLE_FILL_AREA(#19622);
#19622 = FILL_AREA_STYLE('',(#19623));
#19623 = FILL_AREA_STYLE_COLOUR('',#19616);
#19624 = STYLED_ITEM('color',(#19625),#242);
#19625 = PRESENTATION_STYLE_ASSIGNMENT((#19626));
#19626 = SURFACE_STYLE_USAGE(.BOTH.,#19627);
#19627 = SURFACE_SIDE_STYLE('',(#19628));
#19628 = SURFACE_STYLE_FILL_AREA(#19629);
#19629 = FILL_AREA_STYLE('',(#19630));
#19630 = FILL_AREA_STYLE_COLOUR('',#19616);
#19631 = STYLED_ITEM('color',(#19632),#267);
#19632 = PRESENTATION_STYLE_ASSIGNMENT((#19633));
#19633 = SURFACE_STYLE_USAGE(.BOTH.,#19634);
#19634 = SURFACE_SIDE_STYLE('',(#19635));
#19635 = SURFACE_STYLE_FILL_AREA(#19636);
#19636 = FILL_AREA_STYLE('',(#19637));
#19637 = FILL_AREA_STYLE_COLOUR('',#19616);
#19638 = STYLED_ITEM('color',(#19639),#292);
#19639 = PRESENTATION_STYLE_ASSIGNMENT((#19640));
#19640 = SURFACE_STYLE_USAGE(.BOTH.,#19641);
#19641 = SURFACE_SIDE_STYLE('',(#19642));
#19642 = SURFACE_STYLE_FILL_AREA(#19643);
#19643 = FILL_AREA_STYLE('',(#19644));
#19644 = FILL_AREA_STYLE_COLOUR('',#19616);
#19645 = STYLED_ITEM('color',(#19646),#359);
#19646 = PRESENTATION_STYLE_ASSIGNMENT((#19647));
#19647 = SURFACE_STYLE_USAGE(.BOTH.,#19648);
#19648 = SURFACE_SIDE_STYLE('',(#19649));
#19649 = SURFACE_STYLE_FILL_AREA(#19650);
#19650 = FILL_AREA_STYLE('',(#19651));
#19651 = FILL_AREA_STYLE_COLOUR('',#19616);
#19652 = STYLED_ITEM('color',(#19653),#376);
#19653 = PRESENTATION_STYLE_ASSIGNMENT((#19654));
#19654 = SURFACE_STYLE_USAGE(.BOTH.,#19655);
#19655 = SURFACE_SIDE_STYLE('',(#19656));
#19656 = SURFACE_STYLE_FILL_AREA(#19657);
#19657 = FILL_AREA_STYLE('',(#19658));
#19658 = FILL_AREA_STYLE_COLOUR('',#19616);
#19659 = STYLED_ITEM('color',(#19660),#393);
#19660 = PRESENTATION_STYLE_ASSIGNMENT((#19661));
#19661 = SURFACE_STYLE_USAGE(.BOTH.,#19662);
#19662 = SURFACE_SIDE_STYLE('',(#19663));
#19663 = SURFACE_STYLE_FILL_AREA(#19664);
#19664 = FILL_AREA_STYLE('',(#19665));
#19665 = FILL_AREA_STYLE_COLOUR('',#19666);
#19666 = COLOUR_RGB('',0.894999966383,0.890999961016,0.813000030345);
#19667 = STYLED_ITEM('color',(#19668),#442);
#19668 = PRESENTATION_STYLE_ASSIGNMENT((#19669));
#19669 = SURFACE_STYLE_USAGE(.BOTH.,#19670);
#19670 = SURFACE_SIDE_STYLE('',(#19671));
#19671 = SURFACE_STYLE_FILL_AREA(#19672);
#19672 = FILL_AREA_STYLE('',(#19673));
#19673 = FILL_AREA_STYLE_COLOUR('',#19616);
#19674 = STYLED_ITEM('color',(#19675),#459);
#19675 = PRESENTATION_STYLE_ASSIGNMENT((#19676));
#19676 = SURFACE_STYLE_USAGE(.BOTH.,#19677);
#19677 = SURFACE_SIDE_STYLE('',(#19678));
#19678 = SURFACE_STYLE_FILL_AREA(#19679);
#19679 = FILL_AREA_STYLE('',(#19680));
#19680 = FILL_AREA_STYLE_COLOUR('',#19616);
#19681 = STYLED_ITEM('color',(#19682),#476);
#19682 = PRESENTATION_STYLE_ASSIGNMENT((#19683));
#19683 = SURFACE_STYLE_USAGE(.BOTH.,#19684);
#19684 = SURFACE_SIDE_STYLE('',(#19685));
#19685 = SURFACE_STYLE_FILL_AREA(#19686);
#19686 = FILL_AREA_STYLE('',(#19687));
#19687 = FILL_AREA_STYLE_COLOUR('',#19666);
#19688 = STYLED_ITEM('color',(#19689),#525);
#19689 = PRESENTATION_STYLE_ASSIGNMENT((#19690));
#19690 = SURFACE_STYLE_USAGE(.BOTH.,#19691);
#19691 = SURFACE_SIDE_STYLE('',(#19692));
#19692 = SURFACE_STYLE_FILL_AREA(#19693);
#19693 = FILL_AREA_STYLE('',(#19694));
#19694 = FILL_AREA_STYLE_COLOUR('',#19666);
#19695 = STYLED_ITEM('color',(#19696),#542);
#19696 = PRESENTATION_STYLE_ASSIGNMENT((#19697));
#19697 = SURFACE_STYLE_USAGE(.BOTH.,#19698);
#19698 = SURFACE_SIDE_STYLE('',(#19699));
#19699 = SURFACE_STYLE_FILL_AREA(#19700);
#19700 = FILL_AREA_STYLE('',(#19701));
#19701 = FILL_AREA_STYLE_COLOUR('',#19616);
#19702 = STYLED_ITEM('color',(#19703),#611);
#19703 = PRESENTATION_STYLE_ASSIGNMENT((#19704));
#19704 = SURFACE_STYLE_USAGE(.BOTH.,#19705);
#19705 = SURFACE_SIDE_STYLE('',(#19706));
#19706 = SURFACE_STYLE_FILL_AREA(#19707);
#19707 = FILL_AREA_STYLE('',(#19708));
#19708 = FILL_AREA_STYLE_COLOUR('',#19709);
#19709 = COLOUR_RGB('',8.200000279077E-02,8.600000121357E-02,
  9.399999706163E-02);
#19710 = STYLED_ITEM('color',(#19711),#642);
#19711 = PRESENTATION_STYLE_ASSIGNMENT((#19712));
#19712 = SURFACE_STYLE_USAGE(.BOTH.,#19713);
#19713 = SURFACE_SIDE_STYLE('',(#19714));
#19714 = SURFACE_STYLE_FILL_AREA(#19715);
#19715 = FILL_AREA_STYLE('',(#19716));
#19716 = FILL_AREA_STYLE_COLOUR('',#19709);
#19717 = STYLED_ITEM('color',(#19718),#666);
#19718 = PRESENTATION_STYLE_ASSIGNMENT((#19719));
#19719 = SURFACE_STYLE_USAGE(.BOTH.,#19720);
#19720 = SURFACE_SIDE_STYLE('',(#19721));
#19721 = SURFACE_STYLE_FILL_AREA(#19722);
#19722 = FILL_AREA_STYLE('',(#19723));
#19723 = FILL_AREA_STYLE_COLOUR('',#19616);
#19724 = STYLED_ITEM('color',(#19725),#735);
#19725 = PRESENTATION_STYLE_ASSIGNMENT((#19726));
#19726 = SURFACE_STYLE_USAGE(.BOTH.,#19727);
#19727 = SURFACE_SIDE_STYLE('',(#19728));
#19728 = SURFACE_STYLE_FILL_AREA(#19729);
#19729 = FILL_AREA_STYLE('',(#19730));
#19730 = FILL_AREA_STYLE_COLOUR('',#19709);
#19731 = STYLED_ITEM('color',(#19732),#759);
#19732 = PRESENTATION_STYLE_ASSIGNMENT((#19733));
#19733 = SURFACE_STYLE_USAGE(.BOTH.,#19734);
#19734 = SURFACE_SIDE_STYLE('',(#19735));
#19735 = SURFACE_STYLE_FILL_AREA(#19736);
#19736 = FILL_AREA_STYLE('',(#19737));
#19737 = FILL_AREA_STYLE_COLOUR('',#19616);
#19738 = STYLED_ITEM('color',(#19739),#776);
#19739 = PRESENTATION_STYLE_ASSIGNMENT((#19740));
#19740 = SURFACE_STYLE_USAGE(.BOTH.,#19741);
#19741 = SURFACE_SIDE_STYLE('',(#19742));
#19742 = SURFACE_STYLE_FILL_AREA(#19743);
#19743 = FILL_AREA_STYLE('',(#19744));
#19744 = FILL_AREA_STYLE_COLOUR('',#19616);
#19745 = STYLED_ITEM('color',(#19746),#793);
#19746 = PRESENTATION_STYLE_ASSIGNMENT((#19747));
#19747 = SURFACE_STYLE_USAGE(.BOTH.,#19748);
#19748 = SURFACE_SIDE_STYLE('',(#19749));
#19749 = SURFACE_STYLE_FILL_AREA(#19750);
#19750 = FILL_AREA_STYLE('',(#19751));
#19751 = FILL_AREA_STYLE_COLOUR('',#19616);
#19752 = STYLED_ITEM('color',(#19753),#810);
#19753 = PRESENTATION_STYLE_ASSIGNMENT((#19754));
#19754 = SURFACE_STYLE_USAGE(.BOTH.,#19755);
#19755 = SURFACE_SIDE_STYLE('',(#19756));
#19756 = SURFACE_STYLE_FILL_AREA(#19757);
#19757 = FILL_AREA_STYLE('',(#19758));
#19758 = FILL_AREA_STYLE_COLOUR('',#19616);
#19759 = STYLED_ITEM('color',(#19760),#827);
#19760 = PRESENTATION_STYLE_ASSIGNMENT((#19761));
#19761 = SURFACE_STYLE_USAGE(.BOTH.,#19762);
#19762 = SURFACE_SIDE_STYLE('',(#19763));
#19763 = SURFACE_STYLE_FILL_AREA(#19764);
#19764 = FILL_AREA_STYLE('',(#19765));
#19765 = FILL_AREA_STYLE_COLOUR('',#19616);
#19766 = STYLED_ITEM('color',(#19767),#844);
#19767 = PRESENTATION_STYLE_ASSIGNMENT((#19768));
#19768 = SURFACE_STYLE_USAGE(.BOTH.,#19769);
#19769 = SURFACE_SIDE_STYLE('',(#19770));
#19770 = SURFACE_STYLE_FILL_AREA(#19771);
#19771 = FILL_AREA_STYLE('',(#19772));
#19772 = FILL_AREA_STYLE_COLOUR('',#19616);
#19773 = STYLED_ITEM('color',(#19774),#861);
#19774 = PRESENTATION_STYLE_ASSIGNMENT((#19775));
#19775 = SURFACE_STYLE_USAGE(.BOTH.,#19776);
#19776 = SURFACE_SIDE_STYLE('',(#19777));
#19777 = SURFACE_STYLE_FILL_AREA(#19778);
#19778 = FILL_AREA_STYLE('',(#19779));
#19779 = FILL_AREA_STYLE_COLOUR('',#19616);
#19780 = STYLED_ITEM('color',(#19781),#878);
#19781 = PRESENTATION_STYLE_ASSIGNMENT((#19782));
#19782 = SURFACE_STYLE_USAGE(.BOTH.,#19783);
#19783 = SURFACE_SIDE_STYLE('',(#19784));
#19784 = SURFACE_STYLE_FILL_AREA(#19785);
#19785 = FILL_AREA_STYLE('',(#19786));
#19786 = FILL_AREA_STYLE_COLOUR('',#19709);
#19787 = STYLED_ITEM('color',(#19788),#895);
#19788 = PRESENTATION_STYLE_ASSIGNMENT((#19789));
#19789 = SURFACE_STYLE_USAGE(.BOTH.,#19790);
#19790 = SURFACE_SIDE_STYLE('',(#19791));
#19791 = SURFACE_STYLE_FILL_AREA(#19792);
#19792 = FILL_AREA_STYLE('',(#19793));
#19793 = FILL_AREA_STYLE_COLOUR('',#19709);
#19794 = MECHANICAL_DESIGN_GEOMETRIC_PRESENTATION_REPRESENTATION('',(
    #19795),#3140);
#19795 = STYLED_ITEM('color',(#19796),#966);
#19796 = PRESENTATION_STYLE_ASSIGNMENT((#19797));
#19797 = SURFACE_STYLE_USAGE(.BOTH.,#19798);
#19798 = SURFACE_SIDE_STYLE('',(#19799));
#19799 = SURFACE_STYLE_FILL_AREA(#19800);
#19800 = FILL_AREA_STYLE('',(#19801));
#19801 = FILL_AREA_STYLE_COLOUR('',#19607);
#19802 = MECHANICAL_DESIGN_GEOMETRIC_PRESENTATION_REPRESENTATION('',(
    #19803),#4089);
#19803 = STYLED_ITEM('color',(#19804),#3159);
#19804 = PRESENTATION_STYLE_ASSIGNMENT((#19805));
#19805 = SURFACE_STYLE_USAGE(.BOTH.,#19806);
#19806 = SURFACE_SIDE_STYLE('',(#19807));
#19807 = SURFACE_STYLE_FILL_AREA(#19808);
#19808 = FILL_AREA_STYLE('',(#19809));
#19809 = FILL_AREA_STYLE_COLOUR('',#19810);
#19810 = COLOUR_RGB('',0.792156867455,0.819607826924,0.933333342953);
#19811 = MECHANICAL_DESIGN_GEOMETRIC_PRESENTATION_REPRESENTATION('',(
    #19812),#12492);
#19812 = STYLED_ITEM('color',(#19813),#11562);
#19813 = PRESENTATION_STYLE_ASSIGNMENT((#19814));
#19814 = SURFACE_STYLE_USAGE(.BOTH.,#19815);
#19815 = SURFACE_SIDE_STYLE('',(#19816));
#19816 = SURFACE_STYLE_FILL_AREA(#19817);
#19817 = FILL_AREA_STYLE('',(#19818));
#19818 = FILL_AREA_STYLE_COLOUR('',#19810);
#19819 = MECHANICAL_DESIGN_GEOMETRIC_PRESENTATION_REPRESENTATION('',(
    #19820,#19830,#19839,#19848,#19857,#19866,#19875,#19884,#19893,
    #19902,#19911,#19920,#19929,#19938,#19947,#19956,#19965,#19974,
    #19983,#19992,#20001,#20010,#20019,#20028,#20037,#20046,#20055,
    #20064,#20073,#20082,#20091,#20100,#20109,#20118,#20127,#20136,
    #20145,#20154,#20163,#20172,#20181,#20190,#20199,#20208,#20217,
    #20226,#20235,#20244,#20253,#20262,#20271,#20280,#20289,#20298,
    #20307,#20316,#20325,#20334,#20343,#20352,#20361,#20370,#20379,
    #20388,#20397,#20406,#20415,#20424,#20433,#20442,#20451,#20460,
    #20469,#20478,#20487),#14808);
#19820 = STYLED_ITEM('color',(#19821),#12558);
#19821 = PRESENTATION_STYLE_ASSIGNMENT((#19822,#19828));
#19822 = SURFACE_STYLE_USAGE(.BOTH.,#19823);
#19823 = SURFACE_SIDE_STYLE('',(#19824));
#19824 = SURFACE_STYLE_FILL_AREA(#19825);
#19825 = FILL_AREA_STYLE('',(#19826));
#19826 = FILL_AREA_STYLE_COLOUR('',#19827);
#19827 = COLOUR_RGB('',0.147999998088,0.145000001626,0.145000001626);
#19828 = CURVE_STYLE('',#19829,POSITIVE_LENGTH_MEASURE(0.1),#19827);
#19829 = DRAUGHTING_PRE_DEFINED_CURVE_FONT('continuous');
#19830 = STYLED_ITEM('color',(#19831),#12644);
#19831 = PRESENTATION_STYLE_ASSIGNMENT((#19832,#19837));
#19832 = SURFACE_STYLE_USAGE(.BOTH.,#19833);
#19833 = SURFACE_SIDE_STYLE('',(#19834));
#19834 = SURFACE_STYLE_FILL_AREA(#19835);
#19835 = FILL_AREA_STYLE('',(#19836));
#19836 = FILL_AREA_STYLE_COLOUR('',#19827);
#19837 = CURVE_STYLE('',#19838,POSITIVE_LENGTH_MEASURE(0.1),#19827);
#19838 = DRAUGHTING_PRE_DEFINED_CURVE_FONT('continuous');
#19839 = STYLED_ITEM('color',(#19840),#12675);
#19840 = PRESENTATION_STYLE_ASSIGNMENT((#19841,#19846));
#19841 = SURFACE_STYLE_USAGE(.BOTH.,#19842);
#19842 = SURFACE_SIDE_STYLE('',(#19843));
#19843 = SURFACE_STYLE_FILL_AREA(#19844);
#19844 = FILL_AREA_STYLE('',(#19845));
#19845 = FILL_AREA_STYLE_COLOUR('',#19827);
#19846 = CURVE_STYLE('',#19847,POSITIVE_LENGTH_MEASURE(0.1),#19827);
#19847 = DRAUGHTING_PRE_DEFINED_CURVE_FONT('continuous');
#19848 = STYLED_ITEM('color',(#19849),#12698);
#19849 = PRESENTATION_STYLE_ASSIGNMENT((#19850,#19855));
#19850 = SURFACE_STYLE_USAGE(.BOTH.,#19851);
#19851 = SURFACE_SIDE_STYLE('',(#19852));
#19852 = SURFACE_STYLE_FILL_AREA(#19853);
#19853 = FILL_AREA_STYLE('',(#19854));
#19854 = FILL_AREA_STYLE_COLOUR('',#19827);
#19855 = CURVE_STYLE('',#19856,POSITIVE_LENGTH_MEASURE(0.1),#19827);
#19856 = DRAUGHTING_PRE_DEFINED_CURVE_FONT('continuous');
#19857 = STYLED_ITEM('color',(#19858),#12728);
#19858 = PRESENTATION_STYLE_ASSIGNMENT((#19859,#19864));
#19859 = SURFACE_STYLE_USAGE(.BOTH.,#19860);
#19860 = SURFACE_SIDE_STYLE('',(#19861));
#19861 = SURFACE_STYLE_FILL_AREA(#19862);
#19862 = FILL_AREA_STYLE('',(#19863));
#19863 = FILL_AREA_STYLE_COLOUR('',#19616);
#19864 = CURVE_STYLE('',#19865,POSITIVE_LENGTH_MEASURE(0.1),#19616);
#19865 = DRAUGHTING_PRE_DEFINED_CURVE_FONT('continuous');
#19866 = STYLED_ITEM('color',(#19867),#12759);
#19867 = PRESENTATION_STYLE_ASSIGNMENT((#19868,#19873));
#19868 = SURFACE_STYLE_USAGE(.BOTH.,#19869);
#19869 = SURFACE_SIDE_STYLE('',(#19870));
#19870 = SURFACE_STYLE_FILL_AREA(#19871);
#19871 = FILL_AREA_STYLE('',(#19872));
#19872 = FILL_AREA_STYLE_COLOUR('',#19827);
#19873 = CURVE_STYLE('',#19874,POSITIVE_LENGTH_MEASURE(0.1),#19827);
#19874 = DRAUGHTING_PRE_DEFINED_CURVE_FONT('continuous');
#19875 = STYLED_ITEM('color',(#19876),#12790);
#19876 = PRESENTATION_STYLE_ASSIGNMENT((#19877,#19882));
#19877 = SURFACE_STYLE_USAGE(.BOTH.,#19878);
#19878 = SURFACE_SIDE_STYLE('',(#19879));
#19879 = SURFACE_STYLE_FILL_AREA(#19880);
#19880 = FILL_AREA_STYLE('',(#19881));
#19881 = FILL_AREA_STYLE_COLOUR('',#19616);
#19882 = CURVE_STYLE('',#19883,POSITIVE_LENGTH_MEASURE(0.1),#19616);
#19883 = DRAUGHTING_PRE_DEFINED_CURVE_FONT('continuous');
#19884 = STYLED_ITEM('color',(#19885),#12821);
#19885 = PRESENTATION_STYLE_ASSIGNMENT((#19886,#19891));
#19886 = SURFACE_STYLE_USAGE(.BOTH.,#19887);
#19887 = SURFACE_SIDE_STYLE('',(#19888));
#19888 = SURFACE_STYLE_FILL_AREA(#19889);
#19889 = FILL_AREA_STYLE('',(#19890));
#19890 = FILL_AREA_STYLE_COLOUR('',#19827);
#19891 = CURVE_STYLE('',#19892,POSITIVE_LENGTH_MEASURE(0.1),#19827);
#19892 = DRAUGHTING_PRE_DEFINED_CURVE_FONT('continuous');
#19893 = STYLED_ITEM('color',(#19894),#12852);
#19894 = PRESENTATION_STYLE_ASSIGNMENT((#19895,#19900));
#19895 = SURFACE_STYLE_USAGE(.BOTH.,#19896);
#19896 = SURFACE_SIDE_STYLE('',(#19897));
#19897 = SURFACE_STYLE_FILL_AREA(#19898);
#19898 = FILL_AREA_STYLE('',(#19899));
#19899 = FILL_AREA_STYLE_COLOUR('',#19616);
#19900 = CURVE_STYLE('',#19901,POSITIVE_LENGTH_MEASURE(0.1),#19616);
#19901 = DRAUGHTING_PRE_DEFINED_CURVE_FONT('continuous');
#19902 = STYLED_ITEM('color',(#19903),#12883);
#19903 = PRESENTATION_STYLE_ASSIGNMENT((#19904,#19909));
#19904 = SURFACE_STYLE_USAGE(.BOTH.,#19905);
#19905 = SURFACE_SIDE_STYLE('',(#19906));
#19906 = SURFACE_STYLE_FILL_AREA(#19907);
#19907 = FILL_AREA_STYLE('',(#19908));
#19908 = FILL_AREA_STYLE_COLOUR('',#19827);
#19909 = CURVE_STYLE('',#19910,POSITIVE_LENGTH_MEASURE(0.1),#19827);
#19910 = DRAUGHTING_PRE_DEFINED_CURVE_FONT('continuous');
#19911 = STYLED_ITEM('color',(#19912),#12913);
#19912 = PRESENTATION_STYLE_ASSIGNMENT((#19913,#19918));
#19913 = SURFACE_STYLE_USAGE(.BOTH.,#19914);
#19914 = SURFACE_SIDE_STYLE('',(#19915));
#19915 = SURFACE_STYLE_FILL_AREA(#19916);
#19916 = FILL_AREA_STYLE('',(#19917));
#19917 = FILL_AREA_STYLE_COLOUR('',#19827);
#19918 = CURVE_STYLE('',#19919,POSITIVE_LENGTH_MEASURE(0.1),#19827);
#19919 = DRAUGHTING_PRE_DEFINED_CURVE_FONT('continuous');
#19920 = STYLED_ITEM('color',(#19921),#12936);
#19921 = PRESENTATION_STYLE_ASSIGNMENT((#19922,#19927));
#19922 = SURFACE_STYLE_USAGE(.BOTH.,#19923);
#19923 = SURFACE_SIDE_STYLE('',(#19924));
#19924 = SURFACE_STYLE_FILL_AREA(#19925);
#19925 = FILL_AREA_STYLE('',(#19926));
#19926 = FILL_AREA_STYLE_COLOUR('',#19827);
#19927 = CURVE_STYLE('',#19928,POSITIVE_LENGTH_MEASURE(0.1),#19827);
#19928 = DRAUGHTING_PRE_DEFINED_CURVE_FONT('continuous');
#19929 = STYLED_ITEM('color',(#19930),#12969);
#19930 = PRESENTATION_STYLE_ASSIGNMENT((#19931,#19936));
#19931 = SURFACE_STYLE_USAGE(.BOTH.,#19932);
#19932 = SURFACE_SIDE_STYLE('',(#19933));
#19933 = SURFACE_STYLE_FILL_AREA(#19934);
#19934 = FILL_AREA_STYLE('',(#19935));
#19935 = FILL_AREA_STYLE_COLOUR('',#19827);
#19936 = CURVE_STYLE('',#19937,POSITIVE_LENGTH_MEASURE(0.1),#19827);
#19937 = DRAUGHTING_PRE_DEFINED_CURVE_FONT('continuous');
#19938 = STYLED_ITEM('color',(#19939),#12992);
#19939 = PRESENTATION_STYLE_ASSIGNMENT((#19940,#19945));
#19940 = SURFACE_STYLE_USAGE(.BOTH.,#19941);
#19941 = SURFACE_SIDE_STYLE('',(#19942));
#19942 = SURFACE_STYLE_FILL_AREA(#19943);
#19943 = FILL_AREA_STYLE('',(#19944));
#19944 = FILL_AREA_STYLE_COLOUR('',#19827);
#19945 = CURVE_STYLE('',#19946,POSITIVE_LENGTH_MEASURE(0.1),#19827);
#19946 = DRAUGHTING_PRE_DEFINED_CURVE_FONT('continuous');
#19947 = STYLED_ITEM('color',(#19948),#13015);
#19948 = PRESENTATION_STYLE_ASSIGNMENT((#19949,#19954));
#19949 = SURFACE_STYLE_USAGE(.BOTH.,#19950);
#19950 = SURFACE_SIDE_STYLE('',(#19951));
#19951 = SURFACE_STYLE_FILL_AREA(#19952);
#19952 = FILL_AREA_STYLE('',(#19953));
#19953 = FILL_AREA_STYLE_COLOUR('',#19827);
#19954 = CURVE_STYLE('',#19955,POSITIVE_LENGTH_MEASURE(0.1),#19827);
#19955 = DRAUGHTING_PRE_DEFINED_CURVE_FONT('continuous');
#19956 = STYLED_ITEM('color',(#19957),#13071);
#19957 = PRESENTATION_STYLE_ASSIGNMENT((#19958,#19963));
#19958 = SURFACE_STYLE_USAGE(.BOTH.,#19959);
#19959 = SURFACE_SIDE_STYLE('',(#19960));
#19960 = SURFACE_STYLE_FILL_AREA(#19961);
#19961 = FILL_AREA_STYLE('',(#19962));
#19962 = FILL_AREA_STYLE_COLOUR('',#19616);
#19963 = CURVE_STYLE('',#19964,POSITIVE_LENGTH_MEASURE(0.1),#19616);
#19964 = DRAUGHTING_PRE_DEFINED_CURVE_FONT('continuous');
#19965 = STYLED_ITEM('color',(#19966),#13163);
#19966 = PRESENTATION_STYLE_ASSIGNMENT((#19967,#19972));
#19967 = SURFACE_STYLE_USAGE(.BOTH.,#19968);
#19968 = SURFACE_SIDE_STYLE('',(#19969));
#19969 = SURFACE_STYLE_FILL_AREA(#19970);
#19970 = FILL_AREA_STYLE('',(#19971));
#19971 = FILL_AREA_STYLE_COLOUR('',#19616);
#19972 = CURVE_STYLE('',#19973,POSITIVE_LENGTH_MEASURE(0.1),#19616);
#19973 = DRAUGHTING_PRE_DEFINED_CURVE_FONT('continuous');
#19974 = STYLED_ITEM('color',(#19975),#13255);
#19975 = PRESENTATION_STYLE_ASSIGNMENT((#19976,#19981));
#19976 = SURFACE_STYLE_USAGE(.BOTH.,#19977);
#19977 = SURFACE_SIDE_STYLE('',(#19978));
#19978 = SURFACE_STYLE_FILL_AREA(#19979);
#19979 = FILL_AREA_STYLE('',(#19980));
#19980 = FILL_AREA_STYLE_COLOUR('',#19616);
#19981 = CURVE_STYLE('',#19982,POSITIVE_LENGTH_MEASURE(0.1),#19616);
#19982 = DRAUGHTING_PRE_DEFINED_CURVE_FONT('continuous');
#19983 = STYLED_ITEM('color',(#19984),#13272);
#19984 = PRESENTATION_STYLE_ASSIGNMENT((#19985,#19990));
#19985 = SURFACE_STYLE_USAGE(.BOTH.,#19986);
#19986 = SURFACE_SIDE_STYLE('',(#19987));
#19987 = SURFACE_STYLE_FILL_AREA(#19988);
#19988 = FILL_AREA_STYLE('',(#19989));
#19989 = FILL_AREA_STYLE_COLOUR('',#19827);
#19990 = CURVE_STYLE('',#19991,POSITIVE_LENGTH_MEASURE(0.1),#19827);
#19991 = DRAUGHTING_PRE_DEFINED_CURVE_FONT('continuous');
#19992 = STYLED_ITEM('color',(#19993),#13303);
#19993 = PRESENTATION_STYLE_ASSIGNMENT((#19994,#19999));
#19994 = SURFACE_STYLE_USAGE(.BOTH.,#19995);
#19995 = SURFACE_SIDE_STYLE('',(#19996));
#19996 = SURFACE_STYLE_FILL_AREA(#19997);
#19997 = FILL_AREA_STYLE('',(#19998));
#19998 = FILL_AREA_STYLE_COLOUR('',#19616);
#19999 = CURVE_STYLE('',#20000,POSITIVE_LENGTH_MEASURE(0.1),#19616);
#20000 = DRAUGHTING_PRE_DEFINED_CURVE_FONT('continuous');
#20001 = STYLED_ITEM('color',(#20002),#13395);
#20002 = PRESENTATION_STYLE_ASSIGNMENT((#20003,#20008));
#20003 = SURFACE_STYLE_USAGE(.BOTH.,#20004);
#20004 = SURFACE_SIDE_STYLE('',(#20005));
#20005 = SURFACE_STYLE_FILL_AREA(#20006);
#20006 = FILL_AREA_STYLE('',(#20007));
#20007 = FILL_AREA_STYLE_COLOUR('',#19616);
#20008 = CURVE_STYLE('',#20009,POSITIVE_LENGTH_MEASURE(0.1),#19616);
#20009 = DRAUGHTING_PRE_DEFINED_CURVE_FONT('continuous');
#20010 = STYLED_ITEM('color',(#20011),#13487);
#20011 = PRESENTATION_STYLE_ASSIGNMENT((#20012,#20017));
#20012 = SURFACE_STYLE_USAGE(.BOTH.,#20013);
#20013 = SURFACE_SIDE_STYLE('',(#20014));
#20014 = SURFACE_STYLE_FILL_AREA(#20015);
#20015 = FILL_AREA_STYLE('',(#20016));
#20016 = FILL_AREA_STYLE_COLOUR('',#19616);
#20017 = CURVE_STYLE('',#20018,POSITIVE_LENGTH_MEASURE(0.1),#19616);
#20018 = DRAUGHTING_PRE_DEFINED_CURVE_FONT('continuous');
#20019 = STYLED_ITEM('color',(#20020),#13504);
#20020 = PRESENTATION_STYLE_ASSIGNMENT((#20021,#20026));
#20021 = SURFACE_STYLE_USAGE(.BOTH.,#20022);
#20022 = SURFACE_SIDE_STYLE('',(#20023));
#20023 = SURFACE_STYLE_FILL_AREA(#20024);
#20024 = FILL_AREA_STYLE('',(#20025));
#20025 = FILL_AREA_STYLE_COLOUR('',#19827);
#20026 = CURVE_STYLE('',#20027,POSITIVE_LENGTH_MEASURE(0.1),#19827);
#20027 = DRAUGHTING_PRE_DEFINED_CURVE_FONT('continuous');
#20028 = STYLED_ITEM('color',(#20029),#13535);
#20029 = PRESENTATION_STYLE_ASSIGNMENT((#20030,#20035));
#20030 = SURFACE_STYLE_USAGE(.BOTH.,#20031);
#20031 = SURFACE_SIDE_STYLE('',(#20032));
#20032 = SURFACE_STYLE_FILL_AREA(#20033);
#20033 = FILL_AREA_STYLE('',(#20034));
#20034 = FILL_AREA_STYLE_COLOUR('',#19616);
#20035 = CURVE_STYLE('',#20036,POSITIVE_LENGTH_MEASURE(0.1),#19616);
#20036 = DRAUGHTING_PRE_DEFINED_CURVE_FONT('continuous');
#20037 = STYLED_ITEM('color',(#20038),#13627);
#20038 = PRESENTATION_STYLE_ASSIGNMENT((#20039,#20044));
#20039 = SURFACE_STYLE_USAGE(.BOTH.,#20040);
#20040 = SURFACE_SIDE_STYLE('',(#20041));
#20041 = SURFACE_STYLE_FILL_AREA(#20042);
#20042 = FILL_AREA_STYLE('',(#20043));
#20043 = FILL_AREA_STYLE_COLOUR('',#19616);
#20044 = CURVE_STYLE('',#20045,POSITIVE_LENGTH_MEASURE(0.1),#19616);
#20045 = DRAUGHTING_PRE_DEFINED_CURVE_FONT('continuous');
#20046 = STYLED_ITEM('color',(#20047),#13719);
#20047 = PRESENTATION_STYLE_ASSIGNMENT((#20048,#20053));
#20048 = SURFACE_STYLE_USAGE(.BOTH.,#20049);
#20049 = SURFACE_SIDE_STYLE('',(#20050));
#20050 = SURFACE_STYLE_FILL_AREA(#20051);
#20051 = FILL_AREA_STYLE('',(#20052));
#20052 = FILL_AREA_STYLE_COLOUR('',#19616);
#20053 = CURVE_STYLE('',#20054,POSITIVE_LENGTH_MEASURE(0.1),#19616);
#20054 = DRAUGHTING_PRE_DEFINED_CURVE_FONT('continuous');
#20055 = STYLED_ITEM('color',(#20056),#13736);
#20056 = PRESENTATION_STYLE_ASSIGNMENT((#20057,#20062));
#20057 = SURFACE_STYLE_USAGE(.BOTH.,#20058);
#20058 = SURFACE_SIDE_STYLE('',(#20059));
#20059 = SURFACE_STYLE_FILL_AREA(#20060);
#20060 = FILL_AREA_STYLE('',(#20061));
#20061 = FILL_AREA_STYLE_COLOUR('',#19827);
#20062 = CURVE_STYLE('',#20063,POSITIVE_LENGTH_MEASURE(0.1),#19827);
#20063 = DRAUGHTING_PRE_DEFINED_CURVE_FONT('continuous');
#20064 = STYLED_ITEM('color',(#20065),#13792);
#20065 = PRESENTATION_STYLE_ASSIGNMENT((#20066,#20071));
#20066 = SURFACE_STYLE_USAGE(.BOTH.,#20067);
#20067 = SURFACE_SIDE_STYLE('',(#20068));
#20068 = SURFACE_STYLE_FILL_AREA(#20069);
#20069 = FILL_AREA_STYLE('',(#20070));
#20070 = FILL_AREA_STYLE_COLOUR('',#19827);
#20071 = CURVE_STYLE('',#20072,POSITIVE_LENGTH_MEASURE(0.1),#19827);
#20072 = DRAUGHTING_PRE_DEFINED_CURVE_FONT('continuous');
#20073 = STYLED_ITEM('color',(#20074),#13809);
#20074 = PRESENTATION_STYLE_ASSIGNMENT((#20075,#20080));
#20075 = SURFACE_STYLE_USAGE(.BOTH.,#20076);
#20076 = SURFACE_SIDE_STYLE('',(#20077));
#20077 = SURFACE_STYLE_FILL_AREA(#20078);
#20078 = FILL_AREA_STYLE('',(#20079));
#20079 = FILL_AREA_STYLE_COLOUR('',#19616);
#20080 = CURVE_STYLE('',#20081,POSITIVE_LENGTH_MEASURE(0.1),#19616);
#20081 = DRAUGHTING_PRE_DEFINED_CURVE_FONT('continuous');
#20082 = STYLED_ITEM('color',(#20083),#13840);
#20083 = PRESENTATION_STYLE_ASSIGNMENT((#20084,#20089));
#20084 = SURFACE_STYLE_USAGE(.BOTH.,#20085);
#20085 = SURFACE_SIDE_STYLE('',(#20086));
#20086 = SURFACE_STYLE_FILL_AREA(#20087);
#20087 = FILL_AREA_STYLE('',(#20088));
#20088 = FILL_AREA_STYLE_COLOUR('',#19827);
#20089 = CURVE_STYLE('',#20090,POSITIVE_LENGTH_MEASURE(0.1),#19827);
#20090 = DRAUGHTING_PRE_DEFINED_CURVE_FONT('continuous');
#20091 = STYLED_ITEM('color',(#20092),#13857);
#20092 = PRESENTATION_STYLE_ASSIGNMENT((#20093,#20098));
#20093 = SURFACE_STYLE_USAGE(.BOTH.,#20094);
#20094 = SURFACE_SIDE_STYLE('',(#20095));
#20095 = SURFACE_STYLE_FILL_AREA(#20096);
#20096 = FILL_AREA_STYLE('',(#20097));
#20097 = FILL_AREA_STYLE_COLOUR('',#19616);
#20098 = CURVE_STYLE('',#20099,POSITIVE_LENGTH_MEASURE(0.1),#19616);
#20099 = DRAUGHTING_PRE_DEFINED_CURVE_FONT('continuous');
#20100 = STYLED_ITEM('color',(#20101),#13895);
#20101 = PRESENTATION_STYLE_ASSIGNMENT((#20102,#20107));
#20102 = SURFACE_STYLE_USAGE(.BOTH.,#20103);
#20103 = SURFACE_SIDE_STYLE('',(#20104));
#20104 = SURFACE_STYLE_FILL_AREA(#20105);
#20105 = FILL_AREA_STYLE('',(#20106));
#20106 = FILL_AREA_STYLE_COLOUR('',#19827);
#20107 = CURVE_STYLE('',#20108,POSITIVE_LENGTH_MEASURE(0.1),#19827);
#20108 = DRAUGHTING_PRE_DEFINED_CURVE_FONT('continuous');
#20109 = STYLED_ITEM('color',(#20110),#13926);
#20110 = PRESENTATION_STYLE_ASSIGNMENT((#20111,#20116));
#20111 = SURFACE_STYLE_USAGE(.BOTH.,#20112);
#20112 = SURFACE_SIDE_STYLE('',(#20113));
#20113 = SURFACE_STYLE_FILL_AREA(#20114);
#20114 = FILL_AREA_STYLE('',(#20115));
#20115 = FILL_AREA_STYLE_COLOUR('',#19827);
#20116 = CURVE_STYLE('',#20117,POSITIVE_LENGTH_MEASURE(0.1),#19827);
#20117 = DRAUGHTING_PRE_DEFINED_CURVE_FONT('continuous');
#20118 = STYLED_ITEM('color',(#20119),#13949);
#20119 = PRESENTATION_STYLE_ASSIGNMENT((#20120,#20125));
#20120 = SURFACE_STYLE_USAGE(.BOTH.,#20121);
#20121 = SURFACE_SIDE_STYLE('',(#20122));
#20122 = SURFACE_STYLE_FILL_AREA(#20123);
#20123 = FILL_AREA_STYLE('',(#20124));
#20124 = FILL_AREA_STYLE_COLOUR('',#19827);
#20125 = CURVE_STYLE('',#20126,POSITIVE_LENGTH_MEASURE(0.1),#19827);
#20126 = DRAUGHTING_PRE_DEFINED_CURVE_FONT('continuous');
#20127 = STYLED_ITEM('color',(#20128),#13993);
#20128 = PRESENTATION_STYLE_ASSIGNMENT((#20129,#20134));
#20129 = SURFACE_STYLE_USAGE(.BOTH.,#20130);
#20130 = SURFACE_SIDE_STYLE('',(#20131));
#20131 = SURFACE_STYLE_FILL_AREA(#20132);
#20132 = FILL_AREA_STYLE('',(#20133));
#20133 = FILL_AREA_STYLE_COLOUR('',#19616);
#20134 = CURVE_STYLE('',#20135,POSITIVE_LENGTH_MEASURE(0.1),#19616);
#20135 = DRAUGHTING_PRE_DEFINED_CURVE_FONT('continuous');
#20136 = STYLED_ITEM('color',(#20137),#14012);
#20137 = PRESENTATION_STYLE_ASSIGNMENT((#20138,#20143));
#20138 = SURFACE_STYLE_USAGE(.BOTH.,#20139);
#20139 = SURFACE_SIDE_STYLE('',(#20140));
#20140 = SURFACE_STYLE_FILL_AREA(#20141);
#20141 = FILL_AREA_STYLE('',(#20142));
#20142 = FILL_AREA_STYLE_COLOUR('',#19616);
#20143 = CURVE_STYLE('',#20144,POSITIVE_LENGTH_MEASURE(0.1),#19616);
#20144 = DRAUGHTING_PRE_DEFINED_CURVE_FONT('continuous');
#20145 = STYLED_ITEM('color',(#20146),#14029);
#20146 = PRESENTATION_STYLE_ASSIGNMENT((#20147,#20152));
#20147 = SURFACE_STYLE_USAGE(.BOTH.,#20148);
#20148 = SURFACE_SIDE_STYLE('',(#20149));
#20149 = SURFACE_STYLE_FILL_AREA(#20150);
#20150 = FILL_AREA_STYLE('',(#20151));
#20151 = FILL_AREA_STYLE_COLOUR('',#19616);
#20152 = CURVE_STYLE('',#20153,POSITIVE_LENGTH_MEASURE(0.1),#19616);
#20153 = DRAUGHTING_PRE_DEFINED_CURVE_FONT('continuous');
#20154 = STYLED_ITEM('color',(#20155),#14046);
#20155 = PRESENTATION_STYLE_ASSIGNMENT((#20156,#20161));
#20156 = SURFACE_STYLE_USAGE(.BOTH.,#20157);
#20157 = SURFACE_SIDE_STYLE('',(#20158));
#20158 = SURFACE_STYLE_FILL_AREA(#20159);
#20159 = FILL_AREA_STYLE('',(#20160));
#20160 = FILL_AREA_STYLE_COLOUR('',#19616);
#20161 = CURVE_STYLE('',#20162,POSITIVE_LENGTH_MEASURE(0.1),#19616);
#20162 = DRAUGHTING_PRE_DEFINED_CURVE_FONT('continuous');
#20163 = STYLED_ITEM('color',(#20164),#14063);
#20164 = PRESENTATION_STYLE_ASSIGNMENT((#20165,#20170));
#20165 = SURFACE_STYLE_USAGE(.BOTH.,#20166);
#20166 = SURFACE_SIDE_STYLE('',(#20167));
#20167 = SURFACE_STYLE_FILL_AREA(#20168);
#20168 = FILL_AREA_STYLE('',(#20169));
#20169 = FILL_AREA_STYLE_COLOUR('',#19616);
#20170 = CURVE_STYLE('',#20171,POSITIVE_LENGTH_MEASURE(0.1),#19616);
#20171 = DRAUGHTING_PRE_DEFINED_CURVE_FONT('continuous');
#20172 = STYLED_ITEM('color',(#20173),#14080);
#20173 = PRESENTATION_STYLE_ASSIGNMENT((#20174,#20179));
#20174 = SURFACE_STYLE_USAGE(.BOTH.,#20175);
#20175 = SURFACE_SIDE_STYLE('',(#20176));
#20176 = SURFACE_STYLE_FILL_AREA(#20177);
#20177 = FILL_AREA_STYLE('',(#20178));
#20178 = FILL_AREA_STYLE_COLOUR('',#19616);
#20179 = CURVE_STYLE('',#20180,POSITIVE_LENGTH_MEASURE(0.1),#19616);
#20180 = DRAUGHTING_PRE_DEFINED_CURVE_FONT('continuous');
#20181 = STYLED_ITEM('color',(#20182),#14097);
#20182 = PRESENTATION_STYLE_ASSIGNMENT((#20183,#20188));
#20183 = SURFACE_STYLE_USAGE(.BOTH.,#20184);
#20184 = SURFACE_SIDE_STYLE('',(#20185));
#20185 = SURFACE_STYLE_FILL_AREA(#20186);
#20186 = FILL_AREA_STYLE('',(#20187));
#20187 = FILL_AREA_STYLE_COLOUR('',#19616);
#20188 = CURVE_STYLE('',#20189,POSITIVE_LENGTH_MEASURE(0.1),#19616);
#20189 = DRAUGHTING_PRE_DEFINED_CURVE_FONT('continuous');
#20190 = STYLED_ITEM('color',(#20191),#14114);
#20191 = PRESENTATION_STYLE_ASSIGNMENT((#20192,#20197));
#20192 = SURFACE_STYLE_USAGE(.BOTH.,#20193);
#20193 = SURFACE_SIDE_STYLE('',(#20194));
#20194 = SURFACE_STYLE_FILL_AREA(#20195);
#20195 = FILL_AREA_STYLE('',(#20196));
#20196 = FILL_AREA_STYLE_COLOUR('',#19616);
#20197 = CURVE_STYLE('',#20198,POSITIVE_LENGTH_MEASURE(0.1),#19616);
#20198 = DRAUGHTING_PRE_DEFINED_CURVE_FONT('continuous');
#20199 = STYLED_ITEM('color',(#20200),#14131);
#20200 = PRESENTATION_STYLE_ASSIGNMENT((#20201,#20206));
#20201 = SURFACE_STYLE_USAGE(.BOTH.,#20202);
#20202 = SURFACE_SIDE_STYLE('',(#20203));
#20203 = SURFACE_STYLE_FILL_AREA(#20204);
#20204 = FILL_AREA_STYLE('',(#20205));
#20205 = FILL_AREA_STYLE_COLOUR('',#19616);
#20206 = CURVE_STYLE('',#20207,POSITIVE_LENGTH_MEASURE(0.1),#19616);
#20207 = DRAUGHTING_PRE_DEFINED_CURVE_FONT('continuous');
#20208 = STYLED_ITEM('color',(#20209),#14143);
#20209 = PRESENTATION_STYLE_ASSIGNMENT((#20210,#20215));
#20210 = SURFACE_STYLE_USAGE(.BOTH.,#20211);
#20211 = SURFACE_SIDE_STYLE('',(#20212));
#20212 = SURFACE_STYLE_FILL_AREA(#20213);
#20213 = FILL_AREA_STYLE('',(#20214));
#20214 = FILL_AREA_STYLE_COLOUR('',#19616);
#20215 = CURVE_STYLE('',#20216,POSITIVE_LENGTH_MEASURE(0.1),#19616);
#20216 = DRAUGHTING_PRE_DEFINED_CURVE_FONT('continuous');
#20217 = STYLED_ITEM('color',(#20218),#14162);
#20218 = PRESENTATION_STYLE_ASSIGNMENT((#20219,#20224));
#20219 = SURFACE_STYLE_USAGE(.BOTH.,#20220);
#20220 = SURFACE_SIDE_STYLE('',(#20221));
#20221 = SURFACE_STYLE_FILL_AREA(#20222);
#20222 = FILL_AREA_STYLE('',(#20223));
#20223 = FILL_AREA_STYLE_COLOUR('',#19616);
#20224 = CURVE_STYLE('',#20225,POSITIVE_LENGTH_MEASURE(0.1),#19616);
#20225 = DRAUGHTING_PRE_DEFINED_CURVE_FONT('continuous');
#20226 = STYLED_ITEM('color',(#20227),#14179);
#20227 = PRESENTATION_STYLE_ASSIGNMENT((#20228,#20233));
#20228 = SURFACE_STYLE_USAGE(.BOTH.,#20229);
#20229 = SURFACE_SIDE_STYLE('',(#20230));
#20230 = SURFACE_STYLE_FILL_AREA(#20231);
#20231 = FILL_AREA_STYLE('',(#20232));
#20232 = FILL_AREA_STYLE_COLOUR('',#19616);
#20233 = CURVE_STYLE('',#20234,POSITIVE_LENGTH_MEASURE(0.1),#19616);
#20234 = DRAUGHTING_PRE_DEFINED_CURVE_FONT('continuous');
#20235 = STYLED_ITEM('color',(#20236),#14196);
#20236 = PRESENTATION_STYLE_ASSIGNMENT((#20237,#20242));
#20237 = SURFACE_STYLE_USAGE(.BOTH.,#20238);
#20238 = SURFACE_SIDE_STYLE('',(#20239));
#20239 = SURFACE_STYLE_FILL_AREA(#20240);
#20240 = FILL_AREA_STYLE('',(#20241));
#20241 = FILL_AREA_STYLE_COLOUR('',#19616);
#20242 = CURVE_STYLE('',#20243,POSITIVE_LENGTH_MEASURE(0.1),#19616);
#20243 = DRAUGHTING_PRE_DEFINED_CURVE_FONT('continuous');
#20244 = STYLED_ITEM('color',(#20245),#14213);
#20245 = PRESENTATION_STYLE_ASSIGNMENT((#20246,#20251));
#20246 = SURFACE_STYLE_USAGE(.BOTH.,#20247);
#20247 = SURFACE_SIDE_STYLE('',(#20248));
#20248 = SURFACE_STYLE_FILL_AREA(#20249);
#20249 = FILL_AREA_STYLE('',(#20250));
#20250 = FILL_AREA_STYLE_COLOUR('',#19616);
#20251 = CURVE_STYLE('',#20252,POSITIVE_LENGTH_MEASURE(0.1),#19616);
#20252 = DRAUGHTING_PRE_DEFINED_CURVE_FONT('continuous');
#20253 = STYLED_ITEM('color',(#20254),#14230);
#20254 = PRESENTATION_STYLE_ASSIGNMENT((#20255,#20260));
#20255 = SURFACE_STYLE_USAGE(.BOTH.,#20256);
#20256 = SURFACE_SIDE_STYLE('',(#20257));
#20257 = SURFACE_STYLE_FILL_AREA(#20258);
#20258 = FILL_AREA_STYLE('',(#20259));
#20259 = FILL_AREA_STYLE_COLOUR('',#19616);
#20260 = CURVE_STYLE('',#20261,POSITIVE_LENGTH_MEASURE(0.1),#19616);
#20261 = DRAUGHTING_PRE_DEFINED_CURVE_FONT('continuous');
#20262 = STYLED_ITEM('color',(#20263),#14247);
#20263 = PRESENTATION_STYLE_ASSIGNMENT((#20264,#20269));
#20264 = SURFACE_STYLE_USAGE(.BOTH.,#20265);
#20265 = SURFACE_SIDE_STYLE('',(#20266));
#20266 = SURFACE_STYLE_FILL_AREA(#20267);
#20267 = FILL_AREA_STYLE('',(#20268));
#20268 = FILL_AREA_STYLE_COLOUR('',#19616);
#20269 = CURVE_STYLE('',#20270,POSITIVE_LENGTH_MEASURE(0.1),#19616);
#20270 = DRAUGHTING_PRE_DEFINED_CURVE_FONT('continuous');
#20271 = STYLED_ITEM('color',(#20272),#14264);
#20272 = PRESENTATION_STYLE_ASSIGNMENT((#20273,#20278));
#20273 = SURFACE_STYLE_USAGE(.BOTH.,#20274);
#20274 = SURFACE_SIDE_STYLE('',(#20275));
#20275 = SURFACE_STYLE_FILL_AREA(#20276);
#20276 = FILL_AREA_STYLE('',(#20277));
#20277 = FILL_AREA_STYLE_COLOUR('',#19616);
#20278 = CURVE_STYLE('',#20279,POSITIVE_LENGTH_MEASURE(0.1),#19616);
#20279 = DRAUGHTING_PRE_DEFINED_CURVE_FONT('continuous');
#20280 = STYLED_ITEM('color',(#20281),#14281);
#20281 = PRESENTATION_STYLE_ASSIGNMENT((#20282,#20287));
#20282 = SURFACE_STYLE_USAGE(.BOTH.,#20283);
#20283 = SURFACE_SIDE_STYLE('',(#20284));
#20284 = SURFACE_STYLE_FILL_AREA(#20285);
#20285 = FILL_AREA_STYLE('',(#20286));
#20286 = FILL_AREA_STYLE_COLOUR('',#19616);
#20287 = CURVE_STYLE('',#20288,POSITIVE_LENGTH_MEASURE(0.1),#19616);
#20288 = DRAUGHTING_PRE_DEFINED_CURVE_FONT('continuous');
#20289 = STYLED_ITEM('color',(#20290),#14293);
#20290 = PRESENTATION_STYLE_ASSIGNMENT((#20291,#20296));
#20291 = SURFACE_STYLE_USAGE(.BOTH.,#20292);
#20292 = SURFACE_SIDE_STYLE('',(#20293));
#20293 = SURFACE_STYLE_FILL_AREA(#20294);
#20294 = FILL_AREA_STYLE('',(#20295));
#20295 = FILL_AREA_STYLE_COLOUR('',#19616);
#20296 = CURVE_STYLE('',#20297,POSITIVE_LENGTH_MEASURE(0.1),#19616);
#20297 = DRAUGHTING_PRE_DEFINED_CURVE_FONT('continuous');
#20298 = STYLED_ITEM('color',(#20299),#14312);
#20299 = PRESENTATION_STYLE_ASSIGNMENT((#20300,#20305));
#20300 = SURFACE_STYLE_USAGE(.BOTH.,#20301);
#20301 = SURFACE_SIDE_STYLE('',(#20302));
#20302 = SURFACE_STYLE_FILL_AREA(#20303);
#20303 = FILL_AREA_STYLE('',(#20304));
#20304 = FILL_AREA_STYLE_COLOUR('',#19616);
#20305 = CURVE_STYLE('',#20306,POSITIVE_LENGTH_MEASURE(0.1),#19616);
#20306 = DRAUGHTING_PRE_DEFINED_CURVE_FONT('continuous');
#20307 = STYLED_ITEM('color',(#20308),#14329);
#20308 = PRESENTATION_STYLE_ASSIGNMENT((#20309,#20314));
#20309 = SURFACE_STYLE_USAGE(.BOTH.,#20310);
#20310 = SURFACE_SIDE_STYLE('',(#20311));
#20311 = SURFACE_STYLE_FILL_AREA(#20312);
#20312 = FILL_AREA_STYLE('',(#20313));
#20313 = FILL_AREA_STYLE_COLOUR('',#19616);
#20314 = CURVE_STYLE('',#20315,POSITIVE_LENGTH_MEASURE(0.1),#19616);
#20315 = DRAUGHTING_PRE_DEFINED_CURVE_FONT('continuous');
#20316 = STYLED_ITEM('color',(#20317),#14346);
#20317 = PRESENTATION_STYLE_ASSIGNMENT((#20318,#20323));
#20318 = SURFACE_STYLE_USAGE(.BOTH.,#20319);
#20319 = SURFACE_SIDE_STYLE('',(#20320));
#20320 = SURFACE_STYLE_FILL_AREA(#20321);
#20321 = FILL_AREA_STYLE('',(#20322));
#20322 = FILL_AREA_STYLE_COLOUR('',#19616);
#20323 = CURVE_STYLE('',#20324,POSITIVE_LENGTH_MEASURE(0.1),#19616);
#20324 = DRAUGHTING_PRE_DEFINED_CURVE_FONT('continuous');
#20325 = STYLED_ITEM('color',(#20326),#14363);
#20326 = PRESENTATION_STYLE_ASSIGNMENT((#20327,#20332));
#20327 = SURFACE_STYLE_USAGE(.BOTH.,#20328);
#20328 = SURFACE_SIDE_STYLE('',(#20329));
#20329 = SURFACE_STYLE_FILL_AREA(#20330);
#20330 = FILL_AREA_STYLE('',(#20331));
#20331 = FILL_AREA_STYLE_COLOUR('',#19616);
#20332 = CURVE_STYLE('',#20333,POSITIVE_LENGTH_MEASURE(0.1),#19616);
#20333 = DRAUGHTING_PRE_DEFINED_CURVE_FONT('continuous');
#20334 = STYLED_ITEM('color',(#20335),#14380);
#20335 = PRESENTATION_STYLE_ASSIGNMENT((#20336,#20341));
#20336 = SURFACE_STYLE_USAGE(.BOTH.,#20337);
#20337 = SURFACE_SIDE_STYLE('',(#20338));
#20338 = SURFACE_STYLE_FILL_AREA(#20339);
#20339 = FILL_AREA_STYLE('',(#20340));
#20340 = FILL_AREA_STYLE_COLOUR('',#19616);
#20341 = CURVE_STYLE('',#20342,POSITIVE_LENGTH_MEASURE(0.1),#19616);
#20342 = DRAUGHTING_PRE_DEFINED_CURVE_FONT('continuous');
#20343 = STYLED_ITEM('color',(#20344),#14397);
#20344 = PRESENTATION_STYLE_ASSIGNMENT((#20345,#20350));
#20345 = SURFACE_STYLE_USAGE(.BOTH.,#20346);
#20346 = SURFACE_SIDE_STYLE('',(#20347));
#20347 = SURFACE_STYLE_FILL_AREA(#20348);
#20348 = FILL_AREA_STYLE('',(#20349));
#20349 = FILL_AREA_STYLE_COLOUR('',#19616);
#20350 = CURVE_STYLE('',#20351,POSITIVE_LENGTH_MEASURE(0.1),#19616);
#20351 = DRAUGHTING_PRE_DEFINED_CURVE_FONT('continuous');
#20352 = STYLED_ITEM('color',(#20353),#14414);
#20353 = PRESENTATION_STYLE_ASSIGNMENT((#20354,#20359));
#20354 = SURFACE_STYLE_USAGE(.BOTH.,#20355);
#20355 = SURFACE_SIDE_STYLE('',(#20356));
#20356 = SURFACE_STYLE_FILL_AREA(#20357);
#20357 = FILL_AREA_STYLE('',(#20358));
#20358 = FILL_AREA_STYLE_COLOUR('',#19616);
#20359 = CURVE_STYLE('',#20360,POSITIVE_LENGTH_MEASURE(0.1),#19616);
#20360 = DRAUGHTING_PRE_DEFINED_CURVE_FONT('continuous');
#20361 = STYLED_ITEM('color',(#20362),#14431);
#20362 = PRESENTATION_STYLE_ASSIGNMENT((#20363,#20368));
#20363 = SURFACE_STYLE_USAGE(.BOTH.,#20364);
#20364 = SURFACE_SIDE_STYLE('',(#20365));
#20365 = SURFACE_STYLE_FILL_AREA(#20366);
#20366 = FILL_AREA_STYLE('',(#20367));
#20367 = FILL_AREA_STYLE_COLOUR('',#19616);
#20368 = CURVE_STYLE('',#20369,POSITIVE_LENGTH_MEASURE(0.1),#19616);
#20369 = DRAUGHTING_PRE_DEFINED_CURVE_FONT('continuous');
#20370 = STYLED_ITEM('color',(#20371),#14443);
#20371 = PRESENTATION_STYLE_ASSIGNMENT((#20372,#20377));
#20372 = SURFACE_STYLE_USAGE(.BOTH.,#20373);
#20373 = SURFACE_SIDE_STYLE('',(#20374));
#20374 = SURFACE_STYLE_FILL_AREA(#20375);
#20375 = FILL_AREA_STYLE('',(#20376));
#20376 = FILL_AREA_STYLE_COLOUR('',#19827);
#20377 = CURVE_STYLE('',#20378,POSITIVE_LENGTH_MEASURE(0.1),#19827);
#20378 = DRAUGHTING_PRE_DEFINED_CURVE_FONT('continuous');
#20379 = STYLED_ITEM('color',(#20380),#14460);
#20380 = PRESENTATION_STYLE_ASSIGNMENT((#20381,#20386));
#20381 = SURFACE_STYLE_USAGE(.BOTH.,#20382);
#20382 = SURFACE_SIDE_STYLE('',(#20383));
#20383 = SURFACE_STYLE_FILL_AREA(#20384);
#20384 = FILL_AREA_STYLE('',(#20385));
#20385 = FILL_AREA_STYLE_COLOUR('',#19616);
#20386 = CURVE_STYLE('',#20387,POSITIVE_LENGTH_MEASURE(0.1),#19616);
#20387 = DRAUGHTING_PRE_DEFINED_CURVE_FONT('continuous');
#20388 = STYLED_ITEM('color',(#20389),#14545);
#20389 = PRESENTATION_STYLE_ASSIGNMENT((#20390,#20395));
#20390 = SURFACE_STYLE_USAGE(.BOTH.,#20391);
#20391 = SURFACE_SIDE_STYLE('',(#20392));
#20392 = SURFACE_STYLE_FILL_AREA(#20393);
#20393 = FILL_AREA_STYLE('',(#20394));
#20394 = FILL_AREA_STYLE_COLOUR('',#19616);
#20395 = CURVE_STYLE('',#20396,POSITIVE_LENGTH_MEASURE(0.1),#19616);
#20396 = DRAUGHTING_PRE_DEFINED_CURVE_FONT('continuous');
#20397 = STYLED_ITEM('color',(#20398),#14630);
#20398 = PRESENTATION_STYLE_ASSIGNMENT((#20399,#20404));
#20399 = SURFACE_STYLE_USAGE(.BOTH.,#20400);
#20400 = SURFACE_SIDE_STYLE('',(#20401));
#20401 = SURFACE_STYLE_FILL_AREA(#20402);
#20402 = FILL_AREA_STYLE('',(#20403));
#20403 = FILL_AREA_STYLE_COLOUR('',#19616);
#20404 = CURVE_STYLE('',#20405,POSITIVE_LENGTH_MEASURE(0.1),#19616);
#20405 = DRAUGHTING_PRE_DEFINED_CURVE_FONT('continuous');
#20406 = STYLED_ITEM('color',(#20407),#14647);
#20407 = PRESENTATION_STYLE_ASSIGNMENT((#20408,#20413));
#20408 = SURFACE_STYLE_USAGE(.BOTH.,#20409);
#20409 = SURFACE_SIDE_STYLE('',(#20410));
#20410 = SURFACE_STYLE_FILL_AREA(#20411);
#20411 = FILL_AREA_STYLE('',(#20412));
#20412 = FILL_AREA_STYLE_COLOUR('',#19616);
#20413 = CURVE_STYLE('',#20414,POSITIVE_LENGTH_MEASURE(0.1),#19616);
#20414 = DRAUGHTING_PRE_DEFINED_CURVE_FONT('continuous');
#20415 = STYLED_ITEM('color',(#20416),#14664);
#20416 = PRESENTATION_STYLE_ASSIGNMENT((#20417,#20422));
#20417 = SURFACE_STYLE_USAGE(.BOTH.,#20418);
#20418 = SURFACE_SIDE_STYLE('',(#20419));
#20419 = SURFACE_STYLE_FILL_AREA(#20420);
#20420 = FILL_AREA_STYLE('',(#20421));
#20421 = FILL_AREA_STYLE_COLOUR('',#19827);
#20422 = CURVE_STYLE('',#20423,POSITIVE_LENGTH_MEASURE(0.1),#19827);
#20423 = DRAUGHTING_PRE_DEFINED_CURVE_FONT('continuous');
#20424 = STYLED_ITEM('color',(#20425),#14687);
#20425 = PRESENTATION_STYLE_ASSIGNMENT((#20426,#20431));
#20426 = SURFACE_STYLE_USAGE(.BOTH.,#20427);
#20427 = SURFACE_SIDE_STYLE('',(#20428));
#20428 = SURFACE_STYLE_FILL_AREA(#20429);
#20429 = FILL_AREA_STYLE('',(#20430));
#20430 = FILL_AREA_STYLE_COLOUR('',#19616);
#20431 = CURVE_STYLE('',#20432,POSITIVE_LENGTH_MEASURE(0.1),#19616);
#20432 = DRAUGHTING_PRE_DEFINED_CURVE_FONT('continuous');
#20433 = STYLED_ITEM('color',(#20434),#14704);
#20434 = PRESENTATION_STYLE_ASSIGNMENT((#20435,#20440));
#20435 = SURFACE_STYLE_USAGE(.BOTH.,#20436);
#20436 = SURFACE_SIDE_STYLE('',(#20437));
#20437 = SURFACE_STYLE_FILL_AREA(#20438);
#20438 = FILL_AREA_STYLE('',(#20439));
#20439 = FILL_AREA_STYLE_COLOUR('',#19616);
#20440 = CURVE_STYLE('',#20441,POSITIVE_LENGTH_MEASURE(0.1),#19616);
#20441 = DRAUGHTING_PRE_DEFINED_CURVE_FONT('continuous');
#20442 = STYLED_ITEM('color',(#20443),#14721);
#20443 = PRESENTATION_STYLE_ASSIGNMENT((#20444,#20449));
#20444 = SURFACE_STYLE_USAGE(.BOTH.,#20445);
#20445 = SURFACE_SIDE_STYLE('',(#20446));
#20446 = SURFACE_STYLE_FILL_AREA(#20447);
#20447 = FILL_AREA_STYLE('',(#20448));
#20448 = FILL_AREA_STYLE_COLOUR('',#19616);
#20449 = CURVE_STYLE('',#20450,POSITIVE_LENGTH_MEASURE(0.1),#19616);
#20450 = DRAUGHTING_PRE_DEFINED_CURVE_FONT('continuous');
#20451 = STYLED_ITEM('color',(#20452),#14738);
#20452 = PRESENTATION_STYLE_ASSIGNMENT((#20453,#20458));
#20453 = SURFACE_STYLE_USAGE(.BOTH.,#20454);
#20454 = SURFACE_SIDE_STYLE('',(#20455));
#20455 = SURFACE_STYLE_FILL_AREA(#20456);
#20456 = FILL_AREA_STYLE('',(#20457));
#20457 = FILL_AREA_STYLE_COLOUR('',#19616);
#20458 = CURVE_STYLE('',#20459,POSITIVE_LENGTH_MEASURE(0.1),#19616);
#20459 = DRAUGHTING_PRE_DEFINED_CURVE_FONT('continuous');
#20460 = STYLED_ITEM('color',(#20461),#14755);
#20461 = PRESENTATION_STYLE_ASSIGNMENT((#20462,#20467));
#20462 = SURFACE_STYLE_USAGE(.BOTH.,#20463);
#20463 = SURFACE_SIDE_STYLE('',(#20464));
#20464 = SURFACE_STYLE_FILL_AREA(#20465);
#20465 = FILL_AREA_STYLE('',(#20466));
#20466 = FILL_AREA_STYLE_COLOUR('',#19616);
#20467 = CURVE_STYLE('',#20468,POSITIVE_LENGTH_MEASURE(0.1),#19616);
#20468 = DRAUGHTING_PRE_DEFINED_CURVE_FONT('continuous');
#20469 = STYLED_ITEM('color',(#20470),#14772);
#20470 = PRESENTATION_STYLE_ASSIGNMENT((#20471,#20476));
#20471 = SURFACE_STYLE_USAGE(.BOTH.,#20472);
#20472 = SURFACE_SIDE_STYLE('',(#20473));
#20473 = SURFACE_STYLE_FILL_AREA(#20474);
#20474 = FILL_AREA_STYLE('',(#20475));
#20475 = FILL_AREA_STYLE_COLOUR('',#19616);
#20476 = CURVE_STYLE('',#20477,POSITIVE_LENGTH_MEASURE(0.1),#19616);
#20477 = DRAUGHTING_PRE_DEFINED_CURVE_FONT('continuous');
#20478 = STYLED_ITEM('color',(#20479),#14789);
#20479 = PRESENTATION_STYLE_ASSIGNMENT((#20480,#20485));
#20480 = SURFACE_STYLE_USAGE(.BOTH.,#20481);
#20481 = SURFACE_SIDE_STYLE('',(#20482));
#20482 = SURFACE_STYLE_FILL_AREA(#20483);
#20483 = FILL_AREA_STYLE('',(#20484));
#20484 = FILL_AREA_STYLE_COLOUR('',#19616);
#20485 = CURVE_STYLE('',#20486,POSITIVE_LENGTH_MEASURE(0.1),#19616);
#20486 = DRAUGHTING_PRE_DEFINED_CURVE_FONT('continuous');
#20487 = STYLED_ITEM('color',(#20488),#14801);
#20488 = PRESENTATION_STYLE_ASSIGNMENT((#20489,#20495));
#20489 = SURFACE_STYLE_USAGE(.BOTH.,#20490);
#20490 = SURFACE_SIDE_STYLE('',(#20491));
#20491 = SURFACE_STYLE_FILL_AREA(#20492);
#20492 = FILL_AREA_STYLE('',(#20493));
#20493 = FILL_AREA_STYLE_COLOUR('',#20494);
#20494 = COLOUR_RGB('',0.690999998585,0.664000007176,0.597999987832);
#20495 = CURVE_STYLE('',#20496,POSITIVE_LENGTH_MEASURE(0.1),#20494);
#20496 = DRAUGHTING_PRE_DEFINED_CURVE_FONT('continuous');
#20497 = MECHANICAL_DESIGN_GEOMETRIC_PRESENTATION_REPRESENTATION('',(
    #20498),#19588);
#20498 = STYLED_ITEM('color',(#20499),#17412);
#20499 = PRESENTATION_STYLE_ASSIGNMENT((#20500));
#20500 = SURFACE_STYLE_USAGE(.BOTH.,#20501);
#20501 = SURFACE_SIDE_STYLE('',(#20502));
#20502 = SURFACE_STYLE_FILL_AREA(#20503);
#20503 = FILL_AREA_STYLE('',(#20504));
#20504 = FILL_AREA_STYLE_COLOUR('',#20505);
#20505 = COLOUR_RGB('',0.313304153717,0.484529207832,0.410020903123);
#20506 = MECHANICAL_DESIGN_GEOMETRIC_PRESENTATION_REPRESENTATION('',(
    #20507,#20515,#20522,#20529,#20536,#20543,#20551),#17383);
#20507 = STYLED_ITEM('color',(#20508),#14862);
#20508 = PRESENTATION_STYLE_ASSIGNMENT((#20509));
#20509 = SURFACE_STYLE_USAGE(.BOTH.,#20510);
#20510 = SURFACE_SIDE_STYLE('',(#20511));
#20511 = SURFACE_STYLE_FILL_AREA(#20512);
#20512 = FILL_AREA_STYLE('',(#20513));
#20513 = FILL_AREA_STYLE_COLOUR('',#20514);
#20514 = DRAUGHTING_PRE_DEFINED_COLOUR('black');
#20515 = STYLED_ITEM('color',(#20516),#15045);
#20516 = PRESENTATION_STYLE_ASSIGNMENT((#20517));
#20517 = SURFACE_STYLE_USAGE(.BOTH.,#20518);
#20518 = SURFACE_SIDE_STYLE('',(#20519));
#20519 = SURFACE_STYLE_FILL_AREA(#20520);
#20520 = FILL_AREA_STYLE('',(#20521));
#20521 = FILL_AREA_STYLE_COLOUR('',#19810);
#20522 = STYLED_ITEM('color',(#20523),#15467);
#20523 = PRESENTATION_STYLE_ASSIGNMENT((#20524));
#20524 = SURFACE_STYLE_USAGE(.BOTH.,#20525);
#20525 = SURFACE_SIDE_STYLE('',(#20526));
#20526 = SURFACE_STYLE_FILL_AREA(#20527);
#20527 = FILL_AREA_STYLE('',(#20528));
#20528 = FILL_AREA_STYLE_COLOUR('',#19810);
#20529 = STYLED_ITEM('color',(#20530),#15889);
#20530 = PRESENTATION_STYLE_ASSIGNMENT((#20531));
#20531 = SURFACE_STYLE_USAGE(.BOTH.,#20532);
#20532 = SURFACE_SIDE_STYLE('',(#20533));
#20533 = SURFACE_STYLE_FILL_AREA(#20534);
#20534 = FILL_AREA_STYLE('',(#20535));
#20535 = FILL_AREA_STYLE_COLOUR('',#19810);
#20536 = STYLED_ITEM('color',(#20537),#16311);
#20537 = PRESENTATION_STYLE_ASSIGNMENT((#20538));
#20538 = SURFACE_STYLE_USAGE(.BOTH.,#20539);
#20539 = SURFACE_SIDE_STYLE('',(#20540));
#20540 = SURFACE_STYLE_FILL_AREA(#20541);
#20541 = FILL_AREA_STYLE('',(#20542));
#20542 = FILL_AREA_STYLE_COLOUR('',#20514);
#20543 = STYLED_ITEM('color',(#20544),#16461);
#20544 = PRESENTATION_STYLE_ASSIGNMENT((#20545));
#20545 = SURFACE_STYLE_USAGE(.BOTH.,#20546);
#20546 = SURFACE_SIDE_STYLE('',(#20547));
#20547 = SURFACE_STYLE_FILL_AREA(#20548);
#20548 = FILL_AREA_STYLE('',(#20549));
#20549 = FILL_AREA_STYLE_COLOUR('',#20550);
#20550 = COLOUR_RGB('',0.250980388104,0.250980388104,0.250980388104);
#20551 = STYLED_ITEM('color',(#20552),#16961);
#20552 = PRESENTATION_STYLE_ASSIGNMENT((#20553));
#20553 = SURFACE_STYLE_USAGE(.BOTH.,#20554);
#20554 = SURFACE_SIDE_STYLE('',(#20555));
#20555 = SURFACE_STYLE_FILL_AREA(#20556);
#20556 = FILL_AREA_STYLE('',(#20557));
#20557 = FILL_AREA_STYLE_COLOUR('',#19810);
ENDSEC;
END-ISO-10303-21;
