ISO-10303-21;
HEADER;
FILE_DESCRIPTION(('KiCad electronic assembly'),'2;1');
FILE_NAME('celebiNewMD.step','2025-02-13T21:06:07',('Pcbnew'),('Kicad'),
  'Open CASCADE STEP processor 7.8','KiCad to STEP converter','Unknown'
  );
FILE_SCHEMA(('AUTOMOTIVE_DESIGN { 1 0 10303 214 1 1 1 1 }'));
ENDSEC;
DATA;
#1 = APPLICATION_PROTOCOL_DEFINITION('international standard',
  'automotive_design',2000,#2);
#2 = APPLICATION_CONTEXT(
  'core data for automotive mechanical design processes');
#3 = SHAPE_DEFINITION_REPRESENTATION(#4,#10);
#4 = PRODUCT_DEFINITION_SHAPE('','',#5);
#5 = PRODUCT_DEFINITION('design','',#6,#9);
#6 = PRODUCT_DEFINITION_FORMATION('','',#7);
#7 = PRODUCT('celebiNewMD 1','celebiNewMD 1','',(#8));
#8 = PRODUCT_CONTEXT('',#2,'mechanical');
#9 = PRODUCT_DEFINITION_CONTEXT('part definition',#2,'design');
#10 = SHAPE_REPRESENTATION('',(#11,#15,#19,#23,#27,#31,#35,#39,#43,#47,
    #51,#55,#59,#63,#67,#71,#75,#79,#83,#87,#91,#95),#99);
#11 = AXIS2_PLACEMENT_3D('',#12,#13,#14);
#12 = CARTESIAN_POINT('',(0.,0.,0.));
#13 = DIRECTION('',(0.,0.,1.));
#14 = DIRECTION('',(1.,0.,-0.));
#15 = AXIS2_PLACEMENT_3D('',#16,#17,#18);
#16 = CARTESIAN_POINT('',(120.,-95.0675,1.65));
#17 = DIRECTION('',(0.,0.,1.));
#18 = DIRECTION('',(1.,0.,0.));
#19 = AXIS2_PLACEMENT_3D('',#20,#21,#22);
#20 = CARTESIAN_POINT('',(125.1125,-84.5,1.65));
#21 = DIRECTION('',(0.,0.,1.));
#22 = DIRECTION('',(1.,0.,0.));
#23 = AXIS2_PLACEMENT_3D('',#24,#25,#26);
#24 = CARTESIAN_POINT('',(141.0675,-74.695,1.65));
#25 = DIRECTION('',(0.,-0.,1.));
#26 = DIRECTION('',(1.110223024625E-16,1.,0.));
#27 = AXIS2_PLACEMENT_3D('',#28,#29,#30);
#28 = CARTESIAN_POINT('',(67.,-59.,1.65));
#29 = DIRECTION('',(0.,0.,1.));
#30 = DIRECTION('',(-1.,1.224646799147E-16,0.));
#31 = AXIS2_PLACEMENT_3D('',#32,#33,#34);
#32 = CARTESIAN_POINT('',(105.,-95.0675,1.65));
#33 = DIRECTION('',(0.,0.,1.));
#34 = DIRECTION('',(1.,0.,0.));
#35 = AXIS2_PLACEMENT_3D('',#36,#37,#38);
#36 = CARTESIAN_POINT('',(125.0375,-78.,1.65));
#37 = DIRECTION('',(0.,0.,1.));
#38 = DIRECTION('',(1.,0.,0.));
#39 = AXIS2_PLACEMENT_3D('',#40,#41,#42);
#40 = CARTESIAN_POINT('',(110.445,-58.9325,1.65));
#41 = DIRECTION('',(0.,0.,1.));
#42 = DIRECTION('',(-1.,1.224646799147E-16,0.));
#43 = AXIS2_PLACEMENT_3D('',#44,#45,#46);
#44 = CARTESIAN_POINT('',(118.0375,-84.5,1.65));
#45 = DIRECTION('',(0.,0.,1.));
#46 = DIRECTION('',(1.,0.,0.));
#47 = AXIS2_PLACEMENT_3D('',#48,#49,#50);
#48 = CARTESIAN_POINT('',(74.945,-95.,1.65));
#49 = DIRECTION('',(0.,0.,1.));
#50 = DIRECTION('',(1.,0.,0.));
#51 = AXIS2_PLACEMENT_3D('',#52,#53,#54);
#52 = CARTESIAN_POINT('',(141.0675,-86.,1.65));
#53 = DIRECTION('',(0.,-0.,1.));
#54 = DIRECTION('',(1.110223024625E-16,1.,0.));
#55 = AXIS2_PLACEMENT_3D('',#56,#57,#58);
#56 = CARTESIAN_POINT('',(58.945,-95.,1.65));
#57 = DIRECTION('',(0.,0.,1.));
#58 = DIRECTION('',(1.,0.,0.));
#59 = AXIS2_PLACEMENT_3D('',#60,#61,#62);
#60 = CARTESIAN_POINT('',(134.,-95.0675,1.65));
#61 = DIRECTION('',(0.,0.,1.));
#62 = DIRECTION('',(1.,0.,0.));
#63 = AXIS2_PLACEMENT_3D('',#64,#65,#66);
#64 = CARTESIAN_POINT('',(137.,-64.,1.65));
#65 = DIRECTION('',(0.,0.,1.));
#66 = DIRECTION('',(1.,0.,0.));
#67 = AXIS2_PLACEMENT_3D('',#68,#69,#70);
#68 = CARTESIAN_POINT('',(118.9625,-55.500378,1.65));
#69 = DIRECTION('',(0.,0.,1.));
#70 = DIRECTION('',(1.,0.,0.));
#71 = AXIS2_PLACEMENT_3D('',#72,#73,#74);
#72 = CARTESIAN_POINT('',(90.,-95.0675,1.65));
#73 = DIRECTION('',(0.,0.,1.));
#74 = DIRECTION('',(1.,0.,0.));
#75 = AXIS2_PLACEMENT_3D('',#76,#77,#78);
#76 = CARTESIAN_POINT('',(95.945,-58.9325,1.65));
#77 = DIRECTION('',(0.,0.,1.));
#78 = DIRECTION('',(-1.,1.224646799147E-16,0.));
#79 = AXIS2_PLACEMENT_3D('',#80,#81,#82);
#80 = CARTESIAN_POINT('',(81.445,-58.9325,1.65));
#81 = DIRECTION('',(0.,0.,1.));
#82 = DIRECTION('',(-1.,1.224646799147E-16,0.));
#83 = AXIS2_PLACEMENT_3D('',#84,#85,#86);
#84 = CARTESIAN_POINT('',(125.5375,-55.,1.65));
#85 = DIRECTION('',(0.,0.,1.));
#86 = DIRECTION('',(1.,0.,0.));
#87 = AXIS2_PLACEMENT_3D('',#88,#89,#90);
#88 = CARTESIAN_POINT('',(125.5,-59.475,1.65));
#89 = DIRECTION('',(0.,0.,1.));
#90 = DIRECTION('',(1.,0.,0.));
#91 = AXIS2_PLACEMENT_3D('',#92,#93,#94);
#92 = CARTESIAN_POINT('',(118.9625,-61.000378,1.65));
#93 = DIRECTION('',(0.,0.,1.));
#94 = DIRECTION('',(-1.,1.224646799147E-16,0.));
#95 = AXIS2_PLACEMENT_3D('',#96,#97,#98);
#96 = CARTESIAN_POINT('',(0.,0.,0.));
#97 = DIRECTION('',(0.,0.,1.));
#98 = DIRECTION('',(1.,0.,-0.));
#99 = ( GEOMETRIC_REPRESENTATION_CONTEXT(3) 
GLOBAL_UNCERTAINTY_ASSIGNED_CONTEXT((#103)) GLOBAL_UNIT_ASSIGNED_CONTEXT
((#100,#101,#102)) REPRESENTATION_CONTEXT('Context #1',
  '3D Context with UNIT and UNCERTAINTY') );
#100 = ( LENGTH_UNIT() NAMED_UNIT(*) SI_UNIT(.MILLI.,.METRE.) );
#101 = ( NAMED_UNIT(*) PLANE_ANGLE_UNIT() SI_UNIT($,.RADIAN.) );
#102 = ( NAMED_UNIT(*) SI_UNIT($,.STERADIAN.) SOLID_ANGLE_UNIT() );
#103 = UNCERTAINTY_MEASURE_WITH_UNIT(LENGTH_MEASURE(1.E-07),#100,
  'distance_accuracy_value','confusion accuracy');
#104 = PRODUCT_RELATED_PRODUCT_CATEGORY('part',$,(#7));
#105 = SHAPE_DEFINITION_REPRESENTATION(#106,#112);
#106 = PRODUCT_DEFINITION_SHAPE('','',#107);
#107 = PRODUCT_DEFINITION('design','',#108,#111);
#108 = PRODUCT_DEFINITION_FORMATION('','',#109);
#109 = PRODUCT('PhoenixContact_MC_1,5_3-G-3.5_1x03_P3.50mm_Horizontal',
  'PhoenixContact_MC_1,5_3-G-3.5_1x03_P3.50mm_Horizontal','',(#110));
#110 = PRODUCT_CONTEXT('',#2,'mechanical');
#111 = PRODUCT_DEFINITION_CONTEXT('part definition',#2,'design');
#112 = SHAPE_REPRESENTATION('',(#11,#113),#117);
#113 = AXIS2_PLACEMENT_3D('',#114,#115,#116);
#114 = CARTESIAN_POINT('',(0.,0.,0.));
#115 = DIRECTION('',(0.,0.,1.));
#116 = DIRECTION('',(1.,0.,-0.));
#117 = ( GEOMETRIC_REPRESENTATION_CONTEXT(3) 
GLOBAL_UNCERTAINTY_ASSIGNED_CONTEXT((#121)) GLOBAL_UNIT_ASSIGNED_CONTEXT
((#118,#119,#120)) REPRESENTATION_CONTEXT('Context #1',
  '3D Context with UNIT and UNCERTAINTY') );
#118 = ( LENGTH_UNIT() NAMED_UNIT(*) SI_UNIT(.MILLI.,.METRE.) );
#119 = ( NAMED_UNIT(*) PLANE_ANGLE_UNIT() SI_UNIT($,.RADIAN.) );
#120 = ( NAMED_UNIT(*) SI_UNIT($,.STERADIAN.) SOLID_ANGLE_UNIT() );
#121 = UNCERTAINTY_MEASURE_WITH_UNIT(LENGTH_MEASURE(1.E-07),#118,
  'distance_accuracy_value','confusion accuracy');
#122 = CONTEXT_DEPENDENT_SHAPE_REPRESENTATION(#123,#125);
#123 = ( REPRESENTATION_RELATIONSHIP('','',#112,#10) 
REPRESENTATION_RELATIONSHIP_WITH_TRANSFORMATION(#124) 
SHAPE_REPRESENTATION_RELATIONSHIP() );
#124 = ITEM_DEFINED_TRANSFORMATION('','',#11,#15);
#125 = PRODUCT_DEFINITION_SHAPE('Placement','Placement of an item',#126
  );
#126 = NEXT_ASSEMBLY_USAGE_OCCURRENCE('2','J3','',#5,#107,$);
#127 = PRODUCT_RELATED_PRODUCT_CATEGORY('part',$,(#109));
#128 = SHAPE_DEFINITION_REPRESENTATION(#129,#135);
#129 = PRODUCT_DEFINITION_SHAPE('','',#130);
#130 = PRODUCT_DEFINITION('design','',#131,#134);
#131 = PRODUCT_DEFINITION_FORMATION('','',#132);
#132 = PRODUCT('MC_01x03_G_3_5mm','MC_01x03_G_3_5mm','',(#133));
#133 = PRODUCT_CONTEXT('',#2,'mechanical');
#134 = PRODUCT_DEFINITION_CONTEXT('part definition',#2,'design');
#135 = ADVANCED_BREP_SHAPE_REPRESENTATION('',(#11,#136),#3268);
#136 = MANIFOLD_SOLID_BREP('',#137);
#137 = CLOSED_SHELL('',(#138,#210,#241,#265,#391,#760,#784,#808,#832,
    #849,#865,#896,#920,#944,#961,#992,#1016,#1040,#1057,#1088,#1112,
    #1136,#1153,#1184,#1208,#1232,#1256,#1280,#1305,#1329,#1353,#1377,
    #1401,#1425,#1449,#1473,#1490,#1521,#1545,#1569,#1593,#1617,#1642,
    #1666,#1690,#1714,#1738,#1762,#1786,#1810,#1827,#1858,#1882,#1906,
    #1930,#1954,#1978,#2003,#2027,#2051,#2075,#2099,#2123,#2147,#2164,
    #2195,#2219,#2243,#2260,#2291,#2315,#2339,#2356,#2387,#2411,#2435,
    #2452,#2508,#2564,#2620,#2632,#2644,#2656,#2687,#2711,#2735,#2752,
    #2783,#2807,#2831,#2848,#2879,#2903,#2927,#2944,#2975,#2999,#3023,
    #3040,#3071,#3095,#3119,#3136,#3167,#3191,#3215,#3232,#3244,#3256));
#138 = ADVANCED_FACE('',(#139),#205,.T.);
#139 = FACE_BOUND('',#140,.T.);
#140 = EDGE_LOOP('',(#141,#151,#159,#167,#175,#183,#191,#199));
#141 = ORIENTED_EDGE('',*,*,#142,.F.);
#142 = EDGE_CURVE('',#143,#145,#147,.T.);
#143 = VERTEX_POINT('',#144);
#144 = CARTESIAN_POINT('',(-2.45,1.2,7.25));
#145 = VERTEX_POINT('',#146);
#146 = CARTESIAN_POINT('',(-2.45,-4.5,7.25));
#147 = LINE('',#148,#149);
#148 = CARTESIAN_POINT('',(-2.45,1.2,7.25));
#149 = VECTOR('',#150,1.);
#150 = DIRECTION('',(0.,-1.,2.22044604925E-16));
#151 = ORIENTED_EDGE('',*,*,#152,.T.);
#152 = EDGE_CURVE('',#143,#153,#155,.T.);
#153 = VERTEX_POINT('',#154);
#154 = CARTESIAN_POINT('',(-2.45,1.2,3.330669073875E-16));
#155 = LINE('',#156,#157);
#156 = CARTESIAN_POINT('',(-2.45,1.2,7.25));
#157 = VECTOR('',#158,1.);
#158 = DIRECTION('',(1.225073682345E-16,-2.22044604925E-16,-1.));
#159 = ORIENTED_EDGE('',*,*,#160,.T.);
#160 = EDGE_CURVE('',#153,#161,#163,.T.);
#161 = VERTEX_POINT('',#162);
#162 = CARTESIAN_POINT('',(-2.45,-8.,2.242650509743E-15));
#163 = LINE('',#164,#165);
#164 = CARTESIAN_POINT('',(-2.45,1.2,0.));
#165 = VECTOR('',#166,1.);
#166 = DIRECTION('',(0.,-1.,2.22044604925E-16));
#167 = ORIENTED_EDGE('',*,*,#168,.F.);
#168 = EDGE_CURVE('',#169,#161,#171,.T.);
#169 = VERTEX_POINT('',#170);
#170 = CARTESIAN_POINT('',(-2.45,-8.,7.25));
#171 = LINE('',#172,#173);
#172 = CARTESIAN_POINT('',(-2.45,-8.,7.25));
#173 = VECTOR('',#174,1.);
#174 = DIRECTION('',(1.225073682345E-16,-2.22044604925E-16,-1.));
#175 = ORIENTED_EDGE('',*,*,#176,.F.);
#176 = EDGE_CURVE('',#177,#169,#179,.T.);
#177 = VERTEX_POINT('',#178);
#178 = CARTESIAN_POINT('',(-2.45,-5.1,7.25));
#179 = LINE('',#180,#181);
#180 = CARTESIAN_POINT('',(-2.45,1.2,7.25));
#181 = VECTOR('',#182,1.);
#182 = DIRECTION('',(0.,-1.,2.22044604925E-16));
#183 = ORIENTED_EDGE('',*,*,#184,.F.);
#184 = EDGE_CURVE('',#185,#177,#187,.T.);
#185 = VERTEX_POINT('',#186);
#186 = CARTESIAN_POINT('',(-2.45,-5.1,7.55));
#187 = LINE('',#188,#189);
#188 = CARTESIAN_POINT('',(-2.45,-5.1,7.55));
#189 = VECTOR('',#190,1.);
#190 = DIRECTION('',(0.,-2.22044604925E-16,-1.));
#191 = ORIENTED_EDGE('',*,*,#192,.F.);
#192 = EDGE_CURVE('',#193,#185,#195,.T.);
#193 = VERTEX_POINT('',#194);
#194 = CARTESIAN_POINT('',(-2.45,-4.5,7.55));
#195 = LINE('',#196,#197);
#196 = CARTESIAN_POINT('',(-2.45,-4.5,7.55));
#197 = VECTOR('',#198,1.);
#198 = DIRECTION('',(0.,-1.,2.22044604925E-16));
#199 = ORIENTED_EDGE('',*,*,#200,.F.);
#200 = EDGE_CURVE('',#145,#193,#201,.T.);
#201 = LINE('',#202,#203);
#202 = CARTESIAN_POINT('',(-2.45,-4.5,7.25));
#203 = VECTOR('',#204,1.);
#204 = DIRECTION('',(0.,2.22044604925E-16,1.));
#205 = PLANE('',#206);
#206 = AXIS2_PLACEMENT_3D('',#207,#208,#209);
#207 = CARTESIAN_POINT('',(-2.45,-3.425074626866,3.697985074627));
#208 = DIRECTION('',(-1.,-2.455157758005E-18,-1.131315995192E-16));
#209 = DIRECTION('',(1.131315995192E-16,-2.22044604925E-16,-1.));
#210 = ADVANCED_FACE('',(#211),#236,.F.);
#211 = FACE_BOUND('',#212,.F.);
#212 = EDGE_LOOP('',(#213,#221,#229,#235));
#213 = ORIENTED_EDGE('',*,*,#214,.F.);
#214 = EDGE_CURVE('',#215,#143,#217,.T.);
#215 = VERTEX_POINT('',#216);
#216 = CARTESIAN_POINT('',(9.45,1.2,7.25));
#217 = LINE('',#218,#219);
#218 = CARTESIAN_POINT('',(9.45,1.2,7.25));
#219 = VECTOR('',#220,1.);
#220 = DIRECTION('',(-1.,0.,0.));
#221 = ORIENTED_EDGE('',*,*,#222,.T.);
#222 = EDGE_CURVE('',#215,#223,#225,.T.);
#223 = VERTEX_POINT('',#224);
#224 = CARTESIAN_POINT('',(9.45,-4.5,7.25));
#225 = LINE('',#226,#227);
#226 = CARTESIAN_POINT('',(9.45,1.2,7.25));
#227 = VECTOR('',#228,1.);
#228 = DIRECTION('',(0.,-1.,2.22044604925E-16));
#229 = ORIENTED_EDGE('',*,*,#230,.F.);
#230 = EDGE_CURVE('',#145,#223,#231,.T.);
#231 = LINE('',#232,#233);
#232 = CARTESIAN_POINT('',(-2.45,-4.5,7.25));
#233 = VECTOR('',#234,1.);
#234 = DIRECTION('',(1.,0.,0.));
#235 = ORIENTED_EDGE('',*,*,#142,.F.);
#236 = PLANE('',#237);
#237 = AXIS2_PLACEMENT_3D('',#238,#239,#240);
#238 = CARTESIAN_POINT('',(9.45,1.2,7.25));
#239 = DIRECTION('',(0.,-2.22044604925E-16,-1.));
#240 = DIRECTION('',(-1.,-0.,0.));
#241 = ADVANCED_FACE('',(#242),#260,.F.);
#242 = FACE_BOUND('',#243,.F.);
#243 = EDGE_LOOP('',(#244,#252,#258,#259));
#244 = ORIENTED_EDGE('',*,*,#245,.T.);
#245 = EDGE_CURVE('',#153,#246,#248,.T.);
#246 = VERTEX_POINT('',#247);
#247 = CARTESIAN_POINT('',(9.45,1.2,3.330669073875E-16));
#248 = LINE('',#249,#250);
#249 = CARTESIAN_POINT('',(-2.45,1.2,0.));
#250 = VECTOR('',#251,1.);
#251 = DIRECTION('',(1.,0.,0.));
#252 = ORIENTED_EDGE('',*,*,#253,.T.);
#253 = EDGE_CURVE('',#246,#215,#254,.T.);
#254 = LINE('',#255,#256);
#255 = CARTESIAN_POINT('',(9.45,1.2,0.));
#256 = VECTOR('',#257,1.);
#257 = DIRECTION('',(0.,2.22044604925E-16,1.));
#258 = ORIENTED_EDGE('',*,*,#214,.T.);
#259 = ORIENTED_EDGE('',*,*,#152,.T.);
#260 = PLANE('',#261);
#261 = AXIS2_PLACEMENT_3D('',#262,#263,#264);
#262 = CARTESIAN_POINT('',(3.5,1.2,3.625));
#263 = DIRECTION('',(0.,-1.,2.22044604925E-16));
#264 = DIRECTION('',(1.,0.,0.));
#265 = ADVANCED_FACE('',(#266,#284,#318,#352),#386,.F.);
#266 = FACE_BOUND('',#267,.F.);
#267 = EDGE_LOOP('',(#268,#269,#277,#283));
#268 = ORIENTED_EDGE('',*,*,#160,.T.);
#269 = ORIENTED_EDGE('',*,*,#270,.T.);
#270 = EDGE_CURVE('',#161,#271,#273,.T.);
#271 = VERTEX_POINT('',#272);
#272 = CARTESIAN_POINT('',(9.45,-8.,2.242650509743E-15));
#273 = LINE('',#274,#275);
#274 = CARTESIAN_POINT('',(-2.45,-8.,2.22044604925E-15));
#275 = VECTOR('',#276,1.);
#276 = DIRECTION('',(1.,0.,0.));
#277 = ORIENTED_EDGE('',*,*,#278,.F.);
#278 = EDGE_CURVE('',#246,#271,#279,.T.);
#279 = LINE('',#280,#281);
#280 = CARTESIAN_POINT('',(9.45,1.2,0.));
#281 = VECTOR('',#282,1.);
#282 = DIRECTION('',(0.,-1.,2.22044604925E-16));
#283 = ORIENTED_EDGE('',*,*,#245,.F.);
#284 = FACE_BOUND('',#285,.F.);
#285 = EDGE_LOOP('',(#286,#296,#304,#312));
#286 = ORIENTED_EDGE('',*,*,#287,.F.);
#287 = EDGE_CURVE('',#288,#290,#292,.T.);
#288 = VERTEX_POINT('',#289);
#289 = CARTESIAN_POINT('',(-0.425,0.425,0.));
#290 = VERTEX_POINT('',#291);
#291 = CARTESIAN_POINT('',(-0.425,-0.425,4.440892098501E-16));
#292 = LINE('',#293,#294);
#293 = CARTESIAN_POINT('',(-0.425,-0.297319256446,3.330669073875E-16));
#294 = VECTOR('',#295,1.);
#295 = DIRECTION('',(0.,-1.,2.22044604925E-16));
#296 = ORIENTED_EDGE('',*,*,#297,.F.);
#297 = EDGE_CURVE('',#298,#288,#300,.T.);
#298 = VERTEX_POINT('',#299);
#299 = CARTESIAN_POINT('',(0.425,0.425,0.));
#300 = LINE('',#301,#302);
#301 = CARTESIAN_POINT('',(-1.4375,0.425,3.080868893335E-16));
#302 = VECTOR('',#303,1.);
#303 = DIRECTION('',(-1.,0.,0.));
#304 = ORIENTED_EDGE('',*,*,#305,.T.);
#305 = EDGE_CURVE('',#298,#306,#308,.T.);
#306 = VERTEX_POINT('',#307);
#307 = CARTESIAN_POINT('',(0.425,-0.425,4.440892098501E-16));
#308 = LINE('',#309,#310);
#309 = CARTESIAN_POINT('',(0.425,-0.297319256446,3.330669073875E-16));
#310 = VECTOR('',#311,1.);
#311 = DIRECTION('',(0.,-1.,2.22044604925E-16));
#312 = ORIENTED_EDGE('',*,*,#313,.F.);
#313 = EDGE_CURVE('',#290,#306,#314,.T.);
#314 = LINE('',#315,#316);
#315 = CARTESIAN_POINT('',(-1.4375,-0.425,4.024558464266E-16));
#316 = VECTOR('',#317,1.);
#317 = DIRECTION('',(1.,0.,0.));
#318 = FACE_BOUND('',#319,.F.);
#319 = EDGE_LOOP('',(#320,#330,#338,#346));
#320 = ORIENTED_EDGE('',*,*,#321,.F.);
#321 = EDGE_CURVE('',#322,#324,#326,.T.);
#322 = VERTEX_POINT('',#323);
#323 = CARTESIAN_POINT('',(3.925,0.425,0.));
#324 = VERTEX_POINT('',#325);
#325 = CARTESIAN_POINT('',(3.075,0.425,0.));
#326 = LINE('',#327,#328);
#327 = CARTESIAN_POINT('',(0.3125,0.425,3.080868893335E-16));
#328 = VECTOR('',#329,1.);
#329 = DIRECTION('',(-1.,0.,0.));
#330 = ORIENTED_EDGE('',*,*,#331,.T.);
#331 = EDGE_CURVE('',#322,#332,#334,.T.);
#332 = VERTEX_POINT('',#333);
#333 = CARTESIAN_POINT('',(3.925,-0.425,4.440892098501E-16));
#334 = LINE('',#335,#336);
#335 = CARTESIAN_POINT('',(3.925,-0.297319256446,3.330669073875E-16));
#336 = VECTOR('',#337,1.);
#337 = DIRECTION('',(0.,-1.,2.22044604925E-16));
#338 = ORIENTED_EDGE('',*,*,#339,.F.);
#339 = EDGE_CURVE('',#340,#332,#342,.T.);
#340 = VERTEX_POINT('',#341);
#341 = CARTESIAN_POINT('',(3.075,-0.425,4.440892098501E-16));
#342 = LINE('',#343,#344);
#343 = CARTESIAN_POINT('',(0.3125,-0.425,4.024558464266E-16));
#344 = VECTOR('',#345,1.);
#345 = DIRECTION('',(1.,0.,0.));
#346 = ORIENTED_EDGE('',*,*,#347,.F.);
#347 = EDGE_CURVE('',#324,#340,#348,.T.);
#348 = LINE('',#349,#350);
#349 = CARTESIAN_POINT('',(3.075,-0.297319256446,3.330669073875E-16));
#350 = VECTOR('',#351,1.);
#351 = DIRECTION('',(0.,-1.,2.22044604925E-16));
#352 = FACE_BOUND('',#353,.F.);
#353 = EDGE_LOOP('',(#354,#364,#372,#380));
#354 = ORIENTED_EDGE('',*,*,#355,.F.);
#355 = EDGE_CURVE('',#356,#358,#360,.T.);
#356 = VERTEX_POINT('',#357);
#357 = CARTESIAN_POINT('',(6.575,0.425,0.));
#358 = VERTEX_POINT('',#359);
#359 = CARTESIAN_POINT('',(6.575,-0.425,4.440892098501E-16));
#360 = LINE('',#361,#362);
#361 = CARTESIAN_POINT('',(6.575,-0.297319256446,3.330669073875E-16));
#362 = VECTOR('',#363,1.);
#363 = DIRECTION('',(0.,-1.,2.22044604925E-16));
#364 = ORIENTED_EDGE('',*,*,#365,.F.);
#365 = EDGE_CURVE('',#366,#356,#368,.T.);
#366 = VERTEX_POINT('',#367);
#367 = CARTESIAN_POINT('',(7.425,0.425,0.));
#368 = LINE('',#369,#370);
#369 = CARTESIAN_POINT('',(2.0625,0.425,3.080868893335E-16));
#370 = VECTOR('',#371,1.);
#371 = DIRECTION('',(-1.,0.,0.));
#372 = ORIENTED_EDGE('',*,*,#373,.T.);
#373 = EDGE_CURVE('',#366,#374,#376,.T.);
#374 = VERTEX_POINT('',#375);
#375 = CARTESIAN_POINT('',(7.425,-0.425,4.440892098501E-16));
#376 = LINE('',#377,#378);
#377 = CARTESIAN_POINT('',(7.425,-0.297319256446,3.330669073875E-16));
#378 = VECTOR('',#379,1.);
#379 = DIRECTION('',(0.,-1.,2.22044604925E-16));
#380 = ORIENTED_EDGE('',*,*,#381,.F.);
#381 = EDGE_CURVE('',#358,#374,#382,.T.);
#382 = LINE('',#383,#384);
#383 = CARTESIAN_POINT('',(2.0625,-0.425,4.024558464266E-16));
#384 = VECTOR('',#385,1.);
#385 = DIRECTION('',(1.,0.,0.));
#386 = PLANE('',#387);
#387 = AXIS2_PLACEMENT_3D('',#388,#389,#390);
#388 = CARTESIAN_POINT('',(-2.45,1.2,0.));
#389 = DIRECTION('',(0.,2.22044604925E-16,1.));
#390 = DIRECTION('',(1.,0.,-0.));
#391 = ADVANCED_FACE('',(#392,#410,#525,#640),#755,.T.);
#392 = FACE_BOUND('',#393,.T.);
#393 = EDGE_LOOP('',(#394,#395,#403,#409));
#394 = ORIENTED_EDGE('',*,*,#270,.T.);
#395 = ORIENTED_EDGE('',*,*,#396,.T.);
#396 = EDGE_CURVE('',#271,#397,#399,.T.);
#397 = VERTEX_POINT('',#398);
#398 = CARTESIAN_POINT('',(9.45,-8.,7.25));
#399 = LINE('',#400,#401);
#400 = CARTESIAN_POINT('',(9.45,-8.,2.22044604925E-15));
#401 = VECTOR('',#402,1.);
#402 = DIRECTION('',(0.,2.22044604925E-16,1.));
#403 = ORIENTED_EDGE('',*,*,#404,.T.);
#404 = EDGE_CURVE('',#397,#169,#405,.T.);
#405 = LINE('',#406,#407);
#406 = CARTESIAN_POINT('',(9.45,-8.,7.25));
#407 = VECTOR('',#408,1.);
#408 = DIRECTION('',(-1.,0.,0.));
#409 = ORIENTED_EDGE('',*,*,#168,.T.);
#410 = FACE_BOUND('',#411,.T.);
#411 = EDGE_LOOP('',(#412,#422,#430,#438,#446,#454,#462,#470,#478,#486,
    #495,#503,#511,#519));
#412 = ORIENTED_EDGE('',*,*,#413,.T.);
#413 = EDGE_CURVE('',#414,#416,#418,.T.);
#414 = VERTEX_POINT('',#415);
#415 = CARTESIAN_POINT('',(2.75,-8.,5.7));
#416 = VERTEX_POINT('',#417);
#417 = CARTESIAN_POINT('',(2.25,-8.,5.7));
#418 = LINE('',#419,#420);
#419 = CARTESIAN_POINT('',(2.75,-8.,5.7));
#420 = VECTOR('',#421,1.);
#421 = DIRECTION('',(-1.,0.,0.));
#422 = ORIENTED_EDGE('',*,*,#423,.T.);
#423 = EDGE_CURVE('',#416,#424,#426,.T.);
#424 = VERTEX_POINT('',#425);
#425 = CARTESIAN_POINT('',(2.,-8.,6.5));
#426 = LINE('',#427,#428);
#427 = CARTESIAN_POINT('',(2.25,-8.,5.7));
#428 = VECTOR('',#429,1.);
#429 = DIRECTION('',(-0.298274993136,2.119371296316E-16,0.954479978035)
  );
#430 = ORIENTED_EDGE('',*,*,#431,.T.);
#431 = EDGE_CURVE('',#424,#432,#434,.T.);
#432 = VERTEX_POINT('',#433);
#433 = CARTESIAN_POINT('',(5.,-8.,6.5));
#434 = LINE('',#435,#436);
#435 = CARTESIAN_POINT('',(2.,-8.,6.5));
#436 = VECTOR('',#437,1.);
#437 = DIRECTION('',(1.,0.,0.));
#438 = ORIENTED_EDGE('',*,*,#439,.T.);
#439 = EDGE_CURVE('',#432,#440,#442,.T.);
#440 = VERTEX_POINT('',#441);
#441 = CARTESIAN_POINT('',(4.75,-8.,5.7));
#442 = LINE('',#443,#444);
#443 = CARTESIAN_POINT('',(5.,-8.,6.5));
#444 = VECTOR('',#445,1.);
#445 = DIRECTION('',(-0.298274993136,-2.119371296316E-16,-0.954479978035
    ));
#446 = ORIENTED_EDGE('',*,*,#447,.T.);
#447 = EDGE_CURVE('',#440,#448,#450,.T.);
#448 = VERTEX_POINT('',#449);
#449 = CARTESIAN_POINT('',(4.25,-8.,5.7));
#450 = LINE('',#451,#452);
#451 = CARTESIAN_POINT('',(4.75,-8.,5.7));
#452 = VECTOR('',#453,1.);
#453 = DIRECTION('',(-1.,0.,0.));
#454 = ORIENTED_EDGE('',*,*,#455,.T.);
#455 = EDGE_CURVE('',#448,#456,#458,.T.);
#456 = VERTEX_POINT('',#457);
#457 = CARTESIAN_POINT('',(4.25,-8.,4.8));
#458 = LINE('',#459,#460);
#459 = CARTESIAN_POINT('',(4.25,-8.,5.7));
#460 = VECTOR('',#461,1.);
#461 = DIRECTION('',(0.,-2.22044604925E-16,-1.));
#462 = ORIENTED_EDGE('',*,*,#463,.T.);
#463 = EDGE_CURVE('',#456,#464,#466,.T.);
#464 = VERTEX_POINT('',#465);
#465 = CARTESIAN_POINT('',(5.,-8.,4.8));
#466 = LINE('',#467,#468);
#467 = CARTESIAN_POINT('',(4.25,-8.,4.8));
#468 = VECTOR('',#469,1.);
#469 = DIRECTION('',(1.,0.,0.));
#470 = ORIENTED_EDGE('',*,*,#471,.T.);
#471 = EDGE_CURVE('',#464,#472,#474,.T.);
#472 = VERTEX_POINT('',#473);
#473 = CARTESIAN_POINT('',(5.,-8.,0.5));
#474 = LINE('',#475,#476);
#475 = CARTESIAN_POINT('',(5.,-8.,4.8));
#476 = VECTOR('',#477,1.);
#477 = DIRECTION('',(0.,-2.22044604925E-16,-1.));
#478 = ORIENTED_EDGE('',*,*,#479,.T.);
#479 = EDGE_CURVE('',#472,#480,#482,.T.);
#480 = VERTEX_POINT('',#481);
#481 = CARTESIAN_POINT('',(4.5,-8.,0.5));
#482 = LINE('',#483,#484);
#483 = CARTESIAN_POINT('',(5.,-8.,0.5));
#484 = VECTOR('',#485,1.);
#485 = DIRECTION('',(-1.,0.,0.));
#486 = ORIENTED_EDGE('',*,*,#487,.T.);
#487 = EDGE_CURVE('',#480,#488,#490,.T.);
#488 = VERTEX_POINT('',#489);
#489 = CARTESIAN_POINT('',(2.5,-8.,0.5));
#490 = CIRCLE('',#491,1.133333333333);
#491 = AXIS2_PLACEMENT_3D('',#492,#493,#494);
#492 = CARTESIAN_POINT('',(3.5,-8.,-3.333333333333E-02));
#493 = DIRECTION('',(1.232595164408E-32,-1.,2.22044604925E-16));
#494 = DIRECTION('',(0.882352941176,1.044915787883E-16,0.470588235294));
#495 = ORIENTED_EDGE('',*,*,#496,.T.);
#496 = EDGE_CURVE('',#488,#497,#499,.T.);
#497 = VERTEX_POINT('',#498);
#498 = CARTESIAN_POINT('',(2.,-8.,0.5));
#499 = LINE('',#500,#501);
#500 = CARTESIAN_POINT('',(2.5,-8.,0.5));
#501 = VECTOR('',#502,1.);
#502 = DIRECTION('',(-1.,0.,0.));
#503 = ORIENTED_EDGE('',*,*,#504,.T.);
#504 = EDGE_CURVE('',#497,#505,#507,.T.);
#505 = VERTEX_POINT('',#506);
#506 = CARTESIAN_POINT('',(2.,-8.,4.8));
#507 = LINE('',#508,#509);
#508 = CARTESIAN_POINT('',(2.,-8.,0.5));
#509 = VECTOR('',#510,1.);
#510 = DIRECTION('',(0.,2.22044604925E-16,1.));
#511 = ORIENTED_EDGE('',*,*,#512,.T.);
#512 = EDGE_CURVE('',#505,#513,#515,.T.);
#513 = VERTEX_POINT('',#514);
#514 = CARTESIAN_POINT('',(2.75,-8.,4.8));
#515 = LINE('',#516,#517);
#516 = CARTESIAN_POINT('',(2.,-8.,4.8));
#517 = VECTOR('',#518,1.);
#518 = DIRECTION('',(1.,0.,0.));
#519 = ORIENTED_EDGE('',*,*,#520,.T.);
#520 = EDGE_CURVE('',#513,#414,#521,.T.);
#521 = LINE('',#522,#523);
#522 = CARTESIAN_POINT('',(2.75,-8.,4.8));
#523 = VECTOR('',#524,1.);
#524 = DIRECTION('',(0.,2.22044604925E-16,1.));
#525 = FACE_BOUND('',#526,.T.);
#526 = EDGE_LOOP('',(#527,#537,#545,#553,#561,#569,#577,#585,#593,#601,
    #610,#618,#626,#634));
#527 = ORIENTED_EDGE('',*,*,#528,.T.);
#528 = EDGE_CURVE('',#529,#531,#533,.T.);
#529 = VERTEX_POINT('',#530);
#530 = CARTESIAN_POINT('',(6.25,-8.,5.7));
#531 = VERTEX_POINT('',#532);
#532 = CARTESIAN_POINT('',(5.75,-8.,5.7));
#533 = LINE('',#534,#535);
#534 = CARTESIAN_POINT('',(6.25,-8.,5.7));
#535 = VECTOR('',#536,1.);
#536 = DIRECTION('',(-1.,0.,0.));
#537 = ORIENTED_EDGE('',*,*,#538,.T.);
#538 = EDGE_CURVE('',#531,#539,#541,.T.);
#539 = VERTEX_POINT('',#540);
#540 = CARTESIAN_POINT('',(5.5,-8.,6.5));
#541 = LINE('',#542,#543);
#542 = CARTESIAN_POINT('',(5.75,-8.,5.7));
#543 = VECTOR('',#544,1.);
#544 = DIRECTION('',(-0.298274993136,2.119371296316E-16,0.954479978035)
  );
#545 = ORIENTED_EDGE('',*,*,#546,.T.);
#546 = EDGE_CURVE('',#539,#547,#549,.T.);
#547 = VERTEX_POINT('',#548);
#548 = CARTESIAN_POINT('',(8.5,-8.,6.5));
#549 = LINE('',#550,#551);
#550 = CARTESIAN_POINT('',(5.5,-8.,6.5));
#551 = VECTOR('',#552,1.);
#552 = DIRECTION('',(1.,0.,0.));
#553 = ORIENTED_EDGE('',*,*,#554,.T.);
#554 = EDGE_CURVE('',#547,#555,#557,.T.);
#555 = VERTEX_POINT('',#556);
#556 = CARTESIAN_POINT('',(8.25,-8.,5.7));
#557 = LINE('',#558,#559);
#558 = CARTESIAN_POINT('',(8.5,-8.,6.5));
#559 = VECTOR('',#560,1.);
#560 = DIRECTION('',(-0.298274993136,-2.119371296316E-16,-0.954479978035
    ));
#561 = ORIENTED_EDGE('',*,*,#562,.T.);
#562 = EDGE_CURVE('',#555,#563,#565,.T.);
#563 = VERTEX_POINT('',#564);
#564 = CARTESIAN_POINT('',(7.75,-8.,5.7));
#565 = LINE('',#566,#567);
#566 = CARTESIAN_POINT('',(8.25,-8.,5.7));
#567 = VECTOR('',#568,1.);
#568 = DIRECTION('',(-1.,0.,0.));
#569 = ORIENTED_EDGE('',*,*,#570,.T.);
#570 = EDGE_CURVE('',#563,#571,#573,.T.);
#571 = VERTEX_POINT('',#572);
#572 = CARTESIAN_POINT('',(7.75,-8.,4.8));
#573 = LINE('',#574,#575);
#574 = CARTESIAN_POINT('',(7.75,-8.,5.7));
#575 = VECTOR('',#576,1.);
#576 = DIRECTION('',(0.,-2.22044604925E-16,-1.));
#577 = ORIENTED_EDGE('',*,*,#578,.T.);
#578 = EDGE_CURVE('',#571,#579,#581,.T.);
#579 = VERTEX_POINT('',#580);
#580 = CARTESIAN_POINT('',(8.5,-8.,4.8));
#581 = LINE('',#582,#583);
#582 = CARTESIAN_POINT('',(7.75,-8.,4.8));
#583 = VECTOR('',#584,1.);
#584 = DIRECTION('',(1.,0.,0.));
#585 = ORIENTED_EDGE('',*,*,#586,.T.);
#586 = EDGE_CURVE('',#579,#587,#589,.T.);
#587 = VERTEX_POINT('',#588);
#588 = CARTESIAN_POINT('',(8.5,-8.,0.5));
#589 = LINE('',#590,#591);
#590 = CARTESIAN_POINT('',(8.5,-8.,4.8));
#591 = VECTOR('',#592,1.);
#592 = DIRECTION('',(0.,-2.22044604925E-16,-1.));
#593 = ORIENTED_EDGE('',*,*,#594,.T.);
#594 = EDGE_CURVE('',#587,#595,#597,.T.);
#595 = VERTEX_POINT('',#596);
#596 = CARTESIAN_POINT('',(8.,-8.,0.5));
#597 = LINE('',#598,#599);
#598 = CARTESIAN_POINT('',(8.5,-8.,0.5));
#599 = VECTOR('',#600,1.);
#600 = DIRECTION('',(-1.,0.,0.));
#601 = ORIENTED_EDGE('',*,*,#602,.T.);
#602 = EDGE_CURVE('',#595,#603,#605,.T.);
#603 = VERTEX_POINT('',#604);
#604 = CARTESIAN_POINT('',(6.,-8.,0.5));
#605 = CIRCLE('',#606,1.133333333333);
#606 = AXIS2_PLACEMENT_3D('',#607,#608,#609);
#607 = CARTESIAN_POINT('',(7.,-8.,-3.333333333333E-02));
#608 = DIRECTION('',(1.232595164408E-32,-1.,2.22044604925E-16));
#609 = DIRECTION('',(0.882352941176,1.044915787883E-16,0.470588235294));
#610 = ORIENTED_EDGE('',*,*,#611,.T.);
#611 = EDGE_CURVE('',#603,#612,#614,.T.);
#612 = VERTEX_POINT('',#613);
#613 = CARTESIAN_POINT('',(5.5,-8.,0.5));
#614 = LINE('',#615,#616);
#615 = CARTESIAN_POINT('',(6.,-8.,0.5));
#616 = VECTOR('',#617,1.);
#617 = DIRECTION('',(-1.,0.,0.));
#618 = ORIENTED_EDGE('',*,*,#619,.T.);
#619 = EDGE_CURVE('',#612,#620,#622,.T.);
#620 = VERTEX_POINT('',#621);
#621 = CARTESIAN_POINT('',(5.5,-8.,4.8));
#622 = LINE('',#623,#624);
#623 = CARTESIAN_POINT('',(5.5,-8.,0.5));
#624 = VECTOR('',#625,1.);
#625 = DIRECTION('',(0.,2.22044604925E-16,1.));
#626 = ORIENTED_EDGE('',*,*,#627,.T.);
#627 = EDGE_CURVE('',#620,#628,#630,.T.);
#628 = VERTEX_POINT('',#629);
#629 = CARTESIAN_POINT('',(6.25,-8.,4.8));
#630 = LINE('',#631,#632);
#631 = CARTESIAN_POINT('',(5.5,-8.,4.8));
#632 = VECTOR('',#633,1.);
#633 = DIRECTION('',(1.,0.,0.));
#634 = ORIENTED_EDGE('',*,*,#635,.T.);
#635 = EDGE_CURVE('',#628,#529,#636,.T.);
#636 = LINE('',#637,#638);
#637 = CARTESIAN_POINT('',(6.25,-8.,4.8));
#638 = VECTOR('',#639,1.);
#639 = DIRECTION('',(0.,2.22044604925E-16,1.));
#640 = FACE_BOUND('',#641,.T.);
#641 = EDGE_LOOP('',(#642,#652,#660,#668,#676,#684,#692,#700,#708,#717,
    #725,#733,#741,#749));
#642 = ORIENTED_EDGE('',*,*,#643,.T.);
#643 = EDGE_CURVE('',#644,#646,#648,.T.);
#644 = VERTEX_POINT('',#645);
#645 = CARTESIAN_POINT('',(-1.25,-8.,5.7));
#646 = VERTEX_POINT('',#647);
#647 = CARTESIAN_POINT('',(-1.5,-8.,6.5));
#648 = LINE('',#649,#650);
#649 = CARTESIAN_POINT('',(-1.25,-8.,5.7));
#650 = VECTOR('',#651,1.);
#651 = DIRECTION('',(-0.298274993136,2.119371296316E-16,0.954479978035)
  );
#652 = ORIENTED_EDGE('',*,*,#653,.T.);
#653 = EDGE_CURVE('',#646,#654,#656,.T.);
#654 = VERTEX_POINT('',#655);
#655 = CARTESIAN_POINT('',(1.5,-8.,6.5));
#656 = LINE('',#657,#658);
#657 = CARTESIAN_POINT('',(-1.5,-8.,6.5));
#658 = VECTOR('',#659,1.);
#659 = DIRECTION('',(1.,0.,0.));
#660 = ORIENTED_EDGE('',*,*,#661,.T.);
#661 = EDGE_CURVE('',#654,#662,#664,.T.);
#662 = VERTEX_POINT('',#663);
#663 = CARTESIAN_POINT('',(1.25,-8.,5.7));
#664 = LINE('',#665,#666);
#665 = CARTESIAN_POINT('',(1.5,-8.,6.5));
#666 = VECTOR('',#667,1.);
#667 = DIRECTION('',(-0.298274993136,-2.119371296316E-16,-0.954479978035
    ));
#668 = ORIENTED_EDGE('',*,*,#669,.T.);
#669 = EDGE_CURVE('',#662,#670,#672,.T.);
#670 = VERTEX_POINT('',#671);
#671 = CARTESIAN_POINT('',(0.75,-8.,5.7));
#672 = LINE('',#673,#674);
#673 = CARTESIAN_POINT('',(1.25,-8.,5.7));
#674 = VECTOR('',#675,1.);
#675 = DIRECTION('',(-1.,0.,0.));
#676 = ORIENTED_EDGE('',*,*,#677,.T.);
#677 = EDGE_CURVE('',#670,#678,#680,.T.);
#678 = VERTEX_POINT('',#679);
#679 = CARTESIAN_POINT('',(0.75,-8.,4.8));
#680 = LINE('',#681,#682);
#681 = CARTESIAN_POINT('',(0.75,-8.,5.7));
#682 = VECTOR('',#683,1.);
#683 = DIRECTION('',(0.,-2.22044604925E-16,-1.));
#684 = ORIENTED_EDGE('',*,*,#685,.T.);
#685 = EDGE_CURVE('',#678,#686,#688,.T.);
#686 = VERTEX_POINT('',#687);
#687 = CARTESIAN_POINT('',(1.5,-8.,4.8));
#688 = LINE('',#689,#690);
#689 = CARTESIAN_POINT('',(0.75,-8.,4.8));
#690 = VECTOR('',#691,1.);
#691 = DIRECTION('',(1.,0.,0.));
#692 = ORIENTED_EDGE('',*,*,#693,.T.);
#693 = EDGE_CURVE('',#686,#694,#696,.T.);
#694 = VERTEX_POINT('',#695);
#695 = CARTESIAN_POINT('',(1.5,-8.,0.5));
#696 = LINE('',#697,#698);
#697 = CARTESIAN_POINT('',(1.5,-8.,4.8));
#698 = VECTOR('',#699,1.);
#699 = DIRECTION('',(0.,-2.22044604925E-16,-1.));
#700 = ORIENTED_EDGE('',*,*,#701,.T.);
#701 = EDGE_CURVE('',#694,#702,#704,.T.);
#702 = VERTEX_POINT('',#703);
#703 = CARTESIAN_POINT('',(1.,-8.,0.5));
#704 = LINE('',#705,#706);
#705 = CARTESIAN_POINT('',(1.5,-8.,0.5));
#706 = VECTOR('',#707,1.);
#707 = DIRECTION('',(-1.,0.,0.));
#708 = ORIENTED_EDGE('',*,*,#709,.T.);
#709 = EDGE_CURVE('',#702,#710,#712,.T.);
#710 = VERTEX_POINT('',#711);
#711 = CARTESIAN_POINT('',(-1.,-8.,0.5));
#712 = CIRCLE('',#713,1.133333333333);
#713 = AXIS2_PLACEMENT_3D('',#714,#715,#716);
#714 = CARTESIAN_POINT('',(-5.551115123126E-17,-8.,-3.333333333333E-02)
  );
#715 = DIRECTION('',(1.232595164408E-32,-1.,2.22044604925E-16));
#716 = DIRECTION('',(0.882352941176,1.044915787883E-16,0.470588235294));
#717 = ORIENTED_EDGE('',*,*,#718,.T.);
#718 = EDGE_CURVE('',#710,#719,#721,.T.);
#719 = VERTEX_POINT('',#720);
#720 = CARTESIAN_POINT('',(-1.5,-8.,0.5));
#721 = LINE('',#722,#723);
#722 = CARTESIAN_POINT('',(-1.,-8.,0.5));
#723 = VECTOR('',#724,1.);
#724 = DIRECTION('',(-1.,0.,0.));
#725 = ORIENTED_EDGE('',*,*,#726,.T.);
#726 = EDGE_CURVE('',#719,#727,#729,.T.);
#727 = VERTEX_POINT('',#728);
#728 = CARTESIAN_POINT('',(-1.5,-8.,4.8));
#729 = LINE('',#730,#731);
#730 = CARTESIAN_POINT('',(-1.5,-8.,0.5));
#731 = VECTOR('',#732,1.);
#732 = DIRECTION('',(0.,2.22044604925E-16,1.));
#733 = ORIENTED_EDGE('',*,*,#734,.T.);
#734 = EDGE_CURVE('',#727,#735,#737,.T.);
#735 = VERTEX_POINT('',#736);
#736 = CARTESIAN_POINT('',(-0.75,-8.,4.8));
#737 = LINE('',#738,#739);
#738 = CARTESIAN_POINT('',(-1.5,-8.,4.8));
#739 = VECTOR('',#740,1.);
#740 = DIRECTION('',(1.,0.,0.));
#741 = ORIENTED_EDGE('',*,*,#742,.T.);
#742 = EDGE_CURVE('',#735,#743,#745,.T.);
#743 = VERTEX_POINT('',#744);
#744 = CARTESIAN_POINT('',(-0.75,-8.,5.7));
#745 = LINE('',#746,#747);
#746 = CARTESIAN_POINT('',(-0.75,-8.,4.8));
#747 = VECTOR('',#748,1.);
#748 = DIRECTION('',(0.,2.22044604925E-16,1.));
#749 = ORIENTED_EDGE('',*,*,#750,.T.);
#750 = EDGE_CURVE('',#743,#644,#751,.T.);
#751 = LINE('',#752,#753);
#752 = CARTESIAN_POINT('',(-0.75,-8.,5.7));
#753 = VECTOR('',#754,1.);
#754 = DIRECTION('',(-1.,0.,0.));
#755 = PLANE('',#756);
#756 = AXIS2_PLACEMENT_3D('',#757,#758,#759);
#757 = CARTESIAN_POINT('',(3.5,-8.,3.625));
#758 = DIRECTION('',(0.,-1.,2.22044604925E-16));
#759 = DIRECTION('',(1.,0.,0.));
#760 = ADVANCED_FACE('',(#761),#779,.F.);
#761 = FACE_BOUND('',#762,.F.);
#762 = EDGE_LOOP('',(#763,#771,#777,#778));
#763 = ORIENTED_EDGE('',*,*,#764,.T.);
#764 = EDGE_CURVE('',#177,#765,#767,.T.);
#765 = VERTEX_POINT('',#766);
#766 = CARTESIAN_POINT('',(9.45,-5.1,7.25));
#767 = LINE('',#768,#769);
#768 = CARTESIAN_POINT('',(-2.45,-5.1,7.25));
#769 = VECTOR('',#770,1.);
#770 = DIRECTION('',(1.,0.,0.));
#771 = ORIENTED_EDGE('',*,*,#772,.T.);
#772 = EDGE_CURVE('',#765,#397,#773,.T.);
#773 = LINE('',#774,#775);
#774 = CARTESIAN_POINT('',(9.45,1.2,7.25));
#775 = VECTOR('',#776,1.);
#776 = DIRECTION('',(0.,-1.,2.22044604925E-16));
#777 = ORIENTED_EDGE('',*,*,#404,.T.);
#778 = ORIENTED_EDGE('',*,*,#176,.F.);
#779 = PLANE('',#780);
#780 = AXIS2_PLACEMENT_3D('',#781,#782,#783);
#781 = CARTESIAN_POINT('',(9.45,1.2,7.25));
#782 = DIRECTION('',(0.,-2.22044604925E-16,-1.));
#783 = DIRECTION('',(-1.,-0.,0.));
#784 = ADVANCED_FACE('',(#785),#803,.F.);
#785 = FACE_BOUND('',#786,.F.);
#786 = EDGE_LOOP('',(#787,#795,#801,#802));
#787 = ORIENTED_EDGE('',*,*,#788,.T.);
#788 = EDGE_CURVE('',#185,#789,#791,.T.);
#789 = VERTEX_POINT('',#790);
#790 = CARTESIAN_POINT('',(9.45,-5.1,7.55));
#791 = LINE('',#792,#793);
#792 = CARTESIAN_POINT('',(-2.45,-5.1,7.55));
#793 = VECTOR('',#794,1.);
#794 = DIRECTION('',(1.,0.,0.));
#795 = ORIENTED_EDGE('',*,*,#796,.T.);
#796 = EDGE_CURVE('',#789,#765,#797,.T.);
#797 = LINE('',#798,#799);
#798 = CARTESIAN_POINT('',(9.45,-5.1,7.55));
#799 = VECTOR('',#800,1.);
#800 = DIRECTION('',(0.,-2.22044604925E-16,-1.));
#801 = ORIENTED_EDGE('',*,*,#764,.F.);
#802 = ORIENTED_EDGE('',*,*,#184,.F.);
#803 = PLANE('',#804);
#804 = AXIS2_PLACEMENT_3D('',#805,#806,#807);
#805 = CARTESIAN_POINT('',(-2.45,-5.1,7.55));
#806 = DIRECTION('',(0.,1.,-2.22044604925E-16));
#807 = DIRECTION('',(0.,-2.22044604925E-16,-1.));
#808 = ADVANCED_FACE('',(#809),#827,.F.);
#809 = FACE_BOUND('',#810,.F.);
#810 = EDGE_LOOP('',(#811,#819,#825,#826));
#811 = ORIENTED_EDGE('',*,*,#812,.T.);
#812 = EDGE_CURVE('',#193,#813,#815,.T.);
#813 = VERTEX_POINT('',#814);
#814 = CARTESIAN_POINT('',(9.45,-4.5,7.55));
#815 = LINE('',#816,#817);
#816 = CARTESIAN_POINT('',(-2.45,-4.5,7.55));
#817 = VECTOR('',#818,1.);
#818 = DIRECTION('',(1.,0.,0.));
#819 = ORIENTED_EDGE('',*,*,#820,.T.);
#820 = EDGE_CURVE('',#813,#789,#821,.T.);
#821 = LINE('',#822,#823);
#822 = CARTESIAN_POINT('',(9.45,-4.5,7.55));
#823 = VECTOR('',#824,1.);
#824 = DIRECTION('',(0.,-1.,2.22044604925E-16));
#825 = ORIENTED_EDGE('',*,*,#788,.F.);
#826 = ORIENTED_EDGE('',*,*,#192,.F.);
#827 = PLANE('',#828);
#828 = AXIS2_PLACEMENT_3D('',#829,#830,#831);
#829 = CARTESIAN_POINT('',(-2.45,-4.5,7.55));
#830 = DIRECTION('',(0.,-2.22044604925E-16,-1.));
#831 = DIRECTION('',(0.,-1.,2.22044604925E-16));
#832 = ADVANCED_FACE('',(#833),#844,.F.);
#833 = FACE_BOUND('',#834,.F.);
#834 = EDGE_LOOP('',(#835,#836,#842,#843));
#835 = ORIENTED_EDGE('',*,*,#230,.T.);
#836 = ORIENTED_EDGE('',*,*,#837,.T.);
#837 = EDGE_CURVE('',#223,#813,#838,.T.);
#838 = LINE('',#839,#840);
#839 = CARTESIAN_POINT('',(9.45,-4.5,7.25));
#840 = VECTOR('',#841,1.);
#841 = DIRECTION('',(0.,2.22044604925E-16,1.));
#842 = ORIENTED_EDGE('',*,*,#812,.F.);
#843 = ORIENTED_EDGE('',*,*,#200,.F.);
#844 = PLANE('',#845);
#845 = AXIS2_PLACEMENT_3D('',#846,#847,#848);
#846 = CARTESIAN_POINT('',(-2.45,-4.5,7.25));
#847 = DIRECTION('',(0.,-1.,2.22044604925E-16));
#848 = DIRECTION('',(0.,2.22044604925E-16,1.));
#849 = ADVANCED_FACE('',(#850),#860,.T.);
#850 = FACE_BOUND('',#851,.T.);
#851 = EDGE_LOOP('',(#852,#853,#854,#855,#856,#857,#858,#859));
#852 = ORIENTED_EDGE('',*,*,#278,.F.);
#853 = ORIENTED_EDGE('',*,*,#253,.T.);
#854 = ORIENTED_EDGE('',*,*,#222,.T.);
#855 = ORIENTED_EDGE('',*,*,#837,.T.);
#856 = ORIENTED_EDGE('',*,*,#820,.T.);
#857 = ORIENTED_EDGE('',*,*,#796,.T.);
#858 = ORIENTED_EDGE('',*,*,#772,.T.);
#859 = ORIENTED_EDGE('',*,*,#396,.F.);
#860 = PLANE('',#861);
#861 = AXIS2_PLACEMENT_3D('',#862,#863,#864);
#862 = CARTESIAN_POINT('',(9.45,-3.425074626866,3.697985074627));
#863 = DIRECTION('',(1.,4.579771962244E-35,8.208894526508E-33));
#864 = DIRECTION('',(-8.208894526508E-33,2.22044604925E-16,1.));
#865 = ADVANCED_FACE('',(#866),#891,.T.);
#866 = FACE_BOUND('',#867,.T.);
#867 = EDGE_LOOP('',(#868,#878,#884,#885));
#868 = ORIENTED_EDGE('',*,*,#869,.T.);
#869 = EDGE_CURVE('',#870,#872,#874,.T.);
#870 = VERTEX_POINT('',#871);
#871 = CARTESIAN_POINT('',(-0.425,0.425,-2.8));
#872 = VERTEX_POINT('',#873);
#873 = CARTESIAN_POINT('',(-0.425,-0.425,-2.8));
#874 = LINE('',#875,#876);
#875 = CARTESIAN_POINT('',(-0.425,0.425,-2.8));
#876 = VECTOR('',#877,1.);
#877 = DIRECTION('',(0.,-1.,0.));
#878 = ORIENTED_EDGE('',*,*,#879,.T.);
#879 = EDGE_CURVE('',#872,#290,#880,.T.);
#880 = LINE('',#881,#882);
#881 = CARTESIAN_POINT('',(-0.425,-0.425,-3.4));
#882 = VECTOR('',#883,1.);
#883 = DIRECTION('',(0.,0.,1.));
#884 = ORIENTED_EDGE('',*,*,#287,.F.);
#885 = ORIENTED_EDGE('',*,*,#886,.T.);
#886 = EDGE_CURVE('',#288,#870,#887,.T.);
#887 = LINE('',#888,#889);
#888 = CARTESIAN_POINT('',(-0.425,0.425,2.475));
#889 = VECTOR('',#890,1.);
#890 = DIRECTION('',(0.,9.448706592555E-18,-1.));
#891 = PLANE('',#892);
#892 = AXIS2_PLACEMENT_3D('',#893,#894,#895);
#893 = CARTESIAN_POINT('',(-0.425,-1.794638512893,1.307085432616));
#894 = DIRECTION('',(-1.,-0.,-0.));
#895 = DIRECTION('',(0.,0.,-1.));
#896 = ADVANCED_FACE('',(#897),#915,.T.);
#897 = FACE_BOUND('',#898,.T.);
#898 = EDGE_LOOP('',(#899,#900,#908,#914));
#899 = ORIENTED_EDGE('',*,*,#879,.F.);
#900 = ORIENTED_EDGE('',*,*,#901,.T.);
#901 = EDGE_CURVE('',#872,#902,#904,.T.);
#902 = VERTEX_POINT('',#903);
#903 = CARTESIAN_POINT('',(0.425,-0.425,-2.8));
#904 = LINE('',#905,#906);
#905 = CARTESIAN_POINT('',(-0.225,-0.425,-2.8));
#906 = VECTOR('',#907,1.);
#907 = DIRECTION('',(1.,0.,0.));
#908 = ORIENTED_EDGE('',*,*,#909,.T.);
#909 = EDGE_CURVE('',#902,#306,#910,.T.);
#910 = LINE('',#911,#912);
#911 = CARTESIAN_POINT('',(0.425,-0.425,-3.4));
#912 = VECTOR('',#913,1.);
#913 = DIRECTION('',(0.,0.,1.));
#914 = ORIENTED_EDGE('',*,*,#313,.F.);
#915 = PLANE('',#916);
#916 = AXIS2_PLACEMENT_3D('',#917,#918,#919);
#917 = CARTESIAN_POINT('',(-0.425,-0.425,-3.4));
#918 = DIRECTION('',(0.,-1.,0.));
#919 = DIRECTION('',(0.,0.,1.));
#920 = ADVANCED_FACE('',(#921),#939,.F.);
#921 = FACE_BOUND('',#922,.F.);
#922 = EDGE_LOOP('',(#923,#931,#932,#933));
#923 = ORIENTED_EDGE('',*,*,#924,.T.);
#924 = EDGE_CURVE('',#925,#902,#927,.T.);
#925 = VERTEX_POINT('',#926);
#926 = CARTESIAN_POINT('',(0.425,0.425,-2.8));
#927 = LINE('',#928,#929);
#928 = CARTESIAN_POINT('',(0.425,0.425,-2.8));
#929 = VECTOR('',#930,1.);
#930 = DIRECTION('',(0.,-1.,0.));
#931 = ORIENTED_EDGE('',*,*,#909,.T.);
#932 = ORIENTED_EDGE('',*,*,#305,.F.);
#933 = ORIENTED_EDGE('',*,*,#934,.T.);
#934 = EDGE_CURVE('',#298,#925,#935,.T.);
#935 = LINE('',#936,#937);
#936 = CARTESIAN_POINT('',(0.425,0.425,2.475));
#937 = VECTOR('',#938,1.);
#938 = DIRECTION('',(0.,9.448706592555E-18,-1.));
#939 = PLANE('',#940);
#940 = AXIS2_PLACEMENT_3D('',#941,#942,#943);
#941 = CARTESIAN_POINT('',(0.425,-1.794638512893,1.307085432616));
#942 = DIRECTION('',(-1.,-0.,-0.));
#943 = DIRECTION('',(0.,0.,-1.));
#944 = ADVANCED_FACE('',(#945),#956,.T.);
#945 = FACE_BOUND('',#946,.T.);
#946 = EDGE_LOOP('',(#947,#953,#954,#955));
#947 = ORIENTED_EDGE('',*,*,#948,.F.);
#948 = EDGE_CURVE('',#870,#925,#949,.T.);
#949 = LINE('',#950,#951);
#950 = CARTESIAN_POINT('',(-0.225,0.425,-2.8));
#951 = VECTOR('',#952,1.);
#952 = DIRECTION('',(1.,0.,0.));
#953 = ORIENTED_EDGE('',*,*,#886,.F.);
#954 = ORIENTED_EDGE('',*,*,#297,.F.);
#955 = ORIENTED_EDGE('',*,*,#934,.T.);
#956 = PLANE('',#957);
#957 = AXIS2_PLACEMENT_3D('',#958,#959,#960);
#958 = CARTESIAN_POINT('',(-0.425,0.425,2.475));
#959 = DIRECTION('',(0.,1.,9.448706592555E-18));
#960 = DIRECTION('',(0.,9.448706592555E-18,-1.));
#961 = ADVANCED_FACE('',(#962),#987,.T.);
#962 = FACE_BOUND('',#963,.T.);
#963 = EDGE_LOOP('',(#964,#974,#980,#981));
#964 = ORIENTED_EDGE('',*,*,#965,.F.);
#965 = EDGE_CURVE('',#966,#968,#970,.T.);
#966 = VERTEX_POINT('',#967);
#967 = CARTESIAN_POINT('',(3.075,0.425,-2.8));
#968 = VERTEX_POINT('',#969);
#969 = CARTESIAN_POINT('',(3.925,0.425,-2.8));
#970 = LINE('',#971,#972);
#971 = CARTESIAN_POINT('',(3.275,0.425,-2.8));
#972 = VECTOR('',#973,1.);
#973 = DIRECTION('',(1.,0.,0.));
#974 = ORIENTED_EDGE('',*,*,#975,.F.);
#975 = EDGE_CURVE('',#324,#966,#976,.T.);
#976 = LINE('',#977,#978);
#977 = CARTESIAN_POINT('',(3.075,0.425,2.475));
#978 = VECTOR('',#979,1.);
#979 = DIRECTION('',(0.,9.448706592555E-18,-1.));
#980 = ORIENTED_EDGE('',*,*,#321,.F.);
#981 = ORIENTED_EDGE('',*,*,#982,.T.);
#982 = EDGE_CURVE('',#322,#968,#983,.T.);
#983 = LINE('',#984,#985);
#984 = CARTESIAN_POINT('',(3.925,0.425,2.475));
#985 = VECTOR('',#986,1.);
#986 = DIRECTION('',(0.,9.448706592555E-18,-1.));
#987 = PLANE('',#988);
#988 = AXIS2_PLACEMENT_3D('',#989,#990,#991);
#989 = CARTESIAN_POINT('',(3.075,0.425,2.475));
#990 = DIRECTION('',(0.,1.,9.448706592555E-18));
#991 = DIRECTION('',(0.,9.448706592555E-18,-1.));
#992 = ADVANCED_FACE('',(#993),#1011,.T.);
#993 = FACE_BOUND('',#994,.T.);
#994 = EDGE_LOOP('',(#995,#1003,#1009,#1010));
#995 = ORIENTED_EDGE('',*,*,#996,.T.);
#996 = EDGE_CURVE('',#966,#997,#999,.T.);
#997 = VERTEX_POINT('',#998);
#998 = CARTESIAN_POINT('',(3.075,-0.425,-2.8));
#999 = LINE('',#1000,#1001);
#1000 = CARTESIAN_POINT('',(3.075,0.425,-2.8));
#1001 = VECTOR('',#1002,1.);
#1002 = DIRECTION('',(0.,-1.,0.));
#1003 = ORIENTED_EDGE('',*,*,#1004,.T.);
#1004 = EDGE_CURVE('',#997,#340,#1005,.T.);
#1005 = LINE('',#1006,#1007);
#1006 = CARTESIAN_POINT('',(3.075,-0.425,-3.4));
#1007 = VECTOR('',#1008,1.);
#1008 = DIRECTION('',(0.,0.,1.));
#1009 = ORIENTED_EDGE('',*,*,#347,.F.);
#1010 = ORIENTED_EDGE('',*,*,#975,.T.);
#1011 = PLANE('',#1012);
#1012 = AXIS2_PLACEMENT_3D('',#1013,#1014,#1015);
#1013 = CARTESIAN_POINT('',(3.075,-1.794638512893,1.307085432616));
#1014 = DIRECTION('',(-1.,-0.,-0.));
#1015 = DIRECTION('',(0.,0.,-1.));
#1016 = ADVANCED_FACE('',(#1017),#1035,.T.);
#1017 = FACE_BOUND('',#1018,.T.);
#1018 = EDGE_LOOP('',(#1019,#1020,#1028,#1034));
#1019 = ORIENTED_EDGE('',*,*,#1004,.F.);
#1020 = ORIENTED_EDGE('',*,*,#1021,.T.);
#1021 = EDGE_CURVE('',#997,#1022,#1024,.T.);
#1022 = VERTEX_POINT('',#1023);
#1023 = CARTESIAN_POINT('',(3.925,-0.425,-2.8));
#1024 = LINE('',#1025,#1026);
#1025 = CARTESIAN_POINT('',(3.275,-0.425,-2.8));
#1026 = VECTOR('',#1027,1.);
#1027 = DIRECTION('',(1.,0.,0.));
#1028 = ORIENTED_EDGE('',*,*,#1029,.T.);
#1029 = EDGE_CURVE('',#1022,#332,#1030,.T.);
#1030 = LINE('',#1031,#1032);
#1031 = CARTESIAN_POINT('',(3.925,-0.425,-3.4));
#1032 = VECTOR('',#1033,1.);
#1033 = DIRECTION('',(0.,0.,1.));
#1034 = ORIENTED_EDGE('',*,*,#339,.F.);
#1035 = PLANE('',#1036);
#1036 = AXIS2_PLACEMENT_3D('',#1037,#1038,#1039);
#1037 = CARTESIAN_POINT('',(3.075,-0.425,-3.4));
#1038 = DIRECTION('',(0.,-1.,0.));
#1039 = DIRECTION('',(0.,0.,1.));
#1040 = ADVANCED_FACE('',(#1041),#1052,.F.);
#1041 = FACE_BOUND('',#1042,.F.);
#1042 = EDGE_LOOP('',(#1043,#1049,#1050,#1051));
#1043 = ORIENTED_EDGE('',*,*,#1044,.T.);
#1044 = EDGE_CURVE('',#968,#1022,#1045,.T.);
#1045 = LINE('',#1046,#1047);
#1046 = CARTESIAN_POINT('',(3.925,0.425,-2.8));
#1047 = VECTOR('',#1048,1.);
#1048 = DIRECTION('',(0.,-1.,0.));
#1049 = ORIENTED_EDGE('',*,*,#1029,.T.);
#1050 = ORIENTED_EDGE('',*,*,#331,.F.);
#1051 = ORIENTED_EDGE('',*,*,#982,.T.);
#1052 = PLANE('',#1053);
#1053 = AXIS2_PLACEMENT_3D('',#1054,#1055,#1056);
#1054 = CARTESIAN_POINT('',(3.925,-1.794638512893,1.307085432616));
#1055 = DIRECTION('',(-1.,-0.,-0.));
#1056 = DIRECTION('',(0.,0.,-1.));
#1057 = ADVANCED_FACE('',(#1058),#1083,.T.);
#1058 = FACE_BOUND('',#1059,.T.);
#1059 = EDGE_LOOP('',(#1060,#1070,#1076,#1077));
#1060 = ORIENTED_EDGE('',*,*,#1061,.T.);
#1061 = EDGE_CURVE('',#1062,#1064,#1066,.T.);
#1062 = VERTEX_POINT('',#1063);
#1063 = CARTESIAN_POINT('',(6.575,0.425,-2.8));
#1064 = VERTEX_POINT('',#1065);
#1065 = CARTESIAN_POINT('',(6.575,-0.425,-2.8));
#1066 = LINE('',#1067,#1068);
#1067 = CARTESIAN_POINT('',(6.575,0.425,-2.8));
#1068 = VECTOR('',#1069,1.);
#1069 = DIRECTION('',(0.,-1.,0.));
#1070 = ORIENTED_EDGE('',*,*,#1071,.T.);
#1071 = EDGE_CURVE('',#1064,#358,#1072,.T.);
#1072 = LINE('',#1073,#1074);
#1073 = CARTESIAN_POINT('',(6.575,-0.425,-3.4));
#1074 = VECTOR('',#1075,1.);
#1075 = DIRECTION('',(0.,0.,1.));
#1076 = ORIENTED_EDGE('',*,*,#355,.F.);
#1077 = ORIENTED_EDGE('',*,*,#1078,.T.);
#1078 = EDGE_CURVE('',#356,#1062,#1079,.T.);
#1079 = LINE('',#1080,#1081);
#1080 = CARTESIAN_POINT('',(6.575,0.425,2.475));
#1081 = VECTOR('',#1082,1.);
#1082 = DIRECTION('',(0.,9.448706592555E-18,-1.));
#1083 = PLANE('',#1084);
#1084 = AXIS2_PLACEMENT_3D('',#1085,#1086,#1087);
#1085 = CARTESIAN_POINT('',(6.575,-1.794638512893,1.307085432616));
#1086 = DIRECTION('',(-1.,-0.,-0.));
#1087 = DIRECTION('',(0.,0.,-1.));
#1088 = ADVANCED_FACE('',(#1089),#1107,.T.);
#1089 = FACE_BOUND('',#1090,.T.);
#1090 = EDGE_LOOP('',(#1091,#1092,#1100,#1106));
#1091 = ORIENTED_EDGE('',*,*,#1071,.F.);
#1092 = ORIENTED_EDGE('',*,*,#1093,.T.);
#1093 = EDGE_CURVE('',#1064,#1094,#1096,.T.);
#1094 = VERTEX_POINT('',#1095);
#1095 = CARTESIAN_POINT('',(7.425,-0.425,-2.8));
#1096 = LINE('',#1097,#1098);
#1097 = CARTESIAN_POINT('',(6.775,-0.425,-2.8));
#1098 = VECTOR('',#1099,1.);
#1099 = DIRECTION('',(1.,0.,0.));
#1100 = ORIENTED_EDGE('',*,*,#1101,.T.);
#1101 = EDGE_CURVE('',#1094,#374,#1102,.T.);
#1102 = LINE('',#1103,#1104);
#1103 = CARTESIAN_POINT('',(7.425,-0.425,-3.4));
#1104 = VECTOR('',#1105,1.);
#1105 = DIRECTION('',(0.,0.,1.));
#1106 = ORIENTED_EDGE('',*,*,#381,.F.);
#1107 = PLANE('',#1108);
#1108 = AXIS2_PLACEMENT_3D('',#1109,#1110,#1111);
#1109 = CARTESIAN_POINT('',(6.575,-0.425,-3.4));
#1110 = DIRECTION('',(0.,-1.,0.));
#1111 = DIRECTION('',(0.,0.,1.));
#1112 = ADVANCED_FACE('',(#1113),#1131,.F.);
#1113 = FACE_BOUND('',#1114,.F.);
#1114 = EDGE_LOOP('',(#1115,#1123,#1124,#1125));
#1115 = ORIENTED_EDGE('',*,*,#1116,.T.);
#1116 = EDGE_CURVE('',#1117,#1094,#1119,.T.);
#1117 = VERTEX_POINT('',#1118);
#1118 = CARTESIAN_POINT('',(7.425,0.425,-2.8));
#1119 = LINE('',#1120,#1121);
#1120 = CARTESIAN_POINT('',(7.425,0.425,-2.8));
#1121 = VECTOR('',#1122,1.);
#1122 = DIRECTION('',(0.,-1.,0.));
#1123 = ORIENTED_EDGE('',*,*,#1101,.T.);
#1124 = ORIENTED_EDGE('',*,*,#373,.F.);
#1125 = ORIENTED_EDGE('',*,*,#1126,.T.);
#1126 = EDGE_CURVE('',#366,#1117,#1127,.T.);
#1127 = LINE('',#1128,#1129);
#1128 = CARTESIAN_POINT('',(7.425,0.425,2.475));
#1129 = VECTOR('',#1130,1.);
#1130 = DIRECTION('',(0.,9.448706592555E-18,-1.));
#1131 = PLANE('',#1132);
#1132 = AXIS2_PLACEMENT_3D('',#1133,#1134,#1135);
#1133 = CARTESIAN_POINT('',(7.425,-1.794638512893,1.307085432616));
#1134 = DIRECTION('',(-1.,-0.,-0.));
#1135 = DIRECTION('',(0.,0.,-1.));
#1136 = ADVANCED_FACE('',(#1137),#1148,.T.);
#1137 = FACE_BOUND('',#1138,.T.);
#1138 = EDGE_LOOP('',(#1139,#1145,#1146,#1147));
#1139 = ORIENTED_EDGE('',*,*,#1140,.F.);
#1140 = EDGE_CURVE('',#1062,#1117,#1141,.T.);
#1141 = LINE('',#1142,#1143);
#1142 = CARTESIAN_POINT('',(6.775,0.425,-2.8));
#1143 = VECTOR('',#1144,1.);
#1144 = DIRECTION('',(1.,0.,0.));
#1145 = ORIENTED_EDGE('',*,*,#1078,.F.);
#1146 = ORIENTED_EDGE('',*,*,#365,.F.);
#1147 = ORIENTED_EDGE('',*,*,#1126,.T.);
#1148 = PLANE('',#1149);
#1149 = AXIS2_PLACEMENT_3D('',#1150,#1151,#1152);
#1150 = CARTESIAN_POINT('',(6.575,0.425,2.475));
#1151 = DIRECTION('',(0.,1.,9.448706592555E-18));
#1152 = DIRECTION('',(0.,9.448706592555E-18,-1.));
#1153 = ADVANCED_FACE('',(#1154),#1179,.F.);
#1154 = FACE_BOUND('',#1155,.F.);
#1155 = EDGE_LOOP('',(#1156,#1164,#1165,#1173));
#1156 = ORIENTED_EDGE('',*,*,#1157,.T.);
#1157 = EDGE_CURVE('',#1158,#414,#1160,.T.);
#1158 = VERTEX_POINT('',#1159);
#1159 = CARTESIAN_POINT('',(2.75,-1.4,5.7));
#1160 = LINE('',#1161,#1162);
#1161 = CARTESIAN_POINT('',(2.75,-1.4,5.7));
#1162 = VECTOR('',#1163,1.);
#1163 = DIRECTION('',(0.,-1.,2.22044604925E-16));
#1164 = ORIENTED_EDGE('',*,*,#413,.T.);
#1165 = ORIENTED_EDGE('',*,*,#1166,.F.);
#1166 = EDGE_CURVE('',#1167,#416,#1169,.T.);
#1167 = VERTEX_POINT('',#1168);
#1168 = CARTESIAN_POINT('',(2.25,-1.4,5.7));
#1169 = LINE('',#1170,#1171);
#1170 = CARTESIAN_POINT('',(2.25,-1.4,5.7));
#1171 = VECTOR('',#1172,1.);
#1172 = DIRECTION('',(0.,-1.,2.22044604925E-16));
#1173 = ORIENTED_EDGE('',*,*,#1174,.F.);
#1174 = EDGE_CURVE('',#1158,#1167,#1175,.T.);
#1175 = LINE('',#1176,#1177);
#1176 = CARTESIAN_POINT('',(2.75,-1.4,5.7));
#1177 = VECTOR('',#1178,1.);
#1178 = DIRECTION('',(-1.,0.,0.));
#1179 = PLANE('',#1180);
#1180 = AXIS2_PLACEMENT_3D('',#1181,#1182,#1183);
#1181 = CARTESIAN_POINT('',(2.75,-1.4,5.7));
#1182 = DIRECTION('',(0.,-2.22044604925E-16,-1.));
#1183 = DIRECTION('',(-1.,-0.,0.));
#1184 = ADVANCED_FACE('',(#1185),#1203,.F.);
#1185 = FACE_BOUND('',#1186,.F.);
#1186 = EDGE_LOOP('',(#1187,#1195,#1196,#1197));
#1187 = ORIENTED_EDGE('',*,*,#1188,.T.);
#1188 = EDGE_CURVE('',#1189,#513,#1191,.T.);
#1189 = VERTEX_POINT('',#1190);
#1190 = CARTESIAN_POINT('',(2.75,-1.4,4.8));
#1191 = LINE('',#1192,#1193);
#1192 = CARTESIAN_POINT('',(2.75,-1.4,4.8));
#1193 = VECTOR('',#1194,1.);
#1194 = DIRECTION('',(0.,-1.,2.22044604925E-16));
#1195 = ORIENTED_EDGE('',*,*,#520,.T.);
#1196 = ORIENTED_EDGE('',*,*,#1157,.F.);
#1197 = ORIENTED_EDGE('',*,*,#1198,.F.);
#1198 = EDGE_CURVE('',#1189,#1158,#1199,.T.);
#1199 = LINE('',#1200,#1201);
#1200 = CARTESIAN_POINT('',(2.75,-1.4,4.8));
#1201 = VECTOR('',#1202,1.);
#1202 = DIRECTION('',(0.,2.22044604925E-16,1.));
#1203 = PLANE('',#1204);
#1204 = AXIS2_PLACEMENT_3D('',#1205,#1206,#1207);
#1205 = CARTESIAN_POINT('',(2.75,-1.4,4.8));
#1206 = DIRECTION('',(-1.,0.,0.));
#1207 = DIRECTION('',(0.,2.22044604925E-16,1.));
#1208 = ADVANCED_FACE('',(#1209),#1227,.F.);
#1209 = FACE_BOUND('',#1210,.F.);
#1210 = EDGE_LOOP('',(#1211,#1219,#1220,#1221));
#1211 = ORIENTED_EDGE('',*,*,#1212,.T.);
#1212 = EDGE_CURVE('',#1213,#505,#1215,.T.);
#1213 = VERTEX_POINT('',#1214);
#1214 = CARTESIAN_POINT('',(2.,-1.4,4.8));
#1215 = LINE('',#1216,#1217);
#1216 = CARTESIAN_POINT('',(2.,-1.4,4.8));
#1217 = VECTOR('',#1218,1.);
#1218 = DIRECTION('',(0.,-1.,2.22044604925E-16));
#1219 = ORIENTED_EDGE('',*,*,#512,.T.);
#1220 = ORIENTED_EDGE('',*,*,#1188,.F.);
#1221 = ORIENTED_EDGE('',*,*,#1222,.F.);
#1222 = EDGE_CURVE('',#1213,#1189,#1223,.T.);
#1223 = LINE('',#1224,#1225);
#1224 = CARTESIAN_POINT('',(2.,-1.4,4.8));
#1225 = VECTOR('',#1226,1.);
#1226 = DIRECTION('',(1.,0.,0.));
#1227 = PLANE('',#1228);
#1228 = AXIS2_PLACEMENT_3D('',#1229,#1230,#1231);
#1229 = CARTESIAN_POINT('',(2.,-1.4,4.8));
#1230 = DIRECTION('',(0.,2.22044604925E-16,1.));
#1231 = DIRECTION('',(1.,0.,-0.));
#1232 = ADVANCED_FACE('',(#1233),#1251,.F.);
#1233 = FACE_BOUND('',#1234,.F.);
#1234 = EDGE_LOOP('',(#1235,#1243,#1244,#1245));
#1235 = ORIENTED_EDGE('',*,*,#1236,.T.);
#1236 = EDGE_CURVE('',#1237,#497,#1239,.T.);
#1237 = VERTEX_POINT('',#1238);
#1238 = CARTESIAN_POINT('',(2.,-1.4,0.5));
#1239 = LINE('',#1240,#1241);
#1240 = CARTESIAN_POINT('',(2.,-1.4,0.5));
#1241 = VECTOR('',#1242,1.);
#1242 = DIRECTION('',(0.,-1.,2.22044604925E-16));
#1243 = ORIENTED_EDGE('',*,*,#504,.T.);
#1244 = ORIENTED_EDGE('',*,*,#1212,.F.);
#1245 = ORIENTED_EDGE('',*,*,#1246,.F.);
#1246 = EDGE_CURVE('',#1237,#1213,#1247,.T.);
#1247 = LINE('',#1248,#1249);
#1248 = CARTESIAN_POINT('',(2.,-1.4,0.5));
#1249 = VECTOR('',#1250,1.);
#1250 = DIRECTION('',(0.,2.22044604925E-16,1.));
#1251 = PLANE('',#1252);
#1252 = AXIS2_PLACEMENT_3D('',#1253,#1254,#1255);
#1253 = CARTESIAN_POINT('',(2.,-1.4,0.5));
#1254 = DIRECTION('',(-1.,0.,0.));
#1255 = DIRECTION('',(0.,2.22044604925E-16,1.));
#1256 = ADVANCED_FACE('',(#1257),#1275,.F.);
#1257 = FACE_BOUND('',#1258,.F.);
#1258 = EDGE_LOOP('',(#1259,#1267,#1268,#1269));
#1259 = ORIENTED_EDGE('',*,*,#1260,.T.);
#1260 = EDGE_CURVE('',#1261,#488,#1263,.T.);
#1261 = VERTEX_POINT('',#1262);
#1262 = CARTESIAN_POINT('',(2.5,-1.4,0.5));
#1263 = LINE('',#1264,#1265);
#1264 = CARTESIAN_POINT('',(2.5,-1.4,0.5));
#1265 = VECTOR('',#1266,1.);
#1266 = DIRECTION('',(0.,-1.,2.22044604925E-16));
#1267 = ORIENTED_EDGE('',*,*,#496,.T.);
#1268 = ORIENTED_EDGE('',*,*,#1236,.F.);
#1269 = ORIENTED_EDGE('',*,*,#1270,.F.);
#1270 = EDGE_CURVE('',#1261,#1237,#1271,.T.);
#1271 = LINE('',#1272,#1273);
#1272 = CARTESIAN_POINT('',(2.5,-1.4,0.5));
#1273 = VECTOR('',#1274,1.);
#1274 = DIRECTION('',(-1.,0.,0.));
#1275 = PLANE('',#1276);
#1276 = AXIS2_PLACEMENT_3D('',#1277,#1278,#1279);
#1277 = CARTESIAN_POINT('',(2.5,-1.4,0.5));
#1278 = DIRECTION('',(0.,-2.22044604925E-16,-1.));
#1279 = DIRECTION('',(-1.,-0.,0.));
#1280 = ADVANCED_FACE('',(#1281),#1300,.T.);
#1281 = FACE_BOUND('',#1282,.T.);
#1282 = EDGE_LOOP('',(#1283,#1292,#1293,#1294));
#1283 = ORIENTED_EDGE('',*,*,#1284,.T.);
#1284 = EDGE_CURVE('',#1285,#1261,#1287,.T.);
#1285 = VERTEX_POINT('',#1286);
#1286 = CARTESIAN_POINT('',(4.5,-1.4,0.5));
#1287 = CIRCLE('',#1288,1.133333333333);
#1288 = AXIS2_PLACEMENT_3D('',#1289,#1290,#1291);
#1289 = CARTESIAN_POINT('',(3.5,-1.4,-3.333333333333E-02));
#1290 = DIRECTION('',(1.232595164408E-32,-1.,2.22044604925E-16));
#1291 = DIRECTION('',(0.882352941176,1.044915787883E-16,0.470588235294)
  );
#1292 = ORIENTED_EDGE('',*,*,#1260,.T.);
#1293 = ORIENTED_EDGE('',*,*,#487,.F.);
#1294 = ORIENTED_EDGE('',*,*,#1295,.F.);
#1295 = EDGE_CURVE('',#1285,#480,#1296,.T.);
#1296 = LINE('',#1297,#1298);
#1297 = CARTESIAN_POINT('',(4.5,-1.4,0.5));
#1298 = VECTOR('',#1299,1.);
#1299 = DIRECTION('',(0.,-1.,2.22044604925E-16));
#1300 = CYLINDRICAL_SURFACE('',#1301,1.133333333333);
#1301 = AXIS2_PLACEMENT_3D('',#1302,#1303,#1304);
#1302 = CARTESIAN_POINT('',(3.5,-1.4,-3.333333333333E-02));
#1303 = DIRECTION('',(-0.,1.,-2.22044604925E-16));
#1304 = DIRECTION('',(0.882352941176,1.044915787883E-16,0.470588235294)
  );
#1305 = ADVANCED_FACE('',(#1306),#1324,.F.);
#1306 = FACE_BOUND('',#1307,.F.);
#1307 = EDGE_LOOP('',(#1308,#1316,#1317,#1318));
#1308 = ORIENTED_EDGE('',*,*,#1309,.T.);
#1309 = EDGE_CURVE('',#1310,#472,#1312,.T.);
#1310 = VERTEX_POINT('',#1311);
#1311 = CARTESIAN_POINT('',(5.,-1.4,0.5));
#1312 = LINE('',#1313,#1314);
#1313 = CARTESIAN_POINT('',(5.,-1.4,0.5));
#1314 = VECTOR('',#1315,1.);
#1315 = DIRECTION('',(0.,-1.,2.22044604925E-16));
#1316 = ORIENTED_EDGE('',*,*,#479,.T.);
#1317 = ORIENTED_EDGE('',*,*,#1295,.F.);
#1318 = ORIENTED_EDGE('',*,*,#1319,.F.);
#1319 = EDGE_CURVE('',#1310,#1285,#1320,.T.);
#1320 = LINE('',#1321,#1322);
#1321 = CARTESIAN_POINT('',(5.,-1.4,0.5));
#1322 = VECTOR('',#1323,1.);
#1323 = DIRECTION('',(-1.,0.,0.));
#1324 = PLANE('',#1325);
#1325 = AXIS2_PLACEMENT_3D('',#1326,#1327,#1328);
#1326 = CARTESIAN_POINT('',(5.,-1.4,0.5));
#1327 = DIRECTION('',(0.,-2.22044604925E-16,-1.));
#1328 = DIRECTION('',(-1.,-0.,0.));
#1329 = ADVANCED_FACE('',(#1330),#1348,.F.);
#1330 = FACE_BOUND('',#1331,.F.);
#1331 = EDGE_LOOP('',(#1332,#1340,#1341,#1342));
#1332 = ORIENTED_EDGE('',*,*,#1333,.T.);
#1333 = EDGE_CURVE('',#1334,#464,#1336,.T.);
#1334 = VERTEX_POINT('',#1335);
#1335 = CARTESIAN_POINT('',(5.,-1.4,4.8));
#1336 = LINE('',#1337,#1338);
#1337 = CARTESIAN_POINT('',(5.,-1.4,4.8));
#1338 = VECTOR('',#1339,1.);
#1339 = DIRECTION('',(0.,-1.,2.22044604925E-16));
#1340 = ORIENTED_EDGE('',*,*,#471,.T.);
#1341 = ORIENTED_EDGE('',*,*,#1309,.F.);
#1342 = ORIENTED_EDGE('',*,*,#1343,.F.);
#1343 = EDGE_CURVE('',#1334,#1310,#1344,.T.);
#1344 = LINE('',#1345,#1346);
#1345 = CARTESIAN_POINT('',(5.,-1.4,4.8));
#1346 = VECTOR('',#1347,1.);
#1347 = DIRECTION('',(0.,-2.22044604925E-16,-1.));
#1348 = PLANE('',#1349);
#1349 = AXIS2_PLACEMENT_3D('',#1350,#1351,#1352);
#1350 = CARTESIAN_POINT('',(5.,-1.4,4.8));
#1351 = DIRECTION('',(1.,0.,0.));
#1352 = DIRECTION('',(0.,-2.22044604925E-16,-1.));
#1353 = ADVANCED_FACE('',(#1354),#1372,.F.);
#1354 = FACE_BOUND('',#1355,.F.);
#1355 = EDGE_LOOP('',(#1356,#1364,#1365,#1366));
#1356 = ORIENTED_EDGE('',*,*,#1357,.T.);
#1357 = EDGE_CURVE('',#1358,#456,#1360,.T.);
#1358 = VERTEX_POINT('',#1359);
#1359 = CARTESIAN_POINT('',(4.25,-1.4,4.8));
#1360 = LINE('',#1361,#1362);
#1361 = CARTESIAN_POINT('',(4.25,-1.4,4.8));
#1362 = VECTOR('',#1363,1.);
#1363 = DIRECTION('',(0.,-1.,2.22044604925E-16));
#1364 = ORIENTED_EDGE('',*,*,#463,.T.);
#1365 = ORIENTED_EDGE('',*,*,#1333,.F.);
#1366 = ORIENTED_EDGE('',*,*,#1367,.F.);
#1367 = EDGE_CURVE('',#1358,#1334,#1368,.T.);
#1368 = LINE('',#1369,#1370);
#1369 = CARTESIAN_POINT('',(4.25,-1.4,4.8));
#1370 = VECTOR('',#1371,1.);
#1371 = DIRECTION('',(1.,0.,0.));
#1372 = PLANE('',#1373);
#1373 = AXIS2_PLACEMENT_3D('',#1374,#1375,#1376);
#1374 = CARTESIAN_POINT('',(4.25,-1.4,4.8));
#1375 = DIRECTION('',(0.,2.22044604925E-16,1.));
#1376 = DIRECTION('',(1.,0.,-0.));
#1377 = ADVANCED_FACE('',(#1378),#1396,.F.);
#1378 = FACE_BOUND('',#1379,.F.);
#1379 = EDGE_LOOP('',(#1380,#1388,#1389,#1390));
#1380 = ORIENTED_EDGE('',*,*,#1381,.T.);
#1381 = EDGE_CURVE('',#1382,#448,#1384,.T.);
#1382 = VERTEX_POINT('',#1383);
#1383 = CARTESIAN_POINT('',(4.25,-1.4,5.7));
#1384 = LINE('',#1385,#1386);
#1385 = CARTESIAN_POINT('',(4.25,-1.4,5.7));
#1386 = VECTOR('',#1387,1.);
#1387 = DIRECTION('',(0.,-1.,2.22044604925E-16));
#1388 = ORIENTED_EDGE('',*,*,#455,.T.);
#1389 = ORIENTED_EDGE('',*,*,#1357,.F.);
#1390 = ORIENTED_EDGE('',*,*,#1391,.F.);
#1391 = EDGE_CURVE('',#1382,#1358,#1392,.T.);
#1392 = LINE('',#1393,#1394);
#1393 = CARTESIAN_POINT('',(4.25,-1.4,5.7));
#1394 = VECTOR('',#1395,1.);
#1395 = DIRECTION('',(0.,-2.22044604925E-16,-1.));
#1396 = PLANE('',#1397);
#1397 = AXIS2_PLACEMENT_3D('',#1398,#1399,#1400);
#1398 = CARTESIAN_POINT('',(4.25,-1.4,5.7));
#1399 = DIRECTION('',(1.,0.,0.));
#1400 = DIRECTION('',(0.,-2.22044604925E-16,-1.));
#1401 = ADVANCED_FACE('',(#1402),#1420,.F.);
#1402 = FACE_BOUND('',#1403,.F.);
#1403 = EDGE_LOOP('',(#1404,#1412,#1413,#1414));
#1404 = ORIENTED_EDGE('',*,*,#1405,.T.);
#1405 = EDGE_CURVE('',#1406,#440,#1408,.T.);
#1406 = VERTEX_POINT('',#1407);
#1407 = CARTESIAN_POINT('',(4.75,-1.4,5.7));
#1408 = LINE('',#1409,#1410);
#1409 = CARTESIAN_POINT('',(4.75,-1.4,5.7));
#1410 = VECTOR('',#1411,1.);
#1411 = DIRECTION('',(0.,-1.,2.22044604925E-16));
#1412 = ORIENTED_EDGE('',*,*,#447,.T.);
#1413 = ORIENTED_EDGE('',*,*,#1381,.F.);
#1414 = ORIENTED_EDGE('',*,*,#1415,.F.);
#1415 = EDGE_CURVE('',#1406,#1382,#1416,.T.);
#1416 = LINE('',#1417,#1418);
#1417 = CARTESIAN_POINT('',(4.75,-1.4,5.7));
#1418 = VECTOR('',#1419,1.);
#1419 = DIRECTION('',(-1.,0.,0.));
#1420 = PLANE('',#1421);
#1421 = AXIS2_PLACEMENT_3D('',#1422,#1423,#1424);
#1422 = CARTESIAN_POINT('',(4.75,-1.4,5.7));
#1423 = DIRECTION('',(0.,-2.22044604925E-16,-1.));
#1424 = DIRECTION('',(-1.,-0.,0.));
#1425 = ADVANCED_FACE('',(#1426),#1444,.F.);
#1426 = FACE_BOUND('',#1427,.F.);
#1427 = EDGE_LOOP('',(#1428,#1436,#1437,#1438));
#1428 = ORIENTED_EDGE('',*,*,#1429,.T.);
#1429 = EDGE_CURVE('',#1430,#432,#1432,.T.);
#1430 = VERTEX_POINT('',#1431);
#1431 = CARTESIAN_POINT('',(5.,-1.4,6.5));
#1432 = LINE('',#1433,#1434);
#1433 = CARTESIAN_POINT('',(5.,-1.4,6.5));
#1434 = VECTOR('',#1435,1.);
#1435 = DIRECTION('',(0.,-1.,2.22044604925E-16));
#1436 = ORIENTED_EDGE('',*,*,#439,.T.);
#1437 = ORIENTED_EDGE('',*,*,#1405,.F.);
#1438 = ORIENTED_EDGE('',*,*,#1439,.F.);
#1439 = EDGE_CURVE('',#1430,#1406,#1440,.T.);
#1440 = LINE('',#1441,#1442);
#1441 = CARTESIAN_POINT('',(5.,-1.4,6.5));
#1442 = VECTOR('',#1443,1.);
#1443 = DIRECTION('',(-0.298274993136,-2.119371296316E-16,
    -0.954479978035));
#1444 = PLANE('',#1445);
#1445 = AXIS2_PLACEMENT_3D('',#1446,#1447,#1448);
#1446 = CARTESIAN_POINT('',(5.,-1.4,6.5));
#1447 = DIRECTION('',(0.954479978035,-6.623035300989E-17,-0.298274993136
    ));
#1448 = DIRECTION('',(-0.298274993136,-2.119371296316E-16,
    -0.954479978035));
#1449 = ADVANCED_FACE('',(#1450),#1468,.F.);
#1450 = FACE_BOUND('',#1451,.F.);
#1451 = EDGE_LOOP('',(#1452,#1460,#1461,#1462));
#1452 = ORIENTED_EDGE('',*,*,#1453,.T.);
#1453 = EDGE_CURVE('',#1454,#424,#1456,.T.);
#1454 = VERTEX_POINT('',#1455);
#1455 = CARTESIAN_POINT('',(2.,-1.4,6.5));
#1456 = LINE('',#1457,#1458);
#1457 = CARTESIAN_POINT('',(2.,-1.4,6.5));
#1458 = VECTOR('',#1459,1.);
#1459 = DIRECTION('',(0.,-1.,2.22044604925E-16));
#1460 = ORIENTED_EDGE('',*,*,#431,.T.);
#1461 = ORIENTED_EDGE('',*,*,#1429,.F.);
#1462 = ORIENTED_EDGE('',*,*,#1463,.F.);
#1463 = EDGE_CURVE('',#1454,#1430,#1464,.T.);
#1464 = LINE('',#1465,#1466);
#1465 = CARTESIAN_POINT('',(2.,-1.4,6.5));
#1466 = VECTOR('',#1467,1.);
#1467 = DIRECTION('',(1.,0.,0.));
#1468 = PLANE('',#1469);
#1469 = AXIS2_PLACEMENT_3D('',#1470,#1471,#1472);
#1470 = CARTESIAN_POINT('',(2.,-1.4,6.5));
#1471 = DIRECTION('',(0.,2.22044604925E-16,1.));
#1472 = DIRECTION('',(1.,0.,-0.));
#1473 = ADVANCED_FACE('',(#1474),#1485,.F.);
#1474 = FACE_BOUND('',#1475,.F.);
#1475 = EDGE_LOOP('',(#1476,#1477,#1478,#1479));
#1476 = ORIENTED_EDGE('',*,*,#1166,.T.);
#1477 = ORIENTED_EDGE('',*,*,#423,.T.);
#1478 = ORIENTED_EDGE('',*,*,#1453,.F.);
#1479 = ORIENTED_EDGE('',*,*,#1480,.F.);
#1480 = EDGE_CURVE('',#1167,#1454,#1481,.T.);
#1481 = LINE('',#1482,#1483);
#1482 = CARTESIAN_POINT('',(2.25,-1.4,5.7));
#1483 = VECTOR('',#1484,1.);
#1484 = DIRECTION('',(-0.298274993136,2.119371296316E-16,0.954479978035)
  );
#1485 = PLANE('',#1486);
#1486 = AXIS2_PLACEMENT_3D('',#1487,#1488,#1489);
#1487 = CARTESIAN_POINT('',(2.25,-1.4,5.7));
#1488 = DIRECTION('',(-0.954479978035,-6.623035300989E-17,
    -0.298274993136));
#1489 = DIRECTION('',(-0.298274993136,2.119371296316E-16,0.954479978035)
  );
#1490 = ADVANCED_FACE('',(#1491),#1516,.F.);
#1491 = FACE_BOUND('',#1492,.F.);
#1492 = EDGE_LOOP('',(#1493,#1501,#1502,#1510));
#1493 = ORIENTED_EDGE('',*,*,#1494,.T.);
#1494 = EDGE_CURVE('',#1495,#529,#1497,.T.);
#1495 = VERTEX_POINT('',#1496);
#1496 = CARTESIAN_POINT('',(6.25,-1.4,5.7));
#1497 = LINE('',#1498,#1499);
#1498 = CARTESIAN_POINT('',(6.25,-1.4,5.7));
#1499 = VECTOR('',#1500,1.);
#1500 = DIRECTION('',(0.,-1.,2.22044604925E-16));
#1501 = ORIENTED_EDGE('',*,*,#528,.T.);
#1502 = ORIENTED_EDGE('',*,*,#1503,.F.);
#1503 = EDGE_CURVE('',#1504,#531,#1506,.T.);
#1504 = VERTEX_POINT('',#1505);
#1505 = CARTESIAN_POINT('',(5.75,-1.4,5.7));
#1506 = LINE('',#1507,#1508);
#1507 = CARTESIAN_POINT('',(5.75,-1.4,5.7));
#1508 = VECTOR('',#1509,1.);
#1509 = DIRECTION('',(0.,-1.,2.22044604925E-16));
#1510 = ORIENTED_EDGE('',*,*,#1511,.F.);
#1511 = EDGE_CURVE('',#1495,#1504,#1512,.T.);
#1512 = LINE('',#1513,#1514);
#1513 = CARTESIAN_POINT('',(6.25,-1.4,5.7));
#1514 = VECTOR('',#1515,1.);
#1515 = DIRECTION('',(-1.,0.,0.));
#1516 = PLANE('',#1517);
#1517 = AXIS2_PLACEMENT_3D('',#1518,#1519,#1520);
#1518 = CARTESIAN_POINT('',(6.25,-1.4,5.7));
#1519 = DIRECTION('',(0.,-2.22044604925E-16,-1.));
#1520 = DIRECTION('',(-1.,-0.,0.));
#1521 = ADVANCED_FACE('',(#1522),#1540,.F.);
#1522 = FACE_BOUND('',#1523,.F.);
#1523 = EDGE_LOOP('',(#1524,#1532,#1533,#1534));
#1524 = ORIENTED_EDGE('',*,*,#1525,.T.);
#1525 = EDGE_CURVE('',#1526,#628,#1528,.T.);
#1526 = VERTEX_POINT('',#1527);
#1527 = CARTESIAN_POINT('',(6.25,-1.4,4.8));
#1528 = LINE('',#1529,#1530);
#1529 = CARTESIAN_POINT('',(6.25,-1.4,4.8));
#1530 = VECTOR('',#1531,1.);
#1531 = DIRECTION('',(0.,-1.,2.22044604925E-16));
#1532 = ORIENTED_EDGE('',*,*,#635,.T.);
#1533 = ORIENTED_EDGE('',*,*,#1494,.F.);
#1534 = ORIENTED_EDGE('',*,*,#1535,.F.);
#1535 = EDGE_CURVE('',#1526,#1495,#1536,.T.);
#1536 = LINE('',#1537,#1538);
#1537 = CARTESIAN_POINT('',(6.25,-1.4,4.8));
#1538 = VECTOR('',#1539,1.);
#1539 = DIRECTION('',(0.,2.22044604925E-16,1.));
#1540 = PLANE('',#1541);
#1541 = AXIS2_PLACEMENT_3D('',#1542,#1543,#1544);
#1542 = CARTESIAN_POINT('',(6.25,-1.4,4.8));
#1543 = DIRECTION('',(-1.,0.,0.));
#1544 = DIRECTION('',(0.,2.22044604925E-16,1.));
#1545 = ADVANCED_FACE('',(#1546),#1564,.F.);
#1546 = FACE_BOUND('',#1547,.F.);
#1547 = EDGE_LOOP('',(#1548,#1556,#1557,#1558));
#1548 = ORIENTED_EDGE('',*,*,#1549,.T.);
#1549 = EDGE_CURVE('',#1550,#620,#1552,.T.);
#1550 = VERTEX_POINT('',#1551);
#1551 = CARTESIAN_POINT('',(5.5,-1.4,4.8));
#1552 = LINE('',#1553,#1554);
#1553 = CARTESIAN_POINT('',(5.5,-1.4,4.8));
#1554 = VECTOR('',#1555,1.);
#1555 = DIRECTION('',(0.,-1.,2.22044604925E-16));
#1556 = ORIENTED_EDGE('',*,*,#627,.T.);
#1557 = ORIENTED_EDGE('',*,*,#1525,.F.);
#1558 = ORIENTED_EDGE('',*,*,#1559,.F.);
#1559 = EDGE_CURVE('',#1550,#1526,#1560,.T.);
#1560 = LINE('',#1561,#1562);
#1561 = CARTESIAN_POINT('',(5.5,-1.4,4.8));
#1562 = VECTOR('',#1563,1.);
#1563 = DIRECTION('',(1.,0.,0.));
#1564 = PLANE('',#1565);
#1565 = AXIS2_PLACEMENT_3D('',#1566,#1567,#1568);
#1566 = CARTESIAN_POINT('',(5.5,-1.4,4.8));
#1567 = DIRECTION('',(0.,2.22044604925E-16,1.));
#1568 = DIRECTION('',(1.,0.,-0.));
#1569 = ADVANCED_FACE('',(#1570),#1588,.F.);
#1570 = FACE_BOUND('',#1571,.F.);
#1571 = EDGE_LOOP('',(#1572,#1580,#1581,#1582));
#1572 = ORIENTED_EDGE('',*,*,#1573,.T.);
#1573 = EDGE_CURVE('',#1574,#612,#1576,.T.);
#1574 = VERTEX_POINT('',#1575);
#1575 = CARTESIAN_POINT('',(5.5,-1.4,0.5));
#1576 = LINE('',#1577,#1578);
#1577 = CARTESIAN_POINT('',(5.5,-1.4,0.5));
#1578 = VECTOR('',#1579,1.);
#1579 = DIRECTION('',(0.,-1.,2.22044604925E-16));
#1580 = ORIENTED_EDGE('',*,*,#619,.T.);
#1581 = ORIENTED_EDGE('',*,*,#1549,.F.);
#1582 = ORIENTED_EDGE('',*,*,#1583,.F.);
#1583 = EDGE_CURVE('',#1574,#1550,#1584,.T.);
#1584 = LINE('',#1585,#1586);
#1585 = CARTESIAN_POINT('',(5.5,-1.4,0.5));
#1586 = VECTOR('',#1587,1.);
#1587 = DIRECTION('',(0.,2.22044604925E-16,1.));
#1588 = PLANE('',#1589);
#1589 = AXIS2_PLACEMENT_3D('',#1590,#1591,#1592);
#1590 = CARTESIAN_POINT('',(5.5,-1.4,0.5));
#1591 = DIRECTION('',(-1.,0.,0.));
#1592 = DIRECTION('',(0.,2.22044604925E-16,1.));
#1593 = ADVANCED_FACE('',(#1594),#1612,.F.);
#1594 = FACE_BOUND('',#1595,.F.);
#1595 = EDGE_LOOP('',(#1596,#1604,#1605,#1606));
#1596 = ORIENTED_EDGE('',*,*,#1597,.T.);
#1597 = EDGE_CURVE('',#1598,#603,#1600,.T.);
#1598 = VERTEX_POINT('',#1599);
#1599 = CARTESIAN_POINT('',(6.,-1.4,0.5));
#1600 = LINE('',#1601,#1602);
#1601 = CARTESIAN_POINT('',(6.,-1.4,0.5));
#1602 = VECTOR('',#1603,1.);
#1603 = DIRECTION('',(0.,-1.,2.22044604925E-16));
#1604 = ORIENTED_EDGE('',*,*,#611,.T.);
#1605 = ORIENTED_EDGE('',*,*,#1573,.F.);
#1606 = ORIENTED_EDGE('',*,*,#1607,.F.);
#1607 = EDGE_CURVE('',#1598,#1574,#1608,.T.);
#1608 = LINE('',#1609,#1610);
#1609 = CARTESIAN_POINT('',(6.,-1.4,0.5));
#1610 = VECTOR('',#1611,1.);
#1611 = DIRECTION('',(-1.,0.,0.));
#1612 = PLANE('',#1613);
#1613 = AXIS2_PLACEMENT_3D('',#1614,#1615,#1616);
#1614 = CARTESIAN_POINT('',(6.,-1.4,0.5));
#1615 = DIRECTION('',(0.,-2.22044604925E-16,-1.));
#1616 = DIRECTION('',(-1.,-0.,0.));
#1617 = ADVANCED_FACE('',(#1618),#1637,.T.);
#1618 = FACE_BOUND('',#1619,.T.);
#1619 = EDGE_LOOP('',(#1620,#1629,#1630,#1631));
#1620 = ORIENTED_EDGE('',*,*,#1621,.T.);
#1621 = EDGE_CURVE('',#1622,#1598,#1624,.T.);
#1622 = VERTEX_POINT('',#1623);
#1623 = CARTESIAN_POINT('',(8.,-1.4,0.5));
#1624 = CIRCLE('',#1625,1.133333333333);
#1625 = AXIS2_PLACEMENT_3D('',#1626,#1627,#1628);
#1626 = CARTESIAN_POINT('',(7.,-1.4,-3.333333333333E-02));
#1627 = DIRECTION('',(1.232595164408E-32,-1.,2.22044604925E-16));
#1628 = DIRECTION('',(0.882352941176,1.044915787883E-16,0.470588235294)
  );
#1629 = ORIENTED_EDGE('',*,*,#1597,.T.);
#1630 = ORIENTED_EDGE('',*,*,#602,.F.);
#1631 = ORIENTED_EDGE('',*,*,#1632,.F.);
#1632 = EDGE_CURVE('',#1622,#595,#1633,.T.);
#1633 = LINE('',#1634,#1635);
#1634 = CARTESIAN_POINT('',(8.,-1.4,0.5));
#1635 = VECTOR('',#1636,1.);
#1636 = DIRECTION('',(0.,-1.,2.22044604925E-16));
#1637 = CYLINDRICAL_SURFACE('',#1638,1.133333333333);
#1638 = AXIS2_PLACEMENT_3D('',#1639,#1640,#1641);
#1639 = CARTESIAN_POINT('',(7.,-1.4,-3.333333333333E-02));
#1640 = DIRECTION('',(-0.,1.,-2.22044604925E-16));
#1641 = DIRECTION('',(0.882352941176,1.044915787883E-16,0.470588235294)
  );
#1642 = ADVANCED_FACE('',(#1643),#1661,.F.);
#1643 = FACE_BOUND('',#1644,.F.);
#1644 = EDGE_LOOP('',(#1645,#1653,#1654,#1655));
#1645 = ORIENTED_EDGE('',*,*,#1646,.T.);
#1646 = EDGE_CURVE('',#1647,#587,#1649,.T.);
#1647 = VERTEX_POINT('',#1648);
#1648 = CARTESIAN_POINT('',(8.5,-1.4,0.5));
#1649 = LINE('',#1650,#1651);
#1650 = CARTESIAN_POINT('',(8.5,-1.4,0.5));
#1651 = VECTOR('',#1652,1.);
#1652 = DIRECTION('',(0.,-1.,2.22044604925E-16));
#1653 = ORIENTED_EDGE('',*,*,#594,.T.);
#1654 = ORIENTED_EDGE('',*,*,#1632,.F.);
#1655 = ORIENTED_EDGE('',*,*,#1656,.F.);
#1656 = EDGE_CURVE('',#1647,#1622,#1657,.T.);
#1657 = LINE('',#1658,#1659);
#1658 = CARTESIAN_POINT('',(8.5,-1.4,0.5));
#1659 = VECTOR('',#1660,1.);
#1660 = DIRECTION('',(-1.,0.,0.));
#1661 = PLANE('',#1662);
#1662 = AXIS2_PLACEMENT_3D('',#1663,#1664,#1665);
#1663 = CARTESIAN_POINT('',(8.5,-1.4,0.5));
#1664 = DIRECTION('',(0.,-2.22044604925E-16,-1.));
#1665 = DIRECTION('',(-1.,-0.,0.));
#1666 = ADVANCED_FACE('',(#1667),#1685,.F.);
#1667 = FACE_BOUND('',#1668,.F.);
#1668 = EDGE_LOOP('',(#1669,#1677,#1678,#1679));
#1669 = ORIENTED_EDGE('',*,*,#1670,.T.);
#1670 = EDGE_CURVE('',#1671,#579,#1673,.T.);
#1671 = VERTEX_POINT('',#1672);
#1672 = CARTESIAN_POINT('',(8.5,-1.4,4.8));
#1673 = LINE('',#1674,#1675);
#1674 = CARTESIAN_POINT('',(8.5,-1.4,4.8));
#1675 = VECTOR('',#1676,1.);
#1676 = DIRECTION('',(0.,-1.,2.22044604925E-16));
#1677 = ORIENTED_EDGE('',*,*,#586,.T.);
#1678 = ORIENTED_EDGE('',*,*,#1646,.F.);
#1679 = ORIENTED_EDGE('',*,*,#1680,.F.);
#1680 = EDGE_CURVE('',#1671,#1647,#1681,.T.);
#1681 = LINE('',#1682,#1683);
#1682 = CARTESIAN_POINT('',(8.5,-1.4,4.8));
#1683 = VECTOR('',#1684,1.);
#1684 = DIRECTION('',(0.,-2.22044604925E-16,-1.));
#1685 = PLANE('',#1686);
#1686 = AXIS2_PLACEMENT_3D('',#1687,#1688,#1689);
#1687 = CARTESIAN_POINT('',(8.5,-1.4,4.8));
#1688 = DIRECTION('',(1.,0.,0.));
#1689 = DIRECTION('',(0.,-2.22044604925E-16,-1.));
#1690 = ADVANCED_FACE('',(#1691),#1709,.F.);
#1691 = FACE_BOUND('',#1692,.F.);
#1692 = EDGE_LOOP('',(#1693,#1701,#1702,#1703));
#1693 = ORIENTED_EDGE('',*,*,#1694,.T.);
#1694 = EDGE_CURVE('',#1695,#571,#1697,.T.);
#1695 = VERTEX_POINT('',#1696);
#1696 = CARTESIAN_POINT('',(7.75,-1.4,4.8));
#1697 = LINE('',#1698,#1699);
#1698 = CARTESIAN_POINT('',(7.75,-1.4,4.8));
#1699 = VECTOR('',#1700,1.);
#1700 = DIRECTION('',(0.,-1.,2.22044604925E-16));
#1701 = ORIENTED_EDGE('',*,*,#578,.T.);
#1702 = ORIENTED_EDGE('',*,*,#1670,.F.);
#1703 = ORIENTED_EDGE('',*,*,#1704,.F.);
#1704 = EDGE_CURVE('',#1695,#1671,#1705,.T.);
#1705 = LINE('',#1706,#1707);
#1706 = CARTESIAN_POINT('',(7.75,-1.4,4.8));
#1707 = VECTOR('',#1708,1.);
#1708 = DIRECTION('',(1.,0.,0.));
#1709 = PLANE('',#1710);
#1710 = AXIS2_PLACEMENT_3D('',#1711,#1712,#1713);
#1711 = CARTESIAN_POINT('',(7.75,-1.4,4.8));
#1712 = DIRECTION('',(0.,2.22044604925E-16,1.));
#1713 = DIRECTION('',(1.,0.,-0.));
#1714 = ADVANCED_FACE('',(#1715),#1733,.F.);
#1715 = FACE_BOUND('',#1716,.F.);
#1716 = EDGE_LOOP('',(#1717,#1725,#1726,#1727));
#1717 = ORIENTED_EDGE('',*,*,#1718,.T.);
#1718 = EDGE_CURVE('',#1719,#563,#1721,.T.);
#1719 = VERTEX_POINT('',#1720);
#1720 = CARTESIAN_POINT('',(7.75,-1.4,5.7));
#1721 = LINE('',#1722,#1723);
#1722 = CARTESIAN_POINT('',(7.75,-1.4,5.7));
#1723 = VECTOR('',#1724,1.);
#1724 = DIRECTION('',(0.,-1.,2.22044604925E-16));
#1725 = ORIENTED_EDGE('',*,*,#570,.T.);
#1726 = ORIENTED_EDGE('',*,*,#1694,.F.);
#1727 = ORIENTED_EDGE('',*,*,#1728,.F.);
#1728 = EDGE_CURVE('',#1719,#1695,#1729,.T.);
#1729 = LINE('',#1730,#1731);
#1730 = CARTESIAN_POINT('',(7.75,-1.4,5.7));
#1731 = VECTOR('',#1732,1.);
#1732 = DIRECTION('',(0.,-2.22044604925E-16,-1.));
#1733 = PLANE('',#1734);
#1734 = AXIS2_PLACEMENT_3D('',#1735,#1736,#1737);
#1735 = CARTESIAN_POINT('',(7.75,-1.4,5.7));
#1736 = DIRECTION('',(1.,0.,0.));
#1737 = DIRECTION('',(0.,-2.22044604925E-16,-1.));
#1738 = ADVANCED_FACE('',(#1739),#1757,.F.);
#1739 = FACE_BOUND('',#1740,.F.);
#1740 = EDGE_LOOP('',(#1741,#1749,#1750,#1751));
#1741 = ORIENTED_EDGE('',*,*,#1742,.T.);
#1742 = EDGE_CURVE('',#1743,#555,#1745,.T.);
#1743 = VERTEX_POINT('',#1744);
#1744 = CARTESIAN_POINT('',(8.25,-1.4,5.7));
#1745 = LINE('',#1746,#1747);
#1746 = CARTESIAN_POINT('',(8.25,-1.4,5.7));
#1747 = VECTOR('',#1748,1.);
#1748 = DIRECTION('',(0.,-1.,2.22044604925E-16));
#1749 = ORIENTED_EDGE('',*,*,#562,.T.);
#1750 = ORIENTED_EDGE('',*,*,#1718,.F.);
#1751 = ORIENTED_EDGE('',*,*,#1752,.F.);
#1752 = EDGE_CURVE('',#1743,#1719,#1753,.T.);
#1753 = LINE('',#1754,#1755);
#1754 = CARTESIAN_POINT('',(8.25,-1.4,5.7));
#1755 = VECTOR('',#1756,1.);
#1756 = DIRECTION('',(-1.,0.,0.));
#1757 = PLANE('',#1758);
#1758 = AXIS2_PLACEMENT_3D('',#1759,#1760,#1761);
#1759 = CARTESIAN_POINT('',(8.25,-1.4,5.7));
#1760 = DIRECTION('',(0.,-2.22044604925E-16,-1.));
#1761 = DIRECTION('',(-1.,-0.,0.));
#1762 = ADVANCED_FACE('',(#1763),#1781,.F.);
#1763 = FACE_BOUND('',#1764,.F.);
#1764 = EDGE_LOOP('',(#1765,#1773,#1774,#1775));
#1765 = ORIENTED_EDGE('',*,*,#1766,.T.);
#1766 = EDGE_CURVE('',#1767,#547,#1769,.T.);
#1767 = VERTEX_POINT('',#1768);
#1768 = CARTESIAN_POINT('',(8.5,-1.4,6.5));
#1769 = LINE('',#1770,#1771);
#1770 = CARTESIAN_POINT('',(8.5,-1.4,6.5));
#1771 = VECTOR('',#1772,1.);
#1772 = DIRECTION('',(0.,-1.,2.22044604925E-16));
#1773 = ORIENTED_EDGE('',*,*,#554,.T.);
#1774 = ORIENTED_EDGE('',*,*,#1742,.F.);
#1775 = ORIENTED_EDGE('',*,*,#1776,.F.);
#1776 = EDGE_CURVE('',#1767,#1743,#1777,.T.);
#1777 = LINE('',#1778,#1779);
#1778 = CARTESIAN_POINT('',(8.5,-1.4,6.5));
#1779 = VECTOR('',#1780,1.);
#1780 = DIRECTION('',(-0.298274993136,-2.119371296316E-16,
    -0.954479978035));
#1781 = PLANE('',#1782);
#1782 = AXIS2_PLACEMENT_3D('',#1783,#1784,#1785);
#1783 = CARTESIAN_POINT('',(8.5,-1.4,6.5));
#1784 = DIRECTION('',(0.954479978035,-6.623035300989E-17,-0.298274993136
    ));
#1785 = DIRECTION('',(-0.298274993136,-2.119371296316E-16,
    -0.954479978035));
#1786 = ADVANCED_FACE('',(#1787),#1805,.F.);
#1787 = FACE_BOUND('',#1788,.F.);
#1788 = EDGE_LOOP('',(#1789,#1797,#1798,#1799));
#1789 = ORIENTED_EDGE('',*,*,#1790,.T.);
#1790 = EDGE_CURVE('',#1791,#539,#1793,.T.);
#1791 = VERTEX_POINT('',#1792);
#1792 = CARTESIAN_POINT('',(5.5,-1.4,6.5));
#1793 = LINE('',#1794,#1795);
#1794 = CARTESIAN_POINT('',(5.5,-1.4,6.5));
#1795 = VECTOR('',#1796,1.);
#1796 = DIRECTION('',(0.,-1.,2.22044604925E-16));
#1797 = ORIENTED_EDGE('',*,*,#546,.T.);
#1798 = ORIENTED_EDGE('',*,*,#1766,.F.);
#1799 = ORIENTED_EDGE('',*,*,#1800,.F.);
#1800 = EDGE_CURVE('',#1791,#1767,#1801,.T.);
#1801 = LINE('',#1802,#1803);
#1802 = CARTESIAN_POINT('',(5.5,-1.4,6.5));
#1803 = VECTOR('',#1804,1.);
#1804 = DIRECTION('',(1.,0.,0.));
#1805 = PLANE('',#1806);
#1806 = AXIS2_PLACEMENT_3D('',#1807,#1808,#1809);
#1807 = CARTESIAN_POINT('',(5.5,-1.4,6.5));
#1808 = DIRECTION('',(0.,2.22044604925E-16,1.));
#1809 = DIRECTION('',(1.,0.,-0.));
#1810 = ADVANCED_FACE('',(#1811),#1822,.F.);
#1811 = FACE_BOUND('',#1812,.F.);
#1812 = EDGE_LOOP('',(#1813,#1814,#1815,#1816));
#1813 = ORIENTED_EDGE('',*,*,#1503,.T.);
#1814 = ORIENTED_EDGE('',*,*,#538,.T.);
#1815 = ORIENTED_EDGE('',*,*,#1790,.F.);
#1816 = ORIENTED_EDGE('',*,*,#1817,.F.);
#1817 = EDGE_CURVE('',#1504,#1791,#1818,.T.);
#1818 = LINE('',#1819,#1820);
#1819 = CARTESIAN_POINT('',(5.75,-1.4,5.7));
#1820 = VECTOR('',#1821,1.);
#1821 = DIRECTION('',(-0.298274993136,2.119371296316E-16,0.954479978035)
  );
#1822 = PLANE('',#1823);
#1823 = AXIS2_PLACEMENT_3D('',#1824,#1825,#1826);
#1824 = CARTESIAN_POINT('',(5.75,-1.4,5.7));
#1825 = DIRECTION('',(-0.954479978035,-6.623035300989E-17,
    -0.298274993136));
#1826 = DIRECTION('',(-0.298274993136,2.119371296316E-16,0.954479978035)
  );
#1827 = ADVANCED_FACE('',(#1828),#1853,.F.);
#1828 = FACE_BOUND('',#1829,.F.);
#1829 = EDGE_LOOP('',(#1830,#1838,#1839,#1847));
#1830 = ORIENTED_EDGE('',*,*,#1831,.T.);
#1831 = EDGE_CURVE('',#1832,#644,#1834,.T.);
#1832 = VERTEX_POINT('',#1833);
#1833 = CARTESIAN_POINT('',(-1.25,-1.4,5.7));
#1834 = LINE('',#1835,#1836);
#1835 = CARTESIAN_POINT('',(-1.25,-1.4,5.7));
#1836 = VECTOR('',#1837,1.);
#1837 = DIRECTION('',(0.,-1.,2.22044604925E-16));
#1838 = ORIENTED_EDGE('',*,*,#643,.T.);
#1839 = ORIENTED_EDGE('',*,*,#1840,.F.);
#1840 = EDGE_CURVE('',#1841,#646,#1843,.T.);
#1841 = VERTEX_POINT('',#1842);
#1842 = CARTESIAN_POINT('',(-1.5,-1.4,6.5));
#1843 = LINE('',#1844,#1845);
#1844 = CARTESIAN_POINT('',(-1.5,-1.4,6.5));
#1845 = VECTOR('',#1846,1.);
#1846 = DIRECTION('',(0.,-1.,2.22044604925E-16));
#1847 = ORIENTED_EDGE('',*,*,#1848,.F.);
#1848 = EDGE_CURVE('',#1832,#1841,#1849,.T.);
#1849 = LINE('',#1850,#1851);
#1850 = CARTESIAN_POINT('',(-1.25,-1.4,5.7));
#1851 = VECTOR('',#1852,1.);
#1852 = DIRECTION('',(-0.298274993136,2.119371296316E-16,0.954479978035)
  );
#1853 = PLANE('',#1854);
#1854 = AXIS2_PLACEMENT_3D('',#1855,#1856,#1857);
#1855 = CARTESIAN_POINT('',(-1.25,-1.4,5.7));
#1856 = DIRECTION('',(-0.954479978035,-6.623035300989E-17,
    -0.298274993136));
#1857 = DIRECTION('',(-0.298274993136,2.119371296316E-16,0.954479978035)
  );
#1858 = ADVANCED_FACE('',(#1859),#1877,.F.);
#1859 = FACE_BOUND('',#1860,.F.);
#1860 = EDGE_LOOP('',(#1861,#1869,#1870,#1871));
#1861 = ORIENTED_EDGE('',*,*,#1862,.T.);
#1862 = EDGE_CURVE('',#1863,#743,#1865,.T.);
#1863 = VERTEX_POINT('',#1864);
#1864 = CARTESIAN_POINT('',(-0.75,-1.4,5.7));
#1865 = LINE('',#1866,#1867);
#1866 = CARTESIAN_POINT('',(-0.75,-1.4,5.7));
#1867 = VECTOR('',#1868,1.);
#1868 = DIRECTION('',(0.,-1.,2.22044604925E-16));
#1869 = ORIENTED_EDGE('',*,*,#750,.T.);
#1870 = ORIENTED_EDGE('',*,*,#1831,.F.);
#1871 = ORIENTED_EDGE('',*,*,#1872,.F.);
#1872 = EDGE_CURVE('',#1863,#1832,#1873,.T.);
#1873 = LINE('',#1874,#1875);
#1874 = CARTESIAN_POINT('',(-0.75,-1.4,5.7));
#1875 = VECTOR('',#1876,1.);
#1876 = DIRECTION('',(-1.,0.,0.));
#1877 = PLANE('',#1878);
#1878 = AXIS2_PLACEMENT_3D('',#1879,#1880,#1881);
#1879 = CARTESIAN_POINT('',(-0.75,-1.4,5.7));
#1880 = DIRECTION('',(0.,-2.22044604925E-16,-1.));
#1881 = DIRECTION('',(-1.,-0.,0.));
#1882 = ADVANCED_FACE('',(#1883),#1901,.F.);
#1883 = FACE_BOUND('',#1884,.F.);
#1884 = EDGE_LOOP('',(#1885,#1893,#1894,#1895));
#1885 = ORIENTED_EDGE('',*,*,#1886,.T.);
#1886 = EDGE_CURVE('',#1887,#735,#1889,.T.);
#1887 = VERTEX_POINT('',#1888);
#1888 = CARTESIAN_POINT('',(-0.75,-1.4,4.8));
#1889 = LINE('',#1890,#1891);
#1890 = CARTESIAN_POINT('',(-0.75,-1.4,4.8));
#1891 = VECTOR('',#1892,1.);
#1892 = DIRECTION('',(0.,-1.,2.22044604925E-16));
#1893 = ORIENTED_EDGE('',*,*,#742,.T.);
#1894 = ORIENTED_EDGE('',*,*,#1862,.F.);
#1895 = ORIENTED_EDGE('',*,*,#1896,.F.);
#1896 = EDGE_CURVE('',#1887,#1863,#1897,.T.);
#1897 = LINE('',#1898,#1899);
#1898 = CARTESIAN_POINT('',(-0.75,-1.4,4.8));
#1899 = VECTOR('',#1900,1.);
#1900 = DIRECTION('',(0.,2.22044604925E-16,1.));
#1901 = PLANE('',#1902);
#1902 = AXIS2_PLACEMENT_3D('',#1903,#1904,#1905);
#1903 = CARTESIAN_POINT('',(-0.75,-1.4,4.8));
#1904 = DIRECTION('',(-1.,0.,0.));
#1905 = DIRECTION('',(0.,2.22044604925E-16,1.));
#1906 = ADVANCED_FACE('',(#1907),#1925,.F.);
#1907 = FACE_BOUND('',#1908,.F.);
#1908 = EDGE_LOOP('',(#1909,#1917,#1918,#1919));
#1909 = ORIENTED_EDGE('',*,*,#1910,.T.);
#1910 = EDGE_CURVE('',#1911,#727,#1913,.T.);
#1911 = VERTEX_POINT('',#1912);
#1912 = CARTESIAN_POINT('',(-1.5,-1.4,4.8));
#1913 = LINE('',#1914,#1915);
#1914 = CARTESIAN_POINT('',(-1.5,-1.4,4.8));
#1915 = VECTOR('',#1916,1.);
#1916 = DIRECTION('',(0.,-1.,2.22044604925E-16));
#1917 = ORIENTED_EDGE('',*,*,#734,.T.);
#1918 = ORIENTED_EDGE('',*,*,#1886,.F.);
#1919 = ORIENTED_EDGE('',*,*,#1920,.F.);
#1920 = EDGE_CURVE('',#1911,#1887,#1921,.T.);
#1921 = LINE('',#1922,#1923);
#1922 = CARTESIAN_POINT('',(-1.5,-1.4,4.8));
#1923 = VECTOR('',#1924,1.);
#1924 = DIRECTION('',(1.,0.,0.));
#1925 = PLANE('',#1926);
#1926 = AXIS2_PLACEMENT_3D('',#1927,#1928,#1929);
#1927 = CARTESIAN_POINT('',(-1.5,-1.4,4.8));
#1928 = DIRECTION('',(0.,2.22044604925E-16,1.));
#1929 = DIRECTION('',(1.,0.,-0.));
#1930 = ADVANCED_FACE('',(#1931),#1949,.F.);
#1931 = FACE_BOUND('',#1932,.F.);
#1932 = EDGE_LOOP('',(#1933,#1941,#1942,#1943));
#1933 = ORIENTED_EDGE('',*,*,#1934,.T.);
#1934 = EDGE_CURVE('',#1935,#719,#1937,.T.);
#1935 = VERTEX_POINT('',#1936);
#1936 = CARTESIAN_POINT('',(-1.5,-1.4,0.5));
#1937 = LINE('',#1938,#1939);
#1938 = CARTESIAN_POINT('',(-1.5,-1.4,0.5));
#1939 = VECTOR('',#1940,1.);
#1940 = DIRECTION('',(0.,-1.,2.22044604925E-16));
#1941 = ORIENTED_EDGE('',*,*,#726,.T.);
#1942 = ORIENTED_EDGE('',*,*,#1910,.F.);
#1943 = ORIENTED_EDGE('',*,*,#1944,.F.);
#1944 = EDGE_CURVE('',#1935,#1911,#1945,.T.);
#1945 = LINE('',#1946,#1947);
#1946 = CARTESIAN_POINT('',(-1.5,-1.4,0.5));
#1947 = VECTOR('',#1948,1.);
#1948 = DIRECTION('',(0.,2.22044604925E-16,1.));
#1949 = PLANE('',#1950);
#1950 = AXIS2_PLACEMENT_3D('',#1951,#1952,#1953);
#1951 = CARTESIAN_POINT('',(-1.5,-1.4,0.5));
#1952 = DIRECTION('',(-1.,0.,0.));
#1953 = DIRECTION('',(0.,2.22044604925E-16,1.));
#1954 = ADVANCED_FACE('',(#1955),#1973,.F.);
#1955 = FACE_BOUND('',#1956,.F.);
#1956 = EDGE_LOOP('',(#1957,#1965,#1966,#1967));
#1957 = ORIENTED_EDGE('',*,*,#1958,.T.);
#1958 = EDGE_CURVE('',#1959,#710,#1961,.T.);
#1959 = VERTEX_POINT('',#1960);
#1960 = CARTESIAN_POINT('',(-1.,-1.4,0.5));
#1961 = LINE('',#1962,#1963);
#1962 = CARTESIAN_POINT('',(-1.,-1.4,0.5));
#1963 = VECTOR('',#1964,1.);
#1964 = DIRECTION('',(0.,-1.,2.22044604925E-16));
#1965 = ORIENTED_EDGE('',*,*,#718,.T.);
#1966 = ORIENTED_EDGE('',*,*,#1934,.F.);
#1967 = ORIENTED_EDGE('',*,*,#1968,.F.);
#1968 = EDGE_CURVE('',#1959,#1935,#1969,.T.);
#1969 = LINE('',#1970,#1971);
#1970 = CARTESIAN_POINT('',(-1.,-1.4,0.5));
#1971 = VECTOR('',#1972,1.);
#1972 = DIRECTION('',(-1.,0.,0.));
#1973 = PLANE('',#1974);
#1974 = AXIS2_PLACEMENT_3D('',#1975,#1976,#1977);
#1975 = CARTESIAN_POINT('',(-1.,-1.4,0.5));
#1976 = DIRECTION('',(0.,-2.22044604925E-16,-1.));
#1977 = DIRECTION('',(-1.,-0.,0.));
#1978 = ADVANCED_FACE('',(#1979),#1998,.T.);
#1979 = FACE_BOUND('',#1980,.T.);
#1980 = EDGE_LOOP('',(#1981,#1990,#1991,#1992));
#1981 = ORIENTED_EDGE('',*,*,#1982,.T.);
#1982 = EDGE_CURVE('',#1983,#1959,#1985,.T.);
#1983 = VERTEX_POINT('',#1984);
#1984 = CARTESIAN_POINT('',(1.,-1.4,0.5));
#1985 = CIRCLE('',#1986,1.133333333333);
#1986 = AXIS2_PLACEMENT_3D('',#1987,#1988,#1989);
#1987 = CARTESIAN_POINT('',(-5.551115123126E-17,-1.4,-3.333333333333E-02
    ));
#1988 = DIRECTION('',(1.232595164408E-32,-1.,2.22044604925E-16));
#1989 = DIRECTION('',(0.882352941176,1.044915787883E-16,0.470588235294)
  );
#1990 = ORIENTED_EDGE('',*,*,#1958,.T.);
#1991 = ORIENTED_EDGE('',*,*,#709,.F.);
#1992 = ORIENTED_EDGE('',*,*,#1993,.F.);
#1993 = EDGE_CURVE('',#1983,#702,#1994,.T.);
#1994 = LINE('',#1995,#1996);
#1995 = CARTESIAN_POINT('',(1.,-1.4,0.5));
#1996 = VECTOR('',#1997,1.);
#1997 = DIRECTION('',(0.,-1.,2.22044604925E-16));
#1998 = CYLINDRICAL_SURFACE('',#1999,1.133333333333);
#1999 = AXIS2_PLACEMENT_3D('',#2000,#2001,#2002);
#2000 = CARTESIAN_POINT('',(-5.551115123126E-17,-1.4,-3.333333333333E-02
    ));
#2001 = DIRECTION('',(-0.,1.,-2.22044604925E-16));
#2002 = DIRECTION('',(0.882352941176,1.044915787883E-16,0.470588235294)
  );
#2003 = ADVANCED_FACE('',(#2004),#2022,.F.);
#2004 = FACE_BOUND('',#2005,.F.);
#2005 = EDGE_LOOP('',(#2006,#2014,#2015,#2016));
#2006 = ORIENTED_EDGE('',*,*,#2007,.T.);
#2007 = EDGE_CURVE('',#2008,#694,#2010,.T.);
#2008 = VERTEX_POINT('',#2009);
#2009 = CARTESIAN_POINT('',(1.5,-1.4,0.5));
#2010 = LINE('',#2011,#2012);
#2011 = CARTESIAN_POINT('',(1.5,-1.4,0.5));
#2012 = VECTOR('',#2013,1.);
#2013 = DIRECTION('',(0.,-1.,2.22044604925E-16));
#2014 = ORIENTED_EDGE('',*,*,#701,.T.);
#2015 = ORIENTED_EDGE('',*,*,#1993,.F.);
#2016 = ORIENTED_EDGE('',*,*,#2017,.F.);
#2017 = EDGE_CURVE('',#2008,#1983,#2018,.T.);
#2018 = LINE('',#2019,#2020);
#2019 = CARTESIAN_POINT('',(1.5,-1.4,0.5));
#2020 = VECTOR('',#2021,1.);
#2021 = DIRECTION('',(-1.,0.,0.));
#2022 = PLANE('',#2023);
#2023 = AXIS2_PLACEMENT_3D('',#2024,#2025,#2026);
#2024 = CARTESIAN_POINT('',(1.5,-1.4,0.5));
#2025 = DIRECTION('',(0.,-2.22044604925E-16,-1.));
#2026 = DIRECTION('',(-1.,-0.,0.));
#2027 = ADVANCED_FACE('',(#2028),#2046,.F.);
#2028 = FACE_BOUND('',#2029,.F.);
#2029 = EDGE_LOOP('',(#2030,#2038,#2039,#2040));
#2030 = ORIENTED_EDGE('',*,*,#2031,.T.);
#2031 = EDGE_CURVE('',#2032,#686,#2034,.T.);
#2032 = VERTEX_POINT('',#2033);
#2033 = CARTESIAN_POINT('',(1.5,-1.4,4.8));
#2034 = LINE('',#2035,#2036);
#2035 = CARTESIAN_POINT('',(1.5,-1.4,4.8));
#2036 = VECTOR('',#2037,1.);
#2037 = DIRECTION('',(0.,-1.,2.22044604925E-16));
#2038 = ORIENTED_EDGE('',*,*,#693,.T.);
#2039 = ORIENTED_EDGE('',*,*,#2007,.F.);
#2040 = ORIENTED_EDGE('',*,*,#2041,.F.);
#2041 = EDGE_CURVE('',#2032,#2008,#2042,.T.);
#2042 = LINE('',#2043,#2044);
#2043 = CARTESIAN_POINT('',(1.5,-1.4,4.8));
#2044 = VECTOR('',#2045,1.);
#2045 = DIRECTION('',(0.,-2.22044604925E-16,-1.));
#2046 = PLANE('',#2047);
#2047 = AXIS2_PLACEMENT_3D('',#2048,#2049,#2050);
#2048 = CARTESIAN_POINT('',(1.5,-1.4,4.8));
#2049 = DIRECTION('',(1.,0.,0.));
#2050 = DIRECTION('',(0.,-2.22044604925E-16,-1.));
#2051 = ADVANCED_FACE('',(#2052),#2070,.F.);
#2052 = FACE_BOUND('',#2053,.F.);
#2053 = EDGE_LOOP('',(#2054,#2062,#2063,#2064));
#2054 = ORIENTED_EDGE('',*,*,#2055,.T.);
#2055 = EDGE_CURVE('',#2056,#678,#2058,.T.);
#2056 = VERTEX_POINT('',#2057);
#2057 = CARTESIAN_POINT('',(0.75,-1.4,4.8));
#2058 = LINE('',#2059,#2060);
#2059 = CARTESIAN_POINT('',(0.75,-1.4,4.8));
#2060 = VECTOR('',#2061,1.);
#2061 = DIRECTION('',(0.,-1.,2.22044604925E-16));
#2062 = ORIENTED_EDGE('',*,*,#685,.T.);
#2063 = ORIENTED_EDGE('',*,*,#2031,.F.);
#2064 = ORIENTED_EDGE('',*,*,#2065,.F.);
#2065 = EDGE_CURVE('',#2056,#2032,#2066,.T.);
#2066 = LINE('',#2067,#2068);
#2067 = CARTESIAN_POINT('',(0.75,-1.4,4.8));
#2068 = VECTOR('',#2069,1.);
#2069 = DIRECTION('',(1.,0.,0.));
#2070 = PLANE('',#2071);
#2071 = AXIS2_PLACEMENT_3D('',#2072,#2073,#2074);
#2072 = CARTESIAN_POINT('',(0.75,-1.4,4.8));
#2073 = DIRECTION('',(0.,2.22044604925E-16,1.));
#2074 = DIRECTION('',(1.,0.,-0.));
#2075 = ADVANCED_FACE('',(#2076),#2094,.F.);
#2076 = FACE_BOUND('',#2077,.F.);
#2077 = EDGE_LOOP('',(#2078,#2086,#2087,#2088));
#2078 = ORIENTED_EDGE('',*,*,#2079,.T.);
#2079 = EDGE_CURVE('',#2080,#670,#2082,.T.);
#2080 = VERTEX_POINT('',#2081);
#2081 = CARTESIAN_POINT('',(0.75,-1.4,5.7));
#2082 = LINE('',#2083,#2084);
#2083 = CARTESIAN_POINT('',(0.75,-1.4,5.7));
#2084 = VECTOR('',#2085,1.);
#2085 = DIRECTION('',(0.,-1.,2.22044604925E-16));
#2086 = ORIENTED_EDGE('',*,*,#677,.T.);
#2087 = ORIENTED_EDGE('',*,*,#2055,.F.);
#2088 = ORIENTED_EDGE('',*,*,#2089,.F.);
#2089 = EDGE_CURVE('',#2080,#2056,#2090,.T.);
#2090 = LINE('',#2091,#2092);
#2091 = CARTESIAN_POINT('',(0.75,-1.4,5.7));
#2092 = VECTOR('',#2093,1.);
#2093 = DIRECTION('',(0.,-2.22044604925E-16,-1.));
#2094 = PLANE('',#2095);
#2095 = AXIS2_PLACEMENT_3D('',#2096,#2097,#2098);
#2096 = CARTESIAN_POINT('',(0.75,-1.4,5.7));
#2097 = DIRECTION('',(1.,0.,0.));
#2098 = DIRECTION('',(0.,-2.22044604925E-16,-1.));
#2099 = ADVANCED_FACE('',(#2100),#2118,.F.);
#2100 = FACE_BOUND('',#2101,.F.);
#2101 = EDGE_LOOP('',(#2102,#2110,#2111,#2112));
#2102 = ORIENTED_EDGE('',*,*,#2103,.T.);
#2103 = EDGE_CURVE('',#2104,#662,#2106,.T.);
#2104 = VERTEX_POINT('',#2105);
#2105 = CARTESIAN_POINT('',(1.25,-1.4,5.7));
#2106 = LINE('',#2107,#2108);
#2107 = CARTESIAN_POINT('',(1.25,-1.4,5.7));
#2108 = VECTOR('',#2109,1.);
#2109 = DIRECTION('',(0.,-1.,2.22044604925E-16));
#2110 = ORIENTED_EDGE('',*,*,#669,.T.);
#2111 = ORIENTED_EDGE('',*,*,#2079,.F.);
#2112 = ORIENTED_EDGE('',*,*,#2113,.F.);
#2113 = EDGE_CURVE('',#2104,#2080,#2114,.T.);
#2114 = LINE('',#2115,#2116);
#2115 = CARTESIAN_POINT('',(1.25,-1.4,5.7));
#2116 = VECTOR('',#2117,1.);
#2117 = DIRECTION('',(-1.,0.,0.));
#2118 = PLANE('',#2119);
#2119 = AXIS2_PLACEMENT_3D('',#2120,#2121,#2122);
#2120 = CARTESIAN_POINT('',(1.25,-1.4,5.7));
#2121 = DIRECTION('',(0.,-2.22044604925E-16,-1.));
#2122 = DIRECTION('',(-1.,-0.,0.));
#2123 = ADVANCED_FACE('',(#2124),#2142,.F.);
#2124 = FACE_BOUND('',#2125,.F.);
#2125 = EDGE_LOOP('',(#2126,#2134,#2135,#2136));
#2126 = ORIENTED_EDGE('',*,*,#2127,.T.);
#2127 = EDGE_CURVE('',#2128,#654,#2130,.T.);
#2128 = VERTEX_POINT('',#2129);
#2129 = CARTESIAN_POINT('',(1.5,-1.4,6.5));
#2130 = LINE('',#2131,#2132);
#2131 = CARTESIAN_POINT('',(1.5,-1.4,6.5));
#2132 = VECTOR('',#2133,1.);
#2133 = DIRECTION('',(0.,-1.,2.22044604925E-16));
#2134 = ORIENTED_EDGE('',*,*,#661,.T.);
#2135 = ORIENTED_EDGE('',*,*,#2103,.F.);
#2136 = ORIENTED_EDGE('',*,*,#2137,.F.);
#2137 = EDGE_CURVE('',#2128,#2104,#2138,.T.);
#2138 = LINE('',#2139,#2140);
#2139 = CARTESIAN_POINT('',(1.5,-1.4,6.5));
#2140 = VECTOR('',#2141,1.);
#2141 = DIRECTION('',(-0.298274993136,-2.119371296316E-16,
    -0.954479978035));
#2142 = PLANE('',#2143);
#2143 = AXIS2_PLACEMENT_3D('',#2144,#2145,#2146);
#2144 = CARTESIAN_POINT('',(1.5,-1.4,6.5));
#2145 = DIRECTION('',(0.954479978035,-6.623035300989E-17,-0.298274993136
    ));
#2146 = DIRECTION('',(-0.298274993136,-2.119371296316E-16,
    -0.954479978035));
#2147 = ADVANCED_FACE('',(#2148),#2159,.F.);
#2148 = FACE_BOUND('',#2149,.F.);
#2149 = EDGE_LOOP('',(#2150,#2151,#2152,#2153));
#2150 = ORIENTED_EDGE('',*,*,#1840,.T.);
#2151 = ORIENTED_EDGE('',*,*,#653,.T.);
#2152 = ORIENTED_EDGE('',*,*,#2127,.F.);
#2153 = ORIENTED_EDGE('',*,*,#2154,.F.);
#2154 = EDGE_CURVE('',#1841,#2128,#2155,.T.);
#2155 = LINE('',#2156,#2157);
#2156 = CARTESIAN_POINT('',(-1.5,-1.4,6.5));
#2157 = VECTOR('',#2158,1.);
#2158 = DIRECTION('',(1.,0.,0.));
#2159 = PLANE('',#2160);
#2160 = AXIS2_PLACEMENT_3D('',#2161,#2162,#2163);
#2161 = CARTESIAN_POINT('',(-1.5,-1.4,6.5));
#2162 = DIRECTION('',(0.,2.22044604925E-16,1.));
#2163 = DIRECTION('',(1.,0.,-0.));
#2164 = ADVANCED_FACE('',(#2165),#2190,.T.);
#2165 = FACE_BOUND('',#2166,.T.);
#2166 = EDGE_LOOP('',(#2167,#2177,#2183,#2184));
#2167 = ORIENTED_EDGE('',*,*,#2168,.T.);
#2168 = EDGE_CURVE('',#2169,#2171,#2173,.T.);
#2169 = VERTEX_POINT('',#2170);
#2170 = CARTESIAN_POINT('',(-0.225,0.225,-3.4));
#2171 = VERTEX_POINT('',#2172);
#2172 = CARTESIAN_POINT('',(-0.225,-0.225,-3.4));
#2173 = LINE('',#2174,#2175);
#2174 = CARTESIAN_POINT('',(-0.225,0.425,-3.4));
#2175 = VECTOR('',#2176,1.);
#2176 = DIRECTION('',(0.,-1.,0.));
#2177 = ORIENTED_EDGE('',*,*,#2178,.T.);
#2178 = EDGE_CURVE('',#2171,#872,#2179,.T.);
#2179 = LINE('',#2180,#2181);
#2180 = CARTESIAN_POINT('',(-0.286363636364,-0.286363636364,
    -3.215909090909));
#2181 = VECTOR('',#2182,1.);
#2182 = DIRECTION('',(-0.301511344578,-0.301511344578,0.904534033733));
#2183 = ORIENTED_EDGE('',*,*,#869,.F.);
#2184 = ORIENTED_EDGE('',*,*,#2185,.F.);
#2185 = EDGE_CURVE('',#2169,#870,#2186,.T.);
#2186 = LINE('',#2187,#2188);
#2187 = CARTESIAN_POINT('',(-0.325,0.325,-3.1));
#2188 = VECTOR('',#2189,1.);
#2189 = DIRECTION('',(-0.301511344578,0.301511344578,0.904534033733));
#2190 = PLANE('',#2191);
#2191 = AXIS2_PLACEMENT_3D('',#2192,#2193,#2194);
#2192 = CARTESIAN_POINT('',(-0.325,0.425,-3.1));
#2193 = DIRECTION('',(-0.948683298051,-3.476378920805E-18,
    -0.316227766017));
#2194 = DIRECTION('',(3.297982619863E-18,-1.,1.099327539955E-18));
#2195 = ADVANCED_FACE('',(#2196),#2214,.T.);
#2196 = FACE_BOUND('',#2197,.T.);
#2197 = EDGE_LOOP('',(#2198,#2199,#2207,#2213));
#2198 = ORIENTED_EDGE('',*,*,#2178,.F.);
#2199 = ORIENTED_EDGE('',*,*,#2200,.T.);
#2200 = EDGE_CURVE('',#2171,#2201,#2203,.T.);
#2201 = VERTEX_POINT('',#2202);
#2202 = CARTESIAN_POINT('',(0.225,-0.225,-3.4));
#2203 = LINE('',#2204,#2205);
#2204 = CARTESIAN_POINT('',(-0.225,-0.225,-3.4));
#2205 = VECTOR('',#2206,1.);
#2206 = DIRECTION('',(1.,0.,0.));
#2207 = ORIENTED_EDGE('',*,*,#2208,.T.);
#2208 = EDGE_CURVE('',#2201,#902,#2209,.T.);
#2209 = LINE('',#2210,#2211);
#2210 = CARTESIAN_POINT('',(0.265909090909,-0.265909090909,
    -3.277272727273));
#2211 = VECTOR('',#2212,1.);
#2212 = DIRECTION('',(0.301511344578,-0.301511344578,0.904534033733));
#2213 = ORIENTED_EDGE('',*,*,#901,.F.);
#2214 = PLANE('',#2215);
#2215 = AXIS2_PLACEMENT_3D('',#2216,#2217,#2218);
#2216 = CARTESIAN_POINT('',(-0.225,-0.325,-3.1));
#2217 = DIRECTION('',(3.476378920805E-18,-0.948683298051,-0.316227766017
    ));
#2218 = DIRECTION('',(1.,3.297982619863E-18,1.099327539955E-18));
#2219 = ADVANCED_FACE('',(#2220),#2238,.F.);
#2220 = FACE_BOUND('',#2221,.T.);
#2221 = EDGE_LOOP('',(#2222,#2230,#2236,#2237));
#2222 = ORIENTED_EDGE('',*,*,#2223,.F.);
#2223 = EDGE_CURVE('',#2224,#2201,#2226,.T.);
#2224 = VERTEX_POINT('',#2225);
#2225 = CARTESIAN_POINT('',(0.225,0.225,-3.4));
#2226 = LINE('',#2227,#2228);
#2227 = CARTESIAN_POINT('',(0.225,0.425,-3.4));
#2228 = VECTOR('',#2229,1.);
#2229 = DIRECTION('',(0.,-1.,0.));
#2230 = ORIENTED_EDGE('',*,*,#2231,.T.);
#2231 = EDGE_CURVE('',#2224,#925,#2232,.T.);
#2232 = LINE('',#2233,#2234);
#2233 = CARTESIAN_POINT('',(0.304545454545,0.304545454545,
    -3.161363636364));
#2234 = VECTOR('',#2235,1.);
#2235 = DIRECTION('',(0.301511344578,0.301511344578,0.904534033733));
#2236 = ORIENTED_EDGE('',*,*,#924,.T.);
#2237 = ORIENTED_EDGE('',*,*,#2208,.F.);
#2238 = PLANE('',#2239);
#2239 = AXIS2_PLACEMENT_3D('',#2240,#2241,#2242);
#2240 = CARTESIAN_POINT('',(0.325,0.425,-3.1));
#2241 = DIRECTION('',(-0.948683298051,3.476378920805E-18,0.316227766017)
  );
#2242 = DIRECTION('',(3.297982619863E-18,1.,-1.099327539955E-18));
#2243 = ADVANCED_FACE('',(#2244),#2255,.T.);
#2244 = FACE_BOUND('',#2245,.F.);
#2245 = EDGE_LOOP('',(#2246,#2247,#2253,#2254));
#2246 = ORIENTED_EDGE('',*,*,#2185,.F.);
#2247 = ORIENTED_EDGE('',*,*,#2248,.T.);
#2248 = EDGE_CURVE('',#2169,#2224,#2249,.T.);
#2249 = LINE('',#2250,#2251);
#2250 = CARTESIAN_POINT('',(-0.225,0.225,-3.4));
#2251 = VECTOR('',#2252,1.);
#2252 = DIRECTION('',(1.,0.,0.));
#2253 = ORIENTED_EDGE('',*,*,#2231,.T.);
#2254 = ORIENTED_EDGE('',*,*,#948,.F.);
#2255 = PLANE('',#2256);
#2256 = AXIS2_PLACEMENT_3D('',#2257,#2258,#2259);
#2257 = CARTESIAN_POINT('',(-0.225,0.325,-3.1));
#2258 = DIRECTION('',(-3.476378920805E-18,0.948683298051,-0.316227766017
    ));
#2259 = DIRECTION('',(-1.,-3.297982619863E-18,1.099327539955E-18));
#2260 = ADVANCED_FACE('',(#2261),#2286,.T.);
#2261 = FACE_BOUND('',#2262,.F.);
#2262 = EDGE_LOOP('',(#2263,#2271,#2279,#2285));
#2263 = ORIENTED_EDGE('',*,*,#2264,.F.);
#2264 = EDGE_CURVE('',#2265,#966,#2267,.T.);
#2265 = VERTEX_POINT('',#2266);
#2266 = CARTESIAN_POINT('',(3.275,0.225,-3.4));
#2267 = LINE('',#2268,#2269);
#2268 = CARTESIAN_POINT('',(3.175,0.325,-3.1));
#2269 = VECTOR('',#2270,1.);
#2270 = DIRECTION('',(-0.301511344578,0.301511344578,0.904534033733));
#2271 = ORIENTED_EDGE('',*,*,#2272,.T.);
#2272 = EDGE_CURVE('',#2265,#2273,#2275,.T.);
#2273 = VERTEX_POINT('',#2274);
#2274 = CARTESIAN_POINT('',(3.725,0.225,-3.4));
#2275 = LINE('',#2276,#2277);
#2276 = CARTESIAN_POINT('',(3.275,0.225,-3.4));
#2277 = VECTOR('',#2278,1.);
#2278 = DIRECTION('',(1.,0.,0.));
#2279 = ORIENTED_EDGE('',*,*,#2280,.T.);
#2280 = EDGE_CURVE('',#2273,#968,#2281,.T.);
#2281 = LINE('',#2282,#2283);
#2282 = CARTESIAN_POINT('',(3.804545454545,0.304545454545,
    -3.161363636364));
#2283 = VECTOR('',#2284,1.);
#2284 = DIRECTION('',(0.301511344578,0.301511344578,0.904534033733));
#2285 = ORIENTED_EDGE('',*,*,#965,.F.);
#2286 = PLANE('',#2287);
#2287 = AXIS2_PLACEMENT_3D('',#2288,#2289,#2290);
#2288 = CARTESIAN_POINT('',(3.275,0.325,-3.1));
#2289 = DIRECTION('',(-3.476378920805E-18,0.948683298051,-0.316227766017
    ));
#2290 = DIRECTION('',(-1.,-3.297982619863E-18,1.099327539955E-18));
#2291 = ADVANCED_FACE('',(#2292),#2310,.T.);
#2292 = FACE_BOUND('',#2293,.T.);
#2293 = EDGE_LOOP('',(#2294,#2302,#2308,#2309));
#2294 = ORIENTED_EDGE('',*,*,#2295,.T.);
#2295 = EDGE_CURVE('',#2265,#2296,#2298,.T.);
#2296 = VERTEX_POINT('',#2297);
#2297 = CARTESIAN_POINT('',(3.275,-0.225,-3.4));
#2298 = LINE('',#2299,#2300);
#2299 = CARTESIAN_POINT('',(3.275,0.425,-3.4));
#2300 = VECTOR('',#2301,1.);
#2301 = DIRECTION('',(0.,-1.,0.));
#2302 = ORIENTED_EDGE('',*,*,#2303,.T.);
#2303 = EDGE_CURVE('',#2296,#997,#2304,.T.);
#2304 = LINE('',#2305,#2306);
#2305 = CARTESIAN_POINT('',(3.213636363636,-0.286363636364,
    -3.215909090909));
#2306 = VECTOR('',#2307,1.);
#2307 = DIRECTION('',(-0.301511344578,-0.301511344578,0.904534033733));
#2308 = ORIENTED_EDGE('',*,*,#996,.F.);
#2309 = ORIENTED_EDGE('',*,*,#2264,.F.);
#2310 = PLANE('',#2311);
#2311 = AXIS2_PLACEMENT_3D('',#2312,#2313,#2314);
#2312 = CARTESIAN_POINT('',(3.175,0.425,-3.1));
#2313 = DIRECTION('',(-0.948683298051,-3.476378920805E-18,
    -0.316227766017));
#2314 = DIRECTION('',(3.297982619863E-18,-1.,1.099327539955E-18));
#2315 = ADVANCED_FACE('',(#2316),#2334,.T.);
#2316 = FACE_BOUND('',#2317,.T.);
#2317 = EDGE_LOOP('',(#2318,#2319,#2327,#2333));
#2318 = ORIENTED_EDGE('',*,*,#2303,.F.);
#2319 = ORIENTED_EDGE('',*,*,#2320,.T.);
#2320 = EDGE_CURVE('',#2296,#2321,#2323,.T.);
#2321 = VERTEX_POINT('',#2322);
#2322 = CARTESIAN_POINT('',(3.725,-0.225,-3.4));
#2323 = LINE('',#2324,#2325);
#2324 = CARTESIAN_POINT('',(3.275,-0.225,-3.4));
#2325 = VECTOR('',#2326,1.);
#2326 = DIRECTION('',(1.,0.,0.));
#2327 = ORIENTED_EDGE('',*,*,#2328,.T.);
#2328 = EDGE_CURVE('',#2321,#1022,#2329,.T.);
#2329 = LINE('',#2330,#2331);
#2330 = CARTESIAN_POINT('',(3.765909090909,-0.265909090909,
    -3.277272727273));
#2331 = VECTOR('',#2332,1.);
#2332 = DIRECTION('',(0.301511344578,-0.301511344578,0.904534033733));
#2333 = ORIENTED_EDGE('',*,*,#1021,.F.);
#2334 = PLANE('',#2335);
#2335 = AXIS2_PLACEMENT_3D('',#2336,#2337,#2338);
#2336 = CARTESIAN_POINT('',(3.275,-0.325,-3.1));
#2337 = DIRECTION('',(3.476378920805E-18,-0.948683298051,-0.316227766017
    ));
#2338 = DIRECTION('',(1.,3.297982619863E-18,1.099327539955E-18));
#2339 = ADVANCED_FACE('',(#2340),#2351,.F.);
#2340 = FACE_BOUND('',#2341,.T.);
#2341 = EDGE_LOOP('',(#2342,#2348,#2349,#2350));
#2342 = ORIENTED_EDGE('',*,*,#2343,.F.);
#2343 = EDGE_CURVE('',#2273,#2321,#2344,.T.);
#2344 = LINE('',#2345,#2346);
#2345 = CARTESIAN_POINT('',(3.725,0.425,-3.4));
#2346 = VECTOR('',#2347,1.);
#2347 = DIRECTION('',(0.,-1.,0.));
#2348 = ORIENTED_EDGE('',*,*,#2280,.T.);
#2349 = ORIENTED_EDGE('',*,*,#1044,.T.);
#2350 = ORIENTED_EDGE('',*,*,#2328,.F.);
#2351 = PLANE('',#2352);
#2352 = AXIS2_PLACEMENT_3D('',#2353,#2354,#2355);
#2353 = CARTESIAN_POINT('',(3.825,0.425,-3.1));
#2354 = DIRECTION('',(-0.948683298051,3.476378920805E-18,0.316227766017)
  );
#2355 = DIRECTION('',(3.297982619863E-18,1.,-1.099327539955E-18));
#2356 = ADVANCED_FACE('',(#2357),#2382,.T.);
#2357 = FACE_BOUND('',#2358,.T.);
#2358 = EDGE_LOOP('',(#2359,#2369,#2375,#2376));
#2359 = ORIENTED_EDGE('',*,*,#2360,.T.);
#2360 = EDGE_CURVE('',#2361,#2363,#2365,.T.);
#2361 = VERTEX_POINT('',#2362);
#2362 = CARTESIAN_POINT('',(6.775,0.225,-3.4));
#2363 = VERTEX_POINT('',#2364);
#2364 = CARTESIAN_POINT('',(6.775,-0.225,-3.4));
#2365 = LINE('',#2366,#2367);
#2366 = CARTESIAN_POINT('',(6.775,0.425,-3.4));
#2367 = VECTOR('',#2368,1.);
#2368 = DIRECTION('',(0.,-1.,0.));
#2369 = ORIENTED_EDGE('',*,*,#2370,.T.);
#2370 = EDGE_CURVE('',#2363,#1064,#2371,.T.);
#2371 = LINE('',#2372,#2373);
#2372 = CARTESIAN_POINT('',(6.713636363636,-0.286363636364,
    -3.215909090909));
#2373 = VECTOR('',#2374,1.);
#2374 = DIRECTION('',(-0.301511344578,-0.301511344578,0.904534033733));
#2375 = ORIENTED_EDGE('',*,*,#1061,.F.);
#2376 = ORIENTED_EDGE('',*,*,#2377,.F.);
#2377 = EDGE_CURVE('',#2361,#1062,#2378,.T.);
#2378 = LINE('',#2379,#2380);
#2379 = CARTESIAN_POINT('',(6.675,0.325,-3.1));
#2380 = VECTOR('',#2381,1.);
#2381 = DIRECTION('',(-0.301511344578,0.301511344578,0.904534033733));
#2382 = PLANE('',#2383);
#2383 = AXIS2_PLACEMENT_3D('',#2384,#2385,#2386);
#2384 = CARTESIAN_POINT('',(6.675,0.425,-3.1));
#2385 = DIRECTION('',(-0.948683298051,-3.476378920805E-18,
    -0.316227766017));
#2386 = DIRECTION('',(3.297982619863E-18,-1.,1.099327539955E-18));
#2387 = ADVANCED_FACE('',(#2388),#2406,.T.);
#2388 = FACE_BOUND('',#2389,.T.);
#2389 = EDGE_LOOP('',(#2390,#2391,#2399,#2405));
#2390 = ORIENTED_EDGE('',*,*,#2370,.F.);
#2391 = ORIENTED_EDGE('',*,*,#2392,.T.);
#2392 = EDGE_CURVE('',#2363,#2393,#2395,.T.);
#2393 = VERTEX_POINT('',#2394);
#2394 = CARTESIAN_POINT('',(7.225,-0.225,-3.4));
#2395 = LINE('',#2396,#2397);
#2396 = CARTESIAN_POINT('',(6.775,-0.225,-3.4));
#2397 = VECTOR('',#2398,1.);
#2398 = DIRECTION('',(1.,0.,0.));
#2399 = ORIENTED_EDGE('',*,*,#2400,.T.);
#2400 = EDGE_CURVE('',#2393,#1094,#2401,.T.);
#2401 = LINE('',#2402,#2403);
#2402 = CARTESIAN_POINT('',(7.265909090909,-0.265909090909,
    -3.277272727273));
#2403 = VECTOR('',#2404,1.);
#2404 = DIRECTION('',(0.301511344578,-0.301511344578,0.904534033733));
#2405 = ORIENTED_EDGE('',*,*,#1093,.F.);
#2406 = PLANE('',#2407);
#2407 = AXIS2_PLACEMENT_3D('',#2408,#2409,#2410);
#2408 = CARTESIAN_POINT('',(6.775,-0.325,-3.1));
#2409 = DIRECTION('',(3.476378920805E-18,-0.948683298051,-0.316227766017
    ));
#2410 = DIRECTION('',(1.,3.297982619863E-18,1.099327539955E-18));
#2411 = ADVANCED_FACE('',(#2412),#2430,.F.);
#2412 = FACE_BOUND('',#2413,.T.);
#2413 = EDGE_LOOP('',(#2414,#2422,#2428,#2429));
#2414 = ORIENTED_EDGE('',*,*,#2415,.F.);
#2415 = EDGE_CURVE('',#2416,#2393,#2418,.T.);
#2416 = VERTEX_POINT('',#2417);
#2417 = CARTESIAN_POINT('',(7.225,0.225,-3.4));
#2418 = LINE('',#2419,#2420);
#2419 = CARTESIAN_POINT('',(7.225,0.425,-3.4));
#2420 = VECTOR('',#2421,1.);
#2421 = DIRECTION('',(0.,-1.,0.));
#2422 = ORIENTED_EDGE('',*,*,#2423,.T.);
#2423 = EDGE_CURVE('',#2416,#1117,#2424,.T.);
#2424 = LINE('',#2425,#2426);
#2425 = CARTESIAN_POINT('',(7.304545454545,0.304545454545,
    -3.161363636364));
#2426 = VECTOR('',#2427,1.);
#2427 = DIRECTION('',(0.301511344578,0.301511344578,0.904534033733));
#2428 = ORIENTED_EDGE('',*,*,#1116,.T.);
#2429 = ORIENTED_EDGE('',*,*,#2400,.F.);
#2430 = PLANE('',#2431);
#2431 = AXIS2_PLACEMENT_3D('',#2432,#2433,#2434);
#2432 = CARTESIAN_POINT('',(7.325,0.425,-3.1));
#2433 = DIRECTION('',(-0.948683298051,3.476378920805E-18,0.316227766017)
  );
#2434 = DIRECTION('',(3.297982619863E-18,1.,-1.099327539955E-18));
#2435 = ADVANCED_FACE('',(#2436),#2447,.T.);
#2436 = FACE_BOUND('',#2437,.F.);
#2437 = EDGE_LOOP('',(#2438,#2439,#2445,#2446));
#2438 = ORIENTED_EDGE('',*,*,#2377,.F.);
#2439 = ORIENTED_EDGE('',*,*,#2440,.T.);
#2440 = EDGE_CURVE('',#2361,#2416,#2441,.T.);
#2441 = LINE('',#2442,#2443);
#2442 = CARTESIAN_POINT('',(6.775,0.225,-3.4));
#2443 = VECTOR('',#2444,1.);
#2444 = DIRECTION('',(1.,0.,0.));
#2445 = ORIENTED_EDGE('',*,*,#2423,.T.);
#2446 = ORIENTED_EDGE('',*,*,#1140,.F.);
#2447 = PLANE('',#2448);
#2448 = AXIS2_PLACEMENT_3D('',#2449,#2450,#2451);
#2449 = CARTESIAN_POINT('',(6.775,0.325,-3.1));
#2450 = DIRECTION('',(-3.476378920805E-18,0.948683298051,-0.316227766017
    ));
#2451 = DIRECTION('',(-1.,-3.297982619863E-18,1.099327539955E-18));
#2452 = ADVANCED_FACE('',(#2453,#2469),#2503,.F.);
#2453 = FACE_BOUND('',#2454,.F.);
#2454 = EDGE_LOOP('',(#2455,#2456,#2457,#2458,#2459,#2460,#2461,#2462,
    #2463,#2464,#2465,#2466,#2467,#2468));
#2455 = ORIENTED_EDGE('',*,*,#1246,.T.);
#2456 = ORIENTED_EDGE('',*,*,#1222,.T.);
#2457 = ORIENTED_EDGE('',*,*,#1198,.T.);
#2458 = ORIENTED_EDGE('',*,*,#1174,.T.);
#2459 = ORIENTED_EDGE('',*,*,#1480,.T.);
#2460 = ORIENTED_EDGE('',*,*,#1463,.T.);
#2461 = ORIENTED_EDGE('',*,*,#1439,.T.);
#2462 = ORIENTED_EDGE('',*,*,#1415,.T.);
#2463 = ORIENTED_EDGE('',*,*,#1391,.T.);
#2464 = ORIENTED_EDGE('',*,*,#1367,.T.);
#2465 = ORIENTED_EDGE('',*,*,#1343,.T.);
#2466 = ORIENTED_EDGE('',*,*,#1319,.T.);
#2467 = ORIENTED_EDGE('',*,*,#1284,.T.);
#2468 = ORIENTED_EDGE('',*,*,#1270,.T.);
#2469 = FACE_BOUND('',#2470,.F.);
#2470 = EDGE_LOOP('',(#2471,#2481,#2489,#2497));
#2471 = ORIENTED_EDGE('',*,*,#2472,.F.);
#2472 = EDGE_CURVE('',#2473,#2475,#2477,.T.);
#2473 = VERTEX_POINT('',#2474);
#2474 = CARTESIAN_POINT('',(3.925,-1.4,2.575));
#2475 = VERTEX_POINT('',#2476);
#2476 = CARTESIAN_POINT('',(3.075,-1.4,2.575));
#2477 = LINE('',#2478,#2479);
#2478 = CARTESIAN_POINT('',(3.2875,-1.4,2.575));
#2479 = VECTOR('',#2480,1.);
#2480 = DIRECTION('',(-1.,-0.,-0.));
#2481 = ORIENTED_EDGE('',*,*,#2482,.T.);
#2482 = EDGE_CURVE('',#2473,#2483,#2485,.T.);
#2483 = VERTEX_POINT('',#2484);
#2484 = CARTESIAN_POINT('',(3.925,-1.4,3.425));
#2485 = LINE('',#2486,#2487);
#2486 = CARTESIAN_POINT('',(3.925,-1.4,2.498883585473));
#2487 = VECTOR('',#2488,1.);
#2488 = DIRECTION('',(0.,2.22044604925E-16,1.));
#2489 = ORIENTED_EDGE('',*,*,#2490,.F.);
#2490 = EDGE_CURVE('',#2491,#2483,#2493,.T.);
#2491 = VERTEX_POINT('',#2492);
#2492 = CARTESIAN_POINT('',(3.075,-1.4,3.425));
#2493 = LINE('',#2494,#2495);
#2494 = CARTESIAN_POINT('',(3.2875,-1.4,3.425));
#2495 = VECTOR('',#2496,1.);
#2496 = DIRECTION('',(1.,0.,0.));
#2497 = ORIENTED_EDGE('',*,*,#2498,.F.);
#2498 = EDGE_CURVE('',#2475,#2491,#2499,.T.);
#2499 = LINE('',#2500,#2501);
#2500 = CARTESIAN_POINT('',(3.075,-1.4,2.498883585473));
#2501 = VECTOR('',#2502,1.);
#2502 = DIRECTION('',(0.,2.22044604925E-16,1.));
#2503 = PLANE('',#2504);
#2504 = AXIS2_PLACEMENT_3D('',#2505,#2506,#2507);
#2505 = CARTESIAN_POINT('',(3.5,-1.4,3.69068173833));
#2506 = DIRECTION('',(-0.,1.,-2.22044604925E-16));
#2507 = DIRECTION('',(-1.,0.,0.));
#2508 = ADVANCED_FACE('',(#2509,#2525),#2559,.F.);
#2509 = FACE_BOUND('',#2510,.F.);
#2510 = EDGE_LOOP('',(#2511,#2512,#2513,#2514,#2515,#2516,#2517,#2518,
    #2519,#2520,#2521,#2522,#2523,#2524));
#2511 = ORIENTED_EDGE('',*,*,#1583,.T.);
#2512 = ORIENTED_EDGE('',*,*,#1559,.T.);
#2513 = ORIENTED_EDGE('',*,*,#1535,.T.);
#2514 = ORIENTED_EDGE('',*,*,#1511,.T.);
#2515 = ORIENTED_EDGE('',*,*,#1817,.T.);
#2516 = ORIENTED_EDGE('',*,*,#1800,.T.);
#2517 = ORIENTED_EDGE('',*,*,#1776,.T.);
#2518 = ORIENTED_EDGE('',*,*,#1752,.T.);
#2519 = ORIENTED_EDGE('',*,*,#1728,.T.);
#2520 = ORIENTED_EDGE('',*,*,#1704,.T.);
#2521 = ORIENTED_EDGE('',*,*,#1680,.T.);
#2522 = ORIENTED_EDGE('',*,*,#1656,.T.);
#2523 = ORIENTED_EDGE('',*,*,#1621,.T.);
#2524 = ORIENTED_EDGE('',*,*,#1607,.T.);
#2525 = FACE_BOUND('',#2526,.F.);
#2526 = EDGE_LOOP('',(#2527,#2537,#2545,#2553));
#2527 = ORIENTED_EDGE('',*,*,#2528,.F.);
#2528 = EDGE_CURVE('',#2529,#2531,#2533,.T.);
#2529 = VERTEX_POINT('',#2530);
#2530 = CARTESIAN_POINT('',(6.575,-1.4,2.575));
#2531 = VERTEX_POINT('',#2532);
#2532 = CARTESIAN_POINT('',(6.575,-1.4,3.425));
#2533 = LINE('',#2534,#2535);
#2534 = CARTESIAN_POINT('',(6.575,-1.4,2.498883585473));
#2535 = VECTOR('',#2536,1.);
#2536 = DIRECTION('',(0.,2.22044604925E-16,1.));
#2537 = ORIENTED_EDGE('',*,*,#2538,.F.);
#2538 = EDGE_CURVE('',#2539,#2529,#2541,.T.);
#2539 = VERTEX_POINT('',#2540);
#2540 = CARTESIAN_POINT('',(7.425,-1.4,2.575));
#2541 = LINE('',#2542,#2543);
#2542 = CARTESIAN_POINT('',(6.7875,-1.4,2.575));
#2543 = VECTOR('',#2544,1.);
#2544 = DIRECTION('',(-1.,-0.,-0.));
#2545 = ORIENTED_EDGE('',*,*,#2546,.T.);
#2546 = EDGE_CURVE('',#2539,#2547,#2549,.T.);
#2547 = VERTEX_POINT('',#2548);
#2548 = CARTESIAN_POINT('',(7.425,-1.4,3.425));
#2549 = LINE('',#2550,#2551);
#2550 = CARTESIAN_POINT('',(7.425,-1.4,2.498883585473));
#2551 = VECTOR('',#2552,1.);
#2552 = DIRECTION('',(0.,2.22044604925E-16,1.));
#2553 = ORIENTED_EDGE('',*,*,#2554,.F.);
#2554 = EDGE_CURVE('',#2531,#2547,#2555,.T.);
#2555 = LINE('',#2556,#2557);
#2556 = CARTESIAN_POINT('',(6.7875,-1.4,3.425));
#2557 = VECTOR('',#2558,1.);
#2558 = DIRECTION('',(1.,0.,0.));
#2559 = PLANE('',#2560);
#2560 = AXIS2_PLACEMENT_3D('',#2561,#2562,#2563);
#2561 = CARTESIAN_POINT('',(7.,-1.4,3.69068173833));
#2562 = DIRECTION('',(-0.,1.,-2.22044604925E-16));
#2563 = DIRECTION('',(-1.,0.,0.));
#2564 = ADVANCED_FACE('',(#2565,#2581),#2615,.F.);
#2565 = FACE_BOUND('',#2566,.F.);
#2566 = EDGE_LOOP('',(#2567,#2568,#2569,#2570,#2571,#2572,#2573,#2574,
    #2575,#2576,#2577,#2578,#2579,#2580));
#2567 = ORIENTED_EDGE('',*,*,#1944,.T.);
#2568 = ORIENTED_EDGE('',*,*,#1920,.T.);
#2569 = ORIENTED_EDGE('',*,*,#1896,.T.);
#2570 = ORIENTED_EDGE('',*,*,#1872,.T.);
#2571 = ORIENTED_EDGE('',*,*,#1848,.T.);
#2572 = ORIENTED_EDGE('',*,*,#2154,.T.);
#2573 = ORIENTED_EDGE('',*,*,#2137,.T.);
#2574 = ORIENTED_EDGE('',*,*,#2113,.T.);
#2575 = ORIENTED_EDGE('',*,*,#2089,.T.);
#2576 = ORIENTED_EDGE('',*,*,#2065,.T.);
#2577 = ORIENTED_EDGE('',*,*,#2041,.T.);
#2578 = ORIENTED_EDGE('',*,*,#2017,.T.);
#2579 = ORIENTED_EDGE('',*,*,#1982,.T.);
#2580 = ORIENTED_EDGE('',*,*,#1968,.T.);
#2581 = FACE_BOUND('',#2582,.F.);
#2582 = EDGE_LOOP('',(#2583,#2593,#2601,#2609));
#2583 = ORIENTED_EDGE('',*,*,#2584,.F.);
#2584 = EDGE_CURVE('',#2585,#2587,#2589,.T.);
#2585 = VERTEX_POINT('',#2586);
#2586 = CARTESIAN_POINT('',(-0.425,-1.4,2.575));
#2587 = VERTEX_POINT('',#2588);
#2588 = CARTESIAN_POINT('',(-0.425,-1.4,3.425));
#2589 = LINE('',#2590,#2591);
#2590 = CARTESIAN_POINT('',(-0.425,-1.4,2.498883585473));
#2591 = VECTOR('',#2592,1.);
#2592 = DIRECTION('',(0.,2.22044604925E-16,1.));
#2593 = ORIENTED_EDGE('',*,*,#2594,.F.);
#2594 = EDGE_CURVE('',#2595,#2585,#2597,.T.);
#2595 = VERTEX_POINT('',#2596);
#2596 = CARTESIAN_POINT('',(0.425,-1.4,2.575));
#2597 = LINE('',#2598,#2599);
#2598 = CARTESIAN_POINT('',(-0.2125,-1.4,2.575));
#2599 = VECTOR('',#2600,1.);
#2600 = DIRECTION('',(-1.,-0.,-0.));
#2601 = ORIENTED_EDGE('',*,*,#2602,.T.);
#2602 = EDGE_CURVE('',#2595,#2603,#2605,.T.);
#2603 = VERTEX_POINT('',#2604);
#2604 = CARTESIAN_POINT('',(0.425,-1.4,3.425));
#2605 = LINE('',#2606,#2607);
#2606 = CARTESIAN_POINT('',(0.425,-1.4,2.498883585473));
#2607 = VECTOR('',#2608,1.);
#2608 = DIRECTION('',(0.,2.22044604925E-16,1.));
#2609 = ORIENTED_EDGE('',*,*,#2610,.F.);
#2610 = EDGE_CURVE('',#2587,#2603,#2611,.T.);
#2611 = LINE('',#2612,#2613);
#2612 = CARTESIAN_POINT('',(-0.2125,-1.4,3.425));
#2613 = VECTOR('',#2614,1.);
#2614 = DIRECTION('',(1.,0.,0.));
#2615 = PLANE('',#2616);
#2616 = AXIS2_PLACEMENT_3D('',#2617,#2618,#2619);
#2617 = CARTESIAN_POINT('',(1.588033059182E-17,-1.4,3.69068173833));
#2618 = DIRECTION('',(-0.,1.,-2.22044604925E-16));
#2619 = DIRECTION('',(-1.,0.,0.));
#2620 = ADVANCED_FACE('',(#2621),#2627,.T.);
#2621 = FACE_BOUND('',#2622,.T.);
#2622 = EDGE_LOOP('',(#2623,#2624,#2625,#2626));
#2623 = ORIENTED_EDGE('',*,*,#2168,.F.);
#2624 = ORIENTED_EDGE('',*,*,#2248,.T.);
#2625 = ORIENTED_EDGE('',*,*,#2223,.T.);
#2626 = ORIENTED_EDGE('',*,*,#2200,.F.);
#2627 = PLANE('',#2628);
#2628 = AXIS2_PLACEMENT_3D('',#2629,#2630,#2631);
#2629 = CARTESIAN_POINT('',(-0.425,0.425,-3.4));
#2630 = DIRECTION('',(0.,0.,-1.));
#2631 = DIRECTION('',(0.,-1.,0.));
#2632 = ADVANCED_FACE('',(#2633),#2639,.T.);
#2633 = FACE_BOUND('',#2634,.T.);
#2634 = EDGE_LOOP('',(#2635,#2636,#2637,#2638));
#2635 = ORIENTED_EDGE('',*,*,#2295,.F.);
#2636 = ORIENTED_EDGE('',*,*,#2272,.T.);
#2637 = ORIENTED_EDGE('',*,*,#2343,.T.);
#2638 = ORIENTED_EDGE('',*,*,#2320,.F.);
#2639 = PLANE('',#2640);
#2640 = AXIS2_PLACEMENT_3D('',#2641,#2642,#2643);
#2641 = CARTESIAN_POINT('',(3.075,0.425,-3.4));
#2642 = DIRECTION('',(0.,0.,-1.));
#2643 = DIRECTION('',(0.,-1.,0.));
#2644 = ADVANCED_FACE('',(#2645),#2651,.T.);
#2645 = FACE_BOUND('',#2646,.T.);
#2646 = EDGE_LOOP('',(#2647,#2648,#2649,#2650));
#2647 = ORIENTED_EDGE('',*,*,#2360,.F.);
#2648 = ORIENTED_EDGE('',*,*,#2440,.T.);
#2649 = ORIENTED_EDGE('',*,*,#2415,.T.);
#2650 = ORIENTED_EDGE('',*,*,#2392,.F.);
#2651 = PLANE('',#2652);
#2652 = AXIS2_PLACEMENT_3D('',#2653,#2654,#2655);
#2653 = CARTESIAN_POINT('',(6.575,0.425,-3.4));
#2654 = DIRECTION('',(0.,0.,-1.));
#2655 = DIRECTION('',(0.,-1.,0.));
#2656 = ADVANCED_FACE('',(#2657),#2682,.T.);
#2657 = FACE_BOUND('',#2658,.T.);
#2658 = EDGE_LOOP('',(#2659,#2669,#2675,#2676));
#2659 = ORIENTED_EDGE('',*,*,#2660,.F.);
#2660 = EDGE_CURVE('',#2661,#2663,#2665,.T.);
#2661 = VERTEX_POINT('',#2662);
#2662 = CARTESIAN_POINT('',(3.075,-6.,2.575));
#2663 = VERTEX_POINT('',#2664);
#2664 = CARTESIAN_POINT('',(3.925,-6.,2.575));
#2665 = LINE('',#2666,#2667);
#2666 = CARTESIAN_POINT('',(3.275,-6.,2.575));
#2667 = VECTOR('',#2668,1.);
#2668 = DIRECTION('',(1.,0.,0.));
#2669 = ORIENTED_EDGE('',*,*,#2670,.F.);
#2670 = EDGE_CURVE('',#2475,#2661,#2671,.T.);
#2671 = LINE('',#2672,#2673);
#2672 = CARTESIAN_POINT('',(3.075,-0.525,2.575));
#2673 = VECTOR('',#2674,1.);
#2674 = DIRECTION('',(0.,-1.,0.));
#2675 = ORIENTED_EDGE('',*,*,#2472,.F.);
#2676 = ORIENTED_EDGE('',*,*,#2677,.T.);
#2677 = EDGE_CURVE('',#2473,#2663,#2678,.T.);
#2678 = LINE('',#2679,#2680);
#2679 = CARTESIAN_POINT('',(3.925,-0.525,2.575));
#2680 = VECTOR('',#2681,1.);
#2681 = DIRECTION('',(0.,-1.,0.));
#2682 = PLANE('',#2683);
#2683 = AXIS2_PLACEMENT_3D('',#2684,#2685,#2686);
#2684 = CARTESIAN_POINT('',(3.075,-0.525,2.575));
#2685 = DIRECTION('',(0.,0.,-1.));
#2686 = DIRECTION('',(0.,-1.,0.));
#2687 = ADVANCED_FACE('',(#2688),#2706,.T.);
#2688 = FACE_BOUND('',#2689,.T.);
#2689 = EDGE_LOOP('',(#2690,#2691,#2692,#2700));
#2690 = ORIENTED_EDGE('',*,*,#2498,.F.);
#2691 = ORIENTED_EDGE('',*,*,#2670,.T.);
#2692 = ORIENTED_EDGE('',*,*,#2693,.T.);
#2693 = EDGE_CURVE('',#2661,#2694,#2696,.T.);
#2694 = VERTEX_POINT('',#2695);
#2695 = CARTESIAN_POINT('',(3.075,-6.,3.425));
#2696 = LINE('',#2697,#2698);
#2697 = CARTESIAN_POINT('',(3.075,-6.,2.575));
#2698 = VECTOR('',#2699,1.);
#2699 = DIRECTION('',(0.,0.,1.));
#2700 = ORIENTED_EDGE('',*,*,#2701,.T.);
#2701 = EDGE_CURVE('',#2694,#2491,#2702,.T.);
#2702 = LINE('',#2703,#2704);
#2703 = CARTESIAN_POINT('',(3.075,-6.6,3.425));
#2704 = VECTOR('',#2705,1.);
#2705 = DIRECTION('',(0.,1.,0.));
#2706 = PLANE('',#2707);
#2707 = AXIS2_PLACEMENT_3D('',#2708,#2709,#2710);
#2708 = CARTESIAN_POINT('',(3.075,-1.794638512893,1.307085432616));
#2709 = DIRECTION('',(-1.,-0.,-0.));
#2710 = DIRECTION('',(0.,0.,-1.));
#2711 = ADVANCED_FACE('',(#2712),#2730,.T.);
#2712 = FACE_BOUND('',#2713,.T.);
#2713 = EDGE_LOOP('',(#2714,#2715,#2723,#2729));
#2714 = ORIENTED_EDGE('',*,*,#2701,.F.);
#2715 = ORIENTED_EDGE('',*,*,#2716,.T.);
#2716 = EDGE_CURVE('',#2694,#2717,#2719,.T.);
#2717 = VERTEX_POINT('',#2718);
#2718 = CARTESIAN_POINT('',(3.925,-6.,3.425));
#2719 = LINE('',#2720,#2721);
#2720 = CARTESIAN_POINT('',(3.275,-6.,3.425));
#2721 = VECTOR('',#2722,1.);
#2722 = DIRECTION('',(1.,0.,0.));
#2723 = ORIENTED_EDGE('',*,*,#2724,.T.);
#2724 = EDGE_CURVE('',#2717,#2483,#2725,.T.);
#2725 = LINE('',#2726,#2727);
#2726 = CARTESIAN_POINT('',(3.925,-6.6,3.425));
#2727 = VECTOR('',#2728,1.);
#2728 = DIRECTION('',(0.,1.,0.));
#2729 = ORIENTED_EDGE('',*,*,#2490,.F.);
#2730 = PLANE('',#2731);
#2731 = AXIS2_PLACEMENT_3D('',#2732,#2733,#2734);
#2732 = CARTESIAN_POINT('',(3.075,-6.6,3.425));
#2733 = DIRECTION('',(0.,0.,1.));
#2734 = DIRECTION('',(0.,1.,0.));
#2735 = ADVANCED_FACE('',(#2736),#2747,.F.);
#2736 = FACE_BOUND('',#2737,.F.);
#2737 = EDGE_LOOP('',(#2738,#2739,#2740,#2746));
#2738 = ORIENTED_EDGE('',*,*,#2482,.F.);
#2739 = ORIENTED_EDGE('',*,*,#2677,.T.);
#2740 = ORIENTED_EDGE('',*,*,#2741,.T.);
#2741 = EDGE_CURVE('',#2663,#2717,#2742,.T.);
#2742 = LINE('',#2743,#2744);
#2743 = CARTESIAN_POINT('',(3.925,-6.,2.575));
#2744 = VECTOR('',#2745,1.);
#2745 = DIRECTION('',(0.,0.,1.));
#2746 = ORIENTED_EDGE('',*,*,#2724,.T.);
#2747 = PLANE('',#2748);
#2748 = AXIS2_PLACEMENT_3D('',#2749,#2750,#2751);
#2749 = CARTESIAN_POINT('',(3.925,-1.794638512893,1.307085432616));
#2750 = DIRECTION('',(-1.,-0.,-0.));
#2751 = DIRECTION('',(0.,0.,-1.));
#2752 = ADVANCED_FACE('',(#2753),#2778,.T.);
#2753 = FACE_BOUND('',#2754,.T.);
#2754 = EDGE_LOOP('',(#2755,#2756,#2764,#2772));
#2755 = ORIENTED_EDGE('',*,*,#2528,.F.);
#2756 = ORIENTED_EDGE('',*,*,#2757,.T.);
#2757 = EDGE_CURVE('',#2529,#2758,#2760,.T.);
#2758 = VERTEX_POINT('',#2759);
#2759 = CARTESIAN_POINT('',(6.575,-6.,2.575));
#2760 = LINE('',#2761,#2762);
#2761 = CARTESIAN_POINT('',(6.575,-0.525,2.575));
#2762 = VECTOR('',#2763,1.);
#2763 = DIRECTION('',(0.,-1.,0.));
#2764 = ORIENTED_EDGE('',*,*,#2765,.T.);
#2765 = EDGE_CURVE('',#2758,#2766,#2768,.T.);
#2766 = VERTEX_POINT('',#2767);
#2767 = CARTESIAN_POINT('',(6.575,-6.,3.425));
#2768 = LINE('',#2769,#2770);
#2769 = CARTESIAN_POINT('',(6.575,-6.,2.575));
#2770 = VECTOR('',#2771,1.);
#2771 = DIRECTION('',(0.,0.,1.));
#2772 = ORIENTED_EDGE('',*,*,#2773,.T.);
#2773 = EDGE_CURVE('',#2766,#2531,#2774,.T.);
#2774 = LINE('',#2775,#2776);
#2775 = CARTESIAN_POINT('',(6.575,-6.6,3.425));
#2776 = VECTOR('',#2777,1.);
#2777 = DIRECTION('',(0.,1.,0.));
#2778 = PLANE('',#2779);
#2779 = AXIS2_PLACEMENT_3D('',#2780,#2781,#2782);
#2780 = CARTESIAN_POINT('',(6.575,-1.794638512893,1.307085432616));
#2781 = DIRECTION('',(-1.,-0.,-0.));
#2782 = DIRECTION('',(0.,0.,-1.));
#2783 = ADVANCED_FACE('',(#2784),#2802,.T.);
#2784 = FACE_BOUND('',#2785,.T.);
#2785 = EDGE_LOOP('',(#2786,#2787,#2795,#2801));
#2786 = ORIENTED_EDGE('',*,*,#2773,.F.);
#2787 = ORIENTED_EDGE('',*,*,#2788,.T.);
#2788 = EDGE_CURVE('',#2766,#2789,#2791,.T.);
#2789 = VERTEX_POINT('',#2790);
#2790 = CARTESIAN_POINT('',(7.425,-6.,3.425));
#2791 = LINE('',#2792,#2793);
#2792 = CARTESIAN_POINT('',(6.775,-6.,3.425));
#2793 = VECTOR('',#2794,1.);
#2794 = DIRECTION('',(1.,0.,0.));
#2795 = ORIENTED_EDGE('',*,*,#2796,.T.);
#2796 = EDGE_CURVE('',#2789,#2547,#2797,.T.);
#2797 = LINE('',#2798,#2799);
#2798 = CARTESIAN_POINT('',(7.425,-6.6,3.425));
#2799 = VECTOR('',#2800,1.);
#2800 = DIRECTION('',(0.,1.,0.));
#2801 = ORIENTED_EDGE('',*,*,#2554,.F.);
#2802 = PLANE('',#2803);
#2803 = AXIS2_PLACEMENT_3D('',#2804,#2805,#2806);
#2804 = CARTESIAN_POINT('',(6.575,-6.6,3.425));
#2805 = DIRECTION('',(0.,0.,1.));
#2806 = DIRECTION('',(0.,1.,0.));
#2807 = ADVANCED_FACE('',(#2808),#2826,.F.);
#2808 = FACE_BOUND('',#2809,.F.);
#2809 = EDGE_LOOP('',(#2810,#2811,#2819,#2825));
#2810 = ORIENTED_EDGE('',*,*,#2546,.F.);
#2811 = ORIENTED_EDGE('',*,*,#2812,.T.);
#2812 = EDGE_CURVE('',#2539,#2813,#2815,.T.);
#2813 = VERTEX_POINT('',#2814);
#2814 = CARTESIAN_POINT('',(7.425,-6.,2.575));
#2815 = LINE('',#2816,#2817);
#2816 = CARTESIAN_POINT('',(7.425,-0.525,2.575));
#2817 = VECTOR('',#2818,1.);
#2818 = DIRECTION('',(0.,-1.,0.));
#2819 = ORIENTED_EDGE('',*,*,#2820,.T.);
#2820 = EDGE_CURVE('',#2813,#2789,#2821,.T.);
#2821 = LINE('',#2822,#2823);
#2822 = CARTESIAN_POINT('',(7.425,-6.,2.575));
#2823 = VECTOR('',#2824,1.);
#2824 = DIRECTION('',(0.,0.,1.));
#2825 = ORIENTED_EDGE('',*,*,#2796,.T.);
#2826 = PLANE('',#2827);
#2827 = AXIS2_PLACEMENT_3D('',#2828,#2829,#2830);
#2828 = CARTESIAN_POINT('',(7.425,-1.794638512893,1.307085432616));
#2829 = DIRECTION('',(-1.,-0.,-0.));
#2830 = DIRECTION('',(0.,0.,-1.));
#2831 = ADVANCED_FACE('',(#2832),#2843,.T.);
#2832 = FACE_BOUND('',#2833,.T.);
#2833 = EDGE_LOOP('',(#2834,#2840,#2841,#2842));
#2834 = ORIENTED_EDGE('',*,*,#2835,.F.);
#2835 = EDGE_CURVE('',#2758,#2813,#2836,.T.);
#2836 = LINE('',#2837,#2838);
#2837 = CARTESIAN_POINT('',(6.775,-6.,2.575));
#2838 = VECTOR('',#2839,1.);
#2839 = DIRECTION('',(1.,0.,0.));
#2840 = ORIENTED_EDGE('',*,*,#2757,.F.);
#2841 = ORIENTED_EDGE('',*,*,#2538,.F.);
#2842 = ORIENTED_EDGE('',*,*,#2812,.T.);
#2843 = PLANE('',#2844);
#2844 = AXIS2_PLACEMENT_3D('',#2845,#2846,#2847);
#2845 = CARTESIAN_POINT('',(6.575,-0.525,2.575));
#2846 = DIRECTION('',(0.,0.,-1.));
#2847 = DIRECTION('',(0.,-1.,0.));
#2848 = ADVANCED_FACE('',(#2849),#2874,.T.);
#2849 = FACE_BOUND('',#2850,.T.);
#2850 = EDGE_LOOP('',(#2851,#2852,#2860,#2868));
#2851 = ORIENTED_EDGE('',*,*,#2584,.F.);
#2852 = ORIENTED_EDGE('',*,*,#2853,.T.);
#2853 = EDGE_CURVE('',#2585,#2854,#2856,.T.);
#2854 = VERTEX_POINT('',#2855);
#2855 = CARTESIAN_POINT('',(-0.425,-6.,2.575));
#2856 = LINE('',#2857,#2858);
#2857 = CARTESIAN_POINT('',(-0.425,-0.525,2.575));
#2858 = VECTOR('',#2859,1.);
#2859 = DIRECTION('',(0.,-1.,0.));
#2860 = ORIENTED_EDGE('',*,*,#2861,.T.);
#2861 = EDGE_CURVE('',#2854,#2862,#2864,.T.);
#2862 = VERTEX_POINT('',#2863);
#2863 = CARTESIAN_POINT('',(-0.425,-6.,3.425));
#2864 = LINE('',#2865,#2866);
#2865 = CARTESIAN_POINT('',(-0.425,-6.,2.575));
#2866 = VECTOR('',#2867,1.);
#2867 = DIRECTION('',(0.,0.,1.));
#2868 = ORIENTED_EDGE('',*,*,#2869,.T.);
#2869 = EDGE_CURVE('',#2862,#2587,#2870,.T.);
#2870 = LINE('',#2871,#2872);
#2871 = CARTESIAN_POINT('',(-0.425,-6.6,3.425));
#2872 = VECTOR('',#2873,1.);
#2873 = DIRECTION('',(0.,1.,0.));
#2874 = PLANE('',#2875);
#2875 = AXIS2_PLACEMENT_3D('',#2876,#2877,#2878);
#2876 = CARTESIAN_POINT('',(-0.425,-1.794638512893,1.307085432616));
#2877 = DIRECTION('',(-1.,-0.,-0.));
#2878 = DIRECTION('',(0.,0.,-1.));
#2879 = ADVANCED_FACE('',(#2880),#2898,.T.);
#2880 = FACE_BOUND('',#2881,.T.);
#2881 = EDGE_LOOP('',(#2882,#2883,#2891,#2897));
#2882 = ORIENTED_EDGE('',*,*,#2869,.F.);
#2883 = ORIENTED_EDGE('',*,*,#2884,.T.);
#2884 = EDGE_CURVE('',#2862,#2885,#2887,.T.);
#2885 = VERTEX_POINT('',#2886);
#2886 = CARTESIAN_POINT('',(0.425,-6.,3.425));
#2887 = LINE('',#2888,#2889);
#2888 = CARTESIAN_POINT('',(-0.225,-6.,3.425));
#2889 = VECTOR('',#2890,1.);
#2890 = DIRECTION('',(1.,0.,0.));
#2891 = ORIENTED_EDGE('',*,*,#2892,.T.);
#2892 = EDGE_CURVE('',#2885,#2603,#2893,.T.);
#2893 = LINE('',#2894,#2895);
#2894 = CARTESIAN_POINT('',(0.425,-6.6,3.425));
#2895 = VECTOR('',#2896,1.);
#2896 = DIRECTION('',(0.,1.,0.));
#2897 = ORIENTED_EDGE('',*,*,#2610,.F.);
#2898 = PLANE('',#2899);
#2899 = AXIS2_PLACEMENT_3D('',#2900,#2901,#2902);
#2900 = CARTESIAN_POINT('',(-0.425,-6.6,3.425));
#2901 = DIRECTION('',(0.,0.,1.));
#2902 = DIRECTION('',(0.,1.,0.));
#2903 = ADVANCED_FACE('',(#2904),#2922,.F.);
#2904 = FACE_BOUND('',#2905,.F.);
#2905 = EDGE_LOOP('',(#2906,#2907,#2915,#2921));
#2906 = ORIENTED_EDGE('',*,*,#2602,.F.);
#2907 = ORIENTED_EDGE('',*,*,#2908,.T.);
#2908 = EDGE_CURVE('',#2595,#2909,#2911,.T.);
#2909 = VERTEX_POINT('',#2910);
#2910 = CARTESIAN_POINT('',(0.425,-6.,2.575));
#2911 = LINE('',#2912,#2913);
#2912 = CARTESIAN_POINT('',(0.425,-0.525,2.575));
#2913 = VECTOR('',#2914,1.);
#2914 = DIRECTION('',(0.,-1.,0.));
#2915 = ORIENTED_EDGE('',*,*,#2916,.T.);
#2916 = EDGE_CURVE('',#2909,#2885,#2917,.T.);
#2917 = LINE('',#2918,#2919);
#2918 = CARTESIAN_POINT('',(0.425,-6.,2.575));
#2919 = VECTOR('',#2920,1.);
#2920 = DIRECTION('',(0.,0.,1.));
#2921 = ORIENTED_EDGE('',*,*,#2892,.T.);
#2922 = PLANE('',#2923);
#2923 = AXIS2_PLACEMENT_3D('',#2924,#2925,#2926);
#2924 = CARTESIAN_POINT('',(0.425,-1.794638512893,1.307085432616));
#2925 = DIRECTION('',(-1.,-0.,-0.));
#2926 = DIRECTION('',(0.,0.,-1.));
#2927 = ADVANCED_FACE('',(#2928),#2939,.T.);
#2928 = FACE_BOUND('',#2929,.T.);
#2929 = EDGE_LOOP('',(#2930,#2936,#2937,#2938));
#2930 = ORIENTED_EDGE('',*,*,#2931,.F.);
#2931 = EDGE_CURVE('',#2854,#2909,#2932,.T.);
#2932 = LINE('',#2933,#2934);
#2933 = CARTESIAN_POINT('',(-0.225,-6.,2.575));
#2934 = VECTOR('',#2935,1.);
#2935 = DIRECTION('',(1.,0.,0.));
#2936 = ORIENTED_EDGE('',*,*,#2853,.F.);
#2937 = ORIENTED_EDGE('',*,*,#2594,.F.);
#2938 = ORIENTED_EDGE('',*,*,#2908,.T.);
#2939 = PLANE('',#2940);
#2940 = AXIS2_PLACEMENT_3D('',#2941,#2942,#2943);
#2941 = CARTESIAN_POINT('',(-0.425,-0.525,2.575));
#2942 = DIRECTION('',(0.,0.,-1.));
#2943 = DIRECTION('',(0.,-1.,0.));
#2944 = ADVANCED_FACE('',(#2945),#2970,.T.);
#2945 = FACE_BOUND('',#2946,.F.);
#2946 = EDGE_LOOP('',(#2947,#2955,#2963,#2969));
#2947 = ORIENTED_EDGE('',*,*,#2948,.F.);
#2948 = EDGE_CURVE('',#2949,#2661,#2951,.T.);
#2949 = VERTEX_POINT('',#2950);
#2950 = CARTESIAN_POINT('',(3.275,-6.6,2.775));
#2951 = LINE('',#2952,#2953);
#2952 = CARTESIAN_POINT('',(3.175,-6.3,2.675));
#2953 = VECTOR('',#2954,1.);
#2954 = DIRECTION('',(-0.301511344578,0.904534033733,-0.301511344578));
#2955 = ORIENTED_EDGE('',*,*,#2956,.T.);
#2956 = EDGE_CURVE('',#2949,#2957,#2959,.T.);
#2957 = VERTEX_POINT('',#2958);
#2958 = CARTESIAN_POINT('',(3.725,-6.6,2.775));
#2959 = LINE('',#2960,#2961);
#2960 = CARTESIAN_POINT('',(3.275,-6.6,2.775));
#2961 = VECTOR('',#2962,1.);
#2962 = DIRECTION('',(1.,0.,0.));
#2963 = ORIENTED_EDGE('',*,*,#2964,.T.);
#2964 = EDGE_CURVE('',#2957,#2663,#2965,.T.);
#2965 = LINE('',#2966,#2967);
#2966 = CARTESIAN_POINT('',(3.804545454545,-6.361363636364,
    2.695454545455));
#2967 = VECTOR('',#2968,1.);
#2968 = DIRECTION('',(0.301511344578,0.904534033733,-0.301511344578));
#2969 = ORIENTED_EDGE('',*,*,#2660,.F.);
#2970 = PLANE('',#2971);
#2971 = AXIS2_PLACEMENT_3D('',#2972,#2973,#2974);
#2972 = CARTESIAN_POINT('',(3.275,-6.3,2.675));
#2973 = DIRECTION('',(0.,-0.316227766017,-0.948683298051));
#2974 = DIRECTION('',(-1.,-0.,0.));
#2975 = ADVANCED_FACE('',(#2976),#2994,.T.);
#2976 = FACE_BOUND('',#2977,.T.);
#2977 = EDGE_LOOP('',(#2978,#2986,#2992,#2993));
#2978 = ORIENTED_EDGE('',*,*,#2979,.T.);
#2979 = EDGE_CURVE('',#2949,#2980,#2982,.T.);
#2980 = VERTEX_POINT('',#2981);
#2981 = CARTESIAN_POINT('',(3.275,-6.6,3.225));
#2982 = LINE('',#2983,#2984);
#2983 = CARTESIAN_POINT('',(3.275,-6.6,2.575));
#2984 = VECTOR('',#2985,1.);
#2985 = DIRECTION('',(0.,0.,1.));
#2986 = ORIENTED_EDGE('',*,*,#2987,.T.);
#2987 = EDGE_CURVE('',#2980,#2694,#2988,.T.);
#2988 = LINE('',#2989,#2990);
#2989 = CARTESIAN_POINT('',(3.213636363636,-6.415909090909,
    3.286363636364));
#2990 = VECTOR('',#2991,1.);
#2991 = DIRECTION('',(-0.301511344578,0.904534033733,0.301511344578));
#2992 = ORIENTED_EDGE('',*,*,#2693,.F.);
#2993 = ORIENTED_EDGE('',*,*,#2948,.F.);
#2994 = PLANE('',#2995);
#2995 = AXIS2_PLACEMENT_3D('',#2996,#2997,#2998);
#2996 = CARTESIAN_POINT('',(3.175,-6.3,2.575));
#2997 = DIRECTION('',(-0.948683298051,-0.316227766017,3.476378920805E-18
    ));
#2998 = DIRECTION('',(3.297982619863E-18,1.099327539955E-18,1.));
#2999 = ADVANCED_FACE('',(#3000),#3018,.T.);
#3000 = FACE_BOUND('',#3001,.T.);
#3001 = EDGE_LOOP('',(#3002,#3003,#3011,#3017));
#3002 = ORIENTED_EDGE('',*,*,#2987,.F.);
#3003 = ORIENTED_EDGE('',*,*,#3004,.T.);
#3004 = EDGE_CURVE('',#2980,#3005,#3007,.T.);
#3005 = VERTEX_POINT('',#3006);
#3006 = CARTESIAN_POINT('',(3.725,-6.6,3.225));
#3007 = LINE('',#3008,#3009);
#3008 = CARTESIAN_POINT('',(3.275,-6.6,3.225));
#3009 = VECTOR('',#3010,1.);
#3010 = DIRECTION('',(1.,0.,0.));
#3011 = ORIENTED_EDGE('',*,*,#3012,.T.);
#3012 = EDGE_CURVE('',#3005,#2717,#3013,.T.);
#3013 = LINE('',#3014,#3015);
#3014 = CARTESIAN_POINT('',(3.765909090909,-6.477272727273,
    3.265909090909));
#3015 = VECTOR('',#3016,1.);
#3016 = DIRECTION('',(0.301511344578,0.904534033733,0.301511344578));
#3017 = ORIENTED_EDGE('',*,*,#2716,.F.);
#3018 = PLANE('',#3019);
#3019 = AXIS2_PLACEMENT_3D('',#3020,#3021,#3022);
#3020 = CARTESIAN_POINT('',(3.275,-6.3,3.325));
#3021 = DIRECTION('',(0.,-0.316227766017,0.948683298051));
#3022 = DIRECTION('',(1.,0.,0.));
#3023 = ADVANCED_FACE('',(#3024),#3035,.F.);
#3024 = FACE_BOUND('',#3025,.F.);
#3025 = EDGE_LOOP('',(#3026,#3032,#3033,#3034));
#3026 = ORIENTED_EDGE('',*,*,#3027,.T.);
#3027 = EDGE_CURVE('',#2957,#3005,#3028,.T.);
#3028 = LINE('',#3029,#3030);
#3029 = CARTESIAN_POINT('',(3.725,-6.6,2.575));
#3030 = VECTOR('',#3031,1.);
#3031 = DIRECTION('',(0.,0.,1.));
#3032 = ORIENTED_EDGE('',*,*,#3012,.T.);
#3033 = ORIENTED_EDGE('',*,*,#2741,.F.);
#3034 = ORIENTED_EDGE('',*,*,#2964,.F.);
#3035 = PLANE('',#3036);
#3036 = AXIS2_PLACEMENT_3D('',#3037,#3038,#3039);
#3037 = CARTESIAN_POINT('',(3.825,-6.3,2.575));
#3038 = DIRECTION('',(-0.948683298051,0.316227766017,-3.476378920805E-18
    ));
#3039 = DIRECTION('',(-3.297982619863E-18,1.099327539955E-18,1.));
#3040 = ADVANCED_FACE('',(#3041),#3066,.T.);
#3041 = FACE_BOUND('',#3042,.T.);
#3042 = EDGE_LOOP('',(#3043,#3053,#3059,#3060));
#3043 = ORIENTED_EDGE('',*,*,#3044,.T.);
#3044 = EDGE_CURVE('',#3045,#3047,#3049,.T.);
#3045 = VERTEX_POINT('',#3046);
#3046 = CARTESIAN_POINT('',(6.775,-6.6,2.775));
#3047 = VERTEX_POINT('',#3048);
#3048 = CARTESIAN_POINT('',(6.775,-6.6,3.225));
#3049 = LINE('',#3050,#3051);
#3050 = CARTESIAN_POINT('',(6.775,-6.6,2.575));
#3051 = VECTOR('',#3052,1.);
#3052 = DIRECTION('',(0.,0.,1.));
#3053 = ORIENTED_EDGE('',*,*,#3054,.T.);
#3054 = EDGE_CURVE('',#3047,#2766,#3055,.T.);
#3055 = LINE('',#3056,#3057);
#3056 = CARTESIAN_POINT('',(6.713636363636,-6.415909090909,
    3.286363636364));
#3057 = VECTOR('',#3058,1.);
#3058 = DIRECTION('',(-0.301511344578,0.904534033733,0.301511344578));
#3059 = ORIENTED_EDGE('',*,*,#2765,.F.);
#3060 = ORIENTED_EDGE('',*,*,#3061,.F.);
#3061 = EDGE_CURVE('',#3045,#2758,#3062,.T.);
#3062 = LINE('',#3063,#3064);
#3063 = CARTESIAN_POINT('',(6.675,-6.3,2.675));
#3064 = VECTOR('',#3065,1.);
#3065 = DIRECTION('',(-0.301511344578,0.904534033733,-0.301511344578));
#3066 = PLANE('',#3067);
#3067 = AXIS2_PLACEMENT_3D('',#3068,#3069,#3070);
#3068 = CARTESIAN_POINT('',(6.675,-6.3,2.575));
#3069 = DIRECTION('',(-0.948683298051,-0.316227766017,3.476378920805E-18
    ));
#3070 = DIRECTION('',(3.297982619863E-18,1.099327539955E-18,1.));
#3071 = ADVANCED_FACE('',(#3072),#3090,.T.);
#3072 = FACE_BOUND('',#3073,.T.);
#3073 = EDGE_LOOP('',(#3074,#3075,#3083,#3089));
#3074 = ORIENTED_EDGE('',*,*,#3054,.F.);
#3075 = ORIENTED_EDGE('',*,*,#3076,.T.);
#3076 = EDGE_CURVE('',#3047,#3077,#3079,.T.);
#3077 = VERTEX_POINT('',#3078);
#3078 = CARTESIAN_POINT('',(7.225,-6.6,3.225));
#3079 = LINE('',#3080,#3081);
#3080 = CARTESIAN_POINT('',(6.775,-6.6,3.225));
#3081 = VECTOR('',#3082,1.);
#3082 = DIRECTION('',(1.,0.,0.));
#3083 = ORIENTED_EDGE('',*,*,#3084,.T.);
#3084 = EDGE_CURVE('',#3077,#2789,#3085,.T.);
#3085 = LINE('',#3086,#3087);
#3086 = CARTESIAN_POINT('',(7.265909090909,-6.477272727273,
    3.265909090909));
#3087 = VECTOR('',#3088,1.);
#3088 = DIRECTION('',(0.301511344578,0.904534033733,0.301511344578));
#3089 = ORIENTED_EDGE('',*,*,#2788,.F.);
#3090 = PLANE('',#3091);
#3091 = AXIS2_PLACEMENT_3D('',#3092,#3093,#3094);
#3092 = CARTESIAN_POINT('',(6.775,-6.3,3.325));
#3093 = DIRECTION('',(0.,-0.316227766017,0.948683298051));
#3094 = DIRECTION('',(1.,0.,0.));
#3095 = ADVANCED_FACE('',(#3096),#3114,.F.);
#3096 = FACE_BOUND('',#3097,.F.);
#3097 = EDGE_LOOP('',(#3098,#3106,#3107,#3108));
#3098 = ORIENTED_EDGE('',*,*,#3099,.T.);
#3099 = EDGE_CURVE('',#3100,#3077,#3102,.T.);
#3100 = VERTEX_POINT('',#3101);
#3101 = CARTESIAN_POINT('',(7.225,-6.6,2.775));
#3102 = LINE('',#3103,#3104);
#3103 = CARTESIAN_POINT('',(7.225,-6.6,2.575));
#3104 = VECTOR('',#3105,1.);
#3105 = DIRECTION('',(0.,0.,1.));
#3106 = ORIENTED_EDGE('',*,*,#3084,.T.);
#3107 = ORIENTED_EDGE('',*,*,#2820,.F.);
#3108 = ORIENTED_EDGE('',*,*,#3109,.F.);
#3109 = EDGE_CURVE('',#3100,#2813,#3110,.T.);
#3110 = LINE('',#3111,#3112);
#3111 = CARTESIAN_POINT('',(7.304545454545,-6.361363636364,
    2.695454545455));
#3112 = VECTOR('',#3113,1.);
#3113 = DIRECTION('',(0.301511344578,0.904534033733,-0.301511344578));
#3114 = PLANE('',#3115);
#3115 = AXIS2_PLACEMENT_3D('',#3116,#3117,#3118);
#3116 = CARTESIAN_POINT('',(7.325,-6.3,2.575));
#3117 = DIRECTION('',(-0.948683298051,0.316227766017,-3.476378920805E-18
    ));
#3118 = DIRECTION('',(-3.297982619863E-18,1.099327539955E-18,1.));
#3119 = ADVANCED_FACE('',(#3120),#3131,.T.);
#3120 = FACE_BOUND('',#3121,.F.);
#3121 = EDGE_LOOP('',(#3122,#3123,#3129,#3130));
#3122 = ORIENTED_EDGE('',*,*,#3061,.F.);
#3123 = ORIENTED_EDGE('',*,*,#3124,.T.);
#3124 = EDGE_CURVE('',#3045,#3100,#3125,.T.);
#3125 = LINE('',#3126,#3127);
#3126 = CARTESIAN_POINT('',(6.775,-6.6,2.775));
#3127 = VECTOR('',#3128,1.);
#3128 = DIRECTION('',(1.,0.,0.));
#3129 = ORIENTED_EDGE('',*,*,#3109,.T.);
#3130 = ORIENTED_EDGE('',*,*,#2835,.F.);
#3131 = PLANE('',#3132);
#3132 = AXIS2_PLACEMENT_3D('',#3133,#3134,#3135);
#3133 = CARTESIAN_POINT('',(6.775,-6.3,2.675));
#3134 = DIRECTION('',(0.,-0.316227766017,-0.948683298051));
#3135 = DIRECTION('',(-1.,-0.,0.));
#3136 = ADVANCED_FACE('',(#3137),#3162,.T.);
#3137 = FACE_BOUND('',#3138,.T.);
#3138 = EDGE_LOOP('',(#3139,#3149,#3155,#3156));
#3139 = ORIENTED_EDGE('',*,*,#3140,.T.);
#3140 = EDGE_CURVE('',#3141,#3143,#3145,.T.);
#3141 = VERTEX_POINT('',#3142);
#3142 = CARTESIAN_POINT('',(-0.225,-6.6,2.775));
#3143 = VERTEX_POINT('',#3144);
#3144 = CARTESIAN_POINT('',(-0.225,-6.6,3.225));
#3145 = LINE('',#3146,#3147);
#3146 = CARTESIAN_POINT('',(-0.225,-6.6,2.575));
#3147 = VECTOR('',#3148,1.);
#3148 = DIRECTION('',(0.,0.,1.));
#3149 = ORIENTED_EDGE('',*,*,#3150,.T.);
#3150 = EDGE_CURVE('',#3143,#2862,#3151,.T.);
#3151 = LINE('',#3152,#3153);
#3152 = CARTESIAN_POINT('',(-0.286363636364,-6.415909090909,
    3.286363636364));
#3153 = VECTOR('',#3154,1.);
#3154 = DIRECTION('',(-0.301511344578,0.904534033733,0.301511344578));
#3155 = ORIENTED_EDGE('',*,*,#2861,.F.);
#3156 = ORIENTED_EDGE('',*,*,#3157,.F.);
#3157 = EDGE_CURVE('',#3141,#2854,#3158,.T.);
#3158 = LINE('',#3159,#3160);
#3159 = CARTESIAN_POINT('',(-0.325,-6.3,2.675));
#3160 = VECTOR('',#3161,1.);
#3161 = DIRECTION('',(-0.301511344578,0.904534033733,-0.301511344578));
#3162 = PLANE('',#3163);
#3163 = AXIS2_PLACEMENT_3D('',#3164,#3165,#3166);
#3164 = CARTESIAN_POINT('',(-0.325,-6.3,2.575));
#3165 = DIRECTION('',(-0.948683298051,-0.316227766017,3.476378920805E-18
    ));
#3166 = DIRECTION('',(3.297982619863E-18,1.099327539955E-18,1.));
#3167 = ADVANCED_FACE('',(#3168),#3186,.T.);
#3168 = FACE_BOUND('',#3169,.T.);
#3169 = EDGE_LOOP('',(#3170,#3171,#3179,#3185));
#3170 = ORIENTED_EDGE('',*,*,#3150,.F.);
#3171 = ORIENTED_EDGE('',*,*,#3172,.T.);
#3172 = EDGE_CURVE('',#3143,#3173,#3175,.T.);
#3173 = VERTEX_POINT('',#3174);
#3174 = CARTESIAN_POINT('',(0.225,-6.6,3.225));
#3175 = LINE('',#3176,#3177);
#3176 = CARTESIAN_POINT('',(-0.225,-6.6,3.225));
#3177 = VECTOR('',#3178,1.);
#3178 = DIRECTION('',(1.,0.,0.));
#3179 = ORIENTED_EDGE('',*,*,#3180,.T.);
#3180 = EDGE_CURVE('',#3173,#2885,#3181,.T.);
#3181 = LINE('',#3182,#3183);
#3182 = CARTESIAN_POINT('',(0.265909090909,-6.477272727273,
    3.265909090909));
#3183 = VECTOR('',#3184,1.);
#3184 = DIRECTION('',(0.301511344578,0.904534033733,0.301511344578));
#3185 = ORIENTED_EDGE('',*,*,#2884,.F.);
#3186 = PLANE('',#3187);
#3187 = AXIS2_PLACEMENT_3D('',#3188,#3189,#3190);
#3188 = CARTESIAN_POINT('',(-0.225,-6.3,3.325));
#3189 = DIRECTION('',(0.,-0.316227766017,0.948683298051));
#3190 = DIRECTION('',(1.,0.,0.));
#3191 = ADVANCED_FACE('',(#3192),#3210,.F.);
#3192 = FACE_BOUND('',#3193,.F.);
#3193 = EDGE_LOOP('',(#3194,#3202,#3203,#3204));
#3194 = ORIENTED_EDGE('',*,*,#3195,.T.);
#3195 = EDGE_CURVE('',#3196,#3173,#3198,.T.);
#3196 = VERTEX_POINT('',#3197);
#3197 = CARTESIAN_POINT('',(0.225,-6.6,2.775));
#3198 = LINE('',#3199,#3200);
#3199 = CARTESIAN_POINT('',(0.225,-6.6,2.575));
#3200 = VECTOR('',#3201,1.);
#3201 = DIRECTION('',(0.,0.,1.));
#3202 = ORIENTED_EDGE('',*,*,#3180,.T.);
#3203 = ORIENTED_EDGE('',*,*,#2916,.F.);
#3204 = ORIENTED_EDGE('',*,*,#3205,.F.);
#3205 = EDGE_CURVE('',#3196,#2909,#3206,.T.);
#3206 = LINE('',#3207,#3208);
#3207 = CARTESIAN_POINT('',(0.304545454545,-6.361363636364,
    2.695454545455));
#3208 = VECTOR('',#3209,1.);
#3209 = DIRECTION('',(0.301511344578,0.904534033733,-0.301511344578));
#3210 = PLANE('',#3211);
#3211 = AXIS2_PLACEMENT_3D('',#3212,#3213,#3214);
#3212 = CARTESIAN_POINT('',(0.325,-6.3,2.575));
#3213 = DIRECTION('',(-0.948683298051,0.316227766017,-3.476378920805E-18
    ));
#3214 = DIRECTION('',(-3.297982619863E-18,1.099327539955E-18,1.));
#3215 = ADVANCED_FACE('',(#3216),#3227,.T.);
#3216 = FACE_BOUND('',#3217,.F.);
#3217 = EDGE_LOOP('',(#3218,#3219,#3225,#3226));
#3218 = ORIENTED_EDGE('',*,*,#3157,.F.);
#3219 = ORIENTED_EDGE('',*,*,#3220,.T.);
#3220 = EDGE_CURVE('',#3141,#3196,#3221,.T.);
#3221 = LINE('',#3222,#3223);
#3222 = CARTESIAN_POINT('',(-0.225,-6.6,2.775));
#3223 = VECTOR('',#3224,1.);
#3224 = DIRECTION('',(1.,0.,0.));
#3225 = ORIENTED_EDGE('',*,*,#3205,.T.);
#3226 = ORIENTED_EDGE('',*,*,#2931,.F.);
#3227 = PLANE('',#3228);
#3228 = AXIS2_PLACEMENT_3D('',#3229,#3230,#3231);
#3229 = CARTESIAN_POINT('',(-0.225,-6.3,2.675));
#3230 = DIRECTION('',(0.,-0.316227766017,-0.948683298051));
#3231 = DIRECTION('',(-1.,-0.,0.));
#3232 = ADVANCED_FACE('',(#3233),#3239,.T.);
#3233 = FACE_BOUND('',#3234,.T.);
#3234 = EDGE_LOOP('',(#3235,#3236,#3237,#3238));
#3235 = ORIENTED_EDGE('',*,*,#2979,.F.);
#3236 = ORIENTED_EDGE('',*,*,#2956,.T.);
#3237 = ORIENTED_EDGE('',*,*,#3027,.T.);
#3238 = ORIENTED_EDGE('',*,*,#3004,.F.);
#3239 = PLANE('',#3240);
#3240 = AXIS2_PLACEMENT_3D('',#3241,#3242,#3243);
#3241 = CARTESIAN_POINT('',(3.075,-6.6,2.575));
#3242 = DIRECTION('',(0.,-1.,0.));
#3243 = DIRECTION('',(0.,0.,1.));
#3244 = ADVANCED_FACE('',(#3245),#3251,.T.);
#3245 = FACE_BOUND('',#3246,.T.);
#3246 = EDGE_LOOP('',(#3247,#3248,#3249,#3250));
#3247 = ORIENTED_EDGE('',*,*,#3044,.F.);
#3248 = ORIENTED_EDGE('',*,*,#3124,.T.);
#3249 = ORIENTED_EDGE('',*,*,#3099,.T.);
#3250 = ORIENTED_EDGE('',*,*,#3076,.F.);
#3251 = PLANE('',#3252);
#3252 = AXIS2_PLACEMENT_3D('',#3253,#3254,#3255);
#3253 = CARTESIAN_POINT('',(6.575,-6.6,2.575));
#3254 = DIRECTION('',(0.,-1.,0.));
#3255 = DIRECTION('',(0.,0.,1.));
#3256 = ADVANCED_FACE('',(#3257),#3263,.T.);
#3257 = FACE_BOUND('',#3258,.T.);
#3258 = EDGE_LOOP('',(#3259,#3260,#3261,#3262));
#3259 = ORIENTED_EDGE('',*,*,#3140,.F.);
#3260 = ORIENTED_EDGE('',*,*,#3220,.T.);
#3261 = ORIENTED_EDGE('',*,*,#3195,.T.);
#3262 = ORIENTED_EDGE('',*,*,#3172,.F.);
#3263 = PLANE('',#3264);
#3264 = AXIS2_PLACEMENT_3D('',#3265,#3266,#3267);
#3265 = CARTESIAN_POINT('',(-0.425,-6.6,2.575));
#3266 = DIRECTION('',(0.,-1.,0.));
#3267 = DIRECTION('',(0.,0.,1.));
#3268 = ( GEOMETRIC_REPRESENTATION_CONTEXT(3) 
GLOBAL_UNCERTAINTY_ASSIGNED_CONTEXT((#3272)) 
GLOBAL_UNIT_ASSIGNED_CONTEXT((#3269,#3270,#3271)) REPRESENTATION_CONTEXT
('Context #1','3D Context with UNIT and UNCERTAINTY') );
#3269 = ( LENGTH_UNIT() NAMED_UNIT(*) SI_UNIT(.MILLI.,.METRE.) );
#3270 = ( NAMED_UNIT(*) PLANE_ANGLE_UNIT() SI_UNIT($,.RADIAN.) );
#3271 = ( NAMED_UNIT(*) SI_UNIT($,.STERADIAN.) SOLID_ANGLE_UNIT() );
#3272 = UNCERTAINTY_MEASURE_WITH_UNIT(LENGTH_MEASURE(1.E-07),#3269,
  'distance_accuracy_value','confusion accuracy');
#3273 = CONTEXT_DEPENDENT_SHAPE_REPRESENTATION(#3274,#3276);
#3274 = ( REPRESENTATION_RELATIONSHIP('','',#135,#112) 
REPRESENTATION_RELATIONSHIP_WITH_TRANSFORMATION(#3275) 
SHAPE_REPRESENTATION_RELATIONSHIP() );
#3275 = ITEM_DEFINED_TRANSFORMATION('','',#11,#113);
#3276 = PRODUCT_DEFINITION_SHAPE('Placement','Placement of an item',
  #3277);
#3277 = NEXT_ASSEMBLY_USAGE_OCCURRENCE('1','=>[0:1:1:3]','',#107,#130,$
  );
#3278 = PRODUCT_RELATED_PRODUCT_CATEGORY('part',$,(#132));
#3279 = SHAPE_DEFINITION_REPRESENTATION(#3280,#3286);
#3280 = PRODUCT_DEFINITION_SHAPE('','',#3281);
#3281 = PRODUCT_DEFINITION('design','',#3282,#3285);
#3282 = PRODUCT_DEFINITION_FORMATION('','',#3283);
#3283 = PRODUCT('C_0805_2012Metric','C_0805_2012Metric','',(#3284));
#3284 = PRODUCT_CONTEXT('',#2,'mechanical');
#3285 = PRODUCT_DEFINITION_CONTEXT('part definition',#2,'design');
#3286 = SHAPE_REPRESENTATION('',(#11,#3287),#3291);
#3287 = AXIS2_PLACEMENT_3D('',#3288,#3289,#3290);
#3288 = CARTESIAN_POINT('',(0.,0.,0.));
#3289 = DIRECTION('',(0.,0.,1.));
#3290 = DIRECTION('',(1.,0.,-0.));
#3291 = ( GEOMETRIC_REPRESENTATION_CONTEXT(3) 
GLOBAL_UNCERTAINTY_ASSIGNED_CONTEXT((#3295)) 
GLOBAL_UNIT_ASSIGNED_CONTEXT((#3292,#3293,#3294)) REPRESENTATION_CONTEXT
('Context #1','3D Context with UNIT and UNCERTAINTY') );
#3292 = ( LENGTH_UNIT() NAMED_UNIT(*) SI_UNIT(.MILLI.,.METRE.) );
#3293 = ( NAMED_UNIT(*) PLANE_ANGLE_UNIT() SI_UNIT($,.RADIAN.) );
#3294 = ( NAMED_UNIT(*) SI_UNIT($,.STERADIAN.) SOLID_ANGLE_UNIT() );
#3295 = UNCERTAINTY_MEASURE_WITH_UNIT(LENGTH_MEASURE(1.E-07),#3292,
  'distance_accuracy_value','confusion accuracy');
#3296 = CONTEXT_DEPENDENT_SHAPE_REPRESENTATION(#3297,#3299);
#3297 = ( REPRESENTATION_RELATIONSHIP('','',#3286,#10) 
REPRESENTATION_RELATIONSHIP_WITH_TRANSFORMATION(#3298) 
SHAPE_REPRESENTATION_RELATIONSHIP() );
#3298 = ITEM_DEFINED_TRANSFORMATION('','',#11,#19);
#3299 = PRODUCT_DEFINITION_SHAPE('Placement','Placement of an item',
  #3300);
#3300 = NEXT_ASSEMBLY_USAGE_OCCURRENCE('4','C4','',#5,#3281,$);
#3301 = PRODUCT_RELATED_PRODUCT_CATEGORY('part',$,(#3283));
#3302 = SHAPE_DEFINITION_REPRESENTATION(#3303,#3309);
#3303 = PRODUCT_DEFINITION_SHAPE('','',#3304);
#3304 = PRODUCT_DEFINITION('design','',#3305,#3308);
#3305 = PRODUCT_DEFINITION_FORMATION('','',#3306);
#3306 = PRODUCT('C_0805_2012Metric','C_0805_2012Metric','',(#3307));
#3307 = PRODUCT_CONTEXT('',#2,'mechanical');
#3308 = PRODUCT_DEFINITION_CONTEXT('part definition',#2,'design');
#3309 = ADVANCED_BREP_SHAPE_REPRESENTATION('',(#11,#3310),#4164);
#3310 = MANIFOLD_SOLID_BREP('',#3311);
#3311 = CLOSED_SHELL('',(#3312,#3388,#3419,#3444,#3469,#3493,#3517,#3542
    ,#3567,#3584,#3670,#3702,#3726,#3751,#3775,#3800,#3824,#3849,#3866,
    #3952,#3983,#4008,#4033,#4057,#4081,#4106,#4131,#4148));
#3312 = ADVANCED_FACE('',(#3313),#3383,.F.);
#3313 = FACE_BOUND('',#3314,.F.);
#3314 = EDGE_LOOP('',(#3315,#3325,#3334,#3342,#3351,#3359,#3368,#3376));
#3315 = ORIENTED_EDGE('',*,*,#3316,.F.);
#3316 = EDGE_CURVE('',#3317,#3319,#3321,.T.);
#3317 = VERTEX_POINT('',#3318);
#3318 = CARTESIAN_POINT('',(-1.,-0.625,4.E-02));
#3319 = VERTEX_POINT('',#3320);
#3320 = CARTESIAN_POINT('',(-1.,-0.625,1.21));
#3321 = LINE('',#3322,#3323);
#3322 = CARTESIAN_POINT('',(-1.,-0.625,0.));
#3323 = VECTOR('',#3324,1.);
#3324 = DIRECTION('',(0.,0.,1.));
#3325 = ORIENTED_EDGE('',*,*,#3326,.T.);
#3326 = EDGE_CURVE('',#3317,#3327,#3329,.T.);
#3327 = VERTEX_POINT('',#3328);
#3328 = CARTESIAN_POINT('',(-1.,-0.585,0.));
#3329 = CIRCLE('',#3330,4.E-02);
#3330 = AXIS2_PLACEMENT_3D('',#3331,#3332,#3333);
#3331 = CARTESIAN_POINT('',(-1.,-0.585,4.E-02));
#3332 = DIRECTION('',(1.,0.,-0.));
#3333 = DIRECTION('',(0.,0.,1.));
#3334 = ORIENTED_EDGE('',*,*,#3335,.T.);
#3335 = EDGE_CURVE('',#3327,#3336,#3338,.T.);
#3336 = VERTEX_POINT('',#3337);
#3337 = CARTESIAN_POINT('',(-1.,0.585,0.));
#3338 = LINE('',#3339,#3340);
#3339 = CARTESIAN_POINT('',(-1.,-0.625,0.));
#3340 = VECTOR('',#3341,1.);
#3341 = DIRECTION('',(0.,1.,0.));
#3342 = ORIENTED_EDGE('',*,*,#3343,.F.);
#3343 = EDGE_CURVE('',#3344,#3336,#3346,.T.);
#3344 = VERTEX_POINT('',#3345);
#3345 = CARTESIAN_POINT('',(-1.,0.625,4.E-02));
#3346 = CIRCLE('',#3347,4.E-02);
#3347 = AXIS2_PLACEMENT_3D('',#3348,#3349,#3350);
#3348 = CARTESIAN_POINT('',(-1.,0.585,4.E-02));
#3349 = DIRECTION('',(-1.,0.,0.));
#3350 = DIRECTION('',(0.,0.,1.));
#3351 = ORIENTED_EDGE('',*,*,#3352,.T.);
#3352 = EDGE_CURVE('',#3344,#3353,#3355,.T.);
#3353 = VERTEX_POINT('',#3354);
#3354 = CARTESIAN_POINT('',(-1.,0.625,1.21));
#3355 = LINE('',#3356,#3357);
#3356 = CARTESIAN_POINT('',(-1.,0.625,0.));
#3357 = VECTOR('',#3358,1.);
#3358 = DIRECTION('',(0.,0.,1.));
#3359 = ORIENTED_EDGE('',*,*,#3360,.T.);
#3360 = EDGE_CURVE('',#3353,#3361,#3363,.T.);
#3361 = VERTEX_POINT('',#3362);
#3362 = CARTESIAN_POINT('',(-1.,0.585,1.25));
#3363 = CIRCLE('',#3364,4.E-02);
#3364 = AXIS2_PLACEMENT_3D('',#3365,#3366,#3367);
#3365 = CARTESIAN_POINT('',(-1.,0.585,1.21));
#3366 = DIRECTION('',(1.,0.,-0.));
#3367 = DIRECTION('',(0.,0.,1.));
#3368 = ORIENTED_EDGE('',*,*,#3369,.F.);
#3369 = EDGE_CURVE('',#3370,#3361,#3372,.T.);
#3370 = VERTEX_POINT('',#3371);
#3371 = CARTESIAN_POINT('',(-1.,-0.585,1.25));
#3372 = LINE('',#3373,#3374);
#3373 = CARTESIAN_POINT('',(-1.,-0.625,1.25));
#3374 = VECTOR('',#3375,1.);
#3375 = DIRECTION('',(0.,1.,0.));
#3376 = ORIENTED_EDGE('',*,*,#3377,.F.);
#3377 = EDGE_CURVE('',#3319,#3370,#3378,.T.);
#3378 = CIRCLE('',#3379,4.E-02);
#3379 = AXIS2_PLACEMENT_3D('',#3380,#3381,#3382);
#3380 = CARTESIAN_POINT('',(-1.,-0.585,1.21));
#3381 = DIRECTION('',(-1.,0.,0.));
#3382 = DIRECTION('',(0.,0.,1.));
#3383 = PLANE('',#3384);
#3384 = AXIS2_PLACEMENT_3D('',#3385,#3386,#3387);
#3385 = CARTESIAN_POINT('',(-1.,-0.625,0.));
#3386 = DIRECTION('',(1.,0.,0.));
#3387 = DIRECTION('',(0.,0.,1.));
#3388 = ADVANCED_FACE('',(#3389),#3414,.F.);
#3389 = FACE_BOUND('',#3390,.F.);
#3390 = EDGE_LOOP('',(#3391,#3401,#3407,#3408));
#3391 = ORIENTED_EDGE('',*,*,#3392,.F.);
#3392 = EDGE_CURVE('',#3393,#3395,#3397,.T.);
#3393 = VERTEX_POINT('',#3394);
#3394 = CARTESIAN_POINT('',(-0.6,-0.625,4.E-02));
#3395 = VERTEX_POINT('',#3396);
#3396 = CARTESIAN_POINT('',(-0.6,-0.625,1.21));
#3397 = LINE('',#3398,#3399);
#3398 = CARTESIAN_POINT('',(-0.6,-0.625,0.));
#3399 = VECTOR('',#3400,1.);
#3400 = DIRECTION('',(0.,0.,1.));
#3401 = ORIENTED_EDGE('',*,*,#3402,.F.);
#3402 = EDGE_CURVE('',#3317,#3393,#3403,.T.);
#3403 = LINE('',#3404,#3405);
#3404 = CARTESIAN_POINT('',(-1.,-0.625,4.E-02));
#3405 = VECTOR('',#3406,1.);
#3406 = DIRECTION('',(1.,0.,0.));
#3407 = ORIENTED_EDGE('',*,*,#3316,.T.);
#3408 = ORIENTED_EDGE('',*,*,#3409,.T.);
#3409 = EDGE_CURVE('',#3319,#3395,#3410,.T.);
#3410 = LINE('',#3411,#3412);
#3411 = CARTESIAN_POINT('',(-1.,-0.625,1.21));
#3412 = VECTOR('',#3413,1.);
#3413 = DIRECTION('',(1.,0.,0.));
#3414 = PLANE('',#3415);
#3415 = AXIS2_PLACEMENT_3D('',#3416,#3417,#3418);
#3416 = CARTESIAN_POINT('',(-1.,-0.625,0.));
#3417 = DIRECTION('',(0.,1.,0.));
#3418 = DIRECTION('',(0.,-0.,1.));
#3419 = ADVANCED_FACE('',(#3420),#3439,.T.);
#3420 = FACE_BOUND('',#3421,.T.);
#3421 = EDGE_LOOP('',(#3422,#3423,#3431,#3438));
#3422 = ORIENTED_EDGE('',*,*,#3326,.T.);
#3423 = ORIENTED_EDGE('',*,*,#3424,.T.);
#3424 = EDGE_CURVE('',#3327,#3425,#3427,.T.);
#3425 = VERTEX_POINT('',#3426);
#3426 = CARTESIAN_POINT('',(-0.6,-0.585,0.));
#3427 = LINE('',#3428,#3429);
#3428 = CARTESIAN_POINT('',(-1.,-0.585,0.));
#3429 = VECTOR('',#3430,1.);
#3430 = DIRECTION('',(1.,0.,0.));
#3431 = ORIENTED_EDGE('',*,*,#3432,.F.);
#3432 = EDGE_CURVE('',#3393,#3425,#3433,.T.);
#3433 = CIRCLE('',#3434,4.E-02);
#3434 = AXIS2_PLACEMENT_3D('',#3435,#3436,#3437);
#3435 = CARTESIAN_POINT('',(-0.6,-0.585,4.E-02));
#3436 = DIRECTION('',(1.,0.,-0.));
#3437 = DIRECTION('',(0.,0.,1.));
#3438 = ORIENTED_EDGE('',*,*,#3402,.F.);
#3439 = CYLINDRICAL_SURFACE('',#3440,4.E-02);
#3440 = AXIS2_PLACEMENT_3D('',#3441,#3442,#3443);
#3441 = CARTESIAN_POINT('',(-1.,-0.585,4.E-02));
#3442 = DIRECTION('',(1.,0.,0.));
#3443 = DIRECTION('',(0.,-1.,0.));
#3444 = ADVANCED_FACE('',(#3445),#3464,.T.);
#3445 = FACE_BOUND('',#3446,.T.);
#3446 = EDGE_LOOP('',(#3447,#3448,#3457,#3463));
#3447 = ORIENTED_EDGE('',*,*,#3409,.T.);
#3448 = ORIENTED_EDGE('',*,*,#3449,.T.);
#3449 = EDGE_CURVE('',#3395,#3450,#3452,.T.);
#3450 = VERTEX_POINT('',#3451);
#3451 = CARTESIAN_POINT('',(-0.6,-0.585,1.25));
#3452 = CIRCLE('',#3453,4.E-02);
#3453 = AXIS2_PLACEMENT_3D('',#3454,#3455,#3456);
#3454 = CARTESIAN_POINT('',(-0.6,-0.585,1.21));
#3455 = DIRECTION('',(-1.,0.,0.));
#3456 = DIRECTION('',(0.,0.,1.));
#3457 = ORIENTED_EDGE('',*,*,#3458,.F.);
#3458 = EDGE_CURVE('',#3370,#3450,#3459,.T.);
#3459 = LINE('',#3460,#3461);
#3460 = CARTESIAN_POINT('',(-1.,-0.585,1.25));
#3461 = VECTOR('',#3462,1.);
#3462 = DIRECTION('',(1.,0.,0.));
#3463 = ORIENTED_EDGE('',*,*,#3377,.F.);
#3464 = CYLINDRICAL_SURFACE('',#3465,4.E-02);
#3465 = AXIS2_PLACEMENT_3D('',#3466,#3467,#3468);
#3466 = CARTESIAN_POINT('',(-1.,-0.585,1.21));
#3467 = DIRECTION('',(1.,0.,0.));
#3468 = DIRECTION('',(0.,-1.,0.));
#3469 = ADVANCED_FACE('',(#3470),#3488,.F.);
#3470 = FACE_BOUND('',#3471,.F.);
#3471 = EDGE_LOOP('',(#3472,#3473,#3474,#3482));
#3472 = ORIENTED_EDGE('',*,*,#3335,.F.);
#3473 = ORIENTED_EDGE('',*,*,#3424,.T.);
#3474 = ORIENTED_EDGE('',*,*,#3475,.T.);
#3475 = EDGE_CURVE('',#3425,#3476,#3478,.T.);
#3476 = VERTEX_POINT('',#3477);
#3477 = CARTESIAN_POINT('',(-0.6,0.585,0.));
#3478 = LINE('',#3479,#3480);
#3479 = CARTESIAN_POINT('',(-0.6,-0.625,0.));
#3480 = VECTOR('',#3481,1.);
#3481 = DIRECTION('',(0.,1.,0.));
#3482 = ORIENTED_EDGE('',*,*,#3483,.F.);
#3483 = EDGE_CURVE('',#3336,#3476,#3484,.T.);
#3484 = LINE('',#3485,#3486);
#3485 = CARTESIAN_POINT('',(-1.,0.585,0.));
#3486 = VECTOR('',#3487,1.);
#3487 = DIRECTION('',(1.,0.,0.));
#3488 = PLANE('',#3489);
#3489 = AXIS2_PLACEMENT_3D('',#3490,#3491,#3492);
#3490 = CARTESIAN_POINT('',(-1.,-0.625,0.));
#3491 = DIRECTION('',(0.,0.,1.));
#3492 = DIRECTION('',(1.,0.,-0.));
#3493 = ADVANCED_FACE('',(#3494),#3512,.T.);
#3494 = FACE_BOUND('',#3495,.T.);
#3495 = EDGE_LOOP('',(#3496,#3497,#3498,#3506));
#3496 = ORIENTED_EDGE('',*,*,#3369,.F.);
#3497 = ORIENTED_EDGE('',*,*,#3458,.T.);
#3498 = ORIENTED_EDGE('',*,*,#3499,.T.);
#3499 = EDGE_CURVE('',#3450,#3500,#3502,.T.);
#3500 = VERTEX_POINT('',#3501);
#3501 = CARTESIAN_POINT('',(-0.6,0.585,1.25));
#3502 = LINE('',#3503,#3504);
#3503 = CARTESIAN_POINT('',(-0.6,-0.625,1.25));
#3504 = VECTOR('',#3505,1.);
#3505 = DIRECTION('',(0.,1.,0.));
#3506 = ORIENTED_EDGE('',*,*,#3507,.F.);
#3507 = EDGE_CURVE('',#3361,#3500,#3508,.T.);
#3508 = LINE('',#3509,#3510);
#3509 = CARTESIAN_POINT('',(-1.,0.585,1.25));
#3510 = VECTOR('',#3511,1.);
#3511 = DIRECTION('',(1.,0.,0.));
#3512 = PLANE('',#3513);
#3513 = AXIS2_PLACEMENT_3D('',#3514,#3515,#3516);
#3514 = CARTESIAN_POINT('',(-1.,-0.625,1.25));
#3515 = DIRECTION('',(0.,0.,1.));
#3516 = DIRECTION('',(1.,0.,-0.));
#3517 = ADVANCED_FACE('',(#3518),#3537,.T.);
#3518 = FACE_BOUND('',#3519,.T.);
#3519 = EDGE_LOOP('',(#3520,#3528,#3535,#3536));
#3520 = ORIENTED_EDGE('',*,*,#3521,.T.);
#3521 = EDGE_CURVE('',#3344,#3522,#3524,.T.);
#3522 = VERTEX_POINT('',#3523);
#3523 = CARTESIAN_POINT('',(-0.6,0.625,4.E-02));
#3524 = LINE('',#3525,#3526);
#3525 = CARTESIAN_POINT('',(-1.,0.625,4.E-02));
#3526 = VECTOR('',#3527,1.);
#3527 = DIRECTION('',(1.,0.,0.));
#3528 = ORIENTED_EDGE('',*,*,#3529,.T.);
#3529 = EDGE_CURVE('',#3522,#3476,#3530,.T.);
#3530 = CIRCLE('',#3531,4.E-02);
#3531 = AXIS2_PLACEMENT_3D('',#3532,#3533,#3534);
#3532 = CARTESIAN_POINT('',(-0.6,0.585,4.E-02));
#3533 = DIRECTION('',(-1.,0.,0.));
#3534 = DIRECTION('',(0.,0.,1.));
#3535 = ORIENTED_EDGE('',*,*,#3483,.F.);
#3536 = ORIENTED_EDGE('',*,*,#3343,.F.);
#3537 = CYLINDRICAL_SURFACE('',#3538,4.E-02);
#3538 = AXIS2_PLACEMENT_3D('',#3539,#3540,#3541);
#3539 = CARTESIAN_POINT('',(-1.,0.585,4.E-02));
#3540 = DIRECTION('',(1.,0.,0.));
#3541 = DIRECTION('',(-0.,1.,0.));
#3542 = ADVANCED_FACE('',(#3543),#3562,.T.);
#3543 = FACE_BOUND('',#3544,.T.);
#3544 = EDGE_LOOP('',(#3545,#3546,#3547,#3556));
#3545 = ORIENTED_EDGE('',*,*,#3360,.T.);
#3546 = ORIENTED_EDGE('',*,*,#3507,.T.);
#3547 = ORIENTED_EDGE('',*,*,#3548,.F.);
#3548 = EDGE_CURVE('',#3549,#3500,#3551,.T.);
#3549 = VERTEX_POINT('',#3550);
#3550 = CARTESIAN_POINT('',(-0.6,0.625,1.21));
#3551 = CIRCLE('',#3552,4.E-02);
#3552 = AXIS2_PLACEMENT_3D('',#3553,#3554,#3555);
#3553 = CARTESIAN_POINT('',(-0.6,0.585,1.21));
#3554 = DIRECTION('',(1.,0.,-0.));
#3555 = DIRECTION('',(0.,0.,1.));
#3556 = ORIENTED_EDGE('',*,*,#3557,.F.);
#3557 = EDGE_CURVE('',#3353,#3549,#3558,.T.);
#3558 = LINE('',#3559,#3560);
#3559 = CARTESIAN_POINT('',(-1.,0.625,1.21));
#3560 = VECTOR('',#3561,1.);
#3561 = DIRECTION('',(1.,0.,0.));
#3562 = CYLINDRICAL_SURFACE('',#3563,4.E-02);
#3563 = AXIS2_PLACEMENT_3D('',#3564,#3565,#3566);
#3564 = CARTESIAN_POINT('',(-1.,0.585,1.21));
#3565 = DIRECTION('',(1.,0.,0.));
#3566 = DIRECTION('',(-0.,1.,0.));
#3567 = ADVANCED_FACE('',(#3568),#3579,.T.);
#3568 = FACE_BOUND('',#3569,.T.);
#3569 = EDGE_LOOP('',(#3570,#3576,#3577,#3578));
#3570 = ORIENTED_EDGE('',*,*,#3571,.F.);
#3571 = EDGE_CURVE('',#3522,#3549,#3572,.T.);
#3572 = LINE('',#3573,#3574);
#3573 = CARTESIAN_POINT('',(-0.6,0.625,0.));
#3574 = VECTOR('',#3575,1.);
#3575 = DIRECTION('',(0.,0.,1.));
#3576 = ORIENTED_EDGE('',*,*,#3521,.F.);
#3577 = ORIENTED_EDGE('',*,*,#3352,.T.);
#3578 = ORIENTED_EDGE('',*,*,#3557,.T.);
#3579 = PLANE('',#3580);
#3580 = AXIS2_PLACEMENT_3D('',#3581,#3582,#3583);
#3581 = CARTESIAN_POINT('',(-1.,0.625,0.));
#3582 = DIRECTION('',(0.,1.,0.));
#3583 = DIRECTION('',(0.,-0.,1.));
#3584 = ADVANCED_FACE('',(#3585,#3595),#3665,.T.);
#3585 = FACE_BOUND('',#3586,.T.);
#3586 = EDGE_LOOP('',(#3587,#3588,#3589,#3590,#3591,#3592,#3593,#3594));
#3587 = ORIENTED_EDGE('',*,*,#3392,.F.);
#3588 = ORIENTED_EDGE('',*,*,#3432,.T.);
#3589 = ORIENTED_EDGE('',*,*,#3475,.T.);
#3590 = ORIENTED_EDGE('',*,*,#3529,.F.);
#3591 = ORIENTED_EDGE('',*,*,#3571,.T.);
#3592 = ORIENTED_EDGE('',*,*,#3548,.T.);
#3593 = ORIENTED_EDGE('',*,*,#3499,.F.);
#3594 = ORIENTED_EDGE('',*,*,#3449,.F.);
#3595 = FACE_BOUND('',#3596,.T.);
#3596 = EDGE_LOOP('',(#3597,#3608,#3616,#3625,#3633,#3642,#3650,#3659));
#3597 = ORIENTED_EDGE('',*,*,#3598,.F.);
#3598 = EDGE_CURVE('',#3599,#3601,#3603,.T.);
#3599 = VERTEX_POINT('',#3600);
#3600 = CARTESIAN_POINT('',(-0.6,-0.585,8.E-02));
#3601 = VERTEX_POINT('',#3602);
#3602 = CARTESIAN_POINT('',(-0.6,-0.545,4.E-02));
#3603 = CIRCLE('',#3604,4.E-02);
#3604 = AXIS2_PLACEMENT_3D('',#3605,#3606,#3607);
#3605 = CARTESIAN_POINT('',(-0.6,-0.545,8.E-02));
#3606 = DIRECTION('',(1.,0.,-0.));
#3607 = DIRECTION('',(0.,0.,1.));
#3608 = ORIENTED_EDGE('',*,*,#3609,.T.);
#3609 = EDGE_CURVE('',#3599,#3610,#3612,.T.);
#3610 = VERTEX_POINT('',#3611);
#3611 = CARTESIAN_POINT('',(-0.6,-0.585,1.17));
#3612 = LINE('',#3613,#3614);
#3613 = CARTESIAN_POINT('',(-0.6,-0.585,4.E-02));
#3614 = VECTOR('',#3615,1.);
#3615 = DIRECTION('',(0.,0.,1.));
#3616 = ORIENTED_EDGE('',*,*,#3617,.T.);
#3617 = EDGE_CURVE('',#3610,#3618,#3620,.T.);
#3618 = VERTEX_POINT('',#3619);
#3619 = CARTESIAN_POINT('',(-0.6,-0.545,1.21));
#3620 = CIRCLE('',#3621,4.E-02);
#3621 = AXIS2_PLACEMENT_3D('',#3622,#3623,#3624);
#3622 = CARTESIAN_POINT('',(-0.6,-0.545,1.17));
#3623 = DIRECTION('',(-1.,0.,0.));
#3624 = DIRECTION('',(0.,0.,1.));
#3625 = ORIENTED_EDGE('',*,*,#3626,.T.);
#3626 = EDGE_CURVE('',#3618,#3627,#3629,.T.);
#3627 = VERTEX_POINT('',#3628);
#3628 = CARTESIAN_POINT('',(-0.6,0.545,1.21));
#3629 = LINE('',#3630,#3631);
#3630 = CARTESIAN_POINT('',(-0.6,-0.585,1.21));
#3631 = VECTOR('',#3632,1.);
#3632 = DIRECTION('',(0.,1.,0.));
#3633 = ORIENTED_EDGE('',*,*,#3634,.F.);
#3634 = EDGE_CURVE('',#3635,#3627,#3637,.T.);
#3635 = VERTEX_POINT('',#3636);
#3636 = CARTESIAN_POINT('',(-0.6,0.585,1.17));
#3637 = CIRCLE('',#3638,4.E-02);
#3638 = AXIS2_PLACEMENT_3D('',#3639,#3640,#3641);
#3639 = CARTESIAN_POINT('',(-0.6,0.545,1.17));
#3640 = DIRECTION('',(1.,0.,-0.));
#3641 = DIRECTION('',(0.,0.,1.));
#3642 = ORIENTED_EDGE('',*,*,#3643,.F.);
#3643 = EDGE_CURVE('',#3644,#3635,#3646,.T.);
#3644 = VERTEX_POINT('',#3645);
#3645 = CARTESIAN_POINT('',(-0.6,0.585,8.E-02));
#3646 = LINE('',#3647,#3648);
#3647 = CARTESIAN_POINT('',(-0.6,0.585,4.E-02));
#3648 = VECTOR('',#3649,1.);
#3649 = DIRECTION('',(0.,0.,1.));
#3650 = ORIENTED_EDGE('',*,*,#3651,.T.);
#3651 = EDGE_CURVE('',#3644,#3652,#3654,.T.);
#3652 = VERTEX_POINT('',#3653);
#3653 = CARTESIAN_POINT('',(-0.6,0.545,4.E-02));
#3654 = CIRCLE('',#3655,4.E-02);
#3655 = AXIS2_PLACEMENT_3D('',#3656,#3657,#3658);
#3656 = CARTESIAN_POINT('',(-0.6,0.545,8.E-02));
#3657 = DIRECTION('',(-1.,0.,0.));
#3658 = DIRECTION('',(0.,0.,1.));
#3659 = ORIENTED_EDGE('',*,*,#3660,.F.);
#3660 = EDGE_CURVE('',#3601,#3652,#3661,.T.);
#3661 = LINE('',#3662,#3663);
#3662 = CARTESIAN_POINT('',(-0.6,-0.585,4.E-02));
#3663 = VECTOR('',#3664,1.);
#3664 = DIRECTION('',(0.,1.,0.));
#3665 = PLANE('',#3666);
#3666 = AXIS2_PLACEMENT_3D('',#3667,#3668,#3669);
#3667 = CARTESIAN_POINT('',(-0.6,-0.625,0.));
#3668 = DIRECTION('',(1.,0.,0.));
#3669 = DIRECTION('',(0.,0.,1.));
#3670 = ADVANCED_FACE('',(#3671),#3697,.T.);
#3671 = FACE_BOUND('',#3672,.T.);
#3672 = EDGE_LOOP('',(#3673,#3674,#3682,#3691));
#3673 = ORIENTED_EDGE('',*,*,#3598,.T.);
#3674 = ORIENTED_EDGE('',*,*,#3675,.T.);
#3675 = EDGE_CURVE('',#3601,#3676,#3678,.T.);
#3676 = VERTEX_POINT('',#3677);
#3677 = CARTESIAN_POINT('',(0.6,-0.545,4.E-02));
#3678 = LINE('',#3679,#3680);
#3679 = CARTESIAN_POINT('',(-0.6,-0.545,4.E-02));
#3680 = VECTOR('',#3681,1.);
#3681 = DIRECTION('',(1.,0.,0.));
#3682 = ORIENTED_EDGE('',*,*,#3683,.F.);
#3683 = EDGE_CURVE('',#3684,#3676,#3686,.T.);
#3684 = VERTEX_POINT('',#3685);
#3685 = CARTESIAN_POINT('',(0.6,-0.585,8.E-02));
#3686 = CIRCLE('',#3687,4.E-02);
#3687 = AXIS2_PLACEMENT_3D('',#3688,#3689,#3690);
#3688 = CARTESIAN_POINT('',(0.6,-0.545,8.E-02));
#3689 = DIRECTION('',(1.,0.,-0.));
#3690 = DIRECTION('',(0.,0.,1.));
#3691 = ORIENTED_EDGE('',*,*,#3692,.F.);
#3692 = EDGE_CURVE('',#3599,#3684,#3693,.T.);
#3693 = LINE('',#3694,#3695);
#3694 = CARTESIAN_POINT('',(-0.6,-0.585,8.E-02));
#3695 = VECTOR('',#3696,1.);
#3696 = DIRECTION('',(1.,0.,0.));
#3697 = CYLINDRICAL_SURFACE('',#3698,4.E-02);
#3698 = AXIS2_PLACEMENT_3D('',#3699,#3700,#3701);
#3699 = CARTESIAN_POINT('',(-0.6,-0.545,8.E-02));
#3700 = DIRECTION('',(1.,0.,0.));
#3701 = DIRECTION('',(0.,-1.,0.));
#3702 = ADVANCED_FACE('',(#3703),#3721,.F.);
#3703 = FACE_BOUND('',#3704,.F.);
#3704 = EDGE_LOOP('',(#3705,#3706,#3707,#3715));
#3705 = ORIENTED_EDGE('',*,*,#3660,.F.);
#3706 = ORIENTED_EDGE('',*,*,#3675,.T.);
#3707 = ORIENTED_EDGE('',*,*,#3708,.T.);
#3708 = EDGE_CURVE('',#3676,#3709,#3711,.T.);
#3709 = VERTEX_POINT('',#3710);
#3710 = CARTESIAN_POINT('',(0.6,0.545,4.E-02));
#3711 = LINE('',#3712,#3713);
#3712 = CARTESIAN_POINT('',(0.6,-0.585,4.E-02));
#3713 = VECTOR('',#3714,1.);
#3714 = DIRECTION('',(0.,1.,0.));
#3715 = ORIENTED_EDGE('',*,*,#3716,.F.);
#3716 = EDGE_CURVE('',#3652,#3709,#3717,.T.);
#3717 = LINE('',#3718,#3719);
#3718 = CARTESIAN_POINT('',(-0.6,0.545,4.E-02));
#3719 = VECTOR('',#3720,1.);
#3720 = DIRECTION('',(1.,0.,0.));
#3721 = PLANE('',#3722);
#3722 = AXIS2_PLACEMENT_3D('',#3723,#3724,#3725);
#3723 = CARTESIAN_POINT('',(-0.6,-0.585,4.E-02));
#3724 = DIRECTION('',(0.,0.,1.));
#3725 = DIRECTION('',(1.,0.,-0.));
#3726 = ADVANCED_FACE('',(#3727),#3746,.T.);
#3727 = FACE_BOUND('',#3728,.T.);
#3728 = EDGE_LOOP('',(#3729,#3737,#3744,#3745));
#3729 = ORIENTED_EDGE('',*,*,#3730,.T.);
#3730 = EDGE_CURVE('',#3644,#3731,#3733,.T.);
#3731 = VERTEX_POINT('',#3732);
#3732 = CARTESIAN_POINT('',(0.6,0.585,8.E-02));
#3733 = LINE('',#3734,#3735);
#3734 = CARTESIAN_POINT('',(-0.6,0.585,8.E-02));
#3735 = VECTOR('',#3736,1.);
#3736 = DIRECTION('',(1.,0.,0.));
#3737 = ORIENTED_EDGE('',*,*,#3738,.T.);
#3738 = EDGE_CURVE('',#3731,#3709,#3739,.T.);
#3739 = CIRCLE('',#3740,4.E-02);
#3740 = AXIS2_PLACEMENT_3D('',#3741,#3742,#3743);
#3741 = CARTESIAN_POINT('',(0.6,0.545,8.E-02));
#3742 = DIRECTION('',(-1.,0.,0.));
#3743 = DIRECTION('',(0.,0.,1.));
#3744 = ORIENTED_EDGE('',*,*,#3716,.F.);
#3745 = ORIENTED_EDGE('',*,*,#3651,.F.);
#3746 = CYLINDRICAL_SURFACE('',#3747,4.E-02);
#3747 = AXIS2_PLACEMENT_3D('',#3748,#3749,#3750);
#3748 = CARTESIAN_POINT('',(-0.6,0.545,8.E-02));
#3749 = DIRECTION('',(1.,0.,0.));
#3750 = DIRECTION('',(-0.,1.,0.));
#3751 = ADVANCED_FACE('',(#3752),#3770,.T.);
#3752 = FACE_BOUND('',#3753,.T.);
#3753 = EDGE_LOOP('',(#3754,#3762,#3763,#3764));
#3754 = ORIENTED_EDGE('',*,*,#3755,.F.);
#3755 = EDGE_CURVE('',#3731,#3756,#3758,.T.);
#3756 = VERTEX_POINT('',#3757);
#3757 = CARTESIAN_POINT('',(0.6,0.585,1.17));
#3758 = LINE('',#3759,#3760);
#3759 = CARTESIAN_POINT('',(0.6,0.585,4.E-02));
#3760 = VECTOR('',#3761,1.);
#3761 = DIRECTION('',(0.,0.,1.));
#3762 = ORIENTED_EDGE('',*,*,#3730,.F.);
#3763 = ORIENTED_EDGE('',*,*,#3643,.T.);
#3764 = ORIENTED_EDGE('',*,*,#3765,.T.);
#3765 = EDGE_CURVE('',#3635,#3756,#3766,.T.);
#3766 = LINE('',#3767,#3768);
#3767 = CARTESIAN_POINT('',(-0.6,0.585,1.17));
#3768 = VECTOR('',#3769,1.);
#3769 = DIRECTION('',(1.,0.,0.));
#3770 = PLANE('',#3771);
#3771 = AXIS2_PLACEMENT_3D('',#3772,#3773,#3774);
#3772 = CARTESIAN_POINT('',(-0.6,0.585,4.E-02));
#3773 = DIRECTION('',(0.,1.,0.));
#3774 = DIRECTION('',(0.,-0.,1.));
#3775 = ADVANCED_FACE('',(#3776),#3795,.T.);
#3776 = FACE_BOUND('',#3777,.T.);
#3777 = EDGE_LOOP('',(#3778,#3779,#3787,#3794));
#3778 = ORIENTED_EDGE('',*,*,#3634,.T.);
#3779 = ORIENTED_EDGE('',*,*,#3780,.T.);
#3780 = EDGE_CURVE('',#3627,#3781,#3783,.T.);
#3781 = VERTEX_POINT('',#3782);
#3782 = CARTESIAN_POINT('',(0.6,0.545,1.21));
#3783 = LINE('',#3784,#3785);
#3784 = CARTESIAN_POINT('',(-0.6,0.545,1.21));
#3785 = VECTOR('',#3786,1.);
#3786 = DIRECTION('',(1.,0.,0.));
#3787 = ORIENTED_EDGE('',*,*,#3788,.F.);
#3788 = EDGE_CURVE('',#3756,#3781,#3789,.T.);
#3789 = CIRCLE('',#3790,4.E-02);
#3790 = AXIS2_PLACEMENT_3D('',#3791,#3792,#3793);
#3791 = CARTESIAN_POINT('',(0.6,0.545,1.17));
#3792 = DIRECTION('',(1.,0.,-0.));
#3793 = DIRECTION('',(0.,0.,1.));
#3794 = ORIENTED_EDGE('',*,*,#3765,.F.);
#3795 = CYLINDRICAL_SURFACE('',#3796,4.E-02);
#3796 = AXIS2_PLACEMENT_3D('',#3797,#3798,#3799);
#3797 = CARTESIAN_POINT('',(-0.6,0.545,1.17));
#3798 = DIRECTION('',(1.,0.,0.));
#3799 = DIRECTION('',(-0.,1.,0.));
#3800 = ADVANCED_FACE('',(#3801),#3819,.T.);
#3801 = FACE_BOUND('',#3802,.T.);
#3802 = EDGE_LOOP('',(#3803,#3804,#3812,#3818));
#3803 = ORIENTED_EDGE('',*,*,#3626,.F.);
#3804 = ORIENTED_EDGE('',*,*,#3805,.T.);
#3805 = EDGE_CURVE('',#3618,#3806,#3808,.T.);
#3806 = VERTEX_POINT('',#3807);
#3807 = CARTESIAN_POINT('',(0.6,-0.545,1.21));
#3808 = LINE('',#3809,#3810);
#3809 = CARTESIAN_POINT('',(-0.6,-0.545,1.21));
#3810 = VECTOR('',#3811,1.);
#3811 = DIRECTION('',(1.,0.,0.));
#3812 = ORIENTED_EDGE('',*,*,#3813,.T.);
#3813 = EDGE_CURVE('',#3806,#3781,#3814,.T.);
#3814 = LINE('',#3815,#3816);
#3815 = CARTESIAN_POINT('',(0.6,-0.585,1.21));
#3816 = VECTOR('',#3817,1.);
#3817 = DIRECTION('',(0.,1.,0.));
#3818 = ORIENTED_EDGE('',*,*,#3780,.F.);
#3819 = PLANE('',#3820);
#3820 = AXIS2_PLACEMENT_3D('',#3821,#3822,#3823);
#3821 = CARTESIAN_POINT('',(-0.6,-0.585,1.21));
#3822 = DIRECTION('',(0.,0.,1.));
#3823 = DIRECTION('',(1.,0.,-0.));
#3824 = ADVANCED_FACE('',(#3825),#3844,.T.);
#3825 = FACE_BOUND('',#3826,.T.);
#3826 = EDGE_LOOP('',(#3827,#3835,#3842,#3843));
#3827 = ORIENTED_EDGE('',*,*,#3828,.T.);
#3828 = EDGE_CURVE('',#3610,#3829,#3831,.T.);
#3829 = VERTEX_POINT('',#3830);
#3830 = CARTESIAN_POINT('',(0.6,-0.585,1.17));
#3831 = LINE('',#3832,#3833);
#3832 = CARTESIAN_POINT('',(-0.6,-0.585,1.17));
#3833 = VECTOR('',#3834,1.);
#3834 = DIRECTION('',(1.,0.,0.));
#3835 = ORIENTED_EDGE('',*,*,#3836,.T.);
#3836 = EDGE_CURVE('',#3829,#3806,#3837,.T.);
#3837 = CIRCLE('',#3838,4.E-02);
#3838 = AXIS2_PLACEMENT_3D('',#3839,#3840,#3841);
#3839 = CARTESIAN_POINT('',(0.6,-0.545,1.17));
#3840 = DIRECTION('',(-1.,0.,0.));
#3841 = DIRECTION('',(0.,0.,1.));
#3842 = ORIENTED_EDGE('',*,*,#3805,.F.);
#3843 = ORIENTED_EDGE('',*,*,#3617,.F.);
#3844 = CYLINDRICAL_SURFACE('',#3845,4.E-02);
#3845 = AXIS2_PLACEMENT_3D('',#3846,#3847,#3848);
#3846 = CARTESIAN_POINT('',(-0.6,-0.545,1.17));
#3847 = DIRECTION('',(1.,0.,0.));
#3848 = DIRECTION('',(0.,-1.,0.));
#3849 = ADVANCED_FACE('',(#3850),#3861,.F.);
#3850 = FACE_BOUND('',#3851,.F.);
#3851 = EDGE_LOOP('',(#3852,#3858,#3859,#3860));
#3852 = ORIENTED_EDGE('',*,*,#3853,.F.);
#3853 = EDGE_CURVE('',#3684,#3829,#3854,.T.);
#3854 = LINE('',#3855,#3856);
#3855 = CARTESIAN_POINT('',(0.6,-0.585,4.E-02));
#3856 = VECTOR('',#3857,1.);
#3857 = DIRECTION('',(0.,0.,1.));
#3858 = ORIENTED_EDGE('',*,*,#3692,.F.);
#3859 = ORIENTED_EDGE('',*,*,#3609,.T.);
#3860 = ORIENTED_EDGE('',*,*,#3828,.T.);
#3861 = PLANE('',#3862);
#3862 = AXIS2_PLACEMENT_3D('',#3863,#3864,#3865);
#3863 = CARTESIAN_POINT('',(-0.6,-0.585,4.E-02));
#3864 = DIRECTION('',(0.,1.,0.));
#3865 = DIRECTION('',(0.,-0.,1.));
#3866 = ADVANCED_FACE('',(#3867,#3937),#3947,.F.);
#3867 = FACE_BOUND('',#3868,.F.);
#3868 = EDGE_LOOP('',(#3869,#3879,#3888,#3896,#3905,#3913,#3922,#3930));
#3869 = ORIENTED_EDGE('',*,*,#3870,.F.);
#3870 = EDGE_CURVE('',#3871,#3873,#3875,.T.);
#3871 = VERTEX_POINT('',#3872);
#3872 = CARTESIAN_POINT('',(0.6,-0.625,4.E-02));
#3873 = VERTEX_POINT('',#3874);
#3874 = CARTESIAN_POINT('',(0.6,-0.625,1.21));
#3875 = LINE('',#3876,#3877);
#3876 = CARTESIAN_POINT('',(0.6,-0.625,0.));
#3877 = VECTOR('',#3878,1.);
#3878 = DIRECTION('',(0.,0.,1.));
#3879 = ORIENTED_EDGE('',*,*,#3880,.T.);
#3880 = EDGE_CURVE('',#3871,#3881,#3883,.T.);
#3881 = VERTEX_POINT('',#3882);
#3882 = CARTESIAN_POINT('',(0.6,-0.585,0.));
#3883 = CIRCLE('',#3884,4.E-02);
#3884 = AXIS2_PLACEMENT_3D('',#3885,#3886,#3887);
#3885 = CARTESIAN_POINT('',(0.6,-0.585,4.E-02));
#3886 = DIRECTION('',(1.,0.,-0.));
#3887 = DIRECTION('',(0.,0.,1.));
#3888 = ORIENTED_EDGE('',*,*,#3889,.T.);
#3889 = EDGE_CURVE('',#3881,#3890,#3892,.T.);
#3890 = VERTEX_POINT('',#3891);
#3891 = CARTESIAN_POINT('',(0.6,0.585,0.));
#3892 = LINE('',#3893,#3894);
#3893 = CARTESIAN_POINT('',(0.6,-0.625,0.));
#3894 = VECTOR('',#3895,1.);
#3895 = DIRECTION('',(0.,1.,0.));
#3896 = ORIENTED_EDGE('',*,*,#3897,.F.);
#3897 = EDGE_CURVE('',#3898,#3890,#3900,.T.);
#3898 = VERTEX_POINT('',#3899);
#3899 = CARTESIAN_POINT('',(0.6,0.625,4.E-02));
#3900 = CIRCLE('',#3901,4.E-02);
#3901 = AXIS2_PLACEMENT_3D('',#3902,#3903,#3904);
#3902 = CARTESIAN_POINT('',(0.6,0.585,4.E-02));
#3903 = DIRECTION('',(-1.,0.,0.));
#3904 = DIRECTION('',(0.,0.,1.));
#3905 = ORIENTED_EDGE('',*,*,#3906,.T.);
#3906 = EDGE_CURVE('',#3898,#3907,#3909,.T.);
#3907 = VERTEX_POINT('',#3908);
#3908 = CARTESIAN_POINT('',(0.6,0.625,1.21));
#3909 = LINE('',#3910,#3911);
#3910 = CARTESIAN_POINT('',(0.6,0.625,0.));
#3911 = VECTOR('',#3912,1.);
#3912 = DIRECTION('',(0.,0.,1.));
#3913 = ORIENTED_EDGE('',*,*,#3914,.T.);
#3914 = EDGE_CURVE('',#3907,#3915,#3917,.T.);
#3915 = VERTEX_POINT('',#3916);
#3916 = CARTESIAN_POINT('',(0.6,0.585,1.25));
#3917 = CIRCLE('',#3918,4.E-02);
#3918 = AXIS2_PLACEMENT_3D('',#3919,#3920,#3921);
#3919 = CARTESIAN_POINT('',(0.6,0.585,1.21));
#3920 = DIRECTION('',(1.,0.,-0.));
#3921 = DIRECTION('',(0.,0.,1.));
#3922 = ORIENTED_EDGE('',*,*,#3923,.F.);
#3923 = EDGE_CURVE('',#3924,#3915,#3926,.T.);
#3924 = VERTEX_POINT('',#3925);
#3925 = CARTESIAN_POINT('',(0.6,-0.585,1.25));
#3926 = LINE('',#3927,#3928);
#3927 = CARTESIAN_POINT('',(0.6,-0.625,1.25));
#3928 = VECTOR('',#3929,1.);
#3929 = DIRECTION('',(0.,1.,0.));
#3930 = ORIENTED_EDGE('',*,*,#3931,.F.);
#3931 = EDGE_CURVE('',#3873,#3924,#3932,.T.);
#3932 = CIRCLE('',#3933,4.E-02);
#3933 = AXIS2_PLACEMENT_3D('',#3934,#3935,#3936);
#3934 = CARTESIAN_POINT('',(0.6,-0.585,1.21));
#3935 = DIRECTION('',(-1.,0.,0.));
#3936 = DIRECTION('',(0.,0.,1.));
#3937 = FACE_BOUND('',#3938,.F.);
#3938 = EDGE_LOOP('',(#3939,#3940,#3941,#3942,#3943,#3944,#3945,#3946));
#3939 = ORIENTED_EDGE('',*,*,#3683,.F.);
#3940 = ORIENTED_EDGE('',*,*,#3853,.T.);
#3941 = ORIENTED_EDGE('',*,*,#3836,.T.);
#3942 = ORIENTED_EDGE('',*,*,#3813,.T.);
#3943 = ORIENTED_EDGE('',*,*,#3788,.F.);
#3944 = ORIENTED_EDGE('',*,*,#3755,.F.);
#3945 = ORIENTED_EDGE('',*,*,#3738,.T.);
#3946 = ORIENTED_EDGE('',*,*,#3708,.F.);
#3947 = PLANE('',#3948);
#3948 = AXIS2_PLACEMENT_3D('',#3949,#3950,#3951);
#3949 = CARTESIAN_POINT('',(0.6,-0.625,0.));
#3950 = DIRECTION('',(1.,0.,0.));
#3951 = DIRECTION('',(0.,0.,1.));
#3952 = ADVANCED_FACE('',(#3953),#3978,.F.);
#3953 = FACE_BOUND('',#3954,.F.);
#3954 = EDGE_LOOP('',(#3955,#3965,#3971,#3972));
#3955 = ORIENTED_EDGE('',*,*,#3956,.F.);
#3956 = EDGE_CURVE('',#3957,#3959,#3961,.T.);
#3957 = VERTEX_POINT('',#3958);
#3958 = CARTESIAN_POINT('',(1.,-0.625,4.E-02));
#3959 = VERTEX_POINT('',#3960);
#3960 = CARTESIAN_POINT('',(1.,-0.625,1.21));
#3961 = LINE('',#3962,#3963);
#3962 = CARTESIAN_POINT('',(1.,-0.625,0.));
#3963 = VECTOR('',#3964,1.);
#3964 = DIRECTION('',(0.,0.,1.));
#3965 = ORIENTED_EDGE('',*,*,#3966,.F.);
#3966 = EDGE_CURVE('',#3871,#3957,#3967,.T.);
#3967 = LINE('',#3968,#3969);
#3968 = CARTESIAN_POINT('',(0.6,-0.625,4.E-02));
#3969 = VECTOR('',#3970,1.);
#3970 = DIRECTION('',(1.,0.,0.));
#3971 = ORIENTED_EDGE('',*,*,#3870,.T.);
#3972 = ORIENTED_EDGE('',*,*,#3973,.T.);
#3973 = EDGE_CURVE('',#3873,#3959,#3974,.T.);
#3974 = LINE('',#3975,#3976);
#3975 = CARTESIAN_POINT('',(0.6,-0.625,1.21));
#3976 = VECTOR('',#3977,1.);
#3977 = DIRECTION('',(1.,0.,0.));
#3978 = PLANE('',#3979);
#3979 = AXIS2_PLACEMENT_3D('',#3980,#3981,#3982);
#3980 = CARTESIAN_POINT('',(0.6,-0.625,0.));
#3981 = DIRECTION('',(0.,1.,0.));
#3982 = DIRECTION('',(0.,-0.,1.));
#3983 = ADVANCED_FACE('',(#3984),#4003,.T.);
#3984 = FACE_BOUND('',#3985,.T.);
#3985 = EDGE_LOOP('',(#3986,#3987,#3995,#4002));
#3986 = ORIENTED_EDGE('',*,*,#3880,.T.);
#3987 = ORIENTED_EDGE('',*,*,#3988,.T.);
#3988 = EDGE_CURVE('',#3881,#3989,#3991,.T.);
#3989 = VERTEX_POINT('',#3990);
#3990 = CARTESIAN_POINT('',(1.,-0.585,0.));
#3991 = LINE('',#3992,#3993);
#3992 = CARTESIAN_POINT('',(0.6,-0.585,0.));
#3993 = VECTOR('',#3994,1.);
#3994 = DIRECTION('',(1.,0.,0.));
#3995 = ORIENTED_EDGE('',*,*,#3996,.F.);
#3996 = EDGE_CURVE('',#3957,#3989,#3997,.T.);
#3997 = CIRCLE('',#3998,4.E-02);
#3998 = AXIS2_PLACEMENT_3D('',#3999,#4000,#4001);
#3999 = CARTESIAN_POINT('',(1.,-0.585,4.E-02));
#4000 = DIRECTION('',(1.,0.,-0.));
#4001 = DIRECTION('',(0.,0.,1.));
#4002 = ORIENTED_EDGE('',*,*,#3966,.F.);
#4003 = CYLINDRICAL_SURFACE('',#4004,4.E-02);
#4004 = AXIS2_PLACEMENT_3D('',#4005,#4006,#4007);
#4005 = CARTESIAN_POINT('',(0.6,-0.585,4.E-02));
#4006 = DIRECTION('',(1.,0.,0.));
#4007 = DIRECTION('',(0.,-1.,0.));
#4008 = ADVANCED_FACE('',(#4009),#4028,.T.);
#4009 = FACE_BOUND('',#4010,.T.);
#4010 = EDGE_LOOP('',(#4011,#4012,#4021,#4027));
#4011 = ORIENTED_EDGE('',*,*,#3973,.T.);
#4012 = ORIENTED_EDGE('',*,*,#4013,.T.);
#4013 = EDGE_CURVE('',#3959,#4014,#4016,.T.);
#4014 = VERTEX_POINT('',#4015);
#4015 = CARTESIAN_POINT('',(1.,-0.585,1.25));
#4016 = CIRCLE('',#4017,4.E-02);
#4017 = AXIS2_PLACEMENT_3D('',#4018,#4019,#4020);
#4018 = CARTESIAN_POINT('',(1.,-0.585,1.21));
#4019 = DIRECTION('',(-1.,0.,0.));
#4020 = DIRECTION('',(0.,0.,1.));
#4021 = ORIENTED_EDGE('',*,*,#4022,.F.);
#4022 = EDGE_CURVE('',#3924,#4014,#4023,.T.);
#4023 = LINE('',#4024,#4025);
#4024 = CARTESIAN_POINT('',(0.6,-0.585,1.25));
#4025 = VECTOR('',#4026,1.);
#4026 = DIRECTION('',(1.,0.,0.));
#4027 = ORIENTED_EDGE('',*,*,#3931,.F.);
#4028 = CYLINDRICAL_SURFACE('',#4029,4.E-02);
#4029 = AXIS2_PLACEMENT_3D('',#4030,#4031,#4032);
#4030 = CARTESIAN_POINT('',(0.6,-0.585,1.21));
#4031 = DIRECTION('',(1.,0.,0.));
#4032 = DIRECTION('',(0.,-1.,0.));
#4033 = ADVANCED_FACE('',(#4034),#4052,.F.);
#4034 = FACE_BOUND('',#4035,.F.);
#4035 = EDGE_LOOP('',(#4036,#4037,#4038,#4046));
#4036 = ORIENTED_EDGE('',*,*,#3889,.F.);
#4037 = ORIENTED_EDGE('',*,*,#3988,.T.);
#4038 = ORIENTED_EDGE('',*,*,#4039,.T.);
#4039 = EDGE_CURVE('',#3989,#4040,#4042,.T.);
#4040 = VERTEX_POINT('',#4041);
#4041 = CARTESIAN_POINT('',(1.,0.585,0.));
#4042 = LINE('',#4043,#4044);
#4043 = CARTESIAN_POINT('',(1.,-0.625,0.));
#4044 = VECTOR('',#4045,1.);
#4045 = DIRECTION('',(0.,1.,0.));
#4046 = ORIENTED_EDGE('',*,*,#4047,.F.);
#4047 = EDGE_CURVE('',#3890,#4040,#4048,.T.);
#4048 = LINE('',#4049,#4050);
#4049 = CARTESIAN_POINT('',(0.6,0.585,0.));
#4050 = VECTOR('',#4051,1.);
#4051 = DIRECTION('',(1.,0.,0.));
#4052 = PLANE('',#4053);
#4053 = AXIS2_PLACEMENT_3D('',#4054,#4055,#4056);
#4054 = CARTESIAN_POINT('',(0.6,-0.625,0.));
#4055 = DIRECTION('',(0.,0.,1.));
#4056 = DIRECTION('',(1.,0.,-0.));
#4057 = ADVANCED_FACE('',(#4058),#4076,.T.);
#4058 = FACE_BOUND('',#4059,.T.);
#4059 = EDGE_LOOP('',(#4060,#4061,#4062,#4070));
#4060 = ORIENTED_EDGE('',*,*,#3923,.F.);
#4061 = ORIENTED_EDGE('',*,*,#4022,.T.);
#4062 = ORIENTED_EDGE('',*,*,#4063,.T.);
#4063 = EDGE_CURVE('',#4014,#4064,#4066,.T.);
#4064 = VERTEX_POINT('',#4065);
#4065 = CARTESIAN_POINT('',(1.,0.585,1.25));
#4066 = LINE('',#4067,#4068);
#4067 = CARTESIAN_POINT('',(1.,-0.625,1.25));
#4068 = VECTOR('',#4069,1.);
#4069 = DIRECTION('',(0.,1.,0.));
#4070 = ORIENTED_EDGE('',*,*,#4071,.F.);
#4071 = EDGE_CURVE('',#3915,#4064,#4072,.T.);
#4072 = LINE('',#4073,#4074);
#4073 = CARTESIAN_POINT('',(0.6,0.585,1.25));
#4074 = VECTOR('',#4075,1.);
#4075 = DIRECTION('',(1.,0.,0.));
#4076 = PLANE('',#4077);
#4077 = AXIS2_PLACEMENT_3D('',#4078,#4079,#4080);
#4078 = CARTESIAN_POINT('',(0.6,-0.625,1.25));
#4079 = DIRECTION('',(0.,0.,1.));
#4080 = DIRECTION('',(1.,0.,-0.));
#4081 = ADVANCED_FACE('',(#4082),#4101,.T.);
#4082 = FACE_BOUND('',#4083,.T.);
#4083 = EDGE_LOOP('',(#4084,#4092,#4099,#4100));
#4084 = ORIENTED_EDGE('',*,*,#4085,.T.);
#4085 = EDGE_CURVE('',#3898,#4086,#4088,.T.);
#4086 = VERTEX_POINT('',#4087);
#4087 = CARTESIAN_POINT('',(1.,0.625,4.E-02));
#4088 = LINE('',#4089,#4090);
#4089 = CARTESIAN_POINT('',(0.6,0.625,4.E-02));
#4090 = VECTOR('',#4091,1.);
#4091 = DIRECTION('',(1.,0.,0.));
#4092 = ORIENTED_EDGE('',*,*,#4093,.T.);
#4093 = EDGE_CURVE('',#4086,#4040,#4094,.T.);
#4094 = CIRCLE('',#4095,4.E-02);
#4095 = AXIS2_PLACEMENT_3D('',#4096,#4097,#4098);
#4096 = CARTESIAN_POINT('',(1.,0.585,4.E-02));
#4097 = DIRECTION('',(-1.,0.,0.));
#4098 = DIRECTION('',(0.,0.,1.));
#4099 = ORIENTED_EDGE('',*,*,#4047,.F.);
#4100 = ORIENTED_EDGE('',*,*,#3897,.F.);
#4101 = CYLINDRICAL_SURFACE('',#4102,4.E-02);
#4102 = AXIS2_PLACEMENT_3D('',#4103,#4104,#4105);
#4103 = CARTESIAN_POINT('',(0.6,0.585,4.E-02));
#4104 = DIRECTION('',(1.,0.,0.));
#4105 = DIRECTION('',(-0.,1.,0.));
#4106 = ADVANCED_FACE('',(#4107),#4126,.T.);
#4107 = FACE_BOUND('',#4108,.T.);
#4108 = EDGE_LOOP('',(#4109,#4110,#4111,#4120));
#4109 = ORIENTED_EDGE('',*,*,#3914,.T.);
#4110 = ORIENTED_EDGE('',*,*,#4071,.T.);
#4111 = ORIENTED_EDGE('',*,*,#4112,.F.);
#4112 = EDGE_CURVE('',#4113,#4064,#4115,.T.);
#4113 = VERTEX_POINT('',#4114);
#4114 = CARTESIAN_POINT('',(1.,0.625,1.21));
#4115 = CIRCLE('',#4116,4.E-02);
#4116 = AXIS2_PLACEMENT_3D('',#4117,#4118,#4119);
#4117 = CARTESIAN_POINT('',(1.,0.585,1.21));
#4118 = DIRECTION('',(1.,0.,-0.));
#4119 = DIRECTION('',(0.,0.,1.));
#4120 = ORIENTED_EDGE('',*,*,#4121,.F.);
#4121 = EDGE_CURVE('',#3907,#4113,#4122,.T.);
#4122 = LINE('',#4123,#4124);
#4123 = CARTESIAN_POINT('',(0.6,0.625,1.21));
#4124 = VECTOR('',#4125,1.);
#4125 = DIRECTION('',(1.,0.,0.));
#4126 = CYLINDRICAL_SURFACE('',#4127,4.E-02);
#4127 = AXIS2_PLACEMENT_3D('',#4128,#4129,#4130);
#4128 = CARTESIAN_POINT('',(0.6,0.585,1.21));
#4129 = DIRECTION('',(1.,0.,0.));
#4130 = DIRECTION('',(-0.,1.,0.));
#4131 = ADVANCED_FACE('',(#4132),#4143,.T.);
#4132 = FACE_BOUND('',#4133,.T.);
#4133 = EDGE_LOOP('',(#4134,#4140,#4141,#4142));
#4134 = ORIENTED_EDGE('',*,*,#4135,.F.);
#4135 = EDGE_CURVE('',#4086,#4113,#4136,.T.);
#4136 = LINE('',#4137,#4138);
#4137 = CARTESIAN_POINT('',(1.,0.625,0.));
#4138 = VECTOR('',#4139,1.);
#4139 = DIRECTION('',(0.,0.,1.));
#4140 = ORIENTED_EDGE('',*,*,#4085,.F.);
#4141 = ORIENTED_EDGE('',*,*,#3906,.T.);
#4142 = ORIENTED_EDGE('',*,*,#4121,.T.);
#4143 = PLANE('',#4144);
#4144 = AXIS2_PLACEMENT_3D('',#4145,#4146,#4147);
#4145 = CARTESIAN_POINT('',(0.6,0.625,0.));
#4146 = DIRECTION('',(0.,1.,0.));
#4147 = DIRECTION('',(0.,-0.,1.));
#4148 = ADVANCED_FACE('',(#4149),#4159,.T.);
#4149 = FACE_BOUND('',#4150,.T.);
#4150 = EDGE_LOOP('',(#4151,#4152,#4153,#4154,#4155,#4156,#4157,#4158));
#4151 = ORIENTED_EDGE('',*,*,#3956,.F.);
#4152 = ORIENTED_EDGE('',*,*,#3996,.T.);
#4153 = ORIENTED_EDGE('',*,*,#4039,.T.);
#4154 = ORIENTED_EDGE('',*,*,#4093,.F.);
#4155 = ORIENTED_EDGE('',*,*,#4135,.T.);
#4156 = ORIENTED_EDGE('',*,*,#4112,.T.);
#4157 = ORIENTED_EDGE('',*,*,#4063,.F.);
#4158 = ORIENTED_EDGE('',*,*,#4013,.F.);
#4159 = PLANE('',#4160);
#4160 = AXIS2_PLACEMENT_3D('',#4161,#4162,#4163);
#4161 = CARTESIAN_POINT('',(1.,-0.625,0.));
#4162 = DIRECTION('',(1.,0.,0.));
#4163 = DIRECTION('',(0.,0.,1.));
#4164 = ( GEOMETRIC_REPRESENTATION_CONTEXT(3) 
GLOBAL_UNCERTAINTY_ASSIGNED_CONTEXT((#4168)) 
GLOBAL_UNIT_ASSIGNED_CONTEXT((#4165,#4166,#4167)) REPRESENTATION_CONTEXT
('Context #1','3D Context with UNIT and UNCERTAINTY') );
#4165 = ( LENGTH_UNIT() NAMED_UNIT(*) SI_UNIT(.MILLI.,.METRE.) );
#4166 = ( NAMED_UNIT(*) PLANE_ANGLE_UNIT() SI_UNIT($,.RADIAN.) );
#4167 = ( NAMED_UNIT(*) SI_UNIT($,.STERADIAN.) SOLID_ANGLE_UNIT() );
#4168 = UNCERTAINTY_MEASURE_WITH_UNIT(LENGTH_MEASURE(1.E-07),#4165,
  'distance_accuracy_value','confusion accuracy');
#4169 = CONTEXT_DEPENDENT_SHAPE_REPRESENTATION(#4170,#4172);
#4170 = ( REPRESENTATION_RELATIONSHIP('','',#3309,#3286) 
REPRESENTATION_RELATIONSHIP_WITH_TRANSFORMATION(#4171) 
SHAPE_REPRESENTATION_RELATIONSHIP() );
#4171 = ITEM_DEFINED_TRANSFORMATION('','',#11,#3287);
#4172 = PRODUCT_DEFINITION_SHAPE('Placement','Placement of an item',
  #4173);
#4173 = NEXT_ASSEMBLY_USAGE_OCCURRENCE('3','=>[0:1:1:5]','',#3281,#3304,
  $);
#4174 = PRODUCT_RELATED_PRODUCT_CATEGORY('part',$,(#3306));
#4175 = SHAPE_DEFINITION_REPRESENTATION(#4176,#4182);
#4176 = PRODUCT_DEFINITION_SHAPE('','',#4177);
#4177 = PRODUCT_DEFINITION('design','',#4178,#4181);
#4178 = PRODUCT_DEFINITION_FORMATION('','',#4179);
#4179 = PRODUCT('PhoenixContact_MC_1,5_2-G-3.5_1x02_P3.50mm_Horizontal',
  'PhoenixContact_MC_1,5_2-G-3.5_1x02_P3.50mm_Horizontal','',(#4180));
#4180 = PRODUCT_CONTEXT('',#2,'mechanical');
#4181 = PRODUCT_DEFINITION_CONTEXT('part definition',#2,'design');
#4182 = SHAPE_REPRESENTATION('',(#11,#4183),#4187);
#4183 = AXIS2_PLACEMENT_3D('',#4184,#4185,#4186);
#4184 = CARTESIAN_POINT('',(0.,0.,0.));
#4185 = DIRECTION('',(0.,0.,1.));
#4186 = DIRECTION('',(1.,0.,-0.));
#4187 = ( GEOMETRIC_REPRESENTATION_CONTEXT(3) 
GLOBAL_UNCERTAINTY_ASSIGNED_CONTEXT((#4191)) 
GLOBAL_UNIT_ASSIGNED_CONTEXT((#4188,#4189,#4190)) REPRESENTATION_CONTEXT
('Context #1','3D Context with UNIT and UNCERTAINTY') );
#4188 = ( LENGTH_UNIT() NAMED_UNIT(*) SI_UNIT(.MILLI.,.METRE.) );
#4189 = ( NAMED_UNIT(*) PLANE_ANGLE_UNIT() SI_UNIT($,.RADIAN.) );
#4190 = ( NAMED_UNIT(*) SI_UNIT($,.STERADIAN.) SOLID_ANGLE_UNIT() );
#4191 = UNCERTAINTY_MEASURE_WITH_UNIT(LENGTH_MEASURE(1.E-07),#4188,
  'distance_accuracy_value','confusion accuracy');
#4192 = CONTEXT_DEPENDENT_SHAPE_REPRESENTATION(#4193,#4195);
#4193 = ( REPRESENTATION_RELATIONSHIP('','',#4182,#10) 
REPRESENTATION_RELATIONSHIP_WITH_TRANSFORMATION(#4194) 
SHAPE_REPRESENTATION_RELATIONSHIP() );
#4194 = ITEM_DEFINED_TRANSFORMATION('','',#11,#23);
#4195 = PRODUCT_DEFINITION_SHAPE('Placement','Placement of an item',
  #4196);
#4196 = NEXT_ASSEMBLY_USAGE_OCCURRENCE('6','J13','',#5,#4177,$);
#4197 = PRODUCT_RELATED_PRODUCT_CATEGORY('part',$,(#4179));
#4198 = SHAPE_DEFINITION_REPRESENTATION(#4199,#4205);
#4199 = PRODUCT_DEFINITION_SHAPE('','',#4200);
#4200 = PRODUCT_DEFINITION('design','',#4201,#4204);
#4201 = PRODUCT_DEFINITION_FORMATION('','',#4202);
#4202 = PRODUCT('MC_01x02_G_3_5mm','MC_01x02_G_3_5mm','',(#4203));
#4203 = PRODUCT_CONTEXT('',#2,'mechanical');
#4204 = PRODUCT_DEFINITION_CONTEXT('part definition',#2,'design');
#4205 = ADVANCED_BREP_SHAPE_REPRESENTATION('',(#11,#4206),#6388);
#4206 = MANIFOLD_SOLID_BREP('',#4207);
#4207 = CLOSED_SHELL('',(#4208,#4280,#4311,#4335,#4427,#4681,#4705,#4729
    ,#4753,#4770,#4786,#4817,#4841,#4865,#4882,#4913,#4937,#4961,#4978,
    #5009,#5033,#5057,#5081,#5105,#5129,#5153,#5177,#5202,#5226,#5250,
    #5274,#5298,#5315,#5346,#5370,#5394,#5418,#5442,#5466,#5490,#5514,
    #5538,#5562,#5586,#5611,#5635,#5652,#5683,#5707,#5731,#5748,#5779,
    #5803,#5827,#5844,#5900,#5956,#5968,#5980,#6011,#6035,#6059,#6076,
    #6107,#6131,#6155,#6172,#6203,#6227,#6251,#6268,#6299,#6323,#6347,
    #6364,#6376));
#4208 = ADVANCED_FACE('',(#4209),#4275,.T.);
#4209 = FACE_BOUND('',#4210,.T.);
#4210 = EDGE_LOOP('',(#4211,#4221,#4229,#4237,#4245,#4253,#4261,#4269));
#4211 = ORIENTED_EDGE('',*,*,#4212,.F.);
#4212 = EDGE_CURVE('',#4213,#4215,#4217,.T.);
#4213 = VERTEX_POINT('',#4214);
#4214 = CARTESIAN_POINT('',(-2.45,1.2,7.25));
#4215 = VERTEX_POINT('',#4216);
#4216 = CARTESIAN_POINT('',(-2.45,-4.5,7.25));
#4217 = LINE('',#4218,#4219);
#4218 = CARTESIAN_POINT('',(-2.45,1.2,7.25));
#4219 = VECTOR('',#4220,1.);
#4220 = DIRECTION('',(0.,-1.,2.22044604925E-16));
#4221 = ORIENTED_EDGE('',*,*,#4222,.T.);
#4222 = EDGE_CURVE('',#4213,#4223,#4225,.T.);
#4223 = VERTEX_POINT('',#4224);
#4224 = CARTESIAN_POINT('',(-2.45,1.2,3.330669073875E-16));
#4225 = LINE('',#4226,#4227);
#4226 = CARTESIAN_POINT('',(-2.45,1.2,7.25));
#4227 = VECTOR('',#4228,1.);
#4228 = DIRECTION('',(0.,-2.22044604925E-16,-1.));
#4229 = ORIENTED_EDGE('',*,*,#4230,.T.);
#4230 = EDGE_CURVE('',#4223,#4231,#4233,.T.);
#4231 = VERTEX_POINT('',#4232);
#4232 = CARTESIAN_POINT('',(-2.45,-8.,2.242650509743E-15));
#4233 = LINE('',#4234,#4235);
#4234 = CARTESIAN_POINT('',(-2.45,1.2,0.));
#4235 = VECTOR('',#4236,1.);
#4236 = DIRECTION('',(0.,-1.,2.22044604925E-16));
#4237 = ORIENTED_EDGE('',*,*,#4238,.F.);
#4238 = EDGE_CURVE('',#4239,#4231,#4241,.T.);
#4239 = VERTEX_POINT('',#4240);
#4240 = CARTESIAN_POINT('',(-2.45,-8.,7.25));
#4241 = LINE('',#4242,#4243);
#4242 = CARTESIAN_POINT('',(-2.45,-8.,7.25));
#4243 = VECTOR('',#4244,1.);
#4244 = DIRECTION('',(0.,-2.22044604925E-16,-1.));
#4245 = ORIENTED_EDGE('',*,*,#4246,.F.);
#4246 = EDGE_CURVE('',#4247,#4239,#4249,.T.);
#4247 = VERTEX_POINT('',#4248);
#4248 = CARTESIAN_POINT('',(-2.45,-5.1,7.25));
#4249 = LINE('',#4250,#4251);
#4250 = CARTESIAN_POINT('',(-2.45,1.2,7.25));
#4251 = VECTOR('',#4252,1.);
#4252 = DIRECTION('',(0.,-1.,2.22044604925E-16));
#4253 = ORIENTED_EDGE('',*,*,#4254,.F.);
#4254 = EDGE_CURVE('',#4255,#4247,#4257,.T.);
#4255 = VERTEX_POINT('',#4256);
#4256 = CARTESIAN_POINT('',(-2.45,-5.1,7.55));
#4257 = LINE('',#4258,#4259);
#4258 = CARTESIAN_POINT('',(-2.45,-5.1,7.55));
#4259 = VECTOR('',#4260,1.);
#4260 = DIRECTION('',(0.,-2.22044604925E-16,-1.));
#4261 = ORIENTED_EDGE('',*,*,#4262,.F.);
#4262 = EDGE_CURVE('',#4263,#4255,#4265,.T.);
#4263 = VERTEX_POINT('',#4264);
#4264 = CARTESIAN_POINT('',(-2.45,-4.5,7.55));
#4265 = LINE('',#4266,#4267);
#4266 = CARTESIAN_POINT('',(-2.45,-4.5,7.55));
#4267 = VECTOR('',#4268,1.);
#4268 = DIRECTION('',(0.,-1.,2.22044604925E-16));
#4269 = ORIENTED_EDGE('',*,*,#4270,.F.);
#4270 = EDGE_CURVE('',#4215,#4263,#4271,.T.);
#4271 = LINE('',#4272,#4273);
#4272 = CARTESIAN_POINT('',(-2.45,-4.5,7.25));
#4273 = VECTOR('',#4274,1.);
#4274 = DIRECTION('',(0.,2.22044604925E-16,1.));
#4275 = PLANE('',#4276);
#4276 = AXIS2_PLACEMENT_3D('',#4277,#4278,#4279);
#4277 = CARTESIAN_POINT('',(-2.45,-3.425074626866,3.697985074627));
#4278 = DIRECTION('',(-1.,6.020189357838E-32,-2.057659943858E-32));
#4279 = DIRECTION('',(6.020189357838E-32,1.,-2.22044604925E-16));
#4280 = ADVANCED_FACE('',(#4281),#4306,.F.);
#4281 = FACE_BOUND('',#4282,.F.);
#4282 = EDGE_LOOP('',(#4283,#4291,#4299,#4305));
#4283 = ORIENTED_EDGE('',*,*,#4284,.F.);
#4284 = EDGE_CURVE('',#4285,#4213,#4287,.T.);
#4285 = VERTEX_POINT('',#4286);
#4286 = CARTESIAN_POINT('',(5.95,1.2,7.25));
#4287 = LINE('',#4288,#4289);
#4288 = CARTESIAN_POINT('',(5.95,1.2,7.25));
#4289 = VECTOR('',#4290,1.);
#4290 = DIRECTION('',(-1.,0.,0.));
#4291 = ORIENTED_EDGE('',*,*,#4292,.T.);
#4292 = EDGE_CURVE('',#4285,#4293,#4295,.T.);
#4293 = VERTEX_POINT('',#4294);
#4294 = CARTESIAN_POINT('',(5.95,-4.5,7.25));
#4295 = LINE('',#4296,#4297);
#4296 = CARTESIAN_POINT('',(5.95,1.2,7.25));
#4297 = VECTOR('',#4298,1.);
#4298 = DIRECTION('',(0.,-1.,2.22044604925E-16));
#4299 = ORIENTED_EDGE('',*,*,#4300,.F.);
#4300 = EDGE_CURVE('',#4215,#4293,#4301,.T.);
#4301 = LINE('',#4302,#4303);
#4302 = CARTESIAN_POINT('',(-2.45,-4.5,7.25));
#4303 = VECTOR('',#4304,1.);
#4304 = DIRECTION('',(1.,0.,0.));
#4305 = ORIENTED_EDGE('',*,*,#4212,.F.);
#4306 = PLANE('',#4307);
#4307 = AXIS2_PLACEMENT_3D('',#4308,#4309,#4310);
#4308 = CARTESIAN_POINT('',(5.95,1.2,7.25));
#4309 = DIRECTION('',(0.,-2.22044604925E-16,-1.));
#4310 = DIRECTION('',(-1.,-0.,0.));
#4311 = ADVANCED_FACE('',(#4312),#4330,.F.);
#4312 = FACE_BOUND('',#4313,.F.);
#4313 = EDGE_LOOP('',(#4314,#4322,#4328,#4329));
#4314 = ORIENTED_EDGE('',*,*,#4315,.T.);
#4315 = EDGE_CURVE('',#4223,#4316,#4318,.T.);
#4316 = VERTEX_POINT('',#4317);
#4317 = CARTESIAN_POINT('',(5.95,1.2,3.330669073875E-16));
#4318 = LINE('',#4319,#4320);
#4319 = CARTESIAN_POINT('',(-2.45,1.2,0.));
#4320 = VECTOR('',#4321,1.);
#4321 = DIRECTION('',(1.,0.,0.));
#4322 = ORIENTED_EDGE('',*,*,#4323,.T.);
#4323 = EDGE_CURVE('',#4316,#4285,#4324,.T.);
#4324 = LINE('',#4325,#4326);
#4325 = CARTESIAN_POINT('',(5.95,1.2,0.));
#4326 = VECTOR('',#4327,1.);
#4327 = DIRECTION('',(0.,2.22044604925E-16,1.));
#4328 = ORIENTED_EDGE('',*,*,#4284,.T.);
#4329 = ORIENTED_EDGE('',*,*,#4222,.T.);
#4330 = PLANE('',#4331);
#4331 = AXIS2_PLACEMENT_3D('',#4332,#4333,#4334);
#4332 = CARTESIAN_POINT('',(1.75,1.2,3.625));
#4333 = DIRECTION('',(0.,-1.,2.22044604925E-16));
#4334 = DIRECTION('',(1.,0.,0.));
#4335 = ADVANCED_FACE('',(#4336,#4354,#4388),#4422,.F.);
#4336 = FACE_BOUND('',#4337,.F.);
#4337 = EDGE_LOOP('',(#4338,#4339,#4347,#4353));
#4338 = ORIENTED_EDGE('',*,*,#4230,.T.);
#4339 = ORIENTED_EDGE('',*,*,#4340,.T.);
#4340 = EDGE_CURVE('',#4231,#4341,#4343,.T.);
#4341 = VERTEX_POINT('',#4342);
#4342 = CARTESIAN_POINT('',(5.95,-8.,2.242650509743E-15));
#4343 = LINE('',#4344,#4345);
#4344 = CARTESIAN_POINT('',(-2.45,-8.,2.22044604925E-15));
#4345 = VECTOR('',#4346,1.);
#4346 = DIRECTION('',(1.,0.,0.));
#4347 = ORIENTED_EDGE('',*,*,#4348,.F.);
#4348 = EDGE_CURVE('',#4316,#4341,#4349,.T.);
#4349 = LINE('',#4350,#4351);
#4350 = CARTESIAN_POINT('',(5.95,1.2,0.));
#4351 = VECTOR('',#4352,1.);
#4352 = DIRECTION('',(0.,-1.,2.22044604925E-16));
#4353 = ORIENTED_EDGE('',*,*,#4315,.F.);
#4354 = FACE_BOUND('',#4355,.F.);
#4355 = EDGE_LOOP('',(#4356,#4366,#4374,#4382));
#4356 = ORIENTED_EDGE('',*,*,#4357,.F.);
#4357 = EDGE_CURVE('',#4358,#4360,#4362,.T.);
#4358 = VERTEX_POINT('',#4359);
#4359 = CARTESIAN_POINT('',(0.425,0.425,0.));
#4360 = VERTEX_POINT('',#4361);
#4361 = CARTESIAN_POINT('',(-0.425,0.425,0.));
#4362 = LINE('',#4363,#4364);
#4363 = CARTESIAN_POINT('',(-1.4375,0.425,3.080868893335E-16));
#4364 = VECTOR('',#4365,1.);
#4365 = DIRECTION('',(-1.,0.,0.));
#4366 = ORIENTED_EDGE('',*,*,#4367,.T.);
#4367 = EDGE_CURVE('',#4358,#4368,#4370,.T.);
#4368 = VERTEX_POINT('',#4369);
#4369 = CARTESIAN_POINT('',(0.425,-0.425,4.440892098501E-16));
#4370 = LINE('',#4371,#4372);
#4371 = CARTESIAN_POINT('',(0.425,-0.297319256446,3.330669073875E-16));
#4372 = VECTOR('',#4373,1.);
#4373 = DIRECTION('',(0.,-1.,2.22044604925E-16));
#4374 = ORIENTED_EDGE('',*,*,#4375,.F.);
#4375 = EDGE_CURVE('',#4376,#4368,#4378,.T.);
#4376 = VERTEX_POINT('',#4377);
#4377 = CARTESIAN_POINT('',(-0.425,-0.425,4.440892098501E-16));
#4378 = LINE('',#4379,#4380);
#4379 = CARTESIAN_POINT('',(-1.4375,-0.425,4.024558464266E-16));
#4380 = VECTOR('',#4381,1.);
#4381 = DIRECTION('',(1.,0.,0.));
#4382 = ORIENTED_EDGE('',*,*,#4383,.F.);
#4383 = EDGE_CURVE('',#4360,#4376,#4384,.T.);
#4384 = LINE('',#4385,#4386);
#4385 = CARTESIAN_POINT('',(-0.425,-0.297319256446,3.330669073875E-16));
#4386 = VECTOR('',#4387,1.);
#4387 = DIRECTION('',(0.,-1.,2.22044604925E-16));
#4388 = FACE_BOUND('',#4389,.F.);
#4389 = EDGE_LOOP('',(#4390,#4400,#4408,#4416));
#4390 = ORIENTED_EDGE('',*,*,#4391,.F.);
#4391 = EDGE_CURVE('',#4392,#4394,#4396,.T.);
#4392 = VERTEX_POINT('',#4393);
#4393 = CARTESIAN_POINT('',(3.075,0.425,0.));
#4394 = VERTEX_POINT('',#4395);
#4395 = CARTESIAN_POINT('',(3.075,-0.425,4.440892098501E-16));
#4396 = LINE('',#4397,#4398);
#4397 = CARTESIAN_POINT('',(3.075,-0.297319256446,3.330669073875E-16));
#4398 = VECTOR('',#4399,1.);
#4399 = DIRECTION('',(0.,-1.,2.22044604925E-16));
#4400 = ORIENTED_EDGE('',*,*,#4401,.F.);
#4401 = EDGE_CURVE('',#4402,#4392,#4404,.T.);
#4402 = VERTEX_POINT('',#4403);
#4403 = CARTESIAN_POINT('',(3.925,0.425,0.));
#4404 = LINE('',#4405,#4406);
#4405 = CARTESIAN_POINT('',(0.3125,0.425,3.080868893335E-16));
#4406 = VECTOR('',#4407,1.);
#4407 = DIRECTION('',(-1.,0.,0.));
#4408 = ORIENTED_EDGE('',*,*,#4409,.T.);
#4409 = EDGE_CURVE('',#4402,#4410,#4412,.T.);
#4410 = VERTEX_POINT('',#4411);
#4411 = CARTESIAN_POINT('',(3.925,-0.425,4.440892098501E-16));
#4412 = LINE('',#4413,#4414);
#4413 = CARTESIAN_POINT('',(3.925,-0.297319256446,3.330669073875E-16));
#4414 = VECTOR('',#4415,1.);
#4415 = DIRECTION('',(0.,-1.,2.22044604925E-16));
#4416 = ORIENTED_EDGE('',*,*,#4417,.F.);
#4417 = EDGE_CURVE('',#4394,#4410,#4418,.T.);
#4418 = LINE('',#4419,#4420);
#4419 = CARTESIAN_POINT('',(0.3125,-0.425,4.024558464266E-16));
#4420 = VECTOR('',#4421,1.);
#4421 = DIRECTION('',(1.,0.,0.));
#4422 = PLANE('',#4423);
#4423 = AXIS2_PLACEMENT_3D('',#4424,#4425,#4426);
#4424 = CARTESIAN_POINT('',(-2.45,1.2,0.));
#4425 = DIRECTION('',(0.,2.22044604925E-16,1.));
#4426 = DIRECTION('',(1.,0.,-0.));
#4427 = ADVANCED_FACE('',(#4428,#4446,#4561),#4676,.T.);
#4428 = FACE_BOUND('',#4429,.T.);
#4429 = EDGE_LOOP('',(#4430,#4431,#4439,#4445));
#4430 = ORIENTED_EDGE('',*,*,#4340,.T.);
#4431 = ORIENTED_EDGE('',*,*,#4432,.T.);
#4432 = EDGE_CURVE('',#4341,#4433,#4435,.T.);
#4433 = VERTEX_POINT('',#4434);
#4434 = CARTESIAN_POINT('',(5.95,-8.,7.25));
#4435 = LINE('',#4436,#4437);
#4436 = CARTESIAN_POINT('',(5.95,-8.,2.22044604925E-15));
#4437 = VECTOR('',#4438,1.);
#4438 = DIRECTION('',(0.,2.22044604925E-16,1.));
#4439 = ORIENTED_EDGE('',*,*,#4440,.T.);
#4440 = EDGE_CURVE('',#4433,#4239,#4441,.T.);
#4441 = LINE('',#4442,#4443);
#4442 = CARTESIAN_POINT('',(5.95,-8.,7.25));
#4443 = VECTOR('',#4444,1.);
#4444 = DIRECTION('',(-1.,0.,0.));
#4445 = ORIENTED_EDGE('',*,*,#4238,.T.);
#4446 = FACE_BOUND('',#4447,.T.);
#4447 = EDGE_LOOP('',(#4448,#4458,#4466,#4474,#4482,#4490,#4498,#4507,
    #4515,#4523,#4531,#4539,#4547,#4555));
#4448 = ORIENTED_EDGE('',*,*,#4449,.T.);
#4449 = EDGE_CURVE('',#4450,#4452,#4454,.T.);
#4450 = VERTEX_POINT('',#4451);
#4451 = CARTESIAN_POINT('',(5.,-8.,6.5));
#4452 = VERTEX_POINT('',#4453);
#4453 = CARTESIAN_POINT('',(4.75,-8.,5.7));
#4454 = LINE('',#4455,#4456);
#4455 = CARTESIAN_POINT('',(5.,-8.,6.5));
#4456 = VECTOR('',#4457,1.);
#4457 = DIRECTION('',(-0.298274993136,-2.119371296316E-16,
    -0.954479978035));
#4458 = ORIENTED_EDGE('',*,*,#4459,.T.);
#4459 = EDGE_CURVE('',#4452,#4460,#4462,.T.);
#4460 = VERTEX_POINT('',#4461);
#4461 = CARTESIAN_POINT('',(4.25,-8.,5.7));
#4462 = LINE('',#4463,#4464);
#4463 = CARTESIAN_POINT('',(4.75,-8.,5.7));
#4464 = VECTOR('',#4465,1.);
#4465 = DIRECTION('',(-1.,0.,0.));
#4466 = ORIENTED_EDGE('',*,*,#4467,.T.);
#4467 = EDGE_CURVE('',#4460,#4468,#4470,.T.);
#4468 = VERTEX_POINT('',#4469);
#4469 = CARTESIAN_POINT('',(4.25,-8.,4.8));
#4470 = LINE('',#4471,#4472);
#4471 = CARTESIAN_POINT('',(4.25,-8.,5.7));
#4472 = VECTOR('',#4473,1.);
#4473 = DIRECTION('',(0.,-2.22044604925E-16,-1.));
#4474 = ORIENTED_EDGE('',*,*,#4475,.T.);
#4475 = EDGE_CURVE('',#4468,#4476,#4478,.T.);
#4476 = VERTEX_POINT('',#4477);
#4477 = CARTESIAN_POINT('',(5.,-8.,4.8));
#4478 = LINE('',#4479,#4480);
#4479 = CARTESIAN_POINT('',(4.25,-8.,4.8));
#4480 = VECTOR('',#4481,1.);
#4481 = DIRECTION('',(1.,0.,0.));
#4482 = ORIENTED_EDGE('',*,*,#4483,.T.);
#4483 = EDGE_CURVE('',#4476,#4484,#4486,.T.);
#4484 = VERTEX_POINT('',#4485);
#4485 = CARTESIAN_POINT('',(5.,-8.,0.5));
#4486 = LINE('',#4487,#4488);
#4487 = CARTESIAN_POINT('',(5.,-8.,4.8));
#4488 = VECTOR('',#4489,1.);
#4489 = DIRECTION('',(0.,-2.22044604925E-16,-1.));
#4490 = ORIENTED_EDGE('',*,*,#4491,.T.);
#4491 = EDGE_CURVE('',#4484,#4492,#4494,.T.);
#4492 = VERTEX_POINT('',#4493);
#4493 = CARTESIAN_POINT('',(4.5,-8.,0.5));
#4494 = LINE('',#4495,#4496);
#4495 = CARTESIAN_POINT('',(5.,-8.,0.5));
#4496 = VECTOR('',#4497,1.);
#4497 = DIRECTION('',(-1.,0.,0.));
#4498 = ORIENTED_EDGE('',*,*,#4499,.T.);
#4499 = EDGE_CURVE('',#4492,#4500,#4502,.T.);
#4500 = VERTEX_POINT('',#4501);
#4501 = CARTESIAN_POINT('',(2.5,-8.,0.5));
#4502 = CIRCLE('',#4503,1.133333333333);
#4503 = AXIS2_PLACEMENT_3D('',#4504,#4505,#4506);
#4504 = CARTESIAN_POINT('',(3.5,-8.,-3.333333333333E-02));
#4505 = DIRECTION('',(1.232595164408E-32,-1.,2.22044604925E-16));
#4506 = DIRECTION('',(0.882352941176,1.044915787883E-16,0.470588235294)
  );
#4507 = ORIENTED_EDGE('',*,*,#4508,.T.);
#4508 = EDGE_CURVE('',#4500,#4509,#4511,.T.);
#4509 = VERTEX_POINT('',#4510);
#4510 = CARTESIAN_POINT('',(2.,-8.,0.5));
#4511 = LINE('',#4512,#4513);
#4512 = CARTESIAN_POINT('',(2.5,-8.,0.5));
#4513 = VECTOR('',#4514,1.);
#4514 = DIRECTION('',(-1.,0.,0.));
#4515 = ORIENTED_EDGE('',*,*,#4516,.T.);
#4516 = EDGE_CURVE('',#4509,#4517,#4519,.T.);
#4517 = VERTEX_POINT('',#4518);
#4518 = CARTESIAN_POINT('',(2.,-8.,4.8));
#4519 = LINE('',#4520,#4521);
#4520 = CARTESIAN_POINT('',(2.,-8.,0.5));
#4521 = VECTOR('',#4522,1.);
#4522 = DIRECTION('',(0.,2.22044604925E-16,1.));
#4523 = ORIENTED_EDGE('',*,*,#4524,.T.);
#4524 = EDGE_CURVE('',#4517,#4525,#4527,.T.);
#4525 = VERTEX_POINT('',#4526);
#4526 = CARTESIAN_POINT('',(2.75,-8.,4.8));
#4527 = LINE('',#4528,#4529);
#4528 = CARTESIAN_POINT('',(2.,-8.,4.8));
#4529 = VECTOR('',#4530,1.);
#4530 = DIRECTION('',(1.,0.,0.));
#4531 = ORIENTED_EDGE('',*,*,#4532,.T.);
#4532 = EDGE_CURVE('',#4525,#4533,#4535,.T.);
#4533 = VERTEX_POINT('',#4534);
#4534 = CARTESIAN_POINT('',(2.75,-8.,5.7));
#4535 = LINE('',#4536,#4537);
#4536 = CARTESIAN_POINT('',(2.75,-8.,4.8));
#4537 = VECTOR('',#4538,1.);
#4538 = DIRECTION('',(0.,2.22044604925E-16,1.));
#4539 = ORIENTED_EDGE('',*,*,#4540,.T.);
#4540 = EDGE_CURVE('',#4533,#4541,#4543,.T.);
#4541 = VERTEX_POINT('',#4542);
#4542 = CARTESIAN_POINT('',(2.25,-8.,5.7));
#4543 = LINE('',#4544,#4545);
#4544 = CARTESIAN_POINT('',(2.75,-8.,5.7));
#4545 = VECTOR('',#4546,1.);
#4546 = DIRECTION('',(-1.,0.,0.));
#4547 = ORIENTED_EDGE('',*,*,#4548,.T.);
#4548 = EDGE_CURVE('',#4541,#4549,#4551,.T.);
#4549 = VERTEX_POINT('',#4550);
#4550 = CARTESIAN_POINT('',(2.,-8.,6.5));
#4551 = LINE('',#4552,#4553);
#4552 = CARTESIAN_POINT('',(2.25,-8.,5.7));
#4553 = VECTOR('',#4554,1.);
#4554 = DIRECTION('',(-0.298274993136,2.119371296316E-16,0.954479978035)
  );
#4555 = ORIENTED_EDGE('',*,*,#4556,.T.);
#4556 = EDGE_CURVE('',#4549,#4450,#4557,.T.);
#4557 = LINE('',#4558,#4559);
#4558 = CARTESIAN_POINT('',(2.,-8.,6.5));
#4559 = VECTOR('',#4560,1.);
#4560 = DIRECTION('',(1.,0.,0.));
#4561 = FACE_BOUND('',#4562,.T.);
#4562 = EDGE_LOOP('',(#4563,#4573,#4581,#4589,#4598,#4606,#4614,#4622,
    #4630,#4638,#4646,#4654,#4662,#4670));
#4563 = ORIENTED_EDGE('',*,*,#4564,.T.);
#4564 = EDGE_CURVE('',#4565,#4567,#4569,.T.);
#4565 = VERTEX_POINT('',#4566);
#4566 = CARTESIAN_POINT('',(0.75,-8.,4.8));
#4567 = VERTEX_POINT('',#4568);
#4568 = CARTESIAN_POINT('',(1.5,-8.,4.8));
#4569 = LINE('',#4570,#4571);
#4570 = CARTESIAN_POINT('',(0.75,-8.,4.8));
#4571 = VECTOR('',#4572,1.);
#4572 = DIRECTION('',(1.,0.,0.));
#4573 = ORIENTED_EDGE('',*,*,#4574,.T.);
#4574 = EDGE_CURVE('',#4567,#4575,#4577,.T.);
#4575 = VERTEX_POINT('',#4576);
#4576 = CARTESIAN_POINT('',(1.5,-8.,0.5));
#4577 = LINE('',#4578,#4579);
#4578 = CARTESIAN_POINT('',(1.5,-8.,4.8));
#4579 = VECTOR('',#4580,1.);
#4580 = DIRECTION('',(0.,-2.22044604925E-16,-1.));
#4581 = ORIENTED_EDGE('',*,*,#4582,.T.);
#4582 = EDGE_CURVE('',#4575,#4583,#4585,.T.);
#4583 = VERTEX_POINT('',#4584);
#4584 = CARTESIAN_POINT('',(1.,-8.,0.5));
#4585 = LINE('',#4586,#4587);
#4586 = CARTESIAN_POINT('',(1.5,-8.,0.5));
#4587 = VECTOR('',#4588,1.);
#4588 = DIRECTION('',(-1.,0.,0.));
#4589 = ORIENTED_EDGE('',*,*,#4590,.T.);
#4590 = EDGE_CURVE('',#4583,#4591,#4593,.T.);
#4591 = VERTEX_POINT('',#4592);
#4592 = CARTESIAN_POINT('',(-1.,-8.,0.5));
#4593 = CIRCLE('',#4594,1.133333333333);
#4594 = AXIS2_PLACEMENT_3D('',#4595,#4596,#4597);
#4595 = CARTESIAN_POINT('',(-5.551115123126E-17,-8.,-3.333333333333E-02)
  );
#4596 = DIRECTION('',(1.232595164408E-32,-1.,2.22044604925E-16));
#4597 = DIRECTION('',(0.882352941176,1.044915787883E-16,0.470588235294)
  );
#4598 = ORIENTED_EDGE('',*,*,#4599,.T.);
#4599 = EDGE_CURVE('',#4591,#4600,#4602,.T.);
#4600 = VERTEX_POINT('',#4601);
#4601 = CARTESIAN_POINT('',(-1.5,-8.,0.5));
#4602 = LINE('',#4603,#4604);
#4603 = CARTESIAN_POINT('',(-1.,-8.,0.5));
#4604 = VECTOR('',#4605,1.);
#4605 = DIRECTION('',(-1.,0.,0.));
#4606 = ORIENTED_EDGE('',*,*,#4607,.T.);
#4607 = EDGE_CURVE('',#4600,#4608,#4610,.T.);
#4608 = VERTEX_POINT('',#4609);
#4609 = CARTESIAN_POINT('',(-1.5,-8.,4.8));
#4610 = LINE('',#4611,#4612);
#4611 = CARTESIAN_POINT('',(-1.5,-8.,0.5));
#4612 = VECTOR('',#4613,1.);
#4613 = DIRECTION('',(0.,2.22044604925E-16,1.));
#4614 = ORIENTED_EDGE('',*,*,#4615,.T.);
#4615 = EDGE_CURVE('',#4608,#4616,#4618,.T.);
#4616 = VERTEX_POINT('',#4617);
#4617 = CARTESIAN_POINT('',(-0.75,-8.,4.8));
#4618 = LINE('',#4619,#4620);
#4619 = CARTESIAN_POINT('',(-1.5,-8.,4.8));
#4620 = VECTOR('',#4621,1.);
#4621 = DIRECTION('',(1.,0.,0.));
#4622 = ORIENTED_EDGE('',*,*,#4623,.T.);
#4623 = EDGE_CURVE('',#4616,#4624,#4626,.T.);
#4624 = VERTEX_POINT('',#4625);
#4625 = CARTESIAN_POINT('',(-0.75,-8.,5.7));
#4626 = LINE('',#4627,#4628);
#4627 = CARTESIAN_POINT('',(-0.75,-8.,4.8));
#4628 = VECTOR('',#4629,1.);
#4629 = DIRECTION('',(0.,2.22044604925E-16,1.));
#4630 = ORIENTED_EDGE('',*,*,#4631,.T.);
#4631 = EDGE_CURVE('',#4624,#4632,#4634,.T.);
#4632 = VERTEX_POINT('',#4633);
#4633 = CARTESIAN_POINT('',(-1.25,-8.,5.7));
#4634 = LINE('',#4635,#4636);
#4635 = CARTESIAN_POINT('',(-0.75,-8.,5.7));
#4636 = VECTOR('',#4637,1.);
#4637 = DIRECTION('',(-1.,0.,0.));
#4638 = ORIENTED_EDGE('',*,*,#4639,.T.);
#4639 = EDGE_CURVE('',#4632,#4640,#4642,.T.);
#4640 = VERTEX_POINT('',#4641);
#4641 = CARTESIAN_POINT('',(-1.5,-8.,6.5));
#4642 = LINE('',#4643,#4644);
#4643 = CARTESIAN_POINT('',(-1.25,-8.,5.7));
#4644 = VECTOR('',#4645,1.);
#4645 = DIRECTION('',(-0.298274993136,2.119371296316E-16,0.954479978035)
  );
#4646 = ORIENTED_EDGE('',*,*,#4647,.T.);
#4647 = EDGE_CURVE('',#4640,#4648,#4650,.T.);
#4648 = VERTEX_POINT('',#4649);
#4649 = CARTESIAN_POINT('',(1.5,-8.,6.5));
#4650 = LINE('',#4651,#4652);
#4651 = CARTESIAN_POINT('',(-1.5,-8.,6.5));
#4652 = VECTOR('',#4653,1.);
#4653 = DIRECTION('',(1.,0.,0.));
#4654 = ORIENTED_EDGE('',*,*,#4655,.T.);
#4655 = EDGE_CURVE('',#4648,#4656,#4658,.T.);
#4656 = VERTEX_POINT('',#4657);
#4657 = CARTESIAN_POINT('',(1.25,-8.,5.7));
#4658 = LINE('',#4659,#4660);
#4659 = CARTESIAN_POINT('',(1.5,-8.,6.5));
#4660 = VECTOR('',#4661,1.);
#4661 = DIRECTION('',(-0.298274993136,-2.119371296316E-16,
    -0.954479978035));
#4662 = ORIENTED_EDGE('',*,*,#4663,.T.);
#4663 = EDGE_CURVE('',#4656,#4664,#4666,.T.);
#4664 = VERTEX_POINT('',#4665);
#4665 = CARTESIAN_POINT('',(0.75,-8.,5.7));
#4666 = LINE('',#4667,#4668);
#4667 = CARTESIAN_POINT('',(1.25,-8.,5.7));
#4668 = VECTOR('',#4669,1.);
#4669 = DIRECTION('',(-1.,0.,0.));
#4670 = ORIENTED_EDGE('',*,*,#4671,.T.);
#4671 = EDGE_CURVE('',#4664,#4565,#4672,.T.);
#4672 = LINE('',#4673,#4674);
#4673 = CARTESIAN_POINT('',(0.75,-8.,5.7));
#4674 = VECTOR('',#4675,1.);
#4675 = DIRECTION('',(0.,-2.22044604925E-16,-1.));
#4676 = PLANE('',#4677);
#4677 = AXIS2_PLACEMENT_3D('',#4678,#4679,#4680);
#4678 = CARTESIAN_POINT('',(1.75,-8.,3.625));
#4679 = DIRECTION('',(0.,-1.,2.22044604925E-16));
#4680 = DIRECTION('',(1.,0.,0.));
#4681 = ADVANCED_FACE('',(#4682),#4700,.F.);
#4682 = FACE_BOUND('',#4683,.F.);
#4683 = EDGE_LOOP('',(#4684,#4692,#4698,#4699));
#4684 = ORIENTED_EDGE('',*,*,#4685,.T.);
#4685 = EDGE_CURVE('',#4247,#4686,#4688,.T.);
#4686 = VERTEX_POINT('',#4687);
#4687 = CARTESIAN_POINT('',(5.95,-5.1,7.25));
#4688 = LINE('',#4689,#4690);
#4689 = CARTESIAN_POINT('',(-2.45,-5.1,7.25));
#4690 = VECTOR('',#4691,1.);
#4691 = DIRECTION('',(1.,0.,0.));
#4692 = ORIENTED_EDGE('',*,*,#4693,.T.);
#4693 = EDGE_CURVE('',#4686,#4433,#4694,.T.);
#4694 = LINE('',#4695,#4696);
#4695 = CARTESIAN_POINT('',(5.95,1.2,7.25));
#4696 = VECTOR('',#4697,1.);
#4697 = DIRECTION('',(0.,-1.,2.22044604925E-16));
#4698 = ORIENTED_EDGE('',*,*,#4440,.T.);
#4699 = ORIENTED_EDGE('',*,*,#4246,.F.);
#4700 = PLANE('',#4701);
#4701 = AXIS2_PLACEMENT_3D('',#4702,#4703,#4704);
#4702 = CARTESIAN_POINT('',(5.95,1.2,7.25));
#4703 = DIRECTION('',(0.,-2.22044604925E-16,-1.));
#4704 = DIRECTION('',(-1.,-0.,0.));
#4705 = ADVANCED_FACE('',(#4706),#4724,.F.);
#4706 = FACE_BOUND('',#4707,.F.);
#4707 = EDGE_LOOP('',(#4708,#4716,#4722,#4723));
#4708 = ORIENTED_EDGE('',*,*,#4709,.T.);
#4709 = EDGE_CURVE('',#4255,#4710,#4712,.T.);
#4710 = VERTEX_POINT('',#4711);
#4711 = CARTESIAN_POINT('',(5.95,-5.1,7.55));
#4712 = LINE('',#4713,#4714);
#4713 = CARTESIAN_POINT('',(-2.45,-5.1,7.55));
#4714 = VECTOR('',#4715,1.);
#4715 = DIRECTION('',(1.,0.,0.));
#4716 = ORIENTED_EDGE('',*,*,#4717,.T.);
#4717 = EDGE_CURVE('',#4710,#4686,#4718,.T.);
#4718 = LINE('',#4719,#4720);
#4719 = CARTESIAN_POINT('',(5.95,-5.1,7.55));
#4720 = VECTOR('',#4721,1.);
#4721 = DIRECTION('',(0.,-2.22044604925E-16,-1.));
#4722 = ORIENTED_EDGE('',*,*,#4685,.F.);
#4723 = ORIENTED_EDGE('',*,*,#4254,.F.);
#4724 = PLANE('',#4725);
#4725 = AXIS2_PLACEMENT_3D('',#4726,#4727,#4728);
#4726 = CARTESIAN_POINT('',(-2.45,-5.1,7.55));
#4727 = DIRECTION('',(0.,1.,-2.22044604925E-16));
#4728 = DIRECTION('',(0.,-2.22044604925E-16,-1.));
#4729 = ADVANCED_FACE('',(#4730),#4748,.F.);
#4730 = FACE_BOUND('',#4731,.F.);
#4731 = EDGE_LOOP('',(#4732,#4740,#4746,#4747));
#4732 = ORIENTED_EDGE('',*,*,#4733,.T.);
#4733 = EDGE_CURVE('',#4263,#4734,#4736,.T.);
#4734 = VERTEX_POINT('',#4735);
#4735 = CARTESIAN_POINT('',(5.95,-4.5,7.55));
#4736 = LINE('',#4737,#4738);
#4737 = CARTESIAN_POINT('',(-2.45,-4.5,7.55));
#4738 = VECTOR('',#4739,1.);
#4739 = DIRECTION('',(1.,0.,0.));
#4740 = ORIENTED_EDGE('',*,*,#4741,.T.);
#4741 = EDGE_CURVE('',#4734,#4710,#4742,.T.);
#4742 = LINE('',#4743,#4744);
#4743 = CARTESIAN_POINT('',(5.95,-4.5,7.55));
#4744 = VECTOR('',#4745,1.);
#4745 = DIRECTION('',(0.,-1.,2.22044604925E-16));
#4746 = ORIENTED_EDGE('',*,*,#4709,.F.);
#4747 = ORIENTED_EDGE('',*,*,#4262,.F.);
#4748 = PLANE('',#4749);
#4749 = AXIS2_PLACEMENT_3D('',#4750,#4751,#4752);
#4750 = CARTESIAN_POINT('',(-2.45,-4.5,7.55));
#4751 = DIRECTION('',(0.,-2.22044604925E-16,-1.));
#4752 = DIRECTION('',(0.,-1.,2.22044604925E-16));
#4753 = ADVANCED_FACE('',(#4754),#4765,.F.);
#4754 = FACE_BOUND('',#4755,.F.);
#4755 = EDGE_LOOP('',(#4756,#4757,#4763,#4764));
#4756 = ORIENTED_EDGE('',*,*,#4300,.T.);
#4757 = ORIENTED_EDGE('',*,*,#4758,.T.);
#4758 = EDGE_CURVE('',#4293,#4734,#4759,.T.);
#4759 = LINE('',#4760,#4761);
#4760 = CARTESIAN_POINT('',(5.95,-4.5,7.25));
#4761 = VECTOR('',#4762,1.);
#4762 = DIRECTION('',(0.,2.22044604925E-16,1.));
#4763 = ORIENTED_EDGE('',*,*,#4733,.F.);
#4764 = ORIENTED_EDGE('',*,*,#4270,.F.);
#4765 = PLANE('',#4766);
#4766 = AXIS2_PLACEMENT_3D('',#4767,#4768,#4769);
#4767 = CARTESIAN_POINT('',(-2.45,-4.5,7.25));
#4768 = DIRECTION('',(0.,-1.,2.22044604925E-16));
#4769 = DIRECTION('',(0.,2.22044604925E-16,1.));
#4770 = ADVANCED_FACE('',(#4771),#4781,.T.);
#4771 = FACE_BOUND('',#4772,.T.);
#4772 = EDGE_LOOP('',(#4773,#4774,#4775,#4776,#4777,#4778,#4779,#4780));
#4773 = ORIENTED_EDGE('',*,*,#4348,.F.);
#4774 = ORIENTED_EDGE('',*,*,#4323,.T.);
#4775 = ORIENTED_EDGE('',*,*,#4292,.T.);
#4776 = ORIENTED_EDGE('',*,*,#4758,.T.);
#4777 = ORIENTED_EDGE('',*,*,#4741,.T.);
#4778 = ORIENTED_EDGE('',*,*,#4717,.T.);
#4779 = ORIENTED_EDGE('',*,*,#4693,.T.);
#4780 = ORIENTED_EDGE('',*,*,#4432,.F.);
#4781 = PLANE('',#4782);
#4782 = AXIS2_PLACEMENT_3D('',#4783,#4784,#4785);
#4783 = CARTESIAN_POINT('',(5.95,-3.425074626866,3.697985074627));
#4784 = DIRECTION('',(1.,0.,0.));
#4785 = DIRECTION('',(0.,-1.,2.22044604925E-16));
#4786 = ADVANCED_FACE('',(#4787),#4812,.T.);
#4787 = FACE_BOUND('',#4788,.T.);
#4788 = EDGE_LOOP('',(#4789,#4799,#4805,#4806));
#4789 = ORIENTED_EDGE('',*,*,#4790,.F.);
#4790 = EDGE_CURVE('',#4791,#4793,#4795,.T.);
#4791 = VERTEX_POINT('',#4792);
#4792 = CARTESIAN_POINT('',(-0.425,0.425,-2.8));
#4793 = VERTEX_POINT('',#4794);
#4794 = CARTESIAN_POINT('',(0.425,0.425,-2.8));
#4795 = LINE('',#4796,#4797);
#4796 = CARTESIAN_POINT('',(-0.225,0.425,-2.8));
#4797 = VECTOR('',#4798,1.);
#4798 = DIRECTION('',(1.,0.,0.));
#4799 = ORIENTED_EDGE('',*,*,#4800,.F.);
#4800 = EDGE_CURVE('',#4360,#4791,#4801,.T.);
#4801 = LINE('',#4802,#4803);
#4802 = CARTESIAN_POINT('',(-0.425,0.425,2.475));
#4803 = VECTOR('',#4804,1.);
#4804 = DIRECTION('',(0.,9.448706592555E-18,-1.));
#4805 = ORIENTED_EDGE('',*,*,#4357,.F.);
#4806 = ORIENTED_EDGE('',*,*,#4807,.T.);
#4807 = EDGE_CURVE('',#4358,#4793,#4808,.T.);
#4808 = LINE('',#4809,#4810);
#4809 = CARTESIAN_POINT('',(0.425,0.425,2.475));
#4810 = VECTOR('',#4811,1.);
#4811 = DIRECTION('',(0.,9.448706592555E-18,-1.));
#4812 = PLANE('',#4813);
#4813 = AXIS2_PLACEMENT_3D('',#4814,#4815,#4816);
#4814 = CARTESIAN_POINT('',(-0.425,0.425,2.475));
#4815 = DIRECTION('',(0.,1.,9.448706592555E-18));
#4816 = DIRECTION('',(0.,9.448706592555E-18,-1.));
#4817 = ADVANCED_FACE('',(#4818),#4836,.T.);
#4818 = FACE_BOUND('',#4819,.T.);
#4819 = EDGE_LOOP('',(#4820,#4828,#4834,#4835));
#4820 = ORIENTED_EDGE('',*,*,#4821,.T.);
#4821 = EDGE_CURVE('',#4791,#4822,#4824,.T.);
#4822 = VERTEX_POINT('',#4823);
#4823 = CARTESIAN_POINT('',(-0.425,-0.425,-2.8));
#4824 = LINE('',#4825,#4826);
#4825 = CARTESIAN_POINT('',(-0.425,0.425,-2.8));
#4826 = VECTOR('',#4827,1.);
#4827 = DIRECTION('',(0.,-1.,0.));
#4828 = ORIENTED_EDGE('',*,*,#4829,.T.);
#4829 = EDGE_CURVE('',#4822,#4376,#4830,.T.);
#4830 = LINE('',#4831,#4832);
#4831 = CARTESIAN_POINT('',(-0.425,-0.425,-3.4));
#4832 = VECTOR('',#4833,1.);
#4833 = DIRECTION('',(0.,0.,1.));
#4834 = ORIENTED_EDGE('',*,*,#4383,.F.);
#4835 = ORIENTED_EDGE('',*,*,#4800,.T.);
#4836 = PLANE('',#4837);
#4837 = AXIS2_PLACEMENT_3D('',#4838,#4839,#4840);
#4838 = CARTESIAN_POINT('',(-0.425,-1.794638512893,1.307085432616));
#4839 = DIRECTION('',(-1.,-0.,-0.));
#4840 = DIRECTION('',(0.,0.,-1.));
#4841 = ADVANCED_FACE('',(#4842),#4860,.T.);
#4842 = FACE_BOUND('',#4843,.T.);
#4843 = EDGE_LOOP('',(#4844,#4845,#4853,#4859));
#4844 = ORIENTED_EDGE('',*,*,#4829,.F.);
#4845 = ORIENTED_EDGE('',*,*,#4846,.T.);
#4846 = EDGE_CURVE('',#4822,#4847,#4849,.T.);
#4847 = VERTEX_POINT('',#4848);
#4848 = CARTESIAN_POINT('',(0.425,-0.425,-2.8));
#4849 = LINE('',#4850,#4851);
#4850 = CARTESIAN_POINT('',(-0.225,-0.425,-2.8));
#4851 = VECTOR('',#4852,1.);
#4852 = DIRECTION('',(1.,0.,0.));
#4853 = ORIENTED_EDGE('',*,*,#4854,.T.);
#4854 = EDGE_CURVE('',#4847,#4368,#4855,.T.);
#4855 = LINE('',#4856,#4857);
#4856 = CARTESIAN_POINT('',(0.425,-0.425,-3.4));
#4857 = VECTOR('',#4858,1.);
#4858 = DIRECTION('',(0.,0.,1.));
#4859 = ORIENTED_EDGE('',*,*,#4375,.F.);
#4860 = PLANE('',#4861);
#4861 = AXIS2_PLACEMENT_3D('',#4862,#4863,#4864);
#4862 = CARTESIAN_POINT('',(-0.425,-0.425,-3.4));
#4863 = DIRECTION('',(0.,-1.,0.));
#4864 = DIRECTION('',(0.,0.,1.));
#4865 = ADVANCED_FACE('',(#4866),#4877,.F.);
#4866 = FACE_BOUND('',#4867,.F.);
#4867 = EDGE_LOOP('',(#4868,#4874,#4875,#4876));
#4868 = ORIENTED_EDGE('',*,*,#4869,.T.);
#4869 = EDGE_CURVE('',#4793,#4847,#4870,.T.);
#4870 = LINE('',#4871,#4872);
#4871 = CARTESIAN_POINT('',(0.425,0.425,-2.8));
#4872 = VECTOR('',#4873,1.);
#4873 = DIRECTION('',(0.,-1.,0.));
#4874 = ORIENTED_EDGE('',*,*,#4854,.T.);
#4875 = ORIENTED_EDGE('',*,*,#4367,.F.);
#4876 = ORIENTED_EDGE('',*,*,#4807,.T.);
#4877 = PLANE('',#4878);
#4878 = AXIS2_PLACEMENT_3D('',#4879,#4880,#4881);
#4879 = CARTESIAN_POINT('',(0.425,-1.794638512893,1.307085432616));
#4880 = DIRECTION('',(-1.,-0.,-0.));
#4881 = DIRECTION('',(0.,0.,-1.));
#4882 = ADVANCED_FACE('',(#4883),#4908,.T.);
#4883 = FACE_BOUND('',#4884,.T.);
#4884 = EDGE_LOOP('',(#4885,#4895,#4901,#4902));
#4885 = ORIENTED_EDGE('',*,*,#4886,.T.);
#4886 = EDGE_CURVE('',#4887,#4889,#4891,.T.);
#4887 = VERTEX_POINT('',#4888);
#4888 = CARTESIAN_POINT('',(3.075,0.425,-2.8));
#4889 = VERTEX_POINT('',#4890);
#4890 = CARTESIAN_POINT('',(3.075,-0.425,-2.8));
#4891 = LINE('',#4892,#4893);
#4892 = CARTESIAN_POINT('',(3.075,0.425,-2.8));
#4893 = VECTOR('',#4894,1.);
#4894 = DIRECTION('',(0.,-1.,0.));
#4895 = ORIENTED_EDGE('',*,*,#4896,.T.);
#4896 = EDGE_CURVE('',#4889,#4394,#4897,.T.);
#4897 = LINE('',#4898,#4899);
#4898 = CARTESIAN_POINT('',(3.075,-0.425,-3.4));
#4899 = VECTOR('',#4900,1.);
#4900 = DIRECTION('',(0.,0.,1.));
#4901 = ORIENTED_EDGE('',*,*,#4391,.F.);
#4902 = ORIENTED_EDGE('',*,*,#4903,.T.);
#4903 = EDGE_CURVE('',#4392,#4887,#4904,.T.);
#4904 = LINE('',#4905,#4906);
#4905 = CARTESIAN_POINT('',(3.075,0.425,2.475));
#4906 = VECTOR('',#4907,1.);
#4907 = DIRECTION('',(0.,9.448706592555E-18,-1.));
#4908 = PLANE('',#4909);
#4909 = AXIS2_PLACEMENT_3D('',#4910,#4911,#4912);
#4910 = CARTESIAN_POINT('',(3.075,-1.794638512893,1.307085432616));
#4911 = DIRECTION('',(-1.,-0.,-0.));
#4912 = DIRECTION('',(0.,0.,-1.));
#4913 = ADVANCED_FACE('',(#4914),#4932,.T.);
#4914 = FACE_BOUND('',#4915,.T.);
#4915 = EDGE_LOOP('',(#4916,#4917,#4925,#4931));
#4916 = ORIENTED_EDGE('',*,*,#4896,.F.);
#4917 = ORIENTED_EDGE('',*,*,#4918,.T.);
#4918 = EDGE_CURVE('',#4889,#4919,#4921,.T.);
#4919 = VERTEX_POINT('',#4920);
#4920 = CARTESIAN_POINT('',(3.925,-0.425,-2.8));
#4921 = LINE('',#4922,#4923);
#4922 = CARTESIAN_POINT('',(3.275,-0.425,-2.8));
#4923 = VECTOR('',#4924,1.);
#4924 = DIRECTION('',(1.,0.,0.));
#4925 = ORIENTED_EDGE('',*,*,#4926,.T.);
#4926 = EDGE_CURVE('',#4919,#4410,#4927,.T.);
#4927 = LINE('',#4928,#4929);
#4928 = CARTESIAN_POINT('',(3.925,-0.425,-3.4));
#4929 = VECTOR('',#4930,1.);
#4930 = DIRECTION('',(0.,0.,1.));
#4931 = ORIENTED_EDGE('',*,*,#4417,.F.);
#4932 = PLANE('',#4933);
#4933 = AXIS2_PLACEMENT_3D('',#4934,#4935,#4936);
#4934 = CARTESIAN_POINT('',(3.075,-0.425,-3.4));
#4935 = DIRECTION('',(0.,-1.,0.));
#4936 = DIRECTION('',(0.,0.,1.));
#4937 = ADVANCED_FACE('',(#4938),#4956,.F.);
#4938 = FACE_BOUND('',#4939,.F.);
#4939 = EDGE_LOOP('',(#4940,#4948,#4949,#4950));
#4940 = ORIENTED_EDGE('',*,*,#4941,.T.);
#4941 = EDGE_CURVE('',#4942,#4919,#4944,.T.);
#4942 = VERTEX_POINT('',#4943);
#4943 = CARTESIAN_POINT('',(3.925,0.425,-2.8));
#4944 = LINE('',#4945,#4946);
#4945 = CARTESIAN_POINT('',(3.925,0.425,-2.8));
#4946 = VECTOR('',#4947,1.);
#4947 = DIRECTION('',(0.,-1.,0.));
#4948 = ORIENTED_EDGE('',*,*,#4926,.T.);
#4949 = ORIENTED_EDGE('',*,*,#4409,.F.);
#4950 = ORIENTED_EDGE('',*,*,#4951,.T.);
#4951 = EDGE_CURVE('',#4402,#4942,#4952,.T.);
#4952 = LINE('',#4953,#4954);
#4953 = CARTESIAN_POINT('',(3.925,0.425,2.475));
#4954 = VECTOR('',#4955,1.);
#4955 = DIRECTION('',(0.,9.448706592555E-18,-1.));
#4956 = PLANE('',#4957);
#4957 = AXIS2_PLACEMENT_3D('',#4958,#4959,#4960);
#4958 = CARTESIAN_POINT('',(3.925,-1.794638512893,1.307085432616));
#4959 = DIRECTION('',(-1.,-0.,-0.));
#4960 = DIRECTION('',(0.,0.,-1.));
#4961 = ADVANCED_FACE('',(#4962),#4973,.T.);
#4962 = FACE_BOUND('',#4963,.T.);
#4963 = EDGE_LOOP('',(#4964,#4970,#4971,#4972));
#4964 = ORIENTED_EDGE('',*,*,#4965,.F.);
#4965 = EDGE_CURVE('',#4887,#4942,#4966,.T.);
#4966 = LINE('',#4967,#4968);
#4967 = CARTESIAN_POINT('',(3.275,0.425,-2.8));
#4968 = VECTOR('',#4969,1.);
#4969 = DIRECTION('',(1.,0.,0.));
#4970 = ORIENTED_EDGE('',*,*,#4903,.F.);
#4971 = ORIENTED_EDGE('',*,*,#4401,.F.);
#4972 = ORIENTED_EDGE('',*,*,#4951,.T.);
#4973 = PLANE('',#4974);
#4974 = AXIS2_PLACEMENT_3D('',#4975,#4976,#4977);
#4975 = CARTESIAN_POINT('',(3.075,0.425,2.475));
#4976 = DIRECTION('',(0.,1.,9.448706592555E-18));
#4977 = DIRECTION('',(0.,9.448706592555E-18,-1.));
#4978 = ADVANCED_FACE('',(#4979),#5004,.F.);
#4979 = FACE_BOUND('',#4980,.F.);
#4980 = EDGE_LOOP('',(#4981,#4989,#4990,#4998));
#4981 = ORIENTED_EDGE('',*,*,#4982,.T.);
#4982 = EDGE_CURVE('',#4983,#4450,#4985,.T.);
#4983 = VERTEX_POINT('',#4984);
#4984 = CARTESIAN_POINT('',(5.,-1.4,6.5));
#4985 = LINE('',#4986,#4987);
#4986 = CARTESIAN_POINT('',(5.,-1.4,6.5));
#4987 = VECTOR('',#4988,1.);
#4988 = DIRECTION('',(0.,-1.,2.22044604925E-16));
#4989 = ORIENTED_EDGE('',*,*,#4449,.T.);
#4990 = ORIENTED_EDGE('',*,*,#4991,.F.);
#4991 = EDGE_CURVE('',#4992,#4452,#4994,.T.);
#4992 = VERTEX_POINT('',#4993);
#4993 = CARTESIAN_POINT('',(4.75,-1.4,5.7));
#4994 = LINE('',#4995,#4996);
#4995 = CARTESIAN_POINT('',(4.75,-1.4,5.7));
#4996 = VECTOR('',#4997,1.);
#4997 = DIRECTION('',(0.,-1.,2.22044604925E-16));
#4998 = ORIENTED_EDGE('',*,*,#4999,.F.);
#4999 = EDGE_CURVE('',#4983,#4992,#5000,.T.);
#5000 = LINE('',#5001,#5002);
#5001 = CARTESIAN_POINT('',(5.,-1.4,6.5));
#5002 = VECTOR('',#5003,1.);
#5003 = DIRECTION('',(-0.298274993136,-2.119371296316E-16,
    -0.954479978035));
#5004 = PLANE('',#5005);
#5005 = AXIS2_PLACEMENT_3D('',#5006,#5007,#5008);
#5006 = CARTESIAN_POINT('',(5.,-1.4,6.5));
#5007 = DIRECTION('',(0.954479978035,-6.623035300989E-17,-0.298274993136
    ));
#5008 = DIRECTION('',(-0.298274993136,-2.119371296316E-16,
    -0.954479978035));
#5009 = ADVANCED_FACE('',(#5010),#5028,.F.);
#5010 = FACE_BOUND('',#5011,.F.);
#5011 = EDGE_LOOP('',(#5012,#5020,#5021,#5022));
#5012 = ORIENTED_EDGE('',*,*,#5013,.T.);
#5013 = EDGE_CURVE('',#5014,#4549,#5016,.T.);
#5014 = VERTEX_POINT('',#5015);
#5015 = CARTESIAN_POINT('',(2.,-1.4,6.5));
#5016 = LINE('',#5017,#5018);
#5017 = CARTESIAN_POINT('',(2.,-1.4,6.5));
#5018 = VECTOR('',#5019,1.);
#5019 = DIRECTION('',(0.,-1.,2.22044604925E-16));
#5020 = ORIENTED_EDGE('',*,*,#4556,.T.);
#5021 = ORIENTED_EDGE('',*,*,#4982,.F.);
#5022 = ORIENTED_EDGE('',*,*,#5023,.F.);
#5023 = EDGE_CURVE('',#5014,#4983,#5024,.T.);
#5024 = LINE('',#5025,#5026);
#5025 = CARTESIAN_POINT('',(2.,-1.4,6.5));
#5026 = VECTOR('',#5027,1.);
#5027 = DIRECTION('',(1.,0.,0.));
#5028 = PLANE('',#5029);
#5029 = AXIS2_PLACEMENT_3D('',#5030,#5031,#5032);
#5030 = CARTESIAN_POINT('',(2.,-1.4,6.5));
#5031 = DIRECTION('',(0.,2.22044604925E-16,1.));
#5032 = DIRECTION('',(1.,0.,-0.));
#5033 = ADVANCED_FACE('',(#5034),#5052,.F.);
#5034 = FACE_BOUND('',#5035,.F.);
#5035 = EDGE_LOOP('',(#5036,#5044,#5045,#5046));
#5036 = ORIENTED_EDGE('',*,*,#5037,.T.);
#5037 = EDGE_CURVE('',#5038,#4541,#5040,.T.);
#5038 = VERTEX_POINT('',#5039);
#5039 = CARTESIAN_POINT('',(2.25,-1.4,5.7));
#5040 = LINE('',#5041,#5042);
#5041 = CARTESIAN_POINT('',(2.25,-1.4,5.7));
#5042 = VECTOR('',#5043,1.);
#5043 = DIRECTION('',(0.,-1.,2.22044604925E-16));
#5044 = ORIENTED_EDGE('',*,*,#4548,.T.);
#5045 = ORIENTED_EDGE('',*,*,#5013,.F.);
#5046 = ORIENTED_EDGE('',*,*,#5047,.F.);
#5047 = EDGE_CURVE('',#5038,#5014,#5048,.T.);
#5048 = LINE('',#5049,#5050);
#5049 = CARTESIAN_POINT('',(2.25,-1.4,5.7));
#5050 = VECTOR('',#5051,1.);
#5051 = DIRECTION('',(-0.298274993136,2.119371296316E-16,0.954479978035)
  );
#5052 = PLANE('',#5053);
#5053 = AXIS2_PLACEMENT_3D('',#5054,#5055,#5056);
#5054 = CARTESIAN_POINT('',(2.25,-1.4,5.7));
#5055 = DIRECTION('',(-0.954479978035,-6.623035300989E-17,
    -0.298274993136));
#5056 = DIRECTION('',(-0.298274993136,2.119371296316E-16,0.954479978035)
  );
#5057 = ADVANCED_FACE('',(#5058),#5076,.F.);
#5058 = FACE_BOUND('',#5059,.F.);
#5059 = EDGE_LOOP('',(#5060,#5068,#5069,#5070));
#5060 = ORIENTED_EDGE('',*,*,#5061,.T.);
#5061 = EDGE_CURVE('',#5062,#4533,#5064,.T.);
#5062 = VERTEX_POINT('',#5063);
#5063 = CARTESIAN_POINT('',(2.75,-1.4,5.7));
#5064 = LINE('',#5065,#5066);
#5065 = CARTESIAN_POINT('',(2.75,-1.4,5.7));
#5066 = VECTOR('',#5067,1.);
#5067 = DIRECTION('',(0.,-1.,2.22044604925E-16));
#5068 = ORIENTED_EDGE('',*,*,#4540,.T.);
#5069 = ORIENTED_EDGE('',*,*,#5037,.F.);
#5070 = ORIENTED_EDGE('',*,*,#5071,.F.);
#5071 = EDGE_CURVE('',#5062,#5038,#5072,.T.);
#5072 = LINE('',#5073,#5074);
#5073 = CARTESIAN_POINT('',(2.75,-1.4,5.7));
#5074 = VECTOR('',#5075,1.);
#5075 = DIRECTION('',(-1.,0.,0.));
#5076 = PLANE('',#5077);
#5077 = AXIS2_PLACEMENT_3D('',#5078,#5079,#5080);
#5078 = CARTESIAN_POINT('',(2.75,-1.4,5.7));
#5079 = DIRECTION('',(0.,-2.22044604925E-16,-1.));
#5080 = DIRECTION('',(-1.,-0.,0.));
#5081 = ADVANCED_FACE('',(#5082),#5100,.F.);
#5082 = FACE_BOUND('',#5083,.F.);
#5083 = EDGE_LOOP('',(#5084,#5092,#5093,#5094));
#5084 = ORIENTED_EDGE('',*,*,#5085,.T.);
#5085 = EDGE_CURVE('',#5086,#4525,#5088,.T.);
#5086 = VERTEX_POINT('',#5087);
#5087 = CARTESIAN_POINT('',(2.75,-1.4,4.8));
#5088 = LINE('',#5089,#5090);
#5089 = CARTESIAN_POINT('',(2.75,-1.4,4.8));
#5090 = VECTOR('',#5091,1.);
#5091 = DIRECTION('',(0.,-1.,2.22044604925E-16));
#5092 = ORIENTED_EDGE('',*,*,#4532,.T.);
#5093 = ORIENTED_EDGE('',*,*,#5061,.F.);
#5094 = ORIENTED_EDGE('',*,*,#5095,.F.);
#5095 = EDGE_CURVE('',#5086,#5062,#5096,.T.);
#5096 = LINE('',#5097,#5098);
#5097 = CARTESIAN_POINT('',(2.75,-1.4,4.8));
#5098 = VECTOR('',#5099,1.);
#5099 = DIRECTION('',(0.,2.22044604925E-16,1.));
#5100 = PLANE('',#5101);
#5101 = AXIS2_PLACEMENT_3D('',#5102,#5103,#5104);
#5102 = CARTESIAN_POINT('',(2.75,-1.4,4.8));
#5103 = DIRECTION('',(-1.,0.,0.));
#5104 = DIRECTION('',(0.,2.22044604925E-16,1.));
#5105 = ADVANCED_FACE('',(#5106),#5124,.F.);
#5106 = FACE_BOUND('',#5107,.F.);
#5107 = EDGE_LOOP('',(#5108,#5116,#5117,#5118));
#5108 = ORIENTED_EDGE('',*,*,#5109,.T.);
#5109 = EDGE_CURVE('',#5110,#4517,#5112,.T.);
#5110 = VERTEX_POINT('',#5111);
#5111 = CARTESIAN_POINT('',(2.,-1.4,4.8));
#5112 = LINE('',#5113,#5114);
#5113 = CARTESIAN_POINT('',(2.,-1.4,4.8));
#5114 = VECTOR('',#5115,1.);
#5115 = DIRECTION('',(0.,-1.,2.22044604925E-16));
#5116 = ORIENTED_EDGE('',*,*,#4524,.T.);
#5117 = ORIENTED_EDGE('',*,*,#5085,.F.);
#5118 = ORIENTED_EDGE('',*,*,#5119,.F.);
#5119 = EDGE_CURVE('',#5110,#5086,#5120,.T.);
#5120 = LINE('',#5121,#5122);
#5121 = CARTESIAN_POINT('',(2.,-1.4,4.8));
#5122 = VECTOR('',#5123,1.);
#5123 = DIRECTION('',(1.,0.,0.));
#5124 = PLANE('',#5125);
#5125 = AXIS2_PLACEMENT_3D('',#5126,#5127,#5128);
#5126 = CARTESIAN_POINT('',(2.,-1.4,4.8));
#5127 = DIRECTION('',(0.,2.22044604925E-16,1.));
#5128 = DIRECTION('',(1.,0.,-0.));
#5129 = ADVANCED_FACE('',(#5130),#5148,.F.);
#5130 = FACE_BOUND('',#5131,.F.);
#5131 = EDGE_LOOP('',(#5132,#5140,#5141,#5142));
#5132 = ORIENTED_EDGE('',*,*,#5133,.T.);
#5133 = EDGE_CURVE('',#5134,#4509,#5136,.T.);
#5134 = VERTEX_POINT('',#5135);
#5135 = CARTESIAN_POINT('',(2.,-1.4,0.5));
#5136 = LINE('',#5137,#5138);
#5137 = CARTESIAN_POINT('',(2.,-1.4,0.5));
#5138 = VECTOR('',#5139,1.);
#5139 = DIRECTION('',(0.,-1.,2.22044604925E-16));
#5140 = ORIENTED_EDGE('',*,*,#4516,.T.);
#5141 = ORIENTED_EDGE('',*,*,#5109,.F.);
#5142 = ORIENTED_EDGE('',*,*,#5143,.F.);
#5143 = EDGE_CURVE('',#5134,#5110,#5144,.T.);
#5144 = LINE('',#5145,#5146);
#5145 = CARTESIAN_POINT('',(2.,-1.4,0.5));
#5146 = VECTOR('',#5147,1.);
#5147 = DIRECTION('',(0.,2.22044604925E-16,1.));
#5148 = PLANE('',#5149);
#5149 = AXIS2_PLACEMENT_3D('',#5150,#5151,#5152);
#5150 = CARTESIAN_POINT('',(2.,-1.4,0.5));
#5151 = DIRECTION('',(-1.,0.,0.));
#5152 = DIRECTION('',(0.,2.22044604925E-16,1.));
#5153 = ADVANCED_FACE('',(#5154),#5172,.F.);
#5154 = FACE_BOUND('',#5155,.F.);
#5155 = EDGE_LOOP('',(#5156,#5164,#5165,#5166));
#5156 = ORIENTED_EDGE('',*,*,#5157,.T.);
#5157 = EDGE_CURVE('',#5158,#4500,#5160,.T.);
#5158 = VERTEX_POINT('',#5159);
#5159 = CARTESIAN_POINT('',(2.5,-1.4,0.5));
#5160 = LINE('',#5161,#5162);
#5161 = CARTESIAN_POINT('',(2.5,-1.4,0.5));
#5162 = VECTOR('',#5163,1.);
#5163 = DIRECTION('',(0.,-1.,2.22044604925E-16));
#5164 = ORIENTED_EDGE('',*,*,#4508,.T.);
#5165 = ORIENTED_EDGE('',*,*,#5133,.F.);
#5166 = ORIENTED_EDGE('',*,*,#5167,.F.);
#5167 = EDGE_CURVE('',#5158,#5134,#5168,.T.);
#5168 = LINE('',#5169,#5170);
#5169 = CARTESIAN_POINT('',(2.5,-1.4,0.5));
#5170 = VECTOR('',#5171,1.);
#5171 = DIRECTION('',(-1.,0.,0.));
#5172 = PLANE('',#5173);
#5173 = AXIS2_PLACEMENT_3D('',#5174,#5175,#5176);
#5174 = CARTESIAN_POINT('',(2.5,-1.4,0.5));
#5175 = DIRECTION('',(0.,-2.22044604925E-16,-1.));
#5176 = DIRECTION('',(-1.,-0.,0.));
#5177 = ADVANCED_FACE('',(#5178),#5197,.T.);
#5178 = FACE_BOUND('',#5179,.T.);
#5179 = EDGE_LOOP('',(#5180,#5189,#5190,#5191));
#5180 = ORIENTED_EDGE('',*,*,#5181,.T.);
#5181 = EDGE_CURVE('',#5182,#5158,#5184,.T.);
#5182 = VERTEX_POINT('',#5183);
#5183 = CARTESIAN_POINT('',(4.5,-1.4,0.5));
#5184 = CIRCLE('',#5185,1.133333333333);
#5185 = AXIS2_PLACEMENT_3D('',#5186,#5187,#5188);
#5186 = CARTESIAN_POINT('',(3.5,-1.4,-3.333333333333E-02));
#5187 = DIRECTION('',(1.232595164408E-32,-1.,2.22044604925E-16));
#5188 = DIRECTION('',(0.882352941176,1.044915787883E-16,0.470588235294)
  );
#5189 = ORIENTED_EDGE('',*,*,#5157,.T.);
#5190 = ORIENTED_EDGE('',*,*,#4499,.F.);
#5191 = ORIENTED_EDGE('',*,*,#5192,.F.);
#5192 = EDGE_CURVE('',#5182,#4492,#5193,.T.);
#5193 = LINE('',#5194,#5195);
#5194 = CARTESIAN_POINT('',(4.5,-1.4,0.5));
#5195 = VECTOR('',#5196,1.);
#5196 = DIRECTION('',(0.,-1.,2.22044604925E-16));
#5197 = CYLINDRICAL_SURFACE('',#5198,1.133333333333);
#5198 = AXIS2_PLACEMENT_3D('',#5199,#5200,#5201);
#5199 = CARTESIAN_POINT('',(3.5,-1.4,-3.333333333333E-02));
#5200 = DIRECTION('',(-0.,1.,-2.22044604925E-16));
#5201 = DIRECTION('',(0.882352941176,1.044915787883E-16,0.470588235294)
  );
#5202 = ADVANCED_FACE('',(#5203),#5221,.F.);
#5203 = FACE_BOUND('',#5204,.F.);
#5204 = EDGE_LOOP('',(#5205,#5213,#5214,#5215));
#5205 = ORIENTED_EDGE('',*,*,#5206,.T.);
#5206 = EDGE_CURVE('',#5207,#4484,#5209,.T.);
#5207 = VERTEX_POINT('',#5208);
#5208 = CARTESIAN_POINT('',(5.,-1.4,0.5));
#5209 = LINE('',#5210,#5211);
#5210 = CARTESIAN_POINT('',(5.,-1.4,0.5));
#5211 = VECTOR('',#5212,1.);
#5212 = DIRECTION('',(0.,-1.,2.22044604925E-16));
#5213 = ORIENTED_EDGE('',*,*,#4491,.T.);
#5214 = ORIENTED_EDGE('',*,*,#5192,.F.);
#5215 = ORIENTED_EDGE('',*,*,#5216,.F.);
#5216 = EDGE_CURVE('',#5207,#5182,#5217,.T.);
#5217 = LINE('',#5218,#5219);
#5218 = CARTESIAN_POINT('',(5.,-1.4,0.5));
#5219 = VECTOR('',#5220,1.);
#5220 = DIRECTION('',(-1.,0.,0.));
#5221 = PLANE('',#5222);
#5222 = AXIS2_PLACEMENT_3D('',#5223,#5224,#5225);
#5223 = CARTESIAN_POINT('',(5.,-1.4,0.5));
#5224 = DIRECTION('',(0.,-2.22044604925E-16,-1.));
#5225 = DIRECTION('',(-1.,-0.,0.));
#5226 = ADVANCED_FACE('',(#5227),#5245,.F.);
#5227 = FACE_BOUND('',#5228,.F.);
#5228 = EDGE_LOOP('',(#5229,#5237,#5238,#5239));
#5229 = ORIENTED_EDGE('',*,*,#5230,.T.);
#5230 = EDGE_CURVE('',#5231,#4476,#5233,.T.);
#5231 = VERTEX_POINT('',#5232);
#5232 = CARTESIAN_POINT('',(5.,-1.4,4.8));
#5233 = LINE('',#5234,#5235);
#5234 = CARTESIAN_POINT('',(5.,-1.4,4.8));
#5235 = VECTOR('',#5236,1.);
#5236 = DIRECTION('',(0.,-1.,2.22044604925E-16));
#5237 = ORIENTED_EDGE('',*,*,#4483,.T.);
#5238 = ORIENTED_EDGE('',*,*,#5206,.F.);
#5239 = ORIENTED_EDGE('',*,*,#5240,.F.);
#5240 = EDGE_CURVE('',#5231,#5207,#5241,.T.);
#5241 = LINE('',#5242,#5243);
#5242 = CARTESIAN_POINT('',(5.,-1.4,4.8));
#5243 = VECTOR('',#5244,1.);
#5244 = DIRECTION('',(0.,-2.22044604925E-16,-1.));
#5245 = PLANE('',#5246);
#5246 = AXIS2_PLACEMENT_3D('',#5247,#5248,#5249);
#5247 = CARTESIAN_POINT('',(5.,-1.4,4.8));
#5248 = DIRECTION('',(1.,0.,0.));
#5249 = DIRECTION('',(0.,-2.22044604925E-16,-1.));
#5250 = ADVANCED_FACE('',(#5251),#5269,.F.);
#5251 = FACE_BOUND('',#5252,.F.);
#5252 = EDGE_LOOP('',(#5253,#5261,#5262,#5263));
#5253 = ORIENTED_EDGE('',*,*,#5254,.T.);
#5254 = EDGE_CURVE('',#5255,#4468,#5257,.T.);
#5255 = VERTEX_POINT('',#5256);
#5256 = CARTESIAN_POINT('',(4.25,-1.4,4.8));
#5257 = LINE('',#5258,#5259);
#5258 = CARTESIAN_POINT('',(4.25,-1.4,4.8));
#5259 = VECTOR('',#5260,1.);
#5260 = DIRECTION('',(0.,-1.,2.22044604925E-16));
#5261 = ORIENTED_EDGE('',*,*,#4475,.T.);
#5262 = ORIENTED_EDGE('',*,*,#5230,.F.);
#5263 = ORIENTED_EDGE('',*,*,#5264,.F.);
#5264 = EDGE_CURVE('',#5255,#5231,#5265,.T.);
#5265 = LINE('',#5266,#5267);
#5266 = CARTESIAN_POINT('',(4.25,-1.4,4.8));
#5267 = VECTOR('',#5268,1.);
#5268 = DIRECTION('',(1.,0.,0.));
#5269 = PLANE('',#5270);
#5270 = AXIS2_PLACEMENT_3D('',#5271,#5272,#5273);
#5271 = CARTESIAN_POINT('',(4.25,-1.4,4.8));
#5272 = DIRECTION('',(0.,2.22044604925E-16,1.));
#5273 = DIRECTION('',(1.,0.,-0.));
#5274 = ADVANCED_FACE('',(#5275),#5293,.F.);
#5275 = FACE_BOUND('',#5276,.F.);
#5276 = EDGE_LOOP('',(#5277,#5285,#5286,#5287));
#5277 = ORIENTED_EDGE('',*,*,#5278,.T.);
#5278 = EDGE_CURVE('',#5279,#4460,#5281,.T.);
#5279 = VERTEX_POINT('',#5280);
#5280 = CARTESIAN_POINT('',(4.25,-1.4,5.7));
#5281 = LINE('',#5282,#5283);
#5282 = CARTESIAN_POINT('',(4.25,-1.4,5.7));
#5283 = VECTOR('',#5284,1.);
#5284 = DIRECTION('',(0.,-1.,2.22044604925E-16));
#5285 = ORIENTED_EDGE('',*,*,#4467,.T.);
#5286 = ORIENTED_EDGE('',*,*,#5254,.F.);
#5287 = ORIENTED_EDGE('',*,*,#5288,.F.);
#5288 = EDGE_CURVE('',#5279,#5255,#5289,.T.);
#5289 = LINE('',#5290,#5291);
#5290 = CARTESIAN_POINT('',(4.25,-1.4,5.7));
#5291 = VECTOR('',#5292,1.);
#5292 = DIRECTION('',(0.,-2.22044604925E-16,-1.));
#5293 = PLANE('',#5294);
#5294 = AXIS2_PLACEMENT_3D('',#5295,#5296,#5297);
#5295 = CARTESIAN_POINT('',(4.25,-1.4,5.7));
#5296 = DIRECTION('',(1.,0.,0.));
#5297 = DIRECTION('',(0.,-2.22044604925E-16,-1.));
#5298 = ADVANCED_FACE('',(#5299),#5310,.F.);
#5299 = FACE_BOUND('',#5300,.F.);
#5300 = EDGE_LOOP('',(#5301,#5302,#5303,#5304));
#5301 = ORIENTED_EDGE('',*,*,#4991,.T.);
#5302 = ORIENTED_EDGE('',*,*,#4459,.T.);
#5303 = ORIENTED_EDGE('',*,*,#5278,.F.);
#5304 = ORIENTED_EDGE('',*,*,#5305,.F.);
#5305 = EDGE_CURVE('',#4992,#5279,#5306,.T.);
#5306 = LINE('',#5307,#5308);
#5307 = CARTESIAN_POINT('',(4.75,-1.4,5.7));
#5308 = VECTOR('',#5309,1.);
#5309 = DIRECTION('',(-1.,0.,0.));
#5310 = PLANE('',#5311);
#5311 = AXIS2_PLACEMENT_3D('',#5312,#5313,#5314);
#5312 = CARTESIAN_POINT('',(4.75,-1.4,5.7));
#5313 = DIRECTION('',(0.,-2.22044604925E-16,-1.));
#5314 = DIRECTION('',(-1.,-0.,0.));
#5315 = ADVANCED_FACE('',(#5316),#5341,.F.);
#5316 = FACE_BOUND('',#5317,.F.);
#5317 = EDGE_LOOP('',(#5318,#5326,#5327,#5335));
#5318 = ORIENTED_EDGE('',*,*,#5319,.T.);
#5319 = EDGE_CURVE('',#5320,#4565,#5322,.T.);
#5320 = VERTEX_POINT('',#5321);
#5321 = CARTESIAN_POINT('',(0.75,-1.4,4.8));
#5322 = LINE('',#5323,#5324);
#5323 = CARTESIAN_POINT('',(0.75,-1.4,4.8));
#5324 = VECTOR('',#5325,1.);
#5325 = DIRECTION('',(0.,-1.,2.22044604925E-16));
#5326 = ORIENTED_EDGE('',*,*,#4564,.T.);
#5327 = ORIENTED_EDGE('',*,*,#5328,.F.);
#5328 = EDGE_CURVE('',#5329,#4567,#5331,.T.);
#5329 = VERTEX_POINT('',#5330);
#5330 = CARTESIAN_POINT('',(1.5,-1.4,4.8));
#5331 = LINE('',#5332,#5333);
#5332 = CARTESIAN_POINT('',(1.5,-1.4,4.8));
#5333 = VECTOR('',#5334,1.);
#5334 = DIRECTION('',(0.,-1.,2.22044604925E-16));
#5335 = ORIENTED_EDGE('',*,*,#5336,.F.);
#5336 = EDGE_CURVE('',#5320,#5329,#5337,.T.);
#5337 = LINE('',#5338,#5339);
#5338 = CARTESIAN_POINT('',(0.75,-1.4,4.8));
#5339 = VECTOR('',#5340,1.);
#5340 = DIRECTION('',(1.,0.,0.));
#5341 = PLANE('',#5342);
#5342 = AXIS2_PLACEMENT_3D('',#5343,#5344,#5345);
#5343 = CARTESIAN_POINT('',(0.75,-1.4,4.8));
#5344 = DIRECTION('',(0.,2.22044604925E-16,1.));
#5345 = DIRECTION('',(1.,0.,-0.));
#5346 = ADVANCED_FACE('',(#5347),#5365,.F.);
#5347 = FACE_BOUND('',#5348,.F.);
#5348 = EDGE_LOOP('',(#5349,#5357,#5358,#5359));
#5349 = ORIENTED_EDGE('',*,*,#5350,.T.);
#5350 = EDGE_CURVE('',#5351,#4664,#5353,.T.);
#5351 = VERTEX_POINT('',#5352);
#5352 = CARTESIAN_POINT('',(0.75,-1.4,5.7));
#5353 = LINE('',#5354,#5355);
#5354 = CARTESIAN_POINT('',(0.75,-1.4,5.7));
#5355 = VECTOR('',#5356,1.);
#5356 = DIRECTION('',(0.,-1.,2.22044604925E-16));
#5357 = ORIENTED_EDGE('',*,*,#4671,.T.);
#5358 = ORIENTED_EDGE('',*,*,#5319,.F.);
#5359 = ORIENTED_EDGE('',*,*,#5360,.F.);
#5360 = EDGE_CURVE('',#5351,#5320,#5361,.T.);
#5361 = LINE('',#5362,#5363);
#5362 = CARTESIAN_POINT('',(0.75,-1.4,5.7));
#5363 = VECTOR('',#5364,1.);
#5364 = DIRECTION('',(0.,-2.22044604925E-16,-1.));
#5365 = PLANE('',#5366);
#5366 = AXIS2_PLACEMENT_3D('',#5367,#5368,#5369);
#5367 = CARTESIAN_POINT('',(0.75,-1.4,5.7));
#5368 = DIRECTION('',(1.,0.,0.));
#5369 = DIRECTION('',(0.,-2.22044604925E-16,-1.));
#5370 = ADVANCED_FACE('',(#5371),#5389,.F.);
#5371 = FACE_BOUND('',#5372,.F.);
#5372 = EDGE_LOOP('',(#5373,#5381,#5382,#5383));
#5373 = ORIENTED_EDGE('',*,*,#5374,.T.);
#5374 = EDGE_CURVE('',#5375,#4656,#5377,.T.);
#5375 = VERTEX_POINT('',#5376);
#5376 = CARTESIAN_POINT('',(1.25,-1.4,5.7));
#5377 = LINE('',#5378,#5379);
#5378 = CARTESIAN_POINT('',(1.25,-1.4,5.7));
#5379 = VECTOR('',#5380,1.);
#5380 = DIRECTION('',(0.,-1.,2.22044604925E-16));
#5381 = ORIENTED_EDGE('',*,*,#4663,.T.);
#5382 = ORIENTED_EDGE('',*,*,#5350,.F.);
#5383 = ORIENTED_EDGE('',*,*,#5384,.F.);
#5384 = EDGE_CURVE('',#5375,#5351,#5385,.T.);
#5385 = LINE('',#5386,#5387);
#5386 = CARTESIAN_POINT('',(1.25,-1.4,5.7));
#5387 = VECTOR('',#5388,1.);
#5388 = DIRECTION('',(-1.,0.,0.));
#5389 = PLANE('',#5390);
#5390 = AXIS2_PLACEMENT_3D('',#5391,#5392,#5393);
#5391 = CARTESIAN_POINT('',(1.25,-1.4,5.7));
#5392 = DIRECTION('',(0.,-2.22044604925E-16,-1.));
#5393 = DIRECTION('',(-1.,-0.,0.));
#5394 = ADVANCED_FACE('',(#5395),#5413,.F.);
#5395 = FACE_BOUND('',#5396,.F.);
#5396 = EDGE_LOOP('',(#5397,#5405,#5406,#5407));
#5397 = ORIENTED_EDGE('',*,*,#5398,.T.);
#5398 = EDGE_CURVE('',#5399,#4648,#5401,.T.);
#5399 = VERTEX_POINT('',#5400);
#5400 = CARTESIAN_POINT('',(1.5,-1.4,6.5));
#5401 = LINE('',#5402,#5403);
#5402 = CARTESIAN_POINT('',(1.5,-1.4,6.5));
#5403 = VECTOR('',#5404,1.);
#5404 = DIRECTION('',(0.,-1.,2.22044604925E-16));
#5405 = ORIENTED_EDGE('',*,*,#4655,.T.);
#5406 = ORIENTED_EDGE('',*,*,#5374,.F.);
#5407 = ORIENTED_EDGE('',*,*,#5408,.F.);
#5408 = EDGE_CURVE('',#5399,#5375,#5409,.T.);
#5409 = LINE('',#5410,#5411);
#5410 = CARTESIAN_POINT('',(1.5,-1.4,6.5));
#5411 = VECTOR('',#5412,1.);
#5412 = DIRECTION('',(-0.298274993136,-2.119371296316E-16,
    -0.954479978035));
#5413 = PLANE('',#5414);
#5414 = AXIS2_PLACEMENT_3D('',#5415,#5416,#5417);
#5415 = CARTESIAN_POINT('',(1.5,-1.4,6.5));
#5416 = DIRECTION('',(0.954479978035,-6.623035300989E-17,-0.298274993136
    ));
#5417 = DIRECTION('',(-0.298274993136,-2.119371296316E-16,
    -0.954479978035));
#5418 = ADVANCED_FACE('',(#5419),#5437,.F.);
#5419 = FACE_BOUND('',#5420,.F.);
#5420 = EDGE_LOOP('',(#5421,#5429,#5430,#5431));
#5421 = ORIENTED_EDGE('',*,*,#5422,.T.);
#5422 = EDGE_CURVE('',#5423,#4640,#5425,.T.);
#5423 = VERTEX_POINT('',#5424);
#5424 = CARTESIAN_POINT('',(-1.5,-1.4,6.5));
#5425 = LINE('',#5426,#5427);
#5426 = CARTESIAN_POINT('',(-1.5,-1.4,6.5));
#5427 = VECTOR('',#5428,1.);
#5428 = DIRECTION('',(0.,-1.,2.22044604925E-16));
#5429 = ORIENTED_EDGE('',*,*,#4647,.T.);
#5430 = ORIENTED_EDGE('',*,*,#5398,.F.);
#5431 = ORIENTED_EDGE('',*,*,#5432,.F.);
#5432 = EDGE_CURVE('',#5423,#5399,#5433,.T.);
#5433 = LINE('',#5434,#5435);
#5434 = CARTESIAN_POINT('',(-1.5,-1.4,6.5));
#5435 = VECTOR('',#5436,1.);
#5436 = DIRECTION('',(1.,0.,0.));
#5437 = PLANE('',#5438);
#5438 = AXIS2_PLACEMENT_3D('',#5439,#5440,#5441);
#5439 = CARTESIAN_POINT('',(-1.5,-1.4,6.5));
#5440 = DIRECTION('',(0.,2.22044604925E-16,1.));
#5441 = DIRECTION('',(1.,0.,-0.));
#5442 = ADVANCED_FACE('',(#5443),#5461,.F.);
#5443 = FACE_BOUND('',#5444,.F.);
#5444 = EDGE_LOOP('',(#5445,#5453,#5454,#5455));
#5445 = ORIENTED_EDGE('',*,*,#5446,.T.);
#5446 = EDGE_CURVE('',#5447,#4632,#5449,.T.);
#5447 = VERTEX_POINT('',#5448);
#5448 = CARTESIAN_POINT('',(-1.25,-1.4,5.7));
#5449 = LINE('',#5450,#5451);
#5450 = CARTESIAN_POINT('',(-1.25,-1.4,5.7));
#5451 = VECTOR('',#5452,1.);
#5452 = DIRECTION('',(0.,-1.,2.22044604925E-16));
#5453 = ORIENTED_EDGE('',*,*,#4639,.T.);
#5454 = ORIENTED_EDGE('',*,*,#5422,.F.);
#5455 = ORIENTED_EDGE('',*,*,#5456,.F.);
#5456 = EDGE_CURVE('',#5447,#5423,#5457,.T.);
#5457 = LINE('',#5458,#5459);
#5458 = CARTESIAN_POINT('',(-1.25,-1.4,5.7));
#5459 = VECTOR('',#5460,1.);
#5460 = DIRECTION('',(-0.298274993136,2.119371296316E-16,0.954479978035)
  );
#5461 = PLANE('',#5462);
#5462 = AXIS2_PLACEMENT_3D('',#5463,#5464,#5465);
#5463 = CARTESIAN_POINT('',(-1.25,-1.4,5.7));
#5464 = DIRECTION('',(-0.954479978035,-6.623035300989E-17,
    -0.298274993136));
#5465 = DIRECTION('',(-0.298274993136,2.119371296316E-16,0.954479978035)
  );
#5466 = ADVANCED_FACE('',(#5467),#5485,.F.);
#5467 = FACE_BOUND('',#5468,.F.);
#5468 = EDGE_LOOP('',(#5469,#5477,#5478,#5479));
#5469 = ORIENTED_EDGE('',*,*,#5470,.T.);
#5470 = EDGE_CURVE('',#5471,#4624,#5473,.T.);
#5471 = VERTEX_POINT('',#5472);
#5472 = CARTESIAN_POINT('',(-0.75,-1.4,5.7));
#5473 = LINE('',#5474,#5475);
#5474 = CARTESIAN_POINT('',(-0.75,-1.4,5.7));
#5475 = VECTOR('',#5476,1.);
#5476 = DIRECTION('',(0.,-1.,2.22044604925E-16));
#5477 = ORIENTED_EDGE('',*,*,#4631,.T.);
#5478 = ORIENTED_EDGE('',*,*,#5446,.F.);
#5479 = ORIENTED_EDGE('',*,*,#5480,.F.);
#5480 = EDGE_CURVE('',#5471,#5447,#5481,.T.);
#5481 = LINE('',#5482,#5483);
#5482 = CARTESIAN_POINT('',(-0.75,-1.4,5.7));
#5483 = VECTOR('',#5484,1.);
#5484 = DIRECTION('',(-1.,0.,0.));
#5485 = PLANE('',#5486);
#5486 = AXIS2_PLACEMENT_3D('',#5487,#5488,#5489);
#5487 = CARTESIAN_POINT('',(-0.75,-1.4,5.7));
#5488 = DIRECTION('',(0.,-2.22044604925E-16,-1.));
#5489 = DIRECTION('',(-1.,-0.,0.));
#5490 = ADVANCED_FACE('',(#5491),#5509,.F.);
#5491 = FACE_BOUND('',#5492,.F.);
#5492 = EDGE_LOOP('',(#5493,#5501,#5502,#5503));
#5493 = ORIENTED_EDGE('',*,*,#5494,.T.);
#5494 = EDGE_CURVE('',#5495,#4616,#5497,.T.);
#5495 = VERTEX_POINT('',#5496);
#5496 = CARTESIAN_POINT('',(-0.75,-1.4,4.8));
#5497 = LINE('',#5498,#5499);
#5498 = CARTESIAN_POINT('',(-0.75,-1.4,4.8));
#5499 = VECTOR('',#5500,1.);
#5500 = DIRECTION('',(0.,-1.,2.22044604925E-16));
#5501 = ORIENTED_EDGE('',*,*,#4623,.T.);
#5502 = ORIENTED_EDGE('',*,*,#5470,.F.);
#5503 = ORIENTED_EDGE('',*,*,#5504,.F.);
#5504 = EDGE_CURVE('',#5495,#5471,#5505,.T.);
#5505 = LINE('',#5506,#5507);
#5506 = CARTESIAN_POINT('',(-0.75,-1.4,4.8));
#5507 = VECTOR('',#5508,1.);
#5508 = DIRECTION('',(0.,2.22044604925E-16,1.));
#5509 = PLANE('',#5510);
#5510 = AXIS2_PLACEMENT_3D('',#5511,#5512,#5513);
#5511 = CARTESIAN_POINT('',(-0.75,-1.4,4.8));
#5512 = DIRECTION('',(-1.,0.,0.));
#5513 = DIRECTION('',(0.,2.22044604925E-16,1.));
#5514 = ADVANCED_FACE('',(#5515),#5533,.F.);
#5515 = FACE_BOUND('',#5516,.F.);
#5516 = EDGE_LOOP('',(#5517,#5525,#5526,#5527));
#5517 = ORIENTED_EDGE('',*,*,#5518,.T.);
#5518 = EDGE_CURVE('',#5519,#4608,#5521,.T.);
#5519 = VERTEX_POINT('',#5520);
#5520 = CARTESIAN_POINT('',(-1.5,-1.4,4.8));
#5521 = LINE('',#5522,#5523);
#5522 = CARTESIAN_POINT('',(-1.5,-1.4,4.8));
#5523 = VECTOR('',#5524,1.);
#5524 = DIRECTION('',(0.,-1.,2.22044604925E-16));
#5525 = ORIENTED_EDGE('',*,*,#4615,.T.);
#5526 = ORIENTED_EDGE('',*,*,#5494,.F.);
#5527 = ORIENTED_EDGE('',*,*,#5528,.F.);
#5528 = EDGE_CURVE('',#5519,#5495,#5529,.T.);
#5529 = LINE('',#5530,#5531);
#5530 = CARTESIAN_POINT('',(-1.5,-1.4,4.8));
#5531 = VECTOR('',#5532,1.);
#5532 = DIRECTION('',(1.,0.,0.));
#5533 = PLANE('',#5534);
#5534 = AXIS2_PLACEMENT_3D('',#5535,#5536,#5537);
#5535 = CARTESIAN_POINT('',(-1.5,-1.4,4.8));
#5536 = DIRECTION('',(0.,2.22044604925E-16,1.));
#5537 = DIRECTION('',(1.,0.,-0.));
#5538 = ADVANCED_FACE('',(#5539),#5557,.F.);
#5539 = FACE_BOUND('',#5540,.F.);
#5540 = EDGE_LOOP('',(#5541,#5549,#5550,#5551));
#5541 = ORIENTED_EDGE('',*,*,#5542,.T.);
#5542 = EDGE_CURVE('',#5543,#4600,#5545,.T.);
#5543 = VERTEX_POINT('',#5544);
#5544 = CARTESIAN_POINT('',(-1.5,-1.4,0.5));
#5545 = LINE('',#5546,#5547);
#5546 = CARTESIAN_POINT('',(-1.5,-1.4,0.5));
#5547 = VECTOR('',#5548,1.);
#5548 = DIRECTION('',(0.,-1.,2.22044604925E-16));
#5549 = ORIENTED_EDGE('',*,*,#4607,.T.);
#5550 = ORIENTED_EDGE('',*,*,#5518,.F.);
#5551 = ORIENTED_EDGE('',*,*,#5552,.F.);
#5552 = EDGE_CURVE('',#5543,#5519,#5553,.T.);
#5553 = LINE('',#5554,#5555);
#5554 = CARTESIAN_POINT('',(-1.5,-1.4,0.5));
#5555 = VECTOR('',#5556,1.);
#5556 = DIRECTION('',(0.,2.22044604925E-16,1.));
#5557 = PLANE('',#5558);
#5558 = AXIS2_PLACEMENT_3D('',#5559,#5560,#5561);
#5559 = CARTESIAN_POINT('',(-1.5,-1.4,0.5));
#5560 = DIRECTION('',(-1.,0.,0.));
#5561 = DIRECTION('',(0.,2.22044604925E-16,1.));
#5562 = ADVANCED_FACE('',(#5563),#5581,.F.);
#5563 = FACE_BOUND('',#5564,.F.);
#5564 = EDGE_LOOP('',(#5565,#5573,#5574,#5575));
#5565 = ORIENTED_EDGE('',*,*,#5566,.T.);
#5566 = EDGE_CURVE('',#5567,#4591,#5569,.T.);
#5567 = VERTEX_POINT('',#5568);
#5568 = CARTESIAN_POINT('',(-1.,-1.4,0.5));
#5569 = LINE('',#5570,#5571);
#5570 = CARTESIAN_POINT('',(-1.,-1.4,0.5));
#5571 = VECTOR('',#5572,1.);
#5572 = DIRECTION('',(0.,-1.,2.22044604925E-16));
#5573 = ORIENTED_EDGE('',*,*,#4599,.T.);
#5574 = ORIENTED_EDGE('',*,*,#5542,.F.);
#5575 = ORIENTED_EDGE('',*,*,#5576,.F.);
#5576 = EDGE_CURVE('',#5567,#5543,#5577,.T.);
#5577 = LINE('',#5578,#5579);
#5578 = CARTESIAN_POINT('',(-1.,-1.4,0.5));
#5579 = VECTOR('',#5580,1.);
#5580 = DIRECTION('',(-1.,0.,0.));
#5581 = PLANE('',#5582);
#5582 = AXIS2_PLACEMENT_3D('',#5583,#5584,#5585);
#5583 = CARTESIAN_POINT('',(-1.,-1.4,0.5));
#5584 = DIRECTION('',(0.,-2.22044604925E-16,-1.));
#5585 = DIRECTION('',(-1.,-0.,0.));
#5586 = ADVANCED_FACE('',(#5587),#5606,.T.);
#5587 = FACE_BOUND('',#5588,.T.);
#5588 = EDGE_LOOP('',(#5589,#5598,#5599,#5600));
#5589 = ORIENTED_EDGE('',*,*,#5590,.T.);
#5590 = EDGE_CURVE('',#5591,#5567,#5593,.T.);
#5591 = VERTEX_POINT('',#5592);
#5592 = CARTESIAN_POINT('',(1.,-1.4,0.5));
#5593 = CIRCLE('',#5594,1.133333333333);
#5594 = AXIS2_PLACEMENT_3D('',#5595,#5596,#5597);
#5595 = CARTESIAN_POINT('',(-5.551115123126E-17,-1.4,-3.333333333333E-02
    ));
#5596 = DIRECTION('',(1.232595164408E-32,-1.,2.22044604925E-16));
#5597 = DIRECTION('',(0.882352941176,1.044915787883E-16,0.470588235294)
  );
#5598 = ORIENTED_EDGE('',*,*,#5566,.T.);
#5599 = ORIENTED_EDGE('',*,*,#4590,.F.);
#5600 = ORIENTED_EDGE('',*,*,#5601,.F.);
#5601 = EDGE_CURVE('',#5591,#4583,#5602,.T.);
#5602 = LINE('',#5603,#5604);
#5603 = CARTESIAN_POINT('',(1.,-1.4,0.5));
#5604 = VECTOR('',#5605,1.);
#5605 = DIRECTION('',(0.,-1.,2.22044604925E-16));
#5606 = CYLINDRICAL_SURFACE('',#5607,1.133333333333);
#5607 = AXIS2_PLACEMENT_3D('',#5608,#5609,#5610);
#5608 = CARTESIAN_POINT('',(-5.551115123126E-17,-1.4,-3.333333333333E-02
    ));
#5609 = DIRECTION('',(-0.,1.,-2.22044604925E-16));
#5610 = DIRECTION('',(0.882352941176,1.044915787883E-16,0.470588235294)
  );
#5611 = ADVANCED_FACE('',(#5612),#5630,.F.);
#5612 = FACE_BOUND('',#5613,.F.);
#5613 = EDGE_LOOP('',(#5614,#5622,#5623,#5624));
#5614 = ORIENTED_EDGE('',*,*,#5615,.T.);
#5615 = EDGE_CURVE('',#5616,#4575,#5618,.T.);
#5616 = VERTEX_POINT('',#5617);
#5617 = CARTESIAN_POINT('',(1.5,-1.4,0.5));
#5618 = LINE('',#5619,#5620);
#5619 = CARTESIAN_POINT('',(1.5,-1.4,0.5));
#5620 = VECTOR('',#5621,1.);
#5621 = DIRECTION('',(0.,-1.,2.22044604925E-16));
#5622 = ORIENTED_EDGE('',*,*,#4582,.T.);
#5623 = ORIENTED_EDGE('',*,*,#5601,.F.);
#5624 = ORIENTED_EDGE('',*,*,#5625,.F.);
#5625 = EDGE_CURVE('',#5616,#5591,#5626,.T.);
#5626 = LINE('',#5627,#5628);
#5627 = CARTESIAN_POINT('',(1.5,-1.4,0.5));
#5628 = VECTOR('',#5629,1.);
#5629 = DIRECTION('',(-1.,0.,0.));
#5630 = PLANE('',#5631);
#5631 = AXIS2_PLACEMENT_3D('',#5632,#5633,#5634);
#5632 = CARTESIAN_POINT('',(1.5,-1.4,0.5));
#5633 = DIRECTION('',(0.,-2.22044604925E-16,-1.));
#5634 = DIRECTION('',(-1.,-0.,0.));
#5635 = ADVANCED_FACE('',(#5636),#5647,.F.);
#5636 = FACE_BOUND('',#5637,.F.);
#5637 = EDGE_LOOP('',(#5638,#5639,#5640,#5641));
#5638 = ORIENTED_EDGE('',*,*,#5328,.T.);
#5639 = ORIENTED_EDGE('',*,*,#4574,.T.);
#5640 = ORIENTED_EDGE('',*,*,#5615,.F.);
#5641 = ORIENTED_EDGE('',*,*,#5642,.F.);
#5642 = EDGE_CURVE('',#5329,#5616,#5643,.T.);
#5643 = LINE('',#5644,#5645);
#5644 = CARTESIAN_POINT('',(1.5,-1.4,4.8));
#5645 = VECTOR('',#5646,1.);
#5646 = DIRECTION('',(0.,-2.22044604925E-16,-1.));
#5647 = PLANE('',#5648);
#5648 = AXIS2_PLACEMENT_3D('',#5649,#5650,#5651);
#5649 = CARTESIAN_POINT('',(1.5,-1.4,4.8));
#5650 = DIRECTION('',(1.,0.,0.));
#5651 = DIRECTION('',(0.,-2.22044604925E-16,-1.));
#5652 = ADVANCED_FACE('',(#5653),#5678,.T.);
#5653 = FACE_BOUND('',#5654,.F.);
#5654 = EDGE_LOOP('',(#5655,#5663,#5671,#5677));
#5655 = ORIENTED_EDGE('',*,*,#5656,.F.);
#5656 = EDGE_CURVE('',#5657,#4791,#5659,.T.);
#5657 = VERTEX_POINT('',#5658);
#5658 = CARTESIAN_POINT('',(-0.225,0.225,-3.4));
#5659 = LINE('',#5660,#5661);
#5660 = CARTESIAN_POINT('',(-0.325,0.325,-3.1));
#5661 = VECTOR('',#5662,1.);
#5662 = DIRECTION('',(-0.301511344578,0.301511344578,0.904534033733));
#5663 = ORIENTED_EDGE('',*,*,#5664,.T.);
#5664 = EDGE_CURVE('',#5657,#5665,#5667,.T.);
#5665 = VERTEX_POINT('',#5666);
#5666 = CARTESIAN_POINT('',(0.225,0.225,-3.4));
#5667 = LINE('',#5668,#5669);
#5668 = CARTESIAN_POINT('',(-0.225,0.225,-3.4));
#5669 = VECTOR('',#5670,1.);
#5670 = DIRECTION('',(1.,0.,0.));
#5671 = ORIENTED_EDGE('',*,*,#5672,.T.);
#5672 = EDGE_CURVE('',#5665,#4793,#5673,.T.);
#5673 = LINE('',#5674,#5675);
#5674 = CARTESIAN_POINT('',(0.304545454545,0.304545454545,
    -3.161363636364));
#5675 = VECTOR('',#5676,1.);
#5676 = DIRECTION('',(0.301511344578,0.301511344578,0.904534033733));
#5677 = ORIENTED_EDGE('',*,*,#4790,.F.);
#5678 = PLANE('',#5679);
#5679 = AXIS2_PLACEMENT_3D('',#5680,#5681,#5682);
#5680 = CARTESIAN_POINT('',(-0.225,0.325,-3.1));
#5681 = DIRECTION('',(-3.476378920805E-18,0.948683298051,-0.316227766017
    ));
#5682 = DIRECTION('',(-1.,-3.297982619863E-18,1.099327539955E-18));
#5683 = ADVANCED_FACE('',(#5684),#5702,.T.);
#5684 = FACE_BOUND('',#5685,.T.);
#5685 = EDGE_LOOP('',(#5686,#5694,#5700,#5701));
#5686 = ORIENTED_EDGE('',*,*,#5687,.T.);
#5687 = EDGE_CURVE('',#5657,#5688,#5690,.T.);
#5688 = VERTEX_POINT('',#5689);
#5689 = CARTESIAN_POINT('',(-0.225,-0.225,-3.4));
#5690 = LINE('',#5691,#5692);
#5691 = CARTESIAN_POINT('',(-0.225,0.425,-3.4));
#5692 = VECTOR('',#5693,1.);
#5693 = DIRECTION('',(0.,-1.,0.));
#5694 = ORIENTED_EDGE('',*,*,#5695,.T.);
#5695 = EDGE_CURVE('',#5688,#4822,#5696,.T.);
#5696 = LINE('',#5697,#5698);
#5697 = CARTESIAN_POINT('',(-0.286363636364,-0.286363636364,
    -3.215909090909));
#5698 = VECTOR('',#5699,1.);
#5699 = DIRECTION('',(-0.301511344578,-0.301511344578,0.904534033733));
#5700 = ORIENTED_EDGE('',*,*,#4821,.F.);
#5701 = ORIENTED_EDGE('',*,*,#5656,.F.);
#5702 = PLANE('',#5703);
#5703 = AXIS2_PLACEMENT_3D('',#5704,#5705,#5706);
#5704 = CARTESIAN_POINT('',(-0.325,0.425,-3.1));
#5705 = DIRECTION('',(-0.948683298051,-3.476378920805E-18,
    -0.316227766017));
#5706 = DIRECTION('',(3.297982619863E-18,-1.,1.099327539955E-18));
#5707 = ADVANCED_FACE('',(#5708),#5726,.T.);
#5708 = FACE_BOUND('',#5709,.T.);
#5709 = EDGE_LOOP('',(#5710,#5711,#5719,#5725));
#5710 = ORIENTED_EDGE('',*,*,#5695,.F.);
#5711 = ORIENTED_EDGE('',*,*,#5712,.T.);
#5712 = EDGE_CURVE('',#5688,#5713,#5715,.T.);
#5713 = VERTEX_POINT('',#5714);
#5714 = CARTESIAN_POINT('',(0.225,-0.225,-3.4));
#5715 = LINE('',#5716,#5717);
#5716 = CARTESIAN_POINT('',(-0.225,-0.225,-3.4));
#5717 = VECTOR('',#5718,1.);
#5718 = DIRECTION('',(1.,0.,0.));
#5719 = ORIENTED_EDGE('',*,*,#5720,.T.);
#5720 = EDGE_CURVE('',#5713,#4847,#5721,.T.);
#5721 = LINE('',#5722,#5723);
#5722 = CARTESIAN_POINT('',(0.265909090909,-0.265909090909,
    -3.277272727273));
#5723 = VECTOR('',#5724,1.);
#5724 = DIRECTION('',(0.301511344578,-0.301511344578,0.904534033733));
#5725 = ORIENTED_EDGE('',*,*,#4846,.F.);
#5726 = PLANE('',#5727);
#5727 = AXIS2_PLACEMENT_3D('',#5728,#5729,#5730);
#5728 = CARTESIAN_POINT('',(-0.225,-0.325,-3.1));
#5729 = DIRECTION('',(3.476378920805E-18,-0.948683298051,-0.316227766017
    ));
#5730 = DIRECTION('',(1.,3.297982619863E-18,1.099327539955E-18));
#5731 = ADVANCED_FACE('',(#5732),#5743,.F.);
#5732 = FACE_BOUND('',#5733,.T.);
#5733 = EDGE_LOOP('',(#5734,#5740,#5741,#5742));
#5734 = ORIENTED_EDGE('',*,*,#5735,.F.);
#5735 = EDGE_CURVE('',#5665,#5713,#5736,.T.);
#5736 = LINE('',#5737,#5738);
#5737 = CARTESIAN_POINT('',(0.225,0.425,-3.4));
#5738 = VECTOR('',#5739,1.);
#5739 = DIRECTION('',(0.,-1.,0.));
#5740 = ORIENTED_EDGE('',*,*,#5672,.T.);
#5741 = ORIENTED_EDGE('',*,*,#4869,.T.);
#5742 = ORIENTED_EDGE('',*,*,#5720,.F.);
#5743 = PLANE('',#5744);
#5744 = AXIS2_PLACEMENT_3D('',#5745,#5746,#5747);
#5745 = CARTESIAN_POINT('',(0.325,0.425,-3.1));
#5746 = DIRECTION('',(-0.948683298051,3.476378920805E-18,0.316227766017)
  );
#5747 = DIRECTION('',(3.297982619863E-18,1.,-1.099327539955E-18));
#5748 = ADVANCED_FACE('',(#5749),#5774,.T.);
#5749 = FACE_BOUND('',#5750,.T.);
#5750 = EDGE_LOOP('',(#5751,#5761,#5767,#5768));
#5751 = ORIENTED_EDGE('',*,*,#5752,.T.);
#5752 = EDGE_CURVE('',#5753,#5755,#5757,.T.);
#5753 = VERTEX_POINT('',#5754);
#5754 = CARTESIAN_POINT('',(3.275,0.225,-3.4));
#5755 = VERTEX_POINT('',#5756);
#5756 = CARTESIAN_POINT('',(3.275,-0.225,-3.4));
#5757 = LINE('',#5758,#5759);
#5758 = CARTESIAN_POINT('',(3.275,0.425,-3.4));
#5759 = VECTOR('',#5760,1.);
#5760 = DIRECTION('',(0.,-1.,0.));
#5761 = ORIENTED_EDGE('',*,*,#5762,.T.);
#5762 = EDGE_CURVE('',#5755,#4889,#5763,.T.);
#5763 = LINE('',#5764,#5765);
#5764 = CARTESIAN_POINT('',(3.213636363636,-0.286363636364,
    -3.215909090909));
#5765 = VECTOR('',#5766,1.);
#5766 = DIRECTION('',(-0.301511344578,-0.301511344578,0.904534033733));
#5767 = ORIENTED_EDGE('',*,*,#4886,.F.);
#5768 = ORIENTED_EDGE('',*,*,#5769,.F.);
#5769 = EDGE_CURVE('',#5753,#4887,#5770,.T.);
#5770 = LINE('',#5771,#5772);
#5771 = CARTESIAN_POINT('',(3.175,0.325,-3.1));
#5772 = VECTOR('',#5773,1.);
#5773 = DIRECTION('',(-0.301511344578,0.301511344578,0.904534033733));
#5774 = PLANE('',#5775);
#5775 = AXIS2_PLACEMENT_3D('',#5776,#5777,#5778);
#5776 = CARTESIAN_POINT('',(3.175,0.425,-3.1));
#5777 = DIRECTION('',(-0.948683298051,-3.476378920805E-18,
    -0.316227766017));
#5778 = DIRECTION('',(3.297982619863E-18,-1.,1.099327539955E-18));
#5779 = ADVANCED_FACE('',(#5780),#5798,.T.);
#5780 = FACE_BOUND('',#5781,.T.);
#5781 = EDGE_LOOP('',(#5782,#5783,#5791,#5797));
#5782 = ORIENTED_EDGE('',*,*,#5762,.F.);
#5783 = ORIENTED_EDGE('',*,*,#5784,.T.);
#5784 = EDGE_CURVE('',#5755,#5785,#5787,.T.);
#5785 = VERTEX_POINT('',#5786);
#5786 = CARTESIAN_POINT('',(3.725,-0.225,-3.4));
#5787 = LINE('',#5788,#5789);
#5788 = CARTESIAN_POINT('',(3.275,-0.225,-3.4));
#5789 = VECTOR('',#5790,1.);
#5790 = DIRECTION('',(1.,0.,0.));
#5791 = ORIENTED_EDGE('',*,*,#5792,.T.);
#5792 = EDGE_CURVE('',#5785,#4919,#5793,.T.);
#5793 = LINE('',#5794,#5795);
#5794 = CARTESIAN_POINT('',(3.765909090909,-0.265909090909,
    -3.277272727273));
#5795 = VECTOR('',#5796,1.);
#5796 = DIRECTION('',(0.301511344578,-0.301511344578,0.904534033733));
#5797 = ORIENTED_EDGE('',*,*,#4918,.F.);
#5798 = PLANE('',#5799);
#5799 = AXIS2_PLACEMENT_3D('',#5800,#5801,#5802);
#5800 = CARTESIAN_POINT('',(3.275,-0.325,-3.1));
#5801 = DIRECTION('',(3.476378920805E-18,-0.948683298051,-0.316227766017
    ));
#5802 = DIRECTION('',(1.,3.297982619863E-18,1.099327539955E-18));
#5803 = ADVANCED_FACE('',(#5804),#5822,.F.);
#5804 = FACE_BOUND('',#5805,.T.);
#5805 = EDGE_LOOP('',(#5806,#5814,#5820,#5821));
#5806 = ORIENTED_EDGE('',*,*,#5807,.F.);
#5807 = EDGE_CURVE('',#5808,#5785,#5810,.T.);
#5808 = VERTEX_POINT('',#5809);
#5809 = CARTESIAN_POINT('',(3.725,0.225,-3.4));
#5810 = LINE('',#5811,#5812);
#5811 = CARTESIAN_POINT('',(3.725,0.425,-3.4));
#5812 = VECTOR('',#5813,1.);
#5813 = DIRECTION('',(0.,-1.,0.));
#5814 = ORIENTED_EDGE('',*,*,#5815,.T.);
#5815 = EDGE_CURVE('',#5808,#4942,#5816,.T.);
#5816 = LINE('',#5817,#5818);
#5817 = CARTESIAN_POINT('',(3.804545454545,0.304545454545,
    -3.161363636364));
#5818 = VECTOR('',#5819,1.);
#5819 = DIRECTION('',(0.301511344578,0.301511344578,0.904534033733));
#5820 = ORIENTED_EDGE('',*,*,#4941,.T.);
#5821 = ORIENTED_EDGE('',*,*,#5792,.F.);
#5822 = PLANE('',#5823);
#5823 = AXIS2_PLACEMENT_3D('',#5824,#5825,#5826);
#5824 = CARTESIAN_POINT('',(3.825,0.425,-3.1));
#5825 = DIRECTION('',(-0.948683298051,3.476378920805E-18,0.316227766017)
  );
#5826 = DIRECTION('',(3.297982619863E-18,1.,-1.099327539955E-18));
#5827 = ADVANCED_FACE('',(#5828),#5839,.T.);
#5828 = FACE_BOUND('',#5829,.F.);
#5829 = EDGE_LOOP('',(#5830,#5831,#5837,#5838));
#5830 = ORIENTED_EDGE('',*,*,#5769,.F.);
#5831 = ORIENTED_EDGE('',*,*,#5832,.T.);
#5832 = EDGE_CURVE('',#5753,#5808,#5833,.T.);
#5833 = LINE('',#5834,#5835);
#5834 = CARTESIAN_POINT('',(3.275,0.225,-3.4));
#5835 = VECTOR('',#5836,1.);
#5836 = DIRECTION('',(1.,0.,0.));
#5837 = ORIENTED_EDGE('',*,*,#5815,.T.);
#5838 = ORIENTED_EDGE('',*,*,#4965,.F.);
#5839 = PLANE('',#5840);
#5840 = AXIS2_PLACEMENT_3D('',#5841,#5842,#5843);
#5841 = CARTESIAN_POINT('',(3.275,0.325,-3.1));
#5842 = DIRECTION('',(-3.476378920805E-18,0.948683298051,-0.316227766017
    ));
#5843 = DIRECTION('',(-1.,-3.297982619863E-18,1.099327539955E-18));
#5844 = ADVANCED_FACE('',(#5845,#5861),#5895,.F.);
#5845 = FACE_BOUND('',#5846,.F.);
#5846 = EDGE_LOOP('',(#5847,#5848,#5849,#5850,#5851,#5852,#5853,#5854,
    #5855,#5856,#5857,#5858,#5859,#5860));
#5847 = ORIENTED_EDGE('',*,*,#5143,.T.);
#5848 = ORIENTED_EDGE('',*,*,#5119,.T.);
#5849 = ORIENTED_EDGE('',*,*,#5095,.T.);
#5850 = ORIENTED_EDGE('',*,*,#5071,.T.);
#5851 = ORIENTED_EDGE('',*,*,#5047,.T.);
#5852 = ORIENTED_EDGE('',*,*,#5023,.T.);
#5853 = ORIENTED_EDGE('',*,*,#4999,.T.);
#5854 = ORIENTED_EDGE('',*,*,#5305,.T.);
#5855 = ORIENTED_EDGE('',*,*,#5288,.T.);
#5856 = ORIENTED_EDGE('',*,*,#5264,.T.);
#5857 = ORIENTED_EDGE('',*,*,#5240,.T.);
#5858 = ORIENTED_EDGE('',*,*,#5216,.T.);
#5859 = ORIENTED_EDGE('',*,*,#5181,.T.);
#5860 = ORIENTED_EDGE('',*,*,#5167,.T.);
#5861 = FACE_BOUND('',#5862,.F.);
#5862 = EDGE_LOOP('',(#5863,#5873,#5881,#5889));
#5863 = ORIENTED_EDGE('',*,*,#5864,.F.);
#5864 = EDGE_CURVE('',#5865,#5867,#5869,.T.);
#5865 = VERTEX_POINT('',#5866);
#5866 = CARTESIAN_POINT('',(3.925,-1.4,2.575));
#5867 = VERTEX_POINT('',#5868);
#5868 = CARTESIAN_POINT('',(3.075,-1.4,2.575));
#5869 = LINE('',#5870,#5871);
#5870 = CARTESIAN_POINT('',(3.2875,-1.4,2.575));
#5871 = VECTOR('',#5872,1.);
#5872 = DIRECTION('',(-1.,-0.,-0.));
#5873 = ORIENTED_EDGE('',*,*,#5874,.T.);
#5874 = EDGE_CURVE('',#5865,#5875,#5877,.T.);
#5875 = VERTEX_POINT('',#5876);
#5876 = CARTESIAN_POINT('',(3.925,-1.4,3.425));
#5877 = LINE('',#5878,#5879);
#5878 = CARTESIAN_POINT('',(3.925,-1.4,2.498883585473));
#5879 = VECTOR('',#5880,1.);
#5880 = DIRECTION('',(0.,2.22044604925E-16,1.));
#5881 = ORIENTED_EDGE('',*,*,#5882,.F.);
#5882 = EDGE_CURVE('',#5883,#5875,#5885,.T.);
#5883 = VERTEX_POINT('',#5884);
#5884 = CARTESIAN_POINT('',(3.075,-1.4,3.425));
#5885 = LINE('',#5886,#5887);
#5886 = CARTESIAN_POINT('',(3.2875,-1.4,3.425));
#5887 = VECTOR('',#5888,1.);
#5888 = DIRECTION('',(1.,0.,0.));
#5889 = ORIENTED_EDGE('',*,*,#5890,.F.);
#5890 = EDGE_CURVE('',#5867,#5883,#5891,.T.);
#5891 = LINE('',#5892,#5893);
#5892 = CARTESIAN_POINT('',(3.075,-1.4,2.498883585473));
#5893 = VECTOR('',#5894,1.);
#5894 = DIRECTION('',(0.,2.22044604925E-16,1.));
#5895 = PLANE('',#5896);
#5896 = AXIS2_PLACEMENT_3D('',#5897,#5898,#5899);
#5897 = CARTESIAN_POINT('',(3.5,-1.4,3.69068173833));
#5898 = DIRECTION('',(-0.,1.,-2.22044604925E-16));
#5899 = DIRECTION('',(-1.,0.,0.));
#5900 = ADVANCED_FACE('',(#5901,#5917),#5951,.F.);
#5901 = FACE_BOUND('',#5902,.F.);
#5902 = EDGE_LOOP('',(#5903,#5904,#5905,#5906,#5907,#5908,#5909,#5910,
    #5911,#5912,#5913,#5914,#5915,#5916));
#5903 = ORIENTED_EDGE('',*,*,#5552,.T.);
#5904 = ORIENTED_EDGE('',*,*,#5528,.T.);
#5905 = ORIENTED_EDGE('',*,*,#5504,.T.);
#5906 = ORIENTED_EDGE('',*,*,#5480,.T.);
#5907 = ORIENTED_EDGE('',*,*,#5456,.T.);
#5908 = ORIENTED_EDGE('',*,*,#5432,.T.);
#5909 = ORIENTED_EDGE('',*,*,#5408,.T.);
#5910 = ORIENTED_EDGE('',*,*,#5384,.T.);
#5911 = ORIENTED_EDGE('',*,*,#5360,.T.);
#5912 = ORIENTED_EDGE('',*,*,#5336,.T.);
#5913 = ORIENTED_EDGE('',*,*,#5642,.T.);
#5914 = ORIENTED_EDGE('',*,*,#5625,.T.);
#5915 = ORIENTED_EDGE('',*,*,#5590,.T.);
#5916 = ORIENTED_EDGE('',*,*,#5576,.T.);
#5917 = FACE_BOUND('',#5918,.F.);
#5918 = EDGE_LOOP('',(#5919,#5929,#5937,#5945));
#5919 = ORIENTED_EDGE('',*,*,#5920,.F.);
#5920 = EDGE_CURVE('',#5921,#5923,#5925,.T.);
#5921 = VERTEX_POINT('',#5922);
#5922 = CARTESIAN_POINT('',(-0.425,-1.4,2.575));
#5923 = VERTEX_POINT('',#5924);
#5924 = CARTESIAN_POINT('',(-0.425,-1.4,3.425));
#5925 = LINE('',#5926,#5927);
#5926 = CARTESIAN_POINT('',(-0.425,-1.4,2.498883585473));
#5927 = VECTOR('',#5928,1.);
#5928 = DIRECTION('',(0.,2.22044604925E-16,1.));
#5929 = ORIENTED_EDGE('',*,*,#5930,.F.);
#5930 = EDGE_CURVE('',#5931,#5921,#5933,.T.);
#5931 = VERTEX_POINT('',#5932);
#5932 = CARTESIAN_POINT('',(0.425,-1.4,2.575));
#5933 = LINE('',#5934,#5935);
#5934 = CARTESIAN_POINT('',(-0.2125,-1.4,2.575));
#5935 = VECTOR('',#5936,1.);
#5936 = DIRECTION('',(-1.,-0.,-0.));
#5937 = ORIENTED_EDGE('',*,*,#5938,.T.);
#5938 = EDGE_CURVE('',#5931,#5939,#5941,.T.);
#5939 = VERTEX_POINT('',#5940);
#5940 = CARTESIAN_POINT('',(0.425,-1.4,3.425));
#5941 = LINE('',#5942,#5943);
#5942 = CARTESIAN_POINT('',(0.425,-1.4,2.498883585473));
#5943 = VECTOR('',#5944,1.);
#5944 = DIRECTION('',(0.,2.22044604925E-16,1.));
#5945 = ORIENTED_EDGE('',*,*,#5946,.F.);
#5946 = EDGE_CURVE('',#5923,#5939,#5947,.T.);
#5947 = LINE('',#5948,#5949);
#5948 = CARTESIAN_POINT('',(-0.2125,-1.4,3.425));
#5949 = VECTOR('',#5950,1.);
#5950 = DIRECTION('',(1.,0.,0.));
#5951 = PLANE('',#5952);
#5952 = AXIS2_PLACEMENT_3D('',#5953,#5954,#5955);
#5953 = CARTESIAN_POINT('',(1.588033059182E-17,-1.4,3.69068173833));
#5954 = DIRECTION('',(-0.,1.,-2.22044604925E-16));
#5955 = DIRECTION('',(-1.,0.,0.));
#5956 = ADVANCED_FACE('',(#5957),#5963,.T.);
#5957 = FACE_BOUND('',#5958,.T.);
#5958 = EDGE_LOOP('',(#5959,#5960,#5961,#5962));
#5959 = ORIENTED_EDGE('',*,*,#5687,.F.);
#5960 = ORIENTED_EDGE('',*,*,#5664,.T.);
#5961 = ORIENTED_EDGE('',*,*,#5735,.T.);
#5962 = ORIENTED_EDGE('',*,*,#5712,.F.);
#5963 = PLANE('',#5964);
#5964 = AXIS2_PLACEMENT_3D('',#5965,#5966,#5967);
#5965 = CARTESIAN_POINT('',(-0.425,0.425,-3.4));
#5966 = DIRECTION('',(0.,0.,-1.));
#5967 = DIRECTION('',(0.,-1.,0.));
#5968 = ADVANCED_FACE('',(#5969),#5975,.T.);
#5969 = FACE_BOUND('',#5970,.T.);
#5970 = EDGE_LOOP('',(#5971,#5972,#5973,#5974));
#5971 = ORIENTED_EDGE('',*,*,#5752,.F.);
#5972 = ORIENTED_EDGE('',*,*,#5832,.T.);
#5973 = ORIENTED_EDGE('',*,*,#5807,.T.);
#5974 = ORIENTED_EDGE('',*,*,#5784,.F.);
#5975 = PLANE('',#5976);
#5976 = AXIS2_PLACEMENT_3D('',#5977,#5978,#5979);
#5977 = CARTESIAN_POINT('',(3.075,0.425,-3.4));
#5978 = DIRECTION('',(0.,0.,-1.));
#5979 = DIRECTION('',(0.,-1.,0.));
#5980 = ADVANCED_FACE('',(#5981),#6006,.T.);
#5981 = FACE_BOUND('',#5982,.T.);
#5982 = EDGE_LOOP('',(#5983,#5993,#5999,#6000));
#5983 = ORIENTED_EDGE('',*,*,#5984,.F.);
#5984 = EDGE_CURVE('',#5985,#5987,#5989,.T.);
#5985 = VERTEX_POINT('',#5986);
#5986 = CARTESIAN_POINT('',(3.075,-6.,2.575));
#5987 = VERTEX_POINT('',#5988);
#5988 = CARTESIAN_POINT('',(3.925,-6.,2.575));
#5989 = LINE('',#5990,#5991);
#5990 = CARTESIAN_POINT('',(3.275,-6.,2.575));
#5991 = VECTOR('',#5992,1.);
#5992 = DIRECTION('',(1.,0.,0.));
#5993 = ORIENTED_EDGE('',*,*,#5994,.F.);
#5994 = EDGE_CURVE('',#5867,#5985,#5995,.T.);
#5995 = LINE('',#5996,#5997);
#5996 = CARTESIAN_POINT('',(3.075,-0.525,2.575));
#5997 = VECTOR('',#5998,1.);
#5998 = DIRECTION('',(0.,-1.,0.));
#5999 = ORIENTED_EDGE('',*,*,#5864,.F.);
#6000 = ORIENTED_EDGE('',*,*,#6001,.T.);
#6001 = EDGE_CURVE('',#5865,#5987,#6002,.T.);
#6002 = LINE('',#6003,#6004);
#6003 = CARTESIAN_POINT('',(3.925,-0.525,2.575));
#6004 = VECTOR('',#6005,1.);
#6005 = DIRECTION('',(0.,-1.,0.));
#6006 = PLANE('',#6007);
#6007 = AXIS2_PLACEMENT_3D('',#6008,#6009,#6010);
#6008 = CARTESIAN_POINT('',(3.075,-0.525,2.575));
#6009 = DIRECTION('',(0.,0.,-1.));
#6010 = DIRECTION('',(0.,-1.,0.));
#6011 = ADVANCED_FACE('',(#6012),#6030,.T.);
#6012 = FACE_BOUND('',#6013,.T.);
#6013 = EDGE_LOOP('',(#6014,#6015,#6016,#6024));
#6014 = ORIENTED_EDGE('',*,*,#5890,.F.);
#6015 = ORIENTED_EDGE('',*,*,#5994,.T.);
#6016 = ORIENTED_EDGE('',*,*,#6017,.T.);
#6017 = EDGE_CURVE('',#5985,#6018,#6020,.T.);
#6018 = VERTEX_POINT('',#6019);
#6019 = CARTESIAN_POINT('',(3.075,-6.,3.425));
#6020 = LINE('',#6021,#6022);
#6021 = CARTESIAN_POINT('',(3.075,-6.,2.575));
#6022 = VECTOR('',#6023,1.);
#6023 = DIRECTION('',(0.,0.,1.));
#6024 = ORIENTED_EDGE('',*,*,#6025,.T.);
#6025 = EDGE_CURVE('',#6018,#5883,#6026,.T.);
#6026 = LINE('',#6027,#6028);
#6027 = CARTESIAN_POINT('',(3.075,-6.6,3.425));
#6028 = VECTOR('',#6029,1.);
#6029 = DIRECTION('',(0.,1.,0.));
#6030 = PLANE('',#6031);
#6031 = AXIS2_PLACEMENT_3D('',#6032,#6033,#6034);
#6032 = CARTESIAN_POINT('',(3.075,-1.794638512893,1.307085432616));
#6033 = DIRECTION('',(-1.,-0.,-0.));
#6034 = DIRECTION('',(0.,0.,-1.));
#6035 = ADVANCED_FACE('',(#6036),#6054,.T.);
#6036 = FACE_BOUND('',#6037,.T.);
#6037 = EDGE_LOOP('',(#6038,#6039,#6047,#6053));
#6038 = ORIENTED_EDGE('',*,*,#6025,.F.);
#6039 = ORIENTED_EDGE('',*,*,#6040,.T.);
#6040 = EDGE_CURVE('',#6018,#6041,#6043,.T.);
#6041 = VERTEX_POINT('',#6042);
#6042 = CARTESIAN_POINT('',(3.925,-6.,3.425));
#6043 = LINE('',#6044,#6045);
#6044 = CARTESIAN_POINT('',(3.275,-6.,3.425));
#6045 = VECTOR('',#6046,1.);
#6046 = DIRECTION('',(1.,0.,0.));
#6047 = ORIENTED_EDGE('',*,*,#6048,.T.);
#6048 = EDGE_CURVE('',#6041,#5875,#6049,.T.);
#6049 = LINE('',#6050,#6051);
#6050 = CARTESIAN_POINT('',(3.925,-6.6,3.425));
#6051 = VECTOR('',#6052,1.);
#6052 = DIRECTION('',(0.,1.,0.));
#6053 = ORIENTED_EDGE('',*,*,#5882,.F.);
#6054 = PLANE('',#6055);
#6055 = AXIS2_PLACEMENT_3D('',#6056,#6057,#6058);
#6056 = CARTESIAN_POINT('',(3.075,-6.6,3.425));
#6057 = DIRECTION('',(0.,0.,1.));
#6058 = DIRECTION('',(0.,1.,0.));
#6059 = ADVANCED_FACE('',(#6060),#6071,.F.);
#6060 = FACE_BOUND('',#6061,.F.);
#6061 = EDGE_LOOP('',(#6062,#6063,#6064,#6070));
#6062 = ORIENTED_EDGE('',*,*,#5874,.F.);
#6063 = ORIENTED_EDGE('',*,*,#6001,.T.);
#6064 = ORIENTED_EDGE('',*,*,#6065,.T.);
#6065 = EDGE_CURVE('',#5987,#6041,#6066,.T.);
#6066 = LINE('',#6067,#6068);
#6067 = CARTESIAN_POINT('',(3.925,-6.,2.575));
#6068 = VECTOR('',#6069,1.);
#6069 = DIRECTION('',(0.,0.,1.));
#6070 = ORIENTED_EDGE('',*,*,#6048,.T.);
#6071 = PLANE('',#6072);
#6072 = AXIS2_PLACEMENT_3D('',#6073,#6074,#6075);
#6073 = CARTESIAN_POINT('',(3.925,-1.794638512893,1.307085432616));
#6074 = DIRECTION('',(-1.,-0.,-0.));
#6075 = DIRECTION('',(0.,0.,-1.));
#6076 = ADVANCED_FACE('',(#6077),#6102,.T.);
#6077 = FACE_BOUND('',#6078,.T.);
#6078 = EDGE_LOOP('',(#6079,#6080,#6088,#6096));
#6079 = ORIENTED_EDGE('',*,*,#5920,.F.);
#6080 = ORIENTED_EDGE('',*,*,#6081,.T.);
#6081 = EDGE_CURVE('',#5921,#6082,#6084,.T.);
#6082 = VERTEX_POINT('',#6083);
#6083 = CARTESIAN_POINT('',(-0.425,-6.,2.575));
#6084 = LINE('',#6085,#6086);
#6085 = CARTESIAN_POINT('',(-0.425,-0.525,2.575));
#6086 = VECTOR('',#6087,1.);
#6087 = DIRECTION('',(0.,-1.,0.));
#6088 = ORIENTED_EDGE('',*,*,#6089,.T.);
#6089 = EDGE_CURVE('',#6082,#6090,#6092,.T.);
#6090 = VERTEX_POINT('',#6091);
#6091 = CARTESIAN_POINT('',(-0.425,-6.,3.425));
#6092 = LINE('',#6093,#6094);
#6093 = CARTESIAN_POINT('',(-0.425,-6.,2.575));
#6094 = VECTOR('',#6095,1.);
#6095 = DIRECTION('',(0.,0.,1.));
#6096 = ORIENTED_EDGE('',*,*,#6097,.T.);
#6097 = EDGE_CURVE('',#6090,#5923,#6098,.T.);
#6098 = LINE('',#6099,#6100);
#6099 = CARTESIAN_POINT('',(-0.425,-6.6,3.425));
#6100 = VECTOR('',#6101,1.);
#6101 = DIRECTION('',(0.,1.,0.));
#6102 = PLANE('',#6103);
#6103 = AXIS2_PLACEMENT_3D('',#6104,#6105,#6106);
#6104 = CARTESIAN_POINT('',(-0.425,-1.794638512893,1.307085432616));
#6105 = DIRECTION('',(-1.,-0.,-0.));
#6106 = DIRECTION('',(0.,0.,-1.));
#6107 = ADVANCED_FACE('',(#6108),#6126,.T.);
#6108 = FACE_BOUND('',#6109,.T.);
#6109 = EDGE_LOOP('',(#6110,#6111,#6119,#6125));
#6110 = ORIENTED_EDGE('',*,*,#6097,.F.);
#6111 = ORIENTED_EDGE('',*,*,#6112,.T.);
#6112 = EDGE_CURVE('',#6090,#6113,#6115,.T.);
#6113 = VERTEX_POINT('',#6114);
#6114 = CARTESIAN_POINT('',(0.425,-6.,3.425));
#6115 = LINE('',#6116,#6117);
#6116 = CARTESIAN_POINT('',(-0.225,-6.,3.425));
#6117 = VECTOR('',#6118,1.);
#6118 = DIRECTION('',(1.,0.,0.));
#6119 = ORIENTED_EDGE('',*,*,#6120,.T.);
#6120 = EDGE_CURVE('',#6113,#5939,#6121,.T.);
#6121 = LINE('',#6122,#6123);
#6122 = CARTESIAN_POINT('',(0.425,-6.6,3.425));
#6123 = VECTOR('',#6124,1.);
#6124 = DIRECTION('',(0.,1.,0.));
#6125 = ORIENTED_EDGE('',*,*,#5946,.F.);
#6126 = PLANE('',#6127);
#6127 = AXIS2_PLACEMENT_3D('',#6128,#6129,#6130);
#6128 = CARTESIAN_POINT('',(-0.425,-6.6,3.425));
#6129 = DIRECTION('',(0.,0.,1.));
#6130 = DIRECTION('',(0.,1.,0.));
#6131 = ADVANCED_FACE('',(#6132),#6150,.F.);
#6132 = FACE_BOUND('',#6133,.F.);
#6133 = EDGE_LOOP('',(#6134,#6135,#6143,#6149));
#6134 = ORIENTED_EDGE('',*,*,#5938,.F.);
#6135 = ORIENTED_EDGE('',*,*,#6136,.T.);
#6136 = EDGE_CURVE('',#5931,#6137,#6139,.T.);
#6137 = VERTEX_POINT('',#6138);
#6138 = CARTESIAN_POINT('',(0.425,-6.,2.575));
#6139 = LINE('',#6140,#6141);
#6140 = CARTESIAN_POINT('',(0.425,-0.525,2.575));
#6141 = VECTOR('',#6142,1.);
#6142 = DIRECTION('',(0.,-1.,0.));
#6143 = ORIENTED_EDGE('',*,*,#6144,.T.);
#6144 = EDGE_CURVE('',#6137,#6113,#6145,.T.);
#6145 = LINE('',#6146,#6147);
#6146 = CARTESIAN_POINT('',(0.425,-6.,2.575));
#6147 = VECTOR('',#6148,1.);
#6148 = DIRECTION('',(0.,0.,1.));
#6149 = ORIENTED_EDGE('',*,*,#6120,.T.);
#6150 = PLANE('',#6151);
#6151 = AXIS2_PLACEMENT_3D('',#6152,#6153,#6154);
#6152 = CARTESIAN_POINT('',(0.425,-1.794638512893,1.307085432616));
#6153 = DIRECTION('',(-1.,-0.,-0.));
#6154 = DIRECTION('',(0.,0.,-1.));
#6155 = ADVANCED_FACE('',(#6156),#6167,.T.);
#6156 = FACE_BOUND('',#6157,.T.);
#6157 = EDGE_LOOP('',(#6158,#6164,#6165,#6166));
#6158 = ORIENTED_EDGE('',*,*,#6159,.F.);
#6159 = EDGE_CURVE('',#6082,#6137,#6160,.T.);
#6160 = LINE('',#6161,#6162);
#6161 = CARTESIAN_POINT('',(-0.225,-6.,2.575));
#6162 = VECTOR('',#6163,1.);
#6163 = DIRECTION('',(1.,0.,0.));
#6164 = ORIENTED_EDGE('',*,*,#6081,.F.);
#6165 = ORIENTED_EDGE('',*,*,#5930,.F.);
#6166 = ORIENTED_EDGE('',*,*,#6136,.T.);
#6167 = PLANE('',#6168);
#6168 = AXIS2_PLACEMENT_3D('',#6169,#6170,#6171);
#6169 = CARTESIAN_POINT('',(-0.425,-0.525,2.575));
#6170 = DIRECTION('',(0.,0.,-1.));
#6171 = DIRECTION('',(0.,-1.,0.));
#6172 = ADVANCED_FACE('',(#6173),#6198,.T.);
#6173 = FACE_BOUND('',#6174,.F.);
#6174 = EDGE_LOOP('',(#6175,#6183,#6191,#6197));
#6175 = ORIENTED_EDGE('',*,*,#6176,.F.);
#6176 = EDGE_CURVE('',#6177,#5985,#6179,.T.);
#6177 = VERTEX_POINT('',#6178);
#6178 = CARTESIAN_POINT('',(3.275,-6.6,2.775));
#6179 = LINE('',#6180,#6181);
#6180 = CARTESIAN_POINT('',(3.175,-6.3,2.675));
#6181 = VECTOR('',#6182,1.);
#6182 = DIRECTION('',(-0.301511344578,0.904534033733,-0.301511344578));
#6183 = ORIENTED_EDGE('',*,*,#6184,.T.);
#6184 = EDGE_CURVE('',#6177,#6185,#6187,.T.);
#6185 = VERTEX_POINT('',#6186);
#6186 = CARTESIAN_POINT('',(3.725,-6.6,2.775));
#6187 = LINE('',#6188,#6189);
#6188 = CARTESIAN_POINT('',(3.275,-6.6,2.775));
#6189 = VECTOR('',#6190,1.);
#6190 = DIRECTION('',(1.,0.,0.));
#6191 = ORIENTED_EDGE('',*,*,#6192,.T.);
#6192 = EDGE_CURVE('',#6185,#5987,#6193,.T.);
#6193 = LINE('',#6194,#6195);
#6194 = CARTESIAN_POINT('',(3.804545454545,-6.361363636364,
    2.695454545455));
#6195 = VECTOR('',#6196,1.);
#6196 = DIRECTION('',(0.301511344578,0.904534033733,-0.301511344578));
#6197 = ORIENTED_EDGE('',*,*,#5984,.F.);
#6198 = PLANE('',#6199);
#6199 = AXIS2_PLACEMENT_3D('',#6200,#6201,#6202);
#6200 = CARTESIAN_POINT('',(3.275,-6.3,2.675));
#6201 = DIRECTION('',(0.,-0.316227766017,-0.948683298051));
#6202 = DIRECTION('',(-1.,-0.,0.));
#6203 = ADVANCED_FACE('',(#6204),#6222,.T.);
#6204 = FACE_BOUND('',#6205,.T.);
#6205 = EDGE_LOOP('',(#6206,#6214,#6220,#6221));
#6206 = ORIENTED_EDGE('',*,*,#6207,.T.);
#6207 = EDGE_CURVE('',#6177,#6208,#6210,.T.);
#6208 = VERTEX_POINT('',#6209);
#6209 = CARTESIAN_POINT('',(3.275,-6.6,3.225));
#6210 = LINE('',#6211,#6212);
#6211 = CARTESIAN_POINT('',(3.275,-6.6,2.575));
#6212 = VECTOR('',#6213,1.);
#6213 = DIRECTION('',(0.,0.,1.));
#6214 = ORIENTED_EDGE('',*,*,#6215,.T.);
#6215 = EDGE_CURVE('',#6208,#6018,#6216,.T.);
#6216 = LINE('',#6217,#6218);
#6217 = CARTESIAN_POINT('',(3.213636363636,-6.415909090909,
    3.286363636364));
#6218 = VECTOR('',#6219,1.);
#6219 = DIRECTION('',(-0.301511344578,0.904534033733,0.301511344578));
#6220 = ORIENTED_EDGE('',*,*,#6017,.F.);
#6221 = ORIENTED_EDGE('',*,*,#6176,.F.);
#6222 = PLANE('',#6223);
#6223 = AXIS2_PLACEMENT_3D('',#6224,#6225,#6226);
#6224 = CARTESIAN_POINT('',(3.175,-6.3,2.575));
#6225 = DIRECTION('',(-0.948683298051,-0.316227766017,3.476378920805E-18
    ));
#6226 = DIRECTION('',(3.297982619863E-18,1.099327539955E-18,1.));
#6227 = ADVANCED_FACE('',(#6228),#6246,.T.);
#6228 = FACE_BOUND('',#6229,.T.);
#6229 = EDGE_LOOP('',(#6230,#6231,#6239,#6245));
#6230 = ORIENTED_EDGE('',*,*,#6215,.F.);
#6231 = ORIENTED_EDGE('',*,*,#6232,.T.);
#6232 = EDGE_CURVE('',#6208,#6233,#6235,.T.);
#6233 = VERTEX_POINT('',#6234);
#6234 = CARTESIAN_POINT('',(3.725,-6.6,3.225));
#6235 = LINE('',#6236,#6237);
#6236 = CARTESIAN_POINT('',(3.275,-6.6,3.225));
#6237 = VECTOR('',#6238,1.);
#6238 = DIRECTION('',(1.,0.,0.));
#6239 = ORIENTED_EDGE('',*,*,#6240,.T.);
#6240 = EDGE_CURVE('',#6233,#6041,#6241,.T.);
#6241 = LINE('',#6242,#6243);
#6242 = CARTESIAN_POINT('',(3.765909090909,-6.477272727273,
    3.265909090909));
#6243 = VECTOR('',#6244,1.);
#6244 = DIRECTION('',(0.301511344578,0.904534033733,0.301511344578));
#6245 = ORIENTED_EDGE('',*,*,#6040,.F.);
#6246 = PLANE('',#6247);
#6247 = AXIS2_PLACEMENT_3D('',#6248,#6249,#6250);
#6248 = CARTESIAN_POINT('',(3.275,-6.3,3.325));
#6249 = DIRECTION('',(0.,-0.316227766017,0.948683298051));
#6250 = DIRECTION('',(1.,0.,0.));
#6251 = ADVANCED_FACE('',(#6252),#6263,.F.);
#6252 = FACE_BOUND('',#6253,.F.);
#6253 = EDGE_LOOP('',(#6254,#6260,#6261,#6262));
#6254 = ORIENTED_EDGE('',*,*,#6255,.T.);
#6255 = EDGE_CURVE('',#6185,#6233,#6256,.T.);
#6256 = LINE('',#6257,#6258);
#6257 = CARTESIAN_POINT('',(3.725,-6.6,2.575));
#6258 = VECTOR('',#6259,1.);
#6259 = DIRECTION('',(0.,0.,1.));
#6260 = ORIENTED_EDGE('',*,*,#6240,.T.);
#6261 = ORIENTED_EDGE('',*,*,#6065,.F.);
#6262 = ORIENTED_EDGE('',*,*,#6192,.F.);
#6263 = PLANE('',#6264);
#6264 = AXIS2_PLACEMENT_3D('',#6265,#6266,#6267);
#6265 = CARTESIAN_POINT('',(3.825,-6.3,2.575));
#6266 = DIRECTION('',(-0.948683298051,0.316227766017,-3.476378920805E-18
    ));
#6267 = DIRECTION('',(-3.297982619863E-18,1.099327539955E-18,1.));
#6268 = ADVANCED_FACE('',(#6269),#6294,.T.);
#6269 = FACE_BOUND('',#6270,.T.);
#6270 = EDGE_LOOP('',(#6271,#6281,#6287,#6288));
#6271 = ORIENTED_EDGE('',*,*,#6272,.T.);
#6272 = EDGE_CURVE('',#6273,#6275,#6277,.T.);
#6273 = VERTEX_POINT('',#6274);
#6274 = CARTESIAN_POINT('',(-0.225,-6.6,2.775));
#6275 = VERTEX_POINT('',#6276);
#6276 = CARTESIAN_POINT('',(-0.225,-6.6,3.225));
#6277 = LINE('',#6278,#6279);
#6278 = CARTESIAN_POINT('',(-0.225,-6.6,2.575));
#6279 = VECTOR('',#6280,1.);
#6280 = DIRECTION('',(0.,0.,1.));
#6281 = ORIENTED_EDGE('',*,*,#6282,.T.);
#6282 = EDGE_CURVE('',#6275,#6090,#6283,.T.);
#6283 = LINE('',#6284,#6285);
#6284 = CARTESIAN_POINT('',(-0.286363636364,-6.415909090909,
    3.286363636364));
#6285 = VECTOR('',#6286,1.);
#6286 = DIRECTION('',(-0.301511344578,0.904534033733,0.301511344578));
#6287 = ORIENTED_EDGE('',*,*,#6089,.F.);
#6288 = ORIENTED_EDGE('',*,*,#6289,.F.);
#6289 = EDGE_CURVE('',#6273,#6082,#6290,.T.);
#6290 = LINE('',#6291,#6292);
#6291 = CARTESIAN_POINT('',(-0.325,-6.3,2.675));
#6292 = VECTOR('',#6293,1.);
#6293 = DIRECTION('',(-0.301511344578,0.904534033733,-0.301511344578));
#6294 = PLANE('',#6295);
#6295 = AXIS2_PLACEMENT_3D('',#6296,#6297,#6298);
#6296 = CARTESIAN_POINT('',(-0.325,-6.3,2.575));
#6297 = DIRECTION('',(-0.948683298051,-0.316227766017,3.476378920805E-18
    ));
#6298 = DIRECTION('',(3.297982619863E-18,1.099327539955E-18,1.));
#6299 = ADVANCED_FACE('',(#6300),#6318,.T.);
#6300 = FACE_BOUND('',#6301,.T.);
#6301 = EDGE_LOOP('',(#6302,#6303,#6311,#6317));
#6302 = ORIENTED_EDGE('',*,*,#6282,.F.);
#6303 = ORIENTED_EDGE('',*,*,#6304,.T.);
#6304 = EDGE_CURVE('',#6275,#6305,#6307,.T.);
#6305 = VERTEX_POINT('',#6306);
#6306 = CARTESIAN_POINT('',(0.225,-6.6,3.225));
#6307 = LINE('',#6308,#6309);
#6308 = CARTESIAN_POINT('',(-0.225,-6.6,3.225));
#6309 = VECTOR('',#6310,1.);
#6310 = DIRECTION('',(1.,0.,0.));
#6311 = ORIENTED_EDGE('',*,*,#6312,.T.);
#6312 = EDGE_CURVE('',#6305,#6113,#6313,.T.);
#6313 = LINE('',#6314,#6315);
#6314 = CARTESIAN_POINT('',(0.265909090909,-6.477272727273,
    3.265909090909));
#6315 = VECTOR('',#6316,1.);
#6316 = DIRECTION('',(0.301511344578,0.904534033733,0.301511344578));
#6317 = ORIENTED_EDGE('',*,*,#6112,.F.);
#6318 = PLANE('',#6319);
#6319 = AXIS2_PLACEMENT_3D('',#6320,#6321,#6322);
#6320 = CARTESIAN_POINT('',(-0.225,-6.3,3.325));
#6321 = DIRECTION('',(0.,-0.316227766017,0.948683298051));
#6322 = DIRECTION('',(1.,0.,0.));
#6323 = ADVANCED_FACE('',(#6324),#6342,.F.);
#6324 = FACE_BOUND('',#6325,.F.);
#6325 = EDGE_LOOP('',(#6326,#6334,#6335,#6336));
#6326 = ORIENTED_EDGE('',*,*,#6327,.T.);
#6327 = EDGE_CURVE('',#6328,#6305,#6330,.T.);
#6328 = VERTEX_POINT('',#6329);
#6329 = CARTESIAN_POINT('',(0.225,-6.6,2.775));
#6330 = LINE('',#6331,#6332);
#6331 = CARTESIAN_POINT('',(0.225,-6.6,2.575));
#6332 = VECTOR('',#6333,1.);
#6333 = DIRECTION('',(0.,0.,1.));
#6334 = ORIENTED_EDGE('',*,*,#6312,.T.);
#6335 = ORIENTED_EDGE('',*,*,#6144,.F.);
#6336 = ORIENTED_EDGE('',*,*,#6337,.F.);
#6337 = EDGE_CURVE('',#6328,#6137,#6338,.T.);
#6338 = LINE('',#6339,#6340);
#6339 = CARTESIAN_POINT('',(0.304545454545,-6.361363636364,
    2.695454545455));
#6340 = VECTOR('',#6341,1.);
#6341 = DIRECTION('',(0.301511344578,0.904534033733,-0.301511344578));
#6342 = PLANE('',#6343);
#6343 = AXIS2_PLACEMENT_3D('',#6344,#6345,#6346);
#6344 = CARTESIAN_POINT('',(0.325,-6.3,2.575));
#6345 = DIRECTION('',(-0.948683298051,0.316227766017,-3.476378920805E-18
    ));
#6346 = DIRECTION('',(-3.297982619863E-18,1.099327539955E-18,1.));
#6347 = ADVANCED_FACE('',(#6348),#6359,.T.);
#6348 = FACE_BOUND('',#6349,.F.);
#6349 = EDGE_LOOP('',(#6350,#6351,#6357,#6358));
#6350 = ORIENTED_EDGE('',*,*,#6289,.F.);
#6351 = ORIENTED_EDGE('',*,*,#6352,.T.);
#6352 = EDGE_CURVE('',#6273,#6328,#6353,.T.);
#6353 = LINE('',#6354,#6355);
#6354 = CARTESIAN_POINT('',(-0.225,-6.6,2.775));
#6355 = VECTOR('',#6356,1.);
#6356 = DIRECTION('',(1.,0.,0.));
#6357 = ORIENTED_EDGE('',*,*,#6337,.T.);
#6358 = ORIENTED_EDGE('',*,*,#6159,.F.);
#6359 = PLANE('',#6360);
#6360 = AXIS2_PLACEMENT_3D('',#6361,#6362,#6363);
#6361 = CARTESIAN_POINT('',(-0.225,-6.3,2.675));
#6362 = DIRECTION('',(0.,-0.316227766017,-0.948683298051));
#6363 = DIRECTION('',(-1.,-0.,0.));
#6364 = ADVANCED_FACE('',(#6365),#6371,.T.);
#6365 = FACE_BOUND('',#6366,.T.);
#6366 = EDGE_LOOP('',(#6367,#6368,#6369,#6370));
#6367 = ORIENTED_EDGE('',*,*,#6207,.F.);
#6368 = ORIENTED_EDGE('',*,*,#6184,.T.);
#6369 = ORIENTED_EDGE('',*,*,#6255,.T.);
#6370 = ORIENTED_EDGE('',*,*,#6232,.F.);
#6371 = PLANE('',#6372);
#6372 = AXIS2_PLACEMENT_3D('',#6373,#6374,#6375);
#6373 = CARTESIAN_POINT('',(3.075,-6.6,2.575));
#6374 = DIRECTION('',(0.,-1.,0.));
#6375 = DIRECTION('',(0.,0.,1.));
#6376 = ADVANCED_FACE('',(#6377),#6383,.T.);
#6377 = FACE_BOUND('',#6378,.T.);
#6378 = EDGE_LOOP('',(#6379,#6380,#6381,#6382));
#6379 = ORIENTED_EDGE('',*,*,#6272,.F.);
#6380 = ORIENTED_EDGE('',*,*,#6352,.T.);
#6381 = ORIENTED_EDGE('',*,*,#6327,.T.);
#6382 = ORIENTED_EDGE('',*,*,#6304,.F.);
#6383 = PLANE('',#6384);
#6384 = AXIS2_PLACEMENT_3D('',#6385,#6386,#6387);
#6385 = CARTESIAN_POINT('',(-0.425,-6.6,2.575));
#6386 = DIRECTION('',(0.,-1.,0.));
#6387 = DIRECTION('',(0.,0.,1.));
#6388 = ( GEOMETRIC_REPRESENTATION_CONTEXT(3) 
GLOBAL_UNCERTAINTY_ASSIGNED_CONTEXT((#6392)) 
GLOBAL_UNIT_ASSIGNED_CONTEXT((#6389,#6390,#6391)) REPRESENTATION_CONTEXT
('Context #1','3D Context with UNIT and UNCERTAINTY') );
#6389 = ( LENGTH_UNIT() NAMED_UNIT(*) SI_UNIT(.MILLI.,.METRE.) );
#6390 = ( NAMED_UNIT(*) PLANE_ANGLE_UNIT() SI_UNIT($,.RADIAN.) );
#6391 = ( NAMED_UNIT(*) SI_UNIT($,.STERADIAN.) SOLID_ANGLE_UNIT() );
#6392 = UNCERTAINTY_MEASURE_WITH_UNIT(LENGTH_MEASURE(1.E-07),#6389,
  'distance_accuracy_value','confusion accuracy');
#6393 = CONTEXT_DEPENDENT_SHAPE_REPRESENTATION(#6394,#6396);
#6394 = ( REPRESENTATION_RELATIONSHIP('','',#4205,#4182) 
REPRESENTATION_RELATIONSHIP_WITH_TRANSFORMATION(#6395) 
SHAPE_REPRESENTATION_RELATIONSHIP() );
#6395 = ITEM_DEFINED_TRANSFORMATION('','',#11,#4183);
#6396 = PRODUCT_DEFINITION_SHAPE('Placement','Placement of an item',
  #6397);
#6397 = NEXT_ASSEMBLY_USAGE_OCCURRENCE('5','=>[0:1:1:7]','',#4177,#4200,
  $);
#6398 = PRODUCT_RELATED_PRODUCT_CATEGORY('part',$,(#4202));
#6399 = CONTEXT_DEPENDENT_SHAPE_REPRESENTATION(#6400,#6402);
#6400 = ( REPRESENTATION_RELATIONSHIP('','',#112,#10) 
REPRESENTATION_RELATIONSHIP_WITH_TRANSFORMATION(#6401) 
SHAPE_REPRESENTATION_RELATIONSHIP() );
#6401 = ITEM_DEFINED_TRANSFORMATION('','',#11,#27);
#6402 = PRODUCT_DEFINITION_SHAPE('Placement','Placement of an item',
  #6403);
#6403 = NEXT_ASSEMBLY_USAGE_OCCURRENCE('7','J10','',#5,#107,$);
#6404 = CONTEXT_DEPENDENT_SHAPE_REPRESENTATION(#6405,#6407);
#6405 = ( REPRESENTATION_RELATIONSHIP('','',#112,#10) 
REPRESENTATION_RELATIONSHIP_WITH_TRANSFORMATION(#6406) 
SHAPE_REPRESENTATION_RELATIONSHIP() );
#6406 = ITEM_DEFINED_TRANSFORMATION('','',#11,#31);
#6407 = PRODUCT_DEFINITION_SHAPE('Placement','Placement of an item',
  #6408);
#6408 = NEXT_ASSEMBLY_USAGE_OCCURRENCE('8','J5','',#5,#107,$);
#6409 = CONTEXT_DEPENDENT_SHAPE_REPRESENTATION(#6410,#6412);
#6410 = ( REPRESENTATION_RELATIONSHIP('','',#3286,#10) 
REPRESENTATION_RELATIONSHIP_WITH_TRANSFORMATION(#6411) 
SHAPE_REPRESENTATION_RELATIONSHIP() );
#6411 = ITEM_DEFINED_TRANSFORMATION('','',#11,#35);
#6412 = PRODUCT_DEFINITION_SHAPE('Placement','Placement of an item',
  #6413);
#6413 = NEXT_ASSEMBLY_USAGE_OCCURRENCE('9','C5','',#5,#3281,$);
#6414 = CONTEXT_DEPENDENT_SHAPE_REPRESENTATION(#6415,#6417);
#6415 = ( REPRESENTATION_RELATIONSHIP('','',#112,#10) 
REPRESENTATION_RELATIONSHIP_WITH_TRANSFORMATION(#6416) 
SHAPE_REPRESENTATION_RELATIONSHIP() );
#6416 = ITEM_DEFINED_TRANSFORMATION('','',#11,#39);
#6417 = PRODUCT_DEFINITION_SHAPE('Placement','Placement of an item',
  #6418);
#6418 = NEXT_ASSEMBLY_USAGE_OCCURRENCE('10','J6','',#5,#107,$);
#6419 = CONTEXT_DEPENDENT_SHAPE_REPRESENTATION(#6420,#6422);
#6420 = ( REPRESENTATION_RELATIONSHIP('','',#3286,#10) 
REPRESENTATION_RELATIONSHIP_WITH_TRANSFORMATION(#6421) 
SHAPE_REPRESENTATION_RELATIONSHIP() );
#6421 = ITEM_DEFINED_TRANSFORMATION('','',#11,#43);
#6422 = PRODUCT_DEFINITION_SHAPE('Placement','Placement of an item',
  #6423);
#6423 = NEXT_ASSEMBLY_USAGE_OCCURRENCE('11','C3','',#5,#3281,$);
#6424 = CONTEXT_DEPENDENT_SHAPE_REPRESENTATION(#6425,#6427);
#6425 = ( REPRESENTATION_RELATIONSHIP('','',#112,#10) 
REPRESENTATION_RELATIONSHIP_WITH_TRANSFORMATION(#6426) 
SHAPE_REPRESENTATION_RELATIONSHIP() );
#6426 = ITEM_DEFINED_TRANSFORMATION('','',#11,#47);
#6427 = PRODUCT_DEFINITION_SHAPE('Placement','Placement of an item',
  #6428);
#6428 = NEXT_ASSEMBLY_USAGE_OCCURRENCE('12','J4','',#5,#107,$);
#6429 = CONTEXT_DEPENDENT_SHAPE_REPRESENTATION(#6430,#6432);
#6430 = ( REPRESENTATION_RELATIONSHIP('','',#4182,#10) 
REPRESENTATION_RELATIONSHIP_WITH_TRANSFORMATION(#6431) 
SHAPE_REPRESENTATION_RELATIONSHIP() );
#6431 = ITEM_DEFINED_TRANSFORMATION('','',#11,#51);
#6432 = PRODUCT_DEFINITION_SHAPE('Placement','Placement of an item',
  #6433);
#6433 = NEXT_ASSEMBLY_USAGE_OCCURRENCE('13','J14','',#5,#4177,$);
#6434 = CONTEXT_DEPENDENT_SHAPE_REPRESENTATION(#6435,#6437);
#6435 = ( REPRESENTATION_RELATIONSHIP('','',#112,#10) 
REPRESENTATION_RELATIONSHIP_WITH_TRANSFORMATION(#6436) 
SHAPE_REPRESENTATION_RELATIONSHIP() );
#6436 = ITEM_DEFINED_TRANSFORMATION('','',#11,#55);
#6437 = PRODUCT_DEFINITION_SHAPE('Placement','Placement of an item',
  #6438);
#6438 = NEXT_ASSEMBLY_USAGE_OCCURRENCE('14','J1','',#5,#107,$);
#6439 = CONTEXT_DEPENDENT_SHAPE_REPRESENTATION(#6440,#6442);
#6440 = ( REPRESENTATION_RELATIONSHIP('','',#112,#10) 
REPRESENTATION_RELATIONSHIP_WITH_TRANSFORMATION(#6441) 
SHAPE_REPRESENTATION_RELATIONSHIP() );
#6441 = ITEM_DEFINED_TRANSFORMATION('','',#11,#59);
#6442 = PRODUCT_DEFINITION_SHAPE('Placement','Placement of an item',
  #6443);
#6443 = NEXT_ASSEMBLY_USAGE_OCCURRENCE('15','J11','',#5,#107,$);
#6444 = SHAPE_DEFINITION_REPRESENTATION(#6445,#6451);
#6445 = PRODUCT_DEFINITION_SHAPE('','',#6446);
#6446 = PRODUCT_DEFINITION('design','',#6447,#6450);
#6447 = PRODUCT_DEFINITION_FORMATION('','',#6448);
#6448 = PRODUCT('Fuse_1206_3216Metric','Fuse_1206_3216Metric','',(#6449)
  );
#6449 = PRODUCT_CONTEXT('',#2,'mechanical');
#6450 = PRODUCT_DEFINITION_CONTEXT('part definition',#2,'design');
#6451 = SHAPE_REPRESENTATION('',(#11,#6452),#6456);
#6452 = AXIS2_PLACEMENT_3D('',#6453,#6454,#6455);
#6453 = CARTESIAN_POINT('',(0.,0.,0.));
#6454 = DIRECTION('',(0.,0.,1.));
#6455 = DIRECTION('',(1.,0.,-0.));
#6456 = ( GEOMETRIC_REPRESENTATION_CONTEXT(3) 
GLOBAL_UNCERTAINTY_ASSIGNED_CONTEXT((#6460)) 
GLOBAL_UNIT_ASSIGNED_CONTEXT((#6457,#6458,#6459)) REPRESENTATION_CONTEXT
('Context #1','3D Context with UNIT and UNCERTAINTY') );
#6457 = ( LENGTH_UNIT() NAMED_UNIT(*) SI_UNIT(.MILLI.,.METRE.) );
#6458 = ( NAMED_UNIT(*) PLANE_ANGLE_UNIT() SI_UNIT($,.RADIAN.) );
#6459 = ( NAMED_UNIT(*) SI_UNIT($,.STERADIAN.) SOLID_ANGLE_UNIT() );
#6460 = UNCERTAINTY_MEASURE_WITH_UNIT(LENGTH_MEASURE(1.E-07),#6457,
  'distance_accuracy_value','confusion accuracy');
#6461 = CONTEXT_DEPENDENT_SHAPE_REPRESENTATION(#6462,#6464);
#6462 = ( REPRESENTATION_RELATIONSHIP('','',#6451,#10) 
REPRESENTATION_RELATIONSHIP_WITH_TRANSFORMATION(#6463) 
SHAPE_REPRESENTATION_RELATIONSHIP() );
#6463 = ITEM_DEFINED_TRANSFORMATION('','',#11,#63);
#6464 = PRODUCT_DEFINITION_SHAPE('Placement','Placement of an item',
  #6465);
#6465 = NEXT_ASSEMBLY_USAGE_OCCURRENCE('17','F1','',#5,#6446,$);
#6466 = PRODUCT_RELATED_PRODUCT_CATEGORY('part',$,(#6448));
#6467 = SHAPE_DEFINITION_REPRESENTATION(#6468,#6474);
#6468 = PRODUCT_DEFINITION_SHAPE('','',#6469);
#6469 = PRODUCT_DEFINITION('design','',#6470,#6473);
#6470 = PRODUCT_DEFINITION_FORMATION('','',#6471);
#6471 = PRODUCT('Fuse_1206_3216Metric','Fuse_1206_3216Metric','',(#6472)
  );
#6472 = PRODUCT_CONTEXT('',#2,'mechanical');
#6473 = PRODUCT_DEFINITION_CONTEXT('part definition',#2,'design');
#6474 = ADVANCED_BREP_SHAPE_REPRESENTATION('',(#11,#6475),#7265);
#6475 = MANIFOLD_SOLID_BREP('',#6476);
#6476 = CLOSED_SHELL('',(#6477,#6517,#6600,#6625,#6650,#6717,#6734,#6751
    ,#6800,#6822,#6834,#6883,#6900,#6969,#7000,#7024,#7093,#7117,#7134,
    #7151,#7168,#7185,#7202,#7219,#7236,#7253));
#6477 = ADVANCED_FACE('',(#6478),#6512,.F.);
#6478 = FACE_BOUND('',#6479,.F.);
#6479 = EDGE_LOOP('',(#6480,#6490,#6498,#6506));
#6480 = ORIENTED_EDGE('',*,*,#6481,.F.);
#6481 = EDGE_CURVE('',#6482,#6484,#6486,.T.);
#6482 = VERTEX_POINT('',#6483);
#6483 = CARTESIAN_POINT('',(-1.6,-0.8,5.5E-02));
#6484 = VERTEX_POINT('',#6485);
#6485 = CARTESIAN_POINT('',(-1.6,-0.8,0.495));
#6486 = LINE('',#6487,#6488);
#6487 = CARTESIAN_POINT('',(-1.6,-0.8,0.));
#6488 = VECTOR('',#6489,1.);
#6489 = DIRECTION('',(0.,0.,1.));
#6490 = ORIENTED_EDGE('',*,*,#6491,.T.);
#6491 = EDGE_CURVE('',#6482,#6492,#6494,.T.);
#6492 = VERTEX_POINT('',#6493);
#6493 = CARTESIAN_POINT('',(-1.6,0.8,5.5E-02));
#6494 = LINE('',#6495,#6496);
#6495 = CARTESIAN_POINT('',(-1.6,-0.8,5.5E-02));
#6496 = VECTOR('',#6497,1.);
#6497 = DIRECTION('',(0.,1.,0.));
#6498 = ORIENTED_EDGE('',*,*,#6499,.T.);
#6499 = EDGE_CURVE('',#6492,#6500,#6502,.T.);
#6500 = VERTEX_POINT('',#6501);
#6501 = CARTESIAN_POINT('',(-1.6,0.8,0.495));
#6502 = LINE('',#6503,#6504);
#6503 = CARTESIAN_POINT('',(-1.6,0.8,0.));
#6504 = VECTOR('',#6505,1.);
#6505 = DIRECTION('',(0.,0.,1.));
#6506 = ORIENTED_EDGE('',*,*,#6507,.F.);
#6507 = EDGE_CURVE('',#6484,#6500,#6508,.T.);
#6508 = LINE('',#6509,#6510);
#6509 = CARTESIAN_POINT('',(-1.6,-0.8,0.495));
#6510 = VECTOR('',#6511,1.);
#6511 = DIRECTION('',(0.,1.,0.));
#6512 = PLANE('',#6513);
#6513 = AXIS2_PLACEMENT_3D('',#6514,#6515,#6516);
#6514 = CARTESIAN_POINT('',(-1.6,-0.8,0.));
#6515 = DIRECTION('',(1.,0.,0.));
#6516 = DIRECTION('',(0.,0.,1.));
#6517 = ADVANCED_FACE('',(#6518),#6595,.F.);
#6518 = FACE_BOUND('',#6519,.F.);
#6519 = EDGE_LOOP('',(#6520,#6530,#6537,#6538,#6547,#6555,#6564,#6572,
    #6580,#6588));
#6520 = ORIENTED_EDGE('',*,*,#6521,.F.);
#6521 = EDGE_CURVE('',#6522,#6524,#6526,.T.);
#6522 = VERTEX_POINT('',#6523);
#6523 = CARTESIAN_POINT('',(-1.545,-0.8,0.));
#6524 = VERTEX_POINT('',#6525);
#6525 = CARTESIAN_POINT('',(-1.155,-0.8,0.));
#6526 = LINE('',#6527,#6528);
#6527 = CARTESIAN_POINT('',(-1.6,-0.8,0.));
#6528 = VECTOR('',#6529,1.);
#6529 = DIRECTION('',(1.,0.,0.));
#6530 = ORIENTED_EDGE('',*,*,#6531,.F.);
#6531 = EDGE_CURVE('',#6482,#6522,#6532,.T.);
#6532 = CIRCLE('',#6533,5.5E-02);
#6533 = AXIS2_PLACEMENT_3D('',#6534,#6535,#6536);
#6534 = CARTESIAN_POINT('',(-1.545,-0.8,5.5E-02));
#6535 = DIRECTION('',(0.,-1.,0.));
#6536 = DIRECTION('',(0.,0.,1.));
#6537 = ORIENTED_EDGE('',*,*,#6481,.T.);
#6538 = ORIENTED_EDGE('',*,*,#6539,.T.);
#6539 = EDGE_CURVE('',#6484,#6540,#6542,.T.);
#6540 = VERTEX_POINT('',#6541);
#6541 = CARTESIAN_POINT('',(-1.545,-0.8,0.55));
#6542 = CIRCLE('',#6543,5.5E-02);
#6543 = AXIS2_PLACEMENT_3D('',#6544,#6545,#6546);
#6544 = CARTESIAN_POINT('',(-1.545,-0.8,0.495));
#6545 = DIRECTION('',(0.,1.,0.));
#6546 = DIRECTION('',(0.,-0.,1.));
#6547 = ORIENTED_EDGE('',*,*,#6548,.T.);
#6548 = EDGE_CURVE('',#6540,#6549,#6551,.T.);
#6549 = VERTEX_POINT('',#6550);
#6550 = CARTESIAN_POINT('',(-1.155,-0.8,0.55));
#6551 = LINE('',#6552,#6553);
#6552 = CARTESIAN_POINT('',(-1.6,-0.8,0.55));
#6553 = VECTOR('',#6554,1.);
#6554 = DIRECTION('',(1.,0.,0.));
#6555 = ORIENTED_EDGE('',*,*,#6556,.F.);
#6556 = EDGE_CURVE('',#6557,#6549,#6559,.T.);
#6557 = VERTEX_POINT('',#6558);
#6558 = CARTESIAN_POINT('',(-1.1,-0.8,0.495));
#6559 = CIRCLE('',#6560,5.5E-02);
#6560 = AXIS2_PLACEMENT_3D('',#6561,#6562,#6563);
#6561 = CARTESIAN_POINT('',(-1.155,-0.8,0.495));
#6562 = DIRECTION('',(0.,-1.,0.));
#6563 = DIRECTION('',(0.,0.,1.));
#6564 = ORIENTED_EDGE('',*,*,#6565,.F.);
#6565 = EDGE_CURVE('',#6566,#6557,#6568,.T.);
#6566 = VERTEX_POINT('',#6567);
#6567 = CARTESIAN_POINT('',(-1.545,-0.8,0.495));
#6568 = LINE('',#6569,#6570);
#6569 = CARTESIAN_POINT('',(-1.545,-0.8,0.495));
#6570 = VECTOR('',#6571,1.);
#6571 = DIRECTION('',(1.,0.,0.));
#6572 = ORIENTED_EDGE('',*,*,#6573,.F.);
#6573 = EDGE_CURVE('',#6574,#6566,#6576,.T.);
#6574 = VERTEX_POINT('',#6575);
#6575 = CARTESIAN_POINT('',(-1.545,-0.8,5.5E-02));
#6576 = LINE('',#6577,#6578);
#6577 = CARTESIAN_POINT('',(-1.545,-0.8,5.5E-02));
#6578 = VECTOR('',#6579,1.);
#6579 = DIRECTION('',(0.,0.,1.));
#6580 = ORIENTED_EDGE('',*,*,#6581,.T.);
#6581 = EDGE_CURVE('',#6574,#6582,#6584,.T.);
#6582 = VERTEX_POINT('',#6583);
#6583 = CARTESIAN_POINT('',(-1.1,-0.8,5.5E-02));
#6584 = LINE('',#6585,#6586);
#6585 = CARTESIAN_POINT('',(-1.545,-0.8,5.5E-02));
#6586 = VECTOR('',#6587,1.);
#6587 = DIRECTION('',(1.,0.,0.));
#6588 = ORIENTED_EDGE('',*,*,#6589,.T.);
#6589 = EDGE_CURVE('',#6582,#6524,#6590,.T.);
#6590 = CIRCLE('',#6591,5.5E-02);
#6591 = AXIS2_PLACEMENT_3D('',#6592,#6593,#6594);
#6592 = CARTESIAN_POINT('',(-1.155,-0.8,5.5E-02));
#6593 = DIRECTION('',(0.,1.,0.));
#6594 = DIRECTION('',(0.,-0.,1.));
#6595 = PLANE('',#6596);
#6596 = AXIS2_PLACEMENT_3D('',#6597,#6598,#6599);
#6597 = CARTESIAN_POINT('',(-1.6,-0.8,0.));
#6598 = DIRECTION('',(0.,1.,0.));
#6599 = DIRECTION('',(0.,-0.,1.));
#6600 = ADVANCED_FACE('',(#6601),#6620,.T.);
#6601 = FACE_BOUND('',#6602,.T.);
#6602 = EDGE_LOOP('',(#6603,#6604,#6613,#6619));
#6603 = ORIENTED_EDGE('',*,*,#6491,.T.);
#6604 = ORIENTED_EDGE('',*,*,#6605,.T.);
#6605 = EDGE_CURVE('',#6492,#6606,#6608,.T.);
#6606 = VERTEX_POINT('',#6607);
#6607 = CARTESIAN_POINT('',(-1.545,0.8,0.));
#6608 = CIRCLE('',#6609,5.5E-02);
#6609 = AXIS2_PLACEMENT_3D('',#6610,#6611,#6612);
#6610 = CARTESIAN_POINT('',(-1.545,0.8,5.5E-02));
#6611 = DIRECTION('',(0.,-1.,0.));
#6612 = DIRECTION('',(0.,0.,1.));
#6613 = ORIENTED_EDGE('',*,*,#6614,.F.);
#6614 = EDGE_CURVE('',#6522,#6606,#6615,.T.);
#6615 = LINE('',#6616,#6617);
#6616 = CARTESIAN_POINT('',(-1.545,-0.8,0.));
#6617 = VECTOR('',#6618,1.);
#6618 = DIRECTION('',(0.,1.,0.));
#6619 = ORIENTED_EDGE('',*,*,#6531,.F.);
#6620 = CYLINDRICAL_SURFACE('',#6621,5.5E-02);
#6621 = AXIS2_PLACEMENT_3D('',#6622,#6623,#6624);
#6622 = CARTESIAN_POINT('',(-1.545,-0.8,5.5E-02));
#6623 = DIRECTION('',(0.,1.,0.));
#6624 = DIRECTION('',(-1.,0.,0.));
#6625 = ADVANCED_FACE('',(#6626),#6645,.T.);
#6626 = FACE_BOUND('',#6627,.T.);
#6627 = EDGE_LOOP('',(#6628,#6629,#6637,#6644));
#6628 = ORIENTED_EDGE('',*,*,#6539,.T.);
#6629 = ORIENTED_EDGE('',*,*,#6630,.T.);
#6630 = EDGE_CURVE('',#6540,#6631,#6633,.T.);
#6631 = VERTEX_POINT('',#6632);
#6632 = CARTESIAN_POINT('',(-1.545,0.8,0.55));
#6633 = LINE('',#6634,#6635);
#6634 = CARTESIAN_POINT('',(-1.545,-0.8,0.55));
#6635 = VECTOR('',#6636,1.);
#6636 = DIRECTION('',(0.,1.,0.));
#6637 = ORIENTED_EDGE('',*,*,#6638,.F.);
#6638 = EDGE_CURVE('',#6500,#6631,#6639,.T.);
#6639 = CIRCLE('',#6640,5.5E-02);
#6640 = AXIS2_PLACEMENT_3D('',#6641,#6642,#6643);
#6641 = CARTESIAN_POINT('',(-1.545,0.8,0.495));
#6642 = DIRECTION('',(0.,1.,0.));
#6643 = DIRECTION('',(0.,-0.,1.));
#6644 = ORIENTED_EDGE('',*,*,#6507,.F.);
#6645 = CYLINDRICAL_SURFACE('',#6646,5.5E-02);
#6646 = AXIS2_PLACEMENT_3D('',#6647,#6648,#6649);
#6647 = CARTESIAN_POINT('',(-1.545,-0.8,0.495));
#6648 = DIRECTION('',(0.,1.,0.));
#6649 = DIRECTION('',(-1.,0.,0.));
#6650 = ADVANCED_FACE('',(#6651),#6712,.T.);
#6651 = FACE_BOUND('',#6652,.T.);
#6652 = EDGE_LOOP('',(#6653,#6661,#6662,#6663,#6664,#6672,#6681,#6689,
    #6697,#6705));
#6653 = ORIENTED_EDGE('',*,*,#6654,.F.);
#6654 = EDGE_CURVE('',#6606,#6655,#6657,.T.);
#6655 = VERTEX_POINT('',#6656);
#6656 = CARTESIAN_POINT('',(-1.155,0.8,0.));
#6657 = LINE('',#6658,#6659);
#6658 = CARTESIAN_POINT('',(-1.6,0.8,0.));
#6659 = VECTOR('',#6660,1.);
#6660 = DIRECTION('',(1.,0.,0.));
#6661 = ORIENTED_EDGE('',*,*,#6605,.F.);
#6662 = ORIENTED_EDGE('',*,*,#6499,.T.);
#6663 = ORIENTED_EDGE('',*,*,#6638,.T.);
#6664 = ORIENTED_EDGE('',*,*,#6665,.T.);
#6665 = EDGE_CURVE('',#6631,#6666,#6668,.T.);
#6666 = VERTEX_POINT('',#6667);
#6667 = CARTESIAN_POINT('',(-1.155,0.8,0.55));
#6668 = LINE('',#6669,#6670);
#6669 = CARTESIAN_POINT('',(-1.6,0.8,0.55));
#6670 = VECTOR('',#6671,1.);
#6671 = DIRECTION('',(1.,0.,0.));
#6672 = ORIENTED_EDGE('',*,*,#6673,.F.);
#6673 = EDGE_CURVE('',#6674,#6666,#6676,.T.);
#6674 = VERTEX_POINT('',#6675);
#6675 = CARTESIAN_POINT('',(-1.1,0.8,0.495));
#6676 = CIRCLE('',#6677,5.5E-02);
#6677 = AXIS2_PLACEMENT_3D('',#6678,#6679,#6680);
#6678 = CARTESIAN_POINT('',(-1.155,0.8,0.495));
#6679 = DIRECTION('',(0.,-1.,0.));
#6680 = DIRECTION('',(0.,0.,1.));
#6681 = ORIENTED_EDGE('',*,*,#6682,.F.);
#6682 = EDGE_CURVE('',#6683,#6674,#6685,.T.);
#6683 = VERTEX_POINT('',#6684);
#6684 = CARTESIAN_POINT('',(-1.545,0.8,0.495));
#6685 = LINE('',#6686,#6687);
#6686 = CARTESIAN_POINT('',(-1.545,0.8,0.495));
#6687 = VECTOR('',#6688,1.);
#6688 = DIRECTION('',(1.,0.,0.));
#6689 = ORIENTED_EDGE('',*,*,#6690,.F.);
#6690 = EDGE_CURVE('',#6691,#6683,#6693,.T.);
#6691 = VERTEX_POINT('',#6692);
#6692 = CARTESIAN_POINT('',(-1.545,0.8,5.5E-02));
#6693 = LINE('',#6694,#6695);
#6694 = CARTESIAN_POINT('',(-1.545,0.8,5.5E-02));
#6695 = VECTOR('',#6696,1.);
#6696 = DIRECTION('',(0.,0.,1.));
#6697 = ORIENTED_EDGE('',*,*,#6698,.T.);
#6698 = EDGE_CURVE('',#6691,#6699,#6701,.T.);
#6699 = VERTEX_POINT('',#6700);
#6700 = CARTESIAN_POINT('',(-1.1,0.8,5.5E-02));
#6701 = LINE('',#6702,#6703);
#6702 = CARTESIAN_POINT('',(-1.545,0.8,5.5E-02));
#6703 = VECTOR('',#6704,1.);
#6704 = DIRECTION('',(1.,0.,0.));
#6705 = ORIENTED_EDGE('',*,*,#6706,.T.);
#6706 = EDGE_CURVE('',#6699,#6655,#6707,.T.);
#6707 = CIRCLE('',#6708,5.5E-02);
#6708 = AXIS2_PLACEMENT_3D('',#6709,#6710,#6711);
#6709 = CARTESIAN_POINT('',(-1.155,0.8,5.5E-02));
#6710 = DIRECTION('',(0.,1.,0.));
#6711 = DIRECTION('',(0.,-0.,1.));
#6712 = PLANE('',#6713);
#6713 = AXIS2_PLACEMENT_3D('',#6714,#6715,#6716);
#6714 = CARTESIAN_POINT('',(-1.6,0.8,0.));
#6715 = DIRECTION('',(0.,1.,0.));
#6716 = DIRECTION('',(0.,-0.,1.));
#6717 = ADVANCED_FACE('',(#6718),#6729,.F.);
#6718 = FACE_BOUND('',#6719,.F.);
#6719 = EDGE_LOOP('',(#6720,#6721,#6722,#6723));
#6720 = ORIENTED_EDGE('',*,*,#6654,.F.);
#6721 = ORIENTED_EDGE('',*,*,#6614,.F.);
#6722 = ORIENTED_EDGE('',*,*,#6521,.T.);
#6723 = ORIENTED_EDGE('',*,*,#6724,.T.);
#6724 = EDGE_CURVE('',#6524,#6655,#6725,.T.);
#6725 = LINE('',#6726,#6727);
#6726 = CARTESIAN_POINT('',(-1.155,-0.8,0.));
#6727 = VECTOR('',#6728,1.);
#6728 = DIRECTION('',(0.,1.,0.));
#6729 = PLANE('',#6730);
#6730 = AXIS2_PLACEMENT_3D('',#6731,#6732,#6733);
#6731 = CARTESIAN_POINT('',(-1.6,-0.8,0.));
#6732 = DIRECTION('',(0.,0.,1.));
#6733 = DIRECTION('',(1.,0.,-0.));
#6734 = ADVANCED_FACE('',(#6735),#6746,.T.);
#6735 = FACE_BOUND('',#6736,.T.);
#6736 = EDGE_LOOP('',(#6737,#6738,#6739,#6740));
#6737 = ORIENTED_EDGE('',*,*,#6589,.T.);
#6738 = ORIENTED_EDGE('',*,*,#6724,.T.);
#6739 = ORIENTED_EDGE('',*,*,#6706,.F.);
#6740 = ORIENTED_EDGE('',*,*,#6741,.F.);
#6741 = EDGE_CURVE('',#6582,#6699,#6742,.T.);
#6742 = LINE('',#6743,#6744);
#6743 = CARTESIAN_POINT('',(-1.1,-0.8,5.5E-02));
#6744 = VECTOR('',#6745,1.);
#6745 = DIRECTION('',(0.,1.,0.));
#6746 = CYLINDRICAL_SURFACE('',#6747,5.5E-02);
#6747 = AXIS2_PLACEMENT_3D('',#6748,#6749,#6750);
#6748 = CARTESIAN_POINT('',(-1.155,-0.8,5.5E-02));
#6749 = DIRECTION('',(0.,1.,0.));
#6750 = DIRECTION('',(1.,0.,0.));
#6751 = ADVANCED_FACE('',(#6752),#6795,.F.);
#6752 = FACE_BOUND('',#6753,.F.);
#6753 = EDGE_LOOP('',(#6754,#6755,#6756,#6757,#6765,#6773,#6781,#6789));
#6754 = ORIENTED_EDGE('',*,*,#6581,.F.);
#6755 = ORIENTED_EDGE('',*,*,#6573,.T.);
#6756 = ORIENTED_EDGE('',*,*,#6565,.T.);
#6757 = ORIENTED_EDGE('',*,*,#6758,.T.);
#6758 = EDGE_CURVE('',#6557,#6759,#6761,.T.);
#6759 = VERTEX_POINT('',#6760);
#6760 = CARTESIAN_POINT('',(1.1,-0.8,0.495));
#6761 = LINE('',#6762,#6763);
#6762 = CARTESIAN_POINT('',(-1.1,-0.8,0.495));
#6763 = VECTOR('',#6764,1.);
#6764 = DIRECTION('',(1.,0.,0.));
#6765 = ORIENTED_EDGE('',*,*,#6766,.T.);
#6766 = EDGE_CURVE('',#6759,#6767,#6769,.T.);
#6767 = VERTEX_POINT('',#6768);
#6768 = CARTESIAN_POINT('',(1.545,-0.8,0.495));
#6769 = LINE('',#6770,#6771);
#6770 = CARTESIAN_POINT('',(-1.545,-0.8,0.495));
#6771 = VECTOR('',#6772,1.);
#6772 = DIRECTION('',(1.,0.,0.));
#6773 = ORIENTED_EDGE('',*,*,#6774,.F.);
#6774 = EDGE_CURVE('',#6775,#6767,#6777,.T.);
#6775 = VERTEX_POINT('',#6776);
#6776 = CARTESIAN_POINT('',(1.545,-0.8,5.5E-02));
#6777 = LINE('',#6778,#6779);
#6778 = CARTESIAN_POINT('',(1.545,-0.8,5.5E-02));
#6779 = VECTOR('',#6780,1.);
#6780 = DIRECTION('',(0.,0.,1.));
#6781 = ORIENTED_EDGE('',*,*,#6782,.F.);
#6782 = EDGE_CURVE('',#6783,#6775,#6785,.T.);
#6783 = VERTEX_POINT('',#6784);
#6784 = CARTESIAN_POINT('',(1.1,-0.8,5.5E-02));
#6785 = LINE('',#6786,#6787);
#6786 = CARTESIAN_POINT('',(-1.545,-0.8,5.5E-02));
#6787 = VECTOR('',#6788,1.);
#6788 = DIRECTION('',(1.,0.,0.));
#6789 = ORIENTED_EDGE('',*,*,#6790,.F.);
#6790 = EDGE_CURVE('',#6582,#6783,#6791,.T.);
#6791 = LINE('',#6792,#6793);
#6792 = CARTESIAN_POINT('',(-1.545,-0.8,5.5E-02));
#6793 = VECTOR('',#6794,1.);
#6794 = DIRECTION('',(1.,0.,0.));
#6795 = PLANE('',#6796);
#6796 = AXIS2_PLACEMENT_3D('',#6797,#6798,#6799);
#6797 = CARTESIAN_POINT('',(-1.545,-0.8,5.5E-02));
#6798 = DIRECTION('',(0.,1.,0.));
#6799 = DIRECTION('',(0.,-0.,1.));
#6800 = ADVANCED_FACE('',(#6801),#6817,.T.);
#6801 = FACE_BOUND('',#6802,.T.);
#6802 = EDGE_LOOP('',(#6803,#6809,#6810,#6816));
#6803 = ORIENTED_EDGE('',*,*,#6804,.T.);
#6804 = EDGE_CURVE('',#6557,#6674,#6805,.T.);
#6805 = LINE('',#6806,#6807);
#6806 = CARTESIAN_POINT('',(-1.1,-0.8,0.495));
#6807 = VECTOR('',#6808,1.);
#6808 = DIRECTION('',(0.,1.,0.));
#6809 = ORIENTED_EDGE('',*,*,#6673,.T.);
#6810 = ORIENTED_EDGE('',*,*,#6811,.F.);
#6811 = EDGE_CURVE('',#6549,#6666,#6812,.T.);
#6812 = LINE('',#6813,#6814);
#6813 = CARTESIAN_POINT('',(-1.155,-0.8,0.55));
#6814 = VECTOR('',#6815,1.);
#6815 = DIRECTION('',(0.,1.,0.));
#6816 = ORIENTED_EDGE('',*,*,#6556,.F.);
#6817 = CYLINDRICAL_SURFACE('',#6818,5.5E-02);
#6818 = AXIS2_PLACEMENT_3D('',#6819,#6820,#6821);
#6819 = CARTESIAN_POINT('',(-1.155,-0.8,0.495));
#6820 = DIRECTION('',(0.,1.,0.));
#6821 = DIRECTION('',(1.,0.,0.));
#6822 = ADVANCED_FACE('',(#6823),#6829,.T.);
#6823 = FACE_BOUND('',#6824,.T.);
#6824 = EDGE_LOOP('',(#6825,#6826,#6827,#6828));
#6825 = ORIENTED_EDGE('',*,*,#6665,.F.);
#6826 = ORIENTED_EDGE('',*,*,#6630,.F.);
#6827 = ORIENTED_EDGE('',*,*,#6548,.T.);
#6828 = ORIENTED_EDGE('',*,*,#6811,.T.);
#6829 = PLANE('',#6830);
#6830 = AXIS2_PLACEMENT_3D('',#6831,#6832,#6833);
#6831 = CARTESIAN_POINT('',(-1.6,-0.8,0.55));
#6832 = DIRECTION('',(0.,0.,1.));
#6833 = DIRECTION('',(1.,0.,-0.));
#6834 = ADVANCED_FACE('',(#6835),#6878,.T.);
#6835 = FACE_BOUND('',#6836,.T.);
#6836 = EDGE_LOOP('',(#6837,#6838,#6839,#6840,#6848,#6856,#6864,#6872));
#6837 = ORIENTED_EDGE('',*,*,#6698,.F.);
#6838 = ORIENTED_EDGE('',*,*,#6690,.T.);
#6839 = ORIENTED_EDGE('',*,*,#6682,.T.);
#6840 = ORIENTED_EDGE('',*,*,#6841,.T.);
#6841 = EDGE_CURVE('',#6674,#6842,#6844,.T.);
#6842 = VERTEX_POINT('',#6843);
#6843 = CARTESIAN_POINT('',(1.1,0.8,0.495));
#6844 = LINE('',#6845,#6846);
#6845 = CARTESIAN_POINT('',(-1.1,0.8,0.495));
#6846 = VECTOR('',#6847,1.);
#6847 = DIRECTION('',(1.,0.,0.));
#6848 = ORIENTED_EDGE('',*,*,#6849,.T.);
#6849 = EDGE_CURVE('',#6842,#6850,#6852,.T.);
#6850 = VERTEX_POINT('',#6851);
#6851 = CARTESIAN_POINT('',(1.545,0.8,0.495));
#6852 = LINE('',#6853,#6854);
#6853 = CARTESIAN_POINT('',(-1.545,0.8,0.495));
#6854 = VECTOR('',#6855,1.);
#6855 = DIRECTION('',(1.,0.,0.));
#6856 = ORIENTED_EDGE('',*,*,#6857,.F.);
#6857 = EDGE_CURVE('',#6858,#6850,#6860,.T.);
#6858 = VERTEX_POINT('',#6859);
#6859 = CARTESIAN_POINT('',(1.545,0.8,5.5E-02));
#6860 = LINE('',#6861,#6862);
#6861 = CARTESIAN_POINT('',(1.545,0.8,5.5E-02));
#6862 = VECTOR('',#6863,1.);
#6863 = DIRECTION('',(0.,0.,1.));
#6864 = ORIENTED_EDGE('',*,*,#6865,.F.);
#6865 = EDGE_CURVE('',#6866,#6858,#6868,.T.);
#6866 = VERTEX_POINT('',#6867);
#6867 = CARTESIAN_POINT('',(1.1,0.8,5.5E-02));
#6868 = LINE('',#6869,#6870);
#6869 = CARTESIAN_POINT('',(-1.545,0.8,5.5E-02));
#6870 = VECTOR('',#6871,1.);
#6871 = DIRECTION('',(1.,0.,0.));
#6872 = ORIENTED_EDGE('',*,*,#6873,.F.);
#6873 = EDGE_CURVE('',#6699,#6866,#6874,.T.);
#6874 = LINE('',#6875,#6876);
#6875 = CARTESIAN_POINT('',(-1.545,0.8,5.5E-02));
#6876 = VECTOR('',#6877,1.);
#6877 = DIRECTION('',(1.,0.,0.));
#6878 = PLANE('',#6879);
#6879 = AXIS2_PLACEMENT_3D('',#6880,#6881,#6882);
#6880 = CARTESIAN_POINT('',(-1.545,0.8,5.5E-02));
#6881 = DIRECTION('',(0.,1.,0.));
#6882 = DIRECTION('',(0.,-0.,1.));
#6883 = ADVANCED_FACE('',(#6884),#6895,.F.);
#6884 = FACE_BOUND('',#6885,.F.);
#6885 = EDGE_LOOP('',(#6886,#6887,#6888,#6894));
#6886 = ORIENTED_EDGE('',*,*,#6741,.F.);
#6887 = ORIENTED_EDGE('',*,*,#6790,.T.);
#6888 = ORIENTED_EDGE('',*,*,#6889,.T.);
#6889 = EDGE_CURVE('',#6783,#6866,#6890,.T.);
#6890 = LINE('',#6891,#6892);
#6891 = CARTESIAN_POINT('',(1.1,-0.8,5.5E-02));
#6892 = VECTOR('',#6893,1.);
#6893 = DIRECTION('',(0.,1.,0.));
#6894 = ORIENTED_EDGE('',*,*,#6873,.F.);
#6895 = PLANE('',#6896);
#6896 = AXIS2_PLACEMENT_3D('',#6897,#6898,#6899);
#6897 = CARTESIAN_POINT('',(-1.545,-0.8,5.5E-02));
#6898 = DIRECTION('',(0.,0.,1.));
#6899 = DIRECTION('',(1.,0.,-0.));
#6900 = ADVANCED_FACE('',(#6901),#6964,.F.);
#6901 = FACE_BOUND('',#6902,.F.);
#6902 = EDGE_LOOP('',(#6903,#6913,#6920,#6921,#6922,#6923,#6932,#6940,
    #6949,#6957));
#6903 = ORIENTED_EDGE('',*,*,#6904,.F.);
#6904 = EDGE_CURVE('',#6905,#6907,#6909,.T.);
#6905 = VERTEX_POINT('',#6906);
#6906 = CARTESIAN_POINT('',(1.155,-0.8,0.));
#6907 = VERTEX_POINT('',#6908);
#6908 = CARTESIAN_POINT('',(1.545,-0.8,0.));
#6909 = LINE('',#6910,#6911);
#6910 = CARTESIAN_POINT('',(1.1,-0.8,0.));
#6911 = VECTOR('',#6912,1.);
#6912 = DIRECTION('',(1.,0.,0.));
#6913 = ORIENTED_EDGE('',*,*,#6914,.F.);
#6914 = EDGE_CURVE('',#6783,#6905,#6915,.T.);
#6915 = CIRCLE('',#6916,5.5E-02);
#6916 = AXIS2_PLACEMENT_3D('',#6917,#6918,#6919);
#6917 = CARTESIAN_POINT('',(1.155,-0.8,5.5E-02));
#6918 = DIRECTION('',(0.,-1.,0.));
#6919 = DIRECTION('',(0.,0.,1.));
#6920 = ORIENTED_EDGE('',*,*,#6782,.T.);
#6921 = ORIENTED_EDGE('',*,*,#6774,.T.);
#6922 = ORIENTED_EDGE('',*,*,#6766,.F.);
#6923 = ORIENTED_EDGE('',*,*,#6924,.T.);
#6924 = EDGE_CURVE('',#6759,#6925,#6927,.T.);
#6925 = VERTEX_POINT('',#6926);
#6926 = CARTESIAN_POINT('',(1.155,-0.8,0.55));
#6927 = CIRCLE('',#6928,5.5E-02);
#6928 = AXIS2_PLACEMENT_3D('',#6929,#6930,#6931);
#6929 = CARTESIAN_POINT('',(1.155,-0.8,0.495));
#6930 = DIRECTION('',(0.,1.,0.));
#6931 = DIRECTION('',(0.,-0.,1.));
#6932 = ORIENTED_EDGE('',*,*,#6933,.T.);
#6933 = EDGE_CURVE('',#6925,#6934,#6936,.T.);
#6934 = VERTEX_POINT('',#6935);
#6935 = CARTESIAN_POINT('',(1.545,-0.8,0.55));
#6936 = LINE('',#6937,#6938);
#6937 = CARTESIAN_POINT('',(1.1,-0.8,0.55));
#6938 = VECTOR('',#6939,1.);
#6939 = DIRECTION('',(1.,0.,0.));
#6940 = ORIENTED_EDGE('',*,*,#6941,.F.);
#6941 = EDGE_CURVE('',#6942,#6934,#6944,.T.);
#6942 = VERTEX_POINT('',#6943);
#6943 = CARTESIAN_POINT('',(1.6,-0.8,0.495));
#6944 = CIRCLE('',#6945,5.5E-02);
#6945 = AXIS2_PLACEMENT_3D('',#6946,#6947,#6948);
#6946 = CARTESIAN_POINT('',(1.545,-0.8,0.495));
#6947 = DIRECTION('',(0.,-1.,0.));
#6948 = DIRECTION('',(0.,0.,1.));
#6949 = ORIENTED_EDGE('',*,*,#6950,.F.);
#6950 = EDGE_CURVE('',#6951,#6942,#6953,.T.);
#6951 = VERTEX_POINT('',#6952);
#6952 = CARTESIAN_POINT('',(1.6,-0.8,5.5E-02));
#6953 = LINE('',#6954,#6955);
#6954 = CARTESIAN_POINT('',(1.6,-0.8,0.));
#6955 = VECTOR('',#6956,1.);
#6956 = DIRECTION('',(0.,0.,1.));
#6957 = ORIENTED_EDGE('',*,*,#6958,.T.);
#6958 = EDGE_CURVE('',#6951,#6907,#6959,.T.);
#6959 = CIRCLE('',#6960,5.5E-02);
#6960 = AXIS2_PLACEMENT_3D('',#6961,#6962,#6963);
#6961 = CARTESIAN_POINT('',(1.545,-0.8,5.5E-02));
#6962 = DIRECTION('',(0.,1.,0.));
#6963 = DIRECTION('',(0.,-0.,1.));
#6964 = PLANE('',#6965);
#6965 = AXIS2_PLACEMENT_3D('',#6966,#6967,#6968);
#6966 = CARTESIAN_POINT('',(1.1,-0.8,0.));
#6967 = DIRECTION('',(0.,1.,0.));
#6968 = DIRECTION('',(0.,-0.,1.));
#6969 = ADVANCED_FACE('',(#6970),#6995,.F.);
#6970 = FACE_BOUND('',#6971,.F.);
#6971 = EDGE_LOOP('',(#6972,#6973,#6981,#6989));
#6972 = ORIENTED_EDGE('',*,*,#6758,.F.);
#6973 = ORIENTED_EDGE('',*,*,#6974,.T.);
#6974 = EDGE_CURVE('',#6557,#6975,#6977,.T.);
#6975 = VERTEX_POINT('',#6976);
#6976 = CARTESIAN_POINT('',(-1.1,-0.8,0.55));
#6977 = LINE('',#6978,#6979);
#6978 = CARTESIAN_POINT('',(-1.1,-0.8,0.495));
#6979 = VECTOR('',#6980,1.);
#6980 = DIRECTION('',(0.,0.,1.));
#6981 = ORIENTED_EDGE('',*,*,#6982,.T.);
#6982 = EDGE_CURVE('',#6975,#6983,#6985,.T.);
#6983 = VERTEX_POINT('',#6984);
#6984 = CARTESIAN_POINT('',(1.1,-0.8,0.55));
#6985 = LINE('',#6986,#6987);
#6986 = CARTESIAN_POINT('',(-1.1,-0.8,0.55));
#6987 = VECTOR('',#6988,1.);
#6988 = DIRECTION('',(1.,0.,0.));
#6989 = ORIENTED_EDGE('',*,*,#6990,.F.);
#6990 = EDGE_CURVE('',#6759,#6983,#6991,.T.);
#6991 = LINE('',#6992,#6993);
#6992 = CARTESIAN_POINT('',(1.1,-0.8,0.495));
#6993 = VECTOR('',#6994,1.);
#6994 = DIRECTION('',(0.,0.,1.));
#6995 = PLANE('',#6996);
#6996 = AXIS2_PLACEMENT_3D('',#6997,#6998,#6999);
#6997 = CARTESIAN_POINT('',(-1.1,-0.8,0.495));
#6998 = DIRECTION('',(0.,1.,0.));
#6999 = DIRECTION('',(0.,-0.,1.));
#7000 = ADVANCED_FACE('',(#7001),#7019,.F.);
#7001 = FACE_BOUND('',#7002,.F.);
#7002 = EDGE_LOOP('',(#7003,#7004,#7005,#7013));
#7003 = ORIENTED_EDGE('',*,*,#6974,.F.);
#7004 = ORIENTED_EDGE('',*,*,#6804,.T.);
#7005 = ORIENTED_EDGE('',*,*,#7006,.T.);
#7006 = EDGE_CURVE('',#6674,#7007,#7009,.T.);
#7007 = VERTEX_POINT('',#7008);
#7008 = CARTESIAN_POINT('',(-1.1,0.8,0.55));
#7009 = LINE('',#7010,#7011);
#7010 = CARTESIAN_POINT('',(-1.1,0.8,0.495));
#7011 = VECTOR('',#7012,1.);
#7012 = DIRECTION('',(0.,0.,1.));
#7013 = ORIENTED_EDGE('',*,*,#7014,.F.);
#7014 = EDGE_CURVE('',#6975,#7007,#7015,.T.);
#7015 = LINE('',#7016,#7017);
#7016 = CARTESIAN_POINT('',(-1.1,-0.8,0.55));
#7017 = VECTOR('',#7018,1.);
#7018 = DIRECTION('',(0.,1.,0.));
#7019 = PLANE('',#7020);
#7020 = AXIS2_PLACEMENT_3D('',#7021,#7022,#7023);
#7021 = CARTESIAN_POINT('',(-1.1,-0.8,0.495));
#7022 = DIRECTION('',(1.,0.,0.));
#7023 = DIRECTION('',(0.,0.,1.));
#7024 = ADVANCED_FACE('',(#7025),#7088,.T.);
#7025 = FACE_BOUND('',#7026,.T.);
#7026 = EDGE_LOOP('',(#7027,#7037,#7044,#7045,#7046,#7047,#7056,#7064,
    #7073,#7081));
#7027 = ORIENTED_EDGE('',*,*,#7028,.F.);
#7028 = EDGE_CURVE('',#7029,#7031,#7033,.T.);
#7029 = VERTEX_POINT('',#7030);
#7030 = CARTESIAN_POINT('',(1.155,0.8,0.));
#7031 = VERTEX_POINT('',#7032);
#7032 = CARTESIAN_POINT('',(1.545,0.8,0.));
#7033 = LINE('',#7034,#7035);
#7034 = CARTESIAN_POINT('',(1.1,0.8,0.));
#7035 = VECTOR('',#7036,1.);
#7036 = DIRECTION('',(1.,0.,0.));
#7037 = ORIENTED_EDGE('',*,*,#7038,.F.);
#7038 = EDGE_CURVE('',#6866,#7029,#7039,.T.);
#7039 = CIRCLE('',#7040,5.5E-02);
#7040 = AXIS2_PLACEMENT_3D('',#7041,#7042,#7043);
#7041 = CARTESIAN_POINT('',(1.155,0.8,5.5E-02));
#7042 = DIRECTION('',(0.,-1.,0.));
#7043 = DIRECTION('',(0.,0.,1.));
#7044 = ORIENTED_EDGE('',*,*,#6865,.T.);
#7045 = ORIENTED_EDGE('',*,*,#6857,.T.);
#7046 = ORIENTED_EDGE('',*,*,#6849,.F.);
#7047 = ORIENTED_EDGE('',*,*,#7048,.T.);
#7048 = EDGE_CURVE('',#6842,#7049,#7051,.T.);
#7049 = VERTEX_POINT('',#7050);
#7050 = CARTESIAN_POINT('',(1.155,0.8,0.55));
#7051 = CIRCLE('',#7052,5.5E-02);
#7052 = AXIS2_PLACEMENT_3D('',#7053,#7054,#7055);
#7053 = CARTESIAN_POINT('',(1.155,0.8,0.495));
#7054 = DIRECTION('',(0.,1.,0.));
#7055 = DIRECTION('',(0.,-0.,1.));
#7056 = ORIENTED_EDGE('',*,*,#7057,.T.);
#7057 = EDGE_CURVE('',#7049,#7058,#7060,.T.);
#7058 = VERTEX_POINT('',#7059);
#7059 = CARTESIAN_POINT('',(1.545,0.8,0.55));
#7060 = LINE('',#7061,#7062);
#7061 = CARTESIAN_POINT('',(1.1,0.8,0.55));
#7062 = VECTOR('',#7063,1.);
#7063 = DIRECTION('',(1.,0.,0.));
#7064 = ORIENTED_EDGE('',*,*,#7065,.F.);
#7065 = EDGE_CURVE('',#7066,#7058,#7068,.T.);
#7066 = VERTEX_POINT('',#7067);
#7067 = CARTESIAN_POINT('',(1.6,0.8,0.495));
#7068 = CIRCLE('',#7069,5.5E-02);
#7069 = AXIS2_PLACEMENT_3D('',#7070,#7071,#7072);
#7070 = CARTESIAN_POINT('',(1.545,0.8,0.495));
#7071 = DIRECTION('',(0.,-1.,0.));
#7072 = DIRECTION('',(0.,0.,1.));
#7073 = ORIENTED_EDGE('',*,*,#7074,.F.);
#7074 = EDGE_CURVE('',#7075,#7066,#7077,.T.);
#7075 = VERTEX_POINT('',#7076);
#7076 = CARTESIAN_POINT('',(1.6,0.8,5.5E-02));
#7077 = LINE('',#7078,#7079);
#7078 = CARTESIAN_POINT('',(1.6,0.8,0.));
#7079 = VECTOR('',#7080,1.);
#7080 = DIRECTION('',(0.,0.,1.));
#7081 = ORIENTED_EDGE('',*,*,#7082,.T.);
#7082 = EDGE_CURVE('',#7075,#7031,#7083,.T.);
#7083 = CIRCLE('',#7084,5.5E-02);
#7084 = AXIS2_PLACEMENT_3D('',#7085,#7086,#7087);
#7085 = CARTESIAN_POINT('',(1.545,0.8,5.5E-02));
#7086 = DIRECTION('',(0.,1.,0.));
#7087 = DIRECTION('',(0.,-0.,1.));
#7088 = PLANE('',#7089);
#7089 = AXIS2_PLACEMENT_3D('',#7090,#7091,#7092);
#7090 = CARTESIAN_POINT('',(1.1,0.8,0.));
#7091 = DIRECTION('',(0.,1.,0.));
#7092 = DIRECTION('',(0.,-0.,1.));
#7093 = ADVANCED_FACE('',(#7094),#7112,.T.);
#7094 = FACE_BOUND('',#7095,.T.);
#7095 = EDGE_LOOP('',(#7096,#7097,#7098,#7106));
#7096 = ORIENTED_EDGE('',*,*,#6841,.F.);
#7097 = ORIENTED_EDGE('',*,*,#7006,.T.);
#7098 = ORIENTED_EDGE('',*,*,#7099,.T.);
#7099 = EDGE_CURVE('',#7007,#7100,#7102,.T.);
#7100 = VERTEX_POINT('',#7101);
#7101 = CARTESIAN_POINT('',(1.1,0.8,0.55));
#7102 = LINE('',#7103,#7104);
#7103 = CARTESIAN_POINT('',(-1.1,0.8,0.55));
#7104 = VECTOR('',#7105,1.);
#7105 = DIRECTION('',(1.,0.,0.));
#7106 = ORIENTED_EDGE('',*,*,#7107,.F.);
#7107 = EDGE_CURVE('',#6842,#7100,#7108,.T.);
#7108 = LINE('',#7109,#7110);
#7109 = CARTESIAN_POINT('',(1.1,0.8,0.495));
#7110 = VECTOR('',#7111,1.);
#7111 = DIRECTION('',(0.,0.,1.));
#7112 = PLANE('',#7113);
#7113 = AXIS2_PLACEMENT_3D('',#7114,#7115,#7116);
#7114 = CARTESIAN_POINT('',(-1.1,0.8,0.495));
#7115 = DIRECTION('',(0.,1.,0.));
#7116 = DIRECTION('',(0.,-0.,1.));
#7117 = ADVANCED_FACE('',(#7118),#7129,.T.);
#7118 = FACE_BOUND('',#7119,.T.);
#7119 = EDGE_LOOP('',(#7120,#7121,#7122,#7128));
#7120 = ORIENTED_EDGE('',*,*,#6889,.T.);
#7121 = ORIENTED_EDGE('',*,*,#7038,.T.);
#7122 = ORIENTED_EDGE('',*,*,#7123,.F.);
#7123 = EDGE_CURVE('',#6905,#7029,#7124,.T.);
#7124 = LINE('',#7125,#7126);
#7125 = CARTESIAN_POINT('',(1.155,-0.8,0.));
#7126 = VECTOR('',#7127,1.);
#7127 = DIRECTION('',(0.,1.,0.));
#7128 = ORIENTED_EDGE('',*,*,#6914,.F.);
#7129 = CYLINDRICAL_SURFACE('',#7130,5.5E-02);
#7130 = AXIS2_PLACEMENT_3D('',#7131,#7132,#7133);
#7131 = CARTESIAN_POINT('',(1.155,-0.8,5.5E-02));
#7132 = DIRECTION('',(0.,1.,0.));
#7133 = DIRECTION('',(-1.,0.,0.));
#7134 = ADVANCED_FACE('',(#7135),#7146,.F.);
#7135 = FACE_BOUND('',#7136,.F.);
#7136 = EDGE_LOOP('',(#7137,#7138,#7139,#7140));
#7137 = ORIENTED_EDGE('',*,*,#7028,.F.);
#7138 = ORIENTED_EDGE('',*,*,#7123,.F.);
#7139 = ORIENTED_EDGE('',*,*,#6904,.T.);
#7140 = ORIENTED_EDGE('',*,*,#7141,.T.);
#7141 = EDGE_CURVE('',#6907,#7031,#7142,.T.);
#7142 = LINE('',#7143,#7144);
#7143 = CARTESIAN_POINT('',(1.545,-0.8,0.));
#7144 = VECTOR('',#7145,1.);
#7145 = DIRECTION('',(0.,1.,0.));
#7146 = PLANE('',#7147);
#7147 = AXIS2_PLACEMENT_3D('',#7148,#7149,#7150);
#7148 = CARTESIAN_POINT('',(1.1,-0.8,0.));
#7149 = DIRECTION('',(0.,0.,1.));
#7150 = DIRECTION('',(1.,0.,-0.));
#7151 = ADVANCED_FACE('',(#7152),#7163,.T.);
#7152 = FACE_BOUND('',#7153,.T.);
#7153 = EDGE_LOOP('',(#7154,#7155,#7156,#7157));
#7154 = ORIENTED_EDGE('',*,*,#6958,.T.);
#7155 = ORIENTED_EDGE('',*,*,#7141,.T.);
#7156 = ORIENTED_EDGE('',*,*,#7082,.F.);
#7157 = ORIENTED_EDGE('',*,*,#7158,.F.);
#7158 = EDGE_CURVE('',#6951,#7075,#7159,.T.);
#7159 = LINE('',#7160,#7161);
#7160 = CARTESIAN_POINT('',(1.6,-0.8,5.5E-02));
#7161 = VECTOR('',#7162,1.);
#7162 = DIRECTION('',(0.,1.,0.));
#7163 = CYLINDRICAL_SURFACE('',#7164,5.5E-02);
#7164 = AXIS2_PLACEMENT_3D('',#7165,#7166,#7167);
#7165 = CARTESIAN_POINT('',(1.545,-0.8,5.5E-02));
#7166 = DIRECTION('',(0.,1.,0.));
#7167 = DIRECTION('',(1.,0.,0.));
#7168 = ADVANCED_FACE('',(#7169),#7180,.T.);
#7169 = FACE_BOUND('',#7170,.T.);
#7170 = EDGE_LOOP('',(#7171,#7172,#7173,#7174));
#7171 = ORIENTED_EDGE('',*,*,#6950,.F.);
#7172 = ORIENTED_EDGE('',*,*,#7158,.T.);
#7173 = ORIENTED_EDGE('',*,*,#7074,.T.);
#7174 = ORIENTED_EDGE('',*,*,#7175,.F.);
#7175 = EDGE_CURVE('',#6942,#7066,#7176,.T.);
#7176 = LINE('',#7177,#7178);
#7177 = CARTESIAN_POINT('',(1.6,-0.8,0.495));
#7178 = VECTOR('',#7179,1.);
#7179 = DIRECTION('',(0.,1.,0.));
#7180 = PLANE('',#7181);
#7181 = AXIS2_PLACEMENT_3D('',#7182,#7183,#7184);
#7182 = CARTESIAN_POINT('',(1.6,-0.8,0.));
#7183 = DIRECTION('',(1.,0.,0.));
#7184 = DIRECTION('',(0.,0.,1.));
#7185 = ADVANCED_FACE('',(#7186),#7197,.T.);
#7186 = FACE_BOUND('',#7187,.T.);
#7187 = EDGE_LOOP('',(#7188,#7189,#7190,#7196));
#7188 = ORIENTED_EDGE('',*,*,#7175,.T.);
#7189 = ORIENTED_EDGE('',*,*,#7065,.T.);
#7190 = ORIENTED_EDGE('',*,*,#7191,.F.);
#7191 = EDGE_CURVE('',#6934,#7058,#7192,.T.);
#7192 = LINE('',#7193,#7194);
#7193 = CARTESIAN_POINT('',(1.545,-0.8,0.55));
#7194 = VECTOR('',#7195,1.);
#7195 = DIRECTION('',(0.,1.,0.));
#7196 = ORIENTED_EDGE('',*,*,#6941,.F.);
#7197 = CYLINDRICAL_SURFACE('',#7198,5.5E-02);
#7198 = AXIS2_PLACEMENT_3D('',#7199,#7200,#7201);
#7199 = CARTESIAN_POINT('',(1.545,-0.8,0.495));
#7200 = DIRECTION('',(0.,1.,0.));
#7201 = DIRECTION('',(1.,0.,0.));
#7202 = ADVANCED_FACE('',(#7203),#7214,.T.);
#7203 = FACE_BOUND('',#7204,.T.);
#7204 = EDGE_LOOP('',(#7205,#7206,#7212,#7213));
#7205 = ORIENTED_EDGE('',*,*,#7057,.F.);
#7206 = ORIENTED_EDGE('',*,*,#7207,.F.);
#7207 = EDGE_CURVE('',#6925,#7049,#7208,.T.);
#7208 = LINE('',#7209,#7210);
#7209 = CARTESIAN_POINT('',(1.155,-0.8,0.55));
#7210 = VECTOR('',#7211,1.);
#7211 = DIRECTION('',(0.,1.,0.));
#7212 = ORIENTED_EDGE('',*,*,#6933,.T.);
#7213 = ORIENTED_EDGE('',*,*,#7191,.T.);
#7214 = PLANE('',#7215);
#7215 = AXIS2_PLACEMENT_3D('',#7216,#7217,#7218);
#7216 = CARTESIAN_POINT('',(1.1,-0.8,0.55));
#7217 = DIRECTION('',(0.,0.,1.));
#7218 = DIRECTION('',(1.,0.,-0.));
#7219 = ADVANCED_FACE('',(#7220),#7231,.T.);
#7220 = FACE_BOUND('',#7221,.T.);
#7221 = EDGE_LOOP('',(#7222,#7223,#7224,#7225));
#7222 = ORIENTED_EDGE('',*,*,#6924,.T.);
#7223 = ORIENTED_EDGE('',*,*,#7207,.T.);
#7224 = ORIENTED_EDGE('',*,*,#7048,.F.);
#7225 = ORIENTED_EDGE('',*,*,#7226,.F.);
#7226 = EDGE_CURVE('',#6759,#6842,#7227,.T.);
#7227 = LINE('',#7228,#7229);
#7228 = CARTESIAN_POINT('',(1.1,-0.8,0.495));
#7229 = VECTOR('',#7230,1.);
#7230 = DIRECTION('',(0.,1.,0.));
#7231 = CYLINDRICAL_SURFACE('',#7232,5.5E-02);
#7232 = AXIS2_PLACEMENT_3D('',#7233,#7234,#7235);
#7233 = CARTESIAN_POINT('',(1.155,-0.8,0.495));
#7234 = DIRECTION('',(0.,1.,0.));
#7235 = DIRECTION('',(-1.,0.,0.));
#7236 = ADVANCED_FACE('',(#7237),#7248,.T.);
#7237 = FACE_BOUND('',#7238,.T.);
#7238 = EDGE_LOOP('',(#7239,#7240,#7241,#7242));
#7239 = ORIENTED_EDGE('',*,*,#6990,.F.);
#7240 = ORIENTED_EDGE('',*,*,#7226,.T.);
#7241 = ORIENTED_EDGE('',*,*,#7107,.T.);
#7242 = ORIENTED_EDGE('',*,*,#7243,.F.);
#7243 = EDGE_CURVE('',#6983,#7100,#7244,.T.);
#7244 = LINE('',#7245,#7246);
#7245 = CARTESIAN_POINT('',(1.1,-0.8,0.55));
#7246 = VECTOR('',#7247,1.);
#7247 = DIRECTION('',(0.,1.,0.));
#7248 = PLANE('',#7249);
#7249 = AXIS2_PLACEMENT_3D('',#7250,#7251,#7252);
#7250 = CARTESIAN_POINT('',(1.1,-0.8,0.495));
#7251 = DIRECTION('',(1.,0.,0.));
#7252 = DIRECTION('',(0.,0.,1.));
#7253 = ADVANCED_FACE('',(#7254),#7260,.T.);
#7254 = FACE_BOUND('',#7255,.T.);
#7255 = EDGE_LOOP('',(#7256,#7257,#7258,#7259));
#7256 = ORIENTED_EDGE('',*,*,#7014,.F.);
#7257 = ORIENTED_EDGE('',*,*,#6982,.T.);
#7258 = ORIENTED_EDGE('',*,*,#7243,.T.);
#7259 = ORIENTED_EDGE('',*,*,#7099,.F.);
#7260 = PLANE('',#7261);
#7261 = AXIS2_PLACEMENT_3D('',#7262,#7263,#7264);
#7262 = CARTESIAN_POINT('',(-1.1,-0.8,0.55));
#7263 = DIRECTION('',(0.,0.,1.));
#7264 = DIRECTION('',(1.,0.,-0.));
#7265 = ( GEOMETRIC_REPRESENTATION_CONTEXT(3) 
GLOBAL_UNCERTAINTY_ASSIGNED_CONTEXT((#7269)) 
GLOBAL_UNIT_ASSIGNED_CONTEXT((#7266,#7267,#7268)) REPRESENTATION_CONTEXT
('Context #1','3D Context with UNIT and UNCERTAINTY') );
#7266 = ( LENGTH_UNIT() NAMED_UNIT(*) SI_UNIT(.MILLI.,.METRE.) );
#7267 = ( NAMED_UNIT(*) PLANE_ANGLE_UNIT() SI_UNIT($,.RADIAN.) );
#7268 = ( NAMED_UNIT(*) SI_UNIT($,.STERADIAN.) SOLID_ANGLE_UNIT() );
#7269 = UNCERTAINTY_MEASURE_WITH_UNIT(LENGTH_MEASURE(1.E-07),#7266,
  'distance_accuracy_value','confusion accuracy');
#7270 = CONTEXT_DEPENDENT_SHAPE_REPRESENTATION(#7271,#7273);
#7271 = ( REPRESENTATION_RELATIONSHIP('','',#6474,#6451) 
REPRESENTATION_RELATIONSHIP_WITH_TRANSFORMATION(#7272) 
SHAPE_REPRESENTATION_RELATIONSHIP() );
#7272 = ITEM_DEFINED_TRANSFORMATION('','',#11,#6452);
#7273 = PRODUCT_DEFINITION_SHAPE('Placement','Placement of an item',
  #7274);
#7274 = NEXT_ASSEMBLY_USAGE_OCCURRENCE('16','=>[0:1:1:9]','',#6446,#6469
  ,$);
#7275 = PRODUCT_RELATED_PRODUCT_CATEGORY('part',$,(#6471));
#7276 = CONTEXT_DEPENDENT_SHAPE_REPRESENTATION(#7277,#7279);
#7277 = ( REPRESENTATION_RELATIONSHIP('','',#3286,#10) 
REPRESENTATION_RELATIONSHIP_WITH_TRANSFORMATION(#7278) 
SHAPE_REPRESENTATION_RELATIONSHIP() );
#7278 = ITEM_DEFINED_TRANSFORMATION('','',#11,#67);
#7279 = PRODUCT_DEFINITION_SHAPE('Placement','Placement of an item',
  #7280);
#7280 = NEXT_ASSEMBLY_USAGE_OCCURRENCE('18','C6','',#5,#3281,$);
#7281 = CONTEXT_DEPENDENT_SHAPE_REPRESENTATION(#7282,#7284);
#7282 = ( REPRESENTATION_RELATIONSHIP('','',#112,#10) 
REPRESENTATION_RELATIONSHIP_WITH_TRANSFORMATION(#7283) 
SHAPE_REPRESENTATION_RELATIONSHIP() );
#7283 = ITEM_DEFINED_TRANSFORMATION('','',#11,#71);
#7284 = PRODUCT_DEFINITION_SHAPE('Placement','Placement of an item',
  #7285);
#7285 = NEXT_ASSEMBLY_USAGE_OCCURRENCE('19','J2','',#5,#107,$);
#7286 = CONTEXT_DEPENDENT_SHAPE_REPRESENTATION(#7287,#7289);
#7287 = ( REPRESENTATION_RELATIONSHIP('','',#112,#10) 
REPRESENTATION_RELATIONSHIP_WITH_TRANSFORMATION(#7288) 
SHAPE_REPRESENTATION_RELATIONSHIP() );
#7288 = ITEM_DEFINED_TRANSFORMATION('','',#11,#75);
#7289 = PRODUCT_DEFINITION_SHAPE('Placement','Placement of an item',
  #7290);
#7290 = NEXT_ASSEMBLY_USAGE_OCCURRENCE('20','J7','',#5,#107,$);
#7291 = CONTEXT_DEPENDENT_SHAPE_REPRESENTATION(#7292,#7294);
#7292 = ( REPRESENTATION_RELATIONSHIP('','',#112,#10) 
REPRESENTATION_RELATIONSHIP_WITH_TRANSFORMATION(#7293) 
SHAPE_REPRESENTATION_RELATIONSHIP() );
#7293 = ITEM_DEFINED_TRANSFORMATION('','',#11,#79);
#7294 = PRODUCT_DEFINITION_SHAPE('Placement','Placement of an item',
  #7295);
#7295 = NEXT_ASSEMBLY_USAGE_OCCURRENCE('21','J9','',#5,#107,$);
#7296 = CONTEXT_DEPENDENT_SHAPE_REPRESENTATION(#7297,#7299);
#7297 = ( REPRESENTATION_RELATIONSHIP('','',#3286,#10) 
REPRESENTATION_RELATIONSHIP_WITH_TRANSFORMATION(#7298) 
SHAPE_REPRESENTATION_RELATIONSHIP() );
#7298 = ITEM_DEFINED_TRANSFORMATION('','',#11,#83);
#7299 = PRODUCT_DEFINITION_SHAPE('Placement','Placement of an item',
  #7300);
#7300 = NEXT_ASSEMBLY_USAGE_OCCURRENCE('22','C1','',#5,#3281,$);
#7301 = SHAPE_DEFINITION_REPRESENTATION(#7302,#7308);
#7302 = PRODUCT_DEFINITION_SHAPE('','',#7303);
#7303 = PRODUCT_DEFINITION('design','',#7304,#7307);
#7304 = PRODUCT_DEFINITION_FORMATION('','',#7305);
#7305 = PRODUCT('PinHeader_1x03_P2.54mm_Vertical',
  'PinHeader_1x03_P2.54mm_Vertical','',(#7306));
#7306 = PRODUCT_CONTEXT('',#2,'mechanical');
#7307 = PRODUCT_DEFINITION_CONTEXT('part definition',#2,'design');
#7308 = SHAPE_REPRESENTATION('',(#11,#7309),#7313);
#7309 = AXIS2_PLACEMENT_3D('',#7310,#7311,#7312);
#7310 = CARTESIAN_POINT('',(0.,0.,0.));
#7311 = DIRECTION('',(0.,0.,1.));
#7312 = DIRECTION('',(1.,0.,-0.));
#7313 = ( GEOMETRIC_REPRESENTATION_CONTEXT(3) 
GLOBAL_UNCERTAINTY_ASSIGNED_CONTEXT((#7317)) 
GLOBAL_UNIT_ASSIGNED_CONTEXT((#7314,#7315,#7316)) REPRESENTATION_CONTEXT
('Context #1','3D Context with UNIT and UNCERTAINTY') );
#7314 = ( LENGTH_UNIT() NAMED_UNIT(*) SI_UNIT(.MILLI.,.METRE.) );
#7315 = ( NAMED_UNIT(*) PLANE_ANGLE_UNIT() SI_UNIT($,.RADIAN.) );
#7316 = ( NAMED_UNIT(*) SI_UNIT($,.STERADIAN.) SOLID_ANGLE_UNIT() );
#7317 = UNCERTAINTY_MEASURE_WITH_UNIT(LENGTH_MEASURE(1.E-07),#7314,
  'distance_accuracy_value','confusion accuracy');
#7318 = CONTEXT_DEPENDENT_SHAPE_REPRESENTATION(#7319,#7321);
#7319 = ( REPRESENTATION_RELATIONSHIP('','',#7308,#10) 
REPRESENTATION_RELATIONSHIP_WITH_TRANSFORMATION(#7320) 
SHAPE_REPRESENTATION_RELATIONSHIP() );
#7320 = ITEM_DEFINED_TRANSFORMATION('','',#11,#87);
#7321 = PRODUCT_DEFINITION_SHAPE('Placement','Placement of an item',
  #7322);
#7322 = NEXT_ASSEMBLY_USAGE_OCCURRENCE('24','J12','',#5,#7303,$);
#7323 = PRODUCT_RELATED_PRODUCT_CATEGORY('part',$,(#7305));
#7324 = SHAPE_DEFINITION_REPRESENTATION(#7325,#7331);
#7325 = PRODUCT_DEFINITION_SHAPE('','',#7326);
#7326 = PRODUCT_DEFINITION('design','',#7327,#7330);
#7327 = PRODUCT_DEFINITION_FORMATION('','',#7328);
#7328 = PRODUCT('PinHeader_1x03_P254mm_Vertical',
  'PinHeader_1x03_P254mm_Vertical','',(#7329));
#7329 = PRODUCT_CONTEXT('',#2,'mechanical');
#7330 = PRODUCT_DEFINITION_CONTEXT('part definition',#2,'design');
#7331 = ADVANCED_BREP_SHAPE_REPRESENTATION('',(#11,#7332),#9438);
#7332 = MANIFOLD_SOLID_BREP('',#7333);
#7333 = CLOSED_SHELL('',(#7334,#7374,#7405,#7436,#7683,#7930,#7947,#7964
    ,#7981,#7998,#8015,#8032,#8049,#8066,#8083,#8100,#8117,#8134,#8151,
    #8168,#8185,#8202,#8214,#8245,#8269,#8293,#8310,#8341,#8365,#8389,
    #8406,#8437,#8461,#8485,#8502,#8533,#8557,#8581,#8598,#8629,#8653,
    #8677,#8694,#8725,#8749,#8773,#8790,#8821,#8845,#8869,#8886,#8917,
    #8941,#8965,#8982,#9013,#9037,#9061,#9078,#9109,#9133,#9157,#9174,
    #9205,#9229,#9253,#9270,#9301,#9325,#9349,#9366,#9378,#9390,#9402,
    #9414,#9426));
#7334 = ADVANCED_FACE('',(#7335),#7369,.F.);
#7335 = FACE_BOUND('',#7336,.F.);
#7336 = EDGE_LOOP('',(#7337,#7347,#7355,#7363));
#7337 = ORIENTED_EDGE('',*,*,#7338,.T.);
#7338 = EDGE_CURVE('',#7339,#7341,#7343,.T.);
#7339 = VERTEX_POINT('',#7340);
#7340 = CARTESIAN_POINT('',(-1.016,1.27,0.));
#7341 = VERTEX_POINT('',#7342);
#7342 = CARTESIAN_POINT('',(-1.016,1.27,2.54));
#7343 = LINE('',#7344,#7345);
#7344 = CARTESIAN_POINT('',(-1.016,1.27,0.));
#7345 = VECTOR('',#7346,1.);
#7346 = DIRECTION('',(0.,0.,1.));
#7347 = ORIENTED_EDGE('',*,*,#7348,.T.);
#7348 = EDGE_CURVE('',#7341,#7349,#7351,.T.);
#7349 = VERTEX_POINT('',#7350);
#7350 = CARTESIAN_POINT('',(-1.27,1.016,2.54));
#7351 = LINE('',#7352,#7353);
#7352 = CARTESIAN_POINT('',(-1.016,1.27,2.54));
#7353 = VECTOR('',#7354,1.);
#7354 = DIRECTION('',(-0.707106781187,-0.707106781187,0.));
#7355 = ORIENTED_EDGE('',*,*,#7356,.F.);
#7356 = EDGE_CURVE('',#7357,#7349,#7359,.T.);
#7357 = VERTEX_POINT('',#7358);
#7358 = CARTESIAN_POINT('',(-1.27,1.016,0.));
#7359 = LINE('',#7360,#7361);
#7360 = CARTESIAN_POINT('',(-1.27,1.016,0.));
#7361 = VECTOR('',#7362,1.);
#7362 = DIRECTION('',(0.,0.,1.));
#7363 = ORIENTED_EDGE('',*,*,#7364,.F.);
#7364 = EDGE_CURVE('',#7339,#7357,#7365,.T.);
#7365 = LINE('',#7366,#7367);
#7366 = CARTESIAN_POINT('',(-1.016,1.27,0.));
#7367 = VECTOR('',#7368,1.);
#7368 = DIRECTION('',(-0.707106781187,-0.707106781187,0.));
#7369 = PLANE('',#7370);
#7370 = AXIS2_PLACEMENT_3D('',#7371,#7372,#7373);
#7371 = CARTESIAN_POINT('',(-1.016,1.27,0.));
#7372 = DIRECTION('',(0.707106781187,-0.707106781187,0.));
#7373 = DIRECTION('',(-0.707106781187,-0.707106781187,0.));
#7374 = ADVANCED_FACE('',(#7375),#7400,.F.);
#7375 = FACE_BOUND('',#7376,.F.);
#7376 = EDGE_LOOP('',(#7377,#7387,#7393,#7394));
#7377 = ORIENTED_EDGE('',*,*,#7378,.T.);
#7378 = EDGE_CURVE('',#7379,#7381,#7383,.T.);
#7379 = VERTEX_POINT('',#7380);
#7380 = CARTESIAN_POINT('',(1.016,1.27,0.));
#7381 = VERTEX_POINT('',#7382);
#7382 = CARTESIAN_POINT('',(1.016,1.27,2.54));
#7383 = LINE('',#7384,#7385);
#7384 = CARTESIAN_POINT('',(1.016,1.27,0.));
#7385 = VECTOR('',#7386,1.);
#7386 = DIRECTION('',(0.,0.,1.));
#7387 = ORIENTED_EDGE('',*,*,#7388,.T.);
#7388 = EDGE_CURVE('',#7381,#7341,#7389,.T.);
#7389 = LINE('',#7390,#7391);
#7390 = CARTESIAN_POINT('',(1.016,1.27,2.54));
#7391 = VECTOR('',#7392,1.);
#7392 = DIRECTION('',(-1.,0.,0.));
#7393 = ORIENTED_EDGE('',*,*,#7338,.F.);
#7394 = ORIENTED_EDGE('',*,*,#7395,.F.);
#7395 = EDGE_CURVE('',#7379,#7339,#7396,.T.);
#7396 = LINE('',#7397,#7398);
#7397 = CARTESIAN_POINT('',(1.016,1.27,0.));
#7398 = VECTOR('',#7399,1.);
#7399 = DIRECTION('',(-1.,0.,0.));
#7400 = PLANE('',#7401);
#7401 = AXIS2_PLACEMENT_3D('',#7402,#7403,#7404);
#7402 = CARTESIAN_POINT('',(1.016,1.27,0.));
#7403 = DIRECTION('',(0.,-1.,0.));
#7404 = DIRECTION('',(-1.,0.,0.));
#7405 = ADVANCED_FACE('',(#7406),#7431,.F.);
#7406 = FACE_BOUND('',#7407,.F.);
#7407 = EDGE_LOOP('',(#7408,#7409,#7417,#7425));
#7408 = ORIENTED_EDGE('',*,*,#7356,.T.);
#7409 = ORIENTED_EDGE('',*,*,#7410,.T.);
#7410 = EDGE_CURVE('',#7349,#7411,#7413,.T.);
#7411 = VERTEX_POINT('',#7412);
#7412 = CARTESIAN_POINT('',(-1.27,-1.016,2.54));
#7413 = LINE('',#7414,#7415);
#7414 = CARTESIAN_POINT('',(-1.27,1.016,2.54));
#7415 = VECTOR('',#7416,1.);
#7416 = DIRECTION('',(0.,-1.,0.));
#7417 = ORIENTED_EDGE('',*,*,#7418,.F.);
#7418 = EDGE_CURVE('',#7419,#7411,#7421,.T.);
#7419 = VERTEX_POINT('',#7420);
#7420 = CARTESIAN_POINT('',(-1.27,-1.016,0.));
#7421 = LINE('',#7422,#7423);
#7422 = CARTESIAN_POINT('',(-1.27,-1.016,0.));
#7423 = VECTOR('',#7424,1.);
#7424 = DIRECTION('',(0.,0.,1.));
#7425 = ORIENTED_EDGE('',*,*,#7426,.F.);
#7426 = EDGE_CURVE('',#7357,#7419,#7427,.T.);
#7427 = LINE('',#7428,#7429);
#7428 = CARTESIAN_POINT('',(-1.27,1.016,0.));
#7429 = VECTOR('',#7430,1.);
#7430 = DIRECTION('',(0.,-1.,0.));
#7431 = PLANE('',#7432);
#7432 = AXIS2_PLACEMENT_3D('',#7433,#7434,#7435);
#7433 = CARTESIAN_POINT('',(-1.27,1.016,0.));
#7434 = DIRECTION('',(1.,0.,0.));
#7435 = DIRECTION('',(0.,-1.,0.));
#7436 = ADVANCED_FACE('',(#7437,#7576,#7610,#7644),#7678,.F.);
#7437 = FACE_BOUND('',#7438,.F.);
#7438 = EDGE_LOOP('',(#7439,#7440,#7441,#7449,#7457,#7465,#7473,#7481,
    #7489,#7497,#7505,#7513,#7521,#7529,#7537,#7545,#7553,#7561,#7569,
    #7575));
#7439 = ORIENTED_EDGE('',*,*,#7364,.T.);
#7440 = ORIENTED_EDGE('',*,*,#7426,.T.);
#7441 = ORIENTED_EDGE('',*,*,#7442,.T.);
#7442 = EDGE_CURVE('',#7419,#7443,#7445,.T.);
#7443 = VERTEX_POINT('',#7444);
#7444 = CARTESIAN_POINT('',(-1.016,-1.27,0.));
#7445 = LINE('',#7446,#7447);
#7446 = CARTESIAN_POINT('',(-1.27,-1.016,0.));
#7447 = VECTOR('',#7448,1.);
#7448 = DIRECTION('',(0.707106781187,-0.707106781187,0.));
#7449 = ORIENTED_EDGE('',*,*,#7450,.T.);
#7450 = EDGE_CURVE('',#7443,#7451,#7453,.T.);
#7451 = VERTEX_POINT('',#7452);
#7452 = CARTESIAN_POINT('',(-1.27,-1.524,0.));
#7453 = LINE('',#7454,#7455);
#7454 = CARTESIAN_POINT('',(-1.016,-1.27,0.));
#7455 = VECTOR('',#7456,1.);
#7456 = DIRECTION('',(-0.707106781187,-0.707106781187,0.));
#7457 = ORIENTED_EDGE('',*,*,#7458,.T.);
#7458 = EDGE_CURVE('',#7451,#7459,#7461,.T.);
#7459 = VERTEX_POINT('',#7460);
#7460 = CARTESIAN_POINT('',(-1.27,-3.556,0.));
#7461 = LINE('',#7462,#7463);
#7462 = CARTESIAN_POINT('',(-1.27,-1.524,0.));
#7463 = VECTOR('',#7464,1.);
#7464 = DIRECTION('',(0.,-1.,0.));
#7465 = ORIENTED_EDGE('',*,*,#7466,.T.);
#7466 = EDGE_CURVE('',#7459,#7467,#7469,.T.);
#7467 = VERTEX_POINT('',#7468);
#7468 = CARTESIAN_POINT('',(-1.016,-3.81,0.));
#7469 = LINE('',#7470,#7471);
#7470 = CARTESIAN_POINT('',(-1.27,-3.556,0.));
#7471 = VECTOR('',#7472,1.);
#7472 = DIRECTION('',(0.707106781187,-0.707106781187,0.));
#7473 = ORIENTED_EDGE('',*,*,#7474,.T.);
#7474 = EDGE_CURVE('',#7467,#7475,#7477,.T.);
#7475 = VERTEX_POINT('',#7476);
#7476 = CARTESIAN_POINT('',(-1.27,-4.064,0.));
#7477 = LINE('',#7478,#7479);
#7478 = CARTESIAN_POINT('',(-1.016,-3.81,0.));
#7479 = VECTOR('',#7480,1.);
#7480 = DIRECTION('',(-0.707106781187,-0.707106781187,0.));
#7481 = ORIENTED_EDGE('',*,*,#7482,.T.);
#7482 = EDGE_CURVE('',#7475,#7483,#7485,.T.);
#7483 = VERTEX_POINT('',#7484);
#7484 = CARTESIAN_POINT('',(-1.27,-6.096,0.));
#7485 = LINE('',#7486,#7487);
#7486 = CARTESIAN_POINT('',(-1.27,-4.064,0.));
#7487 = VECTOR('',#7488,1.);
#7488 = DIRECTION('',(0.,-1.,0.));
#7489 = ORIENTED_EDGE('',*,*,#7490,.T.);
#7490 = EDGE_CURVE('',#7483,#7491,#7493,.T.);
#7491 = VERTEX_POINT('',#7492);
#7492 = CARTESIAN_POINT('',(-1.016,-6.35,0.));
#7493 = LINE('',#7494,#7495);
#7494 = CARTESIAN_POINT('',(-1.27,-6.096,0.));
#7495 = VECTOR('',#7496,1.);
#7496 = DIRECTION('',(0.707106781187,-0.707106781187,0.));
#7497 = ORIENTED_EDGE('',*,*,#7498,.T.);
#7498 = EDGE_CURVE('',#7491,#7499,#7501,.T.);
#7499 = VERTEX_POINT('',#7500);
#7500 = CARTESIAN_POINT('',(1.016,-6.35,0.));
#7501 = LINE('',#7502,#7503);
#7502 = CARTESIAN_POINT('',(-1.016,-6.35,0.));
#7503 = VECTOR('',#7504,1.);
#7504 = DIRECTION('',(1.,0.,0.));
#7505 = ORIENTED_EDGE('',*,*,#7506,.T.);
#7506 = EDGE_CURVE('',#7499,#7507,#7509,.T.);
#7507 = VERTEX_POINT('',#7508);
#7508 = CARTESIAN_POINT('',(1.27,-6.096,0.));
#7509 = LINE('',#7510,#7511);
#7510 = CARTESIAN_POINT('',(1.016,-6.35,0.));
#7511 = VECTOR('',#7512,1.);
#7512 = DIRECTION('',(0.707106781187,0.707106781187,0.));
#7513 = ORIENTED_EDGE('',*,*,#7514,.T.);
#7514 = EDGE_CURVE('',#7507,#7515,#7517,.T.);
#7515 = VERTEX_POINT('',#7516);
#7516 = CARTESIAN_POINT('',(1.27,-4.064,0.));
#7517 = LINE('',#7518,#7519);
#7518 = CARTESIAN_POINT('',(1.27,-6.096,0.));
#7519 = VECTOR('',#7520,1.);
#7520 = DIRECTION('',(0.,1.,0.));
#7521 = ORIENTED_EDGE('',*,*,#7522,.T.);
#7522 = EDGE_CURVE('',#7515,#7523,#7525,.T.);
#7523 = VERTEX_POINT('',#7524);
#7524 = CARTESIAN_POINT('',(1.016,-3.81,0.));
#7525 = LINE('',#7526,#7527);
#7526 = CARTESIAN_POINT('',(1.27,-4.064,0.));
#7527 = VECTOR('',#7528,1.);
#7528 = DIRECTION('',(-0.707106781187,0.707106781187,0.));
#7529 = ORIENTED_EDGE('',*,*,#7530,.T.);
#7530 = EDGE_CURVE('',#7523,#7531,#7533,.T.);
#7531 = VERTEX_POINT('',#7532);
#7532 = CARTESIAN_POINT('',(1.27,-3.556,0.));
#7533 = LINE('',#7534,#7535);
#7534 = CARTESIAN_POINT('',(1.016,-3.81,0.));
#7535 = VECTOR('',#7536,1.);
#7536 = DIRECTION('',(0.707106781187,0.707106781187,0.));
#7537 = ORIENTED_EDGE('',*,*,#7538,.T.);
#7538 = EDGE_CURVE('',#7531,#7539,#7541,.T.);
#7539 = VERTEX_POINT('',#7540);
#7540 = CARTESIAN_POINT('',(1.27,-1.524,0.));
#7541 = LINE('',#7542,#7543);
#7542 = CARTESIAN_POINT('',(1.27,-3.556,0.));
#7543 = VECTOR('',#7544,1.);
#7544 = DIRECTION('',(0.,1.,0.));
#7545 = ORIENTED_EDGE('',*,*,#7546,.T.);
#7546 = EDGE_CURVE('',#7539,#7547,#7549,.T.);
#7547 = VERTEX_POINT('',#7548);
#7548 = CARTESIAN_POINT('',(1.016,-1.27,0.));
#7549 = LINE('',#7550,#7551);
#7550 = CARTESIAN_POINT('',(1.27,-1.524,0.));
#7551 = VECTOR('',#7552,1.);
#7552 = DIRECTION('',(-0.707106781187,0.707106781187,0.));
#7553 = ORIENTED_EDGE('',*,*,#7554,.T.);
#7554 = EDGE_CURVE('',#7547,#7555,#7557,.T.);
#7555 = VERTEX_POINT('',#7556);
#7556 = CARTESIAN_POINT('',(1.27,-1.016,0.));
#7557 = LINE('',#7558,#7559);
#7558 = CARTESIAN_POINT('',(1.016,-1.27,0.));
#7559 = VECTOR('',#7560,1.);
#7560 = DIRECTION('',(0.707106781187,0.707106781187,0.));
#7561 = ORIENTED_EDGE('',*,*,#7562,.T.);
#7562 = EDGE_CURVE('',#7555,#7563,#7565,.T.);
#7563 = VERTEX_POINT('',#7564);
#7564 = CARTESIAN_POINT('',(1.27,1.016,0.));
#7565 = LINE('',#7566,#7567);
#7566 = CARTESIAN_POINT('',(1.27,-1.016,0.));
#7567 = VECTOR('',#7568,1.);
#7568 = DIRECTION('',(0.,1.,0.));
#7569 = ORIENTED_EDGE('',*,*,#7570,.T.);
#7570 = EDGE_CURVE('',#7563,#7379,#7571,.T.);
#7571 = LINE('',#7572,#7573);
#7572 = CARTESIAN_POINT('',(1.27,1.016,0.));
#7573 = VECTOR('',#7574,1.);
#7574 = DIRECTION('',(-0.707106781187,0.707106781187,0.));
#7575 = ORIENTED_EDGE('',*,*,#7395,.T.);
#7576 = FACE_BOUND('',#7577,.F.);
#7577 = EDGE_LOOP('',(#7578,#7588,#7596,#7604));
#7578 = ORIENTED_EDGE('',*,*,#7579,.F.);
#7579 = EDGE_CURVE('',#7580,#7582,#7584,.T.);
#7580 = VERTEX_POINT('',#7581);
#7581 = CARTESIAN_POINT('',(0.32,-0.32,0.));
#7582 = VERTEX_POINT('',#7583);
#7583 = CARTESIAN_POINT('',(0.32,0.32,0.));
#7584 = LINE('',#7585,#7586);
#7585 = CARTESIAN_POINT('',(0.32,-1.43,0.));
#7586 = VECTOR('',#7587,1.);
#7587 = DIRECTION('',(0.,1.,0.));
#7588 = ORIENTED_EDGE('',*,*,#7589,.T.);
#7589 = EDGE_CURVE('',#7580,#7590,#7592,.T.);
#7590 = VERTEX_POINT('',#7591);
#7591 = CARTESIAN_POINT('',(-0.32,-0.32,0.));
#7592 = LINE('',#7593,#7594);
#7593 = CARTESIAN_POINT('',(-0.16,-0.32,0.));
#7594 = VECTOR('',#7595,1.);
#7595 = DIRECTION('',(-1.,0.,0.));
#7596 = ORIENTED_EDGE('',*,*,#7597,.T.);
#7597 = EDGE_CURVE('',#7590,#7598,#7600,.T.);
#7598 = VERTEX_POINT('',#7599);
#7599 = CARTESIAN_POINT('',(-0.32,0.32,0.));
#7600 = LINE('',#7601,#7602);
#7601 = CARTESIAN_POINT('',(-0.32,-1.43,0.));
#7602 = VECTOR('',#7603,1.);
#7603 = DIRECTION('',(0.,1.,0.));
#7604 = ORIENTED_EDGE('',*,*,#7605,.F.);
#7605 = EDGE_CURVE('',#7582,#7598,#7606,.T.);
#7606 = LINE('',#7607,#7608);
#7607 = CARTESIAN_POINT('',(-0.16,0.32,0.));
#7608 = VECTOR('',#7609,1.);
#7609 = DIRECTION('',(-1.,0.,0.));
#7610 = FACE_BOUND('',#7611,.F.);
#7611 = EDGE_LOOP('',(#7612,#7622,#7630,#7638));
#7612 = ORIENTED_EDGE('',*,*,#7613,.T.);
#7613 = EDGE_CURVE('',#7614,#7616,#7618,.T.);
#7614 = VERTEX_POINT('',#7615);
#7615 = CARTESIAN_POINT('',(0.32,-2.86,0.));
#7616 = VERTEX_POINT('',#7617);
#7617 = CARTESIAN_POINT('',(-0.32,-2.86,0.));
#7618 = LINE('',#7619,#7620);
#7619 = CARTESIAN_POINT('',(-0.16,-2.86,0.));
#7620 = VECTOR('',#7621,1.);
#7621 = DIRECTION('',(-1.,0.,0.));
#7622 = ORIENTED_EDGE('',*,*,#7623,.T.);
#7623 = EDGE_CURVE('',#7616,#7624,#7626,.T.);
#7624 = VERTEX_POINT('',#7625);
#7625 = CARTESIAN_POINT('',(-0.32,-2.22,0.));
#7626 = LINE('',#7627,#7628);
#7627 = CARTESIAN_POINT('',(-0.32,-2.7,0.));
#7628 = VECTOR('',#7629,1.);
#7629 = DIRECTION('',(0.,1.,0.));
#7630 = ORIENTED_EDGE('',*,*,#7631,.F.);
#7631 = EDGE_CURVE('',#7632,#7624,#7634,.T.);
#7632 = VERTEX_POINT('',#7633);
#7633 = CARTESIAN_POINT('',(0.32,-2.22,0.));
#7634 = LINE('',#7635,#7636);
#7635 = CARTESIAN_POINT('',(-0.16,-2.22,0.));
#7636 = VECTOR('',#7637,1.);
#7637 = DIRECTION('',(-1.,0.,0.));
#7638 = ORIENTED_EDGE('',*,*,#7639,.F.);
#7639 = EDGE_CURVE('',#7614,#7632,#7640,.T.);
#7640 = LINE('',#7641,#7642);
#7641 = CARTESIAN_POINT('',(0.32,-2.7,0.));
#7642 = VECTOR('',#7643,1.);
#7643 = DIRECTION('',(0.,1.,0.));
#7644 = FACE_BOUND('',#7645,.F.);
#7645 = EDGE_LOOP('',(#7646,#7656,#7664,#7672));
#7646 = ORIENTED_EDGE('',*,*,#7647,.F.);
#7647 = EDGE_CURVE('',#7648,#7650,#7652,.T.);
#7648 = VERTEX_POINT('',#7649);
#7649 = CARTESIAN_POINT('',(0.32,-4.76,0.));
#7650 = VERTEX_POINT('',#7651);
#7651 = CARTESIAN_POINT('',(-0.32,-4.76,0.));
#7652 = LINE('',#7653,#7654);
#7653 = CARTESIAN_POINT('',(-0.16,-4.76,0.));
#7654 = VECTOR('',#7655,1.);
#7655 = DIRECTION('',(-1.,0.,0.));
#7656 = ORIENTED_EDGE('',*,*,#7657,.F.);
#7657 = EDGE_CURVE('',#7658,#7648,#7660,.T.);
#7658 = VERTEX_POINT('',#7659);
#7659 = CARTESIAN_POINT('',(0.32,-5.4,0.));
#7660 = LINE('',#7661,#7662);
#7661 = CARTESIAN_POINT('',(0.32,-3.97,0.));
#7662 = VECTOR('',#7663,1.);
#7663 = DIRECTION('',(0.,1.,0.));
#7664 = ORIENTED_EDGE('',*,*,#7665,.T.);
#7665 = EDGE_CURVE('',#7658,#7666,#7668,.T.);
#7666 = VERTEX_POINT('',#7667);
#7667 = CARTESIAN_POINT('',(-0.32,-5.4,0.));
#7668 = LINE('',#7669,#7670);
#7669 = CARTESIAN_POINT('',(-0.16,-5.4,0.));
#7670 = VECTOR('',#7671,1.);
#7671 = DIRECTION('',(-1.,0.,0.));
#7672 = ORIENTED_EDGE('',*,*,#7673,.T.);
#7673 = EDGE_CURVE('',#7666,#7650,#7674,.T.);
#7674 = LINE('',#7675,#7676);
#7675 = CARTESIAN_POINT('',(-0.32,-3.97,0.));
#7676 = VECTOR('',#7677,1.);
#7677 = DIRECTION('',(0.,1.,0.));
#7678 = PLANE('',#7679);
#7679 = AXIS2_PLACEMENT_3D('',#7680,#7681,#7682);
#7680 = CARTESIAN_POINT('',(5.398204781459E-17,-2.54,0.));
#7681 = DIRECTION('',(0.,0.,1.));
#7682 = DIRECTION('',(1.,0.,-0.));
#7683 = ADVANCED_FACE('',(#7684,#7823,#7857,#7891),#7925,.T.);
#7684 = FACE_BOUND('',#7685,.T.);
#7685 = EDGE_LOOP('',(#7686,#7687,#7688,#7696,#7704,#7712,#7720,#7728,
    #7736,#7744,#7752,#7760,#7768,#7776,#7784,#7792,#7800,#7808,#7816,
    #7822));
#7686 = ORIENTED_EDGE('',*,*,#7348,.T.);
#7687 = ORIENTED_EDGE('',*,*,#7410,.T.);
#7688 = ORIENTED_EDGE('',*,*,#7689,.T.);
#7689 = EDGE_CURVE('',#7411,#7690,#7692,.T.);
#7690 = VERTEX_POINT('',#7691);
#7691 = CARTESIAN_POINT('',(-1.016,-1.27,2.54));
#7692 = LINE('',#7693,#7694);
#7693 = CARTESIAN_POINT('',(-1.27,-1.016,2.54));
#7694 = VECTOR('',#7695,1.);
#7695 = DIRECTION('',(0.707106781187,-0.707106781187,0.));
#7696 = ORIENTED_EDGE('',*,*,#7697,.T.);
#7697 = EDGE_CURVE('',#7690,#7698,#7700,.T.);
#7698 = VERTEX_POINT('',#7699);
#7699 = CARTESIAN_POINT('',(-1.27,-1.524,2.54));
#7700 = LINE('',#7701,#7702);
#7701 = CARTESIAN_POINT('',(-1.016,-1.27,2.54));
#7702 = VECTOR('',#7703,1.);
#7703 = DIRECTION('',(-0.707106781187,-0.707106781187,0.));
#7704 = ORIENTED_EDGE('',*,*,#7705,.T.);
#7705 = EDGE_CURVE('',#7698,#7706,#7708,.T.);
#7706 = VERTEX_POINT('',#7707);
#7707 = CARTESIAN_POINT('',(-1.27,-3.556,2.54));
#7708 = LINE('',#7709,#7710);
#7709 = CARTESIAN_POINT('',(-1.27,-1.524,2.54));
#7710 = VECTOR('',#7711,1.);
#7711 = DIRECTION('',(0.,-1.,0.));
#7712 = ORIENTED_EDGE('',*,*,#7713,.T.);
#7713 = EDGE_CURVE('',#7706,#7714,#7716,.T.);
#7714 = VERTEX_POINT('',#7715);
#7715 = CARTESIAN_POINT('',(-1.016,-3.81,2.54));
#7716 = LINE('',#7717,#7718);
#7717 = CARTESIAN_POINT('',(-1.27,-3.556,2.54));
#7718 = VECTOR('',#7719,1.);
#7719 = DIRECTION('',(0.707106781187,-0.707106781187,0.));
#7720 = ORIENTED_EDGE('',*,*,#7721,.T.);
#7721 = EDGE_CURVE('',#7714,#7722,#7724,.T.);
#7722 = VERTEX_POINT('',#7723);
#7723 = CARTESIAN_POINT('',(-1.27,-4.064,2.54));
#7724 = LINE('',#7725,#7726);
#7725 = CARTESIAN_POINT('',(-1.016,-3.81,2.54));
#7726 = VECTOR('',#7727,1.);
#7727 = DIRECTION('',(-0.707106781187,-0.707106781187,0.));
#7728 = ORIENTED_EDGE('',*,*,#7729,.T.);
#7729 = EDGE_CURVE('',#7722,#7730,#7732,.T.);
#7730 = VERTEX_POINT('',#7731);
#7731 = CARTESIAN_POINT('',(-1.27,-6.096,2.54));
#7732 = LINE('',#7733,#7734);
#7733 = CARTESIAN_POINT('',(-1.27,-4.064,2.54));
#7734 = VECTOR('',#7735,1.);
#7735 = DIRECTION('',(0.,-1.,0.));
#7736 = ORIENTED_EDGE('',*,*,#7737,.T.);
#7737 = EDGE_CURVE('',#7730,#7738,#7740,.T.);
#7738 = VERTEX_POINT('',#7739);
#7739 = CARTESIAN_POINT('',(-1.016,-6.35,2.54));
#7740 = LINE('',#7741,#7742);
#7741 = CARTESIAN_POINT('',(-1.27,-6.096,2.54));
#7742 = VECTOR('',#7743,1.);
#7743 = DIRECTION('',(0.707106781187,-0.707106781187,0.));
#7744 = ORIENTED_EDGE('',*,*,#7745,.T.);
#7745 = EDGE_CURVE('',#7738,#7746,#7748,.T.);
#7746 = VERTEX_POINT('',#7747);
#7747 = CARTESIAN_POINT('',(1.016,-6.35,2.54));
#7748 = LINE('',#7749,#7750);
#7749 = CARTESIAN_POINT('',(-1.016,-6.35,2.54));
#7750 = VECTOR('',#7751,1.);
#7751 = DIRECTION('',(1.,0.,0.));
#7752 = ORIENTED_EDGE('',*,*,#7753,.T.);
#7753 = EDGE_CURVE('',#7746,#7754,#7756,.T.);
#7754 = VERTEX_POINT('',#7755);
#7755 = CARTESIAN_POINT('',(1.27,-6.096,2.54));
#7756 = LINE('',#7757,#7758);
#7757 = CARTESIAN_POINT('',(1.016,-6.35,2.54));
#7758 = VECTOR('',#7759,1.);
#7759 = DIRECTION('',(0.707106781187,0.707106781187,0.));
#7760 = ORIENTED_EDGE('',*,*,#7761,.T.);
#7761 = EDGE_CURVE('',#7754,#7762,#7764,.T.);
#7762 = VERTEX_POINT('',#7763);
#7763 = CARTESIAN_POINT('',(1.27,-4.064,2.54));
#7764 = LINE('',#7765,#7766);
#7765 = CARTESIAN_POINT('',(1.27,-6.096,2.54));
#7766 = VECTOR('',#7767,1.);
#7767 = DIRECTION('',(0.,1.,0.));
#7768 = ORIENTED_EDGE('',*,*,#7769,.T.);
#7769 = EDGE_CURVE('',#7762,#7770,#7772,.T.);
#7770 = VERTEX_POINT('',#7771);
#7771 = CARTESIAN_POINT('',(1.016,-3.81,2.54));
#7772 = LINE('',#7773,#7774);
#7773 = CARTESIAN_POINT('',(1.27,-4.064,2.54));
#7774 = VECTOR('',#7775,1.);
#7775 = DIRECTION('',(-0.707106781187,0.707106781187,0.));
#7776 = ORIENTED_EDGE('',*,*,#7777,.T.);
#7777 = EDGE_CURVE('',#7770,#7778,#7780,.T.);
#7778 = VERTEX_POINT('',#7779);
#7779 = CARTESIAN_POINT('',(1.27,-3.556,2.54));
#7780 = LINE('',#7781,#7782);
#7781 = CARTESIAN_POINT('',(1.016,-3.81,2.54));
#7782 = VECTOR('',#7783,1.);
#7783 = DIRECTION('',(0.707106781187,0.707106781187,0.));
#7784 = ORIENTED_EDGE('',*,*,#7785,.T.);
#7785 = EDGE_CURVE('',#7778,#7786,#7788,.T.);
#7786 = VERTEX_POINT('',#7787);
#7787 = CARTESIAN_POINT('',(1.27,-1.524,2.54));
#7788 = LINE('',#7789,#7790);
#7789 = CARTESIAN_POINT('',(1.27,-3.556,2.54));
#7790 = VECTOR('',#7791,1.);
#7791 = DIRECTION('',(0.,1.,0.));
#7792 = ORIENTED_EDGE('',*,*,#7793,.T.);
#7793 = EDGE_CURVE('',#7786,#7794,#7796,.T.);
#7794 = VERTEX_POINT('',#7795);
#7795 = CARTESIAN_POINT('',(1.016,-1.27,2.54));
#7796 = LINE('',#7797,#7798);
#7797 = CARTESIAN_POINT('',(1.27,-1.524,2.54));
#7798 = VECTOR('',#7799,1.);
#7799 = DIRECTION('',(-0.707106781187,0.707106781187,0.));
#7800 = ORIENTED_EDGE('',*,*,#7801,.T.);
#7801 = EDGE_CURVE('',#7794,#7802,#7804,.T.);
#7802 = VERTEX_POINT('',#7803);
#7803 = CARTESIAN_POINT('',(1.27,-1.016,2.54));
#7804 = LINE('',#7805,#7806);
#7805 = CARTESIAN_POINT('',(1.016,-1.27,2.54));
#7806 = VECTOR('',#7807,1.);
#7807 = DIRECTION('',(0.707106781187,0.707106781187,0.));
#7808 = ORIENTED_EDGE('',*,*,#7809,.T.);
#7809 = EDGE_CURVE('',#7802,#7810,#7812,.T.);
#7810 = VERTEX_POINT('',#7811);
#7811 = CARTESIAN_POINT('',(1.27,1.016,2.54));
#7812 = LINE('',#7813,#7814);
#7813 = CARTESIAN_POINT('',(1.27,-1.016,2.54));
#7814 = VECTOR('',#7815,1.);
#7815 = DIRECTION('',(0.,1.,0.));
#7816 = ORIENTED_EDGE('',*,*,#7817,.T.);
#7817 = EDGE_CURVE('',#7810,#7381,#7818,.T.);
#7818 = LINE('',#7819,#7820);
#7819 = CARTESIAN_POINT('',(1.27,1.016,2.54));
#7820 = VECTOR('',#7821,1.);
#7821 = DIRECTION('',(-0.707106781187,0.707106781187,0.));
#7822 = ORIENTED_EDGE('',*,*,#7388,.T.);
#7823 = FACE_BOUND('',#7824,.T.);
#7824 = EDGE_LOOP('',(#7825,#7835,#7843,#7851));
#7825 = ORIENTED_EDGE('',*,*,#7826,.F.);
#7826 = EDGE_CURVE('',#7827,#7829,#7831,.T.);
#7827 = VERTEX_POINT('',#7828);
#7828 = CARTESIAN_POINT('',(0.32,-0.32,2.54));
#7829 = VERTEX_POINT('',#7830);
#7830 = CARTESIAN_POINT('',(0.32,0.32,2.54));
#7831 = LINE('',#7832,#7833);
#7832 = CARTESIAN_POINT('',(0.32,-1.43,2.54));
#7833 = VECTOR('',#7834,1.);
#7834 = DIRECTION('',(0.,1.,0.));
#7835 = ORIENTED_EDGE('',*,*,#7836,.T.);
#7836 = EDGE_CURVE('',#7827,#7837,#7839,.T.);
#7837 = VERTEX_POINT('',#7838);
#7838 = CARTESIAN_POINT('',(-0.32,-0.32,2.54));
#7839 = LINE('',#7840,#7841);
#7840 = CARTESIAN_POINT('',(-0.16,-0.32,2.54));
#7841 = VECTOR('',#7842,1.);
#7842 = DIRECTION('',(-1.,0.,0.));
#7843 = ORIENTED_EDGE('',*,*,#7844,.T.);
#7844 = EDGE_CURVE('',#7837,#7845,#7847,.T.);
#7845 = VERTEX_POINT('',#7846);
#7846 = CARTESIAN_POINT('',(-0.32,0.32,2.54));
#7847 = LINE('',#7848,#7849);
#7848 = CARTESIAN_POINT('',(-0.32,-1.43,2.54));
#7849 = VECTOR('',#7850,1.);
#7850 = DIRECTION('',(0.,1.,0.));
#7851 = ORIENTED_EDGE('',*,*,#7852,.F.);
#7852 = EDGE_CURVE('',#7829,#7845,#7853,.T.);
#7853 = LINE('',#7854,#7855);
#7854 = CARTESIAN_POINT('',(-0.16,0.32,2.54));
#7855 = VECTOR('',#7856,1.);
#7856 = DIRECTION('',(-1.,0.,0.));
#7857 = FACE_BOUND('',#7858,.T.);
#7858 = EDGE_LOOP('',(#7859,#7869,#7877,#7885));
#7859 = ORIENTED_EDGE('',*,*,#7860,.T.);
#7860 = EDGE_CURVE('',#7861,#7863,#7865,.T.);
#7861 = VERTEX_POINT('',#7862);
#7862 = CARTESIAN_POINT('',(0.32,-2.86,2.54));
#7863 = VERTEX_POINT('',#7864);
#7864 = CARTESIAN_POINT('',(-0.32,-2.86,2.54));
#7865 = LINE('',#7866,#7867);
#7866 = CARTESIAN_POINT('',(-0.16,-2.86,2.54));
#7867 = VECTOR('',#7868,1.);
#7868 = DIRECTION('',(-1.,0.,0.));
#7869 = ORIENTED_EDGE('',*,*,#7870,.T.);
#7870 = EDGE_CURVE('',#7863,#7871,#7873,.T.);
#7871 = VERTEX_POINT('',#7872);
#7872 = CARTESIAN_POINT('',(-0.32,-2.22,2.54));
#7873 = LINE('',#7874,#7875);
#7874 = CARTESIAN_POINT('',(-0.32,-2.7,2.54));
#7875 = VECTOR('',#7876,1.);
#7876 = DIRECTION('',(0.,1.,0.));
#7877 = ORIENTED_EDGE('',*,*,#7878,.F.);
#7878 = EDGE_CURVE('',#7879,#7871,#7881,.T.);
#7879 = VERTEX_POINT('',#7880);
#7880 = CARTESIAN_POINT('',(0.32,-2.22,2.54));
#7881 = LINE('',#7882,#7883);
#7882 = CARTESIAN_POINT('',(-0.16,-2.22,2.54));
#7883 = VECTOR('',#7884,1.);
#7884 = DIRECTION('',(-1.,0.,0.));
#7885 = ORIENTED_EDGE('',*,*,#7886,.F.);
#7886 = EDGE_CURVE('',#7861,#7879,#7887,.T.);
#7887 = LINE('',#7888,#7889);
#7888 = CARTESIAN_POINT('',(0.32,-2.7,2.54));
#7889 = VECTOR('',#7890,1.);
#7890 = DIRECTION('',(0.,1.,0.));
#7891 = FACE_BOUND('',#7892,.T.);
#7892 = EDGE_LOOP('',(#7893,#7903,#7911,#7919));
#7893 = ORIENTED_EDGE('',*,*,#7894,.F.);
#7894 = EDGE_CURVE('',#7895,#7897,#7899,.T.);
#7895 = VERTEX_POINT('',#7896);
#7896 = CARTESIAN_POINT('',(0.32,-4.76,2.54));
#7897 = VERTEX_POINT('',#7898);
#7898 = CARTESIAN_POINT('',(-0.32,-4.76,2.54));
#7899 = LINE('',#7900,#7901);
#7900 = CARTESIAN_POINT('',(-0.16,-4.76,2.54));
#7901 = VECTOR('',#7902,1.);
#7902 = DIRECTION('',(-1.,0.,0.));
#7903 = ORIENTED_EDGE('',*,*,#7904,.F.);
#7904 = EDGE_CURVE('',#7905,#7895,#7907,.T.);
#7905 = VERTEX_POINT('',#7906);
#7906 = CARTESIAN_POINT('',(0.32,-5.4,2.54));
#7907 = LINE('',#7908,#7909);
#7908 = CARTESIAN_POINT('',(0.32,-3.97,2.54));
#7909 = VECTOR('',#7910,1.);
#7910 = DIRECTION('',(0.,1.,0.));
#7911 = ORIENTED_EDGE('',*,*,#7912,.T.);
#7912 = EDGE_CURVE('',#7905,#7913,#7915,.T.);
#7913 = VERTEX_POINT('',#7914);
#7914 = CARTESIAN_POINT('',(-0.32,-5.4,2.54));
#7915 = LINE('',#7916,#7917);
#7916 = CARTESIAN_POINT('',(-0.16,-5.4,2.54));
#7917 = VECTOR('',#7918,1.);
#7918 = DIRECTION('',(-1.,0.,0.));
#7919 = ORIENTED_EDGE('',*,*,#7920,.T.);
#7920 = EDGE_CURVE('',#7913,#7897,#7921,.T.);
#7921 = LINE('',#7922,#7923);
#7922 = CARTESIAN_POINT('',(-0.32,-3.97,2.54));
#7923 = VECTOR('',#7924,1.);
#7924 = DIRECTION('',(0.,1.,0.));
#7925 = PLANE('',#7926);
#7926 = AXIS2_PLACEMENT_3D('',#7927,#7928,#7929);
#7927 = CARTESIAN_POINT('',(5.398204781459E-17,-2.54,2.54));
#7928 = DIRECTION('',(0.,0.,1.));
#7929 = DIRECTION('',(1.,0.,-0.));
#7930 = ADVANCED_FACE('',(#7931),#7942,.F.);
#7931 = FACE_BOUND('',#7932,.F.);
#7932 = EDGE_LOOP('',(#7933,#7939,#7940,#7941));
#7933 = ORIENTED_EDGE('',*,*,#7934,.T.);
#7934 = EDGE_CURVE('',#7563,#7810,#7935,.T.);
#7935 = LINE('',#7936,#7937);
#7936 = CARTESIAN_POINT('',(1.27,1.016,0.));
#7937 = VECTOR('',#7938,1.);
#7938 = DIRECTION('',(0.,0.,1.));
#7939 = ORIENTED_EDGE('',*,*,#7817,.T.);
#7940 = ORIENTED_EDGE('',*,*,#7378,.F.);
#7941 = ORIENTED_EDGE('',*,*,#7570,.F.);
#7942 = PLANE('',#7943);
#7943 = AXIS2_PLACEMENT_3D('',#7944,#7945,#7946);
#7944 = CARTESIAN_POINT('',(1.27,1.016,0.));
#7945 = DIRECTION('',(-0.707106781187,-0.707106781187,0.));
#7946 = DIRECTION('',(-0.707106781187,0.707106781187,0.));
#7947 = ADVANCED_FACE('',(#7948),#7959,.F.);
#7948 = FACE_BOUND('',#7949,.F.);
#7949 = EDGE_LOOP('',(#7950,#7951,#7952,#7958));
#7950 = ORIENTED_EDGE('',*,*,#7418,.T.);
#7951 = ORIENTED_EDGE('',*,*,#7689,.T.);
#7952 = ORIENTED_EDGE('',*,*,#7953,.F.);
#7953 = EDGE_CURVE('',#7443,#7690,#7954,.T.);
#7954 = LINE('',#7955,#7956);
#7955 = CARTESIAN_POINT('',(-1.016,-1.27,0.));
#7956 = VECTOR('',#7957,1.);
#7957 = DIRECTION('',(0.,0.,1.));
#7958 = ORIENTED_EDGE('',*,*,#7442,.F.);
#7959 = PLANE('',#7960);
#7960 = AXIS2_PLACEMENT_3D('',#7961,#7962,#7963);
#7961 = CARTESIAN_POINT('',(-1.27,-1.016,0.));
#7962 = DIRECTION('',(0.707106781187,0.707106781187,0.));
#7963 = DIRECTION('',(0.707106781187,-0.707106781187,0.));
#7964 = ADVANCED_FACE('',(#7965),#7976,.F.);
#7965 = FACE_BOUND('',#7966,.F.);
#7966 = EDGE_LOOP('',(#7967,#7973,#7974,#7975));
#7967 = ORIENTED_EDGE('',*,*,#7968,.T.);
#7968 = EDGE_CURVE('',#7555,#7802,#7969,.T.);
#7969 = LINE('',#7970,#7971);
#7970 = CARTESIAN_POINT('',(1.27,-1.016,0.));
#7971 = VECTOR('',#7972,1.);
#7972 = DIRECTION('',(0.,0.,1.));
#7973 = ORIENTED_EDGE('',*,*,#7809,.T.);
#7974 = ORIENTED_EDGE('',*,*,#7934,.F.);
#7975 = ORIENTED_EDGE('',*,*,#7562,.F.);
#7976 = PLANE('',#7977);
#7977 = AXIS2_PLACEMENT_3D('',#7978,#7979,#7980);
#7978 = CARTESIAN_POINT('',(1.27,-1.016,0.));
#7979 = DIRECTION('',(-1.,0.,0.));
#7980 = DIRECTION('',(0.,1.,0.));
#7981 = ADVANCED_FACE('',(#7982),#7993,.F.);
#7982 = FACE_BOUND('',#7983,.F.);
#7983 = EDGE_LOOP('',(#7984,#7985,#7986,#7992));
#7984 = ORIENTED_EDGE('',*,*,#7953,.T.);
#7985 = ORIENTED_EDGE('',*,*,#7697,.T.);
#7986 = ORIENTED_EDGE('',*,*,#7987,.F.);
#7987 = EDGE_CURVE('',#7451,#7698,#7988,.T.);
#7988 = LINE('',#7989,#7990);
#7989 = CARTESIAN_POINT('',(-1.27,-1.524,0.));
#7990 = VECTOR('',#7991,1.);
#7991 = DIRECTION('',(0.,0.,1.));
#7992 = ORIENTED_EDGE('',*,*,#7450,.F.);
#7993 = PLANE('',#7994);
#7994 = AXIS2_PLACEMENT_3D('',#7995,#7996,#7997);
#7995 = CARTESIAN_POINT('',(-1.016,-1.27,0.));
#7996 = DIRECTION('',(0.707106781187,-0.707106781187,0.));
#7997 = DIRECTION('',(-0.707106781187,-0.707106781187,0.));
#7998 = ADVANCED_FACE('',(#7999),#8010,.F.);
#7999 = FACE_BOUND('',#8000,.F.);
#8000 = EDGE_LOOP('',(#8001,#8007,#8008,#8009));
#8001 = ORIENTED_EDGE('',*,*,#8002,.T.);
#8002 = EDGE_CURVE('',#7547,#7794,#8003,.T.);
#8003 = LINE('',#8004,#8005);
#8004 = CARTESIAN_POINT('',(1.016,-1.27,0.));
#8005 = VECTOR('',#8006,1.);
#8006 = DIRECTION('',(0.,0.,1.));
#8007 = ORIENTED_EDGE('',*,*,#7801,.T.);
#8008 = ORIENTED_EDGE('',*,*,#7968,.F.);
#8009 = ORIENTED_EDGE('',*,*,#7554,.F.);
#8010 = PLANE('',#8011);
#8011 = AXIS2_PLACEMENT_3D('',#8012,#8013,#8014);
#8012 = CARTESIAN_POINT('',(1.016,-1.27,0.));
#8013 = DIRECTION('',(-0.707106781187,0.707106781187,0.));
#8014 = DIRECTION('',(0.707106781187,0.707106781187,0.));
#8015 = ADVANCED_FACE('',(#8016),#8027,.F.);
#8016 = FACE_BOUND('',#8017,.F.);
#8017 = EDGE_LOOP('',(#8018,#8019,#8020,#8026));
#8018 = ORIENTED_EDGE('',*,*,#7987,.T.);
#8019 = ORIENTED_EDGE('',*,*,#7705,.T.);
#8020 = ORIENTED_EDGE('',*,*,#8021,.F.);
#8021 = EDGE_CURVE('',#7459,#7706,#8022,.T.);
#8022 = LINE('',#8023,#8024);
#8023 = CARTESIAN_POINT('',(-1.27,-3.556,0.));
#8024 = VECTOR('',#8025,1.);
#8025 = DIRECTION('',(0.,0.,1.));
#8026 = ORIENTED_EDGE('',*,*,#7458,.F.);
#8027 = PLANE('',#8028);
#8028 = AXIS2_PLACEMENT_3D('',#8029,#8030,#8031);
#8029 = CARTESIAN_POINT('',(-1.27,-1.524,0.));
#8030 = DIRECTION('',(1.,0.,0.));
#8031 = DIRECTION('',(0.,-1.,0.));
#8032 = ADVANCED_FACE('',(#8033),#8044,.F.);
#8033 = FACE_BOUND('',#8034,.F.);
#8034 = EDGE_LOOP('',(#8035,#8041,#8042,#8043));
#8035 = ORIENTED_EDGE('',*,*,#8036,.T.);
#8036 = EDGE_CURVE('',#7539,#7786,#8037,.T.);
#8037 = LINE('',#8038,#8039);
#8038 = CARTESIAN_POINT('',(1.27,-1.524,0.));
#8039 = VECTOR('',#8040,1.);
#8040 = DIRECTION('',(0.,0.,1.));
#8041 = ORIENTED_EDGE('',*,*,#7793,.T.);
#8042 = ORIENTED_EDGE('',*,*,#8002,.F.);
#8043 = ORIENTED_EDGE('',*,*,#7546,.F.);
#8044 = PLANE('',#8045);
#8045 = AXIS2_PLACEMENT_3D('',#8046,#8047,#8048);
#8046 = CARTESIAN_POINT('',(1.27,-1.524,0.));
#8047 = DIRECTION('',(-0.707106781187,-0.707106781187,0.));
#8048 = DIRECTION('',(-0.707106781187,0.707106781187,0.));
#8049 = ADVANCED_FACE('',(#8050),#8061,.F.);
#8050 = FACE_BOUND('',#8051,.F.);
#8051 = EDGE_LOOP('',(#8052,#8053,#8054,#8060));
#8052 = ORIENTED_EDGE('',*,*,#8021,.T.);
#8053 = ORIENTED_EDGE('',*,*,#7713,.T.);
#8054 = ORIENTED_EDGE('',*,*,#8055,.F.);
#8055 = EDGE_CURVE('',#7467,#7714,#8056,.T.);
#8056 = LINE('',#8057,#8058);
#8057 = CARTESIAN_POINT('',(-1.016,-3.81,0.));
#8058 = VECTOR('',#8059,1.);
#8059 = DIRECTION('',(0.,0.,1.));
#8060 = ORIENTED_EDGE('',*,*,#7466,.F.);
#8061 = PLANE('',#8062);
#8062 = AXIS2_PLACEMENT_3D('',#8063,#8064,#8065);
#8063 = CARTESIAN_POINT('',(-1.27,-3.556,0.));
#8064 = DIRECTION('',(0.707106781187,0.707106781187,0.));
#8065 = DIRECTION('',(0.707106781187,-0.707106781187,0.));
#8066 = ADVANCED_FACE('',(#8067),#8078,.F.);
#8067 = FACE_BOUND('',#8068,.F.);
#8068 = EDGE_LOOP('',(#8069,#8075,#8076,#8077));
#8069 = ORIENTED_EDGE('',*,*,#8070,.T.);
#8070 = EDGE_CURVE('',#7531,#7778,#8071,.T.);
#8071 = LINE('',#8072,#8073);
#8072 = CARTESIAN_POINT('',(1.27,-3.556,0.));
#8073 = VECTOR('',#8074,1.);
#8074 = DIRECTION('',(0.,0.,1.));
#8075 = ORIENTED_EDGE('',*,*,#7785,.T.);
#8076 = ORIENTED_EDGE('',*,*,#8036,.F.);
#8077 = ORIENTED_EDGE('',*,*,#7538,.F.);
#8078 = PLANE('',#8079);
#8079 = AXIS2_PLACEMENT_3D('',#8080,#8081,#8082);
#8080 = CARTESIAN_POINT('',(1.27,-3.556,0.));
#8081 = DIRECTION('',(-1.,0.,0.));
#8082 = DIRECTION('',(0.,1.,0.));
#8083 = ADVANCED_FACE('',(#8084),#8095,.F.);
#8084 = FACE_BOUND('',#8085,.F.);
#8085 = EDGE_LOOP('',(#8086,#8087,#8088,#8094));
#8086 = ORIENTED_EDGE('',*,*,#8055,.T.);
#8087 = ORIENTED_EDGE('',*,*,#7721,.T.);
#8088 = ORIENTED_EDGE('',*,*,#8089,.F.);
#8089 = EDGE_CURVE('',#7475,#7722,#8090,.T.);
#8090 = LINE('',#8091,#8092);
#8091 = CARTESIAN_POINT('',(-1.27,-4.064,0.));
#8092 = VECTOR('',#8093,1.);
#8093 = DIRECTION('',(0.,0.,1.));
#8094 = ORIENTED_EDGE('',*,*,#7474,.F.);
#8095 = PLANE('',#8096);
#8096 = AXIS2_PLACEMENT_3D('',#8097,#8098,#8099);
#8097 = CARTESIAN_POINT('',(-1.016,-3.81,0.));
#8098 = DIRECTION('',(0.707106781187,-0.707106781187,0.));
#8099 = DIRECTION('',(-0.707106781187,-0.707106781187,0.));
#8100 = ADVANCED_FACE('',(#8101),#8112,.F.);
#8101 = FACE_BOUND('',#8102,.F.);
#8102 = EDGE_LOOP('',(#8103,#8109,#8110,#8111));
#8103 = ORIENTED_EDGE('',*,*,#8104,.T.);
#8104 = EDGE_CURVE('',#7523,#7770,#8105,.T.);
#8105 = LINE('',#8106,#8107);
#8106 = CARTESIAN_POINT('',(1.016,-3.81,0.));
#8107 = VECTOR('',#8108,1.);
#8108 = DIRECTION('',(0.,0.,1.));
#8109 = ORIENTED_EDGE('',*,*,#7777,.T.);
#8110 = ORIENTED_EDGE('',*,*,#8070,.F.);
#8111 = ORIENTED_EDGE('',*,*,#7530,.F.);
#8112 = PLANE('',#8113);
#8113 = AXIS2_PLACEMENT_3D('',#8114,#8115,#8116);
#8114 = CARTESIAN_POINT('',(1.016,-3.81,0.));
#8115 = DIRECTION('',(-0.707106781187,0.707106781187,0.));
#8116 = DIRECTION('',(0.707106781187,0.707106781187,0.));
#8117 = ADVANCED_FACE('',(#8118),#8129,.F.);
#8118 = FACE_BOUND('',#8119,.F.);
#8119 = EDGE_LOOP('',(#8120,#8121,#8122,#8128));
#8120 = ORIENTED_EDGE('',*,*,#8089,.T.);
#8121 = ORIENTED_EDGE('',*,*,#7729,.T.);
#8122 = ORIENTED_EDGE('',*,*,#8123,.F.);
#8123 = EDGE_CURVE('',#7483,#7730,#8124,.T.);
#8124 = LINE('',#8125,#8126);
#8125 = CARTESIAN_POINT('',(-1.27,-6.096,0.));
#8126 = VECTOR('',#8127,1.);
#8127 = DIRECTION('',(0.,0.,1.));
#8128 = ORIENTED_EDGE('',*,*,#7482,.F.);
#8129 = PLANE('',#8130);
#8130 = AXIS2_PLACEMENT_3D('',#8131,#8132,#8133);
#8131 = CARTESIAN_POINT('',(-1.27,-4.064,0.));
#8132 = DIRECTION('',(1.,0.,0.));
#8133 = DIRECTION('',(0.,-1.,0.));
#8134 = ADVANCED_FACE('',(#8135),#8146,.F.);
#8135 = FACE_BOUND('',#8136,.F.);
#8136 = EDGE_LOOP('',(#8137,#8143,#8144,#8145));
#8137 = ORIENTED_EDGE('',*,*,#8138,.T.);
#8138 = EDGE_CURVE('',#7515,#7762,#8139,.T.);
#8139 = LINE('',#8140,#8141);
#8140 = CARTESIAN_POINT('',(1.27,-4.064,0.));
#8141 = VECTOR('',#8142,1.);
#8142 = DIRECTION('',(0.,0.,1.));
#8143 = ORIENTED_EDGE('',*,*,#7769,.T.);
#8144 = ORIENTED_EDGE('',*,*,#8104,.F.);
#8145 = ORIENTED_EDGE('',*,*,#7522,.F.);
#8146 = PLANE('',#8147);
#8147 = AXIS2_PLACEMENT_3D('',#8148,#8149,#8150);
#8148 = CARTESIAN_POINT('',(1.27,-4.064,0.));
#8149 = DIRECTION('',(-0.707106781187,-0.707106781187,0.));
#8150 = DIRECTION('',(-0.707106781187,0.707106781187,0.));
#8151 = ADVANCED_FACE('',(#8152),#8163,.F.);
#8152 = FACE_BOUND('',#8153,.F.);
#8153 = EDGE_LOOP('',(#8154,#8155,#8156,#8162));
#8154 = ORIENTED_EDGE('',*,*,#8123,.T.);
#8155 = ORIENTED_EDGE('',*,*,#7737,.T.);
#8156 = ORIENTED_EDGE('',*,*,#8157,.F.);
#8157 = EDGE_CURVE('',#7491,#7738,#8158,.T.);
#8158 = LINE('',#8159,#8160);
#8159 = CARTESIAN_POINT('',(-1.016,-6.35,0.));
#8160 = VECTOR('',#8161,1.);
#8161 = DIRECTION('',(0.,0.,1.));
#8162 = ORIENTED_EDGE('',*,*,#7490,.F.);
#8163 = PLANE('',#8164);
#8164 = AXIS2_PLACEMENT_3D('',#8165,#8166,#8167);
#8165 = CARTESIAN_POINT('',(-1.27,-6.096,0.));
#8166 = DIRECTION('',(0.707106781187,0.707106781187,0.));
#8167 = DIRECTION('',(0.707106781187,-0.707106781187,0.));
#8168 = ADVANCED_FACE('',(#8169),#8180,.F.);
#8169 = FACE_BOUND('',#8170,.F.);
#8170 = EDGE_LOOP('',(#8171,#8177,#8178,#8179));
#8171 = ORIENTED_EDGE('',*,*,#8172,.T.);
#8172 = EDGE_CURVE('',#7507,#7754,#8173,.T.);
#8173 = LINE('',#8174,#8175);
#8174 = CARTESIAN_POINT('',(1.27,-6.096,0.));
#8175 = VECTOR('',#8176,1.);
#8176 = DIRECTION('',(0.,0.,1.));
#8177 = ORIENTED_EDGE('',*,*,#7761,.T.);
#8178 = ORIENTED_EDGE('',*,*,#8138,.F.);
#8179 = ORIENTED_EDGE('',*,*,#7514,.F.);
#8180 = PLANE('',#8181);
#8181 = AXIS2_PLACEMENT_3D('',#8182,#8183,#8184);
#8182 = CARTESIAN_POINT('',(1.27,-6.096,0.));
#8183 = DIRECTION('',(-1.,0.,0.));
#8184 = DIRECTION('',(0.,1.,0.));
#8185 = ADVANCED_FACE('',(#8186),#8197,.F.);
#8186 = FACE_BOUND('',#8187,.F.);
#8187 = EDGE_LOOP('',(#8188,#8189,#8190,#8196));
#8188 = ORIENTED_EDGE('',*,*,#8157,.T.);
#8189 = ORIENTED_EDGE('',*,*,#7745,.T.);
#8190 = ORIENTED_EDGE('',*,*,#8191,.F.);
#8191 = EDGE_CURVE('',#7499,#7746,#8192,.T.);
#8192 = LINE('',#8193,#8194);
#8193 = CARTESIAN_POINT('',(1.016,-6.35,0.));
#8194 = VECTOR('',#8195,1.);
#8195 = DIRECTION('',(0.,0.,1.));
#8196 = ORIENTED_EDGE('',*,*,#7498,.F.);
#8197 = PLANE('',#8198);
#8198 = AXIS2_PLACEMENT_3D('',#8199,#8200,#8201);
#8199 = CARTESIAN_POINT('',(-1.016,-6.35,0.));
#8200 = DIRECTION('',(0.,1.,0.));
#8201 = DIRECTION('',(1.,0.,0.));
#8202 = ADVANCED_FACE('',(#8203),#8209,.F.);
#8203 = FACE_BOUND('',#8204,.F.);
#8204 = EDGE_LOOP('',(#8205,#8206,#8207,#8208));
#8205 = ORIENTED_EDGE('',*,*,#8191,.T.);
#8206 = ORIENTED_EDGE('',*,*,#7753,.T.);
#8207 = ORIENTED_EDGE('',*,*,#8172,.F.);
#8208 = ORIENTED_EDGE('',*,*,#7506,.F.);
#8209 = PLANE('',#8210);
#8210 = AXIS2_PLACEMENT_3D('',#8211,#8212,#8213);
#8211 = CARTESIAN_POINT('',(1.016,-6.35,0.));
#8212 = DIRECTION('',(-0.707106781187,0.707106781187,0.));
#8213 = DIRECTION('',(0.707106781187,0.707106781187,0.));
#8214 = ADVANCED_FACE('',(#8215),#8240,.T.);
#8215 = FACE_BOUND('',#8216,.T.);
#8216 = EDGE_LOOP('',(#8217,#8225,#8233,#8239));
#8217 = ORIENTED_EDGE('',*,*,#8218,.F.);
#8218 = EDGE_CURVE('',#8219,#7580,#8221,.T.);
#8219 = VERTEX_POINT('',#8220);
#8220 = CARTESIAN_POINT('',(0.32,-0.32,-2.84));
#8221 = LINE('',#8222,#8223);
#8222 = CARTESIAN_POINT('',(0.32,-0.32,-3.));
#8223 = VECTOR('',#8224,1.);
#8224 = DIRECTION('',(0.,0.,1.));
#8225 = ORIENTED_EDGE('',*,*,#8226,.T.);
#8226 = EDGE_CURVE('',#8219,#8227,#8229,.T.);
#8227 = VERTEX_POINT('',#8228);
#8228 = CARTESIAN_POINT('',(0.32,0.32,-2.84));
#8229 = LINE('',#8230,#8231);
#8230 = CARTESIAN_POINT('',(0.32,-0.32,-2.84));
#8231 = VECTOR('',#8232,1.);
#8232 = DIRECTION('',(0.,1.,0.));
#8233 = ORIENTED_EDGE('',*,*,#8234,.T.);
#8234 = EDGE_CURVE('',#8227,#7582,#8235,.T.);
#8235 = LINE('',#8236,#8237);
#8236 = CARTESIAN_POINT('',(0.32,0.32,-3.));
#8237 = VECTOR('',#8238,1.);
#8238 = DIRECTION('',(0.,0.,1.));
#8239 = ORIENTED_EDGE('',*,*,#7579,.F.);
#8240 = PLANE('',#8241);
#8241 = AXIS2_PLACEMENT_3D('',#8242,#8243,#8244);
#8242 = CARTESIAN_POINT('',(0.32,-0.32,-3.));
#8243 = DIRECTION('',(1.,0.,0.));
#8244 = DIRECTION('',(0.,0.,1.));
#8245 = ADVANCED_FACE('',(#8246),#8264,.T.);
#8246 = FACE_BOUND('',#8247,.T.);
#8247 = EDGE_LOOP('',(#8248,#8249,#8257,#8263));
#8248 = ORIENTED_EDGE('',*,*,#8234,.F.);
#8249 = ORIENTED_EDGE('',*,*,#8250,.F.);
#8250 = EDGE_CURVE('',#8251,#8227,#8253,.T.);
#8251 = VERTEX_POINT('',#8252);
#8252 = CARTESIAN_POINT('',(-0.32,0.32,-2.84));
#8253 = LINE('',#8254,#8255);
#8254 = CARTESIAN_POINT('',(-0.32,0.32,-2.84));
#8255 = VECTOR('',#8256,1.);
#8256 = DIRECTION('',(1.,0.,0.));
#8257 = ORIENTED_EDGE('',*,*,#8258,.T.);
#8258 = EDGE_CURVE('',#8251,#7598,#8259,.T.);
#8259 = LINE('',#8260,#8261);
#8260 = CARTESIAN_POINT('',(-0.32,0.32,-3.));
#8261 = VECTOR('',#8262,1.);
#8262 = DIRECTION('',(0.,0.,1.));
#8263 = ORIENTED_EDGE('',*,*,#7605,.F.);
#8264 = PLANE('',#8265);
#8265 = AXIS2_PLACEMENT_3D('',#8266,#8267,#8268);
#8266 = CARTESIAN_POINT('',(-0.32,0.32,-3.));
#8267 = DIRECTION('',(0.,1.,0.));
#8268 = DIRECTION('',(0.,-0.,1.));
#8269 = ADVANCED_FACE('',(#8270),#8288,.F.);
#8270 = FACE_BOUND('',#8271,.F.);
#8271 = EDGE_LOOP('',(#8272,#8280,#8286,#8287));
#8272 = ORIENTED_EDGE('',*,*,#8273,.F.);
#8273 = EDGE_CURVE('',#8274,#7590,#8276,.T.);
#8274 = VERTEX_POINT('',#8275);
#8275 = CARTESIAN_POINT('',(-0.32,-0.32,-2.84));
#8276 = LINE('',#8277,#8278);
#8277 = CARTESIAN_POINT('',(-0.32,-0.32,-3.));
#8278 = VECTOR('',#8279,1.);
#8279 = DIRECTION('',(0.,0.,1.));
#8280 = ORIENTED_EDGE('',*,*,#8281,.T.);
#8281 = EDGE_CURVE('',#8274,#8251,#8282,.T.);
#8282 = LINE('',#8283,#8284);
#8283 = CARTESIAN_POINT('',(-0.32,-0.32,-2.84));
#8284 = VECTOR('',#8285,1.);
#8285 = DIRECTION('',(0.,1.,0.));
#8286 = ORIENTED_EDGE('',*,*,#8258,.T.);
#8287 = ORIENTED_EDGE('',*,*,#7597,.F.);
#8288 = PLANE('',#8289);
#8289 = AXIS2_PLACEMENT_3D('',#8290,#8291,#8292);
#8290 = CARTESIAN_POINT('',(-0.32,-0.32,-3.));
#8291 = DIRECTION('',(1.,0.,0.));
#8292 = DIRECTION('',(0.,0.,1.));
#8293 = ADVANCED_FACE('',(#8294),#8305,.F.);
#8294 = FACE_BOUND('',#8295,.F.);
#8295 = EDGE_LOOP('',(#8296,#8297,#8303,#8304));
#8296 = ORIENTED_EDGE('',*,*,#8218,.F.);
#8297 = ORIENTED_EDGE('',*,*,#8298,.F.);
#8298 = EDGE_CURVE('',#8274,#8219,#8299,.T.);
#8299 = LINE('',#8300,#8301);
#8300 = CARTESIAN_POINT('',(-0.32,-0.32,-2.84));
#8301 = VECTOR('',#8302,1.);
#8302 = DIRECTION('',(1.,0.,0.));
#8303 = ORIENTED_EDGE('',*,*,#8273,.T.);
#8304 = ORIENTED_EDGE('',*,*,#7589,.F.);
#8305 = PLANE('',#8306);
#8306 = AXIS2_PLACEMENT_3D('',#8307,#8308,#8309);
#8307 = CARTESIAN_POINT('',(-0.32,-0.32,-3.));
#8308 = DIRECTION('',(0.,1.,0.));
#8309 = DIRECTION('',(0.,-0.,1.));
#8310 = ADVANCED_FACE('',(#8311),#8336,.F.);
#8311 = FACE_BOUND('',#8312,.F.);
#8312 = EDGE_LOOP('',(#8313,#8321,#8329,#8335));
#8313 = ORIENTED_EDGE('',*,*,#8314,.F.);
#8314 = EDGE_CURVE('',#8315,#7614,#8317,.T.);
#8315 = VERTEX_POINT('',#8316);
#8316 = CARTESIAN_POINT('',(0.32,-2.86,-2.84));
#8317 = LINE('',#8318,#8319);
#8318 = CARTESIAN_POINT('',(0.32,-2.86,-3.));
#8319 = VECTOR('',#8320,1.);
#8320 = DIRECTION('',(0.,0.,1.));
#8321 = ORIENTED_EDGE('',*,*,#8322,.F.);
#8322 = EDGE_CURVE('',#8323,#8315,#8325,.T.);
#8323 = VERTEX_POINT('',#8324);
#8324 = CARTESIAN_POINT('',(-0.32,-2.86,-2.84));
#8325 = LINE('',#8326,#8327);
#8326 = CARTESIAN_POINT('',(-0.32,-2.86,-2.84));
#8327 = VECTOR('',#8328,1.);
#8328 = DIRECTION('',(1.,0.,0.));
#8329 = ORIENTED_EDGE('',*,*,#8330,.T.);
#8330 = EDGE_CURVE('',#8323,#7616,#8331,.T.);
#8331 = LINE('',#8332,#8333);
#8332 = CARTESIAN_POINT('',(-0.32,-2.86,-3.));
#8333 = VECTOR('',#8334,1.);
#8334 = DIRECTION('',(0.,0.,1.));
#8335 = ORIENTED_EDGE('',*,*,#7613,.F.);
#8336 = PLANE('',#8337);
#8337 = AXIS2_PLACEMENT_3D('',#8338,#8339,#8340);
#8338 = CARTESIAN_POINT('',(-0.32,-2.86,-3.));
#8339 = DIRECTION('',(0.,1.,0.));
#8340 = DIRECTION('',(0.,-0.,1.));
#8341 = ADVANCED_FACE('',(#8342),#8360,.T.);
#8342 = FACE_BOUND('',#8343,.T.);
#8343 = EDGE_LOOP('',(#8344,#8345,#8353,#8359));
#8344 = ORIENTED_EDGE('',*,*,#8314,.F.);
#8345 = ORIENTED_EDGE('',*,*,#8346,.T.);
#8346 = EDGE_CURVE('',#8315,#8347,#8349,.T.);
#8347 = VERTEX_POINT('',#8348);
#8348 = CARTESIAN_POINT('',(0.32,-2.22,-2.84));
#8349 = LINE('',#8350,#8351);
#8350 = CARTESIAN_POINT('',(0.32,-2.86,-2.84));
#8351 = VECTOR('',#8352,1.);
#8352 = DIRECTION('',(0.,1.,0.));
#8353 = ORIENTED_EDGE('',*,*,#8354,.T.);
#8354 = EDGE_CURVE('',#8347,#7632,#8355,.T.);
#8355 = LINE('',#8356,#8357);
#8356 = CARTESIAN_POINT('',(0.32,-2.22,-3.));
#8357 = VECTOR('',#8358,1.);
#8358 = DIRECTION('',(0.,0.,1.));
#8359 = ORIENTED_EDGE('',*,*,#7639,.F.);
#8360 = PLANE('',#8361);
#8361 = AXIS2_PLACEMENT_3D('',#8362,#8363,#8364);
#8362 = CARTESIAN_POINT('',(0.32,-2.86,-3.));
#8363 = DIRECTION('',(1.,0.,0.));
#8364 = DIRECTION('',(0.,0.,1.));
#8365 = ADVANCED_FACE('',(#8366),#8384,.T.);
#8366 = FACE_BOUND('',#8367,.T.);
#8367 = EDGE_LOOP('',(#8368,#8369,#8377,#8383));
#8368 = ORIENTED_EDGE('',*,*,#8354,.F.);
#8369 = ORIENTED_EDGE('',*,*,#8370,.F.);
#8370 = EDGE_CURVE('',#8371,#8347,#8373,.T.);
#8371 = VERTEX_POINT('',#8372);
#8372 = CARTESIAN_POINT('',(-0.32,-2.22,-2.84));
#8373 = LINE('',#8374,#8375);
#8374 = CARTESIAN_POINT('',(-0.32,-2.22,-2.84));
#8375 = VECTOR('',#8376,1.);
#8376 = DIRECTION('',(1.,0.,0.));
#8377 = ORIENTED_EDGE('',*,*,#8378,.T.);
#8378 = EDGE_CURVE('',#8371,#7624,#8379,.T.);
#8379 = LINE('',#8380,#8381);
#8380 = CARTESIAN_POINT('',(-0.32,-2.22,-3.));
#8381 = VECTOR('',#8382,1.);
#8382 = DIRECTION('',(0.,0.,1.));
#8383 = ORIENTED_EDGE('',*,*,#7631,.F.);
#8384 = PLANE('',#8385);
#8385 = AXIS2_PLACEMENT_3D('',#8386,#8387,#8388);
#8386 = CARTESIAN_POINT('',(-0.32,-2.22,-3.));
#8387 = DIRECTION('',(0.,1.,0.));
#8388 = DIRECTION('',(0.,-0.,1.));
#8389 = ADVANCED_FACE('',(#8390),#8401,.F.);
#8390 = FACE_BOUND('',#8391,.F.);
#8391 = EDGE_LOOP('',(#8392,#8393,#8399,#8400));
#8392 = ORIENTED_EDGE('',*,*,#8330,.F.);
#8393 = ORIENTED_EDGE('',*,*,#8394,.T.);
#8394 = EDGE_CURVE('',#8323,#8371,#8395,.T.);
#8395 = LINE('',#8396,#8397);
#8396 = CARTESIAN_POINT('',(-0.32,-2.86,-2.84));
#8397 = VECTOR('',#8398,1.);
#8398 = DIRECTION('',(0.,1.,0.));
#8399 = ORIENTED_EDGE('',*,*,#8378,.T.);
#8400 = ORIENTED_EDGE('',*,*,#7623,.F.);
#8401 = PLANE('',#8402);
#8402 = AXIS2_PLACEMENT_3D('',#8403,#8404,#8405);
#8403 = CARTESIAN_POINT('',(-0.32,-2.86,-3.));
#8404 = DIRECTION('',(1.,0.,0.));
#8405 = DIRECTION('',(0.,0.,1.));
#8406 = ADVANCED_FACE('',(#8407),#8432,.T.);
#8407 = FACE_BOUND('',#8408,.T.);
#8408 = EDGE_LOOP('',(#8409,#8417,#8425,#8431));
#8409 = ORIENTED_EDGE('',*,*,#8410,.F.);
#8410 = EDGE_CURVE('',#8411,#7648,#8413,.T.);
#8411 = VERTEX_POINT('',#8412);
#8412 = CARTESIAN_POINT('',(0.32,-4.76,-2.84));
#8413 = LINE('',#8414,#8415);
#8414 = CARTESIAN_POINT('',(0.32,-4.76,-3.));
#8415 = VECTOR('',#8416,1.);
#8416 = DIRECTION('',(0.,0.,1.));
#8417 = ORIENTED_EDGE('',*,*,#8418,.F.);
#8418 = EDGE_CURVE('',#8419,#8411,#8421,.T.);
#8419 = VERTEX_POINT('',#8420);
#8420 = CARTESIAN_POINT('',(-0.32,-4.76,-2.84));
#8421 = LINE('',#8422,#8423);
#8422 = CARTESIAN_POINT('',(-0.32,-4.76,-2.84));
#8423 = VECTOR('',#8424,1.);
#8424 = DIRECTION('',(1.,0.,0.));
#8425 = ORIENTED_EDGE('',*,*,#8426,.T.);
#8426 = EDGE_CURVE('',#8419,#7650,#8427,.T.);
#8427 = LINE('',#8428,#8429);
#8428 = CARTESIAN_POINT('',(-0.32,-4.76,-3.));
#8429 = VECTOR('',#8430,1.);
#8430 = DIRECTION('',(0.,0.,1.));
#8431 = ORIENTED_EDGE('',*,*,#7647,.F.);
#8432 = PLANE('',#8433);
#8433 = AXIS2_PLACEMENT_3D('',#8434,#8435,#8436);
#8434 = CARTESIAN_POINT('',(-0.32,-4.76,-3.));
#8435 = DIRECTION('',(0.,1.,0.));
#8436 = DIRECTION('',(0.,-0.,1.));
#8437 = ADVANCED_FACE('',(#8438),#8456,.F.);
#8438 = FACE_BOUND('',#8439,.F.);
#8439 = EDGE_LOOP('',(#8440,#8448,#8454,#8455));
#8440 = ORIENTED_EDGE('',*,*,#8441,.F.);
#8441 = EDGE_CURVE('',#8442,#7666,#8444,.T.);
#8442 = VERTEX_POINT('',#8443);
#8443 = CARTESIAN_POINT('',(-0.32,-5.4,-2.84));
#8444 = LINE('',#8445,#8446);
#8445 = CARTESIAN_POINT('',(-0.32,-5.4,-3.));
#8446 = VECTOR('',#8447,1.);
#8447 = DIRECTION('',(0.,0.,1.));
#8448 = ORIENTED_EDGE('',*,*,#8449,.T.);
#8449 = EDGE_CURVE('',#8442,#8419,#8450,.T.);
#8450 = LINE('',#8451,#8452);
#8451 = CARTESIAN_POINT('',(-0.32,-5.4,-2.84));
#8452 = VECTOR('',#8453,1.);
#8453 = DIRECTION('',(0.,1.,0.));
#8454 = ORIENTED_EDGE('',*,*,#8426,.T.);
#8455 = ORIENTED_EDGE('',*,*,#7673,.F.);
#8456 = PLANE('',#8457);
#8457 = AXIS2_PLACEMENT_3D('',#8458,#8459,#8460);
#8458 = CARTESIAN_POINT('',(-0.32,-5.4,-3.));
#8459 = DIRECTION('',(1.,0.,0.));
#8460 = DIRECTION('',(0.,0.,1.));
#8461 = ADVANCED_FACE('',(#8462),#8480,.F.);
#8462 = FACE_BOUND('',#8463,.F.);
#8463 = EDGE_LOOP('',(#8464,#8472,#8478,#8479));
#8464 = ORIENTED_EDGE('',*,*,#8465,.F.);
#8465 = EDGE_CURVE('',#8466,#7658,#8468,.T.);
#8466 = VERTEX_POINT('',#8467);
#8467 = CARTESIAN_POINT('',(0.32,-5.4,-2.84));
#8468 = LINE('',#8469,#8470);
#8469 = CARTESIAN_POINT('',(0.32,-5.4,-3.));
#8470 = VECTOR('',#8471,1.);
#8471 = DIRECTION('',(0.,0.,1.));
#8472 = ORIENTED_EDGE('',*,*,#8473,.F.);
#8473 = EDGE_CURVE('',#8442,#8466,#8474,.T.);
#8474 = LINE('',#8475,#8476);
#8475 = CARTESIAN_POINT('',(-0.32,-5.4,-2.84));
#8476 = VECTOR('',#8477,1.);
#8477 = DIRECTION('',(1.,0.,0.));
#8478 = ORIENTED_EDGE('',*,*,#8441,.T.);
#8479 = ORIENTED_EDGE('',*,*,#7665,.F.);
#8480 = PLANE('',#8481);
#8481 = AXIS2_PLACEMENT_3D('',#8482,#8483,#8484);
#8482 = CARTESIAN_POINT('',(-0.32,-5.4,-3.));
#8483 = DIRECTION('',(0.,1.,0.));
#8484 = DIRECTION('',(0.,-0.,1.));
#8485 = ADVANCED_FACE('',(#8486),#8497,.T.);
#8486 = FACE_BOUND('',#8487,.T.);
#8487 = EDGE_LOOP('',(#8488,#8489,#8495,#8496));
#8488 = ORIENTED_EDGE('',*,*,#8465,.F.);
#8489 = ORIENTED_EDGE('',*,*,#8490,.T.);
#8490 = EDGE_CURVE('',#8466,#8411,#8491,.T.);
#8491 = LINE('',#8492,#8493);
#8492 = CARTESIAN_POINT('',(0.32,-5.4,-2.84));
#8493 = VECTOR('',#8494,1.);
#8494 = DIRECTION('',(0.,1.,0.));
#8495 = ORIENTED_EDGE('',*,*,#8410,.T.);
#8496 = ORIENTED_EDGE('',*,*,#7657,.F.);
#8497 = PLANE('',#8498);
#8498 = AXIS2_PLACEMENT_3D('',#8499,#8500,#8501);
#8499 = CARTESIAN_POINT('',(0.32,-5.4,-3.));
#8500 = DIRECTION('',(1.,0.,0.));
#8501 = DIRECTION('',(0.,0.,1.));
#8502 = ADVANCED_FACE('',(#8503),#8528,.T.);
#8503 = FACE_BOUND('',#8504,.T.);
#8504 = EDGE_LOOP('',(#8505,#8513,#8514,#8522));
#8505 = ORIENTED_EDGE('',*,*,#8506,.F.);
#8506 = EDGE_CURVE('',#7827,#8507,#8509,.T.);
#8507 = VERTEX_POINT('',#8508);
#8508 = CARTESIAN_POINT('',(0.32,-0.32,8.38));
#8509 = LINE('',#8510,#8511);
#8510 = CARTESIAN_POINT('',(0.32,-0.32,-3.));
#8511 = VECTOR('',#8512,1.);
#8512 = DIRECTION('',(0.,0.,1.));
#8513 = ORIENTED_EDGE('',*,*,#7826,.T.);
#8514 = ORIENTED_EDGE('',*,*,#8515,.T.);
#8515 = EDGE_CURVE('',#7829,#8516,#8518,.T.);
#8516 = VERTEX_POINT('',#8517);
#8517 = CARTESIAN_POINT('',(0.32,0.32,8.38));
#8518 = LINE('',#8519,#8520);
#8519 = CARTESIAN_POINT('',(0.32,0.32,-3.));
#8520 = VECTOR('',#8521,1.);
#8521 = DIRECTION('',(0.,0.,1.));
#8522 = ORIENTED_EDGE('',*,*,#8523,.F.);
#8523 = EDGE_CURVE('',#8507,#8516,#8524,.T.);
#8524 = LINE('',#8525,#8526);
#8525 = CARTESIAN_POINT('',(0.32,-0.32,8.38));
#8526 = VECTOR('',#8527,1.);
#8527 = DIRECTION('',(0.,1.,0.));
#8528 = PLANE('',#8529);
#8529 = AXIS2_PLACEMENT_3D('',#8530,#8531,#8532);
#8530 = CARTESIAN_POINT('',(0.32,-0.32,-3.));
#8531 = DIRECTION('',(1.,0.,0.));
#8532 = DIRECTION('',(0.,0.,1.));
#8533 = ADVANCED_FACE('',(#8534),#8552,.T.);
#8534 = FACE_BOUND('',#8535,.T.);
#8535 = EDGE_LOOP('',(#8536,#8537,#8538,#8546));
#8536 = ORIENTED_EDGE('',*,*,#8515,.F.);
#8537 = ORIENTED_EDGE('',*,*,#7852,.T.);
#8538 = ORIENTED_EDGE('',*,*,#8539,.T.);
#8539 = EDGE_CURVE('',#7845,#8540,#8542,.T.);
#8540 = VERTEX_POINT('',#8541);
#8541 = CARTESIAN_POINT('',(-0.32,0.32,8.38));
#8542 = LINE('',#8543,#8544);
#8543 = CARTESIAN_POINT('',(-0.32,0.32,-3.));
#8544 = VECTOR('',#8545,1.);
#8545 = DIRECTION('',(0.,0.,1.));
#8546 = ORIENTED_EDGE('',*,*,#8547,.T.);
#8547 = EDGE_CURVE('',#8540,#8516,#8548,.T.);
#8548 = LINE('',#8549,#8550);
#8549 = CARTESIAN_POINT('',(-0.32,0.32,8.38));
#8550 = VECTOR('',#8551,1.);
#8551 = DIRECTION('',(1.,0.,0.));
#8552 = PLANE('',#8553);
#8553 = AXIS2_PLACEMENT_3D('',#8554,#8555,#8556);
#8554 = CARTESIAN_POINT('',(-0.32,0.32,-3.));
#8555 = DIRECTION('',(0.,1.,0.));
#8556 = DIRECTION('',(0.,-0.,1.));
#8557 = ADVANCED_FACE('',(#8558),#8576,.F.);
#8558 = FACE_BOUND('',#8559,.F.);
#8559 = EDGE_LOOP('',(#8560,#8568,#8569,#8570));
#8560 = ORIENTED_EDGE('',*,*,#8561,.F.);
#8561 = EDGE_CURVE('',#7837,#8562,#8564,.T.);
#8562 = VERTEX_POINT('',#8563);
#8563 = CARTESIAN_POINT('',(-0.32,-0.32,8.38));
#8564 = LINE('',#8565,#8566);
#8565 = CARTESIAN_POINT('',(-0.32,-0.32,-3.));
#8566 = VECTOR('',#8567,1.);
#8567 = DIRECTION('',(0.,0.,1.));
#8568 = ORIENTED_EDGE('',*,*,#7844,.T.);
#8569 = ORIENTED_EDGE('',*,*,#8539,.T.);
#8570 = ORIENTED_EDGE('',*,*,#8571,.F.);
#8571 = EDGE_CURVE('',#8562,#8540,#8572,.T.);
#8572 = LINE('',#8573,#8574);
#8573 = CARTESIAN_POINT('',(-0.32,-0.32,8.38));
#8574 = VECTOR('',#8575,1.);
#8575 = DIRECTION('',(0.,1.,0.));
#8576 = PLANE('',#8577);
#8577 = AXIS2_PLACEMENT_3D('',#8578,#8579,#8580);
#8578 = CARTESIAN_POINT('',(-0.32,-0.32,-3.));
#8579 = DIRECTION('',(1.,0.,0.));
#8580 = DIRECTION('',(0.,0.,1.));
#8581 = ADVANCED_FACE('',(#8582),#8593,.F.);
#8582 = FACE_BOUND('',#8583,.F.);
#8583 = EDGE_LOOP('',(#8584,#8585,#8586,#8587));
#8584 = ORIENTED_EDGE('',*,*,#8506,.F.);
#8585 = ORIENTED_EDGE('',*,*,#7836,.T.);
#8586 = ORIENTED_EDGE('',*,*,#8561,.T.);
#8587 = ORIENTED_EDGE('',*,*,#8588,.T.);
#8588 = EDGE_CURVE('',#8562,#8507,#8589,.T.);
#8589 = LINE('',#8590,#8591);
#8590 = CARTESIAN_POINT('',(-0.32,-0.32,8.38));
#8591 = VECTOR('',#8592,1.);
#8592 = DIRECTION('',(1.,0.,0.));
#8593 = PLANE('',#8594);
#8594 = AXIS2_PLACEMENT_3D('',#8595,#8596,#8597);
#8595 = CARTESIAN_POINT('',(-0.32,-0.32,-3.));
#8596 = DIRECTION('',(0.,1.,0.));
#8597 = DIRECTION('',(0.,-0.,1.));
#8598 = ADVANCED_FACE('',(#8599),#8624,.F.);
#8599 = FACE_BOUND('',#8600,.F.);
#8600 = EDGE_LOOP('',(#8601,#8609,#8610,#8618));
#8601 = ORIENTED_EDGE('',*,*,#8602,.F.);
#8602 = EDGE_CURVE('',#7861,#8603,#8605,.T.);
#8603 = VERTEX_POINT('',#8604);
#8604 = CARTESIAN_POINT('',(0.32,-2.86,8.38));
#8605 = LINE('',#8606,#8607);
#8606 = CARTESIAN_POINT('',(0.32,-2.86,-3.));
#8607 = VECTOR('',#8608,1.);
#8608 = DIRECTION('',(0.,0.,1.));
#8609 = ORIENTED_EDGE('',*,*,#7860,.T.);
#8610 = ORIENTED_EDGE('',*,*,#8611,.T.);
#8611 = EDGE_CURVE('',#7863,#8612,#8614,.T.);
#8612 = VERTEX_POINT('',#8613);
#8613 = CARTESIAN_POINT('',(-0.32,-2.86,8.38));
#8614 = LINE('',#8615,#8616);
#8615 = CARTESIAN_POINT('',(-0.32,-2.86,-3.));
#8616 = VECTOR('',#8617,1.);
#8617 = DIRECTION('',(0.,0.,1.));
#8618 = ORIENTED_EDGE('',*,*,#8619,.T.);
#8619 = EDGE_CURVE('',#8612,#8603,#8620,.T.);
#8620 = LINE('',#8621,#8622);
#8621 = CARTESIAN_POINT('',(-0.32,-2.86,8.38));
#8622 = VECTOR('',#8623,1.);
#8623 = DIRECTION('',(1.,0.,0.));
#8624 = PLANE('',#8625);
#8625 = AXIS2_PLACEMENT_3D('',#8626,#8627,#8628);
#8626 = CARTESIAN_POINT('',(-0.32,-2.86,-3.));
#8627 = DIRECTION('',(0.,1.,0.));
#8628 = DIRECTION('',(0.,-0.,1.));
#8629 = ADVANCED_FACE('',(#8630),#8648,.T.);
#8630 = FACE_BOUND('',#8631,.T.);
#8631 = EDGE_LOOP('',(#8632,#8633,#8634,#8642));
#8632 = ORIENTED_EDGE('',*,*,#8602,.F.);
#8633 = ORIENTED_EDGE('',*,*,#7886,.T.);
#8634 = ORIENTED_EDGE('',*,*,#8635,.T.);
#8635 = EDGE_CURVE('',#7879,#8636,#8638,.T.);
#8636 = VERTEX_POINT('',#8637);
#8637 = CARTESIAN_POINT('',(0.32,-2.22,8.38));
#8638 = LINE('',#8639,#8640);
#8639 = CARTESIAN_POINT('',(0.32,-2.22,-3.));
#8640 = VECTOR('',#8641,1.);
#8641 = DIRECTION('',(0.,0.,1.));
#8642 = ORIENTED_EDGE('',*,*,#8643,.F.);
#8643 = EDGE_CURVE('',#8603,#8636,#8644,.T.);
#8644 = LINE('',#8645,#8646);
#8645 = CARTESIAN_POINT('',(0.32,-2.86,8.38));
#8646 = VECTOR('',#8647,1.);
#8647 = DIRECTION('',(0.,1.,0.));
#8648 = PLANE('',#8649);
#8649 = AXIS2_PLACEMENT_3D('',#8650,#8651,#8652);
#8650 = CARTESIAN_POINT('',(0.32,-2.86,-3.));
#8651 = DIRECTION('',(1.,0.,0.));
#8652 = DIRECTION('',(0.,0.,1.));
#8653 = ADVANCED_FACE('',(#8654),#8672,.T.);
#8654 = FACE_BOUND('',#8655,.T.);
#8655 = EDGE_LOOP('',(#8656,#8657,#8658,#8666));
#8656 = ORIENTED_EDGE('',*,*,#8635,.F.);
#8657 = ORIENTED_EDGE('',*,*,#7878,.T.);
#8658 = ORIENTED_EDGE('',*,*,#8659,.T.);
#8659 = EDGE_CURVE('',#7871,#8660,#8662,.T.);
#8660 = VERTEX_POINT('',#8661);
#8661 = CARTESIAN_POINT('',(-0.32,-2.22,8.38));
#8662 = LINE('',#8663,#8664);
#8663 = CARTESIAN_POINT('',(-0.32,-2.22,-3.));
#8664 = VECTOR('',#8665,1.);
#8665 = DIRECTION('',(0.,0.,1.));
#8666 = ORIENTED_EDGE('',*,*,#8667,.T.);
#8667 = EDGE_CURVE('',#8660,#8636,#8668,.T.);
#8668 = LINE('',#8669,#8670);
#8669 = CARTESIAN_POINT('',(-0.32,-2.22,8.38));
#8670 = VECTOR('',#8671,1.);
#8671 = DIRECTION('',(1.,0.,0.));
#8672 = PLANE('',#8673);
#8673 = AXIS2_PLACEMENT_3D('',#8674,#8675,#8676);
#8674 = CARTESIAN_POINT('',(-0.32,-2.22,-3.));
#8675 = DIRECTION('',(0.,1.,0.));
#8676 = DIRECTION('',(0.,-0.,1.));
#8677 = ADVANCED_FACE('',(#8678),#8689,.F.);
#8678 = FACE_BOUND('',#8679,.F.);
#8679 = EDGE_LOOP('',(#8680,#8681,#8682,#8683));
#8680 = ORIENTED_EDGE('',*,*,#8611,.F.);
#8681 = ORIENTED_EDGE('',*,*,#7870,.T.);
#8682 = ORIENTED_EDGE('',*,*,#8659,.T.);
#8683 = ORIENTED_EDGE('',*,*,#8684,.F.);
#8684 = EDGE_CURVE('',#8612,#8660,#8685,.T.);
#8685 = LINE('',#8686,#8687);
#8686 = CARTESIAN_POINT('',(-0.32,-2.86,8.38));
#8687 = VECTOR('',#8688,1.);
#8688 = DIRECTION('',(0.,1.,0.));
#8689 = PLANE('',#8690);
#8690 = AXIS2_PLACEMENT_3D('',#8691,#8692,#8693);
#8691 = CARTESIAN_POINT('',(-0.32,-2.86,-3.));
#8692 = DIRECTION('',(1.,0.,0.));
#8693 = DIRECTION('',(0.,0.,1.));
#8694 = ADVANCED_FACE('',(#8695),#8720,.T.);
#8695 = FACE_BOUND('',#8696,.T.);
#8696 = EDGE_LOOP('',(#8697,#8705,#8706,#8714));
#8697 = ORIENTED_EDGE('',*,*,#8698,.F.);
#8698 = EDGE_CURVE('',#7895,#8699,#8701,.T.);
#8699 = VERTEX_POINT('',#8700);
#8700 = CARTESIAN_POINT('',(0.32,-4.76,8.38));
#8701 = LINE('',#8702,#8703);
#8702 = CARTESIAN_POINT('',(0.32,-4.76,-3.));
#8703 = VECTOR('',#8704,1.);
#8704 = DIRECTION('',(0.,0.,1.));
#8705 = ORIENTED_EDGE('',*,*,#7894,.T.);
#8706 = ORIENTED_EDGE('',*,*,#8707,.T.);
#8707 = EDGE_CURVE('',#7897,#8708,#8710,.T.);
#8708 = VERTEX_POINT('',#8709);
#8709 = CARTESIAN_POINT('',(-0.32,-4.76,8.38));
#8710 = LINE('',#8711,#8712);
#8711 = CARTESIAN_POINT('',(-0.32,-4.76,-3.));
#8712 = VECTOR('',#8713,1.);
#8713 = DIRECTION('',(0.,0.,1.));
#8714 = ORIENTED_EDGE('',*,*,#8715,.T.);
#8715 = EDGE_CURVE('',#8708,#8699,#8716,.T.);
#8716 = LINE('',#8717,#8718);
#8717 = CARTESIAN_POINT('',(-0.32,-4.76,8.38));
#8718 = VECTOR('',#8719,1.);
#8719 = DIRECTION('',(1.,0.,0.));
#8720 = PLANE('',#8721);
#8721 = AXIS2_PLACEMENT_3D('',#8722,#8723,#8724);
#8722 = CARTESIAN_POINT('',(-0.32,-4.76,-3.));
#8723 = DIRECTION('',(0.,1.,0.));
#8724 = DIRECTION('',(0.,-0.,1.));
#8725 = ADVANCED_FACE('',(#8726),#8744,.F.);
#8726 = FACE_BOUND('',#8727,.F.);
#8727 = EDGE_LOOP('',(#8728,#8736,#8737,#8738));
#8728 = ORIENTED_EDGE('',*,*,#8729,.F.);
#8729 = EDGE_CURVE('',#7913,#8730,#8732,.T.);
#8730 = VERTEX_POINT('',#8731);
#8731 = CARTESIAN_POINT('',(-0.32,-5.4,8.38));
#8732 = LINE('',#8733,#8734);
#8733 = CARTESIAN_POINT('',(-0.32,-5.4,-3.));
#8734 = VECTOR('',#8735,1.);
#8735 = DIRECTION('',(0.,0.,1.));
#8736 = ORIENTED_EDGE('',*,*,#7920,.T.);
#8737 = ORIENTED_EDGE('',*,*,#8707,.T.);
#8738 = ORIENTED_EDGE('',*,*,#8739,.F.);
#8739 = EDGE_CURVE('',#8730,#8708,#8740,.T.);
#8740 = LINE('',#8741,#8742);
#8741 = CARTESIAN_POINT('',(-0.32,-5.4,8.38));
#8742 = VECTOR('',#8743,1.);
#8743 = DIRECTION('',(0.,1.,0.));
#8744 = PLANE('',#8745);
#8745 = AXIS2_PLACEMENT_3D('',#8746,#8747,#8748);
#8746 = CARTESIAN_POINT('',(-0.32,-5.4,-3.));
#8747 = DIRECTION('',(1.,0.,0.));
#8748 = DIRECTION('',(0.,0.,1.));
#8749 = ADVANCED_FACE('',(#8750),#8768,.F.);
#8750 = FACE_BOUND('',#8751,.F.);
#8751 = EDGE_LOOP('',(#8752,#8760,#8761,#8762));
#8752 = ORIENTED_EDGE('',*,*,#8753,.F.);
#8753 = EDGE_CURVE('',#7905,#8754,#8756,.T.);
#8754 = VERTEX_POINT('',#8755);
#8755 = CARTESIAN_POINT('',(0.32,-5.4,8.38));
#8756 = LINE('',#8757,#8758);
#8757 = CARTESIAN_POINT('',(0.32,-5.4,-3.));
#8758 = VECTOR('',#8759,1.);
#8759 = DIRECTION('',(0.,0.,1.));
#8760 = ORIENTED_EDGE('',*,*,#7912,.T.);
#8761 = ORIENTED_EDGE('',*,*,#8729,.T.);
#8762 = ORIENTED_EDGE('',*,*,#8763,.T.);
#8763 = EDGE_CURVE('',#8730,#8754,#8764,.T.);
#8764 = LINE('',#8765,#8766);
#8765 = CARTESIAN_POINT('',(-0.32,-5.4,8.38));
#8766 = VECTOR('',#8767,1.);
#8767 = DIRECTION('',(1.,0.,0.));
#8768 = PLANE('',#8769);
#8769 = AXIS2_PLACEMENT_3D('',#8770,#8771,#8772);
#8770 = CARTESIAN_POINT('',(-0.32,-5.4,-3.));
#8771 = DIRECTION('',(0.,1.,0.));
#8772 = DIRECTION('',(0.,-0.,1.));
#8773 = ADVANCED_FACE('',(#8774),#8785,.T.);
#8774 = FACE_BOUND('',#8775,.T.);
#8775 = EDGE_LOOP('',(#8776,#8777,#8778,#8779));
#8776 = ORIENTED_EDGE('',*,*,#8753,.F.);
#8777 = ORIENTED_EDGE('',*,*,#7904,.T.);
#8778 = ORIENTED_EDGE('',*,*,#8698,.T.);
#8779 = ORIENTED_EDGE('',*,*,#8780,.F.);
#8780 = EDGE_CURVE('',#8754,#8699,#8781,.T.);
#8781 = LINE('',#8782,#8783);
#8782 = CARTESIAN_POINT('',(0.32,-5.4,8.38));
#8783 = VECTOR('',#8784,1.);
#8784 = DIRECTION('',(0.,1.,0.));
#8785 = PLANE('',#8786);
#8786 = AXIS2_PLACEMENT_3D('',#8787,#8788,#8789);
#8787 = CARTESIAN_POINT('',(0.32,-5.4,-3.));
#8788 = DIRECTION('',(1.,0.,0.));
#8789 = DIRECTION('',(0.,0.,1.));
#8790 = ADVANCED_FACE('',(#8791),#8816,.F.);
#8791 = FACE_BOUND('',#8792,.F.);
#8792 = EDGE_LOOP('',(#8793,#8801,#8802,#8810));
#8793 = ORIENTED_EDGE('',*,*,#8794,.F.);
#8794 = EDGE_CURVE('',#8219,#8795,#8797,.T.);
#8795 = VERTEX_POINT('',#8796);
#8796 = CARTESIAN_POINT('',(0.16,-0.16,-3.));
#8797 = LINE('',#8798,#8799);
#8798 = CARTESIAN_POINT('',(0.16,-0.16,-3.));
#8799 = VECTOR('',#8800,1.);
#8800 = DIRECTION('',(-0.57735026919,0.57735026919,-0.57735026919));
#8801 = ORIENTED_EDGE('',*,*,#8226,.T.);
#8802 = ORIENTED_EDGE('',*,*,#8803,.T.);
#8803 = EDGE_CURVE('',#8227,#8804,#8806,.T.);
#8804 = VERTEX_POINT('',#8805);
#8805 = CARTESIAN_POINT('',(0.16,0.16,-3.));
#8806 = LINE('',#8807,#8808);
#8807 = CARTESIAN_POINT('',(5.333333333333E-02,5.333333333333E-02,
    -3.106666666667));
#8808 = VECTOR('',#8809,1.);
#8809 = DIRECTION('',(-0.57735026919,-0.57735026919,-0.57735026919));
#8810 = ORIENTED_EDGE('',*,*,#8811,.F.);
#8811 = EDGE_CURVE('',#8795,#8804,#8812,.T.);
#8812 = LINE('',#8813,#8814);
#8813 = CARTESIAN_POINT('',(0.16,-0.32,-3.));
#8814 = VECTOR('',#8815,1.);
#8815 = DIRECTION('',(0.,1.,0.));
#8816 = PLANE('',#8817);
#8817 = AXIS2_PLACEMENT_3D('',#8818,#8819,#8820);
#8818 = CARTESIAN_POINT('',(0.24,-0.32,-2.92));
#8819 = DIRECTION('',(-0.707106781187,1.735167508357E-18,0.707106781187)
  );
#8820 = DIRECTION('',(1.226948711654E-18,1.,-1.226948711654E-18));
#8821 = ADVANCED_FACE('',(#8822),#8840,.F.);
#8822 = FACE_BOUND('',#8823,.T.);
#8823 = EDGE_LOOP('',(#8824,#8832,#8833,#8834));
#8824 = ORIENTED_EDGE('',*,*,#8825,.F.);
#8825 = EDGE_CURVE('',#8251,#8826,#8828,.T.);
#8826 = VERTEX_POINT('',#8827);
#8827 = CARTESIAN_POINT('',(-0.16,0.16,-3.));
#8828 = LINE('',#8829,#8830);
#8829 = CARTESIAN_POINT('',(-0.16,0.16,-3.));
#8830 = VECTOR('',#8831,1.);
#8831 = DIRECTION('',(0.57735026919,-0.57735026919,-0.57735026919));
#8832 = ORIENTED_EDGE('',*,*,#8250,.T.);
#8833 = ORIENTED_EDGE('',*,*,#8803,.T.);
#8834 = ORIENTED_EDGE('',*,*,#8835,.F.);
#8835 = EDGE_CURVE('',#8826,#8804,#8836,.T.);
#8836 = LINE('',#8837,#8838);
#8837 = CARTESIAN_POINT('',(-0.32,0.16,-3.));
#8838 = VECTOR('',#8839,1.);
#8839 = DIRECTION('',(1.,0.,0.));
#8840 = PLANE('',#8841);
#8841 = AXIS2_PLACEMENT_3D('',#8842,#8843,#8844);
#8842 = CARTESIAN_POINT('',(-0.32,0.24,-2.92));
#8843 = DIRECTION('',(-1.735167508357E-18,-0.707106781187,0.707106781187
    ));
#8844 = DIRECTION('',(-1.,1.226948711654E-18,-1.226948711654E-18));
#8845 = ADVANCED_FACE('',(#8846),#8864,.T.);
#8846 = FACE_BOUND('',#8847,.T.);
#8847 = EDGE_LOOP('',(#8848,#8856,#8857,#8858));
#8848 = ORIENTED_EDGE('',*,*,#8849,.F.);
#8849 = EDGE_CURVE('',#8274,#8850,#8852,.T.);
#8850 = VERTEX_POINT('',#8851);
#8851 = CARTESIAN_POINT('',(-0.16,-0.16,-3.));
#8852 = LINE('',#8853,#8854);
#8853 = CARTESIAN_POINT('',(-0.266666666667,-0.266666666667,
    -2.893333333333));
#8854 = VECTOR('',#8855,1.);
#8855 = DIRECTION('',(0.57735026919,0.57735026919,-0.57735026919));
#8856 = ORIENTED_EDGE('',*,*,#8281,.T.);
#8857 = ORIENTED_EDGE('',*,*,#8825,.T.);
#8858 = ORIENTED_EDGE('',*,*,#8859,.F.);
#8859 = EDGE_CURVE('',#8850,#8826,#8860,.T.);
#8860 = LINE('',#8861,#8862);
#8861 = CARTESIAN_POINT('',(-0.16,-0.32,-3.));
#8862 = VECTOR('',#8863,1.);
#8863 = DIRECTION('',(0.,1.,0.));
#8864 = PLANE('',#8865);
#8865 = AXIS2_PLACEMENT_3D('',#8866,#8867,#8868);
#8866 = CARTESIAN_POINT('',(-0.24,-0.32,-2.92));
#8867 = DIRECTION('',(-0.707106781187,-1.735167508357E-18,
    -0.707106781187));
#8868 = DIRECTION('',(-1.226948711654E-18,1.,-1.226948711654E-18));
#8869 = ADVANCED_FACE('',(#8870),#8881,.T.);
#8870 = FACE_BOUND('',#8871,.F.);
#8871 = EDGE_LOOP('',(#8872,#8873,#8874,#8875));
#8872 = ORIENTED_EDGE('',*,*,#8849,.F.);
#8873 = ORIENTED_EDGE('',*,*,#8298,.T.);
#8874 = ORIENTED_EDGE('',*,*,#8794,.T.);
#8875 = ORIENTED_EDGE('',*,*,#8876,.F.);
#8876 = EDGE_CURVE('',#8850,#8795,#8877,.T.);
#8877 = LINE('',#8878,#8879);
#8878 = CARTESIAN_POINT('',(-0.32,-0.16,-3.));
#8879 = VECTOR('',#8880,1.);
#8880 = DIRECTION('',(1.,0.,0.));
#8881 = PLANE('',#8882);
#8882 = AXIS2_PLACEMENT_3D('',#8883,#8884,#8885);
#8883 = CARTESIAN_POINT('',(-0.32,-0.24,-2.92));
#8884 = DIRECTION('',(1.735167508357E-18,-0.707106781187,-0.707106781187
    ));
#8885 = DIRECTION('',(-1.,-1.226948711654E-18,-1.226948711654E-18));
#8886 = ADVANCED_FACE('',(#8887),#8912,.T.);
#8887 = FACE_BOUND('',#8888,.F.);
#8888 = EDGE_LOOP('',(#8889,#8897,#8898,#8906));
#8889 = ORIENTED_EDGE('',*,*,#8890,.F.);
#8890 = EDGE_CURVE('',#8323,#8891,#8893,.T.);
#8891 = VERTEX_POINT('',#8892);
#8892 = CARTESIAN_POINT('',(-0.16,-2.7,-3.));
#8893 = LINE('',#8894,#8895);
#8894 = CARTESIAN_POINT('',(-0.266666666667,-2.806666666667,
    -2.893333333333));
#8895 = VECTOR('',#8896,1.);
#8896 = DIRECTION('',(0.57735026919,0.57735026919,-0.57735026919));
#8897 = ORIENTED_EDGE('',*,*,#8322,.T.);
#8898 = ORIENTED_EDGE('',*,*,#8899,.T.);
#8899 = EDGE_CURVE('',#8315,#8900,#8902,.T.);
#8900 = VERTEX_POINT('',#8901);
#8901 = CARTESIAN_POINT('',(0.16,-2.7,-3.));
#8902 = LINE('',#8903,#8904);
#8903 = CARTESIAN_POINT('',(0.16,-2.7,-3.));
#8904 = VECTOR('',#8905,1.);
#8905 = DIRECTION('',(-0.57735026919,0.57735026919,-0.57735026919));
#8906 = ORIENTED_EDGE('',*,*,#8907,.F.);
#8907 = EDGE_CURVE('',#8891,#8900,#8908,.T.);
#8908 = LINE('',#8909,#8910);
#8909 = CARTESIAN_POINT('',(-0.32,-2.7,-3.));
#8910 = VECTOR('',#8911,1.);
#8911 = DIRECTION('',(1.,0.,0.));
#8912 = PLANE('',#8913);
#8913 = AXIS2_PLACEMENT_3D('',#8914,#8915,#8916);
#8914 = CARTESIAN_POINT('',(-0.32,-2.78,-2.92));
#8915 = DIRECTION('',(1.735167508357E-18,-0.707106781187,-0.707106781187
    ));
#8916 = DIRECTION('',(-1.,-1.226948711654E-18,-1.226948711654E-18));
#8917 = ADVANCED_FACE('',(#8918),#8936,.F.);
#8918 = FACE_BOUND('',#8919,.F.);
#8919 = EDGE_LOOP('',(#8920,#8921,#8922,#8930));
#8920 = ORIENTED_EDGE('',*,*,#8899,.F.);
#8921 = ORIENTED_EDGE('',*,*,#8346,.T.);
#8922 = ORIENTED_EDGE('',*,*,#8923,.T.);
#8923 = EDGE_CURVE('',#8347,#8924,#8926,.T.);
#8924 = VERTEX_POINT('',#8925);
#8925 = CARTESIAN_POINT('',(0.16,-2.38,-3.));
#8926 = LINE('',#8927,#8928);
#8927 = CARTESIAN_POINT('',(5.333333333333E-02,-2.486666666667,
    -3.106666666667));
#8928 = VECTOR('',#8929,1.);
#8929 = DIRECTION('',(-0.57735026919,-0.57735026919,-0.57735026919));
#8930 = ORIENTED_EDGE('',*,*,#8931,.F.);
#8931 = EDGE_CURVE('',#8900,#8924,#8932,.T.);
#8932 = LINE('',#8933,#8934);
#8933 = CARTESIAN_POINT('',(0.16,-2.86,-3.));
#8934 = VECTOR('',#8935,1.);
#8935 = DIRECTION('',(0.,1.,0.));
#8936 = PLANE('',#8937);
#8937 = AXIS2_PLACEMENT_3D('',#8938,#8939,#8940);
#8938 = CARTESIAN_POINT('',(0.24,-2.86,-2.92));
#8939 = DIRECTION('',(-0.707106781187,1.735167508357E-18,0.707106781187)
  );
#8940 = DIRECTION('',(1.226948711654E-18,1.,-1.226948711654E-18));
#8941 = ADVANCED_FACE('',(#8942),#8960,.F.);
#8942 = FACE_BOUND('',#8943,.T.);
#8943 = EDGE_LOOP('',(#8944,#8952,#8953,#8954));
#8944 = ORIENTED_EDGE('',*,*,#8945,.F.);
#8945 = EDGE_CURVE('',#8371,#8946,#8948,.T.);
#8946 = VERTEX_POINT('',#8947);
#8947 = CARTESIAN_POINT('',(-0.16,-2.38,-3.));
#8948 = LINE('',#8949,#8950);
#8949 = CARTESIAN_POINT('',(-0.16,-2.38,-3.));
#8950 = VECTOR('',#8951,1.);
#8951 = DIRECTION('',(0.57735026919,-0.57735026919,-0.57735026919));
#8952 = ORIENTED_EDGE('',*,*,#8370,.T.);
#8953 = ORIENTED_EDGE('',*,*,#8923,.T.);
#8954 = ORIENTED_EDGE('',*,*,#8955,.F.);
#8955 = EDGE_CURVE('',#8946,#8924,#8956,.T.);
#8956 = LINE('',#8957,#8958);
#8957 = CARTESIAN_POINT('',(-0.32,-2.38,-3.));
#8958 = VECTOR('',#8959,1.);
#8959 = DIRECTION('',(1.,0.,0.));
#8960 = PLANE('',#8961);
#8961 = AXIS2_PLACEMENT_3D('',#8962,#8963,#8964);
#8962 = CARTESIAN_POINT('',(-0.32,-2.3,-2.92));
#8963 = DIRECTION('',(-1.735167508357E-18,-0.707106781187,0.707106781187
    ));
#8964 = DIRECTION('',(-1.,1.226948711654E-18,-1.226948711654E-18));
#8965 = ADVANCED_FACE('',(#8966),#8977,.T.);
#8966 = FACE_BOUND('',#8967,.T.);
#8967 = EDGE_LOOP('',(#8968,#8969,#8970,#8971));
#8968 = ORIENTED_EDGE('',*,*,#8890,.F.);
#8969 = ORIENTED_EDGE('',*,*,#8394,.T.);
#8970 = ORIENTED_EDGE('',*,*,#8945,.T.);
#8971 = ORIENTED_EDGE('',*,*,#8972,.F.);
#8972 = EDGE_CURVE('',#8891,#8946,#8973,.T.);
#8973 = LINE('',#8974,#8975);
#8974 = CARTESIAN_POINT('',(-0.16,-2.86,-3.));
#8975 = VECTOR('',#8976,1.);
#8976 = DIRECTION('',(0.,1.,0.));
#8977 = PLANE('',#8978);
#8978 = AXIS2_PLACEMENT_3D('',#8979,#8980,#8981);
#8979 = CARTESIAN_POINT('',(-0.24,-2.86,-2.92));
#8980 = DIRECTION('',(-0.707106781187,-1.735167508357E-18,
    -0.707106781187));
#8981 = DIRECTION('',(-1.226948711654E-18,1.,-1.226948711654E-18));
#8982 = ADVANCED_FACE('',(#8983),#9008,.F.);
#8983 = FACE_BOUND('',#8984,.T.);
#8984 = EDGE_LOOP('',(#8985,#8993,#8994,#9002));
#8985 = ORIENTED_EDGE('',*,*,#8986,.F.);
#8986 = EDGE_CURVE('',#8419,#8987,#8989,.T.);
#8987 = VERTEX_POINT('',#8988);
#8988 = CARTESIAN_POINT('',(-0.16,-4.92,-3.));
#8989 = LINE('',#8990,#8991);
#8990 = CARTESIAN_POINT('',(-0.16,-4.92,-3.));
#8991 = VECTOR('',#8992,1.);
#8992 = DIRECTION('',(0.57735026919,-0.57735026919,-0.57735026919));
#8993 = ORIENTED_EDGE('',*,*,#8418,.T.);
#8994 = ORIENTED_EDGE('',*,*,#8995,.T.);
#8995 = EDGE_CURVE('',#8411,#8996,#8998,.T.);
#8996 = VERTEX_POINT('',#8997);
#8997 = CARTESIAN_POINT('',(0.16,-4.92,-3.));
#8998 = LINE('',#8999,#9000);
#8999 = CARTESIAN_POINT('',(5.333333333333E-02,-5.026666666667,
    -3.106666666667));
#9000 = VECTOR('',#9001,1.);
#9001 = DIRECTION('',(-0.57735026919,-0.57735026919,-0.57735026919));
#9002 = ORIENTED_EDGE('',*,*,#9003,.F.);
#9003 = EDGE_CURVE('',#8987,#8996,#9004,.T.);
#9004 = LINE('',#9005,#9006);
#9005 = CARTESIAN_POINT('',(-0.32,-4.92,-3.));
#9006 = VECTOR('',#9007,1.);
#9007 = DIRECTION('',(1.,0.,0.));
#9008 = PLANE('',#9009);
#9009 = AXIS2_PLACEMENT_3D('',#9010,#9011,#9012);
#9010 = CARTESIAN_POINT('',(-0.32,-4.84,-2.92));
#9011 = DIRECTION('',(-1.735167508357E-18,-0.707106781187,0.707106781187
    ));
#9012 = DIRECTION('',(-1.,1.226948711654E-18,-1.226948711654E-18));
#9013 = ADVANCED_FACE('',(#9014),#9032,.T.);
#9014 = FACE_BOUND('',#9015,.T.);
#9015 = EDGE_LOOP('',(#9016,#9024,#9025,#9026));
#9016 = ORIENTED_EDGE('',*,*,#9017,.F.);
#9017 = EDGE_CURVE('',#8442,#9018,#9020,.T.);
#9018 = VERTEX_POINT('',#9019);
#9019 = CARTESIAN_POINT('',(-0.16,-5.24,-3.));
#9020 = LINE('',#9021,#9022);
#9021 = CARTESIAN_POINT('',(-0.266666666667,-5.346666666667,
    -2.893333333333));
#9022 = VECTOR('',#9023,1.);
#9023 = DIRECTION('',(0.57735026919,0.57735026919,-0.57735026919));
#9024 = ORIENTED_EDGE('',*,*,#8449,.T.);
#9025 = ORIENTED_EDGE('',*,*,#8986,.T.);
#9026 = ORIENTED_EDGE('',*,*,#9027,.F.);
#9027 = EDGE_CURVE('',#9018,#8987,#9028,.T.);
#9028 = LINE('',#9029,#9030);
#9029 = CARTESIAN_POINT('',(-0.16,-5.4,-3.));
#9030 = VECTOR('',#9031,1.);
#9031 = DIRECTION('',(0.,1.,0.));
#9032 = PLANE('',#9033);
#9033 = AXIS2_PLACEMENT_3D('',#9034,#9035,#9036);
#9034 = CARTESIAN_POINT('',(-0.24,-5.4,-2.92));
#9035 = DIRECTION('',(-0.707106781187,-1.735167508357E-18,
    -0.707106781187));
#9036 = DIRECTION('',(-1.226948711654E-18,1.,-1.226948711654E-18));
#9037 = ADVANCED_FACE('',(#9038),#9056,.T.);
#9038 = FACE_BOUND('',#9039,.F.);
#9039 = EDGE_LOOP('',(#9040,#9041,#9042,#9050));
#9040 = ORIENTED_EDGE('',*,*,#9017,.F.);
#9041 = ORIENTED_EDGE('',*,*,#8473,.T.);
#9042 = ORIENTED_EDGE('',*,*,#9043,.T.);
#9043 = EDGE_CURVE('',#8466,#9044,#9046,.T.);
#9044 = VERTEX_POINT('',#9045);
#9045 = CARTESIAN_POINT('',(0.16,-5.24,-3.));
#9046 = LINE('',#9047,#9048);
#9047 = CARTESIAN_POINT('',(0.16,-5.24,-3.));
#9048 = VECTOR('',#9049,1.);
#9049 = DIRECTION('',(-0.57735026919,0.57735026919,-0.57735026919));
#9050 = ORIENTED_EDGE('',*,*,#9051,.F.);
#9051 = EDGE_CURVE('',#9018,#9044,#9052,.T.);
#9052 = LINE('',#9053,#9054);
#9053 = CARTESIAN_POINT('',(-0.32,-5.24,-3.));
#9054 = VECTOR('',#9055,1.);
#9055 = DIRECTION('',(1.,0.,0.));
#9056 = PLANE('',#9057);
#9057 = AXIS2_PLACEMENT_3D('',#9058,#9059,#9060);
#9058 = CARTESIAN_POINT('',(-0.32,-5.32,-2.92));
#9059 = DIRECTION('',(1.735167508357E-18,-0.707106781187,-0.707106781187
    ));
#9060 = DIRECTION('',(-1.,-1.226948711654E-18,-1.226948711654E-18));
#9061 = ADVANCED_FACE('',(#9062),#9073,.F.);
#9062 = FACE_BOUND('',#9063,.F.);
#9063 = EDGE_LOOP('',(#9064,#9065,#9066,#9067));
#9064 = ORIENTED_EDGE('',*,*,#9043,.F.);
#9065 = ORIENTED_EDGE('',*,*,#8490,.T.);
#9066 = ORIENTED_EDGE('',*,*,#8995,.T.);
#9067 = ORIENTED_EDGE('',*,*,#9068,.F.);
#9068 = EDGE_CURVE('',#9044,#8996,#9069,.T.);
#9069 = LINE('',#9070,#9071);
#9070 = CARTESIAN_POINT('',(0.16,-5.4,-3.));
#9071 = VECTOR('',#9072,1.);
#9072 = DIRECTION('',(0.,1.,0.));
#9073 = PLANE('',#9074);
#9074 = AXIS2_PLACEMENT_3D('',#9075,#9076,#9077);
#9075 = CARTESIAN_POINT('',(0.24,-5.4,-2.92));
#9076 = DIRECTION('',(-0.707106781187,1.735167508357E-18,0.707106781187)
  );
#9077 = DIRECTION('',(1.226948711654E-18,1.,-1.226948711654E-18));
#9078 = ADVANCED_FACE('',(#9079),#9104,.T.);
#9079 = FACE_BOUND('',#9080,.T.);
#9080 = EDGE_LOOP('',(#9081,#9089,#9090,#9098));
#9081 = ORIENTED_EDGE('',*,*,#9082,.F.);
#9082 = EDGE_CURVE('',#8507,#9083,#9085,.T.);
#9083 = VERTEX_POINT('',#9084);
#9084 = CARTESIAN_POINT('',(0.16,-0.16,8.54));
#9085 = LINE('',#9086,#9087);
#9086 = CARTESIAN_POINT('',(0.16,-0.16,8.54));
#9087 = VECTOR('',#9088,1.);
#9088 = DIRECTION('',(-0.57735026919,0.57735026919,0.57735026919));
#9089 = ORIENTED_EDGE('',*,*,#8523,.T.);
#9090 = ORIENTED_EDGE('',*,*,#9091,.T.);
#9091 = EDGE_CURVE('',#8516,#9092,#9094,.T.);
#9092 = VERTEX_POINT('',#9093);
#9093 = CARTESIAN_POINT('',(0.16,0.16,8.54));
#9094 = LINE('',#9095,#9096);
#9095 = CARTESIAN_POINT('',(5.333333333333E-02,5.333333333333E-02,
    8.646666666667));
#9096 = VECTOR('',#9097,1.);
#9097 = DIRECTION('',(-0.57735026919,-0.57735026919,0.57735026919));
#9098 = ORIENTED_EDGE('',*,*,#9099,.F.);
#9099 = EDGE_CURVE('',#9083,#9092,#9100,.T.);
#9100 = LINE('',#9101,#9102);
#9101 = CARTESIAN_POINT('',(0.16,-0.32,8.54));
#9102 = VECTOR('',#9103,1.);
#9103 = DIRECTION('',(0.,1.,0.));
#9104 = PLANE('',#9105);
#9105 = AXIS2_PLACEMENT_3D('',#9106,#9107,#9108);
#9106 = CARTESIAN_POINT('',(0.24,-0.32,8.46));
#9107 = DIRECTION('',(0.707106781187,-1.735167508357E-18,0.707106781187)
  );
#9108 = DIRECTION('',(1.226948711654E-18,1.,1.226948711654E-18));
#9109 = ADVANCED_FACE('',(#9110),#9128,.T.);
#9110 = FACE_BOUND('',#9111,.F.);
#9111 = EDGE_LOOP('',(#9112,#9120,#9121,#9122));
#9112 = ORIENTED_EDGE('',*,*,#9113,.F.);
#9113 = EDGE_CURVE('',#8540,#9114,#9116,.T.);
#9114 = VERTEX_POINT('',#9115);
#9115 = CARTESIAN_POINT('',(-0.16,0.16,8.54));
#9116 = LINE('',#9117,#9118);
#9117 = CARTESIAN_POINT('',(-0.16,0.16,8.54));
#9118 = VECTOR('',#9119,1.);
#9119 = DIRECTION('',(0.57735026919,-0.57735026919,0.57735026919));
#9120 = ORIENTED_EDGE('',*,*,#8547,.T.);
#9121 = ORIENTED_EDGE('',*,*,#9091,.T.);
#9122 = ORIENTED_EDGE('',*,*,#9123,.F.);
#9123 = EDGE_CURVE('',#9114,#9092,#9124,.T.);
#9124 = LINE('',#9125,#9126);
#9125 = CARTESIAN_POINT('',(-0.32,0.16,8.54));
#9126 = VECTOR('',#9127,1.);
#9127 = DIRECTION('',(1.,0.,0.));
#9128 = PLANE('',#9129);
#9129 = AXIS2_PLACEMENT_3D('',#9130,#9131,#9132);
#9130 = CARTESIAN_POINT('',(-0.32,0.24,8.46));
#9131 = DIRECTION('',(1.735167508357E-18,0.707106781187,0.707106781187)
  );
#9132 = DIRECTION('',(-1.,1.226948711654E-18,1.226948711654E-18));
#9133 = ADVANCED_FACE('',(#9134),#9152,.F.);
#9134 = FACE_BOUND('',#9135,.F.);
#9135 = EDGE_LOOP('',(#9136,#9144,#9145,#9146));
#9136 = ORIENTED_EDGE('',*,*,#9137,.F.);
#9137 = EDGE_CURVE('',#8562,#9138,#9140,.T.);
#9138 = VERTEX_POINT('',#9139);
#9139 = CARTESIAN_POINT('',(-0.16,-0.16,8.54));
#9140 = LINE('',#9141,#9142);
#9141 = CARTESIAN_POINT('',(-0.266666666667,-0.266666666667,
    8.433333333333));
#9142 = VECTOR('',#9143,1.);
#9143 = DIRECTION('',(0.57735026919,0.57735026919,0.57735026919));
#9144 = ORIENTED_EDGE('',*,*,#8571,.T.);
#9145 = ORIENTED_EDGE('',*,*,#9113,.T.);
#9146 = ORIENTED_EDGE('',*,*,#9147,.F.);
#9147 = EDGE_CURVE('',#9138,#9114,#9148,.T.);
#9148 = LINE('',#9149,#9150);
#9149 = CARTESIAN_POINT('',(-0.16,-0.32,8.54));
#9150 = VECTOR('',#9151,1.);
#9151 = DIRECTION('',(0.,1.,0.));
#9152 = PLANE('',#9153);
#9153 = AXIS2_PLACEMENT_3D('',#9154,#9155,#9156);
#9154 = CARTESIAN_POINT('',(-0.24,-0.32,8.46));
#9155 = DIRECTION('',(0.707106781187,1.735167508357E-18,-0.707106781187)
  );
#9156 = DIRECTION('',(-1.226948711654E-18,1.,1.226948711654E-18));
#9157 = ADVANCED_FACE('',(#9158),#9169,.F.);
#9158 = FACE_BOUND('',#9159,.T.);
#9159 = EDGE_LOOP('',(#9160,#9161,#9162,#9163));
#9160 = ORIENTED_EDGE('',*,*,#9137,.F.);
#9161 = ORIENTED_EDGE('',*,*,#8588,.T.);
#9162 = ORIENTED_EDGE('',*,*,#9082,.T.);
#9163 = ORIENTED_EDGE('',*,*,#9164,.F.);
#9164 = EDGE_CURVE('',#9138,#9083,#9165,.T.);
#9165 = LINE('',#9166,#9167);
#9166 = CARTESIAN_POINT('',(-0.32,-0.16,8.54));
#9167 = VECTOR('',#9168,1.);
#9168 = DIRECTION('',(1.,0.,0.));
#9169 = PLANE('',#9170);
#9170 = AXIS2_PLACEMENT_3D('',#9171,#9172,#9173);
#9171 = CARTESIAN_POINT('',(-0.32,-0.24,8.46));
#9172 = DIRECTION('',(-1.735167508357E-18,0.707106781187,-0.707106781187
    ));
#9173 = DIRECTION('',(-1.,-1.226948711654E-18,1.226948711654E-18));
#9174 = ADVANCED_FACE('',(#9175),#9200,.F.);
#9175 = FACE_BOUND('',#9176,.T.);
#9176 = EDGE_LOOP('',(#9177,#9185,#9186,#9194));
#9177 = ORIENTED_EDGE('',*,*,#9178,.F.);
#9178 = EDGE_CURVE('',#8612,#9179,#9181,.T.);
#9179 = VERTEX_POINT('',#9180);
#9180 = CARTESIAN_POINT('',(-0.16,-2.7,8.54));
#9181 = LINE('',#9182,#9183);
#9182 = CARTESIAN_POINT('',(-0.266666666667,-2.806666666667,
    8.433333333333));
#9183 = VECTOR('',#9184,1.);
#9184 = DIRECTION('',(0.57735026919,0.57735026919,0.57735026919));
#9185 = ORIENTED_EDGE('',*,*,#8619,.T.);
#9186 = ORIENTED_EDGE('',*,*,#9187,.T.);
#9187 = EDGE_CURVE('',#8603,#9188,#9190,.T.);
#9188 = VERTEX_POINT('',#9189);
#9189 = CARTESIAN_POINT('',(0.16,-2.7,8.54));
#9190 = LINE('',#9191,#9192);
#9191 = CARTESIAN_POINT('',(0.16,-2.7,8.54));
#9192 = VECTOR('',#9193,1.);
#9193 = DIRECTION('',(-0.57735026919,0.57735026919,0.57735026919));
#9194 = ORIENTED_EDGE('',*,*,#9195,.F.);
#9195 = EDGE_CURVE('',#9179,#9188,#9196,.T.);
#9196 = LINE('',#9197,#9198);
#9197 = CARTESIAN_POINT('',(-0.32,-2.7,8.54));
#9198 = VECTOR('',#9199,1.);
#9199 = DIRECTION('',(1.,0.,0.));
#9200 = PLANE('',#9201);
#9201 = AXIS2_PLACEMENT_3D('',#9202,#9203,#9204);
#9202 = CARTESIAN_POINT('',(-0.32,-2.78,8.46));
#9203 = DIRECTION('',(-1.735167508357E-18,0.707106781187,-0.707106781187
    ));
#9204 = DIRECTION('',(-1.,-1.226948711654E-18,1.226948711654E-18));
#9205 = ADVANCED_FACE('',(#9206),#9224,.T.);
#9206 = FACE_BOUND('',#9207,.T.);
#9207 = EDGE_LOOP('',(#9208,#9209,#9210,#9218));
#9208 = ORIENTED_EDGE('',*,*,#9187,.F.);
#9209 = ORIENTED_EDGE('',*,*,#8643,.T.);
#9210 = ORIENTED_EDGE('',*,*,#9211,.T.);
#9211 = EDGE_CURVE('',#8636,#9212,#9214,.T.);
#9212 = VERTEX_POINT('',#9213);
#9213 = CARTESIAN_POINT('',(0.16,-2.38,8.54));
#9214 = LINE('',#9215,#9216);
#9215 = CARTESIAN_POINT('',(5.333333333333E-02,-2.486666666667,
    8.646666666667));
#9216 = VECTOR('',#9217,1.);
#9217 = DIRECTION('',(-0.57735026919,-0.57735026919,0.57735026919));
#9218 = ORIENTED_EDGE('',*,*,#9219,.F.);
#9219 = EDGE_CURVE('',#9188,#9212,#9220,.T.);
#9220 = LINE('',#9221,#9222);
#9221 = CARTESIAN_POINT('',(0.16,-2.86,8.54));
#9222 = VECTOR('',#9223,1.);
#9223 = DIRECTION('',(0.,1.,0.));
#9224 = PLANE('',#9225);
#9225 = AXIS2_PLACEMENT_3D('',#9226,#9227,#9228);
#9226 = CARTESIAN_POINT('',(0.24,-2.86,8.46));
#9227 = DIRECTION('',(0.707106781187,-1.735167508357E-18,0.707106781187)
  );
#9228 = DIRECTION('',(1.226948711654E-18,1.,1.226948711654E-18));
#9229 = ADVANCED_FACE('',(#9230),#9248,.T.);
#9230 = FACE_BOUND('',#9231,.F.);
#9231 = EDGE_LOOP('',(#9232,#9240,#9241,#9242));
#9232 = ORIENTED_EDGE('',*,*,#9233,.F.);
#9233 = EDGE_CURVE('',#8660,#9234,#9236,.T.);
#9234 = VERTEX_POINT('',#9235);
#9235 = CARTESIAN_POINT('',(-0.16,-2.38,8.54));
#9236 = LINE('',#9237,#9238);
#9237 = CARTESIAN_POINT('',(-0.16,-2.38,8.54));
#9238 = VECTOR('',#9239,1.);
#9239 = DIRECTION('',(0.57735026919,-0.57735026919,0.57735026919));
#9240 = ORIENTED_EDGE('',*,*,#8667,.T.);
#9241 = ORIENTED_EDGE('',*,*,#9211,.T.);
#9242 = ORIENTED_EDGE('',*,*,#9243,.F.);
#9243 = EDGE_CURVE('',#9234,#9212,#9244,.T.);
#9244 = LINE('',#9245,#9246);
#9245 = CARTESIAN_POINT('',(-0.32,-2.38,8.54));
#9246 = VECTOR('',#9247,1.);
#9247 = DIRECTION('',(1.,0.,0.));
#9248 = PLANE('',#9249);
#9249 = AXIS2_PLACEMENT_3D('',#9250,#9251,#9252);
#9250 = CARTESIAN_POINT('',(-0.32,-2.3,8.46));
#9251 = DIRECTION('',(1.735167508357E-18,0.707106781187,0.707106781187)
  );
#9252 = DIRECTION('',(-1.,1.226948711654E-18,1.226948711654E-18));
#9253 = ADVANCED_FACE('',(#9254),#9265,.F.);
#9254 = FACE_BOUND('',#9255,.F.);
#9255 = EDGE_LOOP('',(#9256,#9257,#9258,#9259));
#9256 = ORIENTED_EDGE('',*,*,#9178,.F.);
#9257 = ORIENTED_EDGE('',*,*,#8684,.T.);
#9258 = ORIENTED_EDGE('',*,*,#9233,.T.);
#9259 = ORIENTED_EDGE('',*,*,#9260,.F.);
#9260 = EDGE_CURVE('',#9179,#9234,#9261,.T.);
#9261 = LINE('',#9262,#9263);
#9262 = CARTESIAN_POINT('',(-0.16,-2.86,8.54));
#9263 = VECTOR('',#9264,1.);
#9264 = DIRECTION('',(0.,1.,0.));
#9265 = PLANE('',#9266);
#9266 = AXIS2_PLACEMENT_3D('',#9267,#9268,#9269);
#9267 = CARTESIAN_POINT('',(-0.24,-2.86,8.46));
#9268 = DIRECTION('',(0.707106781187,1.735167508357E-18,-0.707106781187)
  );
#9269 = DIRECTION('',(-1.226948711654E-18,1.,1.226948711654E-18));
#9270 = ADVANCED_FACE('',(#9271),#9296,.T.);
#9271 = FACE_BOUND('',#9272,.F.);
#9272 = EDGE_LOOP('',(#9273,#9281,#9282,#9290));
#9273 = ORIENTED_EDGE('',*,*,#9274,.F.);
#9274 = EDGE_CURVE('',#8708,#9275,#9277,.T.);
#9275 = VERTEX_POINT('',#9276);
#9276 = CARTESIAN_POINT('',(-0.16,-4.92,8.54));
#9277 = LINE('',#9278,#9279);
#9278 = CARTESIAN_POINT('',(-0.16,-4.92,8.54));
#9279 = VECTOR('',#9280,1.);
#9280 = DIRECTION('',(0.57735026919,-0.57735026919,0.57735026919));
#9281 = ORIENTED_EDGE('',*,*,#8715,.T.);
#9282 = ORIENTED_EDGE('',*,*,#9283,.T.);
#9283 = EDGE_CURVE('',#8699,#9284,#9286,.T.);
#9284 = VERTEX_POINT('',#9285);
#9285 = CARTESIAN_POINT('',(0.16,-4.92,8.54));
#9286 = LINE('',#9287,#9288);
#9287 = CARTESIAN_POINT('',(5.333333333333E-02,-5.026666666667,
    8.646666666667));
#9288 = VECTOR('',#9289,1.);
#9289 = DIRECTION('',(-0.57735026919,-0.57735026919,0.57735026919));
#9290 = ORIENTED_EDGE('',*,*,#9291,.F.);
#9291 = EDGE_CURVE('',#9275,#9284,#9292,.T.);
#9292 = LINE('',#9293,#9294);
#9293 = CARTESIAN_POINT('',(-0.32,-4.92,8.54));
#9294 = VECTOR('',#9295,1.);
#9295 = DIRECTION('',(1.,0.,0.));
#9296 = PLANE('',#9297);
#9297 = AXIS2_PLACEMENT_3D('',#9298,#9299,#9300);
#9298 = CARTESIAN_POINT('',(-0.32,-4.84,8.46));
#9299 = DIRECTION('',(1.735167508357E-18,0.707106781187,0.707106781187)
  );
#9300 = DIRECTION('',(-1.,1.226948711654E-18,1.226948711654E-18));
#9301 = ADVANCED_FACE('',(#9302),#9320,.F.);
#9302 = FACE_BOUND('',#9303,.F.);
#9303 = EDGE_LOOP('',(#9304,#9312,#9313,#9314));
#9304 = ORIENTED_EDGE('',*,*,#9305,.F.);
#9305 = EDGE_CURVE('',#8730,#9306,#9308,.T.);
#9306 = VERTEX_POINT('',#9307);
#9307 = CARTESIAN_POINT('',(-0.16,-5.24,8.54));
#9308 = LINE('',#9309,#9310);
#9309 = CARTESIAN_POINT('',(-0.266666666667,-5.346666666667,
    8.433333333333));
#9310 = VECTOR('',#9311,1.);
#9311 = DIRECTION('',(0.57735026919,0.57735026919,0.57735026919));
#9312 = ORIENTED_EDGE('',*,*,#8739,.T.);
#9313 = ORIENTED_EDGE('',*,*,#9274,.T.);
#9314 = ORIENTED_EDGE('',*,*,#9315,.F.);
#9315 = EDGE_CURVE('',#9306,#9275,#9316,.T.);
#9316 = LINE('',#9317,#9318);
#9317 = CARTESIAN_POINT('',(-0.16,-5.4,8.54));
#9318 = VECTOR('',#9319,1.);
#9319 = DIRECTION('',(0.,1.,0.));
#9320 = PLANE('',#9321);
#9321 = AXIS2_PLACEMENT_3D('',#9322,#9323,#9324);
#9322 = CARTESIAN_POINT('',(-0.24,-5.4,8.46));
#9323 = DIRECTION('',(0.707106781187,1.735167508357E-18,-0.707106781187)
  );
#9324 = DIRECTION('',(-1.226948711654E-18,1.,1.226948711654E-18));
#9325 = ADVANCED_FACE('',(#9326),#9344,.F.);
#9326 = FACE_BOUND('',#9327,.T.);
#9327 = EDGE_LOOP('',(#9328,#9329,#9330,#9338));
#9328 = ORIENTED_EDGE('',*,*,#9305,.F.);
#9329 = ORIENTED_EDGE('',*,*,#8763,.T.);
#9330 = ORIENTED_EDGE('',*,*,#9331,.T.);
#9331 = EDGE_CURVE('',#8754,#9332,#9334,.T.);
#9332 = VERTEX_POINT('',#9333);
#9333 = CARTESIAN_POINT('',(0.16,-5.24,8.54));
#9334 = LINE('',#9335,#9336);
#9335 = CARTESIAN_POINT('',(0.16,-5.24,8.54));
#9336 = VECTOR('',#9337,1.);
#9337 = DIRECTION('',(-0.57735026919,0.57735026919,0.57735026919));
#9338 = ORIENTED_EDGE('',*,*,#9339,.F.);
#9339 = EDGE_CURVE('',#9306,#9332,#9340,.T.);
#9340 = LINE('',#9341,#9342);
#9341 = CARTESIAN_POINT('',(-0.32,-5.24,8.54));
#9342 = VECTOR('',#9343,1.);
#9343 = DIRECTION('',(1.,0.,0.));
#9344 = PLANE('',#9345);
#9345 = AXIS2_PLACEMENT_3D('',#9346,#9347,#9348);
#9346 = CARTESIAN_POINT('',(-0.32,-5.32,8.46));
#9347 = DIRECTION('',(-1.735167508357E-18,0.707106781187,-0.707106781187
    ));
#9348 = DIRECTION('',(-1.,-1.226948711654E-18,1.226948711654E-18));
#9349 = ADVANCED_FACE('',(#9350),#9361,.T.);
#9350 = FACE_BOUND('',#9351,.T.);
#9351 = EDGE_LOOP('',(#9352,#9353,#9354,#9355));
#9352 = ORIENTED_EDGE('',*,*,#9331,.F.);
#9353 = ORIENTED_EDGE('',*,*,#8780,.T.);
#9354 = ORIENTED_EDGE('',*,*,#9283,.T.);
#9355 = ORIENTED_EDGE('',*,*,#9356,.F.);
#9356 = EDGE_CURVE('',#9332,#9284,#9357,.T.);
#9357 = LINE('',#9358,#9359);
#9358 = CARTESIAN_POINT('',(0.16,-5.4,8.54));
#9359 = VECTOR('',#9360,1.);
#9360 = DIRECTION('',(0.,1.,0.));
#9361 = PLANE('',#9362);
#9362 = AXIS2_PLACEMENT_3D('',#9363,#9364,#9365);
#9363 = CARTESIAN_POINT('',(0.24,-5.4,8.46));
#9364 = DIRECTION('',(0.707106781187,-1.735167508357E-18,0.707106781187)
  );
#9365 = DIRECTION('',(1.226948711654E-18,1.,1.226948711654E-18));
#9366 = ADVANCED_FACE('',(#9367),#9373,.F.);
#9367 = FACE_BOUND('',#9368,.F.);
#9368 = EDGE_LOOP('',(#9369,#9370,#9371,#9372));
#9369 = ORIENTED_EDGE('',*,*,#8835,.F.);
#9370 = ORIENTED_EDGE('',*,*,#8859,.F.);
#9371 = ORIENTED_EDGE('',*,*,#8876,.T.);
#9372 = ORIENTED_EDGE('',*,*,#8811,.T.);
#9373 = PLANE('',#9374);
#9374 = AXIS2_PLACEMENT_3D('',#9375,#9376,#9377);
#9375 = CARTESIAN_POINT('',(-0.32,-0.32,-3.));
#9376 = DIRECTION('',(0.,0.,1.));
#9377 = DIRECTION('',(1.,0.,-0.));
#9378 = ADVANCED_FACE('',(#9379),#9385,.F.);
#9379 = FACE_BOUND('',#9380,.F.);
#9380 = EDGE_LOOP('',(#9381,#9382,#9383,#9384));
#9381 = ORIENTED_EDGE('',*,*,#8955,.F.);
#9382 = ORIENTED_EDGE('',*,*,#8972,.F.);
#9383 = ORIENTED_EDGE('',*,*,#8907,.T.);
#9384 = ORIENTED_EDGE('',*,*,#8931,.T.);
#9385 = PLANE('',#9386);
#9386 = AXIS2_PLACEMENT_3D('',#9387,#9388,#9389);
#9387 = CARTESIAN_POINT('',(-0.32,-2.86,-3.));
#9388 = DIRECTION('',(0.,0.,1.));
#9389 = DIRECTION('',(1.,0.,-0.));
#9390 = ADVANCED_FACE('',(#9391),#9397,.F.);
#9391 = FACE_BOUND('',#9392,.F.);
#9392 = EDGE_LOOP('',(#9393,#9394,#9395,#9396));
#9393 = ORIENTED_EDGE('',*,*,#9003,.F.);
#9394 = ORIENTED_EDGE('',*,*,#9027,.F.);
#9395 = ORIENTED_EDGE('',*,*,#9051,.T.);
#9396 = ORIENTED_EDGE('',*,*,#9068,.T.);
#9397 = PLANE('',#9398);
#9398 = AXIS2_PLACEMENT_3D('',#9399,#9400,#9401);
#9399 = CARTESIAN_POINT('',(-0.32,-5.4,-3.));
#9400 = DIRECTION('',(0.,0.,1.));
#9401 = DIRECTION('',(1.,0.,-0.));
#9402 = ADVANCED_FACE('',(#9403),#9409,.T.);
#9403 = FACE_BOUND('',#9404,.T.);
#9404 = EDGE_LOOP('',(#9405,#9406,#9407,#9408));
#9405 = ORIENTED_EDGE('',*,*,#9164,.T.);
#9406 = ORIENTED_EDGE('',*,*,#9099,.T.);
#9407 = ORIENTED_EDGE('',*,*,#9123,.F.);
#9408 = ORIENTED_EDGE('',*,*,#9147,.F.);
#9409 = PLANE('',#9410);
#9410 = AXIS2_PLACEMENT_3D('',#9411,#9412,#9413);
#9411 = CARTESIAN_POINT('',(-0.32,-0.32,8.54));
#9412 = DIRECTION('',(0.,0.,1.));
#9413 = DIRECTION('',(1.,0.,-0.));
#9414 = ADVANCED_FACE('',(#9415),#9421,.T.);
#9415 = FACE_BOUND('',#9416,.T.);
#9416 = EDGE_LOOP('',(#9417,#9418,#9419,#9420));
#9417 = ORIENTED_EDGE('',*,*,#9195,.T.);
#9418 = ORIENTED_EDGE('',*,*,#9219,.T.);
#9419 = ORIENTED_EDGE('',*,*,#9243,.F.);
#9420 = ORIENTED_EDGE('',*,*,#9260,.F.);
#9421 = PLANE('',#9422);
#9422 = AXIS2_PLACEMENT_3D('',#9423,#9424,#9425);
#9423 = CARTESIAN_POINT('',(-0.32,-2.86,8.54));
#9424 = DIRECTION('',(0.,0.,1.));
#9425 = DIRECTION('',(1.,0.,-0.));
#9426 = ADVANCED_FACE('',(#9427),#9433,.T.);
#9427 = FACE_BOUND('',#9428,.T.);
#9428 = EDGE_LOOP('',(#9429,#9430,#9431,#9432));
#9429 = ORIENTED_EDGE('',*,*,#9339,.T.);
#9430 = ORIENTED_EDGE('',*,*,#9356,.T.);
#9431 = ORIENTED_EDGE('',*,*,#9291,.F.);
#9432 = ORIENTED_EDGE('',*,*,#9315,.F.);
#9433 = PLANE('',#9434);
#9434 = AXIS2_PLACEMENT_3D('',#9435,#9436,#9437);
#9435 = CARTESIAN_POINT('',(-0.32,-5.4,8.54));
#9436 = DIRECTION('',(0.,0.,1.));
#9437 = DIRECTION('',(1.,0.,-0.));
#9438 = ( GEOMETRIC_REPRESENTATION_CONTEXT(3) 
GLOBAL_UNCERTAINTY_ASSIGNED_CONTEXT((#9442)) 
GLOBAL_UNIT_ASSIGNED_CONTEXT((#9439,#9440,#9441)) REPRESENTATION_CONTEXT
('Context #1','3D Context with UNIT and UNCERTAINTY') );
#9439 = ( LENGTH_UNIT() NAMED_UNIT(*) SI_UNIT(.MILLI.,.METRE.) );
#9440 = ( NAMED_UNIT(*) PLANE_ANGLE_UNIT() SI_UNIT($,.RADIAN.) );
#9441 = ( NAMED_UNIT(*) SI_UNIT($,.STERADIAN.) SOLID_ANGLE_UNIT() );
#9442 = UNCERTAINTY_MEASURE_WITH_UNIT(LENGTH_MEASURE(1.E-07),#9439,
  'distance_accuracy_value','confusion accuracy');
#9443 = CONTEXT_DEPENDENT_SHAPE_REPRESENTATION(#9444,#9446);
#9444 = ( REPRESENTATION_RELATIONSHIP('','',#7331,#7308) 
REPRESENTATION_RELATIONSHIP_WITH_TRANSFORMATION(#9445) 
SHAPE_REPRESENTATION_RELATIONSHIP() );
#9445 = ITEM_DEFINED_TRANSFORMATION('','',#11,#7309);
#9446 = PRODUCT_DEFINITION_SHAPE('Placement','Placement of an item',
  #9447);
#9447 = NEXT_ASSEMBLY_USAGE_OCCURRENCE('23','=>[0:1:1:11]','',#7303,
  #7326,$);
#9448 = PRODUCT_RELATED_PRODUCT_CATEGORY('part',$,(#7328));
#9449 = CONTEXT_DEPENDENT_SHAPE_REPRESENTATION(#9450,#9452);
#9450 = ( REPRESENTATION_RELATIONSHIP('','',#3286,#10) 
REPRESENTATION_RELATIONSHIP_WITH_TRANSFORMATION(#9451) 
SHAPE_REPRESENTATION_RELATIONSHIP() );
#9451 = ITEM_DEFINED_TRANSFORMATION('','',#11,#91);
#9452 = PRODUCT_DEFINITION_SHAPE('Placement','Placement of an item',
  #9453);
#9453 = NEXT_ASSEMBLY_USAGE_OCCURRENCE('25','C2','',#5,#3281,$);
#9454 = SHAPE_DEFINITION_REPRESENTATION(#9455,#9461);
#9455 = PRODUCT_DEFINITION_SHAPE('','',#9456);
#9456 = PRODUCT_DEFINITION('design','',#9457,#9460);
#9457 = PRODUCT_DEFINITION_FORMATION('','',#9458);
#9458 = PRODUCT('celebiNewMD_PCB','celebiNewMD_PCB','',(#9459));
#9459 = PRODUCT_CONTEXT('',#2,'mechanical');
#9460 = PRODUCT_DEFINITION_CONTEXT('part definition',#2,'design');
#9461 = ADVANCED_BREP_SHAPE_REPRESENTATION('',(#11,#9462),#13941);
#9462 = MANIFOLD_SOLID_BREP('',#9463);
#9463 = CLOSED_SHELL('',(#9464,#9504,#9535,#9566,#10804,#12042,#12054,
    #12071,#12088,#12105,#12122,#12139,#12156,#12173,#12190,#12207,
    #12224,#12241,#12258,#12275,#12292,#12309,#12326,#12343,#12360,
    #12377,#12394,#12411,#12428,#12445,#12462,#12479,#12496,#12513,
    #12530,#12547,#12564,#12581,#12598,#12615,#12632,#12649,#12666,
    #12683,#12700,#12717,#12734,#12751,#12768,#12785,#12802,#12819,
    #12836,#12853,#12870,#12887,#12904,#12921,#12938,#12955,#12972,
    #12989,#13006,#13023,#13040,#13057,#13074,#13091,#13108,#13125,
    #13142,#13159,#13176,#13193,#13210,#13227,#13244,#13261,#13278,
    #13295,#13312,#13329,#13346,#13363,#13380,#13397,#13414,#13431,
    #13448,#13465,#13482,#13499,#13516,#13533,#13550,#13567,#13584,
    #13601,#13618,#13635,#13652,#13669,#13686,#13703,#13720,#13737,
    #13754,#13771,#13788,#13805,#13822,#13839,#13856,#13873,#13890,
    #13907,#13924));
#9464 = ADVANCED_FACE('',(#9465),#9499,.T.);
#9465 = FACE_BOUND('',#9466,.T.);
#9466 = EDGE_LOOP('',(#9467,#9477,#9485,#9493));
#9467 = ORIENTED_EDGE('',*,*,#9468,.T.);
#9468 = EDGE_CURVE('',#9469,#9471,#9473,.T.);
#9469 = VERTEX_POINT('',#9470);
#9470 = CARTESIAN_POINT('',(149.5,-100.,0.));
#9471 = VERTEX_POINT('',#9472);
#9472 = CARTESIAN_POINT('',(149.5,-100.,1.6));
#9473 = LINE('',#9474,#9475);
#9474 = CARTESIAN_POINT('',(149.5,-100.,0.));
#9475 = VECTOR('',#9476,1.);
#9476 = DIRECTION('',(0.,0.,1.));
#9477 = ORIENTED_EDGE('',*,*,#9478,.T.);
#9478 = EDGE_CURVE('',#9471,#9479,#9481,.T.);
#9479 = VERTEX_POINT('',#9480);
#9480 = CARTESIAN_POINT('',(50.,-100.,1.6));
#9481 = LINE('',#9482,#9483);
#9482 = CARTESIAN_POINT('',(149.5,-100.,1.6));
#9483 = VECTOR('',#9484,1.);
#9484 = DIRECTION('',(-1.,0.,0.));
#9485 = ORIENTED_EDGE('',*,*,#9486,.F.);
#9486 = EDGE_CURVE('',#9487,#9479,#9489,.T.);
#9487 = VERTEX_POINT('',#9488);
#9488 = CARTESIAN_POINT('',(50.,-100.,0.));
#9489 = LINE('',#9490,#9491);
#9490 = CARTESIAN_POINT('',(50.,-100.,0.));
#9491 = VECTOR('',#9492,1.);
#9492 = DIRECTION('',(0.,0.,1.));
#9493 = ORIENTED_EDGE('',*,*,#9494,.F.);
#9494 = EDGE_CURVE('',#9469,#9487,#9495,.T.);
#9495 = LINE('',#9496,#9497);
#9496 = CARTESIAN_POINT('',(149.5,-100.,0.));
#9497 = VECTOR('',#9498,1.);
#9498 = DIRECTION('',(-1.,0.,0.));
#9499 = PLANE('',#9500);
#9500 = AXIS2_PLACEMENT_3D('',#9501,#9502,#9503);
#9501 = CARTESIAN_POINT('',(149.5,-100.,0.));
#9502 = DIRECTION('',(0.,-1.,0.));
#9503 = DIRECTION('',(-1.,0.,0.));
#9504 = ADVANCED_FACE('',(#9505),#9530,.T.);
#9505 = FACE_BOUND('',#9506,.T.);
#9506 = EDGE_LOOP('',(#9507,#9517,#9523,#9524));
#9507 = ORIENTED_EDGE('',*,*,#9508,.T.);
#9508 = EDGE_CURVE('',#9509,#9511,#9513,.T.);
#9509 = VERTEX_POINT('',#9510);
#9510 = CARTESIAN_POINT('',(149.5,-50.,0.));
#9511 = VERTEX_POINT('',#9512);
#9512 = CARTESIAN_POINT('',(149.5,-50.,1.6));
#9513 = LINE('',#9514,#9515);
#9514 = CARTESIAN_POINT('',(149.5,-50.,0.));
#9515 = VECTOR('',#9516,1.);
#9516 = DIRECTION('',(0.,0.,1.));
#9517 = ORIENTED_EDGE('',*,*,#9518,.T.);
#9518 = EDGE_CURVE('',#9511,#9471,#9519,.T.);
#9519 = LINE('',#9520,#9521);
#9520 = CARTESIAN_POINT('',(149.5,-50.,1.6));
#9521 = VECTOR('',#9522,1.);
#9522 = DIRECTION('',(0.,-1.,0.));
#9523 = ORIENTED_EDGE('',*,*,#9468,.F.);
#9524 = ORIENTED_EDGE('',*,*,#9525,.F.);
#9525 = EDGE_CURVE('',#9509,#9469,#9526,.T.);
#9526 = LINE('',#9527,#9528);
#9527 = CARTESIAN_POINT('',(149.5,-50.,0.));
#9528 = VECTOR('',#9529,1.);
#9529 = DIRECTION('',(0.,-1.,0.));
#9530 = PLANE('',#9531);
#9531 = AXIS2_PLACEMENT_3D('',#9532,#9533,#9534);
#9532 = CARTESIAN_POINT('',(149.5,-50.,0.));
#9533 = DIRECTION('',(1.,0.,-0.));
#9534 = DIRECTION('',(0.,-1.,0.));
#9535 = ADVANCED_FACE('',(#9536),#9561,.T.);
#9536 = FACE_BOUND('',#9537,.T.);
#9537 = EDGE_LOOP('',(#9538,#9539,#9547,#9555));
#9538 = ORIENTED_EDGE('',*,*,#9486,.T.);
#9539 = ORIENTED_EDGE('',*,*,#9540,.T.);
#9540 = EDGE_CURVE('',#9479,#9541,#9543,.T.);
#9541 = VERTEX_POINT('',#9542);
#9542 = CARTESIAN_POINT('',(50.,-50.,1.6));
#9543 = LINE('',#9544,#9545);
#9544 = CARTESIAN_POINT('',(50.,-100.,1.6));
#9545 = VECTOR('',#9546,1.);
#9546 = DIRECTION('',(0.,1.,0.));
#9547 = ORIENTED_EDGE('',*,*,#9548,.F.);
#9548 = EDGE_CURVE('',#9549,#9541,#9551,.T.);
#9549 = VERTEX_POINT('',#9550);
#9550 = CARTESIAN_POINT('',(50.,-50.,0.));
#9551 = LINE('',#9552,#9553);
#9552 = CARTESIAN_POINT('',(50.,-50.,0.));
#9553 = VECTOR('',#9554,1.);
#9554 = DIRECTION('',(0.,0.,1.));
#9555 = ORIENTED_EDGE('',*,*,#9556,.F.);
#9556 = EDGE_CURVE('',#9487,#9549,#9557,.T.);
#9557 = LINE('',#9558,#9559);
#9558 = CARTESIAN_POINT('',(50.,-100.,0.));
#9559 = VECTOR('',#9560,1.);
#9560 = DIRECTION('',(0.,1.,0.));
#9561 = PLANE('',#9562);
#9562 = AXIS2_PLACEMENT_3D('',#9563,#9564,#9565);
#9563 = CARTESIAN_POINT('',(50.,-100.,0.));
#9564 = DIRECTION('',(-1.,0.,0.));
#9565 = DIRECTION('',(0.,1.,0.));
#9566 = ADVANCED_FACE('',(#9567,#9578,#9589,#9600,#9611,#9622,#9633,
    #9644,#9655,#9666,#9677,#9688,#9699,#9710,#9721,#9732,#9743,#9754,
    #9765,#9776,#9787,#9798,#9809,#9820,#9831,#9842,#9853,#9864,#9875,
    #9886,#9897,#9908,#9919,#9930,#9941,#9952,#9963,#9974,#9985,#9996,
    #10007,#10018,#10029,#10040,#10051,#10062,#10073,#10084,#10095,
    #10106,#10117,#10128,#10139,#10150,#10161,#10172,#10183,#10194,
    #10205,#10216,#10227,#10238,#10249,#10260,#10271,#10282,#10293,
    #10304,#10315,#10326,#10337,#10348,#10359,#10370,#10381,#10392,
    #10403,#10414,#10425,#10436,#10447,#10458,#10469,#10480,#10491,
    #10502,#10513,#10524,#10535,#10546,#10557,#10568,#10579,#10590,
    #10601,#10612,#10623,#10634,#10645,#10656,#10667,#10678,#10689,
    #10700,#10711,#10722,#10733,#10744,#10755,#10766,#10777,#10788),
  #10799,.F.);
#9567 = FACE_BOUND('',#9568,.F.);
#9568 = EDGE_LOOP('',(#9569,#9570,#9571,#9577));
#9569 = ORIENTED_EDGE('',*,*,#9494,.F.);
#9570 = ORIENTED_EDGE('',*,*,#9525,.F.);
#9571 = ORIENTED_EDGE('',*,*,#9572,.F.);
#9572 = EDGE_CURVE('',#9549,#9509,#9573,.T.);
#9573 = LINE('',#9574,#9575);
#9574 = CARTESIAN_POINT('',(50.,-50.,0.));
#9575 = VECTOR('',#9576,1.);
#9576 = DIRECTION('',(1.,0.,0.));
#9577 = ORIENTED_EDGE('',*,*,#9556,.F.);
#9578 = FACE_BOUND('',#9579,.F.);
#9579 = EDGE_LOOP('',(#9580));
#9580 = ORIENTED_EDGE('',*,*,#9581,.T.);
#9581 = EDGE_CURVE('',#9582,#9582,#9584,.T.);
#9582 = VERTEX_POINT('',#9583);
#9583 = CARTESIAN_POINT('',(58.945,-95.6,0.));
#9584 = CIRCLE('',#9585,0.6);
#9585 = AXIS2_PLACEMENT_3D('',#9586,#9587,#9588);
#9586 = CARTESIAN_POINT('',(58.945,-95.,0.));
#9587 = DIRECTION('',(-0.,0.,-1.));
#9588 = DIRECTION('',(-0.,-1.,0.));
#9589 = FACE_BOUND('',#9590,.F.);
#9590 = EDGE_LOOP('',(#9591));
#9591 = ORIENTED_EDGE('',*,*,#9592,.T.);
#9592 = EDGE_CURVE('',#9593,#9593,#9595,.T.);
#9593 = VERTEX_POINT('',#9594);
#9594 = CARTESIAN_POINT('',(62.445,-95.6,0.));
#9595 = CIRCLE('',#9596,0.6);
#9596 = AXIS2_PLACEMENT_3D('',#9597,#9598,#9599);
#9597 = CARTESIAN_POINT('',(62.445,-95.,0.));
#9598 = DIRECTION('',(-0.,0.,-1.));
#9599 = DIRECTION('',(-0.,-1.,0.));
#9600 = FACE_BOUND('',#9601,.F.);
#9601 = EDGE_LOOP('',(#9602));
#9602 = ORIENTED_EDGE('',*,*,#9603,.T.);
#9603 = EDGE_CURVE('',#9604,#9604,#9606,.T.);
#9604 = VERTEX_POINT('',#9605);
#9605 = CARTESIAN_POINT('',(65.945,-95.6,0.));
#9606 = CIRCLE('',#9607,0.6);
#9607 = AXIS2_PLACEMENT_3D('',#9608,#9609,#9610);
#9608 = CARTESIAN_POINT('',(65.945,-95.,0.));
#9609 = DIRECTION('',(-0.,0.,-1.));
#9610 = DIRECTION('',(-0.,-1.,0.));
#9611 = FACE_BOUND('',#9612,.F.);
#9612 = EDGE_LOOP('',(#9613));
#9613 = ORIENTED_EDGE('',*,*,#9614,.T.);
#9614 = EDGE_CURVE('',#9615,#9615,#9617,.T.);
#9615 = VERTEX_POINT('',#9616);
#9616 = CARTESIAN_POINT('',(74.945,-95.6,0.));
#9617 = CIRCLE('',#9618,0.6);
#9618 = AXIS2_PLACEMENT_3D('',#9619,#9620,#9621);
#9619 = CARTESIAN_POINT('',(74.945,-95.,0.));
#9620 = DIRECTION('',(-0.,0.,-1.));
#9621 = DIRECTION('',(-0.,-1.,0.));
#9622 = FACE_BOUND('',#9623,.F.);
#9623 = EDGE_LOOP('',(#9624));
#9624 = ORIENTED_EDGE('',*,*,#9625,.T.);
#9625 = EDGE_CURVE('',#9626,#9626,#9628,.T.);
#9626 = VERTEX_POINT('',#9627);
#9627 = CARTESIAN_POINT('',(54.,-91.35,0.));
#9628 = CIRCLE('',#9629,1.35);
#9629 = AXIS2_PLACEMENT_3D('',#9630,#9631,#9632);
#9630 = CARTESIAN_POINT('',(54.,-90.,0.));
#9631 = DIRECTION('',(-0.,0.,-1.));
#9632 = DIRECTION('',(-0.,-1.,0.));
#9633 = FACE_BOUND('',#9634,.F.);
#9634 = EDGE_LOOP('',(#9635));
#9635 = ORIENTED_EDGE('',*,*,#9636,.T.);
#9636 = EDGE_CURVE('',#9637,#9637,#9639,.T.);
#9637 = VERTEX_POINT('',#9638);
#9638 = CARTESIAN_POINT('',(78.445,-95.6,0.));
#9639 = CIRCLE('',#9640,0.6);
#9640 = AXIS2_PLACEMENT_3D('',#9641,#9642,#9643);
#9641 = CARTESIAN_POINT('',(78.445,-95.,0.));
#9642 = DIRECTION('',(-0.,0.,-1.));
#9643 = DIRECTION('',(-0.,-1.,0.));
#9644 = FACE_BOUND('',#9645,.F.);
#9645 = EDGE_LOOP('',(#9646));
#9646 = ORIENTED_EDGE('',*,*,#9647,.T.);
#9647 = EDGE_CURVE('',#9648,#9648,#9650,.T.);
#9648 = VERTEX_POINT('',#9649);
#9649 = CARTESIAN_POINT('',(81.945,-95.6,0.));
#9650 = CIRCLE('',#9651,0.6);
#9651 = AXIS2_PLACEMENT_3D('',#9652,#9653,#9654);
#9652 = CARTESIAN_POINT('',(81.945,-95.,0.));
#9653 = DIRECTION('',(-0.,0.,-1.));
#9654 = DIRECTION('',(-0.,-1.,0.));
#9655 = FACE_BOUND('',#9656,.F.);
#9656 = EDGE_LOOP('',(#9657));
#9657 = ORIENTED_EDGE('',*,*,#9658,.T.);
#9658 = EDGE_CURVE('',#9659,#9659,#9661,.T.);
#9659 = VERTEX_POINT('',#9660);
#9660 = CARTESIAN_POINT('',(90.,-95.6675,0.));
#9661 = CIRCLE('',#9662,0.6);
#9662 = AXIS2_PLACEMENT_3D('',#9663,#9664,#9665);
#9663 = CARTESIAN_POINT('',(90.,-95.0675,0.));
#9664 = DIRECTION('',(-0.,0.,-1.));
#9665 = DIRECTION('',(-0.,-1.,0.));
#9666 = FACE_BOUND('',#9667,.F.);
#9667 = EDGE_LOOP('',(#9668));
#9668 = ORIENTED_EDGE('',*,*,#9669,.T.);
#9669 = EDGE_CURVE('',#9670,#9670,#9672,.T.);
#9670 = VERTEX_POINT('',#9671);
#9671 = CARTESIAN_POINT('',(93.5,-95.6675,0.));
#9672 = CIRCLE('',#9673,0.6);
#9673 = AXIS2_PLACEMENT_3D('',#9674,#9675,#9676);
#9674 = CARTESIAN_POINT('',(93.5,-95.0675,0.));
#9675 = DIRECTION('',(-0.,0.,-1.));
#9676 = DIRECTION('',(-0.,-1.,0.));
#9677 = FACE_BOUND('',#9678,.F.);
#9678 = EDGE_LOOP('',(#9679));
#9679 = ORIENTED_EDGE('',*,*,#9680,.T.);
#9680 = EDGE_CURVE('',#9681,#9681,#9683,.T.);
#9681 = VERTEX_POINT('',#9682);
#9682 = CARTESIAN_POINT('',(97.,-95.6675,0.));
#9683 = CIRCLE('',#9684,0.6);
#9684 = AXIS2_PLACEMENT_3D('',#9685,#9686,#9687);
#9685 = CARTESIAN_POINT('',(97.,-95.0675,0.));
#9686 = DIRECTION('',(-0.,0.,-1.));
#9687 = DIRECTION('',(-0.,-1.,0.));
#9688 = FACE_BOUND('',#9689,.F.);
#9689 = EDGE_LOOP('',(#9690));
#9690 = ORIENTED_EDGE('',*,*,#9691,.T.);
#9691 = EDGE_CURVE('',#9692,#9692,#9694,.T.);
#9692 = VERTEX_POINT('',#9693);
#9693 = CARTESIAN_POINT('',(52.14,-85.14,0.));
#9694 = CIRCLE('',#9695,0.4);
#9695 = AXIS2_PLACEMENT_3D('',#9696,#9697,#9698);
#9696 = CARTESIAN_POINT('',(52.14,-84.74,0.));
#9697 = DIRECTION('',(-0.,0.,-1.));
#9698 = DIRECTION('',(-0.,-1.,0.));
#9699 = FACE_BOUND('',#9700,.F.);
#9700 = EDGE_LOOP('',(#9701));
#9701 = ORIENTED_EDGE('',*,*,#9702,.T.);
#9702 = EDGE_CURVE('',#9703,#9703,#9705,.T.);
#9703 = VERTEX_POINT('',#9704);
#9704 = CARTESIAN_POINT('',(54.68,-85.14,0.));
#9705 = CIRCLE('',#9706,0.4);
#9706 = AXIS2_PLACEMENT_3D('',#9707,#9708,#9709);
#9707 = CARTESIAN_POINT('',(54.68,-84.74,0.));
#9708 = DIRECTION('',(-0.,0.,-1.));
#9709 = DIRECTION('',(-0.,-1.,0.));
#9710 = FACE_BOUND('',#9711,.F.);
#9711 = EDGE_LOOP('',(#9712));
#9712 = ORIENTED_EDGE('',*,*,#9713,.T.);
#9713 = EDGE_CURVE('',#9714,#9714,#9716,.T.);
#9714 = VERTEX_POINT('',#9715);
#9715 = CARTESIAN_POINT('',(57.22,-85.14,0.));
#9716 = CIRCLE('',#9717,0.4);
#9717 = AXIS2_PLACEMENT_3D('',#9718,#9719,#9720);
#9718 = CARTESIAN_POINT('',(57.22,-84.74,0.));
#9719 = DIRECTION('',(-0.,0.,-1.));
#9720 = DIRECTION('',(-0.,-1.,0.));
#9721 = FACE_BOUND('',#9722,.F.);
#9722 = EDGE_LOOP('',(#9723));
#9723 = ORIENTED_EDGE('',*,*,#9724,.T.);
#9724 = EDGE_CURVE('',#9725,#9725,#9727,.T.);
#9725 = VERTEX_POINT('',#9726);
#9726 = CARTESIAN_POINT('',(59.76,-85.14,0.));
#9727 = CIRCLE('',#9728,0.4);
#9728 = AXIS2_PLACEMENT_3D('',#9729,#9730,#9731);
#9729 = CARTESIAN_POINT('',(59.76,-84.74,0.));
#9730 = DIRECTION('',(-0.,0.,-1.));
#9731 = DIRECTION('',(-0.,-1.,0.));
#9732 = FACE_BOUND('',#9733,.F.);
#9733 = EDGE_LOOP('',(#9734));
#9734 = ORIENTED_EDGE('',*,*,#9735,.T.);
#9735 = EDGE_CURVE('',#9736,#9736,#9738,.T.);
#9736 = VERTEX_POINT('',#9737);
#9737 = CARTESIAN_POINT('',(62.3,-85.14,0.));
#9738 = CIRCLE('',#9739,0.4);
#9739 = AXIS2_PLACEMENT_3D('',#9740,#9741,#9742);
#9740 = CARTESIAN_POINT('',(62.3,-84.74,0.));
#9741 = DIRECTION('',(-0.,0.,-1.));
#9742 = DIRECTION('',(-0.,-1.,0.));
#9743 = FACE_BOUND('',#9744,.F.);
#9744 = EDGE_LOOP('',(#9745));
#9745 = ORIENTED_EDGE('',*,*,#9746,.T.);
#9746 = EDGE_CURVE('',#9747,#9747,#9749,.T.);
#9747 = VERTEX_POINT('',#9748);
#9748 = CARTESIAN_POINT('',(58.49,-82.065,0.));
#9749 = CIRCLE('',#9750,0.375);
#9750 = AXIS2_PLACEMENT_3D('',#9751,#9752,#9753);
#9751 = CARTESIAN_POINT('',(58.49,-81.69,0.));
#9752 = DIRECTION('',(-0.,0.,-1.));
#9753 = DIRECTION('',(-0.,-1.,0.));
#9754 = FACE_BOUND('',#9755,.F.);
#9755 = EDGE_LOOP('',(#9756));
#9756 = ORIENTED_EDGE('',*,*,#9757,.T.);
#9757 = EDGE_CURVE('',#9758,#9758,#9760,.T.);
#9758 = VERTEX_POINT('',#9759);
#9759 = CARTESIAN_POINT('',(61.03,-82.065,0.));
#9760 = CIRCLE('',#9761,0.375);
#9761 = AXIS2_PLACEMENT_3D('',#9762,#9763,#9764);
#9762 = CARTESIAN_POINT('',(61.03,-81.69,0.));
#9763 = DIRECTION('',(-0.,0.,-1.));
#9764 = DIRECTION('',(-0.,-1.,0.));
#9765 = FACE_BOUND('',#9766,.F.);
#9766 = EDGE_LOOP('',(#9767));
#9767 = ORIENTED_EDGE('',*,*,#9768,.T.);
#9768 = EDGE_CURVE('',#9769,#9769,#9771,.T.);
#9769 = VERTEX_POINT('',#9770);
#9770 = CARTESIAN_POINT('',(63.57,-82.065,0.));
#9771 = CIRCLE('',#9772,0.375);
#9772 = AXIS2_PLACEMENT_3D('',#9773,#9774,#9775);
#9773 = CARTESIAN_POINT('',(63.57,-81.69,0.));
#9774 = DIRECTION('',(-0.,0.,-1.));
#9775 = DIRECTION('',(-0.,-1.,0.));
#9776 = FACE_BOUND('',#9777,.F.);
#9777 = EDGE_LOOP('',(#9778));
#9778 = ORIENTED_EDGE('',*,*,#9779,.T.);
#9779 = EDGE_CURVE('',#9780,#9780,#9782,.T.);
#9780 = VERTEX_POINT('',#9781);
#9781 = CARTESIAN_POINT('',(64.84,-85.14,0.));
#9782 = CIRCLE('',#9783,0.4);
#9783 = AXIS2_PLACEMENT_3D('',#9784,#9785,#9786);
#9784 = CARTESIAN_POINT('',(64.84,-84.74,0.));
#9785 = DIRECTION('',(-0.,0.,-1.));
#9786 = DIRECTION('',(-0.,-1.,0.));
#9787 = FACE_BOUND('',#9788,.F.);
#9788 = EDGE_LOOP('',(#9789));
#9789 = ORIENTED_EDGE('',*,*,#9790,.T.);
#9790 = EDGE_CURVE('',#9791,#9791,#9793,.T.);
#9791 = VERTEX_POINT('',#9792);
#9792 = CARTESIAN_POINT('',(67.38,-85.14,0.));
#9793 = CIRCLE('',#9794,0.4);
#9794 = AXIS2_PLACEMENT_3D('',#9795,#9796,#9797);
#9795 = CARTESIAN_POINT('',(67.38,-84.74,0.));
#9796 = DIRECTION('',(-0.,0.,-1.));
#9797 = DIRECTION('',(-0.,-1.,0.));
#9798 = FACE_BOUND('',#9799,.F.);
#9799 = EDGE_LOOP('',(#9800));
#9800 = ORIENTED_EDGE('',*,*,#9801,.T.);
#9801 = EDGE_CURVE('',#9802,#9802,#9804,.T.);
#9802 = VERTEX_POINT('',#9803);
#9803 = CARTESIAN_POINT('',(69.92,-85.14,0.));
#9804 = CIRCLE('',#9805,0.4);
#9805 = AXIS2_PLACEMENT_3D('',#9806,#9807,#9808);
#9806 = CARTESIAN_POINT('',(69.92,-84.74,0.));
#9807 = DIRECTION('',(-0.,0.,-1.));
#9808 = DIRECTION('',(3.5527136788E-14,-1.,-0.));
#9809 = FACE_BOUND('',#9810,.F.);
#9810 = EDGE_LOOP('',(#9811));
#9811 = ORIENTED_EDGE('',*,*,#9812,.T.);
#9812 = EDGE_CURVE('',#9813,#9813,#9815,.T.);
#9813 = VERTEX_POINT('',#9814);
#9814 = CARTESIAN_POINT('',(72.46,-85.14,0.));
#9815 = CIRCLE('',#9816,0.4);
#9816 = AXIS2_PLACEMENT_3D('',#9817,#9818,#9819);
#9817 = CARTESIAN_POINT('',(72.46,-84.74,0.));
#9818 = DIRECTION('',(-0.,0.,-1.));
#9819 = DIRECTION('',(-3.552713678801E-14,-1.,0.));
#9820 = FACE_BOUND('',#9821,.F.);
#9821 = EDGE_LOOP('',(#9822));
#9822 = ORIENTED_EDGE('',*,*,#9823,.T.);
#9823 = EDGE_CURVE('',#9824,#9824,#9826,.T.);
#9824 = VERTEX_POINT('',#9825);
#9825 = CARTESIAN_POINT('',(75.,-85.14,0.));
#9826 = CIRCLE('',#9827,0.4);
#9827 = AXIS2_PLACEMENT_3D('',#9828,#9829,#9830);
#9828 = CARTESIAN_POINT('',(75.,-84.74,0.));
#9829 = DIRECTION('',(-0.,0.,-1.));
#9830 = DIRECTION('',(-0.,-1.,0.));
#9831 = FACE_BOUND('',#9832,.F.);
#9832 = EDGE_LOOP('',(#9833));
#9833 = ORIENTED_EDGE('',*,*,#9834,.T.);
#9834 = EDGE_CURVE('',#9835,#9835,#9837,.T.);
#9835 = VERTEX_POINT('',#9836);
#9836 = CARTESIAN_POINT('',(66.11,-82.065,0.));
#9837 = CIRCLE('',#9838,0.375);
#9838 = AXIS2_PLACEMENT_3D('',#9839,#9840,#9841);
#9839 = CARTESIAN_POINT('',(66.11,-81.69,0.));
#9840 = DIRECTION('',(-0.,0.,-1.));
#9841 = DIRECTION('',(-0.,-1.,0.));
#9842 = FACE_BOUND('',#9843,.F.);
#9843 = EDGE_LOOP('',(#9844));
#9844 = ORIENTED_EDGE('',*,*,#9845,.T.);
#9845 = EDGE_CURVE('',#9846,#9846,#9848,.T.);
#9846 = VERTEX_POINT('',#9847);
#9847 = CARTESIAN_POINT('',(68.65,-82.065,0.));
#9848 = CIRCLE('',#9849,0.375);
#9849 = AXIS2_PLACEMENT_3D('',#9850,#9851,#9852);
#9850 = CARTESIAN_POINT('',(68.65,-81.69,0.));
#9851 = DIRECTION('',(-0.,0.,-1.));
#9852 = DIRECTION('',(-0.,-1.,0.));
#9853 = FACE_BOUND('',#9854,.F.);
#9854 = EDGE_LOOP('',(#9855));
#9855 = ORIENTED_EDGE('',*,*,#9856,.T.);
#9856 = EDGE_CURVE('',#9857,#9857,#9859,.T.);
#9857 = VERTEX_POINT('',#9858);
#9858 = CARTESIAN_POINT('',(65.11,-76.3,0.));
#9859 = CIRCLE('',#9860,0.35);
#9860 = AXIS2_PLACEMENT_3D('',#9861,#9862,#9863);
#9861 = CARTESIAN_POINT('',(65.11,-75.95,0.));
#9862 = DIRECTION('',(-0.,0.,-1.));
#9863 = DIRECTION('',(-0.,-1.,0.));
#9864 = FACE_BOUND('',#9865,.F.);
#9865 = EDGE_LOOP('',(#9866));
#9866 = ORIENTED_EDGE('',*,*,#9867,.T.);
#9867 = EDGE_CURVE('',#9868,#9868,#9870,.T.);
#9868 = VERTEX_POINT('',#9869);
#9869 = CARTESIAN_POINT('',(67.11,-76.3,0.));
#9870 = CIRCLE('',#9871,0.35);
#9871 = AXIS2_PLACEMENT_3D('',#9872,#9873,#9874);
#9872 = CARTESIAN_POINT('',(67.11,-75.95,0.));
#9873 = DIRECTION('',(-0.,0.,-1.));
#9874 = DIRECTION('',(-0.,-1.,0.));
#9875 = FACE_BOUND('',#9876,.F.);
#9876 = EDGE_LOOP('',(#9877));
#9877 = ORIENTED_EDGE('',*,*,#9878,.T.);
#9878 = EDGE_CURVE('',#9879,#9879,#9881,.T.);
#9879 = VERTEX_POINT('',#9880);
#9880 = CARTESIAN_POINT('',(77.54,-85.14,0.));
#9881 = CIRCLE('',#9882,0.4);
#9882 = AXIS2_PLACEMENT_3D('',#9883,#9884,#9885);
#9883 = CARTESIAN_POINT('',(77.54,-84.74,0.));
#9884 = DIRECTION('',(-0.,0.,-1.));
#9885 = DIRECTION('',(3.5527136788E-14,-1.,-0.));
#9886 = FACE_BOUND('',#9887,.F.);
#9887 = EDGE_LOOP('',(#9888));
#9888 = ORIENTED_EDGE('',*,*,#9889,.T.);
#9889 = EDGE_CURVE('',#9890,#9890,#9892,.T.);
#9890 = VERTEX_POINT('',#9891);
#9891 = CARTESIAN_POINT('',(80.08,-85.14,0.));
#9892 = CIRCLE('',#9893,0.4);
#9893 = AXIS2_PLACEMENT_3D('',#9894,#9895,#9896);
#9894 = CARTESIAN_POINT('',(80.08,-84.74,0.));
#9895 = DIRECTION('',(-0.,0.,-1.));
#9896 = DIRECTION('',(-3.552713678801E-14,-1.,0.));
#9897 = FACE_BOUND('',#9898,.F.);
#9898 = EDGE_LOOP('',(#9899));
#9899 = ORIENTED_EDGE('',*,*,#9900,.T.);
#9900 = EDGE_CURVE('',#9901,#9901,#9903,.T.);
#9901 = VERTEX_POINT('',#9902);
#9902 = CARTESIAN_POINT('',(82.62,-85.14,0.));
#9903 = CIRCLE('',#9904,0.4);
#9904 = AXIS2_PLACEMENT_3D('',#9905,#9906,#9907);
#9905 = CARTESIAN_POINT('',(82.62,-84.74,0.));
#9906 = DIRECTION('',(-0.,0.,-1.));
#9907 = DIRECTION('',(-0.,-1.,0.));
#9908 = FACE_BOUND('',#9909,.F.);
#9909 = EDGE_LOOP('',(#9910));
#9910 = ORIENTED_EDGE('',*,*,#9911,.T.);
#9911 = EDGE_CURVE('',#9912,#9912,#9914,.T.);
#9912 = VERTEX_POINT('',#9913);
#9913 = CARTESIAN_POINT('',(85.16,-85.14,0.));
#9914 = CIRCLE('',#9915,0.4);
#9915 = AXIS2_PLACEMENT_3D('',#9916,#9917,#9918);
#9916 = CARTESIAN_POINT('',(85.16,-84.74,0.));
#9917 = DIRECTION('',(-0.,0.,-1.));
#9918 = DIRECTION('',(-0.,-1.,0.));
#9919 = FACE_BOUND('',#9920,.F.);
#9920 = EDGE_LOOP('',(#9921));
#9921 = ORIENTED_EDGE('',*,*,#9922,.T.);
#9922 = EDGE_CURVE('',#9923,#9923,#9925,.T.);
#9923 = VERTEX_POINT('',#9924);
#9924 = CARTESIAN_POINT('',(87.7,-85.14,0.));
#9925 = CIRCLE('',#9926,0.4);
#9926 = AXIS2_PLACEMENT_3D('',#9927,#9928,#9929);
#9927 = CARTESIAN_POINT('',(87.7,-84.74,0.));
#9928 = DIRECTION('',(-0.,0.,-1.));
#9929 = DIRECTION('',(3.5527136788E-14,-1.,-0.));
#9930 = FACE_BOUND('',#9931,.F.);
#9931 = EDGE_LOOP('',(#9932));
#9932 = ORIENTED_EDGE('',*,*,#9933,.T.);
#9933 = EDGE_CURVE('',#9934,#9934,#9936,.T.);
#9934 = VERTEX_POINT('',#9935);
#9935 = CARTESIAN_POINT('',(90.24,-85.14,0.));
#9936 = CIRCLE('',#9937,0.4);
#9937 = AXIS2_PLACEMENT_3D('',#9938,#9939,#9940);
#9938 = CARTESIAN_POINT('',(90.24,-84.74,0.));
#9939 = DIRECTION('',(-0.,0.,-1.));
#9940 = DIRECTION('',(-3.552713678801E-14,-1.,0.));
#9941 = FACE_BOUND('',#9942,.F.);
#9942 = EDGE_LOOP('',(#9943));
#9943 = ORIENTED_EDGE('',*,*,#9944,.T.);
#9944 = EDGE_CURVE('',#9945,#9945,#9947,.T.);
#9945 = VERTEX_POINT('',#9946);
#9946 = CARTESIAN_POINT('',(92.78,-85.14,0.));
#9947 = CIRCLE('',#9948,0.4);
#9948 = AXIS2_PLACEMENT_3D('',#9949,#9950,#9951);
#9949 = CARTESIAN_POINT('',(92.78,-84.74,0.));
#9950 = DIRECTION('',(-0.,0.,-1.));
#9951 = DIRECTION('',(-0.,-1.,0.));
#9952 = FACE_BOUND('',#9953,.F.);
#9953 = EDGE_LOOP('',(#9954));
#9954 = ORIENTED_EDGE('',*,*,#9955,.T.);
#9955 = EDGE_CURVE('',#9956,#9956,#9958,.T.);
#9956 = VERTEX_POINT('',#9957);
#9957 = CARTESIAN_POINT('',(95.32,-85.14,0.));
#9958 = CIRCLE('',#9959,0.4);
#9959 = AXIS2_PLACEMENT_3D('',#9960,#9961,#9962);
#9960 = CARTESIAN_POINT('',(95.32,-84.74,0.));
#9961 = DIRECTION('',(-0.,0.,-1.));
#9962 = DIRECTION('',(-0.,-1.,0.));
#9963 = FACE_BOUND('',#9964,.F.);
#9964 = EDGE_LOOP('',(#9965));
#9965 = ORIENTED_EDGE('',*,*,#9966,.T.);
#9966 = EDGE_CURVE('',#9967,#9967,#9969,.T.);
#9967 = VERTEX_POINT('',#9968);
#9968 = CARTESIAN_POINT('',(97.86,-85.14,0.));
#9969 = CIRCLE('',#9970,0.4);
#9970 = AXIS2_PLACEMENT_3D('',#9971,#9972,#9973);
#9971 = CARTESIAN_POINT('',(97.86,-84.74,0.));
#9972 = DIRECTION('',(-0.,0.,-1.));
#9973 = DIRECTION('',(-0.,-1.,0.));
#9974 = FACE_BOUND('',#9975,.F.);
#9975 = EDGE_LOOP('',(#9976));
#9976 = ORIENTED_EDGE('',*,*,#9977,.T.);
#9977 = EDGE_CURVE('',#9978,#9978,#9980,.T.);
#9978 = VERTEX_POINT('',#9979);
#9979 = CARTESIAN_POINT('',(97.86,-82.6,0.));
#9980 = CIRCLE('',#9981,0.4);
#9981 = AXIS2_PLACEMENT_3D('',#9982,#9983,#9984);
#9982 = CARTESIAN_POINT('',(97.86,-82.2,0.));
#9983 = DIRECTION('',(-0.,0.,-1.));
#9984 = DIRECTION('',(-0.,-1.,0.));
#9985 = FACE_BOUND('',#9986,.F.);
#9986 = EDGE_LOOP('',(#9987));
#9987 = ORIENTED_EDGE('',*,*,#9988,.T.);
#9988 = EDGE_CURVE('',#9989,#9989,#9991,.T.);
#9989 = VERTEX_POINT('',#9990);
#9990 = CARTESIAN_POINT('',(97.86,-80.06,0.));
#9991 = CIRCLE('',#9992,0.4);
#9992 = AXIS2_PLACEMENT_3D('',#9993,#9994,#9995);
#9993 = CARTESIAN_POINT('',(97.86,-79.66,0.));
#9994 = DIRECTION('',(-0.,0.,-1.));
#9995 = DIRECTION('',(-0.,-1.,0.));
#9996 = FACE_BOUND('',#9997,.F.);
#9997 = EDGE_LOOP('',(#9998));
#9998 = ORIENTED_EDGE('',*,*,#9999,.T.);
#9999 = EDGE_CURVE('',#10000,#10000,#10002,.T.);
#10000 = VERTEX_POINT('',#10001);
#10001 = CARTESIAN_POINT('',(97.86,-77.52,0.));
#10002 = CIRCLE('',#10003,0.4);
#10003 = AXIS2_PLACEMENT_3D('',#10004,#10005,#10006);
#10004 = CARTESIAN_POINT('',(97.86,-77.12,0.));
#10005 = DIRECTION('',(-0.,0.,-1.));
#10006 = DIRECTION('',(-0.,-1.,0.));
#10007 = FACE_BOUND('',#10008,.F.);
#10008 = EDGE_LOOP('',(#10009));
#10009 = ORIENTED_EDGE('',*,*,#10010,.T.);
#10010 = EDGE_CURVE('',#10011,#10011,#10013,.T.);
#10011 = VERTEX_POINT('',#10012);
#10012 = CARTESIAN_POINT('',(105.,-95.6675,0.));
#10013 = CIRCLE('',#10014,0.6);
#10014 = AXIS2_PLACEMENT_3D('',#10015,#10016,#10017);
#10015 = CARTESIAN_POINT('',(105.,-95.0675,0.));
#10016 = DIRECTION('',(-0.,0.,-1.));
#10017 = DIRECTION('',(-0.,-1.,0.));
#10018 = FACE_BOUND('',#10019,.F.);
#10019 = EDGE_LOOP('',(#10020));
#10020 = ORIENTED_EDGE('',*,*,#10021,.T.);
#10021 = EDGE_CURVE('',#10022,#10022,#10024,.T.);
#10022 = VERTEX_POINT('',#10023);
#10023 = CARTESIAN_POINT('',(108.5,-95.6675,0.));
#10024 = CIRCLE('',#10025,0.6);
#10025 = AXIS2_PLACEMENT_3D('',#10026,#10027,#10028);
#10026 = CARTESIAN_POINT('',(108.5,-95.0675,0.));
#10027 = DIRECTION('',(-0.,0.,-1.));
#10028 = DIRECTION('',(-0.,-1.,0.));
#10029 = FACE_BOUND('',#10030,.F.);
#10030 = EDGE_LOOP('',(#10031));
#10031 = ORIENTED_EDGE('',*,*,#10032,.T.);
#10032 = EDGE_CURVE('',#10033,#10033,#10035,.T.);
#10033 = VERTEX_POINT('',#10034);
#10034 = CARTESIAN_POINT('',(112.,-95.6675,0.));
#10035 = CIRCLE('',#10036,0.6);
#10036 = AXIS2_PLACEMENT_3D('',#10037,#10038,#10039);
#10037 = CARTESIAN_POINT('',(112.,-95.0675,0.));
#10038 = DIRECTION('',(-0.,0.,-1.));
#10039 = DIRECTION('',(-0.,-1.,0.));
#10040 = FACE_BOUND('',#10041,.F.);
#10041 = EDGE_LOOP('',(#10042));
#10042 = ORIENTED_EDGE('',*,*,#10043,.T.);
#10043 = EDGE_CURVE('',#10044,#10044,#10046,.T.);
#10044 = VERTEX_POINT('',#10045);
#10045 = CARTESIAN_POINT('',(120.,-95.6675,0.));
#10046 = CIRCLE('',#10047,0.6);
#10047 = AXIS2_PLACEMENT_3D('',#10048,#10049,#10050);
#10048 = CARTESIAN_POINT('',(120.,-95.0675,0.));
#10049 = DIRECTION('',(-0.,0.,-1.));
#10050 = DIRECTION('',(-0.,-1.,0.));
#10051 = FACE_BOUND('',#10052,.F.);
#10052 = EDGE_LOOP('',(#10053));
#10053 = ORIENTED_EDGE('',*,*,#10054,.T.);
#10054 = EDGE_CURVE('',#10055,#10055,#10057,.T.);
#10055 = VERTEX_POINT('',#10056);
#10056 = CARTESIAN_POINT('',(123.5,-95.6675,0.));
#10057 = CIRCLE('',#10058,0.6);
#10058 = AXIS2_PLACEMENT_3D('',#10059,#10060,#10061);
#10059 = CARTESIAN_POINT('',(123.5,-95.0675,0.));
#10060 = DIRECTION('',(-0.,0.,-1.));
#10061 = DIRECTION('',(-0.,-1.,0.));
#10062 = FACE_BOUND('',#10063,.F.);
#10063 = EDGE_LOOP('',(#10064));
#10064 = ORIENTED_EDGE('',*,*,#10065,.T.);
#10065 = EDGE_CURVE('',#10066,#10066,#10068,.T.);
#10066 = VERTEX_POINT('',#10067);
#10067 = CARTESIAN_POINT('',(127.,-95.6675,0.));
#10068 = CIRCLE('',#10069,0.6);
#10069 = AXIS2_PLACEMENT_3D('',#10070,#10071,#10072);
#10070 = CARTESIAN_POINT('',(127.,-95.0675,0.));
#10071 = DIRECTION('',(-0.,0.,-1.));
#10072 = DIRECTION('',(-0.,-1.,0.));
#10073 = FACE_BOUND('',#10074,.F.);
#10074 = EDGE_LOOP('',(#10075));
#10075 = ORIENTED_EDGE('',*,*,#10076,.T.);
#10076 = EDGE_CURVE('',#10077,#10077,#10079,.T.);
#10077 = VERTEX_POINT('',#10078);
#10078 = CARTESIAN_POINT('',(134.,-95.6675,0.));
#10079 = CIRCLE('',#10080,0.6);
#10080 = AXIS2_PLACEMENT_3D('',#10081,#10082,#10083);
#10081 = CARTESIAN_POINT('',(134.,-95.0675,0.));
#10082 = DIRECTION('',(-0.,0.,-1.));
#10083 = DIRECTION('',(-0.,-1.,0.));
#10084 = FACE_BOUND('',#10085,.F.);
#10085 = EDGE_LOOP('',(#10086));
#10086 = ORIENTED_EDGE('',*,*,#10087,.T.);
#10087 = EDGE_CURVE('',#10088,#10088,#10090,.T.);
#10088 = VERTEX_POINT('',#10089);
#10089 = CARTESIAN_POINT('',(137.5,-95.6675,0.));
#10090 = CIRCLE('',#10091,0.6);
#10091 = AXIS2_PLACEMENT_3D('',#10092,#10093,#10094);
#10092 = CARTESIAN_POINT('',(137.5,-95.0675,0.));
#10093 = DIRECTION('',(-0.,0.,-1.));
#10094 = DIRECTION('',(-0.,-1.,0.));
#10095 = FACE_BOUND('',#10096,.F.);
#10096 = EDGE_LOOP('',(#10097));
#10097 = ORIENTED_EDGE('',*,*,#10098,.T.);
#10098 = EDGE_CURVE('',#10099,#10099,#10101,.T.);
#10099 = VERTEX_POINT('',#10100);
#10100 = CARTESIAN_POINT('',(141.,-95.6675,0.));
#10101 = CIRCLE('',#10102,0.6);
#10102 = AXIS2_PLACEMENT_3D('',#10103,#10104,#10105);
#10103 = CARTESIAN_POINT('',(141.,-95.0675,0.));
#10104 = DIRECTION('',(-0.,0.,-1.));
#10105 = DIRECTION('',(-0.,-1.,0.));
#10106 = FACE_BOUND('',#10107,.F.);
#10107 = EDGE_LOOP('',(#10108));
#10108 = ORIENTED_EDGE('',*,*,#10109,.T.);
#10109 = EDGE_CURVE('',#10110,#10110,#10112,.T.);
#10110 = VERTEX_POINT('',#10111);
#10111 = CARTESIAN_POINT('',(147.,-93.85,0.));
#10112 = CIRCLE('',#10113,1.35);
#10113 = AXIS2_PLACEMENT_3D('',#10114,#10115,#10116);
#10114 = CARTESIAN_POINT('',(147.,-92.5,0.));
#10115 = DIRECTION('',(-0.,0.,-1.));
#10116 = DIRECTION('',(-0.,-1.,0.));
#10117 = FACE_BOUND('',#10118,.F.);
#10118 = EDGE_LOOP('',(#10119));
#10119 = ORIENTED_EDGE('',*,*,#10120,.T.);
#10120 = EDGE_CURVE('',#10121,#10121,#10123,.T.);
#10121 = VERTEX_POINT('',#10122);
#10122 = CARTESIAN_POINT('',(141.0675,-86.6,0.));
#10123 = CIRCLE('',#10124,0.6);
#10124 = AXIS2_PLACEMENT_3D('',#10125,#10126,#10127);
#10125 = CARTESIAN_POINT('',(141.0675,-86.,0.));
#10126 = DIRECTION('',(-0.,0.,-1.));
#10127 = DIRECTION('',(-0.,-1.,0.));
#10128 = FACE_BOUND('',#10129,.F.);
#10129 = EDGE_LOOP('',(#10130));
#10130 = ORIENTED_EDGE('',*,*,#10131,.T.);
#10131 = EDGE_CURVE('',#10132,#10132,#10134,.T.);
#10132 = VERTEX_POINT('',#10133);
#10133 = CARTESIAN_POINT('',(100.4,-85.14,0.));
#10134 = CIRCLE('',#10135,0.4);
#10135 = AXIS2_PLACEMENT_3D('',#10136,#10137,#10138);
#10136 = CARTESIAN_POINT('',(100.4,-84.74,0.));
#10137 = DIRECTION('',(-0.,0.,-1.));
#10138 = DIRECTION('',(-0.,-1.,0.));
#10139 = FACE_BOUND('',#10140,.F.);
#10140 = EDGE_LOOP('',(#10141));
#10141 = ORIENTED_EDGE('',*,*,#10142,.T.);
#10142 = EDGE_CURVE('',#10143,#10143,#10145,.T.);
#10143 = VERTEX_POINT('',#10144);
#10144 = CARTESIAN_POINT('',(102.94,-85.14,0.));
#10145 = CIRCLE('',#10146,0.4);
#10146 = AXIS2_PLACEMENT_3D('',#10147,#10148,#10149);
#10147 = CARTESIAN_POINT('',(102.94,-84.74,0.));
#10148 = DIRECTION('',(-0.,0.,-1.));
#10149 = DIRECTION('',(-0.,-1.,0.));
#10150 = FACE_BOUND('',#10151,.F.);
#10151 = EDGE_LOOP('',(#10152));
#10152 = ORIENTED_EDGE('',*,*,#10153,.T.);
#10153 = EDGE_CURVE('',#10154,#10154,#10156,.T.);
#10154 = VERTEX_POINT('',#10155);
#10155 = CARTESIAN_POINT('',(105.48,-85.14,0.));
#10156 = CIRCLE('',#10157,0.4);
#10157 = AXIS2_PLACEMENT_3D('',#10158,#10159,#10160);
#10158 = CARTESIAN_POINT('',(105.48,-84.74,0.));
#10159 = DIRECTION('',(-0.,0.,-1.));
#10160 = DIRECTION('',(3.5527136788E-14,-1.,-0.));
#10161 = FACE_BOUND('',#10162,.F.);
#10162 = EDGE_LOOP('',(#10163));
#10163 = ORIENTED_EDGE('',*,*,#10164,.T.);
#10164 = EDGE_CURVE('',#10165,#10165,#10167,.T.);
#10165 = VERTEX_POINT('',#10166);
#10166 = CARTESIAN_POINT('',(108.02,-85.14,0.));
#10167 = CIRCLE('',#10168,0.4);
#10168 = AXIS2_PLACEMENT_3D('',#10169,#10170,#10171);
#10169 = CARTESIAN_POINT('',(108.02,-84.74,0.));
#10170 = DIRECTION('',(-0.,0.,-1.));
#10171 = DIRECTION('',(-3.552713678801E-14,-1.,0.));
#10172 = FACE_BOUND('',#10173,.F.);
#10173 = EDGE_LOOP('',(#10174));
#10174 = ORIENTED_EDGE('',*,*,#10175,.T.);
#10175 = EDGE_CURVE('',#10176,#10176,#10178,.T.);
#10176 = VERTEX_POINT('',#10177);
#10177 = CARTESIAN_POINT('',(110.56,-85.14,0.));
#10178 = CIRCLE('',#10179,0.4);
#10179 = AXIS2_PLACEMENT_3D('',#10180,#10181,#10182);
#10180 = CARTESIAN_POINT('',(110.56,-84.74,0.));
#10181 = DIRECTION('',(-0.,0.,-1.));
#10182 = DIRECTION('',(-0.,-1.,0.));
#10183 = FACE_BOUND('',#10184,.F.);
#10184 = EDGE_LOOP('',(#10185));
#10185 = ORIENTED_EDGE('',*,*,#10186,.T.);
#10186 = EDGE_CURVE('',#10187,#10187,#10189,.T.);
#10187 = VERTEX_POINT('',#10188);
#10188 = CARTESIAN_POINT('',(133.5,-83.041,0.));
#10189 = CIRCLE('',#10190,1.143);
#10190 = AXIS2_PLACEMENT_3D('',#10191,#10192,#10193);
#10191 = CARTESIAN_POINT('',(133.5,-81.898,0.));
#10192 = DIRECTION('',(-0.,0.,-1.));
#10193 = DIRECTION('',(-0.,-1.,0.));
#10194 = FACE_BOUND('',#10195,.F.);
#10195 = EDGE_LOOP('',(#10196));
#10196 = ORIENTED_EDGE('',*,*,#10197,.T.);
#10197 = EDGE_CURVE('',#10198,#10198,#10200,.T.);
#10198 = VERTEX_POINT('',#10199);
#10199 = CARTESIAN_POINT('',(141.0675,-83.1,0.));
#10200 = CIRCLE('',#10201,0.6);
#10201 = AXIS2_PLACEMENT_3D('',#10202,#10203,#10204);
#10202 = CARTESIAN_POINT('',(141.0675,-82.5,0.));
#10203 = DIRECTION('',(-0.,0.,-1.));
#10204 = DIRECTION('',(-0.,-1.,0.));
#10205 = FACE_BOUND('',#10206,.F.);
#10206 = EDGE_LOOP('',(#10207));
#10207 = ORIENTED_EDGE('',*,*,#10208,.T.);
#10208 = EDGE_CURVE('',#10209,#10209,#10211,.T.);
#10209 = VERTEX_POINT('',#10210);
#10210 = CARTESIAN_POINT('',(133.5,-78.342,0.));
#10211 = CIRCLE('',#10212,1.143);
#10212 = AXIS2_PLACEMENT_3D('',#10213,#10214,#10215);
#10213 = CARTESIAN_POINT('',(133.5,-77.199,0.));
#10214 = DIRECTION('',(-0.,0.,-1.));
#10215 = DIRECTION('',(-0.,-1.,0.));
#10216 = FACE_BOUND('',#10217,.F.);
#10217 = EDGE_LOOP('',(#10218));
#10218 = ORIENTED_EDGE('',*,*,#10219,.T.);
#10219 = EDGE_CURVE('',#10220,#10220,#10222,.T.);
#10220 = VERTEX_POINT('',#10221);
#10221 = CARTESIAN_POINT('',(141.0675,-75.295,0.));
#10222 = CIRCLE('',#10223,0.6);
#10223 = AXIS2_PLACEMENT_3D('',#10224,#10225,#10226);
#10224 = CARTESIAN_POINT('',(141.0675,-74.695,0.));
#10225 = DIRECTION('',(-0.,0.,-1.));
#10226 = DIRECTION('',(-0.,-1.,0.));
#10227 = FACE_BOUND('',#10228,.F.);
#10228 = EDGE_LOOP('',(#10229));
#10229 = ORIENTED_EDGE('',*,*,#10230,.T.);
#10230 = EDGE_CURVE('',#10231,#10231,#10233,.T.);
#10231 = VERTEX_POINT('',#10232);
#10232 = CARTESIAN_POINT('',(54.68,-72.44,0.));
#10233 = CIRCLE('',#10234,0.4);
#10234 = AXIS2_PLACEMENT_3D('',#10235,#10236,#10237);
#10235 = CARTESIAN_POINT('',(54.68,-72.04,0.));
#10236 = DIRECTION('',(-0.,0.,-1.));
#10237 = DIRECTION('',(-0.,-1.,0.));
#10238 = FACE_BOUND('',#10239,.F.);
#10239 = EDGE_LOOP('',(#10240));
#10240 = ORIENTED_EDGE('',*,*,#10241,.T.);
#10241 = EDGE_CURVE('',#10242,#10242,#10244,.T.);
#10242 = VERTEX_POINT('',#10243);
#10243 = CARTESIAN_POINT('',(52.14,-69.9,0.));
#10244 = CIRCLE('',#10245,0.4);
#10245 = AXIS2_PLACEMENT_3D('',#10246,#10247,#10248);
#10246 = CARTESIAN_POINT('',(52.14,-69.5,0.));
#10247 = DIRECTION('',(-0.,0.,-1.));
#10248 = DIRECTION('',(-0.,-1.,0.));
#10249 = FACE_BOUND('',#10250,.F.);
#10250 = EDGE_LOOP('',(#10251));
#10251 = ORIENTED_EDGE('',*,*,#10252,.T.);
#10252 = EDGE_CURVE('',#10253,#10253,#10255,.T.);
#10253 = VERTEX_POINT('',#10254);
#10254 = CARTESIAN_POINT('',(54.68,-69.9,0.));
#10255 = CIRCLE('',#10256,0.4);
#10256 = AXIS2_PLACEMENT_3D('',#10257,#10258,#10259);
#10257 = CARTESIAN_POINT('',(54.68,-69.5,0.));
#10258 = DIRECTION('',(-0.,0.,-1.));
#10259 = DIRECTION('',(-0.,-1.,0.));
#10260 = FACE_BOUND('',#10261,.F.);
#10261 = EDGE_LOOP('',(#10262));
#10262 = ORIENTED_EDGE('',*,*,#10263,.T.);
#10263 = EDGE_CURVE('',#10264,#10264,#10266,.T.);
#10264 = VERTEX_POINT('',#10265);
#10265 = CARTESIAN_POINT('',(57.22,-69.9,0.));
#10266 = CIRCLE('',#10267,0.4);
#10267 = AXIS2_PLACEMENT_3D('',#10268,#10269,#10270);
#10268 = CARTESIAN_POINT('',(57.22,-69.5,0.));
#10269 = DIRECTION('',(-0.,0.,-1.));
#10270 = DIRECTION('',(-0.,-1.,0.));
#10271 = FACE_BOUND('',#10272,.F.);
#10272 = EDGE_LOOP('',(#10273));
#10273 = ORIENTED_EDGE('',*,*,#10274,.T.);
#10274 = EDGE_CURVE('',#10275,#10275,#10277,.T.);
#10275 = VERTEX_POINT('',#10276);
#10276 = CARTESIAN_POINT('',(59.76,-69.9,0.));
#10277 = CIRCLE('',#10278,0.4);
#10278 = AXIS2_PLACEMENT_3D('',#10279,#10280,#10281);
#10279 = CARTESIAN_POINT('',(59.76,-69.5,0.));
#10280 = DIRECTION('',(-0.,0.,-1.));
#10281 = DIRECTION('',(-0.,-1.,0.));
#10282 = FACE_BOUND('',#10283,.F.);
#10283 = EDGE_LOOP('',(#10284));
#10284 = ORIENTED_EDGE('',*,*,#10285,.T.);
#10285 = EDGE_CURVE('',#10286,#10286,#10288,.T.);
#10286 = VERTEX_POINT('',#10287);
#10287 = CARTESIAN_POINT('',(62.3,-69.9,0.));
#10288 = CIRCLE('',#10289,0.4);
#10289 = AXIS2_PLACEMENT_3D('',#10290,#10291,#10292);
#10290 = CARTESIAN_POINT('',(62.3,-69.5,0.));
#10291 = DIRECTION('',(-0.,0.,-1.));
#10292 = DIRECTION('',(-0.,-1.,0.));
#10293 = FACE_BOUND('',#10294,.F.);
#10294 = EDGE_LOOP('',(#10295));
#10295 = ORIENTED_EDGE('',*,*,#10296,.T.);
#10296 = EDGE_CURVE('',#10297,#10297,#10299,.T.);
#10297 = VERTEX_POINT('',#10298);
#10298 = CARTESIAN_POINT('',(65.11,-74.3,0.));
#10299 = CIRCLE('',#10300,0.35);
#10300 = AXIS2_PLACEMENT_3D('',#10301,#10302,#10303);
#10301 = CARTESIAN_POINT('',(65.11,-73.95,0.));
#10302 = DIRECTION('',(-0.,0.,-1.));
#10303 = DIRECTION('',(-0.,-1.,0.));
#10304 = FACE_BOUND('',#10305,.F.);
#10305 = EDGE_LOOP('',(#10306));
#10306 = ORIENTED_EDGE('',*,*,#10307,.T.);
#10307 = EDGE_CURVE('',#10308,#10308,#10310,.T.);
#10308 = VERTEX_POINT('',#10309);
#10309 = CARTESIAN_POINT('',(67.11,-74.3,0.));
#10310 = CIRCLE('',#10311,0.35);
#10311 = AXIS2_PLACEMENT_3D('',#10312,#10313,#10314);
#10312 = CARTESIAN_POINT('',(67.11,-73.95,0.));
#10313 = DIRECTION('',(-0.,0.,-1.));
#10314 = DIRECTION('',(-0.,-1.,0.));
#10315 = FACE_BOUND('',#10316,.F.);
#10316 = EDGE_LOOP('',(#10317));
#10317 = ORIENTED_EDGE('',*,*,#10318,.T.);
#10318 = EDGE_CURVE('',#10319,#10319,#10321,.T.);
#10319 = VERTEX_POINT('',#10320);
#10320 = CARTESIAN_POINT('',(65.11,-72.3,0.));
#10321 = CIRCLE('',#10322,0.35);
#10322 = AXIS2_PLACEMENT_3D('',#10323,#10324,#10325);
#10323 = CARTESIAN_POINT('',(65.11,-71.95,0.));
#10324 = DIRECTION('',(-0.,0.,-1.));
#10325 = DIRECTION('',(-0.,-1.,0.));
#10326 = FACE_BOUND('',#10327,.F.);
#10327 = EDGE_LOOP('',(#10328));
#10328 = ORIENTED_EDGE('',*,*,#10329,.T.);
#10329 = EDGE_CURVE('',#10330,#10330,#10332,.T.);
#10330 = VERTEX_POINT('',#10331);
#10331 = CARTESIAN_POINT('',(67.11,-72.3,0.));
#10332 = CIRCLE('',#10333,0.35);
#10333 = AXIS2_PLACEMENT_3D('',#10334,#10335,#10336);
#10334 = CARTESIAN_POINT('',(67.11,-71.95,0.));
#10335 = DIRECTION('',(-0.,0.,-1.));
#10336 = DIRECTION('',(-0.,-1.,0.));
#10337 = FACE_BOUND('',#10338,.F.);
#10338 = EDGE_LOOP('',(#10339));
#10339 = ORIENTED_EDGE('',*,*,#10340,.T.);
#10340 = EDGE_CURVE('',#10341,#10341,#10343,.T.);
#10341 = VERTEX_POINT('',#10342);
#10342 = CARTESIAN_POINT('',(64.84,-69.9,0.));
#10343 = CIRCLE('',#10344,0.4);
#10344 = AXIS2_PLACEMENT_3D('',#10345,#10346,#10347);
#10345 = CARTESIAN_POINT('',(64.84,-69.5,0.));
#10346 = DIRECTION('',(-0.,0.,-1.));
#10347 = DIRECTION('',(-0.,-1.,0.));
#10348 = FACE_BOUND('',#10349,.F.);
#10349 = EDGE_LOOP('',(#10350));
#10350 = ORIENTED_EDGE('',*,*,#10351,.T.);
#10351 = EDGE_CURVE('',#10352,#10352,#10354,.T.);
#10352 = VERTEX_POINT('',#10353);
#10353 = CARTESIAN_POINT('',(67.38,-69.9,0.));
#10354 = CIRCLE('',#10355,0.4);
#10355 = AXIS2_PLACEMENT_3D('',#10356,#10357,#10358);
#10356 = CARTESIAN_POINT('',(67.38,-69.5,0.));
#10357 = DIRECTION('',(-0.,0.,-1.));
#10358 = DIRECTION('',(-0.,-1.,0.));
#10359 = FACE_BOUND('',#10360,.F.);
#10360 = EDGE_LOOP('',(#10361));
#10361 = ORIENTED_EDGE('',*,*,#10362,.T.);
#10362 = EDGE_CURVE('',#10363,#10363,#10365,.T.);
#10363 = VERTEX_POINT('',#10364);
#10364 = CARTESIAN_POINT('',(69.92,-69.9,0.));
#10365 = CIRCLE('',#10366,0.4);
#10366 = AXIS2_PLACEMENT_3D('',#10367,#10368,#10369);
#10367 = CARTESIAN_POINT('',(69.92,-69.5,0.));
#10368 = DIRECTION('',(-0.,0.,-1.));
#10369 = DIRECTION('',(3.5527136788E-14,-1.,-0.));
#10370 = FACE_BOUND('',#10371,.F.);
#10371 = EDGE_LOOP('',(#10372));
#10372 = ORIENTED_EDGE('',*,*,#10373,.T.);
#10373 = EDGE_CURVE('',#10374,#10374,#10376,.T.);
#10374 = VERTEX_POINT('',#10375);
#10375 = CARTESIAN_POINT('',(72.46,-69.9,0.));
#10376 = CIRCLE('',#10377,0.4);
#10377 = AXIS2_PLACEMENT_3D('',#10378,#10379,#10380);
#10378 = CARTESIAN_POINT('',(72.46,-69.5,0.));
#10379 = DIRECTION('',(-0.,0.,-1.));
#10380 = DIRECTION('',(-3.552713678801E-14,-1.,0.));
#10381 = FACE_BOUND('',#10382,.F.);
#10382 = EDGE_LOOP('',(#10383));
#10383 = ORIENTED_EDGE('',*,*,#10384,.T.);
#10384 = EDGE_CURVE('',#10385,#10385,#10387,.T.);
#10385 = VERTEX_POINT('',#10386);
#10386 = CARTESIAN_POINT('',(75.,-69.9,0.));
#10387 = CIRCLE('',#10388,0.4);
#10388 = AXIS2_PLACEMENT_3D('',#10389,#10390,#10391);
#10389 = CARTESIAN_POINT('',(75.,-69.5,0.));
#10390 = DIRECTION('',(-0.,0.,-1.));
#10391 = DIRECTION('',(-0.,-1.,0.));
#10392 = FACE_BOUND('',#10393,.F.);
#10393 = EDGE_LOOP('',(#10394));
#10394 = ORIENTED_EDGE('',*,*,#10395,.T.);
#10395 = EDGE_CURVE('',#10396,#10396,#10398,.T.);
#10396 = VERTEX_POINT('',#10397);
#10397 = CARTESIAN_POINT('',(77.54,-69.9,0.));
#10398 = CIRCLE('',#10399,0.4);
#10399 = AXIS2_PLACEMENT_3D('',#10400,#10401,#10402);
#10400 = CARTESIAN_POINT('',(77.54,-69.5,0.));
#10401 = DIRECTION('',(-0.,0.,-1.));
#10402 = DIRECTION('',(3.5527136788E-14,-1.,-0.));
#10403 = FACE_BOUND('',#10404,.F.);
#10404 = EDGE_LOOP('',(#10405));
#10405 = ORIENTED_EDGE('',*,*,#10406,.T.);
#10406 = EDGE_CURVE('',#10407,#10407,#10409,.T.);
#10407 = VERTEX_POINT('',#10408);
#10408 = CARTESIAN_POINT('',(80.08,-69.9,0.));
#10409 = CIRCLE('',#10410,0.4);
#10410 = AXIS2_PLACEMENT_3D('',#10411,#10412,#10413);
#10411 = CARTESIAN_POINT('',(80.08,-69.5,0.));
#10412 = DIRECTION('',(-0.,0.,-1.));
#10413 = DIRECTION('',(-3.552713678801E-14,-1.,0.));
#10414 = FACE_BOUND('',#10415,.F.);
#10415 = EDGE_LOOP('',(#10416));
#10416 = ORIENTED_EDGE('',*,*,#10417,.T.);
#10417 = EDGE_CURVE('',#10418,#10418,#10420,.T.);
#10418 = VERTEX_POINT('',#10419);
#10419 = CARTESIAN_POINT('',(82.62,-69.9,0.));
#10420 = CIRCLE('',#10421,0.4);
#10421 = AXIS2_PLACEMENT_3D('',#10422,#10423,#10424);
#10422 = CARTESIAN_POINT('',(82.62,-69.5,0.));
#10423 = DIRECTION('',(-0.,0.,-1.));
#10424 = DIRECTION('',(-0.,-1.,0.));
#10425 = FACE_BOUND('',#10426,.F.);
#10426 = EDGE_LOOP('',(#10427));
#10427 = ORIENTED_EDGE('',*,*,#10428,.T.);
#10428 = EDGE_CURVE('',#10429,#10429,#10431,.T.);
#10429 = VERTEX_POINT('',#10430);
#10430 = CARTESIAN_POINT('',(85.16,-69.9,0.));
#10431 = CIRCLE('',#10432,0.4);
#10432 = AXIS2_PLACEMENT_3D('',#10433,#10434,#10435);
#10433 = CARTESIAN_POINT('',(85.16,-69.5,0.));
#10434 = DIRECTION('',(-0.,0.,-1.));
#10435 = DIRECTION('',(-0.,-1.,0.));
#10436 = FACE_BOUND('',#10437,.F.);
#10437 = EDGE_LOOP('',(#10438));
#10438 = ORIENTED_EDGE('',*,*,#10439,.T.);
#10439 = EDGE_CURVE('',#10440,#10440,#10442,.T.);
#10440 = VERTEX_POINT('',#10441);
#10441 = CARTESIAN_POINT('',(87.7,-69.9,0.));
#10442 = CIRCLE('',#10443,0.4);
#10443 = AXIS2_PLACEMENT_3D('',#10444,#10445,#10446);
#10444 = CARTESIAN_POINT('',(87.7,-69.5,0.));
#10445 = DIRECTION('',(-0.,0.,-1.));
#10446 = DIRECTION('',(3.5527136788E-14,-1.,-0.));
#10447 = FACE_BOUND('',#10448,.F.);
#10448 = EDGE_LOOP('',(#10449));
#10449 = ORIENTED_EDGE('',*,*,#10450,.T.);
#10450 = EDGE_CURVE('',#10451,#10451,#10453,.T.);
#10451 = VERTEX_POINT('',#10452);
#10452 = CARTESIAN_POINT('',(97.86,-74.98,0.));
#10453 = CIRCLE('',#10454,0.4);
#10454 = AXIS2_PLACEMENT_3D('',#10455,#10456,#10457);
#10455 = CARTESIAN_POINT('',(97.86,-74.58,0.));
#10456 = DIRECTION('',(-0.,0.,-1.));
#10457 = DIRECTION('',(-0.,-1.,0.));
#10458 = FACE_BOUND('',#10459,.F.);
#10459 = EDGE_LOOP('',(#10460));
#10460 = ORIENTED_EDGE('',*,*,#10461,.T.);
#10461 = EDGE_CURVE('',#10462,#10462,#10464,.T.);
#10462 = VERTEX_POINT('',#10463);
#10463 = CARTESIAN_POINT('',(97.86,-72.44,0.));
#10464 = CIRCLE('',#10465,0.4);
#10465 = AXIS2_PLACEMENT_3D('',#10466,#10467,#10468);
#10466 = CARTESIAN_POINT('',(97.86,-72.04,0.));
#10467 = DIRECTION('',(-0.,0.,-1.));
#10468 = DIRECTION('',(-0.,-1.,0.));
#10469 = FACE_BOUND('',#10470,.F.);
#10470 = EDGE_LOOP('',(#10471));
#10471 = ORIENTED_EDGE('',*,*,#10472,.T.);
#10472 = EDGE_CURVE('',#10473,#10473,#10475,.T.);
#10473 = VERTEX_POINT('',#10474);
#10474 = CARTESIAN_POINT('',(90.24,-69.9,0.));
#10475 = CIRCLE('',#10476,0.4);
#10476 = AXIS2_PLACEMENT_3D('',#10477,#10478,#10479);
#10477 = CARTESIAN_POINT('',(90.24,-69.5,0.));
#10478 = DIRECTION('',(-0.,0.,-1.));
#10479 = DIRECTION('',(-3.552713678801E-14,-1.,0.));
#10480 = FACE_BOUND('',#10481,.F.);
#10481 = EDGE_LOOP('',(#10482));
#10482 = ORIENTED_EDGE('',*,*,#10483,.T.);
#10483 = EDGE_CURVE('',#10484,#10484,#10486,.T.);
#10484 = VERTEX_POINT('',#10485);
#10485 = CARTESIAN_POINT('',(92.78,-69.9,0.));
#10486 = CIRCLE('',#10487,0.4);
#10487 = AXIS2_PLACEMENT_3D('',#10488,#10489,#10490);
#10488 = CARTESIAN_POINT('',(92.78,-69.5,0.));
#10489 = DIRECTION('',(-0.,0.,-1.));
#10490 = DIRECTION('',(-0.,-1.,0.));
#10491 = FACE_BOUND('',#10492,.F.);
#10492 = EDGE_LOOP('',(#10493));
#10493 = ORIENTED_EDGE('',*,*,#10494,.T.);
#10494 = EDGE_CURVE('',#10495,#10495,#10497,.T.);
#10495 = VERTEX_POINT('',#10496);
#10496 = CARTESIAN_POINT('',(95.32,-69.9,0.));
#10497 = CIRCLE('',#10498,0.4);
#10498 = AXIS2_PLACEMENT_3D('',#10499,#10500,#10501);
#10499 = CARTESIAN_POINT('',(95.32,-69.5,0.));
#10500 = DIRECTION('',(-0.,0.,-1.));
#10501 = DIRECTION('',(-0.,-1.,0.));
#10502 = FACE_BOUND('',#10503,.F.);
#10503 = EDGE_LOOP('',(#10504));
#10504 = ORIENTED_EDGE('',*,*,#10505,.T.);
#10505 = EDGE_CURVE('',#10506,#10506,#10508,.T.);
#10506 = VERTEX_POINT('',#10507);
#10507 = CARTESIAN_POINT('',(97.86,-69.9,0.));
#10508 = CIRCLE('',#10509,0.4);
#10509 = AXIS2_PLACEMENT_3D('',#10510,#10511,#10512);
#10510 = CARTESIAN_POINT('',(97.86,-69.5,0.));
#10511 = DIRECTION('',(-0.,0.,-1.));
#10512 = DIRECTION('',(-0.,-1.,0.));
#10513 = FACE_BOUND('',#10514,.F.);
#10514 = EDGE_LOOP('',(#10515));
#10515 = ORIENTED_EDGE('',*,*,#10516,.T.);
#10516 = EDGE_CURVE('',#10517,#10517,#10519,.T.);
#10517 = VERTEX_POINT('',#10518);
#10518 = CARTESIAN_POINT('',(54.,-63.85,0.));
#10519 = CIRCLE('',#10520,1.35);
#10520 = AXIS2_PLACEMENT_3D('',#10521,#10522,#10523);
#10521 = CARTESIAN_POINT('',(54.,-62.5,0.));
#10522 = DIRECTION('',(-0.,0.,-1.));
#10523 = DIRECTION('',(-0.,-1.,0.));
#10524 = FACE_BOUND('',#10525,.F.);
#10525 = EDGE_LOOP('',(#10526));
#10526 = ORIENTED_EDGE('',*,*,#10527,.T.);
#10527 = EDGE_CURVE('',#10528,#10528,#10530,.T.);
#10528 = VERTEX_POINT('',#10529);
#10529 = CARTESIAN_POINT('',(60.,-59.6,0.));
#10530 = CIRCLE('',#10531,0.6);
#10531 = AXIS2_PLACEMENT_3D('',#10532,#10533,#10534);
#10532 = CARTESIAN_POINT('',(60.,-59.,0.));
#10533 = DIRECTION('',(-0.,0.,-1.));
#10534 = DIRECTION('',(-0.,-1.,0.));
#10535 = FACE_BOUND('',#10536,.F.);
#10536 = EDGE_LOOP('',(#10537));
#10537 = ORIENTED_EDGE('',*,*,#10538,.T.);
#10538 = EDGE_CURVE('',#10539,#10539,#10541,.T.);
#10539 = VERTEX_POINT('',#10540);
#10540 = CARTESIAN_POINT('',(63.5,-59.6,0.));
#10541 = CIRCLE('',#10542,0.6);
#10542 = AXIS2_PLACEMENT_3D('',#10543,#10544,#10545);
#10543 = CARTESIAN_POINT('',(63.5,-59.,0.));
#10544 = DIRECTION('',(-0.,0.,-1.));
#10545 = DIRECTION('',(-0.,-1.,0.));
#10546 = FACE_BOUND('',#10547,.F.);
#10547 = EDGE_LOOP('',(#10548));
#10548 = ORIENTED_EDGE('',*,*,#10549,.T.);
#10549 = EDGE_CURVE('',#10550,#10550,#10552,.T.);
#10550 = VERTEX_POINT('',#10551);
#10551 = CARTESIAN_POINT('',(67.,-59.6,0.));
#10552 = CIRCLE('',#10553,0.6);
#10553 = AXIS2_PLACEMENT_3D('',#10554,#10555,#10556);
#10554 = CARTESIAN_POINT('',(67.,-59.,0.));
#10555 = DIRECTION('',(-0.,0.,-1.));
#10556 = DIRECTION('',(-0.,-1.,0.));
#10557 = FACE_BOUND('',#10558,.F.);
#10558 = EDGE_LOOP('',(#10559));
#10559 = ORIENTED_EDGE('',*,*,#10560,.T.);
#10560 = EDGE_CURVE('',#10561,#10561,#10563,.T.);
#10561 = VERTEX_POINT('',#10562);
#10562 = CARTESIAN_POINT('',(74.445,-59.5325,0.));
#10563 = CIRCLE('',#10564,0.6);
#10564 = AXIS2_PLACEMENT_3D('',#10565,#10566,#10567);
#10565 = CARTESIAN_POINT('',(74.445,-58.9325,0.));
#10566 = DIRECTION('',(-0.,0.,-1.));
#10567 = DIRECTION('',(-0.,-1.,0.));
#10568 = FACE_BOUND('',#10569,.F.);
#10569 = EDGE_LOOP('',(#10570));
#10570 = ORIENTED_EDGE('',*,*,#10571,.T.);
#10571 = EDGE_CURVE('',#10572,#10572,#10574,.T.);
#10572 = VERTEX_POINT('',#10573);
#10573 = CARTESIAN_POINT('',(77.945,-59.5325,0.));
#10574 = CIRCLE('',#10575,0.6);
#10575 = AXIS2_PLACEMENT_3D('',#10576,#10577,#10578);
#10576 = CARTESIAN_POINT('',(77.945,-58.9325,0.));
#10577 = DIRECTION('',(-0.,0.,-1.));
#10578 = DIRECTION('',(-0.,-1.,0.));
#10579 = FACE_BOUND('',#10580,.F.);
#10580 = EDGE_LOOP('',(#10581));
#10581 = ORIENTED_EDGE('',*,*,#10582,.T.);
#10582 = EDGE_CURVE('',#10583,#10583,#10585,.T.);
#10583 = VERTEX_POINT('',#10584);
#10584 = CARTESIAN_POINT('',(81.445,-59.5325,0.));
#10585 = CIRCLE('',#10586,0.6);
#10586 = AXIS2_PLACEMENT_3D('',#10587,#10588,#10589);
#10587 = CARTESIAN_POINT('',(81.445,-58.9325,0.));
#10588 = DIRECTION('',(-0.,0.,-1.));
#10589 = DIRECTION('',(-0.,-1.,0.));
#10590 = FACE_BOUND('',#10591,.F.);
#10591 = EDGE_LOOP('',(#10592));
#10592 = ORIENTED_EDGE('',*,*,#10593,.T.);
#10593 = EDGE_CURVE('',#10594,#10594,#10596,.T.);
#10594 = VERTEX_POINT('',#10595);
#10595 = CARTESIAN_POINT('',(88.945,-59.5325,0.));
#10596 = CIRCLE('',#10597,0.6);
#10597 = AXIS2_PLACEMENT_3D('',#10598,#10599,#10600);
#10598 = CARTESIAN_POINT('',(88.945,-58.9325,0.));
#10599 = DIRECTION('',(-0.,0.,-1.));
#10600 = DIRECTION('',(-0.,-1.,0.));
#10601 = FACE_BOUND('',#10602,.F.);
#10602 = EDGE_LOOP('',(#10603));
#10603 = ORIENTED_EDGE('',*,*,#10604,.T.);
#10604 = EDGE_CURVE('',#10605,#10605,#10607,.T.);
#10605 = VERTEX_POINT('',#10606);
#10606 = CARTESIAN_POINT('',(92.445,-59.5325,0.));
#10607 = CIRCLE('',#10608,0.6);
#10608 = AXIS2_PLACEMENT_3D('',#10609,#10610,#10611);
#10609 = CARTESIAN_POINT('',(92.445,-58.9325,0.));
#10610 = DIRECTION('',(-0.,0.,-1.));
#10611 = DIRECTION('',(-0.,-1.,0.));
#10612 = FACE_BOUND('',#10613,.F.);
#10613 = EDGE_LOOP('',(#10614));
#10614 = ORIENTED_EDGE('',*,*,#10615,.T.);
#10615 = EDGE_CURVE('',#10616,#10616,#10618,.T.);
#10616 = VERTEX_POINT('',#10617);
#10617 = CARTESIAN_POINT('',(95.945,-59.5325,0.));
#10618 = CIRCLE('',#10619,0.6);
#10619 = AXIS2_PLACEMENT_3D('',#10620,#10621,#10622);
#10620 = CARTESIAN_POINT('',(95.945,-58.9325,0.));
#10621 = DIRECTION('',(-0.,0.,-1.));
#10622 = DIRECTION('',(-0.,-1.,0.));
#10623 = FACE_BOUND('',#10624,.F.);
#10624 = EDGE_LOOP('',(#10625));
#10625 = ORIENTED_EDGE('',*,*,#10626,.T.);
#10626 = EDGE_CURVE('',#10627,#10627,#10629,.T.);
#10627 = VERTEX_POINT('',#10628);
#10628 = CARTESIAN_POINT('',(100.4,-69.9,0.));
#10629 = CIRCLE('',#10630,0.4);
#10630 = AXIS2_PLACEMENT_3D('',#10631,#10632,#10633);
#10631 = CARTESIAN_POINT('',(100.4,-69.5,0.));
#10632 = DIRECTION('',(-0.,0.,-1.));
#10633 = DIRECTION('',(-0.,-1.,0.));
#10634 = FACE_BOUND('',#10635,.F.);
#10635 = EDGE_LOOP('',(#10636));
#10636 = ORIENTED_EDGE('',*,*,#10637,.T.);
#10637 = EDGE_CURVE('',#10638,#10638,#10640,.T.);
#10638 = VERTEX_POINT('',#10639);
#10639 = CARTESIAN_POINT('',(102.94,-69.9,0.));
#10640 = CIRCLE('',#10641,0.4);
#10641 = AXIS2_PLACEMENT_3D('',#10642,#10643,#10644);
#10642 = CARTESIAN_POINT('',(102.94,-69.5,0.));
#10643 = DIRECTION('',(-0.,0.,-1.));
#10644 = DIRECTION('',(-0.,-1.,0.));
#10645 = FACE_BOUND('',#10646,.F.);
#10646 = EDGE_LOOP('',(#10647));
#10647 = ORIENTED_EDGE('',*,*,#10648,.T.);
#10648 = EDGE_CURVE('',#10649,#10649,#10651,.T.);
#10649 = VERTEX_POINT('',#10650);
#10650 = CARTESIAN_POINT('',(105.48,-69.9,0.));
#10651 = CIRCLE('',#10652,0.4);
#10652 = AXIS2_PLACEMENT_3D('',#10653,#10654,#10655);
#10653 = CARTESIAN_POINT('',(105.48,-69.5,0.));
#10654 = DIRECTION('',(-0.,0.,-1.));
#10655 = DIRECTION('',(3.5527136788E-14,-1.,-0.));
#10656 = FACE_BOUND('',#10657,.F.);
#10657 = EDGE_LOOP('',(#10658));
#10658 = ORIENTED_EDGE('',*,*,#10659,.T.);
#10659 = EDGE_CURVE('',#10660,#10660,#10662,.T.);
#10660 = VERTEX_POINT('',#10661);
#10661 = CARTESIAN_POINT('',(108.02,-69.9,0.));
#10662 = CIRCLE('',#10663,0.4);
#10663 = AXIS2_PLACEMENT_3D('',#10664,#10665,#10666);
#10664 = CARTESIAN_POINT('',(108.02,-69.5,0.));
#10665 = DIRECTION('',(-0.,0.,-1.));
#10666 = DIRECTION('',(-3.552713678801E-14,-1.,0.));
#10667 = FACE_BOUND('',#10668,.F.);
#10668 = EDGE_LOOP('',(#10669));
#10669 = ORIENTED_EDGE('',*,*,#10670,.T.);
#10670 = EDGE_CURVE('',#10671,#10671,#10673,.T.);
#10671 = VERTEX_POINT('',#10672);
#10672 = CARTESIAN_POINT('',(110.56,-69.9,0.));
#10673 = CIRCLE('',#10674,0.4);
#10674 = AXIS2_PLACEMENT_3D('',#10675,#10676,#10677);
#10675 = CARTESIAN_POINT('',(110.56,-69.5,0.));
#10676 = DIRECTION('',(-0.,0.,-1.));
#10677 = DIRECTION('',(-0.,-1.,0.));
#10678 = FACE_BOUND('',#10679,.F.);
#10679 = EDGE_LOOP('',(#10680));
#10680 = ORIENTED_EDGE('',*,*,#10681,.T.);
#10681 = EDGE_CURVE('',#10682,#10682,#10684,.T.);
#10682 = VERTEX_POINT('',#10683);
#10683 = CARTESIAN_POINT('',(133.5,-73.643,0.));
#10684 = CIRCLE('',#10685,1.143);
#10685 = AXIS2_PLACEMENT_3D('',#10686,#10687,#10688);
#10686 = CARTESIAN_POINT('',(133.5,-72.5,0.));
#10687 = DIRECTION('',(-0.,0.,-1.));
#10688 = DIRECTION('',(-0.,-1.,0.));
#10689 = FACE_BOUND('',#10690,.F.);
#10690 = EDGE_LOOP('',(#10691));
#10691 = ORIENTED_EDGE('',*,*,#10692,.T.);
#10692 = EDGE_CURVE('',#10693,#10693,#10695,.T.);
#10693 = VERTEX_POINT('',#10694);
#10694 = CARTESIAN_POINT('',(141.0675,-71.795,0.));
#10695 = CIRCLE('',#10696,0.6);
#10696 = AXIS2_PLACEMENT_3D('',#10697,#10698,#10699);
#10697 = CARTESIAN_POINT('',(141.0675,-71.195,0.));
#10698 = DIRECTION('',(-0.,0.,-1.));
#10699 = DIRECTION('',(-0.,-1.,0.));
#10700 = FACE_BOUND('',#10701,.F.);
#10701 = EDGE_LOOP('',(#10702));
#10702 = ORIENTED_EDGE('',*,*,#10703,.T.);
#10703 = EDGE_CURVE('',#10704,#10704,#10706,.T.);
#10704 = VERTEX_POINT('',#10705);
#10705 = CARTESIAN_POINT('',(125.5,-65.055,0.));
#10706 = CIRCLE('',#10707,0.5);
#10707 = AXIS2_PLACEMENT_3D('',#10708,#10709,#10710);
#10708 = CARTESIAN_POINT('',(125.5,-64.555,0.));
#10709 = DIRECTION('',(-0.,0.,-1.));
#10710 = DIRECTION('',(-0.,-1.,0.));
#10711 = FACE_BOUND('',#10712,.F.);
#10712 = EDGE_LOOP('',(#10713));
#10713 = ORIENTED_EDGE('',*,*,#10714,.T.);
#10714 = EDGE_CURVE('',#10715,#10715,#10717,.T.);
#10715 = VERTEX_POINT('',#10716);
#10716 = CARTESIAN_POINT('',(145.5,-65.85,0.));
#10717 = CIRCLE('',#10718,1.35);
#10718 = AXIS2_PLACEMENT_3D('',#10719,#10720,#10721);
#10719 = CARTESIAN_POINT('',(145.5,-64.5,0.));
#10720 = DIRECTION('',(-0.,0.,-1.));
#10721 = DIRECTION('',(-0.,-1.,0.));
#10722 = FACE_BOUND('',#10723,.F.);
#10723 = EDGE_LOOP('',(#10724));
#10724 = ORIENTED_EDGE('',*,*,#10725,.T.);
#10725 = EDGE_CURVE('',#10726,#10726,#10728,.T.);
#10726 = VERTEX_POINT('',#10727);
#10727 = CARTESIAN_POINT('',(103.445,-59.5325,0.));
#10728 = CIRCLE('',#10729,0.6);
#10729 = AXIS2_PLACEMENT_3D('',#10730,#10731,#10732);
#10730 = CARTESIAN_POINT('',(103.445,-58.9325,0.));
#10731 = DIRECTION('',(-0.,0.,-1.));
#10732 = DIRECTION('',(-0.,-1.,0.));
#10733 = FACE_BOUND('',#10734,.F.);
#10734 = EDGE_LOOP('',(#10735));
#10735 = ORIENTED_EDGE('',*,*,#10736,.T.);
#10736 = EDGE_CURVE('',#10737,#10737,#10739,.T.);
#10737 = VERTEX_POINT('',#10738);
#10738 = CARTESIAN_POINT('',(106.945,-59.5325,0.));
#10739 = CIRCLE('',#10740,0.6);
#10740 = AXIS2_PLACEMENT_3D('',#10741,#10742,#10743);
#10741 = CARTESIAN_POINT('',(106.945,-58.9325,0.));
#10742 = DIRECTION('',(-0.,0.,-1.));
#10743 = DIRECTION('',(-0.,-1.,0.));
#10744 = FACE_BOUND('',#10745,.F.);
#10745 = EDGE_LOOP('',(#10746));
#10746 = ORIENTED_EDGE('',*,*,#10747,.T.);
#10747 = EDGE_CURVE('',#10748,#10748,#10750,.T.);
#10748 = VERTEX_POINT('',#10749);
#10749 = CARTESIAN_POINT('',(110.445,-59.5325,0.));
#10750 = CIRCLE('',#10751,0.6);
#10751 = AXIS2_PLACEMENT_3D('',#10752,#10753,#10754);
#10752 = CARTESIAN_POINT('',(110.445,-58.9325,0.));
#10753 = DIRECTION('',(-0.,0.,-1.));
#10754 = DIRECTION('',(-0.,-1.,0.));
#10755 = FACE_BOUND('',#10756,.F.);
#10756 = EDGE_LOOP('',(#10757));
#10757 = ORIENTED_EDGE('',*,*,#10758,.T.);
#10758 = EDGE_CURVE('',#10759,#10759,#10761,.T.);
#10759 = VERTEX_POINT('',#10760);
#10760 = CARTESIAN_POINT('',(125.5,-62.515,0.));
#10761 = CIRCLE('',#10762,0.5);
#10762 = AXIS2_PLACEMENT_3D('',#10763,#10764,#10765);
#10763 = CARTESIAN_POINT('',(125.5,-62.015,0.));
#10764 = DIRECTION('',(-0.,0.,-1.));
#10765 = DIRECTION('',(-0.,-1.,0.));
#10766 = FACE_BOUND('',#10767,.F.);
#10767 = EDGE_LOOP('',(#10768));
#10768 = ORIENTED_EDGE('',*,*,#10769,.T.);
#10769 = EDGE_CURVE('',#10770,#10770,#10772,.T.);
#10770 = VERTEX_POINT('',#10771);
#10771 = CARTESIAN_POINT('',(125.5,-59.975,0.));
#10772 = CIRCLE('',#10773,0.5);
#10773 = AXIS2_PLACEMENT_3D('',#10774,#10775,#10776);
#10774 = CARTESIAN_POINT('',(125.5,-59.475,0.));
#10775 = DIRECTION('',(-0.,0.,-1.));
#10776 = DIRECTION('',(-0.,-1.,0.));
#10777 = FACE_BOUND('',#10778,.F.);
#10778 = EDGE_LOOP('',(#10779));
#10779 = ORIENTED_EDGE('',*,*,#10780,.T.);
#10780 = EDGE_CURVE('',#10781,#10781,#10783,.T.);
#10781 = VERTEX_POINT('',#10782);
#10782 = CARTESIAN_POINT('',(140.,-56.35,0.));
#10783 = CIRCLE('',#10784,1.35);
#10784 = AXIS2_PLACEMENT_3D('',#10785,#10786,#10787);
#10785 = CARTESIAN_POINT('',(140.,-55.,0.));
#10786 = DIRECTION('',(-0.,0.,-1.));
#10787 = DIRECTION('',(-0.,-1.,0.));
#10788 = FACE_BOUND('',#10789,.F.);
#10789 = EDGE_LOOP('',(#10790));
#10790 = ORIENTED_EDGE('',*,*,#10791,.T.);
#10791 = EDGE_CURVE('',#10792,#10792,#10794,.T.);
#10792 = VERTEX_POINT('',#10793);
#10793 = CARTESIAN_POINT('',(145.,-56.35,0.));
#10794 = CIRCLE('',#10795,1.35);
#10795 = AXIS2_PLACEMENT_3D('',#10796,#10797,#10798);
#10796 = CARTESIAN_POINT('',(145.,-55.,0.));
#10797 = DIRECTION('',(-0.,0.,-1.));
#10798 = DIRECTION('',(-0.,-1.,0.));
#10799 = PLANE('',#10800);
#10800 = AXIS2_PLACEMENT_3D('',#10801,#10802,#10803);
#10801 = CARTESIAN_POINT('',(0.,0.,0.));
#10802 = DIRECTION('',(0.,0.,1.));
#10803 = DIRECTION('',(1.,0.,-0.));
#10804 = ADVANCED_FACE('',(#10805,#10816,#10827,#10838,#10849,#10860,
    #10871,#10882,#10893,#10904,#10915,#10926,#10937,#10948,#10959,
    #10970,#10981,#10992,#11003,#11014,#11025,#11036,#11047,#11058,
    #11069,#11080,#11091,#11102,#11113,#11124,#11135,#11146,#11157,
    #11168,#11179,#11190,#11201,#11212,#11223,#11234,#11245,#11256,
    #11267,#11278,#11289,#11300,#11311,#11322,#11333,#11344,#11355,
    #11366,#11377,#11388,#11399,#11410,#11421,#11432,#11443,#11454,
    #11465,#11476,#11487,#11498,#11509,#11520,#11531,#11542,#11553,
    #11564,#11575,#11586,#11597,#11608,#11619,#11630,#11641,#11652,
    #11663,#11674,#11685,#11696,#11707,#11718,#11729,#11740,#11751,
    #11762,#11773,#11784,#11795,#11806,#11817,#11828,#11839,#11850,
    #11861,#11872,#11883,#11894,#11905,#11916,#11927,#11938,#11949,
    #11960,#11971,#11982,#11993,#12004,#12015,#12026),#12037,.T.);
#10805 = FACE_BOUND('',#10806,.T.);
#10806 = EDGE_LOOP('',(#10807,#10808,#10809,#10815));
#10807 = ORIENTED_EDGE('',*,*,#9478,.F.);
#10808 = ORIENTED_EDGE('',*,*,#9518,.F.);
#10809 = ORIENTED_EDGE('',*,*,#10810,.F.);
#10810 = EDGE_CURVE('',#9541,#9511,#10811,.T.);
#10811 = LINE('',#10812,#10813);
#10812 = CARTESIAN_POINT('',(50.,-50.,1.6));
#10813 = VECTOR('',#10814,1.);
#10814 = DIRECTION('',(1.,0.,0.));
#10815 = ORIENTED_EDGE('',*,*,#9540,.F.);
#10816 = FACE_BOUND('',#10817,.T.);
#10817 = EDGE_LOOP('',(#10818));
#10818 = ORIENTED_EDGE('',*,*,#10819,.T.);
#10819 = EDGE_CURVE('',#10820,#10820,#10822,.T.);
#10820 = VERTEX_POINT('',#10821);
#10821 = CARTESIAN_POINT('',(58.945,-95.6,1.6));
#10822 = CIRCLE('',#10823,0.6);
#10823 = AXIS2_PLACEMENT_3D('',#10824,#10825,#10826);
#10824 = CARTESIAN_POINT('',(58.945,-95.,1.6));
#10825 = DIRECTION('',(-0.,0.,-1.));
#10826 = DIRECTION('',(-0.,-1.,0.));
#10827 = FACE_BOUND('',#10828,.T.);
#10828 = EDGE_LOOP('',(#10829));
#10829 = ORIENTED_EDGE('',*,*,#10830,.T.);
#10830 = EDGE_CURVE('',#10831,#10831,#10833,.T.);
#10831 = VERTEX_POINT('',#10832);
#10832 = CARTESIAN_POINT('',(62.445,-95.6,1.6));
#10833 = CIRCLE('',#10834,0.6);
#10834 = AXIS2_PLACEMENT_3D('',#10835,#10836,#10837);
#10835 = CARTESIAN_POINT('',(62.445,-95.,1.6));
#10836 = DIRECTION('',(-0.,0.,-1.));
#10837 = DIRECTION('',(-0.,-1.,0.));
#10838 = FACE_BOUND('',#10839,.T.);
#10839 = EDGE_LOOP('',(#10840));
#10840 = ORIENTED_EDGE('',*,*,#10841,.T.);
#10841 = EDGE_CURVE('',#10842,#10842,#10844,.T.);
#10842 = VERTEX_POINT('',#10843);
#10843 = CARTESIAN_POINT('',(65.945,-95.6,1.6));
#10844 = CIRCLE('',#10845,0.6);
#10845 = AXIS2_PLACEMENT_3D('',#10846,#10847,#10848);
#10846 = CARTESIAN_POINT('',(65.945,-95.,1.6));
#10847 = DIRECTION('',(-0.,0.,-1.));
#10848 = DIRECTION('',(-0.,-1.,0.));
#10849 = FACE_BOUND('',#10850,.T.);
#10850 = EDGE_LOOP('',(#10851));
#10851 = ORIENTED_EDGE('',*,*,#10852,.T.);
#10852 = EDGE_CURVE('',#10853,#10853,#10855,.T.);
#10853 = VERTEX_POINT('',#10854);
#10854 = CARTESIAN_POINT('',(74.945,-95.6,1.6));
#10855 = CIRCLE('',#10856,0.6);
#10856 = AXIS2_PLACEMENT_3D('',#10857,#10858,#10859);
#10857 = CARTESIAN_POINT('',(74.945,-95.,1.6));
#10858 = DIRECTION('',(-0.,0.,-1.));
#10859 = DIRECTION('',(-0.,-1.,0.));
#10860 = FACE_BOUND('',#10861,.T.);
#10861 = EDGE_LOOP('',(#10862));
#10862 = ORIENTED_EDGE('',*,*,#10863,.T.);
#10863 = EDGE_CURVE('',#10864,#10864,#10866,.T.);
#10864 = VERTEX_POINT('',#10865);
#10865 = CARTESIAN_POINT('',(54.,-91.35,1.6));
#10866 = CIRCLE('',#10867,1.35);
#10867 = AXIS2_PLACEMENT_3D('',#10868,#10869,#10870);
#10868 = CARTESIAN_POINT('',(54.,-90.,1.6));
#10869 = DIRECTION('',(-0.,0.,-1.));
#10870 = DIRECTION('',(-0.,-1.,0.));
#10871 = FACE_BOUND('',#10872,.T.);
#10872 = EDGE_LOOP('',(#10873));
#10873 = ORIENTED_EDGE('',*,*,#10874,.T.);
#10874 = EDGE_CURVE('',#10875,#10875,#10877,.T.);
#10875 = VERTEX_POINT('',#10876);
#10876 = CARTESIAN_POINT('',(78.445,-95.6,1.6));
#10877 = CIRCLE('',#10878,0.6);
#10878 = AXIS2_PLACEMENT_3D('',#10879,#10880,#10881);
#10879 = CARTESIAN_POINT('',(78.445,-95.,1.6));
#10880 = DIRECTION('',(-0.,0.,-1.));
#10881 = DIRECTION('',(-0.,-1.,0.));
#10882 = FACE_BOUND('',#10883,.T.);
#10883 = EDGE_LOOP('',(#10884));
#10884 = ORIENTED_EDGE('',*,*,#10885,.T.);
#10885 = EDGE_CURVE('',#10886,#10886,#10888,.T.);
#10886 = VERTEX_POINT('',#10887);
#10887 = CARTESIAN_POINT('',(81.945,-95.6,1.6));
#10888 = CIRCLE('',#10889,0.6);
#10889 = AXIS2_PLACEMENT_3D('',#10890,#10891,#10892);
#10890 = CARTESIAN_POINT('',(81.945,-95.,1.6));
#10891 = DIRECTION('',(-0.,0.,-1.));
#10892 = DIRECTION('',(-0.,-1.,0.));
#10893 = FACE_BOUND('',#10894,.T.);
#10894 = EDGE_LOOP('',(#10895));
#10895 = ORIENTED_EDGE('',*,*,#10896,.T.);
#10896 = EDGE_CURVE('',#10897,#10897,#10899,.T.);
#10897 = VERTEX_POINT('',#10898);
#10898 = CARTESIAN_POINT('',(90.,-95.6675,1.6));
#10899 = CIRCLE('',#10900,0.6);
#10900 = AXIS2_PLACEMENT_3D('',#10901,#10902,#10903);
#10901 = CARTESIAN_POINT('',(90.,-95.0675,1.6));
#10902 = DIRECTION('',(-0.,0.,-1.));
#10903 = DIRECTION('',(-0.,-1.,0.));
#10904 = FACE_BOUND('',#10905,.T.);
#10905 = EDGE_LOOP('',(#10906));
#10906 = ORIENTED_EDGE('',*,*,#10907,.T.);
#10907 = EDGE_CURVE('',#10908,#10908,#10910,.T.);
#10908 = VERTEX_POINT('',#10909);
#10909 = CARTESIAN_POINT('',(93.5,-95.6675,1.6));
#10910 = CIRCLE('',#10911,0.6);
#10911 = AXIS2_PLACEMENT_3D('',#10912,#10913,#10914);
#10912 = CARTESIAN_POINT('',(93.5,-95.0675,1.6));
#10913 = DIRECTION('',(-0.,0.,-1.));
#10914 = DIRECTION('',(-0.,-1.,0.));
#10915 = FACE_BOUND('',#10916,.T.);
#10916 = EDGE_LOOP('',(#10917));
#10917 = ORIENTED_EDGE('',*,*,#10918,.T.);
#10918 = EDGE_CURVE('',#10919,#10919,#10921,.T.);
#10919 = VERTEX_POINT('',#10920);
#10920 = CARTESIAN_POINT('',(97.,-95.6675,1.6));
#10921 = CIRCLE('',#10922,0.6);
#10922 = AXIS2_PLACEMENT_3D('',#10923,#10924,#10925);
#10923 = CARTESIAN_POINT('',(97.,-95.0675,1.6));
#10924 = DIRECTION('',(-0.,0.,-1.));
#10925 = DIRECTION('',(-0.,-1.,0.));
#10926 = FACE_BOUND('',#10927,.T.);
#10927 = EDGE_LOOP('',(#10928));
#10928 = ORIENTED_EDGE('',*,*,#10929,.T.);
#10929 = EDGE_CURVE('',#10930,#10930,#10932,.T.);
#10930 = VERTEX_POINT('',#10931);
#10931 = CARTESIAN_POINT('',(52.14,-85.14,1.6));
#10932 = CIRCLE('',#10933,0.4);
#10933 = AXIS2_PLACEMENT_3D('',#10934,#10935,#10936);
#10934 = CARTESIAN_POINT('',(52.14,-84.74,1.6));
#10935 = DIRECTION('',(-0.,0.,-1.));
#10936 = DIRECTION('',(-0.,-1.,0.));
#10937 = FACE_BOUND('',#10938,.T.);
#10938 = EDGE_LOOP('',(#10939));
#10939 = ORIENTED_EDGE('',*,*,#10940,.T.);
#10940 = EDGE_CURVE('',#10941,#10941,#10943,.T.);
#10941 = VERTEX_POINT('',#10942);
#10942 = CARTESIAN_POINT('',(54.68,-85.14,1.6));
#10943 = CIRCLE('',#10944,0.4);
#10944 = AXIS2_PLACEMENT_3D('',#10945,#10946,#10947);
#10945 = CARTESIAN_POINT('',(54.68,-84.74,1.6));
#10946 = DIRECTION('',(-0.,0.,-1.));
#10947 = DIRECTION('',(-0.,-1.,0.));
#10948 = FACE_BOUND('',#10949,.T.);
#10949 = EDGE_LOOP('',(#10950));
#10950 = ORIENTED_EDGE('',*,*,#10951,.T.);
#10951 = EDGE_CURVE('',#10952,#10952,#10954,.T.);
#10952 = VERTEX_POINT('',#10953);
#10953 = CARTESIAN_POINT('',(57.22,-85.14,1.6));
#10954 = CIRCLE('',#10955,0.4);
#10955 = AXIS2_PLACEMENT_3D('',#10956,#10957,#10958);
#10956 = CARTESIAN_POINT('',(57.22,-84.74,1.6));
#10957 = DIRECTION('',(-0.,0.,-1.));
#10958 = DIRECTION('',(-0.,-1.,0.));
#10959 = FACE_BOUND('',#10960,.T.);
#10960 = EDGE_LOOP('',(#10961));
#10961 = ORIENTED_EDGE('',*,*,#10962,.T.);
#10962 = EDGE_CURVE('',#10963,#10963,#10965,.T.);
#10963 = VERTEX_POINT('',#10964);
#10964 = CARTESIAN_POINT('',(59.76,-85.14,1.6));
#10965 = CIRCLE('',#10966,0.4);
#10966 = AXIS2_PLACEMENT_3D('',#10967,#10968,#10969);
#10967 = CARTESIAN_POINT('',(59.76,-84.74,1.6));
#10968 = DIRECTION('',(-0.,0.,-1.));
#10969 = DIRECTION('',(-0.,-1.,0.));
#10970 = FACE_BOUND('',#10971,.T.);
#10971 = EDGE_LOOP('',(#10972));
#10972 = ORIENTED_EDGE('',*,*,#10973,.T.);
#10973 = EDGE_CURVE('',#10974,#10974,#10976,.T.);
#10974 = VERTEX_POINT('',#10975);
#10975 = CARTESIAN_POINT('',(62.3,-85.14,1.6));
#10976 = CIRCLE('',#10977,0.4);
#10977 = AXIS2_PLACEMENT_3D('',#10978,#10979,#10980);
#10978 = CARTESIAN_POINT('',(62.3,-84.74,1.6));
#10979 = DIRECTION('',(-0.,0.,-1.));
#10980 = DIRECTION('',(-0.,-1.,0.));
#10981 = FACE_BOUND('',#10982,.T.);
#10982 = EDGE_LOOP('',(#10983));
#10983 = ORIENTED_EDGE('',*,*,#10984,.T.);
#10984 = EDGE_CURVE('',#10985,#10985,#10987,.T.);
#10985 = VERTEX_POINT('',#10986);
#10986 = CARTESIAN_POINT('',(58.49,-82.065,1.6));
#10987 = CIRCLE('',#10988,0.375);
#10988 = AXIS2_PLACEMENT_3D('',#10989,#10990,#10991);
#10989 = CARTESIAN_POINT('',(58.49,-81.69,1.6));
#10990 = DIRECTION('',(-0.,0.,-1.));
#10991 = DIRECTION('',(-0.,-1.,0.));
#10992 = FACE_BOUND('',#10993,.T.);
#10993 = EDGE_LOOP('',(#10994));
#10994 = ORIENTED_EDGE('',*,*,#10995,.T.);
#10995 = EDGE_CURVE('',#10996,#10996,#10998,.T.);
#10996 = VERTEX_POINT('',#10997);
#10997 = CARTESIAN_POINT('',(61.03,-82.065,1.6));
#10998 = CIRCLE('',#10999,0.375);
#10999 = AXIS2_PLACEMENT_3D('',#11000,#11001,#11002);
#11000 = CARTESIAN_POINT('',(61.03,-81.69,1.6));
#11001 = DIRECTION('',(-0.,0.,-1.));
#11002 = DIRECTION('',(-0.,-1.,0.));
#11003 = FACE_BOUND('',#11004,.T.);
#11004 = EDGE_LOOP('',(#11005));
#11005 = ORIENTED_EDGE('',*,*,#11006,.T.);
#11006 = EDGE_CURVE('',#11007,#11007,#11009,.T.);
#11007 = VERTEX_POINT('',#11008);
#11008 = CARTESIAN_POINT('',(63.57,-82.065,1.6));
#11009 = CIRCLE('',#11010,0.375);
#11010 = AXIS2_PLACEMENT_3D('',#11011,#11012,#11013);
#11011 = CARTESIAN_POINT('',(63.57,-81.69,1.6));
#11012 = DIRECTION('',(-0.,0.,-1.));
#11013 = DIRECTION('',(-0.,-1.,0.));
#11014 = FACE_BOUND('',#11015,.T.);
#11015 = EDGE_LOOP('',(#11016));
#11016 = ORIENTED_EDGE('',*,*,#11017,.T.);
#11017 = EDGE_CURVE('',#11018,#11018,#11020,.T.);
#11018 = VERTEX_POINT('',#11019);
#11019 = CARTESIAN_POINT('',(64.84,-85.14,1.6));
#11020 = CIRCLE('',#11021,0.4);
#11021 = AXIS2_PLACEMENT_3D('',#11022,#11023,#11024);
#11022 = CARTESIAN_POINT('',(64.84,-84.74,1.6));
#11023 = DIRECTION('',(-0.,0.,-1.));
#11024 = DIRECTION('',(-0.,-1.,0.));
#11025 = FACE_BOUND('',#11026,.T.);
#11026 = EDGE_LOOP('',(#11027));
#11027 = ORIENTED_EDGE('',*,*,#11028,.T.);
#11028 = EDGE_CURVE('',#11029,#11029,#11031,.T.);
#11029 = VERTEX_POINT('',#11030);
#11030 = CARTESIAN_POINT('',(67.38,-85.14,1.6));
#11031 = CIRCLE('',#11032,0.4);
#11032 = AXIS2_PLACEMENT_3D('',#11033,#11034,#11035);
#11033 = CARTESIAN_POINT('',(67.38,-84.74,1.6));
#11034 = DIRECTION('',(-0.,0.,-1.));
#11035 = DIRECTION('',(-0.,-1.,0.));
#11036 = FACE_BOUND('',#11037,.T.);
#11037 = EDGE_LOOP('',(#11038));
#11038 = ORIENTED_EDGE('',*,*,#11039,.T.);
#11039 = EDGE_CURVE('',#11040,#11040,#11042,.T.);
#11040 = VERTEX_POINT('',#11041);
#11041 = CARTESIAN_POINT('',(69.92,-85.14,1.6));
#11042 = CIRCLE('',#11043,0.4);
#11043 = AXIS2_PLACEMENT_3D('',#11044,#11045,#11046);
#11044 = CARTESIAN_POINT('',(69.92,-84.74,1.6));
#11045 = DIRECTION('',(-0.,0.,-1.));
#11046 = DIRECTION('',(3.5527136788E-14,-1.,-0.));
#11047 = FACE_BOUND('',#11048,.T.);
#11048 = EDGE_LOOP('',(#11049));
#11049 = ORIENTED_EDGE('',*,*,#11050,.T.);
#11050 = EDGE_CURVE('',#11051,#11051,#11053,.T.);
#11051 = VERTEX_POINT('',#11052);
#11052 = CARTESIAN_POINT('',(72.46,-85.14,1.6));
#11053 = CIRCLE('',#11054,0.4);
#11054 = AXIS2_PLACEMENT_3D('',#11055,#11056,#11057);
#11055 = CARTESIAN_POINT('',(72.46,-84.74,1.6));
#11056 = DIRECTION('',(-0.,0.,-1.));
#11057 = DIRECTION('',(-3.552713678801E-14,-1.,0.));
#11058 = FACE_BOUND('',#11059,.T.);
#11059 = EDGE_LOOP('',(#11060));
#11060 = ORIENTED_EDGE('',*,*,#11061,.T.);
#11061 = EDGE_CURVE('',#11062,#11062,#11064,.T.);
#11062 = VERTEX_POINT('',#11063);
#11063 = CARTESIAN_POINT('',(75.,-85.14,1.6));
#11064 = CIRCLE('',#11065,0.4);
#11065 = AXIS2_PLACEMENT_3D('',#11066,#11067,#11068);
#11066 = CARTESIAN_POINT('',(75.,-84.74,1.6));
#11067 = DIRECTION('',(-0.,0.,-1.));
#11068 = DIRECTION('',(-0.,-1.,0.));
#11069 = FACE_BOUND('',#11070,.T.);
#11070 = EDGE_LOOP('',(#11071));
#11071 = ORIENTED_EDGE('',*,*,#11072,.T.);
#11072 = EDGE_CURVE('',#11073,#11073,#11075,.T.);
#11073 = VERTEX_POINT('',#11074);
#11074 = CARTESIAN_POINT('',(66.11,-82.065,1.6));
#11075 = CIRCLE('',#11076,0.375);
#11076 = AXIS2_PLACEMENT_3D('',#11077,#11078,#11079);
#11077 = CARTESIAN_POINT('',(66.11,-81.69,1.6));
#11078 = DIRECTION('',(-0.,0.,-1.));
#11079 = DIRECTION('',(-0.,-1.,0.));
#11080 = FACE_BOUND('',#11081,.T.);
#11081 = EDGE_LOOP('',(#11082));
#11082 = ORIENTED_EDGE('',*,*,#11083,.T.);
#11083 = EDGE_CURVE('',#11084,#11084,#11086,.T.);
#11084 = VERTEX_POINT('',#11085);
#11085 = CARTESIAN_POINT('',(68.65,-82.065,1.6));
#11086 = CIRCLE('',#11087,0.375);
#11087 = AXIS2_PLACEMENT_3D('',#11088,#11089,#11090);
#11088 = CARTESIAN_POINT('',(68.65,-81.69,1.6));
#11089 = DIRECTION('',(-0.,0.,-1.));
#11090 = DIRECTION('',(-0.,-1.,0.));
#11091 = FACE_BOUND('',#11092,.T.);
#11092 = EDGE_LOOP('',(#11093));
#11093 = ORIENTED_EDGE('',*,*,#11094,.T.);
#11094 = EDGE_CURVE('',#11095,#11095,#11097,.T.);
#11095 = VERTEX_POINT('',#11096);
#11096 = CARTESIAN_POINT('',(65.11,-76.3,1.6));
#11097 = CIRCLE('',#11098,0.35);
#11098 = AXIS2_PLACEMENT_3D('',#11099,#11100,#11101);
#11099 = CARTESIAN_POINT('',(65.11,-75.95,1.6));
#11100 = DIRECTION('',(-0.,0.,-1.));
#11101 = DIRECTION('',(-0.,-1.,0.));
#11102 = FACE_BOUND('',#11103,.T.);
#11103 = EDGE_LOOP('',(#11104));
#11104 = ORIENTED_EDGE('',*,*,#11105,.T.);
#11105 = EDGE_CURVE('',#11106,#11106,#11108,.T.);
#11106 = VERTEX_POINT('',#11107);
#11107 = CARTESIAN_POINT('',(67.11,-76.3,1.6));
#11108 = CIRCLE('',#11109,0.35);
#11109 = AXIS2_PLACEMENT_3D('',#11110,#11111,#11112);
#11110 = CARTESIAN_POINT('',(67.11,-75.95,1.6));
#11111 = DIRECTION('',(-0.,0.,-1.));
#11112 = DIRECTION('',(-0.,-1.,0.));
#11113 = FACE_BOUND('',#11114,.T.);
#11114 = EDGE_LOOP('',(#11115));
#11115 = ORIENTED_EDGE('',*,*,#11116,.T.);
#11116 = EDGE_CURVE('',#11117,#11117,#11119,.T.);
#11117 = VERTEX_POINT('',#11118);
#11118 = CARTESIAN_POINT('',(77.54,-85.14,1.6));
#11119 = CIRCLE('',#11120,0.4);
#11120 = AXIS2_PLACEMENT_3D('',#11121,#11122,#11123);
#11121 = CARTESIAN_POINT('',(77.54,-84.74,1.6));
#11122 = DIRECTION('',(-0.,0.,-1.));
#11123 = DIRECTION('',(3.5527136788E-14,-1.,-0.));
#11124 = FACE_BOUND('',#11125,.T.);
#11125 = EDGE_LOOP('',(#11126));
#11126 = ORIENTED_EDGE('',*,*,#11127,.T.);
#11127 = EDGE_CURVE('',#11128,#11128,#11130,.T.);
#11128 = VERTEX_POINT('',#11129);
#11129 = CARTESIAN_POINT('',(80.08,-85.14,1.6));
#11130 = CIRCLE('',#11131,0.4);
#11131 = AXIS2_PLACEMENT_3D('',#11132,#11133,#11134);
#11132 = CARTESIAN_POINT('',(80.08,-84.74,1.6));
#11133 = DIRECTION('',(-0.,0.,-1.));
#11134 = DIRECTION('',(-3.552713678801E-14,-1.,0.));
#11135 = FACE_BOUND('',#11136,.T.);
#11136 = EDGE_LOOP('',(#11137));
#11137 = ORIENTED_EDGE('',*,*,#11138,.T.);
#11138 = EDGE_CURVE('',#11139,#11139,#11141,.T.);
#11139 = VERTEX_POINT('',#11140);
#11140 = CARTESIAN_POINT('',(82.62,-85.14,1.6));
#11141 = CIRCLE('',#11142,0.4);
#11142 = AXIS2_PLACEMENT_3D('',#11143,#11144,#11145);
#11143 = CARTESIAN_POINT('',(82.62,-84.74,1.6));
#11144 = DIRECTION('',(-0.,0.,-1.));
#11145 = DIRECTION('',(-0.,-1.,0.));
#11146 = FACE_BOUND('',#11147,.T.);
#11147 = EDGE_LOOP('',(#11148));
#11148 = ORIENTED_EDGE('',*,*,#11149,.T.);
#11149 = EDGE_CURVE('',#11150,#11150,#11152,.T.);
#11150 = VERTEX_POINT('',#11151);
#11151 = CARTESIAN_POINT('',(85.16,-85.14,1.6));
#11152 = CIRCLE('',#11153,0.4);
#11153 = AXIS2_PLACEMENT_3D('',#11154,#11155,#11156);
#11154 = CARTESIAN_POINT('',(85.16,-84.74,1.6));
#11155 = DIRECTION('',(-0.,0.,-1.));
#11156 = DIRECTION('',(-0.,-1.,0.));
#11157 = FACE_BOUND('',#11158,.T.);
#11158 = EDGE_LOOP('',(#11159));
#11159 = ORIENTED_EDGE('',*,*,#11160,.T.);
#11160 = EDGE_CURVE('',#11161,#11161,#11163,.T.);
#11161 = VERTEX_POINT('',#11162);
#11162 = CARTESIAN_POINT('',(87.7,-85.14,1.6));
#11163 = CIRCLE('',#11164,0.4);
#11164 = AXIS2_PLACEMENT_3D('',#11165,#11166,#11167);
#11165 = CARTESIAN_POINT('',(87.7,-84.74,1.6));
#11166 = DIRECTION('',(-0.,0.,-1.));
#11167 = DIRECTION('',(3.5527136788E-14,-1.,-0.));
#11168 = FACE_BOUND('',#11169,.T.);
#11169 = EDGE_LOOP('',(#11170));
#11170 = ORIENTED_EDGE('',*,*,#11171,.T.);
#11171 = EDGE_CURVE('',#11172,#11172,#11174,.T.);
#11172 = VERTEX_POINT('',#11173);
#11173 = CARTESIAN_POINT('',(90.24,-85.14,1.6));
#11174 = CIRCLE('',#11175,0.4);
#11175 = AXIS2_PLACEMENT_3D('',#11176,#11177,#11178);
#11176 = CARTESIAN_POINT('',(90.24,-84.74,1.6));
#11177 = DIRECTION('',(-0.,0.,-1.));
#11178 = DIRECTION('',(-3.552713678801E-14,-1.,0.));
#11179 = FACE_BOUND('',#11180,.T.);
#11180 = EDGE_LOOP('',(#11181));
#11181 = ORIENTED_EDGE('',*,*,#11182,.T.);
#11182 = EDGE_CURVE('',#11183,#11183,#11185,.T.);
#11183 = VERTEX_POINT('',#11184);
#11184 = CARTESIAN_POINT('',(92.78,-85.14,1.6));
#11185 = CIRCLE('',#11186,0.4);
#11186 = AXIS2_PLACEMENT_3D('',#11187,#11188,#11189);
#11187 = CARTESIAN_POINT('',(92.78,-84.74,1.6));
#11188 = DIRECTION('',(-0.,0.,-1.));
#11189 = DIRECTION('',(-0.,-1.,0.));
#11190 = FACE_BOUND('',#11191,.T.);
#11191 = EDGE_LOOP('',(#11192));
#11192 = ORIENTED_EDGE('',*,*,#11193,.T.);
#11193 = EDGE_CURVE('',#11194,#11194,#11196,.T.);
#11194 = VERTEX_POINT('',#11195);
#11195 = CARTESIAN_POINT('',(95.32,-85.14,1.6));
#11196 = CIRCLE('',#11197,0.4);
#11197 = AXIS2_PLACEMENT_3D('',#11198,#11199,#11200);
#11198 = CARTESIAN_POINT('',(95.32,-84.74,1.6));
#11199 = DIRECTION('',(-0.,0.,-1.));
#11200 = DIRECTION('',(-0.,-1.,0.));
#11201 = FACE_BOUND('',#11202,.T.);
#11202 = EDGE_LOOP('',(#11203));
#11203 = ORIENTED_EDGE('',*,*,#11204,.T.);
#11204 = EDGE_CURVE('',#11205,#11205,#11207,.T.);
#11205 = VERTEX_POINT('',#11206);
#11206 = CARTESIAN_POINT('',(97.86,-85.14,1.6));
#11207 = CIRCLE('',#11208,0.4);
#11208 = AXIS2_PLACEMENT_3D('',#11209,#11210,#11211);
#11209 = CARTESIAN_POINT('',(97.86,-84.74,1.6));
#11210 = DIRECTION('',(-0.,0.,-1.));
#11211 = DIRECTION('',(-0.,-1.,0.));
#11212 = FACE_BOUND('',#11213,.T.);
#11213 = EDGE_LOOP('',(#11214));
#11214 = ORIENTED_EDGE('',*,*,#11215,.T.);
#11215 = EDGE_CURVE('',#11216,#11216,#11218,.T.);
#11216 = VERTEX_POINT('',#11217);
#11217 = CARTESIAN_POINT('',(97.86,-82.6,1.6));
#11218 = CIRCLE('',#11219,0.4);
#11219 = AXIS2_PLACEMENT_3D('',#11220,#11221,#11222);
#11220 = CARTESIAN_POINT('',(97.86,-82.2,1.6));
#11221 = DIRECTION('',(-0.,0.,-1.));
#11222 = DIRECTION('',(-0.,-1.,0.));
#11223 = FACE_BOUND('',#11224,.T.);
#11224 = EDGE_LOOP('',(#11225));
#11225 = ORIENTED_EDGE('',*,*,#11226,.T.);
#11226 = EDGE_CURVE('',#11227,#11227,#11229,.T.);
#11227 = VERTEX_POINT('',#11228);
#11228 = CARTESIAN_POINT('',(97.86,-80.06,1.6));
#11229 = CIRCLE('',#11230,0.4);
#11230 = AXIS2_PLACEMENT_3D('',#11231,#11232,#11233);
#11231 = CARTESIAN_POINT('',(97.86,-79.66,1.6));
#11232 = DIRECTION('',(-0.,0.,-1.));
#11233 = DIRECTION('',(-0.,-1.,0.));
#11234 = FACE_BOUND('',#11235,.T.);
#11235 = EDGE_LOOP('',(#11236));
#11236 = ORIENTED_EDGE('',*,*,#11237,.T.);
#11237 = EDGE_CURVE('',#11238,#11238,#11240,.T.);
#11238 = VERTEX_POINT('',#11239);
#11239 = CARTESIAN_POINT('',(97.86,-77.52,1.6));
#11240 = CIRCLE('',#11241,0.4);
#11241 = AXIS2_PLACEMENT_3D('',#11242,#11243,#11244);
#11242 = CARTESIAN_POINT('',(97.86,-77.12,1.6));
#11243 = DIRECTION('',(-0.,0.,-1.));
#11244 = DIRECTION('',(-0.,-1.,0.));
#11245 = FACE_BOUND('',#11246,.T.);
#11246 = EDGE_LOOP('',(#11247));
#11247 = ORIENTED_EDGE('',*,*,#11248,.T.);
#11248 = EDGE_CURVE('',#11249,#11249,#11251,.T.);
#11249 = VERTEX_POINT('',#11250);
#11250 = CARTESIAN_POINT('',(105.,-95.6675,1.6));
#11251 = CIRCLE('',#11252,0.6);
#11252 = AXIS2_PLACEMENT_3D('',#11253,#11254,#11255);
#11253 = CARTESIAN_POINT('',(105.,-95.0675,1.6));
#11254 = DIRECTION('',(-0.,0.,-1.));
#11255 = DIRECTION('',(-0.,-1.,0.));
#11256 = FACE_BOUND('',#11257,.T.);
#11257 = EDGE_LOOP('',(#11258));
#11258 = ORIENTED_EDGE('',*,*,#11259,.T.);
#11259 = EDGE_CURVE('',#11260,#11260,#11262,.T.);
#11260 = VERTEX_POINT('',#11261);
#11261 = CARTESIAN_POINT('',(108.5,-95.6675,1.6));
#11262 = CIRCLE('',#11263,0.6);
#11263 = AXIS2_PLACEMENT_3D('',#11264,#11265,#11266);
#11264 = CARTESIAN_POINT('',(108.5,-95.0675,1.6));
#11265 = DIRECTION('',(-0.,0.,-1.));
#11266 = DIRECTION('',(-0.,-1.,0.));
#11267 = FACE_BOUND('',#11268,.T.);
#11268 = EDGE_LOOP('',(#11269));
#11269 = ORIENTED_EDGE('',*,*,#11270,.T.);
#11270 = EDGE_CURVE('',#11271,#11271,#11273,.T.);
#11271 = VERTEX_POINT('',#11272);
#11272 = CARTESIAN_POINT('',(112.,-95.6675,1.6));
#11273 = CIRCLE('',#11274,0.6);
#11274 = AXIS2_PLACEMENT_3D('',#11275,#11276,#11277);
#11275 = CARTESIAN_POINT('',(112.,-95.0675,1.6));
#11276 = DIRECTION('',(-0.,0.,-1.));
#11277 = DIRECTION('',(-0.,-1.,0.));
#11278 = FACE_BOUND('',#11279,.T.);
#11279 = EDGE_LOOP('',(#11280));
#11280 = ORIENTED_EDGE('',*,*,#11281,.T.);
#11281 = EDGE_CURVE('',#11282,#11282,#11284,.T.);
#11282 = VERTEX_POINT('',#11283);
#11283 = CARTESIAN_POINT('',(120.,-95.6675,1.6));
#11284 = CIRCLE('',#11285,0.6);
#11285 = AXIS2_PLACEMENT_3D('',#11286,#11287,#11288);
#11286 = CARTESIAN_POINT('',(120.,-95.0675,1.6));
#11287 = DIRECTION('',(-0.,0.,-1.));
#11288 = DIRECTION('',(-0.,-1.,0.));
#11289 = FACE_BOUND('',#11290,.T.);
#11290 = EDGE_LOOP('',(#11291));
#11291 = ORIENTED_EDGE('',*,*,#11292,.T.);
#11292 = EDGE_CURVE('',#11293,#11293,#11295,.T.);
#11293 = VERTEX_POINT('',#11294);
#11294 = CARTESIAN_POINT('',(123.5,-95.6675,1.6));
#11295 = CIRCLE('',#11296,0.6);
#11296 = AXIS2_PLACEMENT_3D('',#11297,#11298,#11299);
#11297 = CARTESIAN_POINT('',(123.5,-95.0675,1.6));
#11298 = DIRECTION('',(-0.,0.,-1.));
#11299 = DIRECTION('',(-0.,-1.,0.));
#11300 = FACE_BOUND('',#11301,.T.);
#11301 = EDGE_LOOP('',(#11302));
#11302 = ORIENTED_EDGE('',*,*,#11303,.T.);
#11303 = EDGE_CURVE('',#11304,#11304,#11306,.T.);
#11304 = VERTEX_POINT('',#11305);
#11305 = CARTESIAN_POINT('',(127.,-95.6675,1.6));
#11306 = CIRCLE('',#11307,0.6);
#11307 = AXIS2_PLACEMENT_3D('',#11308,#11309,#11310);
#11308 = CARTESIAN_POINT('',(127.,-95.0675,1.6));
#11309 = DIRECTION('',(-0.,0.,-1.));
#11310 = DIRECTION('',(-0.,-1.,0.));
#11311 = FACE_BOUND('',#11312,.T.);
#11312 = EDGE_LOOP('',(#11313));
#11313 = ORIENTED_EDGE('',*,*,#11314,.T.);
#11314 = EDGE_CURVE('',#11315,#11315,#11317,.T.);
#11315 = VERTEX_POINT('',#11316);
#11316 = CARTESIAN_POINT('',(134.,-95.6675,1.6));
#11317 = CIRCLE('',#11318,0.6);
#11318 = AXIS2_PLACEMENT_3D('',#11319,#11320,#11321);
#11319 = CARTESIAN_POINT('',(134.,-95.0675,1.6));
#11320 = DIRECTION('',(-0.,0.,-1.));
#11321 = DIRECTION('',(-0.,-1.,0.));
#11322 = FACE_BOUND('',#11323,.T.);
#11323 = EDGE_LOOP('',(#11324));
#11324 = ORIENTED_EDGE('',*,*,#11325,.T.);
#11325 = EDGE_CURVE('',#11326,#11326,#11328,.T.);
#11326 = VERTEX_POINT('',#11327);
#11327 = CARTESIAN_POINT('',(137.5,-95.6675,1.6));
#11328 = CIRCLE('',#11329,0.6);
#11329 = AXIS2_PLACEMENT_3D('',#11330,#11331,#11332);
#11330 = CARTESIAN_POINT('',(137.5,-95.0675,1.6));
#11331 = DIRECTION('',(-0.,0.,-1.));
#11332 = DIRECTION('',(-0.,-1.,0.));
#11333 = FACE_BOUND('',#11334,.T.);
#11334 = EDGE_LOOP('',(#11335));
#11335 = ORIENTED_EDGE('',*,*,#11336,.T.);
#11336 = EDGE_CURVE('',#11337,#11337,#11339,.T.);
#11337 = VERTEX_POINT('',#11338);
#11338 = CARTESIAN_POINT('',(141.,-95.6675,1.6));
#11339 = CIRCLE('',#11340,0.6);
#11340 = AXIS2_PLACEMENT_3D('',#11341,#11342,#11343);
#11341 = CARTESIAN_POINT('',(141.,-95.0675,1.6));
#11342 = DIRECTION('',(-0.,0.,-1.));
#11343 = DIRECTION('',(-0.,-1.,0.));
#11344 = FACE_BOUND('',#11345,.T.);
#11345 = EDGE_LOOP('',(#11346));
#11346 = ORIENTED_EDGE('',*,*,#11347,.T.);
#11347 = EDGE_CURVE('',#11348,#11348,#11350,.T.);
#11348 = VERTEX_POINT('',#11349);
#11349 = CARTESIAN_POINT('',(147.,-93.85,1.6));
#11350 = CIRCLE('',#11351,1.35);
#11351 = AXIS2_PLACEMENT_3D('',#11352,#11353,#11354);
#11352 = CARTESIAN_POINT('',(147.,-92.5,1.6));
#11353 = DIRECTION('',(-0.,0.,-1.));
#11354 = DIRECTION('',(-0.,-1.,0.));
#11355 = FACE_BOUND('',#11356,.T.);
#11356 = EDGE_LOOP('',(#11357));
#11357 = ORIENTED_EDGE('',*,*,#11358,.T.);
#11358 = EDGE_CURVE('',#11359,#11359,#11361,.T.);
#11359 = VERTEX_POINT('',#11360);
#11360 = CARTESIAN_POINT('',(141.0675,-86.6,1.6));
#11361 = CIRCLE('',#11362,0.6);
#11362 = AXIS2_PLACEMENT_3D('',#11363,#11364,#11365);
#11363 = CARTESIAN_POINT('',(141.0675,-86.,1.6));
#11364 = DIRECTION('',(-0.,0.,-1.));
#11365 = DIRECTION('',(-0.,-1.,0.));
#11366 = FACE_BOUND('',#11367,.T.);
#11367 = EDGE_LOOP('',(#11368));
#11368 = ORIENTED_EDGE('',*,*,#11369,.T.);
#11369 = EDGE_CURVE('',#11370,#11370,#11372,.T.);
#11370 = VERTEX_POINT('',#11371);
#11371 = CARTESIAN_POINT('',(100.4,-85.14,1.6));
#11372 = CIRCLE('',#11373,0.4);
#11373 = AXIS2_PLACEMENT_3D('',#11374,#11375,#11376);
#11374 = CARTESIAN_POINT('',(100.4,-84.74,1.6));
#11375 = DIRECTION('',(-0.,0.,-1.));
#11376 = DIRECTION('',(-0.,-1.,0.));
#11377 = FACE_BOUND('',#11378,.T.);
#11378 = EDGE_LOOP('',(#11379));
#11379 = ORIENTED_EDGE('',*,*,#11380,.T.);
#11380 = EDGE_CURVE('',#11381,#11381,#11383,.T.);
#11381 = VERTEX_POINT('',#11382);
#11382 = CARTESIAN_POINT('',(102.94,-85.14,1.6));
#11383 = CIRCLE('',#11384,0.4);
#11384 = AXIS2_PLACEMENT_3D('',#11385,#11386,#11387);
#11385 = CARTESIAN_POINT('',(102.94,-84.74,1.6));
#11386 = DIRECTION('',(-0.,0.,-1.));
#11387 = DIRECTION('',(-0.,-1.,0.));
#11388 = FACE_BOUND('',#11389,.T.);
#11389 = EDGE_LOOP('',(#11390));
#11390 = ORIENTED_EDGE('',*,*,#11391,.T.);
#11391 = EDGE_CURVE('',#11392,#11392,#11394,.T.);
#11392 = VERTEX_POINT('',#11393);
#11393 = CARTESIAN_POINT('',(105.48,-85.14,1.6));
#11394 = CIRCLE('',#11395,0.4);
#11395 = AXIS2_PLACEMENT_3D('',#11396,#11397,#11398);
#11396 = CARTESIAN_POINT('',(105.48,-84.74,1.6));
#11397 = DIRECTION('',(-0.,0.,-1.));
#11398 = DIRECTION('',(3.5527136788E-14,-1.,-0.));
#11399 = FACE_BOUND('',#11400,.T.);
#11400 = EDGE_LOOP('',(#11401));
#11401 = ORIENTED_EDGE('',*,*,#11402,.T.);
#11402 = EDGE_CURVE('',#11403,#11403,#11405,.T.);
#11403 = VERTEX_POINT('',#11404);
#11404 = CARTESIAN_POINT('',(108.02,-85.14,1.6));
#11405 = CIRCLE('',#11406,0.4);
#11406 = AXIS2_PLACEMENT_3D('',#11407,#11408,#11409);
#11407 = CARTESIAN_POINT('',(108.02,-84.74,1.6));
#11408 = DIRECTION('',(-0.,0.,-1.));
#11409 = DIRECTION('',(-3.552713678801E-14,-1.,0.));
#11410 = FACE_BOUND('',#11411,.T.);
#11411 = EDGE_LOOP('',(#11412));
#11412 = ORIENTED_EDGE('',*,*,#11413,.T.);
#11413 = EDGE_CURVE('',#11414,#11414,#11416,.T.);
#11414 = VERTEX_POINT('',#11415);
#11415 = CARTESIAN_POINT('',(110.56,-85.14,1.6));
#11416 = CIRCLE('',#11417,0.4);
#11417 = AXIS2_PLACEMENT_3D('',#11418,#11419,#11420);
#11418 = CARTESIAN_POINT('',(110.56,-84.74,1.6));
#11419 = DIRECTION('',(-0.,0.,-1.));
#11420 = DIRECTION('',(-0.,-1.,0.));
#11421 = FACE_BOUND('',#11422,.T.);
#11422 = EDGE_LOOP('',(#11423));
#11423 = ORIENTED_EDGE('',*,*,#11424,.T.);
#11424 = EDGE_CURVE('',#11425,#11425,#11427,.T.);
#11425 = VERTEX_POINT('',#11426);
#11426 = CARTESIAN_POINT('',(133.5,-83.041,1.6));
#11427 = CIRCLE('',#11428,1.143);
#11428 = AXIS2_PLACEMENT_3D('',#11429,#11430,#11431);
#11429 = CARTESIAN_POINT('',(133.5,-81.898,1.6));
#11430 = DIRECTION('',(-0.,0.,-1.));
#11431 = DIRECTION('',(-0.,-1.,0.));
#11432 = FACE_BOUND('',#11433,.T.);
#11433 = EDGE_LOOP('',(#11434));
#11434 = ORIENTED_EDGE('',*,*,#11435,.T.);
#11435 = EDGE_CURVE('',#11436,#11436,#11438,.T.);
#11436 = VERTEX_POINT('',#11437);
#11437 = CARTESIAN_POINT('',(141.0675,-83.1,1.6));
#11438 = CIRCLE('',#11439,0.6);
#11439 = AXIS2_PLACEMENT_3D('',#11440,#11441,#11442);
#11440 = CARTESIAN_POINT('',(141.0675,-82.5,1.6));
#11441 = DIRECTION('',(-0.,0.,-1.));
#11442 = DIRECTION('',(-0.,-1.,0.));
#11443 = FACE_BOUND('',#11444,.T.);
#11444 = EDGE_LOOP('',(#11445));
#11445 = ORIENTED_EDGE('',*,*,#11446,.T.);
#11446 = EDGE_CURVE('',#11447,#11447,#11449,.T.);
#11447 = VERTEX_POINT('',#11448);
#11448 = CARTESIAN_POINT('',(133.5,-78.342,1.6));
#11449 = CIRCLE('',#11450,1.143);
#11450 = AXIS2_PLACEMENT_3D('',#11451,#11452,#11453);
#11451 = CARTESIAN_POINT('',(133.5,-77.199,1.6));
#11452 = DIRECTION('',(-0.,0.,-1.));
#11453 = DIRECTION('',(-0.,-1.,0.));
#11454 = FACE_BOUND('',#11455,.T.);
#11455 = EDGE_LOOP('',(#11456));
#11456 = ORIENTED_EDGE('',*,*,#11457,.T.);
#11457 = EDGE_CURVE('',#11458,#11458,#11460,.T.);
#11458 = VERTEX_POINT('',#11459);
#11459 = CARTESIAN_POINT('',(141.0675,-75.295,1.6));
#11460 = CIRCLE('',#11461,0.6);
#11461 = AXIS2_PLACEMENT_3D('',#11462,#11463,#11464);
#11462 = CARTESIAN_POINT('',(141.0675,-74.695,1.6));
#11463 = DIRECTION('',(-0.,0.,-1.));
#11464 = DIRECTION('',(-0.,-1.,0.));
#11465 = FACE_BOUND('',#11466,.T.);
#11466 = EDGE_LOOP('',(#11467));
#11467 = ORIENTED_EDGE('',*,*,#11468,.T.);
#11468 = EDGE_CURVE('',#11469,#11469,#11471,.T.);
#11469 = VERTEX_POINT('',#11470);
#11470 = CARTESIAN_POINT('',(54.68,-72.44,1.6));
#11471 = CIRCLE('',#11472,0.4);
#11472 = AXIS2_PLACEMENT_3D('',#11473,#11474,#11475);
#11473 = CARTESIAN_POINT('',(54.68,-72.04,1.6));
#11474 = DIRECTION('',(-0.,0.,-1.));
#11475 = DIRECTION('',(-0.,-1.,0.));
#11476 = FACE_BOUND('',#11477,.T.);
#11477 = EDGE_LOOP('',(#11478));
#11478 = ORIENTED_EDGE('',*,*,#11479,.T.);
#11479 = EDGE_CURVE('',#11480,#11480,#11482,.T.);
#11480 = VERTEX_POINT('',#11481);
#11481 = CARTESIAN_POINT('',(52.14,-69.9,1.6));
#11482 = CIRCLE('',#11483,0.4);
#11483 = AXIS2_PLACEMENT_3D('',#11484,#11485,#11486);
#11484 = CARTESIAN_POINT('',(52.14,-69.5,1.6));
#11485 = DIRECTION('',(-0.,0.,-1.));
#11486 = DIRECTION('',(-0.,-1.,0.));
#11487 = FACE_BOUND('',#11488,.T.);
#11488 = EDGE_LOOP('',(#11489));
#11489 = ORIENTED_EDGE('',*,*,#11490,.T.);
#11490 = EDGE_CURVE('',#11491,#11491,#11493,.T.);
#11491 = VERTEX_POINT('',#11492);
#11492 = CARTESIAN_POINT('',(54.68,-69.9,1.6));
#11493 = CIRCLE('',#11494,0.4);
#11494 = AXIS2_PLACEMENT_3D('',#11495,#11496,#11497);
#11495 = CARTESIAN_POINT('',(54.68,-69.5,1.6));
#11496 = DIRECTION('',(-0.,0.,-1.));
#11497 = DIRECTION('',(-0.,-1.,0.));
#11498 = FACE_BOUND('',#11499,.T.);
#11499 = EDGE_LOOP('',(#11500));
#11500 = ORIENTED_EDGE('',*,*,#11501,.T.);
#11501 = EDGE_CURVE('',#11502,#11502,#11504,.T.);
#11502 = VERTEX_POINT('',#11503);
#11503 = CARTESIAN_POINT('',(57.22,-69.9,1.6));
#11504 = CIRCLE('',#11505,0.4);
#11505 = AXIS2_PLACEMENT_3D('',#11506,#11507,#11508);
#11506 = CARTESIAN_POINT('',(57.22,-69.5,1.6));
#11507 = DIRECTION('',(-0.,0.,-1.));
#11508 = DIRECTION('',(-0.,-1.,0.));
#11509 = FACE_BOUND('',#11510,.T.);
#11510 = EDGE_LOOP('',(#11511));
#11511 = ORIENTED_EDGE('',*,*,#11512,.T.);
#11512 = EDGE_CURVE('',#11513,#11513,#11515,.T.);
#11513 = VERTEX_POINT('',#11514);
#11514 = CARTESIAN_POINT('',(59.76,-69.9,1.6));
#11515 = CIRCLE('',#11516,0.4);
#11516 = AXIS2_PLACEMENT_3D('',#11517,#11518,#11519);
#11517 = CARTESIAN_POINT('',(59.76,-69.5,1.6));
#11518 = DIRECTION('',(-0.,0.,-1.));
#11519 = DIRECTION('',(-0.,-1.,0.));
#11520 = FACE_BOUND('',#11521,.T.);
#11521 = EDGE_LOOP('',(#11522));
#11522 = ORIENTED_EDGE('',*,*,#11523,.T.);
#11523 = EDGE_CURVE('',#11524,#11524,#11526,.T.);
#11524 = VERTEX_POINT('',#11525);
#11525 = CARTESIAN_POINT('',(62.3,-69.9,1.6));
#11526 = CIRCLE('',#11527,0.4);
#11527 = AXIS2_PLACEMENT_3D('',#11528,#11529,#11530);
#11528 = CARTESIAN_POINT('',(62.3,-69.5,1.6));
#11529 = DIRECTION('',(-0.,0.,-1.));
#11530 = DIRECTION('',(-0.,-1.,0.));
#11531 = FACE_BOUND('',#11532,.T.);
#11532 = EDGE_LOOP('',(#11533));
#11533 = ORIENTED_EDGE('',*,*,#11534,.T.);
#11534 = EDGE_CURVE('',#11535,#11535,#11537,.T.);
#11535 = VERTEX_POINT('',#11536);
#11536 = CARTESIAN_POINT('',(65.11,-74.3,1.6));
#11537 = CIRCLE('',#11538,0.35);
#11538 = AXIS2_PLACEMENT_3D('',#11539,#11540,#11541);
#11539 = CARTESIAN_POINT('',(65.11,-73.95,1.6));
#11540 = DIRECTION('',(-0.,0.,-1.));
#11541 = DIRECTION('',(-0.,-1.,0.));
#11542 = FACE_BOUND('',#11543,.T.);
#11543 = EDGE_LOOP('',(#11544));
#11544 = ORIENTED_EDGE('',*,*,#11545,.T.);
#11545 = EDGE_CURVE('',#11546,#11546,#11548,.T.);
#11546 = VERTEX_POINT('',#11547);
#11547 = CARTESIAN_POINT('',(67.11,-74.3,1.6));
#11548 = CIRCLE('',#11549,0.35);
#11549 = AXIS2_PLACEMENT_3D('',#11550,#11551,#11552);
#11550 = CARTESIAN_POINT('',(67.11,-73.95,1.6));
#11551 = DIRECTION('',(-0.,0.,-1.));
#11552 = DIRECTION('',(-0.,-1.,0.));
#11553 = FACE_BOUND('',#11554,.T.);
#11554 = EDGE_LOOP('',(#11555));
#11555 = ORIENTED_EDGE('',*,*,#11556,.T.);
#11556 = EDGE_CURVE('',#11557,#11557,#11559,.T.);
#11557 = VERTEX_POINT('',#11558);
#11558 = CARTESIAN_POINT('',(65.11,-72.3,1.6));
#11559 = CIRCLE('',#11560,0.35);
#11560 = AXIS2_PLACEMENT_3D('',#11561,#11562,#11563);
#11561 = CARTESIAN_POINT('',(65.11,-71.95,1.6));
#11562 = DIRECTION('',(-0.,0.,-1.));
#11563 = DIRECTION('',(-0.,-1.,0.));
#11564 = FACE_BOUND('',#11565,.T.);
#11565 = EDGE_LOOP('',(#11566));
#11566 = ORIENTED_EDGE('',*,*,#11567,.T.);
#11567 = EDGE_CURVE('',#11568,#11568,#11570,.T.);
#11568 = VERTEX_POINT('',#11569);
#11569 = CARTESIAN_POINT('',(67.11,-72.3,1.6));
#11570 = CIRCLE('',#11571,0.35);
#11571 = AXIS2_PLACEMENT_3D('',#11572,#11573,#11574);
#11572 = CARTESIAN_POINT('',(67.11,-71.95,1.6));
#11573 = DIRECTION('',(-0.,0.,-1.));
#11574 = DIRECTION('',(-0.,-1.,0.));
#11575 = FACE_BOUND('',#11576,.T.);
#11576 = EDGE_LOOP('',(#11577));
#11577 = ORIENTED_EDGE('',*,*,#11578,.T.);
#11578 = EDGE_CURVE('',#11579,#11579,#11581,.T.);
#11579 = VERTEX_POINT('',#11580);
#11580 = CARTESIAN_POINT('',(64.84,-69.9,1.6));
#11581 = CIRCLE('',#11582,0.4);
#11582 = AXIS2_PLACEMENT_3D('',#11583,#11584,#11585);
#11583 = CARTESIAN_POINT('',(64.84,-69.5,1.6));
#11584 = DIRECTION('',(-0.,0.,-1.));
#11585 = DIRECTION('',(-0.,-1.,0.));
#11586 = FACE_BOUND('',#11587,.T.);
#11587 = EDGE_LOOP('',(#11588));
#11588 = ORIENTED_EDGE('',*,*,#11589,.T.);
#11589 = EDGE_CURVE('',#11590,#11590,#11592,.T.);
#11590 = VERTEX_POINT('',#11591);
#11591 = CARTESIAN_POINT('',(67.38,-69.9,1.6));
#11592 = CIRCLE('',#11593,0.4);
#11593 = AXIS2_PLACEMENT_3D('',#11594,#11595,#11596);
#11594 = CARTESIAN_POINT('',(67.38,-69.5,1.6));
#11595 = DIRECTION('',(-0.,0.,-1.));
#11596 = DIRECTION('',(-0.,-1.,0.));
#11597 = FACE_BOUND('',#11598,.T.);
#11598 = EDGE_LOOP('',(#11599));
#11599 = ORIENTED_EDGE('',*,*,#11600,.T.);
#11600 = EDGE_CURVE('',#11601,#11601,#11603,.T.);
#11601 = VERTEX_POINT('',#11602);
#11602 = CARTESIAN_POINT('',(69.92,-69.9,1.6));
#11603 = CIRCLE('',#11604,0.4);
#11604 = AXIS2_PLACEMENT_3D('',#11605,#11606,#11607);
#11605 = CARTESIAN_POINT('',(69.92,-69.5,1.6));
#11606 = DIRECTION('',(-0.,0.,-1.));
#11607 = DIRECTION('',(3.5527136788E-14,-1.,-0.));
#11608 = FACE_BOUND('',#11609,.T.);
#11609 = EDGE_LOOP('',(#11610));
#11610 = ORIENTED_EDGE('',*,*,#11611,.T.);
#11611 = EDGE_CURVE('',#11612,#11612,#11614,.T.);
#11612 = VERTEX_POINT('',#11613);
#11613 = CARTESIAN_POINT('',(72.46,-69.9,1.6));
#11614 = CIRCLE('',#11615,0.4);
#11615 = AXIS2_PLACEMENT_3D('',#11616,#11617,#11618);
#11616 = CARTESIAN_POINT('',(72.46,-69.5,1.6));
#11617 = DIRECTION('',(-0.,0.,-1.));
#11618 = DIRECTION('',(-3.552713678801E-14,-1.,0.));
#11619 = FACE_BOUND('',#11620,.T.);
#11620 = EDGE_LOOP('',(#11621));
#11621 = ORIENTED_EDGE('',*,*,#11622,.T.);
#11622 = EDGE_CURVE('',#11623,#11623,#11625,.T.);
#11623 = VERTEX_POINT('',#11624);
#11624 = CARTESIAN_POINT('',(75.,-69.9,1.6));
#11625 = CIRCLE('',#11626,0.4);
#11626 = AXIS2_PLACEMENT_3D('',#11627,#11628,#11629);
#11627 = CARTESIAN_POINT('',(75.,-69.5,1.6));
#11628 = DIRECTION('',(-0.,0.,-1.));
#11629 = DIRECTION('',(-0.,-1.,0.));
#11630 = FACE_BOUND('',#11631,.T.);
#11631 = EDGE_LOOP('',(#11632));
#11632 = ORIENTED_EDGE('',*,*,#11633,.T.);
#11633 = EDGE_CURVE('',#11634,#11634,#11636,.T.);
#11634 = VERTEX_POINT('',#11635);
#11635 = CARTESIAN_POINT('',(77.54,-69.9,1.6));
#11636 = CIRCLE('',#11637,0.4);
#11637 = AXIS2_PLACEMENT_3D('',#11638,#11639,#11640);
#11638 = CARTESIAN_POINT('',(77.54,-69.5,1.6));
#11639 = DIRECTION('',(-0.,0.,-1.));
#11640 = DIRECTION('',(3.5527136788E-14,-1.,-0.));
#11641 = FACE_BOUND('',#11642,.T.);
#11642 = EDGE_LOOP('',(#11643));
#11643 = ORIENTED_EDGE('',*,*,#11644,.T.);
#11644 = EDGE_CURVE('',#11645,#11645,#11647,.T.);
#11645 = VERTEX_POINT('',#11646);
#11646 = CARTESIAN_POINT('',(80.08,-69.9,1.6));
#11647 = CIRCLE('',#11648,0.4);
#11648 = AXIS2_PLACEMENT_3D('',#11649,#11650,#11651);
#11649 = CARTESIAN_POINT('',(80.08,-69.5,1.6));
#11650 = DIRECTION('',(-0.,0.,-1.));
#11651 = DIRECTION('',(-3.552713678801E-14,-1.,0.));
#11652 = FACE_BOUND('',#11653,.T.);
#11653 = EDGE_LOOP('',(#11654));
#11654 = ORIENTED_EDGE('',*,*,#11655,.T.);
#11655 = EDGE_CURVE('',#11656,#11656,#11658,.T.);
#11656 = VERTEX_POINT('',#11657);
#11657 = CARTESIAN_POINT('',(82.62,-69.9,1.6));
#11658 = CIRCLE('',#11659,0.4);
#11659 = AXIS2_PLACEMENT_3D('',#11660,#11661,#11662);
#11660 = CARTESIAN_POINT('',(82.62,-69.5,1.6));
#11661 = DIRECTION('',(-0.,0.,-1.));
#11662 = DIRECTION('',(-0.,-1.,0.));
#11663 = FACE_BOUND('',#11664,.T.);
#11664 = EDGE_LOOP('',(#11665));
#11665 = ORIENTED_EDGE('',*,*,#11666,.T.);
#11666 = EDGE_CURVE('',#11667,#11667,#11669,.T.);
#11667 = VERTEX_POINT('',#11668);
#11668 = CARTESIAN_POINT('',(85.16,-69.9,1.6));
#11669 = CIRCLE('',#11670,0.4);
#11670 = AXIS2_PLACEMENT_3D('',#11671,#11672,#11673);
#11671 = CARTESIAN_POINT('',(85.16,-69.5,1.6));
#11672 = DIRECTION('',(-0.,0.,-1.));
#11673 = DIRECTION('',(-0.,-1.,0.));
#11674 = FACE_BOUND('',#11675,.T.);
#11675 = EDGE_LOOP('',(#11676));
#11676 = ORIENTED_EDGE('',*,*,#11677,.T.);
#11677 = EDGE_CURVE('',#11678,#11678,#11680,.T.);
#11678 = VERTEX_POINT('',#11679);
#11679 = CARTESIAN_POINT('',(87.7,-69.9,1.6));
#11680 = CIRCLE('',#11681,0.4);
#11681 = AXIS2_PLACEMENT_3D('',#11682,#11683,#11684);
#11682 = CARTESIAN_POINT('',(87.7,-69.5,1.6));
#11683 = DIRECTION('',(-0.,0.,-1.));
#11684 = DIRECTION('',(3.5527136788E-14,-1.,-0.));
#11685 = FACE_BOUND('',#11686,.T.);
#11686 = EDGE_LOOP('',(#11687));
#11687 = ORIENTED_EDGE('',*,*,#11688,.T.);
#11688 = EDGE_CURVE('',#11689,#11689,#11691,.T.);
#11689 = VERTEX_POINT('',#11690);
#11690 = CARTESIAN_POINT('',(97.86,-74.98,1.6));
#11691 = CIRCLE('',#11692,0.4);
#11692 = AXIS2_PLACEMENT_3D('',#11693,#11694,#11695);
#11693 = CARTESIAN_POINT('',(97.86,-74.58,1.6));
#11694 = DIRECTION('',(-0.,0.,-1.));
#11695 = DIRECTION('',(-0.,-1.,0.));
#11696 = FACE_BOUND('',#11697,.T.);
#11697 = EDGE_LOOP('',(#11698));
#11698 = ORIENTED_EDGE('',*,*,#11699,.T.);
#11699 = EDGE_CURVE('',#11700,#11700,#11702,.T.);
#11700 = VERTEX_POINT('',#11701);
#11701 = CARTESIAN_POINT('',(97.86,-72.44,1.6));
#11702 = CIRCLE('',#11703,0.4);
#11703 = AXIS2_PLACEMENT_3D('',#11704,#11705,#11706);
#11704 = CARTESIAN_POINT('',(97.86,-72.04,1.6));
#11705 = DIRECTION('',(-0.,0.,-1.));
#11706 = DIRECTION('',(-0.,-1.,0.));
#11707 = FACE_BOUND('',#11708,.T.);
#11708 = EDGE_LOOP('',(#11709));
#11709 = ORIENTED_EDGE('',*,*,#11710,.T.);
#11710 = EDGE_CURVE('',#11711,#11711,#11713,.T.);
#11711 = VERTEX_POINT('',#11712);
#11712 = CARTESIAN_POINT('',(90.24,-69.9,1.6));
#11713 = CIRCLE('',#11714,0.4);
#11714 = AXIS2_PLACEMENT_3D('',#11715,#11716,#11717);
#11715 = CARTESIAN_POINT('',(90.24,-69.5,1.6));
#11716 = DIRECTION('',(-0.,0.,-1.));
#11717 = DIRECTION('',(-3.552713678801E-14,-1.,0.));
#11718 = FACE_BOUND('',#11719,.T.);
#11719 = EDGE_LOOP('',(#11720));
#11720 = ORIENTED_EDGE('',*,*,#11721,.T.);
#11721 = EDGE_CURVE('',#11722,#11722,#11724,.T.);
#11722 = VERTEX_POINT('',#11723);
#11723 = CARTESIAN_POINT('',(92.78,-69.9,1.6));
#11724 = CIRCLE('',#11725,0.4);
#11725 = AXIS2_PLACEMENT_3D('',#11726,#11727,#11728);
#11726 = CARTESIAN_POINT('',(92.78,-69.5,1.6));
#11727 = DIRECTION('',(-0.,0.,-1.));
#11728 = DIRECTION('',(-0.,-1.,0.));
#11729 = FACE_BOUND('',#11730,.T.);
#11730 = EDGE_LOOP('',(#11731));
#11731 = ORIENTED_EDGE('',*,*,#11732,.T.);
#11732 = EDGE_CURVE('',#11733,#11733,#11735,.T.);
#11733 = VERTEX_POINT('',#11734);
#11734 = CARTESIAN_POINT('',(95.32,-69.9,1.6));
#11735 = CIRCLE('',#11736,0.4);
#11736 = AXIS2_PLACEMENT_3D('',#11737,#11738,#11739);
#11737 = CARTESIAN_POINT('',(95.32,-69.5,1.6));
#11738 = DIRECTION('',(-0.,0.,-1.));
#11739 = DIRECTION('',(-0.,-1.,0.));
#11740 = FACE_BOUND('',#11741,.T.);
#11741 = EDGE_LOOP('',(#11742));
#11742 = ORIENTED_EDGE('',*,*,#11743,.T.);
#11743 = EDGE_CURVE('',#11744,#11744,#11746,.T.);
#11744 = VERTEX_POINT('',#11745);
#11745 = CARTESIAN_POINT('',(97.86,-69.9,1.6));
#11746 = CIRCLE('',#11747,0.4);
#11747 = AXIS2_PLACEMENT_3D('',#11748,#11749,#11750);
#11748 = CARTESIAN_POINT('',(97.86,-69.5,1.6));
#11749 = DIRECTION('',(-0.,0.,-1.));
#11750 = DIRECTION('',(-0.,-1.,0.));
#11751 = FACE_BOUND('',#11752,.T.);
#11752 = EDGE_LOOP('',(#11753));
#11753 = ORIENTED_EDGE('',*,*,#11754,.T.);
#11754 = EDGE_CURVE('',#11755,#11755,#11757,.T.);
#11755 = VERTEX_POINT('',#11756);
#11756 = CARTESIAN_POINT('',(54.,-63.85,1.6));
#11757 = CIRCLE('',#11758,1.35);
#11758 = AXIS2_PLACEMENT_3D('',#11759,#11760,#11761);
#11759 = CARTESIAN_POINT('',(54.,-62.5,1.6));
#11760 = DIRECTION('',(-0.,0.,-1.));
#11761 = DIRECTION('',(-0.,-1.,0.));
#11762 = FACE_BOUND('',#11763,.T.);
#11763 = EDGE_LOOP('',(#11764));
#11764 = ORIENTED_EDGE('',*,*,#11765,.T.);
#11765 = EDGE_CURVE('',#11766,#11766,#11768,.T.);
#11766 = VERTEX_POINT('',#11767);
#11767 = CARTESIAN_POINT('',(60.,-59.6,1.6));
#11768 = CIRCLE('',#11769,0.6);
#11769 = AXIS2_PLACEMENT_3D('',#11770,#11771,#11772);
#11770 = CARTESIAN_POINT('',(60.,-59.,1.6));
#11771 = DIRECTION('',(-0.,0.,-1.));
#11772 = DIRECTION('',(-0.,-1.,0.));
#11773 = FACE_BOUND('',#11774,.T.);
#11774 = EDGE_LOOP('',(#11775));
#11775 = ORIENTED_EDGE('',*,*,#11776,.T.);
#11776 = EDGE_CURVE('',#11777,#11777,#11779,.T.);
#11777 = VERTEX_POINT('',#11778);
#11778 = CARTESIAN_POINT('',(63.5,-59.6,1.6));
#11779 = CIRCLE('',#11780,0.6);
#11780 = AXIS2_PLACEMENT_3D('',#11781,#11782,#11783);
#11781 = CARTESIAN_POINT('',(63.5,-59.,1.6));
#11782 = DIRECTION('',(-0.,0.,-1.));
#11783 = DIRECTION('',(-0.,-1.,0.));
#11784 = FACE_BOUND('',#11785,.T.);
#11785 = EDGE_LOOP('',(#11786));
#11786 = ORIENTED_EDGE('',*,*,#11787,.T.);
#11787 = EDGE_CURVE('',#11788,#11788,#11790,.T.);
#11788 = VERTEX_POINT('',#11789);
#11789 = CARTESIAN_POINT('',(67.,-59.6,1.6));
#11790 = CIRCLE('',#11791,0.6);
#11791 = AXIS2_PLACEMENT_3D('',#11792,#11793,#11794);
#11792 = CARTESIAN_POINT('',(67.,-59.,1.6));
#11793 = DIRECTION('',(-0.,0.,-1.));
#11794 = DIRECTION('',(-0.,-1.,0.));
#11795 = FACE_BOUND('',#11796,.T.);
#11796 = EDGE_LOOP('',(#11797));
#11797 = ORIENTED_EDGE('',*,*,#11798,.T.);
#11798 = EDGE_CURVE('',#11799,#11799,#11801,.T.);
#11799 = VERTEX_POINT('',#11800);
#11800 = CARTESIAN_POINT('',(74.445,-59.5325,1.6));
#11801 = CIRCLE('',#11802,0.6);
#11802 = AXIS2_PLACEMENT_3D('',#11803,#11804,#11805);
#11803 = CARTESIAN_POINT('',(74.445,-58.9325,1.6));
#11804 = DIRECTION('',(-0.,0.,-1.));
#11805 = DIRECTION('',(-0.,-1.,0.));
#11806 = FACE_BOUND('',#11807,.T.);
#11807 = EDGE_LOOP('',(#11808));
#11808 = ORIENTED_EDGE('',*,*,#11809,.T.);
#11809 = EDGE_CURVE('',#11810,#11810,#11812,.T.);
#11810 = VERTEX_POINT('',#11811);
#11811 = CARTESIAN_POINT('',(77.945,-59.5325,1.6));
#11812 = CIRCLE('',#11813,0.6);
#11813 = AXIS2_PLACEMENT_3D('',#11814,#11815,#11816);
#11814 = CARTESIAN_POINT('',(77.945,-58.9325,1.6));
#11815 = DIRECTION('',(-0.,0.,-1.));
#11816 = DIRECTION('',(-0.,-1.,0.));
#11817 = FACE_BOUND('',#11818,.T.);
#11818 = EDGE_LOOP('',(#11819));
#11819 = ORIENTED_EDGE('',*,*,#11820,.T.);
#11820 = EDGE_CURVE('',#11821,#11821,#11823,.T.);
#11821 = VERTEX_POINT('',#11822);
#11822 = CARTESIAN_POINT('',(81.445,-59.5325,1.6));
#11823 = CIRCLE('',#11824,0.6);
#11824 = AXIS2_PLACEMENT_3D('',#11825,#11826,#11827);
#11825 = CARTESIAN_POINT('',(81.445,-58.9325,1.6));
#11826 = DIRECTION('',(-0.,0.,-1.));
#11827 = DIRECTION('',(-0.,-1.,0.));
#11828 = FACE_BOUND('',#11829,.T.);
#11829 = EDGE_LOOP('',(#11830));
#11830 = ORIENTED_EDGE('',*,*,#11831,.T.);
#11831 = EDGE_CURVE('',#11832,#11832,#11834,.T.);
#11832 = VERTEX_POINT('',#11833);
#11833 = CARTESIAN_POINT('',(88.945,-59.5325,1.6));
#11834 = CIRCLE('',#11835,0.6);
#11835 = AXIS2_PLACEMENT_3D('',#11836,#11837,#11838);
#11836 = CARTESIAN_POINT('',(88.945,-58.9325,1.6));
#11837 = DIRECTION('',(-0.,0.,-1.));
#11838 = DIRECTION('',(-0.,-1.,0.));
#11839 = FACE_BOUND('',#11840,.T.);
#11840 = EDGE_LOOP('',(#11841));
#11841 = ORIENTED_EDGE('',*,*,#11842,.T.);
#11842 = EDGE_CURVE('',#11843,#11843,#11845,.T.);
#11843 = VERTEX_POINT('',#11844);
#11844 = CARTESIAN_POINT('',(92.445,-59.5325,1.6));
#11845 = CIRCLE('',#11846,0.6);
#11846 = AXIS2_PLACEMENT_3D('',#11847,#11848,#11849);
#11847 = CARTESIAN_POINT('',(92.445,-58.9325,1.6));
#11848 = DIRECTION('',(-0.,0.,-1.));
#11849 = DIRECTION('',(-0.,-1.,0.));
#11850 = FACE_BOUND('',#11851,.T.);
#11851 = EDGE_LOOP('',(#11852));
#11852 = ORIENTED_EDGE('',*,*,#11853,.T.);
#11853 = EDGE_CURVE('',#11854,#11854,#11856,.T.);
#11854 = VERTEX_POINT('',#11855);
#11855 = CARTESIAN_POINT('',(95.945,-59.5325,1.6));
#11856 = CIRCLE('',#11857,0.6);
#11857 = AXIS2_PLACEMENT_3D('',#11858,#11859,#11860);
#11858 = CARTESIAN_POINT('',(95.945,-58.9325,1.6));
#11859 = DIRECTION('',(-0.,0.,-1.));
#11860 = DIRECTION('',(-0.,-1.,0.));
#11861 = FACE_BOUND('',#11862,.T.);
#11862 = EDGE_LOOP('',(#11863));
#11863 = ORIENTED_EDGE('',*,*,#11864,.T.);
#11864 = EDGE_CURVE('',#11865,#11865,#11867,.T.);
#11865 = VERTEX_POINT('',#11866);
#11866 = CARTESIAN_POINT('',(100.4,-69.9,1.6));
#11867 = CIRCLE('',#11868,0.4);
#11868 = AXIS2_PLACEMENT_3D('',#11869,#11870,#11871);
#11869 = CARTESIAN_POINT('',(100.4,-69.5,1.6));
#11870 = DIRECTION('',(-0.,0.,-1.));
#11871 = DIRECTION('',(-0.,-1.,0.));
#11872 = FACE_BOUND('',#11873,.T.);
#11873 = EDGE_LOOP('',(#11874));
#11874 = ORIENTED_EDGE('',*,*,#11875,.T.);
#11875 = EDGE_CURVE('',#11876,#11876,#11878,.T.);
#11876 = VERTEX_POINT('',#11877);
#11877 = CARTESIAN_POINT('',(102.94,-69.9,1.6));
#11878 = CIRCLE('',#11879,0.4);
#11879 = AXIS2_PLACEMENT_3D('',#11880,#11881,#11882);
#11880 = CARTESIAN_POINT('',(102.94,-69.5,1.6));
#11881 = DIRECTION('',(-0.,0.,-1.));
#11882 = DIRECTION('',(-0.,-1.,0.));
#11883 = FACE_BOUND('',#11884,.T.);
#11884 = EDGE_LOOP('',(#11885));
#11885 = ORIENTED_EDGE('',*,*,#11886,.T.);
#11886 = EDGE_CURVE('',#11887,#11887,#11889,.T.);
#11887 = VERTEX_POINT('',#11888);
#11888 = CARTESIAN_POINT('',(105.48,-69.9,1.6));
#11889 = CIRCLE('',#11890,0.4);
#11890 = AXIS2_PLACEMENT_3D('',#11891,#11892,#11893);
#11891 = CARTESIAN_POINT('',(105.48,-69.5,1.6));
#11892 = DIRECTION('',(-0.,0.,-1.));
#11893 = DIRECTION('',(3.5527136788E-14,-1.,-0.));
#11894 = FACE_BOUND('',#11895,.T.);
#11895 = EDGE_LOOP('',(#11896));
#11896 = ORIENTED_EDGE('',*,*,#11897,.T.);
#11897 = EDGE_CURVE('',#11898,#11898,#11900,.T.);
#11898 = VERTEX_POINT('',#11899);
#11899 = CARTESIAN_POINT('',(108.02,-69.9,1.6));
#11900 = CIRCLE('',#11901,0.4);
#11901 = AXIS2_PLACEMENT_3D('',#11902,#11903,#11904);
#11902 = CARTESIAN_POINT('',(108.02,-69.5,1.6));
#11903 = DIRECTION('',(-0.,0.,-1.));
#11904 = DIRECTION('',(-3.552713678801E-14,-1.,0.));
#11905 = FACE_BOUND('',#11906,.T.);
#11906 = EDGE_LOOP('',(#11907));
#11907 = ORIENTED_EDGE('',*,*,#11908,.T.);
#11908 = EDGE_CURVE('',#11909,#11909,#11911,.T.);
#11909 = VERTEX_POINT('',#11910);
#11910 = CARTESIAN_POINT('',(110.56,-69.9,1.6));
#11911 = CIRCLE('',#11912,0.4);
#11912 = AXIS2_PLACEMENT_3D('',#11913,#11914,#11915);
#11913 = CARTESIAN_POINT('',(110.56,-69.5,1.6));
#11914 = DIRECTION('',(-0.,0.,-1.));
#11915 = DIRECTION('',(-0.,-1.,0.));
#11916 = FACE_BOUND('',#11917,.T.);
#11917 = EDGE_LOOP('',(#11918));
#11918 = ORIENTED_EDGE('',*,*,#11919,.T.);
#11919 = EDGE_CURVE('',#11920,#11920,#11922,.T.);
#11920 = VERTEX_POINT('',#11921);
#11921 = CARTESIAN_POINT('',(133.5,-73.643,1.6));
#11922 = CIRCLE('',#11923,1.143);
#11923 = AXIS2_PLACEMENT_3D('',#11924,#11925,#11926);
#11924 = CARTESIAN_POINT('',(133.5,-72.5,1.6));
#11925 = DIRECTION('',(-0.,0.,-1.));
#11926 = DIRECTION('',(-0.,-1.,0.));
#11927 = FACE_BOUND('',#11928,.T.);
#11928 = EDGE_LOOP('',(#11929));
#11929 = ORIENTED_EDGE('',*,*,#11930,.T.);
#11930 = EDGE_CURVE('',#11931,#11931,#11933,.T.);
#11931 = VERTEX_POINT('',#11932);
#11932 = CARTESIAN_POINT('',(141.0675,-71.795,1.6));
#11933 = CIRCLE('',#11934,0.6);
#11934 = AXIS2_PLACEMENT_3D('',#11935,#11936,#11937);
#11935 = CARTESIAN_POINT('',(141.0675,-71.195,1.6));
#11936 = DIRECTION('',(-0.,0.,-1.));
#11937 = DIRECTION('',(-0.,-1.,0.));
#11938 = FACE_BOUND('',#11939,.T.);
#11939 = EDGE_LOOP('',(#11940));
#11940 = ORIENTED_EDGE('',*,*,#11941,.T.);
#11941 = EDGE_CURVE('',#11942,#11942,#11944,.T.);
#11942 = VERTEX_POINT('',#11943);
#11943 = CARTESIAN_POINT('',(125.5,-65.055,1.6));
#11944 = CIRCLE('',#11945,0.5);
#11945 = AXIS2_PLACEMENT_3D('',#11946,#11947,#11948);
#11946 = CARTESIAN_POINT('',(125.5,-64.555,1.6));
#11947 = DIRECTION('',(-0.,0.,-1.));
#11948 = DIRECTION('',(-0.,-1.,0.));
#11949 = FACE_BOUND('',#11950,.T.);
#11950 = EDGE_LOOP('',(#11951));
#11951 = ORIENTED_EDGE('',*,*,#11952,.T.);
#11952 = EDGE_CURVE('',#11953,#11953,#11955,.T.);
#11953 = VERTEX_POINT('',#11954);
#11954 = CARTESIAN_POINT('',(145.5,-65.85,1.6));
#11955 = CIRCLE('',#11956,1.35);
#11956 = AXIS2_PLACEMENT_3D('',#11957,#11958,#11959);
#11957 = CARTESIAN_POINT('',(145.5,-64.5,1.6));
#11958 = DIRECTION('',(-0.,0.,-1.));
#11959 = DIRECTION('',(-0.,-1.,0.));
#11960 = FACE_BOUND('',#11961,.T.);
#11961 = EDGE_LOOP('',(#11962));
#11962 = ORIENTED_EDGE('',*,*,#11963,.T.);
#11963 = EDGE_CURVE('',#11964,#11964,#11966,.T.);
#11964 = VERTEX_POINT('',#11965);
#11965 = CARTESIAN_POINT('',(103.445,-59.5325,1.6));
#11966 = CIRCLE('',#11967,0.6);
#11967 = AXIS2_PLACEMENT_3D('',#11968,#11969,#11970);
#11968 = CARTESIAN_POINT('',(103.445,-58.9325,1.6));
#11969 = DIRECTION('',(-0.,0.,-1.));
#11970 = DIRECTION('',(-0.,-1.,0.));
#11971 = FACE_BOUND('',#11972,.T.);
#11972 = EDGE_LOOP('',(#11973));
#11973 = ORIENTED_EDGE('',*,*,#11974,.T.);
#11974 = EDGE_CURVE('',#11975,#11975,#11977,.T.);
#11975 = VERTEX_POINT('',#11976);
#11976 = CARTESIAN_POINT('',(106.945,-59.5325,1.6));
#11977 = CIRCLE('',#11978,0.6);
#11978 = AXIS2_PLACEMENT_3D('',#11979,#11980,#11981);
#11979 = CARTESIAN_POINT('',(106.945,-58.9325,1.6));
#11980 = DIRECTION('',(-0.,0.,-1.));
#11981 = DIRECTION('',(-0.,-1.,0.));
#11982 = FACE_BOUND('',#11983,.T.);
#11983 = EDGE_LOOP('',(#11984));
#11984 = ORIENTED_EDGE('',*,*,#11985,.T.);
#11985 = EDGE_CURVE('',#11986,#11986,#11988,.T.);
#11986 = VERTEX_POINT('',#11987);
#11987 = CARTESIAN_POINT('',(110.445,-59.5325,1.6));
#11988 = CIRCLE('',#11989,0.6);
#11989 = AXIS2_PLACEMENT_3D('',#11990,#11991,#11992);
#11990 = CARTESIAN_POINT('',(110.445,-58.9325,1.6));
#11991 = DIRECTION('',(-0.,0.,-1.));
#11992 = DIRECTION('',(-0.,-1.,0.));
#11993 = FACE_BOUND('',#11994,.T.);
#11994 = EDGE_LOOP('',(#11995));
#11995 = ORIENTED_EDGE('',*,*,#11996,.T.);
#11996 = EDGE_CURVE('',#11997,#11997,#11999,.T.);
#11997 = VERTEX_POINT('',#11998);
#11998 = CARTESIAN_POINT('',(125.5,-62.515,1.6));
#11999 = CIRCLE('',#12000,0.5);
#12000 = AXIS2_PLACEMENT_3D('',#12001,#12002,#12003);
#12001 = CARTESIAN_POINT('',(125.5,-62.015,1.6));
#12002 = DIRECTION('',(-0.,0.,-1.));
#12003 = DIRECTION('',(-0.,-1.,0.));
#12004 = FACE_BOUND('',#12005,.T.);
#12005 = EDGE_LOOP('',(#12006));
#12006 = ORIENTED_EDGE('',*,*,#12007,.T.);
#12007 = EDGE_CURVE('',#12008,#12008,#12010,.T.);
#12008 = VERTEX_POINT('',#12009);
#12009 = CARTESIAN_POINT('',(125.5,-59.975,1.6));
#12010 = CIRCLE('',#12011,0.5);
#12011 = AXIS2_PLACEMENT_3D('',#12012,#12013,#12014);
#12012 = CARTESIAN_POINT('',(125.5,-59.475,1.6));
#12013 = DIRECTION('',(-0.,0.,-1.));
#12014 = DIRECTION('',(-0.,-1.,0.));
#12015 = FACE_BOUND('',#12016,.T.);
#12016 = EDGE_LOOP('',(#12017));
#12017 = ORIENTED_EDGE('',*,*,#12018,.T.);
#12018 = EDGE_CURVE('',#12019,#12019,#12021,.T.);
#12019 = VERTEX_POINT('',#12020);
#12020 = CARTESIAN_POINT('',(140.,-56.35,1.6));
#12021 = CIRCLE('',#12022,1.35);
#12022 = AXIS2_PLACEMENT_3D('',#12023,#12024,#12025);
#12023 = CARTESIAN_POINT('',(140.,-55.,1.6));
#12024 = DIRECTION('',(-0.,0.,-1.));
#12025 = DIRECTION('',(-0.,-1.,0.));
#12026 = FACE_BOUND('',#12027,.T.);
#12027 = EDGE_LOOP('',(#12028));
#12028 = ORIENTED_EDGE('',*,*,#12029,.T.);
#12029 = EDGE_CURVE('',#12030,#12030,#12032,.T.);
#12030 = VERTEX_POINT('',#12031);
#12031 = CARTESIAN_POINT('',(145.,-56.35,1.6));
#12032 = CIRCLE('',#12033,1.35);
#12033 = AXIS2_PLACEMENT_3D('',#12034,#12035,#12036);
#12034 = CARTESIAN_POINT('',(145.,-55.,1.6));
#12035 = DIRECTION('',(-0.,0.,-1.));
#12036 = DIRECTION('',(-0.,-1.,0.));
#12037 = PLANE('',#12038);
#12038 = AXIS2_PLACEMENT_3D('',#12039,#12040,#12041);
#12039 = CARTESIAN_POINT('',(0.,0.,1.6));
#12040 = DIRECTION('',(0.,0.,1.));
#12041 = DIRECTION('',(1.,0.,-0.));
#12042 = ADVANCED_FACE('',(#12043),#12049,.T.);
#12043 = FACE_BOUND('',#12044,.T.);
#12044 = EDGE_LOOP('',(#12045,#12046,#12047,#12048));
#12045 = ORIENTED_EDGE('',*,*,#9548,.T.);
#12046 = ORIENTED_EDGE('',*,*,#10810,.T.);
#12047 = ORIENTED_EDGE('',*,*,#9508,.F.);
#12048 = ORIENTED_EDGE('',*,*,#9572,.F.);
#12049 = PLANE('',#12050);
#12050 = AXIS2_PLACEMENT_3D('',#12051,#12052,#12053);
#12051 = CARTESIAN_POINT('',(50.,-50.,0.));
#12052 = DIRECTION('',(0.,1.,0.));
#12053 = DIRECTION('',(1.,0.,0.));
#12054 = ADVANCED_FACE('',(#12055),#12066,.F.);
#12055 = FACE_BOUND('',#12056,.T.);
#12056 = EDGE_LOOP('',(#12057,#12058,#12064,#12065));
#12057 = ORIENTED_EDGE('',*,*,#9581,.T.);
#12058 = ORIENTED_EDGE('',*,*,#12059,.T.);
#12059 = EDGE_CURVE('',#9582,#10820,#12060,.T.);
#12060 = LINE('',#12061,#12062);
#12061 = CARTESIAN_POINT('',(58.945,-95.6,-4.5E-02));
#12062 = VECTOR('',#12063,1.);
#12063 = DIRECTION('',(0.,0.,1.));
#12064 = ORIENTED_EDGE('',*,*,#10819,.F.);
#12065 = ORIENTED_EDGE('',*,*,#12059,.F.);
#12066 = CYLINDRICAL_SURFACE('',#12067,0.6);
#12067 = AXIS2_PLACEMENT_3D('',#12068,#12069,#12070);
#12068 = CARTESIAN_POINT('',(58.945,-95.,-4.5E-02));
#12069 = DIRECTION('',(-0.,-0.,-1.));
#12070 = DIRECTION('',(-0.,-1.,0.));
#12071 = ADVANCED_FACE('',(#12072),#12083,.F.);
#12072 = FACE_BOUND('',#12073,.T.);
#12073 = EDGE_LOOP('',(#12074,#12075,#12081,#12082));
#12074 = ORIENTED_EDGE('',*,*,#9592,.T.);
#12075 = ORIENTED_EDGE('',*,*,#12076,.T.);
#12076 = EDGE_CURVE('',#9593,#10831,#12077,.T.);
#12077 = LINE('',#12078,#12079);
#12078 = CARTESIAN_POINT('',(62.445,-95.6,-4.5E-02));
#12079 = VECTOR('',#12080,1.);
#12080 = DIRECTION('',(0.,0.,1.));
#12081 = ORIENTED_EDGE('',*,*,#10830,.F.);
#12082 = ORIENTED_EDGE('',*,*,#12076,.F.);
#12083 = CYLINDRICAL_SURFACE('',#12084,0.6);
#12084 = AXIS2_PLACEMENT_3D('',#12085,#12086,#12087);
#12085 = CARTESIAN_POINT('',(62.445,-95.,-4.5E-02));
#12086 = DIRECTION('',(-0.,-0.,-1.));
#12087 = DIRECTION('',(-0.,-1.,0.));
#12088 = ADVANCED_FACE('',(#12089),#12100,.F.);
#12089 = FACE_BOUND('',#12090,.T.);
#12090 = EDGE_LOOP('',(#12091,#12092,#12098,#12099));
#12091 = ORIENTED_EDGE('',*,*,#9603,.T.);
#12092 = ORIENTED_EDGE('',*,*,#12093,.T.);
#12093 = EDGE_CURVE('',#9604,#10842,#12094,.T.);
#12094 = LINE('',#12095,#12096);
#12095 = CARTESIAN_POINT('',(65.945,-95.6,-4.5E-02));
#12096 = VECTOR('',#12097,1.);
#12097 = DIRECTION('',(0.,0.,1.));
#12098 = ORIENTED_EDGE('',*,*,#10841,.F.);
#12099 = ORIENTED_EDGE('',*,*,#12093,.F.);
#12100 = CYLINDRICAL_SURFACE('',#12101,0.6);
#12101 = AXIS2_PLACEMENT_3D('',#12102,#12103,#12104);
#12102 = CARTESIAN_POINT('',(65.945,-95.,-4.5E-02));
#12103 = DIRECTION('',(-0.,-0.,-1.));
#12104 = DIRECTION('',(-0.,-1.,0.));
#12105 = ADVANCED_FACE('',(#12106),#12117,.F.);
#12106 = FACE_BOUND('',#12107,.T.);
#12107 = EDGE_LOOP('',(#12108,#12109,#12115,#12116));
#12108 = ORIENTED_EDGE('',*,*,#9614,.T.);
#12109 = ORIENTED_EDGE('',*,*,#12110,.T.);
#12110 = EDGE_CURVE('',#9615,#10853,#12111,.T.);
#12111 = LINE('',#12112,#12113);
#12112 = CARTESIAN_POINT('',(74.945,-95.6,-4.5E-02));
#12113 = VECTOR('',#12114,1.);
#12114 = DIRECTION('',(0.,0.,1.));
#12115 = ORIENTED_EDGE('',*,*,#10852,.F.);
#12116 = ORIENTED_EDGE('',*,*,#12110,.F.);
#12117 = CYLINDRICAL_SURFACE('',#12118,0.6);
#12118 = AXIS2_PLACEMENT_3D('',#12119,#12120,#12121);
#12119 = CARTESIAN_POINT('',(74.945,-95.,-4.5E-02));
#12120 = DIRECTION('',(-0.,-0.,-1.));
#12121 = DIRECTION('',(-0.,-1.,0.));
#12122 = ADVANCED_FACE('',(#12123),#12134,.F.);
#12123 = FACE_BOUND('',#12124,.T.);
#12124 = EDGE_LOOP('',(#12125,#12126,#12132,#12133));
#12125 = ORIENTED_EDGE('',*,*,#9625,.T.);
#12126 = ORIENTED_EDGE('',*,*,#12127,.T.);
#12127 = EDGE_CURVE('',#9626,#10864,#12128,.T.);
#12128 = LINE('',#12129,#12130);
#12129 = CARTESIAN_POINT('',(54.,-91.35,-4.5E-02));
#12130 = VECTOR('',#12131,1.);
#12131 = DIRECTION('',(0.,0.,1.));
#12132 = ORIENTED_EDGE('',*,*,#10863,.F.);
#12133 = ORIENTED_EDGE('',*,*,#12127,.F.);
#12134 = CYLINDRICAL_SURFACE('',#12135,1.35);
#12135 = AXIS2_PLACEMENT_3D('',#12136,#12137,#12138);
#12136 = CARTESIAN_POINT('',(54.,-90.,-4.5E-02));
#12137 = DIRECTION('',(-0.,-0.,-1.));
#12138 = DIRECTION('',(-0.,-1.,0.));
#12139 = ADVANCED_FACE('',(#12140),#12151,.F.);
#12140 = FACE_BOUND('',#12141,.T.);
#12141 = EDGE_LOOP('',(#12142,#12143,#12149,#12150));
#12142 = ORIENTED_EDGE('',*,*,#9636,.T.);
#12143 = ORIENTED_EDGE('',*,*,#12144,.T.);
#12144 = EDGE_CURVE('',#9637,#10875,#12145,.T.);
#12145 = LINE('',#12146,#12147);
#12146 = CARTESIAN_POINT('',(78.445,-95.6,-4.5E-02));
#12147 = VECTOR('',#12148,1.);
#12148 = DIRECTION('',(0.,0.,1.));
#12149 = ORIENTED_EDGE('',*,*,#10874,.F.);
#12150 = ORIENTED_EDGE('',*,*,#12144,.F.);
#12151 = CYLINDRICAL_SURFACE('',#12152,0.6);
#12152 = AXIS2_PLACEMENT_3D('',#12153,#12154,#12155);
#12153 = CARTESIAN_POINT('',(78.445,-95.,-4.5E-02));
#12154 = DIRECTION('',(-0.,-0.,-1.));
#12155 = DIRECTION('',(-0.,-1.,0.));
#12156 = ADVANCED_FACE('',(#12157),#12168,.F.);
#12157 = FACE_BOUND('',#12158,.T.);
#12158 = EDGE_LOOP('',(#12159,#12160,#12166,#12167));
#12159 = ORIENTED_EDGE('',*,*,#9647,.T.);
#12160 = ORIENTED_EDGE('',*,*,#12161,.T.);
#12161 = EDGE_CURVE('',#9648,#10886,#12162,.T.);
#12162 = LINE('',#12163,#12164);
#12163 = CARTESIAN_POINT('',(81.945,-95.6,-4.5E-02));
#12164 = VECTOR('',#12165,1.);
#12165 = DIRECTION('',(0.,0.,1.));
#12166 = ORIENTED_EDGE('',*,*,#10885,.F.);
#12167 = ORIENTED_EDGE('',*,*,#12161,.F.);
#12168 = CYLINDRICAL_SURFACE('',#12169,0.6);
#12169 = AXIS2_PLACEMENT_3D('',#12170,#12171,#12172);
#12170 = CARTESIAN_POINT('',(81.945,-95.,-4.5E-02));
#12171 = DIRECTION('',(-0.,-0.,-1.));
#12172 = DIRECTION('',(-0.,-1.,0.));
#12173 = ADVANCED_FACE('',(#12174),#12185,.F.);
#12174 = FACE_BOUND('',#12175,.T.);
#12175 = EDGE_LOOP('',(#12176,#12177,#12183,#12184));
#12176 = ORIENTED_EDGE('',*,*,#9658,.T.);
#12177 = ORIENTED_EDGE('',*,*,#12178,.T.);
#12178 = EDGE_CURVE('',#9659,#10897,#12179,.T.);
#12179 = LINE('',#12180,#12181);
#12180 = CARTESIAN_POINT('',(90.,-95.6675,-4.5E-02));
#12181 = VECTOR('',#12182,1.);
#12182 = DIRECTION('',(0.,0.,1.));
#12183 = ORIENTED_EDGE('',*,*,#10896,.F.);
#12184 = ORIENTED_EDGE('',*,*,#12178,.F.);
#12185 = CYLINDRICAL_SURFACE('',#12186,0.6);
#12186 = AXIS2_PLACEMENT_3D('',#12187,#12188,#12189);
#12187 = CARTESIAN_POINT('',(90.,-95.0675,-4.5E-02));
#12188 = DIRECTION('',(-0.,-0.,-1.));
#12189 = DIRECTION('',(-0.,-1.,0.));
#12190 = ADVANCED_FACE('',(#12191),#12202,.F.);
#12191 = FACE_BOUND('',#12192,.T.);
#12192 = EDGE_LOOP('',(#12193,#12194,#12200,#12201));
#12193 = ORIENTED_EDGE('',*,*,#9669,.T.);
#12194 = ORIENTED_EDGE('',*,*,#12195,.T.);
#12195 = EDGE_CURVE('',#9670,#10908,#12196,.T.);
#12196 = LINE('',#12197,#12198);
#12197 = CARTESIAN_POINT('',(93.5,-95.6675,-4.5E-02));
#12198 = VECTOR('',#12199,1.);
#12199 = DIRECTION('',(0.,0.,1.));
#12200 = ORIENTED_EDGE('',*,*,#10907,.F.);
#12201 = ORIENTED_EDGE('',*,*,#12195,.F.);
#12202 = CYLINDRICAL_SURFACE('',#12203,0.6);
#12203 = AXIS2_PLACEMENT_3D('',#12204,#12205,#12206);
#12204 = CARTESIAN_POINT('',(93.5,-95.0675,-4.5E-02));
#12205 = DIRECTION('',(-0.,-0.,-1.));
#12206 = DIRECTION('',(-0.,-1.,0.));
#12207 = ADVANCED_FACE('',(#12208),#12219,.F.);
#12208 = FACE_BOUND('',#12209,.T.);
#12209 = EDGE_LOOP('',(#12210,#12211,#12217,#12218));
#12210 = ORIENTED_EDGE('',*,*,#9680,.T.);
#12211 = ORIENTED_EDGE('',*,*,#12212,.T.);
#12212 = EDGE_CURVE('',#9681,#10919,#12213,.T.);
#12213 = LINE('',#12214,#12215);
#12214 = CARTESIAN_POINT('',(97.,-95.6675,-4.5E-02));
#12215 = VECTOR('',#12216,1.);
#12216 = DIRECTION('',(0.,0.,1.));
#12217 = ORIENTED_EDGE('',*,*,#10918,.F.);
#12218 = ORIENTED_EDGE('',*,*,#12212,.F.);
#12219 = CYLINDRICAL_SURFACE('',#12220,0.6);
#12220 = AXIS2_PLACEMENT_3D('',#12221,#12222,#12223);
#12221 = CARTESIAN_POINT('',(97.,-95.0675,-4.5E-02));
#12222 = DIRECTION('',(-0.,-0.,-1.));
#12223 = DIRECTION('',(-0.,-1.,0.));
#12224 = ADVANCED_FACE('',(#12225),#12236,.F.);
#12225 = FACE_BOUND('',#12226,.T.);
#12226 = EDGE_LOOP('',(#12227,#12228,#12234,#12235));
#12227 = ORIENTED_EDGE('',*,*,#9691,.T.);
#12228 = ORIENTED_EDGE('',*,*,#12229,.T.);
#12229 = EDGE_CURVE('',#9692,#10930,#12230,.T.);
#12230 = LINE('',#12231,#12232);
#12231 = CARTESIAN_POINT('',(52.14,-85.14,-4.5E-02));
#12232 = VECTOR('',#12233,1.);
#12233 = DIRECTION('',(0.,0.,1.));
#12234 = ORIENTED_EDGE('',*,*,#10929,.F.);
#12235 = ORIENTED_EDGE('',*,*,#12229,.F.);
#12236 = CYLINDRICAL_SURFACE('',#12237,0.4);
#12237 = AXIS2_PLACEMENT_3D('',#12238,#12239,#12240);
#12238 = CARTESIAN_POINT('',(52.14,-84.74,-4.5E-02));
#12239 = DIRECTION('',(-0.,-0.,-1.));
#12240 = DIRECTION('',(-0.,-1.,0.));
#12241 = ADVANCED_FACE('',(#12242),#12253,.F.);
#12242 = FACE_BOUND('',#12243,.T.);
#12243 = EDGE_LOOP('',(#12244,#12245,#12251,#12252));
#12244 = ORIENTED_EDGE('',*,*,#9702,.T.);
#12245 = ORIENTED_EDGE('',*,*,#12246,.T.);
#12246 = EDGE_CURVE('',#9703,#10941,#12247,.T.);
#12247 = LINE('',#12248,#12249);
#12248 = CARTESIAN_POINT('',(54.68,-85.14,-4.5E-02));
#12249 = VECTOR('',#12250,1.);
#12250 = DIRECTION('',(0.,0.,1.));
#12251 = ORIENTED_EDGE('',*,*,#10940,.F.);
#12252 = ORIENTED_EDGE('',*,*,#12246,.F.);
#12253 = CYLINDRICAL_SURFACE('',#12254,0.4);
#12254 = AXIS2_PLACEMENT_3D('',#12255,#12256,#12257);
#12255 = CARTESIAN_POINT('',(54.68,-84.74,-4.5E-02));
#12256 = DIRECTION('',(-0.,-0.,-1.));
#12257 = DIRECTION('',(-0.,-1.,0.));
#12258 = ADVANCED_FACE('',(#12259),#12270,.F.);
#12259 = FACE_BOUND('',#12260,.T.);
#12260 = EDGE_LOOP('',(#12261,#12262,#12268,#12269));
#12261 = ORIENTED_EDGE('',*,*,#9713,.T.);
#12262 = ORIENTED_EDGE('',*,*,#12263,.T.);
#12263 = EDGE_CURVE('',#9714,#10952,#12264,.T.);
#12264 = LINE('',#12265,#12266);
#12265 = CARTESIAN_POINT('',(57.22,-85.14,-4.5E-02));
#12266 = VECTOR('',#12267,1.);
#12267 = DIRECTION('',(0.,0.,1.));
#12268 = ORIENTED_EDGE('',*,*,#10951,.F.);
#12269 = ORIENTED_EDGE('',*,*,#12263,.F.);
#12270 = CYLINDRICAL_SURFACE('',#12271,0.4);
#12271 = AXIS2_PLACEMENT_3D('',#12272,#12273,#12274);
#12272 = CARTESIAN_POINT('',(57.22,-84.74,-4.5E-02));
#12273 = DIRECTION('',(-0.,-0.,-1.));
#12274 = DIRECTION('',(-0.,-1.,0.));
#12275 = ADVANCED_FACE('',(#12276),#12287,.F.);
#12276 = FACE_BOUND('',#12277,.T.);
#12277 = EDGE_LOOP('',(#12278,#12279,#12285,#12286));
#12278 = ORIENTED_EDGE('',*,*,#9724,.T.);
#12279 = ORIENTED_EDGE('',*,*,#12280,.T.);
#12280 = EDGE_CURVE('',#9725,#10963,#12281,.T.);
#12281 = LINE('',#12282,#12283);
#12282 = CARTESIAN_POINT('',(59.76,-85.14,-4.5E-02));
#12283 = VECTOR('',#12284,1.);
#12284 = DIRECTION('',(0.,0.,1.));
#12285 = ORIENTED_EDGE('',*,*,#10962,.F.);
#12286 = ORIENTED_EDGE('',*,*,#12280,.F.);
#12287 = CYLINDRICAL_SURFACE('',#12288,0.4);
#12288 = AXIS2_PLACEMENT_3D('',#12289,#12290,#12291);
#12289 = CARTESIAN_POINT('',(59.76,-84.74,-4.5E-02));
#12290 = DIRECTION('',(-0.,-0.,-1.));
#12291 = DIRECTION('',(-0.,-1.,0.));
#12292 = ADVANCED_FACE('',(#12293),#12304,.F.);
#12293 = FACE_BOUND('',#12294,.T.);
#12294 = EDGE_LOOP('',(#12295,#12296,#12302,#12303));
#12295 = ORIENTED_EDGE('',*,*,#9735,.T.);
#12296 = ORIENTED_EDGE('',*,*,#12297,.T.);
#12297 = EDGE_CURVE('',#9736,#10974,#12298,.T.);
#12298 = LINE('',#12299,#12300);
#12299 = CARTESIAN_POINT('',(62.3,-85.14,-4.5E-02));
#12300 = VECTOR('',#12301,1.);
#12301 = DIRECTION('',(0.,0.,1.));
#12302 = ORIENTED_EDGE('',*,*,#10973,.F.);
#12303 = ORIENTED_EDGE('',*,*,#12297,.F.);
#12304 = CYLINDRICAL_SURFACE('',#12305,0.4);
#12305 = AXIS2_PLACEMENT_3D('',#12306,#12307,#12308);
#12306 = CARTESIAN_POINT('',(62.3,-84.74,-4.5E-02));
#12307 = DIRECTION('',(-0.,-0.,-1.));
#12308 = DIRECTION('',(-0.,-1.,0.));
#12309 = ADVANCED_FACE('',(#12310),#12321,.F.);
#12310 = FACE_BOUND('',#12311,.T.);
#12311 = EDGE_LOOP('',(#12312,#12313,#12319,#12320));
#12312 = ORIENTED_EDGE('',*,*,#9746,.T.);
#12313 = ORIENTED_EDGE('',*,*,#12314,.T.);
#12314 = EDGE_CURVE('',#9747,#10985,#12315,.T.);
#12315 = LINE('',#12316,#12317);
#12316 = CARTESIAN_POINT('',(58.49,-82.065,-4.5E-02));
#12317 = VECTOR('',#12318,1.);
#12318 = DIRECTION('',(0.,0.,1.));
#12319 = ORIENTED_EDGE('',*,*,#10984,.F.);
#12320 = ORIENTED_EDGE('',*,*,#12314,.F.);
#12321 = CYLINDRICAL_SURFACE('',#12322,0.375);
#12322 = AXIS2_PLACEMENT_3D('',#12323,#12324,#12325);
#12323 = CARTESIAN_POINT('',(58.49,-81.69,-4.5E-02));
#12324 = DIRECTION('',(-0.,-0.,-1.));
#12325 = DIRECTION('',(-0.,-1.,0.));
#12326 = ADVANCED_FACE('',(#12327),#12338,.F.);
#12327 = FACE_BOUND('',#12328,.T.);
#12328 = EDGE_LOOP('',(#12329,#12330,#12336,#12337));
#12329 = ORIENTED_EDGE('',*,*,#9757,.T.);
#12330 = ORIENTED_EDGE('',*,*,#12331,.T.);
#12331 = EDGE_CURVE('',#9758,#10996,#12332,.T.);
#12332 = LINE('',#12333,#12334);
#12333 = CARTESIAN_POINT('',(61.03,-82.065,-4.5E-02));
#12334 = VECTOR('',#12335,1.);
#12335 = DIRECTION('',(0.,0.,1.));
#12336 = ORIENTED_EDGE('',*,*,#10995,.F.);
#12337 = ORIENTED_EDGE('',*,*,#12331,.F.);
#12338 = CYLINDRICAL_SURFACE('',#12339,0.375);
#12339 = AXIS2_PLACEMENT_3D('',#12340,#12341,#12342);
#12340 = CARTESIAN_POINT('',(61.03,-81.69,-4.5E-02));
#12341 = DIRECTION('',(-0.,-0.,-1.));
#12342 = DIRECTION('',(-0.,-1.,0.));
#12343 = ADVANCED_FACE('',(#12344),#12355,.F.);
#12344 = FACE_BOUND('',#12345,.T.);
#12345 = EDGE_LOOP('',(#12346,#12347,#12353,#12354));
#12346 = ORIENTED_EDGE('',*,*,#9768,.T.);
#12347 = ORIENTED_EDGE('',*,*,#12348,.T.);
#12348 = EDGE_CURVE('',#9769,#11007,#12349,.T.);
#12349 = LINE('',#12350,#12351);
#12350 = CARTESIAN_POINT('',(63.57,-82.065,-4.5E-02));
#12351 = VECTOR('',#12352,1.);
#12352 = DIRECTION('',(0.,0.,1.));
#12353 = ORIENTED_EDGE('',*,*,#11006,.F.);
#12354 = ORIENTED_EDGE('',*,*,#12348,.F.);
#12355 = CYLINDRICAL_SURFACE('',#12356,0.375);
#12356 = AXIS2_PLACEMENT_3D('',#12357,#12358,#12359);
#12357 = CARTESIAN_POINT('',(63.57,-81.69,-4.5E-02));
#12358 = DIRECTION('',(-0.,-0.,-1.));
#12359 = DIRECTION('',(-0.,-1.,0.));
#12360 = ADVANCED_FACE('',(#12361),#12372,.F.);
#12361 = FACE_BOUND('',#12362,.T.);
#12362 = EDGE_LOOP('',(#12363,#12364,#12370,#12371));
#12363 = ORIENTED_EDGE('',*,*,#9779,.T.);
#12364 = ORIENTED_EDGE('',*,*,#12365,.T.);
#12365 = EDGE_CURVE('',#9780,#11018,#12366,.T.);
#12366 = LINE('',#12367,#12368);
#12367 = CARTESIAN_POINT('',(64.84,-85.14,-4.5E-02));
#12368 = VECTOR('',#12369,1.);
#12369 = DIRECTION('',(0.,0.,1.));
#12370 = ORIENTED_EDGE('',*,*,#11017,.F.);
#12371 = ORIENTED_EDGE('',*,*,#12365,.F.);
#12372 = CYLINDRICAL_SURFACE('',#12373,0.4);
#12373 = AXIS2_PLACEMENT_3D('',#12374,#12375,#12376);
#12374 = CARTESIAN_POINT('',(64.84,-84.74,-4.5E-02));
#12375 = DIRECTION('',(-0.,-0.,-1.));
#12376 = DIRECTION('',(-0.,-1.,0.));
#12377 = ADVANCED_FACE('',(#12378),#12389,.F.);
#12378 = FACE_BOUND('',#12379,.T.);
#12379 = EDGE_LOOP('',(#12380,#12381,#12387,#12388));
#12380 = ORIENTED_EDGE('',*,*,#9790,.T.);
#12381 = ORIENTED_EDGE('',*,*,#12382,.T.);
#12382 = EDGE_CURVE('',#9791,#11029,#12383,.T.);
#12383 = LINE('',#12384,#12385);
#12384 = CARTESIAN_POINT('',(67.38,-85.14,-4.5E-02));
#12385 = VECTOR('',#12386,1.);
#12386 = DIRECTION('',(0.,0.,1.));
#12387 = ORIENTED_EDGE('',*,*,#11028,.F.);
#12388 = ORIENTED_EDGE('',*,*,#12382,.F.);
#12389 = CYLINDRICAL_SURFACE('',#12390,0.4);
#12390 = AXIS2_PLACEMENT_3D('',#12391,#12392,#12393);
#12391 = CARTESIAN_POINT('',(67.38,-84.74,-4.5E-02));
#12392 = DIRECTION('',(-0.,-0.,-1.));
#12393 = DIRECTION('',(-0.,-1.,0.));
#12394 = ADVANCED_FACE('',(#12395),#12406,.F.);
#12395 = FACE_BOUND('',#12396,.T.);
#12396 = EDGE_LOOP('',(#12397,#12398,#12404,#12405));
#12397 = ORIENTED_EDGE('',*,*,#9801,.T.);
#12398 = ORIENTED_EDGE('',*,*,#12399,.T.);
#12399 = EDGE_CURVE('',#9802,#11040,#12400,.T.);
#12400 = LINE('',#12401,#12402);
#12401 = CARTESIAN_POINT('',(69.92,-85.14,-4.5E-02));
#12402 = VECTOR('',#12403,1.);
#12403 = DIRECTION('',(0.,0.,1.));
#12404 = ORIENTED_EDGE('',*,*,#11039,.F.);
#12405 = ORIENTED_EDGE('',*,*,#12399,.F.);
#12406 = CYLINDRICAL_SURFACE('',#12407,0.4);
#12407 = AXIS2_PLACEMENT_3D('',#12408,#12409,#12410);
#12408 = CARTESIAN_POINT('',(69.92,-84.74,-4.5E-02));
#12409 = DIRECTION('',(-0.,0.,-1.));
#12410 = DIRECTION('',(3.5527136788E-14,-1.,-0.));
#12411 = ADVANCED_FACE('',(#12412),#12423,.F.);
#12412 = FACE_BOUND('',#12413,.T.);
#12413 = EDGE_LOOP('',(#12414,#12415,#12421,#12422));
#12414 = ORIENTED_EDGE('',*,*,#9812,.T.);
#12415 = ORIENTED_EDGE('',*,*,#12416,.T.);
#12416 = EDGE_CURVE('',#9813,#11051,#12417,.T.);
#12417 = LINE('',#12418,#12419);
#12418 = CARTESIAN_POINT('',(72.46,-85.14,-4.5E-02));
#12419 = VECTOR('',#12420,1.);
#12420 = DIRECTION('',(0.,0.,1.));
#12421 = ORIENTED_EDGE('',*,*,#11050,.F.);
#12422 = ORIENTED_EDGE('',*,*,#12416,.F.);
#12423 = CYLINDRICAL_SURFACE('',#12424,0.4);
#12424 = AXIS2_PLACEMENT_3D('',#12425,#12426,#12427);
#12425 = CARTESIAN_POINT('',(72.46,-84.74,-4.5E-02));
#12426 = DIRECTION('',(-0.,-0.,-1.));
#12427 = DIRECTION('',(-3.552713678801E-14,-1.,0.));
#12428 = ADVANCED_FACE('',(#12429),#12440,.F.);
#12429 = FACE_BOUND('',#12430,.T.);
#12430 = EDGE_LOOP('',(#12431,#12432,#12438,#12439));
#12431 = ORIENTED_EDGE('',*,*,#9823,.T.);
#12432 = ORIENTED_EDGE('',*,*,#12433,.T.);
#12433 = EDGE_CURVE('',#9824,#11062,#12434,.T.);
#12434 = LINE('',#12435,#12436);
#12435 = CARTESIAN_POINT('',(75.,-85.14,-4.5E-02));
#12436 = VECTOR('',#12437,1.);
#12437 = DIRECTION('',(0.,0.,1.));
#12438 = ORIENTED_EDGE('',*,*,#11061,.F.);
#12439 = ORIENTED_EDGE('',*,*,#12433,.F.);
#12440 = CYLINDRICAL_SURFACE('',#12441,0.4);
#12441 = AXIS2_PLACEMENT_3D('',#12442,#12443,#12444);
#12442 = CARTESIAN_POINT('',(75.,-84.74,-4.5E-02));
#12443 = DIRECTION('',(-0.,-0.,-1.));
#12444 = DIRECTION('',(-0.,-1.,0.));
#12445 = ADVANCED_FACE('',(#12446),#12457,.F.);
#12446 = FACE_BOUND('',#12447,.T.);
#12447 = EDGE_LOOP('',(#12448,#12449,#12455,#12456));
#12448 = ORIENTED_EDGE('',*,*,#9834,.T.);
#12449 = ORIENTED_EDGE('',*,*,#12450,.T.);
#12450 = EDGE_CURVE('',#9835,#11073,#12451,.T.);
#12451 = LINE('',#12452,#12453);
#12452 = CARTESIAN_POINT('',(66.11,-82.065,-4.5E-02));
#12453 = VECTOR('',#12454,1.);
#12454 = DIRECTION('',(0.,0.,1.));
#12455 = ORIENTED_EDGE('',*,*,#11072,.F.);
#12456 = ORIENTED_EDGE('',*,*,#12450,.F.);
#12457 = CYLINDRICAL_SURFACE('',#12458,0.375);
#12458 = AXIS2_PLACEMENT_3D('',#12459,#12460,#12461);
#12459 = CARTESIAN_POINT('',(66.11,-81.69,-4.5E-02));
#12460 = DIRECTION('',(-0.,-0.,-1.));
#12461 = DIRECTION('',(-0.,-1.,0.));
#12462 = ADVANCED_FACE('',(#12463),#12474,.F.);
#12463 = FACE_BOUND('',#12464,.T.);
#12464 = EDGE_LOOP('',(#12465,#12466,#12472,#12473));
#12465 = ORIENTED_EDGE('',*,*,#9845,.T.);
#12466 = ORIENTED_EDGE('',*,*,#12467,.T.);
#12467 = EDGE_CURVE('',#9846,#11084,#12468,.T.);
#12468 = LINE('',#12469,#12470);
#12469 = CARTESIAN_POINT('',(68.65,-82.065,-4.5E-02));
#12470 = VECTOR('',#12471,1.);
#12471 = DIRECTION('',(0.,0.,1.));
#12472 = ORIENTED_EDGE('',*,*,#11083,.F.);
#12473 = ORIENTED_EDGE('',*,*,#12467,.F.);
#12474 = CYLINDRICAL_SURFACE('',#12475,0.375);
#12475 = AXIS2_PLACEMENT_3D('',#12476,#12477,#12478);
#12476 = CARTESIAN_POINT('',(68.65,-81.69,-4.5E-02));
#12477 = DIRECTION('',(-0.,-0.,-1.));
#12478 = DIRECTION('',(-0.,-1.,0.));
#12479 = ADVANCED_FACE('',(#12480),#12491,.F.);
#12480 = FACE_BOUND('',#12481,.T.);
#12481 = EDGE_LOOP('',(#12482,#12483,#12489,#12490));
#12482 = ORIENTED_EDGE('',*,*,#9856,.T.);
#12483 = ORIENTED_EDGE('',*,*,#12484,.T.);
#12484 = EDGE_CURVE('',#9857,#11095,#12485,.T.);
#12485 = LINE('',#12486,#12487);
#12486 = CARTESIAN_POINT('',(65.11,-76.3,-4.5E-02));
#12487 = VECTOR('',#12488,1.);
#12488 = DIRECTION('',(0.,0.,1.));
#12489 = ORIENTED_EDGE('',*,*,#11094,.F.);
#12490 = ORIENTED_EDGE('',*,*,#12484,.F.);
#12491 = CYLINDRICAL_SURFACE('',#12492,0.35);
#12492 = AXIS2_PLACEMENT_3D('',#12493,#12494,#12495);
#12493 = CARTESIAN_POINT('',(65.11,-75.95,-4.5E-02));
#12494 = DIRECTION('',(-0.,-0.,-1.));
#12495 = DIRECTION('',(-0.,-1.,0.));
#12496 = ADVANCED_FACE('',(#12497),#12508,.F.);
#12497 = FACE_BOUND('',#12498,.T.);
#12498 = EDGE_LOOP('',(#12499,#12500,#12506,#12507));
#12499 = ORIENTED_EDGE('',*,*,#9867,.T.);
#12500 = ORIENTED_EDGE('',*,*,#12501,.T.);
#12501 = EDGE_CURVE('',#9868,#11106,#12502,.T.);
#12502 = LINE('',#12503,#12504);
#12503 = CARTESIAN_POINT('',(67.11,-76.3,-4.5E-02));
#12504 = VECTOR('',#12505,1.);
#12505 = DIRECTION('',(0.,0.,1.));
#12506 = ORIENTED_EDGE('',*,*,#11105,.F.);
#12507 = ORIENTED_EDGE('',*,*,#12501,.F.);
#12508 = CYLINDRICAL_SURFACE('',#12509,0.35);
#12509 = AXIS2_PLACEMENT_3D('',#12510,#12511,#12512);
#12510 = CARTESIAN_POINT('',(67.11,-75.95,-4.5E-02));
#12511 = DIRECTION('',(-0.,-0.,-1.));
#12512 = DIRECTION('',(-0.,-1.,0.));
#12513 = ADVANCED_FACE('',(#12514),#12525,.F.);
#12514 = FACE_BOUND('',#12515,.T.);
#12515 = EDGE_LOOP('',(#12516,#12517,#12523,#12524));
#12516 = ORIENTED_EDGE('',*,*,#9878,.T.);
#12517 = ORIENTED_EDGE('',*,*,#12518,.T.);
#12518 = EDGE_CURVE('',#9879,#11117,#12519,.T.);
#12519 = LINE('',#12520,#12521);
#12520 = CARTESIAN_POINT('',(77.54,-85.14,-4.5E-02));
#12521 = VECTOR('',#12522,1.);
#12522 = DIRECTION('',(0.,0.,1.));
#12523 = ORIENTED_EDGE('',*,*,#11116,.F.);
#12524 = ORIENTED_EDGE('',*,*,#12518,.F.);
#12525 = CYLINDRICAL_SURFACE('',#12526,0.4);
#12526 = AXIS2_PLACEMENT_3D('',#12527,#12528,#12529);
#12527 = CARTESIAN_POINT('',(77.54,-84.74,-4.5E-02));
#12528 = DIRECTION('',(-0.,0.,-1.));
#12529 = DIRECTION('',(3.5527136788E-14,-1.,-0.));
#12530 = ADVANCED_FACE('',(#12531),#12542,.F.);
#12531 = FACE_BOUND('',#12532,.T.);
#12532 = EDGE_LOOP('',(#12533,#12534,#12540,#12541));
#12533 = ORIENTED_EDGE('',*,*,#9889,.T.);
#12534 = ORIENTED_EDGE('',*,*,#12535,.T.);
#12535 = EDGE_CURVE('',#9890,#11128,#12536,.T.);
#12536 = LINE('',#12537,#12538);
#12537 = CARTESIAN_POINT('',(80.08,-85.14,-4.5E-02));
#12538 = VECTOR('',#12539,1.);
#12539 = DIRECTION('',(0.,0.,1.));
#12540 = ORIENTED_EDGE('',*,*,#11127,.F.);
#12541 = ORIENTED_EDGE('',*,*,#12535,.F.);
#12542 = CYLINDRICAL_SURFACE('',#12543,0.4);
#12543 = AXIS2_PLACEMENT_3D('',#12544,#12545,#12546);
#12544 = CARTESIAN_POINT('',(80.08,-84.74,-4.5E-02));
#12545 = DIRECTION('',(-0.,-0.,-1.));
#12546 = DIRECTION('',(-3.552713678801E-14,-1.,0.));
#12547 = ADVANCED_FACE('',(#12548),#12559,.F.);
#12548 = FACE_BOUND('',#12549,.T.);
#12549 = EDGE_LOOP('',(#12550,#12551,#12557,#12558));
#12550 = ORIENTED_EDGE('',*,*,#9900,.T.);
#12551 = ORIENTED_EDGE('',*,*,#12552,.T.);
#12552 = EDGE_CURVE('',#9901,#11139,#12553,.T.);
#12553 = LINE('',#12554,#12555);
#12554 = CARTESIAN_POINT('',(82.62,-85.14,-4.5E-02));
#12555 = VECTOR('',#12556,1.);
#12556 = DIRECTION('',(0.,0.,1.));
#12557 = ORIENTED_EDGE('',*,*,#11138,.F.);
#12558 = ORIENTED_EDGE('',*,*,#12552,.F.);
#12559 = CYLINDRICAL_SURFACE('',#12560,0.4);
#12560 = AXIS2_PLACEMENT_3D('',#12561,#12562,#12563);
#12561 = CARTESIAN_POINT('',(82.62,-84.74,-4.5E-02));
#12562 = DIRECTION('',(-0.,-0.,-1.));
#12563 = DIRECTION('',(-0.,-1.,0.));
#12564 = ADVANCED_FACE('',(#12565),#12576,.F.);
#12565 = FACE_BOUND('',#12566,.T.);
#12566 = EDGE_LOOP('',(#12567,#12568,#12574,#12575));
#12567 = ORIENTED_EDGE('',*,*,#9911,.T.);
#12568 = ORIENTED_EDGE('',*,*,#12569,.T.);
#12569 = EDGE_CURVE('',#9912,#11150,#12570,.T.);
#12570 = LINE('',#12571,#12572);
#12571 = CARTESIAN_POINT('',(85.16,-85.14,-4.5E-02));
#12572 = VECTOR('',#12573,1.);
#12573 = DIRECTION('',(0.,0.,1.));
#12574 = ORIENTED_EDGE('',*,*,#11149,.F.);
#12575 = ORIENTED_EDGE('',*,*,#12569,.F.);
#12576 = CYLINDRICAL_SURFACE('',#12577,0.4);
#12577 = AXIS2_PLACEMENT_3D('',#12578,#12579,#12580);
#12578 = CARTESIAN_POINT('',(85.16,-84.74,-4.5E-02));
#12579 = DIRECTION('',(-0.,-0.,-1.));
#12580 = DIRECTION('',(-0.,-1.,0.));
#12581 = ADVANCED_FACE('',(#12582),#12593,.F.);
#12582 = FACE_BOUND('',#12583,.T.);
#12583 = EDGE_LOOP('',(#12584,#12585,#12591,#12592));
#12584 = ORIENTED_EDGE('',*,*,#9922,.T.);
#12585 = ORIENTED_EDGE('',*,*,#12586,.T.);
#12586 = EDGE_CURVE('',#9923,#11161,#12587,.T.);
#12587 = LINE('',#12588,#12589);
#12588 = CARTESIAN_POINT('',(87.7,-85.14,-4.5E-02));
#12589 = VECTOR('',#12590,1.);
#12590 = DIRECTION('',(0.,0.,1.));
#12591 = ORIENTED_EDGE('',*,*,#11160,.F.);
#12592 = ORIENTED_EDGE('',*,*,#12586,.F.);
#12593 = CYLINDRICAL_SURFACE('',#12594,0.4);
#12594 = AXIS2_PLACEMENT_3D('',#12595,#12596,#12597);
#12595 = CARTESIAN_POINT('',(87.7,-84.74,-4.5E-02));
#12596 = DIRECTION('',(-0.,0.,-1.));
#12597 = DIRECTION('',(3.5527136788E-14,-1.,-0.));
#12598 = ADVANCED_FACE('',(#12599),#12610,.F.);
#12599 = FACE_BOUND('',#12600,.T.);
#12600 = EDGE_LOOP('',(#12601,#12602,#12608,#12609));
#12601 = ORIENTED_EDGE('',*,*,#9933,.T.);
#12602 = ORIENTED_EDGE('',*,*,#12603,.T.);
#12603 = EDGE_CURVE('',#9934,#11172,#12604,.T.);
#12604 = LINE('',#12605,#12606);
#12605 = CARTESIAN_POINT('',(90.24,-85.14,-4.5E-02));
#12606 = VECTOR('',#12607,1.);
#12607 = DIRECTION('',(0.,0.,1.));
#12608 = ORIENTED_EDGE('',*,*,#11171,.F.);
#12609 = ORIENTED_EDGE('',*,*,#12603,.F.);
#12610 = CYLINDRICAL_SURFACE('',#12611,0.4);
#12611 = AXIS2_PLACEMENT_3D('',#12612,#12613,#12614);
#12612 = CARTESIAN_POINT('',(90.24,-84.74,-4.5E-02));
#12613 = DIRECTION('',(-0.,-0.,-1.));
#12614 = DIRECTION('',(-3.552713678801E-14,-1.,0.));
#12615 = ADVANCED_FACE('',(#12616),#12627,.F.);
#12616 = FACE_BOUND('',#12617,.T.);
#12617 = EDGE_LOOP('',(#12618,#12619,#12625,#12626));
#12618 = ORIENTED_EDGE('',*,*,#9944,.T.);
#12619 = ORIENTED_EDGE('',*,*,#12620,.T.);
#12620 = EDGE_CURVE('',#9945,#11183,#12621,.T.);
#12621 = LINE('',#12622,#12623);
#12622 = CARTESIAN_POINT('',(92.78,-85.14,-4.5E-02));
#12623 = VECTOR('',#12624,1.);
#12624 = DIRECTION('',(0.,0.,1.));
#12625 = ORIENTED_EDGE('',*,*,#11182,.F.);
#12626 = ORIENTED_EDGE('',*,*,#12620,.F.);
#12627 = CYLINDRICAL_SURFACE('',#12628,0.4);
#12628 = AXIS2_PLACEMENT_3D('',#12629,#12630,#12631);
#12629 = CARTESIAN_POINT('',(92.78,-84.74,-4.5E-02));
#12630 = DIRECTION('',(-0.,-0.,-1.));
#12631 = DIRECTION('',(-0.,-1.,0.));
#12632 = ADVANCED_FACE('',(#12633),#12644,.F.);
#12633 = FACE_BOUND('',#12634,.T.);
#12634 = EDGE_LOOP('',(#12635,#12636,#12642,#12643));
#12635 = ORIENTED_EDGE('',*,*,#9955,.T.);
#12636 = ORIENTED_EDGE('',*,*,#12637,.T.);
#12637 = EDGE_CURVE('',#9956,#11194,#12638,.T.);
#12638 = LINE('',#12639,#12640);
#12639 = CARTESIAN_POINT('',(95.32,-85.14,-4.5E-02));
#12640 = VECTOR('',#12641,1.);
#12641 = DIRECTION('',(0.,0.,1.));
#12642 = ORIENTED_EDGE('',*,*,#11193,.F.);
#12643 = ORIENTED_EDGE('',*,*,#12637,.F.);
#12644 = CYLINDRICAL_SURFACE('',#12645,0.4);
#12645 = AXIS2_PLACEMENT_3D('',#12646,#12647,#12648);
#12646 = CARTESIAN_POINT('',(95.32,-84.74,-4.5E-02));
#12647 = DIRECTION('',(-0.,-0.,-1.));
#12648 = DIRECTION('',(-0.,-1.,0.));
#12649 = ADVANCED_FACE('',(#12650),#12661,.F.);
#12650 = FACE_BOUND('',#12651,.T.);
#12651 = EDGE_LOOP('',(#12652,#12653,#12659,#12660));
#12652 = ORIENTED_EDGE('',*,*,#9966,.T.);
#12653 = ORIENTED_EDGE('',*,*,#12654,.T.);
#12654 = EDGE_CURVE('',#9967,#11205,#12655,.T.);
#12655 = LINE('',#12656,#12657);
#12656 = CARTESIAN_POINT('',(97.86,-85.14,-4.5E-02));
#12657 = VECTOR('',#12658,1.);
#12658 = DIRECTION('',(0.,0.,1.));
#12659 = ORIENTED_EDGE('',*,*,#11204,.F.);
#12660 = ORIENTED_EDGE('',*,*,#12654,.F.);
#12661 = CYLINDRICAL_SURFACE('',#12662,0.4);
#12662 = AXIS2_PLACEMENT_3D('',#12663,#12664,#12665);
#12663 = CARTESIAN_POINT('',(97.86,-84.74,-4.5E-02));
#12664 = DIRECTION('',(-0.,-0.,-1.));
#12665 = DIRECTION('',(-0.,-1.,0.));
#12666 = ADVANCED_FACE('',(#12667),#12678,.F.);
#12667 = FACE_BOUND('',#12668,.T.);
#12668 = EDGE_LOOP('',(#12669,#12670,#12676,#12677));
#12669 = ORIENTED_EDGE('',*,*,#9977,.T.);
#12670 = ORIENTED_EDGE('',*,*,#12671,.T.);
#12671 = EDGE_CURVE('',#9978,#11216,#12672,.T.);
#12672 = LINE('',#12673,#12674);
#12673 = CARTESIAN_POINT('',(97.86,-82.6,-4.5E-02));
#12674 = VECTOR('',#12675,1.);
#12675 = DIRECTION('',(0.,0.,1.));
#12676 = ORIENTED_EDGE('',*,*,#11215,.F.);
#12677 = ORIENTED_EDGE('',*,*,#12671,.F.);
#12678 = CYLINDRICAL_SURFACE('',#12679,0.4);
#12679 = AXIS2_PLACEMENT_3D('',#12680,#12681,#12682);
#12680 = CARTESIAN_POINT('',(97.86,-82.2,-4.5E-02));
#12681 = DIRECTION('',(-0.,-0.,-1.));
#12682 = DIRECTION('',(-0.,-1.,0.));
#12683 = ADVANCED_FACE('',(#12684),#12695,.F.);
#12684 = FACE_BOUND('',#12685,.T.);
#12685 = EDGE_LOOP('',(#12686,#12687,#12693,#12694));
#12686 = ORIENTED_EDGE('',*,*,#9988,.T.);
#12687 = ORIENTED_EDGE('',*,*,#12688,.T.);
#12688 = EDGE_CURVE('',#9989,#11227,#12689,.T.);
#12689 = LINE('',#12690,#12691);
#12690 = CARTESIAN_POINT('',(97.86,-80.06,-4.5E-02));
#12691 = VECTOR('',#12692,1.);
#12692 = DIRECTION('',(0.,0.,1.));
#12693 = ORIENTED_EDGE('',*,*,#11226,.F.);
#12694 = ORIENTED_EDGE('',*,*,#12688,.F.);
#12695 = CYLINDRICAL_SURFACE('',#12696,0.4);
#12696 = AXIS2_PLACEMENT_3D('',#12697,#12698,#12699);
#12697 = CARTESIAN_POINT('',(97.86,-79.66,-4.5E-02));
#12698 = DIRECTION('',(-0.,-0.,-1.));
#12699 = DIRECTION('',(-0.,-1.,0.));
#12700 = ADVANCED_FACE('',(#12701),#12712,.F.);
#12701 = FACE_BOUND('',#12702,.T.);
#12702 = EDGE_LOOP('',(#12703,#12704,#12710,#12711));
#12703 = ORIENTED_EDGE('',*,*,#9999,.T.);
#12704 = ORIENTED_EDGE('',*,*,#12705,.T.);
#12705 = EDGE_CURVE('',#10000,#11238,#12706,.T.);
#12706 = LINE('',#12707,#12708);
#12707 = CARTESIAN_POINT('',(97.86,-77.52,-4.5E-02));
#12708 = VECTOR('',#12709,1.);
#12709 = DIRECTION('',(0.,0.,1.));
#12710 = ORIENTED_EDGE('',*,*,#11237,.F.);
#12711 = ORIENTED_EDGE('',*,*,#12705,.F.);
#12712 = CYLINDRICAL_SURFACE('',#12713,0.4);
#12713 = AXIS2_PLACEMENT_3D('',#12714,#12715,#12716);
#12714 = CARTESIAN_POINT('',(97.86,-77.12,-4.5E-02));
#12715 = DIRECTION('',(-0.,-0.,-1.));
#12716 = DIRECTION('',(-0.,-1.,0.));
#12717 = ADVANCED_FACE('',(#12718),#12729,.F.);
#12718 = FACE_BOUND('',#12719,.T.);
#12719 = EDGE_LOOP('',(#12720,#12721,#12727,#12728));
#12720 = ORIENTED_EDGE('',*,*,#10010,.T.);
#12721 = ORIENTED_EDGE('',*,*,#12722,.T.);
#12722 = EDGE_CURVE('',#10011,#11249,#12723,.T.);
#12723 = LINE('',#12724,#12725);
#12724 = CARTESIAN_POINT('',(105.,-95.6675,-4.5E-02));
#12725 = VECTOR('',#12726,1.);
#12726 = DIRECTION('',(0.,0.,1.));
#12727 = ORIENTED_EDGE('',*,*,#11248,.F.);
#12728 = ORIENTED_EDGE('',*,*,#12722,.F.);
#12729 = CYLINDRICAL_SURFACE('',#12730,0.6);
#12730 = AXIS2_PLACEMENT_3D('',#12731,#12732,#12733);
#12731 = CARTESIAN_POINT('',(105.,-95.0675,-4.5E-02));
#12732 = DIRECTION('',(-0.,-0.,-1.));
#12733 = DIRECTION('',(-0.,-1.,0.));
#12734 = ADVANCED_FACE('',(#12735),#12746,.F.);
#12735 = FACE_BOUND('',#12736,.T.);
#12736 = EDGE_LOOP('',(#12737,#12738,#12744,#12745));
#12737 = ORIENTED_EDGE('',*,*,#10021,.T.);
#12738 = ORIENTED_EDGE('',*,*,#12739,.T.);
#12739 = EDGE_CURVE('',#10022,#11260,#12740,.T.);
#12740 = LINE('',#12741,#12742);
#12741 = CARTESIAN_POINT('',(108.5,-95.6675,-4.5E-02));
#12742 = VECTOR('',#12743,1.);
#12743 = DIRECTION('',(0.,0.,1.));
#12744 = ORIENTED_EDGE('',*,*,#11259,.F.);
#12745 = ORIENTED_EDGE('',*,*,#12739,.F.);
#12746 = CYLINDRICAL_SURFACE('',#12747,0.6);
#12747 = AXIS2_PLACEMENT_3D('',#12748,#12749,#12750);
#12748 = CARTESIAN_POINT('',(108.5,-95.0675,-4.5E-02));
#12749 = DIRECTION('',(-0.,-0.,-1.));
#12750 = DIRECTION('',(-0.,-1.,0.));
#12751 = ADVANCED_FACE('',(#12752),#12763,.F.);
#12752 = FACE_BOUND('',#12753,.T.);
#12753 = EDGE_LOOP('',(#12754,#12755,#12761,#12762));
#12754 = ORIENTED_EDGE('',*,*,#10032,.T.);
#12755 = ORIENTED_EDGE('',*,*,#12756,.T.);
#12756 = EDGE_CURVE('',#10033,#11271,#12757,.T.);
#12757 = LINE('',#12758,#12759);
#12758 = CARTESIAN_POINT('',(112.,-95.6675,-4.5E-02));
#12759 = VECTOR('',#12760,1.);
#12760 = DIRECTION('',(0.,0.,1.));
#12761 = ORIENTED_EDGE('',*,*,#11270,.F.);
#12762 = ORIENTED_EDGE('',*,*,#12756,.F.);
#12763 = CYLINDRICAL_SURFACE('',#12764,0.6);
#12764 = AXIS2_PLACEMENT_3D('',#12765,#12766,#12767);
#12765 = CARTESIAN_POINT('',(112.,-95.0675,-4.5E-02));
#12766 = DIRECTION('',(-0.,-0.,-1.));
#12767 = DIRECTION('',(-0.,-1.,0.));
#12768 = ADVANCED_FACE('',(#12769),#12780,.F.);
#12769 = FACE_BOUND('',#12770,.T.);
#12770 = EDGE_LOOP('',(#12771,#12772,#12778,#12779));
#12771 = ORIENTED_EDGE('',*,*,#10043,.T.);
#12772 = ORIENTED_EDGE('',*,*,#12773,.T.);
#12773 = EDGE_CURVE('',#10044,#11282,#12774,.T.);
#12774 = LINE('',#12775,#12776);
#12775 = CARTESIAN_POINT('',(120.,-95.6675,-4.5E-02));
#12776 = VECTOR('',#12777,1.);
#12777 = DIRECTION('',(0.,0.,1.));
#12778 = ORIENTED_EDGE('',*,*,#11281,.F.);
#12779 = ORIENTED_EDGE('',*,*,#12773,.F.);
#12780 = CYLINDRICAL_SURFACE('',#12781,0.6);
#12781 = AXIS2_PLACEMENT_3D('',#12782,#12783,#12784);
#12782 = CARTESIAN_POINT('',(120.,-95.0675,-4.5E-02));
#12783 = DIRECTION('',(-0.,-0.,-1.));
#12784 = DIRECTION('',(-0.,-1.,0.));
#12785 = ADVANCED_FACE('',(#12786),#12797,.F.);
#12786 = FACE_BOUND('',#12787,.T.);
#12787 = EDGE_LOOP('',(#12788,#12789,#12795,#12796));
#12788 = ORIENTED_EDGE('',*,*,#10054,.T.);
#12789 = ORIENTED_EDGE('',*,*,#12790,.T.);
#12790 = EDGE_CURVE('',#10055,#11293,#12791,.T.);
#12791 = LINE('',#12792,#12793);
#12792 = CARTESIAN_POINT('',(123.5,-95.6675,-4.5E-02));
#12793 = VECTOR('',#12794,1.);
#12794 = DIRECTION('',(0.,0.,1.));
#12795 = ORIENTED_EDGE('',*,*,#11292,.F.);
#12796 = ORIENTED_EDGE('',*,*,#12790,.F.);
#12797 = CYLINDRICAL_SURFACE('',#12798,0.6);
#12798 = AXIS2_PLACEMENT_3D('',#12799,#12800,#12801);
#12799 = CARTESIAN_POINT('',(123.5,-95.0675,-4.5E-02));
#12800 = DIRECTION('',(-0.,-0.,-1.));
#12801 = DIRECTION('',(-0.,-1.,0.));
#12802 = ADVANCED_FACE('',(#12803),#12814,.F.);
#12803 = FACE_BOUND('',#12804,.T.);
#12804 = EDGE_LOOP('',(#12805,#12806,#12812,#12813));
#12805 = ORIENTED_EDGE('',*,*,#10065,.T.);
#12806 = ORIENTED_EDGE('',*,*,#12807,.T.);
#12807 = EDGE_CURVE('',#10066,#11304,#12808,.T.);
#12808 = LINE('',#12809,#12810);
#12809 = CARTESIAN_POINT('',(127.,-95.6675,-4.5E-02));
#12810 = VECTOR('',#12811,1.);
#12811 = DIRECTION('',(0.,0.,1.));
#12812 = ORIENTED_EDGE('',*,*,#11303,.F.);
#12813 = ORIENTED_EDGE('',*,*,#12807,.F.);
#12814 = CYLINDRICAL_SURFACE('',#12815,0.6);
#12815 = AXIS2_PLACEMENT_3D('',#12816,#12817,#12818);
#12816 = CARTESIAN_POINT('',(127.,-95.0675,-4.5E-02));
#12817 = DIRECTION('',(-0.,-0.,-1.));
#12818 = DIRECTION('',(-0.,-1.,0.));
#12819 = ADVANCED_FACE('',(#12820),#12831,.F.);
#12820 = FACE_BOUND('',#12821,.T.);
#12821 = EDGE_LOOP('',(#12822,#12823,#12829,#12830));
#12822 = ORIENTED_EDGE('',*,*,#10076,.T.);
#12823 = ORIENTED_EDGE('',*,*,#12824,.T.);
#12824 = EDGE_CURVE('',#10077,#11315,#12825,.T.);
#12825 = LINE('',#12826,#12827);
#12826 = CARTESIAN_POINT('',(134.,-95.6675,-4.5E-02));
#12827 = VECTOR('',#12828,1.);
#12828 = DIRECTION('',(0.,0.,1.));
#12829 = ORIENTED_EDGE('',*,*,#11314,.F.);
#12830 = ORIENTED_EDGE('',*,*,#12824,.F.);
#12831 = CYLINDRICAL_SURFACE('',#12832,0.6);
#12832 = AXIS2_PLACEMENT_3D('',#12833,#12834,#12835);
#12833 = CARTESIAN_POINT('',(134.,-95.0675,-4.5E-02));
#12834 = DIRECTION('',(-0.,-0.,-1.));
#12835 = DIRECTION('',(-0.,-1.,0.));
#12836 = ADVANCED_FACE('',(#12837),#12848,.F.);
#12837 = FACE_BOUND('',#12838,.T.);
#12838 = EDGE_LOOP('',(#12839,#12840,#12846,#12847));
#12839 = ORIENTED_EDGE('',*,*,#10087,.T.);
#12840 = ORIENTED_EDGE('',*,*,#12841,.T.);
#12841 = EDGE_CURVE('',#10088,#11326,#12842,.T.);
#12842 = LINE('',#12843,#12844);
#12843 = CARTESIAN_POINT('',(137.5,-95.6675,-4.5E-02));
#12844 = VECTOR('',#12845,1.);
#12845 = DIRECTION('',(0.,0.,1.));
#12846 = ORIENTED_EDGE('',*,*,#11325,.F.);
#12847 = ORIENTED_EDGE('',*,*,#12841,.F.);
#12848 = CYLINDRICAL_SURFACE('',#12849,0.6);
#12849 = AXIS2_PLACEMENT_3D('',#12850,#12851,#12852);
#12850 = CARTESIAN_POINT('',(137.5,-95.0675,-4.5E-02));
#12851 = DIRECTION('',(-0.,-0.,-1.));
#12852 = DIRECTION('',(-0.,-1.,0.));
#12853 = ADVANCED_FACE('',(#12854),#12865,.F.);
#12854 = FACE_BOUND('',#12855,.T.);
#12855 = EDGE_LOOP('',(#12856,#12857,#12863,#12864));
#12856 = ORIENTED_EDGE('',*,*,#10098,.T.);
#12857 = ORIENTED_EDGE('',*,*,#12858,.T.);
#12858 = EDGE_CURVE('',#10099,#11337,#12859,.T.);
#12859 = LINE('',#12860,#12861);
#12860 = CARTESIAN_POINT('',(141.,-95.6675,-4.5E-02));
#12861 = VECTOR('',#12862,1.);
#12862 = DIRECTION('',(0.,0.,1.));
#12863 = ORIENTED_EDGE('',*,*,#11336,.F.);
#12864 = ORIENTED_EDGE('',*,*,#12858,.F.);
#12865 = CYLINDRICAL_SURFACE('',#12866,0.6);
#12866 = AXIS2_PLACEMENT_3D('',#12867,#12868,#12869);
#12867 = CARTESIAN_POINT('',(141.,-95.0675,-4.5E-02));
#12868 = DIRECTION('',(-0.,-0.,-1.));
#12869 = DIRECTION('',(-0.,-1.,0.));
#12870 = ADVANCED_FACE('',(#12871),#12882,.F.);
#12871 = FACE_BOUND('',#12872,.T.);
#12872 = EDGE_LOOP('',(#12873,#12874,#12880,#12881));
#12873 = ORIENTED_EDGE('',*,*,#10109,.T.);
#12874 = ORIENTED_EDGE('',*,*,#12875,.T.);
#12875 = EDGE_CURVE('',#10110,#11348,#12876,.T.);
#12876 = LINE('',#12877,#12878);
#12877 = CARTESIAN_POINT('',(147.,-93.85,-4.5E-02));
#12878 = VECTOR('',#12879,1.);
#12879 = DIRECTION('',(0.,0.,1.));
#12880 = ORIENTED_EDGE('',*,*,#11347,.F.);
#12881 = ORIENTED_EDGE('',*,*,#12875,.F.);
#12882 = CYLINDRICAL_SURFACE('',#12883,1.35);
#12883 = AXIS2_PLACEMENT_3D('',#12884,#12885,#12886);
#12884 = CARTESIAN_POINT('',(147.,-92.5,-4.5E-02));
#12885 = DIRECTION('',(-0.,-0.,-1.));
#12886 = DIRECTION('',(-0.,-1.,0.));
#12887 = ADVANCED_FACE('',(#12888),#12899,.F.);
#12888 = FACE_BOUND('',#12889,.T.);
#12889 = EDGE_LOOP('',(#12890,#12891,#12897,#12898));
#12890 = ORIENTED_EDGE('',*,*,#10120,.T.);
#12891 = ORIENTED_EDGE('',*,*,#12892,.T.);
#12892 = EDGE_CURVE('',#10121,#11359,#12893,.T.);
#12893 = LINE('',#12894,#12895);
#12894 = CARTESIAN_POINT('',(141.0675,-86.6,-4.5E-02));
#12895 = VECTOR('',#12896,1.);
#12896 = DIRECTION('',(0.,0.,1.));
#12897 = ORIENTED_EDGE('',*,*,#11358,.F.);
#12898 = ORIENTED_EDGE('',*,*,#12892,.F.);
#12899 = CYLINDRICAL_SURFACE('',#12900,0.6);
#12900 = AXIS2_PLACEMENT_3D('',#12901,#12902,#12903);
#12901 = CARTESIAN_POINT('',(141.0675,-86.,-4.5E-02));
#12902 = DIRECTION('',(-0.,-0.,-1.));
#12903 = DIRECTION('',(-0.,-1.,0.));
#12904 = ADVANCED_FACE('',(#12905),#12916,.F.);
#12905 = FACE_BOUND('',#12906,.T.);
#12906 = EDGE_LOOP('',(#12907,#12908,#12914,#12915));
#12907 = ORIENTED_EDGE('',*,*,#10131,.T.);
#12908 = ORIENTED_EDGE('',*,*,#12909,.T.);
#12909 = EDGE_CURVE('',#10132,#11370,#12910,.T.);
#12910 = LINE('',#12911,#12912);
#12911 = CARTESIAN_POINT('',(100.4,-85.14,-4.5E-02));
#12912 = VECTOR('',#12913,1.);
#12913 = DIRECTION('',(0.,0.,1.));
#12914 = ORIENTED_EDGE('',*,*,#11369,.F.);
#12915 = ORIENTED_EDGE('',*,*,#12909,.F.);
#12916 = CYLINDRICAL_SURFACE('',#12917,0.4);
#12917 = AXIS2_PLACEMENT_3D('',#12918,#12919,#12920);
#12918 = CARTESIAN_POINT('',(100.4,-84.74,-4.5E-02));
#12919 = DIRECTION('',(-0.,-0.,-1.));
#12920 = DIRECTION('',(-0.,-1.,0.));
#12921 = ADVANCED_FACE('',(#12922),#12933,.F.);
#12922 = FACE_BOUND('',#12923,.T.);
#12923 = EDGE_LOOP('',(#12924,#12925,#12931,#12932));
#12924 = ORIENTED_EDGE('',*,*,#10142,.T.);
#12925 = ORIENTED_EDGE('',*,*,#12926,.T.);
#12926 = EDGE_CURVE('',#10143,#11381,#12927,.T.);
#12927 = LINE('',#12928,#12929);
#12928 = CARTESIAN_POINT('',(102.94,-85.14,-4.5E-02));
#12929 = VECTOR('',#12930,1.);
#12930 = DIRECTION('',(0.,0.,1.));
#12931 = ORIENTED_EDGE('',*,*,#11380,.F.);
#12932 = ORIENTED_EDGE('',*,*,#12926,.F.);
#12933 = CYLINDRICAL_SURFACE('',#12934,0.4);
#12934 = AXIS2_PLACEMENT_3D('',#12935,#12936,#12937);
#12935 = CARTESIAN_POINT('',(102.94,-84.74,-4.5E-02));
#12936 = DIRECTION('',(-0.,-0.,-1.));
#12937 = DIRECTION('',(-0.,-1.,0.));
#12938 = ADVANCED_FACE('',(#12939),#12950,.F.);
#12939 = FACE_BOUND('',#12940,.T.);
#12940 = EDGE_LOOP('',(#12941,#12942,#12948,#12949));
#12941 = ORIENTED_EDGE('',*,*,#10153,.T.);
#12942 = ORIENTED_EDGE('',*,*,#12943,.T.);
#12943 = EDGE_CURVE('',#10154,#11392,#12944,.T.);
#12944 = LINE('',#12945,#12946);
#12945 = CARTESIAN_POINT('',(105.48,-85.14,-4.5E-02));
#12946 = VECTOR('',#12947,1.);
#12947 = DIRECTION('',(0.,0.,1.));
#12948 = ORIENTED_EDGE('',*,*,#11391,.F.);
#12949 = ORIENTED_EDGE('',*,*,#12943,.F.);
#12950 = CYLINDRICAL_SURFACE('',#12951,0.4);
#12951 = AXIS2_PLACEMENT_3D('',#12952,#12953,#12954);
#12952 = CARTESIAN_POINT('',(105.48,-84.74,-4.5E-02));
#12953 = DIRECTION('',(-0.,0.,-1.));
#12954 = DIRECTION('',(3.5527136788E-14,-1.,-0.));
#12955 = ADVANCED_FACE('',(#12956),#12967,.F.);
#12956 = FACE_BOUND('',#12957,.T.);
#12957 = EDGE_LOOP('',(#12958,#12959,#12965,#12966));
#12958 = ORIENTED_EDGE('',*,*,#10164,.T.);
#12959 = ORIENTED_EDGE('',*,*,#12960,.T.);
#12960 = EDGE_CURVE('',#10165,#11403,#12961,.T.);
#12961 = LINE('',#12962,#12963);
#12962 = CARTESIAN_POINT('',(108.02,-85.14,-4.5E-02));
#12963 = VECTOR('',#12964,1.);
#12964 = DIRECTION('',(0.,0.,1.));
#12965 = ORIENTED_EDGE('',*,*,#11402,.F.);
#12966 = ORIENTED_EDGE('',*,*,#12960,.F.);
#12967 = CYLINDRICAL_SURFACE('',#12968,0.4);
#12968 = AXIS2_PLACEMENT_3D('',#12969,#12970,#12971);
#12969 = CARTESIAN_POINT('',(108.02,-84.74,-4.5E-02));
#12970 = DIRECTION('',(-0.,-0.,-1.));
#12971 = DIRECTION('',(-3.552713678801E-14,-1.,0.));
#12972 = ADVANCED_FACE('',(#12973),#12984,.F.);
#12973 = FACE_BOUND('',#12974,.T.);
#12974 = EDGE_LOOP('',(#12975,#12976,#12982,#12983));
#12975 = ORIENTED_EDGE('',*,*,#10175,.T.);
#12976 = ORIENTED_EDGE('',*,*,#12977,.T.);
#12977 = EDGE_CURVE('',#10176,#11414,#12978,.T.);
#12978 = LINE('',#12979,#12980);
#12979 = CARTESIAN_POINT('',(110.56,-85.14,-4.5E-02));
#12980 = VECTOR('',#12981,1.);
#12981 = DIRECTION('',(0.,0.,1.));
#12982 = ORIENTED_EDGE('',*,*,#11413,.F.);
#12983 = ORIENTED_EDGE('',*,*,#12977,.F.);
#12984 = CYLINDRICAL_SURFACE('',#12985,0.4);
#12985 = AXIS2_PLACEMENT_3D('',#12986,#12987,#12988);
#12986 = CARTESIAN_POINT('',(110.56,-84.74,-4.5E-02));
#12987 = DIRECTION('',(-0.,-0.,-1.));
#12988 = DIRECTION('',(-0.,-1.,0.));
#12989 = ADVANCED_FACE('',(#12990),#13001,.F.);
#12990 = FACE_BOUND('',#12991,.T.);
#12991 = EDGE_LOOP('',(#12992,#12993,#12999,#13000));
#12992 = ORIENTED_EDGE('',*,*,#10186,.T.);
#12993 = ORIENTED_EDGE('',*,*,#12994,.T.);
#12994 = EDGE_CURVE('',#10187,#11425,#12995,.T.);
#12995 = LINE('',#12996,#12997);
#12996 = CARTESIAN_POINT('',(133.5,-83.041,-4.5E-02));
#12997 = VECTOR('',#12998,1.);
#12998 = DIRECTION('',(0.,0.,1.));
#12999 = ORIENTED_EDGE('',*,*,#11424,.F.);
#13000 = ORIENTED_EDGE('',*,*,#12994,.F.);
#13001 = CYLINDRICAL_SURFACE('',#13002,1.143);
#13002 = AXIS2_PLACEMENT_3D('',#13003,#13004,#13005);
#13003 = CARTESIAN_POINT('',(133.5,-81.898,-4.5E-02));
#13004 = DIRECTION('',(-0.,-0.,-1.));
#13005 = DIRECTION('',(-0.,-1.,0.));
#13006 = ADVANCED_FACE('',(#13007),#13018,.F.);
#13007 = FACE_BOUND('',#13008,.T.);
#13008 = EDGE_LOOP('',(#13009,#13010,#13016,#13017));
#13009 = ORIENTED_EDGE('',*,*,#10197,.T.);
#13010 = ORIENTED_EDGE('',*,*,#13011,.T.);
#13011 = EDGE_CURVE('',#10198,#11436,#13012,.T.);
#13012 = LINE('',#13013,#13014);
#13013 = CARTESIAN_POINT('',(141.0675,-83.1,-4.5E-02));
#13014 = VECTOR('',#13015,1.);
#13015 = DIRECTION('',(0.,0.,1.));
#13016 = ORIENTED_EDGE('',*,*,#11435,.F.);
#13017 = ORIENTED_EDGE('',*,*,#13011,.F.);
#13018 = CYLINDRICAL_SURFACE('',#13019,0.6);
#13019 = AXIS2_PLACEMENT_3D('',#13020,#13021,#13022);
#13020 = CARTESIAN_POINT('',(141.0675,-82.5,-4.5E-02));
#13021 = DIRECTION('',(-0.,-0.,-1.));
#13022 = DIRECTION('',(-0.,-1.,0.));
#13023 = ADVANCED_FACE('',(#13024),#13035,.F.);
#13024 = FACE_BOUND('',#13025,.T.);
#13025 = EDGE_LOOP('',(#13026,#13027,#13033,#13034));
#13026 = ORIENTED_EDGE('',*,*,#10208,.T.);
#13027 = ORIENTED_EDGE('',*,*,#13028,.T.);
#13028 = EDGE_CURVE('',#10209,#11447,#13029,.T.);
#13029 = LINE('',#13030,#13031);
#13030 = CARTESIAN_POINT('',(133.5,-78.342,-4.5E-02));
#13031 = VECTOR('',#13032,1.);
#13032 = DIRECTION('',(0.,0.,1.));
#13033 = ORIENTED_EDGE('',*,*,#11446,.F.);
#13034 = ORIENTED_EDGE('',*,*,#13028,.F.);
#13035 = CYLINDRICAL_SURFACE('',#13036,1.143);
#13036 = AXIS2_PLACEMENT_3D('',#13037,#13038,#13039);
#13037 = CARTESIAN_POINT('',(133.5,-77.199,-4.5E-02));
#13038 = DIRECTION('',(-0.,-0.,-1.));
#13039 = DIRECTION('',(-0.,-1.,0.));
#13040 = ADVANCED_FACE('',(#13041),#13052,.F.);
#13041 = FACE_BOUND('',#13042,.T.);
#13042 = EDGE_LOOP('',(#13043,#13044,#13050,#13051));
#13043 = ORIENTED_EDGE('',*,*,#10219,.T.);
#13044 = ORIENTED_EDGE('',*,*,#13045,.T.);
#13045 = EDGE_CURVE('',#10220,#11458,#13046,.T.);
#13046 = LINE('',#13047,#13048);
#13047 = CARTESIAN_POINT('',(141.0675,-75.295,-4.5E-02));
#13048 = VECTOR('',#13049,1.);
#13049 = DIRECTION('',(0.,0.,1.));
#13050 = ORIENTED_EDGE('',*,*,#11457,.F.);
#13051 = ORIENTED_EDGE('',*,*,#13045,.F.);
#13052 = CYLINDRICAL_SURFACE('',#13053,0.6);
#13053 = AXIS2_PLACEMENT_3D('',#13054,#13055,#13056);
#13054 = CARTESIAN_POINT('',(141.0675,-74.695,-4.5E-02));
#13055 = DIRECTION('',(-0.,-0.,-1.));
#13056 = DIRECTION('',(-0.,-1.,0.));
#13057 = ADVANCED_FACE('',(#13058),#13069,.F.);
#13058 = FACE_BOUND('',#13059,.T.);
#13059 = EDGE_LOOP('',(#13060,#13061,#13067,#13068));
#13060 = ORIENTED_EDGE('',*,*,#10230,.T.);
#13061 = ORIENTED_EDGE('',*,*,#13062,.T.);
#13062 = EDGE_CURVE('',#10231,#11469,#13063,.T.);
#13063 = LINE('',#13064,#13065);
#13064 = CARTESIAN_POINT('',(54.68,-72.44,-4.5E-02));
#13065 = VECTOR('',#13066,1.);
#13066 = DIRECTION('',(0.,0.,1.));
#13067 = ORIENTED_EDGE('',*,*,#11468,.F.);
#13068 = ORIENTED_EDGE('',*,*,#13062,.F.);
#13069 = CYLINDRICAL_SURFACE('',#13070,0.4);
#13070 = AXIS2_PLACEMENT_3D('',#13071,#13072,#13073);
#13071 = CARTESIAN_POINT('',(54.68,-72.04,-4.5E-02));
#13072 = DIRECTION('',(-0.,-0.,-1.));
#13073 = DIRECTION('',(-0.,-1.,0.));
#13074 = ADVANCED_FACE('',(#13075),#13086,.F.);
#13075 = FACE_BOUND('',#13076,.T.);
#13076 = EDGE_LOOP('',(#13077,#13078,#13084,#13085));
#13077 = ORIENTED_EDGE('',*,*,#10241,.T.);
#13078 = ORIENTED_EDGE('',*,*,#13079,.T.);
#13079 = EDGE_CURVE('',#10242,#11480,#13080,.T.);
#13080 = LINE('',#13081,#13082);
#13081 = CARTESIAN_POINT('',(52.14,-69.9,-4.5E-02));
#13082 = VECTOR('',#13083,1.);
#13083 = DIRECTION('',(0.,0.,1.));
#13084 = ORIENTED_EDGE('',*,*,#11479,.F.);
#13085 = ORIENTED_EDGE('',*,*,#13079,.F.);
#13086 = CYLINDRICAL_SURFACE('',#13087,0.4);
#13087 = AXIS2_PLACEMENT_3D('',#13088,#13089,#13090);
#13088 = CARTESIAN_POINT('',(52.14,-69.5,-4.5E-02));
#13089 = DIRECTION('',(-0.,-0.,-1.));
#13090 = DIRECTION('',(-0.,-1.,0.));
#13091 = ADVANCED_FACE('',(#13092),#13103,.F.);
#13092 = FACE_BOUND('',#13093,.T.);
#13093 = EDGE_LOOP('',(#13094,#13095,#13101,#13102));
#13094 = ORIENTED_EDGE('',*,*,#10252,.T.);
#13095 = ORIENTED_EDGE('',*,*,#13096,.T.);
#13096 = EDGE_CURVE('',#10253,#11491,#13097,.T.);
#13097 = LINE('',#13098,#13099);
#13098 = CARTESIAN_POINT('',(54.68,-69.9,-4.5E-02));
#13099 = VECTOR('',#13100,1.);
#13100 = DIRECTION('',(0.,0.,1.));
#13101 = ORIENTED_EDGE('',*,*,#11490,.F.);
#13102 = ORIENTED_EDGE('',*,*,#13096,.F.);
#13103 = CYLINDRICAL_SURFACE('',#13104,0.4);
#13104 = AXIS2_PLACEMENT_3D('',#13105,#13106,#13107);
#13105 = CARTESIAN_POINT('',(54.68,-69.5,-4.5E-02));
#13106 = DIRECTION('',(-0.,-0.,-1.));
#13107 = DIRECTION('',(-0.,-1.,0.));
#13108 = ADVANCED_FACE('',(#13109),#13120,.F.);
#13109 = FACE_BOUND('',#13110,.T.);
#13110 = EDGE_LOOP('',(#13111,#13112,#13118,#13119));
#13111 = ORIENTED_EDGE('',*,*,#10263,.T.);
#13112 = ORIENTED_EDGE('',*,*,#13113,.T.);
#13113 = EDGE_CURVE('',#10264,#11502,#13114,.T.);
#13114 = LINE('',#13115,#13116);
#13115 = CARTESIAN_POINT('',(57.22,-69.9,-4.5E-02));
#13116 = VECTOR('',#13117,1.);
#13117 = DIRECTION('',(0.,0.,1.));
#13118 = ORIENTED_EDGE('',*,*,#11501,.F.);
#13119 = ORIENTED_EDGE('',*,*,#13113,.F.);
#13120 = CYLINDRICAL_SURFACE('',#13121,0.4);
#13121 = AXIS2_PLACEMENT_3D('',#13122,#13123,#13124);
#13122 = CARTESIAN_POINT('',(57.22,-69.5,-4.5E-02));
#13123 = DIRECTION('',(-0.,-0.,-1.));
#13124 = DIRECTION('',(-0.,-1.,0.));
#13125 = ADVANCED_FACE('',(#13126),#13137,.F.);
#13126 = FACE_BOUND('',#13127,.T.);
#13127 = EDGE_LOOP('',(#13128,#13129,#13135,#13136));
#13128 = ORIENTED_EDGE('',*,*,#10274,.T.);
#13129 = ORIENTED_EDGE('',*,*,#13130,.T.);
#13130 = EDGE_CURVE('',#10275,#11513,#13131,.T.);
#13131 = LINE('',#13132,#13133);
#13132 = CARTESIAN_POINT('',(59.76,-69.9,-4.5E-02));
#13133 = VECTOR('',#13134,1.);
#13134 = DIRECTION('',(0.,0.,1.));
#13135 = ORIENTED_EDGE('',*,*,#11512,.F.);
#13136 = ORIENTED_EDGE('',*,*,#13130,.F.);
#13137 = CYLINDRICAL_SURFACE('',#13138,0.4);
#13138 = AXIS2_PLACEMENT_3D('',#13139,#13140,#13141);
#13139 = CARTESIAN_POINT('',(59.76,-69.5,-4.5E-02));
#13140 = DIRECTION('',(-0.,-0.,-1.));
#13141 = DIRECTION('',(-0.,-1.,0.));
#13142 = ADVANCED_FACE('',(#13143),#13154,.F.);
#13143 = FACE_BOUND('',#13144,.T.);
#13144 = EDGE_LOOP('',(#13145,#13146,#13152,#13153));
#13145 = ORIENTED_EDGE('',*,*,#10285,.T.);
#13146 = ORIENTED_EDGE('',*,*,#13147,.T.);
#13147 = EDGE_CURVE('',#10286,#11524,#13148,.T.);
#13148 = LINE('',#13149,#13150);
#13149 = CARTESIAN_POINT('',(62.3,-69.9,-4.5E-02));
#13150 = VECTOR('',#13151,1.);
#13151 = DIRECTION('',(0.,0.,1.));
#13152 = ORIENTED_EDGE('',*,*,#11523,.F.);
#13153 = ORIENTED_EDGE('',*,*,#13147,.F.);
#13154 = CYLINDRICAL_SURFACE('',#13155,0.4);
#13155 = AXIS2_PLACEMENT_3D('',#13156,#13157,#13158);
#13156 = CARTESIAN_POINT('',(62.3,-69.5,-4.5E-02));
#13157 = DIRECTION('',(-0.,-0.,-1.));
#13158 = DIRECTION('',(-0.,-1.,0.));
#13159 = ADVANCED_FACE('',(#13160),#13171,.F.);
#13160 = FACE_BOUND('',#13161,.T.);
#13161 = EDGE_LOOP('',(#13162,#13163,#13169,#13170));
#13162 = ORIENTED_EDGE('',*,*,#10296,.T.);
#13163 = ORIENTED_EDGE('',*,*,#13164,.T.);
#13164 = EDGE_CURVE('',#10297,#11535,#13165,.T.);
#13165 = LINE('',#13166,#13167);
#13166 = CARTESIAN_POINT('',(65.11,-74.3,-4.5E-02));
#13167 = VECTOR('',#13168,1.);
#13168 = DIRECTION('',(0.,0.,1.));
#13169 = ORIENTED_EDGE('',*,*,#11534,.F.);
#13170 = ORIENTED_EDGE('',*,*,#13164,.F.);
#13171 = CYLINDRICAL_SURFACE('',#13172,0.35);
#13172 = AXIS2_PLACEMENT_3D('',#13173,#13174,#13175);
#13173 = CARTESIAN_POINT('',(65.11,-73.95,-4.5E-02));
#13174 = DIRECTION('',(-0.,-0.,-1.));
#13175 = DIRECTION('',(-0.,-1.,0.));
#13176 = ADVANCED_FACE('',(#13177),#13188,.F.);
#13177 = FACE_BOUND('',#13178,.T.);
#13178 = EDGE_LOOP('',(#13179,#13180,#13186,#13187));
#13179 = ORIENTED_EDGE('',*,*,#10307,.T.);
#13180 = ORIENTED_EDGE('',*,*,#13181,.T.);
#13181 = EDGE_CURVE('',#10308,#11546,#13182,.T.);
#13182 = LINE('',#13183,#13184);
#13183 = CARTESIAN_POINT('',(67.11,-74.3,-4.5E-02));
#13184 = VECTOR('',#13185,1.);
#13185 = DIRECTION('',(0.,0.,1.));
#13186 = ORIENTED_EDGE('',*,*,#11545,.F.);
#13187 = ORIENTED_EDGE('',*,*,#13181,.F.);
#13188 = CYLINDRICAL_SURFACE('',#13189,0.35);
#13189 = AXIS2_PLACEMENT_3D('',#13190,#13191,#13192);
#13190 = CARTESIAN_POINT('',(67.11,-73.95,-4.5E-02));
#13191 = DIRECTION('',(-0.,-0.,-1.));
#13192 = DIRECTION('',(-0.,-1.,0.));
#13193 = ADVANCED_FACE('',(#13194),#13205,.F.);
#13194 = FACE_BOUND('',#13195,.T.);
#13195 = EDGE_LOOP('',(#13196,#13197,#13203,#13204));
#13196 = ORIENTED_EDGE('',*,*,#10318,.T.);
#13197 = ORIENTED_EDGE('',*,*,#13198,.T.);
#13198 = EDGE_CURVE('',#10319,#11557,#13199,.T.);
#13199 = LINE('',#13200,#13201);
#13200 = CARTESIAN_POINT('',(65.11,-72.3,-4.5E-02));
#13201 = VECTOR('',#13202,1.);
#13202 = DIRECTION('',(0.,0.,1.));
#13203 = ORIENTED_EDGE('',*,*,#11556,.F.);
#13204 = ORIENTED_EDGE('',*,*,#13198,.F.);
#13205 = CYLINDRICAL_SURFACE('',#13206,0.35);
#13206 = AXIS2_PLACEMENT_3D('',#13207,#13208,#13209);
#13207 = CARTESIAN_POINT('',(65.11,-71.95,-4.5E-02));
#13208 = DIRECTION('',(-0.,-0.,-1.));
#13209 = DIRECTION('',(-0.,-1.,0.));
#13210 = ADVANCED_FACE('',(#13211),#13222,.F.);
#13211 = FACE_BOUND('',#13212,.T.);
#13212 = EDGE_LOOP('',(#13213,#13214,#13220,#13221));
#13213 = ORIENTED_EDGE('',*,*,#10329,.T.);
#13214 = ORIENTED_EDGE('',*,*,#13215,.T.);
#13215 = EDGE_CURVE('',#10330,#11568,#13216,.T.);
#13216 = LINE('',#13217,#13218);
#13217 = CARTESIAN_POINT('',(67.11,-72.3,-4.5E-02));
#13218 = VECTOR('',#13219,1.);
#13219 = DIRECTION('',(0.,0.,1.));
#13220 = ORIENTED_EDGE('',*,*,#11567,.F.);
#13221 = ORIENTED_EDGE('',*,*,#13215,.F.);
#13222 = CYLINDRICAL_SURFACE('',#13223,0.35);
#13223 = AXIS2_PLACEMENT_3D('',#13224,#13225,#13226);
#13224 = CARTESIAN_POINT('',(67.11,-71.95,-4.5E-02));
#13225 = DIRECTION('',(-0.,-0.,-1.));
#13226 = DIRECTION('',(-0.,-1.,0.));
#13227 = ADVANCED_FACE('',(#13228),#13239,.F.);
#13228 = FACE_BOUND('',#13229,.T.);
#13229 = EDGE_LOOP('',(#13230,#13231,#13237,#13238));
#13230 = ORIENTED_EDGE('',*,*,#10340,.T.);
#13231 = ORIENTED_EDGE('',*,*,#13232,.T.);
#13232 = EDGE_CURVE('',#10341,#11579,#13233,.T.);
#13233 = LINE('',#13234,#13235);
#13234 = CARTESIAN_POINT('',(64.84,-69.9,-4.5E-02));
#13235 = VECTOR('',#13236,1.);
#13236 = DIRECTION('',(0.,0.,1.));
#13237 = ORIENTED_EDGE('',*,*,#11578,.F.);
#13238 = ORIENTED_EDGE('',*,*,#13232,.F.);
#13239 = CYLINDRICAL_SURFACE('',#13240,0.4);
#13240 = AXIS2_PLACEMENT_3D('',#13241,#13242,#13243);
#13241 = CARTESIAN_POINT('',(64.84,-69.5,-4.5E-02));
#13242 = DIRECTION('',(-0.,-0.,-1.));
#13243 = DIRECTION('',(-0.,-1.,0.));
#13244 = ADVANCED_FACE('',(#13245),#13256,.F.);
#13245 = FACE_BOUND('',#13246,.T.);
#13246 = EDGE_LOOP('',(#13247,#13248,#13254,#13255));
#13247 = ORIENTED_EDGE('',*,*,#10351,.T.);
#13248 = ORIENTED_EDGE('',*,*,#13249,.T.);
#13249 = EDGE_CURVE('',#10352,#11590,#13250,.T.);
#13250 = LINE('',#13251,#13252);
#13251 = CARTESIAN_POINT('',(67.38,-69.9,-4.5E-02));
#13252 = VECTOR('',#13253,1.);
#13253 = DIRECTION('',(0.,0.,1.));
#13254 = ORIENTED_EDGE('',*,*,#11589,.F.);
#13255 = ORIENTED_EDGE('',*,*,#13249,.F.);
#13256 = CYLINDRICAL_SURFACE('',#13257,0.4);
#13257 = AXIS2_PLACEMENT_3D('',#13258,#13259,#13260);
#13258 = CARTESIAN_POINT('',(67.38,-69.5,-4.5E-02));
#13259 = DIRECTION('',(-0.,-0.,-1.));
#13260 = DIRECTION('',(-0.,-1.,0.));
#13261 = ADVANCED_FACE('',(#13262),#13273,.F.);
#13262 = FACE_BOUND('',#13263,.T.);
#13263 = EDGE_LOOP('',(#13264,#13265,#13271,#13272));
#13264 = ORIENTED_EDGE('',*,*,#10362,.T.);
#13265 = ORIENTED_EDGE('',*,*,#13266,.T.);
#13266 = EDGE_CURVE('',#10363,#11601,#13267,.T.);
#13267 = LINE('',#13268,#13269);
#13268 = CARTESIAN_POINT('',(69.92,-69.9,-4.5E-02));
#13269 = VECTOR('',#13270,1.);
#13270 = DIRECTION('',(0.,0.,1.));
#13271 = ORIENTED_EDGE('',*,*,#11600,.F.);
#13272 = ORIENTED_EDGE('',*,*,#13266,.F.);
#13273 = CYLINDRICAL_SURFACE('',#13274,0.4);
#13274 = AXIS2_PLACEMENT_3D('',#13275,#13276,#13277);
#13275 = CARTESIAN_POINT('',(69.92,-69.5,-4.5E-02));
#13276 = DIRECTION('',(-0.,0.,-1.));
#13277 = DIRECTION('',(3.5527136788E-14,-1.,-0.));
#13278 = ADVANCED_FACE('',(#13279),#13290,.F.);
#13279 = FACE_BOUND('',#13280,.T.);
#13280 = EDGE_LOOP('',(#13281,#13282,#13288,#13289));
#13281 = ORIENTED_EDGE('',*,*,#10373,.T.);
#13282 = ORIENTED_EDGE('',*,*,#13283,.T.);
#13283 = EDGE_CURVE('',#10374,#11612,#13284,.T.);
#13284 = LINE('',#13285,#13286);
#13285 = CARTESIAN_POINT('',(72.46,-69.9,-4.5E-02));
#13286 = VECTOR('',#13287,1.);
#13287 = DIRECTION('',(0.,0.,1.));
#13288 = ORIENTED_EDGE('',*,*,#11611,.F.);
#13289 = ORIENTED_EDGE('',*,*,#13283,.F.);
#13290 = CYLINDRICAL_SURFACE('',#13291,0.4);
#13291 = AXIS2_PLACEMENT_3D('',#13292,#13293,#13294);
#13292 = CARTESIAN_POINT('',(72.46,-69.5,-4.5E-02));
#13293 = DIRECTION('',(-0.,-0.,-1.));
#13294 = DIRECTION('',(-3.552713678801E-14,-1.,0.));
#13295 = ADVANCED_FACE('',(#13296),#13307,.F.);
#13296 = FACE_BOUND('',#13297,.T.);
#13297 = EDGE_LOOP('',(#13298,#13299,#13305,#13306));
#13298 = ORIENTED_EDGE('',*,*,#10384,.T.);
#13299 = ORIENTED_EDGE('',*,*,#13300,.T.);
#13300 = EDGE_CURVE('',#10385,#11623,#13301,.T.);
#13301 = LINE('',#13302,#13303);
#13302 = CARTESIAN_POINT('',(75.,-69.9,-4.5E-02));
#13303 = VECTOR('',#13304,1.);
#13304 = DIRECTION('',(0.,0.,1.));
#13305 = ORIENTED_EDGE('',*,*,#11622,.F.);
#13306 = ORIENTED_EDGE('',*,*,#13300,.F.);
#13307 = CYLINDRICAL_SURFACE('',#13308,0.4);
#13308 = AXIS2_PLACEMENT_3D('',#13309,#13310,#13311);
#13309 = CARTESIAN_POINT('',(75.,-69.5,-4.5E-02));
#13310 = DIRECTION('',(-0.,-0.,-1.));
#13311 = DIRECTION('',(-0.,-1.,0.));
#13312 = ADVANCED_FACE('',(#13313),#13324,.F.);
#13313 = FACE_BOUND('',#13314,.T.);
#13314 = EDGE_LOOP('',(#13315,#13316,#13322,#13323));
#13315 = ORIENTED_EDGE('',*,*,#10395,.T.);
#13316 = ORIENTED_EDGE('',*,*,#13317,.T.);
#13317 = EDGE_CURVE('',#10396,#11634,#13318,.T.);
#13318 = LINE('',#13319,#13320);
#13319 = CARTESIAN_POINT('',(77.54,-69.9,-4.5E-02));
#13320 = VECTOR('',#13321,1.);
#13321 = DIRECTION('',(0.,0.,1.));
#13322 = ORIENTED_EDGE('',*,*,#11633,.F.);
#13323 = ORIENTED_EDGE('',*,*,#13317,.F.);
#13324 = CYLINDRICAL_SURFACE('',#13325,0.4);
#13325 = AXIS2_PLACEMENT_3D('',#13326,#13327,#13328);
#13326 = CARTESIAN_POINT('',(77.54,-69.5,-4.5E-02));
#13327 = DIRECTION('',(-0.,0.,-1.));
#13328 = DIRECTION('',(3.5527136788E-14,-1.,-0.));
#13329 = ADVANCED_FACE('',(#13330),#13341,.F.);
#13330 = FACE_BOUND('',#13331,.T.);
#13331 = EDGE_LOOP('',(#13332,#13333,#13339,#13340));
#13332 = ORIENTED_EDGE('',*,*,#10406,.T.);
#13333 = ORIENTED_EDGE('',*,*,#13334,.T.);
#13334 = EDGE_CURVE('',#10407,#11645,#13335,.T.);
#13335 = LINE('',#13336,#13337);
#13336 = CARTESIAN_POINT('',(80.08,-69.9,-4.5E-02));
#13337 = VECTOR('',#13338,1.);
#13338 = DIRECTION('',(0.,0.,1.));
#13339 = ORIENTED_EDGE('',*,*,#11644,.F.);
#13340 = ORIENTED_EDGE('',*,*,#13334,.F.);
#13341 = CYLINDRICAL_SURFACE('',#13342,0.4);
#13342 = AXIS2_PLACEMENT_3D('',#13343,#13344,#13345);
#13343 = CARTESIAN_POINT('',(80.08,-69.5,-4.5E-02));
#13344 = DIRECTION('',(-0.,-0.,-1.));
#13345 = DIRECTION('',(-3.552713678801E-14,-1.,0.));
#13346 = ADVANCED_FACE('',(#13347),#13358,.F.);
#13347 = FACE_BOUND('',#13348,.T.);
#13348 = EDGE_LOOP('',(#13349,#13350,#13356,#13357));
#13349 = ORIENTED_EDGE('',*,*,#10417,.T.);
#13350 = ORIENTED_EDGE('',*,*,#13351,.T.);
#13351 = EDGE_CURVE('',#10418,#11656,#13352,.T.);
#13352 = LINE('',#13353,#13354);
#13353 = CARTESIAN_POINT('',(82.62,-69.9,-4.5E-02));
#13354 = VECTOR('',#13355,1.);
#13355 = DIRECTION('',(0.,0.,1.));
#13356 = ORIENTED_EDGE('',*,*,#11655,.F.);
#13357 = ORIENTED_EDGE('',*,*,#13351,.F.);
#13358 = CYLINDRICAL_SURFACE('',#13359,0.4);
#13359 = AXIS2_PLACEMENT_3D('',#13360,#13361,#13362);
#13360 = CARTESIAN_POINT('',(82.62,-69.5,-4.5E-02));
#13361 = DIRECTION('',(-0.,-0.,-1.));
#13362 = DIRECTION('',(-0.,-1.,0.));
#13363 = ADVANCED_FACE('',(#13364),#13375,.F.);
#13364 = FACE_BOUND('',#13365,.T.);
#13365 = EDGE_LOOP('',(#13366,#13367,#13373,#13374));
#13366 = ORIENTED_EDGE('',*,*,#10428,.T.);
#13367 = ORIENTED_EDGE('',*,*,#13368,.T.);
#13368 = EDGE_CURVE('',#10429,#11667,#13369,.T.);
#13369 = LINE('',#13370,#13371);
#13370 = CARTESIAN_POINT('',(85.16,-69.9,-4.5E-02));
#13371 = VECTOR('',#13372,1.);
#13372 = DIRECTION('',(0.,0.,1.));
#13373 = ORIENTED_EDGE('',*,*,#11666,.F.);
#13374 = ORIENTED_EDGE('',*,*,#13368,.F.);
#13375 = CYLINDRICAL_SURFACE('',#13376,0.4);
#13376 = AXIS2_PLACEMENT_3D('',#13377,#13378,#13379);
#13377 = CARTESIAN_POINT('',(85.16,-69.5,-4.5E-02));
#13378 = DIRECTION('',(-0.,-0.,-1.));
#13379 = DIRECTION('',(-0.,-1.,0.));
#13380 = ADVANCED_FACE('',(#13381),#13392,.F.);
#13381 = FACE_BOUND('',#13382,.T.);
#13382 = EDGE_LOOP('',(#13383,#13384,#13390,#13391));
#13383 = ORIENTED_EDGE('',*,*,#10439,.T.);
#13384 = ORIENTED_EDGE('',*,*,#13385,.T.);
#13385 = EDGE_CURVE('',#10440,#11678,#13386,.T.);
#13386 = LINE('',#13387,#13388);
#13387 = CARTESIAN_POINT('',(87.7,-69.9,-4.5E-02));
#13388 = VECTOR('',#13389,1.);
#13389 = DIRECTION('',(0.,0.,1.));
#13390 = ORIENTED_EDGE('',*,*,#11677,.F.);
#13391 = ORIENTED_EDGE('',*,*,#13385,.F.);
#13392 = CYLINDRICAL_SURFACE('',#13393,0.4);
#13393 = AXIS2_PLACEMENT_3D('',#13394,#13395,#13396);
#13394 = CARTESIAN_POINT('',(87.7,-69.5,-4.5E-02));
#13395 = DIRECTION('',(-0.,0.,-1.));
#13396 = DIRECTION('',(3.5527136788E-14,-1.,-0.));
#13397 = ADVANCED_FACE('',(#13398),#13409,.F.);
#13398 = FACE_BOUND('',#13399,.T.);
#13399 = EDGE_LOOP('',(#13400,#13401,#13407,#13408));
#13400 = ORIENTED_EDGE('',*,*,#10450,.T.);
#13401 = ORIENTED_EDGE('',*,*,#13402,.T.);
#13402 = EDGE_CURVE('',#10451,#11689,#13403,.T.);
#13403 = LINE('',#13404,#13405);
#13404 = CARTESIAN_POINT('',(97.86,-74.98,-4.5E-02));
#13405 = VECTOR('',#13406,1.);
#13406 = DIRECTION('',(0.,0.,1.));
#13407 = ORIENTED_EDGE('',*,*,#11688,.F.);
#13408 = ORIENTED_EDGE('',*,*,#13402,.F.);
#13409 = CYLINDRICAL_SURFACE('',#13410,0.4);
#13410 = AXIS2_PLACEMENT_3D('',#13411,#13412,#13413);
#13411 = CARTESIAN_POINT('',(97.86,-74.58,-4.5E-02));
#13412 = DIRECTION('',(-0.,-0.,-1.));
#13413 = DIRECTION('',(-0.,-1.,0.));
#13414 = ADVANCED_FACE('',(#13415),#13426,.F.);
#13415 = FACE_BOUND('',#13416,.T.);
#13416 = EDGE_LOOP('',(#13417,#13418,#13424,#13425));
#13417 = ORIENTED_EDGE('',*,*,#10461,.T.);
#13418 = ORIENTED_EDGE('',*,*,#13419,.T.);
#13419 = EDGE_CURVE('',#10462,#11700,#13420,.T.);
#13420 = LINE('',#13421,#13422);
#13421 = CARTESIAN_POINT('',(97.86,-72.44,-4.5E-02));
#13422 = VECTOR('',#13423,1.);
#13423 = DIRECTION('',(0.,0.,1.));
#13424 = ORIENTED_EDGE('',*,*,#11699,.F.);
#13425 = ORIENTED_EDGE('',*,*,#13419,.F.);
#13426 = CYLINDRICAL_SURFACE('',#13427,0.4);
#13427 = AXIS2_PLACEMENT_3D('',#13428,#13429,#13430);
#13428 = CARTESIAN_POINT('',(97.86,-72.04,-4.5E-02));
#13429 = DIRECTION('',(-0.,-0.,-1.));
#13430 = DIRECTION('',(-0.,-1.,0.));
#13431 = ADVANCED_FACE('',(#13432),#13443,.F.);
#13432 = FACE_BOUND('',#13433,.T.);
#13433 = EDGE_LOOP('',(#13434,#13435,#13441,#13442));
#13434 = ORIENTED_EDGE('',*,*,#10472,.T.);
#13435 = ORIENTED_EDGE('',*,*,#13436,.T.);
#13436 = EDGE_CURVE('',#10473,#11711,#13437,.T.);
#13437 = LINE('',#13438,#13439);
#13438 = CARTESIAN_POINT('',(90.24,-69.9,-4.5E-02));
#13439 = VECTOR('',#13440,1.);
#13440 = DIRECTION('',(0.,0.,1.));
#13441 = ORIENTED_EDGE('',*,*,#11710,.F.);
#13442 = ORIENTED_EDGE('',*,*,#13436,.F.);
#13443 = CYLINDRICAL_SURFACE('',#13444,0.4);
#13444 = AXIS2_PLACEMENT_3D('',#13445,#13446,#13447);
#13445 = CARTESIAN_POINT('',(90.24,-69.5,-4.5E-02));
#13446 = DIRECTION('',(-0.,-0.,-1.));
#13447 = DIRECTION('',(-3.552713678801E-14,-1.,0.));
#13448 = ADVANCED_FACE('',(#13449),#13460,.F.);
#13449 = FACE_BOUND('',#13450,.T.);
#13450 = EDGE_LOOP('',(#13451,#13452,#13458,#13459));
#13451 = ORIENTED_EDGE('',*,*,#10483,.T.);
#13452 = ORIENTED_EDGE('',*,*,#13453,.T.);
#13453 = EDGE_CURVE('',#10484,#11722,#13454,.T.);
#13454 = LINE('',#13455,#13456);
#13455 = CARTESIAN_POINT('',(92.78,-69.9,-4.5E-02));
#13456 = VECTOR('',#13457,1.);
#13457 = DIRECTION('',(0.,0.,1.));
#13458 = ORIENTED_EDGE('',*,*,#11721,.F.);
#13459 = ORIENTED_EDGE('',*,*,#13453,.F.);
#13460 = CYLINDRICAL_SURFACE('',#13461,0.4);
#13461 = AXIS2_PLACEMENT_3D('',#13462,#13463,#13464);
#13462 = CARTESIAN_POINT('',(92.78,-69.5,-4.5E-02));
#13463 = DIRECTION('',(-0.,-0.,-1.));
#13464 = DIRECTION('',(-0.,-1.,0.));
#13465 = ADVANCED_FACE('',(#13466),#13477,.F.);
#13466 = FACE_BOUND('',#13467,.T.);
#13467 = EDGE_LOOP('',(#13468,#13469,#13475,#13476));
#13468 = ORIENTED_EDGE('',*,*,#10494,.T.);
#13469 = ORIENTED_EDGE('',*,*,#13470,.T.);
#13470 = EDGE_CURVE('',#10495,#11733,#13471,.T.);
#13471 = LINE('',#13472,#13473);
#13472 = CARTESIAN_POINT('',(95.32,-69.9,-4.5E-02));
#13473 = VECTOR('',#13474,1.);
#13474 = DIRECTION('',(0.,0.,1.));
#13475 = ORIENTED_EDGE('',*,*,#11732,.F.);
#13476 = ORIENTED_EDGE('',*,*,#13470,.F.);
#13477 = CYLINDRICAL_SURFACE('',#13478,0.4);
#13478 = AXIS2_PLACEMENT_3D('',#13479,#13480,#13481);
#13479 = CARTESIAN_POINT('',(95.32,-69.5,-4.5E-02));
#13480 = DIRECTION('',(-0.,-0.,-1.));
#13481 = DIRECTION('',(-0.,-1.,0.));
#13482 = ADVANCED_FACE('',(#13483),#13494,.F.);
#13483 = FACE_BOUND('',#13484,.T.);
#13484 = EDGE_LOOP('',(#13485,#13486,#13492,#13493));
#13485 = ORIENTED_EDGE('',*,*,#10505,.T.);
#13486 = ORIENTED_EDGE('',*,*,#13487,.T.);
#13487 = EDGE_CURVE('',#10506,#11744,#13488,.T.);
#13488 = LINE('',#13489,#13490);
#13489 = CARTESIAN_POINT('',(97.86,-69.9,-4.5E-02));
#13490 = VECTOR('',#13491,1.);
#13491 = DIRECTION('',(0.,0.,1.));
#13492 = ORIENTED_EDGE('',*,*,#11743,.F.);
#13493 = ORIENTED_EDGE('',*,*,#13487,.F.);
#13494 = CYLINDRICAL_SURFACE('',#13495,0.4);
#13495 = AXIS2_PLACEMENT_3D('',#13496,#13497,#13498);
#13496 = CARTESIAN_POINT('',(97.86,-69.5,-4.5E-02));
#13497 = DIRECTION('',(-0.,-0.,-1.));
#13498 = DIRECTION('',(-0.,-1.,0.));
#13499 = ADVANCED_FACE('',(#13500),#13511,.F.);
#13500 = FACE_BOUND('',#13501,.T.);
#13501 = EDGE_LOOP('',(#13502,#13503,#13509,#13510));
#13502 = ORIENTED_EDGE('',*,*,#10516,.T.);
#13503 = ORIENTED_EDGE('',*,*,#13504,.T.);
#13504 = EDGE_CURVE('',#10517,#11755,#13505,.T.);
#13505 = LINE('',#13506,#13507);
#13506 = CARTESIAN_POINT('',(54.,-63.85,-4.5E-02));
#13507 = VECTOR('',#13508,1.);
#13508 = DIRECTION('',(0.,0.,1.));
#13509 = ORIENTED_EDGE('',*,*,#11754,.F.);
#13510 = ORIENTED_EDGE('',*,*,#13504,.F.);
#13511 = CYLINDRICAL_SURFACE('',#13512,1.35);
#13512 = AXIS2_PLACEMENT_3D('',#13513,#13514,#13515);
#13513 = CARTESIAN_POINT('',(54.,-62.5,-4.5E-02));
#13514 = DIRECTION('',(-0.,-0.,-1.));
#13515 = DIRECTION('',(-0.,-1.,0.));
#13516 = ADVANCED_FACE('',(#13517),#13528,.F.);
#13517 = FACE_BOUND('',#13518,.T.);
#13518 = EDGE_LOOP('',(#13519,#13520,#13526,#13527));
#13519 = ORIENTED_EDGE('',*,*,#10527,.T.);
#13520 = ORIENTED_EDGE('',*,*,#13521,.T.);
#13521 = EDGE_CURVE('',#10528,#11766,#13522,.T.);
#13522 = LINE('',#13523,#13524);
#13523 = CARTESIAN_POINT('',(60.,-59.6,-4.5E-02));
#13524 = VECTOR('',#13525,1.);
#13525 = DIRECTION('',(0.,0.,1.));
#13526 = ORIENTED_EDGE('',*,*,#11765,.F.);
#13527 = ORIENTED_EDGE('',*,*,#13521,.F.);
#13528 = CYLINDRICAL_SURFACE('',#13529,0.6);
#13529 = AXIS2_PLACEMENT_3D('',#13530,#13531,#13532);
#13530 = CARTESIAN_POINT('',(60.,-59.,-4.5E-02));
#13531 = DIRECTION('',(-0.,-0.,-1.));
#13532 = DIRECTION('',(-0.,-1.,0.));
#13533 = ADVANCED_FACE('',(#13534),#13545,.F.);
#13534 = FACE_BOUND('',#13535,.T.);
#13535 = EDGE_LOOP('',(#13536,#13537,#13543,#13544));
#13536 = ORIENTED_EDGE('',*,*,#10538,.T.);
#13537 = ORIENTED_EDGE('',*,*,#13538,.T.);
#13538 = EDGE_CURVE('',#10539,#11777,#13539,.T.);
#13539 = LINE('',#13540,#13541);
#13540 = CARTESIAN_POINT('',(63.5,-59.6,-4.5E-02));
#13541 = VECTOR('',#13542,1.);
#13542 = DIRECTION('',(0.,0.,1.));
#13543 = ORIENTED_EDGE('',*,*,#11776,.F.);
#13544 = ORIENTED_EDGE('',*,*,#13538,.F.);
#13545 = CYLINDRICAL_SURFACE('',#13546,0.6);
#13546 = AXIS2_PLACEMENT_3D('',#13547,#13548,#13549);
#13547 = CARTESIAN_POINT('',(63.5,-59.,-4.5E-02));
#13548 = DIRECTION('',(-0.,-0.,-1.));
#13549 = DIRECTION('',(-0.,-1.,0.));
#13550 = ADVANCED_FACE('',(#13551),#13562,.F.);
#13551 = FACE_BOUND('',#13552,.T.);
#13552 = EDGE_LOOP('',(#13553,#13554,#13560,#13561));
#13553 = ORIENTED_EDGE('',*,*,#10549,.T.);
#13554 = ORIENTED_EDGE('',*,*,#13555,.T.);
#13555 = EDGE_CURVE('',#10550,#11788,#13556,.T.);
#13556 = LINE('',#13557,#13558);
#13557 = CARTESIAN_POINT('',(67.,-59.6,-4.5E-02));
#13558 = VECTOR('',#13559,1.);
#13559 = DIRECTION('',(0.,0.,1.));
#13560 = ORIENTED_EDGE('',*,*,#11787,.F.);
#13561 = ORIENTED_EDGE('',*,*,#13555,.F.);
#13562 = CYLINDRICAL_SURFACE('',#13563,0.6);
#13563 = AXIS2_PLACEMENT_3D('',#13564,#13565,#13566);
#13564 = CARTESIAN_POINT('',(67.,-59.,-4.5E-02));
#13565 = DIRECTION('',(-0.,-0.,-1.));
#13566 = DIRECTION('',(-0.,-1.,0.));
#13567 = ADVANCED_FACE('',(#13568),#13579,.F.);
#13568 = FACE_BOUND('',#13569,.T.);
#13569 = EDGE_LOOP('',(#13570,#13571,#13577,#13578));
#13570 = ORIENTED_EDGE('',*,*,#10560,.T.);
#13571 = ORIENTED_EDGE('',*,*,#13572,.T.);
#13572 = EDGE_CURVE('',#10561,#11799,#13573,.T.);
#13573 = LINE('',#13574,#13575);
#13574 = CARTESIAN_POINT('',(74.445,-59.5325,-4.5E-02));
#13575 = VECTOR('',#13576,1.);
#13576 = DIRECTION('',(0.,0.,1.));
#13577 = ORIENTED_EDGE('',*,*,#11798,.F.);
#13578 = ORIENTED_EDGE('',*,*,#13572,.F.);
#13579 = CYLINDRICAL_SURFACE('',#13580,0.6);
#13580 = AXIS2_PLACEMENT_3D('',#13581,#13582,#13583);
#13581 = CARTESIAN_POINT('',(74.445,-58.9325,-4.5E-02));
#13582 = DIRECTION('',(-0.,-0.,-1.));
#13583 = DIRECTION('',(-0.,-1.,0.));
#13584 = ADVANCED_FACE('',(#13585),#13596,.F.);
#13585 = FACE_BOUND('',#13586,.T.);
#13586 = EDGE_LOOP('',(#13587,#13588,#13594,#13595));
#13587 = ORIENTED_EDGE('',*,*,#10571,.T.);
#13588 = ORIENTED_EDGE('',*,*,#13589,.T.);
#13589 = EDGE_CURVE('',#10572,#11810,#13590,.T.);
#13590 = LINE('',#13591,#13592);
#13591 = CARTESIAN_POINT('',(77.945,-59.5325,-4.5E-02));
#13592 = VECTOR('',#13593,1.);
#13593 = DIRECTION('',(0.,0.,1.));
#13594 = ORIENTED_EDGE('',*,*,#11809,.F.);
#13595 = ORIENTED_EDGE('',*,*,#13589,.F.);
#13596 = CYLINDRICAL_SURFACE('',#13597,0.6);
#13597 = AXIS2_PLACEMENT_3D('',#13598,#13599,#13600);
#13598 = CARTESIAN_POINT('',(77.945,-58.9325,-4.5E-02));
#13599 = DIRECTION('',(-0.,-0.,-1.));
#13600 = DIRECTION('',(-0.,-1.,0.));
#13601 = ADVANCED_FACE('',(#13602),#13613,.F.);
#13602 = FACE_BOUND('',#13603,.T.);
#13603 = EDGE_LOOP('',(#13604,#13605,#13611,#13612));
#13604 = ORIENTED_EDGE('',*,*,#10582,.T.);
#13605 = ORIENTED_EDGE('',*,*,#13606,.T.);
#13606 = EDGE_CURVE('',#10583,#11821,#13607,.T.);
#13607 = LINE('',#13608,#13609);
#13608 = CARTESIAN_POINT('',(81.445,-59.5325,-4.5E-02));
#13609 = VECTOR('',#13610,1.);
#13610 = DIRECTION('',(0.,0.,1.));
#13611 = ORIENTED_EDGE('',*,*,#11820,.F.);
#13612 = ORIENTED_EDGE('',*,*,#13606,.F.);
#13613 = CYLINDRICAL_SURFACE('',#13614,0.6);
#13614 = AXIS2_PLACEMENT_3D('',#13615,#13616,#13617);
#13615 = CARTESIAN_POINT('',(81.445,-58.9325,-4.5E-02));
#13616 = DIRECTION('',(-0.,-0.,-1.));
#13617 = DIRECTION('',(-0.,-1.,0.));
#13618 = ADVANCED_FACE('',(#13619),#13630,.F.);
#13619 = FACE_BOUND('',#13620,.T.);
#13620 = EDGE_LOOP('',(#13621,#13622,#13628,#13629));
#13621 = ORIENTED_EDGE('',*,*,#10593,.T.);
#13622 = ORIENTED_EDGE('',*,*,#13623,.T.);
#13623 = EDGE_CURVE('',#10594,#11832,#13624,.T.);
#13624 = LINE('',#13625,#13626);
#13625 = CARTESIAN_POINT('',(88.945,-59.5325,-4.5E-02));
#13626 = VECTOR('',#13627,1.);
#13627 = DIRECTION('',(0.,0.,1.));
#13628 = ORIENTED_EDGE('',*,*,#11831,.F.);
#13629 = ORIENTED_EDGE('',*,*,#13623,.F.);
#13630 = CYLINDRICAL_SURFACE('',#13631,0.6);
#13631 = AXIS2_PLACEMENT_3D('',#13632,#13633,#13634);
#13632 = CARTESIAN_POINT('',(88.945,-58.9325,-4.5E-02));
#13633 = DIRECTION('',(-0.,-0.,-1.));
#13634 = DIRECTION('',(-0.,-1.,0.));
#13635 = ADVANCED_FACE('',(#13636),#13647,.F.);
#13636 = FACE_BOUND('',#13637,.T.);
#13637 = EDGE_LOOP('',(#13638,#13639,#13645,#13646));
#13638 = ORIENTED_EDGE('',*,*,#10604,.T.);
#13639 = ORIENTED_EDGE('',*,*,#13640,.T.);
#13640 = EDGE_CURVE('',#10605,#11843,#13641,.T.);
#13641 = LINE('',#13642,#13643);
#13642 = CARTESIAN_POINT('',(92.445,-59.5325,-4.5E-02));
#13643 = VECTOR('',#13644,1.);
#13644 = DIRECTION('',(0.,0.,1.));
#13645 = ORIENTED_EDGE('',*,*,#11842,.F.);
#13646 = ORIENTED_EDGE('',*,*,#13640,.F.);
#13647 = CYLINDRICAL_SURFACE('',#13648,0.6);
#13648 = AXIS2_PLACEMENT_3D('',#13649,#13650,#13651);
#13649 = CARTESIAN_POINT('',(92.445,-58.9325,-4.5E-02));
#13650 = DIRECTION('',(-0.,-0.,-1.));
#13651 = DIRECTION('',(-0.,-1.,0.));
#13652 = ADVANCED_FACE('',(#13653),#13664,.F.);
#13653 = FACE_BOUND('',#13654,.T.);
#13654 = EDGE_LOOP('',(#13655,#13656,#13662,#13663));
#13655 = ORIENTED_EDGE('',*,*,#10615,.T.);
#13656 = ORIENTED_EDGE('',*,*,#13657,.T.);
#13657 = EDGE_CURVE('',#10616,#11854,#13658,.T.);
#13658 = LINE('',#13659,#13660);
#13659 = CARTESIAN_POINT('',(95.945,-59.5325,-4.5E-02));
#13660 = VECTOR('',#13661,1.);
#13661 = DIRECTION('',(0.,0.,1.));
#13662 = ORIENTED_EDGE('',*,*,#11853,.F.);
#13663 = ORIENTED_EDGE('',*,*,#13657,.F.);
#13664 = CYLINDRICAL_SURFACE('',#13665,0.6);
#13665 = AXIS2_PLACEMENT_3D('',#13666,#13667,#13668);
#13666 = CARTESIAN_POINT('',(95.945,-58.9325,-4.5E-02));
#13667 = DIRECTION('',(-0.,-0.,-1.));
#13668 = DIRECTION('',(-0.,-1.,0.));
#13669 = ADVANCED_FACE('',(#13670),#13681,.F.);
#13670 = FACE_BOUND('',#13671,.T.);
#13671 = EDGE_LOOP('',(#13672,#13673,#13679,#13680));
#13672 = ORIENTED_EDGE('',*,*,#10626,.T.);
#13673 = ORIENTED_EDGE('',*,*,#13674,.T.);
#13674 = EDGE_CURVE('',#10627,#11865,#13675,.T.);
#13675 = LINE('',#13676,#13677);
#13676 = CARTESIAN_POINT('',(100.4,-69.9,-4.5E-02));
#13677 = VECTOR('',#13678,1.);
#13678 = DIRECTION('',(0.,0.,1.));
#13679 = ORIENTED_EDGE('',*,*,#11864,.F.);
#13680 = ORIENTED_EDGE('',*,*,#13674,.F.);
#13681 = CYLINDRICAL_SURFACE('',#13682,0.4);
#13682 = AXIS2_PLACEMENT_3D('',#13683,#13684,#13685);
#13683 = CARTESIAN_POINT('',(100.4,-69.5,-4.5E-02));
#13684 = DIRECTION('',(-0.,-0.,-1.));
#13685 = DIRECTION('',(-0.,-1.,0.));
#13686 = ADVANCED_FACE('',(#13687),#13698,.F.);
#13687 = FACE_BOUND('',#13688,.T.);
#13688 = EDGE_LOOP('',(#13689,#13690,#13696,#13697));
#13689 = ORIENTED_EDGE('',*,*,#10637,.T.);
#13690 = ORIENTED_EDGE('',*,*,#13691,.T.);
#13691 = EDGE_CURVE('',#10638,#11876,#13692,.T.);
#13692 = LINE('',#13693,#13694);
#13693 = CARTESIAN_POINT('',(102.94,-69.9,-4.5E-02));
#13694 = VECTOR('',#13695,1.);
#13695 = DIRECTION('',(0.,0.,1.));
#13696 = ORIENTED_EDGE('',*,*,#11875,.F.);
#13697 = ORIENTED_EDGE('',*,*,#13691,.F.);
#13698 = CYLINDRICAL_SURFACE('',#13699,0.4);
#13699 = AXIS2_PLACEMENT_3D('',#13700,#13701,#13702);
#13700 = CARTESIAN_POINT('',(102.94,-69.5,-4.5E-02));
#13701 = DIRECTION('',(-0.,-0.,-1.));
#13702 = DIRECTION('',(-0.,-1.,0.));
#13703 = ADVANCED_FACE('',(#13704),#13715,.F.);
#13704 = FACE_BOUND('',#13705,.T.);
#13705 = EDGE_LOOP('',(#13706,#13707,#13713,#13714));
#13706 = ORIENTED_EDGE('',*,*,#10648,.T.);
#13707 = ORIENTED_EDGE('',*,*,#13708,.T.);
#13708 = EDGE_CURVE('',#10649,#11887,#13709,.T.);
#13709 = LINE('',#13710,#13711);
#13710 = CARTESIAN_POINT('',(105.48,-69.9,-4.5E-02));
#13711 = VECTOR('',#13712,1.);
#13712 = DIRECTION('',(0.,0.,1.));
#13713 = ORIENTED_EDGE('',*,*,#11886,.F.);
#13714 = ORIENTED_EDGE('',*,*,#13708,.F.);
#13715 = CYLINDRICAL_SURFACE('',#13716,0.4);
#13716 = AXIS2_PLACEMENT_3D('',#13717,#13718,#13719);
#13717 = CARTESIAN_POINT('',(105.48,-69.5,-4.5E-02));
#13718 = DIRECTION('',(-0.,0.,-1.));
#13719 = DIRECTION('',(3.5527136788E-14,-1.,-0.));
#13720 = ADVANCED_FACE('',(#13721),#13732,.F.);
#13721 = FACE_BOUND('',#13722,.T.);
#13722 = EDGE_LOOP('',(#13723,#13724,#13730,#13731));
#13723 = ORIENTED_EDGE('',*,*,#10659,.T.);
#13724 = ORIENTED_EDGE('',*,*,#13725,.T.);
#13725 = EDGE_CURVE('',#10660,#11898,#13726,.T.);
#13726 = LINE('',#13727,#13728);
#13727 = CARTESIAN_POINT('',(108.02,-69.9,-4.5E-02));
#13728 = VECTOR('',#13729,1.);
#13729 = DIRECTION('',(0.,0.,1.));
#13730 = ORIENTED_EDGE('',*,*,#11897,.F.);
#13731 = ORIENTED_EDGE('',*,*,#13725,.F.);
#13732 = CYLINDRICAL_SURFACE('',#13733,0.4);
#13733 = AXIS2_PLACEMENT_3D('',#13734,#13735,#13736);
#13734 = CARTESIAN_POINT('',(108.02,-69.5,-4.5E-02));
#13735 = DIRECTION('',(-0.,-0.,-1.));
#13736 = DIRECTION('',(-3.552713678801E-14,-1.,0.));
#13737 = ADVANCED_FACE('',(#13738),#13749,.F.);
#13738 = FACE_BOUND('',#13739,.T.);
#13739 = EDGE_LOOP('',(#13740,#13741,#13747,#13748));
#13740 = ORIENTED_EDGE('',*,*,#10670,.T.);
#13741 = ORIENTED_EDGE('',*,*,#13742,.T.);
#13742 = EDGE_CURVE('',#10671,#11909,#13743,.T.);
#13743 = LINE('',#13744,#13745);
#13744 = CARTESIAN_POINT('',(110.56,-69.9,-4.5E-02));
#13745 = VECTOR('',#13746,1.);
#13746 = DIRECTION('',(0.,0.,1.));
#13747 = ORIENTED_EDGE('',*,*,#11908,.F.);
#13748 = ORIENTED_EDGE('',*,*,#13742,.F.);
#13749 = CYLINDRICAL_SURFACE('',#13750,0.4);
#13750 = AXIS2_PLACEMENT_3D('',#13751,#13752,#13753);
#13751 = CARTESIAN_POINT('',(110.56,-69.5,-4.5E-02));
#13752 = DIRECTION('',(-0.,-0.,-1.));
#13753 = DIRECTION('',(-0.,-1.,0.));
#13754 = ADVANCED_FACE('',(#13755),#13766,.F.);
#13755 = FACE_BOUND('',#13756,.T.);
#13756 = EDGE_LOOP('',(#13757,#13758,#13764,#13765));
#13757 = ORIENTED_EDGE('',*,*,#10681,.T.);
#13758 = ORIENTED_EDGE('',*,*,#13759,.T.);
#13759 = EDGE_CURVE('',#10682,#11920,#13760,.T.);
#13760 = LINE('',#13761,#13762);
#13761 = CARTESIAN_POINT('',(133.5,-73.643,-4.5E-02));
#13762 = VECTOR('',#13763,1.);
#13763 = DIRECTION('',(0.,0.,1.));
#13764 = ORIENTED_EDGE('',*,*,#11919,.F.);
#13765 = ORIENTED_EDGE('',*,*,#13759,.F.);
#13766 = CYLINDRICAL_SURFACE('',#13767,1.143);
#13767 = AXIS2_PLACEMENT_3D('',#13768,#13769,#13770);
#13768 = CARTESIAN_POINT('',(133.5,-72.5,-4.5E-02));
#13769 = DIRECTION('',(-0.,-0.,-1.));
#13770 = DIRECTION('',(-0.,-1.,0.));
#13771 = ADVANCED_FACE('',(#13772),#13783,.F.);
#13772 = FACE_BOUND('',#13773,.T.);
#13773 = EDGE_LOOP('',(#13774,#13775,#13781,#13782));
#13774 = ORIENTED_EDGE('',*,*,#10692,.T.);
#13775 = ORIENTED_EDGE('',*,*,#13776,.T.);
#13776 = EDGE_CURVE('',#10693,#11931,#13777,.T.);
#13777 = LINE('',#13778,#13779);
#13778 = CARTESIAN_POINT('',(141.0675,-71.795,-4.5E-02));
#13779 = VECTOR('',#13780,1.);
#13780 = DIRECTION('',(0.,0.,1.));
#13781 = ORIENTED_EDGE('',*,*,#11930,.F.);
#13782 = ORIENTED_EDGE('',*,*,#13776,.F.);
#13783 = CYLINDRICAL_SURFACE('',#13784,0.6);
#13784 = AXIS2_PLACEMENT_3D('',#13785,#13786,#13787);
#13785 = CARTESIAN_POINT('',(141.0675,-71.195,-4.5E-02));
#13786 = DIRECTION('',(-0.,-0.,-1.));
#13787 = DIRECTION('',(-0.,-1.,0.));
#13788 = ADVANCED_FACE('',(#13789),#13800,.F.);
#13789 = FACE_BOUND('',#13790,.T.);
#13790 = EDGE_LOOP('',(#13791,#13792,#13798,#13799));
#13791 = ORIENTED_EDGE('',*,*,#10703,.T.);
#13792 = ORIENTED_EDGE('',*,*,#13793,.T.);
#13793 = EDGE_CURVE('',#10704,#11942,#13794,.T.);
#13794 = LINE('',#13795,#13796);
#13795 = CARTESIAN_POINT('',(125.5,-65.055,-4.5E-02));
#13796 = VECTOR('',#13797,1.);
#13797 = DIRECTION('',(0.,0.,1.));
#13798 = ORIENTED_EDGE('',*,*,#11941,.F.);
#13799 = ORIENTED_EDGE('',*,*,#13793,.F.);
#13800 = CYLINDRICAL_SURFACE('',#13801,0.5);
#13801 = AXIS2_PLACEMENT_3D('',#13802,#13803,#13804);
#13802 = CARTESIAN_POINT('',(125.5,-64.555,-4.5E-02));
#13803 = DIRECTION('',(-0.,-0.,-1.));
#13804 = DIRECTION('',(-0.,-1.,0.));
#13805 = ADVANCED_FACE('',(#13806),#13817,.F.);
#13806 = FACE_BOUND('',#13807,.T.);
#13807 = EDGE_LOOP('',(#13808,#13809,#13815,#13816));
#13808 = ORIENTED_EDGE('',*,*,#10714,.T.);
#13809 = ORIENTED_EDGE('',*,*,#13810,.T.);
#13810 = EDGE_CURVE('',#10715,#11953,#13811,.T.);
#13811 = LINE('',#13812,#13813);
#13812 = CARTESIAN_POINT('',(145.5,-65.85,-4.5E-02));
#13813 = VECTOR('',#13814,1.);
#13814 = DIRECTION('',(0.,0.,1.));
#13815 = ORIENTED_EDGE('',*,*,#11952,.F.);
#13816 = ORIENTED_EDGE('',*,*,#13810,.F.);
#13817 = CYLINDRICAL_SURFACE('',#13818,1.35);
#13818 = AXIS2_PLACEMENT_3D('',#13819,#13820,#13821);
#13819 = CARTESIAN_POINT('',(145.5,-64.5,-4.5E-02));
#13820 = DIRECTION('',(-0.,-0.,-1.));
#13821 = DIRECTION('',(-0.,-1.,0.));
#13822 = ADVANCED_FACE('',(#13823),#13834,.F.);
#13823 = FACE_BOUND('',#13824,.T.);
#13824 = EDGE_LOOP('',(#13825,#13826,#13832,#13833));
#13825 = ORIENTED_EDGE('',*,*,#10725,.T.);
#13826 = ORIENTED_EDGE('',*,*,#13827,.T.);
#13827 = EDGE_CURVE('',#10726,#11964,#13828,.T.);
#13828 = LINE('',#13829,#13830);
#13829 = CARTESIAN_POINT('',(103.445,-59.5325,-4.5E-02));
#13830 = VECTOR('',#13831,1.);
#13831 = DIRECTION('',(0.,0.,1.));
#13832 = ORIENTED_EDGE('',*,*,#11963,.F.);
#13833 = ORIENTED_EDGE('',*,*,#13827,.F.);
#13834 = CYLINDRICAL_SURFACE('',#13835,0.6);
#13835 = AXIS2_PLACEMENT_3D('',#13836,#13837,#13838);
#13836 = CARTESIAN_POINT('',(103.445,-58.9325,-4.5E-02));
#13837 = DIRECTION('',(-0.,-0.,-1.));
#13838 = DIRECTION('',(-0.,-1.,0.));
#13839 = ADVANCED_FACE('',(#13840),#13851,.F.);
#13840 = FACE_BOUND('',#13841,.T.);
#13841 = EDGE_LOOP('',(#13842,#13843,#13849,#13850));
#13842 = ORIENTED_EDGE('',*,*,#10736,.T.);
#13843 = ORIENTED_EDGE('',*,*,#13844,.T.);
#13844 = EDGE_CURVE('',#10737,#11975,#13845,.T.);
#13845 = LINE('',#13846,#13847);
#13846 = CARTESIAN_POINT('',(106.945,-59.5325,-4.5E-02));
#13847 = VECTOR('',#13848,1.);
#13848 = DIRECTION('',(0.,0.,1.));
#13849 = ORIENTED_EDGE('',*,*,#11974,.F.);
#13850 = ORIENTED_EDGE('',*,*,#13844,.F.);
#13851 = CYLINDRICAL_SURFACE('',#13852,0.6);
#13852 = AXIS2_PLACEMENT_3D('',#13853,#13854,#13855);
#13853 = CARTESIAN_POINT('',(106.945,-58.9325,-4.5E-02));
#13854 = DIRECTION('',(-0.,-0.,-1.));
#13855 = DIRECTION('',(-0.,-1.,0.));
#13856 = ADVANCED_FACE('',(#13857),#13868,.F.);
#13857 = FACE_BOUND('',#13858,.T.);
#13858 = EDGE_LOOP('',(#13859,#13860,#13866,#13867));
#13859 = ORIENTED_EDGE('',*,*,#10747,.T.);
#13860 = ORIENTED_EDGE('',*,*,#13861,.T.);
#13861 = EDGE_CURVE('',#10748,#11986,#13862,.T.);
#13862 = LINE('',#13863,#13864);
#13863 = CARTESIAN_POINT('',(110.445,-59.5325,-4.5E-02));
#13864 = VECTOR('',#13865,1.);
#13865 = DIRECTION('',(0.,0.,1.));
#13866 = ORIENTED_EDGE('',*,*,#11985,.F.);
#13867 = ORIENTED_EDGE('',*,*,#13861,.F.);
#13868 = CYLINDRICAL_SURFACE('',#13869,0.6);
#13869 = AXIS2_PLACEMENT_3D('',#13870,#13871,#13872);
#13870 = CARTESIAN_POINT('',(110.445,-58.9325,-4.5E-02));
#13871 = DIRECTION('',(-0.,-0.,-1.));
#13872 = DIRECTION('',(-0.,-1.,0.));
#13873 = ADVANCED_FACE('',(#13874),#13885,.F.);
#13874 = FACE_BOUND('',#13875,.T.);
#13875 = EDGE_LOOP('',(#13876,#13877,#13883,#13884));
#13876 = ORIENTED_EDGE('',*,*,#10758,.T.);
#13877 = ORIENTED_EDGE('',*,*,#13878,.T.);
#13878 = EDGE_CURVE('',#10759,#11997,#13879,.T.);
#13879 = LINE('',#13880,#13881);
#13880 = CARTESIAN_POINT('',(125.5,-62.515,-4.5E-02));
#13881 = VECTOR('',#13882,1.);
#13882 = DIRECTION('',(0.,0.,1.));
#13883 = ORIENTED_EDGE('',*,*,#11996,.F.);
#13884 = ORIENTED_EDGE('',*,*,#13878,.F.);
#13885 = CYLINDRICAL_SURFACE('',#13886,0.5);
#13886 = AXIS2_PLACEMENT_3D('',#13887,#13888,#13889);
#13887 = CARTESIAN_POINT('',(125.5,-62.015,-4.5E-02));
#13888 = DIRECTION('',(-0.,-0.,-1.));
#13889 = DIRECTION('',(-0.,-1.,0.));
#13890 = ADVANCED_FACE('',(#13891),#13902,.F.);
#13891 = FACE_BOUND('',#13892,.T.);
#13892 = EDGE_LOOP('',(#13893,#13894,#13900,#13901));
#13893 = ORIENTED_EDGE('',*,*,#10769,.T.);
#13894 = ORIENTED_EDGE('',*,*,#13895,.T.);
#13895 = EDGE_CURVE('',#10770,#12008,#13896,.T.);
#13896 = LINE('',#13897,#13898);
#13897 = CARTESIAN_POINT('',(125.5,-59.975,-4.5E-02));
#13898 = VECTOR('',#13899,1.);
#13899 = DIRECTION('',(0.,0.,1.));
#13900 = ORIENTED_EDGE('',*,*,#12007,.F.);
#13901 = ORIENTED_EDGE('',*,*,#13895,.F.);
#13902 = CYLINDRICAL_SURFACE('',#13903,0.5);
#13903 = AXIS2_PLACEMENT_3D('',#13904,#13905,#13906);
#13904 = CARTESIAN_POINT('',(125.5,-59.475,-4.5E-02));
#13905 = DIRECTION('',(-0.,-0.,-1.));
#13906 = DIRECTION('',(-0.,-1.,0.));
#13907 = ADVANCED_FACE('',(#13908),#13919,.F.);
#13908 = FACE_BOUND('',#13909,.T.);
#13909 = EDGE_LOOP('',(#13910,#13911,#13917,#13918));
#13910 = ORIENTED_EDGE('',*,*,#10780,.T.);
#13911 = ORIENTED_EDGE('',*,*,#13912,.T.);
#13912 = EDGE_CURVE('',#10781,#12019,#13913,.T.);
#13913 = LINE('',#13914,#13915);
#13914 = CARTESIAN_POINT('',(140.,-56.35,-4.5E-02));
#13915 = VECTOR('',#13916,1.);
#13916 = DIRECTION('',(0.,0.,1.));
#13917 = ORIENTED_EDGE('',*,*,#12018,.F.);
#13918 = ORIENTED_EDGE('',*,*,#13912,.F.);
#13919 = CYLINDRICAL_SURFACE('',#13920,1.35);
#13920 = AXIS2_PLACEMENT_3D('',#13921,#13922,#13923);
#13921 = CARTESIAN_POINT('',(140.,-55.,-4.5E-02));
#13922 = DIRECTION('',(-0.,-0.,-1.));
#13923 = DIRECTION('',(-0.,-1.,0.));
#13924 = ADVANCED_FACE('',(#13925),#13936,.F.);
#13925 = FACE_BOUND('',#13926,.T.);
#13926 = EDGE_LOOP('',(#13927,#13928,#13934,#13935));
#13927 = ORIENTED_EDGE('',*,*,#10791,.T.);
#13928 = ORIENTED_EDGE('',*,*,#13929,.T.);
#13929 = EDGE_CURVE('',#10792,#12030,#13930,.T.);
#13930 = LINE('',#13931,#13932);
#13931 = CARTESIAN_POINT('',(145.,-56.35,-4.5E-02));
#13932 = VECTOR('',#13933,1.);
#13933 = DIRECTION('',(0.,0.,1.));
#13934 = ORIENTED_EDGE('',*,*,#12029,.F.);
#13935 = ORIENTED_EDGE('',*,*,#13929,.F.);
#13936 = CYLINDRICAL_SURFACE('',#13937,1.35);
#13937 = AXIS2_PLACEMENT_3D('',#13938,#13939,#13940);
#13938 = CARTESIAN_POINT('',(145.,-55.,-4.5E-02));
#13939 = DIRECTION('',(-0.,-0.,-1.));
#13940 = DIRECTION('',(-0.,-1.,0.));
#13941 = ( GEOMETRIC_REPRESENTATION_CONTEXT(3) 
GLOBAL_UNCERTAINTY_ASSIGNED_CONTEXT((#13945)) 
GLOBAL_UNIT_ASSIGNED_CONTEXT((#13942,#13943,#13944)) 
REPRESENTATION_CONTEXT('Context #1',
  '3D Context with UNIT and UNCERTAINTY') );
#13942 = ( LENGTH_UNIT() NAMED_UNIT(*) SI_UNIT(.MILLI.,.METRE.) );
#13943 = ( NAMED_UNIT(*) PLANE_ANGLE_UNIT() SI_UNIT($,.RADIAN.) );
#13944 = ( NAMED_UNIT(*) SI_UNIT($,.STERADIAN.) SOLID_ANGLE_UNIT() );
#13945 = UNCERTAINTY_MEASURE_WITH_UNIT(LENGTH_MEASURE(1.E-07),#13942,
  'distance_accuracy_value','confusion accuracy');
#13946 = CONTEXT_DEPENDENT_SHAPE_REPRESENTATION(#13947,#13949);
#13947 = ( REPRESENTATION_RELATIONSHIP('','',#9461,#10) 
REPRESENTATION_RELATIONSHIP_WITH_TRANSFORMATION(#13948) 
SHAPE_REPRESENTATION_RELATIONSHIP() );
#13948 = ITEM_DEFINED_TRANSFORMATION('','',#11,#95);
#13949 = PRODUCT_DEFINITION_SHAPE('Placement','Placement of an item',
  #13950);
#13950 = NEXT_ASSEMBLY_USAGE_OCCURRENCE('26','=>[0:1:1:12]','',#5,#9456,
  $);
#13951 = PRODUCT_RELATED_PRODUCT_CATEGORY('part',$,(#9458));
#13952 = MECHANICAL_DESIGN_GEOMETRIC_PRESENTATION_REPRESENTATION('',(
    #13953,#13961,#13968,#13975,#13982,#13989,#13996,#14003,#14010,
    #14017,#14024,#14032,#14039,#14046,#14053,#14060,#14067,#14074,
    #14081,#14088,#14095,#14102,#14109,#14116,#14123,#14130,#14137,
    #14144,#14151,#14158,#14165,#14172,#14179,#14186,#14193,#14200,
    #14207,#14214,#14221,#14228,#14235,#14242,#14249,#14256,#14263,
    #14270,#14277,#14284,#14291,#14298,#14305,#14312,#14319,#14326,
    #14333,#14340,#14347,#14354,#14361,#14368,#14375,#14382,#14389,
    #14396,#14403,#14410,#14417,#14424,#14431,#14438,#14445,#14452,
    #14459,#14466,#14473,#14480,#14487,#14494,#14501,#14508,#14515,
    #14522,#14529,#14536,#14543,#14550,#14557,#14564,#14571,#14578,
    #14585,#14592,#14599,#14606,#14613,#14620,#14627,#14634,#14641,
    #14648,#14655,#14662,#14669,#14676,#14683,#14690,#14697,#14704,
    #14711),#3268);
#13953 = STYLED_ITEM('color',(#13954),#138);
#13954 = PRESENTATION_STYLE_ASSIGNMENT((#13955));
#13955 = SURFACE_STYLE_USAGE(.BOTH.,#13956);
#13956 = SURFACE_SIDE_STYLE('',(#13957));
#13957 = SURFACE_STYLE_FILL_AREA(#13958);
#13958 = FILL_AREA_STYLE('',(#13959));
#13959 = FILL_AREA_STYLE_COLOUR('',#13960);
#13960 = COLOUR_RGB('',0.337254907675,0.678431390124,0.443137255223);
#13961 = STYLED_ITEM('color',(#13962),#210);
#13962 = PRESENTATION_STYLE_ASSIGNMENT((#13963));
#13963 = SURFACE_STYLE_USAGE(.BOTH.,#13964);
#13964 = SURFACE_SIDE_STYLE('',(#13965));
#13965 = SURFACE_STYLE_FILL_AREA(#13966);
#13966 = FILL_AREA_STYLE('',(#13967));
#13967 = FILL_AREA_STYLE_COLOUR('',#13960);
#13968 = STYLED_ITEM('color',(#13969),#241);
#13969 = PRESENTATION_STYLE_ASSIGNMENT((#13970));
#13970 = SURFACE_STYLE_USAGE(.BOTH.,#13971);
#13971 = SURFACE_SIDE_STYLE('',(#13972));
#13972 = SURFACE_STYLE_FILL_AREA(#13973);
#13973 = FILL_AREA_STYLE('',(#13974));
#13974 = FILL_AREA_STYLE_COLOUR('',#13960);
#13975 = STYLED_ITEM('color',(#13976),#265);
#13976 = PRESENTATION_STYLE_ASSIGNMENT((#13977));
#13977 = SURFACE_STYLE_USAGE(.BOTH.,#13978);
#13978 = SURFACE_SIDE_STYLE('',(#13979));
#13979 = SURFACE_STYLE_FILL_AREA(#13980);
#13980 = FILL_AREA_STYLE('',(#13981));
#13981 = FILL_AREA_STYLE_COLOUR('',#13960);
#13982 = STYLED_ITEM('color',(#13983),#391);
#13983 = PRESENTATION_STYLE_ASSIGNMENT((#13984));
#13984 = SURFACE_STYLE_USAGE(.BOTH.,#13985);
#13985 = SURFACE_SIDE_STYLE('',(#13986));
#13986 = SURFACE_STYLE_FILL_AREA(#13987);
#13987 = FILL_AREA_STYLE('',(#13988));
#13988 = FILL_AREA_STYLE_COLOUR('',#13960);
#13989 = STYLED_ITEM('color',(#13990),#760);
#13990 = PRESENTATION_STYLE_ASSIGNMENT((#13991));
#13991 = SURFACE_STYLE_USAGE(.BOTH.,#13992);
#13992 = SURFACE_SIDE_STYLE('',(#13993));
#13993 = SURFACE_STYLE_FILL_AREA(#13994);
#13994 = FILL_AREA_STYLE('',(#13995));
#13995 = FILL_AREA_STYLE_COLOUR('',#13960);
#13996 = STYLED_ITEM('color',(#13997),#784);
#13997 = PRESENTATION_STYLE_ASSIGNMENT((#13998));
#13998 = SURFACE_STYLE_USAGE(.BOTH.,#13999);
#13999 = SURFACE_SIDE_STYLE('',(#14000));
#14000 = SURFACE_STYLE_FILL_AREA(#14001);
#14001 = FILL_AREA_STYLE('',(#14002));
#14002 = FILL_AREA_STYLE_COLOUR('',#13960);
#14003 = STYLED_ITEM('color',(#14004),#808);
#14004 = PRESENTATION_STYLE_ASSIGNMENT((#14005));
#14005 = SURFACE_STYLE_USAGE(.BOTH.,#14006);
#14006 = SURFACE_SIDE_STYLE('',(#14007));
#14007 = SURFACE_STYLE_FILL_AREA(#14008);
#14008 = FILL_AREA_STYLE('',(#14009));
#14009 = FILL_AREA_STYLE_COLOUR('',#13960);
#14010 = STYLED_ITEM('color',(#14011),#832);
#14011 = PRESENTATION_STYLE_ASSIGNMENT((#14012));
#14012 = SURFACE_STYLE_USAGE(.BOTH.,#14013);
#14013 = SURFACE_SIDE_STYLE('',(#14014));
#14014 = SURFACE_STYLE_FILL_AREA(#14015);
#14015 = FILL_AREA_STYLE('',(#14016));
#14016 = FILL_AREA_STYLE_COLOUR('',#13960);
#14017 = STYLED_ITEM('color',(#14018),#849);
#14018 = PRESENTATION_STYLE_ASSIGNMENT((#14019));
#14019 = SURFACE_STYLE_USAGE(.BOTH.,#14020);
#14020 = SURFACE_SIDE_STYLE('',(#14021));
#14021 = SURFACE_STYLE_FILL_AREA(#14022);
#14022 = FILL_AREA_STYLE('',(#14023));
#14023 = FILL_AREA_STYLE_COLOUR('',#13960);
#14024 = STYLED_ITEM('color',(#14025),#865);
#14025 = PRESENTATION_STYLE_ASSIGNMENT((#14026));
#14026 = SURFACE_STYLE_USAGE(.BOTH.,#14027);
#14027 = SURFACE_SIDE_STYLE('',(#14028));
#14028 = SURFACE_STYLE_FILL_AREA(#14029);
#14029 = FILL_AREA_STYLE('',(#14030));
#14030 = FILL_AREA_STYLE_COLOUR('',#14031);
#14031 = COLOUR_RGB('',0.823529417451,0.819607860991,0.780392170416);
#14032 = STYLED_ITEM('color',(#14033),#896);
#14033 = PRESENTATION_STYLE_ASSIGNMENT((#14034));
#14034 = SURFACE_STYLE_USAGE(.BOTH.,#14035);
#14035 = SURFACE_SIDE_STYLE('',(#14036));
#14036 = SURFACE_STYLE_FILL_AREA(#14037);
#14037 = FILL_AREA_STYLE('',(#14038));
#14038 = FILL_AREA_STYLE_COLOUR('',#14031);
#14039 = STYLED_ITEM('color',(#14040),#920);
#14040 = PRESENTATION_STYLE_ASSIGNMENT((#14041));
#14041 = SURFACE_STYLE_USAGE(.BOTH.,#14042);
#14042 = SURFACE_SIDE_STYLE('',(#14043));
#14043 = SURFACE_STYLE_FILL_AREA(#14044);
#14044 = FILL_AREA_STYLE('',(#14045));
#14045 = FILL_AREA_STYLE_COLOUR('',#14031);
#14046 = STYLED_ITEM('color',(#14047),#944);
#14047 = PRESENTATION_STYLE_ASSIGNMENT((#14048));
#14048 = SURFACE_STYLE_USAGE(.BOTH.,#14049);
#14049 = SURFACE_SIDE_STYLE('',(#14050));
#14050 = SURFACE_STYLE_FILL_AREA(#14051);
#14051 = FILL_AREA_STYLE('',(#14052));
#14052 = FILL_AREA_STYLE_COLOUR('',#14031);
#14053 = STYLED_ITEM('color',(#14054),#961);
#14054 = PRESENTATION_STYLE_ASSIGNMENT((#14055));
#14055 = SURFACE_STYLE_USAGE(.BOTH.,#14056);
#14056 = SURFACE_SIDE_STYLE('',(#14057));
#14057 = SURFACE_STYLE_FILL_AREA(#14058);
#14058 = FILL_AREA_STYLE('',(#14059));
#14059 = FILL_AREA_STYLE_COLOUR('',#14031);
#14060 = STYLED_ITEM('color',(#14061),#992);
#14061 = PRESENTATION_STYLE_ASSIGNMENT((#14062));
#14062 = SURFACE_STYLE_USAGE(.BOTH.,#14063);
#14063 = SURFACE_SIDE_STYLE('',(#14064));
#14064 = SURFACE_STYLE_FILL_AREA(#14065);
#14065 = FILL_AREA_STYLE('',(#14066));
#14066 = FILL_AREA_STYLE_COLOUR('',#14031);
#14067 = STYLED_ITEM('color',(#14068),#1016);
#14068 = PRESENTATION_STYLE_ASSIGNMENT((#14069));
#14069 = SURFACE_STYLE_USAGE(.BOTH.,#14070);
#14070 = SURFACE_SIDE_STYLE('',(#14071));
#14071 = SURFACE_STYLE_FILL_AREA(#14072);
#14072 = FILL_AREA_STYLE('',(#14073));
#14073 = FILL_AREA_STYLE_COLOUR('',#14031);
#14074 = STYLED_ITEM('color',(#14075),#1040);
#14075 = PRESENTATION_STYLE_ASSIGNMENT((#14076));
#14076 = SURFACE_STYLE_USAGE(.BOTH.,#14077);
#14077 = SURFACE_SIDE_STYLE('',(#14078));
#14078 = SURFACE_STYLE_FILL_AREA(#14079);
#14079 = FILL_AREA_STYLE('',(#14080));
#14080 = FILL_AREA_STYLE_COLOUR('',#14031);
#14081 = STYLED_ITEM('color',(#14082),#1057);
#14082 = PRESENTATION_STYLE_ASSIGNMENT((#14083));
#14083 = SURFACE_STYLE_USAGE(.BOTH.,#14084);
#14084 = SURFACE_SIDE_STYLE('',(#14085));
#14085 = SURFACE_STYLE_FILL_AREA(#14086);
#14086 = FILL_AREA_STYLE('',(#14087));
#14087 = FILL_AREA_STYLE_COLOUR('',#14031);
#14088 = STYLED_ITEM('color',(#14089),#1088);
#14089 = PRESENTATION_STYLE_ASSIGNMENT((#14090));
#14090 = SURFACE_STYLE_USAGE(.BOTH.,#14091);
#14091 = SURFACE_SIDE_STYLE('',(#14092));
#14092 = SURFACE_STYLE_FILL_AREA(#14093);
#14093 = FILL_AREA_STYLE('',(#14094));
#14094 = FILL_AREA_STYLE_COLOUR('',#14031);
#14095 = STYLED_ITEM('color',(#14096),#1112);
#14096 = PRESENTATION_STYLE_ASSIGNMENT((#14097));
#14097 = SURFACE_STYLE_USAGE(.BOTH.,#14098);
#14098 = SURFACE_SIDE_STYLE('',(#14099));
#14099 = SURFACE_STYLE_FILL_AREA(#14100);
#14100 = FILL_AREA_STYLE('',(#14101));
#14101 = FILL_AREA_STYLE_COLOUR('',#14031);
#14102 = STYLED_ITEM('color',(#14103),#1136);
#14103 = PRESENTATION_STYLE_ASSIGNMENT((#14104));
#14104 = SURFACE_STYLE_USAGE(.BOTH.,#14105);
#14105 = SURFACE_SIDE_STYLE('',(#14106));
#14106 = SURFACE_STYLE_FILL_AREA(#14107);
#14107 = FILL_AREA_STYLE('',(#14108));
#14108 = FILL_AREA_STYLE_COLOUR('',#14031);
#14109 = STYLED_ITEM('color',(#14110),#1153);
#14110 = PRESENTATION_STYLE_ASSIGNMENT((#14111));
#14111 = SURFACE_STYLE_USAGE(.BOTH.,#14112);
#14112 = SURFACE_SIDE_STYLE('',(#14113));
#14113 = SURFACE_STYLE_FILL_AREA(#14114);
#14114 = FILL_AREA_STYLE('',(#14115));
#14115 = FILL_AREA_STYLE_COLOUR('',#13960);
#14116 = STYLED_ITEM('color',(#14117),#1184);
#14117 = PRESENTATION_STYLE_ASSIGNMENT((#14118));
#14118 = SURFACE_STYLE_USAGE(.BOTH.,#14119);
#14119 = SURFACE_SIDE_STYLE('',(#14120));
#14120 = SURFACE_STYLE_FILL_AREA(#14121);
#14121 = FILL_AREA_STYLE('',(#14122));
#14122 = FILL_AREA_STYLE_COLOUR('',#13960);
#14123 = STYLED_ITEM('color',(#14124),#1208);
#14124 = PRESENTATION_STYLE_ASSIGNMENT((#14125));
#14125 = SURFACE_STYLE_USAGE(.BOTH.,#14126);
#14126 = SURFACE_SIDE_STYLE('',(#14127));
#14127 = SURFACE_STYLE_FILL_AREA(#14128);
#14128 = FILL_AREA_STYLE('',(#14129));
#14129 = FILL_AREA_STYLE_COLOUR('',#13960);
#14130 = STYLED_ITEM('color',(#14131),#1232);
#14131 = PRESENTATION_STYLE_ASSIGNMENT((#14132));
#14132 = SURFACE_STYLE_USAGE(.BOTH.,#14133);
#14133 = SURFACE_SIDE_STYLE('',(#14134));
#14134 = SURFACE_STYLE_FILL_AREA(#14135);
#14135 = FILL_AREA_STYLE('',(#14136));
#14136 = FILL_AREA_STYLE_COLOUR('',#13960);
#14137 = STYLED_ITEM('color',(#14138),#1256);
#14138 = PRESENTATION_STYLE_ASSIGNMENT((#14139));
#14139 = SURFACE_STYLE_USAGE(.BOTH.,#14140);
#14140 = SURFACE_SIDE_STYLE('',(#14141));
#14141 = SURFACE_STYLE_FILL_AREA(#14142);
#14142 = FILL_AREA_STYLE('',(#14143));
#14143 = FILL_AREA_STYLE_COLOUR('',#13960);
#14144 = STYLED_ITEM('color',(#14145),#1280);
#14145 = PRESENTATION_STYLE_ASSIGNMENT((#14146));
#14146 = SURFACE_STYLE_USAGE(.BOTH.,#14147);
#14147 = SURFACE_SIDE_STYLE('',(#14148));
#14148 = SURFACE_STYLE_FILL_AREA(#14149);
#14149 = FILL_AREA_STYLE('',(#14150));
#14150 = FILL_AREA_STYLE_COLOUR('',#13960);
#14151 = STYLED_ITEM('color',(#14152),#1305);
#14152 = PRESENTATION_STYLE_ASSIGNMENT((#14153));
#14153 = SURFACE_STYLE_USAGE(.BOTH.,#14154);
#14154 = SURFACE_SIDE_STYLE('',(#14155));
#14155 = SURFACE_STYLE_FILL_AREA(#14156);
#14156 = FILL_AREA_STYLE('',(#14157));
#14157 = FILL_AREA_STYLE_COLOUR('',#13960);
#14158 = STYLED_ITEM('color',(#14159),#1329);
#14159 = PRESENTATION_STYLE_ASSIGNMENT((#14160));
#14160 = SURFACE_STYLE_USAGE(.BOTH.,#14161);
#14161 = SURFACE_SIDE_STYLE('',(#14162));
#14162 = SURFACE_STYLE_FILL_AREA(#14163);
#14163 = FILL_AREA_STYLE('',(#14164));
#14164 = FILL_AREA_STYLE_COLOUR('',#13960);
#14165 = STYLED_ITEM('color',(#14166),#1353);
#14166 = PRESENTATION_STYLE_ASSIGNMENT((#14167));
#14167 = SURFACE_STYLE_USAGE(.BOTH.,#14168);
#14168 = SURFACE_SIDE_STYLE('',(#14169));
#14169 = SURFACE_STYLE_FILL_AREA(#14170);
#14170 = FILL_AREA_STYLE('',(#14171));
#14171 = FILL_AREA_STYLE_COLOUR('',#13960);
#14172 = STYLED_ITEM('color',(#14173),#1377);
#14173 = PRESENTATION_STYLE_ASSIGNMENT((#14174));
#14174 = SURFACE_STYLE_USAGE(.BOTH.,#14175);
#14175 = SURFACE_SIDE_STYLE('',(#14176));
#14176 = SURFACE_STYLE_FILL_AREA(#14177);
#14177 = FILL_AREA_STYLE('',(#14178));
#14178 = FILL_AREA_STYLE_COLOUR('',#13960);
#14179 = STYLED_ITEM('color',(#14180),#1401);
#14180 = PRESENTATION_STYLE_ASSIGNMENT((#14181));
#14181 = SURFACE_STYLE_USAGE(.BOTH.,#14182);
#14182 = SURFACE_SIDE_STYLE('',(#14183));
#14183 = SURFACE_STYLE_FILL_AREA(#14184);
#14184 = FILL_AREA_STYLE('',(#14185));
#14185 = FILL_AREA_STYLE_COLOUR('',#13960);
#14186 = STYLED_ITEM('color',(#14187),#1425);
#14187 = PRESENTATION_STYLE_ASSIGNMENT((#14188));
#14188 = SURFACE_STYLE_USAGE(.BOTH.,#14189);
#14189 = SURFACE_SIDE_STYLE('',(#14190));
#14190 = SURFACE_STYLE_FILL_AREA(#14191);
#14191 = FILL_AREA_STYLE('',(#14192));
#14192 = FILL_AREA_STYLE_COLOUR('',#13960);
#14193 = STYLED_ITEM('color',(#14194),#1449);
#14194 = PRESENTATION_STYLE_ASSIGNMENT((#14195));
#14195 = SURFACE_STYLE_USAGE(.BOTH.,#14196);
#14196 = SURFACE_SIDE_STYLE('',(#14197));
#14197 = SURFACE_STYLE_FILL_AREA(#14198);
#14198 = FILL_AREA_STYLE('',(#14199));
#14199 = FILL_AREA_STYLE_COLOUR('',#13960);
#14200 = STYLED_ITEM('color',(#14201),#1473);
#14201 = PRESENTATION_STYLE_ASSIGNMENT((#14202));
#14202 = SURFACE_STYLE_USAGE(.BOTH.,#14203);
#14203 = SURFACE_SIDE_STYLE('',(#14204));
#14204 = SURFACE_STYLE_FILL_AREA(#14205);
#14205 = FILL_AREA_STYLE('',(#14206));
#14206 = FILL_AREA_STYLE_COLOUR('',#13960);
#14207 = STYLED_ITEM('color',(#14208),#1490);
#14208 = PRESENTATION_STYLE_ASSIGNMENT((#14209));
#14209 = SURFACE_STYLE_USAGE(.BOTH.,#14210);
#14210 = SURFACE_SIDE_STYLE('',(#14211));
#14211 = SURFACE_STYLE_FILL_AREA(#14212);
#14212 = FILL_AREA_STYLE('',(#14213));
#14213 = FILL_AREA_STYLE_COLOUR('',#13960);
#14214 = STYLED_ITEM('color',(#14215),#1521);
#14215 = PRESENTATION_STYLE_ASSIGNMENT((#14216));
#14216 = SURFACE_STYLE_USAGE(.BOTH.,#14217);
#14217 = SURFACE_SIDE_STYLE('',(#14218));
#14218 = SURFACE_STYLE_FILL_AREA(#14219);
#14219 = FILL_AREA_STYLE('',(#14220));
#14220 = FILL_AREA_STYLE_COLOUR('',#13960);
#14221 = STYLED_ITEM('color',(#14222),#1545);
#14222 = PRESENTATION_STYLE_ASSIGNMENT((#14223));
#14223 = SURFACE_STYLE_USAGE(.BOTH.,#14224);
#14224 = SURFACE_SIDE_STYLE('',(#14225));
#14225 = SURFACE_STYLE_FILL_AREA(#14226);
#14226 = FILL_AREA_STYLE('',(#14227));
#14227 = FILL_AREA_STYLE_COLOUR('',#13960);
#14228 = STYLED_ITEM('color',(#14229),#1569);
#14229 = PRESENTATION_STYLE_ASSIGNMENT((#14230));
#14230 = SURFACE_STYLE_USAGE(.BOTH.,#14231);
#14231 = SURFACE_SIDE_STYLE('',(#14232));
#14232 = SURFACE_STYLE_FILL_AREA(#14233);
#14233 = FILL_AREA_STYLE('',(#14234));
#14234 = FILL_AREA_STYLE_COLOUR('',#13960);
#14235 = STYLED_ITEM('color',(#14236),#1593);
#14236 = PRESENTATION_STYLE_ASSIGNMENT((#14237));
#14237 = SURFACE_STYLE_USAGE(.BOTH.,#14238);
#14238 = SURFACE_SIDE_STYLE('',(#14239));
#14239 = SURFACE_STYLE_FILL_AREA(#14240);
#14240 = FILL_AREA_STYLE('',(#14241));
#14241 = FILL_AREA_STYLE_COLOUR('',#13960);
#14242 = STYLED_ITEM('color',(#14243),#1617);
#14243 = PRESENTATION_STYLE_ASSIGNMENT((#14244));
#14244 = SURFACE_STYLE_USAGE(.BOTH.,#14245);
#14245 = SURFACE_SIDE_STYLE('',(#14246));
#14246 = SURFACE_STYLE_FILL_AREA(#14247);
#14247 = FILL_AREA_STYLE('',(#14248));
#14248 = FILL_AREA_STYLE_COLOUR('',#13960);
#14249 = STYLED_ITEM('color',(#14250),#1642);
#14250 = PRESENTATION_STYLE_ASSIGNMENT((#14251));
#14251 = SURFACE_STYLE_USAGE(.BOTH.,#14252);
#14252 = SURFACE_SIDE_STYLE('',(#14253));
#14253 = SURFACE_STYLE_FILL_AREA(#14254);
#14254 = FILL_AREA_STYLE('',(#14255));
#14255 = FILL_AREA_STYLE_COLOUR('',#13960);
#14256 = STYLED_ITEM('color',(#14257),#1666);
#14257 = PRESENTATION_STYLE_ASSIGNMENT((#14258));
#14258 = SURFACE_STYLE_USAGE(.BOTH.,#14259);
#14259 = SURFACE_SIDE_STYLE('',(#14260));
#14260 = SURFACE_STYLE_FILL_AREA(#14261);
#14261 = FILL_AREA_STYLE('',(#14262));
#14262 = FILL_AREA_STYLE_COLOUR('',#13960);
#14263 = STYLED_ITEM('color',(#14264),#1690);
#14264 = PRESENTATION_STYLE_ASSIGNMENT((#14265));
#14265 = SURFACE_STYLE_USAGE(.BOTH.,#14266);
#14266 = SURFACE_SIDE_STYLE('',(#14267));
#14267 = SURFACE_STYLE_FILL_AREA(#14268);
#14268 = FILL_AREA_STYLE('',(#14269));
#14269 = FILL_AREA_STYLE_COLOUR('',#13960);
#14270 = STYLED_ITEM('color',(#14271),#1714);
#14271 = PRESENTATION_STYLE_ASSIGNMENT((#14272));
#14272 = SURFACE_STYLE_USAGE(.BOTH.,#14273);
#14273 = SURFACE_SIDE_STYLE('',(#14274));
#14274 = SURFACE_STYLE_FILL_AREA(#14275);
#14275 = FILL_AREA_STYLE('',(#14276));
#14276 = FILL_AREA_STYLE_COLOUR('',#13960);
#14277 = STYLED_ITEM('color',(#14278),#1738);
#14278 = PRESENTATION_STYLE_ASSIGNMENT((#14279));
#14279 = SURFACE_STYLE_USAGE(.BOTH.,#14280);
#14280 = SURFACE_SIDE_STYLE('',(#14281));
#14281 = SURFACE_STYLE_FILL_AREA(#14282);
#14282 = FILL_AREA_STYLE('',(#14283));
#14283 = FILL_AREA_STYLE_COLOUR('',#13960);
#14284 = STYLED_ITEM('color',(#14285),#1762);
#14285 = PRESENTATION_STYLE_ASSIGNMENT((#14286));
#14286 = SURFACE_STYLE_USAGE(.BOTH.,#14287);
#14287 = SURFACE_SIDE_STYLE('',(#14288));
#14288 = SURFACE_STYLE_FILL_AREA(#14289);
#14289 = FILL_AREA_STYLE('',(#14290));
#14290 = FILL_AREA_STYLE_COLOUR('',#13960);
#14291 = STYLED_ITEM('color',(#14292),#1786);
#14292 = PRESENTATION_STYLE_ASSIGNMENT((#14293));
#14293 = SURFACE_STYLE_USAGE(.BOTH.,#14294);
#14294 = SURFACE_SIDE_STYLE('',(#14295));
#14295 = SURFACE_STYLE_FILL_AREA(#14296);
#14296 = FILL_AREA_STYLE('',(#14297));
#14297 = FILL_AREA_STYLE_COLOUR('',#13960);
#14298 = STYLED_ITEM('color',(#14299),#1810);
#14299 = PRESENTATION_STYLE_ASSIGNMENT((#14300));
#14300 = SURFACE_STYLE_USAGE(.BOTH.,#14301);
#14301 = SURFACE_SIDE_STYLE('',(#14302));
#14302 = SURFACE_STYLE_FILL_AREA(#14303);
#14303 = FILL_AREA_STYLE('',(#14304));
#14304 = FILL_AREA_STYLE_COLOUR('',#13960);
#14305 = STYLED_ITEM('color',(#14306),#1827);
#14306 = PRESENTATION_STYLE_ASSIGNMENT((#14307));
#14307 = SURFACE_STYLE_USAGE(.BOTH.,#14308);
#14308 = SURFACE_SIDE_STYLE('',(#14309));
#14309 = SURFACE_STYLE_FILL_AREA(#14310);
#14310 = FILL_AREA_STYLE('',(#14311));
#14311 = FILL_AREA_STYLE_COLOUR('',#13960);
#14312 = STYLED_ITEM('color',(#14313),#1858);
#14313 = PRESENTATION_STYLE_ASSIGNMENT((#14314));
#14314 = SURFACE_STYLE_USAGE(.BOTH.,#14315);
#14315 = SURFACE_SIDE_STYLE('',(#14316));
#14316 = SURFACE_STYLE_FILL_AREA(#14317);
#14317 = FILL_AREA_STYLE('',(#14318));
#14318 = FILL_AREA_STYLE_COLOUR('',#13960);
#14319 = STYLED_ITEM('color',(#14320),#1882);
#14320 = PRESENTATION_STYLE_ASSIGNMENT((#14321));
#14321 = SURFACE_STYLE_USAGE(.BOTH.,#14322);
#14322 = SURFACE_SIDE_STYLE('',(#14323));
#14323 = SURFACE_STYLE_FILL_AREA(#14324);
#14324 = FILL_AREA_STYLE('',(#14325));
#14325 = FILL_AREA_STYLE_COLOUR('',#13960);
#14326 = STYLED_ITEM('color',(#14327),#1906);
#14327 = PRESENTATION_STYLE_ASSIGNMENT((#14328));
#14328 = SURFACE_STYLE_USAGE(.BOTH.,#14329);
#14329 = SURFACE_SIDE_STYLE('',(#14330));
#14330 = SURFACE_STYLE_FILL_AREA(#14331);
#14331 = FILL_AREA_STYLE('',(#14332));
#14332 = FILL_AREA_STYLE_COLOUR('',#13960);
#14333 = STYLED_ITEM('color',(#14334),#1930);
#14334 = PRESENTATION_STYLE_ASSIGNMENT((#14335));
#14335 = SURFACE_STYLE_USAGE(.BOTH.,#14336);
#14336 = SURFACE_SIDE_STYLE('',(#14337));
#14337 = SURFACE_STYLE_FILL_AREA(#14338);
#14338 = FILL_AREA_STYLE('',(#14339));
#14339 = FILL_AREA_STYLE_COLOUR('',#13960);
#14340 = STYLED_ITEM('color',(#14341),#1954);
#14341 = PRESENTATION_STYLE_ASSIGNMENT((#14342));
#14342 = SURFACE_STYLE_USAGE(.BOTH.,#14343);
#14343 = SURFACE_SIDE_STYLE('',(#14344));
#14344 = SURFACE_STYLE_FILL_AREA(#14345);
#14345 = FILL_AREA_STYLE('',(#14346));
#14346 = FILL_AREA_STYLE_COLOUR('',#13960);
#14347 = STYLED_ITEM('color',(#14348),#1978);
#14348 = PRESENTATION_STYLE_ASSIGNMENT((#14349));
#14349 = SURFACE_STYLE_USAGE(.BOTH.,#14350);
#14350 = SURFACE_SIDE_STYLE('',(#14351));
#14351 = SURFACE_STYLE_FILL_AREA(#14352);
#14352 = FILL_AREA_STYLE('',(#14353));
#14353 = FILL_AREA_STYLE_COLOUR('',#13960);
#14354 = STYLED_ITEM('color',(#14355),#2003);
#14355 = PRESENTATION_STYLE_ASSIGNMENT((#14356));
#14356 = SURFACE_STYLE_USAGE(.BOTH.,#14357);
#14357 = SURFACE_SIDE_STYLE('',(#14358));
#14358 = SURFACE_STYLE_FILL_AREA(#14359);
#14359 = FILL_AREA_STYLE('',(#14360));
#14360 = FILL_AREA_STYLE_COLOUR('',#13960);
#14361 = STYLED_ITEM('color',(#14362),#2027);
#14362 = PRESENTATION_STYLE_ASSIGNMENT((#14363));
#14363 = SURFACE_STYLE_USAGE(.BOTH.,#14364);
#14364 = SURFACE_SIDE_STYLE('',(#14365));
#14365 = SURFACE_STYLE_FILL_AREA(#14366);
#14366 = FILL_AREA_STYLE('',(#14367));
#14367 = FILL_AREA_STYLE_COLOUR('',#13960);
#14368 = STYLED_ITEM('color',(#14369),#2051);
#14369 = PRESENTATION_STYLE_ASSIGNMENT((#14370));
#14370 = SURFACE_STYLE_USAGE(.BOTH.,#14371);
#14371 = SURFACE_SIDE_STYLE('',(#14372));
#14372 = SURFACE_STYLE_FILL_AREA(#14373);
#14373 = FILL_AREA_STYLE('',(#14374));
#14374 = FILL_AREA_STYLE_COLOUR('',#13960);
#14375 = STYLED_ITEM('color',(#14376),#2075);
#14376 = PRESENTATION_STYLE_ASSIGNMENT((#14377));
#14377 = SURFACE_STYLE_USAGE(.BOTH.,#14378);
#14378 = SURFACE_SIDE_STYLE('',(#14379));
#14379 = SURFACE_STYLE_FILL_AREA(#14380);
#14380 = FILL_AREA_STYLE('',(#14381));
#14381 = FILL_AREA_STYLE_COLOUR('',#13960);
#14382 = STYLED_ITEM('color',(#14383),#2099);
#14383 = PRESENTATION_STYLE_ASSIGNMENT((#14384));
#14384 = SURFACE_STYLE_USAGE(.BOTH.,#14385);
#14385 = SURFACE_SIDE_STYLE('',(#14386));
#14386 = SURFACE_STYLE_FILL_AREA(#14387);
#14387 = FILL_AREA_STYLE('',(#14388));
#14388 = FILL_AREA_STYLE_COLOUR('',#13960);
#14389 = STYLED_ITEM('color',(#14390),#2123);
#14390 = PRESENTATION_STYLE_ASSIGNMENT((#14391));
#14391 = SURFACE_STYLE_USAGE(.BOTH.,#14392);
#14392 = SURFACE_SIDE_STYLE('',(#14393));
#14393 = SURFACE_STYLE_FILL_AREA(#14394);
#14394 = FILL_AREA_STYLE('',(#14395));
#14395 = FILL_AREA_STYLE_COLOUR('',#13960);
#14396 = STYLED_ITEM('color',(#14397),#2147);
#14397 = PRESENTATION_STYLE_ASSIGNMENT((#14398));
#14398 = SURFACE_STYLE_USAGE(.BOTH.,#14399);
#14399 = SURFACE_SIDE_STYLE('',(#14400));
#14400 = SURFACE_STYLE_FILL_AREA(#14401);
#14401 = FILL_AREA_STYLE('',(#14402));
#14402 = FILL_AREA_STYLE_COLOUR('',#13960);
#14403 = STYLED_ITEM('color',(#14404),#2164);
#14404 = PRESENTATION_STYLE_ASSIGNMENT((#14405));
#14405 = SURFACE_STYLE_USAGE(.BOTH.,#14406);
#14406 = SURFACE_SIDE_STYLE('',(#14407));
#14407 = SURFACE_STYLE_FILL_AREA(#14408);
#14408 = FILL_AREA_STYLE('',(#14409));
#14409 = FILL_AREA_STYLE_COLOUR('',#14031);
#14410 = STYLED_ITEM('color',(#14411),#2195);
#14411 = PRESENTATION_STYLE_ASSIGNMENT((#14412));
#14412 = SURFACE_STYLE_USAGE(.BOTH.,#14413);
#14413 = SURFACE_SIDE_STYLE('',(#14414));
#14414 = SURFACE_STYLE_FILL_AREA(#14415);
#14415 = FILL_AREA_STYLE('',(#14416));
#14416 = FILL_AREA_STYLE_COLOUR('',#14031);
#14417 = STYLED_ITEM('color',(#14418),#2219);
#14418 = PRESENTATION_STYLE_ASSIGNMENT((#14419));
#14419 = SURFACE_STYLE_USAGE(.BOTH.,#14420);
#14420 = SURFACE_SIDE_STYLE('',(#14421));
#14421 = SURFACE_STYLE_FILL_AREA(#14422);
#14422 = FILL_AREA_STYLE('',(#14423));
#14423 = FILL_AREA_STYLE_COLOUR('',#14031);
#14424 = STYLED_ITEM('color',(#14425),#2243);
#14425 = PRESENTATION_STYLE_ASSIGNMENT((#14426));
#14426 = SURFACE_STYLE_USAGE(.BOTH.,#14427);
#14427 = SURFACE_SIDE_STYLE('',(#14428));
#14428 = SURFACE_STYLE_FILL_AREA(#14429);
#14429 = FILL_AREA_STYLE('',(#14430));
#14430 = FILL_AREA_STYLE_COLOUR('',#14031);
#14431 = STYLED_ITEM('color',(#14432),#2260);
#14432 = PRESENTATION_STYLE_ASSIGNMENT((#14433));
#14433 = SURFACE_STYLE_USAGE(.BOTH.,#14434);
#14434 = SURFACE_SIDE_STYLE('',(#14435));
#14435 = SURFACE_STYLE_FILL_AREA(#14436);
#14436 = FILL_AREA_STYLE('',(#14437));
#14437 = FILL_AREA_STYLE_COLOUR('',#14031);
#14438 = STYLED_ITEM('color',(#14439),#2291);
#14439 = PRESENTATION_STYLE_ASSIGNMENT((#14440));
#14440 = SURFACE_STYLE_USAGE(.BOTH.,#14441);
#14441 = SURFACE_SIDE_STYLE('',(#14442));
#14442 = SURFACE_STYLE_FILL_AREA(#14443);
#14443 = FILL_AREA_STYLE('',(#14444));
#14444 = FILL_AREA_STYLE_COLOUR('',#14031);
#14445 = STYLED_ITEM('color',(#14446),#2315);
#14446 = PRESENTATION_STYLE_ASSIGNMENT((#14447));
#14447 = SURFACE_STYLE_USAGE(.BOTH.,#14448);
#14448 = SURFACE_SIDE_STYLE('',(#14449));
#14449 = SURFACE_STYLE_FILL_AREA(#14450);
#14450 = FILL_AREA_STYLE('',(#14451));
#14451 = FILL_AREA_STYLE_COLOUR('',#14031);
#14452 = STYLED_ITEM('color',(#14453),#2339);
#14453 = PRESENTATION_STYLE_ASSIGNMENT((#14454));
#14454 = SURFACE_STYLE_USAGE(.BOTH.,#14455);
#14455 = SURFACE_SIDE_STYLE('',(#14456));
#14456 = SURFACE_STYLE_FILL_AREA(#14457);
#14457 = FILL_AREA_STYLE('',(#14458));
#14458 = FILL_AREA_STYLE_COLOUR('',#14031);
#14459 = STYLED_ITEM('color',(#14460),#2356);
#14460 = PRESENTATION_STYLE_ASSIGNMENT((#14461));
#14461 = SURFACE_STYLE_USAGE(.BOTH.,#14462);
#14462 = SURFACE_SIDE_STYLE('',(#14463));
#14463 = SURFACE_STYLE_FILL_AREA(#14464);
#14464 = FILL_AREA_STYLE('',(#14465));
#14465 = FILL_AREA_STYLE_COLOUR('',#14031);
#14466 = STYLED_ITEM('color',(#14467),#2387);
#14467 = PRESENTATION_STYLE_ASSIGNMENT((#14468));
#14468 = SURFACE_STYLE_USAGE(.BOTH.,#14469);
#14469 = SURFACE_SIDE_STYLE('',(#14470));
#14470 = SURFACE_STYLE_FILL_AREA(#14471);
#14471 = FILL_AREA_STYLE('',(#14472));
#14472 = FILL_AREA_STYLE_COLOUR('',#14031);
#14473 = STYLED_ITEM('color',(#14474),#2411);
#14474 = PRESENTATION_STYLE_ASSIGNMENT((#14475));
#14475 = SURFACE_STYLE_USAGE(.BOTH.,#14476);
#14476 = SURFACE_SIDE_STYLE('',(#14477));
#14477 = SURFACE_STYLE_FILL_AREA(#14478);
#14478 = FILL_AREA_STYLE('',(#14479));
#14479 = FILL_AREA_STYLE_COLOUR('',#14031);
#14480 = STYLED_ITEM('color',(#14481),#2435);
#14481 = PRESENTATION_STYLE_ASSIGNMENT((#14482));
#14482 = SURFACE_STYLE_USAGE(.BOTH.,#14483);
#14483 = SURFACE_SIDE_STYLE('',(#14484));
#14484 = SURFACE_STYLE_FILL_AREA(#14485);
#14485 = FILL_AREA_STYLE('',(#14486));
#14486 = FILL_AREA_STYLE_COLOUR('',#14031);
#14487 = STYLED_ITEM('color',(#14488),#2452);
#14488 = PRESENTATION_STYLE_ASSIGNMENT((#14489));
#14489 = SURFACE_STYLE_USAGE(.BOTH.,#14490);
#14490 = SURFACE_SIDE_STYLE('',(#14491));
#14491 = SURFACE_STYLE_FILL_AREA(#14492);
#14492 = FILL_AREA_STYLE('',(#14493));
#14493 = FILL_AREA_STYLE_COLOUR('',#13960);
#14494 = STYLED_ITEM('color',(#14495),#2508);
#14495 = PRESENTATION_STYLE_ASSIGNMENT((#14496));
#14496 = SURFACE_STYLE_USAGE(.BOTH.,#14497);
#14497 = SURFACE_SIDE_STYLE('',(#14498));
#14498 = SURFACE_STYLE_FILL_AREA(#14499);
#14499 = FILL_AREA_STYLE('',(#14500));
#14500 = FILL_AREA_STYLE_COLOUR('',#13960);
#14501 = STYLED_ITEM('color',(#14502),#2564);
#14502 = PRESENTATION_STYLE_ASSIGNMENT((#14503));
#14503 = SURFACE_STYLE_USAGE(.BOTH.,#14504);
#14504 = SURFACE_SIDE_STYLE('',(#14505));
#14505 = SURFACE_STYLE_FILL_AREA(#14506);
#14506 = FILL_AREA_STYLE('',(#14507));
#14507 = FILL_AREA_STYLE_COLOUR('',#13960);
#14508 = STYLED_ITEM('color',(#14509),#2620);
#14509 = PRESENTATION_STYLE_ASSIGNMENT((#14510));
#14510 = SURFACE_STYLE_USAGE(.BOTH.,#14511);
#14511 = SURFACE_SIDE_STYLE('',(#14512));
#14512 = SURFACE_STYLE_FILL_AREA(#14513);
#14513 = FILL_AREA_STYLE('',(#14514));
#14514 = FILL_AREA_STYLE_COLOUR('',#14031);
#14515 = STYLED_ITEM('color',(#14516),#2632);
#14516 = PRESENTATION_STYLE_ASSIGNMENT((#14517));
#14517 = SURFACE_STYLE_USAGE(.BOTH.,#14518);
#14518 = SURFACE_SIDE_STYLE('',(#14519));
#14519 = SURFACE_STYLE_FILL_AREA(#14520);
#14520 = FILL_AREA_STYLE('',(#14521));
#14521 = FILL_AREA_STYLE_COLOUR('',#14031);
#14522 = STYLED_ITEM('color',(#14523),#2644);
#14523 = PRESENTATION_STYLE_ASSIGNMENT((#14524));
#14524 = SURFACE_STYLE_USAGE(.BOTH.,#14525);
#14525 = SURFACE_SIDE_STYLE('',(#14526));
#14526 = SURFACE_STYLE_FILL_AREA(#14527);
#14527 = FILL_AREA_STYLE('',(#14528));
#14528 = FILL_AREA_STYLE_COLOUR('',#14031);
#14529 = STYLED_ITEM('color',(#14530),#2656);
#14530 = PRESENTATION_STYLE_ASSIGNMENT((#14531));
#14531 = SURFACE_STYLE_USAGE(.BOTH.,#14532);
#14532 = SURFACE_SIDE_STYLE('',(#14533));
#14533 = SURFACE_STYLE_FILL_AREA(#14534);
#14534 = FILL_AREA_STYLE('',(#14535));
#14535 = FILL_AREA_STYLE_COLOUR('',#14031);
#14536 = STYLED_ITEM('color',(#14537),#2687);
#14537 = PRESENTATION_STYLE_ASSIGNMENT((#14538));
#14538 = SURFACE_STYLE_USAGE(.BOTH.,#14539);
#14539 = SURFACE_SIDE_STYLE('',(#14540));
#14540 = SURFACE_STYLE_FILL_AREA(#14541);
#14541 = FILL_AREA_STYLE('',(#14542));
#14542 = FILL_AREA_STYLE_COLOUR('',#14031);
#14543 = STYLED_ITEM('color',(#14544),#2711);
#14544 = PRESENTATION_STYLE_ASSIGNMENT((#14545));
#14545 = SURFACE_STYLE_USAGE(.BOTH.,#14546);
#14546 = SURFACE_SIDE_STYLE('',(#14547));
#14547 = SURFACE_STYLE_FILL_AREA(#14548);
#14548 = FILL_AREA_STYLE('',(#14549));
#14549 = FILL_AREA_STYLE_COLOUR('',#14031);
#14550 = STYLED_ITEM('color',(#14551),#2735);
#14551 = PRESENTATION_STYLE_ASSIGNMENT((#14552));
#14552 = SURFACE_STYLE_USAGE(.BOTH.,#14553);
#14553 = SURFACE_SIDE_STYLE('',(#14554));
#14554 = SURFACE_STYLE_FILL_AREA(#14555);
#14555 = FILL_AREA_STYLE('',(#14556));
#14556 = FILL_AREA_STYLE_COLOUR('',#14031);
#14557 = STYLED_ITEM('color',(#14558),#2752);
#14558 = PRESENTATION_STYLE_ASSIGNMENT((#14559));
#14559 = SURFACE_STYLE_USAGE(.BOTH.,#14560);
#14560 = SURFACE_SIDE_STYLE('',(#14561));
#14561 = SURFACE_STYLE_FILL_AREA(#14562);
#14562 = FILL_AREA_STYLE('',(#14563));
#14563 = FILL_AREA_STYLE_COLOUR('',#14031);
#14564 = STYLED_ITEM('color',(#14565),#2783);
#14565 = PRESENTATION_STYLE_ASSIGNMENT((#14566));
#14566 = SURFACE_STYLE_USAGE(.BOTH.,#14567);
#14567 = SURFACE_SIDE_STYLE('',(#14568));
#14568 = SURFACE_STYLE_FILL_AREA(#14569);
#14569 = FILL_AREA_STYLE('',(#14570));
#14570 = FILL_AREA_STYLE_COLOUR('',#14031);
#14571 = STYLED_ITEM('color',(#14572),#2807);
#14572 = PRESENTATION_STYLE_ASSIGNMENT((#14573));
#14573 = SURFACE_STYLE_USAGE(.BOTH.,#14574);
#14574 = SURFACE_SIDE_STYLE('',(#14575));
#14575 = SURFACE_STYLE_FILL_AREA(#14576);
#14576 = FILL_AREA_STYLE('',(#14577));
#14577 = FILL_AREA_STYLE_COLOUR('',#14031);
#14578 = STYLED_ITEM('color',(#14579),#2831);
#14579 = PRESENTATION_STYLE_ASSIGNMENT((#14580));
#14580 = SURFACE_STYLE_USAGE(.BOTH.,#14581);
#14581 = SURFACE_SIDE_STYLE('',(#14582));
#14582 = SURFACE_STYLE_FILL_AREA(#14583);
#14583 = FILL_AREA_STYLE('',(#14584));
#14584 = FILL_AREA_STYLE_COLOUR('',#14031);
#14585 = STYLED_ITEM('color',(#14586),#2848);
#14586 = PRESENTATION_STYLE_ASSIGNMENT((#14587));
#14587 = SURFACE_STYLE_USAGE(.BOTH.,#14588);
#14588 = SURFACE_SIDE_STYLE('',(#14589));
#14589 = SURFACE_STYLE_FILL_AREA(#14590);
#14590 = FILL_AREA_STYLE('',(#14591));
#14591 = FILL_AREA_STYLE_COLOUR('',#14031);
#14592 = STYLED_ITEM('color',(#14593),#2879);
#14593 = PRESENTATION_STYLE_ASSIGNMENT((#14594));
#14594 = SURFACE_STYLE_USAGE(.BOTH.,#14595);
#14595 = SURFACE_SIDE_STYLE('',(#14596));
#14596 = SURFACE_STYLE_FILL_AREA(#14597);
#14597 = FILL_AREA_STYLE('',(#14598));
#14598 = FILL_AREA_STYLE_COLOUR('',#14031);
#14599 = STYLED_ITEM('color',(#14600),#2903);
#14600 = PRESENTATION_STYLE_ASSIGNMENT((#14601));
#14601 = SURFACE_STYLE_USAGE(.BOTH.,#14602);
#14602 = SURFACE_SIDE_STYLE('',(#14603));
#14603 = SURFACE_STYLE_FILL_AREA(#14604);
#14604 = FILL_AREA_STYLE('',(#14605));
#14605 = FILL_AREA_STYLE_COLOUR('',#14031);
#14606 = STYLED_ITEM('color',(#14607),#2927);
#14607 = PRESENTATION_STYLE_ASSIGNMENT((#14608));
#14608 = SURFACE_STYLE_USAGE(.BOTH.,#14609);
#14609 = SURFACE_SIDE_STYLE('',(#14610));
#14610 = SURFACE_STYLE_FILL_AREA(#14611);
#14611 = FILL_AREA_STYLE('',(#14612));
#14612 = FILL_AREA_STYLE_COLOUR('',#14031);
#14613 = STYLED_ITEM('color',(#14614),#2944);
#14614 = PRESENTATION_STYLE_ASSIGNMENT((#14615));
#14615 = SURFACE_STYLE_USAGE(.BOTH.,#14616);
#14616 = SURFACE_SIDE_STYLE('',(#14617));
#14617 = SURFACE_STYLE_FILL_AREA(#14618);
#14618 = FILL_AREA_STYLE('',(#14619));
#14619 = FILL_AREA_STYLE_COLOUR('',#14031);
#14620 = STYLED_ITEM('color',(#14621),#2975);
#14621 = PRESENTATION_STYLE_ASSIGNMENT((#14622));
#14622 = SURFACE_STYLE_USAGE(.BOTH.,#14623);
#14623 = SURFACE_SIDE_STYLE('',(#14624));
#14624 = SURFACE_STYLE_FILL_AREA(#14625);
#14625 = FILL_AREA_STYLE('',(#14626));
#14626 = FILL_AREA_STYLE_COLOUR('',#14031);
#14627 = STYLED_ITEM('color',(#14628),#2999);
#14628 = PRESENTATION_STYLE_ASSIGNMENT((#14629));
#14629 = SURFACE_STYLE_USAGE(.BOTH.,#14630);
#14630 = SURFACE_SIDE_STYLE('',(#14631));
#14631 = SURFACE_STYLE_FILL_AREA(#14632);
#14632 = FILL_AREA_STYLE('',(#14633));
#14633 = FILL_AREA_STYLE_COLOUR('',#14031);
#14634 = STYLED_ITEM('color',(#14635),#3023);
#14635 = PRESENTATION_STYLE_ASSIGNMENT((#14636));
#14636 = SURFACE_STYLE_USAGE(.BOTH.,#14637);
#14637 = SURFACE_SIDE_STYLE('',(#14638));
#14638 = SURFACE_STYLE_FILL_AREA(#14639);
#14639 = FILL_AREA_STYLE('',(#14640));
#14640 = FILL_AREA_STYLE_COLOUR('',#14031);
#14641 = STYLED_ITEM('color',(#14642),#3040);
#14642 = PRESENTATION_STYLE_ASSIGNMENT((#14643));
#14643 = SURFACE_STYLE_USAGE(.BOTH.,#14644);
#14644 = SURFACE_SIDE_STYLE('',(#14645));
#14645 = SURFACE_STYLE_FILL_AREA(#14646);
#14646 = FILL_AREA_STYLE('',(#14647));
#14647 = FILL_AREA_STYLE_COLOUR('',#14031);
#14648 = STYLED_ITEM('color',(#14649),#3071);
#14649 = PRESENTATION_STYLE_ASSIGNMENT((#14650));
#14650 = SURFACE_STYLE_USAGE(.BOTH.,#14651);
#14651 = SURFACE_SIDE_STYLE('',(#14652));
#14652 = SURFACE_STYLE_FILL_AREA(#14653);
#14653 = FILL_AREA_STYLE('',(#14654));
#14654 = FILL_AREA_STYLE_COLOUR('',#14031);
#14655 = STYLED_ITEM('color',(#14656),#3095);
#14656 = PRESENTATION_STYLE_ASSIGNMENT((#14657));
#14657 = SURFACE_STYLE_USAGE(.BOTH.,#14658);
#14658 = SURFACE_SIDE_STYLE('',(#14659));
#14659 = SURFACE_STYLE_FILL_AREA(#14660);
#14660 = FILL_AREA_STYLE('',(#14661));
#14661 = FILL_AREA_STYLE_COLOUR('',#14031);
#14662 = STYLED_ITEM('color',(#14663),#3119);
#14663 = PRESENTATION_STYLE_ASSIGNMENT((#14664));
#14664 = SURFACE_STYLE_USAGE(.BOTH.,#14665);
#14665 = SURFACE_SIDE_STYLE('',(#14666));
#14666 = SURFACE_STYLE_FILL_AREA(#14667);
#14667 = FILL_AREA_STYLE('',(#14668));
#14668 = FILL_AREA_STYLE_COLOUR('',#14031);
#14669 = STYLED_ITEM('color',(#14670),#3136);
#14670 = PRESENTATION_STYLE_ASSIGNMENT((#14671));
#14671 = SURFACE_STYLE_USAGE(.BOTH.,#14672);
#14672 = SURFACE_SIDE_STYLE('',(#14673));
#14673 = SURFACE_STYLE_FILL_AREA(#14674);
#14674 = FILL_AREA_STYLE('',(#14675));
#14675 = FILL_AREA_STYLE_COLOUR('',#14031);
#14676 = STYLED_ITEM('color',(#14677),#3167);
#14677 = PRESENTATION_STYLE_ASSIGNMENT((#14678));
#14678 = SURFACE_STYLE_USAGE(.BOTH.,#14679);
#14679 = SURFACE_SIDE_STYLE('',(#14680));
#14680 = SURFACE_STYLE_FILL_AREA(#14681);
#14681 = FILL_AREA_STYLE('',(#14682));
#14682 = FILL_AREA_STYLE_COLOUR('',#14031);
#14683 = STYLED_ITEM('color',(#14684),#3191);
#14684 = PRESENTATION_STYLE_ASSIGNMENT((#14685));
#14685 = SURFACE_STYLE_USAGE(.BOTH.,#14686);
#14686 = SURFACE_SIDE_STYLE('',(#14687));
#14687 = SURFACE_STYLE_FILL_AREA(#14688);
#14688 = FILL_AREA_STYLE('',(#14689));
#14689 = FILL_AREA_STYLE_COLOUR('',#14031);
#14690 = STYLED_ITEM('color',(#14691),#3215);
#14691 = PRESENTATION_STYLE_ASSIGNMENT((#14692));
#14692 = SURFACE_STYLE_USAGE(.BOTH.,#14693);
#14693 = SURFACE_SIDE_STYLE('',(#14694));
#14694 = SURFACE_STYLE_FILL_AREA(#14695);
#14695 = FILL_AREA_STYLE('',(#14696));
#14696 = FILL_AREA_STYLE_COLOUR('',#14031);
#14697 = STYLED_ITEM('color',(#14698),#3232);
#14698 = PRESENTATION_STYLE_ASSIGNMENT((#14699));
#14699 = SURFACE_STYLE_USAGE(.BOTH.,#14700);
#14700 = SURFACE_SIDE_STYLE('',(#14701));
#14701 = SURFACE_STYLE_FILL_AREA(#14702);
#14702 = FILL_AREA_STYLE('',(#14703));
#14703 = FILL_AREA_STYLE_COLOUR('',#14031);
#14704 = STYLED_ITEM('color',(#14705),#3244);
#14705 = PRESENTATION_STYLE_ASSIGNMENT((#14706));
#14706 = SURFACE_STYLE_USAGE(.BOTH.,#14707);
#14707 = SURFACE_SIDE_STYLE('',(#14708));
#14708 = SURFACE_STYLE_FILL_AREA(#14709);
#14709 = FILL_AREA_STYLE('',(#14710));
#14710 = FILL_AREA_STYLE_COLOUR('',#14031);
#14711 = STYLED_ITEM('color',(#14712),#3256);
#14712 = PRESENTATION_STYLE_ASSIGNMENT((#14713));
#14713 = SURFACE_STYLE_USAGE(.BOTH.,#14714);
#14714 = SURFACE_SIDE_STYLE('',(#14715));
#14715 = SURFACE_STYLE_FILL_AREA(#14716);
#14716 = FILL_AREA_STYLE('',(#14717));
#14717 = FILL_AREA_STYLE_COLOUR('',#14031);
#14718 = MECHANICAL_DESIGN_GEOMETRIC_PRESENTATION_REPRESENTATION('',(
    #14719,#14727,#14734,#14741,#14748,#14755,#14762,#14769,#14776,
    #14783,#14790,#14797,#14804,#14811,#14818,#14825,#14832,#14839,
    #14846,#14853,#14860,#14867,#14874,#14882,#14889,#14896,#14903,
    #14910,#14917,#14924,#14931,#14938,#14945,#14952,#14959,#14966,
    #14973,#14980,#14987,#14994,#15001,#15008,#15015,#15022,#15029,
    #15036,#15043,#15050,#15057,#15064,#15071,#15078,#15085,#15092,
    #15099,#15106,#15113,#15120,#15127,#15134,#15141,#15148,#15155,
    #15162,#15169,#15176,#15183,#15190,#15197,#15204,#15211,#15218,
    #15225,#15232,#15239,#15246),#9438);
#14719 = STYLED_ITEM('color',(#14720),#7334);
#14720 = PRESENTATION_STYLE_ASSIGNMENT((#14721));
#14721 = SURFACE_STYLE_USAGE(.BOTH.,#14722);
#14722 = SURFACE_SIDE_STYLE('',(#14723));
#14723 = SURFACE_STYLE_FILL_AREA(#14724);
#14724 = FILL_AREA_STYLE('',(#14725));
#14725 = FILL_AREA_STYLE_COLOUR('',#14726);
#14726 = COLOUR_RGB('',0.147999998088,0.144999993226,0.144999993226);
#14727 = STYLED_ITEM('color',(#14728),#7374);
#14728 = PRESENTATION_STYLE_ASSIGNMENT((#14729));
#14729 = SURFACE_STYLE_USAGE(.BOTH.,#14730);
#14730 = SURFACE_SIDE_STYLE('',(#14731));
#14731 = SURFACE_STYLE_FILL_AREA(#14732);
#14732 = FILL_AREA_STYLE('',(#14733));
#14733 = FILL_AREA_STYLE_COLOUR('',#14726);
#14734 = STYLED_ITEM('color',(#14735),#7405);
#14735 = PRESENTATION_STYLE_ASSIGNMENT((#14736));
#14736 = SURFACE_STYLE_USAGE(.BOTH.,#14737);
#14737 = SURFACE_SIDE_STYLE('',(#14738));
#14738 = SURFACE_STYLE_FILL_AREA(#14739);
#14739 = FILL_AREA_STYLE('',(#14740));
#14740 = FILL_AREA_STYLE_COLOUR('',#14726);
#14741 = STYLED_ITEM('color',(#14742),#7436);
#14742 = PRESENTATION_STYLE_ASSIGNMENT((#14743));
#14743 = SURFACE_STYLE_USAGE(.BOTH.,#14744);
#14744 = SURFACE_SIDE_STYLE('',(#14745));
#14745 = SURFACE_STYLE_FILL_AREA(#14746);
#14746 = FILL_AREA_STYLE('',(#14747));
#14747 = FILL_AREA_STYLE_COLOUR('',#14726);
#14748 = STYLED_ITEM('color',(#14749),#7683);
#14749 = PRESENTATION_STYLE_ASSIGNMENT((#14750));
#14750 = SURFACE_STYLE_USAGE(.BOTH.,#14751);
#14751 = SURFACE_SIDE_STYLE('',(#14752));
#14752 = SURFACE_STYLE_FILL_AREA(#14753);
#14753 = FILL_AREA_STYLE('',(#14754));
#14754 = FILL_AREA_STYLE_COLOUR('',#14726);
#14755 = STYLED_ITEM('color',(#14756),#7930);
#14756 = PRESENTATION_STYLE_ASSIGNMENT((#14757));
#14757 = SURFACE_STYLE_USAGE(.BOTH.,#14758);
#14758 = SURFACE_SIDE_STYLE('',(#14759));
#14759 = SURFACE_STYLE_FILL_AREA(#14760);
#14760 = FILL_AREA_STYLE('',(#14761));
#14761 = FILL_AREA_STYLE_COLOUR('',#14726);
#14762 = STYLED_ITEM('color',(#14763),#7947);
#14763 = PRESENTATION_STYLE_ASSIGNMENT((#14764));
#14764 = SURFACE_STYLE_USAGE(.BOTH.,#14765);
#14765 = SURFACE_SIDE_STYLE('',(#14766));
#14766 = SURFACE_STYLE_FILL_AREA(#14767);
#14767 = FILL_AREA_STYLE('',(#14768));
#14768 = FILL_AREA_STYLE_COLOUR('',#14726);
#14769 = STYLED_ITEM('color',(#14770),#7964);
#14770 = PRESENTATION_STYLE_ASSIGNMENT((#14771));
#14771 = SURFACE_STYLE_USAGE(.BOTH.,#14772);
#14772 = SURFACE_SIDE_STYLE('',(#14773));
#14773 = SURFACE_STYLE_FILL_AREA(#14774);
#14774 = FILL_AREA_STYLE('',(#14775));
#14775 = FILL_AREA_STYLE_COLOUR('',#14726);
#14776 = STYLED_ITEM('color',(#14777),#7981);
#14777 = PRESENTATION_STYLE_ASSIGNMENT((#14778));
#14778 = SURFACE_STYLE_USAGE(.BOTH.,#14779);
#14779 = SURFACE_SIDE_STYLE('',(#14780));
#14780 = SURFACE_STYLE_FILL_AREA(#14781);
#14781 = FILL_AREA_STYLE('',(#14782));
#14782 = FILL_AREA_STYLE_COLOUR('',#14726);
#14783 = STYLED_ITEM('color',(#14784),#7998);
#14784 = PRESENTATION_STYLE_ASSIGNMENT((#14785));
#14785 = SURFACE_STYLE_USAGE(.BOTH.,#14786);
#14786 = SURFACE_SIDE_STYLE('',(#14787));
#14787 = SURFACE_STYLE_FILL_AREA(#14788);
#14788 = FILL_AREA_STYLE('',(#14789));
#14789 = FILL_AREA_STYLE_COLOUR('',#14726);
#14790 = STYLED_ITEM('color',(#14791),#8015);
#14791 = PRESENTATION_STYLE_ASSIGNMENT((#14792));
#14792 = SURFACE_STYLE_USAGE(.BOTH.,#14793);
#14793 = SURFACE_SIDE_STYLE('',(#14794));
#14794 = SURFACE_STYLE_FILL_AREA(#14795);
#14795 = FILL_AREA_STYLE('',(#14796));
#14796 = FILL_AREA_STYLE_COLOUR('',#14726);
#14797 = STYLED_ITEM('color',(#14798),#8032);
#14798 = PRESENTATION_STYLE_ASSIGNMENT((#14799));
#14799 = SURFACE_STYLE_USAGE(.BOTH.,#14800);
#14800 = SURFACE_SIDE_STYLE('',(#14801));
#14801 = SURFACE_STYLE_FILL_AREA(#14802);
#14802 = FILL_AREA_STYLE('',(#14803));
#14803 = FILL_AREA_STYLE_COLOUR('',#14726);
#14804 = STYLED_ITEM('color',(#14805),#8049);
#14805 = PRESENTATION_STYLE_ASSIGNMENT((#14806));
#14806 = SURFACE_STYLE_USAGE(.BOTH.,#14807);
#14807 = SURFACE_SIDE_STYLE('',(#14808));
#14808 = SURFACE_STYLE_FILL_AREA(#14809);
#14809 = FILL_AREA_STYLE('',(#14810));
#14810 = FILL_AREA_STYLE_COLOUR('',#14726);
#14811 = STYLED_ITEM('color',(#14812),#8066);
#14812 = PRESENTATION_STYLE_ASSIGNMENT((#14813));
#14813 = SURFACE_STYLE_USAGE(.BOTH.,#14814);
#14814 = SURFACE_SIDE_STYLE('',(#14815));
#14815 = SURFACE_STYLE_FILL_AREA(#14816);
#14816 = FILL_AREA_STYLE('',(#14817));
#14817 = FILL_AREA_STYLE_COLOUR('',#14726);
#14818 = STYLED_ITEM('color',(#14819),#8083);
#14819 = PRESENTATION_STYLE_ASSIGNMENT((#14820));
#14820 = SURFACE_STYLE_USAGE(.BOTH.,#14821);
#14821 = SURFACE_SIDE_STYLE('',(#14822));
#14822 = SURFACE_STYLE_FILL_AREA(#14823);
#14823 = FILL_AREA_STYLE('',(#14824));
#14824 = FILL_AREA_STYLE_COLOUR('',#14726);
#14825 = STYLED_ITEM('color',(#14826),#8100);
#14826 = PRESENTATION_STYLE_ASSIGNMENT((#14827));
#14827 = SURFACE_STYLE_USAGE(.BOTH.,#14828);
#14828 = SURFACE_SIDE_STYLE('',(#14829));
#14829 = SURFACE_STYLE_FILL_AREA(#14830);
#14830 = FILL_AREA_STYLE('',(#14831));
#14831 = FILL_AREA_STYLE_COLOUR('',#14726);
#14832 = STYLED_ITEM('color',(#14833),#8117);
#14833 = PRESENTATION_STYLE_ASSIGNMENT((#14834));
#14834 = SURFACE_STYLE_USAGE(.BOTH.,#14835);
#14835 = SURFACE_SIDE_STYLE('',(#14836));
#14836 = SURFACE_STYLE_FILL_AREA(#14837);
#14837 = FILL_AREA_STYLE('',(#14838));
#14838 = FILL_AREA_STYLE_COLOUR('',#14726);
#14839 = STYLED_ITEM('color',(#14840),#8134);
#14840 = PRESENTATION_STYLE_ASSIGNMENT((#14841));
#14841 = SURFACE_STYLE_USAGE(.BOTH.,#14842);
#14842 = SURFACE_SIDE_STYLE('',(#14843));
#14843 = SURFACE_STYLE_FILL_AREA(#14844);
#14844 = FILL_AREA_STYLE('',(#14845));
#14845 = FILL_AREA_STYLE_COLOUR('',#14726);
#14846 = STYLED_ITEM('color',(#14847),#8151);
#14847 = PRESENTATION_STYLE_ASSIGNMENT((#14848));
#14848 = SURFACE_STYLE_USAGE(.BOTH.,#14849);
#14849 = SURFACE_SIDE_STYLE('',(#14850));
#14850 = SURFACE_STYLE_FILL_AREA(#14851);
#14851 = FILL_AREA_STYLE('',(#14852));
#14852 = FILL_AREA_STYLE_COLOUR('',#14726);
#14853 = STYLED_ITEM('color',(#14854),#8168);
#14854 = PRESENTATION_STYLE_ASSIGNMENT((#14855));
#14855 = SURFACE_STYLE_USAGE(.BOTH.,#14856);
#14856 = SURFACE_SIDE_STYLE('',(#14857));
#14857 = SURFACE_STYLE_FILL_AREA(#14858);
#14858 = FILL_AREA_STYLE('',(#14859));
#14859 = FILL_AREA_STYLE_COLOUR('',#14726);
#14860 = STYLED_ITEM('color',(#14861),#8185);
#14861 = PRESENTATION_STYLE_ASSIGNMENT((#14862));
#14862 = SURFACE_STYLE_USAGE(.BOTH.,#14863);
#14863 = SURFACE_SIDE_STYLE('',(#14864));
#14864 = SURFACE_STYLE_FILL_AREA(#14865);
#14865 = FILL_AREA_STYLE('',(#14866));
#14866 = FILL_AREA_STYLE_COLOUR('',#14726);
#14867 = STYLED_ITEM('color',(#14868),#8202);
#14868 = PRESENTATION_STYLE_ASSIGNMENT((#14869));
#14869 = SURFACE_STYLE_USAGE(.BOTH.,#14870);
#14870 = SURFACE_SIDE_STYLE('',(#14871));
#14871 = SURFACE_STYLE_FILL_AREA(#14872);
#14872 = FILL_AREA_STYLE('',(#14873));
#14873 = FILL_AREA_STYLE_COLOUR('',#14726);
#14874 = STYLED_ITEM('color',(#14875),#8214);
#14875 = PRESENTATION_STYLE_ASSIGNMENT((#14876));
#14876 = SURFACE_STYLE_USAGE(.BOTH.,#14877);
#14877 = SURFACE_SIDE_STYLE('',(#14878));
#14878 = SURFACE_STYLE_FILL_AREA(#14879);
#14879 = FILL_AREA_STYLE('',(#14880));
#14880 = FILL_AREA_STYLE_COLOUR('',#14881);
#14881 = COLOUR_RGB('',0.859000020776,0.737999965183,0.495999988746);
#14882 = STYLED_ITEM('color',(#14883),#8245);
#14883 = PRESENTATION_STYLE_ASSIGNMENT((#14884));
#14884 = SURFACE_STYLE_USAGE(.BOTH.,#14885);
#14885 = SURFACE_SIDE_STYLE('',(#14886));
#14886 = SURFACE_STYLE_FILL_AREA(#14887);
#14887 = FILL_AREA_STYLE('',(#14888));
#14888 = FILL_AREA_STYLE_COLOUR('',#14881);
#14889 = STYLED_ITEM('color',(#14890),#8269);
#14890 = PRESENTATION_STYLE_ASSIGNMENT((#14891));
#14891 = SURFACE_STYLE_USAGE(.BOTH.,#14892);
#14892 = SURFACE_SIDE_STYLE('',(#14893));
#14893 = SURFACE_STYLE_FILL_AREA(#14894);
#14894 = FILL_AREA_STYLE('',(#14895));
#14895 = FILL_AREA_STYLE_COLOUR('',#14881);
#14896 = STYLED_ITEM('color',(#14897),#8293);
#14897 = PRESENTATION_STYLE_ASSIGNMENT((#14898));
#14898 = SURFACE_STYLE_USAGE(.BOTH.,#14899);
#14899 = SURFACE_SIDE_STYLE('',(#14900));
#14900 = SURFACE_STYLE_FILL_AREA(#14901);
#14901 = FILL_AREA_STYLE('',(#14902));
#14902 = FILL_AREA_STYLE_COLOUR('',#14881);
#14903 = STYLED_ITEM('color',(#14904),#8310);
#14904 = PRESENTATION_STYLE_ASSIGNMENT((#14905));
#14905 = SURFACE_STYLE_USAGE(.BOTH.,#14906);
#14906 = SURFACE_SIDE_STYLE('',(#14907));
#14907 = SURFACE_STYLE_FILL_AREA(#14908);
#14908 = FILL_AREA_STYLE('',(#14909));
#14909 = FILL_AREA_STYLE_COLOUR('',#14881);
#14910 = STYLED_ITEM('color',(#14911),#8341);
#14911 = PRESENTATION_STYLE_ASSIGNMENT((#14912));
#14912 = SURFACE_STYLE_USAGE(.BOTH.,#14913);
#14913 = SURFACE_SIDE_STYLE('',(#14914));
#14914 = SURFACE_STYLE_FILL_AREA(#14915);
#14915 = FILL_AREA_STYLE('',(#14916));
#14916 = FILL_AREA_STYLE_COLOUR('',#14881);
#14917 = STYLED_ITEM('color',(#14918),#8365);
#14918 = PRESENTATION_STYLE_ASSIGNMENT((#14919));
#14919 = SURFACE_STYLE_USAGE(.BOTH.,#14920);
#14920 = SURFACE_SIDE_STYLE('',(#14921));
#14921 = SURFACE_STYLE_FILL_AREA(#14922);
#14922 = FILL_AREA_STYLE('',(#14923));
#14923 = FILL_AREA_STYLE_COLOUR('',#14881);
#14924 = STYLED_ITEM('color',(#14925),#8389);
#14925 = PRESENTATION_STYLE_ASSIGNMENT((#14926));
#14926 = SURFACE_STYLE_USAGE(.BOTH.,#14927);
#14927 = SURFACE_SIDE_STYLE('',(#14928));
#14928 = SURFACE_STYLE_FILL_AREA(#14929);
#14929 = FILL_AREA_STYLE('',(#14930));
#14930 = FILL_AREA_STYLE_COLOUR('',#14881);
#14931 = STYLED_ITEM('color',(#14932),#8406);
#14932 = PRESENTATION_STYLE_ASSIGNMENT((#14933));
#14933 = SURFACE_STYLE_USAGE(.BOTH.,#14934);
#14934 = SURFACE_SIDE_STYLE('',(#14935));
#14935 = SURFACE_STYLE_FILL_AREA(#14936);
#14936 = FILL_AREA_STYLE('',(#14937));
#14937 = FILL_AREA_STYLE_COLOUR('',#14881);
#14938 = STYLED_ITEM('color',(#14939),#8437);
#14939 = PRESENTATION_STYLE_ASSIGNMENT((#14940));
#14940 = SURFACE_STYLE_USAGE(.BOTH.,#14941);
#14941 = SURFACE_SIDE_STYLE('',(#14942));
#14942 = SURFACE_STYLE_FILL_AREA(#14943);
#14943 = FILL_AREA_STYLE('',(#14944));
#14944 = FILL_AREA_STYLE_COLOUR('',#14881);
#14945 = STYLED_ITEM('color',(#14946),#8461);
#14946 = PRESENTATION_STYLE_ASSIGNMENT((#14947));
#14947 = SURFACE_STYLE_USAGE(.BOTH.,#14948);
#14948 = SURFACE_SIDE_STYLE('',(#14949));
#14949 = SURFACE_STYLE_FILL_AREA(#14950);
#14950 = FILL_AREA_STYLE('',(#14951));
#14951 = FILL_AREA_STYLE_COLOUR('',#14881);
#14952 = STYLED_ITEM('color',(#14953),#8485);
#14953 = PRESENTATION_STYLE_ASSIGNMENT((#14954));
#14954 = SURFACE_STYLE_USAGE(.BOTH.,#14955);
#14955 = SURFACE_SIDE_STYLE('',(#14956));
#14956 = SURFACE_STYLE_FILL_AREA(#14957);
#14957 = FILL_AREA_STYLE('',(#14958));
#14958 = FILL_AREA_STYLE_COLOUR('',#14881);
#14959 = STYLED_ITEM('color',(#14960),#8502);
#14960 = PRESENTATION_STYLE_ASSIGNMENT((#14961));
#14961 = SURFACE_STYLE_USAGE(.BOTH.,#14962);
#14962 = SURFACE_SIDE_STYLE('',(#14963));
#14963 = SURFACE_STYLE_FILL_AREA(#14964);
#14964 = FILL_AREA_STYLE('',(#14965));
#14965 = FILL_AREA_STYLE_COLOUR('',#14881);
#14966 = STYLED_ITEM('color',(#14967),#8533);
#14967 = PRESENTATION_STYLE_ASSIGNMENT((#14968));
#14968 = SURFACE_STYLE_USAGE(.BOTH.,#14969);
#14969 = SURFACE_SIDE_STYLE('',(#14970));
#14970 = SURFACE_STYLE_FILL_AREA(#14971);
#14971 = FILL_AREA_STYLE('',(#14972));
#14972 = FILL_AREA_STYLE_COLOUR('',#14881);
#14973 = STYLED_ITEM('color',(#14974),#8557);
#14974 = PRESENTATION_STYLE_ASSIGNMENT((#14975));
#14975 = SURFACE_STYLE_USAGE(.BOTH.,#14976);
#14976 = SURFACE_SIDE_STYLE('',(#14977));
#14977 = SURFACE_STYLE_FILL_AREA(#14978);
#14978 = FILL_AREA_STYLE('',(#14979));
#14979 = FILL_AREA_STYLE_COLOUR('',#14881);
#14980 = STYLED_ITEM('color',(#14981),#8581);
#14981 = PRESENTATION_STYLE_ASSIGNMENT((#14982));
#14982 = SURFACE_STYLE_USAGE(.BOTH.,#14983);
#14983 = SURFACE_SIDE_STYLE('',(#14984));
#14984 = SURFACE_STYLE_FILL_AREA(#14985);
#14985 = FILL_AREA_STYLE('',(#14986));
#14986 = FILL_AREA_STYLE_COLOUR('',#14881);
#14987 = STYLED_ITEM('color',(#14988),#8598);
#14988 = PRESENTATION_STYLE_ASSIGNMENT((#14989));
#14989 = SURFACE_STYLE_USAGE(.BOTH.,#14990);
#14990 = SURFACE_SIDE_STYLE('',(#14991));
#14991 = SURFACE_STYLE_FILL_AREA(#14992);
#14992 = FILL_AREA_STYLE('',(#14993));
#14993 = FILL_AREA_STYLE_COLOUR('',#14881);
#14994 = STYLED_ITEM('color',(#14995),#8629);
#14995 = PRESENTATION_STYLE_ASSIGNMENT((#14996));
#14996 = SURFACE_STYLE_USAGE(.BOTH.,#14997);
#14997 = SURFACE_SIDE_STYLE('',(#14998));
#14998 = SURFACE_STYLE_FILL_AREA(#14999);
#14999 = FILL_AREA_STYLE('',(#15000));
#15000 = FILL_AREA_STYLE_COLOUR('',#14881);
#15001 = STYLED_ITEM('color',(#15002),#8653);
#15002 = PRESENTATION_STYLE_ASSIGNMENT((#15003));
#15003 = SURFACE_STYLE_USAGE(.BOTH.,#15004);
#15004 = SURFACE_SIDE_STYLE('',(#15005));
#15005 = SURFACE_STYLE_FILL_AREA(#15006);
#15006 = FILL_AREA_STYLE('',(#15007));
#15007 = FILL_AREA_STYLE_COLOUR('',#14881);
#15008 = STYLED_ITEM('color',(#15009),#8677);
#15009 = PRESENTATION_STYLE_ASSIGNMENT((#15010));
#15010 = SURFACE_STYLE_USAGE(.BOTH.,#15011);
#15011 = SURFACE_SIDE_STYLE('',(#15012));
#15012 = SURFACE_STYLE_FILL_AREA(#15013);
#15013 = FILL_AREA_STYLE('',(#15014));
#15014 = FILL_AREA_STYLE_COLOUR('',#14881);
#15015 = STYLED_ITEM('color',(#15016),#8694);
#15016 = PRESENTATION_STYLE_ASSIGNMENT((#15017));
#15017 = SURFACE_STYLE_USAGE(.BOTH.,#15018);
#15018 = SURFACE_SIDE_STYLE('',(#15019));
#15019 = SURFACE_STYLE_FILL_AREA(#15020);
#15020 = FILL_AREA_STYLE('',(#15021));
#15021 = FILL_AREA_STYLE_COLOUR('',#14881);
#15022 = STYLED_ITEM('color',(#15023),#8725);
#15023 = PRESENTATION_STYLE_ASSIGNMENT((#15024));
#15024 = SURFACE_STYLE_USAGE(.BOTH.,#15025);
#15025 = SURFACE_SIDE_STYLE('',(#15026));
#15026 = SURFACE_STYLE_FILL_AREA(#15027);
#15027 = FILL_AREA_STYLE('',(#15028));
#15028 = FILL_AREA_STYLE_COLOUR('',#14881);
#15029 = STYLED_ITEM('color',(#15030),#8749);
#15030 = PRESENTATION_STYLE_ASSIGNMENT((#15031));
#15031 = SURFACE_STYLE_USAGE(.BOTH.,#15032);
#15032 = SURFACE_SIDE_STYLE('',(#15033));
#15033 = SURFACE_STYLE_FILL_AREA(#15034);
#15034 = FILL_AREA_STYLE('',(#15035));
#15035 = FILL_AREA_STYLE_COLOUR('',#14881);
#15036 = STYLED_ITEM('color',(#15037),#8773);
#15037 = PRESENTATION_STYLE_ASSIGNMENT((#15038));
#15038 = SURFACE_STYLE_USAGE(.BOTH.,#15039);
#15039 = SURFACE_SIDE_STYLE('',(#15040));
#15040 = SURFACE_STYLE_FILL_AREA(#15041);
#15041 = FILL_AREA_STYLE('',(#15042));
#15042 = FILL_AREA_STYLE_COLOUR('',#14881);
#15043 = STYLED_ITEM('color',(#15044),#8790);
#15044 = PRESENTATION_STYLE_ASSIGNMENT((#15045));
#15045 = SURFACE_STYLE_USAGE(.BOTH.,#15046);
#15046 = SURFACE_SIDE_STYLE('',(#15047));
#15047 = SURFACE_STYLE_FILL_AREA(#15048);
#15048 = FILL_AREA_STYLE('',(#15049));
#15049 = FILL_AREA_STYLE_COLOUR('',#14881);
#15050 = STYLED_ITEM('color',(#15051),#8821);
#15051 = PRESENTATION_STYLE_ASSIGNMENT((#15052));
#15052 = SURFACE_STYLE_USAGE(.BOTH.,#15053);
#15053 = SURFACE_SIDE_STYLE('',(#15054));
#15054 = SURFACE_STYLE_FILL_AREA(#15055);
#15055 = FILL_AREA_STYLE('',(#15056));
#15056 = FILL_AREA_STYLE_COLOUR('',#14881);
#15057 = STYLED_ITEM('color',(#15058),#8845);
#15058 = PRESENTATION_STYLE_ASSIGNMENT((#15059));
#15059 = SURFACE_STYLE_USAGE(.BOTH.,#15060);
#15060 = SURFACE_SIDE_STYLE('',(#15061));
#15061 = SURFACE_STYLE_FILL_AREA(#15062);
#15062 = FILL_AREA_STYLE('',(#15063));
#15063 = FILL_AREA_STYLE_COLOUR('',#14881);
#15064 = STYLED_ITEM('color',(#15065),#8869);
#15065 = PRESENTATION_STYLE_ASSIGNMENT((#15066));
#15066 = SURFACE_STYLE_USAGE(.BOTH.,#15067);
#15067 = SURFACE_SIDE_STYLE('',(#15068));
#15068 = SURFACE_STYLE_FILL_AREA(#15069);
#15069 = FILL_AREA_STYLE('',(#15070));
#15070 = FILL_AREA_STYLE_COLOUR('',#14881);
#15071 = STYLED_ITEM('color',(#15072),#8886);
#15072 = PRESENTATION_STYLE_ASSIGNMENT((#15073));
#15073 = SURFACE_STYLE_USAGE(.BOTH.,#15074);
#15074 = SURFACE_SIDE_STYLE('',(#15075));
#15075 = SURFACE_STYLE_FILL_AREA(#15076);
#15076 = FILL_AREA_STYLE('',(#15077));
#15077 = FILL_AREA_STYLE_COLOUR('',#14881);
#15078 = STYLED_ITEM('color',(#15079),#8917);
#15079 = PRESENTATION_STYLE_ASSIGNMENT((#15080));
#15080 = SURFACE_STYLE_USAGE(.BOTH.,#15081);
#15081 = SURFACE_SIDE_STYLE('',(#15082));
#15082 = SURFACE_STYLE_FILL_AREA(#15083);
#15083 = FILL_AREA_STYLE('',(#15084));
#15084 = FILL_AREA_STYLE_COLOUR('',#14881);
#15085 = STYLED_ITEM('color',(#15086),#8941);
#15086 = PRESENTATION_STYLE_ASSIGNMENT((#15087));
#15087 = SURFACE_STYLE_USAGE(.BOTH.,#15088);
#15088 = SURFACE_SIDE_STYLE('',(#15089));
#15089 = SURFACE_STYLE_FILL_AREA(#15090);
#15090 = FILL_AREA_STYLE('',(#15091));
#15091 = FILL_AREA_STYLE_COLOUR('',#14881);
#15092 = STYLED_ITEM('color',(#15093),#8965);
#15093 = PRESENTATION_STYLE_ASSIGNMENT((#15094));
#15094 = SURFACE_STYLE_USAGE(.BOTH.,#15095);
#15095 = SURFACE_SIDE_STYLE('',(#15096));
#15096 = SURFACE_STYLE_FILL_AREA(#15097);
#15097 = FILL_AREA_STYLE('',(#15098));
#15098 = FILL_AREA_STYLE_COLOUR('',#14881);
#15099 = STYLED_ITEM('color',(#15100),#8982);
#15100 = PRESENTATION_STYLE_ASSIGNMENT((#15101));
#15101 = SURFACE_STYLE_USAGE(.BOTH.,#15102);
#15102 = SURFACE_SIDE_STYLE('',(#15103));
#15103 = SURFACE_STYLE_FILL_AREA(#15104);
#15104 = FILL_AREA_STYLE('',(#15105));
#15105 = FILL_AREA_STYLE_COLOUR('',#14881);
#15106 = STYLED_ITEM('color',(#15107),#9013);
#15107 = PRESENTATION_STYLE_ASSIGNMENT((#15108));
#15108 = SURFACE_STYLE_USAGE(.BOTH.,#15109);
#15109 = SURFACE_SIDE_STYLE('',(#15110));
#15110 = SURFACE_STYLE_FILL_AREA(#15111);
#15111 = FILL_AREA_STYLE('',(#15112));
#15112 = FILL_AREA_STYLE_COLOUR('',#14881);
#15113 = STYLED_ITEM('color',(#15114),#9037);
#15114 = PRESENTATION_STYLE_ASSIGNMENT((#15115));
#15115 = SURFACE_STYLE_USAGE(.BOTH.,#15116);
#15116 = SURFACE_SIDE_STYLE('',(#15117));
#15117 = SURFACE_STYLE_FILL_AREA(#15118);
#15118 = FILL_AREA_STYLE('',(#15119));
#15119 = FILL_AREA_STYLE_COLOUR('',#14881);
#15120 = STYLED_ITEM('color',(#15121),#9061);
#15121 = PRESENTATION_STYLE_ASSIGNMENT((#15122));
#15122 = SURFACE_STYLE_USAGE(.BOTH.,#15123);
#15123 = SURFACE_SIDE_STYLE('',(#15124));
#15124 = SURFACE_STYLE_FILL_AREA(#15125);
#15125 = FILL_AREA_STYLE('',(#15126));
#15126 = FILL_AREA_STYLE_COLOUR('',#14881);
#15127 = STYLED_ITEM('color',(#15128),#9078);
#15128 = PRESENTATION_STYLE_ASSIGNMENT((#15129));
#15129 = SURFACE_STYLE_USAGE(.BOTH.,#15130);
#15130 = SURFACE_SIDE_STYLE('',(#15131));
#15131 = SURFACE_STYLE_FILL_AREA(#15132);
#15132 = FILL_AREA_STYLE('',(#15133));
#15133 = FILL_AREA_STYLE_COLOUR('',#14881);
#15134 = STYLED_ITEM('color',(#15135),#9109);
#15135 = PRESENTATION_STYLE_ASSIGNMENT((#15136));
#15136 = SURFACE_STYLE_USAGE(.BOTH.,#15137);
#15137 = SURFACE_SIDE_STYLE('',(#15138));
#15138 = SURFACE_STYLE_FILL_AREA(#15139);
#15139 = FILL_AREA_STYLE('',(#15140));
#15140 = FILL_AREA_STYLE_COLOUR('',#14881);
#15141 = STYLED_ITEM('color',(#15142),#9133);
#15142 = PRESENTATION_STYLE_ASSIGNMENT((#15143));
#15143 = SURFACE_STYLE_USAGE(.BOTH.,#15144);
#15144 = SURFACE_SIDE_STYLE('',(#15145));
#15145 = SURFACE_STYLE_FILL_AREA(#15146);
#15146 = FILL_AREA_STYLE('',(#15147));
#15147 = FILL_AREA_STYLE_COLOUR('',#14881);
#15148 = STYLED_ITEM('color',(#15149),#9157);
#15149 = PRESENTATION_STYLE_ASSIGNMENT((#15150));
#15150 = SURFACE_STYLE_USAGE(.BOTH.,#15151);
#15151 = SURFACE_SIDE_STYLE('',(#15152));
#15152 = SURFACE_STYLE_FILL_AREA(#15153);
#15153 = FILL_AREA_STYLE('',(#15154));
#15154 = FILL_AREA_STYLE_COLOUR('',#14881);
#15155 = STYLED_ITEM('color',(#15156),#9174);
#15156 = PRESENTATION_STYLE_ASSIGNMENT((#15157));
#15157 = SURFACE_STYLE_USAGE(.BOTH.,#15158);
#15158 = SURFACE_SIDE_STYLE('',(#15159));
#15159 = SURFACE_STYLE_FILL_AREA(#15160);
#15160 = FILL_AREA_STYLE('',(#15161));
#15161 = FILL_AREA_STYLE_COLOUR('',#14881);
#15162 = STYLED_ITEM('color',(#15163),#9205);
#15163 = PRESENTATION_STYLE_ASSIGNMENT((#15164));
#15164 = SURFACE_STYLE_USAGE(.BOTH.,#15165);
#15165 = SURFACE_SIDE_STYLE('',(#15166));
#15166 = SURFACE_STYLE_FILL_AREA(#15167);
#15167 = FILL_AREA_STYLE('',(#15168));
#15168 = FILL_AREA_STYLE_COLOUR('',#14881);
#15169 = STYLED_ITEM('color',(#15170),#9229);
#15170 = PRESENTATION_STYLE_ASSIGNMENT((#15171));
#15171 = SURFACE_STYLE_USAGE(.BOTH.,#15172);
#15172 = SURFACE_SIDE_STYLE('',(#15173));
#15173 = SURFACE_STYLE_FILL_AREA(#15174);
#15174 = FILL_AREA_STYLE('',(#15175));
#15175 = FILL_AREA_STYLE_COLOUR('',#14881);
#15176 = STYLED_ITEM('color',(#15177),#9253);
#15177 = PRESENTATION_STYLE_ASSIGNMENT((#15178));
#15178 = SURFACE_STYLE_USAGE(.BOTH.,#15179);
#15179 = SURFACE_SIDE_STYLE('',(#15180));
#15180 = SURFACE_STYLE_FILL_AREA(#15181);
#15181 = FILL_AREA_STYLE('',(#15182));
#15182 = FILL_AREA_STYLE_COLOUR('',#14881);
#15183 = STYLED_ITEM('color',(#15184),#9270);
#15184 = PRESENTATION_STYLE_ASSIGNMENT((#15185));
#15185 = SURFACE_STYLE_USAGE(.BOTH.,#15186);
#15186 = SURFACE_SIDE_STYLE('',(#15187));
#15187 = SURFACE_STYLE_FILL_AREA(#15188);
#15188 = FILL_AREA_STYLE('',(#15189));
#15189 = FILL_AREA_STYLE_COLOUR('',#14881);
#15190 = STYLED_ITEM('color',(#15191),#9301);
#15191 = PRESENTATION_STYLE_ASSIGNMENT((#15192));
#15192 = SURFACE_STYLE_USAGE(.BOTH.,#15193);
#15193 = SURFACE_SIDE_STYLE('',(#15194));
#15194 = SURFACE_STYLE_FILL_AREA(#15195);
#15195 = FILL_AREA_STYLE('',(#15196));
#15196 = FILL_AREA_STYLE_COLOUR('',#14881);
#15197 = STYLED_ITEM('color',(#15198),#9325);
#15198 = PRESENTATION_STYLE_ASSIGNMENT((#15199));
#15199 = SURFACE_STYLE_USAGE(.BOTH.,#15200);
#15200 = SURFACE_SIDE_STYLE('',(#15201));
#15201 = SURFACE_STYLE_FILL_AREA(#15202);
#15202 = FILL_AREA_STYLE('',(#15203));
#15203 = FILL_AREA_STYLE_COLOUR('',#14881);
#15204 = STYLED_ITEM('color',(#15205),#9349);
#15205 = PRESENTATION_STYLE_ASSIGNMENT((#15206));
#15206 = SURFACE_STYLE_USAGE(.BOTH.,#15207);
#15207 = SURFACE_SIDE_STYLE('',(#15208));
#15208 = SURFACE_STYLE_FILL_AREA(#15209);
#15209 = FILL_AREA_STYLE('',(#15210));
#15210 = FILL_AREA_STYLE_COLOUR('',#14881);
#15211 = STYLED_ITEM('color',(#15212),#9366);
#15212 = PRESENTATION_STYLE_ASSIGNMENT((#15213));
#15213 = SURFACE_STYLE_USAGE(.BOTH.,#15214);
#15214 = SURFACE_SIDE_STYLE('',(#15215));
#15215 = SURFACE_STYLE_FILL_AREA(#15216);
#15216 = FILL_AREA_STYLE('',(#15217));
#15217 = FILL_AREA_STYLE_COLOUR('',#14881);
#15218 = STYLED_ITEM('color',(#15219),#9378);
#15219 = PRESENTATION_STYLE_ASSIGNMENT((#15220));
#15220 = SURFACE_STYLE_USAGE(.BOTH.,#15221);
#15221 = SURFACE_SIDE_STYLE('',(#15222));
#15222 = SURFACE_STYLE_FILL_AREA(#15223);
#15223 = FILL_AREA_STYLE('',(#15224));
#15224 = FILL_AREA_STYLE_COLOUR('',#14881);
#15225 = STYLED_ITEM('color',(#15226),#9390);
#15226 = PRESENTATION_STYLE_ASSIGNMENT((#15227));
#15227 = SURFACE_STYLE_USAGE(.BOTH.,#15228);
#15228 = SURFACE_SIDE_STYLE('',(#15229));
#15229 = SURFACE_STYLE_FILL_AREA(#15230);
#15230 = FILL_AREA_STYLE('',(#15231));
#15231 = FILL_AREA_STYLE_COLOUR('',#14881);
#15232 = STYLED_ITEM('color',(#15233),#9402);
#15233 = PRESENTATION_STYLE_ASSIGNMENT((#15234));
#15234 = SURFACE_STYLE_USAGE(.BOTH.,#15235);
#15235 = SURFACE_SIDE_STYLE('',(#15236));
#15236 = SURFACE_STYLE_FILL_AREA(#15237);
#15237 = FILL_AREA_STYLE('',(#15238));
#15238 = FILL_AREA_STYLE_COLOUR('',#14881);
#15239 = STYLED_ITEM('color',(#15240),#9414);
#15240 = PRESENTATION_STYLE_ASSIGNMENT((#15241));
#15241 = SURFACE_STYLE_USAGE(.BOTH.,#15242);
#15242 = SURFACE_SIDE_STYLE('',(#15243));
#15243 = SURFACE_STYLE_FILL_AREA(#15244);
#15244 = FILL_AREA_STYLE('',(#15245));
#15245 = FILL_AREA_STYLE_COLOUR('',#14881);
#15246 = STYLED_ITEM('color',(#15247),#9426);
#15247 = PRESENTATION_STYLE_ASSIGNMENT((#15248));
#15248 = SURFACE_STYLE_USAGE(.BOTH.,#15249);
#15249 = SURFACE_SIDE_STYLE('',(#15250));
#15250 = SURFACE_STYLE_FILL_AREA(#15251);
#15251 = FILL_AREA_STYLE('',(#15252));
#15252 = FILL_AREA_STYLE_COLOUR('',#14881);
#15253 = MECHANICAL_DESIGN_GEOMETRIC_PRESENTATION_REPRESENTATION('',(
    #15254,#15262,#15269,#15276,#15283,#15290,#15297,#15304,#15312,
    #15319,#15326,#15333,#15340,#15347,#15355,#15362,#15369,#15376,
    #15383,#15390,#15397,#15404,#15411,#15418,#15425,#15432),#7265);
#15254 = STYLED_ITEM('color',(#15255),#6477);
#15255 = PRESENTATION_STYLE_ASSIGNMENT((#15256));
#15256 = SURFACE_STYLE_USAGE(.BOTH.,#15257);
#15257 = SURFACE_SIDE_STYLE('',(#15258));
#15258 = SURFACE_STYLE_FILL_AREA(#15259);
#15259 = FILL_AREA_STYLE('',(#15260));
#15260 = FILL_AREA_STYLE_COLOUR('',#15261);
#15261 = COLOUR_RGB('',0.823999987314,0.819999987296,0.781000009244);
#15262 = STYLED_ITEM('color',(#15263),#6517);
#15263 = PRESENTATION_STYLE_ASSIGNMENT((#15264));
#15264 = SURFACE_STYLE_USAGE(.BOTH.,#15265);
#15265 = SURFACE_SIDE_STYLE('',(#15266));
#15266 = SURFACE_STYLE_FILL_AREA(#15267);
#15267 = FILL_AREA_STYLE('',(#15268));
#15268 = FILL_AREA_STYLE_COLOUR('',#15261);
#15269 = STYLED_ITEM('color',(#15270),#6600);
#15270 = PRESENTATION_STYLE_ASSIGNMENT((#15271));
#15271 = SURFACE_STYLE_USAGE(.BOTH.,#15272);
#15272 = SURFACE_SIDE_STYLE('',(#15273));
#15273 = SURFACE_STYLE_FILL_AREA(#15274);
#15274 = FILL_AREA_STYLE('',(#15275));
#15275 = FILL_AREA_STYLE_COLOUR('',#15261);
#15276 = STYLED_ITEM('color',(#15277),#6625);
#15277 = PRESENTATION_STYLE_ASSIGNMENT((#15278));
#15278 = SURFACE_STYLE_USAGE(.BOTH.,#15279);
#15279 = SURFACE_SIDE_STYLE('',(#15280));
#15280 = SURFACE_STYLE_FILL_AREA(#15281);
#15281 = FILL_AREA_STYLE('',(#15282));
#15282 = FILL_AREA_STYLE_COLOUR('',#15261);
#15283 = STYLED_ITEM('color',(#15284),#6650);
#15284 = PRESENTATION_STYLE_ASSIGNMENT((#15285));
#15285 = SURFACE_STYLE_USAGE(.BOTH.,#15286);
#15286 = SURFACE_SIDE_STYLE('',(#15287));
#15287 = SURFACE_STYLE_FILL_AREA(#15288);
#15288 = FILL_AREA_STYLE('',(#15289));
#15289 = FILL_AREA_STYLE_COLOUR('',#15261);
#15290 = STYLED_ITEM('color',(#15291),#6717);
#15291 = PRESENTATION_STYLE_ASSIGNMENT((#15292));
#15292 = SURFACE_STYLE_USAGE(.BOTH.,#15293);
#15293 = SURFACE_SIDE_STYLE('',(#15294));
#15294 = SURFACE_STYLE_FILL_AREA(#15295);
#15295 = FILL_AREA_STYLE('',(#15296));
#15296 = FILL_AREA_STYLE_COLOUR('',#15261);
#15297 = STYLED_ITEM('color',(#15298),#6734);
#15298 = PRESENTATION_STYLE_ASSIGNMENT((#15299));
#15299 = SURFACE_STYLE_USAGE(.BOTH.,#15300);
#15300 = SURFACE_SIDE_STYLE('',(#15301));
#15301 = SURFACE_STYLE_FILL_AREA(#15302);
#15302 = FILL_AREA_STYLE('',(#15303));
#15303 = FILL_AREA_STYLE_COLOUR('',#15261);
#15304 = STYLED_ITEM('color',(#15305),#6751);
#15305 = PRESENTATION_STYLE_ASSIGNMENT((#15306));
#15306 = SURFACE_STYLE_USAGE(.BOTH.,#15307);
#15307 = SURFACE_SIDE_STYLE('',(#15308));
#15308 = SURFACE_STYLE_FILL_AREA(#15309);
#15309 = FILL_AREA_STYLE('',(#15310));
#15310 = FILL_AREA_STYLE_COLOUR('',#15311);
#15311 = COLOUR_RGB('',0.894999966383,0.890999961016,0.813000030345);
#15312 = STYLED_ITEM('color',(#15313),#6800);
#15313 = PRESENTATION_STYLE_ASSIGNMENT((#15314));
#15314 = SURFACE_STYLE_USAGE(.BOTH.,#15315);
#15315 = SURFACE_SIDE_STYLE('',(#15316));
#15316 = SURFACE_STYLE_FILL_AREA(#15317);
#15317 = FILL_AREA_STYLE('',(#15318));
#15318 = FILL_AREA_STYLE_COLOUR('',#15261);
#15319 = STYLED_ITEM('color',(#15320),#6822);
#15320 = PRESENTATION_STYLE_ASSIGNMENT((#15321));
#15321 = SURFACE_STYLE_USAGE(.BOTH.,#15322);
#15322 = SURFACE_SIDE_STYLE('',(#15323));
#15323 = SURFACE_STYLE_FILL_AREA(#15324);
#15324 = FILL_AREA_STYLE('',(#15325));
#15325 = FILL_AREA_STYLE_COLOUR('',#15261);
#15326 = STYLED_ITEM('color',(#15327),#6834);
#15327 = PRESENTATION_STYLE_ASSIGNMENT((#15328));
#15328 = SURFACE_STYLE_USAGE(.BOTH.,#15329);
#15329 = SURFACE_SIDE_STYLE('',(#15330));
#15330 = SURFACE_STYLE_FILL_AREA(#15331);
#15331 = FILL_AREA_STYLE('',(#15332));
#15332 = FILL_AREA_STYLE_COLOUR('',#15311);
#15333 = STYLED_ITEM('color',(#15334),#6883);
#15334 = PRESENTATION_STYLE_ASSIGNMENT((#15335));
#15335 = SURFACE_STYLE_USAGE(.BOTH.,#15336);
#15336 = SURFACE_SIDE_STYLE('',(#15337));
#15337 = SURFACE_STYLE_FILL_AREA(#15338);
#15338 = FILL_AREA_STYLE('',(#15339));
#15339 = FILL_AREA_STYLE_COLOUR('',#15311);
#15340 = STYLED_ITEM('color',(#15341),#6900);
#15341 = PRESENTATION_STYLE_ASSIGNMENT((#15342));
#15342 = SURFACE_STYLE_USAGE(.BOTH.,#15343);
#15343 = SURFACE_SIDE_STYLE('',(#15344));
#15344 = SURFACE_STYLE_FILL_AREA(#15345);
#15345 = FILL_AREA_STYLE('',(#15346));
#15346 = FILL_AREA_STYLE_COLOUR('',#15261);
#15347 = STYLED_ITEM('color',(#15348),#6969);
#15348 = PRESENTATION_STYLE_ASSIGNMENT((#15349));
#15349 = SURFACE_STYLE_USAGE(.BOTH.,#15350);
#15350 = SURFACE_SIDE_STYLE('',(#15351));
#15351 = SURFACE_STYLE_FILL_AREA(#15352);
#15352 = FILL_AREA_STYLE('',(#15353));
#15353 = FILL_AREA_STYLE_COLOUR('',#15354);
#15354 = COLOUR_RGB('',8.200000279077E-02,8.600000121357E-02,
  9.399999706163E-02);
#15355 = STYLED_ITEM('color',(#15356),#7000);
#15356 = PRESENTATION_STYLE_ASSIGNMENT((#15357));
#15357 = SURFACE_STYLE_USAGE(.BOTH.,#15358);
#15358 = SURFACE_SIDE_STYLE('',(#15359));
#15359 = SURFACE_STYLE_FILL_AREA(#15360);
#15360 = FILL_AREA_STYLE('',(#15361));
#15361 = FILL_AREA_STYLE_COLOUR('',#15354);
#15362 = STYLED_ITEM('color',(#15363),#7024);
#15363 = PRESENTATION_STYLE_ASSIGNMENT((#15364));
#15364 = SURFACE_STYLE_USAGE(.BOTH.,#15365);
#15365 = SURFACE_SIDE_STYLE('',(#15366));
#15366 = SURFACE_STYLE_FILL_AREA(#15367);
#15367 = FILL_AREA_STYLE('',(#15368));
#15368 = FILL_AREA_STYLE_COLOUR('',#15261);
#15369 = STYLED_ITEM('color',(#15370),#7093);
#15370 = PRESENTATION_STYLE_ASSIGNMENT((#15371));
#15371 = SURFACE_STYLE_USAGE(.BOTH.,#15372);
#15372 = SURFACE_SIDE_STYLE('',(#15373));
#15373 = SURFACE_STYLE_FILL_AREA(#15374);
#15374 = FILL_AREA_STYLE('',(#15375));
#15375 = FILL_AREA_STYLE_COLOUR('',#15354);
#15376 = STYLED_ITEM('color',(#15377),#7117);
#15377 = PRESENTATION_STYLE_ASSIGNMENT((#15378));
#15378 = SURFACE_STYLE_USAGE(.BOTH.,#15379);
#15379 = SURFACE_SIDE_STYLE('',(#15380));
#15380 = SURFACE_STYLE_FILL_AREA(#15381);
#15381 = FILL_AREA_STYLE('',(#15382));
#15382 = FILL_AREA_STYLE_COLOUR('',#15261);
#15383 = STYLED_ITEM('color',(#15384),#7134);
#15384 = PRESENTATION_STYLE_ASSIGNMENT((#15385));
#15385 = SURFACE_STYLE_USAGE(.BOTH.,#15386);
#15386 = SURFACE_SIDE_STYLE('',(#15387));
#15387 = SURFACE_STYLE_FILL_AREA(#15388);
#15388 = FILL_AREA_STYLE('',(#15389));
#15389 = FILL_AREA_STYLE_COLOUR('',#15261);
#15390 = STYLED_ITEM('color',(#15391),#7151);
#15391 = PRESENTATION_STYLE_ASSIGNMENT((#15392));
#15392 = SURFACE_STYLE_USAGE(.BOTH.,#15393);
#15393 = SURFACE_SIDE_STYLE('',(#15394));
#15394 = SURFACE_STYLE_FILL_AREA(#15395);
#15395 = FILL_AREA_STYLE('',(#15396));
#15396 = FILL_AREA_STYLE_COLOUR('',#15261);
#15397 = STYLED_ITEM('color',(#15398),#7168);
#15398 = PRESENTATION_STYLE_ASSIGNMENT((#15399));
#15399 = SURFACE_STYLE_USAGE(.BOTH.,#15400);
#15400 = SURFACE_SIDE_STYLE('',(#15401));
#15401 = SURFACE_STYLE_FILL_AREA(#15402);
#15402 = FILL_AREA_STYLE('',(#15403));
#15403 = FILL_AREA_STYLE_COLOUR('',#15261);
#15404 = STYLED_ITEM('color',(#15405),#7185);
#15405 = PRESENTATION_STYLE_ASSIGNMENT((#15406));
#15406 = SURFACE_STYLE_USAGE(.BOTH.,#15407);
#15407 = SURFACE_SIDE_STYLE('',(#15408));
#15408 = SURFACE_STYLE_FILL_AREA(#15409);
#15409 = FILL_AREA_STYLE('',(#15410));
#15410 = FILL_AREA_STYLE_COLOUR('',#15261);
#15411 = STYLED_ITEM('color',(#15412),#7202);
#15412 = PRESENTATION_STYLE_ASSIGNMENT((#15413));
#15413 = SURFACE_STYLE_USAGE(.BOTH.,#15414);
#15414 = SURFACE_SIDE_STYLE('',(#15415));
#15415 = SURFACE_STYLE_FILL_AREA(#15416);
#15416 = FILL_AREA_STYLE('',(#15417));
#15417 = FILL_AREA_STYLE_COLOUR('',#15261);
#15418 = STYLED_ITEM('color',(#15419),#7219);
#15419 = PRESENTATION_STYLE_ASSIGNMENT((#15420));
#15420 = SURFACE_STYLE_USAGE(.BOTH.,#15421);
#15421 = SURFACE_SIDE_STYLE('',(#15422));
#15422 = SURFACE_STYLE_FILL_AREA(#15423);
#15423 = FILL_AREA_STYLE('',(#15424));
#15424 = FILL_AREA_STYLE_COLOUR('',#15261);
#15425 = STYLED_ITEM('color',(#15426),#7236);
#15426 = PRESENTATION_STYLE_ASSIGNMENT((#15427));
#15427 = SURFACE_STYLE_USAGE(.BOTH.,#15428);
#15428 = SURFACE_SIDE_STYLE('',(#15429));
#15429 = SURFACE_STYLE_FILL_AREA(#15430);
#15430 = FILL_AREA_STYLE('',(#15431));
#15431 = FILL_AREA_STYLE_COLOUR('',#15354);
#15432 = STYLED_ITEM('color',(#15433),#7253);
#15433 = PRESENTATION_STYLE_ASSIGNMENT((#15434));
#15434 = SURFACE_STYLE_USAGE(.BOTH.,#15435);
#15435 = SURFACE_SIDE_STYLE('',(#15436));
#15436 = SURFACE_STYLE_FILL_AREA(#15437);
#15437 = FILL_AREA_STYLE('',(#15438));
#15438 = FILL_AREA_STYLE_COLOUR('',#15354);
#15439 = MECHANICAL_DESIGN_GEOMETRIC_PRESENTATION_REPRESENTATION('',(
    #15440,#15447,#15454,#15461,#15468,#15475,#15482,#15489,#15496,
    #15503,#15510,#15518,#15525,#15532,#15539,#15546,#15553,#15560,
    #15567,#15574,#15581,#15588,#15595,#15602,#15609,#15616,#15623,
    #15630),#4164);
#15440 = STYLED_ITEM('color',(#15441),#3312);
#15441 = PRESENTATION_STYLE_ASSIGNMENT((#15442));
#15442 = SURFACE_STYLE_USAGE(.BOTH.,#15443);
#15443 = SURFACE_SIDE_STYLE('',(#15444));
#15444 = SURFACE_STYLE_FILL_AREA(#15445);
#15445 = FILL_AREA_STYLE('',(#15446));
#15446 = FILL_AREA_STYLE_COLOUR('',#15261);
#15447 = STYLED_ITEM('color',(#15448),#3388);
#15448 = PRESENTATION_STYLE_ASSIGNMENT((#15449));
#15449 = SURFACE_STYLE_USAGE(.BOTH.,#15450);
#15450 = SURFACE_SIDE_STYLE('',(#15451));
#15451 = SURFACE_STYLE_FILL_AREA(#15452);
#15452 = FILL_AREA_STYLE('',(#15453));
#15453 = FILL_AREA_STYLE_COLOUR('',#15261);
#15454 = STYLED_ITEM('color',(#15455),#3419);
#15455 = PRESENTATION_STYLE_ASSIGNMENT((#15456));
#15456 = SURFACE_STYLE_USAGE(.BOTH.,#15457);
#15457 = SURFACE_SIDE_STYLE('',(#15458));
#15458 = SURFACE_STYLE_FILL_AREA(#15459);
#15459 = FILL_AREA_STYLE('',(#15460));
#15460 = FILL_AREA_STYLE_COLOUR('',#15261);
#15461 = STYLED_ITEM('color',(#15462),#3444);
#15462 = PRESENTATION_STYLE_ASSIGNMENT((#15463));
#15463 = SURFACE_STYLE_USAGE(.BOTH.,#15464);
#15464 = SURFACE_SIDE_STYLE('',(#15465));
#15465 = SURFACE_STYLE_FILL_AREA(#15466);
#15466 = FILL_AREA_STYLE('',(#15467));
#15467 = FILL_AREA_STYLE_COLOUR('',#15261);
#15468 = STYLED_ITEM('color',(#15469),#3469);
#15469 = PRESENTATION_STYLE_ASSIGNMENT((#15470));
#15470 = SURFACE_STYLE_USAGE(.BOTH.,#15471);
#15471 = SURFACE_SIDE_STYLE('',(#15472));
#15472 = SURFACE_STYLE_FILL_AREA(#15473);
#15473 = FILL_AREA_STYLE('',(#15474));
#15474 = FILL_AREA_STYLE_COLOUR('',#15261);
#15475 = STYLED_ITEM('color',(#15476),#3493);
#15476 = PRESENTATION_STYLE_ASSIGNMENT((#15477));
#15477 = SURFACE_STYLE_USAGE(.BOTH.,#15478);
#15478 = SURFACE_SIDE_STYLE('',(#15479));
#15479 = SURFACE_STYLE_FILL_AREA(#15480);
#15480 = FILL_AREA_STYLE('',(#15481));
#15481 = FILL_AREA_STYLE_COLOUR('',#15261);
#15482 = STYLED_ITEM('color',(#15483),#3517);
#15483 = PRESENTATION_STYLE_ASSIGNMENT((#15484));
#15484 = SURFACE_STYLE_USAGE(.BOTH.,#15485);
#15485 = SURFACE_SIDE_STYLE('',(#15486));
#15486 = SURFACE_STYLE_FILL_AREA(#15487);
#15487 = FILL_AREA_STYLE('',(#15488));
#15488 = FILL_AREA_STYLE_COLOUR('',#15261);
#15489 = STYLED_ITEM('color',(#15490),#3542);
#15490 = PRESENTATION_STYLE_ASSIGNMENT((#15491));
#15491 = SURFACE_STYLE_USAGE(.BOTH.,#15492);
#15492 = SURFACE_SIDE_STYLE('',(#15493));
#15493 = SURFACE_STYLE_FILL_AREA(#15494);
#15494 = FILL_AREA_STYLE('',(#15495));
#15495 = FILL_AREA_STYLE_COLOUR('',#15261);
#15496 = STYLED_ITEM('color',(#15497),#3567);
#15497 = PRESENTATION_STYLE_ASSIGNMENT((#15498));
#15498 = SURFACE_STYLE_USAGE(.BOTH.,#15499);
#15499 = SURFACE_SIDE_STYLE('',(#15500));
#15500 = SURFACE_STYLE_FILL_AREA(#15501);
#15501 = FILL_AREA_STYLE('',(#15502));
#15502 = FILL_AREA_STYLE_COLOUR('',#15261);
#15503 = STYLED_ITEM('color',(#15504),#3584);
#15504 = PRESENTATION_STYLE_ASSIGNMENT((#15505));
#15505 = SURFACE_STYLE_USAGE(.BOTH.,#15506);
#15506 = SURFACE_SIDE_STYLE('',(#15507));
#15507 = SURFACE_STYLE_FILL_AREA(#15508);
#15508 = FILL_AREA_STYLE('',(#15509));
#15509 = FILL_AREA_STYLE_COLOUR('',#15261);
#15510 = STYLED_ITEM('color',(#15511),#3670);
#15511 = PRESENTATION_STYLE_ASSIGNMENT((#15512));
#15512 = SURFACE_STYLE_USAGE(.BOTH.,#15513);
#15513 = SURFACE_SIDE_STYLE('',(#15514));
#15514 = SURFACE_STYLE_FILL_AREA(#15515);
#15515 = FILL_AREA_STYLE('',(#15516));
#15516 = FILL_AREA_STYLE_COLOUR('',#15517);
#15517 = COLOUR_RGB('',0.379000005575,0.270000008848,0.214999999939);
#15518 = STYLED_ITEM('color',(#15519),#3702);
#15519 = PRESENTATION_STYLE_ASSIGNMENT((#15520));
#15520 = SURFACE_STYLE_USAGE(.BOTH.,#15521);
#15521 = SURFACE_SIDE_STYLE('',(#15522));
#15522 = SURFACE_STYLE_FILL_AREA(#15523);
#15523 = FILL_AREA_STYLE('',(#15524));
#15524 = FILL_AREA_STYLE_COLOUR('',#15517);
#15525 = STYLED_ITEM('color',(#15526),#3726);
#15526 = PRESENTATION_STYLE_ASSIGNMENT((#15527));
#15527 = SURFACE_STYLE_USAGE(.BOTH.,#15528);
#15528 = SURFACE_SIDE_STYLE('',(#15529));
#15529 = SURFACE_STYLE_FILL_AREA(#15530);
#15530 = FILL_AREA_STYLE('',(#15531));
#15531 = FILL_AREA_STYLE_COLOUR('',#15517);
#15532 = STYLED_ITEM('color',(#15533),#3751);
#15533 = PRESENTATION_STYLE_ASSIGNMENT((#15534));
#15534 = SURFACE_STYLE_USAGE(.BOTH.,#15535);
#15535 = SURFACE_SIDE_STYLE('',(#15536));
#15536 = SURFACE_STYLE_FILL_AREA(#15537);
#15537 = FILL_AREA_STYLE('',(#15538));
#15538 = FILL_AREA_STYLE_COLOUR('',#15517);
#15539 = STYLED_ITEM('color',(#15540),#3775);
#15540 = PRESENTATION_STYLE_ASSIGNMENT((#15541));
#15541 = SURFACE_STYLE_USAGE(.BOTH.,#15542);
#15542 = SURFACE_SIDE_STYLE('',(#15543));
#15543 = SURFACE_STYLE_FILL_AREA(#15544);
#15544 = FILL_AREA_STYLE('',(#15545));
#15545 = FILL_AREA_STYLE_COLOUR('',#15517);
#15546 = STYLED_ITEM('color',(#15547),#3800);
#15547 = PRESENTATION_STYLE_ASSIGNMENT((#15548));
#15548 = SURFACE_STYLE_USAGE(.BOTH.,#15549);
#15549 = SURFACE_SIDE_STYLE('',(#15550));
#15550 = SURFACE_STYLE_FILL_AREA(#15551);
#15551 = FILL_AREA_STYLE('',(#15552));
#15552 = FILL_AREA_STYLE_COLOUR('',#15517);
#15553 = STYLED_ITEM('color',(#15554),#3824);
#15554 = PRESENTATION_STYLE_ASSIGNMENT((#15555));
#15555 = SURFACE_STYLE_USAGE(.BOTH.,#15556);
#15556 = SURFACE_SIDE_STYLE('',(#15557));
#15557 = SURFACE_STYLE_FILL_AREA(#15558);
#15558 = FILL_AREA_STYLE('',(#15559));
#15559 = FILL_AREA_STYLE_COLOUR('',#15517);
#15560 = STYLED_ITEM('color',(#15561),#3849);
#15561 = PRESENTATION_STYLE_ASSIGNMENT((#15562));
#15562 = SURFACE_STYLE_USAGE(.BOTH.,#15563);
#15563 = SURFACE_SIDE_STYLE('',(#15564));
#15564 = SURFACE_STYLE_FILL_AREA(#15565);
#15565 = FILL_AREA_STYLE('',(#15566));
#15566 = FILL_AREA_STYLE_COLOUR('',#15517);
#15567 = STYLED_ITEM('color',(#15568),#3866);
#15568 = PRESENTATION_STYLE_ASSIGNMENT((#15569));
#15569 = SURFACE_STYLE_USAGE(.BOTH.,#15570);
#15570 = SURFACE_SIDE_STYLE('',(#15571));
#15571 = SURFACE_STYLE_FILL_AREA(#15572);
#15572 = FILL_AREA_STYLE('',(#15573));
#15573 = FILL_AREA_STYLE_COLOUR('',#15261);
#15574 = STYLED_ITEM('color',(#15575),#3952);
#15575 = PRESENTATION_STYLE_ASSIGNMENT((#15576));
#15576 = SURFACE_STYLE_USAGE(.BOTH.,#15577);
#15577 = SURFACE_SIDE_STYLE('',(#15578));
#15578 = SURFACE_STYLE_FILL_AREA(#15579);
#15579 = FILL_AREA_STYLE('',(#15580));
#15580 = FILL_AREA_STYLE_COLOUR('',#15261);
#15581 = STYLED_ITEM('color',(#15582),#3983);
#15582 = PRESENTATION_STYLE_ASSIGNMENT((#15583));
#15583 = SURFACE_STYLE_USAGE(.BOTH.,#15584);
#15584 = SURFACE_SIDE_STYLE('',(#15585));
#15585 = SURFACE_STYLE_FILL_AREA(#15586);
#15586 = FILL_AREA_STYLE('',(#15587));
#15587 = FILL_AREA_STYLE_COLOUR('',#15261);
#15588 = STYLED_ITEM('color',(#15589),#4008);
#15589 = PRESENTATION_STYLE_ASSIGNMENT((#15590));
#15590 = SURFACE_STYLE_USAGE(.BOTH.,#15591);
#15591 = SURFACE_SIDE_STYLE('',(#15592));
#15592 = SURFACE_STYLE_FILL_AREA(#15593);
#15593 = FILL_AREA_STYLE('',(#15594));
#15594 = FILL_AREA_STYLE_COLOUR('',#15261);
#15595 = STYLED_ITEM('color',(#15596),#4033);
#15596 = PRESENTATION_STYLE_ASSIGNMENT((#15597));
#15597 = SURFACE_STYLE_USAGE(.BOTH.,#15598);
#15598 = SURFACE_SIDE_STYLE('',(#15599));
#15599 = SURFACE_STYLE_FILL_AREA(#15600);
#15600 = FILL_AREA_STYLE('',(#15601));
#15601 = FILL_AREA_STYLE_COLOUR('',#15261);
#15602 = STYLED_ITEM('color',(#15603),#4057);
#15603 = PRESENTATION_STYLE_ASSIGNMENT((#15604));
#15604 = SURFACE_STYLE_USAGE(.BOTH.,#15605);
#15605 = SURFACE_SIDE_STYLE('',(#15606));
#15606 = SURFACE_STYLE_FILL_AREA(#15607);
#15607 = FILL_AREA_STYLE('',(#15608));
#15608 = FILL_AREA_STYLE_COLOUR('',#15261);
#15609 = STYLED_ITEM('color',(#15610),#4081);
#15610 = PRESENTATION_STYLE_ASSIGNMENT((#15611));
#15611 = SURFACE_STYLE_USAGE(.BOTH.,#15612);
#15612 = SURFACE_SIDE_STYLE('',(#15613));
#15613 = SURFACE_STYLE_FILL_AREA(#15614);
#15614 = FILL_AREA_STYLE('',(#15615));
#15615 = FILL_AREA_STYLE_COLOUR('',#15261);
#15616 = STYLED_ITEM('color',(#15617),#4106);
#15617 = PRESENTATION_STYLE_ASSIGNMENT((#15618));
#15618 = SURFACE_STYLE_USAGE(.BOTH.,#15619);
#15619 = SURFACE_SIDE_STYLE('',(#15620));
#15620 = SURFACE_STYLE_FILL_AREA(#15621);
#15621 = FILL_AREA_STYLE('',(#15622));
#15622 = FILL_AREA_STYLE_COLOUR('',#15261);
#15623 = STYLED_ITEM('color',(#15624),#4131);
#15624 = PRESENTATION_STYLE_ASSIGNMENT((#15625));
#15625 = SURFACE_STYLE_USAGE(.BOTH.,#15626);
#15626 = SURFACE_SIDE_STYLE('',(#15627));
#15627 = SURFACE_STYLE_FILL_AREA(#15628);
#15628 = FILL_AREA_STYLE('',(#15629));
#15629 = FILL_AREA_STYLE_COLOUR('',#15261);
#15630 = STYLED_ITEM('color',(#15631),#4148);
#15631 = PRESENTATION_STYLE_ASSIGNMENT((#15632));
#15632 = SURFACE_STYLE_USAGE(.BOTH.,#15633);
#15633 = SURFACE_SIDE_STYLE('',(#15634));
#15634 = SURFACE_STYLE_FILL_AREA(#15635);
#15635 = FILL_AREA_STYLE('',(#15636));
#15636 = FILL_AREA_STYLE_COLOUR('',#15261);
#15637 = MECHANICAL_DESIGN_GEOMETRIC_PRESENTATION_REPRESENTATION('',(
    #15638,#15645,#15652,#15659,#15666,#15673,#15680,#15687,#15694,
    #15701,#15708,#15715,#15722,#15729,#15736,#15743,#15750,#15757,
    #15764,#15771,#15778,#15785,#15792,#15799,#15806,#15813,#15820,
    #15827,#15834,#15841,#15848,#15855,#15862,#15869,#15876,#15883,
    #15890,#15897,#15904,#15911,#15918,#15925,#15932,#15939,#15946,
    #15953,#15960,#15967,#15974,#15981,#15988,#15995,#16002,#16009,
    #16016,#16023,#16030,#16037,#16044,#16051,#16058,#16065,#16072,
    #16079,#16086,#16093,#16100,#16107,#16114,#16121,#16128,#16135,
    #16142,#16149,#16156,#16163),#6388);
#15638 = STYLED_ITEM('color',(#15639),#4208);
#15639 = PRESENTATION_STYLE_ASSIGNMENT((#15640));
#15640 = SURFACE_STYLE_USAGE(.BOTH.,#15641);
#15641 = SURFACE_SIDE_STYLE('',(#15642));
#15642 = SURFACE_STYLE_FILL_AREA(#15643);
#15643 = FILL_AREA_STYLE('',(#15644));
#15644 = FILL_AREA_STYLE_COLOUR('',#13960);
#15645 = STYLED_ITEM('color',(#15646),#4280);
#15646 = PRESENTATION_STYLE_ASSIGNMENT((#15647));
#15647 = SURFACE_STYLE_USAGE(.BOTH.,#15648);
#15648 = SURFACE_SIDE_STYLE('',(#15649));
#15649 = SURFACE_STYLE_FILL_AREA(#15650);
#15650 = FILL_AREA_STYLE('',(#15651));
#15651 = FILL_AREA_STYLE_COLOUR('',#13960);
#15652 = STYLED_ITEM('color',(#15653),#4311);
#15653 = PRESENTATION_STYLE_ASSIGNMENT((#15654));
#15654 = SURFACE_STYLE_USAGE(.BOTH.,#15655);
#15655 = SURFACE_SIDE_STYLE('',(#15656));
#15656 = SURFACE_STYLE_FILL_AREA(#15657);
#15657 = FILL_AREA_STYLE('',(#15658));
#15658 = FILL_AREA_STYLE_COLOUR('',#13960);
#15659 = STYLED_ITEM('color',(#15660),#4335);
#15660 = PRESENTATION_STYLE_ASSIGNMENT((#15661));
#15661 = SURFACE_STYLE_USAGE(.BOTH.,#15662);
#15662 = SURFACE_SIDE_STYLE('',(#15663));
#15663 = SURFACE_STYLE_FILL_AREA(#15664);
#15664 = FILL_AREA_STYLE('',(#15665));
#15665 = FILL_AREA_STYLE_COLOUR('',#13960);
#15666 = STYLED_ITEM('color',(#15667),#4427);
#15667 = PRESENTATION_STYLE_ASSIGNMENT((#15668));
#15668 = SURFACE_STYLE_USAGE(.BOTH.,#15669);
#15669 = SURFACE_SIDE_STYLE('',(#15670));
#15670 = SURFACE_STYLE_FILL_AREA(#15671);
#15671 = FILL_AREA_STYLE('',(#15672));
#15672 = FILL_AREA_STYLE_COLOUR('',#13960);
#15673 = STYLED_ITEM('color',(#15674),#4681);
#15674 = PRESENTATION_STYLE_ASSIGNMENT((#15675));
#15675 = SURFACE_STYLE_USAGE(.BOTH.,#15676);
#15676 = SURFACE_SIDE_STYLE('',(#15677));
#15677 = SURFACE_STYLE_FILL_AREA(#15678);
#15678 = FILL_AREA_STYLE('',(#15679));
#15679 = FILL_AREA_STYLE_COLOUR('',#13960);
#15680 = STYLED_ITEM('color',(#15681),#4705);
#15681 = PRESENTATION_STYLE_ASSIGNMENT((#15682));
#15682 = SURFACE_STYLE_USAGE(.BOTH.,#15683);
#15683 = SURFACE_SIDE_STYLE('',(#15684));
#15684 = SURFACE_STYLE_FILL_AREA(#15685);
#15685 = FILL_AREA_STYLE('',(#15686));
#15686 = FILL_AREA_STYLE_COLOUR('',#13960);
#15687 = STYLED_ITEM('color',(#15688),#4729);
#15688 = PRESENTATION_STYLE_ASSIGNMENT((#15689));
#15689 = SURFACE_STYLE_USAGE(.BOTH.,#15690);
#15690 = SURFACE_SIDE_STYLE('',(#15691));
#15691 = SURFACE_STYLE_FILL_AREA(#15692);
#15692 = FILL_AREA_STYLE('',(#15693));
#15693 = FILL_AREA_STYLE_COLOUR('',#13960);
#15694 = STYLED_ITEM('color',(#15695),#4753);
#15695 = PRESENTATION_STYLE_ASSIGNMENT((#15696));
#15696 = SURFACE_STYLE_USAGE(.BOTH.,#15697);
#15697 = SURFACE_SIDE_STYLE('',(#15698));
#15698 = SURFACE_STYLE_FILL_AREA(#15699);
#15699 = FILL_AREA_STYLE('',(#15700));
#15700 = FILL_AREA_STYLE_COLOUR('',#13960);
#15701 = STYLED_ITEM('color',(#15702),#4770);
#15702 = PRESENTATION_STYLE_ASSIGNMENT((#15703));
#15703 = SURFACE_STYLE_USAGE(.BOTH.,#15704);
#15704 = SURFACE_SIDE_STYLE('',(#15705));
#15705 = SURFACE_STYLE_FILL_AREA(#15706);
#15706 = FILL_AREA_STYLE('',(#15707));
#15707 = FILL_AREA_STYLE_COLOUR('',#13960);
#15708 = STYLED_ITEM('color',(#15709),#4786);
#15709 = PRESENTATION_STYLE_ASSIGNMENT((#15710));
#15710 = SURFACE_STYLE_USAGE(.BOTH.,#15711);
#15711 = SURFACE_SIDE_STYLE('',(#15712));
#15712 = SURFACE_STYLE_FILL_AREA(#15713);
#15713 = FILL_AREA_STYLE('',(#15714));
#15714 = FILL_AREA_STYLE_COLOUR('',#14031);
#15715 = STYLED_ITEM('color',(#15716),#4817);
#15716 = PRESENTATION_STYLE_ASSIGNMENT((#15717));
#15717 = SURFACE_STYLE_USAGE(.BOTH.,#15718);
#15718 = SURFACE_SIDE_STYLE('',(#15719));
#15719 = SURFACE_STYLE_FILL_AREA(#15720);
#15720 = FILL_AREA_STYLE('',(#15721));
#15721 = FILL_AREA_STYLE_COLOUR('',#14031);
#15722 = STYLED_ITEM('color',(#15723),#4841);
#15723 = PRESENTATION_STYLE_ASSIGNMENT((#15724));
#15724 = SURFACE_STYLE_USAGE(.BOTH.,#15725);
#15725 = SURFACE_SIDE_STYLE('',(#15726));
#15726 = SURFACE_STYLE_FILL_AREA(#15727);
#15727 = FILL_AREA_STYLE('',(#15728));
#15728 = FILL_AREA_STYLE_COLOUR('',#14031);
#15729 = STYLED_ITEM('color',(#15730),#4865);
#15730 = PRESENTATION_STYLE_ASSIGNMENT((#15731));
#15731 = SURFACE_STYLE_USAGE(.BOTH.,#15732);
#15732 = SURFACE_SIDE_STYLE('',(#15733));
#15733 = SURFACE_STYLE_FILL_AREA(#15734);
#15734 = FILL_AREA_STYLE('',(#15735));
#15735 = FILL_AREA_STYLE_COLOUR('',#14031);
#15736 = STYLED_ITEM('color',(#15737),#4882);
#15737 = PRESENTATION_STYLE_ASSIGNMENT((#15738));
#15738 = SURFACE_STYLE_USAGE(.BOTH.,#15739);
#15739 = SURFACE_SIDE_STYLE('',(#15740));
#15740 = SURFACE_STYLE_FILL_AREA(#15741);
#15741 = FILL_AREA_STYLE('',(#15742));
#15742 = FILL_AREA_STYLE_COLOUR('',#14031);
#15743 = STYLED_ITEM('color',(#15744),#4913);
#15744 = PRESENTATION_STYLE_ASSIGNMENT((#15745));
#15745 = SURFACE_STYLE_USAGE(.BOTH.,#15746);
#15746 = SURFACE_SIDE_STYLE('',(#15747));
#15747 = SURFACE_STYLE_FILL_AREA(#15748);
#15748 = FILL_AREA_STYLE('',(#15749));
#15749 = FILL_AREA_STYLE_COLOUR('',#14031);
#15750 = STYLED_ITEM('color',(#15751),#4937);
#15751 = PRESENTATION_STYLE_ASSIGNMENT((#15752));
#15752 = SURFACE_STYLE_USAGE(.BOTH.,#15753);
#15753 = SURFACE_SIDE_STYLE('',(#15754));
#15754 = SURFACE_STYLE_FILL_AREA(#15755);
#15755 = FILL_AREA_STYLE('',(#15756));
#15756 = FILL_AREA_STYLE_COLOUR('',#14031);
#15757 = STYLED_ITEM('color',(#15758),#4961);
#15758 = PRESENTATION_STYLE_ASSIGNMENT((#15759));
#15759 = SURFACE_STYLE_USAGE(.BOTH.,#15760);
#15760 = SURFACE_SIDE_STYLE('',(#15761));
#15761 = SURFACE_STYLE_FILL_AREA(#15762);
#15762 = FILL_AREA_STYLE('',(#15763));
#15763 = FILL_AREA_STYLE_COLOUR('',#14031);
#15764 = STYLED_ITEM('color',(#15765),#4978);
#15765 = PRESENTATION_STYLE_ASSIGNMENT((#15766));
#15766 = SURFACE_STYLE_USAGE(.BOTH.,#15767);
#15767 = SURFACE_SIDE_STYLE('',(#15768));
#15768 = SURFACE_STYLE_FILL_AREA(#15769);
#15769 = FILL_AREA_STYLE('',(#15770));
#15770 = FILL_AREA_STYLE_COLOUR('',#13960);
#15771 = STYLED_ITEM('color',(#15772),#5009);
#15772 = PRESENTATION_STYLE_ASSIGNMENT((#15773));
#15773 = SURFACE_STYLE_USAGE(.BOTH.,#15774);
#15774 = SURFACE_SIDE_STYLE('',(#15775));
#15775 = SURFACE_STYLE_FILL_AREA(#15776);
#15776 = FILL_AREA_STYLE('',(#15777));
#15777 = FILL_AREA_STYLE_COLOUR('',#13960);
#15778 = STYLED_ITEM('color',(#15779),#5033);
#15779 = PRESENTATION_STYLE_ASSIGNMENT((#15780));
#15780 = SURFACE_STYLE_USAGE(.BOTH.,#15781);
#15781 = SURFACE_SIDE_STYLE('',(#15782));
#15782 = SURFACE_STYLE_FILL_AREA(#15783);
#15783 = FILL_AREA_STYLE('',(#15784));
#15784 = FILL_AREA_STYLE_COLOUR('',#13960);
#15785 = STYLED_ITEM('color',(#15786),#5057);
#15786 = PRESENTATION_STYLE_ASSIGNMENT((#15787));
#15787 = SURFACE_STYLE_USAGE(.BOTH.,#15788);
#15788 = SURFACE_SIDE_STYLE('',(#15789));
#15789 = SURFACE_STYLE_FILL_AREA(#15790);
#15790 = FILL_AREA_STYLE('',(#15791));
#15791 = FILL_AREA_STYLE_COLOUR('',#13960);
#15792 = STYLED_ITEM('color',(#15793),#5081);
#15793 = PRESENTATION_STYLE_ASSIGNMENT((#15794));
#15794 = SURFACE_STYLE_USAGE(.BOTH.,#15795);
#15795 = SURFACE_SIDE_STYLE('',(#15796));
#15796 = SURFACE_STYLE_FILL_AREA(#15797);
#15797 = FILL_AREA_STYLE('',(#15798));
#15798 = FILL_AREA_STYLE_COLOUR('',#13960);
#15799 = STYLED_ITEM('color',(#15800),#5105);
#15800 = PRESENTATION_STYLE_ASSIGNMENT((#15801));
#15801 = SURFACE_STYLE_USAGE(.BOTH.,#15802);
#15802 = SURFACE_SIDE_STYLE('',(#15803));
#15803 = SURFACE_STYLE_FILL_AREA(#15804);
#15804 = FILL_AREA_STYLE('',(#15805));
#15805 = FILL_AREA_STYLE_COLOUR('',#13960);
#15806 = STYLED_ITEM('color',(#15807),#5129);
#15807 = PRESENTATION_STYLE_ASSIGNMENT((#15808));
#15808 = SURFACE_STYLE_USAGE(.BOTH.,#15809);
#15809 = SURFACE_SIDE_STYLE('',(#15810));
#15810 = SURFACE_STYLE_FILL_AREA(#15811);
#15811 = FILL_AREA_STYLE('',(#15812));
#15812 = FILL_AREA_STYLE_COLOUR('',#13960);
#15813 = STYLED_ITEM('color',(#15814),#5153);
#15814 = PRESENTATION_STYLE_ASSIGNMENT((#15815));
#15815 = SURFACE_STYLE_USAGE(.BOTH.,#15816);
#15816 = SURFACE_SIDE_STYLE('',(#15817));
#15817 = SURFACE_STYLE_FILL_AREA(#15818);
#15818 = FILL_AREA_STYLE('',(#15819));
#15819 = FILL_AREA_STYLE_COLOUR('',#13960);
#15820 = STYLED_ITEM('color',(#15821),#5177);
#15821 = PRESENTATION_STYLE_ASSIGNMENT((#15822));
#15822 = SURFACE_STYLE_USAGE(.BOTH.,#15823);
#15823 = SURFACE_SIDE_STYLE('',(#15824));
#15824 = SURFACE_STYLE_FILL_AREA(#15825);
#15825 = FILL_AREA_STYLE('',(#15826));
#15826 = FILL_AREA_STYLE_COLOUR('',#13960);
#15827 = STYLED_ITEM('color',(#15828),#5202);
#15828 = PRESENTATION_STYLE_ASSIGNMENT((#15829));
#15829 = SURFACE_STYLE_USAGE(.BOTH.,#15830);
#15830 = SURFACE_SIDE_STYLE('',(#15831));
#15831 = SURFACE_STYLE_FILL_AREA(#15832);
#15832 = FILL_AREA_STYLE('',(#15833));
#15833 = FILL_AREA_STYLE_COLOUR('',#13960);
#15834 = STYLED_ITEM('color',(#15835),#5226);
#15835 = PRESENTATION_STYLE_ASSIGNMENT((#15836));
#15836 = SURFACE_STYLE_USAGE(.BOTH.,#15837);
#15837 = SURFACE_SIDE_STYLE('',(#15838));
#15838 = SURFACE_STYLE_FILL_AREA(#15839);
#15839 = FILL_AREA_STYLE('',(#15840));
#15840 = FILL_AREA_STYLE_COLOUR('',#13960);
#15841 = STYLED_ITEM('color',(#15842),#5250);
#15842 = PRESENTATION_STYLE_ASSIGNMENT((#15843));
#15843 = SURFACE_STYLE_USAGE(.BOTH.,#15844);
#15844 = SURFACE_SIDE_STYLE('',(#15845));
#15845 = SURFACE_STYLE_FILL_AREA(#15846);
#15846 = FILL_AREA_STYLE('',(#15847));
#15847 = FILL_AREA_STYLE_COLOUR('',#13960);
#15848 = STYLED_ITEM('color',(#15849),#5274);
#15849 = PRESENTATION_STYLE_ASSIGNMENT((#15850));
#15850 = SURFACE_STYLE_USAGE(.BOTH.,#15851);
#15851 = SURFACE_SIDE_STYLE('',(#15852));
#15852 = SURFACE_STYLE_FILL_AREA(#15853);
#15853 = FILL_AREA_STYLE('',(#15854));
#15854 = FILL_AREA_STYLE_COLOUR('',#13960);
#15855 = STYLED_ITEM('color',(#15856),#5298);
#15856 = PRESENTATION_STYLE_ASSIGNMENT((#15857));
#15857 = SURFACE_STYLE_USAGE(.BOTH.,#15858);
#15858 = SURFACE_SIDE_STYLE('',(#15859));
#15859 = SURFACE_STYLE_FILL_AREA(#15860);
#15860 = FILL_AREA_STYLE('',(#15861));
#15861 = FILL_AREA_STYLE_COLOUR('',#13960);
#15862 = STYLED_ITEM('color',(#15863),#5315);
#15863 = PRESENTATION_STYLE_ASSIGNMENT((#15864));
#15864 = SURFACE_STYLE_USAGE(.BOTH.,#15865);
#15865 = SURFACE_SIDE_STYLE('',(#15866));
#15866 = SURFACE_STYLE_FILL_AREA(#15867);
#15867 = FILL_AREA_STYLE('',(#15868));
#15868 = FILL_AREA_STYLE_COLOUR('',#13960);
#15869 = STYLED_ITEM('color',(#15870),#5346);
#15870 = PRESENTATION_STYLE_ASSIGNMENT((#15871));
#15871 = SURFACE_STYLE_USAGE(.BOTH.,#15872);
#15872 = SURFACE_SIDE_STYLE('',(#15873));
#15873 = SURFACE_STYLE_FILL_AREA(#15874);
#15874 = FILL_AREA_STYLE('',(#15875));
#15875 = FILL_AREA_STYLE_COLOUR('',#13960);
#15876 = STYLED_ITEM('color',(#15877),#5370);
#15877 = PRESENTATION_STYLE_ASSIGNMENT((#15878));
#15878 = SURFACE_STYLE_USAGE(.BOTH.,#15879);
#15879 = SURFACE_SIDE_STYLE('',(#15880));
#15880 = SURFACE_STYLE_FILL_AREA(#15881);
#15881 = FILL_AREA_STYLE('',(#15882));
#15882 = FILL_AREA_STYLE_COLOUR('',#13960);
#15883 = STYLED_ITEM('color',(#15884),#5394);
#15884 = PRESENTATION_STYLE_ASSIGNMENT((#15885));
#15885 = SURFACE_STYLE_USAGE(.BOTH.,#15886);
#15886 = SURFACE_SIDE_STYLE('',(#15887));
#15887 = SURFACE_STYLE_FILL_AREA(#15888);
#15888 = FILL_AREA_STYLE('',(#15889));
#15889 = FILL_AREA_STYLE_COLOUR('',#13960);
#15890 = STYLED_ITEM('color',(#15891),#5418);
#15891 = PRESENTATION_STYLE_ASSIGNMENT((#15892));
#15892 = SURFACE_STYLE_USAGE(.BOTH.,#15893);
#15893 = SURFACE_SIDE_STYLE('',(#15894));
#15894 = SURFACE_STYLE_FILL_AREA(#15895);
#15895 = FILL_AREA_STYLE('',(#15896));
#15896 = FILL_AREA_STYLE_COLOUR('',#13960);
#15897 = STYLED_ITEM('color',(#15898),#5442);
#15898 = PRESENTATION_STYLE_ASSIGNMENT((#15899));
#15899 = SURFACE_STYLE_USAGE(.BOTH.,#15900);
#15900 = SURFACE_SIDE_STYLE('',(#15901));
#15901 = SURFACE_STYLE_FILL_AREA(#15902);
#15902 = FILL_AREA_STYLE('',(#15903));
#15903 = FILL_AREA_STYLE_COLOUR('',#13960);
#15904 = STYLED_ITEM('color',(#15905),#5466);
#15905 = PRESENTATION_STYLE_ASSIGNMENT((#15906));
#15906 = SURFACE_STYLE_USAGE(.BOTH.,#15907);
#15907 = SURFACE_SIDE_STYLE('',(#15908));
#15908 = SURFACE_STYLE_FILL_AREA(#15909);
#15909 = FILL_AREA_STYLE('',(#15910));
#15910 = FILL_AREA_STYLE_COLOUR('',#13960);
#15911 = STYLED_ITEM('color',(#15912),#5490);
#15912 = PRESENTATION_STYLE_ASSIGNMENT((#15913));
#15913 = SURFACE_STYLE_USAGE(.BOTH.,#15914);
#15914 = SURFACE_SIDE_STYLE('',(#15915));
#15915 = SURFACE_STYLE_FILL_AREA(#15916);
#15916 = FILL_AREA_STYLE('',(#15917));
#15917 = FILL_AREA_STYLE_COLOUR('',#13960);
#15918 = STYLED_ITEM('color',(#15919),#5514);
#15919 = PRESENTATION_STYLE_ASSIGNMENT((#15920));
#15920 = SURFACE_STYLE_USAGE(.BOTH.,#15921);
#15921 = SURFACE_SIDE_STYLE('',(#15922));
#15922 = SURFACE_STYLE_FILL_AREA(#15923);
#15923 = FILL_AREA_STYLE('',(#15924));
#15924 = FILL_AREA_STYLE_COLOUR('',#13960);
#15925 = STYLED_ITEM('color',(#15926),#5538);
#15926 = PRESENTATION_STYLE_ASSIGNMENT((#15927));
#15927 = SURFACE_STYLE_USAGE(.BOTH.,#15928);
#15928 = SURFACE_SIDE_STYLE('',(#15929));
#15929 = SURFACE_STYLE_FILL_AREA(#15930);
#15930 = FILL_AREA_STYLE('',(#15931));
#15931 = FILL_AREA_STYLE_COLOUR('',#13960);
#15932 = STYLED_ITEM('color',(#15933),#5562);
#15933 = PRESENTATION_STYLE_ASSIGNMENT((#15934));
#15934 = SURFACE_STYLE_USAGE(.BOTH.,#15935);
#15935 = SURFACE_SIDE_STYLE('',(#15936));
#15936 = SURFACE_STYLE_FILL_AREA(#15937);
#15937 = FILL_AREA_STYLE('',(#15938));
#15938 = FILL_AREA_STYLE_COLOUR('',#13960);
#15939 = STYLED_ITEM('color',(#15940),#5586);
#15940 = PRESENTATION_STYLE_ASSIGNMENT((#15941));
#15941 = SURFACE_STYLE_USAGE(.BOTH.,#15942);
#15942 = SURFACE_SIDE_STYLE('',(#15943));
#15943 = SURFACE_STYLE_FILL_AREA(#15944);
#15944 = FILL_AREA_STYLE('',(#15945));
#15945 = FILL_AREA_STYLE_COLOUR('',#13960);
#15946 = STYLED_ITEM('color',(#15947),#5611);
#15947 = PRESENTATION_STYLE_ASSIGNMENT((#15948));
#15948 = SURFACE_STYLE_USAGE(.BOTH.,#15949);
#15949 = SURFACE_SIDE_STYLE('',(#15950));
#15950 = SURFACE_STYLE_FILL_AREA(#15951);
#15951 = FILL_AREA_STYLE('',(#15952));
#15952 = FILL_AREA_STYLE_COLOUR('',#13960);
#15953 = STYLED_ITEM('color',(#15954),#5635);
#15954 = PRESENTATION_STYLE_ASSIGNMENT((#15955));
#15955 = SURFACE_STYLE_USAGE(.BOTH.,#15956);
#15956 = SURFACE_SIDE_STYLE('',(#15957));
#15957 = SURFACE_STYLE_FILL_AREA(#15958);
#15958 = FILL_AREA_STYLE('',(#15959));
#15959 = FILL_AREA_STYLE_COLOUR('',#13960);
#15960 = STYLED_ITEM('color',(#15961),#5652);
#15961 = PRESENTATION_STYLE_ASSIGNMENT((#15962));
#15962 = SURFACE_STYLE_USAGE(.BOTH.,#15963);
#15963 = SURFACE_SIDE_STYLE('',(#15964));
#15964 = SURFACE_STYLE_FILL_AREA(#15965);
#15965 = FILL_AREA_STYLE('',(#15966));
#15966 = FILL_AREA_STYLE_COLOUR('',#14031);
#15967 = STYLED_ITEM('color',(#15968),#5683);
#15968 = PRESENTATION_STYLE_ASSIGNMENT((#15969));
#15969 = SURFACE_STYLE_USAGE(.BOTH.,#15970);
#15970 = SURFACE_SIDE_STYLE('',(#15971));
#15971 = SURFACE_STYLE_FILL_AREA(#15972);
#15972 = FILL_AREA_STYLE('',(#15973));
#15973 = FILL_AREA_STYLE_COLOUR('',#14031);
#15974 = STYLED_ITEM('color',(#15975),#5707);
#15975 = PRESENTATION_STYLE_ASSIGNMENT((#15976));
#15976 = SURFACE_STYLE_USAGE(.BOTH.,#15977);
#15977 = SURFACE_SIDE_STYLE('',(#15978));
#15978 = SURFACE_STYLE_FILL_AREA(#15979);
#15979 = FILL_AREA_STYLE('',(#15980));
#15980 = FILL_AREA_STYLE_COLOUR('',#14031);
#15981 = STYLED_ITEM('color',(#15982),#5731);
#15982 = PRESENTATION_STYLE_ASSIGNMENT((#15983));
#15983 = SURFACE_STYLE_USAGE(.BOTH.,#15984);
#15984 = SURFACE_SIDE_STYLE('',(#15985));
#15985 = SURFACE_STYLE_FILL_AREA(#15986);
#15986 = FILL_AREA_STYLE('',(#15987));
#15987 = FILL_AREA_STYLE_COLOUR('',#14031);
#15988 = STYLED_ITEM('color',(#15989),#5748);
#15989 = PRESENTATION_STYLE_ASSIGNMENT((#15990));
#15990 = SURFACE_STYLE_USAGE(.BOTH.,#15991);
#15991 = SURFACE_SIDE_STYLE('',(#15992));
#15992 = SURFACE_STYLE_FILL_AREA(#15993);
#15993 = FILL_AREA_STYLE('',(#15994));
#15994 = FILL_AREA_STYLE_COLOUR('',#14031);
#15995 = STYLED_ITEM('color',(#15996),#5779);
#15996 = PRESENTATION_STYLE_ASSIGNMENT((#15997));
#15997 = SURFACE_STYLE_USAGE(.BOTH.,#15998);
#15998 = SURFACE_SIDE_STYLE('',(#15999));
#15999 = SURFACE_STYLE_FILL_AREA(#16000);
#16000 = FILL_AREA_STYLE('',(#16001));
#16001 = FILL_AREA_STYLE_COLOUR('',#14031);
#16002 = STYLED_ITEM('color',(#16003),#5803);
#16003 = PRESENTATION_STYLE_ASSIGNMENT((#16004));
#16004 = SURFACE_STYLE_USAGE(.BOTH.,#16005);
#16005 = SURFACE_SIDE_STYLE('',(#16006));
#16006 = SURFACE_STYLE_FILL_AREA(#16007);
#16007 = FILL_AREA_STYLE('',(#16008));
#16008 = FILL_AREA_STYLE_COLOUR('',#14031);
#16009 = STYLED_ITEM('color',(#16010),#5827);
#16010 = PRESENTATION_STYLE_ASSIGNMENT((#16011));
#16011 = SURFACE_STYLE_USAGE(.BOTH.,#16012);
#16012 = SURFACE_SIDE_STYLE('',(#16013));
#16013 = SURFACE_STYLE_FILL_AREA(#16014);
#16014 = FILL_AREA_STYLE('',(#16015));
#16015 = FILL_AREA_STYLE_COLOUR('',#14031);
#16016 = STYLED_ITEM('color',(#16017),#5844);
#16017 = PRESENTATION_STYLE_ASSIGNMENT((#16018));
#16018 = SURFACE_STYLE_USAGE(.BOTH.,#16019);
#16019 = SURFACE_SIDE_STYLE('',(#16020));
#16020 = SURFACE_STYLE_FILL_AREA(#16021);
#16021 = FILL_AREA_STYLE('',(#16022));
#16022 = FILL_AREA_STYLE_COLOUR('',#13960);
#16023 = STYLED_ITEM('color',(#16024),#5900);
#16024 = PRESENTATION_STYLE_ASSIGNMENT((#16025));
#16025 = SURFACE_STYLE_USAGE(.BOTH.,#16026);
#16026 = SURFACE_SIDE_STYLE('',(#16027));
#16027 = SURFACE_STYLE_FILL_AREA(#16028);
#16028 = FILL_AREA_STYLE('',(#16029));
#16029 = FILL_AREA_STYLE_COLOUR('',#13960);
#16030 = STYLED_ITEM('color',(#16031),#5956);
#16031 = PRESENTATION_STYLE_ASSIGNMENT((#16032));
#16032 = SURFACE_STYLE_USAGE(.BOTH.,#16033);
#16033 = SURFACE_SIDE_STYLE('',(#16034));
#16034 = SURFACE_STYLE_FILL_AREA(#16035);
#16035 = FILL_AREA_STYLE('',(#16036));
#16036 = FILL_AREA_STYLE_COLOUR('',#14031);
#16037 = STYLED_ITEM('color',(#16038),#5968);
#16038 = PRESENTATION_STYLE_ASSIGNMENT((#16039));
#16039 = SURFACE_STYLE_USAGE(.BOTH.,#16040);
#16040 = SURFACE_SIDE_STYLE('',(#16041));
#16041 = SURFACE_STYLE_FILL_AREA(#16042);
#16042 = FILL_AREA_STYLE('',(#16043));
#16043 = FILL_AREA_STYLE_COLOUR('',#14031);
#16044 = STYLED_ITEM('color',(#16045),#5980);
#16045 = PRESENTATION_STYLE_ASSIGNMENT((#16046));
#16046 = SURFACE_STYLE_USAGE(.BOTH.,#16047);
#16047 = SURFACE_SIDE_STYLE('',(#16048));
#16048 = SURFACE_STYLE_FILL_AREA(#16049);
#16049 = FILL_AREA_STYLE('',(#16050));
#16050 = FILL_AREA_STYLE_COLOUR('',#14031);
#16051 = STYLED_ITEM('color',(#16052),#6011);
#16052 = PRESENTATION_STYLE_ASSIGNMENT((#16053));
#16053 = SURFACE_STYLE_USAGE(.BOTH.,#16054);
#16054 = SURFACE_SIDE_STYLE('',(#16055));
#16055 = SURFACE_STYLE_FILL_AREA(#16056);
#16056 = FILL_AREA_STYLE('',(#16057));
#16057 = FILL_AREA_STYLE_COLOUR('',#14031);
#16058 = STYLED_ITEM('color',(#16059),#6035);
#16059 = PRESENTATION_STYLE_ASSIGNMENT((#16060));
#16060 = SURFACE_STYLE_USAGE(.BOTH.,#16061);
#16061 = SURFACE_SIDE_STYLE('',(#16062));
#16062 = SURFACE_STYLE_FILL_AREA(#16063);
#16063 = FILL_AREA_STYLE('',(#16064));
#16064 = FILL_AREA_STYLE_COLOUR('',#14031);
#16065 = STYLED_ITEM('color',(#16066),#6059);
#16066 = PRESENTATION_STYLE_ASSIGNMENT((#16067));
#16067 = SURFACE_STYLE_USAGE(.BOTH.,#16068);
#16068 = SURFACE_SIDE_STYLE('',(#16069));
#16069 = SURFACE_STYLE_FILL_AREA(#16070);
#16070 = FILL_AREA_STYLE('',(#16071));
#16071 = FILL_AREA_STYLE_COLOUR('',#14031);
#16072 = STYLED_ITEM('color',(#16073),#6076);
#16073 = PRESENTATION_STYLE_ASSIGNMENT((#16074));
#16074 = SURFACE_STYLE_USAGE(.BOTH.,#16075);
#16075 = SURFACE_SIDE_STYLE('',(#16076));
#16076 = SURFACE_STYLE_FILL_AREA(#16077);
#16077 = FILL_AREA_STYLE('',(#16078));
#16078 = FILL_AREA_STYLE_COLOUR('',#14031);
#16079 = STYLED_ITEM('color',(#16080),#6107);
#16080 = PRESENTATION_STYLE_ASSIGNMENT((#16081));
#16081 = SURFACE_STYLE_USAGE(.BOTH.,#16082);
#16082 = SURFACE_SIDE_STYLE('',(#16083));
#16083 = SURFACE_STYLE_FILL_AREA(#16084);
#16084 = FILL_AREA_STYLE('',(#16085));
#16085 = FILL_AREA_STYLE_COLOUR('',#14031);
#16086 = STYLED_ITEM('color',(#16087),#6131);
#16087 = PRESENTATION_STYLE_ASSIGNMENT((#16088));
#16088 = SURFACE_STYLE_USAGE(.BOTH.,#16089);
#16089 = SURFACE_SIDE_STYLE('',(#16090));
#16090 = SURFACE_STYLE_FILL_AREA(#16091);
#16091 = FILL_AREA_STYLE('',(#16092));
#16092 = FILL_AREA_STYLE_COLOUR('',#14031);
#16093 = STYLED_ITEM('color',(#16094),#6155);
#16094 = PRESENTATION_STYLE_ASSIGNMENT((#16095));
#16095 = SURFACE_STYLE_USAGE(.BOTH.,#16096);
#16096 = SURFACE_SIDE_STYLE('',(#16097));
#16097 = SURFACE_STYLE_FILL_AREA(#16098);
#16098 = FILL_AREA_STYLE('',(#16099));
#16099 = FILL_AREA_STYLE_COLOUR('',#14031);
#16100 = STYLED_ITEM('color',(#16101),#6172);
#16101 = PRESENTATION_STYLE_ASSIGNMENT((#16102));
#16102 = SURFACE_STYLE_USAGE(.BOTH.,#16103);
#16103 = SURFACE_SIDE_STYLE('',(#16104));
#16104 = SURFACE_STYLE_FILL_AREA(#16105);
#16105 = FILL_AREA_STYLE('',(#16106));
#16106 = FILL_AREA_STYLE_COLOUR('',#14031);
#16107 = STYLED_ITEM('color',(#16108),#6203);
#16108 = PRESENTATION_STYLE_ASSIGNMENT((#16109));
#16109 = SURFACE_STYLE_USAGE(.BOTH.,#16110);
#16110 = SURFACE_SIDE_STYLE('',(#16111));
#16111 = SURFACE_STYLE_FILL_AREA(#16112);
#16112 = FILL_AREA_STYLE('',(#16113));
#16113 = FILL_AREA_STYLE_COLOUR('',#14031);
#16114 = STYLED_ITEM('color',(#16115),#6227);
#16115 = PRESENTATION_STYLE_ASSIGNMENT((#16116));
#16116 = SURFACE_STYLE_USAGE(.BOTH.,#16117);
#16117 = SURFACE_SIDE_STYLE('',(#16118));
#16118 = SURFACE_STYLE_FILL_AREA(#16119);
#16119 = FILL_AREA_STYLE('',(#16120));
#16120 = FILL_AREA_STYLE_COLOUR('',#14031);
#16121 = STYLED_ITEM('color',(#16122),#6251);
#16122 = PRESENTATION_STYLE_ASSIGNMENT((#16123));
#16123 = SURFACE_STYLE_USAGE(.BOTH.,#16124);
#16124 = SURFACE_SIDE_STYLE('',(#16125));
#16125 = SURFACE_STYLE_FILL_AREA(#16126);
#16126 = FILL_AREA_STYLE('',(#16127));
#16127 = FILL_AREA_STYLE_COLOUR('',#14031);
#16128 = STYLED_ITEM('color',(#16129),#6268);
#16129 = PRESENTATION_STYLE_ASSIGNMENT((#16130));
#16130 = SURFACE_STYLE_USAGE(.BOTH.,#16131);
#16131 = SURFACE_SIDE_STYLE('',(#16132));
#16132 = SURFACE_STYLE_FILL_AREA(#16133);
#16133 = FILL_AREA_STYLE('',(#16134));
#16134 = FILL_AREA_STYLE_COLOUR('',#14031);
#16135 = STYLED_ITEM('color',(#16136),#6299);
#16136 = PRESENTATION_STYLE_ASSIGNMENT((#16137));
#16137 = SURFACE_STYLE_USAGE(.BOTH.,#16138);
#16138 = SURFACE_SIDE_STYLE('',(#16139));
#16139 = SURFACE_STYLE_FILL_AREA(#16140);
#16140 = FILL_AREA_STYLE('',(#16141));
#16141 = FILL_AREA_STYLE_COLOUR('',#14031);
#16142 = STYLED_ITEM('color',(#16143),#6323);
#16143 = PRESENTATION_STYLE_ASSIGNMENT((#16144));
#16144 = SURFACE_STYLE_USAGE(.BOTH.,#16145);
#16145 = SURFACE_SIDE_STYLE('',(#16146));
#16146 = SURFACE_STYLE_FILL_AREA(#16147);
#16147 = FILL_AREA_STYLE('',(#16148));
#16148 = FILL_AREA_STYLE_COLOUR('',#14031);
#16149 = STYLED_ITEM('color',(#16150),#6347);
#16150 = PRESENTATION_STYLE_ASSIGNMENT((#16151));
#16151 = SURFACE_STYLE_USAGE(.BOTH.,#16152);
#16152 = SURFACE_SIDE_STYLE('',(#16153));
#16153 = SURFACE_STYLE_FILL_AREA(#16154);
#16154 = FILL_AREA_STYLE('',(#16155));
#16155 = FILL_AREA_STYLE_COLOUR('',#14031);
#16156 = STYLED_ITEM('color',(#16157),#6364);
#16157 = PRESENTATION_STYLE_ASSIGNMENT((#16158));
#16158 = SURFACE_STYLE_USAGE(.BOTH.,#16159);
#16159 = SURFACE_SIDE_STYLE('',(#16160));
#16160 = SURFACE_STYLE_FILL_AREA(#16161);
#16161 = FILL_AREA_STYLE('',(#16162));
#16162 = FILL_AREA_STYLE_COLOUR('',#14031);
#16163 = STYLED_ITEM('color',(#16164),#6376);
#16164 = PRESENTATION_STYLE_ASSIGNMENT((#16165));
#16165 = SURFACE_STYLE_USAGE(.BOTH.,#16166);
#16166 = SURFACE_SIDE_STYLE('',(#16167));
#16167 = SURFACE_STYLE_FILL_AREA(#16168);
#16168 = FILL_AREA_STYLE('',(#16169));
#16169 = FILL_AREA_STYLE_COLOUR('',#14031);
#16170 = MECHANICAL_DESIGN_GEOMETRIC_PRESENTATION_REPRESENTATION('',(
    #16171),#13941);
#16171 = STYLED_ITEM('color',(#16172),#9462);
#16172 = PRESENTATION_STYLE_ASSIGNMENT((#16173));
#16173 = SURFACE_STYLE_USAGE(.BOTH.,#16174);
#16174 = SURFACE_SIDE_STYLE('',(#16175));
#16175 = SURFACE_STYLE_FILL_AREA(#16176);
#16176 = FILL_AREA_STYLE('',(#16177));
#16177 = FILL_AREA_STYLE_COLOUR('',#16178);
#16178 = COLOUR_RGB('',0.313304153717,0.484529207832,0.410020903123);
ENDSEC;
END-ISO-10303-21;
